accession,organism,region_id,start,end,length,kind
NC_009665.1,Shewanella baltica OS185 (5229686 bp),negative_1_1,245905,259554,13650,backbone
NC_009665.1,Shewanella baltica OS185 (5229686 bp),negative_1_2,455187,467238,12052,backbone
NC_009665.1,Shewanella baltica OS185 (5229686 bp),negative_1_3,1745007,1755025,10019,backbone
NC_009665.1,Shewanella baltica OS185 (5229686 bp),negative_1_4,1798225,1813323,15099,backbone
NC_009665.1,Shewanella baltica OS185 (5229686 bp),negative_1_5,1925575,1934987,9413,backbone
NC_009665.1,Shewanella baltica OS185 (5229686 bp),negative_1_6,2990872,3001784,10913,backbone
NC_009665.1,Shewanella baltica OS185 (5229686 bp),negative_1_7,5213182,5222929,9748,backbone
NC_007606.1,Shigella dysenteriae Sd197 (4369232 bp),negative_2_1,86389,96115,9727,backbone
NC_007606.1,Shigella dysenteriae Sd197 (4369232 bp),negative_2_2,109768,131794,22027,backbone
NC_007606.1,Shigella dysenteriae Sd197 (4369232 bp),negative_2_3,140708,149732,9025,backbone
NC_007606.1,Shigella dysenteriae Sd197 (4369232 bp),negative_2_4,185628,209848,24221,backbone
NC_007606.1,Shigella dysenteriae Sd197 (4369232 bp),negative_2_5,284319,293622,9304,backbone
NC_007606.1,Shigella dysenteriae Sd197 (4369232 bp),negative_2_6,443427,452038,8612,backbone
NC_007606.1,Shigella dysenteriae Sd197 (4369232 bp),negative_2_7,561214,581478,20265,backbone
NC_007606.1,Shigella dysenteriae Sd197 (4369232 bp),negative_2_8,620922,632325,11404,backbone
NC_007606.1,Shigella dysenteriae Sd197 (4369232 bp),negative_2_9,644057,653258,9202,backbone
NC_007606.1,Shigella dysenteriae Sd197 (4369232 bp),negative_2_10,841483,850982,9500,backbone
NC_007606.1,Shigella dysenteriae Sd197 (4369232 bp),negative_2_11,1237353,1245604,8252,backbone
NC_007606.1,Shigella dysenteriae Sd197 (4369232 bp),negative_2_12,1685255,1694485,9231,backbone
NC_007606.1,Shigella dysenteriae Sd197 (4369232 bp),negative_2_13,1859881,1873287,13407,backbone
NC_007606.1,Shigella dysenteriae Sd197 (4369232 bp),negative_2_14,2122395,2142183,19789,backbone
NC_007606.1,Shigella dysenteriae Sd197 (4369232 bp),negative_2_15,2166906,2175933,9028,backbone
NC_007606.1,Shigella dysenteriae Sd197 (4369232 bp),negative_2_16,2269734,2296997,27264,backbone
NC_007606.1,Shigella dysenteriae Sd197 (4369232 bp),negative_2_17,2309209,2319883,10675,backbone
NC_007606.1,Shigella dysenteriae Sd197 (4369232 bp),negative_2_18,2320477,2329324,8848,backbone
NC_007606.1,Shigella dysenteriae Sd197 (4369232 bp),negative_2_19,2517890,2527703,9814,backbone
NC_007606.1,Shigella dysenteriae Sd197 (4369232 bp),negative_2_20,2808289,2816803,8515,backbone
NC_007606.1,Shigella dysenteriae Sd197 (4369232 bp),negative_2_21,2896274,2906057,9784,backbone
NC_007606.1,Shigella dysenteriae Sd197 (4369232 bp),negative_2_22,2951080,2959716,8637,backbone
NC_007606.1,Shigella dysenteriae Sd197 (4369232 bp),negative_2_23,3090207,3109061,18855,backbone
NC_007606.1,Shigella dysenteriae Sd197 (4369232 bp),negative_2_24,3121840,3132583,10744,backbone
NC_007606.1,Shigella dysenteriae Sd197 (4369232 bp),negative_2_25,3220464,3235795,15332,backbone
NC_007606.1,Shigella dysenteriae Sd197 (4369232 bp),negative_2_26,3250270,3260790,10521,backbone
NC_007606.1,Shigella dysenteriae Sd197 (4369232 bp),negative_2_27,3409508,3427341,17834,backbone
NC_007606.1,Shigella dysenteriae Sd197 (4369232 bp),negative_2_28,3469081,3483564,14484,backbone
NC_007606.1,Shigella dysenteriae Sd197 (4369232 bp),negative_2_29,3599200,3609198,9999,backbone
NC_007606.1,Shigella dysenteriae Sd197 (4369232 bp),negative_2_30,3635953,3644912,8960,backbone
NC_007606.1,Shigella dysenteriae Sd197 (4369232 bp),negative_2_31,3690921,3699885,8965,backbone
NC_007606.1,Shigella dysenteriae Sd197 (4369232 bp),negative_2_32,3738358,3751096,12739,backbone
NC_007606.1,Shigella dysenteriae Sd197 (4369232 bp),negative_2_33,4129542,4139395,9854,backbone
NC_006350.1,Burkholderia pseudomallei K96243 chromosome 1 (4074542 bp),negative_3_1,1054519,1070439,15921,backbone
NC_006350.1,Burkholderia pseudomallei K96243 chromosome 1 (4074542 bp),negative_3_2,1073326,1083040,9715,backbone
NC_006350.1,Burkholderia pseudomallei K96243 chromosome 1 (4074542 bp),negative_3_3,1141236,1153943,12708,backbone
NC_006350.1,Burkholderia pseudomallei K96243 chromosome 1 (4074542 bp),negative_3_4,1177158,1187010,9853,backbone
NC_006350.1,Burkholderia pseudomallei K96243 chromosome 1 (4074542 bp),negative_3_5,1232050,1241877,9828,backbone
NC_006350.1,Burkholderia pseudomallei K96243 chromosome 1 (4074542 bp),negative_3_6,1273187,1290685,17499,backbone
NC_006350.1,Burkholderia pseudomallei K96243 chromosome 1 (4074542 bp),negative_3_7,1337697,1347509,9813,backbone
NC_006350.1,Burkholderia pseudomallei K96243 chromosome 1 (4074542 bp),negative_3_8,1348195,1358533,10339,backbone
NC_006350.1,Burkholderia pseudomallei K96243 chromosome 1 (4074542 bp),negative_3_9,1376493,1389477,12985,backbone
NC_006350.1,Burkholderia pseudomallei K96243 chromosome 1 (4074542 bp),negative_3_10,1390057,1412580,22524,backbone
NC_006350.1,Burkholderia pseudomallei K96243 chromosome 1 (4074542 bp),negative_3_11,1421407,1430938,9532,backbone
NC_006350.1,Burkholderia pseudomallei K96243 chromosome 1 (4074542 bp),negative_3_12,1574578,1598640,24063,backbone
NC_006350.1,Burkholderia pseudomallei K96243 chromosome 1 (4074542 bp),negative_3_13,2173460,2182622,9163,backbone
NC_006350.1,Burkholderia pseudomallei K96243 chromosome 1 (4074542 bp),negative_3_14,2189208,2198874,9667,backbone
NC_006350.1,Burkholderia pseudomallei K96243 chromosome 1 (4074542 bp),negative_3_15,2251832,2263399,11568,backbone
NC_006350.1,Burkholderia pseudomallei K96243 chromosome 1 (4074542 bp),negative_3_16,2266174,2274891,8718,backbone
NC_006350.1,Burkholderia pseudomallei K96243 chromosome 1 (4074542 bp),negative_3_17,2281581,2294060,12480,backbone
NC_006350.1,Burkholderia pseudomallei K96243 chromosome 1 (4074542 bp),negative_3_18,2308926,2320810,11885,backbone
NC_006350.1,Burkholderia pseudomallei K96243 chromosome 1 (4074542 bp),negative_3_19,2909748,2920303,10556,backbone
NC_006350.1,Burkholderia pseudomallei K96243 chromosome 1 (4074542 bp),negative_3_20,2923390,2950119,26730,backbone
NC_006350.1,Burkholderia pseudomallei K96243 chromosome 1 (4074542 bp),negative_3_21,2958957,2971314,12358,backbone
NC_006350.1,Burkholderia pseudomallei K96243 chromosome 1 (4074542 bp),negative_3_22,3013452,3033338,19887,backbone
NC_006350.1,Burkholderia pseudomallei K96243 chromosome 1 (4074542 bp),negative_3_23,3033401,3042313,8913,backbone
NC_006350.1,Burkholderia pseudomallei K96243 chromosome 1 (4074542 bp),negative_3_24,3043520,3052049,8530,backbone
NC_006350.1,Burkholderia pseudomallei K96243 chromosome 1 (4074542 bp),negative_3_25,3128726,3137542,8817,backbone
NC_006350.1,Burkholderia pseudomallei K96243 chromosome 1 (4074542 bp),negative_3_26,3371022,3394815,23794,backbone
NC_006350.1,Burkholderia pseudomallei K96243 chromosome 1 (4074542 bp),negative_3_27,3428166,3438517,10352,backbone
NC_006350.1,Burkholderia pseudomallei K96243 chromosome 1 (4074542 bp),negative_3_28,3460475,3470795,10321,backbone
NC_006350.1,Burkholderia pseudomallei K96243 chromosome 1 (4074542 bp),negative_3_29,3506640,3518672,12033,backbone
NC_006350.1,Burkholderia pseudomallei K96243 chromosome 1 (4074542 bp),negative_3_30,3529165,3555208,26044,backbone
NC_006350.1,Burkholderia pseudomallei K96243 chromosome 1 (4074542 bp),negative_3_31,3560089,3577328,17240,backbone
NC_006350.1,Burkholderia pseudomallei K96243 chromosome 1 (4074542 bp),negative_3_32,3583583,3596915,13333,backbone
NC_006350.1,Burkholderia pseudomallei K96243 chromosome 1 (4074542 bp),negative_3_33,3597242,3619943,22702,backbone
NC_006350.1,Burkholderia pseudomallei K96243 chromosome 1 (4074542 bp),negative_3_34,3630883,3653285,22403,backbone
NC_006350.1,Burkholderia pseudomallei K96243 chromosome 1 (4074542 bp),negative_3_35,3724913,3745377,20465,backbone
NC_006350.1,Burkholderia pseudomallei K96243 chromosome 1 (4074542 bp),negative_3_36,3745775,3755529,9755,backbone
NC_006350.1,Burkholderia pseudomallei K96243 chromosome 1 (4074542 bp),negative_3_37,3783475,3811207,27733,backbone
NC_006350.1,Burkholderia pseudomallei K96243 chromosome 1 (4074542 bp),negative_3_38,3816117,3830111,13995,backbone
NC_006350.1,Burkholderia pseudomallei K96243 chromosome 1 (4074542 bp),negative_3_39,3838549,3854504,15956,backbone
NC_006350.1,Burkholderia pseudomallei K96243 chromosome 1 (4074542 bp),negative_3_40,3919662,3930793,11132,backbone
NC_006350.1,Burkholderia pseudomallei K96243 chromosome 1 (4074542 bp),negative_3_41,4020611,4030985,10375,backbone
NC_006350.1,Burkholderia pseudomallei K96243 chromosome 1 (4074542 bp),negative_3_42,4031295,4051668,20374,backbone
NC_006350.1,Burkholderia pseudomallei K96243 chromosome 1 (4074542 bp),negative_3_43,4062558,4074244,11687,backbone
NC_006350.1,Burkholderia pseudomallei K96243 chromosome 1 (4074542 bp),negative_3_44,8343,24591,16249,backbone
NC_006350.1,Burkholderia pseudomallei K96243 chromosome 1 (4074542 bp),negative_3_45,182054,198361,16308,backbone
NC_006350.1,Burkholderia pseudomallei K96243 chromosome 1 (4074542 bp),negative_3_46,210856,219288,8433,backbone
NC_006350.1,Burkholderia pseudomallei K96243 chromosome 1 (4074542 bp),negative_3_47,268856,278147,9292,backbone
NC_006350.1,Burkholderia pseudomallei K96243 chromosome 1 (4074542 bp),negative_3_48,281199,292296,11098,backbone
NC_006350.1,Burkholderia pseudomallei K96243 chromosome 1 (4074542 bp),negative_3_49,472381,487913,15533,backbone
NC_006350.1,Burkholderia pseudomallei K96243 chromosome 1 (4074542 bp),negative_3_50,488219,504187,15969,backbone
NC_006350.1,Burkholderia pseudomallei K96243 chromosome 1 (4074542 bp),negative_3_51,571039,580644,9606,backbone
NC_006350.1,Burkholderia pseudomallei K96243 chromosome 1 (4074542 bp),negative_3_52,581126,595728,14603,backbone
NC_006350.1,Burkholderia pseudomallei K96243 chromosome 1 (4074542 bp),negative_3_53,716154,733243,17090,backbone
NC_006350.1,Burkholderia pseudomallei K96243 chromosome 1 (4074542 bp),negative_3_54,742285,754677,12393,backbone
NC_006350.1,Burkholderia pseudomallei K96243 chromosome 1 (4074542 bp),negative_3_55,781938,791116,9179,backbone
NC_006350.1,Burkholderia pseudomallei K96243 chromosome 1 (4074542 bp),negative_3_56,898613,912197,13585,backbone
NC_006350.1,Burkholderia pseudomallei K96243 chromosome 1 (4074542 bp),negative_3_57,918466,933828,15363,backbone
NC_006350.1,Burkholderia pseudomallei K96243 chromosome 1 (4074542 bp),negative_3_58,941620,952699,11080,backbone
NC_006350.1,Burkholderia pseudomallei K96243 chromosome 1 (4074542 bp),negative_3_59,997522,1008983,11462,backbone
NC_004431.1,Escherichia coli CFT073 (5231428 bp),negative_4_1,52353,61368,9016,backbone
NC_004431.1,Escherichia coli CFT073 (5231428 bp),negative_4_2,82685,92559,9875,backbone
NC_004431.1,Escherichia coli CFT073 (5231428 bp),negative_4_3,99713,111380,11668,backbone
NC_004431.1,Escherichia coli CFT073 (5231428 bp),negative_4_4,116786,125276,8491,backbone
NC_004431.1,Escherichia coli CFT073 (5231428 bp),negative_4_5,183941,192648,8708,backbone
NC_004431.1,Escherichia coli CFT073 (5231428 bp),negative_4_6,195410,219617,24208,backbone
NC_004431.1,Escherichia coli CFT073 (5231428 bp),negative_4_7,526011,537071,11061,backbone
NC_004431.1,Escherichia coli CFT073 (5231428 bp),negative_4_8,726985,738705,11721,backbone
NC_004431.1,Escherichia coli CFT073 (5231428 bp),negative_4_9,761789,770077,8289,backbone
NC_004431.1,Escherichia coli CFT073 (5231428 bp),negative_4_10,779568,791375,11808,backbone
NC_004431.1,Escherichia coli CFT073 (5231428 bp),negative_4_11,794099,803323,9225,backbone
NC_004431.1,Escherichia coli CFT073 (5231428 bp),negative_4_12,980356,994965,14610,backbone
NC_004431.1,Escherichia coli CFT073 (5231428 bp),negative_4_13,1011989,1031806,19818,backbone
NC_004431.1,Escherichia coli CFT073 (5231428 bp),negative_4_14,1048677,1060607,11931,backbone
NC_004431.1,Escherichia coli CFT073 (5231428 bp),negative_4_15,1514021,1522815,8795,backbone
NC_004431.1,Escherichia coli CFT073 (5231428 bp),negative_4_16,1540105,1550730,10626,backbone
NC_004431.1,Escherichia coli CFT073 (5231428 bp),negative_4_17,1866373,1875512,9140,backbone
NC_004431.1,Escherichia coli CFT073 (5231428 bp),negative_4_18,1911834,1920711,8878,backbone
NC_004431.1,Escherichia coli CFT073 (5231428 bp),negative_4_19,2082322,2091159,8838,backbone
NC_004431.1,Escherichia coli CFT073 (5231428 bp),negative_4_20,2559849,2573365,13517,backbone
NC_004431.1,Escherichia coli CFT073 (5231428 bp),negative_4_21,2660044,2668705,8662,backbone
NC_004431.1,Escherichia coli CFT073 (5231428 bp),negative_4_22,2672500,2689703,17204,backbone
NC_004431.1,Escherichia coli CFT073 (5231428 bp),negative_4_23,2690314,2699617,9304,backbone
NC_004431.1,Escherichia coli CFT073 (5231428 bp),negative_4_24,2722225,2730956,8732,backbone
NC_004431.1,Escherichia coli CFT073 (5231428 bp),negative_4_25,2793269,2802396,9128,backbone
NC_004431.1,Escherichia coli CFT073 (5231428 bp),negative_4_26,2922933,2932124,9192,backbone
NC_004431.1,Escherichia coli CFT073 (5231428 bp),negative_4_27,2952660,2961477,8818,backbone
NC_004431.1,Escherichia coli CFT073 (5231428 bp),negative_4_28,3006823,3016352,9530,backbone
NC_004431.1,Escherichia coli CFT073 (5231428 bp),negative_4_29,3331301,3340495,9195,backbone
NC_004431.1,Escherichia coli CFT073 (5231428 bp),negative_4_30,3342121,3352742,10622,backbone
NC_004431.1,Escherichia coli CFT073 (5231428 bp),negative_4_31,3379878,3389355,9478,backbone
NC_004431.1,Escherichia coli CFT073 (5231428 bp),negative_4_32,3734391,3751983,17593,backbone
NC_004431.1,Escherichia coli CFT073 (5231428 bp),negative_4_33,3764068,3774827,10760,backbone
NC_004431.1,Escherichia coli CFT073 (5231428 bp),negative_4_34,3811974,3826853,14880,backbone
NC_004431.1,Escherichia coli CFT073 (5231428 bp),negative_4_35,3869424,3884733,15310,backbone
NC_004431.1,Escherichia coli CFT073 (5231428 bp),negative_4_36,3915902,3927744,11843,backbone
NC_004431.1,Escherichia coli CFT073 (5231428 bp),negative_4_37,3938863,3956707,17845,backbone
NC_004431.1,Escherichia coli CFT073 (5231428 bp),negative_4_38,3970888,3982414,11527,backbone
NC_004431.1,Escherichia coli CFT073 (5231428 bp),negative_4_39,4000119,4008613,8495,backbone
NC_004431.1,Escherichia coli CFT073 (5231428 bp),negative_4_40,4416535,4429270,12736,backbone
NC_004431.1,Escherichia coli CFT073 (5231428 bp),negative_4_41,4449023,4460763,11741,backbone
NC_004431.1,Escherichia coli CFT073 (5231428 bp),negative_4_42,4575389,4585433,10045,backbone
NC_004431.1,Escherichia coli CFT073 (5231428 bp),negative_4_43,4707353,4721706,14354,backbone
NC_004431.1,Escherichia coli CFT073 (5231428 bp),negative_4_44,5005175,5016035,10861,backbone
NC_004431.1,Escherichia coli CFT073 (5231428 bp),negative_4_45,5195108,5210272,15165,backbone
NC_003485.1,Streptococcus pyogenes MGAS8232 (1895017 bp),negative_5_1,16557,29749,13193,backbone
NC_003485.1,Streptococcus pyogenes MGAS8232 (1895017 bp),negative_5_2,32991,45666,12676,backbone
NC_003485.1,Streptococcus pyogenes MGAS8232 (1895017 bp),negative_5_3,54081,62820,8740,backbone
NC_003485.1,Streptococcus pyogenes MGAS8232 (1895017 bp),negative_5_4,63460,79191,15732,backbone
NC_003485.1,Streptococcus pyogenes MGAS8232 (1895017 bp),negative_5_5,87694,103161,15468,backbone
NC_003485.1,Streptococcus pyogenes MGAS8232 (1895017 bp),negative_5_6,238404,248461,10058,backbone
NC_003485.1,Streptococcus pyogenes MGAS8232 (1895017 bp),negative_5_7,993940,1010730,16791,backbone
NC_003485.1,Streptococcus pyogenes MGAS8232 (1895017 bp),negative_5_8,1089331,1097855,8525,backbone
NC_003485.1,Streptococcus pyogenes MGAS8232 (1895017 bp),negative_5_9,1572133,1585579,13447,backbone
NC_003485.1,Streptococcus pyogenes MGAS8232 (1895017 bp),negative_5_10,1609197,1617572,8376,backbone
NC_003485.1,Streptococcus pyogenes MGAS8232 (1895017 bp),negative_5_11,1814582,1829426,14845,backbone
NC_003485.1,Streptococcus pyogenes MGAS8232 (1895017 bp),negative_5_12,1830257,1841880,11624,backbone
NC_003485.1,Streptococcus pyogenes MGAS8232 (1895017 bp),negative_5_13,1855977,1871715,15739,backbone
NC_008543.1,Burkholderia cenocepacia HI2424 chromosome 2 (2998664 bp),negative_6_1,2102695,2115722,13028,backbone
NC_008543.1,Burkholderia cenocepacia HI2424 chromosome 2 (2998664 bp),negative_6_2,2194349,2202743,8395,backbone
NC_008543.1,Burkholderia cenocepacia HI2424 chromosome 2 (2998664 bp),negative_6_3,2349773,2364714,14942,backbone
NC_008543.1,Burkholderia cenocepacia HI2424 chromosome 2 (2998664 bp),negative_6_4,2374299,2402370,28072,backbone
NC_008543.1,Burkholderia cenocepacia HI2424 chromosome 2 (2998664 bp),negative_6_5,2423019,2435331,12313,backbone
NC_008543.1,Burkholderia cenocepacia HI2424 chromosome 2 (2998664 bp),negative_6_6,2440587,2448632,8046,backbone
NC_008543.1,Burkholderia cenocepacia HI2424 chromosome 2 (2998664 bp),negative_6_7,2615711,2637212,21502,backbone
NC_008543.1,Burkholderia cenocepacia HI2424 chromosome 2 (2998664 bp),negative_6_8,2640352,2663881,23530,backbone
NC_008543.1,Burkholderia cenocepacia HI2424 chromosome 2 (2998664 bp),negative_6_9,2799973,2811801,11829,backbone
NC_008543.1,Burkholderia cenocepacia HI2424 chromosome 2 (2998664 bp),negative_6_10,2859836,2876940,17105,backbone
NC_008543.1,Burkholderia cenocepacia HI2424 chromosome 2 (2998664 bp),negative_6_11,389692,400300,10609,backbone
NC_008543.1,Burkholderia cenocepacia HI2424 chromosome 2 (2998664 bp),negative_6_12,506819,515976,9158,backbone
NC_008543.1,Burkholderia cenocepacia HI2424 chromosome 2 (2998664 bp),negative_6_13,636996,649701,12706,backbone
NC_008543.1,Burkholderia cenocepacia HI2424 chromosome 2 (2998664 bp),negative_6_14,679349,697997,18649,backbone
NC_008543.1,Burkholderia cenocepacia HI2424 chromosome 2 (2998664 bp),negative_6_15,714262,731562,17301,backbone
NC_008543.1,Burkholderia cenocepacia HI2424 chromosome 2 (2998664 bp),negative_6_16,731747,753338,21592,backbone
NC_008543.1,Burkholderia cenocepacia HI2424 chromosome 2 (2998664 bp),negative_6_17,802118,820348,18231,backbone
NC_008543.1,Burkholderia cenocepacia HI2424 chromosome 2 (2998664 bp),negative_6_18,834645,848959,14315,backbone
NC_008543.1,Burkholderia cenocepacia HI2424 chromosome 2 (2998664 bp),negative_6_19,867103,880038,12936,backbone
NC_008543.1,Burkholderia cenocepacia HI2424 chromosome 2 (2998664 bp),negative_6_20,1010462,1019865,9404,backbone
NC_008543.1,Burkholderia cenocepacia HI2424 chromosome 2 (2998664 bp),negative_6_21,1026245,1035228,8984,backbone
NC_008543.1,Burkholderia cenocepacia HI2424 chromosome 2 (2998664 bp),negative_6_22,1073820,1083204,9385,backbone
NC_008543.1,Burkholderia cenocepacia HI2424 chromosome 2 (2998664 bp),negative_6_23,1132909,1145706,12798,backbone
NC_008543.1,Burkholderia cenocepacia HI2424 chromosome 2 (2998664 bp),negative_6_24,1159300,1170519,11220,backbone
NC_008543.1,Burkholderia cenocepacia HI2424 chromosome 2 (2998664 bp),negative_6_25,1185257,1196665,11409,backbone
NC_008543.1,Burkholderia cenocepacia HI2424 chromosome 2 (2998664 bp),negative_6_26,1288354,1301260,12907,backbone
NC_008543.1,Burkholderia cenocepacia HI2424 chromosome 2 (2998664 bp),negative_6_27,1326600,1335143,8544,backbone
NC_008543.1,Burkholderia cenocepacia HI2424 chromosome 2 (2998664 bp),negative_6_28,1455047,1467741,12695,backbone
NC_008543.1,Burkholderia cenocepacia HI2424 chromosome 2 (2998664 bp),negative_6_29,1480823,1489994,9172,backbone
NC_008543.1,Burkholderia cenocepacia HI2424 chromosome 2 (2998664 bp),negative_6_30,1510570,1524478,13909,backbone
NC_008543.1,Burkholderia cenocepacia HI2424 chromosome 2 (2998664 bp),negative_6_31,1666154,1674669,8516,backbone
NC_008543.1,Burkholderia cenocepacia HI2424 chromosome 2 (2998664 bp),negative_6_32,1965807,1978253,12447,backbone
NC_008543.1,Burkholderia cenocepacia HI2424 chromosome 2 (2998664 bp),negative_6_33,2060285,2070524,10240,backbone
NC_003997.3,Bacillus anthracis str. Ames (5227293 bp),negative_7_1,373,82209,81837,backbone
NC_003997.3,Bacillus anthracis str. Ames (5227293 bp),negative_7_2,87059,150653,63595,backbone
NC_003997.3,Bacillus anthracis str. Ames (5227293 bp),negative_7_3,150804,159739,8936,backbone
NC_003997.3,Bacillus anthracis str. Ames (5227293 bp),negative_7_4,184497,192843,8347,backbone
NC_003997.3,Bacillus anthracis str. Ames (5227293 bp),negative_7_5,237606,260501,22896,backbone
NC_003997.3,Bacillus anthracis str. Ames (5227293 bp),negative_7_6,262457,272911,10455,backbone
NC_003997.3,Bacillus anthracis str. Ames (5227293 bp),negative_7_7,295230,307139,11910,backbone
NC_003997.3,Bacillus anthracis str. Ames (5227293 bp),negative_7_8,308550,319278,10729,backbone
NC_003997.3,Bacillus anthracis str. Ames (5227293 bp),negative_7_9,370323,380768,10446,backbone
NC_003997.3,Bacillus anthracis str. Ames (5227293 bp),negative_7_10,403991,415800,11810,backbone
NC_003997.3,Bacillus anthracis str. Ames (5227293 bp),negative_7_11,429240,438285,9046,backbone
NC_003997.3,Bacillus anthracis str. Ames (5227293 bp),negative_7_12,438792,447088,8297,backbone
NC_003997.3,Bacillus anthracis str. Ames (5227293 bp),negative_7_13,516081,531614,15534,backbone
NC_003997.3,Bacillus anthracis str. Ames (5227293 bp),negative_7_14,678080,688564,10485,backbone
NC_003997.3,Bacillus anthracis str. Ames (5227293 bp),negative_7_15,752259,770221,17963,backbone
NC_003997.3,Bacillus anthracis str. Ames (5227293 bp),negative_7_16,859071,871215,12145,backbone
NC_003997.3,Bacillus anthracis str. Ames (5227293 bp),negative_7_17,1110640,1119705,9066,backbone
NC_003997.3,Bacillus anthracis str. Ames (5227293 bp),negative_7_18,1119710,1128411,8702,backbone
NC_003997.3,Bacillus anthracis str. Ames (5227293 bp),negative_7_19,1138035,1146763,8729,backbone
NC_003997.3,Bacillus anthracis str. Ames (5227293 bp),negative_7_20,1146954,1177801,30848,backbone
NC_003997.3,Bacillus anthracis str. Ames (5227293 bp),negative_7_21,1252953,1266485,13533,backbone
NC_003997.3,Bacillus anthracis str. Ames (5227293 bp),negative_7_22,1266994,1276109,9116,backbone
NC_003997.3,Bacillus anthracis str. Ames (5227293 bp),negative_7_23,1276445,1285344,8900,backbone
NC_003997.3,Bacillus anthracis str. Ames (5227293 bp),negative_7_24,1315948,1325935,9988,backbone
NC_003997.3,Bacillus anthracis str. Ames (5227293 bp),negative_7_25,1339473,1376936,37464,backbone
NC_003997.3,Bacillus anthracis str. Ames (5227293 bp),negative_7_26,1387263,1395488,8226,backbone
NC_003997.3,Bacillus anthracis str. Ames (5227293 bp),negative_7_27,1404770,1454987,50218,backbone
NC_003997.3,Bacillus anthracis str. Ames (5227293 bp),negative_7_28,1471398,1480729,9332,backbone
NC_003997.3,Bacillus anthracis str. Ames (5227293 bp),negative_7_29,1497458,1507875,10418,backbone
NC_003997.3,Bacillus anthracis str. Ames (5227293 bp),negative_7_30,1565164,1573295,8132,backbone
NC_003997.3,Bacillus anthracis str. Ames (5227293 bp),negative_7_31,1580802,1594521,13720,backbone
NC_003997.3,Bacillus anthracis str. Ames (5227293 bp),negative_7_32,1607942,1617929,9988,backbone
NC_003997.3,Bacillus anthracis str. Ames (5227293 bp),negative_7_33,1918195,1928795,10601,backbone
NC_003997.3,Bacillus anthracis str. Ames (5227293 bp),negative_7_34,1929591,1940737,11147,backbone
NC_003997.3,Bacillus anthracis str. Ames (5227293 bp),negative_7_35,2087824,2102096,14273,backbone
NC_003997.3,Bacillus anthracis str. Ames (5227293 bp),negative_7_36,2137803,2149893,12091,backbone
NC_003997.3,Bacillus anthracis str. Ames (5227293 bp),negative_7_37,2182227,2197376,15150,backbone
NC_003997.3,Bacillus anthracis str. Ames (5227293 bp),negative_7_38,2203537,2218495,14959,backbone
NC_003997.3,Bacillus anthracis str. Ames (5227293 bp),negative_7_39,2369274,2378375,9102,backbone
NC_003997.3,Bacillus anthracis str. Ames (5227293 bp),negative_7_40,3362415,3377709,15295,backbone
NC_003997.3,Bacillus anthracis str. Ames (5227293 bp),negative_7_41,3575345,3590691,15347,backbone
NC_003997.3,Bacillus anthracis str. Ames (5227293 bp),negative_7_42,3591018,3607917,16900,backbone
NC_003997.3,Bacillus anthracis str. Ames (5227293 bp),negative_7_43,3615168,3692765,77598,backbone
NC_003997.3,Bacillus anthracis str. Ames (5227293 bp),negative_7_44,3699421,3745615,46195,backbone
NC_003997.3,Bacillus anthracis str. Ames (5227293 bp),negative_7_45,3789721,3800396,10676,backbone
NC_003997.3,Bacillus anthracis str. Ames (5227293 bp),negative_7_46,3801606,3854250,52645,backbone
NC_003997.3,Bacillus anthracis str. Ames (5227293 bp),negative_7_47,3859141,3873707,14567,backbone
NC_003997.3,Bacillus anthracis str. Ames (5227293 bp),negative_7_48,3888490,3929481,40992,backbone
NC_003997.3,Bacillus anthracis str. Ames (5227293 bp),negative_7_49,3929975,3946069,16095,backbone
NC_003997.3,Bacillus anthracis str. Ames (5227293 bp),negative_7_50,3951371,3970709,19339,backbone
NC_003997.3,Bacillus anthracis str. Ames (5227293 bp),negative_7_51,3971631,3981805,10175,backbone
NC_003997.3,Bacillus anthracis str. Ames (5227293 bp),negative_7_52,3993770,4007053,13284,backbone
NC_003997.3,Bacillus anthracis str. Ames (5227293 bp),negative_7_53,4008970,4030653,21684,backbone
NC_003997.3,Bacillus anthracis str. Ames (5227293 bp),negative_7_54,4045963,4058352,12390,backbone
NC_003997.3,Bacillus anthracis str. Ames (5227293 bp),negative_7_55,4068509,4121948,53440,backbone
NC_003997.3,Bacillus anthracis str. Ames (5227293 bp),negative_7_56,4121954,4150619,28666,backbone
NC_003997.3,Bacillus anthracis str. Ames (5227293 bp),negative_7_57,4185642,4205474,19833,backbone
NC_003997.3,Bacillus anthracis str. Ames (5227293 bp),negative_7_58,4211295,4221794,10500,backbone
NC_003997.3,Bacillus anthracis str. Ames (5227293 bp),negative_7_59,4231489,4240609,9121,backbone
NC_003997.3,Bacillus anthracis str. Ames (5227293 bp),negative_7_60,4241026,4259509,18484,backbone
NC_003997.3,Bacillus anthracis str. Ames (5227293 bp),negative_7_61,4266560,4275471,8912,backbone
NC_003997.3,Bacillus anthracis str. Ames (5227293 bp),negative_7_62,4276211,4285920,9710,backbone
NC_003997.3,Bacillus anthracis str. Ames (5227293 bp),negative_7_63,4316409,4326321,9913,backbone
NC_003997.3,Bacillus anthracis str. Ames (5227293 bp),negative_7_64,4374469,4383651,9183,backbone
NC_003997.3,Bacillus anthracis str. Ames (5227293 bp),negative_7_65,4383701,4404878,21178,backbone
NC_003997.3,Bacillus anthracis str. Ames (5227293 bp),negative_7_66,4405716,4419270,13555,backbone
NC_003997.3,Bacillus anthracis str. Ames (5227293 bp),negative_7_67,4429979,4439220,9242,backbone
NC_003997.3,Bacillus anthracis str. Ames (5227293 bp),negative_7_68,4491657,4508434,16778,backbone
NC_003997.3,Bacillus anthracis str. Ames (5227293 bp),negative_7_69,4627254,4638116,10863,backbone
NC_003997.3,Bacillus anthracis str. Ames (5227293 bp),negative_7_70,4638131,4647934,9804,backbone
NC_003997.3,Bacillus anthracis str. Ames (5227293 bp),negative_7_71,4657269,4674172,16904,backbone
NC_003997.3,Bacillus anthracis str. Ames (5227293 bp),negative_7_72,4751936,4763853,11918,backbone
NC_003997.3,Bacillus anthracis str. Ames (5227293 bp),negative_7_73,4858425,4867364,8940,backbone
NC_003997.3,Bacillus anthracis str. Ames (5227293 bp),negative_7_74,4867547,4884013,16467,backbone
NC_003997.3,Bacillus anthracis str. Ames (5227293 bp),negative_7_75,4900562,4914465,13904,backbone
NC_003997.3,Bacillus anthracis str. Ames (5227293 bp),negative_7_76,4955907,4969771,13865,backbone
NC_003997.3,Bacillus anthracis str. Ames (5227293 bp),negative_7_77,5014404,5031614,17211,backbone
NC_003997.3,Bacillus anthracis str. Ames (5227293 bp),negative_7_78,5034261,5049512,15252,backbone
NC_003997.3,Bacillus anthracis str. Ames (5227293 bp),negative_7_79,5051823,5076999,25177,backbone
NC_003997.3,Bacillus anthracis str. Ames (5227293 bp),negative_7_80,5099694,5111716,12023,backbone
NC_003997.3,Bacillus anthracis str. Ames (5227293 bp),negative_7_81,5111914,5120715,8802,backbone
NC_003997.3,Bacillus anthracis str. Ames (5227293 bp),negative_7_82,5170630,5182490,11861,backbone
NC_003997.3,Bacillus anthracis str. Ames (5227293 bp),negative_7_83,5199060,5227176,28117,backbone
NC_010334.1,Shewanella halifaxensis HAW-EB4 (5226917 bp),negative_8_1,1294606,1303142,8537,backbone
NC_010334.1,Shewanella halifaxensis HAW-EB4 (5226917 bp),negative_8_2,1312126,1325908,13783,backbone
NC_010334.1,Shewanella halifaxensis HAW-EB4 (5226917 bp),negative_8_3,2056353,2066221,9869,backbone
NC_010334.1,Shewanella halifaxensis HAW-EB4 (5226917 bp),negative_8_4,2853098,2863719,10622,backbone
NC_010334.1,Shewanella halifaxensis HAW-EB4 (5226917 bp),negative_8_5,2988700,2998344,9645,backbone
NC_010334.1,Shewanella halifaxensis HAW-EB4 (5226917 bp),negative_8_6,3227328,3236424,9097,backbone
NC_010334.1,Shewanella halifaxensis HAW-EB4 (5226917 bp),negative_8_7,3355488,3365750,10263,backbone
NC_010334.1,Shewanella halifaxensis HAW-EB4 (5226917 bp),negative_8_8,3616280,3626193,9914,backbone
NC_010334.1,Shewanella halifaxensis HAW-EB4 (5226917 bp),negative_8_9,3824086,3833850,9765,backbone
NC_010334.1,Shewanella halifaxensis HAW-EB4 (5226917 bp),negative_8_10,4960574,4973119,12546,backbone
NC_010334.1,Shewanella halifaxensis HAW-EB4 (5226917 bp),negative_8_11,5006559,5047452,40894,backbone
NC_010334.1,Shewanella halifaxensis HAW-EB4 (5226917 bp),negative_8_12,5047584,5057618,10035,backbone
NC_010334.1,Shewanella halifaxensis HAW-EB4 (5226917 bp),negative_8_13,5206556,5217562,11007,backbone
NC_004722.1,Bacillus cereus ATCC 14579 (5411809 bp),negative_9_1,247,82001,81755,backbone
NC_004722.1,Bacillus cereus ATCC 14579 (5411809 bp),negative_9_2,92557,156307,63751,backbone
NC_004722.1,Bacillus cereus ATCC 14579 (5411809 bp),negative_9_3,156458,165386,8929,backbone
NC_004722.1,Bacillus cereus ATCC 14579 (5411809 bp),negative_9_4,181967,190324,8358,backbone
NC_004722.1,Bacillus cereus ATCC 14579 (5411809 bp),negative_9_5,236524,259461,22938,backbone
NC_004722.1,Bacillus cereus ATCC 14579 (5411809 bp),negative_9_6,298642,310582,11941,backbone
NC_004722.1,Bacillus cereus ATCC 14579 (5411809 bp),negative_9_7,312295,323045,10751,backbone
NC_004722.1,Bacillus cereus ATCC 14579 (5411809 bp),negative_9_8,374185,384394,10210,backbone
NC_004722.1,Bacillus cereus ATCC 14579 (5411809 bp),negative_9_9,416913,428490,11578,backbone
NC_004722.1,Bacillus cereus ATCC 14579 (5411809 bp),negative_9_10,442261,451349,9089,backbone
NC_004722.1,Bacillus cereus ATCC 14579 (5411809 bp),negative_9_11,451877,460172,8296,backbone
NC_004722.1,Bacillus cereus ATCC 14579 (5411809 bp),negative_9_12,493016,508786,15771,backbone
NC_004722.1,Bacillus cereus ATCC 14579 (5411809 bp),negative_9_13,651774,661996,10223,backbone
NC_004722.1,Bacillus cereus ATCC 14579 (5411809 bp),negative_9_14,729276,747238,17963,backbone
NC_004722.1,Bacillus cereus ATCC 14579 (5411809 bp),negative_9_15,846170,858438,12269,backbone
NC_004722.1,Bacillus cereus ATCC 14579 (5411809 bp),negative_9_16,3875634,3918258,42625,backbone
NC_004722.1,Bacillus cereus ATCC 14579 (5411809 bp),negative_9_17,3919475,3972210,52736,backbone
NC_004722.1,Bacillus cereus ATCC 14579 (5411809 bp),negative_9_18,3976993,3991539,14547,backbone
NC_004722.1,Bacillus cereus ATCC 14579 (5411809 bp),negative_9_19,4005616,4047701,42086,backbone
NC_004722.1,Bacillus cereus ATCC 14579 (5411809 bp),negative_9_20,4048895,4065060,16166,backbone
NC_004722.1,Bacillus cereus ATCC 14579 (5411809 bp),negative_9_21,4070365,4089728,19364,backbone
NC_004722.1,Bacillus cereus ATCC 14579 (5411809 bp),negative_9_22,4090620,4100797,10178,backbone
NC_004722.1,Bacillus cereus ATCC 14579 (5411809 bp),negative_9_23,4118226,4131513,13288,backbone
NC_004722.1,Bacillus cereus ATCC 14579 (5411809 bp),negative_9_24,4132495,4154167,21673,backbone
NC_004722.1,Bacillus cereus ATCC 14579 (5411809 bp),negative_9_25,4171251,4183702,12452,backbone
NC_004722.1,Bacillus cereus ATCC 14579 (5411809 bp),negative_9_26,4193944,4242453,48510,backbone
NC_004722.1,Bacillus cereus ATCC 14579 (5411809 bp),negative_9_27,5383567,5411568,28002,backbone
NC_004606.1,Streptococcus pyogenes SSI-1 (1894275 bp),negative_10_1,28649,39782,11134,backbone
NC_004606.1,Streptococcus pyogenes SSI-1 (1894275 bp),negative_10_2,48315,73300,24986,backbone
NC_004606.1,Streptococcus pyogenes SSI-1 (1894275 bp),negative_10_3,84257,104966,20710,backbone
NC_004606.1,Streptococcus pyogenes SSI-1 (1894275 bp),negative_10_4,230500,242089,11590,backbone
NC_004606.1,Streptococcus pyogenes SSI-1 (1894275 bp),negative_10_5,1038433,1050104,11672,backbone
NC_004606.1,Streptococcus pyogenes SSI-1 (1894275 bp),negative_10_6,1060580,1077371,16792,backbone
NC_004606.1,Streptococcus pyogenes SSI-1 (1894275 bp),negative_10_7,1814697,1829370,14674,backbone
NC_004606.1,Streptococcus pyogenes SSI-1 (1894275 bp),negative_10_8,1830372,1842601,12230,backbone
NC_004606.1,Streptococcus pyogenes SSI-1 (1894275 bp),negative_10_9,1862189,1870792,8604,backbone
NC_010322.1,Pseudomonas putida GB-1 (6078430 bp),negative_11_1,493057,505725,12669,backbone
NC_010322.1,Pseudomonas putida GB-1 (6078430 bp),negative_11_2,551503,584368,32866,backbone
NC_010322.1,Pseudomonas putida GB-1 (6078430 bp),negative_11_3,740811,748965,8155,backbone
NC_010322.1,Pseudomonas putida GB-1 (6078430 bp),negative_11_4,1014119,1024734,10616,backbone
NC_010322.1,Pseudomonas putida GB-1 (6078430 bp),negative_11_5,1096885,1108953,12069,backbone
NC_010322.1,Pseudomonas putida GB-1 (6078430 bp),negative_11_6,1303292,1315878,12587,backbone
NC_010322.1,Pseudomonas putida GB-1 (6078430 bp),negative_11_7,1315952,1327409,11458,backbone
NC_010322.1,Pseudomonas putida GB-1 (6078430 bp),negative_11_8,1665738,1678191,12454,backbone
NC_010322.1,Pseudomonas putida GB-1 (6078430 bp),negative_11_9,4106271,4118567,12297,backbone
NC_010322.1,Pseudomonas putida GB-1 (6078430 bp),negative_11_10,4346753,4359428,12676,backbone
NC_010322.1,Pseudomonas putida GB-1 (6078430 bp),negative_11_11,4691932,4703466,11535,backbone
NC_010322.1,Pseudomonas putida GB-1 (6078430 bp),negative_11_12,5042313,5066308,23996,backbone
NC_010322.1,Pseudomonas putida GB-1 (6078430 bp),negative_11_13,5260515,5272309,11795,backbone
NC_010322.1,Pseudomonas putida GB-1 (6078430 bp),negative_11_14,5640671,5649701,9031,backbone
NC_010322.1,Pseudomonas putida GB-1 (6078430 bp),negative_11_15,5732563,5748489,15927,backbone
NC_010322.1,Pseudomonas putida GB-1 (6078430 bp),negative_11_16,6059552,6069237,9686,backbone
NC_007384.1,Shigella sonnei Ss046 (4825265 bp),negative_12_1,73797,86245,12449,backbone
NC_007384.1,Shigella sonnei Ss046 (4825265 bp),negative_12_2,87408,97629,10222,backbone
NC_007384.1,Shigella sonnei Ss046 (4825265 bp),negative_12_3,98449,120484,22036,backbone
NC_007384.1,Shigella sonnei Ss046 (4825265 bp),negative_12_4,121019,129364,8346,backbone
NC_007384.1,Shigella sonnei Ss046 (4825265 bp),negative_12_5,129405,138624,9220,backbone
NC_007384.1,Shigella sonnei Ss046 (4825265 bp),negative_12_6,178923,187388,8466,backbone
NC_007384.1,Shigella sonnei Ss046 (4825265 bp),negative_12_7,200319,224525,24207,backbone
NC_007384.1,Shigella sonnei Ss046 (4825265 bp),negative_12_8,440883,451142,10260,backbone
NC_007384.1,Shigella sonnei Ss046 (4825265 bp),negative_12_9,471126,482083,10958,backbone
NC_007384.1,Shigella sonnei Ss046 (4825265 bp),negative_12_10,652938,661778,8841,backbone
NC_007384.1,Shigella sonnei Ss046 (4825265 bp),negative_12_11,662381,673056,10676,backbone
NC_007384.1,Shigella sonnei Ss046 (4825265 bp),negative_12_12,714086,725489,11404,backbone
NC_007384.1,Shigella sonnei Ss046 (4825265 bp),negative_12_13,731861,741188,9328,backbone
NC_007384.1,Shigella sonnei Ss046 (4825265 bp),negative_12_14,832142,841134,8993,backbone
NC_007384.1,Shigella sonnei Ss046 (4825265 bp),negative_12_15,939980,953508,13529,backbone
NC_007384.1,Shigella sonnei Ss046 (4825265 bp),negative_12_16,976732,996530,19799,backbone
NC_007384.1,Shigella sonnei Ss046 (4825265 bp),negative_12_17,1187968,1201305,13338,backbone
NC_007384.1,Shigella sonnei Ss046 (4825265 bp),negative_12_18,1412219,1421416,9198,backbone
NC_007384.1,Shigella sonnei Ss046 (4825265 bp),negative_12_19,1598862,1607501,8640,backbone
NC_007384.1,Shigella sonnei Ss046 (4825265 bp),negative_12_20,1965249,1973492,8244,backbone
NC_007384.1,Shigella sonnei Ss046 (4825265 bp),negative_12_21,2029785,2039703,9919,backbone
NC_007384.1,Shigella sonnei Ss046 (4825265 bp),negative_12_22,2226387,2236855,10469,backbone
NC_007384.1,Shigella sonnei Ss046 (4825265 bp),negative_12_23,2346088,2355556,9469,backbone
NC_007384.1,Shigella sonnei Ss046 (4825265 bp),negative_12_24,2460994,2488236,27243,backbone
NC_007384.1,Shigella sonnei Ss046 (4825265 bp),negative_12_25,2500472,2508915,8444,backbone
NC_007384.1,Shigella sonnei Ss046 (4825265 bp),negative_12_26,2757374,2767479,10106,backbone
NC_007384.1,Shigella sonnei Ss046 (4825265 bp),negative_12_27,3091268,3100568,9301,backbone
NC_007384.1,Shigella sonnei Ss046 (4825265 bp),negative_12_28,3118812,3129790,10979,backbone
NC_007384.1,Shigella sonnei Ss046 (4825265 bp),negative_12_29,3204134,3213226,9093,backbone
NC_007384.1,Shigella sonnei Ss046 (4825265 bp),negative_12_30,3215973,3226893,10921,backbone
NC_007384.1,Shigella sonnei Ss046 (4825265 bp),negative_12_31,3255597,3265820,10224,backbone
NC_007384.1,Shigella sonnei Ss046 (4825265 bp),negative_12_32,3476308,3495288,18981,backbone
NC_007384.1,Shigella sonnei Ss046 (4825265 bp),negative_12_33,3509600,3519744,10145,backbone
NC_007384.1,Shigella sonnei Ss046 (4825265 bp),negative_12_34,3608541,3626155,17615,backbone
NC_007384.1,Shigella sonnei Ss046 (4825265 bp),negative_12_35,3645201,3655789,10589,backbone
NC_007384.1,Shigella sonnei Ss046 (4825265 bp),negative_12_36,3679701,3693452,13752,backbone
NC_007384.1,Shigella sonnei Ss046 (4825265 bp),negative_12_37,3877144,3885917,8774,backbone
NC_007384.1,Shigella sonnei Ss046 (4825265 bp),negative_12_38,4084155,4096968,12814,backbone
NC_007384.1,Shigella sonnei Ss046 (4825265 bp),negative_12_39,4173455,4184505,11051,backbone
NC_007384.1,Shigella sonnei Ss046 (4825265 bp),negative_12_40,4232807,4241766,8960,backbone
NC_007384.1,Shigella sonnei Ss046 (4825265 bp),negative_12_41,4261996,4276839,14844,backbone
NC_007384.1,Shigella sonnei Ss046 (4825265 bp),negative_12_42,4333215,4341308,8094,backbone
NC_007384.1,Shigella sonnei Ss046 (4825265 bp),negative_12_43,4394236,4408738,14503,backbone
NC_007384.1,Shigella sonnei Ss046 (4825265 bp),negative_12_44,4618909,4631134,12226,backbone
NC_008819.1,Prochlorococcus marinus str. NATL1A (1864731 bp),negative_13_1,4593,25702,21110,backbone
NC_008819.1,Prochlorococcus marinus str. NATL1A (1864731 bp),negative_13_2,145817,157255,11439,backbone
NC_008819.1,Prochlorococcus marinus str. NATL1A (1864731 bp),negative_13_3,198860,208739,9880,backbone
NC_008819.1,Prochlorococcus marinus str. NATL1A (1864731 bp),negative_13_4,253455,273245,19791,backbone
NC_008819.1,Prochlorococcus marinus str. NATL1A (1864731 bp),negative_13_5,327282,338109,10828,backbone
NC_008819.1,Prochlorococcus marinus str. NATL1A (1864731 bp),negative_13_6,338567,351490,12924,backbone
NC_008819.1,Prochlorococcus marinus str. NATL1A (1864731 bp),negative_13_7,377578,391757,14180,backbone
NC_008819.1,Prochlorococcus marinus str. NATL1A (1864731 bp),negative_13_8,451744,463076,11333,backbone
NC_008819.1,Prochlorococcus marinus str. NATL1A (1864731 bp),negative_13_9,463080,473984,10905,backbone
NC_008819.1,Prochlorococcus marinus str. NATL1A (1864731 bp),negative_13_10,552663,563471,10809,backbone
NC_008819.1,Prochlorococcus marinus str. NATL1A (1864731 bp),negative_13_11,1231928,1251601,19674,backbone
NC_008819.1,Prochlorococcus marinus str. NATL1A (1864731 bp),negative_13_12,1373236,1381749,8514,backbone
NC_008819.1,Prochlorococcus marinus str. NATL1A (1864731 bp),negative_13_13,1413822,1422962,9141,backbone
NC_008819.1,Prochlorococcus marinus str. NATL1A (1864731 bp),negative_13_14,1428811,1439167,10357,backbone
NC_008819.1,Prochlorococcus marinus str. NATL1A (1864731 bp),negative_13_15,1441351,1449899,8549,backbone
NC_008819.1,Prochlorococcus marinus str. NATL1A (1864731 bp),negative_13_16,1516642,1527818,11177,backbone
NC_008819.1,Prochlorococcus marinus str. NATL1A (1864731 bp),negative_13_17,1539998,1550147,10150,backbone
NC_008819.1,Prochlorococcus marinus str. NATL1A (1864731 bp),negative_13_18,1596774,1618338,21565,backbone
NC_008819.1,Prochlorococcus marinus str. NATL1A (1864731 bp),negative_13_19,1634177,1648723,14547,backbone
NC_008819.1,Prochlorococcus marinus str. NATL1A (1864731 bp),negative_13_20,1691621,1710960,19340,backbone
NC_008819.1,Prochlorococcus marinus str. NATL1A (1864731 bp),negative_13_21,1717451,1727228,9778,backbone
NC_008819.1,Prochlorococcus marinus str. NATL1A (1864731 bp),negative_13_22,1775277,1784970,9694,backbone
NC_008819.1,Prochlorococcus marinus str. NATL1A (1864731 bp),negative_13_23,1789119,1797959,8841,backbone
NC_008819.1,Prochlorococcus marinus str. NATL1A (1864731 bp),negative_13_24,1800117,1808606,8490,backbone
NC_004631.1,Salmonella enterica subsp. enterica serovar Typhi Ty2 (4791961 bp),negative_14_1,100529,109022,8494,backbone
NC_004631.1,Salmonella enterica subsp. enterica serovar Typhi Ty2 (4791961 bp),negative_14_2,118645,130421,11777,backbone
NC_004631.1,Salmonella enterica subsp. enterica serovar Typhi Ty2 (4791961 bp),negative_14_3,130468,140783,10316,backbone
NC_004631.1,Salmonella enterica subsp. enterica serovar Typhi Ty2 (4791961 bp),negative_14_4,140821,163056,22236,backbone
NC_004631.1,Salmonella enterica subsp. enterica serovar Typhi Ty2 (4791961 bp),negative_14_5,246471,270876,24406,backbone
NC_004631.1,Salmonella enterica subsp. enterica serovar Typhi Ty2 (4791961 bp),negative_14_6,325473,335033,9561,backbone
NC_004631.1,Salmonella enterica subsp. enterica serovar Typhi Ty2 (4791961 bp),negative_14_7,355493,365397,9905,backbone
NC_004631.1,Salmonella enterica subsp. enterica serovar Typhi Ty2 (4791961 bp),negative_14_8,380010,388680,8671,backbone
NC_004631.1,Salmonella enterica subsp. enterica serovar Typhi Ty2 (4791961 bp),negative_14_9,552362,561078,8717,backbone
NC_004631.1,Salmonella enterica subsp. enterica serovar Typhi Ty2 (4791961 bp),negative_14_10,564910,575366,10457,backbone
NC_004631.1,Salmonella enterica subsp. enterica serovar Typhi Ty2 (4791961 bp),negative_14_11,598175,625333,27159,backbone
NC_004631.1,Salmonella enterica subsp. enterica serovar Typhi Ty2 (4791961 bp),negative_14_12,711564,720857,9294,backbone
NC_004631.1,Salmonella enterica subsp. enterica serovar Typhi Ty2 (4791961 bp),negative_14_13,1681073,1692235,11163,backbone
NC_004631.1,Salmonella enterica subsp. enterica serovar Typhi Ty2 (4791961 bp),negative_14_14,1711361,1721343,9983,backbone
NC_004631.1,Salmonella enterica subsp. enterica serovar Typhi Ty2 (4791961 bp),negative_14_15,1985814,2002599,16786,backbone
NC_004631.1,Salmonella enterica subsp. enterica serovar Typhi Ty2 (4791961 bp),negative_14_16,2024583,2040252,15670,backbone
NC_004631.1,Salmonella enterica subsp. enterica serovar Typhi Ty2 (4791961 bp),negative_14_17,2072436,2081144,8709,backbone
NC_004631.1,Salmonella enterica subsp. enterica serovar Typhi Ty2 (4791961 bp),negative_14_18,2187540,2196803,9264,backbone
NC_004631.1,Salmonella enterica subsp. enterica serovar Typhi Ty2 (4791961 bp),negative_14_19,2198430,2210144,11715,backbone
NC_004631.1,Salmonella enterica subsp. enterica serovar Typhi Ty2 (4791961 bp),negative_14_20,2259723,2277904,18182,backbone
NC_004631.1,Salmonella enterica subsp. enterica serovar Typhi Ty2 (4791961 bp),negative_14_21,2335848,2345086,9239,backbone
NC_004631.1,Salmonella enterica subsp. enterica serovar Typhi Ty2 (4791961 bp),negative_14_22,2450361,2461277,10917,backbone
NC_004631.1,Salmonella enterica subsp. enterica serovar Typhi Ty2 (4791961 bp),negative_14_23,2477388,2490354,12967,backbone
NC_004631.1,Salmonella enterica subsp. enterica serovar Typhi Ty2 (4791961 bp),negative_14_24,2986743,2995262,8520,backbone
NC_004631.1,Salmonella enterica subsp. enterica serovar Typhi Ty2 (4791961 bp),negative_14_25,3047236,3057284,10049,backbone
NC_004631.1,Salmonella enterica subsp. enterica serovar Typhi Ty2 (4791961 bp),negative_14_26,3060154,3071247,11094,backbone
NC_004631.1,Salmonella enterica subsp. enterica serovar Typhi Ty2 (4791961 bp),negative_14_27,3090107,3100932,10826,backbone
NC_004631.1,Salmonella enterica subsp. enterica serovar Typhi Ty2 (4791961 bp),negative_14_28,3187368,3197107,9740,backbone
NC_004631.1,Salmonella enterica subsp. enterica serovar Typhi Ty2 (4791961 bp),negative_14_29,3286082,3299946,13865,backbone
NC_004631.1,Salmonella enterica subsp. enterica serovar Typhi Ty2 (4791961 bp),negative_14_30,3310203,3321051,10849,backbone
NC_004631.1,Salmonella enterica subsp. enterica serovar Typhi Ty2 (4791961 bp),negative_14_31,3422260,3431363,9104,backbone
NC_004631.1,Salmonella enterica subsp. enterica serovar Typhi Ty2 (4791961 bp),negative_14_32,3465254,3473632,8379,backbone
NC_004631.1,Salmonella enterica subsp. enterica serovar Typhi Ty2 (4791961 bp),negative_14_33,3475612,3484938,9327,backbone
NC_004631.1,Salmonella enterica subsp. enterica serovar Typhi Ty2 (4791961 bp),negative_14_34,3550816,3560581,9766,backbone
NC_004631.1,Salmonella enterica subsp. enterica serovar Typhi Ty2 (4791961 bp),negative_14_35,3562609,3577128,14520,backbone
NC_004631.1,Salmonella enterica subsp. enterica serovar Typhi Ty2 (4791961 bp),negative_14_36,3711963,3726112,14150,backbone
NC_004631.1,Salmonella enterica subsp. enterica serovar Typhi Ty2 (4791961 bp),negative_14_37,3748325,3761245,12921,backbone
NC_004631.1,Salmonella enterica subsp. enterica serovar Typhi Ty2 (4791961 bp),negative_14_38,4094957,4109882,14926,backbone
NC_004631.1,Salmonella enterica subsp. enterica serovar Typhi Ty2 (4791961 bp),negative_14_39,4120498,4131662,11165,backbone
NC_004631.1,Salmonella enterica subsp. enterica serovar Typhi Ty2 (4791961 bp),negative_14_40,4160870,4178820,17951,backbone
NC_004631.1,Salmonella enterica subsp. enterica serovar Typhi Ty2 (4791961 bp),negative_14_41,4190986,4201491,10506,backbone
NC_004631.1,Salmonella enterica subsp. enterica serovar Typhi Ty2 (4791961 bp),negative_14_42,4217534,4232835,15302,backbone
NC_004631.1,Salmonella enterica subsp. enterica serovar Typhi Ty2 (4791961 bp),negative_14_43,4556013,4571550,15538,backbone
NC_002655.2,Escherichia coli O157:H7 EDL933 (5528445 bp),negative_15_1,83456,93338,9883,backbone
NC_002655.2,Escherichia coli O157:H7 EDL933 (5528445 bp),negative_15_2,100492,112161,11670,backbone
NC_002655.2,Escherichia coli O157:H7 EDL933 (5528445 bp),negative_15_3,112176,124626,12451,backbone
NC_002655.2,Escherichia coli O157:H7 EDL933 (5528445 bp),negative_15_4,177802,186491,8690,backbone
NC_002655.2,Escherichia coli O157:H7 EDL933 (5528445 bp),negative_15_5,188854,212962,24109,backbone
NC_002655.2,Escherichia coli O157:H7 EDL933 (5528445 bp),negative_15_6,504231,512810,8580,backbone
NC_002655.2,Escherichia coli O157:H7 EDL933 (5528445 bp),negative_15_7,518141,529198,11058,backbone
NC_002655.2,Escherichia coli O157:H7 EDL933 (5528445 bp),negative_15_8,773974,789955,15982,backbone
NC_002655.2,Escherichia coli O157:H7 EDL933 (5528445 bp),negative_15_9,798897,807513,8617,backbone
NC_002655.2,Escherichia coli O157:H7 EDL933 (5528445 bp),negative_15_10,831542,843099,11558,backbone
NC_002655.2,Escherichia coli O157:H7 EDL933 (5528445 bp),negative_15_11,857589,866722,9134,backbone
NC_002655.2,Escherichia coli O157:H7 EDL933 (5528445 bp),negative_15_12,945257,954739,9483,backbone
NC_002655.2,Escherichia coli O157:H7 EDL933 (5528445 bp),negative_15_13,1146527,1160907,14381,backbone
NC_002655.2,Escherichia coli O157:H7 EDL933 (5528445 bp),negative_15_14,1179893,1205696,25804,backbone
NC_002655.2,Escherichia coli O157:H7 EDL933 (5528445 bp),negative_15_15,1223361,1233552,10192,backbone
NC_002655.2,Escherichia coli O157:H7 EDL933 (5528445 bp),negative_15_16,1829540,1841584,12045,backbone
NC_002655.2,Escherichia coli O157:H7 EDL933 (5528445 bp),negative_15_17,2248806,2258705,9900,backbone
NC_002655.2,Escherichia coli O157:H7 EDL933 (5528445 bp),negative_15_18,2607688,2616520,8833,backbone
NC_002655.2,Escherichia coli O157:H7 EDL933 (5528445 bp),negative_15_19,3074060,3089027,14968,backbone
NC_002655.2,Escherichia coli O157:H7 EDL933 (5528445 bp),negative_15_20,3174133,3182792,8660,backbone
NC_002655.2,Escherichia coli O157:H7 EDL933 (5528445 bp),negative_15_21,3186052,3213282,27231,backbone
NC_002655.2,Escherichia coli O157:H7 EDL933 (5528445 bp),negative_15_22,3224839,3234980,10142,backbone
NC_002655.2,Escherichia coli O157:H7 EDL933 (5528445 bp),negative_15_23,3236746,3245477,8732,backbone
NC_002655.2,Escherichia coli O157:H7 EDL933 (5528445 bp),negative_15_24,3322417,3330551,8135,backbone
NC_002655.2,Escherichia coli O157:H7 EDL933 (5528445 bp),negative_15_25,3421591,3430974,9384,backbone
NC_002655.2,Escherichia coli O157:H7 EDL933 (5528445 bp),negative_15_26,3444647,3454600,9954,backbone
NC_002655.2,Escherichia coli O157:H7 EDL933 (5528445 bp),negative_15_27,3850604,3861420,10817,backbone
NC_002655.2,Escherichia coli O157:H7 EDL933 (5528445 bp),negative_15_28,3892217,3902207,9991,backbone
NC_002655.2,Escherichia coli O157:H7 EDL933 (5528445 bp),negative_15_29,4110306,4128064,17759,backbone
NC_002655.2,Escherichia coli O157:H7 EDL933 (5528445 bp),negative_15_30,4190950,4205832,14883,backbone
NC_002655.2,Escherichia coli O157:H7 EDL933 (5528445 bp),negative_15_31,4237975,4255591,17617,backbone
NC_002655.2,Escherichia coli O157:H7 EDL933 (5528445 bp),negative_15_32,4296472,4310070,13599,backbone
NC_002655.2,Escherichia coli O157:H7 EDL933 (5528445 bp),negative_15_33,4347156,4358207,11052,backbone
NC_002655.2,Escherichia coli O157:H7 EDL933 (5528445 bp),negative_15_34,4777880,4798652,20773,backbone
NC_002655.2,Escherichia coli O157:H7 EDL933 (5528445 bp),negative_15_35,4849076,4858650,9575,backbone
NC_002655.2,Escherichia coli O157:H7 EDL933 (5528445 bp),negative_15_36,4914615,4924613,9999,backbone
NC_002655.2,Escherichia coli O157:H7 EDL933 (5528445 bp),negative_15_37,4989431,4997529,8099,backbone
NC_002655.2,Escherichia coli O157:H7 EDL933 (5528445 bp),negative_15_38,5052868,5067118,14251,backbone
NC_002655.2,Escherichia coli O157:H7 EDL933 (5528445 bp),negative_15_39,5275895,5291586,15692,backbone
NC_002655.2,Escherichia coli O157:H7 EDL933 (5528445 bp),negative_15_40,5494472,5509439,14968,backbone
NC_009801.1,Escherichia coli E24377A (4979619 bp),negative_16_1,109263,121710,12448,backbone
NC_009801.1,Escherichia coli E24377A (4979619 bp),negative_16_2,174945,183634,8690,backbone
NC_009801.1,Escherichia coli E24377A (4979619 bp),negative_16_3,185997,210248,24252,backbone
NC_009801.1,Escherichia coli E24377A (4979619 bp),negative_16_4,487234,498292,11059,backbone
NC_009801.1,Escherichia coli E24377A (4979619 bp),negative_16_5,717604,733227,15624,backbone
NC_009801.1,Escherichia coli E24377A (4979619 bp),negative_16_6,742199,750906,8708,backbone
NC_009801.1,Escherichia coli E24377A (4979619 bp),negative_16_7,773385,784842,11458,backbone
NC_009801.1,Escherichia coli E24377A (4979619 bp),negative_16_8,791290,800548,9259,backbone
NC_009801.1,Escherichia coli E24377A (4979619 bp),negative_16_9,863916,876289,12374,backbone
NC_009801.1,Escherichia coli E24377A (4979619 bp),negative_16_10,975637,989138,13502,backbone
NC_009801.1,Escherichia coli E24377A (4979619 bp),negative_16_11,1026942,1052915,25974,backbone
NC_009801.1,Escherichia coli E24377A (4979619 bp),negative_16_12,1083405,1093508,10104,backbone
NC_009801.1,Escherichia coli E24377A (4979619 bp),negative_16_13,1365460,1376934,11475,backbone
NC_009801.1,Escherichia coli E24377A (4979619 bp),negative_16_14,1385469,1395665,10197,backbone
NC_009801.1,Escherichia coli E24377A (4979619 bp),negative_16_15,1459496,1469393,9898,backbone
NC_009801.1,Escherichia coli E24377A (4979619 bp),negative_16_16,1831683,1845263,13581,backbone
NC_009801.1,Escherichia coli E24377A (4979619 bp),negative_16_17,2058246,2067078,8833,backbone
NC_009801.1,Escherichia coli E24377A (4979619 bp),negative_16_18,2456152,2471117,14966,backbone
NC_009801.1,Escherichia coli E24377A (4979619 bp),negative_16_19,2548521,2557180,8660,backbone
NC_009801.1,Escherichia coli E24377A (4979619 bp),negative_16_20,2560435,2587556,27122,backbone
NC_009801.1,Escherichia coli E24377A (4979619 bp),negative_16_21,2599155,2608785,9631,backbone
NC_009801.1,Escherichia coli E24377A (4979619 bp),negative_16_22,2686199,2694333,8135,backbone
NC_009801.1,Escherichia coli E24377A (4979619 bp),negative_16_23,2786009,2795394,9386,backbone
NC_009801.1,Escherichia coli E24377A (4979619 bp),negative_16_24,2804229,2814181,9953,backbone
NC_009801.1,Escherichia coli E24377A (4979619 bp),negative_16_25,3298546,3308535,9990,backbone
NC_009801.1,Escherichia coli E24377A (4979619 bp),negative_16_26,3637771,3655654,17884,backbone
NC_009801.1,Escherichia coli E24377A (4979619 bp),negative_16_27,3718579,3733458,14880,backbone
NC_009801.1,Escherichia coli E24377A (4979619 bp),negative_16_28,3765554,3783170,17617,backbone
NC_009801.1,Escherichia coli E24377A (4979619 bp),negative_16_29,3799221,3811605,12385,backbone
NC_009801.1,Escherichia coli E24377A (4979619 bp),negative_16_30,3831741,3845331,13591,backbone
NC_009801.1,Escherichia coli E24377A (4979619 bp),negative_16_31,3881614,3893026,11413,backbone
NC_009801.1,Escherichia coli E24377A (4979619 bp),negative_16_32,4109618,4120991,11374,backbone
NC_009801.1,Escherichia coli E24377A (4979619 bp),negative_16_33,4237354,4258509,21156,backbone
NC_009801.1,Escherichia coli E24377A (4979619 bp),negative_16_34,4375112,4385113,10002,backbone
NC_009801.1,Escherichia coli E24377A (4979619 bp),negative_16_35,4446849,4454947,8099,backbone
NC_009801.1,Escherichia coli E24377A (4979619 bp),negative_16_36,4512131,4526926,14796,backbone
NC_009801.1,Escherichia coli E24377A (4979619 bp),negative_16_37,4724309,4740000,15692,backbone
NC_009801.1,Escherichia coli E24377A (4979619 bp),negative_16_38,4945464,4960667,15204,backbone
NC_009801.1,Escherichia coli E24377A (4979619 bp),negative_16_39,80538,90422,9885,backbone
NC_009801.1,Escherichia coli E24377A (4979619 bp),negative_16_40,97576,109247,11672,backbone
NC_002758.2,Staphylococcus aureus subsp. aureus Mu50 (2878529 bp),negative_17_1,15564,24319,8756,backbone
NC_002758.2,Staphylococcus aureus subsp. aureus Mu50 (2878529 bp),negative_17_2,537657,552103,14447,backbone
NC_002758.2,Staphylococcus aureus subsp. aureus Mu50 (2878529 bp),negative_17_3,584301,617540,33240,backbone
NC_002758.2,Staphylococcus aureus subsp. aureus Mu50 (2878529 bp),negative_17_4,837335,850569,13235,backbone
NC_002758.2,Staphylococcus aureus subsp. aureus Mu50 (2878529 bp),negative_17_5,1116978,1127116,10139,backbone
NC_002758.2,Staphylococcus aureus subsp. aureus Mu50 (2878529 bp),negative_17_6,1146638,1158175,11538,backbone
NC_002758.2,Staphylococcus aureus subsp. aureus Mu50 (2878529 bp),negative_17_7,1196670,1206843,10174,backbone
NC_002758.2,Staphylococcus aureus subsp. aureus Mu50 (2878529 bp),negative_17_8,1319598,1339307,19710,backbone
NC_002758.2,Staphylococcus aureus subsp. aureus Mu50 (2878529 bp),negative_17_9,1574514,1585531,11018,backbone
NC_002758.2,Staphylococcus aureus subsp. aureus Mu50 (2878529 bp),negative_17_10,1662078,1671006,8929,backbone
NC_002758.2,Staphylococcus aureus subsp. aureus Mu50 (2878529 bp),negative_17_11,1687546,1697674,10129,backbone
NC_002758.2,Staphylococcus aureus subsp. aureus Mu50 (2878529 bp),negative_17_12,1744755,1758782,14028,backbone
NC_002758.2,Staphylococcus aureus subsp. aureus Mu50 (2878529 bp),negative_17_13,1782890,1792835,9946,backbone
NC_002758.2,Staphylococcus aureus subsp. aureus Mu50 (2878529 bp),negative_17_14,2003940,2012452,8513,backbone
NC_002758.2,Staphylococcus aureus subsp. aureus Mu50 (2878529 bp),negative_17_15,2044995,2053075,8081,backbone
NC_002758.2,Staphylococcus aureus subsp. aureus Mu50 (2878529 bp),negative_17_16,2170958,2184954,13997,backbone
NC_002758.2,Staphylococcus aureus subsp. aureus Mu50 (2878529 bp),negative_17_17,2231558,2243811,12254,backbone
NC_002758.2,Staphylococcus aureus subsp. aureus Mu50 (2878529 bp),negative_17_18,2250761,2260110,9350,backbone
NC_002758.2,Staphylococcus aureus subsp. aureus Mu50 (2878529 bp),negative_17_19,2364065,2379273,15209,backbone
NC_008258.1,Shigella flexneri 5 str. 8401 (4574284 bp),negative_18_1,48709,57163,8455,backbone
NC_008258.1,Shigella flexneri 5 str. 8401 (4574284 bp),negative_18_2,76358,86581,10224,backbone
NC_008258.1,Shigella flexneri 5 str. 8401 (4574284 bp),negative_18_3,87399,109429,22031,backbone
NC_008258.1,Shigella flexneri 5 str. 8401 (4574284 bp),negative_18_4,109964,118070,8107,backbone
NC_008258.1,Shigella flexneri 5 str. 8401 (4574284 bp),negative_18_5,156179,164902,8724,backbone
NC_008258.1,Shigella flexneri 5 str. 8401 (4574284 bp),negative_18_6,175715,200190,24476,backbone
NC_008258.1,Shigella flexneri 5 str. 8401 (4574284 bp),negative_18_7,424828,437552,12725,backbone
NC_008258.1,Shigella flexneri 5 str. 8401 (4574284 bp),negative_18_8,453113,464097,10985,backbone
NC_008258.1,Shigella flexneri 5 str. 8401 (4574284 bp),negative_18_9,619725,628902,9178,backbone
NC_008258.1,Shigella flexneri 5 str. 8401 (4574284 bp),negative_18_10,635353,646922,11570,backbone
NC_008258.1,Shigella flexneri 5 str. 8401 (4574284 bp),negative_18_11,668495,676757,8263,backbone
NC_008258.1,Shigella flexneri 5 str. 8401 (4574284 bp),negative_18_12,872583,881047,8465,backbone
NC_008258.1,Shigella flexneri 5 str. 8401 (4574284 bp),negative_18_13,911692,925784,14093,backbone
NC_008258.1,Shigella flexneri 5 str. 8401 (4574284 bp),negative_18_14,951756,971557,19802,backbone
NC_008258.1,Shigella flexneri 5 str. 8401 (4574284 bp),negative_18_15,1152471,1165803,13333,backbone
NC_008258.1,Shigella flexneri 5 str. 8401 (4574284 bp),negative_18_16,1270557,1278838,8282,backbone
NC_008258.1,Shigella flexneri 5 str. 8401 (4574284 bp),negative_18_17,1285725,1294521,8797,backbone
NC_008258.1,Shigella flexneri 5 str. 8401 (4574284 bp),negative_18_18,1305277,1315475,10199,backbone
NC_008258.1,Shigella flexneri 5 str. 8401 (4574284 bp),negative_18_19,1335036,1345880,10845,backbone
NC_008258.1,Shigella flexneri 5 str. 8401 (4574284 bp),negative_18_20,1682057,1690905,8849,backbone
NC_008258.1,Shigella flexneri 5 str. 8401 (4574284 bp),negative_18_21,1895142,1903973,8832,backbone
NC_008258.1,Shigella flexneri 5 str. 8401 (4574284 bp),negative_18_22,2034261,2043716,9456,backbone
NC_008258.1,Shigella flexneri 5 str. 8401 (4574284 bp),negative_18_23,2284759,2299723,14965,backbone
NC_008258.1,Shigella flexneri 5 str. 8401 (4574284 bp),negative_18_24,2380576,2388999,8424,backbone
NC_008258.1,Shigella flexneri 5 str. 8401 (4574284 bp),negative_18_25,2390714,2417580,26867,backbone
NC_008258.1,Shigella flexneri 5 str. 8401 (4574284 bp),negative_18_26,2430722,2441533,10812,backbone
NC_008258.1,Shigella flexneri 5 str. 8401 (4574284 bp),negative_18_27,2442405,2451213,8809,backbone
NC_008258.1,Shigella flexneri 5 str. 8401 (4574284 bp),negative_18_28,2621218,2630193,8976,backbone
NC_008258.1,Shigella flexneri 5 str. 8401 (4574284 bp),negative_18_29,2635115,2644782,9668,backbone
NC_008258.1,Shigella flexneri 5 str. 8401 (4574284 bp),negative_18_30,2669655,2679192,9538,backbone
NC_008258.1,Shigella flexneri 5 str. 8401 (4574284 bp),negative_18_31,2958988,2967502,8515,backbone
NC_008258.1,Shigella flexneri 5 str. 8401 (4574284 bp),negative_18_32,3006847,3016178,9332,backbone
NC_008258.1,Shigella flexneri 5 str. 8401 (4574284 bp),negative_18_33,3018222,3029317,11096,backbone
NC_008258.1,Shigella flexneri 5 str. 8401 (4574284 bp),negative_18_34,3060781,3070813,10033,backbone
NC_008258.1,Shigella flexneri 5 str. 8401 (4574284 bp),negative_18_35,3260437,3274190,13754,backbone
NC_008258.1,Shigella flexneri 5 str. 8401 (4574284 bp),negative_18_36,3286317,3297160,10844,backbone
NC_008258.1,Shigella flexneri 5 str. 8401 (4574284 bp),negative_18_37,3336688,3348014,11327,backbone
NC_008258.1,Shigella flexneri 5 str. 8401 (4574284 bp),negative_18_38,3384742,3399624,14883,backbone
NC_008258.1,Shigella flexneri 5 str. 8401 (4574284 bp),negative_18_39,3443940,3461783,17844,backbone
NC_008258.1,Shigella flexneri 5 str. 8401 (4574284 bp),negative_18_40,3791461,3800501,9041,backbone
NC_008258.1,Shigella flexneri 5 str. 8401 (4574284 bp),negative_18_41,3802988,3811554,8567,backbone
NC_008258.1,Shigella flexneri 5 str. 8401 (4574284 bp),negative_18_42,3816565,3826486,9922,backbone
NC_008258.1,Shigella flexneri 5 str. 8401 (4574284 bp),negative_18_43,3848168,3860903,12736,backbone
NC_008258.1,Shigella flexneri 5 str. 8401 (4574284 bp),negative_18_44,4003807,4011980,8174,backbone
NC_008258.1,Shigella flexneri 5 str. 8401 (4574284 bp),negative_18_45,4166042,4180562,14521,backbone
NC_008258.1,Shigella flexneri 5 str. 8401 (4574284 bp),negative_18_46,4180602,4190781,10180,backbone
NC_008258.1,Shigella flexneri 5 str. 8401 (4574284 bp),negative_18_47,4469651,4480547,10897,backbone
NC_008258.1,Shigella flexneri 5 str. 8401 (4574284 bp),negative_18_48,4546075,4555334,9260,backbone
NC_009997.1,Shewanella baltica OS195 (5347283 bp),negative_19_1,230666,246330,15665,backbone
NC_009997.1,Shewanella baltica OS195 (5347283 bp),negative_19_2,247283,262724,15442,backbone
NC_009997.1,Shewanella baltica OS195 (5347283 bp),negative_19_3,446918,455896,8979,backbone
NC_009997.1,Shewanella baltica OS195 (5347283 bp),negative_19_4,1455904,1465487,9584,backbone
NC_009997.1,Shewanella baltica OS195 (5347283 bp),negative_19_5,1505124,1514586,9463,backbone
NC_009997.1,Shewanella baltica OS195 (5347283 bp),negative_19_6,1962384,1971266,8883,backbone
NC_009997.1,Shewanella baltica OS195 (5347283 bp),negative_19_7,3022408,3031459,9052,backbone
NC_009997.1,Shewanella baltica OS195 (5347283 bp),negative_19_8,3109255,3118602,9348,backbone
NC_009997.1,Shewanella baltica OS195 (5347283 bp),negative_19_9,3622468,3632206,9739,backbone
NC_009997.1,Shewanella baltica OS195 (5347283 bp),negative_19_10,5330652,5340370,9719,backbone
NC_005945.1,Bacillus anthracis str. Sterne (5228663 bp),negative_20_1,374,82210,81837,backbone
NC_005945.1,Bacillus anthracis str. Sterne (5228663 bp),negative_20_2,87060,150654,63595,backbone
NC_005945.1,Bacillus anthracis str. Sterne (5228663 bp),negative_20_3,150805,159740,8936,backbone
NC_005945.1,Bacillus anthracis str. Sterne (5228663 bp),negative_20_4,184498,192844,8347,backbone
NC_005945.1,Bacillus anthracis str. Sterne (5228663 bp),negative_20_5,237619,260514,22896,backbone
NC_005945.1,Bacillus anthracis str. Sterne (5228663 bp),negative_20_6,262470,272924,10455,backbone
NC_005945.1,Bacillus anthracis str. Sterne (5228663 bp),negative_20_7,295243,307152,11910,backbone
NC_005945.1,Bacillus anthracis str. Sterne (5228663 bp),negative_20_8,308563,319291,10729,backbone
NC_005945.1,Bacillus anthracis str. Sterne (5228663 bp),negative_20_9,370336,380781,10446,backbone
NC_005945.1,Bacillus anthracis str. Sterne (5228663 bp),negative_20_10,404004,415884,11881,backbone
NC_005945.1,Bacillus anthracis str. Sterne (5228663 bp),negative_20_11,429283,438328,9046,backbone
NC_005945.1,Bacillus anthracis str. Sterne (5228663 bp),negative_20_12,438835,447131,8297,backbone
NC_005945.1,Bacillus anthracis str. Sterne (5228663 bp),negative_20_13,516124,531657,15534,backbone
NC_005945.1,Bacillus anthracis str. Sterne (5228663 bp),negative_20_14,677976,688460,10485,backbone
NC_005945.1,Bacillus anthracis str. Sterne (5228663 bp),negative_20_15,752155,770117,17963,backbone
NC_005945.1,Bacillus anthracis str. Sterne (5228663 bp),negative_20_16,858966,871110,12145,backbone
NC_005945.1,Bacillus anthracis str. Sterne (5228663 bp),negative_20_17,1110532,1119597,9066,backbone
NC_005945.1,Bacillus anthracis str. Sterne (5228663 bp),negative_20_18,1119602,1128303,8702,backbone
NC_005945.1,Bacillus anthracis str. Sterne (5228663 bp),negative_20_19,1137927,1146655,8729,backbone
NC_005945.1,Bacillus anthracis str. Sterne (5228663 bp),negative_20_20,1146846,1177815,30970,backbone
NC_005945.1,Bacillus anthracis str. Sterne (5228663 bp),negative_20_21,1253022,1266554,13533,backbone
NC_005945.1,Bacillus anthracis str. Sterne (5228663 bp),negative_20_22,1267063,1276178,9116,backbone
NC_005945.1,Bacillus anthracis str. Sterne (5228663 bp),negative_20_23,1276514,1285413,8900,backbone
NC_005945.1,Bacillus anthracis str. Sterne (5228663 bp),negative_20_24,1316017,1326004,9988,backbone
NC_005945.1,Bacillus anthracis str. Sterne (5228663 bp),negative_20_25,1339542,1377004,37463,backbone
NC_005945.1,Bacillus anthracis str. Sterne (5228663 bp),negative_20_26,1387332,1395557,8226,backbone
NC_005945.1,Bacillus anthracis str. Sterne (5228663 bp),negative_20_27,1404839,1455055,50217,backbone
NC_005945.1,Bacillus anthracis str. Sterne (5228663 bp),negative_20_28,1471475,1480806,9332,backbone
NC_005945.1,Bacillus anthracis str. Sterne (5228663 bp),negative_20_29,1497532,1507949,10418,backbone
NC_005945.1,Bacillus anthracis str. Sterne (5228663 bp),negative_20_30,1565239,1573370,8132,backbone
NC_005945.1,Bacillus anthracis str. Sterne (5228663 bp),negative_20_31,1580877,1594596,13720,backbone
NC_005945.1,Bacillus anthracis str. Sterne (5228663 bp),negative_20_32,1608017,1618004,9988,backbone
NC_005945.1,Bacillus anthracis str. Sterne (5228663 bp),negative_20_33,1918263,1928863,10601,backbone
NC_005945.1,Bacillus anthracis str. Sterne (5228663 bp),negative_20_34,1929659,1940805,11147,backbone
NC_005945.1,Bacillus anthracis str. Sterne (5228663 bp),negative_20_35,2087852,2102124,14273,backbone
NC_005945.1,Bacillus anthracis str. Sterne (5228663 bp),negative_20_36,2137831,2149921,12091,backbone
NC_005945.1,Bacillus anthracis str. Sterne (5228663 bp),negative_20_37,2182333,2197482,15150,backbone
NC_005945.1,Bacillus anthracis str. Sterne (5228663 bp),negative_20_38,2203643,2218601,14959,backbone
NC_005945.1,Bacillus anthracis str. Sterne (5228663 bp),negative_20_39,2369327,2378428,9102,backbone
NC_005945.1,Bacillus anthracis str. Sterne (5228663 bp),negative_20_40,3363109,3378403,15295,backbone
NC_005945.1,Bacillus anthracis str. Sterne (5228663 bp),negative_20_41,3576046,3591392,15347,backbone
NC_005945.1,Bacillus anthracis str. Sterne (5228663 bp),negative_20_42,3591719,3608612,16894,backbone
NC_005945.1,Bacillus anthracis str. Sterne (5228663 bp),negative_20_43,3615863,3693460,77598,backbone
NC_005945.1,Bacillus anthracis str. Sterne (5228663 bp),negative_20_44,3700116,3746115,46000,backbone
NC_005945.1,Bacillus anthracis str. Sterne (5228663 bp),negative_20_45,3790221,3800896,10676,backbone
NC_005945.1,Bacillus anthracis str. Sterne (5228663 bp),negative_20_46,3802106,3854750,52645,backbone
NC_005945.1,Bacillus anthracis str. Sterne (5228663 bp),negative_20_47,3859641,3874207,14567,backbone
NC_005945.1,Bacillus anthracis str. Sterne (5228663 bp),negative_20_48,3888990,3929980,40991,backbone
NC_005945.1,Bacillus anthracis str. Sterne (5228663 bp),negative_20_49,3930474,3946568,16095,backbone
NC_005945.1,Bacillus anthracis str. Sterne (5228663 bp),negative_20_50,3951870,3971208,19339,backbone
NC_005945.1,Bacillus anthracis str. Sterne (5228663 bp),negative_20_51,3972130,3982304,10175,backbone
NC_005945.1,Bacillus anthracis str. Sterne (5228663 bp),negative_20_52,3994269,4007552,13284,backbone
NC_005945.1,Bacillus anthracis str. Sterne (5228663 bp),negative_20_53,4009469,4031152,21684,backbone
NC_005945.1,Bacillus anthracis str. Sterne (5228663 bp),negative_20_54,4046463,4058852,12390,backbone
NC_005945.1,Bacillus anthracis str. Sterne (5228663 bp),negative_20_55,4069009,4122449,53441,backbone
NC_005945.1,Bacillus anthracis str. Sterne (5228663 bp),negative_20_56,4122455,4151121,28667,backbone
NC_005945.1,Bacillus anthracis str. Sterne (5228663 bp),negative_20_57,4186141,4205973,19833,backbone
NC_005945.1,Bacillus anthracis str. Sterne (5228663 bp),negative_20_58,4211794,4222293,10500,backbone
NC_005945.1,Bacillus anthracis str. Sterne (5228663 bp),negative_20_59,4231988,4241108,9121,backbone
NC_005945.1,Bacillus anthracis str. Sterne (5228663 bp),negative_20_60,4241525,4260008,18484,backbone
NC_005945.1,Bacillus anthracis str. Sterne (5228663 bp),negative_20_61,4267059,4275970,8912,backbone
NC_005945.1,Bacillus anthracis str. Sterne (5228663 bp),negative_20_62,4276710,4286419,9710,backbone
NC_005945.1,Bacillus anthracis str. Sterne (5228663 bp),negative_20_63,4316909,4326821,9913,backbone
NC_005945.1,Bacillus anthracis str. Sterne (5228663 bp),negative_20_64,4375158,4384340,9183,backbone
NC_005945.1,Bacillus anthracis str. Sterne (5228663 bp),negative_20_65,4384390,4405567,21178,backbone
NC_005945.1,Bacillus anthracis str. Sterne (5228663 bp),negative_20_66,4406405,4419959,13555,backbone
NC_005945.1,Bacillus anthracis str. Sterne (5228663 bp),negative_20_67,4430668,4439909,9242,backbone
NC_005945.1,Bacillus anthracis str. Sterne (5228663 bp),negative_20_68,4492346,4509123,16778,backbone
NC_005945.1,Bacillus anthracis str. Sterne (5228663 bp),negative_20_69,4628477,4639339,10863,backbone
NC_005945.1,Bacillus anthracis str. Sterne (5228663 bp),negative_20_70,4639354,4649157,9804,backbone
NC_005945.1,Bacillus anthracis str. Sterne (5228663 bp),negative_20_71,4658491,4675395,16905,backbone
NC_005945.1,Bacillus anthracis str. Sterne (5228663 bp),negative_20_72,4753271,4765188,11918,backbone
NC_005945.1,Bacillus anthracis str. Sterne (5228663 bp),negative_20_73,4859762,4868701,8940,backbone
NC_005945.1,Bacillus anthracis str. Sterne (5228663 bp),negative_20_74,4868884,4885350,16467,backbone
NC_005945.1,Bacillus anthracis str. Sterne (5228663 bp),negative_20_75,4901899,4915802,13904,backbone
NC_005945.1,Bacillus anthracis str. Sterne (5228663 bp),negative_20_76,4957244,4971108,13865,backbone
NC_005945.1,Bacillus anthracis str. Sterne (5228663 bp),negative_20_77,5015739,5032949,17211,backbone
NC_005945.1,Bacillus anthracis str. Sterne (5228663 bp),negative_20_78,5035596,5050847,15252,backbone
NC_005945.1,Bacillus anthracis str. Sterne (5228663 bp),negative_20_79,5053158,5078334,25177,backbone
NC_005945.1,Bacillus anthracis str. Sterne (5228663 bp),negative_20_80,5101065,5113087,12023,backbone
NC_005945.1,Bacillus anthracis str. Sterne (5228663 bp),negative_20_81,5113285,5122086,8802,backbone
NC_005945.1,Bacillus anthracis str. Sterne (5228663 bp),negative_20_82,5172001,5183861,11861,backbone
NC_005945.1,Bacillus anthracis str. Sterne (5228663 bp),negative_20_83,5200431,5228547,28117,backbone
NC_004459.2,Vibrio vulnificus CMCP6 chromosome I (3281944 bp),negative_21_1,142202,151913,9712,backbone
NC_004459.2,Vibrio vulnificus CMCP6 chromosome I (3281944 bp),negative_21_2,751931,765799,13869,backbone
NC_004459.2,Vibrio vulnificus CMCP6 chromosome I (3281944 bp),negative_21_3,881725,890896,9172,backbone
NC_004459.2,Vibrio vulnificus CMCP6 chromosome I (3281944 bp),negative_21_4,999912,1011134,11223,backbone
NC_004459.2,Vibrio vulnificus CMCP6 chromosome I (3281944 bp),negative_21_5,1013378,1023915,10538,backbone
NC_004459.2,Vibrio vulnificus CMCP6 chromosome I (3281944 bp),negative_21_6,1182464,1195908,13445,backbone
NC_004459.2,Vibrio vulnificus CMCP6 chromosome I (3281944 bp),negative_21_7,1425362,1436066,10705,backbone
NC_004459.2,Vibrio vulnificus CMCP6 chromosome I (3281944 bp),negative_21_8,1575650,1588414,12765,backbone
NC_004459.2,Vibrio vulnificus CMCP6 chromosome I (3281944 bp),negative_21_9,1642240,1651833,9594,backbone
NC_004459.2,Vibrio vulnificus CMCP6 chromosome I (3281944 bp),negative_21_10,1861759,1875321,13563,backbone
NC_009074.1,Burkholderia pseudomallei 668 chromosome I (3912947 bp),negative_22_1,1708468,1718268,9801,backbone
NC_009074.1,Burkholderia pseudomallei 668 chromosome I (3912947 bp),negative_22_2,1727483,1736238,8756,backbone
NC_009074.1,Burkholderia pseudomallei 668 chromosome I (3912947 bp),negative_22_3,1803495,1813176,9682,backbone
NC_009074.1,Burkholderia pseudomallei 668 chromosome I (3912947 bp),negative_22_4,2724019,2733054,9036,backbone
NC_009074.1,Burkholderia pseudomallei 668 chromosome I (3912947 bp),negative_22_5,2733738,2768014,34277,backbone
NC_009074.1,Burkholderia pseudomallei 668 chromosome I (3912947 bp),negative_22_6,2769407,2780694,11288,backbone
NC_009074.1,Burkholderia pseudomallei 668 chromosome I (3912947 bp),negative_22_7,2829660,2853452,23793,backbone
NC_009074.1,Burkholderia pseudomallei 668 chromosome I (3912947 bp),negative_22_8,2940092,2948952,8861,backbone
NC_009074.1,Burkholderia pseudomallei 668 chromosome I (3912947 bp),negative_22_9,3015548,3029383,13836,backbone
NC_009074.1,Burkholderia pseudomallei 668 chromosome I (3912947 bp),negative_22_10,3050253,3060164,9912,backbone
NC_009074.1,Burkholderia pseudomallei 668 chromosome I (3912947 bp),negative_22_11,3130143,3138353,8211,backbone
NC_009074.1,Burkholderia pseudomallei 668 chromosome I (3912947 bp),negative_22_12,3209895,3227479,17585,backbone
NC_009074.1,Burkholderia pseudomallei 668 chromosome I (3912947 bp),negative_22_13,3233274,3242589,9316,backbone
NC_009074.1,Burkholderia pseudomallei 668 chromosome I (3912947 bp),negative_22_14,3260934,3271270,10337,backbone
NC_009074.1,Burkholderia pseudomallei 668 chromosome I (3912947 bp),negative_22_15,3293024,3302718,9695,backbone
NC_009074.1,Burkholderia pseudomallei 668 chromosome I (3912947 bp),negative_22_16,3339207,3348593,9387,backbone
NC_009074.1,Burkholderia pseudomallei 668 chromosome I (3912947 bp),negative_22_17,3369929,3378411,8483,backbone
NC_009074.1,Burkholderia pseudomallei 668 chromosome I (3912947 bp),negative_22_18,3392766,3414515,21750,backbone
NC_009074.1,Burkholderia pseudomallei 668 chromosome I (3912947 bp),negative_22_19,3432619,3445960,13342,backbone
NC_009074.1,Burkholderia pseudomallei 668 chromosome I (3912947 bp),negative_22_20,3446272,3470018,23747,backbone
NC_009074.1,Burkholderia pseudomallei 668 chromosome I (3912947 bp),negative_22_21,3478942,3502371,23430,backbone
NC_009074.1,Burkholderia pseudomallei 668 chromosome I (3912947 bp),negative_22_22,3574024,3604516,30493,backbone
NC_009074.1,Burkholderia pseudomallei 668 chromosome I (3912947 bp),negative_22_23,3632807,3643474,10668,backbone
NC_009074.1,Burkholderia pseudomallei 668 chromosome I (3912947 bp),negative_22_24,3643715,3660691,16977,backbone
NC_009074.1,Burkholderia pseudomallei 668 chromosome I (3912947 bp),negative_22_25,3661028,3679536,18509,backbone
NC_009074.1,Burkholderia pseudomallei 668 chromosome I (3912947 bp),negative_22_26,3694267,3703821,9555,backbone
NC_009074.1,Burkholderia pseudomallei 668 chromosome I (3912947 bp),negative_22_27,3749404,3764761,15358,backbone
NC_009074.1,Burkholderia pseudomallei 668 chromosome I (3912947 bp),negative_22_28,3864427,3880230,15804,backbone
NC_009074.1,Burkholderia pseudomallei 668 chromosome I (3912947 bp),negative_22_29,3903073,3912649,9577,backbone
NC_009074.1,Burkholderia pseudomallei 668 chromosome I (3912947 bp),negative_22_30,142150,153005,10856,backbone
NC_009074.1,Burkholderia pseudomallei 668 chromosome I (3912947 bp),negative_22_31,153319,169570,16252,backbone
NC_009074.1,Burkholderia pseudomallei 668 chromosome I (3912947 bp),negative_22_32,183734,192149,8416,backbone
NC_009074.1,Burkholderia pseudomallei 668 chromosome I (3912947 bp),negative_22_33,242026,250836,8811,backbone
NC_009074.1,Burkholderia pseudomallei 668 chromosome I (3912947 bp),negative_22_34,253888,266052,12165,backbone
NC_009074.1,Burkholderia pseudomallei 668 chromosome I (3912947 bp),negative_22_35,436729,453200,16472,backbone
NC_009074.1,Burkholderia pseudomallei 668 chromosome I (3912947 bp),negative_22_36,453627,469607,15981,backbone
NC_009074.1,Burkholderia pseudomallei 668 chromosome I (3912947 bp),negative_22_37,536474,561143,24670,backbone
NC_009074.1,Burkholderia pseudomallei 668 chromosome I (3912947 bp),negative_22_38,636254,653325,17072,backbone
NC_009074.1,Burkholderia pseudomallei 668 chromosome I (3912947 bp),negative_22_39,662353,673113,10761,backbone
NC_009074.1,Burkholderia pseudomallei 668 chromosome I (3912947 bp),negative_22_40,786201,799779,13579,backbone
NC_009074.1,Burkholderia pseudomallei 668 chromosome I (3912947 bp),negative_22_41,805972,821432,15461,backbone
NC_009074.1,Burkholderia pseudomallei 668 chromosome I (3912947 bp),negative_22_42,829583,838673,9091,backbone
NC_009074.1,Burkholderia pseudomallei 668 chromosome I (3912947 bp),negative_22_43,883367,896885,13519,backbone
NC_009074.1,Burkholderia pseudomallei 668 chromosome I (3912947 bp),negative_22_44,942756,960272,17517,backbone
NC_009074.1,Burkholderia pseudomallei 668 chromosome I (3912947 bp),negative_22_45,961545,971444,9900,backbone
NC_009074.1,Burkholderia pseudomallei 668 chromosome I (3912947 bp),negative_22_46,1007820,1016491,8672,backbone
NC_009074.1,Burkholderia pseudomallei 668 chromosome I (3912947 bp),negative_22_47,1044291,1053799,9509,backbone
NC_009074.1,Burkholderia pseudomallei 668 chromosome I (3912947 bp),negative_22_48,1140741,1151190,10450,backbone
NC_009074.1,Burkholderia pseudomallei 668 chromosome I (3912947 bp),negative_22_49,1159180,1170349,11170,backbone
NC_009074.1,Burkholderia pseudomallei 668 chromosome I (3912947 bp),negative_22_50,1201418,1211237,9820,backbone
NC_009074.1,Burkholderia pseudomallei 668 chromosome I (3912947 bp),negative_22_51,1211886,1222161,10276,backbone
NC_009074.1,Burkholderia pseudomallei 668 chromosome I (3912947 bp),negative_22_52,1240239,1276281,36043,backbone
NC_009074.1,Burkholderia pseudomallei 668 chromosome I (3912947 bp),negative_22_53,1348661,1357945,9285,backbone
NC_009074.1,Burkholderia pseudomallei 668 chromosome I (3912947 bp),negative_22_54,1436758,1451342,14585,backbone
NC_009074.1,Burkholderia pseudomallei 668 chromosome I (3912947 bp),negative_22_55,1451743,1461108,9366,backbone
NC_009074.1,Burkholderia pseudomallei 668 chromosome I (3912947 bp),negative_22_56,1645374,1655514,10141,backbone
NC_009074.1,Burkholderia pseudomallei 668 chromosome I (3912947 bp),negative_22_57,1681301,1693186,11886,backbone
NC_007946.1,Escherichia coli UTI89 (5065741 bp),negative_23_1,4222996,4231325,8330,backbone
NC_007946.1,Escherichia coli UTI89 (5065741 bp),negative_23_2,4233806,4242842,9037,backbone
NC_007946.1,Escherichia coli UTI89 (5065741 bp),negative_23_3,4336056,4346005,9950,backbone
NC_007946.1,Escherichia coli UTI89 (5065741 bp),negative_23_4,4396173,4404267,8095,backbone
NC_007946.1,Escherichia coli UTI89 (5065741 bp),negative_23_5,81291,113583,32293,backbone
NC_007946.1,Escherichia coli UTI89 (5065741 bp),negative_23_6,114115,122460,8346,backbone
NC_007946.1,Escherichia coli UTI89 (5065741 bp),negative_23_7,170670,179389,8720,backbone
NC_007946.1,Escherichia coli UTI89 (5065741 bp),negative_23_8,190433,214438,24006,backbone
NC_007946.1,Escherichia coli UTI89 (5065741 bp),negative_23_9,466178,478931,12754,backbone
NC_007946.1,Escherichia coli UTI89 (5065741 bp),negative_23_10,493061,504030,10970,backbone
NC_007946.1,Escherichia coli UTI89 (5065741 bp),negative_23_11,639999,651606,11608,backbone
NC_007946.1,Escherichia coli UTI89 (5065741 bp),negative_23_12,702685,711301,8617,backbone
NC_007946.1,Escherichia coli UTI89 (5065741 bp),negative_23_13,720819,732448,11630,backbone
NC_007946.1,Escherichia coli UTI89 (5065741 bp),negative_23_14,735172,744358,9187,backbone
NC_007946.1,Escherichia coli UTI89 (5065741 bp),negative_23_15,852368,860830,8463,backbone
NC_007946.1,Escherichia coli UTI89 (5065741 bp),negative_23_16,896609,910050,13442,backbone
NC_007946.1,Escherichia coli UTI89 (5065741 bp),negative_23_17,965535,991335,25801,backbone
NC_007946.1,Escherichia coli UTI89 (5065741 bp),negative_23_18,1191641,1204977,13337,backbone
NC_007946.1,Escherichia coli UTI89 (5065741 bp),negative_23_19,1336271,1344518,8248,backbone
NC_007946.1,Escherichia coli UTI89 (5065741 bp),negative_23_20,1349467,1358265,8799,backbone
NC_007946.1,Escherichia coli UTI89 (5065741 bp),negative_23_21,1447765,1459197,11433,backbone
NC_007946.1,Escherichia coli UTI89 (5065741 bp),negative_23_22,1746108,1759590,13483,backbone
NC_007946.1,Escherichia coli UTI89 (5065741 bp),negative_23_23,1921244,1932450,11207,backbone
NC_007946.1,Escherichia coli UTI89 (5065741 bp),negative_23_24,1937896,1948707,10812,backbone
NC_007946.1,Escherichia coli UTI89 (5065741 bp),negative_23_25,1957336,1966170,8835,backbone
NC_007946.1,Escherichia coli UTI89 (5065741 bp),negative_23_26,2407911,2422876,14966,backbone
NC_007946.1,Escherichia coli UTI89 (5065741 bp),negative_23_27,2510119,2518539,8421,backbone
NC_007946.1,Escherichia coli UTI89 (5065741 bp),negative_23_28,2522190,2549051,26862,backbone
NC_007946.1,Escherichia coli UTI89 (5065741 bp),negative_23_29,2560853,2571545,10693,backbone
NC_007946.1,Escherichia coli UTI89 (5065741 bp),negative_23_30,2572798,2581747,8950,backbone
NC_007946.1,Escherichia coli UTI89 (5065741 bp),negative_23_31,2783535,2792504,8970,backbone
NC_007946.1,Escherichia coli UTI89 (5065741 bp),negative_23_32,2830825,2840362,9538,backbone
NC_007946.1,Escherichia coli UTI89 (5065741 bp),negative_23_33,3141044,3150611,9568,backbone
NC_007946.1,Escherichia coli UTI89 (5065741 bp),negative_23_34,3212994,3221967,8974,backbone
NC_007946.1,Escherichia coli UTI89 (5065741 bp),negative_23_35,3223732,3238966,15235,backbone
NC_007946.1,Escherichia coli UTI89 (5065741 bp),negative_23_36,3261574,3271721,10148,backbone
NC_007946.1,Escherichia coli UTI89 (5065741 bp),negative_23_37,3524357,3538185,13829,backbone
NC_007946.1,Escherichia coli UTI89 (5065741 bp),negative_23_38,3550266,3561012,10747,backbone
NC_007946.1,Escherichia coli UTI89 (5065741 bp),negative_23_39,3653548,3671167,17620,backbone
NC_007946.1,Escherichia coli UTI89 (5065741 bp),negative_23_40,3705706,3715738,10033,backbone
NC_007946.1,Escherichia coli UTI89 (5065741 bp),negative_23_41,3715778,3728156,12379,backbone
NC_007946.1,Escherichia coli UTI89 (5065741 bp),negative_23_42,3769722,3783326,13605,backbone
NC_007946.1,Escherichia coli UTI89 (5065741 bp),negative_23_43,4054374,4063573,9200,backbone
NC_007946.1,Escherichia coli UTI89 (5065741 bp),negative_23_44,4176370,4197480,21111,backbone
NC_007946.1,Escherichia coli UTI89 (5065741 bp),negative_23_45,4207823,4217743,9921,backbone
NC_004578.1,Pseudomonas syringae pv. tomato str. DC3000 (6397126 bp),negative_24_1,423485,432005,8521,backbone
NC_004578.1,Pseudomonas syringae pv. tomato str. DC3000 (6397126 bp),negative_24_2,433373,442568,9196,backbone
NC_004578.1,Pseudomonas syringae pv. tomato str. DC3000 (6397126 bp),negative_24_3,598162,615690,17529,backbone
NC_004578.1,Pseudomonas syringae pv. tomato str. DC3000 (6397126 bp),negative_24_4,674760,705250,30491,backbone
NC_004578.1,Pseudomonas syringae pv. tomato str. DC3000 (6397126 bp),negative_24_5,867320,876552,9233,backbone
NC_004578.1,Pseudomonas syringae pv. tomato str. DC3000 (6397126 bp),negative_24_6,1040767,1052713,11947,backbone
NC_004578.1,Pseudomonas syringae pv. tomato str. DC3000 (6397126 bp),negative_24_7,1234781,1244859,10079,backbone
NC_004578.1,Pseudomonas syringae pv. tomato str. DC3000 (6397126 bp),negative_24_8,1351208,1368252,17045,backbone
NC_004578.1,Pseudomonas syringae pv. tomato str. DC3000 (6397126 bp),negative_24_9,1410427,1421524,11098,backbone
NC_004578.1,Pseudomonas syringae pv. tomato str. DC3000 (6397126 bp),negative_24_10,1559709,1576714,17006,backbone
NC_004578.1,Pseudomonas syringae pv. tomato str. DC3000 (6397126 bp),negative_24_11,1611982,1621189,9208,backbone
NC_004578.1,Pseudomonas syringae pv. tomato str. DC3000 (6397126 bp),negative_24_12,1648345,1656925,8581,backbone
NC_004578.1,Pseudomonas syringae pv. tomato str. DC3000 (6397126 bp),negative_24_13,1660477,1668774,8298,backbone
NC_004578.1,Pseudomonas syringae pv. tomato str. DC3000 (6397126 bp),negative_24_14,1688859,1698383,9525,backbone
NC_004578.1,Pseudomonas syringae pv. tomato str. DC3000 (6397126 bp),negative_24_15,1698753,1707208,8456,backbone
NC_004578.1,Pseudomonas syringae pv. tomato str. DC3000 (6397126 bp),negative_24_16,1707785,1716366,8582,backbone
NC_004578.1,Pseudomonas syringae pv. tomato str. DC3000 (6397126 bp),negative_24_17,2160819,2174733,13915,backbone
NC_004578.1,Pseudomonas syringae pv. tomato str. DC3000 (6397126 bp),negative_24_18,2310295,2319843,9549,backbone
NC_004578.1,Pseudomonas syringae pv. tomato str. DC3000 (6397126 bp),negative_24_19,2414422,2427669,13248,backbone
NC_004578.1,Pseudomonas syringae pv. tomato str. DC3000 (6397126 bp),negative_24_20,2508453,2520941,12489,backbone
NC_004578.1,Pseudomonas syringae pv. tomato str. DC3000 (6397126 bp),negative_24_21,2524472,2533167,8696,backbone
NC_004578.1,Pseudomonas syringae pv. tomato str. DC3000 (6397126 bp),negative_24_22,3804039,3818614,14576,backbone
NC_004578.1,Pseudomonas syringae pv. tomato str. DC3000 (6397126 bp),negative_24_23,4118493,4132699,14207,backbone
NC_004578.1,Pseudomonas syringae pv. tomato str. DC3000 (6397126 bp),negative_24_24,4189406,4199158,9753,backbone
NC_004578.1,Pseudomonas syringae pv. tomato str. DC3000 (6397126 bp),negative_24_25,4494351,4502749,8399,backbone
NC_004578.1,Pseudomonas syringae pv. tomato str. DC3000 (6397126 bp),negative_24_26,4968439,4980189,11751,backbone
NC_004578.1,Pseudomonas syringae pv. tomato str. DC3000 (6397126 bp),negative_24_27,4981596,4992666,11071,backbone
NC_004578.1,Pseudomonas syringae pv. tomato str. DC3000 (6397126 bp),negative_24_28,5005708,5020751,15044,backbone
NC_004578.1,Pseudomonas syringae pv. tomato str. DC3000 (6397126 bp),negative_24_29,5023640,5040731,17092,backbone
NC_004578.1,Pseudomonas syringae pv. tomato str. DC3000 (6397126 bp),negative_24_30,5052431,5081413,28983,backbone
NC_004578.1,Pseudomonas syringae pv. tomato str. DC3000 (6397126 bp),negative_24_31,5454670,5466179,11510,backbone
NC_004578.1,Pseudomonas syringae pv. tomato str. DC3000 (6397126 bp),negative_24_32,5593402,5608028,14627,backbone
NC_004578.1,Pseudomonas syringae pv. tomato str. DC3000 (6397126 bp),negative_24_33,5681171,5689881,8711,backbone
NC_004578.1,Pseudomonas syringae pv. tomato str. DC3000 (6397126 bp),negative_24_34,5840646,5849820,9175,backbone
NC_004578.1,Pseudomonas syringae pv. tomato str. DC3000 (6397126 bp),negative_24_35,6221151,6231274,10124,backbone
NC_004578.1,Pseudomonas syringae pv. tomato str. DC3000 (6397126 bp),negative_24_36,6250568,6260905,10338,backbone
NC_004578.1,Pseudomonas syringae pv. tomato str. DC3000 (6397126 bp),negative_24_37,6377099,6387624,10526,backbone
NC_007146.2,Haemophilus influenzae 86-028NP (1914490 bp),negative_25_1,910219,918817,8599,backbone
NC_007530.2,Bacillus anthracis str. 'Ames Ancestor' (5227419 bp),negative_26_1,373,82209,81837,backbone
NC_007530.2,Bacillus anthracis str. 'Ames Ancestor' (5227419 bp),negative_26_2,87059,150653,63595,backbone
NC_007530.2,Bacillus anthracis str. 'Ames Ancestor' (5227419 bp),negative_26_3,150804,159739,8936,backbone
NC_007530.2,Bacillus anthracis str. 'Ames Ancestor' (5227419 bp),negative_26_4,184497,192843,8347,backbone
NC_007530.2,Bacillus anthracis str. 'Ames Ancestor' (5227419 bp),negative_26_5,237606,260501,22896,backbone
NC_007530.2,Bacillus anthracis str. 'Ames Ancestor' (5227419 bp),negative_26_6,262457,272911,10455,backbone
NC_007530.2,Bacillus anthracis str. 'Ames Ancestor' (5227419 bp),negative_26_7,295230,307139,11910,backbone
NC_007530.2,Bacillus anthracis str. 'Ames Ancestor' (5227419 bp),negative_26_8,308550,319278,10729,backbone
NC_007530.2,Bacillus anthracis str. 'Ames Ancestor' (5227419 bp),negative_26_9,370323,380768,10446,backbone
NC_007530.2,Bacillus anthracis str. 'Ames Ancestor' (5227419 bp),negative_26_10,403991,415800,11810,backbone
NC_007530.2,Bacillus anthracis str. 'Ames Ancestor' (5227419 bp),negative_26_11,429240,438285,9046,backbone
NC_007530.2,Bacillus anthracis str. 'Ames Ancestor' (5227419 bp),negative_26_12,438792,447088,8297,backbone
NC_007530.2,Bacillus anthracis str. 'Ames Ancestor' (5227419 bp),negative_26_13,516081,531614,15534,backbone
NC_007530.2,Bacillus anthracis str. 'Ames Ancestor' (5227419 bp),negative_26_14,678081,688565,10485,backbone
NC_007530.2,Bacillus anthracis str. 'Ames Ancestor' (5227419 bp),negative_26_15,752260,770222,17963,backbone
NC_007530.2,Bacillus anthracis str. 'Ames Ancestor' (5227419 bp),negative_26_16,859072,871216,12145,backbone
NC_007530.2,Bacillus anthracis str. 'Ames Ancestor' (5227419 bp),negative_26_17,1110640,1119705,9066,backbone
NC_007530.2,Bacillus anthracis str. 'Ames Ancestor' (5227419 bp),negative_26_18,1119710,1128411,8702,backbone
NC_007530.2,Bacillus anthracis str. 'Ames Ancestor' (5227419 bp),negative_26_19,1138035,1146763,8729,backbone
NC_007530.2,Bacillus anthracis str. 'Ames Ancestor' (5227419 bp),negative_26_20,1146954,1177923,30970,backbone
NC_007530.2,Bacillus anthracis str. 'Ames Ancestor' (5227419 bp),negative_26_21,1253076,1266608,13533,backbone
NC_007530.2,Bacillus anthracis str. 'Ames Ancestor' (5227419 bp),negative_26_22,1267117,1276232,9116,backbone
NC_007530.2,Bacillus anthracis str. 'Ames Ancestor' (5227419 bp),negative_26_23,1276568,1285467,8900,backbone
NC_007530.2,Bacillus anthracis str. 'Ames Ancestor' (5227419 bp),negative_26_24,1316071,1326058,9988,backbone
NC_007530.2,Bacillus anthracis str. 'Ames Ancestor' (5227419 bp),negative_26_25,1339596,1377059,37464,backbone
NC_007530.2,Bacillus anthracis str. 'Ames Ancestor' (5227419 bp),negative_26_26,1387386,1395611,8226,backbone
NC_007530.2,Bacillus anthracis str. 'Ames Ancestor' (5227419 bp),negative_26_27,1404893,1455110,50218,backbone
NC_007530.2,Bacillus anthracis str. 'Ames Ancestor' (5227419 bp),negative_26_28,1471521,1480852,9332,backbone
NC_007530.2,Bacillus anthracis str. 'Ames Ancestor' (5227419 bp),negative_26_29,1497581,1507998,10418,backbone
NC_007530.2,Bacillus anthracis str. 'Ames Ancestor' (5227419 bp),negative_26_30,1565287,1573418,8132,backbone
NC_007530.2,Bacillus anthracis str. 'Ames Ancestor' (5227419 bp),negative_26_31,1580925,1594644,13720,backbone
NC_007530.2,Bacillus anthracis str. 'Ames Ancestor' (5227419 bp),negative_26_32,1608065,1618052,9988,backbone
NC_007530.2,Bacillus anthracis str. 'Ames Ancestor' (5227419 bp),negative_26_33,1918319,1928919,10601,backbone
NC_007530.2,Bacillus anthracis str. 'Ames Ancestor' (5227419 bp),negative_26_34,1929715,1940861,11147,backbone
NC_007530.2,Bacillus anthracis str. 'Ames Ancestor' (5227419 bp),negative_26_35,2087948,2102220,14273,backbone
NC_007530.2,Bacillus anthracis str. 'Ames Ancestor' (5227419 bp),negative_26_36,2137927,2150017,12091,backbone
NC_007530.2,Bacillus anthracis str. 'Ames Ancestor' (5227419 bp),negative_26_37,2182351,2197500,15150,backbone
NC_007530.2,Bacillus anthracis str. 'Ames Ancestor' (5227419 bp),negative_26_38,2203661,2218619,14959,backbone
NC_007530.2,Bacillus anthracis str. 'Ames Ancestor' (5227419 bp),negative_26_39,2369398,2378499,9102,backbone
NC_007530.2,Bacillus anthracis str. 'Ames Ancestor' (5227419 bp),negative_26_40,3362542,3377836,15295,backbone
NC_007530.2,Bacillus anthracis str. 'Ames Ancestor' (5227419 bp),negative_26_41,3575472,3590818,15347,backbone
NC_007530.2,Bacillus anthracis str. 'Ames Ancestor' (5227419 bp),negative_26_42,3591145,3608044,16900,backbone
NC_007530.2,Bacillus anthracis str. 'Ames Ancestor' (5227419 bp),negative_26_43,3615295,3692892,77598,backbone
NC_007530.2,Bacillus anthracis str. 'Ames Ancestor' (5227419 bp),negative_26_44,3699548,3745742,46195,backbone
NC_007530.2,Bacillus anthracis str. 'Ames Ancestor' (5227419 bp),negative_26_45,3789848,3800523,10676,backbone
NC_007530.2,Bacillus anthracis str. 'Ames Ancestor' (5227419 bp),negative_26_46,3801733,3854377,52645,backbone
NC_007530.2,Bacillus anthracis str. 'Ames Ancestor' (5227419 bp),negative_26_47,3859268,3873834,14567,backbone
NC_007530.2,Bacillus anthracis str. 'Ames Ancestor' (5227419 bp),negative_26_48,3888617,3929608,40992,backbone
NC_007530.2,Bacillus anthracis str. 'Ames Ancestor' (5227419 bp),negative_26_49,3930102,3946196,16095,backbone
NC_007530.2,Bacillus anthracis str. 'Ames Ancestor' (5227419 bp),negative_26_50,3951498,3970836,19339,backbone
NC_007530.2,Bacillus anthracis str. 'Ames Ancestor' (5227419 bp),negative_26_51,3971758,3981932,10175,backbone
NC_007530.2,Bacillus anthracis str. 'Ames Ancestor' (5227419 bp),negative_26_52,3993897,4007180,13284,backbone
NC_007530.2,Bacillus anthracis str. 'Ames Ancestor' (5227419 bp),negative_26_53,4009097,4030780,21684,backbone
NC_007530.2,Bacillus anthracis str. 'Ames Ancestor' (5227419 bp),negative_26_54,4046090,4058479,12390,backbone
NC_007530.2,Bacillus anthracis str. 'Ames Ancestor' (5227419 bp),negative_26_55,4068636,4122075,53440,backbone
NC_007530.2,Bacillus anthracis str. 'Ames Ancestor' (5227419 bp),negative_26_56,4122081,4150746,28666,backbone
NC_007530.2,Bacillus anthracis str. 'Ames Ancestor' (5227419 bp),negative_26_57,4185769,4205601,19833,backbone
NC_007530.2,Bacillus anthracis str. 'Ames Ancestor' (5227419 bp),negative_26_58,4211422,4221921,10500,backbone
NC_007530.2,Bacillus anthracis str. 'Ames Ancestor' (5227419 bp),negative_26_59,4231616,4240736,9121,backbone
NC_007530.2,Bacillus anthracis str. 'Ames Ancestor' (5227419 bp),negative_26_60,4241153,4259636,18484,backbone
NC_007530.2,Bacillus anthracis str. 'Ames Ancestor' (5227419 bp),negative_26_61,4266687,4275598,8912,backbone
NC_007530.2,Bacillus anthracis str. 'Ames Ancestor' (5227419 bp),negative_26_62,4276338,4286047,9710,backbone
NC_007530.2,Bacillus anthracis str. 'Ames Ancestor' (5227419 bp),negative_26_63,4316536,4326448,9913,backbone
NC_007530.2,Bacillus anthracis str. 'Ames Ancestor' (5227419 bp),negative_26_64,4374596,4383778,9183,backbone
NC_007530.2,Bacillus anthracis str. 'Ames Ancestor' (5227419 bp),negative_26_65,4383828,4405005,21178,backbone
NC_007530.2,Bacillus anthracis str. 'Ames Ancestor' (5227419 bp),negative_26_66,4405843,4419397,13555,backbone
NC_007530.2,Bacillus anthracis str. 'Ames Ancestor' (5227419 bp),negative_26_67,4430106,4439347,9242,backbone
NC_007530.2,Bacillus anthracis str. 'Ames Ancestor' (5227419 bp),negative_26_68,4491784,4508561,16778,backbone
NC_007530.2,Bacillus anthracis str. 'Ames Ancestor' (5227419 bp),negative_26_69,4627381,4638243,10863,backbone
NC_007530.2,Bacillus anthracis str. 'Ames Ancestor' (5227419 bp),negative_26_70,4638258,4648061,9804,backbone
NC_007530.2,Bacillus anthracis str. 'Ames Ancestor' (5227419 bp),negative_26_71,4657395,4674298,16904,backbone
NC_007530.2,Bacillus anthracis str. 'Ames Ancestor' (5227419 bp),negative_26_72,4752062,4763979,11918,backbone
NC_007530.2,Bacillus anthracis str. 'Ames Ancestor' (5227419 bp),negative_26_73,4858551,4867490,8940,backbone
NC_007530.2,Bacillus anthracis str. 'Ames Ancestor' (5227419 bp),negative_26_74,4867673,4884139,16467,backbone
NC_007530.2,Bacillus anthracis str. 'Ames Ancestor' (5227419 bp),negative_26_75,4900688,4914591,13904,backbone
NC_007530.2,Bacillus anthracis str. 'Ames Ancestor' (5227419 bp),negative_26_76,4956033,4969897,13865,backbone
NC_007530.2,Bacillus anthracis str. 'Ames Ancestor' (5227419 bp),negative_26_77,5014530,5031740,17211,backbone
NC_007530.2,Bacillus anthracis str. 'Ames Ancestor' (5227419 bp),negative_26_78,5034387,5049638,15252,backbone
NC_007530.2,Bacillus anthracis str. 'Ames Ancestor' (5227419 bp),negative_26_79,5051949,5077125,25177,backbone
NC_007530.2,Bacillus anthracis str. 'Ames Ancestor' (5227419 bp),negative_26_80,5099820,5111842,12023,backbone
NC_007530.2,Bacillus anthracis str. 'Ames Ancestor' (5227419 bp),negative_26_81,5112040,5120841,8802,backbone
NC_007530.2,Bacillus anthracis str. 'Ames Ancestor' (5227419 bp),negative_26_82,5170756,5182616,11861,backbone
NC_007530.2,Bacillus anthracis str. 'Ames Ancestor' (5227419 bp),negative_26_83,5199186,5227302,28117,backbone
NC_003909.8,Bacillus cereus ATCC 10987 (5224283 bp),negative_27_1,374,82211,81838,backbone
NC_003909.8,Bacillus cereus ATCC 10987 (5224283 bp),negative_27_2,87060,150659,63600,backbone
NC_003909.8,Bacillus cereus ATCC 10987 (5224283 bp),negative_27_3,150810,159674,8865,backbone
NC_003909.8,Bacillus cereus ATCC 10987 (5224283 bp),negative_27_4,211842,220697,8856,backbone
NC_003909.8,Bacillus cereus ATCC 10987 (5224283 bp),negative_27_5,271011,284634,13624,backbone
NC_003909.8,Bacillus cereus ATCC 10987 (5224283 bp),negative_27_6,285166,294369,9204,backbone
NC_003909.8,Bacillus cereus ATCC 10987 (5224283 bp),negative_27_7,296323,305273,8951,backbone
NC_003909.8,Bacillus cereus ATCC 10987 (5224283 bp),negative_27_8,336060,347999,11940,backbone
NC_003909.8,Bacillus cereus ATCC 10987 (5224283 bp),negative_27_9,349512,360242,10731,backbone
NC_003909.8,Bacillus cereus ATCC 10987 (5224283 bp),negative_27_10,470319,480521,10203,backbone
NC_003909.8,Bacillus cereus ATCC 10987 (5224283 bp),negative_27_11,511838,523798,11961,backbone
NC_003909.8,Bacillus cereus ATCC 10987 (5224283 bp),negative_27_12,537237,546736,9500,backbone
NC_003909.8,Bacillus cereus ATCC 10987 (5224283 bp),negative_27_13,547264,555561,8298,backbone
NC_003909.8,Bacillus cereus ATCC 10987 (5224283 bp),negative_27_14,588526,604112,15587,backbone
NC_003909.8,Bacillus cereus ATCC 10987 (5224283 bp),negative_27_15,752292,762788,10497,backbone
NC_003909.8,Bacillus cereus ATCC 10987 (5224283 bp),negative_27_16,828938,846894,17957,backbone
NC_003909.8,Bacillus cereus ATCC 10987 (5224283 bp),negative_27_17,960071,972213,12143,backbone
NC_003909.8,Bacillus cereus ATCC 10987 (5224283 bp),negative_27_18,1249840,1258949,9110,backbone
NC_003909.8,Bacillus cereus ATCC 10987 (5224283 bp),negative_27_19,1258954,1267667,8714,backbone
NC_003909.8,Bacillus cereus ATCC 10987 (5224283 bp),negative_27_20,1295301,1304039,8739,backbone
NC_003909.8,Bacillus cereus ATCC 10987 (5224283 bp),negative_27_21,1304072,1335135,31064,backbone
NC_003909.8,Bacillus cereus ATCC 10987 (5224283 bp),negative_27_22,1409143,1422675,13533,backbone
NC_003909.8,Bacillus cereus ATCC 10987 (5224283 bp),negative_27_23,1423185,1432452,9268,backbone
NC_003909.8,Bacillus cereus ATCC 10987 (5224283 bp),negative_27_24,1432788,1441837,9050,backbone
NC_003909.8,Bacillus cereus ATCC 10987 (5224283 bp),negative_27_25,1471210,1481400,10191,backbone
NC_003909.8,Bacillus cereus ATCC 10987 (5224283 bp),negative_27_26,1495326,1532872,37547,backbone
NC_003909.8,Bacillus cereus ATCC 10987 (5224283 bp),negative_27_27,1542577,1550843,8267,backbone
NC_003909.8,Bacillus cereus ATCC 10987 (5224283 bp),negative_27_28,1559087,1609224,50138,backbone
NC_003909.8,Bacillus cereus ATCC 10987 (5224283 bp),negative_27_29,1625691,1635024,9334,backbone
NC_003909.8,Bacillus cereus ATCC 10987 (5224283 bp),negative_27_30,1650294,1660508,10215,backbone
NC_003909.8,Bacillus cereus ATCC 10987 (5224283 bp),negative_27_31,1690440,1698575,8136,backbone
NC_003909.8,Bacillus cereus ATCC 10987 (5224283 bp),negative_27_32,1706291,1715829,9539,backbone
NC_003909.8,Bacillus cereus ATCC 10987 (5224283 bp),negative_27_33,1723350,1733343,9994,backbone
NC_003909.8,Bacillus cereus ATCC 10987 (5224283 bp),negative_27_34,2035460,2045961,10502,backbone
NC_003909.8,Bacillus cereus ATCC 10987 (5224283 bp),negative_27_35,2046750,2057961,11212,backbone
NC_003909.8,Bacillus cereus ATCC 10987 (5224283 bp),negative_27_36,2172932,2186778,13847,backbone
NC_003909.8,Bacillus cereus ATCC 10987 (5224283 bp),negative_27_37,2227280,2239666,12387,backbone
NC_003909.8,Bacillus cereus ATCC 10987 (5224283 bp),negative_27_38,2266173,2281348,15176,backbone
NC_003909.8,Bacillus cereus ATCC 10987 (5224283 bp),negative_27_39,2286689,2301675,14987,backbone
NC_003909.8,Bacillus cereus ATCC 10987 (5224283 bp),negative_27_40,2426994,2436095,9102,backbone
NC_003909.8,Bacillus cereus ATCC 10987 (5224283 bp),negative_27_41,3369989,3385517,15529,backbone
NC_003909.8,Bacillus cereus ATCC 10987 (5224283 bp),negative_27_42,3548050,3563458,15409,backbone
NC_003909.8,Bacillus cereus ATCC 10987 (5224283 bp),negative_27_43,3563785,3580687,16903,backbone
NC_003909.8,Bacillus cereus ATCC 10987 (5224283 bp),negative_27_44,3587935,3603527,15593,backbone
NC_003909.8,Bacillus cereus ATCC 10987 (5224283 bp),negative_27_45,3606194,3668170,61977,backbone
NC_003909.8,Bacillus cereus ATCC 10987 (5224283 bp),negative_27_46,3677407,3733947,56541,backbone
NC_003909.8,Bacillus cereus ATCC 10987 (5224283 bp),negative_27_47,3733988,3786600,52613,backbone
NC_003909.8,Bacillus cereus ATCC 10987 (5224283 bp),negative_27_48,3791442,3806160,14719,backbone
NC_003909.8,Bacillus cereus ATCC 10987 (5224283 bp),negative_27_49,3831603,3873391,41789,backbone
NC_003909.8,Bacillus cereus ATCC 10987 (5224283 bp),negative_27_50,3873884,3890000,16117,backbone
NC_003909.8,Bacillus cereus ATCC 10987 (5224283 bp),negative_27_51,3895308,3914651,19344,backbone
NC_003909.8,Bacillus cereus ATCC 10987 (5224283 bp),negative_27_52,3915564,3925893,10330,backbone
NC_003909.8,Bacillus cereus ATCC 10987 (5224283 bp),negative_27_53,3942581,3955868,13288,backbone
NC_003909.8,Bacillus cereus ATCC 10987 (5224283 bp),negative_27_54,3956037,3977732,21696,backbone
NC_003909.8,Bacillus cereus ATCC 10987 (5224283 bp),negative_27_55,3994814,4007197,12384,backbone
NC_003909.8,Bacillus cereus ATCC 10987 (5224283 bp),negative_27_56,4017086,4070494,53409,backbone
NC_003909.8,Bacillus cereus ATCC 10987 (5224283 bp),negative_27_57,4070500,4099269,28770,backbone
NC_003909.8,Bacillus cereus ATCC 10987 (5224283 bp),negative_27_58,4132559,4152510,19952,backbone
NC_003909.8,Bacillus cereus ATCC 10987 (5224283 bp),negative_27_59,4159389,4170043,10655,backbone
NC_003909.8,Bacillus cereus ATCC 10987 (5224283 bp),negative_27_60,4178795,4187844,9050,backbone
NC_003909.8,Bacillus cereus ATCC 10987 (5224283 bp),negative_27_61,4194218,4212781,18564,backbone
NC_003909.8,Bacillus cereus ATCC 10987 (5224283 bp),negative_27_62,4219831,4228738,8908,backbone
NC_003909.8,Bacillus cereus ATCC 10987 (5224283 bp),negative_27_63,4229480,4239187,9708,backbone
NC_003909.8,Bacillus cereus ATCC 10987 (5224283 bp),negative_27_64,4294374,4304276,9903,backbone
NC_003909.8,Bacillus cereus ATCC 10987 (5224283 bp),negative_27_65,4351441,4360624,9184,backbone
NC_003909.8,Bacillus cereus ATCC 10987 (5224283 bp),negative_27_66,4360674,4381988,21315,backbone
NC_003909.8,Bacillus cereus ATCC 10987 (5224283 bp),negative_27_67,4382830,4396384,13555,backbone
NC_003909.8,Bacillus cereus ATCC 10987 (5224283 bp),negative_27_68,4406924,4416162,9239,backbone
NC_003909.8,Bacillus cereus ATCC 10987 (5224283 bp),negative_27_69,4469336,4486573,17238,backbone
NC_003909.8,Bacillus cereus ATCC 10987 (5224283 bp),negative_27_70,4620733,4631616,10884,backbone
NC_003909.8,Bacillus cereus ATCC 10987 (5224283 bp),negative_27_71,4632411,4642204,9794,backbone
NC_003909.8,Bacillus cereus ATCC 10987 (5224283 bp),negative_27_72,4656247,4673316,17070,backbone
NC_003909.8,Bacillus cereus ATCC 10987 (5224283 bp),negative_27_73,4742928,4754836,11909,backbone
NC_003909.8,Bacillus cereus ATCC 10987 (5224283 bp),negative_27_74,4834839,4843778,8940,backbone
NC_003909.8,Bacillus cereus ATCC 10987 (5224283 bp),negative_27_75,4844243,4861009,16767,backbone
NC_003909.8,Bacillus cereus ATCC 10987 (5224283 bp),negative_27_76,4873615,4887522,13908,backbone
NC_003909.8,Bacillus cereus ATCC 10987 (5224283 bp),negative_27_77,4933478,4947531,14054,backbone
NC_003909.8,Bacillus cereus ATCC 10987 (5224283 bp),negative_27_78,4992577,5009876,17300,backbone
NC_003909.8,Bacillus cereus ATCC 10987 (5224283 bp),negative_27_79,5012885,5028211,15327,backbone
NC_003909.8,Bacillus cereus ATCC 10987 (5224283 bp),negative_27_80,5037208,5056400,19193,backbone
NC_003909.8,Bacillus cereus ATCC 10987 (5224283 bp),negative_27_81,5081138,5092966,11829,backbone
NC_003909.8,Bacillus cereus ATCC 10987 (5224283 bp),negative_27_82,5093071,5101833,8763,backbone
NC_003909.8,Bacillus cereus ATCC 10987 (5224283 bp),negative_27_83,5151257,5163119,11863,backbone
NC_003909.8,Bacillus cereus ATCC 10987 (5224283 bp),negative_27_84,5196059,5224166,28108,backbone
NC_008577.1,Shewanella sp. ANA-3 chromosome 1 (4972204 bp),negative_28_1,224722,256797,32076,backbone
NC_008577.1,Shewanella sp. ANA-3 chromosome 1 (4972204 bp),negative_28_2,1197054,1206736,9683,backbone
NC_008577.1,Shewanella sp. ANA-3 chromosome 1 (4972204 bp),negative_28_3,1313887,1323369,9483,backbone
NC_008577.1,Shewanella sp. ANA-3 chromosome 1 (4972204 bp),negative_28_4,1553184,1563414,10231,backbone
NC_008577.1,Shewanella sp. ANA-3 chromosome 1 (4972204 bp),negative_28_5,3629700,3643149,13450,backbone
NC_008577.1,Shewanella sp. ANA-3 chromosome 1 (4972204 bp),negative_28_6,3692050,3701750,9701,backbone
NC_008577.1,Shewanella sp. ANA-3 chromosome 1 (4972204 bp),negative_28_7,4491993,4504362,12370,backbone
NC_007613.1,Shigella boydii Sb227 (4519823 bp),negative_29_1,53523,65255,11733,backbone
NC_007613.1,Shigella boydii Sb227 (4519823 bp),negative_29_2,66331,77036,10706,backbone
NC_007613.1,Shigella boydii Sb227 (4519823 bp),negative_29_3,77039,99144,22106,backbone
NC_007613.1,Shigella boydii Sb227 (4519823 bp),negative_29_4,150945,159398,8454,backbone
NC_007613.1,Shigella boydii Sb227 (4519823 bp),negative_29_5,171416,195609,24194,backbone
NC_007613.1,Shigella boydii Sb227 (4519823 bp),negative_29_6,340917,353649,12733,backbone
NC_007613.1,Shigella boydii Sb227 (4519823 bp),negative_29_7,372242,383188,10947,backbone
NC_007613.1,Shigella boydii Sb227 (4519823 bp),negative_29_8,540240,554937,14698,backbone
NC_007613.1,Shigella boydii Sb227 (4519823 bp),negative_29_9,597211,608796,11586,backbone
NC_007613.1,Shigella boydii Sb227 (4519823 bp),negative_29_10,616022,625199,9178,backbone
NC_007613.1,Shigella boydii Sb227 (4519823 bp),negative_29_11,828967,842454,13488,backbone
NC_007613.1,Shigella boydii Sb227 (4519823 bp),negative_29_12,925629,935193,9565,backbone
NC_007613.1,Shigella boydii Sb227 (4519823 bp),negative_29_13,1155740,1164182,8443,backbone
NC_007613.1,Shigella boydii Sb227 (4519823 bp),negative_29_14,1935222,1948631,13410,backbone
NC_007613.1,Shigella boydii Sb227 (4519823 bp),negative_29_15,2068853,2078537,9685,backbone
NC_007613.1,Shigella boydii Sb227 (4519823 bp),negative_29_16,2112176,2127154,14979,backbone
NC_007613.1,Shigella boydii Sb227 (4519823 bp),negative_29_17,2176974,2196732,19759,backbone
NC_007613.1,Shigella boydii Sb227 (4519823 bp),negative_29_18,2296761,2318244,21484,backbone
NC_007613.1,Shigella boydii Sb227 (4519823 bp),negative_29_19,2337599,2348027,10429,backbone
NC_007613.1,Shigella boydii Sb227 (4519823 bp),negative_29_20,2549674,2559492,9819,backbone
NC_007613.1,Shigella boydii Sb227 (4519823 bp),negative_29_21,2714395,2722909,8515,backbone
NC_007613.1,Shigella boydii Sb227 (4519823 bp),negative_29_22,3040134,3049613,9480,backbone
NC_007613.1,Shigella boydii Sb227 (4519823 bp),negative_29_23,3081686,3092921,11236,backbone
NC_007613.1,Shigella boydii Sb227 (4519823 bp),negative_29_24,3094814,3104546,9733,backbone
NC_007613.1,Shigella boydii Sb227 (4519823 bp),negative_29_25,3216645,3234783,18139,backbone
NC_007613.1,Shigella boydii Sb227 (4519823 bp),negative_29_26,3286310,3301639,15330,backbone
NC_007613.1,Shigella boydii Sb227 (4519823 bp),negative_29_27,3354835,3365333,10499,backbone
NC_007613.1,Shigella boydii Sb227 (4519823 bp),negative_29_28,3449390,3458038,8649,backbone
NC_007613.1,Shigella boydii Sb227 (4519823 bp),negative_29_29,3761560,3774304,12745,backbone
NC_007613.1,Shigella boydii Sb227 (4519823 bp),negative_29_30,3812754,3823301,10548,backbone
NC_007613.1,Shigella boydii Sb227 (4519823 bp),negative_29_31,3868724,3877758,9035,backbone
NC_007613.1,Shigella boydii Sb227 (4519823 bp),negative_29_32,3904257,3914258,10002,backbone
NC_007613.1,Shigella boydii Sb227 (4519823 bp),negative_29_33,4033527,4048030,14504,backbone
NC_007613.1,Shigella boydii Sb227 (4519823 bp),negative_29_34,4329994,4342331,12338,backbone
NC_010167.1,Brucella suis ATCC 23445 chromosome II (1400844 bp),negative_30_1,163794,175131,11338,backbone
NC_010167.1,Brucella suis ATCC 23445 chromosome II (1400844 bp),negative_30_2,182318,206006,23689,backbone
NC_010167.1,Brucella suis ATCC 23445 chromosome II (1400844 bp),negative_30_3,398898,409981,11084,backbone
NC_010167.1,Brucella suis ATCC 23445 chromosome II (1400844 bp),negative_30_4,418539,429920,11382,backbone
NC_010167.1,Brucella suis ATCC 23445 chromosome II (1400844 bp),negative_30_5,477785,493748,15964,backbone
NC_010167.1,Brucella suis ATCC 23445 chromosome II (1400844 bp),negative_30_6,500936,511165,10230,backbone
NC_010167.1,Brucella suis ATCC 23445 chromosome II (1400844 bp),negative_30_7,542165,557717,15553,backbone
NC_010167.1,Brucella suis ATCC 23445 chromosome II (1400844 bp),negative_30_8,558210,572918,14709,backbone
NC_010167.1,Brucella suis ATCC 23445 chromosome II (1400844 bp),negative_30_9,575610,602385,26776,backbone
NC_010167.1,Brucella suis ATCC 23445 chromosome II (1400844 bp),negative_30_10,644433,656747,12315,backbone
NC_010167.1,Brucella suis ATCC 23445 chromosome II (1400844 bp),negative_30_11,706589,716401,9813,backbone
NC_010167.1,Brucella suis ATCC 23445 chromosome II (1400844 bp),negative_30_12,750939,760685,9747,backbone
NC_010167.1,Brucella suis ATCC 23445 chromosome II (1400844 bp),negative_30_13,1315950,1330598,14649,backbone
NC_008390.1,Burkholderia cepacia AMMD chromosome 1 (3556545 bp),negative_31_1,71456,80583,9128,backbone
NC_008390.1,Burkholderia cepacia AMMD chromosome 1 (3556545 bp),negative_31_2,81764,90801,9038,backbone
NC_008390.1,Burkholderia cepacia AMMD chromosome 1 (3556545 bp),negative_31_3,197237,209968,12732,backbone
NC_008390.1,Burkholderia cepacia AMMD chromosome 1 (3556545 bp),negative_31_4,273319,288639,15321,backbone
NC_008390.1,Burkholderia cepacia AMMD chromosome 1 (3556545 bp),negative_31_5,298057,312087,14031,backbone
NC_008390.1,Burkholderia cepacia AMMD chromosome 1 (3556545 bp),negative_31_6,316689,342560,25872,backbone
NC_008390.1,Burkholderia cepacia AMMD chromosome 1 (3556545 bp),negative_31_7,372885,403381,30497,backbone
NC_008390.1,Burkholderia cepacia AMMD chromosome 1 (3556545 bp),negative_31_8,512350,534213,21864,backbone
NC_008390.1,Burkholderia cepacia AMMD chromosome 1 (3556545 bp),negative_31_9,534250,547177,12928,backbone
NC_008390.1,Burkholderia cepacia AMMD chromosome 1 (3556545 bp),negative_31_10,547322,568570,21249,backbone
NC_008390.1,Burkholderia cepacia AMMD chromosome 1 (3556545 bp),negative_31_11,573848,591381,17534,backbone
NC_008390.1,Burkholderia cepacia AMMD chromosome 1 (3556545 bp),negative_31_12,652002,661717,9716,backbone
NC_008390.1,Burkholderia cepacia AMMD chromosome 1 (3556545 bp),negative_31_13,668729,680663,11935,backbone
NC_008390.1,Burkholderia cepacia AMMD chromosome 1 (3556545 bp),negative_31_14,680672,690367,9696,backbone
NC_008390.1,Burkholderia cepacia AMMD chromosome 1 (3556545 bp),negative_31_15,719039,731416,12378,backbone
NC_008390.1,Burkholderia cepacia AMMD chromosome 1 (3556545 bp),negative_31_16,756572,764586,8015,backbone
NC_008390.1,Burkholderia cepacia AMMD chromosome 1 (3556545 bp),negative_31_17,812362,822089,9728,backbone
NC_008390.1,Burkholderia cepacia AMMD chromosome 1 (3556545 bp),negative_31_18,856371,870134,13764,backbone
NC_008390.1,Burkholderia cepacia AMMD chromosome 1 (3556545 bp),negative_31_19,909763,918540,8778,backbone
NC_008390.1,Burkholderia cepacia AMMD chromosome 1 (3556545 bp),negative_31_20,1003463,1017622,14160,backbone
NC_008390.1,Burkholderia cepacia AMMD chromosome 1 (3556545 bp),negative_31_21,1017635,1032395,14761,backbone
NC_008390.1,Burkholderia cepacia AMMD chromosome 1 (3556545 bp),negative_31_22,1062973,1075578,12606,backbone
NC_008390.1,Burkholderia cepacia AMMD chromosome 1 (3556545 bp),negative_31_23,1080993,1110679,29687,backbone
NC_008390.1,Burkholderia cepacia AMMD chromosome 1 (3556545 bp),negative_31_24,1120020,1128187,8168,backbone
NC_008390.1,Burkholderia cepacia AMMD chromosome 1 (3556545 bp),negative_31_25,1275477,1299100,23624,backbone
NC_008390.1,Burkholderia cepacia AMMD chromosome 1 (3556545 bp),negative_31_26,1489012,1500827,11816,backbone
NC_008390.1,Burkholderia cepacia AMMD chromosome 1 (3556545 bp),negative_31_27,1511442,1522222,10781,backbone
NC_008390.1,Burkholderia cepacia AMMD chromosome 1 (3556545 bp),negative_31_28,1527798,1538180,10383,backbone
NC_008390.1,Burkholderia cepacia AMMD chromosome 1 (3556545 bp),negative_31_29,1549056,1558047,8992,backbone
NC_008390.1,Burkholderia cepacia AMMD chromosome 1 (3556545 bp),negative_31_30,2507997,2534094,26098,backbone
NC_008390.1,Burkholderia cepacia AMMD chromosome 1 (3556545 bp),negative_31_31,2534121,2543867,9747,backbone
NC_008390.1,Burkholderia cepacia AMMD chromosome 1 (3556545 bp),negative_31_32,2557447,2567250,9804,backbone
NC_008390.1,Burkholderia cepacia AMMD chromosome 1 (3556545 bp),negative_31_33,2567268,2576540,9273,backbone
NC_008390.1,Burkholderia cepacia AMMD chromosome 1 (3556545 bp),negative_31_34,2602979,2614927,11949,backbone
NC_008390.1,Burkholderia cepacia AMMD chromosome 1 (3556545 bp),negative_31_35,2640571,2648754,8184,backbone
NC_008390.1,Burkholderia cepacia AMMD chromosome 1 (3556545 bp),negative_31_36,2745643,2757875,12233,backbone
NC_008390.1,Burkholderia cepacia AMMD chromosome 1 (3556545 bp),negative_31_37,2792017,2801710,9694,backbone
NC_008390.1,Burkholderia cepacia AMMD chromosome 1 (3556545 bp),negative_31_38,2803302,2820921,17620,backbone
NC_008390.1,Burkholderia cepacia AMMD chromosome 1 (3556545 bp),negative_31_39,2865946,2876767,10822,backbone
NC_008390.1,Burkholderia cepacia AMMD chromosome 1 (3556545 bp),negative_31_40,2937860,2954551,16692,backbone
NC_008390.1,Burkholderia cepacia AMMD chromosome 1 (3556545 bp),negative_31_41,2965445,2978630,13186,backbone
NC_008390.1,Burkholderia cepacia AMMD chromosome 1 (3556545 bp),negative_31_42,3002835,3011038,8204,backbone
NC_008390.1,Burkholderia cepacia AMMD chromosome 1 (3556545 bp),negative_31_43,3040459,3050697,10239,backbone
NC_008390.1,Burkholderia cepacia AMMD chromosome 1 (3556545 bp),negative_31_44,3059546,3076380,16835,backbone
NC_008390.1,Burkholderia cepacia AMMD chromosome 1 (3556545 bp),negative_31_45,3136301,3160510,24210,backbone
NC_008390.1,Burkholderia cepacia AMMD chromosome 1 (3556545 bp),negative_31_46,3190510,3206518,16009,backbone
NC_008390.1,Burkholderia cepacia AMMD chromosome 1 (3556545 bp),negative_31_47,3206522,3218597,12076,backbone
NC_008390.1,Burkholderia cepacia AMMD chromosome 1 (3556545 bp),negative_31_48,3379364,3390125,10762,backbone
NC_008390.1,Burkholderia cepacia AMMD chromosome 1 (3556545 bp),negative_31_49,3396089,3404924,8836,backbone
NC_008390.1,Burkholderia cepacia AMMD chromosome 1 (3556545 bp),negative_31_50,3493640,3509047,15408,backbone
NC_008390.1,Burkholderia cepacia AMMD chromosome 1 (3556545 bp),negative_31_51,3509379,3520001,10623,backbone
NC_009901.1,Shewanella pealeana ATCC 700345 (5174581 bp),negative_32_1,181576,228500,46925,backbone
NC_009901.1,Shewanella pealeana ATCC 700345 (5174581 bp),negative_32_2,264322,273050,8729,backbone
NC_009901.1,Shewanella pealeana ATCC 700345 (5174581 bp),negative_32_3,451510,459876,8367,backbone
NC_009901.1,Shewanella pealeana ATCC 700345 (5174581 bp),negative_32_4,1248968,1264223,15256,backbone
NC_009901.1,Shewanella pealeana ATCC 700345 (5174581 bp),negative_32_5,1662379,1677708,15330,backbone
NC_009901.1,Shewanella pealeana ATCC 700345 (5174581 bp),negative_32_6,2347561,2363062,15502,backbone
NC_009901.1,Shewanella pealeana ATCC 700345 (5174581 bp),negative_32_7,2885360,2899266,13907,backbone
NC_009901.1,Shewanella pealeana ATCC 700345 (5174581 bp),negative_32_8,3148995,3162515,13521,backbone
NC_009901.1,Shewanella pealeana ATCC 700345 (5174581 bp),negative_32_9,3263432,3273649,10218,backbone
NC_009901.1,Shewanella pealeana ATCC 700345 (5174581 bp),negative_32_10,3515428,3524287,8860,backbone
NC_009901.1,Shewanella pealeana ATCC 700345 (5174581 bp),negative_32_11,3738148,3751089,12942,backbone
NC_009901.1,Shewanella pealeana ATCC 700345 (5174581 bp),negative_32_12,4577437,4590655,13219,backbone
NC_009901.1,Shewanella pealeana ATCC 700345 (5174581 bp),negative_32_13,4624759,4636582,11824,backbone
NC_009901.1,Shewanella pealeana ATCC 700345 (5174581 bp),negative_32_14,4648429,4660981,12553,backbone
NC_009901.1,Shewanella pealeana ATCC 700345 (5174581 bp),negative_32_15,5154275,5165273,10999,backbone
NC_010159.1,Yersinia pestis Angola (4504254 bp),negative_33_1,1,8321,8321,backbone
NC_010159.1,Yersinia pestis Angola (4504254 bp),negative_33_2,9320,17452,8133,backbone
NC_010159.1,Yersinia pestis Angola (4504254 bp),negative_33_3,20213,32357,12145,backbone
NC_010159.1,Yersinia pestis Angola (4504254 bp),negative_33_4,42451,53413,10963,backbone
NC_010159.1,Yersinia pestis Angola (4504254 bp),negative_33_5,58730,67019,8290,backbone
NC_010159.1,Yersinia pestis Angola (4504254 bp),negative_33_6,287082,299422,12341,backbone
NC_010159.1,Yersinia pestis Angola (4504254 bp),negative_33_7,302664,323339,20676,backbone
NC_010159.1,Yersinia pestis Angola (4504254 bp),negative_33_8,363579,376684,13106,backbone
NC_010159.1,Yersinia pestis Angola (4504254 bp),negative_33_9,384972,401172,16201,backbone
NC_010159.1,Yersinia pestis Angola (4504254 bp),negative_33_10,450917,463469,12553,backbone
NC_010159.1,Yersinia pestis Angola (4504254 bp),negative_33_11,529763,552053,22291,backbone
NC_010159.1,Yersinia pestis Angola (4504254 bp),negative_33_12,554022,567780,13759,backbone
NC_010159.1,Yersinia pestis Angola (4504254 bp),negative_33_13,603975,619754,15780,backbone
NC_010159.1,Yersinia pestis Angola (4504254 bp),negative_33_14,696281,708430,12150,backbone
NC_010159.1,Yersinia pestis Angola (4504254 bp),negative_33_15,708774,718050,9277,backbone
NC_010159.1,Yersinia pestis Angola (4504254 bp),negative_33_16,718249,727480,9232,backbone
NC_010159.1,Yersinia pestis Angola (4504254 bp),negative_33_17,782224,790897,8674,backbone
NC_010159.1,Yersinia pestis Angola (4504254 bp),negative_33_18,819430,829300,9871,backbone
NC_010159.1,Yersinia pestis Angola (4504254 bp),negative_33_19,830396,842787,12392,backbone
NC_010159.1,Yersinia pestis Angola (4504254 bp),negative_33_20,977675,986211,8537,backbone
NC_010159.1,Yersinia pestis Angola (4504254 bp),negative_33_21,1006654,1017373,10720,backbone
NC_010159.1,Yersinia pestis Angola (4504254 bp),negative_33_22,1141848,1154214,12367,backbone
NC_010159.1,Yersinia pestis Angola (4504254 bp),negative_33_23,1154679,1172122,17444,backbone
NC_010159.1,Yersinia pestis Angola (4504254 bp),negative_33_24,1240883,1255448,14566,backbone
NC_010159.1,Yersinia pestis Angola (4504254 bp),negative_33_25,1362621,1374243,11623,backbone
NC_010159.1,Yersinia pestis Angola (4504254 bp),negative_33_26,1436171,1447532,11362,backbone
NC_010159.1,Yersinia pestis Angola (4504254 bp),negative_33_27,1473286,1484618,11333,backbone
NC_010159.1,Yersinia pestis Angola (4504254 bp),negative_33_28,1537507,1549790,12284,backbone
NC_010159.1,Yersinia pestis Angola (4504254 bp),negative_33_29,1867451,1886105,18655,backbone
NC_010159.1,Yersinia pestis Angola (4504254 bp),negative_33_30,1896720,1905634,8915,backbone
NC_010159.1,Yersinia pestis Angola (4504254 bp),negative_33_31,1908702,1924470,15769,backbone
NC_010159.1,Yersinia pestis Angola (4504254 bp),negative_33_32,2043583,2052437,8855,backbone
NC_010159.1,Yersinia pestis Angola (4504254 bp),negative_33_33,2069381,2080430,11050,backbone
NC_010159.1,Yersinia pestis Angola (4504254 bp),negative_33_34,2366123,2376825,10703,backbone
NC_010159.1,Yersinia pestis Angola (4504254 bp),negative_33_35,2514554,2536241,21688,backbone
NC_010159.1,Yersinia pestis Angola (4504254 bp),negative_33_36,2536785,2547973,11189,backbone
NC_010159.1,Yersinia pestis Angola (4504254 bp),negative_33_37,2575500,2585763,10264,backbone
NC_010159.1,Yersinia pestis Angola (4504254 bp),negative_33_38,2686621,2696552,9932,backbone
NC_010159.1,Yersinia pestis Angola (4504254 bp),negative_33_39,2707049,2720435,13387,backbone
NC_010159.1,Yersinia pestis Angola (4504254 bp),negative_33_40,2934193,2946645,12453,backbone
NC_010159.1,Yersinia pestis Angola (4504254 bp),negative_33_41,3023699,3033567,9869,backbone
NC_010159.1,Yersinia pestis Angola (4504254 bp),negative_33_42,3055484,3079840,24357,backbone
NC_010159.1,Yersinia pestis Angola (4504254 bp),negative_33_43,3206483,3216626,10144,backbone
NC_010159.1,Yersinia pestis Angola (4504254 bp),negative_33_44,3224763,3235021,10259,backbone
NC_010159.1,Yersinia pestis Angola (4504254 bp),negative_33_45,3273417,3284215,10799,backbone
NC_010159.1,Yersinia pestis Angola (4504254 bp),negative_33_46,3423359,3439946,16588,backbone
NC_010159.1,Yersinia pestis Angola (4504254 bp),negative_33_47,3519567,3530633,11067,backbone
NC_010159.1,Yersinia pestis Angola (4504254 bp),negative_33_48,3621548,3633159,11612,backbone
NC_010159.1,Yersinia pestis Angola (4504254 bp),negative_33_49,3633254,3658456,25203,backbone
NC_010159.1,Yersinia pestis Angola (4504254 bp),negative_33_50,3671979,3681139,9161,backbone
NC_010159.1,Yersinia pestis Angola (4504254 bp),negative_33_51,3798288,3816058,17771,backbone
NC_010159.1,Yersinia pestis Angola (4504254 bp),negative_33_52,3898702,3911188,12487,backbone
NC_010159.1,Yersinia pestis Angola (4504254 bp),negative_33_53,3975454,3985673,10220,backbone
NC_010159.1,Yersinia pestis Angola (4504254 bp),negative_33_54,4053280,4063350,10071,backbone
NC_010159.1,Yersinia pestis Angola (4504254 bp),negative_33_55,4208022,4217273,9252,backbone
NC_010159.1,Yersinia pestis Angola (4504254 bp),negative_33_56,4232070,4240398,8329,backbone
NC_010159.1,Yersinia pestis Angola (4504254 bp),negative_33_57,4240710,4250348,9639,backbone
NC_010159.1,Yersinia pestis Angola (4504254 bp),negative_33_58,4300805,4309137,8333,backbone
NC_010159.1,Yersinia pestis Angola (4504254 bp),negative_33_59,4398427,4410115,11689,backbone
NC_010159.1,Yersinia pestis Angola (4504254 bp),negative_33_60,4484340,4500972,16633,backbone
NC_009900.1,Rickettsia massiliae MTU5 (1360898 bp),negative_34_1,1193588,1214400,20813,backbone
NC_008750.1,Shewanella sp. W3-18-1 (4708380 bp),negative_35_1,171793,203897,32105,backbone
NC_008750.1,Shewanella sp. W3-18-1 (4708380 bp),negative_35_2,412709,421544,8836,backbone
NC_008750.1,Shewanella sp. W3-18-1 (4708380 bp),negative_35_3,2076018,2084776,8759,backbone
NC_008750.1,Shewanella sp. W3-18-1 (4708380 bp),negative_35_4,2356737,2366144,9408,backbone
NC_008750.1,Shewanella sp. W3-18-1 (4708380 bp),negative_35_5,2658181,2666847,8667,backbone
NC_008750.1,Shewanella sp. W3-18-1 (4708380 bp),negative_35_6,2971663,2980951,9289,backbone
NC_008750.1,Shewanella sp. W3-18-1 (4708380 bp),negative_35_7,3427387,3442837,15451,backbone
NC_008750.1,Shewanella sp. W3-18-1 (4708380 bp),negative_35_8,3904820,3913715,8896,backbone
NC_007432.1,Streptococcus agalactiae A909 (2127839 bp),negative_36_1,16220,28769,12550,backbone
NC_007432.1,Streptococcus agalactiae A909 (2127839 bp),negative_36_2,34344,46086,11743,backbone
NC_007432.1,Streptococcus agalactiae A909 (2127839 bp),negative_36_3,64555,72773,8219,backbone
NC_007432.1,Streptococcus agalactiae A909 (2127839 bp),negative_36_4,74031,90407,16377,backbone
NC_007432.1,Streptococcus agalactiae A909 (2127839 bp),negative_36_5,153122,167054,13933,backbone
NC_007432.1,Streptococcus agalactiae A909 (2127839 bp),negative_36_6,182453,198463,16011,backbone
NC_007432.1,Streptococcus agalactiae A909 (2127839 bp),negative_36_7,791541,799654,8114,backbone
NC_007432.1,Streptococcus agalactiae A909 (2127839 bp),negative_36_8,805649,814699,9051,backbone
NC_007432.1,Streptococcus agalactiae A909 (2127839 bp),negative_36_9,824337,832531,8195,backbone
NC_007432.1,Streptococcus agalactiae A909 (2127839 bp),negative_36_10,937450,945983,8534,backbone
NC_007432.1,Streptococcus agalactiae A909 (2127839 bp),negative_36_11,969052,979185,10134,backbone
NC_007432.1,Streptococcus agalactiae A909 (2127839 bp),negative_36_12,1050652,1067048,16397,backbone
NC_007432.1,Streptococcus agalactiae A909 (2127839 bp),negative_36_13,1119045,1131115,12071,backbone
NC_007432.1,Streptococcus agalactiae A909 (2127839 bp),negative_36_14,1455031,1463409,8379,backbone
NC_007432.1,Streptococcus agalactiae A909 (2127839 bp),negative_36_15,1672420,1682929,10510,backbone
NC_007432.1,Streptococcus agalactiae A909 (2127839 bp),negative_36_16,1711923,1722092,10170,backbone
NC_007432.1,Streptococcus agalactiae A909 (2127839 bp),negative_36_17,1770523,1781274,10752,backbone
NC_007432.1,Streptococcus agalactiae A909 (2127839 bp),negative_36_18,2021417,2030551,9135,backbone
NC_003923.1,Staphylococcus aureus subsp. aureus MW2 (2820462 bp),negative_37_1,15558,24314,8757,backbone
NC_003923.1,Staphylococcus aureus subsp. aureus MW2 (2820462 bp),negative_37_2,475826,485113,9288,backbone
NC_003923.1,Staphylococcus aureus subsp. aureus MW2 (2820462 bp),negative_37_3,498655,513038,14384,backbone
NC_003923.1,Staphylococcus aureus subsp. aureus MW2 (2820462 bp),negative_37_4,550618,568007,17390,backbone
NC_003923.1,Staphylococcus aureus subsp. aureus MW2 (2820462 bp),negative_37_5,568051,583856,15806,backbone
NC_003923.1,Staphylococcus aureus subsp. aureus MW2 (2820462 bp),negative_37_6,808869,821866,12998,backbone
NC_003923.1,Staphylococcus aureus subsp. aureus MW2 (2820462 bp),negative_37_7,1042292,1052430,10139,backbone
NC_003923.1,Staphylococcus aureus subsp. aureus MW2 (2820462 bp),negative_37_8,1071737,1083274,11538,backbone
NC_003923.1,Staphylococcus aureus subsp. aureus MW2 (2820462 bp),negative_37_9,1121576,1131749,10174,backbone
NC_003923.1,Staphylococcus aureus subsp. aureus MW2 (2820462 bp),negative_37_10,1212585,1223793,11209,backbone
NC_003923.1,Staphylococcus aureus subsp. aureus MW2 (2820462 bp),negative_37_11,1243405,1263013,19609,backbone
NC_003923.1,Staphylococcus aureus subsp. aureus MW2 (2820462 bp),negative_37_12,1499975,1508900,8926,backbone
NC_003923.1,Staphylococcus aureus subsp. aureus MW2 (2820462 bp),negative_37_13,1631258,1640186,8929,backbone
NC_003923.1,Staphylococcus aureus subsp. aureus MW2 (2820462 bp),negative_37_14,1713818,1725258,11441,backbone
NC_003923.1,Staphylococcus aureus subsp. aureus MW2 (2820462 bp),negative_37_15,1745518,1755462,9945,backbone
NC_003923.1,Staphylococcus aureus subsp. aureus MW2 (2820462 bp),negative_37_16,1772787,1782696,9910,backbone
NC_003923.1,Staphylococcus aureus subsp. aureus MW2 (2820462 bp),negative_37_17,1946744,1956204,9461,backbone
NC_003923.1,Staphylococcus aureus subsp. aureus MW2 (2820462 bp),negative_37_18,1966724,1975237,8514,backbone
NC_003923.1,Staphylococcus aureus subsp. aureus MW2 (2820462 bp),negative_37_19,2007717,2015797,8081,backbone
NC_003923.1,Staphylococcus aureus subsp. aureus MW2 (2820462 bp),negative_37_20,2122917,2136781,13865,backbone
NC_003923.1,Staphylococcus aureus subsp. aureus MW2 (2820462 bp),negative_37_21,2176572,2194022,17451,backbone
NC_003923.1,Staphylococcus aureus subsp. aureus MW2 (2820462 bp),negative_37_22,2200972,2210319,9348,backbone
NC_003923.1,Staphylococcus aureus subsp. aureus MW2 (2820462 bp),negative_37_23,2305970,2321178,15209,backbone
NC_005071.1,Prochlorococcus marinus str. MIT 9313 (2410873 bp),negative_38_1,28853,46413,17561,backbone
NC_005071.1,Prochlorococcus marinus str. MIT 9313 (2410873 bp),negative_38_2,574497,584903,10407,backbone
NC_005071.1,Prochlorococcus marinus str. MIT 9313 (2410873 bp),negative_38_3,796932,807102,10171,backbone
NC_005071.1,Prochlorococcus marinus str. MIT 9313 (2410873 bp),negative_38_4,1255006,1272017,17012,backbone
NC_005071.1,Prochlorococcus marinus str. MIT 9313 (2410873 bp),negative_38_5,1337363,1345690,8328,backbone
NC_005071.1,Prochlorococcus marinus str. MIT 9313 (2410873 bp),negative_38_6,1346355,1356471,10117,backbone
NC_005071.1,Prochlorococcus marinus str. MIT 9313 (2410873 bp),negative_38_7,1397557,1415000,17444,backbone
NC_005071.1,Prochlorococcus marinus str. MIT 9313 (2410873 bp),negative_38_8,1427302,1442365,15064,backbone
NC_005071.1,Prochlorococcus marinus str. MIT 9313 (2410873 bp),negative_38_9,1448943,1464928,15986,backbone
NC_005071.1,Prochlorococcus marinus str. MIT 9313 (2410873 bp),negative_38_10,1498740,1507875,9136,backbone
NC_005071.1,Prochlorococcus marinus str. MIT 9313 (2410873 bp),negative_38_11,1589234,1601742,12509,backbone
NC_005071.1,Prochlorococcus marinus str. MIT 9313 (2410873 bp),negative_38_12,1765063,1773474,8412,backbone
NC_005071.1,Prochlorococcus marinus str. MIT 9313 (2410873 bp),negative_38_13,1826804,1848082,21279,backbone
NC_005071.1,Prochlorococcus marinus str. MIT 9313 (2410873 bp),negative_38_14,1870397,1889765,19369,backbone
NC_005071.1,Prochlorococcus marinus str. MIT 9313 (2410873 bp),negative_38_15,2197826,2206238,8413,backbone
NC_008600.1,Bacillus thuringiensis str. Al Hakam (5257091 bp),negative_39_1,337974,352976,15003,backbone
NC_008600.1,Bacillus thuringiensis str. Al Hakam (5257091 bp),negative_39_2,477941,486236,8296,backbone
NC_008600.1,Bacillus thuringiensis str. Al Hakam (5257091 bp),negative_39_3,518097,533587,15491,backbone
NC_008600.1,Bacillus thuringiensis str. Al Hakam (5257091 bp),negative_39_4,698766,709264,10499,backbone
NC_008600.1,Bacillus thuringiensis str. Al Hakam (5257091 bp),negative_39_5,744494,757488,12995,backbone
NC_008600.1,Bacillus thuringiensis str. Al Hakam (5257091 bp),negative_39_6,772797,790748,17952,backbone
NC_008600.1,Bacillus thuringiensis str. Al Hakam (5257091 bp),negative_39_7,881314,894222,12909,backbone
NC_008600.1,Bacillus thuringiensis str. Al Hakam (5257091 bp),negative_39_8,1149811,1158872,9062,backbone
NC_008600.1,Bacillus thuringiensis str. Al Hakam (5257091 bp),negative_39_9,1158877,1167580,8704,backbone
NC_008600.1,Bacillus thuringiensis str. Al Hakam (5257091 bp),negative_39_10,1177212,1217228,40017,backbone
NC_008600.1,Bacillus thuringiensis str. Al Hakam (5257091 bp),negative_39_11,1312921,1326454,13534,backbone
NC_008600.1,Bacillus thuringiensis str. Al Hakam (5257091 bp),negative_39_12,1327010,1336081,9072,backbone
NC_008600.1,Bacillus thuringiensis str. Al Hakam (5257091 bp),negative_39_13,1336417,1345317,8901,backbone
NC_008600.1,Bacillus thuringiensis str. Al Hakam (5257091 bp),negative_39_14,1375964,1385956,9993,backbone
NC_008600.1,Bacillus thuringiensis str. Al Hakam (5257091 bp),negative_39_15,1399819,1431728,31910,backbone
NC_008600.1,Bacillus thuringiensis str. Al Hakam (5257091 bp),negative_39_16,1447647,1455888,8242,backbone
NC_008600.1,Bacillus thuringiensis str. Al Hakam (5257091 bp),negative_39_17,1464539,1514582,50044,backbone
NC_008600.1,Bacillus thuringiensis str. Al Hakam (5257091 bp),negative_39_18,1530868,1540199,9332,backbone
NC_008600.1,Bacillus thuringiensis str. Al Hakam (5257091 bp),negative_39_19,1556478,1567108,10631,backbone
NC_008600.1,Bacillus thuringiensis str. Al Hakam (5257091 bp),negative_39_20,1630369,1641364,10996,backbone
NC_008600.1,Bacillus thuringiensis str. Al Hakam (5257091 bp),negative_39_21,1647642,1657630,9989,backbone
NC_008600.1,Bacillus thuringiensis str. Al Hakam (5257091 bp),negative_39_22,1960991,1971568,10578,backbone
NC_008600.1,Bacillus thuringiensis str. Al Hakam (5257091 bp),negative_39_23,1972365,1983591,11227,backbone
NC_008600.1,Bacillus thuringiensis str. Al Hakam (5257091 bp),negative_39_24,2154384,2165116,10733,backbone
NC_008600.1,Bacillus thuringiensis str. Al Hakam (5257091 bp),negative_39_25,2201693,2213783,12091,backbone
NC_008600.1,Bacillus thuringiensis str. Al Hakam (5257091 bp),negative_39_26,2239070,2254208,15139,backbone
NC_008600.1,Bacillus thuringiensis str. Al Hakam (5257091 bp),negative_39_27,2259515,2274479,14965,backbone
NC_008600.1,Bacillus thuringiensis str. Al Hakam (5257091 bp),negative_39_28,2456999,2466099,9101,backbone
NC_008600.1,Bacillus thuringiensis str. Al Hakam (5257091 bp),negative_39_29,3376338,3387422,11085,backbone
NC_008600.1,Bacillus thuringiensis str. Al Hakam (5257091 bp),negative_39_30,3433612,3448906,15295,backbone
NC_008600.1,Bacillus thuringiensis str. Al Hakam (5257091 bp),negative_39_31,3602441,3634743,32303,backbone
NC_008600.1,Bacillus thuringiensis str. Al Hakam (5257091 bp),negative_39_32,3641994,3657622,15629,backbone
NC_008600.1,Bacillus thuringiensis str. Al Hakam (5257091 bp),negative_39_33,3660288,3722264,61977,backbone
NC_008600.1,Bacillus thuringiensis str. Al Hakam (5257091 bp),negative_39_34,3730057,3786784,56728,backbone
NC_008600.1,Bacillus thuringiensis str. Al Hakam (5257091 bp),negative_39_35,3787995,3840689,52695,backbone
NC_008600.1,Bacillus thuringiensis str. Al Hakam (5257091 bp),negative_39_36,3845875,3860478,14604,backbone
NC_008600.1,Bacillus thuringiensis str. Al Hakam (5257091 bp),negative_39_37,3874845,3915310,40466,backbone
NC_008600.1,Bacillus thuringiensis str. Al Hakam (5257091 bp),negative_39_38,3915844,3928439,12596,backbone
NC_008600.1,Bacillus thuringiensis str. Al Hakam (5257091 bp),negative_39_39,3934620,3957965,23346,backbone
NC_008600.1,Bacillus thuringiensis str. Al Hakam (5257091 bp),negative_39_40,3958020,3968191,10172,backbone
NC_008600.1,Bacillus thuringiensis str. Al Hakam (5257091 bp),negative_39_41,3980158,3993467,13310,backbone
NC_008600.1,Bacillus thuringiensis str. Al Hakam (5257091 bp),negative_39_42,3995356,4017039,21684,backbone
NC_008600.1,Bacillus thuringiensis str. Al Hakam (5257091 bp),negative_39_43,4033457,4045850,12394,backbone
NC_008600.1,Bacillus thuringiensis str. Al Hakam (5257091 bp),negative_39_44,4055556,4108965,53410,backbone
NC_008600.1,Bacillus thuringiensis str. Al Hakam (5257091 bp),negative_39_45,4108971,4137658,28688,backbone
NC_008600.1,Bacillus thuringiensis str. Al Hakam (5257091 bp),negative_39_46,4174005,4193838,19834,backbone
NC_008600.1,Bacillus thuringiensis str. Al Hakam (5257091 bp),negative_39_47,4199823,4211229,11407,backbone
NC_008600.1,Bacillus thuringiensis str. Al Hakam (5257091 bp),negative_39_48,4219853,4229224,9372,backbone
NC_008600.1,Bacillus thuringiensis str. Al Hakam (5257091 bp),negative_39_49,4229641,4248122,18482,backbone
NC_008600.1,Bacillus thuringiensis str. Al Hakam (5257091 bp),negative_39_50,4272887,4281802,8916,backbone
NC_008600.1,Bacillus thuringiensis str. Al Hakam (5257091 bp),negative_39_51,4282542,4292250,9709,backbone
NC_008600.1,Bacillus thuringiensis str. Al Hakam (5257091 bp),negative_39_52,4312607,4322511,9905,backbone
NC_008600.1,Bacillus thuringiensis str. Al Hakam (5257091 bp),negative_39_53,4371625,4381080,9456,backbone
NC_008600.1,Bacillus thuringiensis str. Al Hakam (5257091 bp),negative_39_54,4381130,4402453,21324,backbone
NC_008600.1,Bacillus thuringiensis str. Al Hakam (5257091 bp),negative_39_55,4403302,4416782,13481,backbone
NC_008600.1,Bacillus thuringiensis str. Al Hakam (5257091 bp),negative_39_56,4428473,4438641,10169,backbone
NC_008600.1,Bacillus thuringiensis str. Al Hakam (5257091 bp),negative_39_57,4493532,4510289,16758,backbone
NC_008600.1,Bacillus thuringiensis str. Al Hakam (5257091 bp),negative_39_58,4641418,4649651,8234,backbone
NC_008600.1,Bacillus thuringiensis str. Al Hakam (5257091 bp),negative_39_59,4649789,4659663,9875,backbone
NC_008600.1,Bacillus thuringiensis str. Al Hakam (5257091 bp),negative_39_60,4673552,4690556,17005,backbone
NC_008600.1,Bacillus thuringiensis str. Al Hakam (5257091 bp),negative_39_61,4777215,4789000,11786,backbone
NC_008600.1,Bacillus thuringiensis str. Al Hakam (5257091 bp),negative_39_62,4871620,4880511,8892,backbone
NC_008600.1,Bacillus thuringiensis str. Al Hakam (5257091 bp),negative_39_63,4880749,4897208,16460,backbone
NC_008600.1,Bacillus thuringiensis str. Al Hakam (5257091 bp),negative_39_64,4917007,4930912,13906,backbone
NC_008600.1,Bacillus thuringiensis str. Al Hakam (5257091 bp),negative_39_65,4935960,4944612,8653,backbone
NC_008600.1,Bacillus thuringiensis str. Al Hakam (5257091 bp),negative_39_66,4979752,4993577,13826,backbone
NC_008600.1,Bacillus thuringiensis str. Al Hakam (5257091 bp),negative_39_67,5042947,5060126,17180,backbone
NC_008600.1,Bacillus thuringiensis str. Al Hakam (5257091 bp),negative_39_68,5063006,5078360,15355,backbone
NC_008600.1,Bacillus thuringiensis str. Al Hakam (5257091 bp),negative_39_69,5080629,5105594,24966,backbone
NC_008600.1,Bacillus thuringiensis str. Al Hakam (5257091 bp),negative_39_70,5130447,5142591,12145,backbone
NC_008600.1,Bacillus thuringiensis str. Al Hakam (5257091 bp),negative_39_71,5142790,5151714,8925,backbone
NC_008600.1,Bacillus thuringiensis str. Al Hakam (5257091 bp),negative_39_72,5228766,5256974,28209,backbone
NC_008600.1,Bacillus thuringiensis str. Al Hakam (5257091 bp),negative_39_73,374,82359,81986,backbone
NC_008600.1,Bacillus thuringiensis str. Al Hakam (5257091 bp),negative_39_74,88074,156380,68307,backbone
NC_008600.1,Bacillus thuringiensis str. Al Hakam (5257091 bp),negative_39_75,156531,165391,8861,backbone
NC_008600.1,Bacillus thuringiensis str. Al Hakam (5257091 bp),negative_39_76,249785,272436,22652,backbone
NC_008600.1,Bacillus thuringiensis str. Al Hakam (5257091 bp),negative_39_77,324619,336562,11944,backbone
NC_008463.1,Pseudomonas aeruginosa UCBPP-PA14 (6537648 bp),negative_40_1,728139,739507,11369,backbone
NC_008463.1,Pseudomonas aeruginosa UCBPP-PA14 (6537648 bp),negative_40_2,739865,773441,33577,backbone
NC_008463.1,Pseudomonas aeruginosa UCBPP-PA14 (6537648 bp),negative_40_3,1051491,1063443,11953,backbone
NC_008463.1,Pseudomonas aeruginosa UCBPP-PA14 (6537648 bp),negative_40_4,1253075,1261944,8870,backbone
NC_008463.1,Pseudomonas aeruginosa UCBPP-PA14 (6537648 bp),negative_40_5,1459730,1469344,9615,backbone
NC_008463.1,Pseudomonas aeruginosa UCBPP-PA14 (6537648 bp),negative_40_6,1479932,1489278,9347,backbone
NC_008463.1,Pseudomonas aeruginosa UCBPP-PA14 (6537648 bp),negative_40_7,2235058,2250462,15405,backbone
NC_008463.1,Pseudomonas aeruginosa UCBPP-PA14 (6537648 bp),negative_40_8,4049032,4063490,14459,backbone
NC_008463.1,Pseudomonas aeruginosa UCBPP-PA14 (6537648 bp),negative_40_9,5103287,5121117,17831,backbone
NC_008463.1,Pseudomonas aeruginosa UCBPP-PA14 (6537648 bp),negative_40_10,5144974,5159888,14915,backbone
NC_008463.1,Pseudomonas aeruginosa UCBPP-PA14 (6537648 bp),negative_40_11,5505132,5513761,8630,backbone
NC_008463.1,Pseudomonas aeruginosa UCBPP-PA14 (6537648 bp),negative_40_12,5574508,5585036,10529,backbone
NC_008463.1,Pseudomonas aeruginosa UCBPP-PA14 (6537648 bp),negative_40_13,5595471,5609902,14432,backbone
NC_008463.1,Pseudomonas aeruginosa UCBPP-PA14 (6537648 bp),negative_40_14,5937742,5947320,9579,backbone
NC_010551.1,Burkholderia ambifaria MC40-6 chromosome 1 (3443583 bp),negative_41_1,1519463,1528953,9491,backbone
NC_010551.1,Burkholderia ambifaria MC40-6 chromosome 1 (3443583 bp),negative_41_2,1548338,1560155,11818,backbone
NC_010551.1,Burkholderia ambifaria MC40-6 chromosome 1 (3443583 bp),negative_41_3,1571085,1581570,10486,backbone
NC_010551.1,Burkholderia ambifaria MC40-6 chromosome 1 (3443583 bp),negative_41_4,1587140,1597521,10382,backbone
NC_010551.1,Burkholderia ambifaria MC40-6 chromosome 1 (3443583 bp),negative_41_5,1601091,1617352,16262,backbone
NC_010551.1,Burkholderia ambifaria MC40-6 chromosome 1 (3443583 bp),negative_41_6,1640897,1649088,8192,backbone
NC_010551.1,Burkholderia ambifaria MC40-6 chromosome 1 (3443583 bp),negative_41_7,1673722,1683038,9317,backbone
NC_010551.1,Burkholderia ambifaria MC40-6 chromosome 1 (3443583 bp),negative_41_8,1689836,1698148,8313,backbone
NC_010551.1,Burkholderia ambifaria MC40-6 chromosome 1 (3443583 bp),negative_41_9,2401194,2436986,35793,backbone
NC_010551.1,Burkholderia ambifaria MC40-6 chromosome 1 (3443583 bp),negative_41_10,2450585,2460624,10040,backbone
NC_010551.1,Burkholderia ambifaria MC40-6 chromosome 1 (3443583 bp),negative_41_11,2461369,2470639,9271,backbone
NC_010551.1,Burkholderia ambifaria MC40-6 chromosome 1 (3443583 bp),negative_41_12,2492321,2507992,15672,backbone
NC_010551.1,Burkholderia ambifaria MC40-6 chromosome 1 (3443583 bp),negative_41_13,2534794,2543092,8299,backbone
NC_010551.1,Burkholderia ambifaria MC40-6 chromosome 1 (3443583 bp),negative_41_14,2594645,2603849,9205,backbone
NC_010551.1,Burkholderia ambifaria MC40-6 chromosome 1 (3443583 bp),negative_41_15,2625465,2637696,12232,backbone
NC_010551.1,Burkholderia ambifaria MC40-6 chromosome 1 (3443583 bp),negative_41_16,2672982,2682744,9763,backbone
NC_010551.1,Burkholderia ambifaria MC40-6 chromosome 1 (3443583 bp),negative_41_17,2684336,2701906,17571,backbone
NC_010551.1,Burkholderia ambifaria MC40-6 chromosome 1 (3443583 bp),negative_41_18,2748491,2759477,10987,backbone
NC_010551.1,Burkholderia ambifaria MC40-6 chromosome 1 (3443583 bp),negative_41_19,2801316,2813211,11896,backbone
NC_010551.1,Burkholderia ambifaria MC40-6 chromosome 1 (3443583 bp),negative_41_20,2821212,2837984,16773,backbone
NC_010551.1,Burkholderia ambifaria MC40-6 chromosome 1 (3443583 bp),negative_41_21,2848693,2861782,13090,backbone
NC_010551.1,Burkholderia ambifaria MC40-6 chromosome 1 (3443583 bp),negative_41_22,2884637,2892795,8159,backbone
NC_010551.1,Burkholderia ambifaria MC40-6 chromosome 1 (3443583 bp),negative_41_23,2907509,2924808,17300,backbone
NC_010551.1,Burkholderia ambifaria MC40-6 chromosome 1 (3443583 bp),negative_41_24,2933637,2950513,16877,backbone
NC_010551.1,Burkholderia ambifaria MC40-6 chromosome 1 (3443583 bp),negative_41_25,2998381,3012852,14472,backbone
NC_010551.1,Burkholderia ambifaria MC40-6 chromosome 1 (3443583 bp),negative_41_26,3013006,3022654,9649,backbone
NC_010551.1,Burkholderia ambifaria MC40-6 chromosome 1 (3443583 bp),negative_41_27,3053613,3069752,16140,backbone
NC_010551.1,Burkholderia ambifaria MC40-6 chromosome 1 (3443583 bp),negative_41_28,3069756,3086214,16459,backbone
NC_010551.1,Burkholderia ambifaria MC40-6 chromosome 1 (3443583 bp),negative_41_29,3245898,3256621,10724,backbone
NC_010551.1,Burkholderia ambifaria MC40-6 chromosome 1 (3443583 bp),negative_41_30,3262498,3271335,8838,backbone
NC_010551.1,Burkholderia ambifaria MC40-6 chromosome 1 (3443583 bp),negative_41_31,3379711,3395364,15654,backbone
NC_010551.1,Burkholderia ambifaria MC40-6 chromosome 1 (3443583 bp),negative_41_32,3395696,3406315,10620,backbone
NC_010551.1,Burkholderia ambifaria MC40-6 chromosome 1 (3443583 bp),negative_41_33,79438,88557,9120,backbone
NC_010551.1,Burkholderia ambifaria MC40-6 chromosome 1 (3443583 bp),negative_41_34,111819,122149,10331,backbone
NC_010551.1,Burkholderia ambifaria MC40-6 chromosome 1 (3443583 bp),negative_41_35,122212,132487,10276,backbone
NC_010551.1,Burkholderia ambifaria MC40-6 chromosome 1 (3443583 bp),negative_41_36,213090,225806,12717,backbone
NC_010551.1,Burkholderia ambifaria MC40-6 chromosome 1 (3443583 bp),negative_41_37,280870,296941,16072,backbone
NC_010551.1,Burkholderia ambifaria MC40-6 chromosome 1 (3443583 bp),negative_41_38,306226,324729,18504,backbone
NC_010551.1,Burkholderia ambifaria MC40-6 chromosome 1 (3443583 bp),negative_41_39,325066,352877,27812,backbone
NC_010551.1,Burkholderia ambifaria MC40-6 chromosome 1 (3443583 bp),negative_41_40,381229,411579,30351,backbone
NC_010551.1,Burkholderia ambifaria MC40-6 chromosome 1 (3443583 bp),negative_41_41,509058,530580,21523,backbone
NC_010551.1,Burkholderia ambifaria MC40-6 chromosome 1 (3443583 bp),negative_41_42,540365,563107,22743,backbone
NC_010551.1,Burkholderia ambifaria MC40-6 chromosome 1 (3443583 bp),negative_41_43,563143,576072,12930,backbone
NC_010551.1,Burkholderia ambifaria MC40-6 chromosome 1 (3443583 bp),negative_41_44,580859,594226,13368,backbone
NC_010551.1,Burkholderia ambifaria MC40-6 chromosome 1 (3443583 bp),negative_41_45,602744,620280,17537,backbone
NC_010551.1,Burkholderia ambifaria MC40-6 chromosome 1 (3443583 bp),negative_41_46,682776,692496,9721,backbone
NC_010551.1,Burkholderia ambifaria MC40-6 chromosome 1 (3443583 bp),negative_41_47,712793,722498,9706,backbone
NC_010551.1,Burkholderia ambifaria MC40-6 chromosome 1 (3443583 bp),negative_41_48,748893,761281,12389,backbone
NC_010551.1,Burkholderia ambifaria MC40-6 chromosome 1 (3443583 bp),negative_41_49,780125,788140,8016,backbone
NC_010551.1,Burkholderia ambifaria MC40-6 chromosome 1 (3443583 bp),negative_41_50,835702,845408,9707,backbone
NC_010551.1,Burkholderia ambifaria MC40-6 chromosome 1 (3443583 bp),negative_41_51,872177,885921,13745,backbone
NC_010551.1,Burkholderia ambifaria MC40-6 chromosome 1 (3443583 bp),negative_41_52,924470,933248,8779,backbone
NC_010551.1,Burkholderia ambifaria MC40-6 chromosome 1 (3443583 bp),negative_41_53,1007629,1030909,23281,backbone
NC_010551.1,Burkholderia ambifaria MC40-6 chromosome 1 (3443583 bp),negative_41_54,1067150,1079748,12599,backbone
NC_010551.1,Burkholderia ambifaria MC40-6 chromosome 1 (3443583 bp),negative_41_55,1082597,1116263,33667,backbone
NC_010551.1,Burkholderia ambifaria MC40-6 chromosome 1 (3443583 bp),negative_41_56,1125787,1133951,8165,backbone
NC_010551.1,Burkholderia ambifaria MC40-6 chromosome 1 (3443583 bp),negative_41_57,1301820,1325356,23537,backbone
NC_003197.1,Salmonella typhimurium LT2 (4857432 bp),negative_42_1,117239,129058,11820,backbone
NC_003197.1,Salmonella typhimurium LT2 (4857432 bp),negative_42_2,139415,161643,22229,backbone
NC_003197.1,Salmonella typhimurium LT2 (4857432 bp),negative_42_3,173379,182495,9117,backbone
NC_003197.1,Salmonella typhimurium LT2 (4857432 bp),negative_42_4,237211,245490,8280,backbone
NC_003197.1,Salmonella typhimurium LT2 (4857432 bp),negative_42_5,249471,274007,24537,backbone
NC_003197.1,Salmonella typhimurium LT2 (4857432 bp),negative_42_6,498710,511650,12941,backbone
NC_003197.1,Salmonella typhimurium LT2 (4857432 bp),negative_42_7,528466,537868,9403,backbone
NC_003197.1,Salmonella typhimurium LT2 (4857432 bp),negative_42_8,727023,737230,10208,backbone
NC_003197.1,Salmonella typhimurium LT2 (4857432 bp),negative_42_9,796166,807878,11713,backbone
NC_003197.1,Salmonella typhimurium LT2 (4857432 bp),negative_42_10,809500,818906,9407,backbone
NC_003197.1,Salmonella typhimurium LT2 (4857432 bp),negative_42_11,891422,900054,8633,backbone
NC_003197.1,Salmonella typhimurium LT2 (4857432 bp),negative_42_12,1034886,1045979,11094,backbone
NC_003197.1,Salmonella typhimurium LT2 (4857432 bp),negative_42_13,1069460,1084754,15295,backbone
NC_003197.1,Salmonella typhimurium LT2 (4857432 bp),negative_42_14,1274148,1287942,13795,backbone
NC_003197.1,Salmonella typhimurium LT2 (4857432 bp),negative_42_15,1805598,1816760,11163,backbone
NC_003197.1,Salmonella typhimurium LT2 (4857432 bp),negative_42_16,1835887,1845875,9989,backbone
NC_003197.1,Salmonella typhimurium LT2 (4857432 bp),negative_42_17,2317184,2326741,9558,backbone
NC_003197.1,Salmonella typhimurium LT2 (4857432 bp),negative_42_18,2360874,2373672,12799,backbone
NC_003197.1,Salmonella typhimurium LT2 (4857432 bp),negative_42_19,2424354,2451379,27026,backbone
NC_003197.1,Salmonella typhimurium LT2 (4857432 bp),negative_42_20,2474327,2484783,10457,backbone
NC_003197.1,Salmonella typhimurium LT2 (4857432 bp),negative_42_21,2488616,2497331,8716,backbone
NC_003197.1,Salmonella typhimurium LT2 (4857432 bp),negative_42_22,2651920,2660620,8701,backbone
NC_003197.1,Salmonella typhimurium LT2 (4857432 bp),negative_42_23,2675359,2685243,9885,backbone
NC_003197.1,Salmonella typhimurium LT2 (4857432 bp),negative_42_24,2705719,2715290,9572,backbone
NC_003197.1,Salmonella typhimurium LT2 (4857432 bp),negative_42_25,3145311,3153830,8520,backbone
NC_003197.1,Salmonella typhimurium LT2 (4857432 bp),negative_42_26,3199219,3209264,10046,backbone
NC_003197.1,Salmonella typhimurium LT2 (4857432 bp),negative_42_27,3212137,3223227,11091,backbone
NC_003197.1,Salmonella typhimurium LT2 (4857432 bp),negative_42_28,3248927,3259736,10810,backbone
NC_003197.1,Salmonella typhimurium LT2 (4857432 bp),negative_42_29,3344371,3354110,9740,backbone
NC_003197.1,Salmonella typhimurium LT2 (4857432 bp),negative_42_30,3444612,3458640,14029,backbone
NC_003197.1,Salmonella typhimurium LT2 (4857432 bp),negative_42_31,3470219,3481030,10812,backbone
NC_003197.1,Salmonella typhimurium LT2 (4857432 bp),negative_42_32,3581316,3596617,15302,backbone
NC_003197.1,Salmonella typhimurium LT2 (4857432 bp),negative_42_33,3612678,3623260,10583,backbone
NC_003197.1,Salmonella typhimurium LT2 (4857432 bp),negative_42_34,3636423,3654373,17951,backbone
NC_003197.1,Salmonella typhimurium LT2 (4857432 bp),negative_42_35,3656179,3665724,9546,backbone
NC_003197.1,Salmonella typhimurium LT2 (4857432 bp),negative_42_36,3720457,3734307,13851,backbone
NC_003197.1,Salmonella typhimurium LT2 (4857432 bp),negative_42_37,4073342,4086390,13049,backbone
NC_003197.1,Salmonella typhimurium LT2 (4857432 bp),negative_42_38,4122348,4131389,9042,backbone
NC_003197.1,Salmonella typhimurium LT2 (4857432 bp),negative_42_39,4132858,4141395,8538,backbone
NC_003197.1,Salmonella typhimurium LT2 (4857432 bp),negative_42_40,4209065,4219027,9963,backbone
NC_003197.1,Salmonella typhimurium LT2 (4857432 bp),negative_42_41,4359741,4374262,14522,backbone
NC_003197.1,Salmonella typhimurium LT2 (4857432 bp),negative_42_42,4595831,4612285,16455,backbone
NC_008321.1,Shewanella sp. MR-4 (4706287 bp),negative_43_1,212375,242941,30567,backbone
NC_008321.1,Shewanella sp. MR-4 (4706287 bp),negative_43_2,1931213,1942105,10893,backbone
NC_008321.1,Shewanella sp. MR-4 (4706287 bp),negative_43_3,3975803,3984631,8829,backbone
NC_008321.1,Shewanella sp. MR-4 (4706287 bp),negative_43_4,4688337,4699517,11181,backbone
NC_006511.1,Salmonella enterica subsp. enterica serovar Paratyphi A str. ATCC 9150 (4585229 bp),negative_44_1,100631,109123,8493,backbone
NC_006511.1,Salmonella enterica subsp. enterica serovar Paratyphi A str. ATCC 9150 (4585229 bp),negative_44_2,118746,130529,11784,backbone
NC_006511.1,Salmonella enterica subsp. enterica serovar Paratyphi A str. ATCC 9150 (4585229 bp),negative_44_3,130562,140881,10320,backbone
NC_006511.1,Salmonella enterica subsp. enterica serovar Paratyphi A str. ATCC 9150 (4585229 bp),negative_44_4,140919,163626,22708,backbone
NC_006511.1,Salmonella enterica subsp. enterica serovar Paratyphi A str. ATCC 9150 (4585229 bp),negative_44_5,176609,185726,9118,backbone
NC_006511.1,Salmonella enterica subsp. enterica serovar Paratyphi A str. ATCC 9150 (4585229 bp),negative_44_6,253743,278446,24704,backbone
NC_006511.1,Salmonella enterica subsp. enterica serovar Paratyphi A str. ATCC 9150 (4585229 bp),negative_44_7,331376,340936,9561,backbone
NC_006511.1,Salmonella enterica subsp. enterica serovar Paratyphi A str. ATCC 9150 (4585229 bp),negative_44_8,361421,371261,9841,backbone
NC_006511.1,Salmonella enterica subsp. enterica serovar Paratyphi A str. ATCC 9150 (4585229 bp),negative_44_9,385872,394570,8699,backbone
NC_006511.1,Salmonella enterica subsp. enterica serovar Paratyphi A str. ATCC 9150 (4585229 bp),negative_44_10,563127,573712,10586,backbone
NC_006511.1,Salmonella enterica subsp. enterica serovar Paratyphi A str. ATCC 9150 (4585229 bp),negative_44_11,596531,623504,26974,backbone
NC_006511.1,Salmonella enterica subsp. enterica serovar Paratyphi A str. ATCC 9150 (4585229 bp),negative_44_12,704359,713650,9292,backbone
NC_006511.1,Salmonella enterica subsp. enterica serovar Paratyphi A str. ATCC 9150 (4585229 bp),negative_44_13,1163443,1171719,8277,backbone
NC_006511.1,Salmonella enterica subsp. enterica serovar Paratyphi A str. ATCC 9150 (4585229 bp),negative_44_14,1175444,1186676,11233,backbone
NC_006511.1,Salmonella enterica subsp. enterica serovar Paratyphi A str. ATCC 9150 (4585229 bp),negative_44_15,1196457,1206457,10001,backbone
NC_006511.1,Salmonella enterica subsp. enterica serovar Paratyphi A str. ATCC 9150 (4585229 bp),negative_44_16,1225619,1236744,11126,backbone
NC_006511.1,Salmonella enterica subsp. enterica serovar Paratyphi A str. ATCC 9150 (4585229 bp),negative_44_17,1712250,1725433,13184,backbone
NC_006511.1,Salmonella enterica subsp. enterica serovar Paratyphi A str. ATCC 9150 (4585229 bp),negative_44_18,1867799,1883018,15220,backbone
NC_006511.1,Salmonella enterica subsp. enterica serovar Paratyphi A str. ATCC 9150 (4585229 bp),negative_44_19,1907863,1922246,14384,backbone
NC_006511.1,Salmonella enterica subsp. enterica serovar Paratyphi A str. ATCC 9150 (4585229 bp),negative_44_20,2071530,2081042,9513,backbone
NC_006511.1,Salmonella enterica subsp. enterica serovar Paratyphi A str. ATCC 9150 (4585229 bp),negative_44_21,2082667,2094547,11881,backbone
NC_006511.1,Salmonella enterica subsp. enterica serovar Paratyphi A str. ATCC 9150 (4585229 bp),negative_44_22,2115851,2124207,8357,backbone
NC_006511.1,Salmonella enterica subsp. enterica serovar Paratyphi A str. ATCC 9150 (4585229 bp),negative_44_23,2152821,2163276,10456,backbone
NC_006511.1,Salmonella enterica subsp. enterica serovar Paratyphi A str. ATCC 9150 (4585229 bp),negative_44_24,2221357,2230596,9240,backbone
NC_006511.1,Salmonella enterica subsp. enterica serovar Paratyphi A str. ATCC 9150 (4585229 bp),negative_44_25,2335592,2346495,10904,backbone
NC_006511.1,Salmonella enterica subsp. enterica serovar Paratyphi A str. ATCC 9150 (4585229 bp),negative_44_26,2361463,2374493,13031,backbone
NC_006511.1,Salmonella enterica subsp. enterica serovar Paratyphi A str. ATCC 9150 (4585229 bp),negative_44_27,2961797,2971462,9666,backbone
NC_006511.1,Salmonella enterica subsp. enterica serovar Paratyphi A str. ATCC 9150 (4585229 bp),negative_44_28,3016838,3026885,10048,backbone
NC_006511.1,Salmonella enterica subsp. enterica serovar Paratyphi A str. ATCC 9150 (4585229 bp),negative_44_29,3029758,3040650,10893,backbone
NC_006511.1,Salmonella enterica subsp. enterica serovar Paratyphi A str. ATCC 9150 (4585229 bp),negative_44_30,3058283,3069127,10845,backbone
NC_006511.1,Salmonella enterica subsp. enterica serovar Paratyphi A str. ATCC 9150 (4585229 bp),negative_44_31,3154736,3164690,9955,backbone
NC_006511.1,Salmonella enterica subsp. enterica serovar Paratyphi A str. ATCC 9150 (4585229 bp),negative_44_32,3253529,3267399,13871,backbone
NC_006511.1,Salmonella enterica subsp. enterica serovar Paratyphi A str. ATCC 9150 (4585229 bp),negative_44_33,3277684,3288497,10814,backbone
NC_006511.1,Salmonella enterica subsp. enterica serovar Paratyphi A str. ATCC 9150 (4585229 bp),negative_44_34,3336447,3347810,11364,backbone
NC_006511.1,Salmonella enterica subsp. enterica serovar Paratyphi A str. ATCC 9150 (4585229 bp),negative_44_35,3389162,3403004,13843,backbone
NC_006511.1,Salmonella enterica subsp. enterica serovar Paratyphi A str. ATCC 9150 (4585229 bp),negative_44_36,3419951,3429648,9698,backbone
NC_006511.1,Salmonella enterica subsp. enterica serovar Paratyphi A str. ATCC 9150 (4585229 bp),negative_44_37,3442137,3460078,17942,backbone
NC_006511.1,Salmonella enterica subsp. enterica serovar Paratyphi A str. ATCC 9150 (4585229 bp),negative_44_38,3461991,3471438,9448,backbone
NC_006511.1,Salmonella enterica subsp. enterica serovar Paratyphi A str. ATCC 9150 (4585229 bp),negative_44_39,3693183,3702519,9337,backbone
NC_006511.1,Salmonella enterica subsp. enterica serovar Paratyphi A str. ATCC 9150 (4585229 bp),negative_44_40,3848181,3860173,11993,backbone
NC_006511.1,Salmonella enterica subsp. enterica serovar Paratyphi A str. ATCC 9150 (4585229 bp),negative_44_41,3899903,3908946,9044,backbone
NC_006511.1,Salmonella enterica subsp. enterica serovar Paratyphi A str. ATCC 9150 (4585229 bp),negative_44_42,3987143,3997092,9950,backbone
NC_006511.1,Salmonella enterica subsp. enterica serovar Paratyphi A str. ATCC 9150 (4585229 bp),negative_44_43,4133370,4147885,14516,backbone
NC_006511.1,Salmonella enterica subsp. enterica serovar Paratyphi A str. ATCC 9150 (4585229 bp),negative_44_44,4351127,4362115,10989,backbone
NC_008563.1,Escherichia coli APEC O1 (5082025 bp),negative_45_1,81272,91155,9884,backbone
NC_008563.1,Escherichia coli APEC O1 (5082025 bp),negative_45_2,98309,109976,11668,backbone
NC_008563.1,Escherichia coli APEC O1 (5082025 bp),negative_45_3,109980,122441,12462,backbone
NC_008563.1,Escherichia coli APEC O1 (5082025 bp),negative_45_4,179399,188901,9503,backbone
NC_008563.1,Escherichia coli APEC O1 (5082025 bp),negative_45_5,190409,214358,23950,backbone
NC_008563.1,Escherichia coli APEC O1 (5082025 bp),negative_45_6,453884,462454,8571,backbone
NC_008563.1,Escherichia coli APEC O1 (5082025 bp),negative_45_7,467801,478860,11060,backbone
NC_008563.1,Escherichia coli APEC O1 (5082025 bp),negative_45_8,670497,682219,11723,backbone
NC_008563.1,Escherichia coli APEC O1 (5082025 bp),negative_45_9,704285,712961,8677,backbone
NC_008563.1,Escherichia coli APEC O1 (5082025 bp),negative_45_10,722431,734048,11618,backbone
NC_008563.1,Escherichia coli APEC O1 (5082025 bp),negative_45_11,736772,748959,12188,backbone
NC_008563.1,Escherichia coli APEC O1 (5082025 bp),negative_45_12,898030,911549,13520,backbone
NC_008563.1,Escherichia coli APEC O1 (5082025 bp),negative_45_13,964508,990301,25794,backbone
NC_008563.1,Escherichia coli APEC O1 (5082025 bp),negative_45_14,1001188,1011145,9958,backbone
NC_008563.1,Escherichia coli APEC O1 (5082025 bp),negative_45_15,1088353,1097421,9069,backbone
NC_008563.1,Escherichia coli APEC O1 (5082025 bp),negative_45_16,1287877,1299089,11213,backbone
NC_008563.1,Escherichia coli APEC O1 (5082025 bp),negative_45_17,1308909,1319081,10173,backbone
NC_008563.1,Escherichia coli APEC O1 (5082025 bp),negative_45_18,1386628,1396511,9884,backbone
NC_008563.1,Escherichia coli APEC O1 (5082025 bp),negative_45_19,1727336,1740818,13483,backbone
NC_008563.1,Escherichia coli APEC O1 (5082025 bp),negative_45_20,1772680,1781557,8878,backbone
NC_008563.1,Escherichia coli APEC O1 (5082025 bp),negative_45_21,1839869,1847913,8045,backbone
NC_008563.1,Escherichia coli APEC O1 (5082025 bp),negative_45_22,1902469,1915022,12554,backbone
NC_008563.1,Escherichia coli APEC O1 (5082025 bp),negative_45_23,1938561,1947395,8835,backbone
NC_008563.1,Escherichia coli APEC O1 (5082025 bp),negative_45_24,2380601,2395568,14968,backbone
NC_008563.1,Escherichia coli APEC O1 (5082025 bp),negative_45_25,2482374,2491033,8660,backbone
NC_008563.1,Escherichia coli APEC O1 (5082025 bp),negative_45_26,2494739,2522134,27396,backbone
NC_008563.1,Escherichia coli APEC O1 (5082025 bp),negative_45_27,2533543,2543774,10232,backbone
NC_008563.1,Escherichia coli APEC O1 (5082025 bp),negative_45_28,2545530,2554260,8731,backbone
NC_008563.1,Escherichia coli APEC O1 (5082025 bp),negative_45_29,2660496,2668642,8147,backbone
NC_008563.1,Escherichia coli APEC O1 (5082025 bp),negative_45_30,2792842,2804841,12000,backbone
NC_008563.1,Escherichia coli APEC O1 (5082025 bp),negative_45_31,2813669,2823473,9805,backbone
NC_008563.1,Escherichia coli APEC O1 (5082025 bp),negative_45_32,3240872,3254145,13274,backbone
NC_008563.1,Escherichia coli APEC O1 (5082025 bp),negative_45_33,3278157,3288147,9991,backbone
NC_008563.1,Escherichia coli APEC O1 (5082025 bp),negative_45_34,3593327,3611085,17759,backbone
NC_008563.1,Escherichia coli APEC O1 (5082025 bp),negative_45_35,3623166,3631493,8328,backbone
NC_008563.1,Escherichia coli APEC O1 (5082025 bp),negative_45_36,3671072,3685951,14880,backbone
NC_008563.1,Escherichia coli APEC O1 (5082025 bp),negative_45_37,3726463,3744082,17620,backbone
NC_008563.1,Escherichia coli APEC O1 (5082025 bp),negative_45_38,3802499,3816437,13939,backbone
NC_008563.1,Escherichia coli APEC O1 (5082025 bp),negative_45_39,3859080,3867574,8495,backbone
NC_008563.1,Escherichia coli APEC O1 (5082025 bp),negative_45_40,4084997,4096429,11433,backbone
NC_008563.1,Escherichia coli APEC O1 (5082025 bp),negative_45_41,4209077,4230277,21201,backbone
NC_008563.1,Escherichia coli APEC O1 (5082025 bp),negative_45_42,4267277,4275663,8387,backbone
NC_008563.1,Escherichia coli APEC O1 (5082025 bp),negative_45_43,4368070,4378019,9950,backbone
NC_008563.1,Escherichia coli APEC O1 (5082025 bp),negative_45_44,4428187,4436280,8094,backbone
NC_008563.1,Escherichia coli APEC O1 (5082025 bp),negative_45_45,4496686,4510936,14251,backbone
NC_008563.1,Escherichia coli APEC O1 (5082025 bp),negative_45_46,4535786,4545595,9810,backbone
NC_008563.1,Escherichia coli APEC O1 (5082025 bp),negative_45_47,4799725,4815411,15687,backbone
NC_008563.1,Escherichia coli APEC O1 (5082025 bp),negative_45_48,5049798,5061841,12044,backbone
NC_008024.1,Streptococcus pyogenes MGAS10750 (1937111 bp),negative_46_1,16561,29751,13191,backbone
NC_008024.1,Streptococcus pyogenes MGAS10750 (1937111 bp),negative_46_2,34585,45643,11059,backbone
NC_008024.1,Streptococcus pyogenes MGAS10750 (1937111 bp),negative_46_3,55271,64010,8740,backbone
NC_008024.1,Streptococcus pyogenes MGAS10750 (1937111 bp),negative_46_4,64650,80381,15732,backbone
NC_008024.1,Streptococcus pyogenes MGAS10750 (1937111 bp),negative_46_5,92618,112263,19646,backbone
NC_008024.1,Streptococcus pyogenes MGAS10750 (1937111 bp),negative_46_6,244878,255754,10877,backbone
NC_008024.1,Streptococcus pyogenes MGAS10750 (1937111 bp),negative_46_7,498946,510730,11785,backbone
NC_008024.1,Streptococcus pyogenes MGAS10750 (1937111 bp),negative_46_8,1020418,1032162,11745,backbone
NC_008024.1,Streptococcus pyogenes MGAS10750 (1937111 bp),negative_46_9,1042629,1059419,16791,backbone
NC_008024.1,Streptococcus pyogenes MGAS10750 (1937111 bp),negative_46_10,1091364,1099902,8539,backbone
NC_008024.1,Streptococcus pyogenes MGAS10750 (1937111 bp),negative_46_11,1549975,1563080,13106,backbone
NC_008024.1,Streptococcus pyogenes MGAS10750 (1937111 bp),negative_46_12,1585166,1593541,8376,backbone
NC_008024.1,Streptococcus pyogenes MGAS10750 (1937111 bp),negative_46_13,1847548,1862227,14680,backbone
NC_008024.1,Streptococcus pyogenes MGAS10750 (1937111 bp),negative_46_14,1877094,1889336,12243,backbone
NC_008024.1,Streptococcus pyogenes MGAS10750 (1937111 bp),negative_46_15,1908915,1917515,8601,backbone
NC_010410.1,Acinetobacter baumannii AYE (3936291 bp),negative_47_1,1102468,1111396,8929,backbone
NC_010410.1,Acinetobacter baumannii AYE (3936291 bp),negative_47_2,1274731,1286738,12008,backbone
NC_010410.1,Acinetobacter baumannii AYE (3936291 bp),negative_47_3,1342364,1358564,16201,backbone
NC_010410.1,Acinetobacter baumannii AYE (3936291 bp),negative_47_4,1420609,1432850,12242,backbone
NC_010410.1,Acinetobacter baumannii AYE (3936291 bp),negative_47_5,1439115,1451788,12674,backbone
NC_010410.1,Acinetobacter baumannii AYE (3936291 bp),negative_47_6,1486825,1496018,9194,backbone
NC_010410.1,Acinetobacter baumannii AYE (3936291 bp),negative_47_7,1565087,1584306,19220,backbone
NC_010410.1,Acinetobacter baumannii AYE (3936291 bp),negative_47_8,1635084,1655722,20639,backbone
NC_010410.1,Acinetobacter baumannii AYE (3936291 bp),negative_47_9,1699369,1714190,14822,backbone
NC_010410.1,Acinetobacter baumannii AYE (3936291 bp),negative_47_10,1738227,1749578,11352,backbone
NC_010410.1,Acinetobacter baumannii AYE (3936291 bp),negative_47_11,2065554,2082825,17272,backbone
NC_010410.1,Acinetobacter baumannii AYE (3936291 bp),negative_47_12,2118526,2127876,9351,backbone
NC_010410.1,Acinetobacter baumannii AYE (3936291 bp),negative_47_13,2128330,2143637,15308,backbone
NC_010410.1,Acinetobacter baumannii AYE (3936291 bp),negative_47_14,2451192,2463790,12599,backbone
NC_010410.1,Acinetobacter baumannii AYE (3936291 bp),negative_47_15,2777569,2791904,14336,backbone
NC_010410.1,Acinetobacter baumannii AYE (3936291 bp),negative_47_16,2884272,2892683,8412,backbone
NC_010410.1,Acinetobacter baumannii AYE (3936291 bp),negative_47_17,2933214,2944557,11344,backbone
NC_010410.1,Acinetobacter baumannii AYE (3936291 bp),negative_47_18,2951061,2963477,12417,backbone
NC_010410.1,Acinetobacter baumannii AYE (3936291 bp),negative_47_19,2972608,2981121,8514,backbone
NC_010410.1,Acinetobacter baumannii AYE (3936291 bp),negative_47_20,2998876,3013334,14459,backbone
NC_010410.1,Acinetobacter baumannii AYE (3936291 bp),negative_47_21,3035170,3048334,13165,backbone
NC_010410.1,Acinetobacter baumannii AYE (3936291 bp),negative_47_22,3076722,3094105,17384,backbone
NC_010410.1,Acinetobacter baumannii AYE (3936291 bp),negative_47_23,3163774,3171967,8194,backbone
NC_010410.1,Acinetobacter baumannii AYE (3936291 bp),negative_47_24,3178626,3187056,8431,backbone
NC_010410.1,Acinetobacter baumannii AYE (3936291 bp),negative_47_25,3187389,3204387,16999,backbone
NC_010410.1,Acinetobacter baumannii AYE (3936291 bp),negative_47_26,3221318,3232985,11668,backbone
NC_010410.1,Acinetobacter baumannii AYE (3936291 bp),negative_47_27,3266431,3275098,8668,backbone
NC_010410.1,Acinetobacter baumannii AYE (3936291 bp),negative_47_28,3279778,3294056,14279,backbone
NC_010410.1,Acinetobacter baumannii AYE (3936291 bp),negative_47_29,3299839,3325948,26110,backbone
NC_010410.1,Acinetobacter baumannii AYE (3936291 bp),negative_47_30,3328543,3348126,19584,backbone
NC_010410.1,Acinetobacter baumannii AYE (3936291 bp),negative_47_31,3362284,3379429,17146,backbone
NC_010410.1,Acinetobacter baumannii AYE (3936291 bp),negative_47_32,3415353,3433338,17986,backbone
NC_010410.1,Acinetobacter baumannii AYE (3936291 bp),negative_47_33,3457562,3473515,15954,backbone
NC_010410.1,Acinetobacter baumannii AYE (3936291 bp),negative_47_34,3479716,3496657,16942,backbone
NC_010410.1,Acinetobacter baumannii AYE (3936291 bp),negative_47_35,3498988,3525853,26866,backbone
NC_010410.1,Acinetobacter baumannii AYE (3936291 bp),negative_47_36,3539464,3560763,21300,backbone
NC_010410.1,Acinetobacter baumannii AYE (3936291 bp),negative_47_37,3574737,3610010,35274,backbone
NC_010410.1,Acinetobacter baumannii AYE (3936291 bp),negative_47_38,3703400,3719217,15818,backbone
NC_010410.1,Acinetobacter baumannii AYE (3936291 bp),negative_47_39,3747981,3758106,10126,backbone
NC_010410.1,Acinetobacter baumannii AYE (3936291 bp),negative_47_40,3797440,3805445,8006,backbone
NC_010410.1,Acinetobacter baumannii AYE (3936291 bp),negative_47_41,3868051,3877009,8959,backbone
NC_010410.1,Acinetobacter baumannii AYE (3936291 bp),negative_47_42,77,10212,10136,backbone
NC_010410.1,Acinetobacter baumannii AYE (3936291 bp),negative_47_43,36692,58984,22293,backbone
NC_010410.1,Acinetobacter baumannii AYE (3936291 bp),negative_47_44,101059,111708,10650,backbone
NC_010410.1,Acinetobacter baumannii AYE (3936291 bp),negative_47_45,116527,127371,10845,backbone
NC_010410.1,Acinetobacter baumannii AYE (3936291 bp),negative_47_46,145742,156569,10828,backbone
NC_010410.1,Acinetobacter baumannii AYE (3936291 bp),negative_47_47,159478,173502,14025,backbone
NC_010410.1,Acinetobacter baumannii AYE (3936291 bp),negative_47_48,180032,189151,9120,backbone
NC_010410.1,Acinetobacter baumannii AYE (3936291 bp),negative_47_49,195303,206547,11245,backbone
NC_010410.1,Acinetobacter baumannii AYE (3936291 bp),negative_47_50,296330,307381,11052,backbone
NC_010410.1,Acinetobacter baumannii AYE (3936291 bp),negative_47_51,307464,328613,21150,backbone
NC_010410.1,Acinetobacter baumannii AYE (3936291 bp),negative_47_52,345261,358240,12980,backbone
NC_010410.1,Acinetobacter baumannii AYE (3936291 bp),negative_47_53,410545,425397,14853,backbone
NC_010410.1,Acinetobacter baumannii AYE (3936291 bp),negative_47_54,429407,461615,32209,backbone
NC_010410.1,Acinetobacter baumannii AYE (3936291 bp),negative_47_55,475196,485793,10598,backbone
NC_010410.1,Acinetobacter baumannii AYE (3936291 bp),negative_47_56,505504,516494,10991,backbone
NC_010410.1,Acinetobacter baumannii AYE (3936291 bp),negative_47_57,581193,592211,11019,backbone
NC_010410.1,Acinetobacter baumannii AYE (3936291 bp),negative_47_58,616977,629612,12636,backbone
NC_010410.1,Acinetobacter baumannii AYE (3936291 bp),negative_47_59,633711,643220,9510,backbone
NC_010410.1,Acinetobacter baumannii AYE (3936291 bp),negative_47_60,653032,671853,18822,backbone
NC_010410.1,Acinetobacter baumannii AYE (3936291 bp),negative_47_61,674958,685669,10712,backbone
NC_010410.1,Acinetobacter baumannii AYE (3936291 bp),negative_47_62,697687,706255,8569,backbone
NC_010410.1,Acinetobacter baumannii AYE (3936291 bp),negative_47_63,715011,729241,14231,backbone
NC_010410.1,Acinetobacter baumannii AYE (3936291 bp),negative_47_64,764167,779530,15364,backbone
NC_010410.1,Acinetobacter baumannii AYE (3936291 bp),negative_47_65,791732,806432,14701,backbone
NC_010410.1,Acinetobacter baumannii AYE (3936291 bp),negative_47_66,843722,855588,11867,backbone
NC_010410.1,Acinetobacter baumannii AYE (3936291 bp),negative_47_67,910778,919757,8980,backbone
NC_010410.1,Acinetobacter baumannii AYE (3936291 bp),negative_47_68,963216,974244,11029,backbone
NC_010410.1,Acinetobacter baumannii AYE (3936291 bp),negative_47_69,979445,995837,16393,backbone
NC_010410.1,Acinetobacter baumannii AYE (3936291 bp),negative_47_70,1006735,1018041,11307,backbone
NC_004070.1,Streptococcus pyogenes MGAS315 (1900521 bp),negative_48_1,16590,29782,13193,backbone
NC_004070.1,Streptococcus pyogenes MGAS315 (1900521 bp),negative_48_2,34650,45783,11134,backbone
NC_004070.1,Streptococcus pyogenes MGAS315 (1900521 bp),negative_48_3,54316,79301,24986,backbone
NC_004070.1,Streptococcus pyogenes MGAS315 (1900521 bp),negative_48_4,90257,110951,20695,backbone
NC_004070.1,Streptococcus pyogenes MGAS315 (1900521 bp),negative_48_5,235771,246647,10877,backbone
NC_004070.1,Streptococcus pyogenes MGAS315 (1900521 bp),negative_48_6,467704,476392,8689,backbone
NC_004070.1,Streptococcus pyogenes MGAS315 (1900521 bp),negative_48_7,907913,919584,11672,backbone
NC_004070.1,Streptococcus pyogenes MGAS315 (1900521 bp),negative_48_8,930060,946851,16792,backbone
NC_004070.1,Streptococcus pyogenes MGAS315 (1900521 bp),negative_48_9,1019770,1028308,8539,backbone
NC_004070.1,Streptococcus pyogenes MGAS315 (1900521 bp),negative_48_10,1581473,1595509,14037,backbone
NC_004070.1,Streptococcus pyogenes MGAS315 (1900521 bp),negative_48_11,1617146,1625521,8376,backbone
NC_004070.1,Streptococcus pyogenes MGAS315 (1900521 bp),negative_48_12,1694272,1705194,10923,backbone
NC_004070.1,Streptococcus pyogenes MGAS315 (1900521 bp),negative_48_13,1820911,1835585,14675,backbone
NC_004070.1,Streptococcus pyogenes MGAS315 (1900521 bp),negative_48_14,1836587,1848816,12230,backbone
NC_004070.1,Streptococcus pyogenes MGAS315 (1900521 bp),negative_48_15,1868404,1877007,8604,backbone
NC_005139.1,Vibrio vulnificus YJ016 chromosome I (3354505 bp),negative_49_1,1026453,1036164,9712,backbone
NC_005139.1,Vibrio vulnificus YJ016 chromosome I (3354505 bp),negative_49_2,1708132,1716780,8649,backbone
NC_005139.1,Vibrio vulnificus YJ016 chromosome I (3354505 bp),negative_49_3,2565815,2579694,13880,backbone
NC_005139.1,Vibrio vulnificus YJ016 chromosome I (3354505 bp),negative_49_4,2776433,2791641,15209,backbone
NC_005139.1,Vibrio vulnificus YJ016 chromosome I (3354505 bp),negative_49_5,2839945,2852701,12757,backbone
NC_005139.1,Vibrio vulnificus YJ016 chromosome I (3354505 bp),negative_49_6,2996502,3006815,10314,backbone
NC_005139.1,Vibrio vulnificus YJ016 chromosome I (3354505 bp),negative_49_7,3237615,3251081,13467,backbone
NC_005139.1,Vibrio vulnificus YJ016 chromosome I (3354505 bp),negative_49_8,3343071,3353815,10745,backbone
NC_005139.1,Vibrio vulnificus YJ016 chromosome I (3354505 bp),negative_49_9,2397,12776,10380,backbone
NC_005139.1,Vibrio vulnificus YJ016 chromosome I (3354505 bp),negative_49_10,220735,229904,9170,backbone
NC_005139.1,Vibrio vulnificus YJ016 chromosome I (3354505 bp),negative_49_11,383813,397680,13868,backbone
NC_005139.1,Vibrio vulnificus YJ016 chromosome I (3354505 bp),negative_49_12,905426,915904,10479,backbone
NC_009783.1,Vibrio harveyi ATCC BAA-1116 chromosome I (3765351 bp),negative_50_1,221078,235502,14425,backbone
NC_009783.1,Vibrio harveyi ATCC BAA-1116 chromosome I (3765351 bp),negative_50_2,404678,415423,10746,backbone
NC_009783.1,Vibrio harveyi ATCC BAA-1116 chromosome I (3765351 bp),negative_50_3,418585,429109,10525,backbone
NC_009783.1,Vibrio harveyi ATCC BAA-1116 chromosome I (3765351 bp),negative_50_4,582021,591137,9117,backbone
NC_009783.1,Vibrio harveyi ATCC BAA-1116 chromosome I (3765351 bp),negative_50_5,721774,735642,13869,backbone
NC_009783.1,Vibrio harveyi ATCC BAA-1116 chromosome I (3765351 bp),negative_50_6,892706,905292,12587,backbone
NC_009783.1,Vibrio harveyi ATCC BAA-1116 chromosome I (3765351 bp),negative_50_7,1233203,1243814,10612,backbone
NC_009783.1,Vibrio harveyi ATCC BAA-1116 chromosome I (3765351 bp),negative_50_8,1360626,1370345,9720,backbone
NC_009783.1,Vibrio harveyi ATCC BAA-1116 chromosome I (3765351 bp),negative_50_9,3242751,3256972,14222,backbone
NC_009783.1,Vibrio harveyi ATCC BAA-1116 chromosome I (3765351 bp),negative_50_10,3465026,3479858,14833,backbone
NC_009783.1,Vibrio harveyi ATCC BAA-1116 chromosome I (3765351 bp),negative_50_11,3531986,3544776,12791,backbone
NC_009783.1,Vibrio harveyi ATCC BAA-1116 chromosome I (3765351 bp),negative_50_12,3718143,3729174,11032,backbone
NC_009080.1,Burkholderia mallei NCTC 10247 chromosome I (3495687 bp),negative_51_1,10137,22946,12810,backbone
NC_009080.1,Burkholderia mallei NCTC 10247 chromosome I (3495687 bp),negative_51_2,29622,45058,15437,backbone
NC_009080.1,Burkholderia mallei NCTC 10247 chromosome I (3495687 bp),negative_51_3,110865,122356,11492,backbone
NC_009080.1,Burkholderia mallei NCTC 10247 chromosome I (3495687 bp),negative_51_4,172196,180627,8432,backbone
NC_009080.1,Burkholderia mallei NCTC 10247 chromosome I (3495687 bp),negative_51_5,183759,197955,14197,backbone
NC_009080.1,Burkholderia mallei NCTC 10247 chromosome I (3495687 bp),negative_51_6,199443,209119,9677,backbone
NC_009080.1,Burkholderia mallei NCTC 10247 chromosome I (3495687 bp),negative_51_7,253631,262855,9225,backbone
NC_009080.1,Burkholderia mallei NCTC 10247 chromosome I (3495687 bp),negative_51_8,280027,289568,9542,backbone
NC_009080.1,Burkholderia mallei NCTC 10247 chromosome I (3495687 bp),negative_51_9,292797,303136,10340,backbone
NC_009080.1,Burkholderia mallei NCTC 10247 chromosome I (3495687 bp),negative_51_10,341654,351680,10027,backbone
NC_009080.1,Burkholderia mallei NCTC 10247 chromosome I (3495687 bp),negative_51_11,352214,362499,10286,backbone
NC_009080.1,Burkholderia mallei NCTC 10247 chromosome I (3495687 bp),negative_51_12,381780,417798,36019,backbone
NC_009080.1,Burkholderia mallei NCTC 10247 chromosome I (3495687 bp),negative_51_13,546615,570774,24160,backbone
NC_009080.1,Burkholderia mallei NCTC 10247 chromosome I (3495687 bp),negative_51_14,772212,781905,9694,backbone
NC_009080.1,Burkholderia mallei NCTC 10247 chromosome I (3495687 bp),negative_51_15,941991,953875,11885,backbone
NC_009080.1,Burkholderia mallei NCTC 10247 chromosome I (3495687 bp),negative_51_16,967085,977033,9949,backbone
NC_009080.1,Burkholderia mallei NCTC 10247 chromosome I (3495687 bp),negative_51_17,982799,993399,10601,backbone
NC_009080.1,Burkholderia mallei NCTC 10247 chromosome I (3495687 bp),negative_51_18,1750996,1759473,8478,backbone
NC_009080.1,Burkholderia mallei NCTC 10247 chromosome I (3495687 bp),negative_51_19,1763980,1794177,30198,backbone
NC_009080.1,Burkholderia mallei NCTC 10247 chromosome I (3495687 bp),negative_51_20,1802475,1812513,10039,backbone
NC_009080.1,Burkholderia mallei NCTC 10247 chromosome I (3495687 bp),negative_51_21,1836065,1845983,9919,backbone
NC_009080.1,Burkholderia mallei NCTC 10247 chromosome I (3495687 bp),negative_51_22,1917925,1925960,8036,backbone
NC_009080.1,Burkholderia mallei NCTC 10247 chromosome I (3495687 bp),negative_51_23,1963304,1972120,8817,backbone
NC_009080.1,Burkholderia mallei NCTC 10247 chromosome I (3495687 bp),negative_51_24,2016930,2030941,14012,backbone
NC_009080.1,Burkholderia mallei NCTC 10247 chromosome I (3495687 bp),negative_51_25,2064245,2081778,17534,backbone
NC_009080.1,Burkholderia mallei NCTC 10247 chromosome I (3495687 bp),negative_51_26,2170420,2193623,23204,backbone
NC_009080.1,Burkholderia mallei NCTC 10247 chromosome I (3495687 bp),negative_51_27,2311113,2321896,10784,backbone
NC_009080.1,Burkholderia mallei NCTC 10247 chromosome I (3495687 bp),negative_51_28,2322209,2338402,16194,backbone
NC_009080.1,Burkholderia mallei NCTC 10247 chromosome I (3495687 bp),negative_51_29,2351275,2368346,17072,backbone
NC_009080.1,Burkholderia mallei NCTC 10247 chromosome I (3495687 bp),negative_51_30,2377408,2389370,11963,backbone
NC_009080.1,Burkholderia mallei NCTC 10247 chromosome I (3495687 bp),negative_51_31,2507140,2517521,10382,backbone
NC_009080.1,Burkholderia mallei NCTC 10247 chromosome I (3495687 bp),negative_51_32,2538797,2549041,10245,backbone
NC_009080.1,Burkholderia mallei NCTC 10247 chromosome I (3495687 bp),negative_51_33,2699812,2730429,30618,backbone
NC_009080.1,Burkholderia mallei NCTC 10247 chromosome I (3495687 bp),negative_51_34,2786126,2798377,12252,backbone
NC_009080.1,Burkholderia mallei NCTC 10247 chromosome I (3495687 bp),negative_51_35,2798789,2814771,15983,backbone
NC_009080.1,Burkholderia mallei NCTC 10247 chromosome I (3495687 bp),negative_51_36,2886026,2895664,9639,backbone
NC_009080.1,Burkholderia mallei NCTC 10247 chromosome I (3495687 bp),negative_51_37,2896140,2910603,14464,backbone
NC_009080.1,Burkholderia mallei NCTC 10247 chromosome I (3495687 bp),negative_51_38,2936022,2945482,9461,backbone
NC_009080.1,Burkholderia mallei NCTC 10247 chromosome I (3495687 bp),negative_51_39,2948485,2958488,10004,backbone
NC_009080.1,Burkholderia mallei NCTC 10247 chromosome I (3495687 bp),negative_51_40,3073169,3084358,11190,backbone
NC_009080.1,Burkholderia mallei NCTC 10247 chromosome I (3495687 bp),negative_51_41,3184510,3206303,21794,backbone
NC_009080.1,Burkholderia mallei NCTC 10247 chromosome I (3495687 bp),negative_51_42,3206632,3219974,13343,backbone
NC_009080.1,Burkholderia mallei NCTC 10247 chromosome I (3495687 bp),negative_51_43,3229950,3246683,16734,backbone
NC_009080.1,Burkholderia mallei NCTC 10247 chromosome I (3495687 bp),negative_51_44,3251982,3269652,17671,backbone
NC_009080.1,Burkholderia mallei NCTC 10247 chromosome I (3495687 bp),negative_51_45,3269914,3278294,8381,backbone
NC_009080.1,Burkholderia mallei NCTC 10247 chromosome I (3495687 bp),negative_51_46,3304371,3315465,11095,backbone
NC_009080.1,Burkholderia mallei NCTC 10247 chromosome I (3495687 bp),negative_51_47,3319520,3329347,9828,backbone
NC_009080.1,Burkholderia mallei NCTC 10247 chromosome I (3495687 bp),negative_51_48,3407456,3422120,14665,backbone
NC_009080.1,Burkholderia mallei NCTC 10247 chromosome I (3495687 bp),negative_51_49,3427315,3453091,25777,backbone
NC_009080.1,Burkholderia mallei NCTC 10247 chromosome I (3495687 bp),negative_51_50,3471938,3480992,9055,backbone
NC_008022.1,Streptococcus pyogenes MGAS10270 (1928252 bp),negative_52_1,16560,29752,13193,backbone
NC_008022.1,Streptococcus pyogenes MGAS10270 (1928252 bp),negative_52_2,34620,45751,11132,backbone
NC_008022.1,Streptococcus pyogenes MGAS10270 (1928252 bp),negative_52_3,54294,79278,24985,backbone
NC_008022.1,Streptococcus pyogenes MGAS10270 (1928252 bp),negative_52_4,89170,104207,15038,backbone
NC_008022.1,Streptococcus pyogenes MGAS10270 (1928252 bp),negative_52_5,245834,259668,13835,backbone
NC_008022.1,Streptococcus pyogenes MGAS10270 (1928252 bp),negative_52_6,480670,493356,12687,backbone
NC_008022.1,Streptococcus pyogenes MGAS10270 (1928252 bp),negative_52_7,989256,1001000,11745,backbone
NC_008022.1,Streptococcus pyogenes MGAS10270 (1928252 bp),negative_52_8,1011471,1028259,16789,backbone
NC_008022.1,Streptococcus pyogenes MGAS10270 (1928252 bp),negative_52_9,1060205,1068743,8539,backbone
NC_008022.1,Streptococcus pyogenes MGAS10270 (1928252 bp),negative_52_10,1566518,1579552,13035,backbone
NC_008022.1,Streptococcus pyogenes MGAS10270 (1928252 bp),negative_52_11,1605920,1614296,8377,backbone
NC_008022.1,Streptococcus pyogenes MGAS10270 (1928252 bp),negative_52_12,1819081,1833759,14679,backbone
NC_008022.1,Streptococcus pyogenes MGAS10270 (1928252 bp),negative_52_13,1849026,1861268,12243,backbone
NC_008022.1,Streptococcus pyogenes MGAS10270 (1928252 bp),negative_52_14,1896175,1904779,8605,backbone
NC_008253.1,Escherichia coli 536 (4938920 bp),negative_53_1,51267,60281,9015,backbone
NC_008253.1,Escherichia coli 536 (4938920 bp),negative_53_2,80167,90050,9884,backbone
NC_008253.1,Escherichia coli 536 (4938920 bp),negative_53_3,97204,108871,11668,backbone
NC_008253.1,Escherichia coli 536 (4938920 bp),negative_53_4,108886,121336,12451,backbone
NC_008253.1,Escherichia coli 536 (4938920 bp),negative_53_5,178826,188340,9515,backbone
NC_008253.1,Escherichia coli 536 (4938920 bp),negative_53_6,189840,213792,23953,backbone
NC_008253.1,Escherichia coli 536 (4938920 bp),negative_53_7,505403,513977,8575,backbone
NC_008253.1,Escherichia coli 536 (4938920 bp),negative_53_8,519309,530372,11064,backbone
NC_008253.1,Escherichia coli 536 (4938920 bp),negative_53_9,723456,732146,8691,backbone
NC_008253.1,Escherichia coli 536 (4938920 bp),negative_53_10,754289,762976,8688,backbone
NC_008253.1,Escherichia coli 536 (4938920 bp),negative_53_11,772460,784078,11619,backbone
NC_008253.1,Escherichia coli 536 (4938920 bp),negative_53_12,786802,796017,9216,backbone
NC_008253.1,Escherichia coli 536 (4938920 bp),negative_53_13,971588,997389,25802,backbone
NC_008253.1,Escherichia coli 536 (4938920 bp),negative_53_14,1008188,1018232,10045,backbone
NC_008253.1,Escherichia coli 536 (4938920 bp),negative_53_15,1297189,1305984,8796,backbone
NC_008253.1,Escherichia coli 536 (4938920 bp),negative_53_16,1318101,1328396,10296,backbone
NC_008253.1,Escherichia coli 536 (4938920 bp),negative_53_17,1350734,1360758,10025,backbone
NC_008253.1,Escherichia coli 536 (4938920 bp),negative_53_18,1625111,1638791,13681,backbone
NC_008253.1,Escherichia coli 536 (4938920 bp),negative_53_19,1842499,1858229,15731,backbone
NC_008253.1,Escherichia coli 536 (4938920 bp),negative_53_20,2313438,2323684,10247,backbone
NC_008253.1,Escherichia coli 536 (4938920 bp),negative_53_21,2410474,2419133,8660,backbone
NC_008253.1,Escherichia coli 536 (4938920 bp),negative_53_22,2421282,2448400,27119,backbone
NC_008253.1,Escherichia coli 536 (4938920 bp),negative_53_23,2534312,2543448,9137,backbone
NC_008253.1,Escherichia coli 536 (4938920 bp),negative_53_24,2645635,2654735,9101,backbone
NC_008253.1,Escherichia coli 536 (4938920 bp),negative_53_25,2663569,2673364,9796,backbone
NC_008253.1,Escherichia coli 536 (4938920 bp),negative_53_26,2751989,2761518,9530,backbone
NC_008253.1,Escherichia coli 536 (4938920 bp),negative_53_27,2822363,2833372,11010,backbone
NC_008253.1,Escherichia coli 536 (4938920 bp),negative_53_28,2981268,2993654,12387,backbone
NC_008253.1,Escherichia coli 536 (4938920 bp),negative_53_29,3053211,3062424,9214,backbone
NC_008253.1,Escherichia coli 536 (4938920 bp),negative_53_30,3064031,3078744,14714,backbone
NC_008253.1,Escherichia coli 536 (4938920 bp),negative_53_31,3101228,3111218,9991,backbone
NC_008253.1,Escherichia coli 536 (4938920 bp),negative_53_32,3411042,3428800,17759,backbone
NC_008253.1,Escherichia coli 536 (4938920 bp),negative_53_33,3440867,3449211,8345,backbone
NC_008253.1,Escherichia coli 536 (4938920 bp),negative_53_34,3490093,3504972,14880,backbone
NC_008253.1,Escherichia coli 536 (4938920 bp),negative_53_35,3541076,3563007,21932,backbone
NC_008253.1,Escherichia coli 536 (4938920 bp),negative_53_36,3680033,3688527,8495,backbone
NC_008253.1,Escherichia coli 536 (4938920 bp),negative_53_37,3898143,3912620,14478,backbone
NC_008253.1,Escherichia coli 536 (4938920 bp),negative_53_38,4090820,4099259,8440,backbone
NC_008253.1,Escherichia coli 536 (4938920 bp),negative_53_39,4099291,4120402,21112,backbone
NC_008253.1,Escherichia coli 536 (4938920 bp),negative_53_40,4157403,4165768,8366,backbone
NC_008253.1,Escherichia coli 536 (4938920 bp),negative_53_41,4255592,4265637,10046,backbone
NC_008253.1,Escherichia coli 536 (4938920 bp),negative_53_42,4318579,4326672,8094,backbone
NC_008253.1,Escherichia coli 536 (4938920 bp),negative_53_43,4387063,4401350,14288,backbone
NC_008253.1,Escherichia coli 536 (4938920 bp),negative_53_44,4426151,4436339,10189,backbone
NC_008253.1,Escherichia coli 536 (4938920 bp),negative_53_45,4456232,4471900,15669,backbone
NC_008253.1,Escherichia coli 536 (4938920 bp),negative_53_46,4621817,4637492,15676,backbone
NC_008253.1,Escherichia coli 536 (4938920 bp),negative_53_47,4907755,4919574,11820,backbone
NC_007434.1,Burkholderia pseudomallei 1710b chromosome I (4126292 bp),negative_54_1,74060,85245,11186,backbone
NC_007434.1,Burkholderia pseudomallei 1710b chromosome I (4126292 bp),negative_54_2,190145,199896,9752,backbone
NC_007434.1,Burkholderia pseudomallei 1710b chromosome I (4126292 bp),negative_54_3,211405,222482,11078,backbone
NC_007434.1,Burkholderia pseudomallei 1710b chromosome I (4126292 bp),negative_54_4,231123,247298,16176,backbone
NC_007434.1,Burkholderia pseudomallei 1710b chromosome I (4126292 bp),negative_54_5,372415,388603,16189,backbone
NC_007434.1,Burkholderia pseudomallei 1710b chromosome I (4126292 bp),negative_54_6,459001,468255,9255,backbone
NC_007434.1,Burkholderia pseudomallei 1710b chromosome I (4126292 bp),negative_54_7,471278,482355,11078,backbone
NC_007434.1,Burkholderia pseudomallei 1710b chromosome I (4126292 bp),negative_54_8,666803,679276,12474,backbone
NC_007434.1,Burkholderia pseudomallei 1710b chromosome I (4126292 bp),negative_54_9,679582,695550,15969,backbone
NC_007434.1,Burkholderia pseudomallei 1710b chromosome I (4126292 bp),negative_54_10,762384,771998,9615,backbone
NC_007434.1,Burkholderia pseudomallei 1710b chromosome I (4126292 bp),negative_54_11,772480,787081,14602,backbone
NC_007434.1,Burkholderia pseudomallei 1710b chromosome I (4126292 bp),negative_54_12,873760,890860,17101,backbone
NC_007434.1,Burkholderia pseudomallei 1710b chromosome I (4126292 bp),negative_54_13,899903,912279,12377,backbone
NC_007434.1,Burkholderia pseudomallei 1710b chromosome I (4126292 bp),negative_54_14,939644,948713,9070,backbone
NC_007434.1,Burkholderia pseudomallei 1710b chromosome I (4126292 bp),negative_54_15,1017602,1031185,13584,backbone
NC_007434.1,Burkholderia pseudomallei 1710b chromosome I (4126292 bp),negative_54_16,1037449,1052840,15392,backbone
NC_007434.1,Burkholderia pseudomallei 1710b chromosome I (4126292 bp),negative_54_17,1116563,1128023,11461,backbone
NC_007434.1,Burkholderia pseudomallei 1710b chromosome I (4126292 bp),negative_54_18,1173035,1188955,15921,backbone
NC_007434.1,Burkholderia pseudomallei 1710b chromosome I (4126292 bp),negative_54_19,1191848,1201724,9877,backbone
NC_007434.1,Burkholderia pseudomallei 1710b chromosome I (4126292 bp),negative_54_20,1238324,1251055,12732,backbone
NC_007434.1,Burkholderia pseudomallei 1710b chromosome I (4126292 bp),negative_54_21,1360383,1369946,9564,backbone
NC_007434.1,Burkholderia pseudomallei 1710b chromosome I (4126292 bp),negative_54_22,1401269,1418715,17447,backbone
NC_007434.1,Burkholderia pseudomallei 1710b chromosome I (4126292 bp),negative_54_23,1450502,1460348,9847,backbone
NC_007434.1,Burkholderia pseudomallei 1710b chromosome I (4126292 bp),negative_54_24,1461098,1471374,10277,backbone
NC_007434.1,Burkholderia pseudomallei 1710b chromosome I (4126292 bp),negative_54_25,1489418,1499204,9787,backbone
NC_007434.1,Burkholderia pseudomallei 1710b chromosome I (4126292 bp),negative_54_26,1502969,1525502,22534,backbone
NC_007434.1,Burkholderia pseudomallei 1710b chromosome I (4126292 bp),negative_54_27,1534319,1543850,9532,backbone
NC_007434.1,Burkholderia pseudomallei 1710b chromosome I (4126292 bp),negative_54_28,1687975,1711927,23953,backbone
NC_007434.1,Burkholderia pseudomallei 1710b chromosome I (4126292 bp),negative_54_29,2055316,2067203,11888,backbone
NC_007434.1,Burkholderia pseudomallei 1710b chromosome I (4126292 bp),negative_54_30,2080749,2093230,12482,backbone
NC_007434.1,Burkholderia pseudomallei 1710b chromosome I (4126292 bp),negative_54_31,2096442,2107045,10604,backbone
NC_007434.1,Burkholderia pseudomallei 1710b chromosome I (4126292 bp),negative_54_32,3179868,3190423,10556,backbone
NC_007434.1,Burkholderia pseudomallei 1710b chromosome I (4126292 bp),negative_54_33,3193512,3220254,26743,backbone
NC_007434.1,Burkholderia pseudomallei 1710b chromosome I (4126292 bp),negative_54_34,3229092,3241481,12390,backbone
NC_007434.1,Burkholderia pseudomallei 1710b chromosome I (4126292 bp),negative_54_35,3282277,3296858,14582,backbone
NC_007434.1,Burkholderia pseudomallei 1710b chromosome I (4126292 bp),negative_54_36,3302160,3311029,8870,backbone
NC_007434.1,Burkholderia pseudomallei 1710b chromosome I (4126292 bp),negative_54_37,3312236,3320771,8536,backbone
NC_007434.1,Burkholderia pseudomallei 1710b chromosome I (4126292 bp),negative_54_38,3387643,3396452,8810,backbone
NC_007434.1,Burkholderia pseudomallei 1710b chromosome I (4126292 bp),negative_54_39,3628314,3652107,23794,backbone
NC_007434.1,Burkholderia pseudomallei 1710b chromosome I (4126292 bp),negative_54_40,3687024,3697319,10296,backbone
NC_007434.1,Burkholderia pseudomallei 1710b chromosome I (4126292 bp),negative_54_41,3720170,3730476,10307,backbone
NC_007434.1,Burkholderia pseudomallei 1710b chromosome I (4126292 bp),negative_54_42,3766302,3778351,12050,backbone
NC_007434.1,Burkholderia pseudomallei 1710b chromosome I (4126292 bp),negative_54_43,3797112,3814843,17732,backbone
NC_007434.1,Burkholderia pseudomallei 1710b chromosome I (4126292 bp),negative_54_44,3819733,3836125,16393,backbone
NC_007434.1,Burkholderia pseudomallei 1710b chromosome I (4126292 bp),negative_54_45,3841595,3855062,13468,backbone
NC_007434.1,Burkholderia pseudomallei 1710b chromosome I (4126292 bp),negative_54_46,3855388,3877176,21789,backbone
NC_007434.1,Burkholderia pseudomallei 1710b chromosome I (4126292 bp),negative_54_47,4018304,4038773,20470,backbone
NC_007434.1,Burkholderia pseudomallei 1710b chromosome I (4126292 bp),negative_54_48,4039171,4048940,9770,backbone
NC_007434.1,Burkholderia pseudomallei 1710b chromosome I (4126292 bp),negative_54_49,4079201,4104620,25420,backbone
NC_007434.1,Burkholderia pseudomallei 1710b chromosome I (4126292 bp),negative_54_50,4110173,4124837,14665,backbone
NC_007434.1,Burkholderia pseudomallei 1710b chromosome I (4126292 bp),negative_54_51,8283,24286,16004,backbone
NC_006905.1,Salmonella enterica subsp. enterica serovar Choleraesuis str. SC-B67 (4755700 bp),negative_55_1,94942,103451,8510,backbone
NC_006905.1,Salmonella enterica subsp. enterica serovar Choleraesuis str. SC-B67 (4755700 bp),negative_55_2,111195,123285,12091,backbone
NC_006905.1,Salmonella enterica subsp. enterica serovar Choleraesuis str. SC-B67 (4755700 bp),negative_55_3,123386,133709,10324,backbone
NC_006905.1,Salmonella enterica subsp. enterica serovar Choleraesuis str. SC-B67 (4755700 bp),negative_55_4,133747,155976,22230,backbone
NC_006905.1,Salmonella enterica subsp. enterica serovar Choleraesuis str. SC-B67 (4755700 bp),negative_55_5,245584,270212,24629,backbone
NC_006905.1,Salmonella enterica subsp. enterica serovar Choleraesuis str. SC-B67 (4755700 bp),negative_55_6,543066,556009,12944,backbone
NC_006905.1,Salmonella enterica subsp. enterica serovar Choleraesuis str. SC-B67 (4755700 bp),negative_55_7,572835,582237,9403,backbone
NC_006905.1,Salmonella enterica subsp. enterica serovar Choleraesuis str. SC-B67 (4755700 bp),negative_55_8,768587,779819,11233,backbone
NC_006905.1,Salmonella enterica subsp. enterica serovar Choleraesuis str. SC-B67 (4755700 bp),negative_55_9,807859,816583,8725,backbone
NC_006905.1,Salmonella enterica subsp. enterica serovar Choleraesuis str. SC-B67 (4755700 bp),negative_55_10,825367,837080,11714,backbone
NC_006905.1,Salmonella enterica subsp. enterica serovar Choleraesuis str. SC-B67 (4755700 bp),negative_55_11,838702,847868,9167,backbone
NC_006905.1,Salmonella enterica subsp. enterica serovar Choleraesuis str. SC-B67 (4755700 bp),negative_55_12,919932,931113,11182,backbone
NC_006905.1,Salmonella enterica subsp. enterica serovar Choleraesuis str. SC-B67 (4755700 bp),negative_55_13,973512,981978,8467,backbone
NC_006905.1,Salmonella enterica subsp. enterica serovar Choleraesuis str. SC-B67 (4755700 bp),negative_55_14,1018817,1029931,11115,backbone
NC_006905.1,Salmonella enterica subsp. enterica serovar Choleraesuis str. SC-B67 (4755700 bp),negative_55_15,1053255,1070057,16803,backbone
NC_006905.1,Salmonella enterica subsp. enterica serovar Choleraesuis str. SC-B67 (4755700 bp),negative_55_16,1559787,1567908,8122,backbone
NC_006905.1,Salmonella enterica subsp. enterica serovar Choleraesuis str. SC-B67 (4755700 bp),negative_55_17,1818729,1829892,11164,backbone
NC_006905.1,Salmonella enterica subsp. enterica serovar Choleraesuis str. SC-B67 (4755700 bp),negative_55_18,1849013,1859001,9989,backbone
NC_006905.1,Salmonella enterica subsp. enterica serovar Choleraesuis str. SC-B67 (4755700 bp),negative_55_19,1870866,1879662,8797,backbone
NC_006905.1,Salmonella enterica subsp. enterica serovar Choleraesuis str. SC-B67 (4755700 bp),negative_55_20,2090923,2100291,9369,backbone
NC_006905.1,Salmonella enterica subsp. enterica serovar Choleraesuis str. SC-B67 (4755700 bp),negative_55_21,2335395,2350592,15198,backbone
NC_006905.1,Salmonella enterica subsp. enterica serovar Choleraesuis str. SC-B67 (4755700 bp),negative_55_22,2438750,2465790,27041,backbone
NC_006905.1,Salmonella enterica subsp. enterica serovar Choleraesuis str. SC-B67 (4755700 bp),negative_55_23,2488608,2499238,10631,backbone
NC_006905.1,Salmonella enterica subsp. enterica serovar Choleraesuis str. SC-B67 (4755700 bp),negative_55_24,2503026,2511759,8734,backbone
NC_006905.1,Salmonella enterica subsp. enterica serovar Choleraesuis str. SC-B67 (4755700 bp),negative_55_25,2672276,2681300,9025,backbone
NC_006905.1,Salmonella enterica subsp. enterica serovar Choleraesuis str. SC-B67 (4755700 bp),negative_55_26,2696039,2705851,9813,backbone
NC_006905.1,Salmonella enterica subsp. enterica serovar Choleraesuis str. SC-B67 (4755700 bp),negative_55_27,2726326,2735752,9427,backbone
NC_006905.1,Salmonella enterica subsp. enterica serovar Choleraesuis str. SC-B67 (4755700 bp),negative_55_28,2920953,2930437,9485,backbone
NC_006905.1,Salmonella enterica subsp. enterica serovar Choleraesuis str. SC-B67 (4755700 bp),negative_55_29,3105004,3113523,8520,backbone
NC_006905.1,Salmonella enterica subsp. enterica serovar Choleraesuis str. SC-B67 (4755700 bp),negative_55_30,3157390,3167401,10012,backbone
NC_006905.1,Salmonella enterica subsp. enterica serovar Choleraesuis str. SC-B67 (4755700 bp),negative_55_31,3170308,3181068,10761,backbone
NC_006905.1,Salmonella enterica subsp. enterica serovar Choleraesuis str. SC-B67 (4755700 bp),negative_55_32,3208416,3219118,10703,backbone
NC_006905.1,Salmonella enterica subsp. enterica serovar Choleraesuis str. SC-B67 (4755700 bp),negative_55_33,3304918,3314782,9865,backbone
NC_006905.1,Salmonella enterica subsp. enterica serovar Choleraesuis str. SC-B67 (4755700 bp),negative_55_34,3400814,3414667,13854,backbone
NC_006905.1,Salmonella enterica subsp. enterica serovar Choleraesuis str. SC-B67 (4755700 bp),negative_55_35,3424857,3435772,10916,backbone
NC_006905.1,Salmonella enterica subsp. enterica serovar Choleraesuis str. SC-B67 (4755700 bp),negative_55_36,3484659,3496021,11363,backbone
NC_006905.1,Salmonella enterica subsp. enterica serovar Choleraesuis str. SC-B67 (4755700 bp),negative_55_37,3537216,3551060,13845,backbone
NC_006905.1,Salmonella enterica subsp. enterica serovar Choleraesuis str. SC-B67 (4755700 bp),negative_55_38,3589913,3607863,17951,backbone
NC_006905.1,Salmonella enterica subsp. enterica serovar Choleraesuis str. SC-B67 (4755700 bp),negative_55_39,3609771,3619235,9465,backbone
NC_006905.1,Salmonella enterica subsp. enterica serovar Choleraesuis str. SC-B67 (4755700 bp),negative_55_40,3621813,3633135,11323,backbone
NC_006905.1,Salmonella enterica subsp. enterica serovar Choleraesuis str. SC-B67 (4755700 bp),negative_55_41,4008610,4021445,12836,backbone
NC_006905.1,Salmonella enterica subsp. enterica serovar Choleraesuis str. SC-B67 (4755700 bp),negative_55_42,4041546,4049682,8137,backbone
NC_006905.1,Salmonella enterica subsp. enterica serovar Choleraesuis str. SC-B67 (4755700 bp),negative_55_43,4057479,4066528,9050,backbone
NC_006905.1,Salmonella enterica subsp. enterica serovar Choleraesuis str. SC-B67 (4755700 bp),negative_55_44,4068171,4077175,9005,backbone
NC_006905.1,Salmonella enterica subsp. enterica serovar Choleraesuis str. SC-B67 (4755700 bp),negative_55_45,4108030,4117134,9105,backbone
NC_006905.1,Salmonella enterica subsp. enterica serovar Choleraesuis str. SC-B67 (4755700 bp),negative_55_46,4143141,4153103,9963,backbone
NC_006905.1,Salmonella enterica subsp. enterica serovar Choleraesuis str. SC-B67 (4755700 bp),negative_55_47,4293758,4308388,14631,backbone
NC_006905.1,Salmonella enterica subsp. enterica serovar Choleraesuis str. SC-B67 (4755700 bp),negative_55_48,4535998,4546986,10989,backbone
NC_006905.1,Salmonella enterica subsp. enterica serovar Choleraesuis str. SC-B67 (4755700 bp),negative_55_49,4718938,4728170,9233,backbone
NC_010102.1,Salmonella enterica subsp. enterica serovar Paratyphi B str. SPB7 (4858887 bp),negative_56_1,111349,123058,11710,backbone
NC_010102.1,Salmonella enterica subsp. enterica serovar Paratyphi B str. SPB7 (4858887 bp),negative_56_2,123165,133485,10321,backbone
NC_010102.1,Salmonella enterica subsp. enterica serovar Paratyphi B str. SPB7 (4858887 bp),negative_56_3,133523,155753,22231,backbone
NC_010102.1,Salmonella enterica subsp. enterica serovar Paratyphi B str. SPB7 (4858887 bp),negative_56_4,167481,176597,9117,backbone
NC_010102.1,Salmonella enterica subsp. enterica serovar Paratyphi B str. SPB7 (4858887 bp),negative_56_5,221768,230619,8852,backbone
NC_010102.1,Salmonella enterica subsp. enterica serovar Paratyphi B str. SPB7 (4858887 bp),negative_56_6,238114,246393,8280,backbone
NC_010102.1,Salmonella enterica subsp. enterica serovar Paratyphi B str. SPB7 (4858887 bp),negative_56_7,250374,274910,24537,backbone
NC_010102.1,Salmonella enterica subsp. enterica serovar Paratyphi B str. SPB7 (4858887 bp),negative_56_8,307358,321081,13724,backbone
NC_010102.1,Salmonella enterica subsp. enterica serovar Paratyphi B str. SPB7 (4858887 bp),negative_56_9,327862,337417,9556,backbone
NC_010102.1,Salmonella enterica subsp. enterica serovar Paratyphi B str. SPB7 (4858887 bp),negative_56_10,357901,367844,9944,backbone
NC_010102.1,Salmonella enterica subsp. enterica serovar Paratyphi B str. SPB7 (4858887 bp),negative_56_11,382456,391156,8701,backbone
NC_010102.1,Salmonella enterica subsp. enterica serovar Paratyphi B str. SPB7 (4858887 bp),negative_56_12,548401,557111,8711,backbone
NC_010102.1,Salmonella enterica subsp. enterica serovar Paratyphi B str. SPB7 (4858887 bp),negative_56_13,560904,571536,10633,backbone
NC_010102.1,Salmonella enterica subsp. enterica serovar Paratyphi B str. SPB7 (4858887 bp),negative_56_14,594353,621379,27027,backbone
NC_010102.1,Salmonella enterica subsp. enterica serovar Paratyphi B str. SPB7 (4858887 bp),negative_56_15,719046,728339,9294,backbone
NC_010102.1,Salmonella enterica subsp. enterica serovar Paratyphi B str. SPB7 (4858887 bp),negative_56_16,1276387,1286361,9975,backbone
NC_010102.1,Salmonella enterica subsp. enterica serovar Paratyphi B str. SPB7 (4858887 bp),negative_56_17,1305517,1316642,11126,backbone
NC_010102.1,Salmonella enterica subsp. enterica serovar Paratyphi B str. SPB7 (4858887 bp),negative_56_18,1920662,1933846,13185,backbone
NC_010102.1,Salmonella enterica subsp. enterica serovar Paratyphi B str. SPB7 (4858887 bp),negative_56_19,2077452,2092745,15294,backbone
NC_010102.1,Salmonella enterica subsp. enterica serovar Paratyphi B str. SPB7 (4858887 bp),negative_56_20,2118226,2131848,13623,backbone
NC_010102.1,Salmonella enterica subsp. enterica serovar Paratyphi B str. SPB7 (4858887 bp),negative_56_21,2305252,2314588,9337,backbone
NC_010102.1,Salmonella enterica subsp. enterica serovar Paratyphi B str. SPB7 (4858887 bp),negative_56_22,2316210,2327922,11713,backbone
NC_010102.1,Salmonella enterica subsp. enterica serovar Paratyphi B str. SPB7 (4858887 bp),negative_56_23,2464523,2473762,9240,backbone
NC_010102.1,Salmonella enterica subsp. enterica serovar Paratyphi B str. SPB7 (4858887 bp),negative_56_24,2580540,2591443,10904,backbone
NC_010102.1,Salmonella enterica subsp. enterica serovar Paratyphi B str. SPB7 (4858887 bp),negative_56_25,2606843,2619809,12967,backbone
NC_010102.1,Salmonella enterica subsp. enterica serovar Paratyphi B str. SPB7 (4858887 bp),negative_56_26,3106456,3114975,8520,backbone
NC_010102.1,Salmonella enterica subsp. enterica serovar Paratyphi B str. SPB7 (4858887 bp),negative_56_27,3159605,3169574,9970,backbone
NC_010102.1,Salmonella enterica subsp. enterica serovar Paratyphi B str. SPB7 (4858887 bp),negative_56_28,3172522,3183612,11091,backbone
NC_010102.1,Salmonella enterica subsp. enterica serovar Paratyphi B str. SPB7 (4858887 bp),negative_56_29,3209286,3220177,10892,backbone
NC_010102.1,Salmonella enterica subsp. enterica serovar Paratyphi B str. SPB7 (4858887 bp),negative_56_30,3304729,3314467,9739,backbone
NC_010102.1,Salmonella enterica subsp. enterica serovar Paratyphi B str. SPB7 (4858887 bp),negative_56_31,3404856,3418885,14030,backbone
NC_010102.1,Salmonella enterica subsp. enterica serovar Paratyphi B str. SPB7 (4858887 bp),negative_56_32,3429846,3440701,10856,backbone
NC_010102.1,Salmonella enterica subsp. enterica serovar Paratyphi B str. SPB7 (4858887 bp),negative_56_33,3541545,3555252,13708,backbone
NC_010102.1,Salmonella enterica subsp. enterica serovar Paratyphi B str. SPB7 (4858887 bp),negative_56_34,3571303,3581932,10630,backbone
NC_010102.1,Salmonella enterica subsp. enterica serovar Paratyphi B str. SPB7 (4858887 bp),negative_56_35,3598714,3612337,13624,backbone
NC_010102.1,Salmonella enterica subsp. enterica serovar Paratyphi B str. SPB7 (4858887 bp),negative_56_36,3614144,3623692,9549,backbone
NC_010102.1,Salmonella enterica subsp. enterica serovar Paratyphi B str. SPB7 (4858887 bp),negative_56_37,4018195,4033876,15682,backbone
NC_010102.1,Salmonella enterica subsp. enterica serovar Paratyphi B str. SPB7 (4858887 bp),negative_56_38,4067119,4076178,9060,backbone
NC_010102.1,Salmonella enterica subsp. enterica serovar Paratyphi B str. SPB7 (4858887 bp),negative_56_39,4119230,4128334,9105,backbone
NC_010102.1,Salmonella enterica subsp. enterica serovar Paratyphi B str. SPB7 (4858887 bp),negative_56_40,4154408,4164370,9963,backbone
NC_010102.1,Salmonella enterica subsp. enterica serovar Paratyphi B str. SPB7 (4858887 bp),negative_56_41,4239297,4247409,8113,backbone
NC_010102.1,Salmonella enterica subsp. enterica serovar Paratyphi B str. SPB7 (4858887 bp),negative_56_42,4301045,4315562,14518,backbone
NC_010102.1,Salmonella enterica subsp. enterica serovar Paratyphi B str. SPB7 (4858887 bp),negative_56_43,4610727,4622545,11819,backbone
NC_010102.1,Salmonella enterica subsp. enterica serovar Paratyphi B str. SPB7 (4858887 bp),negative_56_44,4822204,4831445,9242,backbone
NC_007510.1,Burkholderia sp. 383 chromosome 1 (3694126 bp),negative_57_1,61537,77169,15633,backbone
NC_007510.1,Burkholderia sp. 383 chromosome 1 (3694126 bp),negative_57_2,85450,95737,10288,backbone
NC_007510.1,Burkholderia sp. 383 chromosome 1 (3694126 bp),negative_57_3,210607,224418,13812,backbone
NC_007510.1,Burkholderia sp. 383 chromosome 1 (3694126 bp),negative_57_4,283014,291363,8350,backbone
NC_007510.1,Burkholderia sp. 383 chromosome 1 (3694126 bp),negative_57_5,300847,314867,14021,backbone
NC_007510.1,Burkholderia sp. 383 chromosome 1 (3694126 bp),negative_57_6,314961,336584,21624,backbone
NC_007510.1,Burkholderia sp. 383 chromosome 1 (3694126 bp),negative_57_7,336864,345444,8581,backbone
NC_007510.1,Burkholderia sp. 383 chromosome 1 (3694126 bp),negative_57_8,375519,405735,30217,backbone
NC_007510.1,Burkholderia sp. 383 chromosome 1 (3694126 bp),negative_57_9,517888,538809,20922,backbone
NC_007510.1,Burkholderia sp. 383 chromosome 1 (3694126 bp),negative_57_10,538847,548030,9184,backbone
NC_007510.1,Burkholderia sp. 383 chromosome 1 (3694126 bp),negative_57_11,556398,573112,16715,backbone
NC_007510.1,Burkholderia sp. 383 chromosome 1 (3694126 bp),negative_57_12,574078,596115,22038,backbone
NC_007510.1,Burkholderia sp. 383 chromosome 1 (3694126 bp),negative_57_13,701859,711783,9925,backbone
NC_007510.1,Burkholderia sp. 383 chromosome 1 (3694126 bp),negative_57_14,733942,749723,15782,backbone
NC_007510.1,Burkholderia sp. 383 chromosome 1 (3694126 bp),negative_57_15,804884,813114,8231,backbone
NC_007510.1,Burkholderia sp. 383 chromosome 1 (3694126 bp),negative_57_16,993778,1002561,8784,backbone
NC_007510.1,Burkholderia sp. 383 chromosome 1 (3694126 bp),negative_57_17,1083647,1097822,14176,backbone
NC_007510.1,Burkholderia sp. 383 chromosome 1 (3694126 bp),negative_57_18,1097854,1112634,14781,backbone
NC_007510.1,Burkholderia sp. 383 chromosome 1 (3694126 bp),negative_57_19,1145337,1162471,17135,backbone
NC_007510.1,Burkholderia sp. 383 chromosome 1 (3694126 bp),negative_57_20,1162916,1192402,29487,backbone
NC_007510.1,Burkholderia sp. 383 chromosome 1 (3694126 bp),negative_57_21,1389427,1403239,13813,backbone
NC_007510.1,Burkholderia sp. 383 chromosome 1 (3694126 bp),negative_57_22,1403631,1412931,9301,backbone
NC_007510.1,Burkholderia sp. 383 chromosome 1 (3694126 bp),negative_57_23,1593276,1605099,11824,backbone
NC_007510.1,Burkholderia sp. 383 chromosome 1 (3694126 bp),negative_57_24,1617388,1629611,12224,backbone
NC_007510.1,Burkholderia sp. 383 chromosome 1 (3694126 bp),negative_57_25,1631656,1643385,11730,backbone
NC_007510.1,Burkholderia sp. 383 chromosome 1 (3694126 bp),negative_57_26,2135719,2160952,25234,backbone
NC_007510.1,Burkholderia sp. 383 chromosome 1 (3694126 bp),negative_57_27,2168366,2182407,14042,backbone
NC_007510.1,Burkholderia sp. 383 chromosome 1 (3694126 bp),negative_57_28,2190877,2217648,26772,backbone
NC_007510.1,Burkholderia sp. 383 chromosome 1 (3694126 bp),negative_57_29,2251936,2266479,14544,backbone
NC_007510.1,Burkholderia sp. 383 chromosome 1 (3694126 bp),negative_57_30,2275318,2283745,8428,backbone
NC_007510.1,Burkholderia sp. 383 chromosome 1 (3694126 bp),negative_57_31,2298127,2311103,12977,backbone
NC_007510.1,Burkholderia sp. 383 chromosome 1 (3694126 bp),negative_57_32,2365571,2387901,22331,backbone
NC_007510.1,Burkholderia sp. 383 chromosome 1 (3694126 bp),negative_57_33,2387915,2405700,17786,backbone
NC_007510.1,Burkholderia sp. 383 chromosome 1 (3694126 bp),negative_57_34,2425909,2435680,9772,backbone
NC_007510.1,Burkholderia sp. 383 chromosome 1 (3694126 bp),negative_57_35,2468551,2478634,10084,backbone
NC_007510.1,Burkholderia sp. 383 chromosome 1 (3694126 bp),negative_57_36,2531391,2541327,9937,backbone
NC_007510.1,Burkholderia sp. 383 chromosome 1 (3694126 bp),negative_57_37,2644875,2653113,8239,backbone
NC_007510.1,Burkholderia sp. 383 chromosome 1 (3694126 bp),negative_57_38,2658963,2694994,36032,backbone
NC_007510.1,Burkholderia sp. 383 chromosome 1 (3694126 bp),negative_57_39,2708645,2718426,9782,backbone
NC_007510.1,Burkholderia sp. 383 chromosome 1 (3694126 bp),negative_57_40,2718473,2727719,9247,backbone
NC_007510.1,Burkholderia sp. 383 chromosome 1 (3694126 bp),negative_57_41,2762159,2778429,16271,backbone
NC_007510.1,Burkholderia sp. 383 chromosome 1 (3694126 bp),negative_57_42,2934542,2943614,9073,backbone
NC_007510.1,Burkholderia sp. 383 chromosome 1 (3694126 bp),negative_57_43,2945720,2963122,17403,backbone
NC_007510.1,Burkholderia sp. 383 chromosome 1 (3694126 bp),negative_57_44,3006716,3017494,10779,backbone
NC_007510.1,Burkholderia sp. 383 chromosome 1 (3694126 bp),negative_57_45,3079977,3096530,16554,backbone
NC_007510.1,Burkholderia sp. 383 chromosome 1 (3694126 bp),negative_57_46,3102340,3114571,12232,backbone
NC_007510.1,Burkholderia sp. 383 chromosome 1 (3694126 bp),negative_57_47,3170949,3182223,11275,backbone
NC_007510.1,Burkholderia sp. 383 chromosome 1 (3694126 bp),negative_57_48,3191047,3207945,16899,backbone
NC_007510.1,Burkholderia sp. 383 chromosome 1 (3694126 bp),negative_57_49,3255974,3270494,14521,backbone
NC_007510.1,Burkholderia sp. 383 chromosome 1 (3694126 bp),negative_57_50,3270686,3280256,9571,backbone
NC_007510.1,Burkholderia sp. 383 chromosome 1 (3694126 bp),negative_57_51,3313346,3341443,28098,backbone
NC_007510.1,Burkholderia sp. 383 chromosome 1 (3694126 bp),negative_57_52,3388818,3397859,9042,backbone
NC_007510.1,Burkholderia sp. 383 chromosome 1 (3694126 bp),negative_57_53,3528056,3538878,10823,backbone
NC_007510.1,Burkholderia sp. 383 chromosome 1 (3694126 bp),negative_57_54,3545214,3554084,8871,backbone
NC_007510.1,Burkholderia sp. 383 chromosome 1 (3694126 bp),negative_57_55,3601173,3609560,8388,backbone
NC_007510.1,Burkholderia sp. 383 chromosome 1 (3694126 bp),negative_57_56,3622038,3637694,15657,backbone
NC_007510.1,Burkholderia sp. 383 chromosome 1 (3694126 bp),negative_57_57,3638034,3652844,14811,backbone
NC_009256.1,Burkholderia vietnamiensis G4 chromosome 1 (3652814 bp),negative_58_1,236534,250887,14354,backbone
NC_009256.1,Burkholderia vietnamiensis G4 chromosome 1 (3652814 bp),negative_58_2,354789,368916,14128,backbone
NC_009256.1,Burkholderia vietnamiensis G4 chromosome 1 (3652814 bp),negative_58_3,373814,399254,25441,backbone
NC_009256.1,Burkholderia vietnamiensis G4 chromosome 1 (3652814 bp),negative_58_4,426259,456584,30326,backbone
NC_009256.1,Burkholderia vietnamiensis G4 chromosome 1 (3652814 bp),negative_58_5,576447,597626,21180,backbone
NC_009256.1,Burkholderia vietnamiensis G4 chromosome 1 (3652814 bp),negative_58_6,597665,606950,9286,backbone
NC_009256.1,Burkholderia vietnamiensis G4 chromosome 1 (3652814 bp),negative_58_7,617413,634096,16684,backbone
NC_009256.1,Burkholderia vietnamiensis G4 chromosome 1 (3652814 bp),negative_58_8,639752,659425,19674,backbone
NC_009256.1,Burkholderia vietnamiensis G4 chromosome 1 (3652814 bp),negative_58_9,673213,683279,10067,backbone
NC_009256.1,Burkholderia vietnamiensis G4 chromosome 1 (3652814 bp),negative_58_10,715389,725543,10155,backbone
NC_009256.1,Burkholderia vietnamiensis G4 chromosome 1 (3652814 bp),negative_58_11,746311,756033,9723,backbone
NC_009256.1,Burkholderia vietnamiensis G4 chromosome 1 (3652814 bp),negative_58_12,777451,794252,16802,backbone
NC_009256.1,Burkholderia vietnamiensis G4 chromosome 1 (3652814 bp),negative_58_13,945802,954244,8443,backbone
NC_009256.1,Burkholderia vietnamiensis G4 chromosome 1 (3652814 bp),negative_58_14,959439,968215,8777,backbone
NC_009256.1,Burkholderia vietnamiensis G4 chromosome 1 (3652814 bp),negative_58_15,1032693,1040991,8299,backbone
NC_009256.1,Burkholderia vietnamiensis G4 chromosome 1 (3652814 bp),negative_58_16,1042234,1056415,14182,backbone
NC_009256.1,Burkholderia vietnamiensis G4 chromosome 1 (3652814 bp),negative_58_17,1056426,1065614,9189,backbone
NC_009256.1,Burkholderia vietnamiensis G4 chromosome 1 (3652814 bp),negative_58_18,1100701,1111409,10709,backbone
NC_009256.1,Burkholderia vietnamiensis G4 chromosome 1 (3652814 bp),negative_58_19,1120046,1149710,29665,backbone
NC_009256.1,Burkholderia vietnamiensis G4 chromosome 1 (3652814 bp),negative_58_20,1150477,1164019,13543,backbone
NC_009256.1,Burkholderia vietnamiensis G4 chromosome 1 (3652814 bp),negative_58_21,1222222,1231675,9454,backbone
NC_009256.1,Burkholderia vietnamiensis G4 chromosome 1 (3652814 bp),negative_58_22,1343583,1367182,23600,backbone
NC_009256.1,Burkholderia vietnamiensis G4 chromosome 1 (3652814 bp),negative_58_23,1542644,1554483,11840,backbone
NC_009256.1,Burkholderia vietnamiensis G4 chromosome 1 (3652814 bp),negative_58_24,1567998,1580134,12137,backbone
NC_009256.1,Burkholderia vietnamiensis G4 chromosome 1 (3652814 bp),negative_58_25,1581437,1593368,11932,backbone
NC_009256.1,Burkholderia vietnamiensis G4 chromosome 1 (3652814 bp),negative_58_26,1663773,1673079,9307,backbone
NC_009256.1,Burkholderia vietnamiensis G4 chromosome 1 (3652814 bp),negative_58_27,2576610,2599193,22584,backbone
NC_009256.1,Burkholderia vietnamiensis G4 chromosome 1 (3652814 bp),negative_58_28,2599567,2612378,12812,backbone
NC_009256.1,Burkholderia vietnamiensis G4 chromosome 1 (3652814 bp),negative_58_29,2627524,2637440,9917,backbone
NC_009256.1,Burkholderia vietnamiensis G4 chromosome 1 (3652814 bp),negative_58_30,2637573,2646877,9305,backbone
NC_009256.1,Burkholderia vietnamiensis G4 chromosome 1 (3652814 bp),negative_58_31,2669722,2685557,15836,backbone
NC_009256.1,Burkholderia vietnamiensis G4 chromosome 1 (3652814 bp),negative_58_32,2803845,2811983,8139,backbone
NC_009256.1,Burkholderia vietnamiensis G4 chromosome 1 (3652814 bp),negative_58_33,2839263,2848285,9023,backbone
NC_009256.1,Burkholderia vietnamiensis G4 chromosome 1 (3652814 bp),negative_58_34,2850548,2868014,17467,backbone
NC_009256.1,Burkholderia vietnamiensis G4 chromosome 1 (3652814 bp),negative_58_35,2932817,2943679,10863,backbone
NC_009256.1,Burkholderia vietnamiensis G4 chromosome 1 (3652814 bp),negative_58_36,3027770,3044455,16686,backbone
NC_009256.1,Burkholderia vietnamiensis G4 chromosome 1 (3652814 bp),negative_58_37,3050305,3062499,12195,backbone
NC_009256.1,Burkholderia vietnamiensis G4 chromosome 1 (3652814 bp),negative_58_38,3110445,3122042,11598,backbone
NC_009256.1,Burkholderia vietnamiensis G4 chromosome 1 (3652814 bp),negative_58_39,3136311,3153213,16903,backbone
NC_009256.1,Burkholderia vietnamiensis G4 chromosome 1 (3652814 bp),negative_58_40,3200237,3214790,14554,backbone
NC_009256.1,Burkholderia vietnamiensis G4 chromosome 1 (3652814 bp),negative_58_41,3214885,3224471,9587,backbone
NC_009256.1,Burkholderia vietnamiensis G4 chromosome 1 (3652814 bp),negative_58_42,3254069,3270125,16057,backbone
NC_009256.1,Burkholderia vietnamiensis G4 chromosome 1 (3652814 bp),negative_58_43,3270142,3282194,12053,backbone
NC_009256.1,Burkholderia vietnamiensis G4 chromosome 1 (3652814 bp),negative_58_44,3437357,3447991,10635,backbone
NC_009256.1,Burkholderia vietnamiensis G4 chromosome 1 (3652814 bp),negative_58_45,3529950,3545671,15722,backbone
NC_008023.1,Streptococcus pyogenes MGAS2096 (1860355 bp),negative_59_1,16562,29755,13194,backbone
NC_008023.1,Streptococcus pyogenes MGAS2096 (1860355 bp),negative_59_2,34300,45358,11059,backbone
NC_008023.1,Streptococcus pyogenes MGAS2096 (1860355 bp),negative_59_3,53832,62511,8680,backbone
NC_008023.1,Streptococcus pyogenes MGAS2096 (1860355 bp),negative_59_4,63151,78884,15734,backbone
NC_008023.1,Streptococcus pyogenes MGAS2096 (1860355 bp),negative_59_5,88775,108403,19629,backbone
NC_008023.1,Streptococcus pyogenes MGAS2096 (1860355 bp),negative_59_6,252139,263014,10876,backbone
NC_008023.1,Streptococcus pyogenes MGAS2096 (1860355 bp),negative_59_7,484455,496240,11786,backbone
NC_008023.1,Streptococcus pyogenes MGAS2096 (1860355 bp),negative_59_8,946784,958527,11744,backbone
NC_008023.1,Streptococcus pyogenes MGAS2096 (1860355 bp),negative_59_9,969104,985894,16791,backbone
NC_008023.1,Streptococcus pyogenes MGAS2096 (1860355 bp),negative_59_10,1017828,1026362,8535,backbone
NC_008023.1,Streptococcus pyogenes MGAS2096 (1860355 bp),negative_59_11,1532063,1545069,13007,backbone
NC_008023.1,Streptococcus pyogenes MGAS2096 (1860355 bp),negative_59_12,1567629,1576002,8374,backbone
NC_008023.1,Streptococcus pyogenes MGAS2096 (1860355 bp),negative_59_13,1780964,1795636,14673,backbone
NC_008023.1,Streptococcus pyogenes MGAS2096 (1860355 bp),negative_59_14,1796638,1808882,12245,backbone
NC_008023.1,Streptococcus pyogenes MGAS2096 (1860355 bp),negative_59_15,1828366,1836969,8604,backbone
NC_008322.1,Shewanella sp. MR-7 (4792610 bp),negative_60_1,208020,238586,30567,backbone
NC_008322.1,Shewanella sp. MR-7 (4792610 bp),negative_60_2,719870,728697,8828,backbone
NC_008322.1,Shewanella sp. MR-7 (4792610 bp),negative_60_3,1384426,1394520,10095,backbone
NC_008322.1,Shewanella sp. MR-7 (4792610 bp),negative_60_4,2012164,2023157,10994,backbone
NC_008322.1,Shewanella sp. MR-7 (4792610 bp),negative_60_5,4060205,4069203,8999,backbone
NC_008322.1,Shewanella sp. MR-7 (4792610 bp),negative_60_6,4774661,4785841,11181,backbone
NC_004337.1,Shigella flexneri 2a str. 301 (4607203 bp),negative_61_1,2436816,2445259,8444,backbone
NC_004337.1,Shigella flexneri 2a str. 301 (4607203 bp),negative_61_2,2639438,2649140,9703,backbone
NC_004337.1,Shigella flexneri 2a str. 301 (4607203 bp),negative_61_3,2911986,2920500,8515,backbone
NC_004337.1,Shigella flexneri 2a str. 301 (4607203 bp),negative_61_4,2968243,2977574,9332,backbone
NC_004337.1,Shigella flexneri 2a str. 301 (4607203 bp),negative_61_5,2980082,2990907,10826,backbone
NC_004337.1,Shigella flexneri 2a str. 301 (4607203 bp),negative_61_6,3022229,3032375,10147,backbone
NC_004337.1,Shigella flexneri 2a str. 301 (4607203 bp),negative_61_7,3293008,3310533,17526,backbone
NC_004337.1,Shigella flexneri 2a str. 301 (4607203 bp),negative_61_8,3322765,3333503,10739,backbone
NC_004337.1,Shigella flexneri 2a str. 301 (4607203 bp),negative_61_9,3421999,3437741,15743,backbone
NC_004337.1,Shigella flexneri 2a str. 301 (4607203 bp),negative_61_10,3452459,3463007,10549,backbone
NC_004337.1,Shigella flexneri 2a str. 301 (4607203 bp),negative_61_11,3486268,3500011,13744,backbone
NC_004337.1,Shigella flexneri 2a str. 301 (4607203 bp),negative_61_12,3922692,3938701,16010,backbone
NC_004337.1,Shigella flexneri 2a str. 301 (4607203 bp),negative_61_13,3971330,3982380,11051,backbone
NC_004337.1,Shigella flexneri 2a str. 301 (4607203 bp),negative_61_14,4028492,4037462,8971,backbone
NC_004337.1,Shigella flexneri 2a str. 301 (4607203 bp),negative_61_15,4062587,4072626,10040,backbone
NC_004337.1,Shigella flexneri 2a str. 301 (4607203 bp),negative_61_16,4134253,4142351,8099,backbone
NC_004337.1,Shigella flexneri 2a str. 301 (4607203 bp),negative_61_17,4194858,4209361,14504,backbone
NC_004337.1,Shigella flexneri 2a str. 301 (4607203 bp),negative_61_18,4496769,4509104,12336,backbone
NC_004337.1,Shigella flexneri 2a str. 301 (4607203 bp),negative_61_19,63781,75929,12149,backbone
NC_004337.1,Shigella flexneri 2a str. 301 (4607203 bp),negative_61_20,76685,86914,10230,backbone
NC_004337.1,Shigella flexneri 2a str. 301 (4607203 bp),negative_61_21,87731,109759,22029,backbone
NC_004337.1,Shigella flexneri 2a str. 301 (4607203 bp),negative_61_22,110294,118400,8107,backbone
NC_004337.1,Shigella flexneri 2a str. 301 (4607203 bp),negative_61_23,118441,127651,9211,backbone
NC_004337.1,Shigella flexneri 2a str. 301 (4607203 bp),negative_61_24,176342,200537,24196,backbone
NC_004337.1,Shigella flexneri 2a str. 301 (4607203 bp),negative_61_25,387185,399901,12717,backbone
NC_004337.1,Shigella flexneri 2a str. 301 (4607203 bp),negative_61_26,415462,426408,10947,backbone
NC_004337.1,Shigella flexneri 2a str. 301 (4607203 bp),negative_61_27,576616,585804,9189,backbone
NC_004337.1,Shigella flexneri 2a str. 301 (4607203 bp),negative_61_28,592254,603657,11404,backbone
NC_004337.1,Shigella flexneri 2a str. 301 (4607203 bp),negative_61_29,647781,656576,8796,backbone
NC_004337.1,Shigella flexneri 2a str. 301 (4607203 bp),negative_61_30,786407,795032,8626,backbone
NC_004337.1,Shigella flexneri 2a str. 301 (4607203 bp),negative_61_31,877533,891021,13489,backbone
NC_004337.1,Shigella flexneri 2a str. 301 (4607203 bp),negative_61_32,944815,964614,19800,backbone
NC_004337.1,Shigella flexneri 2a str. 301 (4607203 bp),negative_61_33,1134394,1147730,13337,backbone
NC_004337.1,Shigella flexneri 2a str. 301 (4607203 bp),negative_61_34,1321124,1331948,10825,backbone
NC_004337.1,Shigella flexneri 2a str. 301 (4607203 bp),negative_61_35,1682568,1691702,9135,backbone
NC_004337.1,Shigella flexneri 2a str. 301 (4607203 bp),negative_61_36,1894522,1903355,8834,backbone
NC_004337.1,Shigella flexneri 2a str. 301 (4607203 bp),negative_61_37,2160684,2171606,10923,backbone
NC_004337.1,Shigella flexneri 2a str. 301 (4607203 bp),negative_61_38,2296824,2306030,9207,backbone
NC_004337.1,Shigella flexneri 2a str. 301 (4607203 bp),negative_61_39,2398111,2425360,27250,backbone
NC_009085.1,Acinetobacter baumannii ATCC 17978 (3976747 bp),negative_62_1,40180,49858,9679,backbone
NC_009085.1,Acinetobacter baumannii ATCC 17978 (3976747 bp),negative_62_2,120703,128707,8005,backbone
NC_009085.1,Acinetobacter baumannii ATCC 17978 (3976747 bp),negative_62_3,168026,178103,10078,backbone
NC_009085.1,Acinetobacter baumannii ATCC 17978 (3976747 bp),negative_62_4,184165,192213,8049,backbone
NC_009085.1,Acinetobacter baumannii ATCC 17978 (3976747 bp),negative_62_5,207469,223270,15802,backbone
NC_009085.1,Acinetobacter baumannii ATCC 17978 (3976747 bp),negative_62_6,243486,258904,15419,backbone
NC_009085.1,Acinetobacter baumannii ATCC 17978 (3976747 bp),negative_62_7,258930,279836,20907,backbone
NC_009085.1,Acinetobacter baumannii ATCC 17978 (3976747 bp),negative_62_8,292782,314076,21295,backbone
NC_009085.1,Acinetobacter baumannii ATCC 17978 (3976747 bp),negative_62_9,331544,357398,25855,backbone
NC_009085.1,Acinetobacter baumannii ATCC 17978 (3976747 bp),negative_62_10,359563,376489,16927,backbone
NC_009085.1,Acinetobacter baumannii ATCC 17978 (3976747 bp),negative_62_11,382699,398571,15873,backbone
NC_009085.1,Acinetobacter baumannii ATCC 17978 (3976747 bp),negative_62_12,422872,441760,18889,backbone
NC_009085.1,Acinetobacter baumannii ATCC 17978 (3976747 bp),negative_62_13,463887,471955,8069,backbone
NC_009085.1,Acinetobacter baumannii ATCC 17978 (3976747 bp),negative_62_14,480806,493773,12968,backbone
NC_009085.1,Acinetobacter baumannii ATCC 17978 (3976747 bp),negative_62_15,503550,523190,19641,backbone
NC_009085.1,Acinetobacter baumannii ATCC 17978 (3976747 bp),negative_62_16,526030,551889,25860,backbone
NC_009085.1,Acinetobacter baumannii ATCC 17978 (3976747 bp),negative_62_17,574404,588677,14274,backbone
NC_009085.1,Acinetobacter baumannii ATCC 17978 (3976747 bp),negative_62_18,618450,630356,11907,backbone
NC_009085.1,Acinetobacter baumannii ATCC 17978 (3976747 bp),negative_62_19,647749,673750,26002,backbone
NC_009085.1,Acinetobacter baumannii ATCC 17978 (3976747 bp),negative_62_20,812665,820856,8192,backbone
NC_009085.1,Acinetobacter baumannii ATCC 17978 (3976747 bp),negative_62_21,891761,909129,17369,backbone
NC_009085.1,Acinetobacter baumannii ATCC 17978 (3976747 bp),negative_62_22,937442,950779,13338,backbone
NC_009085.1,Acinetobacter baumannii ATCC 17978 (3976747 bp),negative_62_23,972446,986907,14462,backbone
NC_009085.1,Acinetobacter baumannii ATCC 17978 (3976747 bp),negative_62_24,1003323,1011793,8471,backbone
NC_009085.1,Acinetobacter baumannii ATCC 17978 (3976747 bp),negative_62_25,1020925,1033341,12417,backbone
NC_009085.1,Acinetobacter baumannii ATCC 17978 (3976747 bp),negative_62_26,1039845,1051185,11341,backbone
NC_009085.1,Acinetobacter baumannii ATCC 17978 (3976747 bp),negative_62_27,1074143,1082554,8412,backbone
NC_009085.1,Acinetobacter baumannii ATCC 17978 (3976747 bp),negative_62_28,1176936,1191276,14341,backbone
NC_009085.1,Acinetobacter baumannii ATCC 17978 (3976747 bp),negative_62_29,1519739,1532422,12684,backbone
NC_009085.1,Acinetobacter baumannii ATCC 17978 (3976747 bp),negative_62_30,1797965,1813273,15309,backbone
NC_009085.1,Acinetobacter baumannii ATCC 17978 (3976747 bp),negative_62_31,1813716,1823077,9362,backbone
NC_009085.1,Acinetobacter baumannii ATCC 17978 (3976747 bp),negative_62_32,1894219,1911510,17292,backbone
NC_009085.1,Acinetobacter baumannii ATCC 17978 (3976747 bp),negative_62_33,2180900,2192471,11572,backbone
NC_009085.1,Acinetobacter baumannii ATCC 17978 (3976747 bp),negative_62_34,2219686,2231461,11776,backbone
NC_009085.1,Acinetobacter baumannii ATCC 17978 (3976747 bp),negative_62_35,2273735,2294354,20620,backbone
NC_009085.1,Acinetobacter baumannii ATCC 17978 (3976747 bp),negative_62_36,2397044,2415200,18157,backbone
NC_009085.1,Acinetobacter baumannii ATCC 17978 (3976747 bp),negative_62_37,2465866,2475088,9223,backbone
NC_009085.1,Acinetobacter baumannii ATCC 17978 (3976747 bp),negative_62_38,2482723,2491917,9195,backbone
NC_009085.1,Acinetobacter baumannii ATCC 17978 (3976747 bp),negative_62_39,2524330,2537900,13571,backbone
NC_009085.1,Acinetobacter baumannii ATCC 17978 (3976747 bp),negative_62_40,2543838,2556077,12240,backbone
NC_009085.1,Acinetobacter baumannii ATCC 17978 (3976747 bp),negative_62_41,2601243,2617444,16202,backbone
NC_009085.1,Acinetobacter baumannii ATCC 17978 (3976747 bp),negative_62_42,2634165,2643402,9238,backbone
NC_009085.1,Acinetobacter baumannii ATCC 17978 (3976747 bp),negative_62_43,2644190,2656231,12042,backbone
NC_009085.1,Acinetobacter baumannii ATCC 17978 (3976747 bp),negative_62_44,2732378,2740637,8260,backbone
NC_009085.1,Acinetobacter baumannii ATCC 17978 (3976747 bp),negative_62_45,2816335,2825264,8930,backbone
NC_009085.1,Acinetobacter baumannii ATCC 17978 (3976747 bp),negative_62_46,2897015,2908335,11321,backbone
NC_009085.1,Acinetobacter baumannii ATCC 17978 (3976747 bp),negative_62_47,2924097,2940467,16371,backbone
NC_009085.1,Acinetobacter baumannii ATCC 17978 (3976747 bp),negative_62_48,3044627,3053597,8971,backbone
NC_009085.1,Acinetobacter baumannii ATCC 17978 (3976747 bp),negative_62_49,3103702,3115536,11835,backbone
NC_009085.1,Acinetobacter baumannii ATCC 17978 (3976747 bp),negative_62_50,3142620,3156593,13974,backbone
NC_009085.1,Acinetobacter baumannii ATCC 17978 (3976747 bp),negative_62_51,3163590,3178693,15104,backbone
NC_009085.1,Acinetobacter baumannii ATCC 17978 (3976747 bp),negative_62_52,3213488,3227802,14315,backbone
NC_009085.1,Acinetobacter baumannii ATCC 17978 (3976747 bp),negative_62_53,3238875,3247438,8564,backbone
NC_009085.1,Acinetobacter baumannii ATCC 17978 (3976747 bp),negative_62_54,3258079,3267530,9452,backbone
NC_009085.1,Acinetobacter baumannii ATCC 17978 (3976747 bp),negative_62_55,3271735,3289467,17733,backbone
NC_009085.1,Acinetobacter baumannii ATCC 17978 (3976747 bp),negative_62_56,3300462,3309019,8558,backbone
NC_009085.1,Acinetobacter baumannii ATCC 17978 (3976747 bp),negative_62_57,3312902,3326469,13568,backbone
NC_009085.1,Acinetobacter baumannii ATCC 17978 (3976747 bp),negative_62_58,3350772,3361389,10618,backbone
NC_009085.1,Acinetobacter baumannii ATCC 17978 (3976747 bp),negative_62_59,3477959,3488518,10560,backbone
NC_009085.1,Acinetobacter baumannii ATCC 17978 (3976747 bp),negative_62_60,3507299,3518086,10788,backbone
NC_009085.1,Acinetobacter baumannii ATCC 17978 (3976747 bp),negative_62_61,3537458,3563626,26169,backbone
NC_009085.1,Acinetobacter baumannii ATCC 17978 (3976747 bp),negative_62_62,3573357,3582506,9150,backbone
NC_009085.1,Acinetobacter baumannii ATCC 17978 (3976747 bp),negative_62_63,3635935,3648386,12452,backbone
NC_009085.1,Acinetobacter baumannii ATCC 17978 (3976747 bp),negative_62_64,3664883,3686001,21119,backbone
NC_009085.1,Acinetobacter baumannii ATCC 17978 (3976747 bp),negative_62_65,3686033,3697083,11051,backbone
NC_009085.1,Acinetobacter baumannii ATCC 17978 (3976747 bp),negative_62_66,3793510,3804445,10936,backbone
NC_009085.1,Acinetobacter baumannii ATCC 17978 (3976747 bp),negative_62_67,3810876,3819994,9119,backbone
NC_009085.1,Acinetobacter baumannii ATCC 17978 (3976747 bp),negative_62_68,3826528,3840555,14028,backbone
NC_009085.1,Acinetobacter baumannii ATCC 17978 (3976747 bp),negative_62_69,3844080,3855093,11014,backbone
NC_009085.1,Acinetobacter baumannii ATCC 17978 (3976747 bp),negative_62_70,3875095,3885486,10392,backbone
NC_009085.1,Acinetobacter baumannii ATCC 17978 (3976747 bp),negative_62_71,3893069,3903725,10657,backbone
NC_009085.1,Acinetobacter baumannii ATCC 17978 (3976747 bp),negative_62_72,3941462,3963734,22273,backbone
NC_007778.1,Rhodopseudomonas palustris HaA2 (5331656 bp),negative_63_1,316520,331417,14898,backbone
NC_007778.1,Rhodopseudomonas palustris HaA2 (5331656 bp),negative_63_2,436781,446732,9952,backbone
NC_007778.1,Rhodopseudomonas palustris HaA2 (5331656 bp),negative_63_3,659565,668631,9067,backbone
NC_007778.1,Rhodopseudomonas palustris HaA2 (5331656 bp),negative_63_4,716864,726343,9480,backbone
NC_007778.1,Rhodopseudomonas palustris HaA2 (5331656 bp),negative_63_5,760583,770938,10356,backbone
NC_007778.1,Rhodopseudomonas palustris HaA2 (5331656 bp),negative_63_6,4469419,4478698,9280,backbone
NC_007778.1,Rhodopseudomonas palustris HaA2 (5331656 bp),negative_63_7,4538314,4547719,9406,backbone
NC_007778.1,Rhodopseudomonas palustris HaA2 (5331656 bp),negative_63_8,4560237,4569721,9485,backbone
NC_007778.1,Rhodopseudomonas palustris HaA2 (5331656 bp),negative_63_9,4749376,4757564,8189,backbone
NC_009800.1,Escherichia coli HS (4643538 bp),negative_64_1,80598,112896,32299,backbone
NC_009800.1,Escherichia coli HS (4643538 bp),negative_64_2,113431,121775,8345,backbone
NC_009800.1,Escherichia coli HS (4643538 bp),negative_64_3,163774,172442,8669,backbone
NC_009800.1,Escherichia coli HS (4643538 bp),negative_64_4,183524,207760,24237,backbone
NC_009800.1,Escherichia coli HS (4643538 bp),negative_64_5,518085,530895,12811,backbone
NC_009800.1,Escherichia coli HS (4643538 bp),negative_64_6,544996,555955,10960,backbone
NC_009800.1,Escherichia coli HS (4643538 bp),negative_64_7,693632,706387,12756,backbone
NC_009800.1,Escherichia coli HS (4643538 bp),negative_64_8,747134,755383,8250,backbone
NC_009800.1,Escherichia coli HS (4643538 bp),negative_64_9,779316,791057,11742,backbone
NC_009800.1,Escherichia coli HS (4643538 bp),negative_64_10,798282,807484,9203,backbone
NC_009800.1,Escherichia coli HS (4643538 bp),negative_64_11,951468,959937,8470,backbone
NC_009800.1,Escherichia coli HS (4643538 bp),negative_64_12,1021370,1044670,23301,backbone
NC_009800.1,Escherichia coli HS (4643538 bp),negative_64_13,1210357,1223691,13335,backbone
NC_009800.1,Escherichia coli HS (4643538 bp),negative_64_14,1309393,1317461,8069,backbone
NC_009800.1,Escherichia coli HS (4643538 bp),negative_64_15,1323658,1335013,11356,backbone
NC_009800.1,Escherichia coli HS (4643538 bp),negative_64_16,1343694,1353562,9869,backbone
NC_009800.1,Escherichia coli HS (4643538 bp),negative_64_17,1374824,1385827,11004,backbone
NC_009800.1,Escherichia coli HS (4643538 bp),negative_64_18,1727803,1741382,13580,backbone
NC_009800.1,Escherichia coli HS (4643538 bp),negative_64_19,1916898,1926087,9190,backbone
NC_009800.1,Escherichia coli HS (4643538 bp),negative_64_20,1930183,1940994,10812,backbone
NC_009800.1,Escherichia coli HS (4643538 bp),negative_64_21,2197993,2209217,11225,backbone
NC_009800.1,Escherichia coli HS (4643538 bp),negative_64_22,2315469,2325004,9536,backbone
NC_009800.1,Escherichia coli HS (4643538 bp),negative_64_23,2414451,2423310,8860,backbone
NC_009800.1,Escherichia coli HS (4643538 bp),negative_64_24,2431619,2458481,26863,backbone
NC_009800.1,Escherichia coli HS (4643538 bp),negative_64_25,2470247,2481106,10860,backbone
NC_009800.1,Escherichia coli HS (4643538 bp),negative_64_26,2673662,2682637,8976,backbone
NC_009800.1,Escherichia coli HS (4643538 bp),negative_64_27,2691796,2701803,10008,backbone
NC_009800.1,Escherichia coli HS (4643538 bp),negative_64_28,2727431,2736950,9520,backbone
NC_009800.1,Escherichia coli HS (4643538 bp),negative_64_29,2940750,2949051,8302,backbone
NC_009800.1,Escherichia coli HS (4643538 bp),negative_64_30,3061841,3070933,9093,backbone
NC_009800.1,Escherichia coli HS (4643538 bp),negative_64_31,3073680,3084348,10669,backbone
NC_009800.1,Escherichia coli HS (4643538 bp),negative_64_32,3111560,3121577,10018,backbone
NC_009800.1,Escherichia coli HS (4643538 bp),negative_64_33,3355471,3369276,13806,backbone
NC_009800.1,Escherichia coli HS (4643538 bp),negative_64_34,3436001,3447242,11242,backbone
NC_009800.1,Escherichia coli HS (4643538 bp),negative_64_35,3480084,3497700,17617,backbone
NC_009800.1,Escherichia coli HS (4643538 bp),negative_64_36,3561411,3575024,13614,backbone
NC_009800.1,Escherichia coli HS (4643538 bp),negative_64_37,3823262,3834717,11456,backbone
NC_009800.1,Escherichia coli HS (4643538 bp),negative_64_38,3942678,3963791,21114,backbone
NC_009800.1,Escherichia coli HS (4643538 bp),negative_64_39,3975366,3985350,9985,backbone
NC_009800.1,Escherichia coli HS (4643538 bp),negative_64_40,3991415,4000936,9522,backbone
NC_009800.1,Escherichia coli HS (4643538 bp),negative_64_41,4002898,4011261,8364,backbone
NC_009800.1,Escherichia coli HS (4643538 bp),negative_64_42,4080079,4090189,10111,backbone
NC_009800.1,Escherichia coli HS (4643538 bp),negative_64_43,4147184,4155277,8094,backbone
NC_009800.1,Escherichia coli HS (4643538 bp),negative_64_44,4186497,4195102,8606,backbone
NC_009800.1,Escherichia coli HS (4643538 bp),negative_64_45,4204687,4219181,14495,backbone
NC_009800.1,Escherichia coli HS (4643538 bp),negative_64_46,4220167,4230216,10050,backbone
NC_009800.1,Escherichia coli HS (4643538 bp),negative_64_47,4416923,4432611,15689,backbone
NC_009800.1,Escherichia coli HS (4643538 bp),negative_64_48,4615447,4624637,9191,backbone
NC_004347.1,Shewanella oneidensis MR-1 (4969803 bp),negative_65_1,227013,259069,32057,backbone
NC_004347.1,Shewanella oneidensis MR-1 (4969803 bp),negative_65_2,1393861,1405951,12091,backbone
NC_004347.1,Shewanella oneidensis MR-1 (4969803 bp),negative_65_3,2725686,2739001,13316,backbone
NC_004347.1,Shewanella oneidensis MR-1 (4969803 bp),negative_65_4,3378021,3388354,10334,backbone
NC_004347.1,Shewanella oneidensis MR-1 (4969803 bp),negative_65_5,3577258,3586645,9388,backbone
NC_004347.1,Shewanella oneidensis MR-1 (4969803 bp),negative_65_6,4385781,4398148,12368,backbone
NC_009076.1,Burkholderia pseudomallei 1106a chromosome I (3988455 bp),negative_66_1,149391,160398,11008,backbone
NC_009076.1,Burkholderia pseudomallei 1106a chromosome I (3988455 bp),negative_66_2,160712,177050,16339,backbone
NC_009076.1,Burkholderia pseudomallei 1106a chromosome I (3988455 bp),negative_66_3,189557,198012,8456,backbone
NC_009076.1,Burkholderia pseudomallei 1106a chromosome I (3988455 bp),negative_66_4,247992,256789,8798,backbone
NC_009076.1,Burkholderia pseudomallei 1106a chromosome I (3988455 bp),negative_66_5,261202,271963,10762,backbone
NC_009076.1,Burkholderia pseudomallei 1106a chromosome I (3988455 bp),negative_66_6,451164,467856,16693,backbone
NC_009076.1,Burkholderia pseudomallei 1106a chromosome I (3988455 bp),negative_66_7,468268,484261,15994,backbone
NC_009076.1,Burkholderia pseudomallei 1106a chromosome I (3988455 bp),negative_66_8,551221,560835,9615,backbone
NC_009076.1,Burkholderia pseudomallei 1106a chromosome I (3988455 bp),negative_66_9,561311,575805,14495,backbone
NC_009076.1,Burkholderia pseudomallei 1106a chromosome I (3988455 bp),negative_66_10,651259,668338,17080,backbone
NC_009076.1,Burkholderia pseudomallei 1106a chromosome I (3988455 bp),negative_66_11,677392,695825,18434,backbone
NC_009076.1,Burkholderia pseudomallei 1106a chromosome I (3988455 bp),negative_66_12,794239,807820,13582,backbone
NC_009076.1,Burkholderia pseudomallei 1106a chromosome I (3988455 bp),negative_66_13,814051,829567,15517,backbone
NC_009076.1,Burkholderia pseudomallei 1106a chromosome I (3988455 bp),negative_66_14,837759,848578,10820,backbone
NC_009076.1,Burkholderia pseudomallei 1106a chromosome I (3988455 bp),negative_66_15,893267,904799,11533,backbone
NC_009076.1,Burkholderia pseudomallei 1106a chromosome I (3988455 bp),negative_66_16,950450,967983,17534,backbone
NC_009076.1,Burkholderia pseudomallei 1106a chromosome I (3988455 bp),negative_66_17,970612,980528,9917,backbone
NC_009076.1,Burkholderia pseudomallei 1106a chromosome I (3988455 bp),negative_66_18,1053071,1062759,9689,backbone
NC_009076.1,Burkholderia pseudomallei 1106a chromosome I (3988455 bp),negative_66_19,1121456,1131187,9732,backbone
NC_009076.1,Burkholderia pseudomallei 1106a chromosome I (3988455 bp),negative_66_20,1163152,1172750,9599,backbone
NC_009076.1,Burkholderia pseudomallei 1106a chromosome I (3988455 bp),negative_66_21,1211757,1221709,9953,backbone
NC_009076.1,Burkholderia pseudomallei 1106a chromosome I (3988455 bp),negative_66_22,1222387,1232683,10297,backbone
NC_009076.1,Burkholderia pseudomallei 1106a chromosome I (3988455 bp),negative_66_23,1250708,1286730,36023,backbone
NC_009076.1,Burkholderia pseudomallei 1106a chromosome I (3988455 bp),negative_66_24,1459149,1483482,24334,backbone
NC_009076.1,Burkholderia pseudomallei 1106a chromosome I (3988455 bp),negative_66_25,1690197,1702081,11885,backbone
NC_009076.1,Burkholderia pseudomallei 1106a chromosome I (3988455 bp),negative_66_26,1715549,1725539,9991,backbone
NC_009076.1,Burkholderia pseudomallei 1106a chromosome I (3988455 bp),negative_66_27,1731304,1741902,10599,backbone
NC_009076.1,Burkholderia pseudomallei 1106a chromosome I (3988455 bp),negative_66_28,1809246,1818908,9663,backbone
NC_009076.1,Burkholderia pseudomallei 1106a chromosome I (3988455 bp),negative_66_29,2770075,2778555,8481,backbone
NC_009076.1,Burkholderia pseudomallei 1106a chromosome I (3988455 bp),negative_66_30,2783167,2817310,34144,backbone
NC_009076.1,Burkholderia pseudomallei 1106a chromosome I (3988455 bp),negative_66_31,2821978,2831331,9354,backbone
NC_009076.1,Burkholderia pseudomallei 1106a chromosome I (3988455 bp),negative_66_32,2876921,2900702,23782,backbone
NC_009076.1,Burkholderia pseudomallei 1106a chromosome I (3988455 bp),negative_66_33,2977346,2986161,8816,backbone
NC_009076.1,Burkholderia pseudomallei 1106a chromosome I (3988455 bp),negative_66_34,3030963,3044806,13844,backbone
NC_009076.1,Burkholderia pseudomallei 1106a chromosome I (3988455 bp),negative_66_35,3065676,3075670,9995,backbone
NC_009076.1,Burkholderia pseudomallei 1106a chromosome I (3988455 bp),negative_66_36,3146627,3154662,8036,backbone
NC_009076.1,Burkholderia pseudomallei 1106a chromosome I (3988455 bp),negative_66_37,3226103,3249393,23291,backbone
NC_009076.1,Burkholderia pseudomallei 1106a chromosome I (3988455 bp),negative_66_38,3276964,3287270,10307,backbone
NC_009076.1,Burkholderia pseudomallei 1106a chromosome I (3988455 bp),negative_66_39,3310867,3321334,10468,backbone
NC_009076.1,Burkholderia pseudomallei 1106a chromosome I (3988455 bp),negative_66_40,3379306,3405628,26323,backbone
NC_009076.1,Burkholderia pseudomallei 1106a chromosome I (3988455 bp),negative_66_41,3414122,3432269,18148,backbone
NC_009076.1,Burkholderia pseudomallei 1106a chromosome I (3988455 bp),negative_66_42,3432379,3445872,13494,backbone
NC_009076.1,Burkholderia pseudomallei 1106a chromosome I (3988455 bp),negative_66_43,3446184,3468234,22051,backbone
NC_009076.1,Burkholderia pseudomallei 1106a chromosome I (3988455 bp),negative_66_44,3480447,3503842,23396,backbone
NC_009076.1,Burkholderia pseudomallei 1106a chromosome I (3988455 bp),negative_66_45,3621255,3651883,30629,backbone
NC_009076.1,Burkholderia pseudomallei 1106a chromosome I (3988455 bp),negative_66_46,3679779,3690686,10908,backbone
NC_009076.1,Burkholderia pseudomallei 1106a chromosome I (3988455 bp),negative_66_47,3690927,3707903,16977,backbone
NC_009076.1,Burkholderia pseudomallei 1106a chromosome I (3988455 bp),negative_66_48,3714314,3728974,14661,backbone
NC_009076.1,Burkholderia pseudomallei 1106a chromosome I (3988455 bp),negative_66_49,3737407,3753365,15959,backbone
NC_009076.1,Burkholderia pseudomallei 1106a chromosome I (3988455 bp),negative_66_50,3838040,3849225,11186,backbone
NC_009076.1,Burkholderia pseudomallei 1106a chromosome I (3988455 bp),negative_66_51,3939935,3955741,15807,backbone
NC_009076.1,Burkholderia pseudomallei 1106a chromosome I (3988455 bp),negative_66_52,3978589,3988157,9569,backbone
NC_004603.1,Vibrio parahaemolyticus RIMD 2210633 chromosome I (3288558 bp),negative_67_1,2472,13004,10533,backbone
NC_004603.1,Vibrio parahaemolyticus RIMD 2210633 chromosome I (3288558 bp),negative_67_2,139283,148386,9104,backbone
NC_004603.1,Vibrio parahaemolyticus RIMD 2210633 chromosome I (3288558 bp),negative_67_3,267215,281081,13867,backbone
NC_004603.1,Vibrio parahaemolyticus RIMD 2210633 chromosome I (3288558 bp),negative_67_4,460170,472734,12565,backbone
NC_004603.1,Vibrio parahaemolyticus RIMD 2210633 chromosome I (3288558 bp),negative_67_5,753787,764479,10693,backbone
NC_004603.1,Vibrio parahaemolyticus RIMD 2210633 chromosome I (3288558 bp),negative_67_6,873625,883406,9782,backbone
NC_004603.1,Vibrio parahaemolyticus RIMD 2210633 chromosome I (3288558 bp),negative_67_7,2409693,2423644,13952,backbone
NC_004603.1,Vibrio parahaemolyticus RIMD 2210633 chromosome I (3288558 bp),negative_67_8,2608479,2618068,9590,backbone
NC_004603.1,Vibrio parahaemolyticus RIMD 2210633 chromosome I (3288558 bp),negative_67_9,2669587,2682299,12713,backbone
NC_004603.1,Vibrio parahaemolyticus RIMD 2210633 chromosome I (3288558 bp),negative_67_10,2842420,2853113,10694,backbone
NC_004603.1,Vibrio parahaemolyticus RIMD 2210633 chromosome I (3288558 bp),negative_67_11,3108568,3122092,13525,backbone
NC_004603.1,Vibrio parahaemolyticus RIMD 2210633 chromosome I (3288558 bp),negative_67_12,3277135,3287880,10746,backbone
NC_010380.1,Streptococcus pneumoniae Hungary19A-6 (2245615 bp),negative_68_1,123997,133172,9176,backbone
NC_010380.1,Streptococcus pneumoniae Hungary19A-6 (2245615 bp),negative_68_2,283172,298212,15041,backbone
NC_010380.1,Streptococcus pneumoniae Hungary19A-6 (2245615 bp),negative_68_3,309798,318444,8647,backbone
NC_010380.1,Streptococcus pneumoniae Hungary19A-6 (2245615 bp),negative_68_4,478465,486856,8392,backbone
NC_010501.1,Pseudomonas putida W619 (5774330 bp),negative_69_1,404094,416835,12742,backbone
NC_010501.1,Pseudomonas putida W619 (5774330 bp),negative_69_2,500480,509173,8694,backbone
NC_010501.1,Pseudomonas putida W619 (5774330 bp),negative_69_3,679274,690881,11608,backbone
NC_010501.1,Pseudomonas putida W619 (5774330 bp),negative_69_4,788832,800622,11791,backbone
NC_010501.1,Pseudomonas putida W619 (5774330 bp),negative_69_5,808835,818499,9665,backbone
NC_010501.1,Pseudomonas putida W619 (5774330 bp),negative_69_6,968280,976644,8365,backbone
NC_010501.1,Pseudomonas putida W619 (5774330 bp),negative_69_7,1035249,1045222,9974,backbone
NC_010501.1,Pseudomonas putida W619 (5774330 bp),negative_69_8,1678942,1688323,9382,backbone
NC_010501.1,Pseudomonas putida W619 (5774330 bp),negative_69_9,1833584,1842114,8531,backbone
NC_010501.1,Pseudomonas putida W619 (5774330 bp),negative_69_10,2079237,2093231,13995,backbone
NC_008061.1,Burkholderia cenocepacia AU 1054 chromosome 2 (2788459 bp),negative_70_1,29938,37963,8026,backbone
NC_008061.1,Burkholderia cenocepacia AU 1054 chromosome 2 (2788459 bp),negative_70_2,43219,55531,12313,backbone
NC_008061.1,Burkholderia cenocepacia AU 1054 chromosome 2 (2788459 bp),negative_70_3,76095,104188,28094,backbone
NC_008061.1,Burkholderia cenocepacia AU 1054 chromosome 2 (2788459 bp),negative_70_4,117065,128705,11641,backbone
NC_008061.1,Burkholderia cenocepacia AU 1054 chromosome 2 (2788459 bp),negative_70_5,186778,197054,10277,backbone
NC_008061.1,Burkholderia cenocepacia AU 1054 chromosome 2 (2788459 bp),negative_70_6,276906,285246,8341,backbone
NC_008061.1,Burkholderia cenocepacia AU 1054 chromosome 2 (2788459 bp),negative_70_7,363941,376969,13029,backbone
NC_008061.1,Burkholderia cenocepacia AU 1054 chromosome 2 (2788459 bp),negative_70_8,409122,419381,10260,backbone
NC_008061.1,Burkholderia cenocepacia AU 1054 chromosome 2 (2788459 bp),negative_70_9,502333,513860,11528,backbone
NC_008061.1,Burkholderia cenocepacia AU 1054 chromosome 2 (2788459 bp),negative_70_10,804999,813519,8521,backbone
NC_008061.1,Burkholderia cenocepacia AU 1054 chromosome 2 (2788459 bp),negative_70_11,956659,970556,13898,backbone
NC_008061.1,Burkholderia cenocepacia AU 1054 chromosome 2 (2788459 bp),negative_70_12,991140,1000302,9163,backbone
NC_008061.1,Burkholderia cenocepacia AU 1054 chromosome 2 (2788459 bp),negative_70_13,1013388,1026068,12681,backbone
NC_008061.1,Burkholderia cenocepacia AU 1054 chromosome 2 (2788459 bp),negative_70_14,1179858,1192764,12907,backbone
NC_008061.1,Burkholderia cenocepacia AU 1054 chromosome 2 (2788459 bp),negative_70_15,1310598,1321780,11183,backbone
NC_008061.1,Burkholderia cenocepacia AU 1054 chromosome 2 (2788459 bp),negative_70_16,1332882,1347887,15006,backbone
NC_008061.1,Burkholderia cenocepacia AU 1054 chromosome 2 (2788459 bp),negative_70_17,1397919,1407456,9538,backbone
NC_008061.1,Burkholderia cenocepacia AU 1054 chromosome 2 (2788459 bp),negative_70_18,1445899,1454876,8978,backbone
NC_008061.1,Burkholderia cenocepacia AU 1054 chromosome 2 (2788459 bp),negative_70_19,1461436,1470658,9223,backbone
NC_008061.1,Burkholderia cenocepacia AU 1054 chromosome 2 (2788459 bp),negative_70_20,1601155,1614696,13542,backbone
NC_008061.1,Burkholderia cenocepacia AU 1054 chromosome 2 (2788459 bp),negative_70_21,1632163,1645817,13655,backbone
NC_008061.1,Burkholderia cenocepacia AU 1054 chromosome 2 (2788459 bp),negative_70_22,1660773,1677626,16854,backbone
NC_008061.1,Burkholderia cenocepacia AU 1054 chromosome 2 (2788459 bp),negative_70_23,1727784,1749375,21592,backbone
NC_008061.1,Burkholderia cenocepacia AU 1054 chromosome 2 (2788459 bp),negative_70_24,1749560,1766860,17301,backbone
NC_008061.1,Burkholderia cenocepacia AU 1054 chromosome 2 (2788459 bp),negative_70_25,1770943,1780818,9876,backbone
NC_008061.1,Burkholderia cenocepacia AU 1054 chromosome 2 (2788459 bp),negative_70_26,1783125,1801773,18649,backbone
NC_008061.1,Burkholderia cenocepacia AU 1054 chromosome 2 (2788459 bp),negative_70_27,1831421,1844144,12724,backbone
NC_008061.1,Burkholderia cenocepacia AU 1054 chromosome 2 (2788459 bp),negative_70_28,1965171,1974300,9130,backbone
NC_008061.1,Burkholderia cenocepacia AU 1054 chromosome 2 (2788459 bp),negative_70_29,2390046,2406334,16289,backbone
NC_008061.1,Burkholderia cenocepacia AU 1054 chromosome 2 (2788459 bp),negative_70_30,2455188,2467018,11831,backbone
NC_008061.1,Burkholderia cenocepacia AU 1054 chromosome 2 (2788459 bp),negative_70_31,2603109,2626634,23526,backbone
NC_008061.1,Burkholderia cenocepacia AU 1054 chromosome 2 (2788459 bp),negative_70_32,2629785,2651280,21496,backbone
NC_002516.2,Pseudomonas aeruginosa PAO1 (6264404 bp),negative_71_1,634332,648694,14363,backbone
NC_002516.2,Pseudomonas aeruginosa PAO1 (6264404 bp),negative_71_2,1048460,1057757,9298,backbone
NC_002516.2,Pseudomonas aeruginosa PAO1 (6264404 bp),negative_71_3,1580725,1595388,14664,backbone
NC_002516.2,Pseudomonas aeruginosa PAO1 (6264404 bp),negative_71_4,2953611,2962301,8691,backbone
NC_002516.2,Pseudomonas aeruginosa PAO1 (6264404 bp),negative_71_5,3318887,3334271,15385,backbone
NC_002516.2,Pseudomonas aeruginosa PAO1 (6264404 bp),negative_71_6,4068733,4078079,9347,backbone
NC_002516.2,Pseudomonas aeruginosa PAO1 (6264404 bp),negative_71_7,4264548,4273746,9199,backbone
NC_002516.2,Pseudomonas aeruginosa PAO1 (6264404 bp),negative_71_8,4461514,4473516,12003,backbone
NC_002516.2,Pseudomonas aeruginosa PAO1 (6264404 bp),negative_71_9,4478181,4487674,9494,backbone
NC_002516.2,Pseudomonas aeruginosa PAO1 (6264404 bp),negative_71_10,4753378,4785872,32495,backbone
NC_002516.2,Pseudomonas aeruginosa PAO1 (6264404 bp),negative_71_11,4939722,4957559,17838,backbone
NC_002516.2,Pseudomonas aeruginosa PAO1 (6264404 bp),negative_71_12,4981383,4996297,14915,backbone
NC_002516.2,Pseudomonas aeruginosa PAO1 (6264404 bp),negative_71_13,5233189,5241818,8630,backbone
NC_002516.2,Pseudomonas aeruginosa PAO1 (6264404 bp),negative_71_14,5302577,5313106,10530,backbone
NC_002516.2,Pseudomonas aeruginosa PAO1 (6264404 bp),negative_71_15,5323542,5337973,14432,backbone
NC_002516.2,Pseudomonas aeruginosa PAO1 (6264404 bp),negative_71_16,5666340,5675749,9410,backbone
NC_010184.1,Bacillus weihenstephanensis KBAB4 (5262775 bp),negative_72_1,72,82072,82001,backbone
NC_010184.1,Bacillus weihenstephanensis KBAB4 (5262775 bp),negative_72_2,92627,156268,63642,backbone
NC_010184.1,Bacillus weihenstephanensis KBAB4 (5262775 bp),negative_72_3,156418,165443,9026,backbone
NC_010184.1,Bacillus weihenstephanensis KBAB4 (5262775 bp),negative_72_4,182805,191325,8521,backbone
NC_010184.1,Bacillus weihenstephanensis KBAB4 (5262775 bp),negative_72_5,239133,262079,22947,backbone
NC_010184.1,Bacillus weihenstephanensis KBAB4 (5262775 bp),negative_72_6,264036,272989,8954,backbone
NC_010184.1,Bacillus weihenstephanensis KBAB4 (5262775 bp),negative_72_7,312290,324389,12100,backbone
NC_010184.1,Bacillus weihenstephanensis KBAB4 (5262775 bp),negative_72_8,326216,336898,10683,backbone
NC_010184.1,Bacillus weihenstephanensis KBAB4 (5262775 bp),negative_72_9,390072,400388,10317,backbone
NC_010184.1,Bacillus weihenstephanensis KBAB4 (5262775 bp),negative_72_10,423759,435240,11482,backbone
NC_010184.1,Bacillus weihenstephanensis KBAB4 (5262775 bp),negative_72_11,449327,458602,9276,backbone
NC_010184.1,Bacillus weihenstephanensis KBAB4 (5262775 bp),negative_72_12,459129,467431,8303,backbone
NC_010184.1,Bacillus weihenstephanensis KBAB4 (5262775 bp),negative_72_13,499440,515071,15632,backbone
NC_010184.1,Bacillus weihenstephanensis KBAB4 (5262775 bp),negative_72_14,663135,673632,10498,backbone
NC_010184.1,Bacillus weihenstephanensis KBAB4 (5262775 bp),negative_72_15,739283,757242,17960,backbone
NC_010184.1,Bacillus weihenstephanensis KBAB4 (5262775 bp),negative_72_16,842785,855284,12500,backbone
NC_010184.1,Bacillus weihenstephanensis KBAB4 (5262775 bp),negative_72_17,1116736,1126033,9298,backbone
NC_010184.1,Bacillus weihenstephanensis KBAB4 (5262775 bp),negative_72_18,1126753,1135452,8700,backbone
NC_010184.1,Bacillus weihenstephanensis KBAB4 (5262775 bp),negative_72_19,1147449,1156150,8702,backbone
NC_010184.1,Bacillus weihenstephanensis KBAB4 (5262775 bp),negative_72_20,1156346,1187648,31303,backbone
NC_010184.1,Bacillus weihenstephanensis KBAB4 (5262775 bp),negative_72_21,1270297,1294919,24623,backbone
NC_010184.1,Bacillus weihenstephanensis KBAB4 (5262775 bp),negative_72_22,1295429,1304544,9116,backbone
NC_010184.1,Bacillus weihenstephanensis KBAB4 (5262775 bp),negative_72_23,1304880,1313780,8901,backbone
NC_010184.1,Bacillus weihenstephanensis KBAB4 (5262775 bp),negative_72_24,1353336,1363343,10008,backbone
NC_010184.1,Bacillus weihenstephanensis KBAB4 (5262775 bp),negative_72_25,1377833,1415373,37541,backbone
NC_010184.1,Bacillus weihenstephanensis KBAB4 (5262775 bp),negative_72_26,1426357,1434678,8322,backbone
NC_010184.1,Bacillus weihenstephanensis KBAB4 (5262775 bp),negative_72_27,1442654,1493914,51261,backbone
NC_010184.1,Bacillus weihenstephanensis KBAB4 (5262775 bp),negative_72_28,1511139,1520473,9335,backbone
NC_010184.1,Bacillus weihenstephanensis KBAB4 (5262775 bp),negative_72_29,1536190,1546611,10422,backbone
NC_010184.1,Bacillus weihenstephanensis KBAB4 (5262775 bp),negative_72_30,1593042,1601340,8299,backbone
NC_010184.1,Bacillus weihenstephanensis KBAB4 (5262775 bp),negative_72_31,1608883,1618419,9537,backbone
NC_010184.1,Bacillus weihenstephanensis KBAB4 (5262775 bp),negative_72_32,1633707,1643860,10154,backbone
NC_010184.1,Bacillus weihenstephanensis KBAB4 (5262775 bp),negative_72_33,1960106,1970675,10570,backbone
NC_010184.1,Bacillus weihenstephanensis KBAB4 (5262775 bp),negative_72_34,1971479,1982907,11429,backbone
NC_010184.1,Bacillus weihenstephanensis KBAB4 (5262775 bp),negative_72_35,2123709,2137521,13813,backbone
NC_010184.1,Bacillus weihenstephanensis KBAB4 (5262775 bp),negative_72_36,2173001,2185301,12301,backbone
NC_010184.1,Bacillus weihenstephanensis KBAB4 (5262775 bp),negative_72_37,2212553,2227750,15198,backbone
NC_010184.1,Bacillus weihenstephanensis KBAB4 (5262775 bp),negative_72_38,2236663,2251670,15008,backbone
NC_010184.1,Bacillus weihenstephanensis KBAB4 (5262775 bp),negative_72_39,2430531,2439631,9101,backbone
NC_010184.1,Bacillus weihenstephanensis KBAB4 (5262775 bp),negative_72_40,3341537,3356882,15346,backbone
NC_010184.1,Bacillus weihenstephanensis KBAB4 (5262775 bp),negative_72_41,3592357,3624745,32389,backbone
NC_010184.1,Bacillus weihenstephanensis KBAB4 (5262775 bp),negative_72_42,3673993,3751706,77714,backbone
NC_010184.1,Bacillus weihenstephanensis KBAB4 (5262775 bp),negative_72_43,3759490,3816332,56843,backbone
NC_010184.1,Bacillus weihenstephanensis KBAB4 (5262775 bp),negative_72_44,3816373,3839356,22984,backbone
NC_010184.1,Bacillus weihenstephanensis KBAB4 (5262775 bp),negative_72_45,3839899,3869552,29654,backbone
NC_010184.1,Bacillus weihenstephanensis KBAB4 (5262775 bp),negative_72_46,3874424,3889111,14688,backbone
NC_010184.1,Bacillus weihenstephanensis KBAB4 (5262775 bp),negative_72_47,3904102,3946186,42085,backbone
NC_010184.1,Bacillus weihenstephanensis KBAB4 (5262775 bp),negative_72_48,3947365,3963655,16291,backbone
NC_010184.1,Bacillus weihenstephanensis KBAB4 (5262775 bp),negative_72_49,3966093,3988682,22590,backbone
NC_010184.1,Bacillus weihenstephanensis KBAB4 (5262775 bp),negative_72_50,3993084,4003266,10183,backbone
NC_010184.1,Bacillus weihenstephanensis KBAB4 (5262775 bp),negative_72_51,4025803,4039087,13285,backbone
NC_010184.1,Bacillus weihenstephanensis KBAB4 (5262775 bp),negative_72_52,4045965,4067597,21633,backbone
NC_010184.1,Bacillus weihenstephanensis KBAB4 (5262775 bp),negative_72_53,4084523,4096117,11595,backbone
NC_010184.1,Bacillus weihenstephanensis KBAB4 (5262775 bp),negative_72_54,4107317,4160426,53110,backbone
NC_010184.1,Bacillus weihenstephanensis KBAB4 (5262775 bp),negative_72_55,4160432,4189310,28879,backbone
NC_010184.1,Bacillus weihenstephanensis KBAB4 (5262775 bp),negative_72_56,4222164,4242062,19899,backbone
NC_010184.1,Bacillus weihenstephanensis KBAB4 (5262775 bp),negative_72_57,4248087,4258808,10722,backbone
NC_010184.1,Bacillus weihenstephanensis KBAB4 (5262775 bp),negative_72_58,4267163,4276424,9262,backbone
NC_010184.1,Bacillus weihenstephanensis KBAB4 (5262775 bp),negative_72_59,4276844,4295381,18538,backbone
NC_010184.1,Bacillus weihenstephanensis KBAB4 (5262775 bp),negative_72_60,4302444,4311512,9069,backbone
NC_010184.1,Bacillus weihenstephanensis KBAB4 (5262775 bp),negative_72_61,4312255,4321965,9711,backbone
NC_010184.1,Bacillus weihenstephanensis KBAB4 (5262775 bp),negative_72_62,4336619,4346672,10054,backbone
NC_010184.1,Bacillus weihenstephanensis KBAB4 (5262775 bp),negative_72_63,4400302,4409525,9224,backbone
NC_010184.1,Bacillus weihenstephanensis KBAB4 (5262775 bp),negative_72_64,4409575,4430528,20954,backbone
NC_010184.1,Bacillus weihenstephanensis KBAB4 (5262775 bp),negative_72_65,4431229,4444897,13669,backbone
NC_010184.1,Bacillus weihenstephanensis KBAB4 (5262775 bp),negative_72_66,4454362,4463684,9323,backbone
NC_010184.1,Bacillus weihenstephanensis KBAB4 (5262775 bp),negative_72_67,4516373,4533082,16710,backbone
NC_010184.1,Bacillus weihenstephanensis KBAB4 (5262775 bp),negative_72_68,4667313,4678375,11063,backbone
NC_010184.1,Bacillus weihenstephanensis KBAB4 (5262775 bp),negative_72_69,4679170,4689014,9845,backbone
NC_010184.1,Bacillus weihenstephanensis KBAB4 (5262775 bp),negative_72_70,4700865,4718198,17334,backbone
NC_010184.1,Bacillus weihenstephanensis KBAB4 (5262775 bp),negative_72_71,4795007,4806898,11892,backbone
NC_010184.1,Bacillus weihenstephanensis KBAB4 (5262775 bp),negative_72_72,4890534,4899472,8939,backbone
NC_010184.1,Bacillus weihenstephanensis KBAB4 (5262775 bp),negative_72_73,4901619,4918141,16523,backbone
NC_010184.1,Bacillus weihenstephanensis KBAB4 (5262775 bp),negative_72_74,4933282,4947557,14276,backbone
NC_010184.1,Bacillus weihenstephanensis KBAB4 (5262775 bp),negative_72_75,4985652,4999795,14144,backbone
NC_010184.1,Bacillus weihenstephanensis KBAB4 (5262775 bp),negative_72_76,5046837,5064415,17579,backbone
NC_010184.1,Bacillus weihenstephanensis KBAB4 (5262775 bp),negative_72_77,5067480,5082982,15503,backbone
NC_010184.1,Bacillus weihenstephanensis KBAB4 (5262775 bp),negative_72_78,5091617,5111689,20073,backbone
NC_010184.1,Bacillus weihenstephanensis KBAB4 (5262775 bp),negative_72_79,5133926,5145924,11999,backbone
NC_010184.1,Bacillus weihenstephanensis KBAB4 (5262775 bp),negative_72_80,5145933,5154516,8584,backbone
NC_010184.1,Bacillus weihenstephanensis KBAB4 (5262775 bp),negative_72_81,5204648,5216221,11574,backbone
NC_010184.1,Bacillus weihenstephanensis KBAB4 (5262775 bp),negative_72_82,5234336,5262358,28023,backbone
NC_002947.3,Pseudomonas putida KT2440 (6181863 bp),negative_73_1,470869,497452,26584,backbone
NC_002947.3,Pseudomonas putida KT2440 (6181863 bp),negative_73_2,531970,566137,34168,backbone
NC_002947.3,Pseudomonas putida KT2440 (6181863 bp),negative_73_3,969047,985977,16931,backbone
NC_002947.3,Pseudomonas putida KT2440 (6181863 bp),negative_73_4,1072013,1087775,15763,backbone
NC_002947.3,Pseudomonas putida KT2440 (6181863 bp),negative_73_5,1094113,1107568,13456,backbone
NC_002947.3,Pseudomonas putida KT2440 (6181863 bp),negative_73_6,1390193,1399907,9715,backbone
NC_002947.3,Pseudomonas putida KT2440 (6181863 bp),negative_73_7,1519979,1529758,9780,backbone
NC_002947.3,Pseudomonas putida KT2440 (6181863 bp),negative_73_8,1780502,1790968,10467,backbone
NC_002947.3,Pseudomonas putida KT2440 (6181863 bp),negative_73_9,2149229,2161577,12349,backbone
NC_002947.3,Pseudomonas putida KT2440 (6181863 bp),negative_73_10,2372318,2381181,8864,backbone
NC_002947.3,Pseudomonas putida KT2440 (6181863 bp),negative_73_11,2434171,2444076,9906,backbone
NC_002947.3,Pseudomonas putida KT2440 (6181863 bp),negative_73_12,4656379,4670167,13789,backbone
NC_002947.3,Pseudomonas putida KT2440 (6181863 bp),negative_73_13,4725220,4740671,15452,backbone
NC_002947.3,Pseudomonas putida KT2440 (6181863 bp),negative_73_14,4922981,4936262,13282,backbone
NC_002947.3,Pseudomonas putida KT2440 (6181863 bp),negative_73_15,5333703,5342429,8727,backbone
NC_002947.3,Pseudomonas putida KT2440 (6181863 bp),negative_73_16,5352050,5367200,15151,backbone
NC_002947.3,Pseudomonas putida KT2440 (6181863 bp),negative_73_17,6048128,6059859,11732,backbone
NC_002947.3,Pseudomonas putida KT2440 (6181863 bp),negative_73_18,6172370,6180943,8574,backbone
NC_010612.1,Mycobacterium marinum M (6636827 bp),negative_74_1,704,11725,11022,backbone
NC_010612.1,Mycobacterium marinum M (6636827 bp),negative_74_2,13462,26784,13323,backbone
NC_010612.1,Mycobacterium marinum M (6636827 bp),negative_74_3,65230,76391,11162,backbone
NC_010612.1,Mycobacterium marinum M (6636827 bp),negative_74_4,514170,525676,11507,backbone
NC_010612.1,Mycobacterium marinum M (6636827 bp),negative_74_5,983529,994586,11058,backbone
NC_010612.1,Mycobacterium marinum M (6636827 bp),negative_74_6,1077874,1086538,8665,backbone
NC_010612.1,Mycobacterium marinum M (6636827 bp),negative_74_7,1087335,1095806,8472,backbone
NC_010612.1,Mycobacterium marinum M (6636827 bp),negative_74_8,1261120,1270602,9483,backbone
NC_010612.1,Mycobacterium marinum M (6636827 bp),negative_74_9,1553034,1571437,18404,backbone
NC_010612.1,Mycobacterium marinum M (6636827 bp),negative_74_10,1595968,1604211,8244,backbone
NC_010612.1,Mycobacterium marinum M (6636827 bp),negative_74_11,1626204,1646649,20446,backbone
NC_010612.1,Mycobacterium marinum M (6636827 bp),negative_74_12,1647008,1656230,9223,backbone
NC_010612.1,Mycobacterium marinum M (6636827 bp),negative_74_13,1657204,1668690,11487,backbone
NC_010612.1,Mycobacterium marinum M (6636827 bp),negative_74_14,1781675,1797127,15453,backbone
NC_010612.1,Mycobacterium marinum M (6636827 bp),negative_74_15,2061873,2071417,9545,backbone
NC_010612.1,Mycobacterium marinum M (6636827 bp),negative_74_16,2077582,2090699,13118,backbone
NC_010612.1,Mycobacterium marinum M (6636827 bp),negative_74_17,2092493,2100934,8442,backbone
NC_010612.1,Mycobacterium marinum M (6636827 bp),negative_74_18,2176379,2191753,15375,backbone
NC_010612.1,Mycobacterium marinum M (6636827 bp),negative_74_19,2193015,2203674,10660,backbone
NC_010612.1,Mycobacterium marinum M (6636827 bp),negative_74_20,2292876,2301788,8913,backbone
NC_010612.1,Mycobacterium marinum M (6636827 bp),negative_74_21,2411212,2420717,9506,backbone
NC_010612.1,Mycobacterium marinum M (6636827 bp),negative_74_22,2549357,2563341,13985,backbone
NC_010612.1,Mycobacterium marinum M (6636827 bp),negative_74_23,2610814,2620112,9299,backbone
NC_010612.1,Mycobacterium marinum M (6636827 bp),negative_74_24,2620773,2630179,9407,backbone
NC_010612.1,Mycobacterium marinum M (6636827 bp),negative_74_25,2640548,2654396,13849,backbone
NC_010612.1,Mycobacterium marinum M (6636827 bp),negative_74_26,2662594,2671381,8788,backbone
NC_010612.1,Mycobacterium marinum M (6636827 bp),negative_74_27,2748552,2758424,9873,backbone
NC_010612.1,Mycobacterium marinum M (6636827 bp),negative_74_28,2886275,2897374,11100,backbone
NC_010612.1,Mycobacterium marinum M (6636827 bp),negative_74_29,2908242,2917353,9112,backbone
NC_010612.1,Mycobacterium marinum M (6636827 bp),negative_74_30,2982943,2994433,11491,backbone
NC_010612.1,Mycobacterium marinum M (6636827 bp),negative_74_31,3040004,3051472,11469,backbone
NC_010612.1,Mycobacterium marinum M (6636827 bp),negative_74_32,3246676,3257455,10780,backbone
NC_010612.1,Mycobacterium marinum M (6636827 bp),negative_74_33,3260430,3269751,9322,backbone
NC_010612.1,Mycobacterium marinum M (6636827 bp),negative_74_34,3292198,3306134,13937,backbone
NC_010612.1,Mycobacterium marinum M (6636827 bp),negative_74_35,3647021,3665766,18746,backbone
NC_010612.1,Mycobacterium marinum M (6636827 bp),negative_74_36,3725613,3735189,9577,backbone
NC_010612.1,Mycobacterium marinum M (6636827 bp),negative_74_37,3884445,3900580,16136,backbone
NC_010612.1,Mycobacterium marinum M (6636827 bp),negative_74_38,3928058,3949199,21142,backbone
NC_010612.1,Mycobacterium marinum M (6636827 bp),negative_74_39,3949262,3959803,10542,backbone
NC_010612.1,Mycobacterium marinum M (6636827 bp),negative_74_40,4111795,4123438,11644,backbone
NC_010612.1,Mycobacterium marinum M (6636827 bp),negative_74_41,4642423,4654206,11784,backbone
NC_010612.1,Mycobacterium marinum M (6636827 bp),negative_74_42,4754471,4763034,8564,backbone
NC_010612.1,Mycobacterium marinum M (6636827 bp),negative_74_43,4778150,4787603,9454,backbone
NC_010612.1,Mycobacterium marinum M (6636827 bp),negative_74_44,4879163,4889876,10714,backbone
NC_010612.1,Mycobacterium marinum M (6636827 bp),negative_74_45,5006260,5018049,11790,backbone
NC_010612.1,Mycobacterium marinum M (6636827 bp),negative_74_46,5037752,5059682,21931,backbone
NC_010612.1,Mycobacterium marinum M (6636827 bp),negative_74_47,5393730,5407788,14059,backbone
NC_010612.1,Mycobacterium marinum M (6636827 bp),negative_74_48,5477746,5487328,9583,backbone
NC_010612.1,Mycobacterium marinum M (6636827 bp),negative_74_49,5558966,5567494,8529,backbone
NC_010612.1,Mycobacterium marinum M (6636827 bp),negative_74_50,5568788,5577938,9151,backbone
NC_010612.1,Mycobacterium marinum M (6636827 bp),negative_74_51,5715040,5724794,9755,backbone
NC_010612.1,Mycobacterium marinum M (6636827 bp),negative_74_52,5907437,5916068,8632,backbone
NC_010612.1,Mycobacterium marinum M (6636827 bp),negative_74_53,5984017,5995183,11167,backbone
NC_010612.1,Mycobacterium marinum M (6636827 bp),negative_74_54,6041818,6061380,19563,backbone
NC_010612.1,Mycobacterium marinum M (6636827 bp),negative_74_55,6129127,6137779,8653,backbone
NC_010612.1,Mycobacterium marinum M (6636827 bp),negative_74_56,6158955,6169080,10126,backbone
NC_010612.1,Mycobacterium marinum M (6636827 bp),negative_74_57,6216220,6226100,9881,backbone
NC_010612.1,Mycobacterium marinum M (6636827 bp),negative_74_58,6229970,6239568,9599,backbone
NC_010612.1,Mycobacterium marinum M (6636827 bp),negative_74_59,6239572,6258174,18603,backbone
NC_010612.1,Mycobacterium marinum M (6636827 bp),negative_74_60,6462743,6470923,8181,backbone
NC_010612.1,Mycobacterium marinum M (6636827 bp),negative_74_61,6487667,6500290,12624,backbone
NC_010612.1,Mycobacterium marinum M (6636827 bp),negative_74_62,6500679,6510848,10170,backbone
NC_010612.1,Mycobacterium marinum M (6636827 bp),negative_74_63,6618356,6636602,18247,backbone
NC_010582.1,Streptococcus pneumoniae CGSP14 (2209198 bp),negative_75_1,46254,55429,9176,backbone
NC_010582.1,Streptococcus pneumoniae CGSP14 (2209198 bp),negative_75_2,217129,232086,14958,backbone
NC_010582.1,Streptococcus pneumoniae CGSP14 (2209198 bp),negative_75_3,242419,251065,8647,backbone
NC_010582.1,Streptococcus pneumoniae CGSP14 (2209198 bp),negative_75_4,411362,419753,8392,backbone
NC_000907.1,Haemophilus influenzae Rd KW20 (1830138 bp),negative_76_1,844813,853409,8597,backbone
NC_010498.1,Escherichia coli SECEC SMS-3-5 (5068389 bp),negative_77_1,85480,95365,9886,backbone
NC_010498.1,Escherichia coli SECEC SMS-3-5 (5068389 bp),negative_77_2,102519,114187,11669,backbone
NC_010498.1,Escherichia coli SECEC SMS-3-5 (5068389 bp),negative_77_3,114191,126652,12462,backbone
NC_010498.1,Escherichia coli SECEC SMS-3-5 (5068389 bp),negative_77_4,183797,193303,9507,backbone
NC_010498.1,Escherichia coli SECEC SMS-3-5 (5068389 bp),negative_77_5,194813,218763,23951,backbone
NC_010498.1,Escherichia coli SECEC SMS-3-5 (5068389 bp),negative_77_6,464207,472775,8569,backbone
NC_010498.1,Escherichia coli SECEC SMS-3-5 (5068389 bp),negative_77_7,480387,491446,11060,backbone
NC_010498.1,Escherichia coli SECEC SMS-3-5 (5068389 bp),negative_77_8,693570,705265,11696,backbone
NC_010498.1,Escherichia coli SECEC SMS-3-5 (5068389 bp),negative_77_9,719964,728599,8636,backbone
NC_010498.1,Escherichia coli SECEC SMS-3-5 (5068389 bp),negative_77_10,738068,749525,11458,backbone
NC_010498.1,Escherichia coli SECEC SMS-3-5 (5068389 bp),negative_77_11,764012,776200,12189,backbone
NC_010498.1,Escherichia coli SECEC SMS-3-5 (5068389 bp),negative_77_12,1321077,1329457,8381,backbone
NC_010498.1,Escherichia coli SECEC SMS-3-5 (5068389 bp),negative_77_13,1337145,1348888,11744,backbone
NC_010498.1,Escherichia coli SECEC SMS-3-5 (5068389 bp),negative_77_14,1352987,1365542,12556,backbone
NC_010498.1,Escherichia coli SECEC SMS-3-5 (5068389 bp),negative_77_15,1425874,1433920,8047,backbone
NC_010498.1,Escherichia coli SECEC SMS-3-5 (5068389 bp),negative_77_16,1498292,1507172,8881,backbone
NC_010498.1,Escherichia coli SECEC SMS-3-5 (5068389 bp),negative_77_17,1543428,1552325,8898,backbone
NC_010498.1,Escherichia coli SECEC SMS-3-5 (5068389 bp),negative_77_18,1875300,1885145,9846,backbone
NC_010498.1,Escherichia coli SECEC SMS-3-5 (5068389 bp),negative_77_19,1913677,1923843,10167,backbone
NC_010498.1,Escherichia coli SECEC SMS-3-5 (5068389 bp),negative_77_20,1931190,1942408,11219,backbone
NC_010498.1,Escherichia coli SECEC SMS-3-5 (5068389 bp),negative_77_21,2172737,2182694,9958,backbone
NC_010498.1,Escherichia coli SECEC SMS-3-5 (5068389 bp),negative_77_22,2200446,2226228,25783,backbone
NC_010498.1,Escherichia coli SECEC SMS-3-5 (5068389 bp),negative_77_23,2247611,2261119,13509,backbone
NC_010498.1,Escherichia coli SECEC SMS-3-5 (5068389 bp),negative_77_24,2353521,2368488,14968,backbone
NC_010498.1,Escherichia coli SECEC SMS-3-5 (5068389 bp),negative_77_25,2463043,2471702,8660,backbone
NC_010498.1,Escherichia coli SECEC SMS-3-5 (5068389 bp),negative_77_26,2476782,2504178,27397,backbone
NC_010498.1,Escherichia coli SECEC SMS-3-5 (5068389 bp),negative_77_27,2515601,2525536,9936,backbone
NC_010498.1,Escherichia coli SECEC SMS-3-5 (5068389 bp),negative_77_28,2527259,2535924,8666,backbone
NC_010498.1,Escherichia coli SECEC SMS-3-5 (5068389 bp),negative_77_29,2619170,2627315,8146,backbone
NC_010498.1,Escherichia coli SECEC SMS-3-5 (5068389 bp),negative_77_30,2729006,2740963,11958,backbone
NC_010498.1,Escherichia coli SECEC SMS-3-5 (5068389 bp),negative_77_31,2749791,2759596,9806,backbone
NC_010498.1,Escherichia coli SECEC SMS-3-5 (5068389 bp),negative_77_32,3123945,3137182,13238,backbone
NC_010498.1,Escherichia coli SECEC SMS-3-5 (5068389 bp),negative_77_33,3170309,3180298,9990,backbone
NC_010498.1,Escherichia coli SECEC SMS-3-5 (5068389 bp),negative_77_34,3527347,3545106,17760,backbone
NC_010498.1,Escherichia coli SECEC SMS-3-5 (5068389 bp),negative_77_35,3557193,3565516,8324,backbone
NC_010498.1,Escherichia coli SECEC SMS-3-5 (5068389 bp),negative_77_36,3615420,3630299,14880,backbone
NC_010498.1,Escherichia coli SECEC SMS-3-5 (5068389 bp),negative_77_37,3662976,3680592,17617,backbone
NC_010498.1,Escherichia coli SECEC SMS-3-5 (5068389 bp),negative_77_38,3723843,3737854,14012,backbone
NC_010498.1,Escherichia coli SECEC SMS-3-5 (5068389 bp),negative_77_39,3774519,3783014,8496,backbone
NC_010498.1,Escherichia coli SECEC SMS-3-5 (5068389 bp),negative_77_40,3796178,3808306,12129,backbone
NC_010498.1,Escherichia coli SECEC SMS-3-5 (5068389 bp),negative_77_41,4031703,4043126,11424,backbone
NC_010498.1,Escherichia coli SECEC SMS-3-5 (5068389 bp),negative_77_42,4195216,4216411,21196,backbone
NC_010498.1,Escherichia coli SECEC SMS-3-5 (5068389 bp),negative_77_43,4254133,4262519,8387,backbone
NC_010498.1,Escherichia coli SECEC SMS-3-5 (5068389 bp),negative_77_44,4344681,4354682,10002,backbone
NC_010498.1,Escherichia coli SECEC SMS-3-5 (5068389 bp),negative_77_45,4458040,4466133,8094,backbone
NC_010498.1,Escherichia coli SECEC SMS-3-5 (5068389 bp),negative_77_46,4522696,4535030,12335,backbone
NC_010498.1,Escherichia coli SECEC SMS-3-5 (5068389 bp),negative_77_47,4560627,4570519,9893,backbone
NC_010498.1,Escherichia coli SECEC SMS-3-5 (5068389 bp),negative_77_48,4736850,4752657,15808,backbone
NC_007335.2,Prochlorococcus marinus str. NATL2A (1842899 bp),negative_78_1,4595,25704,21110,backbone
NC_007335.2,Prochlorococcus marinus str. NATL2A (1842899 bp),negative_78_2,127993,139433,11441,backbone
NC_007335.2,Prochlorococcus marinus str. NATL2A (1842899 bp),negative_78_3,181058,191127,10070,backbone
NC_007335.2,Prochlorococcus marinus str. NATL2A (1842899 bp),negative_78_4,235652,255452,19801,backbone
NC_007335.2,Prochlorococcus marinus str. NATL2A (1842899 bp),negative_78_5,309476,320301,10826,backbone
NC_007335.2,Prochlorococcus marinus str. NATL2A (1842899 bp),negative_78_6,320759,333681,12923,backbone
NC_007335.2,Prochlorococcus marinus str. NATL2A (1842899 bp),negative_78_7,362620,376785,14166,backbone
NC_007335.2,Prochlorococcus marinus str. NATL2A (1842899 bp),negative_78_8,439375,450699,11325,backbone
NC_007335.2,Prochlorococcus marinus str. NATL2A (1842899 bp),negative_78_9,450703,461610,10908,backbone
NC_007335.2,Prochlorococcus marinus str. NATL2A (1842899 bp),negative_78_10,540303,551109,10807,backbone
NC_007335.2,Prochlorococcus marinus str. NATL2A (1842899 bp),negative_78_11,1180434,1200136,19703,backbone
NC_007335.2,Prochlorococcus marinus str. NATL2A (1842899 bp),negative_78_12,1338729,1349681,10953,backbone
NC_007335.2,Prochlorococcus marinus str. NATL2A (1842899 bp),negative_78_13,1379315,1388455,9141,backbone
NC_007335.2,Prochlorococcus marinus str. NATL2A (1842899 bp),negative_78_14,1480030,1491436,11407,backbone
NC_007335.2,Prochlorococcus marinus str. NATL2A (1842899 bp),negative_78_15,1503388,1513537,10150,backbone
NC_007335.2,Prochlorococcus marinus str. NATL2A (1842899 bp),negative_78_16,1560160,1581729,21570,backbone
NC_007335.2,Prochlorococcus marinus str. NATL2A (1842899 bp),negative_78_17,1603609,1618152,14544,backbone
NC_007335.2,Prochlorococcus marinus str. NATL2A (1842899 bp),negative_78_18,1661045,1680441,19397,backbone
NC_007335.2,Prochlorococcus marinus str. NATL2A (1842899 bp),negative_78_19,1686920,1696697,9778,backbone
NC_007335.2,Prochlorococcus marinus str. NATL2A (1842899 bp),negative_78_20,1753426,1763119,9694,backbone
NC_007335.2,Prochlorococcus marinus str. NATL2A (1842899 bp),negative_78_21,1767268,1776107,8840,backbone
NC_007335.2,Prochlorococcus marinus str. NATL2A (1842899 bp),negative_78_22,1778260,1786749,8490,backbone
NC_004741.1,Shigella flexneri 2a str. 2457T (4599354 bp),negative_79_1,63266,75415,12150,backbone
NC_004741.1,Shigella flexneri 2a str. 2457T (4599354 bp),negative_79_2,76171,86401,10231,backbone
NC_004741.1,Shigella flexneri 2a str. 2457T (4599354 bp),negative_79_3,87218,109246,22029,backbone
NC_004741.1,Shigella flexneri 2a str. 2457T (4599354 bp),negative_79_4,109781,117887,8107,backbone
NC_004741.1,Shigella flexneri 2a str. 2457T (4599354 bp),negative_79_5,117928,127138,9211,backbone
NC_004741.1,Shigella flexneri 2a str. 2457T (4599354 bp),negative_79_6,175829,200024,24196,backbone
NC_004741.1,Shigella flexneri 2a str. 2457T (4599354 bp),negative_79_7,386986,399702,12717,backbone
NC_004741.1,Shigella flexneri 2a str. 2457T (4599354 bp),negative_79_8,415263,426209,10947,backbone
NC_004741.1,Shigella flexneri 2a str. 2457T (4599354 bp),negative_79_9,572704,581902,9199,backbone
NC_004741.1,Shigella flexneri 2a str. 2457T (4599354 bp),negative_79_10,588352,599755,11404,backbone
NC_004741.1,Shigella flexneri 2a str. 2457T (4599354 bp),negative_79_11,643899,652809,8911,backbone
NC_004741.1,Shigella flexneri 2a str. 2457T (4599354 bp),negative_79_12,782564,791189,8626,backbone
NC_004741.1,Shigella flexneri 2a str. 2457T (4599354 bp),negative_79_13,872346,885834,13489,backbone
NC_004741.1,Shigella flexneri 2a str. 2457T (4599354 bp),negative_79_14,948784,968583,19800,backbone
NC_004741.1,Shigella flexneri 2a str. 2457T (4599354 bp),negative_79_15,1137286,1150622,13337,backbone
NC_004741.1,Shigella flexneri 2a str. 2457T (4599354 bp),negative_79_16,1320962,1331815,10854,backbone
NC_004741.1,Shigella flexneri 2a str. 2457T (4599354 bp),negative_79_17,1722206,1731340,9135,backbone
NC_004741.1,Shigella flexneri 2a str. 2457T (4599354 bp),negative_79_18,1863716,1872550,8835,backbone
NC_004741.1,Shigella flexneri 2a str. 2457T (4599354 bp),negative_79_19,2143535,2154468,10934,backbone
NC_004741.1,Shigella flexneri 2a str. 2457T (4599354 bp),negative_79_20,2276277,2285483,9207,backbone
NC_004741.1,Shigella flexneri 2a str. 2457T (4599354 bp),negative_79_21,2377568,2404816,27249,backbone
NC_004741.1,Shigella flexneri 2a str. 2457T (4599354 bp),negative_79_22,2416273,2424716,8444,backbone
NC_004741.1,Shigella flexneri 2a str. 2457T (4599354 bp),negative_79_23,2633025,2642727,9703,backbone
NC_004741.1,Shigella flexneri 2a str. 2457T (4599354 bp),negative_79_24,2906677,2915191,8515,backbone
NC_004741.1,Shigella flexneri 2a str. 2457T (4599354 bp),negative_79_25,2960332,2969663,9332,backbone
NC_004741.1,Shigella flexneri 2a str. 2457T (4599354 bp),negative_79_26,2972171,2982940,10770,backbone
NC_004741.1,Shigella flexneri 2a str. 2457T (4599354 bp),negative_79_27,3014413,3024564,10152,backbone
NC_004741.1,Shigella flexneri 2a str. 2457T (4599354 bp),negative_79_28,3284124,3301649,17526,backbone
NC_004741.1,Shigella flexneri 2a str. 2457T (4599354 bp),negative_79_29,3313882,3324620,10739,backbone
NC_004741.1,Shigella flexneri 2a str. 2457T (4599354 bp),negative_79_30,3563889,3578362,14474,backbone
NC_004741.1,Shigella flexneri 2a str. 2457T (4599354 bp),negative_79_31,3630873,3638966,8094,backbone
NC_004741.1,Shigella flexneri 2a str. 2457T (4599354 bp),negative_79_32,3700595,3714822,14228,backbone
NC_004741.1,Shigella flexneri 2a str. 2457T (4599354 bp),negative_79_33,3735851,3744809,8959,backbone
NC_004741.1,Shigella flexneri 2a str. 2457T (4599354 bp),negative_79_34,3792498,3801972,9475,backbone
NC_004741.1,Shigella flexneri 2a str. 2457T (4599354 bp),negative_79_35,3834594,3850542,15949,backbone
NC_004741.1,Shigella flexneri 2a str. 2457T (4599354 bp),negative_79_36,4272694,4286437,13744,backbone
NC_004741.1,Shigella flexneri 2a str. 2457T (4599354 bp),negative_79_37,4334965,4348673,13709,backbone
NC_004741.1,Shigella flexneri 2a str. 2457T (4599354 bp),negative_79_38,4488928,4501263,12336,backbone
NC_009485.1,Bradyrhizobium sp. BTAi1 (8264687 bp),negative_80_1,55288,65899,10612,backbone
NC_009485.1,Bradyrhizobium sp. BTAi1 (8264687 bp),negative_80_2,80573,99270,18698,backbone
NC_009485.1,Bradyrhizobium sp. BTAi1 (8264687 bp),negative_80_3,100789,110717,9929,backbone
NC_009485.1,Bradyrhizobium sp. BTAi1 (8264687 bp),negative_80_4,164280,173961,9682,backbone
NC_009485.1,Bradyrhizobium sp. BTAi1 (8264687 bp),negative_80_5,195725,205699,9975,backbone
NC_009485.1,Bradyrhizobium sp. BTAi1 (8264687 bp),negative_80_6,361330,372589,11260,backbone
NC_009485.1,Bradyrhizobium sp. BTAi1 (8264687 bp),negative_80_7,378732,414459,35728,backbone
NC_009485.1,Bradyrhizobium sp. BTAi1 (8264687 bp),negative_80_8,658471,669297,10827,backbone
NC_009485.1,Bradyrhizobium sp. BTAi1 (8264687 bp),negative_80_9,1752770,1762928,10159,backbone
NC_009485.1,Bradyrhizobium sp. BTAi1 (8264687 bp),negative_80_10,2348790,2358017,9228,backbone
NC_009485.1,Bradyrhizobium sp. BTAi1 (8264687 bp),negative_80_11,4096131,4107707,11577,backbone
NC_009485.1,Bradyrhizobium sp. BTAi1 (8264687 bp),negative_80_12,4120448,4130603,10156,backbone
NC_009485.1,Bradyrhizobium sp. BTAi1 (8264687 bp),negative_80_13,4352337,4363953,11617,backbone
NC_009485.1,Bradyrhizobium sp. BTAi1 (8264687 bp),negative_80_14,4764013,4782855,18843,backbone
NC_009485.1,Bradyrhizobium sp. BTAi1 (8264687 bp),negative_80_15,4910145,4919477,9333,backbone
NC_009485.1,Bradyrhizobium sp. BTAi1 (8264687 bp),negative_80_16,5274656,5293832,19177,backbone
NC_009485.1,Bradyrhizobium sp. BTAi1 (8264687 bp),negative_80_17,5295837,5314210,18374,backbone
NC_009485.1,Bradyrhizobium sp. BTAi1 (8264687 bp),negative_80_18,5667491,5677181,9691,backbone
NC_009485.1,Bradyrhizobium sp. BTAi1 (8264687 bp),negative_80_19,5706182,5716835,10654,backbone
NC_009485.1,Bradyrhizobium sp. BTAi1 (8264687 bp),negative_80_20,6396613,6406597,9985,backbone
NC_009485.1,Bradyrhizobium sp. BTAi1 (8264687 bp),negative_80_21,6411071,6423937,12867,backbone
NC_009485.1,Bradyrhizobium sp. BTAi1 (8264687 bp),negative_80_22,6567809,6589616,21808,backbone
NC_009485.1,Bradyrhizobium sp. BTAi1 (8264687 bp),negative_80_23,6841563,6851102,9540,backbone
NC_009485.1,Bradyrhizobium sp. BTAi1 (8264687 bp),negative_80_24,7345121,7355691,10571,backbone
NC_009485.1,Bradyrhizobium sp. BTAi1 (8264687 bp),negative_80_25,7385290,7396521,11232,backbone
NC_009485.1,Bradyrhizobium sp. BTAi1 (8264687 bp),negative_80_26,7412093,7424321,12229,backbone
NC_009485.1,Bradyrhizobium sp. BTAi1 (8264687 bp),negative_80_27,7457399,7468771,11373,backbone
NC_009485.1,Bradyrhizobium sp. BTAi1 (8264687 bp),negative_80_28,7688217,7698196,9980,backbone
NC_009485.1,Bradyrhizobium sp. BTAi1 (8264687 bp),negative_80_29,7738679,7747412,8734,backbone
NC_009485.1,Bradyrhizobium sp. BTAi1 (8264687 bp),negative_80_30,7985576,8001862,16287,backbone
NC_009708.1,Yersinia pseudotuberculosis IP 31758 (4723306 bp),negative_81_1,18634,32040,13407,backbone
NC_009708.1,Yersinia pseudotuberculosis IP 31758 (4723306 bp),negative_81_2,214122,222367,8246,backbone
NC_009708.1,Yersinia pseudotuberculosis IP 31758 (4723306 bp),negative_81_3,1209818,1228585,18768,backbone
NC_009708.1,Yersinia pseudotuberculosis IP 31758 (4723306 bp),negative_81_4,1693075,1708194,15120,backbone
NC_009708.1,Yersinia pseudotuberculosis IP 31758 (4723306 bp),negative_81_5,3064346,3075016,10671,backbone
NC_009708.1,Yersinia pseudotuberculosis IP 31758 (4723306 bp),negative_81_6,3246631,3258319,11689,backbone
NC_009708.1,Yersinia pseudotuberculosis IP 31758 (4723306 bp),negative_81_7,3797076,3808134,11059,backbone
NC_009708.1,Yersinia pseudotuberculosis IP 31758 (4723306 bp),negative_81_8,4112825,4122444,9620,backbone
NC_009708.1,Yersinia pseudotuberculosis IP 31758 (4723306 bp),negative_81_9,4345800,4360009,14210,backbone
NC_009708.1,Yersinia pseudotuberculosis IP 31758 (4723306 bp),negative_81_10,4381386,4390188,8803,backbone
NC_009708.1,Yersinia pseudotuberculosis IP 31758 (4723306 bp),negative_81_11,4490875,4499808,8934,backbone
NC_009708.1,Yersinia pseudotuberculosis IP 31758 (4723306 bp),negative_81_12,4684846,4694373,9528,backbone
NC_009052.1,Shewanella baltica OS155 (5127376 bp),negative_82_1,630569,639197,8629,backbone
NC_009052.1,Shewanella baltica OS155 (5127376 bp),negative_82_2,1320690,1330286,9597,backbone
NC_009052.1,Shewanella baltica OS155 (5127376 bp),negative_82_3,2934511,2945227,10717,backbone
NC_009052.1,Shewanella baltica OS155 (5127376 bp),negative_82_4,3453656,3464281,10626,backbone
NC_009052.1,Shewanella baltica OS155 (5127376 bp),negative_82_5,3656850,3665393,8544,backbone
NC_009052.1,Shewanella baltica OS155 (5127376 bp),negative_82_6,3795031,3808731,13701,backbone
NC_009052.1,Shewanella baltica OS155 (5127376 bp),negative_82_7,4864744,4878393,13650,backbone
NC_009567.1,Haemophilus influenzae PittGG (1887192 bp),negative_83_1,1375986,1384538,8553,backbone
NC_006086.1,Streptococcus pyogenes MGAS10394 (1899877 bp),negative_84_1,75463,86595,11133,backbone
NC_006086.1,Streptococcus pyogenes MGAS10394 (1899877 bp),negative_84_2,95270,119959,24690,backbone
NC_006086.1,Streptococcus pyogenes MGAS10394 (1899877 bp),negative_84_3,130912,144885,13974,backbone
NC_006086.1,Streptococcus pyogenes MGAS10394 (1899877 bp),negative_84_4,277884,289058,11175,backbone
NC_006086.1,Streptococcus pyogenes MGAS10394 (1899877 bp),negative_84_5,919013,930685,11673,backbone
NC_006086.1,Streptococcus pyogenes MGAS10394 (1899877 bp),negative_84_6,941160,957948,16789,backbone
NC_006086.1,Streptococcus pyogenes MGAS10394 (1899877 bp),negative_84_7,1804759,1819435,14677,backbone
NC_006086.1,Streptococcus pyogenes MGAS10394 (1899877 bp),negative_84_8,1834268,1846510,12243,backbone
NC_006086.1,Streptococcus pyogenes MGAS10394 (1899877 bp),negative_84_9,1865672,1874274,8603,backbone
NC_010473.1,Escherichia coli str. K-12 substr. DH10B (4686137 bp),negative_85_1,233,9621,9389,backbone
NC_010473.1,Escherichia coli str. K-12 substr. DH10B (4686137 bp),negative_85_2,69990,81657,11668,backbone
NC_010473.1,Escherichia coli str. K-12 substr. DH10B (4686137 bp),negative_85_3,81677,94240,12564,backbone
NC_010473.1,Escherichia coli str. K-12 substr. DH10B (4686137 bp),negative_85_4,147706,156395,8690,backbone
NC_010473.1,Escherichia coli str. K-12 substr. DH10B (4686137 bp),negative_85_5,159470,183686,24217,backbone
NC_010473.1,Escherichia coli str. K-12 substr. DH10B (4686137 bp),negative_85_6,376606,385316,8711,backbone
NC_010473.1,Escherichia coli str. K-12 substr. DH10B (4686137 bp),negative_85_7,390639,401699,11061,backbone
NC_010473.1,Escherichia coli str. K-12 substr. DH10B (4686137 bp),negative_85_8,745928,757784,11857,backbone
NC_010473.1,Escherichia coli str. K-12 substr. DH10B (4686137 bp),negative_85_9,805058,816796,11739,backbone
NC_010473.1,Escherichia coli str. K-12 substr. DH10B (4686137 bp),negative_85_10,823244,832460,9217,backbone
NC_010473.1,Escherichia coli str. K-12 substr. DH10B (4686137 bp),negative_85_11,868890,880693,11804,backbone
NC_010473.1,Escherichia coli str. K-12 substr. DH10B (4686137 bp),negative_85_12,979378,992766,13389,backbone
NC_010473.1,Escherichia coli str. K-12 substr. DH10B (4686137 bp),negative_85_13,1014179,1040153,25975,backbone
NC_010473.1,Escherichia coli str. K-12 substr. DH10B (4686137 bp),negative_85_14,1057906,1068009,10104,backbone
NC_010473.1,Escherichia coli str. K-12 substr. DH10B (4686137 bp),negative_85_15,1314685,1323603,8919,backbone
NC_010473.1,Escherichia coli str. K-12 substr. DH10B (4686137 bp),negative_85_16,1414233,1425084,10852,backbone
NC_010473.1,Escherichia coli str. K-12 substr. DH10B (4686137 bp),negative_85_17,1794445,1808024,13580,backbone
NC_010473.1,Escherichia coli str. K-12 substr. DH10B (4686137 bp),negative_85_18,1913775,1921821,8047,backbone
NC_010473.1,Escherichia coli str. K-12 substr. DH10B (4686137 bp),negative_85_19,2019240,2028076,8837,backbone
NC_010473.1,Escherichia coli str. K-12 substr. DH10B (4686137 bp),negative_85_20,2213594,2222288,8695,backbone
NC_010473.1,Escherichia coli str. K-12 substr. DH10B (4686137 bp),negative_85_21,2361602,2371838,10237,backbone
NC_010473.1,Escherichia coli str. K-12 substr. DH10B (4686137 bp),negative_85_22,2462674,2471522,8849,backbone
NC_010473.1,Escherichia coli str. K-12 substr. DH10B (4686137 bp),negative_85_23,2479835,2506901,27067,backbone
NC_010473.1,Escherichia coli str. K-12 substr. DH10B (4686137 bp),negative_85_24,2518478,2528458,9981,backbone
NC_010473.1,Escherichia coli str. K-12 substr. DH10B (4686137 bp),negative_85_25,2530214,2538945,8732,backbone
NC_010473.1,Escherichia coli str. K-12 substr. DH10B (4686137 bp),negative_85_26,2743943,2752069,8127,backbone
NC_010473.1,Escherichia coli str. K-12 substr. DH10B (4686137 bp),negative_85_27,2779598,2788397,8800,backbone
NC_010473.1,Escherichia coli str. K-12 substr. DH10B (4686137 bp),negative_85_28,2833912,2843553,9642,backbone
NC_010473.1,Escherichia coli str. K-12 substr. DH10B (4686137 bp),negative_85_29,3126220,3135552,9333,backbone
NC_010473.1,Escherichia coli str. K-12 substr. DH10B (4686137 bp),negative_85_30,3138060,3150098,12039,backbone
NC_010473.1,Escherichia coli str. K-12 substr. DH10B (4686137 bp),negative_85_31,3177026,3186491,9466,backbone
NC_010473.1,Escherichia coli str. K-12 substr. DH10B (4686137 bp),negative_85_32,3396526,3414117,17592,backbone
NC_010473.1,Escherichia coli str. K-12 substr. DH10B (4686137 bp),negative_85_33,3426348,3434670,8323,backbone
NC_010473.1,Escherichia coli str. K-12 substr. DH10B (4686137 bp),negative_85_34,3488180,3499421,11242,backbone
NC_010473.1,Escherichia coli str. K-12 substr. DH10B (4686137 bp),negative_85_35,3531508,3549124,17617,backbone
NC_010473.1,Escherichia coli str. K-12 substr. DH10B (4686137 bp),negative_85_36,3612821,3626424,13604,backbone
NC_010473.1,Escherichia coli str. K-12 substr. DH10B (4686137 bp),negative_85_37,3659902,3668396,8495,backbone
NC_010473.1,Escherichia coli str. K-12 substr. DH10B (4686137 bp),negative_85_38,3889230,3899769,10540,backbone
NC_010473.1,Escherichia coli str. K-12 substr. DH10B (4686137 bp),negative_85_39,4002543,4010923,8381,backbone
NC_010473.1,Escherichia coli str. K-12 substr. DH10B (4686137 bp),negative_85_40,4011032,4032219,21188,backbone
NC_010473.1,Escherichia coli str. K-12 substr. DH10B (4686137 bp),negative_85_41,4146841,4156993,10153,backbone
NC_010473.1,Escherichia coli str. K-12 substr. DH10B (4686137 bp),negative_85_42,4216895,4224988,8094,backbone
NC_010473.1,Escherichia coli str. K-12 substr. DH10B (4686137 bp),negative_85_43,4274843,4287345,12503,backbone
NC_010473.1,Escherichia coli str. K-12 substr. DH10B (4686137 bp),negative_85_44,4654072,4666088,12017,backbone
NC_003047.1,Sinorhizobium meliloti 1021 (3654135 bp),negative_86_1,40559,55916,15358,backbone
NC_003047.1,Sinorhizobium meliloti 1021 (3654135 bp),negative_86_2,67977,77356,9380,backbone
NC_003047.1,Sinorhizobium meliloti 1021 (3654135 bp),negative_86_3,160134,173363,13230,backbone
NC_003047.1,Sinorhizobium meliloti 1021 (3654135 bp),negative_86_4,176331,188307,11977,backbone
NC_003047.1,Sinorhizobium meliloti 1021 (3654135 bp),negative_86_5,258463,275070,16608,backbone
NC_003047.1,Sinorhizobium meliloti 1021 (3654135 bp),negative_86_6,276548,285924,9377,backbone
NC_003047.1,Sinorhizobium meliloti 1021 (3654135 bp),negative_86_7,315165,330111,14947,backbone
NC_003047.1,Sinorhizobium meliloti 1021 (3654135 bp),negative_86_8,420943,429666,8724,backbone
NC_003047.1,Sinorhizobium meliloti 1021 (3654135 bp),negative_86_9,434171,448527,14357,backbone
NC_003047.1,Sinorhizobium meliloti 1021 (3654135 bp),negative_86_10,565646,577631,11986,backbone
NC_003047.1,Sinorhizobium meliloti 1021 (3654135 bp),negative_86_11,704346,720929,16584,backbone
NC_003047.1,Sinorhizobium meliloti 1021 (3654135 bp),negative_86_12,745581,753921,8341,backbone
NC_003047.1,Sinorhizobium meliloti 1021 (3654135 bp),negative_86_13,756341,765744,9404,backbone
NC_003047.1,Sinorhizobium meliloti 1021 (3654135 bp),negative_86_14,852352,862077,9726,backbone
NC_003047.1,Sinorhizobium meliloti 1021 (3654135 bp),negative_86_15,862435,871209,8775,backbone
NC_003047.1,Sinorhizobium meliloti 1021 (3654135 bp),negative_86_16,878990,890929,11940,backbone
NC_003047.1,Sinorhizobium meliloti 1021 (3654135 bp),negative_86_17,919620,929644,10025,backbone
NC_003047.1,Sinorhizobium meliloti 1021 (3654135 bp),negative_86_18,1104979,1115911,10933,backbone
NC_003047.1,Sinorhizobium meliloti 1021 (3654135 bp),negative_86_19,1285838,1296798,10961,backbone
NC_003047.1,Sinorhizobium meliloti 1021 (3654135 bp),negative_86_20,1310394,1320522,10129,backbone
NC_003047.1,Sinorhizobium meliloti 1021 (3654135 bp),negative_86_21,1382087,1397709,15623,backbone
NC_003047.1,Sinorhizobium meliloti 1021 (3654135 bp),negative_86_22,1398617,1408973,10357,backbone
NC_003047.1,Sinorhizobium meliloti 1021 (3654135 bp),negative_86_23,1409294,1425653,16360,backbone
NC_003047.1,Sinorhizobium meliloti 1021 (3654135 bp),negative_86_24,1459358,1495163,35806,backbone
NC_003047.1,Sinorhizobium meliloti 1021 (3654135 bp),negative_86_25,1555344,1564831,9488,backbone
NC_003047.1,Sinorhizobium meliloti 1021 (3654135 bp),negative_86_26,1589229,1602068,12840,backbone
NC_003047.1,Sinorhizobium meliloti 1021 (3654135 bp),negative_86_27,1607605,1621078,13474,backbone
NC_003047.1,Sinorhizobium meliloti 1021 (3654135 bp),negative_86_28,1955040,1969740,14701,backbone
NC_003047.1,Sinorhizobium meliloti 1021 (3654135 bp),negative_86_29,2078894,2090253,11360,backbone
NC_003047.1,Sinorhizobium meliloti 1021 (3654135 bp),negative_86_30,2330125,2339584,9460,backbone
NC_003047.1,Sinorhizobium meliloti 1021 (3654135 bp),negative_86_31,2342322,2357182,14861,backbone
NC_003047.1,Sinorhizobium meliloti 1021 (3654135 bp),negative_86_32,2360384,2378759,18376,backbone
NC_003047.1,Sinorhizobium meliloti 1021 (3654135 bp),negative_86_33,2385323,2397718,12396,backbone
NC_003047.1,Sinorhizobium meliloti 1021 (3654135 bp),negative_86_34,2642804,2658242,15439,backbone
NC_003047.1,Sinorhizobium meliloti 1021 (3654135 bp),negative_86_35,2844505,2861899,17395,backbone
NC_003047.1,Sinorhizobium meliloti 1021 (3654135 bp),negative_86_36,2868969,2885650,16682,backbone
NC_003047.1,Sinorhizobium meliloti 1021 (3654135 bp),negative_86_37,2920230,2930791,10562,backbone
NC_003047.1,Sinorhizobium meliloti 1021 (3654135 bp),negative_86_38,2935361,2951503,16143,backbone
NC_003047.1,Sinorhizobium meliloti 1021 (3654135 bp),negative_86_39,3025152,3034283,9132,backbone
NC_003047.1,Sinorhizobium meliloti 1021 (3654135 bp),negative_86_40,3065211,3077083,11873,backbone
NC_003047.1,Sinorhizobium meliloti 1021 (3654135 bp),negative_86_41,3113634,3122033,8400,backbone
NC_003047.1,Sinorhizobium meliloti 1021 (3654135 bp),negative_86_42,3126259,3136028,9770,backbone
NC_003047.1,Sinorhizobium meliloti 1021 (3654135 bp),negative_86_43,3261898,3270126,8229,backbone
NC_003047.1,Sinorhizobium meliloti 1021 (3654135 bp),negative_86_44,3445403,3455736,10334,backbone
NC_003047.1,Sinorhizobium meliloti 1021 (3654135 bp),negative_86_45,3465486,3475226,9741,backbone
NC_003047.1,Sinorhizobium meliloti 1021 (3654135 bp),negative_86_46,3492476,3507442,14967,backbone
NC_003047.1,Sinorhizobium meliloti 1021 (3654135 bp),negative_86_47,3510910,3522196,11287,backbone
NC_003047.1,Sinorhizobium meliloti 1021 (3654135 bp),negative_86_48,3535413,3545646,10234,backbone
NC_003047.1,Sinorhizobium meliloti 1021 (3654135 bp),negative_86_49,3571483,3581397,9915,backbone
NC_003047.1,Sinorhizobium meliloti 1021 (3654135 bp),negative_86_50,3595235,3605392,10158,backbone
NC_003047.1,Sinorhizobium meliloti 1021 (3654135 bp),negative_86_51,3617024,3631318,14295,backbone
NC_003047.1,Sinorhizobium meliloti 1021 (3654135 bp),negative_86_52,3637826,3648481,10656,backbone
NC_002695.1,Escherichia coli O157:H7 str. Sakai (5498450 bp),negative_87_1,100491,112158,11668,backbone
NC_002695.1,Escherichia coli O157:H7 str. Sakai (5498450 bp),negative_87_2,112191,124625,12435,backbone
NC_002695.1,Escherichia coli O157:H7 str. Sakai (5498450 bp),negative_87_3,124645,133768,9124,backbone
NC_002695.1,Escherichia coli O157:H7 str. Sakai (5498450 bp),negative_87_4,177675,186490,8816,backbone
NC_002695.1,Escherichia coli O157:H7 str. Sakai (5498450 bp),negative_87_5,188853,212924,24072,backbone
NC_002695.1,Escherichia coli O157:H7 str. Sakai (5498450 bp),negative_87_6,518139,529196,11058,backbone
NC_002695.1,Escherichia coli O157:H7 str. Sakai (5498450 bp),negative_87_7,774274,790174,15901,backbone
NC_002695.1,Escherichia coli O157:H7 str. Sakai (5498450 bp),negative_87_8,829888,841445,11558,backbone
NC_002695.1,Escherichia coli O157:H7 str. Sakai (5498450 bp),negative_87_9,855935,865069,9135,backbone
NC_002695.1,Escherichia coli O157:H7 str. Sakai (5498450 bp),negative_87_10,943600,953073,9474,backbone
NC_002695.1,Escherichia coli O157:H7 str. Sakai (5498450 bp),negative_87_11,1057304,1071895,14592,backbone
NC_002695.1,Escherichia coli O157:H7 str. Sakai (5498450 bp),negative_87_12,1090671,1116470,25800,backbone
NC_002695.1,Escherichia coli O157:H7 str. Sakai (5498450 bp),negative_87_13,1134138,1144329,10192,backbone
NC_002695.1,Escherichia coli O157:H7 str. Sakai (5498450 bp),negative_87_14,1720567,1729362,8796,backbone
NC_002695.1,Escherichia coli O157:H7 str. Sakai (5498450 bp),negative_87_15,1827459,1838371,10913,backbone
NC_002695.1,Escherichia coli O157:H7 str. Sakai (5498450 bp),negative_87_16,2305481,2319156,13676,backbone
NC_002695.1,Escherichia coli O157:H7 str. Sakai (5498450 bp),negative_87_17,2532476,2541312,8837,backbone
NC_002695.1,Escherichia coli O157:H7 str. Sakai (5498450 bp),negative_87_18,3008551,3017778,9228,backbone
NC_002695.1,Escherichia coli O157:H7 str. Sakai (5498450 bp),negative_87_19,3104177,3113020,8844,backbone
NC_002695.1,Escherichia coli O157:H7 str. Sakai (5498450 bp),negative_87_20,3116103,3143327,27225,backbone
NC_002695.1,Escherichia coli O157:H7 str. Sakai (5498450 bp),negative_87_21,3154884,3165457,10574,backbone
NC_002695.1,Escherichia coli O157:H7 str. Sakai (5498450 bp),negative_87_22,3166791,3175587,8797,backbone
NC_002695.1,Escherichia coli O157:H7 str. Sakai (5498450 bp),negative_87_23,3352006,3361420,9415,backbone
NC_002695.1,Escherichia coli O157:H7 str. Sakai (5498450 bp),negative_87_24,3374810,3382929,8120,backbone
NC_002695.1,Escherichia coli O157:H7 str. Sakai (5498450 bp),negative_87_25,3410177,3418993,8817,backbone
NC_002695.1,Escherichia coli O157:H7 str. Sakai (5498450 bp),negative_87_26,3772477,3781690,9214,backbone
NC_002695.1,Escherichia coli O157:H7 str. Sakai (5498450 bp),negative_87_27,3783297,3793925,10629,backbone
NC_002695.1,Escherichia coli O157:H7 str. Sakai (5498450 bp),negative_87_28,3825421,3834899,9479,backbone
NC_002695.1,Escherichia coli O157:H7 str. Sakai (5498450 bp),negative_87_29,3920136,3929134,8999,backbone
NC_002695.1,Escherichia coli O157:H7 str. Sakai (5498450 bp),negative_87_30,4043090,4060848,17759,backbone
NC_002695.1,Escherichia coli O157:H7 str. Sakai (5498450 bp),negative_87_31,4123732,4138614,14883,backbone
NC_002695.1,Escherichia coli O157:H7 str. Sakai (5498450 bp),negative_87_32,4170753,4188369,17617,backbone
NC_002695.1,Escherichia coli O157:H7 str. Sakai (5498450 bp),negative_87_33,4229250,4242851,13602,backbone
NC_002695.1,Escherichia coli O157:H7 str. Sakai (5498450 bp),negative_87_34,4279892,4288428,8537,backbone
NC_002695.1,Escherichia coli O157:H7 str. Sakai (5498450 bp),negative_87_35,4708946,4729671,20726,backbone
NC_002695.1,Escherichia coli O157:H7 str. Sakai (5498450 bp),negative_87_36,4780287,4789887,9601,backbone
NC_002695.1,Escherichia coli O157:H7 str. Sakai (5498450 bp),negative_87_37,4811672,4820420,8749,backbone
NC_002695.1,Escherichia coli O157:H7 str. Sakai (5498450 bp),negative_87_38,4844163,4855849,11687,backbone
NC_002695.1,Escherichia coli O157:H7 str. Sakai (5498450 bp),negative_87_39,4920667,4928760,8094,backbone
NC_002695.1,Escherichia coli O157:H7 str. Sakai (5498450 bp),negative_87_40,4984122,4998477,14356,backbone
NC_002695.1,Escherichia coli O157:H7 str. Sakai (5498450 bp),negative_87_41,5246403,5261600,15198,backbone
NC_002695.1,Escherichia coli O157:H7 str. Sakai (5498450 bp),negative_87_42,5464119,5472295,8177,backbone
NC_010515.1,Burkholderia cenocepacia MC0-3 chromosome 2 (3213911 bp),negative_88_1,109586,120769,11184,backbone
NC_010515.1,Burkholderia cenocepacia MC0-3 chromosome 2 (3213911 bp),negative_88_2,131871,146876,15006,backbone
NC_010515.1,Burkholderia cenocepacia MC0-3 chromosome 2 (3213911 bp),negative_88_3,196908,206408,9501,backbone
NC_010515.1,Burkholderia cenocepacia MC0-3 chromosome 2 (3213911 bp),negative_88_4,246114,255242,9129,backbone
NC_010515.1,Burkholderia cenocepacia MC0-3 chromosome 2 (3213911 bp),negative_88_5,266080,275288,9209,backbone
NC_010515.1,Burkholderia cenocepacia MC0-3 chromosome 2 (3213911 bp),negative_88_6,413850,427397,13548,backbone
NC_010515.1,Burkholderia cenocepacia MC0-3 chromosome 2 (3213911 bp),negative_88_7,444860,458734,13875,backbone
NC_010515.1,Burkholderia cenocepacia MC0-3 chromosome 2 (3213911 bp),negative_88_8,473474,490327,16854,backbone
NC_010515.1,Burkholderia cenocepacia MC0-3 chromosome 2 (3213911 bp),negative_88_9,540484,562075,21592,backbone
NC_010515.1,Burkholderia cenocepacia MC0-3 chromosome 2 (3213911 bp),negative_88_10,562260,579560,17301,backbone
NC_010515.1,Burkholderia cenocepacia MC0-3 chromosome 2 (3213911 bp),negative_88_11,583643,593518,9876,backbone
NC_010515.1,Burkholderia cenocepacia MC0-3 chromosome 2 (3213911 bp),negative_88_12,595825,614473,18649,backbone
NC_010515.1,Burkholderia cenocepacia MC0-3 chromosome 2 (3213911 bp),negative_88_13,644157,656875,12719,backbone
NC_010515.1,Burkholderia cenocepacia MC0-3 chromosome 2 (3213911 bp),negative_88_14,775278,784386,9109,backbone
NC_010515.1,Burkholderia cenocepacia MC0-3 chromosome 2 (3213911 bp),negative_88_15,1445432,1461725,16294,backbone
NC_010515.1,Burkholderia cenocepacia MC0-3 chromosome 2 (3213911 bp),negative_88_16,1532776,1544604,11829,backbone
NC_010515.1,Burkholderia cenocepacia MC0-3 chromosome 2 (3213911 bp),negative_88_17,1732124,1755649,23526,backbone
NC_010515.1,Burkholderia cenocepacia MC0-3 chromosome 2 (3213911 bp),negative_88_18,1758807,1780311,21505,backbone
NC_010515.1,Burkholderia cenocepacia MC0-3 chromosome 2 (3213911 bp),negative_88_19,1945691,1953704,8014,backbone
NC_010515.1,Burkholderia cenocepacia MC0-3 chromosome 2 (3213911 bp),negative_88_20,1957342,1969235,11894,backbone
NC_010515.1,Burkholderia cenocepacia MC0-3 chromosome 2 (3213911 bp),negative_88_21,1989797,2017932,28136,backbone
NC_010515.1,Burkholderia cenocepacia MC0-3 chromosome 2 (3213911 bp),negative_88_22,2030758,2042407,11650,backbone
NC_010515.1,Burkholderia cenocepacia MC0-3 chromosome 2 (3213911 bp),negative_88_23,2108182,2118716,10535,backbone
NC_010515.1,Burkholderia cenocepacia MC0-3 chromosome 2 (3213911 bp),negative_88_24,2202562,2210902,8341,backbone
NC_010515.1,Burkholderia cenocepacia MC0-3 chromosome 2 (3213911 bp),negative_88_25,2293609,2306637,13029,backbone
NC_010515.1,Burkholderia cenocepacia MC0-3 chromosome 2 (3213911 bp),negative_88_26,2338785,2349033,10249,backbone
NC_010515.1,Burkholderia cenocepacia MC0-3 chromosome 2 (3213911 bp),negative_88_27,2433470,2444974,11505,backbone
NC_010515.1,Burkholderia cenocepacia MC0-3 chromosome 2 (3213911 bp),negative_88_28,2755632,2764140,8509,backbone
NC_010515.1,Burkholderia cenocepacia MC0-3 chromosome 2 (3213911 bp),negative_88_29,2910220,2924118,13899,backbone
NC_010515.1,Burkholderia cenocepacia MC0-3 chromosome 2 (3213911 bp),negative_88_30,2944694,2954022,9329,backbone
NC_010515.1,Burkholderia cenocepacia MC0-3 chromosome 2 (3213911 bp),negative_88_31,2965917,2978609,12693,backbone
NC_010515.1,Burkholderia cenocepacia MC0-3 chromosome 2 (3213911 bp),negative_88_32,3195522,3208426,12905,backbone
NC_007958.1,Rhodopseudomonas palustris BisB5 (4892717 bp),negative_89_1,621731,634537,12807,backbone
NC_009632.1,Staphylococcus aureus subsp. aureus JH1 (2906507 bp),negative_90_1,15688,24442,8755,backbone
NC_009632.1,Staphylococcus aureus subsp. aureus JH1 (2906507 bp),negative_90_2,548674,563078,14405,backbone
NC_009632.1,Staphylococcus aureus subsp. aureus JH1 (2906507 bp),negative_90_3,600455,633693,33239,backbone
NC_009632.1,Staphylococcus aureus subsp. aureus JH1 (2906507 bp),negative_90_4,855068,868243,13176,backbone
NC_009632.1,Staphylococcus aureus subsp. aureus JH1 (2906507 bp),negative_90_5,1165166,1175304,10139,backbone
NC_009632.1,Staphylococcus aureus subsp. aureus JH1 (2906507 bp),negative_90_6,1194762,1206299,11538,backbone
NC_009632.1,Staphylococcus aureus subsp. aureus JH1 (2906507 bp),negative_90_7,1244794,1254967,10174,backbone
NC_009632.1,Staphylococcus aureus subsp. aureus JH1 (2906507 bp),negative_90_8,1367723,1387432,19710,backbone
NC_009632.1,Staphylococcus aureus subsp. aureus JH1 (2906507 bp),negative_90_9,1622756,1633773,11018,backbone
NC_009632.1,Staphylococcus aureus subsp. aureus JH1 (2906507 bp),negative_90_10,1710320,1719248,8929,backbone
NC_009632.1,Staphylococcus aureus subsp. aureus JH1 (2906507 bp),negative_90_11,1735788,1745917,10130,backbone
NC_009632.1,Staphylococcus aureus subsp. aureus JH1 (2906507 bp),negative_90_12,1792997,1807024,14028,backbone
NC_009632.1,Staphylococcus aureus subsp. aureus JH1 (2906507 bp),negative_90_13,1831127,1841072,9946,backbone
NC_009632.1,Staphylococcus aureus subsp. aureus JH1 (2906507 bp),negative_90_14,1858398,1868307,9910,backbone
NC_009632.1,Staphylococcus aureus subsp. aureus JH1 (2906507 bp),negative_90_15,2049714,2058226,8513,backbone
NC_009632.1,Staphylococcus aureus subsp. aureus JH1 (2906507 bp),negative_90_16,2090710,2098790,8081,backbone
NC_009632.1,Staphylococcus aureus subsp. aureus JH1 (2906507 bp),negative_90_17,2200747,2214544,13798,backbone
NC_009632.1,Staphylococcus aureus subsp. aureus JH1 (2906507 bp),negative_90_18,2261448,2273701,12254,backbone
NC_009632.1,Staphylococcus aureus subsp. aureus JH1 (2906507 bp),negative_90_19,2280651,2290000,9350,backbone
NC_009632.1,Staphylococcus aureus subsp. aureus JH1 (2906507 bp),negative_90_20,2394236,2409444,15209,backbone
NC_004088.1,Yersinia pestis KIM (4600755 bp),negative_91_1,94806,104778,9973,backbone
NC_004088.1,Yersinia pestis KIM (4600755 bp),negative_91_2,106529,116715,10187,backbone
NC_004088.1,Yersinia pestis KIM (4600755 bp),negative_91_3,125370,142858,17489,backbone
NC_004088.1,Yersinia pestis KIM (4600755 bp),negative_91_4,204955,224738,19784,backbone
NC_004088.1,Yersinia pestis KIM (4600755 bp),negative_91_5,328332,336542,8211,backbone
NC_004088.1,Yersinia pestis KIM (4600755 bp),negative_91_6,404107,421173,17067,backbone
NC_004088.1,Yersinia pestis KIM (4600755 bp),negative_91_7,480742,494658,13917,backbone
NC_004088.1,Yersinia pestis KIM (4600755 bp),negative_91_8,535929,548455,12527,backbone
NC_004088.1,Yersinia pestis KIM (4600755 bp),negative_91_9,557802,570775,12974,backbone
NC_004088.1,Yersinia pestis KIM (4600755 bp),negative_91_10,693054,701186,8133,backbone
NC_004088.1,Yersinia pestis KIM (4600755 bp),negative_91_11,702357,726387,24031,backbone
NC_004088.1,Yersinia pestis KIM (4600755 bp),negative_91_12,734832,748426,13595,backbone
NC_004088.1,Yersinia pestis KIM (4600755 bp),negative_91_13,751671,766518,14848,backbone
NC_004088.1,Yersinia pestis KIM (4600755 bp),negative_91_14,766830,776492,9663,backbone
NC_004088.1,Yersinia pestis KIM (4600755 bp),negative_91_15,826633,834995,8363,backbone
NC_004088.1,Yersinia pestis KIM (4600755 bp),negative_91_16,866338,875062,8725,backbone
NC_004088.1,Yersinia pestis KIM (4600755 bp),negative_91_17,897584,907366,9783,backbone
NC_004088.1,Yersinia pestis KIM (4600755 bp),negative_91_18,915166,927982,12817,backbone
NC_004088.1,Yersinia pestis KIM (4600755 bp),negative_91_19,928010,937214,9205,backbone
NC_004088.1,Yersinia pestis KIM (4600755 bp),negative_91_20,1032992,1042180,9189,backbone
NC_004088.1,Yersinia pestis KIM (4600755 bp),negative_91_21,1067164,1080021,12858,backbone
NC_004088.1,Yersinia pestis KIM (4600755 bp),negative_91_22,1136012,1150860,14849,backbone
NC_004088.1,Yersinia pestis KIM (4600755 bp),negative_91_23,1151750,1162661,10912,backbone
NC_004088.1,Yersinia pestis KIM (4600755 bp),negative_91_24,1169233,1179402,10170,backbone
NC_004088.1,Yersinia pestis KIM (4600755 bp),negative_91_25,1182368,1194169,11802,backbone
NC_004088.1,Yersinia pestis KIM (4600755 bp),negative_91_26,1314726,1324510,9785,backbone
NC_004088.1,Yersinia pestis KIM (4600755 bp),negative_91_27,1330489,1345186,14698,backbone
NC_004088.1,Yersinia pestis KIM (4600755 bp),negative_91_28,1408524,1426215,17692,backbone
NC_004088.1,Yersinia pestis KIM (4600755 bp),negative_91_29,1475511,1487998,12488,backbone
NC_004088.1,Yersinia pestis KIM (4600755 bp),negative_91_30,1499686,1510489,10804,backbone
NC_004088.1,Yersinia pestis KIM (4600755 bp),negative_91_31,1529547,1540348,10802,backbone
NC_004088.1,Yersinia pestis KIM (4600755 bp),negative_91_32,1742971,1757739,14769,backbone
NC_004088.1,Yersinia pestis KIM (4600755 bp),negative_91_33,1764162,1780020,15859,backbone
NC_004088.1,Yersinia pestis KIM (4600755 bp),negative_91_34,1798140,1816793,18654,backbone
NC_004088.1,Yersinia pestis KIM (4600755 bp),negative_91_35,1931875,1943017,11143,backbone
NC_004088.1,Yersinia pestis KIM (4600755 bp),negative_91_36,2122256,2139973,17718,backbone
NC_004088.1,Yersinia pestis KIM (4600755 bp),negative_91_37,2148133,2157934,9802,backbone
NC_004088.1,Yersinia pestis KIM (4600755 bp),negative_91_38,2306796,2317526,10731,backbone
NC_004088.1,Yersinia pestis KIM (4600755 bp),negative_91_39,2354846,2363549,8704,backbone
NC_004088.1,Yersinia pestis KIM (4600755 bp),negative_91_40,2459842,2482100,22259,backbone
NC_004088.1,Yersinia pestis KIM (4600755 bp),negative_91_41,2482134,2493850,11717,backbone
NC_004088.1,Yersinia pestis KIM (4600755 bp),negative_91_42,2523347,2533457,10111,backbone
NC_004088.1,Yersinia pestis KIM (4600755 bp),negative_91_43,2761905,2774099,12195,backbone
NC_004088.1,Yersinia pestis KIM (4600755 bp),negative_91_44,2883822,2893460,9639,backbone
NC_004088.1,Yersinia pestis KIM (4600755 bp),negative_91_45,3028975,3040129,11155,backbone
NC_004088.1,Yersinia pestis KIM (4600755 bp),negative_91_46,3054679,3065577,10899,backbone
NC_004088.1,Yersinia pestis KIM (4600755 bp),negative_91_47,3095775,3105911,10137,backbone
NC_004088.1,Yersinia pestis KIM (4600755 bp),negative_91_48,3269698,3282174,12477,backbone
NC_004088.1,Yersinia pestis KIM (4600755 bp),negative_91_49,3326781,3335726,8946,backbone
NC_004088.1,Yersinia pestis KIM (4600755 bp),negative_91_50,3361829,3383211,21383,backbone
NC_004088.1,Yersinia pestis KIM (4600755 bp),negative_91_51,3417677,3429292,11616,backbone
NC_004088.1,Yersinia pestis KIM (4600755 bp),negative_91_52,3429387,3456272,26886,backbone
NC_004088.1,Yersinia pestis KIM (4600755 bp),negative_91_53,3621270,3638381,17112,backbone
NC_004088.1,Yersinia pestis KIM (4600755 bp),negative_91_54,3887611,3899756,12146,backbone
NC_004088.1,Yersinia pestis KIM (4600755 bp),negative_91_55,3902582,3923303,20722,backbone
NC_004088.1,Yersinia pestis KIM (4600755 bp),negative_91_56,3996085,4005349,9265,backbone
NC_004088.1,Yersinia pestis KIM (4600755 bp),negative_91_57,4009177,4031996,22820,backbone
NC_004088.1,Yersinia pestis KIM (4600755 bp),negative_91_58,4088209,4096812,8604,backbone
NC_004088.1,Yersinia pestis KIM (4600755 bp),negative_91_59,4109324,4122191,12868,backbone
NC_004088.1,Yersinia pestis KIM (4600755 bp),negative_91_60,4124843,4135472,10630,backbone
NC_004088.1,Yersinia pestis KIM (4600755 bp),negative_91_61,4221214,4232091,10878,backbone
NC_004088.1,Yersinia pestis KIM (4600755 bp),negative_91_62,4335118,4347988,12871,backbone
NC_004088.1,Yersinia pestis KIM (4600755 bp),negative_91_63,4352503,4371302,18800,backbone
NC_004088.1,Yersinia pestis KIM (4600755 bp),negative_91_64,4427203,4439692,12490,backbone
NC_004088.1,Yersinia pestis KIM (4600755 bp),negative_91_65,4447690,4463815,16126,backbone
NC_004088.1,Yersinia pestis KIM (4600755 bp),negative_91_66,4559427,4571107,11681,backbone
NC_004088.1,Yersinia pestis KIM (4600755 bp),negative_91_67,4580256,4597223,16968,backbone
NC_007297.1,Streptococcus pyogenes MGAS5005 (1838554 bp),negative_92_1,16853,29088,12236,backbone
NC_007297.1,Streptococcus pyogenes MGAS5005 (1838554 bp),negative_92_2,34589,45647,11059,backbone
NC_007297.1,Streptococcus pyogenes MGAS5005 (1838554 bp),negative_92_3,54016,79098,25083,backbone
NC_007297.1,Streptococcus pyogenes MGAS5005 (1838554 bp),negative_92_4,88988,103060,14073,backbone
NC_007297.1,Streptococcus pyogenes MGAS5005 (1838554 bp),negative_92_5,244956,255428,10473,backbone
NC_007297.1,Streptococcus pyogenes MGAS5005 (1838554 bp),negative_92_6,483604,492332,8729,backbone
NC_007297.1,Streptococcus pyogenes MGAS5005 (1838554 bp),negative_92_7,762182,772153,9972,backbone
NC_007297.1,Streptococcus pyogenes MGAS5005 (1838554 bp),negative_92_8,914362,928047,13686,backbone
NC_007297.1,Streptococcus pyogenes MGAS5005 (1838554 bp),negative_92_9,936554,953343,16790,backbone
NC_007297.1,Streptococcus pyogenes MGAS5005 (1838554 bp),negative_92_10,1023244,1031783,8540,backbone
NC_007297.1,Streptococcus pyogenes MGAS5005 (1838554 bp),negative_92_11,1513704,1526710,13007,backbone
NC_007297.1,Streptococcus pyogenes MGAS5005 (1838554 bp),negative_92_12,1549265,1557640,8376,backbone
NC_007297.1,Streptococcus pyogenes MGAS5005 (1838554 bp),negative_92_13,1757757,1772430,14674,backbone
NC_007297.1,Streptococcus pyogenes MGAS5005 (1838554 bp),negative_92_14,1773432,1785497,12066,backbone
NC_007297.1,Streptococcus pyogenes MGAS5005 (1838554 bp),negative_92_15,1806588,1814654,8067,backbone
NC_003198.1,Salmonella enterica subsp. enterica serovar Typhi str. CT18 (4809037 bp),negative_93_1,100538,109031,8494,backbone
NC_003198.1,Salmonella enterica subsp. enterica serovar Typhi str. CT18 (4809037 bp),negative_93_2,118654,130430,11777,backbone
NC_003198.1,Salmonella enterica subsp. enterica serovar Typhi str. CT18 (4809037 bp),negative_93_3,130477,140791,10315,backbone
NC_003198.1,Salmonella enterica subsp. enterica serovar Typhi str. CT18 (4809037 bp),negative_93_4,140829,163065,22237,backbone
NC_003198.1,Salmonella enterica subsp. enterica serovar Typhi str. CT18 (4809037 bp),negative_93_5,246480,270885,24406,backbone
NC_003198.1,Salmonella enterica subsp. enterica serovar Typhi str. CT18 (4809037 bp),negative_93_6,490858,503800,12943,backbone
NC_003198.1,Salmonella enterica subsp. enterica serovar Typhi str. CT18 (4809037 bp),negative_93_7,521328,530730,9403,backbone
NC_003198.1,Salmonella enterica subsp. enterica serovar Typhi str. CT18 (4809037 bp),negative_93_8,703168,721349,18182,backbone
NC_003198.1,Salmonella enterica subsp. enterica serovar Typhi str. CT18 (4809037 bp),negative_93_9,770733,782660,11928,backbone
NC_003198.1,Salmonella enterica subsp. enterica serovar Typhi str. CT18 (4809037 bp),negative_93_10,784287,793550,9264,backbone
NC_003198.1,Salmonella enterica subsp. enterica serovar Typhi str. CT18 (4809037 bp),negative_93_11,855091,863854,8764,backbone
NC_003198.1,Salmonella enterica subsp. enterica serovar Typhi str. CT18 (4809037 bp),negative_93_12,900178,908643,8466,backbone
NC_003198.1,Salmonella enterica subsp. enterica serovar Typhi str. CT18 (4809037 bp),negative_93_13,945423,956495,11073,backbone
NC_003198.1,Salmonella enterica subsp. enterica serovar Typhi str. CT18 (4809037 bp),negative_93_14,978509,995264,16756,backbone
NC_003198.1,Salmonella enterica subsp. enterica serovar Typhi str. CT18 (4809037 bp),negative_93_15,1259838,1269823,9986,backbone
NC_003198.1,Salmonella enterica subsp. enterica serovar Typhi str. CT18 (4809037 bp),negative_93_16,1280959,1288980,8022,backbone
NC_003198.1,Salmonella enterica subsp. enterica serovar Typhi str. CT18 (4809037 bp),negative_93_17,1288986,1300111,11126,backbone
NC_003198.1,Salmonella enterica subsp. enterica serovar Typhi str. CT18 (4809037 bp),negative_93_18,2283571,2293150,9580,backbone
NC_003198.1,Salmonella enterica subsp. enterica serovar Typhi str. CT18 (4809037 bp),negative_93_19,2317903,2330622,12720,backbone
NC_003198.1,Salmonella enterica subsp. enterica serovar Typhi str. CT18 (4809037 bp),negative_93_20,2379379,2406538,27160,backbone
NC_003198.1,Salmonella enterica subsp. enterica serovar Typhi str. CT18 (4809037 bp),negative_93_21,2429161,2439803,10643,backbone
NC_003198.1,Salmonella enterica subsp. enterica serovar Typhi str. CT18 (4809037 bp),negative_93_22,2443462,2452351,8890,backbone
NC_003198.1,Salmonella enterica subsp. enterica serovar Typhi str. CT18 (4809037 bp),negative_93_23,2616170,2624839,8670,backbone
NC_003198.1,Salmonella enterica subsp. enterica serovar Typhi str. CT18 (4809037 bp),negative_93_24,2639580,2649456,9877,backbone
NC_003198.1,Salmonella enterica subsp. enterica serovar Typhi str. CT18 (4809037 bp),negative_93_25,2669806,2679377,9572,backbone
NC_003198.1,Salmonella enterica subsp. enterica serovar Typhi str. CT18 (4809037 bp),negative_93_26,3000848,3009367,8520,backbone
NC_003198.1,Salmonella enterica subsp. enterica serovar Typhi str. CT18 (4809037 bp),negative_93_27,3061741,3071789,10049,backbone
NC_003198.1,Salmonella enterica subsp. enterica serovar Typhi str. CT18 (4809037 bp),negative_93_28,3074659,3085752,11094,backbone
NC_003198.1,Salmonella enterica subsp. enterica serovar Typhi str. CT18 (4809037 bp),negative_93_29,3104612,3115437,10826,backbone
NC_003198.1,Salmonella enterica subsp. enterica serovar Typhi str. CT18 (4809037 bp),negative_93_30,3201873,3211612,9740,backbone
NC_003198.1,Salmonella enterica subsp. enterica serovar Typhi str. CT18 (4809037 bp),negative_93_31,3300587,3314451,13865,backbone
NC_003198.1,Salmonella enterica subsp. enterica serovar Typhi str. CT18 (4809037 bp),negative_93_32,3324708,3335556,10849,backbone
NC_003198.1,Salmonella enterica subsp. enterica serovar Typhi str. CT18 (4809037 bp),negative_93_33,3436602,3445705,9104,backbone
NC_003198.1,Salmonella enterica subsp. enterica serovar Typhi str. CT18 (4809037 bp),negative_93_34,3479596,3487974,8379,backbone
NC_003198.1,Salmonella enterica subsp. enterica serovar Typhi str. CT18 (4809037 bp),negative_93_35,3489954,3499280,9327,backbone
NC_003198.1,Salmonella enterica subsp. enterica serovar Typhi str. CT18 (4809037 bp),negative_93_36,3565157,3574922,9766,backbone
NC_003198.1,Salmonella enterica subsp. enterica serovar Typhi str. CT18 (4809037 bp),negative_93_37,3576950,3591469,14520,backbone
NC_003198.1,Salmonella enterica subsp. enterica serovar Typhi str. CT18 (4809037 bp),negative_93_38,3726301,3740460,14160,backbone
NC_003198.1,Salmonella enterica subsp. enterica serovar Typhi str. CT18 (4809037 bp),negative_93_39,3762834,3775754,12921,backbone
NC_003198.1,Salmonella enterica subsp. enterica serovar Typhi str. CT18 (4809037 bp),negative_93_40,4110310,4125235,14926,backbone
NC_003198.1,Salmonella enterica subsp. enterica serovar Typhi str. CT18 (4809037 bp),negative_93_41,4135851,4147015,11165,backbone
NC_003198.1,Salmonella enterica subsp. enterica serovar Typhi str. CT18 (4809037 bp),negative_93_42,4176223,4194173,17951,backbone
NC_003198.1,Salmonella enterica subsp. enterica serovar Typhi str. CT18 (4809037 bp),negative_93_43,4206339,4216844,10506,backbone
NC_003198.1,Salmonella enterica subsp. enterica serovar Typhi str. CT18 (4809037 bp),negative_93_44,4232886,4248187,15302,backbone
NC_003198.1,Salmonella enterica subsp. enterica serovar Typhi str. CT18 (4809037 bp),negative_93_45,4573111,4588646,15536,backbone
NC_007005.1,Pseudomonas syringae pv. syringae B728a (6093698 bp),negative_94_1,239663,252396,12734,backbone
NC_007005.1,Pseudomonas syringae pv. syringae B728a (6093698 bp),negative_94_2,574598,583537,8940,backbone
NC_007005.1,Pseudomonas syringae pv. syringae B728a (6093698 bp),negative_94_3,643090,659273,16184,backbone
NC_007005.1,Pseudomonas syringae pv. syringae B728a (6093698 bp),negative_94_4,810433,820821,10389,backbone
NC_007005.1,Pseudomonas syringae pv. syringae B728a (6093698 bp),negative_94_5,934928,946887,11960,backbone
NC_007005.1,Pseudomonas syringae pv. syringae B728a (6093698 bp),negative_94_6,1189609,1206747,17139,backbone
NC_007005.1,Pseudomonas syringae pv. syringae B728a (6093698 bp),negative_94_7,1385153,1408764,23612,backbone
NC_007005.1,Pseudomonas syringae pv. syringae B728a (6093698 bp),negative_94_8,1441770,1450987,9218,backbone
NC_007005.1,Pseudomonas syringae pv. syringae B728a (6093698 bp),negative_94_9,1487042,1495230,8189,backbone
NC_007005.1,Pseudomonas syringae pv. syringae B728a (6093698 bp),negative_94_10,1518570,1535335,16766,backbone
NC_007005.1,Pseudomonas syringae pv. syringae B728a (6093698 bp),negative_94_11,1537725,1545986,8262,backbone
NC_007005.1,Pseudomonas syringae pv. syringae B728a (6093698 bp),negative_94_12,1546547,1557532,10986,backbone
NC_007005.1,Pseudomonas syringae pv. syringae B728a (6093698 bp),negative_94_13,1577604,1586452,8849,backbone
NC_007005.1,Pseudomonas syringae pv. syringae B728a (6093698 bp),negative_94_14,1796994,1808010,11017,backbone
NC_007005.1,Pseudomonas syringae pv. syringae B728a (6093698 bp),negative_94_15,1831337,1842130,10794,backbone
NC_007005.1,Pseudomonas syringae pv. syringae B728a (6093698 bp),negative_94_16,2085153,2099367,14215,backbone
NC_007005.1,Pseudomonas syringae pv. syringae B728a (6093698 bp),negative_94_17,2220200,2229754,9555,backbone
NC_007005.1,Pseudomonas syringae pv. syringae B728a (6093698 bp),negative_94_18,2324611,2338038,13428,backbone
NC_007005.1,Pseudomonas syringae pv. syringae B728a (6093698 bp),negative_94_19,3585878,3594235,8358,backbone
NC_007005.1,Pseudomonas syringae pv. syringae B728a (6093698 bp),negative_94_20,3827735,3842472,14738,backbone
NC_007005.1,Pseudomonas syringae pv. syringae B728a (6093698 bp),negative_94_21,3931886,3942652,10767,backbone
NC_007005.1,Pseudomonas syringae pv. syringae B728a (6093698 bp),negative_94_22,4091840,4105398,13559,backbone
NC_007005.1,Pseudomonas syringae pv. syringae B728a (6093698 bp),negative_94_23,4112237,4122226,9990,backbone
NC_007005.1,Pseudomonas syringae pv. syringae B728a (6093698 bp),negative_94_24,4359790,4368253,8464,backbone
NC_007005.1,Pseudomonas syringae pv. syringae B728a (6093698 bp),negative_94_25,4633724,4644203,10480,backbone
NC_007005.1,Pseudomonas syringae pv. syringae B728a (6093698 bp),negative_94_26,4872332,4883300,10969,backbone
NC_007005.1,Pseudomonas syringae pv. syringae B728a (6093698 bp),negative_94_27,4884205,4895969,11765,backbone
NC_007005.1,Pseudomonas syringae pv. syringae B728a (6093698 bp),negative_94_28,4923076,4938124,15049,backbone
NC_007005.1,Pseudomonas syringae pv. syringae B728a (6093698 bp),negative_94_29,4947918,4956975,9058,backbone
NC_007005.1,Pseudomonas syringae pv. syringae B728a (6093698 bp),negative_94_30,4967387,4988650,21264,backbone
NC_007005.1,Pseudomonas syringae pv. syringae B728a (6093698 bp),negative_94_31,5211883,5223344,11462,backbone
NC_007005.1,Pseudomonas syringae pv. syringae B728a (6093698 bp),negative_94_32,5265620,5274090,8471,backbone
NC_007005.1,Pseudomonas syringae pv. syringae B728a (6093698 bp),negative_94_33,5384061,5420224,36164,backbone
NC_007005.1,Pseudomonas syringae pv. syringae B728a (6093698 bp),negative_94_34,5477395,5498009,20615,backbone
NC_007005.1,Pseudomonas syringae pv. syringae B728a (6093698 bp),negative_94_35,5583431,5592274,8844,backbone
NC_007005.1,Pseudomonas syringae pv. syringae B728a (6093698 bp),negative_94_36,5664370,5673745,9376,backbone
NC_007005.1,Pseudomonas syringae pv. syringae B728a (6093698 bp),negative_94_37,5770433,5779077,8645,backbone
NC_007005.1,Pseudomonas syringae pv. syringae B728a (6093698 bp),negative_94_38,5975657,5990253,14597,backbone
NC_007005.1,Pseudomonas syringae pv. syringae B728a (6093698 bp),negative_94_39,6073234,6083857,10624,backbone
NC_010400.1,Acinetobacter baumannii (3421954 bp),negative_95_1,1857381,1868952,11572,backbone
NC_010400.1,Acinetobacter baumannii (3421954 bp),negative_95_2,1895046,1909868,14823,backbone
NC_010400.1,Acinetobacter baumannii (3421954 bp),negative_95_3,2032491,2050648,18158,backbone
NC_010400.1,Acinetobacter baumannii (3421954 bp),negative_95_4,2068407,2081005,12599,backbone
NC_010400.1,Acinetobacter baumannii (3421954 bp),negative_95_5,2180371,2194664,14294,backbone
NC_010400.1,Acinetobacter baumannii (3421954 bp),negative_95_6,2252412,2260813,8402,backbone
NC_010400.1,Acinetobacter baumannii (3421954 bp),negative_95_7,2318215,2329553,11339,backbone
NC_010400.1,Acinetobacter baumannii (3421954 bp),negative_95_8,2338546,2350964,12419,backbone
NC_010400.1,Acinetobacter baumannii (3421954 bp),negative_95_9,2360462,2368975,8514,backbone
NC_010400.1,Acinetobacter baumannii (3421954 bp),negative_95_10,2398948,2413213,14266,backbone
NC_010400.1,Acinetobacter baumannii (3421954 bp),negative_95_11,2437103,2450269,13167,backbone
NC_010400.1,Acinetobacter baumannii (3421954 bp),negative_95_12,2482150,2499523,17374,backbone
NC_010400.1,Acinetobacter baumannii (3421954 bp),negative_95_13,2600351,2608545,8195,backbone
NC_010400.1,Acinetobacter baumannii (3421954 bp),negative_95_14,2619604,2630166,10563,backbone
NC_010400.1,Acinetobacter baumannii (3421954 bp),negative_95_15,2650454,2658903,8450,backbone
NC_010400.1,Acinetobacter baumannii (3421954 bp),negative_95_16,2659236,2676212,16977,backbone
NC_010400.1,Acinetobacter baumannii (3421954 bp),negative_95_17,2698257,2710454,12198,backbone
NC_010400.1,Acinetobacter baumannii (3421954 bp),negative_95_18,2721251,2730339,9089,backbone
NC_010400.1,Acinetobacter baumannii (3421954 bp),negative_95_19,2733534,2747815,14282,backbone
NC_010400.1,Acinetobacter baumannii (3421954 bp),negative_95_20,2754608,2780480,25873,backbone
NC_010400.1,Acinetobacter baumannii (3421954 bp),negative_95_21,2781373,2792047,10675,backbone
NC_010400.1,Acinetobacter baumannii (3421954 bp),negative_95_22,2792362,2802370,10009,backbone
NC_010400.1,Acinetobacter baumannii (3421954 bp),negative_95_23,2813207,2830195,16989,backbone
NC_010400.1,Acinetobacter baumannii (3421954 bp),negative_95_24,2860595,2878580,17986,backbone
NC_010400.1,Acinetobacter baumannii (3421954 bp),negative_95_25,2905849,2921801,15953,backbone
NC_010400.1,Acinetobacter baumannii (3421954 bp),negative_95_26,2929010,2945942,16933,backbone
NC_010400.1,Acinetobacter baumannii (3421954 bp),negative_95_27,2949256,2965627,16372,backbone
NC_010400.1,Acinetobacter baumannii (3421954 bp),negative_95_28,2966635,2976115,9481,backbone
NC_010400.1,Acinetobacter baumannii (3421954 bp),negative_95_29,2991608,3013039,21432,backbone
NC_010400.1,Acinetobacter baumannii (3421954 bp),negative_95_30,3031095,3050934,19840,backbone
NC_010400.1,Acinetobacter baumannii (3421954 bp),negative_95_31,3051942,3067371,15430,backbone
NC_010400.1,Acinetobacter baumannii (3421954 bp),negative_95_32,3162435,3174246,11812,backbone
NC_010400.1,Acinetobacter baumannii (3421954 bp),negative_95_33,3180678,3189797,9120,backbone
NC_010400.1,Acinetobacter baumannii (3421954 bp),negative_95_34,3198010,3212069,14060,backbone
NC_010400.1,Acinetobacter baumannii (3421954 bp),negative_95_35,3217109,3228108,11000,backbone
NC_010400.1,Acinetobacter baumannii (3421954 bp),negative_95_36,3246608,3256996,10389,backbone
NC_010400.1,Acinetobacter baumannii (3421954 bp),negative_95_37,3311297,3321946,10650,backbone
NC_010400.1,Acinetobacter baumannii (3421954 bp),negative_95_38,3360656,3382878,22223,backbone
NC_010400.1,Acinetobacter baumannii (3421954 bp),negative_95_39,274,10411,10138,backbone
NC_010400.1,Acinetobacter baumannii (3421954 bp),negative_95_40,43733,53413,9681,backbone
NC_010400.1,Acinetobacter baumannii (3421954 bp),negative_95_41,121153,129157,8005,backbone
NC_010400.1,Acinetobacter baumannii (3421954 bp),negative_95_42,151140,161216,10077,backbone
NC_010400.1,Acinetobacter baumannii (3421954 bp),negative_95_43,167675,175754,8080,backbone
NC_010400.1,Acinetobacter baumannii (3421954 bp),negative_95_44,193399,209201,15803,backbone
NC_010400.1,Acinetobacter baumannii (3421954 bp),negative_95_45,260298,271367,11070,backbone
NC_010400.1,Acinetobacter baumannii (3421954 bp),negative_95_46,272457,293607,21151,backbone
NC_010400.1,Acinetobacter baumannii (3421954 bp),negative_95_47,306113,318409,12297,backbone
NC_010400.1,Acinetobacter baumannii (3421954 bp),negative_95_48,373761,388588,14828,backbone
NC_010400.1,Acinetobacter baumannii (3421954 bp),negative_95_49,393605,425822,32218,backbone
NC_010400.1,Acinetobacter baumannii (3421954 bp),negative_95_50,437172,447768,10597,backbone
NC_010400.1,Acinetobacter baumannii (3421954 bp),negative_95_51,479265,490300,11036,backbone
NC_010400.1,Acinetobacter baumannii (3421954 bp),negative_95_52,518603,531161,12559,backbone
NC_010400.1,Acinetobacter baumannii (3421954 bp),negative_95_53,536276,545787,9512,backbone
NC_010400.1,Acinetobacter baumannii (3421954 bp),negative_95_54,558439,577223,18785,backbone
NC_010400.1,Acinetobacter baumannii (3421954 bp),negative_95_55,581332,592043,10712,backbone
NC_010400.1,Acinetobacter baumannii (3421954 bp),negative_95_56,603556,612316,8761,backbone
NC_010400.1,Acinetobacter baumannii (3421954 bp),negative_95_57,622891,637122,14232,backbone
NC_010400.1,Acinetobacter baumannii (3421954 bp),negative_95_58,675691,691051,15361,backbone
NC_010400.1,Acinetobacter baumannii (3421954 bp),negative_95_59,707489,721459,13971,backbone
NC_010400.1,Acinetobacter baumannii (3421954 bp),negative_95_60,733069,744933,11865,backbone
NC_010400.1,Acinetobacter baumannii (3421954 bp),negative_95_61,783634,793193,9560,backbone
NC_010400.1,Acinetobacter baumannii (3421954 bp),negative_95_62,842951,853921,10971,backbone
NC_010400.1,Acinetobacter baumannii (3421954 bp),negative_95_63,861164,877562,16399,backbone
NC_010400.1,Acinetobacter baumannii (3421954 bp),negative_95_64,891509,902808,11300,backbone
NC_010400.1,Acinetobacter baumannii (3421954 bp),negative_95_65,1034972,1043897,8926,backbone
NC_010400.1,Acinetobacter baumannii (3421954 bp),negative_95_66,1142648,1154730,12083,backbone
NC_010400.1,Acinetobacter baumannii (3421954 bp),negative_95_67,1179063,1195267,16205,backbone
NC_010400.1,Acinetobacter baumannii (3421954 bp),negative_95_68,1414689,1426925,12237,backbone
NC_010400.1,Acinetobacter baumannii (3421954 bp),negative_95_69,1468705,1481377,12673,backbone
NC_010400.1,Acinetobacter baumannii (3421954 bp),negative_95_70,1508239,1517432,9194,backbone
NC_010400.1,Acinetobacter baumannii (3421954 bp),negative_95_71,1576506,1597156,20651,backbone
NC_010400.1,Acinetobacter baumannii (3421954 bp),negative_95_72,1611006,1635734,24729,backbone
NC_010400.1,Acinetobacter baumannii (3421954 bp),negative_95_73,1720456,1738691,18236,backbone
NC_009445.1,Bradyrhizobium sp. ORS278 (7456587 bp),negative_96_1,44090,52996,8907,backbone
NC_009445.1,Bradyrhizobium sp. ORS278 (7456587 bp),negative_96_2,83622,102238,18617,backbone
NC_009445.1,Bradyrhizobium sp. ORS278 (7456587 bp),negative_96_3,103752,114443,10692,backbone
NC_009445.1,Bradyrhizobium sp. ORS278 (7456587 bp),negative_96_4,396947,410362,13416,backbone
NC_009445.1,Bradyrhizobium sp. ORS278 (7456587 bp),negative_96_5,3278256,3287747,9492,backbone
NC_009504.1,Brucella ovis ATCC 25840 chromosome II (1164220 bp),negative_97_1,162872,174110,11239,backbone
NC_009504.1,Brucella ovis ATCC 25840 chromosome II (1164220 bp),negative_97_2,181227,204931,23705,backbone
NC_009504.1,Brucella ovis ATCC 25840 chromosome II (1164220 bp),negative_97_3,375068,386124,11057,backbone
NC_009504.1,Brucella ovis ATCC 25840 chromosome II (1164220 bp),negative_97_4,394661,405958,11298,backbone
NC_009504.1,Brucella ovis ATCC 25840 chromosome II (1164220 bp),negative_97_5,450132,466096,15965,backbone
NC_009504.1,Brucella ovis ATCC 25840 chromosome II (1164220 bp),negative_97_6,473284,483507,10224,backbone
NC_009504.1,Brucella ovis ATCC 25840 chromosome II (1164220 bp),negative_97_7,543261,558818,15558,backbone
NC_009504.1,Brucella ovis ATCC 25840 chromosome II (1164220 bp),negative_97_8,559019,573727,14709,backbone
NC_009504.1,Brucella ovis ATCC 25840 chromosome II (1164220 bp),negative_97_9,576419,603179,26761,backbone
NC_009504.1,Brucella ovis ATCC 25840 chromosome II (1164220 bp),negative_97_10,658716,671029,12314,backbone
NC_009504.1,Brucella ovis ATCC 25840 chromosome II (1164220 bp),negative_97_11,719929,729772,9844,backbone
NC_009504.1,Brucella ovis ATCC 25840 chromosome II (1164220 bp),negative_97_12,765158,774710,9553,backbone
NC_009504.1,Brucella ovis ATCC 25840 chromosome II (1164220 bp),negative_97_13,1080335,1094469,14135,backbone
NC_009879.1,Rickettsia canadensis str. McKiel (1159772 bp),negative_98_1,1009792,1036392,26601,backbone
NC_004116.1,Streptococcus agalactiae 2603V/R (2160267 bp),negative_99_1,890839,900972,10134,backbone
NC_004116.1,Streptococcus agalactiae 2603V/R (2160267 bp),negative_99_2,992466,1008862,16397,backbone
NC_004116.1,Streptococcus agalactiae 2603V/R (2160267 bp),negative_99_3,1062730,1074793,12064,backbone
NC_004116.1,Streptococcus agalactiae 2603V/R (2160267 bp),negative_99_4,1448881,1457259,8379,backbone
NC_004116.1,Streptococcus agalactiae 2603V/R (2160267 bp),negative_99_5,1669790,1680299,10510,backbone
NC_004116.1,Streptococcus agalactiae 2603V/R (2160267 bp),negative_99_6,1709293,1719462,10170,backbone
NC_004116.1,Streptococcus agalactiae 2603V/R (2160267 bp),negative_99_7,1750613,1761361,10749,backbone
NC_004116.1,Streptococcus agalactiae 2603V/R (2160267 bp),negative_99_8,2070009,2079143,9135,backbone
NC_004116.1,Streptococcus agalactiae 2603V/R (2160267 bp),negative_99_9,16225,28773,12549,backbone
NC_004116.1,Streptococcus agalactiae 2603V/R (2160267 bp),negative_99_10,34390,46276,11887,backbone
NC_004116.1,Streptococcus agalactiae 2603V/R (2160267 bp),negative_99_11,64745,73062,8318,backbone
NC_004116.1,Streptococcus agalactiae 2603V/R (2160267 bp),negative_99_12,74320,90697,16378,backbone
NC_004116.1,Streptococcus agalactiae 2603V/R (2160267 bp),negative_99_13,143189,157131,13943,backbone
NC_004116.1,Streptococcus agalactiae 2603V/R (2160267 bp),negative_99_14,172527,188536,16010,backbone
NC_004116.1,Streptococcus agalactiae 2603V/R (2160267 bp),negative_99_15,713340,721453,8114,backbone
NC_004116.1,Streptococcus agalactiae 2603V/R (2160267 bp),negative_99_16,727448,736498,9051,backbone
NC_004116.1,Streptococcus agalactiae 2603V/R (2160267 bp),negative_99_17,746360,754553,8194,backbone
NC_004116.1,Streptococcus agalactiae 2603V/R (2160267 bp),negative_99_18,859237,867770,8534,backbone
NC_006155.1,Yersinia pseudotuberculosis IP 32953 (4744671 bp),negative_100_1,18949,32382,13434,backbone
NC_006155.1,Yersinia pseudotuberculosis IP 32953 (4744671 bp),negative_100_2,208226,218060,9835,backbone
NC_006155.1,Yersinia pseudotuberculosis IP 32953 (4744671 bp),negative_100_3,330199,344408,14210,backbone
NC_006155.1,Yersinia pseudotuberculosis IP 32953 (4744671 bp),negative_100_4,488587,500375,11789,backbone
NC_006155.1,Yersinia pseudotuberculosis IP 32953 (4744671 bp),negative_100_5,505342,514756,9415,backbone
NC_006155.1,Yersinia pseudotuberculosis IP 32953 (4744671 bp),negative_100_6,554474,562973,8500,backbone
NC_006155.1,Yersinia pseudotuberculosis IP 32953 (4744671 bp),negative_100_7,814895,833250,18356,backbone
NC_006155.1,Yersinia pseudotuberculosis IP 32953 (4744671 bp),negative_100_8,1164754,1174005,9252,backbone
NC_006155.1,Yersinia pseudotuberculosis IP 32953 (4744671 bp),negative_100_9,1365556,1377326,11771,backbone
NC_006155.1,Yersinia pseudotuberculosis IP 32953 (4744671 bp),negative_100_10,1547678,1558390,10713,backbone
NC_006155.1,Yersinia pseudotuberculosis IP 32953 (4744671 bp),negative_100_11,2408161,2417263,9103,backbone
NC_006155.1,Yersinia pseudotuberculosis IP 32953 (4744671 bp),negative_100_12,2554944,2564779,9836,backbone
NC_006155.1,Yersinia pseudotuberculosis IP 32953 (4744671 bp),negative_100_13,2914413,2924352,9940,backbone
NC_006155.1,Yersinia pseudotuberculosis IP 32953 (4744671 bp),negative_100_14,3046880,3061993,15114,backbone
NC_006155.1,Yersinia pseudotuberculosis IP 32953 (4744671 bp),negative_100_15,3378075,3387961,9887,backbone
NC_006155.1,Yersinia pseudotuberculosis IP 32953 (4744671 bp),negative_100_16,3529384,3547991,18608,backbone
NC_006155.1,Yersinia pseudotuberculosis IP 32953 (4744671 bp),negative_100_17,4239198,4252646,13449,backbone
NC_006155.1,Yersinia pseudotuberculosis IP 32953 (4744671 bp),negative_100_18,4383796,4398329,14534,backbone
NC_006155.1,Yersinia pseudotuberculosis IP 32953 (4744671 bp),negative_100_19,4492642,4501622,8981,backbone
NC_006155.1,Yersinia pseudotuberculosis IP 32953 (4744671 bp),negative_100_20,4705214,4715253,10040,backbone
NC_007651.1,Burkholderia thailandensis E264 chromosome I (3809201 bp),negative_101_1,15907,24426,8520,backbone
NC_007651.1,Burkholderia thailandensis E264 chromosome I (3809201 bp),negative_101_2,156054,166870,10817,backbone
NC_007651.1,Burkholderia thailandensis E264 chromosome I (3809201 bp),negative_101_3,167176,183217,16042,backbone
NC_007651.1,Burkholderia thailandensis E264 chromosome I (3809201 bp),negative_101_4,195298,203669,8372,backbone
NC_007651.1,Burkholderia thailandensis E264 chromosome I (3809201 bp),negative_101_5,272515,283849,11335,backbone
NC_007651.1,Burkholderia thailandensis E264 chromosome I (3809201 bp),negative_101_6,390057,399554,9498,backbone
NC_007651.1,Burkholderia thailandensis E264 chromosome I (3809201 bp),negative_101_7,452282,483378,31097,backbone
NC_007651.1,Burkholderia thailandensis E264 chromosome I (3809201 bp),negative_101_8,524351,548959,24609,backbone
NC_007651.1,Burkholderia thailandensis E264 chromosome I (3809201 bp),negative_101_9,624053,641023,16971,backbone
NC_007651.1,Burkholderia thailandensis E264 chromosome I (3809201 bp),negative_101_10,652721,662149,9429,backbone
NC_007651.1,Burkholderia thailandensis E264 chromosome I (3809201 bp),negative_101_11,736135,749721,13587,backbone
NC_007651.1,Burkholderia thailandensis E264 chromosome I (3809201 bp),negative_101_12,755810,771156,15347,backbone
NC_007651.1,Burkholderia thailandensis E264 chromosome I (3809201 bp),negative_101_13,778684,787950,9267,backbone
NC_007651.1,Burkholderia thailandensis E264 chromosome I (3809201 bp),negative_101_14,830225,841552,11328,backbone
NC_007651.1,Burkholderia thailandensis E264 chromosome I (3809201 bp),negative_101_15,883553,899433,15881,backbone
NC_007651.1,Burkholderia thailandensis E264 chromosome I (3809201 bp),negative_101_16,902271,912025,9755,backbone
NC_007651.1,Burkholderia thailandensis E264 chromosome I (3809201 bp),negative_101_17,954569,967009,12441,backbone
NC_007651.1,Burkholderia thailandensis E264 chromosome I (3809201 bp),negative_101_18,989817,999341,9525,backbone
NC_007651.1,Burkholderia thailandensis E264 chromosome I (3809201 bp),negative_101_19,1059480,1068381,8902,backbone
NC_007651.1,Burkholderia thailandensis E264 chromosome I (3809201 bp),negative_101_20,1102587,1112970,10384,backbone
NC_007651.1,Burkholderia thailandensis E264 chromosome I (3809201 bp),negative_101_21,1145609,1155224,9616,backbone
NC_007651.1,Burkholderia thailandensis E264 chromosome I (3809201 bp),negative_101_22,1155297,1165596,10300,backbone
NC_007651.1,Burkholderia thailandensis E264 chromosome I (3809201 bp),negative_101_23,1183380,1219429,36050,backbone
NC_007651.1,Burkholderia thailandensis E264 chromosome I (3809201 bp),negative_101_24,1227281,1236756,9476,backbone
NC_007651.1,Burkholderia thailandensis E264 chromosome I (3809201 bp),negative_101_25,1249000,1271570,22571,backbone
NC_007651.1,Burkholderia thailandensis E264 chromosome I (3809201 bp),negative_101_26,1271859,1281501,9643,backbone
NC_007651.1,Burkholderia thailandensis E264 chromosome I (3809201 bp),negative_101_27,1289996,1306623,16628,backbone
NC_007651.1,Burkholderia thailandensis E264 chromosome I (3809201 bp),negative_101_28,1311833,1329646,17814,backbone
NC_007651.1,Burkholderia thailandensis E264 chromosome I (3809201 bp),negative_101_29,1348100,1359993,11894,backbone
NC_007651.1,Burkholderia thailandensis E264 chromosome I (3809201 bp),negative_101_30,1391959,1402171,10213,backbone
NC_007651.1,Burkholderia thailandensis E264 chromosome I (3809201 bp),negative_101_31,1423572,1433506,9935,backbone
NC_007651.1,Burkholderia thailandensis E264 chromosome I (3809201 bp),negative_101_32,1454072,1477588,23517,backbone
NC_007651.1,Burkholderia thailandensis E264 chromosome I (3809201 bp),negative_101_33,1549423,1557620,8198,backbone
NC_007651.1,Burkholderia thailandensis E264 chromosome I (3809201 bp),negative_101_34,1749938,1758764,8827,backbone
NC_007651.1,Burkholderia thailandensis E264 chromosome I (3809201 bp),negative_101_35,1825226,1833583,8358,backbone
NC_007651.1,Burkholderia thailandensis E264 chromosome I (3809201 bp),negative_101_36,1834795,1858455,23661,backbone
NC_007651.1,Burkholderia thailandensis E264 chromosome I (3809201 bp),negative_101_37,1903097,1915849,12753,backbone
NC_007651.1,Burkholderia thailandensis E264 chromosome I (3809201 bp),negative_101_38,1916911,1951040,34130,backbone
NC_007651.1,Burkholderia thailandensis E264 chromosome I (3809201 bp),negative_101_39,2909265,2917968,8704,backbone
NC_007651.1,Burkholderia thailandensis E264 chromosome I (3809201 bp),negative_101_40,2923589,2935308,11720,backbone
NC_007651.1,Burkholderia thailandensis E264 chromosome I (3809201 bp),negative_101_41,2951136,2963023,11888,backbone
NC_007651.1,Burkholderia thailandensis E264 chromosome I (3809201 bp),negative_101_42,3175097,3184371,9275,backbone
NC_007651.1,Burkholderia thailandensis E264 chromosome I (3809201 bp),negative_101_43,3184772,3198601,13830,backbone
NC_007651.1,Burkholderia thailandensis E264 chromosome I (3809201 bp),negative_101_44,3268212,3278172,9961,backbone
NC_007651.1,Burkholderia thailandensis E264 chromosome I (3809201 bp),negative_101_45,3292598,3301923,9326,backbone
NC_007651.1,Burkholderia thailandensis E264 chromosome I (3809201 bp),negative_101_46,3335311,3355358,20048,backbone
NC_007651.1,Burkholderia thailandensis E264 chromosome I (3809201 bp),negative_101_47,3417618,3448133,30516,backbone
NC_007651.1,Burkholderia thailandensis E264 chromosome I (3809201 bp),negative_101_48,3476458,3487052,10595,backbone
NC_007651.1,Burkholderia thailandensis E264 chromosome I (3809201 bp),negative_101_49,3487293,3523039,35747,backbone
NC_007651.1,Burkholderia thailandensis E264 chromosome I (3809201 bp),negative_101_50,3531698,3548411,16714,backbone
NC_007651.1,Burkholderia thailandensis E264 chromosome I (3809201 bp),negative_101_51,3620784,3634312,13529,backbone
NC_007651.1,Burkholderia thailandensis E264 chromosome I (3809201 bp),negative_101_52,3766324,3782525,16202,backbone
NC_009512.1,Pseudomonas putida F1 (5959964 bp),negative_102_1,247332,257807,10476,backbone
NC_009512.1,Pseudomonas putida F1 (5959964 bp),negative_102_2,492125,505139,13015,backbone
NC_009512.1,Pseudomonas putida F1 (5959964 bp),negative_102_3,548872,581676,32805,backbone
NC_009512.1,Pseudomonas putida F1 (5959964 bp),negative_102_4,983713,992868,9156,backbone
NC_009512.1,Pseudomonas putida F1 (5959964 bp),negative_102_5,1096604,1112359,15756,backbone
NC_009512.1,Pseudomonas putida F1 (5959964 bp),negative_102_6,1118698,1132150,13453,backbone
NC_009512.1,Pseudomonas putida F1 (5959964 bp),negative_102_7,1408019,1417703,9685,backbone
NC_009512.1,Pseudomonas putida F1 (5959964 bp),negative_102_8,1707853,1721289,13437,backbone
NC_009512.1,Pseudomonas putida F1 (5959964 bp),negative_102_9,1984428,1998384,13957,backbone
NC_009512.1,Pseudomonas putida F1 (5959964 bp),negative_102_10,4021109,4029797,8689,backbone
NC_009512.1,Pseudomonas putida F1 (5959964 bp),negative_102_11,4257096,4271879,14784,backbone
NC_009512.1,Pseudomonas putida F1 (5959964 bp),negative_102_12,4671470,4683555,12086,backbone
NC_009512.1,Pseudomonas putida F1 (5959964 bp),negative_102_13,4902263,4914159,11897,backbone
NC_009512.1,Pseudomonas putida F1 (5959964 bp),negative_102_14,4965793,4974319,8527,backbone
NC_009512.1,Pseudomonas putida F1 (5959964 bp),negative_102_15,5116473,5127833,11361,backbone
NC_009512.1,Pseudomonas putida F1 (5959964 bp),negative_102_16,5229321,5240931,11611,backbone
NC_009512.1,Pseudomonas putida F1 (5959964 bp),negative_102_17,5258451,5268454,10004,backbone
NC_009512.1,Pseudomonas putida F1 (5959964 bp),negative_102_18,5337592,5345899,8308,backbone
NC_009512.1,Pseudomonas putida F1 (5959964 bp),negative_102_19,5944154,5955606,11453,backbone
NC_008595.1,Mycobacterium avium 104 (5475491 bp),negative_103_1,67129,78759,11631,backbone
NC_008595.1,Mycobacterium avium 104 (5475491 bp),negative_103_2,207826,217645,9820,backbone
NC_008595.1,Mycobacterium avium 104 (5475491 bp),negative_103_3,433180,452460,19281,backbone
NC_008595.1,Mycobacterium avium 104 (5475491 bp),negative_103_4,497672,507024,9353,backbone
NC_008595.1,Mycobacterium avium 104 (5475491 bp),negative_103_5,578894,587510,8617,backbone
NC_008595.1,Mycobacterium avium 104 (5475491 bp),negative_103_6,594478,604353,9876,backbone
NC_008595.1,Mycobacterium avium 104 (5475491 bp),negative_103_7,631599,643641,12043,backbone
NC_008595.1,Mycobacterium avium 104 (5475491 bp),negative_103_8,1028806,1037331,8526,backbone
NC_008595.1,Mycobacterium avium 104 (5475491 bp),negative_103_9,1139288,1148947,9660,backbone
NC_008595.1,Mycobacterium avium 104 (5475491 bp),negative_103_10,1613875,1623030,9156,backbone
NC_008595.1,Mycobacterium avium 104 (5475491 bp),negative_103_11,2193958,2205131,11174,backbone
NC_008595.1,Mycobacterium avium 104 (5475491 bp),negative_103_12,2291238,2309988,18751,backbone
NC_008595.1,Mycobacterium avium 104 (5475491 bp),negative_103_13,2310161,2319829,9669,backbone
NC_008595.1,Mycobacterium avium 104 (5475491 bp),negative_103_14,2913254,2924717,11464,backbone
NC_008595.1,Mycobacterium avium 104 (5475491 bp),negative_103_15,3531740,3541120,9381,backbone
NC_008595.1,Mycobacterium avium 104 (5475491 bp),negative_103_16,3609752,3620039,10288,backbone
NC_008595.1,Mycobacterium avium 104 (5475491 bp),negative_103_17,3827988,3836967,8980,backbone
NC_008595.1,Mycobacterium avium 104 (5475491 bp),negative_103_18,3849503,3858102,8600,backbone
NC_008595.1,Mycobacterium avium 104 (5475491 bp),negative_103_19,4151736,4161983,10248,backbone
NC_008595.1,Mycobacterium avium 104 (5475491 bp),negative_103_20,4992175,5004729,12555,backbone
NC_009342.1,Corynebacterium glutamicum R (3314179 bp),negative_104_1,1,8305,8305,backbone
NC_009342.1,Corynebacterium glutamicum R (3314179 bp),negative_104_2,59241,69209,9969,backbone
NC_009342.1,Corynebacterium glutamicum R (3314179 bp),negative_104_3,235974,246942,10969,backbone
NC_009342.1,Corynebacterium glutamicum R (3314179 bp),negative_104_4,284372,296893,12522,backbone
NC_009342.1,Corynebacterium glutamicum R (3314179 bp),negative_104_5,300897,311682,10786,backbone
NC_009342.1,Corynebacterium glutamicum R (3314179 bp),negative_104_6,312814,323165,10352,backbone
NC_009342.1,Corynebacterium glutamicum R (3314179 bp),negative_104_7,323631,335443,11813,backbone
NC_009342.1,Corynebacterium glutamicum R (3314179 bp),negative_104_8,418764,431652,12889,backbone
NC_009342.1,Corynebacterium glutamicum R (3314179 bp),negative_104_9,533887,552507,18621,backbone
NC_009342.1,Corynebacterium glutamicum R (3314179 bp),negative_104_10,559786,574200,14415,backbone
NC_009342.1,Corynebacterium glutamicum R (3314179 bp),negative_104_11,649902,661258,11357,backbone
NC_009342.1,Corynebacterium glutamicum R (3314179 bp),negative_104_12,716553,730789,14237,backbone
NC_009342.1,Corynebacterium glutamicum R (3314179 bp),negative_104_13,739062,748369,9308,backbone
NC_009342.1,Corynebacterium glutamicum R (3314179 bp),negative_104_14,751421,760639,9219,backbone
NC_009342.1,Corynebacterium glutamicum R (3314179 bp),negative_104_15,766013,775543,9531,backbone
NC_009342.1,Corynebacterium glutamicum R (3314179 bp),negative_104_16,815888,825571,9684,backbone
NC_009342.1,Corynebacterium glutamicum R (3314179 bp),negative_104_17,866401,884673,18273,backbone
NC_009342.1,Corynebacterium glutamicum R (3314179 bp),negative_104_18,885012,898256,13245,backbone
NC_009342.1,Corynebacterium glutamicum R (3314179 bp),negative_104_19,942324,981529,39206,backbone
NC_009342.1,Corynebacterium glutamicum R (3314179 bp),negative_104_20,1015181,1059118,43938,backbone
NC_009342.1,Corynebacterium glutamicum R (3314179 bp),negative_104_21,1061113,1071528,10416,backbone
NC_009342.1,Corynebacterium glutamicum R (3314179 bp),negative_104_22,1078977,1113831,34855,backbone
NC_009342.1,Corynebacterium glutamicum R (3314179 bp),negative_104_23,1116033,1135388,19356,backbone
NC_009342.1,Corynebacterium glutamicum R (3314179 bp),negative_104_24,1140306,1149715,9410,backbone
NC_009342.1,Corynebacterium glutamicum R (3314179 bp),negative_104_25,1150074,1161150,11077,backbone
NC_009342.1,Corynebacterium glutamicum R (3314179 bp),negative_104_26,1180394,1188562,8169,backbone
NC_009342.1,Corynebacterium glutamicum R (3314179 bp),negative_104_27,1189278,1214418,25141,backbone
NC_009342.1,Corynebacterium glutamicum R (3314179 bp),negative_104_28,1265404,1274268,8865,backbone
NC_009342.1,Corynebacterium glutamicum R (3314179 bp),negative_104_29,1284957,1293487,8531,backbone
NC_009342.1,Corynebacterium glutamicum R (3314179 bp),negative_104_30,1294454,1311320,16867,backbone
NC_009342.1,Corynebacterium glutamicum R (3314179 bp),negative_104_31,1315084,1324199,9116,backbone
NC_009342.1,Corynebacterium glutamicum R (3314179 bp),negative_104_32,1357566,1368285,10720,backbone
NC_009342.1,Corynebacterium glutamicum R (3314179 bp),negative_104_33,1387610,1396674,9065,backbone
NC_009342.1,Corynebacterium glutamicum R (3314179 bp),negative_104_34,1404689,1426477,21789,backbone
NC_009342.1,Corynebacterium glutamicum R (3314179 bp),negative_104_35,1429818,1441058,11241,backbone
NC_009342.1,Corynebacterium glutamicum R (3314179 bp),negative_104_36,1474878,1485560,10683,backbone
NC_009342.1,Corynebacterium glutamicum R (3314179 bp),negative_104_37,1487881,1496595,8715,backbone
NC_009342.1,Corynebacterium glutamicum R (3314179 bp),negative_104_38,1584932,1593967,9036,backbone
NC_009342.1,Corynebacterium glutamicum R (3314179 bp),negative_104_39,1600501,1609517,9017,backbone
NC_009342.1,Corynebacterium glutamicum R (3314179 bp),negative_104_40,1610024,1642070,32047,backbone
NC_009342.1,Corynebacterium glutamicum R (3314179 bp),negative_104_41,1651393,1667202,15810,backbone
NC_009342.1,Corynebacterium glutamicum R (3314179 bp),negative_104_42,1684144,1694152,10009,backbone
NC_009342.1,Corynebacterium glutamicum R (3314179 bp),negative_104_43,1699726,1708423,8698,backbone
NC_009342.1,Corynebacterium glutamicum R (3314179 bp),negative_104_44,1710982,1735652,24671,backbone
NC_009342.1,Corynebacterium glutamicum R (3314179 bp),negative_104_45,1753197,1779810,26614,backbone
NC_009342.1,Corynebacterium glutamicum R (3314179 bp),negative_104_46,1786318,1798738,12421,backbone
NC_009342.1,Corynebacterium glutamicum R (3314179 bp),negative_104_47,1801395,1811501,10107,backbone
NC_009342.1,Corynebacterium glutamicum R (3314179 bp),negative_104_48,1814720,1853112,38393,backbone
NC_009342.1,Corynebacterium glutamicum R (3314179 bp),negative_104_49,1863560,1873600,10041,backbone
NC_009342.1,Corynebacterium glutamicum R (3314179 bp),negative_104_50,1883967,1904219,20253,backbone
NC_009342.1,Corynebacterium glutamicum R (3314179 bp),negative_104_51,1905809,1914174,8366,backbone
NC_009342.1,Corynebacterium glutamicum R (3314179 bp),negative_104_52,1917592,1984698,67107,backbone
NC_009342.1,Corynebacterium glutamicum R (3314179 bp),negative_104_53,1985093,2029611,44519,backbone
NC_009342.1,Corynebacterium glutamicum R (3314179 bp),negative_104_54,2052080,2061558,9479,backbone
NC_009342.1,Corynebacterium glutamicum R (3314179 bp),negative_104_55,2139484,2152005,12522,backbone
NC_009342.1,Corynebacterium glutamicum R (3314179 bp),negative_104_56,2152344,2166919,14576,backbone
NC_009342.1,Corynebacterium glutamicum R (3314179 bp),negative_104_57,2167620,2178960,11341,backbone
NC_009342.1,Corynebacterium glutamicum R (3314179 bp),negative_104_58,2179404,2191016,11613,backbone
NC_009342.1,Corynebacterium glutamicum R (3314179 bp),negative_104_59,2194269,2204423,10155,backbone
NC_009342.1,Corynebacterium glutamicum R (3314179 bp),negative_104_60,2204601,2216770,12170,backbone
NC_009342.1,Corynebacterium glutamicum R (3314179 bp),negative_104_61,2234671,2275866,41196,backbone
NC_009342.1,Corynebacterium glutamicum R (3314179 bp),negative_104_62,2278884,2298488,19605,backbone
NC_009342.1,Corynebacterium glutamicum R (3314179 bp),negative_104_63,2298914,2310152,11239,backbone
NC_009342.1,Corynebacterium glutamicum R (3314179 bp),negative_104_64,2321617,2332995,11379,backbone
NC_009342.1,Corynebacterium glutamicum R (3314179 bp),negative_104_65,2339571,2351075,11505,backbone
NC_009342.1,Corynebacterium glutamicum R (3314179 bp),negative_104_66,2357016,2371264,14249,backbone
NC_009342.1,Corynebacterium glutamicum R (3314179 bp),negative_104_67,2376818,2396004,19187,backbone
NC_009342.1,Corynebacterium glutamicum R (3314179 bp),negative_104_68,2398456,2409978,11523,backbone
NC_009342.1,Corynebacterium glutamicum R (3314179 bp),negative_104_69,2468083,2481208,13126,backbone
NC_009342.1,Corynebacterium glutamicum R (3314179 bp),negative_104_70,2502321,2512346,10026,backbone
NC_009342.1,Corynebacterium glutamicum R (3314179 bp),negative_104_71,2512766,2523954,11189,backbone
NC_009342.1,Corynebacterium glutamicum R (3314179 bp),negative_104_72,2570043,2580284,10242,backbone
NC_009342.1,Corynebacterium glutamicum R (3314179 bp),negative_104_73,2587510,2596154,8645,backbone
NC_009342.1,Corynebacterium glutamicum R (3314179 bp),negative_104_74,2642160,2651564,9405,backbone
NC_009342.1,Corynebacterium glutamicum R (3314179 bp),negative_104_75,2717376,2727973,10598,backbone
NC_009342.1,Corynebacterium glutamicum R (3314179 bp),negative_104_76,2729646,2743567,13922,backbone
NC_009342.1,Corynebacterium glutamicum R (3314179 bp),negative_104_77,2743615,2756835,13221,backbone
NC_009342.1,Corynebacterium glutamicum R (3314179 bp),negative_104_78,2757926,2767018,9093,backbone
NC_009342.1,Corynebacterium glutamicum R (3314179 bp),negative_104_79,2794917,2803512,8596,backbone
NC_009342.1,Corynebacterium glutamicum R (3314179 bp),negative_104_80,2860041,2877512,17472,backbone
NC_009342.1,Corynebacterium glutamicum R (3314179 bp),negative_104_81,2911109,2944417,33309,backbone
NC_009342.1,Corynebacterium glutamicum R (3314179 bp),negative_104_82,2948101,2960837,12737,backbone
NC_009342.1,Corynebacterium glutamicum R (3314179 bp),negative_104_83,2969121,2979719,10599,backbone
NC_009342.1,Corynebacterium glutamicum R (3314179 bp),negative_104_84,2988758,2997128,8371,backbone
NC_009342.1,Corynebacterium glutamicum R (3314179 bp),negative_104_85,3054907,3067770,12864,backbone
NC_009342.1,Corynebacterium glutamicum R (3314179 bp),negative_104_86,3080936,3091388,10453,backbone
NC_009342.1,Corynebacterium glutamicum R (3314179 bp),negative_104_87,3155795,3165955,10161,backbone
NC_009342.1,Corynebacterium glutamicum R (3314179 bp),negative_104_88,3181486,3196837,15352,backbone
NC_009342.1,Corynebacterium glutamicum R (3314179 bp),negative_104_89,3227280,3236051,8772,backbone
NC_009342.1,Corynebacterium glutamicum R (3314179 bp),negative_104_90,3294419,3307794,13376,backbone
NC_007761.1,Rhizobium etli CFN 42 (4381608 bp),negative_105_1,28730,42698,13969,backbone
NC_007761.1,Rhizobium etli CFN 42 (4381608 bp),negative_105_2,52871,60913,8043,backbone
NC_007761.1,Rhizobium etli CFN 42 (4381608 bp),negative_105_3,112160,140269,28110,backbone
NC_007761.1,Rhizobium etli CFN 42 (4381608 bp),negative_105_4,214443,226759,12317,backbone
NC_007761.1,Rhizobium etli CFN 42 (4381608 bp),negative_105_5,270044,283171,13128,backbone
NC_007761.1,Rhizobium etli CFN 42 (4381608 bp),negative_105_6,309463,323556,14094,backbone
NC_007761.1,Rhizobium etli CFN 42 (4381608 bp),negative_105_7,380381,399500,19120,backbone
NC_007761.1,Rhizobium etli CFN 42 (4381608 bp),negative_105_8,399995,408979,8985,backbone
NC_007761.1,Rhizobium etli CFN 42 (4381608 bp),negative_105_9,522873,537919,15047,backbone
NC_007761.1,Rhizobium etli CFN 42 (4381608 bp),negative_105_10,713142,721580,8439,backbone
NC_007761.1,Rhizobium etli CFN 42 (4381608 bp),negative_105_11,845371,856618,11248,backbone
NC_007761.1,Rhizobium etli CFN 42 (4381608 bp),negative_105_12,875063,887080,12018,backbone
NC_007761.1,Rhizobium etli CFN 42 (4381608 bp),negative_105_13,1332692,1343290,10599,backbone
NC_007761.1,Rhizobium etli CFN 42 (4381608 bp),negative_105_14,1343772,1352201,8430,backbone
NC_007761.1,Rhizobium etli CFN 42 (4381608 bp),negative_105_15,1558945,1572024,13080,backbone
NC_007761.1,Rhizobium etli CFN 42 (4381608 bp),negative_105_16,1578934,1587858,8925,backbone
NC_007761.1,Rhizobium etli CFN 42 (4381608 bp),negative_105_17,1637715,1645858,8144,backbone
NC_007761.1,Rhizobium etli CFN 42 (4381608 bp),negative_105_18,1687705,1703197,15493,backbone
NC_007761.1,Rhizobium etli CFN 42 (4381608 bp),negative_105_19,1715635,1731908,16274,backbone
NC_007761.1,Rhizobium etli CFN 42 (4381608 bp),negative_105_20,1745439,1784887,39449,backbone
NC_007761.1,Rhizobium etli CFN 42 (4381608 bp),negative_105_21,1800342,1810291,9950,backbone
NC_007761.1,Rhizobium etli CFN 42 (4381608 bp),negative_105_22,1916912,1925815,8904,backbone
NC_007761.1,Rhizobium etli CFN 42 (4381608 bp),negative_105_23,1977426,1990493,13068,backbone
NC_007761.1,Rhizobium etli CFN 42 (4381608 bp),negative_105_24,1994692,2007933,13242,backbone
NC_007761.1,Rhizobium etli CFN 42 (4381608 bp),negative_105_25,2016103,2025349,9247,backbone
NC_007761.1,Rhizobium etli CFN 42 (4381608 bp),negative_105_26,2432559,2443481,10923,backbone
NC_007761.1,Rhizobium etli CFN 42 (4381608 bp),negative_105_27,2481542,2494333,12792,backbone
NC_007761.1,Rhizobium etli CFN 42 (4381608 bp),negative_105_28,2564746,2576019,11274,backbone
NC_007761.1,Rhizobium etli CFN 42 (4381608 bp),negative_105_29,2959650,2969014,9365,backbone
NC_007761.1,Rhizobium etli CFN 42 (4381608 bp),negative_105_30,2992645,3007120,14476,backbone
NC_007761.1,Rhizobium etli CFN 42 (4381608 bp),negative_105_31,3013607,3025991,12385,backbone
NC_007761.1,Rhizobium etli CFN 42 (4381608 bp),negative_105_32,3451608,3467566,15959,backbone
NC_007761.1,Rhizobium etli CFN 42 (4381608 bp),negative_105_33,3495791,3506070,10280,backbone
NC_007761.1,Rhizobium etli CFN 42 (4381608 bp),negative_105_34,3641191,3652534,11344,backbone
NC_007761.1,Rhizobium etli CFN 42 (4381608 bp),negative_105_35,3733458,3741458,8001,backbone
NC_007761.1,Rhizobium etli CFN 42 (4381608 bp),negative_105_36,3755720,3765893,10174,backbone
NC_007761.1,Rhizobium etli CFN 42 (4381608 bp),negative_105_37,3793631,3805553,11923,backbone
NC_007761.1,Rhizobium etli CFN 42 (4381608 bp),negative_105_38,3865400,3874338,8939,backbone
NC_007761.1,Rhizobium etli CFN 42 (4381608 bp),negative_105_39,3975621,3987213,11593,backbone
NC_007761.1,Rhizobium etli CFN 42 (4381608 bp),negative_105_40,3987278,3998677,11400,backbone
NC_007761.1,Rhizobium etli CFN 42 (4381608 bp),negative_105_41,4011195,4025118,13924,backbone
NC_007761.1,Rhizobium etli CFN 42 (4381608 bp),negative_105_42,4034332,4044617,10286,backbone
NC_007761.1,Rhizobium etli CFN 42 (4381608 bp),negative_105_43,4085377,4094096,8720,backbone
NC_007761.1,Rhizobium etli CFN 42 (4381608 bp),negative_105_44,4157344,4170418,13075,backbone
NC_007761.1,Rhizobium etli CFN 42 (4381608 bp),negative_105_45,4172225,4190267,18043,backbone
NC_007761.1,Rhizobium etli CFN 42 (4381608 bp),negative_105_46,4197630,4206870,9241,backbone
NC_007761.1,Rhizobium etli CFN 42 (4381608 bp),negative_105_47,4224730,4233033,8304,backbone
NC_007761.1,Rhizobium etli CFN 42 (4381608 bp),negative_105_48,4318238,4327854,9617,backbone
NC_007761.1,Rhizobium etli CFN 42 (4381608 bp),negative_105_49,4343851,4359541,15691,backbone
NC_007761.1,Rhizobium etli CFN 42 (4381608 bp),negative_105_50,4365759,4376682,10924,backbone
NC_007793.1,Staphylococcus aureus subsp. aureus USA300 (2872769 bp),negative_106_1,15583,24336,8754,backbone
NC_007793.1,Staphylococcus aureus subsp. aureus USA300 (2872769 bp),negative_106_2,520052,534436,14385,backbone
NC_007793.1,Staphylococcus aureus subsp. aureus USA300 (2872769 bp),negative_106_3,565989,599229,33241,backbone
NC_007793.1,Staphylococcus aureus subsp. aureus USA300 (2872769 bp),negative_106_4,824146,834548,10403,backbone
NC_007793.1,Staphylococcus aureus subsp. aureus USA300 (2872769 bp),negative_106_5,1058493,1068631,10139,backbone
NC_007793.1,Staphylococcus aureus subsp. aureus USA300 (2872769 bp),negative_106_6,1088000,1099537,11538,backbone
NC_007793.1,Staphylococcus aureus subsp. aureus USA300 (2872769 bp),negative_106_7,1130426,1147948,17523,backbone
NC_007793.1,Staphylococcus aureus subsp. aureus USA300 (2872769 bp),negative_106_8,1258841,1278499,19659,backbone
NC_007793.1,Staphylococcus aureus subsp. aureus USA300 (2872769 bp),negative_106_9,1413387,1422398,9012,backbone
NC_007793.1,Staphylococcus aureus subsp. aureus USA300 (2872769 bp),negative_106_10,1516376,1527391,11016,backbone
NC_007793.1,Staphylococcus aureus subsp. aureus USA300 (2872769 bp),negative_106_11,1528273,1536882,8610,backbone
NC_007793.1,Staphylococcus aureus subsp. aureus USA300 (2872769 bp),negative_106_12,1661580,1670509,8930,backbone
NC_007793.1,Staphylococcus aureus subsp. aureus USA300 (2872769 bp),negative_106_13,1687024,1697156,10133,backbone
NC_007793.1,Staphylococcus aureus subsp. aureus USA300 (2872769 bp),negative_106_14,1743651,1757601,13951,backbone
NC_007793.1,Staphylococcus aureus subsp. aureus USA300 (2872769 bp),negative_106_15,1775027,1784972,9946,backbone
NC_007793.1,Staphylococcus aureus subsp. aureus USA300 (2872769 bp),negative_106_16,1804525,1814183,9659,backbone
NC_007793.1,Staphylococcus aureus subsp. aureus USA300 (2872769 bp),negative_106_17,1983460,1993093,9634,backbone
NC_007793.1,Staphylococcus aureus subsp. aureus USA300 (2872769 bp),negative_106_18,2004985,2013497,8513,backbone
NC_007793.1,Staphylococcus aureus subsp. aureus USA300 (2872769 bp),negative_106_19,2046160,2054240,8081,backbone
NC_007793.1,Staphylococcus aureus subsp. aureus USA300 (2872769 bp),negative_106_20,2161806,2175678,13873,backbone
NC_007793.1,Staphylococcus aureus subsp. aureus USA300 (2872769 bp),negative_106_21,2215407,2232721,17315,backbone
NC_007793.1,Staphylococcus aureus subsp. aureus USA300 (2872769 bp),negative_106_22,2239670,2249018,9349,backbone
NC_007793.1,Staphylococcus aureus subsp. aureus USA300 (2872769 bp),negative_106_23,2357275,2372486,15212,backbone
NC_009487.1,Staphylococcus aureus subsp. aureus JH9 (2906700 bp),negative_107_1,15619,24381,8763,backbone
NC_009487.1,Staphylococcus aureus subsp. aureus JH9 (2906700 bp),negative_107_2,536394,546708,10315,backbone
NC_009487.1,Staphylococcus aureus subsp. aureus JH9 (2906700 bp),negative_107_3,548625,563007,14383,backbone
NC_009487.1,Staphylococcus aureus subsp. aureus JH9 (2906700 bp),negative_107_4,600579,617976,17398,backbone
NC_009487.1,Staphylococcus aureus subsp. aureus JH9 (2906700 bp),negative_107_5,618020,633817,15798,backbone
NC_009487.1,Staphylococcus aureus subsp. aureus JH9 (2906700 bp),negative_107_6,855193,868368,13176,backbone
NC_009487.1,Staphylococcus aureus subsp. aureus JH9 (2906700 bp),negative_107_7,1000342,1009935,9594,backbone
NC_009487.1,Staphylococcus aureus subsp. aureus JH9 (2906700 bp),negative_107_8,1165292,1175430,10139,backbone
NC_009487.1,Staphylococcus aureus subsp. aureus JH9 (2906700 bp),negative_107_9,1194888,1206425,11538,backbone
NC_009487.1,Staphylococcus aureus subsp. aureus JH9 (2906700 bp),negative_107_10,1367849,1387493,19645,backbone
NC_009487.1,Staphylococcus aureus subsp. aureus JH9 (2906700 bp),negative_107_11,1622882,1633899,11018,backbone
NC_009487.1,Staphylococcus aureus subsp. aureus JH9 (2906700 bp),negative_107_12,1735914,1746043,10130,backbone
NC_009487.1,Staphylococcus aureus subsp. aureus JH9 (2906700 bp),negative_107_13,1795270,1807150,11881,backbone
NC_009487.1,Staphylococcus aureus subsp. aureus JH9 (2906700 bp),negative_107_14,1831253,1841024,9772,backbone
NC_009487.1,Staphylococcus aureus subsp. aureus JH9 (2906700 bp),negative_107_15,2049840,2058352,8513,backbone
NC_009487.1,Staphylococcus aureus subsp. aureus JH9 (2906700 bp),negative_107_16,2090836,2098916,8081,backbone
NC_009487.1,Staphylococcus aureus subsp. aureus JH9 (2906700 bp),negative_107_17,2200872,2214669,13798,backbone
NC_009487.1,Staphylococcus aureus subsp. aureus JH9 (2906700 bp),negative_107_18,2261573,2273826,12254,backbone
NC_009487.1,Staphylococcus aureus subsp. aureus JH9 (2906700 bp),negative_107_19,2280776,2290125,9350,backbone
NC_009487.1,Staphylococcus aureus subsp. aureus JH9 (2906700 bp),negative_107_20,2394360,2409568,15209,backbone
NC_009438.1,Shewanella putrefaciens CN-32 (4659220 bp),negative_108_1,1289768,1299220,9453,backbone
NC_009438.1,Shewanella putrefaciens CN-32 (4659220 bp),negative_108_2,1695877,1704829,8953,backbone
NC_009438.1,Shewanella putrefaciens CN-32 (4659220 bp),negative_108_3,2608993,2618313,9321,backbone
NC_009438.1,Shewanella putrefaciens CN-32 (4659220 bp),negative_108_4,4348397,4363832,15436,backbone
NC_009438.1,Shewanella putrefaciens CN-32 (4659220 bp),negative_108_5,4364462,4380455,15994,backbone
NC_009438.1,Shewanella putrefaciens CN-32 (4659220 bp),negative_108_6,4603016,4612723,9708,backbone
NC_009438.1,Shewanella putrefaciens CN-32 (4659220 bp),negative_108_7,499731,510038,10308,backbone
NC_009438.1,Shewanella putrefaciens CN-32 (4659220 bp),negative_108_8,1242613,1252226,9614,backbone
NC_008060.1,Burkholderia cenocepacia AU 1054 chromosome 1 (3294563 bp),negative_109_1,67213,88912,21700,backbone
NC_008060.1,Burkholderia cenocepacia AU 1054 chromosome 1 (3294563 bp),negative_109_2,90786,103087,12302,backbone
NC_008060.1,Burkholderia cenocepacia AU 1054 chromosome 1 (3294563 bp),negative_109_3,103223,124436,21214,backbone
NC_008060.1,Burkholderia cenocepacia AU 1054 chromosome 1 (3294563 bp),negative_109_4,130333,150430,20098,backbone
NC_008060.1,Burkholderia cenocepacia AU 1054 chromosome 1 (3294563 bp),negative_109_5,217516,226576,9061,backbone
NC_008060.1,Burkholderia cenocepacia AU 1054 chromosome 1 (3294563 bp),negative_109_6,250199,259858,9660,backbone
NC_008060.1,Burkholderia cenocepacia AU 1054 chromosome 1 (3294563 bp),negative_109_7,279802,297016,17215,backbone
NC_008060.1,Burkholderia cenocepacia AU 1054 chromosome 1 (3294563 bp),negative_109_8,353207,361390,8184,backbone
NC_008060.1,Burkholderia cenocepacia AU 1054 chromosome 1 (3294563 bp),negative_109_9,417693,427357,9665,backbone
NC_008060.1,Burkholderia cenocepacia AU 1054 chromosome 1 (3294563 bp),negative_109_10,453893,467374,13482,backbone
NC_008060.1,Burkholderia cenocepacia AU 1054 chromosome 1 (3294563 bp),negative_109_11,526797,535579,8783,backbone
NC_008060.1,Burkholderia cenocepacia AU 1054 chromosome 1 (3294563 bp),negative_109_12,604652,618798,14147,backbone
NC_008060.1,Burkholderia cenocepacia AU 1054 chromosome 1 (3294563 bp),negative_109_13,618833,627963,9131,backbone
NC_008060.1,Burkholderia cenocepacia AU 1054 chromosome 1 (3294563 bp),negative_109_14,664735,676855,12121,backbone
NC_008060.1,Burkholderia cenocepacia AU 1054 chromosome 1 (3294563 bp),negative_109_15,682242,711854,29613,backbone
NC_008060.1,Burkholderia cenocepacia AU 1054 chromosome 1 (3294563 bp),negative_109_16,714510,724580,10071,backbone
NC_008060.1,Burkholderia cenocepacia AU 1054 chromosome 1 (3294563 bp),negative_109_17,873881,887646,13766,backbone
NC_008060.1,Burkholderia cenocepacia AU 1054 chromosome 1 (3294563 bp),negative_109_18,888038,897302,9265,backbone
NC_008060.1,Burkholderia cenocepacia AU 1054 chromosome 1 (3294563 bp),negative_109_19,1080024,1091849,11826,backbone
NC_008060.1,Burkholderia cenocepacia AU 1054 chromosome 1 (3294563 bp),negative_109_20,1103652,1113374,9723,backbone
NC_008060.1,Burkholderia cenocepacia AU 1054 chromosome 1 (3294563 bp),negative_109_21,1117599,1129339,11741,backbone
NC_008060.1,Burkholderia cenocepacia AU 1054 chromosome 1 (3294563 bp),negative_109_22,1802811,1828863,26053,backbone
NC_008060.1,Burkholderia cenocepacia AU 1054 chromosome 1 (3294563 bp),negative_109_23,1828864,1838603,9740,backbone
NC_008060.1,Burkholderia cenocepacia AU 1054 chromosome 1 (3294563 bp),negative_109_24,1853008,1861961,8954,backbone
NC_008060.1,Burkholderia cenocepacia AU 1054 chromosome 1 (3294563 bp),negative_109_25,1862016,1871297,9282,backbone
NC_008060.1,Burkholderia cenocepacia AU 1054 chromosome 1 (3294563 bp),negative_109_26,1891464,1900124,8661,backbone
NC_008060.1,Burkholderia cenocepacia AU 1054 chromosome 1 (3294563 bp),negative_109_27,1934775,1943781,9007,backbone
NC_008060.1,Burkholderia cenocepacia AU 1054 chromosome 1 (3294563 bp),negative_109_28,2031152,2039299,8148,backbone
NC_008060.1,Burkholderia cenocepacia AU 1054 chromosome 1 (3294563 bp),negative_109_29,2073655,2083325,9671,backbone
NC_008060.1,Burkholderia cenocepacia AU 1054 chromosome 1 (3294563 bp),negative_109_30,2084739,2102234,17496,backbone
NC_008060.1,Burkholderia cenocepacia AU 1054 chromosome 1 (3294563 bp),negative_109_31,2145470,2156262,10793,backbone
NC_008060.1,Burkholderia cenocepacia AU 1054 chromosome 1 (3294563 bp),negative_109_32,2218399,2237734,19336,backbone
NC_008060.1,Burkholderia cenocepacia AU 1054 chromosome 1 (3294563 bp),negative_109_33,2246392,2259387,12996,backbone
NC_008060.1,Burkholderia cenocepacia AU 1054 chromosome 1 (3294563 bp),negative_109_34,2307087,2324718,17632,backbone
NC_008060.1,Burkholderia cenocepacia AU 1054 chromosome 1 (3294563 bp),negative_109_35,2333536,2350470,16935,backbone
NC_008060.1,Burkholderia cenocepacia AU 1054 chromosome 1 (3294563 bp),negative_109_36,2394096,2408703,14608,backbone
NC_008060.1,Burkholderia cenocepacia AU 1054 chromosome 1 (3294563 bp),negative_109_37,2408732,2418525,9794,backbone
NC_008060.1,Burkholderia cenocepacia AU 1054 chromosome 1 (3294563 bp),negative_109_38,2452703,2480824,28122,backbone
NC_008060.1,Burkholderia cenocepacia AU 1054 chromosome 1 (3294563 bp),negative_109_39,2644759,2656324,11566,backbone
NC_008060.1,Burkholderia cenocepacia AU 1054 chromosome 1 (3294563 bp),negative_109_40,2661115,2669729,8615,backbone
NC_008060.1,Burkholderia cenocepacia AU 1054 chromosome 1 (3294563 bp),negative_109_41,2715219,2723529,8311,backbone
NC_008060.1,Burkholderia cenocepacia AU 1054 chromosome 1 (3294563 bp),negative_109_42,2735405,2751061,15657,backbone
NC_008060.1,Burkholderia cenocepacia AU 1054 chromosome 1 (3294563 bp),negative_109_43,2751393,2762085,10693,backbone
NC_008060.1,Burkholderia cenocepacia AU 1054 chromosome 1 (3294563 bp),negative_109_44,2935576,2965879,30304,backbone
NC_008060.1,Burkholderia cenocepacia AU 1054 chromosome 1 (3294563 bp),negative_109_45,2997839,3023763,25925,backbone
NC_008060.1,Burkholderia cenocepacia AU 1054 chromosome 1 (3294563 bp),negative_109_46,3028394,3042431,14038,backbone
NC_008060.1,Burkholderia cenocepacia AU 1054 chromosome 1 (3294563 bp),negative_109_47,3058000,3067015,9016,backbone
NC_008060.1,Burkholderia cenocepacia AU 1054 chromosome 1 (3294563 bp),negative_109_48,3120342,3135163,14822,backbone
NC_008060.1,Burkholderia cenocepacia AU 1054 chromosome 1 (3294563 bp),negative_109_49,3249502,3270679,21178,backbone
NC_010084.1,Burkholderia multivorans ATCC 17616 chromosome 1 (3448466 bp),negative_110_1,76110,85197,9088,backbone
NC_010084.1,Burkholderia multivorans ATCC 17616 chromosome 1 (3448466 bp),negative_110_2,105681,120997,15317,backbone
NC_010084.1,Burkholderia multivorans ATCC 17616 chromosome 1 (3448466 bp),negative_110_3,181271,195826,14556,backbone
NC_010084.1,Burkholderia multivorans ATCC 17616 chromosome 1 (3448466 bp),negative_110_4,243877,259285,15409,backbone
NC_010084.1,Burkholderia multivorans ATCC 17616 chromosome 1 (3448466 bp),negative_110_5,267579,281596,14018,backbone
NC_010084.1,Burkholderia multivorans ATCC 17616 chromosome 1 (3448466 bp),negative_110_6,286192,303292,17101,backbone
NC_010084.1,Burkholderia multivorans ATCC 17616 chromosome 1 (3448466 bp),negative_110_7,303584,313918,10335,backbone
NC_010084.1,Burkholderia multivorans ATCC 17616 chromosome 1 (3448466 bp),negative_110_8,345309,375555,30247,backbone
NC_010084.1,Burkholderia multivorans ATCC 17616 chromosome 1 (3448466 bp),negative_110_9,419463,429238,9776,backbone
NC_010084.1,Burkholderia multivorans ATCC 17616 chromosome 1 (3448466 bp),negative_110_10,479238,495606,16369,backbone
NC_010084.1,Burkholderia multivorans ATCC 17616 chromosome 1 (3448466 bp),negative_110_11,495623,511867,16245,backbone
NC_010084.1,Burkholderia multivorans ATCC 17616 chromosome 1 (3448466 bp),negative_110_12,558760,568299,9540,backbone
NC_010084.1,Burkholderia multivorans ATCC 17616 chromosome 1 (3448466 bp),negative_110_13,568418,582812,14395,backbone
NC_010084.1,Burkholderia multivorans ATCC 17616 chromosome 1 (3448466 bp),negative_110_14,611829,628672,16844,backbone
NC_010084.1,Burkholderia multivorans ATCC 17616 chromosome 1 (3448466 bp),negative_110_15,637526,655083,17558,backbone
NC_010084.1,Burkholderia multivorans ATCC 17616 chromosome 1 (3448466 bp),negative_110_16,676940,685028,8089,backbone
NC_010084.1,Burkholderia multivorans ATCC 17616 chromosome 1 (3448466 bp),negative_110_17,709537,722565,13029,backbone
NC_010084.1,Burkholderia multivorans ATCC 17616 chromosome 1 (3448466 bp),negative_110_18,726403,746685,20283,backbone
NC_010084.1,Burkholderia multivorans ATCC 17616 chromosome 1 (3448466 bp),negative_110_19,751705,762280,10576,backbone
NC_010084.1,Burkholderia multivorans ATCC 17616 chromosome 1 (3448466 bp),negative_110_20,804582,815470,10889,backbone
NC_010084.1,Burkholderia multivorans ATCC 17616 chromosome 1 (3448466 bp),negative_110_21,857995,875347,17353,backbone
NC_010084.1,Burkholderia multivorans ATCC 17616 chromosome 1 (3448466 bp),negative_110_22,876854,886551,9698,backbone
NC_010084.1,Burkholderia multivorans ATCC 17616 chromosome 1 (3448466 bp),negative_110_23,920009,928235,8227,backbone
NC_010084.1,Burkholderia multivorans ATCC 17616 chromosome 1 (3448466 bp),negative_110_24,947055,956312,9258,backbone
NC_010084.1,Burkholderia multivorans ATCC 17616 chromosome 1 (3448466 bp),negative_110_25,1000944,1009965,9022,backbone
NC_010084.1,Burkholderia multivorans ATCC 17616 chromosome 1 (3448466 bp),negative_110_26,1036612,1046137,9526,backbone
NC_010084.1,Burkholderia multivorans ATCC 17616 chromosome 1 (3448466 bp),negative_110_27,1072077,1081396,9320,backbone
NC_010084.1,Burkholderia multivorans ATCC 17616 chromosome 1 (3448466 bp),negative_110_28,1081574,1091340,9767,backbone
NC_010084.1,Burkholderia multivorans ATCC 17616 chromosome 1 (3448466 bp),negative_110_29,1104720,1140515,35796,backbone
NC_010084.1,Burkholderia multivorans ATCC 17616 chromosome 1 (3448466 bp),negative_110_30,1809237,1818495,9259,backbone
NC_010084.1,Burkholderia multivorans ATCC 17616 chromosome 1 (3448466 bp),negative_110_31,1908381,1919296,10916,backbone
NC_010084.1,Burkholderia multivorans ATCC 17616 chromosome 1 (3448466 bp),negative_110_32,1924412,1936725,12314,backbone
NC_010084.1,Burkholderia multivorans ATCC 17616 chromosome 1 (3448466 bp),negative_110_33,1940374,1951144,10771,backbone
NC_010084.1,Burkholderia multivorans ATCC 17616 chromosome 1 (3448466 bp),negative_110_34,1960883,1972849,11967,backbone
NC_010084.1,Burkholderia multivorans ATCC 17616 chromosome 1 (3448466 bp),negative_110_35,2203269,2226680,23412,backbone
NC_010084.1,Burkholderia multivorans ATCC 17616 chromosome 1 (3448466 bp),negative_110_36,2360779,2370317,9539,backbone
NC_010084.1,Burkholderia multivorans ATCC 17616 chromosome 1 (3448466 bp),negative_110_37,2375775,2409302,33528,backbone
NC_010084.1,Burkholderia multivorans ATCC 17616 chromosome 1 (3448466 bp),negative_110_38,2410727,2423289,12563,backbone
NC_010084.1,Burkholderia multivorans ATCC 17616 chromosome 1 (3448466 bp),negative_110_39,2460515,2483857,23343,backbone
NC_010084.1,Burkholderia multivorans ATCC 17616 chromosome 1 (3448466 bp),negative_110_40,2570749,2578973,8225,backbone
NC_010084.1,Burkholderia multivorans ATCC 17616 chromosome 1 (3448466 bp),negative_110_41,2640412,2649230,8819,backbone
NC_010084.1,Burkholderia multivorans ATCC 17616 chromosome 1 (3448466 bp),negative_110_42,2703403,2717110,13708,backbone
NC_010084.1,Burkholderia multivorans ATCC 17616 chromosome 1 (3448466 bp),negative_110_43,2739040,2748722,9683,backbone
NC_010084.1,Burkholderia multivorans ATCC 17616 chromosome 1 (3448466 bp),negative_110_44,2804710,2812721,8012,backbone
NC_010084.1,Burkholderia multivorans ATCC 17616 chromosome 1 (3448466 bp),negative_110_45,2866510,2889438,22929,backbone
NC_010084.1,Burkholderia multivorans ATCC 17616 chromosome 1 (3448466 bp),negative_110_46,2890229,2899735,9507,backbone
NC_010084.1,Burkholderia multivorans ATCC 17616 chromosome 1 (3448466 bp),negative_110_47,2904793,2914520,9728,backbone
NC_010084.1,Burkholderia multivorans ATCC 17616 chromosome 1 (3448466 bp),negative_110_48,2936207,2946052,9846,backbone
NC_010084.1,Burkholderia multivorans ATCC 17616 chromosome 1 (3448466 bp),negative_110_49,3013297,3030825,17529,backbone
NC_010084.1,Burkholderia multivorans ATCC 17616 chromosome 1 (3448466 bp),negative_110_50,3039292,3057294,18003,backbone
NC_010084.1,Burkholderia multivorans ATCC 17616 chromosome 1 (3448466 bp),negative_110_51,3082087,3105794,23708,backbone
NC_010084.1,Burkholderia multivorans ATCC 17616 chromosome 1 (3448466 bp),negative_110_52,3115452,3136225,20774,backbone
NC_010084.1,Burkholderia multivorans ATCC 17616 chromosome 1 (3448466 bp),negative_110_53,3291597,3302261,10665,backbone
NC_010084.1,Burkholderia multivorans ATCC 17616 chromosome 1 (3448466 bp),negative_110_54,3308181,3316990,8810,backbone
NC_010084.1,Burkholderia multivorans ATCC 17616 chromosome 1 (3448466 bp),negative_110_55,3387569,3403161,15593,backbone
NC_010084.1,Burkholderia multivorans ATCC 17616 chromosome 1 (3448466 bp),negative_110_56,3403468,3414174,10707,backbone
NC_009782.1,Staphylococcus aureus subsp. aureus Mu3 (2880168 bp),negative_111_1,15564,24319,8756,backbone
NC_009782.1,Staphylococcus aureus subsp. aureus Mu3 (2880168 bp),negative_111_2,539104,553550,14447,backbone
NC_009782.1,Staphylococcus aureus subsp. aureus Mu3 (2880168 bp),negative_111_3,585748,618987,33240,backbone
NC_009782.1,Staphylococcus aureus subsp. aureus Mu3 (2880168 bp),negative_111_4,838780,852014,13235,backbone
NC_009782.1,Staphylococcus aureus subsp. aureus Mu3 (2880168 bp),negative_111_5,1118379,1128517,10139,backbone
NC_009782.1,Staphylococcus aureus subsp. aureus Mu3 (2880168 bp),negative_111_6,1148039,1159576,11538,backbone
NC_009782.1,Staphylococcus aureus subsp. aureus Mu3 (2880168 bp),negative_111_7,1198071,1208244,10174,backbone
NC_009782.1,Staphylococcus aureus subsp. aureus Mu3 (2880168 bp),negative_111_8,1320998,1340707,19710,backbone
NC_009782.1,Staphylococcus aureus subsp. aureus Mu3 (2880168 bp),negative_111_9,1575914,1586931,11018,backbone
NC_009782.1,Staphylococcus aureus subsp. aureus Mu3 (2880168 bp),negative_111_10,1663478,1672406,8929,backbone
NC_009782.1,Staphylococcus aureus subsp. aureus Mu3 (2880168 bp),negative_111_11,1688946,1699075,10130,backbone
NC_009782.1,Staphylococcus aureus subsp. aureus Mu3 (2880168 bp),negative_111_12,1746155,1760182,14028,backbone
NC_009782.1,Staphylococcus aureus subsp. aureus Mu3 (2880168 bp),negative_111_13,1784290,1794235,9946,backbone
NC_009782.1,Staphylococcus aureus subsp. aureus Mu3 (2880168 bp),negative_111_14,2005337,2013849,8513,backbone
NC_009782.1,Staphylococcus aureus subsp. aureus Mu3 (2880168 bp),negative_111_15,2046392,2054472,8081,backbone
NC_009782.1,Staphylococcus aureus subsp. aureus Mu3 (2880168 bp),negative_111_16,2172596,2186592,13997,backbone
NC_009782.1,Staphylococcus aureus subsp. aureus Mu3 (2880168 bp),negative_111_17,2233196,2245449,12254,backbone
NC_009782.1,Staphylococcus aureus subsp. aureus Mu3 (2880168 bp),negative_111_18,2252399,2261748,9350,backbone
NC_009782.1,Staphylococcus aureus subsp. aureus Mu3 (2880168 bp),negative_111_19,2365703,2380911,15209,backbone
NC_002944.2,Mycobacterium avium subsp. paratuberculosis K-10 (4829781 bp),negative_112_1,215162,225079,9918,backbone
NC_002944.2,Mycobacterium avium subsp. paratuberculosis K-10 (4829781 bp),negative_112_2,225506,235475,9970,backbone
NC_004368.1,Streptococcus agalactiae NEM316 (2211485 bp),negative_113_1,16297,28846,12550,backbone
NC_004368.1,Streptococcus agalactiae NEM316 (2211485 bp),negative_113_2,34463,46171,11709,backbone
NC_004368.1,Streptococcus agalactiae NEM316 (2211485 bp),negative_113_3,74536,90913,16378,backbone
NC_004368.1,Streptococcus agalactiae NEM316 (2211485 bp),negative_113_4,147504,157029,9526,backbone
NC_004368.1,Streptococcus agalactiae NEM316 (2211485 bp),negative_113_5,172429,194024,21596,backbone
NC_004368.1,Streptococcus agalactiae NEM316 (2211485 bp),negative_113_6,759049,767162,8114,backbone
NC_004368.1,Streptococcus agalactiae NEM316 (2211485 bp),negative_113_7,773157,782207,9051,backbone
NC_004368.1,Streptococcus agalactiae NEM316 (2211485 bp),negative_113_8,792069,804083,12015,backbone
NC_004368.1,Streptococcus agalactiae NEM316 (2211485 bp),negative_113_9,903312,911845,8534,backbone
NC_004368.1,Streptococcus agalactiae NEM316 (2211485 bp),negative_113_10,934562,944694,10133,backbone
NC_004368.1,Streptococcus agalactiae NEM316 (2211485 bp),negative_113_11,1062255,1078651,16397,backbone
NC_004368.1,Streptococcus agalactiae NEM316 (2211485 bp),negative_113_12,1133248,1145414,12167,backbone
NC_004368.1,Streptococcus agalactiae NEM316 (2211485 bp),negative_113_13,1559930,1568308,8379,backbone
NC_004368.1,Streptococcus agalactiae NEM316 (2211485 bp),negative_113_14,1772906,1783416,10511,backbone
NC_004368.1,Streptococcus agalactiae NEM316 (2211485 bp),negative_113_15,1819268,1829437,10170,backbone
NC_004368.1,Streptococcus agalactiae NEM316 (2211485 bp),negative_113_16,1860588,1871341,10754,backbone
NC_004368.1,Streptococcus agalactiae NEM316 (2211485 bp),negative_113_17,2116734,2125867,9134,backbone
NC_000913.2,Escherichia coli str. K-12 substr. MG1655 (4639675 bp),negative_114_1,89076,97129,8054,backbone
NC_000913.2,Escherichia coli str. K-12 substr. MG1655 (4639675 bp),negative_114_2,100193,112239,12047,backbone
NC_000913.2,Escherichia coli str. K-12 substr. MG1655 (4639675 bp),negative_114_3,197834,209266,11433,backbone
NC_000913.2,Escherichia coli str. K-12 substr. MG1655 (4639675 bp),negative_114_4,432161,445976,13816,backbone
NC_000913.2,Escherichia coli str. K-12 substr. MG1655 (4639675 bp),negative_114_5,451091,459971,8881,backbone
NC_000913.2,Escherichia coli str. K-12 substr. MG1655 (4639675 bp),negative_114_6,661388,674724,13337,backbone
NC_000913.2,Escherichia coli str. K-12 substr. MG1655 (4639675 bp),negative_114_7,753909,763971,10063,backbone
NC_000913.2,Escherichia coli str. K-12 substr. MG1655 (4639675 bp),negative_114_8,770653,779866,9214,backbone
NC_000913.2,Escherichia coli str. K-12 substr. MG1655 (4639675 bp),negative_114_9,959894,968439,8546,backbone
NC_000913.2,Escherichia coli str. K-12 substr. MG1655 (4639675 bp),negative_114_10,972385,981514,9130,backbone
NC_000913.2,Escherichia coli str. K-12 substr. MG1655 (4639675 bp),negative_114_11,1145117,1155462,10346,backbone
NC_000913.2,Escherichia coli str. K-12 substr. MG1655 (4639675 bp),negative_114_12,1294545,1304540,9996,backbone
NC_000913.2,Escherichia coli str. K-12 substr. MG1655 (4639675 bp),negative_114_13,1753720,1761782,8063,backbone
NC_000913.2,Escherichia coli str. K-12 substr. MG1655 (4639675 bp),negative_114_14,2267336,2276852,9517,backbone
NC_000913.2,Escherichia coli str. K-12 substr. MG1655 (4639675 bp),negative_114_15,2388377,2396620,8244,backbone
NC_000913.2,Escherichia coli str. K-12 substr. MG1655 (4639675 bp),negative_114_16,2426203,2435874,9672,backbone
NC_000913.2,Escherichia coli str. K-12 substr. MG1655 (4639675 bp),negative_114_17,2953832,2969135,15304,backbone
NC_000913.2,Escherichia coli str. K-12 substr. MG1655 (4639675 bp),negative_114_18,3304310,3316334,12025,backbone
NC_000913.2,Escherichia coli str. K-12 substr. MG1655 (4639675 bp),negative_114_19,3433995,3451367,17373,backbone
NC_000913.2,Escherichia coli str. K-12 substr. MG1655 (4639675 bp),negative_114_20,3926228,3936284,10057,backbone
NC_000913.2,Escherichia coli str. K-12 substr. MG1655 (4639675 bp),negative_114_21,4173680,4187601,13922,backbone
NC_000913.2,Escherichia coli str. K-12 substr. MG1655 (4639675 bp),negative_114_22,4397768,4407607,9840,backbone
NC_010465.1,Yersinia pseudotuberculosis YPIII (4689441 bp),negative_115_1,318529,334274,15746,backbone
NC_010465.1,Yersinia pseudotuberculosis YPIII (4689441 bp),negative_115_2,353752,367961,14210,backbone
NC_010465.1,Yersinia pseudotuberculosis YPIII (4689441 bp),negative_115_3,1198260,1217028,18769,backbone
NC_010465.1,Yersinia pseudotuberculosis YPIII (4689441 bp),negative_115_4,1724463,1739576,15114,backbone
NC_010465.1,Yersinia pseudotuberculosis YPIII (4689441 bp),negative_115_5,3075394,3086082,10689,backbone
NC_010465.1,Yersinia pseudotuberculosis YPIII (4689441 bp),negative_115_6,3262436,3274206,11771,backbone
NC_010465.1,Yersinia pseudotuberculosis YPIII (4689441 bp),negative_115_7,3853547,3864680,11134,backbone
NC_010465.1,Yersinia pseudotuberculosis YPIII (4689441 bp),negative_115_8,4181090,4190715,9626,backbone
NC_010465.1,Yersinia pseudotuberculosis YPIII (4689441 bp),negative_115_9,4418757,4432512,13756,backbone
NC_008611.1,Mycobacterium ulcerans Agy99 (5631606 bp),negative_116_1,13727,25622,11896,backbone
NC_008611.1,Mycobacterium ulcerans Agy99 (5631606 bp),negative_116_2,1121819,1131878,10060,backbone
NC_008611.1,Mycobacterium ulcerans Agy99 (5631606 bp),negative_116_3,1399488,1410887,11400,backbone
NC_008611.1,Mycobacterium ulcerans Agy99 (5631606 bp),negative_116_4,1604120,1614553,10434,backbone
NC_008611.1,Mycobacterium ulcerans Agy99 (5631606 bp),negative_116_5,1720776,1730891,10116,backbone
NC_008611.1,Mycobacterium ulcerans Agy99 (5631606 bp),negative_116_6,1898764,1912394,13631,backbone
NC_008611.1,Mycobacterium ulcerans Agy99 (5631606 bp),negative_116_7,1946344,1955344,9001,backbone
NC_008611.1,Mycobacterium ulcerans Agy99 (5631606 bp),negative_116_8,1966085,1974559,8475,backbone
NC_008611.1,Mycobacterium ulcerans Agy99 (5631606 bp),negative_116_9,1989735,1998333,8599,backbone
NC_008611.1,Mycobacterium ulcerans Agy99 (5631606 bp),negative_116_10,2174590,2184544,9955,backbone
NC_008611.1,Mycobacterium ulcerans Agy99 (5631606 bp),negative_116_11,2365608,2376280,10673,backbone
NC_008611.1,Mycobacterium ulcerans Agy99 (5631606 bp),negative_116_12,2528968,2537590,8623,backbone
NC_008611.1,Mycobacterium ulcerans Agy99 (5631606 bp),negative_116_13,2796007,2807052,11046,backbone
NC_008611.1,Mycobacterium ulcerans Agy99 (5631606 bp),negative_116_14,2829370,2837558,8189,backbone
NC_008611.1,Mycobacterium ulcerans Agy99 (5631606 bp),negative_116_15,2899460,2909101,9642,backbone
NC_008611.1,Mycobacterium ulcerans Agy99 (5631606 bp),negative_116_16,3877931,3887366,9436,backbone
NC_008611.1,Mycobacterium ulcerans Agy99 (5631606 bp),negative_116_17,3890730,3901853,11124,backbone
NC_008611.1,Mycobacterium ulcerans Agy99 (5631606 bp),negative_116_18,3933269,3950928,17660,backbone
NC_008611.1,Mycobacterium ulcerans Agy99 (5631606 bp),negative_116_19,4140573,4148910,8338,backbone
NC_008611.1,Mycobacterium ulcerans Agy99 (5631606 bp),negative_116_20,4254827,4266285,11459,backbone
NC_008611.1,Mycobacterium ulcerans Agy99 (5631606 bp),negative_116_21,4423995,4439180,15186,backbone
NC_008611.1,Mycobacterium ulcerans Agy99 (5631606 bp),negative_116_22,4652715,4664844,12130,backbone
NC_008611.1,Mycobacterium ulcerans Agy99 (5631606 bp),negative_116_23,4714538,4732739,18202,backbone
NC_008611.1,Mycobacterium ulcerans Agy99 (5631606 bp),negative_116_24,5064704,5074926,10223,backbone
NC_008611.1,Mycobacterium ulcerans Agy99 (5631606 bp),negative_116_25,5523960,5533736,9777,backbone
NC_008611.1,Mycobacterium ulcerans Agy99 (5631606 bp),negative_116_26,5534409,5544488,10080,backbone
AC_000091.1,Escherichia coli W3110 DNA (4646332 bp),negative_117_1,86763,109345,22583,backbone
AC_000091.1,Escherichia coli W3110 DNA (4646332 bp),negative_117_2,187981,196819,8839,backbone
AC_000091.1,Escherichia coli W3110 DNA (4646332 bp),negative_117_3,199857,209266,9410,backbone
AC_000091.1,Escherichia coli W3110 DNA (4646332 bp),negative_117_4,452534,464009,11476,backbone
AC_000091.1,Escherichia coli W3110 DNA (4646332 bp),negative_117_5,701802,710548,8747,backbone
AC_000091.1,Escherichia coli W3110 DNA (4646332 bp),negative_117_6,753692,765571,11880,backbone
AC_000091.1,Escherichia coli W3110 DNA (4646332 bp),negative_117_7,951829,960520,8692,backbone
AC_000091.1,Escherichia coli W3110 DNA (4646332 bp),negative_117_8,972100,981246,9147,backbone
AC_000091.1,Escherichia coli W3110 DNA (4646332 bp),negative_117_9,1148254,1157231,8978,backbone
AC_000091.1,Escherichia coli W3110 DNA (4646332 bp),negative_117_10,2394996,2410116,15121,backbone
AC_000091.1,Escherichia coli W3110 DNA (4646332 bp),negative_117_11,2445847,2454604,8758,backbone
AC_000091.1,Escherichia coli W3110 DNA (4646332 bp),negative_117_12,2634685,2643648,8964,backbone
AC_000091.1,Escherichia coli W3110 DNA (4646332 bp),negative_117_13,2686114,2694538,8425,backbone
AC_000091.1,Escherichia coli W3110 DNA (4646332 bp),negative_117_14,2699278,2709613,10336,backbone
AC_000091.1,Escherichia coli W3110 DNA (4646332 bp),negative_117_15,2813457,2822352,8896,backbone
AC_000091.1,Escherichia coli W3110 DNA (4646332 bp),negative_117_16,2949092,2961577,12486,backbone
AC_000091.1,Escherichia coli W3110 DNA (4646332 bp),negative_117_17,3306153,3318167,12015,backbone
AC_000091.1,Escherichia coli W3110 DNA (4646332 bp),negative_117_18,3447098,3461028,13931,backbone
AC_000091.1,Escherichia coli W3110 DNA (4646332 bp),negative_117_19,3576633,3585399,8767,backbone
AC_000091.1,Escherichia coli W3110 DNA (4646332 bp),negative_117_20,3653831,3662197,8367,backbone
AC_000091.1,Escherichia coli W3110 DNA (4646332 bp),negative_117_21,3664159,3672663,8505,backbone
AC_000091.1,Escherichia coli W3110 DNA (4646332 bp),negative_117_22,4187072,4204444,17373,backbone
AC_000091.1,Escherichia coli W3110 DNA (4646332 bp),negative_117_23,4404425,4414687,10263,backbone
NC_005773.3,Pseudomonas syringae pv. phaseolicola 1448A (5928787 bp),negative_118_1,250988,264080,13093,backbone
NC_005773.3,Pseudomonas syringae pv. phaseolicola 1448A (5928787 bp),negative_118_2,588587,598403,9817,backbone
NC_005773.3,Pseudomonas syringae pv. phaseolicola 1448A (5928787 bp),negative_118_3,656877,673055,16179,backbone
NC_005773.3,Pseudomonas syringae pv. phaseolicola 1448A (5928787 bp),negative_118_4,732797,756725,23929,backbone
NC_005773.3,Pseudomonas syringae pv. phaseolicola 1448A (5928787 bp),negative_118_5,841003,851365,10363,backbone
NC_005773.3,Pseudomonas syringae pv. phaseolicola 1448A (5928787 bp),negative_118_6,1018784,1030745,11962,backbone
NC_005773.3,Pseudomonas syringae pv. phaseolicola 1448A (5928787 bp),negative_118_7,1302050,1319279,17230,backbone
NC_005773.3,Pseudomonas syringae pv. phaseolicola 1448A (5928787 bp),negative_118_8,1376095,1384357,8263,backbone
NC_005773.3,Pseudomonas syringae pv. phaseolicola 1448A (5928787 bp),negative_118_9,1510568,1534186,23619,backbone
NC_005773.3,Pseudomonas syringae pv. phaseolicola 1448A (5928787 bp),negative_118_10,1564506,1573700,9195,backbone
NC_005773.3,Pseudomonas syringae pv. phaseolicola 1448A (5928787 bp),negative_118_11,1840022,1850493,10472,backbone
NC_005773.3,Pseudomonas syringae pv. phaseolicola 1448A (5928787 bp),negative_118_12,1882574,1893407,10834,backbone
NC_005773.3,Pseudomonas syringae pv. phaseolicola 1448A (5928787 bp),negative_118_13,2069870,2084137,14268,backbone
NC_005773.3,Pseudomonas syringae pv. phaseolicola 1448A (5928787 bp),negative_118_14,2219007,2228561,9555,backbone
NC_005773.3,Pseudomonas syringae pv. phaseolicola 1448A (5928787 bp),negative_118_15,2320399,2335092,14694,backbone
NC_005773.3,Pseudomonas syringae pv. phaseolicola 1448A (5928787 bp),negative_118_16,3608027,3622764,14738,backbone
NC_005773.3,Pseudomonas syringae pv. phaseolicola 1448A (5928787 bp),negative_118_17,3883204,3895706,12503,backbone
NC_005773.3,Pseudomonas syringae pv. phaseolicola 1448A (5928787 bp),negative_118_18,3902326,3912357,10032,backbone
NC_005773.3,Pseudomonas syringae pv. phaseolicola 1448A (5928787 bp),negative_118_19,4316094,4330916,14823,backbone
NC_005773.3,Pseudomonas syringae pv. phaseolicola 1448A (5928787 bp),negative_118_20,4332392,4341276,8885,backbone
NC_005773.3,Pseudomonas syringae pv. phaseolicola 1448A (5928787 bp),negative_118_21,4361389,4372340,10952,backbone
NC_005773.3,Pseudomonas syringae pv. phaseolicola 1448A (5928787 bp),negative_118_22,4372901,4383041,10141,backbone
NC_005773.3,Pseudomonas syringae pv. phaseolicola 1448A (5928787 bp),negative_118_23,4383570,4400319,16750,backbone
NC_005773.3,Pseudomonas syringae pv. phaseolicola 1448A (5928787 bp),negative_118_24,4686765,4698528,11764,backbone
NC_005773.3,Pseudomonas syringae pv. phaseolicola 1448A (5928787 bp),negative_118_25,4723542,4738591,15050,backbone
NC_005773.3,Pseudomonas syringae pv. phaseolicola 1448A (5928787 bp),negative_118_26,4744871,4761514,16644,backbone
NC_005773.3,Pseudomonas syringae pv. phaseolicola 1448A (5928787 bp),negative_118_27,4771888,4793163,21276,backbone
NC_005773.3,Pseudomonas syringae pv. phaseolicola 1448A (5928787 bp),negative_118_28,5023777,5033019,9243,backbone
NC_005773.3,Pseudomonas syringae pv. phaseolicola 1448A (5928787 bp),negative_118_29,5079212,5087629,8418,backbone
NC_005773.3,Pseudomonas syringae pv. phaseolicola 1448A (5928787 bp),negative_118_30,5208018,5244184,36167,backbone
NC_005773.3,Pseudomonas syringae pv. phaseolicola 1448A (5928787 bp),negative_118_31,5392609,5401367,8759,backbone
NC_005773.3,Pseudomonas syringae pv. phaseolicola 1448A (5928787 bp),negative_118_32,5563606,5572249,8644,backbone
NC_005773.3,Pseudomonas syringae pv. phaseolicola 1448A (5928787 bp),negative_118_33,5804719,5819361,14643,backbone
NC_005773.3,Pseudomonas syringae pv. phaseolicola 1448A (5928787 bp),negative_118_34,5907208,5917661,10454,backbone
