accession,method,start,end
NC_000907.1,SAGE-GI-P,622001,632000
NC_000907.1,SAGE-GI-P,1562001,1592000
NC_000907.1,Emb-only-P,1562001,1592000
NC_000907.1,SAGE-GI-R,46751,64250
NC_000907.1,SAGE-GI-R,116651,133950
NC_000907.1,SAGE-GI-R,225751,303050
NC_000907.1,SAGE-GI-R,393551,405950
NC_000907.1,SAGE-GI-R,478651,512850
NC_000907.1,SAGE-GI-R,521151,541250
NC_000907.1,SAGE-GI-R,593951,638050
NC_000907.1,SAGE-GI-R,652551,667150
NC_000907.1,SAGE-GI-R,726551,737150
NC_000907.1,SAGE-GI-R,766351,784250
NC_000907.1,SAGE-GI-R,834551,864450
NC_000907.1,SAGE-GI-R,913851,929250
NC_000907.1,SAGE-GI-R,1025951,1124150
NC_000907.1,SAGE-GI-R,1162251,1179450
NC_000907.1,SAGE-GI-R,1196251,1218550
NC_000907.1,SAGE-GI-R,1276651,1307950
NC_000907.1,SAGE-GI-R,1355451,1373150
NC_000907.1,SAGE-GI-R,1434551,1484150
NC_000907.1,SAGE-GI-R,1496351,1512150
NC_000907.1,SAGE-GI-R,1554551,1596550
NC_000907.1,SAGE-GI-R,1616551,1648250
NC_000907.1,SAGE-GI-R,1751251,1780350
NC_000907.1,SAGE-GI-R,1800851,1825150
NC_000907.1,Emb-only-R,46051,58550
NC_000907.1,Emb-only-R,116551,133450
NC_000907.1,Emb-only-R,212451,302850
NC_000907.1,Emb-only-R,431451,448450
NC_000907.1,Emb-only-R,487351,541150
NC_000907.1,Emb-only-R,593451,640350
NC_000907.1,Emb-only-R,649851,669950
NC_000907.1,Emb-only-R,725651,739650
NC_000907.1,Emb-only-R,766951,782750
NC_000907.1,Emb-only-R,835451,858150
NC_000907.1,Emb-only-R,905351,933050
NC_000907.1,Emb-only-R,1020151,1071950
NC_000907.1,Emb-only-R,1082751,1123650
NC_000907.1,Emb-only-R,1161851,1179250
NC_000907.1,Emb-only-R,1194651,1220150
NC_000907.1,Emb-only-R,1292351,1302550
NC_000907.1,Emb-only-R,1355751,1370850
NC_000907.1,Emb-only-R,1451251,1477650
NC_000907.1,Emb-only-R,1498551,1513250
NC_000907.1,Emb-only-R,1552551,1597150
NC_000907.1,Emb-only-R,1617051,1645950
NC_000907.1,Emb-only-R,1704151,1717550
NC_000907.1,Emb-only-R,1757951,1777250
NC_000907.1,Emb-only-R,1802251,1825150
AC_000091.1,SAGE-GI-P,262001,331000
AC_000091.1,SAGE-GI-P,566001,586000
AC_000091.1,SAGE-GI-P,1197001,1230000
AC_000091.1,SAGE-GI-P,1418001,1441000
AC_000091.1,SAGE-GI-P,1581001,1603000
AC_000091.1,SAGE-GI-P,2047001,2083000
AC_000091.1,SAGE-GI-P,2466001,2501000
AC_000091.1,SAGE-GI-P,2731001,2799000
AC_000091.1,SAGE-GI-P,3431001,3470000
AC_000091.1,SAGE-GI-P,4156001,4217000
AC_000091.1,SAGE-GI-P,4501001,4550000
AC_000091.1,Emb-only-P,268001,324000
AC_000091.1,Emb-only-P,566001,586000
AC_000091.1,Emb-only-P,1197001,1230000
AC_000091.1,Emb-only-P,1418001,1447000
AC_000091.1,Emb-only-P,1581001,1603000
AC_000091.1,Emb-only-P,2083001,2102000
AC_000091.1,Emb-only-P,2466001,2501000
AC_000091.1,Emb-only-P,2731001,2799000
AC_000091.1,Emb-only-P,3431001,3470000
AC_000091.1,Emb-only-P,4156001,4217000
AC_000091.1,Emb-only-P,4501001,4550000
AC_000091.1,SAGE-GI-R,91251,104050
AC_000091.1,SAGE-GI-R,119751,133350
AC_000091.1,SAGE-GI-R,156851,167050
AC_000091.1,SAGE-GI-R,218551,249550
AC_000091.1,SAGE-GI-R,260651,352850
AC_000091.1,SAGE-GI-R,369051,395050
AC_000091.1,SAGE-GI-R,440451,461650
AC_000091.1,SAGE-GI-R,517151,547150
AC_000091.1,SAGE-GI-R,557151,590750
AC_000091.1,SAGE-GI-R,722551,744050
AC_000091.1,SAGE-GI-R,760051,786450
AC_000091.1,SAGE-GI-R,935951,989850
AC_000091.1,SAGE-GI-R,1087651,1108950
AC_000091.1,SAGE-GI-R,1191851,1229950
AC_000091.1,SAGE-GI-R,1288451,1302350
AC_000091.1,SAGE-GI-R,1401051,1440550
AC_000091.1,SAGE-GI-R,1456951,1482750
AC_000091.1,SAGE-GI-R,1524851,1548550
AC_000091.1,SAGE-GI-R,1572351,1603650
AC_000091.1,SAGE-GI-R,1624951,1659550
AC_000091.1,SAGE-GI-R,1796751,1813950
AC_000091.1,SAGE-GI-R,1905451,1917950
AC_000091.1,SAGE-GI-R,2022251,2131050
AC_000091.1,SAGE-GI-R,2186851,2209650
AC_000091.1,SAGE-GI-R,2285451,2302550
AC_000091.1,SAGE-GI-R,2386651,2410450
AC_000091.1,SAGE-GI-R,2466851,2501850
AC_000091.1,SAGE-GI-R,2515551,2537950
AC_000091.1,SAGE-GI-R,2634751,2643550
AC_000091.1,SAGE-GI-R,2720951,2733950
AC_000091.1,SAGE-GI-R,2747351,2800750
AC_000091.1,SAGE-GI-R,2845251,2857750
AC_000091.1,SAGE-GI-R,2868951,2887250
AC_000091.1,SAGE-GI-R,2898451,2909350
AC_000091.1,SAGE-GI-R,2980051,3006950
AC_000091.1,SAGE-GI-R,3183351,3198350
AC_000091.1,SAGE-GI-R,3260851,3273350
AC_000091.1,SAGE-GI-R,3305051,3322950
AC_000091.1,SAGE-GI-R,3419151,3433150
AC_000091.1,SAGE-GI-R,3444951,3474350
AC_000091.1,SAGE-GI-R,3579151,3605250
AC_000091.1,SAGE-GI-R,3684251,3728650
AC_000091.1,SAGE-GI-R,3746451,3757550
AC_000091.1,SAGE-GI-R,3786551,3796950
AC_000091.1,SAGE-GI-R,3830351,3847650
AC_000091.1,SAGE-GI-R,3866651,3882150
AC_000091.1,SAGE-GI-R,3976151,3991550
AC_000091.1,SAGE-GI-R,4001451,4053050
AC_000091.1,SAGE-GI-R,4162551,4222450
AC_000091.1,SAGE-GI-R,4280251,4293750
AC_000091.1,SAGE-GI-R,4306651,4334550
AC_000091.1,SAGE-GI-R,4348751,4375350
AC_000091.1,SAGE-GI-R,4395151,4417550
AC_000091.1,SAGE-GI-R,4476051,4488750
AC_000091.1,SAGE-GI-R,4498551,4551350
AC_000091.1,SAGE-GI-R,4565551,4589350
AC_000091.1,Emb-only-R,116151,132550
AC_000091.1,Emb-only-R,218251,248150
AC_000091.1,Emb-only-R,260851,354050
AC_000091.1,Emb-only-R,445051,460950
AC_000091.1,Emb-only-R,516451,535550
AC_000091.1,Emb-only-R,564451,591450
AC_000091.1,Emb-only-R,656851,671950
AC_000091.1,Emb-only-R,720951,743950
AC_000091.1,Emb-only-R,762851,787750
AC_000091.1,Emb-only-R,870451,890450
AC_000091.1,Emb-only-R,949251,989350
AC_000091.1,Emb-only-R,1098051,1111150
AC_000091.1,Emb-only-R,1132951,1150550
AC_000091.1,Emb-only-R,1189451,1230250
AC_000091.1,Emb-only-R,1289251,1305750
AC_000091.1,Emb-only-R,1398251,1441250
AC_000091.1,Emb-only-R,1459351,1477050
AC_000091.1,Emb-only-R,1526551,1549950
AC_000091.1,Emb-only-R,1565251,1603350
AC_000091.1,Emb-only-R,1623751,1655850
AC_000091.1,Emb-only-R,1796551,1811650
AC_000091.1,Emb-only-R,1907151,1916750
AC_000091.1,Emb-only-R,2024851,2087050
AC_000091.1,Emb-only-R,2095251,2116150
AC_000091.1,Emb-only-R,2190351,2212550
AC_000091.1,Emb-only-R,2389651,2407150
AC_000091.1,Emb-only-R,2428851,2439750
AC_000091.1,Emb-only-R,2467351,2503350
AC_000091.1,Emb-only-R,2515751,2538950
AC_000091.1,Emb-only-R,2638751,2659050
AC_000091.1,Emb-only-R,2719851,2733950
AC_000091.1,Emb-only-R,2747351,2799650
AC_000091.1,Emb-only-R,2869951,2904750
AC_000091.1,Emb-only-R,2979551,3005850
AC_000091.1,Emb-only-R,3065251,3083850
AC_000091.1,Emb-only-R,3180651,3196550
AC_000091.1,Emb-only-R,3259451,3268250
AC_000091.1,Emb-only-R,3304551,3322650
AC_000091.1,Emb-only-R,3419151,3474650
AC_000091.1,Emb-only-R,3588851,3605150
AC_000091.1,Emb-only-R,3683051,3731850
AC_000091.1,Emb-only-R,3746251,3759650
AC_000091.1,Emb-only-R,3828951,3852250
AC_000091.1,Emb-only-R,3860251,3882450
AC_000091.1,Emb-only-R,3981051,4063250
AC_000091.1,Emb-only-R,4114851,4123850
AC_000091.1,Emb-only-R,4161951,4226550
AC_000091.1,Emb-only-R,4275551,4290550
AC_000091.1,Emb-only-R,4306051,4336450
AC_000091.1,Emb-only-R,4345951,4376650
AC_000091.1,Emb-only-R,4396951,4416350
AC_000091.1,Emb-only-R,4439651,4459850
AC_000091.1,Emb-only-R,4471551,4490150
AC_000091.1,Emb-only-R,4500951,4551350
AC_000091.1,Emb-only-R,4565551,4588650
NC_000913.2,SAGE-GI-P,262001,324000
NC_000913.2,SAGE-GI-P,565001,586000
NC_000913.2,SAGE-GI-P,1192001,1219000
NC_000913.2,SAGE-GI-P,1409001,1434000
NC_000913.2,SAGE-GI-P,1575001,1598000
NC_000913.2,SAGE-GI-P,2057001,2098000
NC_000913.2,SAGE-GI-P,2459001,2495000
NC_000913.2,SAGE-GI-P,2753001,2798000
NC_000913.2,SAGE-GI-P,3429001,3479000
NC_000913.2,SAGE-GI-P,4165001,4205000
NC_000913.2,SAGE-GI-P,4500001,4543000
NC_000913.2,Emb-only-P,262001,324000
NC_000913.2,Emb-only-P,1192001,1219000
NC_000913.2,Emb-only-P,1409001,1434000
NC_000913.2,Emb-only-P,1629001,1648000
NC_000913.2,Emb-only-P,2459001,2495000
NC_000913.2,Emb-only-P,2729001,2798000
NC_000913.2,Emb-only-P,3429001,3479000
NC_000913.2,Emb-only-P,3913001,3939000
NC_000913.2,Emb-only-P,4165001,4204000
NC_000913.2,Emb-only-P,4494001,4543000
NC_000913.2,SAGE-GI-R,86451,103550
NC_000913.2,SAGE-GI-R,119951,133850
NC_000913.2,SAGE-GI-R,156351,167350
NC_000913.2,SAGE-GI-R,219651,249050
NC_000913.2,SAGE-GI-R,260351,353950
NC_000913.2,SAGE-GI-R,369351,395050
NC_000913.2,SAGE-GI-R,438951,462650
NC_000913.2,SAGE-GI-R,516651,547350
NC_000913.2,SAGE-GI-R,556851,590750
NC_000913.2,SAGE-GI-R,619551,634150
NC_000913.2,SAGE-GI-R,723351,742850
NC_000913.2,SAGE-GI-R,762851,785550
NC_000913.2,SAGE-GI-R,928251,988750
NC_000913.2,SAGE-GI-R,1084651,1105850
NC_000913.2,SAGE-GI-R,1134851,1148150
NC_000913.2,SAGE-GI-R,1192751,1227350
NC_000913.2,SAGE-GI-R,1395251,1440850
NC_000913.2,SAGE-GI-R,1452951,1482250
NC_000913.2,SAGE-GI-R,1518551,1547050
NC_000913.2,SAGE-GI-R,1566451,1599950
NC_000913.2,SAGE-GI-R,1624051,1661350
NC_000913.2,SAGE-GI-R,1796151,1804550
NC_000913.2,SAGE-GI-R,1852351,1874950
NC_000913.2,SAGE-GI-R,2017951,2082450
NC_000913.2,SAGE-GI-R,2093351,2121950
NC_000913.2,SAGE-GI-R,2150151,2164950
NC_000913.2,SAGE-GI-R,2182551,2206650
NC_000913.2,SAGE-GI-R,2281651,2299250
NC_000913.2,SAGE-GI-R,2313251,2322650
NC_000913.2,SAGE-GI-R,2380451,2401150
NC_000913.2,SAGE-GI-R,2460051,2493250
NC_000913.2,SAGE-GI-R,2507851,2528350
NC_000913.2,SAGE-GI-R,2553651,2571750
NC_000913.2,SAGE-GI-R,2597851,2611950
NC_000913.2,SAGE-GI-R,2636051,2648850
NC_000913.2,SAGE-GI-R,2719051,2733050
NC_000913.2,SAGE-GI-R,2748451,2797050
NC_000913.2,SAGE-GI-R,2871751,2886750
NC_000913.2,SAGE-GI-R,2980951,3002650
NC_000913.2,SAGE-GI-R,3182951,3197050
NC_000913.2,SAGE-GI-R,3302351,3319850
NC_000913.2,SAGE-GI-R,3355451,3368150
NC_000913.2,SAGE-GI-R,3417351,3477050
NC_000913.2,SAGE-GI-R,3574851,3664750
NC_000913.2,SAGE-GI-R,3756651,3773250
NC_000913.2,SAGE-GI-R,3789151,3815150
NC_000913.2,SAGE-GI-R,3839751,3854050
NC_000913.2,SAGE-GI-R,3905151,3950850
NC_000913.2,SAGE-GI-R,3969151,3983950
NC_000913.2,SAGE-GI-R,4029851,4045050
NC_000913.2,SAGE-GI-R,4092951,4104050
NC_000913.2,SAGE-GI-R,4160251,4217250
NC_000913.2,SAGE-GI-R,4245351,4273050
NC_000913.2,SAGE-GI-R,4306051,4327850
NC_000913.2,SAGE-GI-R,4349951,4369550
NC_000913.2,SAGE-GI-R,4388251,4408850
NC_000913.2,SAGE-GI-R,4468851,4549850
NC_000913.2,SAGE-GI-R,4559051,4584150
NC_000913.2,Emb-only-R,116751,133050
NC_000913.2,Emb-only-R,219851,248050
NC_000913.2,Emb-only-R,260651,353950
NC_000913.2,Emb-only-R,384051,393250
NC_000913.2,Emb-only-R,444151,462150
NC_000913.2,Emb-only-R,516251,535250
NC_000913.2,Emb-only-R,564151,591950
NC_000913.2,Emb-only-R,680951,690950
NC_000913.2,Emb-only-R,720551,742850
NC_000913.2,Emb-only-R,772551,787150
NC_000913.2,Emb-only-R,945151,970450
NC_000913.2,Emb-only-R,1192751,1225250
NC_000913.2,Emb-only-R,1396051,1443450
NC_000913.2,Emb-only-R,1450451,1477750
NC_000913.2,Emb-only-R,1514051,1547350
NC_000913.2,Emb-only-R,1566151,1599650
NC_000913.2,Emb-only-R,1621051,1668550
NC_000913.2,Emb-only-R,1792451,1803250
NC_000913.2,Emb-only-R,1853151,1880450
NC_000913.2,Emb-only-R,2023651,2080250
NC_000913.2,Emb-only-R,2094951,2112450
NC_000913.2,Emb-only-R,2186651,2207250
NC_000913.2,Emb-only-R,2312051,2324050
NC_000913.2,Emb-only-R,2380451,2400850
NC_000913.2,Emb-only-R,2459851,2495750
NC_000913.2,Emb-only-R,2507851,2533750
NC_000913.2,Emb-only-R,2553151,2570250
NC_000913.2,Emb-only-R,2637451,2658550
NC_000913.2,Emb-only-R,2718551,2734450
NC_000913.2,Emb-only-R,2748051,2798250
NC_000913.2,Emb-only-R,2871251,2886350
NC_000913.2,Emb-only-R,2981051,3007750
NC_000913.2,Emb-only-R,3061451,3088250
NC_000913.2,Emb-only-R,3183051,3196550
NC_000913.2,Emb-only-R,3298651,3322550
NC_000913.2,Emb-only-R,3353851,3367650
NC_000913.2,Emb-only-R,3417951,3477850
NC_000913.2,Emb-only-R,3574451,3668250
NC_000913.2,Emb-only-R,3757751,3777950
NC_000913.2,Emb-only-R,3784051,3818750
NC_000913.2,Emb-only-R,3904751,3950150
NC_000913.2,Emb-only-R,4030151,4044650
NC_000913.2,Emb-only-R,4053151,4068550
NC_000913.2,Emb-only-R,4089551,4103650
NC_000913.2,Emb-only-R,4160051,4221350
NC_000913.2,Emb-only-R,4250751,4265950
NC_000913.2,Emb-only-R,4304651,4327850
NC_000913.2,Emb-only-R,4346551,4372850
NC_000913.2,Emb-only-R,4387351,4408250
NC_000913.2,Emb-only-R,4468451,4549450
NC_000913.2,Emb-only-R,4561351,4583450
NC_002516.2,SAGE-GI-P,668001,728000
NC_002516.2,SAGE-GI-P,763001,784000
NC_002516.2,SAGE-GI-P,1025001,1077000
NC_002516.2,SAGE-GI-P,1479001,1514000
NC_002516.2,SAGE-GI-P,2649001,2692000
NC_002516.2,SAGE-GI-P,2756001,2786000
NC_002516.2,SAGE-GI-P,3087001,3099000
NC_002516.2,SAGE-GI-P,3527001,3550000
NC_002516.2,SAGE-GI-P,4721001,4795000
NC_002516.2,Emb-only-P,679001,746000
NC_002516.2,Emb-only-P,763001,784000
NC_002516.2,Emb-only-P,1058001,1077000
NC_002516.2,Emb-only-P,1479001,1514000
NC_002516.2,Emb-only-P,2756001,2786000
NC_002516.2,Emb-only-P,3079751,3093950
NC_002516.2,Emb-only-P,3527001,3550000
NC_002516.2,Emb-only-P,4753001,4795000
NC_002516.2,SAGE-GI-R,42251,65550
NC_002516.2,SAGE-GI-R,73851,97950
NC_002516.2,SAGE-GI-R,107751,135750
NC_002516.2,SAGE-GI-R,148651,165650
NC_002516.2,SAGE-GI-R,219851,232450
NC_002516.2,SAGE-GI-R,289051,307250
NC_002516.2,SAGE-GI-R,329751,345250
NC_002516.2,SAGE-GI-R,449651,486350
NC_002516.2,SAGE-GI-R,555351,566650
NC_002516.2,SAGE-GI-R,624451,732150
NC_002516.2,SAGE-GI-R,744351,767050
NC_002516.2,SAGE-GI-R,778451,801850
NC_002516.2,SAGE-GI-R,890751,912250
NC_002516.2,SAGE-GI-R,961851,974550
NC_002516.2,SAGE-GI-R,1019951,1126450
NC_002516.2,SAGE-GI-R,1132751,1195850
NC_002516.2,SAGE-GI-R,1238151,1258950
NC_002516.2,SAGE-GI-R,1314951,1395450
NC_002516.2,SAGE-GI-R,1425251,1435550
NC_002516.2,SAGE-GI-R,1450851,1522250
NC_002516.2,SAGE-GI-R,1563551,1595550
NC_002516.2,SAGE-GI-R,1632551,1737050
NC_002516.2,SAGE-GI-R,1776151,1812850
NC_002516.2,SAGE-GI-R,1836651,1870250
NC_002516.2,SAGE-GI-R,1941951,1970750
NC_002516.2,SAGE-GI-R,2027051,2047250
NC_002516.2,SAGE-GI-R,2061551,2100050
NC_002516.2,SAGE-GI-R,2107551,2135650
NC_002516.2,SAGE-GI-R,2153151,2167350
NC_002516.2,SAGE-GI-R,2222051,2239650
NC_002516.2,SAGE-GI-R,2298651,2320250
NC_002516.2,SAGE-GI-R,2436451,2468250
NC_002516.2,SAGE-GI-R,2545051,2567250
NC_002516.2,SAGE-GI-R,2617451,2632750
NC_002516.2,SAGE-GI-R,2650851,2696950
NC_002516.2,SAGE-GI-R,2705951,2726450
NC_002516.2,SAGE-GI-R,2754451,2782450
NC_002516.2,SAGE-GI-R,2899951,2926850
NC_002516.2,SAGE-GI-R,2967951,2999550
NC_002516.2,SAGE-GI-R,3016351,3047150
NC_002516.2,SAGE-GI-R,3073251,3105950
NC_002516.2,SAGE-GI-R,3197951,3212150
NC_002516.2,SAGE-GI-R,3317451,3367150
NC_002516.2,SAGE-GI-R,3425251,3458050
NC_002516.2,SAGE-GI-R,3521451,3560050
NC_002516.2,SAGE-GI-R,3676551,3690850
NC_002516.2,SAGE-GI-R,3728951,3757350
NC_002516.2,SAGE-GI-R,3930751,3942050
NC_002516.2,SAGE-GI-R,3964351,3989450
NC_002516.2,SAGE-GI-R,4172351,4185250
NC_002516.2,SAGE-GI-R,4214451,4233350
NC_002516.2,SAGE-GI-R,4290051,4302150
NC_002516.2,SAGE-GI-R,4321751,4338650
NC_002516.2,SAGE-GI-R,4410851,4428050
NC_002516.2,SAGE-GI-R,4468951,4487250
NC_002516.2,SAGE-GI-R,4556551,4584450
NC_002516.2,SAGE-GI-R,4702851,4809250
NC_002516.2,SAGE-GI-R,4936251,4974850
NC_002516.2,SAGE-GI-R,5062351,5109150
NC_002516.2,SAGE-GI-R,5182851,5194450
NC_002516.2,SAGE-GI-R,5259351,5275450
NC_002516.2,SAGE-GI-R,5314251,5349050
NC_002516.2,SAGE-GI-R,5385551,5395650
NC_002516.2,SAGE-GI-R,5445951,5465250
NC_002516.2,SAGE-GI-R,5497851,5514350
NC_002516.2,SAGE-GI-R,5540351,5552850
NC_002516.2,SAGE-GI-R,5642451,5655150
NC_002516.2,SAGE-GI-R,5671351,5704850
NC_002516.2,SAGE-GI-R,5720751,5736550
NC_002516.2,SAGE-GI-R,5758051,5769950
NC_002516.2,SAGE-GI-R,5908151,5935350
NC_002516.2,SAGE-GI-R,6035851,6049350
NC_002516.2,SAGE-GI-R,6144551,6162550
NC_002516.2,SAGE-GI-R,6246651,6259450
NC_002516.2,Emb-only-R,43051,99850
NC_002516.2,Emb-only-R,107051,133750
NC_002516.2,Emb-only-R,147451,169350
NC_002516.2,Emb-only-R,219451,230350
NC_002516.2,Emb-only-R,251251,259750
NC_002516.2,Emb-only-R,288351,310250
NC_002516.2,Emb-only-R,329851,345750
NC_002516.2,Emb-only-R,451651,463750
NC_002516.2,Emb-only-R,617451,732450
NC_002516.2,Emb-only-R,743851,764950
NC_002516.2,Emb-only-R,780851,801550
NC_002516.2,Emb-only-R,887951,912050
NC_002516.2,Emb-only-R,960951,974650
NC_002516.2,Emb-only-R,1020451,1111950
NC_002516.2,Emb-only-R,1137251,1194050
NC_002516.2,Emb-only-R,1236551,1257650
NC_002516.2,Emb-only-R,1312651,1389450
NC_002516.2,Emb-only-R,1451851,1465950
NC_002516.2,Emb-only-R,1473751,1519950
NC_002516.2,Emb-only-R,1580751,1599750
NC_002516.2,Emb-only-R,1630851,1652850
NC_002516.2,Emb-only-R,1679751,1707950
NC_002516.2,Emb-only-R,1718451,1757050
NC_002516.2,Emb-only-R,1773951,1794450
NC_002516.2,Emb-only-R,1849451,1878150
NC_002516.2,Emb-only-R,1945951,1960350
NC_002516.2,Emb-only-R,2005651,2047350
NC_002516.2,Emb-only-R,2088751,2132950
NC_002516.2,Emb-only-R,2154051,2174850
NC_002516.2,Emb-only-R,2221651,2239350
NC_002516.2,Emb-only-R,2270551,2283050
NC_002516.2,Emb-only-R,2305851,2318950
NC_002516.2,Emb-only-R,2438051,2458750
NC_002516.2,Emb-only-R,2553251,2564450
NC_002516.2,Emb-only-R,2616951,2632050
NC_002516.2,Emb-only-R,2650951,2684850
NC_002516.2,Emb-only-R,2754451,2783250
NC_002516.2,Emb-only-R,2877451,2928750
NC_002516.2,Emb-only-R,2977751,2998950
NC_002516.2,Emb-only-R,3015951,3043750
NC_002516.2,Emb-only-R,3055851,3112750
NC_002516.2,Emb-only-R,3119151,3129250
NC_002516.2,Emb-only-R,3192651,3209450
NC_002516.2,Emb-only-R,3312351,3360450
NC_002516.2,Emb-only-R,3523851,3560450
NC_002516.2,Emb-only-R,3673451,3691850
NC_002516.2,Emb-only-R,3728551,3753350
NC_002516.2,Emb-only-R,3929851,3942450
NC_002516.2,Emb-only-R,3957651,3986050
NC_002516.2,Emb-only-R,4266151,4307850
NC_002516.2,Emb-only-R,4315751,4338250
NC_002516.2,Emb-only-R,4368551,4379050
NC_002516.2,Emb-only-R,4408351,4428850
NC_002516.2,Emb-only-R,4463551,4482850
NC_002516.2,Emb-only-R,4555751,4586850
NC_002516.2,Emb-only-R,4705451,4718150
NC_002516.2,Emb-only-R,4749551,4802550
NC_002516.2,Emb-only-R,4935551,4985450
NC_002516.2,Emb-only-R,5027051,5041650
NC_002516.2,Emb-only-R,5072151,5094650
NC_002516.2,Emb-only-R,5183651,5194050
NC_002516.2,Emb-only-R,5213651,5223950
NC_002516.2,Emb-only-R,5259151,5277650
NC_002516.2,Emb-only-R,5314751,5345250
NC_002516.2,Emb-only-R,5444851,5466150
NC_002516.2,Emb-only-R,5486451,5513050
NC_002516.2,Emb-only-R,5539551,5552450
NC_002516.2,Emb-only-R,5669851,5678250
NC_002516.2,Emb-only-R,5684251,5706650
NC_002516.2,Emb-only-R,5720451,5736050
NC_002516.2,Emb-only-R,5760751,5779950
NC_002516.2,Emb-only-R,5909951,5937650
NC_002516.2,Emb-only-R,6003051,6015050
NC_002516.2,Emb-only-R,6034251,6049150
NC_002516.2,Emb-only-R,6149751,6163550
NC_002516.2,Emb-only-R,6246451,6259450
NC_002655.2,SAGE-GI-P,227001,290000
NC_002655.2,SAGE-GI-P,579001,624000
NC_002655.2,SAGE-GI-P,904001,932000
NC_002655.2,SAGE-GI-P,1094001,1151000
NC_002655.2,SAGE-GI-P,1274001,1298000
NC_002655.2,SAGE-GI-P,1344001,1394000
NC_002655.2,SAGE-GI-P,1499001,1554000
NC_002655.2,SAGE-GI-P,1628001,1672000
NC_002655.2,SAGE-GI-P,1725001,1760000
NC_002655.2,SAGE-GI-P,1906001,1930000
NC_002655.2,SAGE-GI-P,2115001,2148000
NC_002655.2,SAGE-GI-P,2274001,2307000
NC_002655.2,SAGE-GI-P,2741001,2780000
NC_002655.2,SAGE-GI-P,2968001,3014000
NC_002655.2,SAGE-GI-P,3546001,3586000
NC_002655.2,SAGE-GI-P,3776001,3805000
NC_002655.2,SAGE-GI-P,4655001,4693000
NC_002655.2,Emb-only-P,233001,290000
NC_002655.2,Emb-only-P,904001,932000
NC_002655.2,Emb-only-P,1087001,1151000
NC_002655.2,Emb-only-P,1255001,1298000
NC_002655.2,Emb-only-P,1344001,1394000
NC_002655.2,Emb-only-P,1485001,1554000
NC_002655.2,Emb-only-P,1628001,1672000
NC_002655.2,Emb-only-P,1725001,1760000
NC_002655.2,Emb-only-P,1906001,1930000
NC_002655.2,Emb-only-P,2115001,2148000
NC_002655.2,Emb-only-P,2274001,2307000
NC_002655.2,Emb-only-P,2741001,2780000
NC_002655.2,Emb-only-P,2968001,3014000
NC_002655.2,Emb-only-P,3545001,3586000
NC_002655.2,Emb-only-P,3776001,3805000
NC_002655.2,Emb-only-P,4655001,4693000
NC_002655.2,SAGE-GI-R,16051,28750
NC_002655.2,SAGE-GI-R,125951,136550
NC_002655.2,SAGE-GI-R,223151,285050
NC_002655.2,SAGE-GI-R,300851,383550
NC_002655.2,SAGE-GI-R,505551,524950
NC_002655.2,SAGE-GI-R,578551,625350
NC_002655.2,SAGE-GI-R,660451,678550
NC_002655.2,SAGE-GI-R,803151,820450
NC_002655.2,SAGE-GI-R,853351,869550
NC_002655.2,SAGE-GI-R,892251,933550
NC_002655.2,SAGE-GI-R,1057351,1152550
NC_002655.2,SAGE-GI-R,1184951,1195550
NC_002655.2,SAGE-GI-R,1248751,1302350
NC_002655.2,SAGE-GI-R,1330251,1396350
NC_002655.2,SAGE-GI-R,1411151,1543250
NC_002655.2,SAGE-GI-R,1627751,1758250
NC_002655.2,SAGE-GI-R,1846251,1933150
NC_002655.2,SAGE-GI-R,1964651,1992250
NC_002655.2,SAGE-GI-R,2025351,2048050
NC_002655.2,SAGE-GI-R,2093451,2168750
NC_002655.2,SAGE-GI-R,2270351,2333550
NC_002655.2,SAGE-GI-R,2665451,2690150
NC_002655.2,SAGE-GI-R,2715951,2823050
NC_002655.2,SAGE-GI-R,2842251,2868350
NC_002655.2,SAGE-GI-R,2932851,2952850
NC_002655.2,SAGE-GI-R,2962951,3017050
NC_002655.2,SAGE-GI-R,3089551,3104250
NC_002655.2,SAGE-GI-R,3184151,3198050
NC_002655.2,SAGE-GI-R,3258951,3292650
NC_002655.2,SAGE-GI-R,3307751,3322950
NC_002655.2,SAGE-GI-R,3389751,3400150
NC_002655.2,SAGE-GI-R,3512951,3524350
NC_002655.2,SAGE-GI-R,3542451,3585350
NC_002655.2,SAGE-GI-R,3772651,3809350
NC_002655.2,SAGE-GI-R,3916351,3944850
NC_002655.2,SAGE-GI-R,4069751,4079750
NC_002655.2,SAGE-GI-R,4115751,4129250
NC_002655.2,SAGE-GI-R,4219951,4265250
NC_002655.2,SAGE-GI-R,4395451,4442750
NC_002655.2,SAGE-GI-R,4568951,4596750
NC_002655.2,SAGE-GI-R,4609051,4622850
NC_002655.2,SAGE-GI-R,4649951,4716050
NC_002655.2,SAGE-GI-R,4745051,4788450
NC_002655.2,SAGE-GI-R,4799051,4818250
NC_002655.2,SAGE-GI-R,4896651,4909350
NC_002655.2,SAGE-GI-R,4993951,5004950
NC_002655.2,SAGE-GI-R,5039751,5095550
NC_002655.2,SAGE-GI-R,5195251,5211450
NC_002655.2,SAGE-GI-R,5236451,5257550
NC_002655.2,SAGE-GI-R,5273651,5290650
NC_002655.2,SAGE-GI-R,5373951,5403050
NC_002655.2,SAGE-GI-R,5460051,5481850
NC_002655.2,Emb-only-R,15851,29650
NC_002655.2,Emb-only-R,125651,136450
NC_002655.2,Emb-only-R,223651,285450
NC_002655.2,Emb-only-R,298551,383450
NC_002655.2,Emb-only-R,578151,603050
NC_002655.2,Emb-only-R,613351,625750
NC_002655.2,Emb-only-R,658051,679150
NC_002655.2,Emb-only-R,802951,820650
NC_002655.2,Emb-only-R,853251,870350
NC_002655.2,Emb-only-R,894051,934050
NC_002655.2,Emb-only-R,1057251,1148550
NC_002655.2,Emb-only-R,1249951,1307850
NC_002655.2,Emb-only-R,1327951,1396850
NC_002655.2,Emb-only-R,1417351,1543450
NC_002655.2,Emb-only-R,1627851,1758650
NC_002655.2,Emb-only-R,1835651,1933550
NC_002655.2,Emb-only-R,1964551,1990150
NC_002655.2,Emb-only-R,2026351,2048150
NC_002655.2,Emb-only-R,2099651,2181450
NC_002655.2,Emb-only-R,2269051,2339250
NC_002655.2,Emb-only-R,2665551,2691350
NC_002655.2,Emb-only-R,2732351,2822050
NC_002655.2,Emb-only-R,2839851,2864150
NC_002655.2,Emb-only-R,2936951,2953750
NC_002655.2,Emb-only-R,2963751,3017050
NC_002655.2,Emb-only-R,3185051,3198050
NC_002655.2,Emb-only-R,3258751,3291550
NC_002655.2,Emb-only-R,3307451,3321650
NC_002655.2,Emb-only-R,3512851,3524250
NC_002655.2,Emb-only-R,3542551,3585150
NC_002655.2,Emb-only-R,3772451,3812350
NC_002655.2,Emb-only-R,3917251,3945950
NC_002655.2,Emb-only-R,4115651,4128750
NC_002655.2,Emb-only-R,4219251,4266350
NC_002655.2,Emb-only-R,4354851,4379950
NC_002655.2,Emb-only-R,4395651,4415450
NC_002655.2,Emb-only-R,4423851,4443450
NC_002655.2,Emb-only-R,4569351,4596950
NC_002655.2,Emb-only-R,4608751,4628650
NC_002655.2,Emb-only-R,4649851,4717350
NC_002655.2,Emb-only-R,4749951,4819250
NC_002655.2,Emb-only-R,4857551,4872050
NC_002655.2,Emb-only-R,4897051,4910750
NC_002655.2,Emb-only-R,4994251,5004550
NC_002655.2,Emb-only-R,5040151,5099250
NC_002655.2,Emb-only-R,5195751,5211150
NC_002655.2,Emb-only-R,5236751,5259950
NC_002655.2,Emb-only-R,5274451,5287150
NC_002655.2,Emb-only-R,5356651,5424650
NC_002655.2,Emb-only-R,5461351,5482250
NC_002758.2,SAGE-GI-P,32001,77000
NC_002758.2,SAGE-GI-P,436001,490000
NC_002758.2,SAGE-GI-P,905001,962000
NC_002758.2,SAGE-GI-P,1514001,1540000
NC_002758.2,SAGE-GI-P,2079001,2112000
NC_002758.2,SAGE-GI-P,2289001,2307000
NC_002758.2,SAGE-GI-P,2618001,2646000
NC_002758.2,Emb-only-P,32001,89000
NC_002758.2,Emb-only-P,436001,494000
NC_002758.2,Emb-only-P,905001,962000
NC_002758.2,Emb-only-P,1514001,1540000
NC_002758.2,Emb-only-P,2079001,2133000
NC_002758.2,Emb-only-P,2289001,2307000
NC_002758.2,Emb-only-P,2618001,2646000
NC_002758.2,SAGE-GI-R,4951,114550
NC_002758.2,SAGE-GI-R,126251,142350
NC_002758.2,SAGE-GI-R,197951,236350
NC_002758.2,SAGE-GI-R,273551,291250
NC_002758.2,SAGE-GI-R,319751,348550
NC_002758.2,SAGE-GI-R,398851,500150
NC_002758.2,SAGE-GI-R,519351,539650
NC_002758.2,SAGE-GI-R,562051,583750
NC_002758.2,SAGE-GI-R,598651,645450
NC_002758.2,SAGE-GI-R,691651,710550
NC_002758.2,SAGE-GI-R,852151,897750
NC_002758.2,SAGE-GI-R,917851,963850
NC_002758.2,SAGE-GI-R,1028451,1043250
NC_002758.2,SAGE-GI-R,1077051,1119150
NC_002758.2,SAGE-GI-R,1177751,1188450
NC_002758.2,SAGE-GI-R,1210051,1226650
NC_002758.2,SAGE-GI-R,1313151,1342750
NC_002758.2,SAGE-GI-R,1382751,1393950
NC_002758.2,SAGE-GI-R,1417351,1432850
NC_002758.2,SAGE-GI-R,1511651,1548950
NC_002758.2,SAGE-GI-R,1595551,1607050
NC_002758.2,SAGE-GI-R,1757451,1771050
NC_002758.2,SAGE-GI-R,1884551,1894950
NC_002758.2,SAGE-GI-R,1936151,1969350
NC_002758.2,SAGE-GI-R,1989451,2006750
NC_002758.2,SAGE-GI-R,2076651,2160250
NC_002758.2,SAGE-GI-R,2173651,2195850
NC_002758.2,SAGE-GI-R,2276951,2314350
NC_002758.2,SAGE-GI-R,2345351,2383150
NC_002758.2,SAGE-GI-R,2516951,2533150
NC_002758.2,SAGE-GI-R,2610651,2650550
NC_002758.2,SAGE-GI-R,2772351,2790050
NC_002758.2,SAGE-GI-R,2801051,2830350
NC_002758.2,Emb-only-R,22851,111150
NC_002758.2,Emb-only-R,199251,234850
NC_002758.2,Emb-only-R,274351,288150
NC_002758.2,Emb-only-R,394351,405250
NC_002758.2,Emb-only-R,423351,500250
NC_002758.2,Emb-only-R,518651,539250
NC_002758.2,Emb-only-R,568851,583550
NC_002758.2,Emb-only-R,599351,617350
NC_002758.2,Emb-only-R,627451,642350
NC_002758.2,Emb-only-R,689951,709850
NC_002758.2,Emb-only-R,853651,896550
NC_002758.2,Emb-only-R,918951,964150
NC_002758.2,Emb-only-R,1032751,1041950
NC_002758.2,Emb-only-R,1069851,1123250
NC_002758.2,Emb-only-R,1144751,1154950
NC_002758.2,Emb-only-R,1211051,1229250
NC_002758.2,Emb-only-R,1313551,1328450
NC_002758.2,Emb-only-R,1419251,1436550
NC_002758.2,Emb-only-R,1510951,1545550
NC_002758.2,Emb-only-R,1597051,1607050
NC_002758.2,Emb-only-R,1750951,1771050
NC_002758.2,Emb-only-R,1937651,1963250
NC_002758.2,Emb-only-R,1989151,2006250
NC_002758.2,Emb-only-R,2043051,2057250
NC_002758.2,Emb-only-R,2072751,2160550
NC_002758.2,Emb-only-R,2173751,2194450
NC_002758.2,Emb-only-R,2237351,2251650
NC_002758.2,Emb-only-R,2283751,2314150
NC_002758.2,Emb-only-R,2347251,2381150
NC_002758.2,Emb-only-R,2519951,2547250
NC_002758.2,Emb-only-R,2613451,2655050
NC_002758.2,Emb-only-R,2772451,2786450
NC_002758.2,Emb-only-R,2798351,2828950
NC_002695.1,SAGE-GI-P,227001,290000
NC_002695.1,SAGE-GI-P,579001,602000
NC_002695.1,SAGE-GI-P,901001,931000
NC_002695.1,SAGE-GI-P,1170001,1214000
NC_002695.1,SAGE-GI-P,1282001,1310000
NC_002695.1,SAGE-GI-P,1420001,1467000
NC_002695.1,SAGE-GI-P,1542001,1588000
NC_002695.1,SAGE-GI-P,1615001,1670000
NC_002695.1,SAGE-GI-P,1768001,1815000
NC_002695.1,SAGE-GI-P,1919001,1985000
NC_002695.1,SAGE-GI-P,2198001,2233000
NC_002695.1,SAGE-GI-P,2901001,2924000
NC_002695.1,SAGE-GI-P,3475001,3500000
NC_002695.1,SAGE-GI-P,3709001,3739000
NC_002695.1,SAGE-GI-P,4158001,4175000
NC_002695.1,SAGE-GI-P,4588001,4624000
NC_002695.1,SAGE-GI-P,5045001,5095000
NC_002695.1,Emb-only-P,234001,290000
NC_002695.1,Emb-only-P,901001,931000
NC_002695.1,Emb-only-P,1170001,1214000
NC_002695.1,Emb-only-P,1255001,1309000
NC_002695.1,Emb-only-P,1370001,1474000
NC_002695.1,Emb-only-P,1542001,1588000
NC_002695.1,Emb-only-P,1615001,1670000
NC_002695.1,Emb-only-P,1768001,1815000
NC_002695.1,Emb-only-P,1919001,1985000
NC_002695.1,Emb-only-P,2198001,2233000
NC_002695.1,Emb-only-P,2901001,2924000
NC_002695.1,Emb-only-P,3475001,3500000
NC_002695.1,Emb-only-P,3709001,3739000
NC_002695.1,Emb-only-P,4588001,4624000
NC_002695.1,Emb-only-P,5022001,5095000
NC_002695.1,SAGE-GI-R,15951,29250
NC_002695.1,SAGE-GI-R,125651,136350
NC_002695.1,SAGE-GI-R,223051,284450
NC_002695.1,SAGE-GI-R,299651,381250
NC_002695.1,SAGE-GI-R,447451,458550
NC_002695.1,SAGE-GI-R,506051,524550
NC_002695.1,SAGE-GI-R,578551,630250
NC_002695.1,SAGE-GI-R,661251,680050
NC_002695.1,SAGE-GI-R,803351,817150
NC_002695.1,SAGE-GI-R,848751,867250
NC_002695.1,SAGE-GI-R,883051,932850
NC_002695.1,SAGE-GI-R,1099251,1114750
NC_002695.1,SAGE-GI-R,1161351,1214050
NC_002695.1,SAGE-GI-R,1245151,1310250
NC_002695.1,SAGE-GI-R,1330351,1458750
NC_002695.1,SAGE-GI-R,1542351,1666750
NC_002695.1,SAGE-GI-R,1756351,1817150
NC_002695.1,SAGE-GI-R,1908651,2000850
NC_002695.1,SAGE-GI-R,2040051,2064850
NC_002695.1,SAGE-GI-R,2093051,2126650
NC_002695.1,SAGE-GI-R,2155851,2257850
NC_002695.1,SAGE-GI-R,2590351,2613950
NC_002695.1,SAGE-GI-R,2633051,2649050
NC_002695.1,SAGE-GI-R,2660951,2756450
NC_002695.1,SAGE-GI-R,2769651,2799950
NC_002695.1,SAGE-GI-R,2849251,2882550
NC_002695.1,SAGE-GI-R,2892751,2945050
NC_002695.1,SAGE-GI-R,3021051,3031550
NC_002695.1,SAGE-GI-R,3113951,3128050
NC_002695.1,SAGE-GI-R,3189151,3225250
NC_002695.1,SAGE-GI-R,3237151,3249850
NC_002695.1,SAGE-GI-R,3316351,3329950
NC_002695.1,SAGE-GI-R,3443051,3455050
NC_002695.1,SAGE-GI-R,3472651,3513250
NC_002695.1,SAGE-GI-R,3705851,3740050
NC_002695.1,SAGE-GI-R,3850951,3877550
NC_002695.1,SAGE-GI-R,4047851,4062050
NC_002695.1,SAGE-GI-R,4153751,4197850
NC_002695.1,SAGE-GI-R,4335351,4376850
NC_002695.1,SAGE-GI-R,4501951,4527750
NC_002695.1,SAGE-GI-R,4540051,4552750
NC_002695.1,SAGE-GI-R,4581151,4646350
NC_002695.1,SAGE-GI-R,4678251,4719050
NC_002695.1,SAGE-GI-R,4730251,4748950
NC_002695.1,SAGE-GI-R,4827551,4840550
NC_002695.1,SAGE-GI-R,4925451,4936650
NC_002695.1,SAGE-GI-R,4971251,5000950
NC_002695.1,SAGE-GI-R,5012851,5028150
NC_002695.1,SAGE-GI-R,5041451,5082050
NC_002695.1,SAGE-GI-R,5164951,5183650
NC_002695.1,SAGE-GI-R,5209351,5225750
NC_002695.1,SAGE-GI-R,5247151,5260450
NC_002695.1,SAGE-GI-R,5343351,5375450
NC_002695.1,SAGE-GI-R,5386351,5400850
NC_002695.1,SAGE-GI-R,5430251,5450850
NC_002695.1,Emb-only-R,15651,30050
NC_002695.1,Emb-only-R,125751,136350
NC_002695.1,Emb-only-R,223551,284250
NC_002695.1,Emb-only-R,298751,381850
NC_002695.1,Emb-only-R,578451,602850
NC_002695.1,Emb-only-R,613951,628150
NC_002695.1,Emb-only-R,661651,683050
NC_002695.1,Emb-only-R,802951,816550
NC_002695.1,Emb-only-R,847351,867150
NC_002695.1,Emb-only-R,885951,932750
NC_002695.1,Emb-only-R,1161651,1214250
NC_002695.1,Emb-only-R,1246051,1311850
NC_002695.1,Emb-only-R,1332451,1459750
NC_002695.1,Emb-only-R,1542551,1668350
NC_002695.1,Emb-only-R,1753651,1817050
NC_002695.1,Emb-only-R,1906251,1985550
NC_002695.1,Emb-only-R,2040851,2069550
NC_002695.1,Emb-only-R,2089751,2126250
NC_002695.1,Emb-only-R,2152951,2256750
NC_002695.1,Emb-only-R,2590951,2618450
NC_002695.1,Emb-only-R,2657851,2756250
NC_002695.1,Emb-only-R,2767151,2790450
NC_002695.1,Emb-only-R,2849851,2883450
NC_002695.1,Emb-only-R,2894151,2944550
NC_002695.1,Emb-only-R,3116151,3126950
NC_002695.1,Emb-only-R,3188951,3247750
NC_002695.1,Emb-only-R,3443151,3454750
NC_002695.1,Emb-only-R,3472851,3513050
NC_002695.1,Emb-only-R,3705651,3743750
NC_002695.1,Emb-only-R,3851251,3877650
NC_002695.1,Emb-only-R,4047451,4061850
NC_002695.1,Emb-only-R,4154951,4198950
NC_002695.1,Emb-only-R,4304751,4349750
NC_002695.1,Emb-only-R,4361751,4380450
NC_002695.1,Emb-only-R,4501951,4527850
NC_002695.1,Emb-only-R,4539851,4558650
NC_002695.1,Emb-only-R,4581151,4648350
NC_002695.1,Emb-only-R,4681251,4748750
NC_002695.1,Emb-only-R,4828551,4840550
NC_002695.1,Emb-only-R,4863851,4873050
NC_002695.1,Emb-only-R,4925851,4935950
NC_002695.1,Emb-only-R,4971751,5000750
NC_002695.1,Emb-only-R,5013151,5028050
NC_002695.1,Emb-only-R,5040551,5082850
NC_002695.1,Emb-only-R,5165051,5181450
NC_002695.1,Emb-only-R,5205751,5228150
NC_002695.1,Emb-only-R,5328851,5378650
NC_002695.1,Emb-only-R,5384051,5401150
NC_002695.1,Emb-only-R,5431451,5451350
NC_002944.2,SAGE-GI-P,80001,111000
NC_002944.2,SAGE-GI-P,775001,790000
NC_002944.2,SAGE-GI-P,875001,890000
NC_002944.2,SAGE-GI-P,1288001,1310000
NC_002944.2,SAGE-GI-P,1880001,1904000
NC_002944.2,SAGE-GI-P,2051001,2071000
NC_002944.2,SAGE-GI-P,4150001,4224000
NC_002944.2,SAGE-GI-P,4270001,4302000
NC_002944.2,SAGE-GI-P,4602001,4612000
NC_002944.2,SAGE-GI-P,4804851,4824750
NC_002944.2,Emb-only-P,80001,111000
NC_002944.2,Emb-only-P,775001,793000
NC_002944.2,Emb-only-P,875001,890000
NC_002944.2,Emb-only-P,1880001,1902000
NC_002944.2,Emb-only-P,2289001,2307000
NC_002944.2,Emb-only-P,4150001,4224000
NC_002944.2,SAGE-GI-R,16551,56950
NC_002944.2,SAGE-GI-R,77251,127850
NC_002944.2,SAGE-GI-R,215651,263850
NC_002944.2,SAGE-GI-R,292951,310250
NC_002944.2,SAGE-GI-R,439451,457050
NC_002944.2,SAGE-GI-R,585251,626450
NC_002944.2,SAGE-GI-R,672951,694950
NC_002944.2,SAGE-GI-R,769951,813750
NC_002944.2,SAGE-GI-R,862651,900550
NC_002944.2,SAGE-GI-R,956051,969650
NC_002944.2,SAGE-GI-R,996151,1009050
NC_002944.2,SAGE-GI-R,1236851,1252050
NC_002944.2,SAGE-GI-R,1282451,1325850
NC_002944.2,SAGE-GI-R,1382551,1415450
NC_002944.2,SAGE-GI-R,1433951,1448650
NC_002944.2,SAGE-GI-R,1466351,1485950
NC_002944.2,SAGE-GI-R,1521251,1554350
NC_002944.2,SAGE-GI-R,1650551,1674150
NC_002944.2,SAGE-GI-R,1781951,1800150
NC_002944.2,SAGE-GI-R,1860951,1908950
NC_002944.2,SAGE-GI-R,1984551,2010450
NC_002944.2,SAGE-GI-R,2018451,2078050
NC_002944.2,SAGE-GI-R,2091251,2110750
NC_002944.2,SAGE-GI-R,2228851,2244350
NC_002944.2,SAGE-GI-R,2278751,2310850
NC_002944.2,SAGE-GI-R,2333451,2345850
NC_002944.2,SAGE-GI-R,2370151,2393350
NC_002944.2,SAGE-GI-R,2407751,2468150
NC_002944.2,SAGE-GI-R,2484051,2502450
NC_002944.2,SAGE-GI-R,2533751,2585250
NC_002944.2,SAGE-GI-R,2742151,2770350
NC_002944.2,SAGE-GI-R,2833451,2854050
NC_002944.2,SAGE-GI-R,2927551,2937050
NC_002944.2,SAGE-GI-R,3010351,3021050
NC_002944.2,SAGE-GI-R,3079551,3107650
NC_002944.2,SAGE-GI-R,3227551,3244050
NC_002944.2,SAGE-GI-R,3273351,3306150
NC_002944.2,SAGE-GI-R,3323051,3334950
NC_002944.2,SAGE-GI-R,3401951,3429750
NC_002944.2,SAGE-GI-R,3440851,3465050
NC_002944.2,SAGE-GI-R,3555051,3566150
NC_002944.2,SAGE-GI-R,3711251,3735950
NC_002944.2,SAGE-GI-R,3797251,3827050
NC_002944.2,SAGE-GI-R,3878351,3901150
NC_002944.2,SAGE-GI-R,4073351,4089950
NC_002944.2,SAGE-GI-R,4145951,4226050
NC_002944.2,SAGE-GI-R,4257051,4324850
NC_002944.2,SAGE-GI-R,4450751,4467050
NC_002944.2,SAGE-GI-R,4478451,4500950
NC_002944.2,SAGE-GI-R,4555851,4624550
NC_002944.2,SAGE-GI-R,4641551,4653650
NC_002944.2,SAGE-GI-R,4698551,4716550
NC_002944.2,SAGE-GI-R,4731651,4747350
NC_002944.2,SAGE-GI-R,4795951,4824750
NC_002944.2,Emb-only-R,15951,46850
NC_002944.2,Emb-only-R,75351,129950
NC_002944.2,Emb-only-R,221351,239250
NC_002944.2,Emb-only-R,288751,320350
NC_002944.2,Emb-only-R,403851,418950
NC_002944.2,Emb-only-R,446751,458750
NC_002944.2,Emb-only-R,594751,635750
NC_002944.2,Emb-only-R,688851,706850
NC_002944.2,Emb-only-R,763351,811450
NC_002944.2,Emb-only-R,868751,905250
NC_002944.2,Emb-only-R,951151,970750
NC_002944.2,Emb-only-R,993751,1002650
NC_002944.2,Emb-only-R,1235251,1253150
NC_002944.2,Emb-only-R,1279251,1323750
NC_002944.2,Emb-only-R,1390851,1408850
NC_002944.2,Emb-only-R,1431251,1456550
NC_002944.2,Emb-only-R,1528151,1555750
NC_002944.2,Emb-only-R,1564451,1583550
NC_002944.2,Emb-only-R,1606651,1619450
NC_002944.2,Emb-only-R,1651151,1674250
NC_002944.2,Emb-only-R,1757451,1767250
NC_002944.2,Emb-only-R,1779751,1797050
NC_002944.2,Emb-only-R,1854851,1903550
NC_002944.2,Emb-only-R,1988051,2004550
NC_002944.2,Emb-only-R,2019351,2081850
NC_002944.2,Emb-only-R,2227251,2245450
NC_002944.2,Emb-only-R,2280651,2308650
NC_002944.2,Emb-only-R,2365851,2393450
NC_002944.2,Emb-only-R,2411651,2468950
NC_002944.2,Emb-only-R,2481751,2501550
NC_002944.2,Emb-only-R,2529551,2585750
NC_002944.2,Emb-only-R,2740651,2775650
NC_002944.2,Emb-only-R,2832751,2845650
NC_002944.2,Emb-only-R,2945051,2966650
NC_002944.2,Emb-only-R,3009451,3021050
NC_002944.2,Emb-only-R,3079751,3111250
NC_002944.2,Emb-only-R,3149351,3162450
NC_002944.2,Emb-only-R,3273351,3306150
NC_002944.2,Emb-only-R,3403551,3460050
NC_002944.2,Emb-only-R,3706551,3737250
NC_002944.2,Emb-only-R,3797151,3825950
NC_002944.2,Emb-only-R,3875551,3903250
NC_002944.2,Emb-only-R,4073651,4089650
NC_002944.2,Emb-only-R,4145551,4229050
NC_002944.2,Emb-only-R,4258651,4325050
NC_002944.2,Emb-only-R,4450851,4499250
NC_002944.2,Emb-only-R,4577551,4624650
NC_002944.2,Emb-only-R,4701251,4716450
NC_002944.2,Emb-only-R,4731051,4743150
NC_002944.2,Emb-only-R,4790451,4824750
NC_002947.3,SAGE-GI-P,14001,60000
NC_002947.3,SAGE-GI-P,170001,224000
NC_002947.3,SAGE-GI-P,524001,565000
NC_002947.3,SAGE-GI-P,1979001,2016000
NC_002947.3,SAGE-GI-P,2163001,2227000
NC_002947.3,SAGE-GI-P,2586001,2633000
NC_002947.3,SAGE-GI-P,2823001,2849000
NC_002947.3,SAGE-GI-P,3410001,3452000
NC_002947.3,SAGE-GI-P,3494001,3524000
NC_002947.3,SAGE-GI-P,3729001,3755000
NC_002947.3,SAGE-GI-P,4174001,4234000
NC_002947.3,SAGE-GI-P,4359001,4403000
NC_002947.3,SAGE-GI-P,4471001,4502000
NC_002947.3,SAGE-GI-P,4615001,4631000
NC_002947.3,SAGE-GI-P,5000001,5078000
NC_002947.3,SAGE-GI-P,6126001,6170000
NC_002947.3,Emb-only-P,14001,60000
NC_002947.3,Emb-only-P,170001,224000
NC_002947.3,Emb-only-P,524001,565000
NC_002947.3,Emb-only-P,2163001,2227000
NC_002947.3,Emb-only-P,2586001,2633000
NC_002947.3,Emb-only-P,2808001,2860000
NC_002947.3,Emb-only-P,3410001,3452000
NC_002947.3,Emb-only-P,3500001,3524000
NC_002947.3,Emb-only-P,3729001,3755000
NC_002947.3,Emb-only-P,4174001,4234000
NC_002947.3,Emb-only-P,4359001,4399000
NC_002947.3,Emb-only-P,4471001,4502000
NC_002947.3,Emb-only-P,5000001,5078000
NC_002947.3,Emb-only-P,6126001,6170000
NC_002947.3,SAGE-GI-R,4951,62350
NC_002947.3,SAGE-GI-R,159451,223350
NC_002947.3,SAGE-GI-R,331951,344350
NC_002947.3,SAGE-GI-R,386951,405150
NC_002947.3,SAGE-GI-R,519851,568650
NC_002947.3,SAGE-GI-R,693151,714850
NC_002947.3,SAGE-GI-R,730051,765050
NC_002947.3,SAGE-GI-R,838851,857450
NC_002947.3,SAGE-GI-R,923351,960850
NC_002947.3,SAGE-GI-R,1267751,1296250
NC_002947.3,SAGE-GI-R,1321051,1354650
NC_002947.3,SAGE-GI-R,1373151,1404150
NC_002947.3,SAGE-GI-R,1416651,1440150
NC_002947.3,SAGE-GI-R,1488451,1505650
NC_002947.3,SAGE-GI-R,1518551,1534050
NC_002947.3,SAGE-GI-R,1736151,1784750
NC_002947.3,SAGE-GI-R,1812851,1835050
NC_002947.3,SAGE-GI-R,1972651,2047950
NC_002947.3,SAGE-GI-R,2071951,2132450
NC_002947.3,SAGE-GI-R,2142651,2237250
NC_002947.3,SAGE-GI-R,2293351,2311450
NC_002947.3,SAGE-GI-R,2524151,2557950
NC_002947.3,SAGE-GI-R,2582051,2636350
NC_002947.3,SAGE-GI-R,2727151,2743650
NC_002947.3,SAGE-GI-R,2804551,2871250
NC_002947.3,SAGE-GI-R,2980151,2999650
NC_002947.3,SAGE-GI-R,3060851,3072450
NC_002947.3,SAGE-GI-R,3129651,3216150
NC_002947.3,SAGE-GI-R,3338751,3454550
NC_002947.3,SAGE-GI-R,3483851,3535750
NC_002947.3,SAGE-GI-R,3634951,3678250
NC_002947.3,SAGE-GI-R,3714951,3793150
NC_002947.3,SAGE-GI-R,3824851,3854150
NC_002947.3,SAGE-GI-R,3932951,3943050
NC_002947.3,SAGE-GI-R,3964051,3974250
NC_002947.3,SAGE-GI-R,4067651,4078850
NC_002947.3,SAGE-GI-R,4101051,4117450
NC_002947.3,SAGE-GI-R,4141951,4151950
NC_002947.3,SAGE-GI-R,4170351,4236350
NC_002947.3,SAGE-GI-R,4292251,4325950
NC_002947.3,SAGE-GI-R,4352751,4432750
NC_002947.3,SAGE-GI-R,4458451,4510350
NC_002947.3,SAGE-GI-R,4519351,4539450
NC_002947.3,SAGE-GI-R,4597251,4635350
NC_002947.3,SAGE-GI-R,4656351,4673450
NC_002947.3,SAGE-GI-R,4723951,4764950
NC_002947.3,SAGE-GI-R,4797751,4835750
NC_002947.3,SAGE-GI-R,4929451,4952950
NC_002947.3,SAGE-GI-R,4961751,4979950
NC_002947.3,SAGE-GI-R,4997151,5085950
NC_002947.3,SAGE-GI-R,5145251,5155250
NC_002947.3,SAGE-GI-R,5303051,5318650
NC_002947.3,SAGE-GI-R,5344251,5413050
NC_002947.3,SAGE-GI-R,5541751,5559450
NC_002947.3,SAGE-GI-R,5597851,5608650
NC_002947.3,SAGE-GI-R,5701851,5717950
NC_002947.3,SAGE-GI-R,5747751,5765750
NC_002947.3,SAGE-GI-R,5902951,5916550
NC_002947.3,SAGE-GI-R,5959851,5980050
NC_002947.3,SAGE-GI-R,6101651,6176850
NC_002947.3,Emb-only-R,4951,62650
NC_002947.3,Emb-only-R,159451,223950
NC_002947.3,Emb-only-R,330451,343150
NC_002947.3,Emb-only-R,361851,379550
NC_002947.3,Emb-only-R,386651,404650
NC_002947.3,Emb-only-R,519751,568850
NC_002947.3,Emb-only-R,692851,713450
NC_002947.3,Emb-only-R,728951,765150
NC_002947.3,Emb-only-R,838451,856250
NC_002947.3,Emb-only-R,923051,961750
NC_002947.3,Emb-only-R,1269351,1295850
NC_002947.3,Emb-only-R,1321051,1354750
NC_002947.3,Emb-only-R,1383151,1404150
NC_002947.3,Emb-only-R,1418451,1442250
NC_002947.3,Emb-only-R,1489651,1509650
NC_002947.3,Emb-only-R,1523951,1534550
NC_002947.3,Emb-only-R,1735751,1799050
NC_002947.3,Emb-only-R,1809651,1836050
NC_002947.3,Emb-only-R,1906851,1915150
NC_002947.3,Emb-only-R,1973551,2048250
NC_002947.3,Emb-only-R,2071651,2133350
NC_002947.3,Emb-only-R,2144051,2239850
NC_002947.3,Emb-only-R,2523451,2558250
NC_002947.3,Emb-only-R,2581951,2636250
NC_002947.3,Emb-only-R,2727751,2742650
NC_002947.3,Emb-only-R,2788251,2872750
NC_002947.3,Emb-only-R,2980151,2997250
NC_002947.3,Emb-only-R,3128751,3219250
NC_002947.3,Emb-only-R,3337751,3454450
NC_002947.3,Emb-only-R,3482951,3536550
NC_002947.3,Emb-only-R,3633651,3648350
NC_002947.3,Emb-only-R,3671451,3680450
NC_002947.3,Emb-only-R,3717551,3786550
NC_002947.3,Emb-only-R,3824351,3855350
NC_002947.3,Emb-only-R,3932551,3943150
NC_002947.3,Emb-only-R,3963751,3974650
NC_002947.3,Emb-only-R,4106451,4117650
NC_002947.3,Emb-only-R,4142451,4152250
NC_002947.3,Emb-only-R,4169651,4236450
NC_002947.3,Emb-only-R,4294851,4326150
NC_002947.3,Emb-only-R,4350051,4434650
NC_002947.3,Emb-only-R,4458351,4511850
NC_002947.3,Emb-only-R,4517051,4538550
NC_002947.3,Emb-only-R,4593051,4635250
NC_002947.3,Emb-only-R,4650251,4671450
NC_002947.3,Emb-only-R,4726051,4771650
NC_002947.3,Emb-only-R,4800251,4822750
NC_002947.3,Emb-only-R,4929751,4950350
NC_002947.3,Emb-only-R,4966751,4978250
NC_002947.3,Emb-only-R,4997651,5085350
NC_002947.3,Emb-only-R,5303551,5321850
NC_002947.3,Emb-only-R,5353851,5367350
NC_002947.3,Emb-only-R,5385751,5412550
NC_002947.3,Emb-only-R,5541251,5561050
NC_002947.3,Emb-only-R,5597651,5608650
NC_002947.3,Emb-only-R,5702451,5714450
NC_002947.3,Emb-only-R,5747551,5768150
NC_002947.3,Emb-only-R,5902451,5919050
NC_002947.3,Emb-only-R,5948651,5980250
NC_002947.3,Emb-only-R,6100951,6176850
NC_003047.1,SAGE-GI-P,542001,561000
NC_003047.1,SAGE-GI-P,658001,677000
NC_003047.1,SAGE-GI-P,1456001,1487000
NC_003047.1,SAGE-GI-P,2474001,2505000
NC_003047.1,SAGE-GI-P,2782001,2812000
NC_003047.1,SAGE-GI-P,3358001,3441000
NC_003047.1,Emb-only-P,542001,561000
NC_003047.1,Emb-only-P,658001,677000
NC_003047.1,Emb-only-P,1456001,1487000
NC_003047.1,Emb-only-P,2785001,2812000
NC_003047.1,Emb-only-P,3358001,3441000
NC_003047.1,SAGE-GI-R,34951,45450
NC_003047.1,SAGE-GI-R,74851,165650
NC_003047.1,SAGE-GI-R,208151,225150
NC_003047.1,SAGE-GI-R,265551,281450
NC_003047.1,SAGE-GI-R,491351,510350
NC_003047.1,SAGE-GI-R,533451,564050
NC_003047.1,SAGE-GI-R,654851,699250
NC_003047.1,SAGE-GI-R,726151,754450
NC_003047.1,SAGE-GI-R,817251,834350
NC_003047.1,SAGE-GI-R,1018951,1039950
NC_003047.1,SAGE-GI-R,1077151,1096050
NC_003047.1,SAGE-GI-R,1121451,1167550
NC_003047.1,SAGE-GI-R,1191851,1200350
NC_003047.1,SAGE-GI-R,1360651,1399250
NC_003047.1,SAGE-GI-R,1454051,1492950
NC_003047.1,SAGE-GI-R,1506751,1522650
NC_003047.1,SAGE-GI-R,1610351,1625450
NC_003047.1,SAGE-GI-R,1721651,1753050
NC_003047.1,SAGE-GI-R,1772751,1797250
NC_003047.1,SAGE-GI-R,1804851,1831550
NC_003047.1,SAGE-GI-R,1838851,1863650
NC_003047.1,SAGE-GI-R,1957051,1987550
NC_003047.1,SAGE-GI-R,2102651,2121750
NC_003047.1,SAGE-GI-R,2156051,2225250
NC_003047.1,SAGE-GI-R,2312051,2323750
NC_003047.1,SAGE-GI-R,2440051,2456650
NC_003047.1,SAGE-GI-R,2470751,2507450
NC_003047.1,SAGE-GI-R,2564651,2588650
NC_003047.1,SAGE-GI-R,2640951,2687450
NC_003047.1,SAGE-GI-R,2700751,2762450
NC_003047.1,SAGE-GI-R,2776251,2819250
NC_003047.1,SAGE-GI-R,2913651,2938850
NC_003047.1,SAGE-GI-R,2978051,2992850
NC_003047.1,SAGE-GI-R,3005651,3018250
NC_003047.1,SAGE-GI-R,3142051,3155350
NC_003047.1,SAGE-GI-R,3186451,3223550
NC_003047.1,SAGE-GI-R,3234751,3251150
NC_003047.1,SAGE-GI-R,3267351,3289150
NC_003047.1,SAGE-GI-R,3302551,3322650
NC_003047.1,SAGE-GI-R,3345851,3486650
NC_003047.1,SAGE-GI-R,3533251,3549850
NC_003047.1,SAGE-GI-R,3583351,3603250
NC_003047.1,Emb-only-R,77051,93750
NC_003047.1,Emb-only-R,108051,144550
NC_003047.1,Emb-only-R,153351,174250
NC_003047.1,Emb-only-R,216151,227550
NC_003047.1,Emb-only-R,492251,508350
NC_003047.1,Emb-only-R,533351,563950
NC_003047.1,Emb-only-R,590351,603450
NC_003047.1,Emb-only-R,655151,692450
NC_003047.1,Emb-only-R,721751,759150
NC_003047.1,Emb-only-R,817051,851250
NC_003047.1,Emb-only-R,904051,916650
NC_003047.1,Emb-only-R,1038751,1049550
NC_003047.1,Emb-only-R,1144851,1184250
NC_003047.1,Emb-only-R,1332351,1348150
NC_003047.1,Emb-only-R,1360451,1389450
NC_003047.1,Emb-only-R,1453851,1492050
NC_003047.1,Emb-only-R,1509051,1525650
NC_003047.1,Emb-only-R,1569551,1580550
NC_003047.1,Emb-only-R,1611551,1627950
NC_003047.1,Emb-only-R,1720051,1753050
NC_003047.1,Emb-only-R,1771251,1861850
NC_003047.1,Emb-only-R,1956751,1990650
NC_003047.1,Emb-only-R,2105651,2121450
NC_003047.1,Emb-only-R,2130851,2205250
NC_003047.1,Emb-only-R,2245451,2253550
NC_003047.1,Emb-only-R,2308751,2324150
NC_003047.1,Emb-only-R,2472451,2504550
NC_003047.1,Emb-only-R,2557451,2588050
NC_003047.1,Emb-only-R,2621051,2651850
NC_003047.1,Emb-only-R,2665951,2688550
NC_003047.1,Emb-only-R,2705451,2817950
NC_003047.1,Emb-only-R,2864551,2887050
NC_003047.1,Emb-only-R,2914351,2935450
NC_003047.1,Emb-only-R,2969751,2994950
NC_003047.1,Emb-only-R,3008151,3018150
NC_003047.1,Emb-only-R,3188151,3221150
NC_003047.1,Emb-only-R,3238451,3253350
NC_003047.1,Emb-only-R,3354451,3463950
NC_003047.1,Emb-only-R,3473151,3487150
NC_003047.1,Emb-only-R,3535951,3550150
NC_003197.1,SAGE-GI-P,295001,349000
NC_003197.1,SAGE-GI-P,963001,1007000
NC_003197.1,SAGE-GI-P,1092001,1145000
NC_003197.1,SAGE-GI-P,1475001,1504000
NC_003197.1,SAGE-GI-P,2331001,2354000
NC_003197.1,SAGE-GI-P,2728001,2796000
NC_003197.1,SAGE-GI-P,2844001,2917000
NC_003197.1,SAGE-GI-P,3009001,3051000
NC_003197.1,SAGE-GI-P,3565001,3604000
NC_003197.1,SAGE-GI-P,4351001,4394000
NC_003197.1,SAGE-GI-P,4477001,4501000
NC_003197.1,Emb-only-P,295001,349000
NC_003197.1,Emb-only-P,963001,1007000
NC_003197.1,Emb-only-P,1092001,1145000
NC_003197.1,Emb-only-P,1475001,1504000
NC_003197.1,Emb-only-P,2160001,2171000
NC_003197.1,Emb-only-P,2331001,2354000
NC_003197.1,Emb-only-P,2728001,2796000
NC_003197.1,Emb-only-P,2844001,2917000
NC_003197.1,Emb-only-P,3565001,3604000
NC_003197.1,Emb-only-P,4351001,4394000
NC_003197.1,Emb-only-P,4477001,4501000
NC_003197.1,Emb-only-P,4755851,4768250
NC_003197.1,SAGE-GI-R,8751,41950
NC_003197.1,SAGE-GI-R,63151,83950
NC_003197.1,SAGE-GI-R,143051,153350
NC_003197.1,SAGE-GI-R,174351,189150
NC_003197.1,SAGE-GI-R,221251,235850
NC_003197.1,SAGE-GI-R,275951,352750
NC_003197.1,SAGE-GI-R,372851,400450
NC_003197.1,SAGE-GI-R,420851,433050
NC_003197.1,SAGE-GI-R,482351,511150
NC_003197.1,SAGE-GI-R,580351,590650
NC_003197.1,SAGE-GI-R,608651,620750
NC_003197.1,SAGE-GI-R,649651,659150
NC_003197.1,SAGE-GI-R,776651,839350
NC_003197.1,SAGE-GI-R,922551,935550
NC_003197.1,SAGE-GI-R,962451,1008450
NC_003197.1,SAGE-GI-R,1028751,1061650
NC_003197.1,SAGE-GI-R,1090751,1147350
NC_003197.1,SAGE-GI-R,1166451,1184750
NC_003197.1,SAGE-GI-R,1214251,1235050
NC_003197.1,SAGE-GI-R,1260851,1275250
NC_003197.1,SAGE-GI-R,1322851,1346150
NC_003197.1,SAGE-GI-R,1388551,1409350
NC_003197.1,SAGE-GI-R,1435151,1445250
NC_003197.1,SAGE-GI-R,1472651,1504550
NC_003197.1,SAGE-GI-R,1615551,1636550
NC_003197.1,SAGE-GI-R,1716851,1729850
NC_003197.1,SAGE-GI-R,1755351,1768950
NC_003197.1,SAGE-GI-R,1847051,1857350
NC_003197.1,SAGE-GI-R,1940751,1968950
NC_003197.1,SAGE-GI-R,2023451,2039950
NC_003197.1,SAGE-GI-R,2080051,2139750
NC_003197.1,SAGE-GI-R,2148051,2198250
NC_003197.1,SAGE-GI-R,2327551,2357250
NC_003197.1,SAGE-GI-R,2374351,2387050
NC_003197.1,SAGE-GI-R,2422751,2435750
NC_003197.1,SAGE-GI-R,2565151,2581650
NC_003197.1,SAGE-GI-R,2624851,2670350
NC_003197.1,SAGE-GI-R,2724751,2781050
NC_003197.1,SAGE-GI-R,2792651,2805950
NC_003197.1,SAGE-GI-R,2822551,2932150
NC_003197.1,SAGE-GI-R,2991851,3053150
NC_003197.1,SAGE-GI-R,3072951,3101350
NC_003197.1,SAGE-GI-R,3181851,3205650
NC_003197.1,SAGE-GI-R,3277951,3307150
NC_003197.1,SAGE-GI-R,3410751,3422550
NC_003197.1,SAGE-GI-R,3444551,3465350
NC_003197.1,SAGE-GI-R,3515751,3531450
NC_003197.1,SAGE-GI-R,3561851,3605150
NC_003197.1,SAGE-GI-R,3625651,3644750
NC_003197.1,SAGE-GI-R,3878051,3889350
NC_003197.1,SAGE-GI-R,3904551,3919950
NC_003197.1,SAGE-GI-R,3946651,3959350
NC_003197.1,SAGE-GI-R,3977351,3996350
NC_003197.1,SAGE-GI-R,4008851,4021650
NC_003197.1,SAGE-GI-R,4050051,4116650
NC_003197.1,SAGE-GI-R,4191951,4205450
NC_003197.1,SAGE-GI-R,4347151,4404650
NC_003197.1,SAGE-GI-R,4473951,4504750
NC_003197.1,SAGE-GI-R,4558451,4573950
NC_003197.1,SAGE-GI-R,4726251,4787950
NC_003197.1,SAGE-GI-R,4824451,4833050
NC_003197.1,Emb-only-R,20951,42550
NC_003197.1,Emb-only-R,62051,81950
NC_003197.1,Emb-only-R,225651,236250
NC_003197.1,Emb-only-R,278751,352950
NC_003197.1,Emb-only-R,372551,399150
NC_003197.1,Emb-only-R,419251,432450
NC_003197.1,Emb-only-R,477851,505650
NC_003197.1,Emb-only-R,610451,621050
NC_003197.1,Emb-only-R,721951,731050
NC_003197.1,Emb-only-R,778851,839750
NC_003197.1,Emb-only-R,921451,936050
NC_003197.1,Emb-only-R,962551,1008350
NC_003197.1,Emb-only-R,1050051,1062450
NC_003197.1,Emb-only-R,1090351,1155150
NC_003197.1,Emb-only-R,1179151,1194350
NC_003197.1,Emb-only-R,1213851,1233350
NC_003197.1,Emb-only-R,1322451,1345350
NC_003197.1,Emb-only-R,1399351,1407750
NC_003197.1,Emb-only-R,1434851,1443350
NC_003197.1,Emb-only-R,1470851,1505350
NC_003197.1,Emb-only-R,1612651,1638550
NC_003197.1,Emb-only-R,1716651,1728350
NC_003197.1,Emb-only-R,1755351,1768550
NC_003197.1,Emb-only-R,1883351,1893650
NC_003197.1,Emb-only-R,1946851,1972050
NC_003197.1,Emb-only-R,2020951,2039950
NC_003197.1,Emb-only-R,2080251,2101150
NC_003197.1,Emb-only-R,2119451,2138950
NC_003197.1,Emb-only-R,2153251,2199050
NC_003197.1,Emb-only-R,2281951,2292550
NC_003197.1,Emb-only-R,2326951,2356650
NC_003197.1,Emb-only-R,2370751,2389150
NC_003197.1,Emb-only-R,2422951,2436350
NC_003197.1,Emb-only-R,2565951,2583550
NC_003197.1,Emb-only-R,2630451,2640950
NC_003197.1,Emb-only-R,2721851,2780750
NC_003197.1,Emb-only-R,2792851,2805850
NC_003197.1,Emb-only-R,2820751,2927550
NC_003197.1,Emb-only-R,2997451,3053150
NC_003197.1,Emb-only-R,3071851,3100450
NC_003197.1,Emb-only-R,3181851,3208950
NC_003197.1,Emb-only-R,3241751,3253350
NC_003197.1,Emb-only-R,3279751,3308450
NC_003197.1,Emb-only-R,3403451,3428650
NC_003197.1,Emb-only-R,3443351,3466050
NC_003197.1,Emb-only-R,3515751,3531350
NC_003197.1,Emb-only-R,3561651,3606250
NC_003197.1,Emb-only-R,3625151,3642850
NC_003197.1,Emb-only-R,3878951,3891650
NC_003197.1,Emb-only-R,3901251,3920950
NC_003197.1,Emb-only-R,3947351,3959150
NC_003197.1,Emb-only-R,3977551,3991450
NC_003197.1,Emb-only-R,4009951,4022150
NC_003197.1,Emb-only-R,4045351,4060150
NC_003197.1,Emb-only-R,4067351,4084350
NC_003197.1,Emb-only-R,4095551,4129250
NC_003197.1,Emb-only-R,4192351,4206150
NC_003197.1,Emb-only-R,4347351,4405450
NC_003197.1,Emb-only-R,4469251,4504150
NC_003197.1,Emb-only-R,4559451,4574450
NC_003197.1,Emb-only-R,4720751,4789750
NC_003198.1,SAGE-GI-P,325001,361000
NC_003198.1,SAGE-GI-P,1000001,1053000
NC_003198.1,SAGE-GI-P,1540001,1575000
NC_003198.1,SAGE-GI-P,1625001,1639000
NC_003198.1,SAGE-GI-P,1873001,1921000
NC_003198.1,SAGE-GI-P,3043001,3061000
NC_003198.1,SAGE-GI-P,3512001,3600000
NC_003198.1,SAGE-GI-P,4247001,4257000
NC_003198.1,SAGE-GI-P,4321001,4346000
NC_003198.1,SAGE-GI-P,4403001,4543000
NC_003198.1,SAGE-GI-P,4683001,4721000
NC_003198.1,Emb-only-P,293001,361000
NC_003198.1,Emb-only-P,1000001,1053000
NC_003198.1,Emb-only-P,1540001,1575000
NC_003198.1,Emb-only-P,1625001,1639000
NC_003198.1,Emb-only-P,1873001,1921000
NC_003198.1,Emb-only-P,2118001,2130000
NC_003198.1,Emb-only-P,3043001,3061000
NC_003198.1,Emb-only-P,3512001,3600000
NC_003198.1,Emb-only-P,4247001,4257000
NC_003198.1,Emb-only-P,4321001,4346000
NC_003198.1,Emb-only-P,4403001,4543000
NC_003198.1,Emb-only-P,4683001,4721000
NC_003198.1,SAGE-GI-R,8451,42350
NC_003198.1,SAGE-GI-R,63051,91250
NC_003198.1,SAGE-GI-R,177251,192550
NC_003198.1,SAGE-GI-R,283651,362350
NC_003198.1,SAGE-GI-R,381651,395950
NC_003198.1,SAGE-GI-R,412951,424250
NC_003198.1,SAGE-GI-R,476951,502050
NC_003198.1,SAGE-GI-R,602051,610150
NC_003198.1,SAGE-GI-R,752951,793350
NC_003198.1,SAGE-GI-R,951351,962950
NC_003198.1,SAGE-GI-R,992151,1054450
NC_003198.1,SAGE-GI-R,1081651,1094150
NC_003198.1,SAGE-GI-R,1124551,1140250
NC_003198.1,SAGE-GI-R,1172251,1185650
NC_003198.1,SAGE-GI-R,1314951,1325150
NC_003198.1,SAGE-GI-R,1341451,1365350
NC_003198.1,SAGE-GI-R,1445951,1481050
NC_003198.1,SAGE-GI-R,1534051,1574250
NC_003198.1,SAGE-GI-R,1622751,1652950
NC_003198.1,SAGE-GI-R,1701451,1722150
NC_003198.1,SAGE-GI-R,1763251,1794050
NC_003198.1,SAGE-GI-R,1805951,1816050
NC_003198.1,SAGE-GI-R,1868851,1935750
NC_003198.1,SAGE-GI-R,2042551,2063750
NC_003198.1,SAGE-GI-R,2075651,2091050
NC_003198.1,SAGE-GI-R,2108651,2157050
NC_003198.1,SAGE-GI-R,2175851,2208750
NC_003198.1,SAGE-GI-R,2294751,2316450
NC_003198.1,SAGE-GI-R,2334251,2345450
NC_003198.1,SAGE-GI-R,2377051,2391250
NC_003198.1,SAGE-GI-R,2457851,2469250
NC_003198.1,SAGE-GI-R,2522751,2538150
NC_003198.1,SAGE-GI-R,2581751,2617250
NC_003198.1,SAGE-GI-R,2708751,2722350
NC_003198.1,SAGE-GI-R,2740051,2784250
NC_003198.1,SAGE-GI-R,2845051,2904750
NC_003198.1,SAGE-GI-R,2936151,2960150
NC_003198.1,SAGE-GI-R,3038851,3067250
NC_003198.1,SAGE-GI-R,3130951,3162550
NC_003198.1,SAGE-GI-R,3271751,3286350
NC_003198.1,SAGE-GI-R,3301351,3318950
NC_003198.1,SAGE-GI-R,3368851,3383350
NC_003198.1,SAGE-GI-R,3412851,3426950
NC_003198.1,SAGE-GI-R,3511051,3608750
NC_003198.1,SAGE-GI-R,3738251,3787350
NC_003198.1,SAGE-GI-R,3822051,3839450
NC_003198.1,SAGE-GI-R,3857351,3870950
NC_003198.1,SAGE-GI-R,3887051,3905950
NC_003198.1,SAGE-GI-R,3928351,3942350
NC_003198.1,SAGE-GI-R,3958951,3970150
NC_003198.1,SAGE-GI-R,4079551,4096650
NC_003198.1,SAGE-GI-R,4189351,4203350
NC_003198.1,SAGE-GI-R,4217551,4271950
NC_003198.1,SAGE-GI-R,4318951,4349950
NC_003198.1,SAGE-GI-R,4403551,4549850
NC_003198.1,SAGE-GI-R,4677451,4753050
NC_003198.1,Emb-only-R,11951,43950
NC_003198.1,Emb-only-R,61951,86450
NC_003198.1,Emb-only-R,177351,191950
NC_003198.1,Emb-only-R,283451,362450
NC_003198.1,Emb-only-R,381751,396550
NC_003198.1,Emb-only-R,412651,423550
NC_003198.1,Emb-only-R,469951,496750
NC_003198.1,Emb-only-R,753151,792450
NC_003198.1,Emb-only-R,997251,1055450
NC_003198.1,Emb-only-R,1075251,1104050
NC_003198.1,Emb-only-R,1124351,1141250
NC_003198.1,Emb-only-R,1311451,1326250
NC_003198.1,Emb-only-R,1341851,1365950
NC_003198.1,Emb-only-R,1404551,1414950
NC_003198.1,Emb-only-R,1445451,1483350
NC_003198.1,Emb-only-R,1535251,1574050
NC_003198.1,Emb-only-R,1622451,1654050
NC_003198.1,Emb-only-R,1702451,1725650
NC_003198.1,Emb-only-R,1765851,1794150
NC_003198.1,Emb-only-R,1805651,1817150
NC_003198.1,Emb-only-R,1871351,1937550
NC_003198.1,Emb-only-R,2076151,2096750
NC_003198.1,Emb-only-R,2110651,2158250
NC_003198.1,Emb-only-R,2185651,2208350
NC_003198.1,Emb-only-R,2294651,2315250
NC_003198.1,Emb-only-R,2330851,2347350
NC_003198.1,Emb-only-R,2376751,2391450
NC_003198.1,Emb-only-R,2456951,2468250
NC_003198.1,Emb-only-R,2521851,2535350
NC_003198.1,Emb-only-R,2578951,2603450
NC_003198.1,Emb-only-R,2669351,2684950
NC_003198.1,Emb-only-R,2708751,2723150
NC_003198.1,Emb-only-R,2742251,2780250
NC_003198.1,Emb-only-R,2852051,2905150
NC_003198.1,Emb-only-R,2926751,2960350
NC_003198.1,Emb-only-R,3039651,3070150
NC_003198.1,Emb-only-R,3130951,3168650
NC_003198.1,Emb-only-R,3269851,3286550
NC_003198.1,Emb-only-R,3300851,3319250
NC_003198.1,Emb-only-R,3369051,3384350
NC_003198.1,Emb-only-R,3412651,3426450
NC_003198.1,Emb-only-R,3506051,3626650
NC_003198.1,Emb-only-R,3738351,3781150
NC_003198.1,Emb-only-R,3820451,3839150
NC_003198.1,Emb-only-R,3859651,3871150
NC_003198.1,Emb-only-R,3887451,3904350
NC_003198.1,Emb-only-R,3928551,3942550
NC_003198.1,Emb-only-R,4079451,4096850
NC_003198.1,Emb-only-R,4190451,4203150
NC_003198.1,Emb-only-R,4214651,4273250
NC_003198.1,Emb-only-R,4318951,4349550
NC_003198.1,Emb-only-R,4404051,4549450
NC_003198.1,Emb-only-R,4674951,4756550
NC_003485.1,SAGE-GI-P,18001,28000
NC_003485.1,SAGE-GI-P,65001,87000
NC_003485.1,SAGE-GI-P,312001,334000
NC_003485.1,SAGE-GI-P,590001,617000
NC_003485.1,SAGE-GI-P,1040001,1086000
NC_003485.1,SAGE-GI-P,1446001,1485000
NC_003485.1,Emb-only-P,18001,87000
NC_003485.1,Emb-only-P,479001,506000
NC_003485.1,Emb-only-P,590001,609000
NC_003485.1,Emb-only-P,1040001,1086000
NC_003485.1,Emb-only-P,1446001,1485000
NC_003485.1,SAGE-GI-R,4951,105550
NC_003485.1,SAGE-GI-R,154051,164350
NC_003485.1,SAGE-GI-R,222651,237150
NC_003485.1,SAGE-GI-R,250751,267650
NC_003485.1,SAGE-GI-R,291451,333050
NC_003485.1,SAGE-GI-R,375951,397050
NC_003485.1,SAGE-GI-R,417751,441850
NC_003485.1,SAGE-GI-R,477251,507050
NC_003485.1,SAGE-GI-R,579751,620150
NC_003485.1,SAGE-GI-R,630651,647350
NC_003485.1,SAGE-GI-R,688051,704050
NC_003485.1,SAGE-GI-R,976051,997850
NC_003485.1,SAGE-GI-R,1038951,1093450
NC_003485.1,SAGE-GI-R,1204751,1240450
NC_003485.1,SAGE-GI-R,1331451,1354550
NC_003485.1,SAGE-GI-R,1446051,1503750
NC_003485.1,SAGE-GI-R,1612651,1666550
NC_003485.1,SAGE-GI-R,1700651,1759350
NC_003485.1,SAGE-GI-R,1785351,1802450
NC_003485.1,SAGE-GI-R,1843051,1881250
NC_003485.1,Emb-only-R,9551,105250
NC_003485.1,Emb-only-R,149451,164550
NC_003485.1,Emb-only-R,221351,237150
NC_003485.1,Emb-only-R,249751,267550
NC_003485.1,Emb-only-R,292551,332750
NC_003485.1,Emb-only-R,376451,398550
NC_003485.1,Emb-only-R,417451,441250
NC_003485.1,Emb-only-R,479851,507150
NC_003485.1,Emb-only-R,580051,643150
NC_003485.1,Emb-only-R,688351,705150
NC_003485.1,Emb-only-R,834651,848550
NC_003485.1,Emb-only-R,973351,994550
NC_003485.1,Emb-only-R,1039051,1094150
NC_003485.1,Emb-only-R,1204951,1239450
NC_003485.1,Emb-only-R,1326051,1355050
NC_003485.1,Emb-only-R,1447451,1508250
NC_003485.1,Emb-only-R,1613251,1666450
NC_003485.1,Emb-only-R,1707551,1759250
NC_003485.1,Emb-only-R,1784951,1809250
NC_003485.1,Emb-only-R,1842851,1881550
NC_003923.1,SAGE-GI-P,1442001,1464000
NC_003923.1,SAGE-GI-P,1514001,1580000
NC_003923.1,SAGE-GI-P,2042001,2100000
NC_003923.1,SAGE-GI-P,2238001,2256000
NC_003923.1,SAGE-GI-P,2570001,2585000
NC_003923.1,Emb-only-P,1442001,1464000
NC_003923.1,Emb-only-P,1518001,1580000
NC_003923.1,Emb-only-P,2042001,2064000
NC_003923.1,Emb-only-P,2238001,2256000
NC_003923.1,Emb-only-P,2556001,2585000
NC_003923.1,SAGE-GI-R,4951,91650
NC_003923.1,SAGE-GI-R,102151,120150
NC_003923.1,SAGE-GI-R,179651,190450
NC_003923.1,SAGE-GI-R,203151,214150
NC_003923.1,SAGE-GI-R,301651,333750
NC_003923.1,SAGE-GI-R,380251,465950
NC_003923.1,SAGE-GI-R,481151,501050
NC_003923.1,SAGE-GI-R,524051,550150
NC_003923.1,SAGE-GI-R,564651,615350
NC_003923.1,SAGE-GI-R,635551,648150
NC_003923.1,SAGE-GI-R,664351,681650
NC_003923.1,SAGE-GI-R,825751,868150
NC_003923.1,SAGE-GI-R,947951,968250
NC_003923.1,SAGE-GI-R,1002151,1045250
NC_003923.1,SAGE-GI-R,1099651,1113050
NC_003923.1,SAGE-GI-R,1133751,1153050
NC_003923.1,SAGE-GI-R,1213351,1270650
NC_003923.1,SAGE-GI-R,1343051,1360550
NC_003923.1,SAGE-GI-R,1437751,1474050
NC_003923.1,SAGE-GI-R,1522451,1576850
NC_003923.1,SAGE-GI-R,1844951,1855250
NC_003923.1,SAGE-GI-R,1891751,1935450
NC_003923.1,SAGE-GI-R,1952251,1970750
NC_003923.1,SAGE-GI-R,2038851,2100650
NC_003923.1,SAGE-GI-R,2122151,2147950
NC_003923.1,SAGE-GI-R,2228151,2264450
NC_003923.1,SAGE-GI-R,2305351,2322950
NC_003923.1,SAGE-GI-R,2456251,2489850
NC_003923.1,SAGE-GI-R,2554351,2589550
NC_003923.1,SAGE-GI-R,2715551,2767150
NC_003923.1,SAGE-GI-R,2787051,2810950
NC_003923.1,Emb-only-R,24351,88150
NC_003923.1,Emb-only-R,201151,214150
NC_003923.1,Emb-only-R,321051,331450
NC_003923.1,Emb-only-R,407151,460750
NC_003923.1,Emb-only-R,480851,500550
NC_003923.1,Emb-only-R,528751,550250
NC_003923.1,Emb-only-R,567651,614150
NC_003923.1,Emb-only-R,636851,648050
NC_003923.1,Emb-only-R,660951,681950
NC_003923.1,Emb-only-R,823751,866950
NC_003923.1,Emb-only-R,952351,967950
NC_003923.1,Emb-only-R,997851,1047150
NC_003923.1,Emb-only-R,1102851,1113150
NC_003923.1,Emb-only-R,1133251,1163750
NC_003923.1,Emb-only-R,1221151,1250650
NC_003923.1,Emb-only-R,1343951,1357650
NC_003923.1,Emb-only-R,1437651,1471850
NC_003923.1,Emb-only-R,1524051,1575950
NC_003923.1,Emb-only-R,1678251,1692750
NC_003923.1,Emb-only-R,1808951,1828050
NC_003923.1,Emb-only-R,1844951,1856850
NC_003923.1,Emb-only-R,1892551,1906450
NC_003923.1,Emb-only-R,1952051,1970350
NC_003923.1,Emb-only-R,2038851,2101150
NC_003923.1,Emb-only-R,2122351,2148250
NC_003923.1,Emb-only-R,2186651,2195750
NC_003923.1,Emb-only-R,2234551,2266650
NC_003923.1,Emb-only-R,2307051,2322850
NC_003923.1,Emb-only-R,2456951,2497850
NC_003923.1,Emb-only-R,2555651,2591550
NC_003923.1,Emb-only-R,2737251,2766750
NC_003923.1,Emb-only-R,2790151,2812850
NC_003909.8,SAGE-GI-P,15001,34000
NC_003909.8,SAGE-GI-P,82001,203000
NC_003909.8,SAGE-GI-P,278001,336000
NC_003909.8,SAGE-GI-P,384001,438000
NC_003909.8,SAGE-GI-P,4241001,4286000
NC_003909.8,SAGE-GI-P,4967001,5006000
NC_003909.8,Emb-only-P,15001,34000
NC_003909.8,Emb-only-P,82001,203000
NC_003909.8,Emb-only-P,278001,335000
NC_003909.8,Emb-only-P,384001,438000
NC_003909.8,Emb-only-P,3002001,3045000
NC_003909.8,Emb-only-P,4241001,4264000
NC_003909.8,Emb-only-P,4966001,4983000
NC_003909.8,SAGE-GI-R,4951,42050
NC_003909.8,SAGE-GI-R,69851,203250
NC_003909.8,SAGE-GI-R,271251,345650
NC_003909.8,SAGE-GI-R,380951,445150
NC_003909.8,SAGE-GI-R,595651,639650
NC_003909.8,SAGE-GI-R,669451,690950
NC_003909.8,SAGE-GI-R,770551,839450
NC_003909.8,SAGE-GI-R,862751,896450
NC_003909.8,SAGE-GI-R,908051,925050
NC_003909.8,SAGE-GI-R,974851,998150
NC_003909.8,SAGE-GI-R,1039551,1102750
NC_003909.8,SAGE-GI-R,1109351,1160750
NC_003909.8,SAGE-GI-R,1207651,1257450
NC_003909.8,SAGE-GI-R,1281151,1297550
NC_003909.8,SAGE-GI-R,1335551,1345650
NC_003909.8,SAGE-GI-R,1497951,1509550
NC_003909.8,SAGE-GI-R,1546751,1561350
NC_003909.8,SAGE-GI-R,1694551,1739150
NC_003909.8,SAGE-GI-R,1825751,1845450
NC_003909.8,SAGE-GI-R,1904351,1920750
NC_003909.8,SAGE-GI-R,2064251,2082650
NC_003909.8,SAGE-GI-R,2100751,2122250
NC_003909.8,SAGE-GI-R,2241551,2263450
NC_003909.8,SAGE-GI-R,2285551,2306150
NC_003909.8,SAGE-GI-R,2362151,2379450
NC_003909.8,SAGE-GI-R,2435551,2461350
NC_003909.8,SAGE-GI-R,2557151,2615050
NC_003909.8,SAGE-GI-R,2728451,2744850
NC_003909.8,SAGE-GI-R,2794751,2827850
NC_003909.8,SAGE-GI-R,2939851,3058150
NC_003909.8,SAGE-GI-R,3114651,3137450
NC_003909.8,SAGE-GI-R,3196651,3216650
NC_003909.8,SAGE-GI-R,3276651,3289350
NC_003909.8,SAGE-GI-R,3306551,3318050
NC_003909.8,SAGE-GI-R,3353451,3363550
NC_003909.8,SAGE-GI-R,3434051,3454150
NC_003909.8,SAGE-GI-R,3483751,3498550
NC_003909.8,SAGE-GI-R,3594351,3610050
NC_003909.8,SAGE-GI-R,3622751,3651350
NC_003909.8,SAGE-GI-R,3678751,3690850
NC_003909.8,SAGE-GI-R,3754951,3770250
NC_003909.8,SAGE-GI-R,3823351,3833350
NC_003909.8,SAGE-GI-R,4176651,4190250
NC_003909.8,SAGE-GI-R,4234351,4284550
NC_003909.8,SAGE-GI-R,4314151,4354950
NC_003909.8,SAGE-GI-R,4460051,4470050
NC_003909.8,SAGE-GI-R,4487651,4509250
NC_003909.8,SAGE-GI-R,4543351,4557250
NC_003909.8,SAGE-GI-R,4599851,4625150
NC_003909.8,SAGE-GI-R,4638651,4660250
NC_003909.8,SAGE-GI-R,4775051,4878750
NC_003909.8,SAGE-GI-R,4911351,5022150
NC_003909.8,SAGE-GI-R,5043451,5051650
NC_003909.8,SAGE-GI-R,5065651,5079450
NC_003909.8,SAGE-GI-R,5135351,5150450
NC_003909.8,SAGE-GI-R,5182851,5209850
NC_003909.8,Emb-only-R,4951,50350
NC_003909.8,Emb-only-R,56351,204050
NC_003909.8,Emb-only-R,271251,345750
NC_003909.8,Emb-only-R,381051,453250
NC_003909.8,Emb-only-R,585051,638150
NC_003909.8,Emb-only-R,671051,691650
NC_003909.8,Emb-only-R,769951,840350
NC_003909.8,Emb-only-R,871551,897350
NC_003909.8,Emb-only-R,909051,918850
NC_003909.8,Emb-only-R,974351,1020950
NC_003909.8,Emb-only-R,1042051,1094150
NC_003909.8,Emb-only-R,1113251,1124150
NC_003909.8,Emb-only-R,1137651,1161050
NC_003909.8,Emb-only-R,1200251,1226850
NC_003909.8,Emb-only-R,1285351,1296250
NC_003909.8,Emb-only-R,1335651,1346450
NC_003909.8,Emb-only-R,1369951,1392050
NC_003909.8,Emb-only-R,1498751,1510250
NC_003909.8,Emb-only-R,1547051,1560450
NC_003909.8,Emb-only-R,1703151,1736250
NC_003909.8,Emb-only-R,1827051,1839150
NC_003909.8,Emb-only-R,1903751,1927250
NC_003909.8,Emb-only-R,2064551,2077050
NC_003909.8,Emb-only-R,2104551,2121850
NC_003909.8,Emb-only-R,2242751,2261850
NC_003909.8,Emb-only-R,2283251,2304650
NC_003909.8,Emb-only-R,2337851,2347450
NC_003909.8,Emb-only-R,2362151,2380950
NC_003909.8,Emb-only-R,2427851,2461150
NC_003909.8,Emb-only-R,2541151,2615350
NC_003909.8,Emb-only-R,2729651,2744150
NC_003909.8,Emb-only-R,2816651,2831850
NC_003909.8,Emb-only-R,2941751,3058650
NC_003909.8,Emb-only-R,3065351,3089650
NC_003909.8,Emb-only-R,3115651,3137350
NC_003909.8,Emb-only-R,3174051,3192250
NC_003909.8,Emb-only-R,3197651,3216050
NC_003909.8,Emb-only-R,3274551,3289450
NC_003909.8,Emb-only-R,3306751,3323750
NC_003909.8,Emb-only-R,3429851,3453950
NC_003909.8,Emb-only-R,3483751,3499150
NC_003909.8,Emb-only-R,3529851,3544550
NC_003909.8,Emb-only-R,3593851,3604750
NC_003909.8,Emb-only-R,3624251,3648250
NC_003909.8,Emb-only-R,3679451,3691250
NC_003909.8,Emb-only-R,3754751,3774550
NC_003909.8,Emb-only-R,3818451,3836650
NC_003909.8,Emb-only-R,3960551,3970850
NC_003909.8,Emb-only-R,4176151,4192950
NC_003909.8,Emb-only-R,4235051,4283350
NC_003909.8,Emb-only-R,4320651,4356850
NC_003909.8,Emb-only-R,4487851,4505550
NC_003909.8,Emb-only-R,4543551,4556050
NC_003909.8,Emb-only-R,4597951,4614450
NC_003909.8,Emb-only-R,4636051,4661650
NC_003909.8,Emb-only-R,4710251,4720450
NC_003909.8,Emb-only-R,4771351,4851850
NC_003909.8,Emb-only-R,4914551,5024550
NC_003909.8,Emb-only-R,5067451,5079850
NC_003909.8,Emb-only-R,5129051,5151550
NC_003909.8,Emb-only-R,5182151,5213150
NC_004070.1,SAGE-GI-P,17001,28000
NC_004070.1,SAGE-GI-P,53001,87000
NC_004070.1,SAGE-GI-P,768001,794000
NC_004070.1,SAGE-GI-P,977001,1021000
NC_004070.1,SAGE-GI-P,1229001,1268000
NC_004070.1,SAGE-GI-P,1311001,1361000
NC_004070.1,SAGE-GI-P,1406001,1448000
NC_004070.1,SAGE-GI-P,1743001,1765000
NC_004070.1,Emb-only-P,17001,87000
NC_004070.1,Emb-only-P,977001,1021000
NC_004070.1,Emb-only-P,1229001,1268000
NC_004070.1,Emb-only-P,1311001,1361000
NC_004070.1,Emb-only-P,1406001,1448000
NC_004070.1,SAGE-GI-R,4951,103950
NC_004070.1,SAGE-GI-R,144551,162350
NC_004070.1,SAGE-GI-R,225351,235350
NC_004070.1,SAGE-GI-R,249351,265450
NC_004070.1,SAGE-GI-R,335851,358850
NC_004070.1,SAGE-GI-R,417951,439650
NC_004070.1,SAGE-GI-R,523751,539550
NC_004070.1,SAGE-GI-R,577851,595950
NC_004070.1,SAGE-GI-R,736351,797250
NC_004070.1,SAGE-GI-R,822251,830450
NC_004070.1,SAGE-GI-R,912451,934450
NC_004070.1,SAGE-GI-R,974351,1023050
NC_004070.1,SAGE-GI-R,1138551,1170850
NC_004070.1,SAGE-GI-R,1229351,1269750
NC_004070.1,SAGE-GI-R,1308151,1363850
NC_004070.1,SAGE-GI-R,1380051,1390450
NC_004070.1,SAGE-GI-R,1408651,1450150
NC_004070.1,SAGE-GI-R,1621451,1672650
NC_004070.1,SAGE-GI-R,1737651,1766250
NC_004070.1,SAGE-GI-R,1794751,1810750
NC_004070.1,SAGE-GI-R,1857051,1885550
NC_004070.1,Emb-only-R,8651,99850
NC_004070.1,Emb-only-R,116451,137150
NC_004070.1,Emb-only-R,144951,162250
NC_004070.1,Emb-only-R,249351,265250
NC_004070.1,Emb-only-R,337351,361250
NC_004070.1,Emb-only-R,418951,437350
NC_004070.1,Emb-only-R,580251,596350
NC_004070.1,Emb-only-R,723251,795750
NC_004070.1,Emb-only-R,911351,931250
NC_004070.1,Emb-only-R,974451,1031650
NC_004070.1,Emb-only-R,1135151,1171050
NC_004070.1,Emb-only-R,1227351,1269850
NC_004070.1,Emb-only-R,1306051,1363750
NC_004070.1,Emb-only-R,1408751,1450150
NC_004070.1,Emb-only-R,1505651,1517250
NC_004070.1,Emb-only-R,1622351,1670150
NC_004070.1,Emb-only-R,1743951,1766150
NC_004070.1,Emb-only-R,1793551,1811650
NC_004070.1,Emb-only-R,1855951,1885550
NC_003997.3,SAGE-GI-P,4951,18550
NC_003997.3,SAGE-GI-P,82001,171000
NC_003997.3,SAGE-GI-P,245001,295000
NC_003997.3,SAGE-GI-P,447001,480000
NC_003997.3,SAGE-GI-P,1515001,1539000
NC_003997.3,SAGE-GI-P,1573001,1611000
NC_003997.3,SAGE-GI-P,3014001,3057000
NC_003997.3,SAGE-GI-P,3457001,3499000
NC_003997.3,SAGE-GI-P,3752001,3790000
NC_003997.3,SAGE-GI-P,4837051,4852550
NC_003997.3,Emb-only-P,4951,18450
NC_003997.3,Emb-only-P,82001,171000
NC_003997.3,Emb-only-P,245001,295000
NC_003997.3,Emb-only-P,1515001,1539000
NC_003997.3,Emb-only-P,2869001,2919000
NC_003997.3,Emb-only-P,3014001,3057000
NC_003997.3,Emb-only-P,3457001,3499000
NC_003997.3,Emb-only-P,3752001,3781000
NC_003997.3,Emb-only-P,4834001,4871000
NC_003997.3,Emb-only-P,4998001,5014000
NC_003997.3,SAGE-GI-R,4951,48350
NC_003997.3,SAGE-GI-R,61051,174150
NC_003997.3,SAGE-GI-R,231951,304650
NC_003997.3,SAGE-GI-R,376751,387950
NC_003997.3,SAGE-GI-R,448851,483550
NC_003997.3,SAGE-GI-R,525551,564650
NC_003997.3,SAGE-GI-R,597151,624950
NC_003997.3,SAGE-GI-R,703951,761150
NC_003997.3,SAGE-GI-R,777551,822350
NC_003997.3,SAGE-GI-R,844351,857050
NC_003997.3,SAGE-GI-R,885251,909750
NC_003997.3,SAGE-GI-R,931451,1009250
NC_003997.3,SAGE-GI-R,1020651,1060550
NC_003997.3,SAGE-GI-R,1070151,1085250
NC_003997.3,SAGE-GI-R,1143851,1154850
NC_003997.3,SAGE-GI-R,1178251,1201150
NC_003997.3,SAGE-GI-R,1209451,1237150
NC_003997.3,SAGE-GI-R,1334051,1357850
NC_003997.3,SAGE-GI-R,1513951,1541050
NC_003997.3,SAGE-GI-R,1565251,1617250
NC_003997.3,SAGE-GI-R,1721051,1732450
NC_003997.3,SAGE-GI-R,1825051,1842650
NC_003997.3,SAGE-GI-R,1969151,1979450
NC_003997.3,SAGE-GI-R,2003651,2016950
NC_003997.3,SAGE-GI-R,2043251,2065050
NC_003997.3,SAGE-GI-R,2148751,2189450
NC_003997.3,SAGE-GI-R,2274151,2293050
NC_003997.3,SAGE-GI-R,2322251,2336150
NC_003997.3,SAGE-GI-R,2345651,2366050
NC_003997.3,SAGE-GI-R,2387051,2411950
NC_003997.3,SAGE-GI-R,2462251,2515750
NC_003997.3,SAGE-GI-R,2524851,2546650
NC_003997.3,SAGE-GI-R,2865451,2931450
NC_003997.3,SAGE-GI-R,2956351,2973250
NC_003997.3,SAGE-GI-R,2992351,3058850
NC_003997.3,SAGE-GI-R,3190451,3214650
NC_003997.3,SAGE-GI-R,3263451,3318950
NC_003997.3,SAGE-GI-R,3416051,3431650
NC_003997.3,SAGE-GI-R,3454351,3521750
NC_003997.3,SAGE-GI-R,3652651,3667650
NC_003997.3,SAGE-GI-R,3700251,3713850
NC_003997.3,SAGE-GI-R,3745551,3810450
NC_003997.3,SAGE-GI-R,3822851,3833450
NC_003997.3,SAGE-GI-R,3850051,3861350
NC_003997.3,SAGE-GI-R,4355551,4385050
NC_003997.3,SAGE-GI-R,4450051,4467350
NC_003997.3,SAGE-GI-R,4481751,4492450
NC_003997.3,SAGE-GI-R,4510151,4529450
NC_003997.3,SAGE-GI-R,4606651,4617750
NC_003997.3,SAGE-GI-R,4628151,4661350
NC_003997.3,SAGE-GI-R,4680851,4694150
NC_003997.3,SAGE-GI-R,4792251,4864550
NC_003997.3,SAGE-GI-R,4881351,4897750
NC_003997.3,SAGE-GI-R,4953351,5042450
NC_003997.3,SAGE-GI-R,5084051,5100150
NC_003997.3,SAGE-GI-R,5158051,5180050
NC_003997.3,Emb-only-R,4951,174450
NC_003997.3,Emb-only-R,199951,209050
NC_003997.3,Emb-only-R,233251,305250
NC_003997.3,Emb-only-R,375651,395250
NC_003997.3,Emb-only-R,444851,482850
NC_003997.3,Emb-only-R,525251,564750
NC_003997.3,Emb-only-R,598951,625950
NC_003997.3,Emb-only-R,699751,763450
NC_003997.3,Emb-only-R,783451,798050
NC_003997.3,Emb-only-R,840751,858550
NC_003997.3,Emb-only-R,894351,906750
NC_003997.3,Emb-only-R,933151,1009850
NC_003997.3,Emb-only-R,1021751,1039550
NC_003997.3,Emb-only-R,1068051,1085850
NC_003997.3,Emb-only-R,1181051,1190950
NC_003997.3,Emb-only-R,1210851,1235850
NC_003997.3,Emb-only-R,1342551,1354550
NC_003997.3,Emb-only-R,1516051,1541350
NC_003997.3,Emb-only-R,1565051,1617650
NC_003997.3,Emb-only-R,2042951,2064050
NC_003997.3,Emb-only-R,2149951,2220450
NC_003997.3,Emb-only-R,2319351,2366550
NC_003997.3,Emb-only-R,2388751,2412450
NC_003997.3,Emb-only-R,2461451,2542850
NC_003997.3,Emb-only-R,2780451,2794150
NC_003997.3,Emb-only-R,2867751,2937750
NC_003997.3,Emb-only-R,2955951,2974050
NC_003997.3,Emb-only-R,2992551,3058350
NC_003997.3,Emb-only-R,3121651,3135050
NC_003997.3,Emb-only-R,3182851,3215450
NC_003997.3,Emb-only-R,3263551,3330950
NC_003997.3,Emb-only-R,3415751,3432250
NC_003997.3,Emb-only-R,3456051,3514550
NC_003997.3,Emb-only-R,3620751,3631950
NC_003997.3,Emb-only-R,3700551,3713950
NC_003997.3,Emb-only-R,3747651,3785750
NC_003997.3,Emb-only-R,3821051,3833450
NC_003997.3,Emb-only-R,4354151,4379750
NC_003997.3,Emb-only-R,4482151,4492450
NC_003997.3,Emb-only-R,4508951,4527250
NC_003997.3,Emb-only-R,4567351,4576350
NC_003997.3,Emb-only-R,4606951,4669050
NC_003997.3,Emb-only-R,4675151,4694050
NC_003997.3,Emb-only-R,4789451,4799050
NC_003997.3,Emb-only-R,4804651,4867050
NC_003997.3,Emb-only-R,4957051,5053850
NC_003997.3,Emb-only-R,5084151,5101550
NC_003997.3,Emb-only-R,5158851,5180850
NC_004116.1,SAGE-GI-P,15001,51000
NC_004116.1,SAGE-GI-P,76001,99000
NC_004116.1,SAGE-GI-P,566001,608000
NC_004116.1,SAGE-GI-P,1259001,1322000
NC_004116.1,SAGE-GI-P,1835001,1857000
NC_004116.1,SAGE-GI-P,1955001,2004000
NC_004116.1,Emb-only-P,15001,99000
NC_004116.1,Emb-only-P,566001,608000
NC_004116.1,Emb-only-P,1244001,1322000
NC_004116.1,Emb-only-P,1835001,1857000
NC_004116.1,SAGE-GI-R,7851,104850
NC_004116.1,SAGE-GI-R,160051,195250
NC_004116.1,SAGE-GI-R,236151,274150
NC_004116.1,SAGE-GI-R,344551,380950
NC_004116.1,SAGE-GI-R,408051,431350
NC_004116.1,SAGE-GI-R,440251,461150
NC_004116.1,SAGE-GI-R,554551,611850
NC_004116.1,SAGE-GI-R,629151,646650
NC_004116.1,SAGE-GI-R,661151,678550
NC_004116.1,SAGE-GI-R,816551,835850
NC_004116.1,SAGE-GI-R,903251,976650
NC_004116.1,SAGE-GI-R,1001151,1057750
NC_004116.1,SAGE-GI-R,1164251,1178250
NC_004116.1,SAGE-GI-R,1239551,1318350
NC_004116.1,SAGE-GI-R,1456251,1488850
NC_004116.1,SAGE-GI-R,1758451,1772050
NC_004116.1,SAGE-GI-R,1829751,1868450
NC_004116.1,SAGE-GI-R,1953551,2014750
NC_004116.1,SAGE-GI-R,2027551,2050650
NC_004116.1,SAGE-GI-R,2085551,2101850
NC_004116.1,Emb-only-R,4951,102350
NC_004116.1,Emb-only-R,160351,209250
NC_004116.1,Emb-only-R,239851,269950
NC_004116.1,Emb-only-R,342051,364350
NC_004116.1,Emb-only-R,412551,430650
NC_004116.1,Emb-only-R,443551,469650
NC_004116.1,Emb-only-R,553351,610450
NC_004116.1,Emb-only-R,630251,676150
NC_004116.1,Emb-only-R,819951,832150
NC_004116.1,Emb-only-R,874951,885650
NC_004116.1,Emb-only-R,903151,943550
NC_004116.1,Emb-only-R,953951,979850
NC_004116.1,Emb-only-R,1031351,1058150
NC_004116.1,Emb-only-R,1161751,1179450
NC_004116.1,Emb-only-R,1234951,1319550
NC_004116.1,Emb-only-R,1325651,1341050
NC_004116.1,Emb-only-R,1464351,1483550
NC_004116.1,Emb-only-R,1710251,1722350
NC_004116.1,Emb-only-R,1756551,1772950
NC_004116.1,Emb-only-R,1829251,1870150
NC_004116.1,Emb-only-R,1953951,2050850
NC_004116.1,Emb-only-R,2072351,2102850
NC_004088.1,SAGE-GI-P,268001,290000
NC_004088.1,SAGE-GI-P,521001,564000
NC_004088.1,SAGE-GI-P,1882001,1899000
NC_004088.1,SAGE-GI-P,2412001,2457000
NC_004088.1,SAGE-GI-P,2646001,2677000
NC_004088.1,SAGE-GI-P,2955001,3008000
NC_004088.1,SAGE-GI-P,3693001,3720000
NC_004088.1,SAGE-GI-P,3798001,3815000
NC_004088.1,SAGE-GI-P,3928001,3968000
NC_004088.1,SAGE-GI-P,4435001,4461000
NC_004088.1,Emb-only-P,268001,290000
NC_004088.1,Emb-only-P,522001,573000
NC_004088.1,Emb-only-P,1852001,1899000
NC_004088.1,Emb-only-P,2646001,2677000
NC_004088.1,Emb-only-P,2955001,3008000
NC_004088.1,Emb-only-P,3398951,3409150
NC_004088.1,Emb-only-P,3693001,3720000
NC_004088.1,Emb-only-P,3759751,3772350
NC_004088.1,Emb-only-P,3927001,3968000
NC_004088.1,Emb-only-P,4435001,4461000
NC_004088.1,SAGE-GI-R,7751,58850
NC_004088.1,SAGE-GI-R,186951,219750
NC_004088.1,SAGE-GI-R,261751,297150
NC_004088.1,SAGE-GI-R,349051,389050
NC_004088.1,SAGE-GI-R,408051,424250
NC_004088.1,SAGE-GI-R,502851,550650
NC_004088.1,SAGE-GI-R,560651,578450
NC_004088.1,SAGE-GI-R,587251,608450
NC_004088.1,SAGE-GI-R,631351,639750
NC_004088.1,SAGE-GI-R,667751,688050
NC_004088.1,SAGE-GI-R,761451,790150
NC_004088.1,SAGE-GI-R,833751,863350
NC_004088.1,SAGE-GI-R,885551,894550
NC_004088.1,SAGE-GI-R,1020651,1033250
NC_004088.1,SAGE-GI-R,1049751,1065350
NC_004088.1,SAGE-GI-R,1088651,1121550
NC_004088.1,SAGE-GI-R,1143451,1162950
NC_004088.1,SAGE-GI-R,1197951,1224050
NC_004088.1,SAGE-GI-R,1255351,1263450
NC_004088.1,SAGE-GI-R,1270151,1309550
NC_004088.1,SAGE-GI-R,1367551,1381350
NC_004088.1,SAGE-GI-R,1479451,1542950
NC_004088.1,SAGE-GI-R,1691551,1732950
NC_004088.1,SAGE-GI-R,1802751,1821450
NC_004088.1,SAGE-GI-R,1855351,1904550
NC_004088.1,SAGE-GI-R,2013751,2046750
NC_004088.1,SAGE-GI-R,2219451,2235250
NC_004088.1,SAGE-GI-R,2367151,2381650
NC_004088.1,SAGE-GI-R,2410851,2451550
NC_004088.1,SAGE-GI-R,2491051,2505250
NC_004088.1,SAGE-GI-R,2544051,2576750
NC_004088.1,SAGE-GI-R,2595051,2620950
NC_004088.1,SAGE-GI-R,2642751,2707150
NC_004088.1,SAGE-GI-R,2748751,2775550
NC_004088.1,SAGE-GI-R,2940251,3024050
NC_004088.1,SAGE-GI-R,3049751,3087150
NC_004088.1,SAGE-GI-R,3188251,3207250
NC_004088.1,SAGE-GI-R,3304051,3325150
NC_004088.1,SAGE-GI-R,3360351,3421450
NC_004088.1,SAGE-GI-R,3510751,3534550
NC_004088.1,SAGE-GI-R,3586351,3600550
NC_004088.1,SAGE-GI-R,3664751,3677650
NC_004088.1,SAGE-GI-R,3691351,3824450
NC_004088.1,SAGE-GI-R,3844651,3877650
NC_004088.1,SAGE-GI-R,3924651,3983650
NC_004088.1,SAGE-GI-R,4010851,4026250
NC_004088.1,SAGE-GI-R,4062651,4093150
NC_004088.1,SAGE-GI-R,4193451,4254850
NC_004088.1,SAGE-GI-R,4323751,4335750
NC_004088.1,SAGE-GI-R,4432751,4472050
NC_004088.1,SAGE-GI-R,4569551,4595750
NC_004088.1,Emb-only-R,7451,58250
NC_004088.1,Emb-only-R,209451,220250
NC_004088.1,Emb-only-R,234351,245350
NC_004088.1,Emb-only-R,266951,297150
NC_004088.1,Emb-only-R,352651,389950
NC_004088.1,Emb-only-R,414451,428650
NC_004088.1,Emb-only-R,498651,574350
NC_004088.1,Emb-only-R,594951,605350
NC_004088.1,Emb-only-R,627051,643250
NC_004088.1,Emb-only-R,668651,700150
NC_004088.1,Emb-only-R,761551,818450
NC_004088.1,Emb-only-R,831151,863050
NC_004088.1,Emb-only-R,964951,984950
NC_004088.1,Emb-only-R,1020851,1036950
NC_004088.1,Emb-only-R,1051451,1063350
NC_004088.1,Emb-only-R,1199651,1224250
NC_004088.1,Emb-only-R,1244851,1263250
NC_004088.1,Emb-only-R,1272051,1307550
NC_004088.1,Emb-only-R,1476051,1544950
NC_004088.1,Emb-only-R,1690151,1728550
NC_004088.1,Emb-only-R,1807651,1823650
NC_004088.1,Emb-only-R,1860451,1906150
NC_004088.1,Emb-only-R,2015251,2031050
NC_004088.1,Emb-only-R,2218851,2238050
NC_004088.1,Emb-only-R,2367551,2384750
NC_004088.1,Emb-only-R,2417951,2455250
NC_004088.1,Emb-only-R,2493651,2508350
NC_004088.1,Emb-only-R,2537251,2575550
NC_004088.1,Emb-only-R,2592551,2622350
NC_004088.1,Emb-only-R,2642051,2705250
NC_004088.1,Emb-only-R,2748151,2769150
NC_004088.1,Emb-only-R,2938751,3024250
NC_004088.1,Emb-only-R,3071251,3090450
NC_004088.1,Emb-only-R,3186851,3207650
NC_004088.1,Emb-only-R,3362351,3421050
NC_004088.1,Emb-only-R,3510451,3534150
NC_004088.1,Emb-only-R,3584951,3600150
NC_004088.1,Emb-only-R,3610851,3622250
NC_004088.1,Emb-only-R,3662551,3677350
NC_004088.1,Emb-only-R,3690751,3825150
NC_004088.1,Emb-only-R,3856251,3880350
NC_004088.1,Emb-only-R,3924551,3982850
NC_004088.1,Emb-only-R,4010251,4023750
NC_004088.1,Emb-only-R,4061751,4093250
NC_004088.1,Emb-only-R,4186251,4221250
NC_004088.1,Emb-only-R,4234151,4258550
NC_004088.1,Emb-only-R,4324551,4334750
NC_004088.1,Emb-only-R,4433351,4471050
NC_004088.1,Emb-only-R,4585051,4595750
NC_004337.1,SAGE-GI-P,215001,253000
NC_004337.1,SAGE-GI-P,696001,751000
NC_004337.1,SAGE-GI-P,1910001,1940000
NC_004337.1,SAGE-GI-P,2041001,2062000
NC_004337.1,SAGE-GI-P,3053001,3103000
NC_004337.1,SAGE-GI-P,3404001,3445000
NC_004337.1,SAGE-GI-P,4187001,4225000
NC_004337.1,Emb-only-P,215001,253000
NC_004337.1,Emb-only-P,696001,751000
NC_004337.1,Emb-only-P,1910001,1940000
NC_004337.1,Emb-only-P,3053001,3103000
NC_004337.1,Emb-only-P,3404001,3445000
NC_004337.1,Emb-only-P,3934001,3950000
NC_004337.1,Emb-only-P,4187001,4226000
NC_004337.1,SAGE-GI-R,90651,102450
NC_004337.1,SAGE-GI-R,116051,130550
NC_004337.1,SAGE-GI-R,210451,258350
NC_004337.1,SAGE-GI-R,267151,298250
NC_004337.1,SAGE-GI-R,309251,336750
NC_004337.1,SAGE-GI-R,368951,398850
NC_004337.1,SAGE-GI-R,500751,515450
NC_004337.1,SAGE-GI-R,574051,600550
NC_004337.1,SAGE-GI-R,614051,626050
NC_004337.1,SAGE-GI-R,694551,759350
NC_004337.1,SAGE-GI-R,811751,823250
NC_004337.1,SAGE-GI-R,834551,852350
NC_004337.1,SAGE-GI-R,887451,929450
NC_004337.1,SAGE-GI-R,939151,964250
NC_004337.1,SAGE-GI-R,1053451,1101950
NC_004337.1,SAGE-GI-R,1124351,1134650
NC_004337.1,SAGE-GI-R,1169251,1209950
NC_004337.1,SAGE-GI-R,1279551,1303050
NC_004337.1,SAGE-GI-R,1383651,1448050
NC_004337.1,SAGE-GI-R,1566551,1582150
NC_004337.1,SAGE-GI-R,1622451,1638450
NC_004337.1,SAGE-GI-R,1720951,1739650
NC_004337.1,SAGE-GI-R,1748551,1767150
NC_004337.1,SAGE-GI-R,1796351,1817850
NC_004337.1,SAGE-GI-R,1840651,1852950
NC_004337.1,SAGE-GI-R,1912751,1941450
NC_004337.1,SAGE-GI-R,2029351,2090150
NC_004337.1,SAGE-GI-R,2103951,2128250
NC_004337.1,SAGE-GI-R,2165851,2206950
NC_004337.1,SAGE-GI-R,2224751,2239950
NC_004337.1,SAGE-GI-R,2306851,2326850
NC_004337.1,SAGE-GI-R,2397151,2410150
NC_004337.1,SAGE-GI-R,2465551,2499250
NC_004337.1,SAGE-GI-R,2508751,2533850
NC_004337.1,SAGE-GI-R,2547851,2563650
NC_004337.1,SAGE-GI-R,2681751,2706250
NC_004337.1,SAGE-GI-R,2719551,2732250
NC_004337.1,SAGE-GI-R,2750151,2764550
NC_004337.1,SAGE-GI-R,2812851,2822050
NC_004337.1,SAGE-GI-R,2943451,2964050
NC_004337.1,SAGE-GI-R,3016851,3027150
NC_004337.1,SAGE-GI-R,3054851,3108850
NC_004337.1,SAGE-GI-R,3209951,3221950
NC_004337.1,SAGE-GI-R,3252751,3264050
NC_004337.1,SAGE-GI-R,3296051,3314050
NC_004337.1,SAGE-GI-R,3402251,3447650
NC_004337.1,SAGE-GI-R,3554651,3610450
NC_004337.1,SAGE-GI-R,3625151,3638650
NC_004337.1,SAGE-GI-R,3741051,3787350
NC_004337.1,SAGE-GI-R,3807051,3840950
NC_004337.1,SAGE-GI-R,3856851,3870950
NC_004337.1,SAGE-GI-R,3900351,3964750
NC_004337.1,SAGE-GI-R,4044551,4061550
NC_004337.1,SAGE-GI-R,4180451,4242250
NC_004337.1,SAGE-GI-R,4283551,4298850
NC_004337.1,SAGE-GI-R,4377951,4414150
NC_004337.1,SAGE-GI-R,4434051,4475750
NC_004337.1,SAGE-GI-R,4493851,4513750
NC_004337.1,Emb-only-R,113751,130450
NC_004337.1,Emb-only-R,211151,258150
NC_004337.1,Emb-only-R,270451,296650
NC_004337.1,Emb-only-R,311551,330150
NC_004337.1,Emb-only-R,374251,394750
NC_004337.1,Emb-only-R,490351,516150
NC_004337.1,Emb-only-R,575351,602650
NC_004337.1,Emb-only-R,692651,755350
NC_004337.1,Emb-only-R,824051,847250
NC_004337.1,Emb-only-R,897151,925050
NC_004337.1,Emb-only-R,937451,957450
NC_004337.1,Emb-only-R,1053351,1102150
NC_004337.1,Emb-only-R,1118051,1133350
NC_004337.1,Emb-only-R,1170451,1201850
NC_004337.1,Emb-only-R,1282051,1304850
NC_004337.1,Emb-only-R,1384151,1426050
NC_004337.1,Emb-only-R,1535651,1551550
NC_004337.1,Emb-only-R,1565951,1586150
NC_004337.1,Emb-only-R,1622051,1645050
NC_004337.1,Emb-only-R,1707951,1739450
NC_004337.1,Emb-only-R,1797251,1817950
NC_004337.1,Emb-only-R,1913851,1941450
NC_004337.1,Emb-only-R,2030751,2089050
NC_004337.1,Emb-only-R,2102851,2119650
NC_004337.1,Emb-only-R,2168551,2198850
NC_004337.1,Emb-only-R,2219951,2237050
NC_004337.1,Emb-only-R,2350851,2367450
NC_004337.1,Emb-only-R,2398651,2410450
NC_004337.1,Emb-only-R,2467651,2565250
NC_004337.1,Emb-only-R,2680951,2732150
NC_004337.1,Emb-only-R,2750051,2764450
NC_004337.1,Emb-only-R,2942651,2964550
NC_004337.1,Emb-only-R,3006851,3029050
NC_004337.1,Emb-only-R,3052851,3106150
NC_004337.1,Emb-only-R,3210151,3220650
NC_004337.1,Emb-only-R,3252651,3264250
NC_004337.1,Emb-only-R,3295951,3316950
NC_004337.1,Emb-only-R,3399451,3448150
NC_004337.1,Emb-only-R,3548851,3639050
NC_004337.1,Emb-only-R,3697851,3716850
NC_004337.1,Emb-only-R,3740051,3785550
NC_004337.1,Emb-only-R,3807851,3881350
NC_004337.1,Emb-only-R,3904851,3960850
NC_004337.1,Emb-only-R,4044851,4057950
NC_004337.1,Emb-only-R,4079851,4095950
NC_004337.1,Emb-only-R,4180051,4242550
NC_004337.1,Emb-only-R,4279551,4297950
NC_004337.1,Emb-only-R,4323251,4358450
NC_004337.1,Emb-only-R,4380551,4416450
NC_004337.1,Emb-only-R,4434051,4455250
NC_004337.1,Emb-only-R,4466251,4476350
NC_004337.1,Emb-only-R,4494351,4513150
NC_004347.1,SAGE-GI-P,186001,275000
NC_004347.1,SAGE-GI-P,1045001,1060000
NC_004347.1,SAGE-GI-P,2028001,2058000
NC_004347.1,SAGE-GI-P,2222001,2252000
NC_004347.1,SAGE-GI-P,2780001,2823000
NC_004347.1,SAGE-GI-P,3075001,3096000
NC_004347.1,SAGE-GI-P,3314001,3328000
NC_004347.1,SAGE-GI-P,4311001,4324000
NC_004347.1,SAGE-GI-P,4679001,4694000
NC_004347.1,Emb-only-P,186001,275000
NC_004347.1,Emb-only-P,1045001,1060000
NC_004347.1,Emb-only-P,1240001,1265000
NC_004347.1,Emb-only-P,1480001,1541000
NC_004347.1,Emb-only-P,2028001,2058000
NC_004347.1,Emb-only-P,2222001,2252000
NC_004347.1,Emb-only-P,3075001,3096000
NC_004347.1,Emb-only-P,3314001,3328000
NC_004347.1,Emb-only-P,4311001,4324000
NC_004347.1,Emb-only-P,4679001,4694000
NC_004347.1,SAGE-GI-R,4951,14950
NC_004347.1,SAGE-GI-R,41751,58350
NC_004347.1,SAGE-GI-R,70451,86250
NC_004347.1,SAGE-GI-R,106651,122350
NC_004347.1,SAGE-GI-R,175651,278950
NC_004347.1,SAGE-GI-R,308551,318850
NC_004347.1,SAGE-GI-R,389451,410150
NC_004347.1,SAGE-GI-R,427651,454050
NC_004347.1,SAGE-GI-R,475451,508450
NC_004347.1,SAGE-GI-R,543151,553850
NC_004347.1,SAGE-GI-R,593051,603350
NC_004347.1,SAGE-GI-R,672451,703350
NC_004347.1,SAGE-GI-R,722751,741350
NC_004347.1,SAGE-GI-R,792251,807350
NC_004347.1,SAGE-GI-R,859451,871450
NC_004347.1,SAGE-GI-R,886851,901850
NC_004347.1,SAGE-GI-R,1030551,1076050
NC_004347.1,SAGE-GI-R,1143651,1154450
NC_004347.1,SAGE-GI-R,1178451,1189850
NC_004347.1,SAGE-GI-R,1240851,1271050
NC_004347.1,SAGE-GI-R,1281551,1291550
NC_004347.1,SAGE-GI-R,1431151,1448050
NC_004347.1,SAGE-GI-R,1461251,1543050
NC_004347.1,SAGE-GI-R,1583751,1596150
NC_004347.1,SAGE-GI-R,1670651,1686750
NC_004347.1,SAGE-GI-R,1723451,1750850
NC_004347.1,SAGE-GI-R,1782551,1794350
NC_004347.1,SAGE-GI-R,1858451,1869050
NC_004347.1,SAGE-GI-R,1880551,1891350
NC_004347.1,SAGE-GI-R,1910951,1954350
NC_004347.1,SAGE-GI-R,2018851,2059150
NC_004347.1,SAGE-GI-R,2101251,2124250
NC_004347.1,SAGE-GI-R,2212251,2284850
NC_004347.1,SAGE-GI-R,2422551,2439650
NC_004347.1,SAGE-GI-R,2465651,2481750
NC_004347.1,SAGE-GI-R,2542051,2551750
NC_004347.1,SAGE-GI-R,2577751,2592250
NC_004347.1,SAGE-GI-R,2668951,2688450
NC_004347.1,SAGE-GI-R,2718551,2733950
NC_004347.1,SAGE-GI-R,2784851,2820750
NC_004347.1,SAGE-GI-R,2900651,2910250
NC_004347.1,SAGE-GI-R,2958751,2982550
NC_004347.1,SAGE-GI-R,3011851,3021150
NC_004347.1,SAGE-GI-R,3074951,3126250
NC_004347.1,SAGE-GI-R,3182451,3220550
NC_004347.1,SAGE-GI-R,3250551,3273350
NC_004347.1,SAGE-GI-R,3303151,3384650
NC_004347.1,SAGE-GI-R,3391251,3412950
NC_004347.1,SAGE-GI-R,3433651,3461650
NC_004347.1,SAGE-GI-R,3664951,3687350
NC_004347.1,SAGE-GI-R,3730351,3744850
NC_004347.1,SAGE-GI-R,3941251,3950950
NC_004347.1,SAGE-GI-R,4013451,4033050
NC_004347.1,SAGE-GI-R,4105251,4146350
NC_004347.1,SAGE-GI-R,4174851,4203450
NC_004347.1,SAGE-GI-R,4210251,4271950
NC_004347.1,SAGE-GI-R,4303651,4328450
NC_004347.1,SAGE-GI-R,4369751,4400350
NC_004347.1,SAGE-GI-R,4435551,4472650
NC_004347.1,SAGE-GI-R,4490351,4510850
NC_004347.1,SAGE-GI-R,4532051,4586650
NC_004347.1,SAGE-GI-R,4623451,4636850
NC_004347.1,SAGE-GI-R,4669951,4710050
NC_004347.1,SAGE-GI-R,4925751,4964850
NC_004347.1,Emb-only-R,4951,17850
NC_004347.1,Emb-only-R,41951,57150
NC_004347.1,Emb-only-R,72951,84250
NC_004347.1,Emb-only-R,106351,156250
NC_004347.1,Emb-only-R,174251,288450
NC_004347.1,Emb-only-R,387851,414850
NC_004347.1,Emb-only-R,422951,450950
NC_004347.1,Emb-only-R,474751,502950
NC_004347.1,Emb-only-R,628651,640050
NC_004347.1,Emb-only-R,679251,703750
NC_004347.1,Emb-only-R,722451,741650
NC_004347.1,Emb-only-R,791551,810550
NC_004347.1,Emb-only-R,859551,870750
NC_004347.1,Emb-only-R,888351,900250
NC_004347.1,Emb-only-R,1029751,1070550
NC_004347.1,Emb-only-R,1144051,1154750
NC_004347.1,Emb-only-R,1178251,1191550
NC_004347.1,Emb-only-R,1238651,1268250
NC_004347.1,Emb-only-R,1282551,1291850
NC_004347.1,Emb-only-R,1461851,1542250
NC_004347.1,Emb-only-R,1584051,1595550
NC_004347.1,Emb-only-R,1670851,1683650
NC_004347.1,Emb-only-R,1735851,1753850
NC_004347.1,Emb-only-R,1905351,1955550
NC_004347.1,Emb-only-R,2011551,2058950
NC_004347.1,Emb-only-R,2103951,2124350
NC_004347.1,Emb-only-R,2211751,2248950
NC_004347.1,Emb-only-R,2265351,2285150
NC_004347.1,Emb-only-R,2418151,2446650
NC_004347.1,Emb-only-R,2465751,2481750
NC_004347.1,Emb-only-R,2502151,2519650
NC_004347.1,Emb-only-R,2540651,2556450
NC_004347.1,Emb-only-R,2577051,2592550
NC_004347.1,Emb-only-R,2611451,2623650
NC_004347.1,Emb-only-R,2668051,2688850
NC_004347.1,Emb-only-R,2718451,2729350
NC_004347.1,Emb-only-R,2783851,2820850
NC_004347.1,Emb-only-R,2899051,2909950
NC_004347.1,Emb-only-R,2959751,2979550
NC_004347.1,Emb-only-R,2995951,3008450
NC_004347.1,Emb-only-R,3075651,3115050
NC_004347.1,Emb-only-R,3192551,3214250
NC_004347.1,Emb-only-R,3248551,3271650
NC_004347.1,Emb-only-R,3305551,3345850
NC_004347.1,Emb-only-R,3366751,3381650
NC_004347.1,Emb-only-R,3393251,3413950
NC_004347.1,Emb-only-R,3433251,3460350
NC_004347.1,Emb-only-R,3475651,3486250
NC_004347.1,Emb-only-R,3662651,3686450
NC_004347.1,Emb-only-R,3730251,3748450
NC_004347.1,Emb-only-R,3941251,3951750
NC_004347.1,Emb-only-R,4012651,4033650
NC_004347.1,Emb-only-R,4096851,4145550
NC_004347.1,Emb-only-R,4175751,4190850
NC_004347.1,Emb-only-R,4303551,4328650
NC_004347.1,Emb-only-R,4369651,4397550
NC_004347.1,Emb-only-R,4438751,4472650
NC_004347.1,Emb-only-R,4489951,4511750
NC_004347.1,Emb-only-R,4529551,4560050
NC_004347.1,Emb-only-R,4574151,4586150
NC_004347.1,Emb-only-R,4622851,4655950
NC_004347.1,Emb-only-R,4671951,4709550
NC_004347.1,Emb-only-R,4919451,4964850
NC_004368.1,SAGE-GI-P,16001,47000
NC_004368.1,SAGE-GI-P,77001,97000
NC_004368.1,SAGE-GI-P,1375001,1430000
NC_004368.1,Emb-only-P,16001,97000
NC_004368.1,Emb-only-P,1150001,1194000
NC_004368.1,Emb-only-P,1345001,1430000
NC_004368.1,SAGE-GI-R,7651,102950
NC_004368.1,SAGE-GI-R,158651,198850
NC_004368.1,SAGE-GI-R,231751,275550
NC_004368.1,SAGE-GI-R,346451,438250
NC_004368.1,SAGE-GI-R,454151,482450
NC_004368.1,SAGE-GI-R,488151,508550
NC_004368.1,SAGE-GI-R,611051,625650
NC_004368.1,SAGE-GI-R,641951,662950
NC_004368.1,SAGE-GI-R,721051,765350
NC_004368.1,SAGE-GI-R,859151,884050
NC_004368.1,SAGE-GI-R,946151,958750
NC_004368.1,SAGE-GI-R,974751,1001850
NC_004368.1,SAGE-GI-R,1014451,1099250
NC_004368.1,SAGE-GI-R,1154751,1196650
NC_004368.1,SAGE-GI-R,1347051,1430350
NC_004368.1,SAGE-GI-R,1560751,1596850
NC_004368.1,SAGE-GI-R,1797451,1814350
NC_004368.1,SAGE-GI-R,1868751,1881150
NC_004368.1,SAGE-GI-R,2027951,2058750
NC_004368.1,SAGE-GI-R,2076851,2094850
NC_004368.1,SAGE-GI-R,2139251,2155350
NC_004368.1,Emb-only-R,4951,101850
NC_004368.1,Emb-only-R,158651,195050
NC_004368.1,Emb-only-R,230651,278150
NC_004368.1,Emb-only-R,345151,366950
NC_004368.1,Emb-only-R,395751,431150
NC_004368.1,Emb-only-R,461851,481850
NC_004368.1,Emb-only-R,488451,508150
NC_004368.1,Emb-only-R,604051,623450
NC_004368.1,Emb-only-R,644751,669250
NC_004368.1,Emb-only-R,723751,760250
NC_004368.1,Emb-only-R,867551,892350
NC_004368.1,Emb-only-R,921351,931250
NC_004368.1,Emb-only-R,946651,956750
NC_004368.1,Emb-only-R,975851,1003050
NC_004368.1,Emb-only-R,1010051,1054250
NC_004368.1,Emb-only-R,1108251,1127950
NC_004368.1,Emb-only-R,1157351,1195050
NC_004368.1,Emb-only-R,1267251,1280850
NC_004368.1,Emb-only-R,1341751,1428550
NC_004368.1,Emb-only-R,1571251,1596650
NC_004368.1,Emb-only-R,1797751,1826450
NC_004368.1,Emb-only-R,1868751,1881250
NC_004368.1,Emb-only-R,2028551,2056350
NC_004368.1,Emb-only-R,2078151,2093650
NC_004368.1,Emb-only-R,2121751,2155450
NC_004431.1,SAGE-GI-P,235001,359000
NC_004431.1,SAGE-GI-P,1158001,1249000
NC_004431.1,SAGE-GI-P,1349851,1370250
NC_004431.1,SAGE-GI-P,1409001,1457000
NC_004431.1,SAGE-GI-P,2193001,2260000
NC_004431.1,SAGE-GI-P,2267001,2367000
NC_004431.1,SAGE-GI-P,3027001,3061000
NC_004431.1,SAGE-GI-P,3223001,3257000
NC_004431.1,SAGE-GI-P,3410001,3529000
NC_004431.1,SAGE-GI-P,4929001,4961000
NC_004431.1,Emb-only-P,235001,359000
NC_004431.1,Emb-only-P,1158001,1249000
NC_004431.1,Emb-only-P,1333001,1388000
NC_004431.1,Emb-only-P,1409001,1457000
NC_004431.1,Emb-only-P,2193001,2260000
NC_004431.1,Emb-only-P,2267001,2313000
NC_004431.1,Emb-only-P,2322001,2367000
NC_004431.1,Emb-only-P,3018001,3061000
NC_004431.1,Emb-only-P,3223001,3257000
NC_004431.1,Emb-only-P,3410001,3529000
NC_004431.1,Emb-only-P,4929001,4968000
NC_004431.1,SAGE-GI-R,70151,80550
NC_004431.1,SAGE-GI-R,117751,143550
NC_004431.1,SAGE-GI-R,157151,176750
NC_004431.1,SAGE-GI-R,230951,353450
NC_004431.1,SAGE-GI-R,367451,427450
NC_004431.1,SAGE-GI-R,461951,473050
NC_004431.1,SAGE-GI-R,517651,533950
NC_004431.1,SAGE-GI-R,609451,628550
NC_004431.1,SAGE-GI-R,781851,806450
NC_004431.1,SAGE-GI-R,896451,943350
NC_004431.1,SAGE-GI-R,1006151,1029950
NC_004431.1,SAGE-GI-R,1119951,1250550
NC_004431.1,SAGE-GI-R,1327051,1466150
NC_004431.1,SAGE-GI-R,1636851,1672150
NC_004431.1,SAGE-GI-R,1712551,1731050
NC_004431.1,SAGE-GI-R,1759651,1781350
NC_004431.1,SAGE-GI-R,2055651,2066550
NC_004431.1,SAGE-GI-R,2183951,2416050
NC_004431.1,SAGE-GI-R,2445151,2462950
NC_004431.1,SAGE-GI-R,2477751,2492950
NC_004431.1,SAGE-GI-R,2672051,2688950
NC_004431.1,SAGE-GI-R,2744251,2777750
NC_004431.1,SAGE-GI-R,2890351,2906650
NC_004431.1,SAGE-GI-R,2985351,2997950
NC_004431.1,SAGE-GI-R,3013951,3072450
NC_004431.1,SAGE-GI-R,3222251,3256150
NC_004431.1,SAGE-GI-R,3399351,3532550
NC_004431.1,SAGE-GI-R,3611451,3630550
NC_004431.1,SAGE-GI-R,3738451,3755950
NC_004431.1,SAGE-GI-R,3848651,3910050
NC_004431.1,SAGE-GI-R,3988751,4001850
NC_004431.1,SAGE-GI-R,4021151,4057150
NC_004431.1,SAGE-GI-R,4203351,4215550
NC_004431.1,SAGE-GI-R,4225651,4239150
NC_004431.1,SAGE-GI-R,4270451,4311650
NC_004431.1,SAGE-GI-R,4319051,4353650
NC_004431.1,SAGE-GI-R,4404851,4453550
NC_004431.1,SAGE-GI-R,4557051,4574250
NC_004431.1,SAGE-GI-R,4590651,4606150
NC_004431.1,SAGE-GI-R,4694351,4748150
NC_004431.1,SAGE-GI-R,4871651,4885250
NC_004431.1,SAGE-GI-R,4906151,4975850
NC_004431.1,SAGE-GI-R,5000751,5015150
NC_004431.1,SAGE-GI-R,5113551,5145450
NC_004431.1,SAGE-GI-R,5162151,5177450
NC_004431.1,Emb-only-R,67751,83050
NC_004431.1,Emb-only-R,116851,143350
NC_004431.1,Emb-only-R,229851,352750
NC_004431.1,Emb-only-R,367651,431850
NC_004431.1,Emb-only-R,562951,580550
NC_004431.1,Emb-only-R,625751,637150
NC_004431.1,Emb-only-R,778751,800350
NC_004431.1,Emb-only-R,896651,942550
NC_004431.1,Emb-only-R,997751,1023850
NC_004431.1,Emb-only-R,1121851,1251350
NC_004431.1,Emb-only-R,1330151,1465050
NC_004431.1,Emb-only-R,1637051,1665350
NC_004431.1,Emb-only-R,1712451,1734550
NC_004431.1,Emb-only-R,1756751,1780950
NC_004431.1,Emb-only-R,1951151,1961150
NC_004431.1,Emb-only-R,2182551,2373050
NC_004431.1,Emb-only-R,2383651,2406250
NC_004431.1,Emb-only-R,2451351,2462050
NC_004431.1,Emb-only-R,2481651,2499550
NC_004431.1,Emb-only-R,2673651,2684550
NC_004431.1,Emb-only-R,2743951,2780250
NC_004431.1,Emb-only-R,2790851,2803750
NC_004431.1,Emb-only-R,2890351,2907150
NC_004431.1,Emb-only-R,2985551,2998250
NC_004431.1,Emb-only-R,3010651,3078350
NC_004431.1,Emb-only-R,3222551,3254750
NC_004431.1,Emb-only-R,3364351,3385850
NC_004431.1,Emb-only-R,3397451,3532250
NC_004431.1,Emb-only-R,3737951,3754250
NC_004431.1,Emb-only-R,3846151,3910850
NC_004431.1,Emb-only-R,3988751,4004050
NC_004431.1,Emb-only-R,4039651,4053350
NC_004431.1,Emb-only-R,4203051,4244550
NC_004431.1,Emb-only-R,4269951,4352250
NC_004431.1,Emb-only-R,4404651,4451650
NC_004431.1,Emb-only-R,4557851,4571850
NC_004431.1,Emb-only-R,4588551,4612750
NC_004431.1,Emb-only-R,4694851,4748950
NC_004431.1,Emb-only-R,4872851,4883650
NC_004431.1,Emb-only-R,4903151,4973650
NC_004431.1,Emb-only-R,5113151,5172550
NC_004459.2,SAGE-GI-P,356001,392000
NC_004459.2,SAGE-GI-P,749001,805000
NC_004459.2,SAGE-GI-P,1168001,1196000
NC_004459.2,SAGE-GI-P,2016001,2043000
NC_004459.2,SAGE-GI-P,2436001,2594000
NC_004459.2,SAGE-GI-P,3251001,3272000
NC_004459.2,Emb-only-P,356001,392000
NC_004459.2,Emb-only-P,749001,805000
NC_004459.2,Emb-only-P,1168001,1196000
NC_004459.2,Emb-only-P,2016001,2043000
NC_004459.2,Emb-only-P,2436001,2594000
NC_004459.2,Emb-only-P,3251001,3272000
NC_004459.2,SAGE-GI-R,4951,30050
NC_004459.2,SAGE-GI-R,53551,114750
NC_004459.2,SAGE-GI-R,193351,216250
NC_004459.2,SAGE-GI-R,334451,402050
NC_004459.2,SAGE-GI-R,467651,480850
NC_004459.2,SAGE-GI-R,551751,573950
NC_004459.2,SAGE-GI-R,751151,810350
NC_004459.2,SAGE-GI-R,848251,863350
NC_004459.2,SAGE-GI-R,919051,942950
NC_004459.2,SAGE-GI-R,963451,984250
NC_004459.2,SAGE-GI-R,1008251,1035750
NC_004459.2,SAGE-GI-R,1056451,1074050
NC_004459.2,SAGE-GI-R,1087351,1096950
NC_004459.2,SAGE-GI-R,1166551,1200550
NC_004459.2,SAGE-GI-R,1210651,1232950
NC_004459.2,SAGE-GI-R,1265451,1281450
NC_004459.2,SAGE-GI-R,1385451,1401050
NC_004459.2,SAGE-GI-R,1463351,1493250
NC_004459.2,SAGE-GI-R,1590951,1605950
NC_004459.2,SAGE-GI-R,1641651,1656150
NC_004459.2,SAGE-GI-R,1666651,1696450
NC_004459.2,SAGE-GI-R,1729251,1753050
NC_004459.2,SAGE-GI-R,1793951,1824250
NC_004459.2,SAGE-GI-R,1917751,1951650
NC_004459.2,SAGE-GI-R,1980551,2049150
NC_004459.2,SAGE-GI-R,2080851,2114950
NC_004459.2,SAGE-GI-R,2180451,2206550
NC_004459.2,SAGE-GI-R,2353851,2371250
NC_004459.2,SAGE-GI-R,2432551,2602550
NC_004459.2,SAGE-GI-R,2654651,2666750
NC_004459.2,SAGE-GI-R,2757851,2811350
NC_004459.2,SAGE-GI-R,3030251,3069850
NC_004459.2,SAGE-GI-R,3159351,3185450
NC_004459.2,SAGE-GI-R,3246551,3276950
NC_004459.2,Emb-only-R,4951,16750
NC_004459.2,Emb-only-R,64751,115550
NC_004459.2,Emb-only-R,193251,209050
NC_004459.2,Emb-only-R,254451,263050
NC_004459.2,Emb-only-R,334851,403050
NC_004459.2,Emb-only-R,463351,481050
NC_004459.2,Emb-only-R,750451,814550
NC_004459.2,Emb-only-R,844551,860750
NC_004459.2,Emb-only-R,916351,942550
NC_004459.2,Emb-only-R,962651,983950
NC_004459.2,Emb-only-R,1007851,1038750
NC_004459.2,Emb-only-R,1054651,1104050
NC_004459.2,Emb-only-R,1166351,1228250
NC_004459.2,Emb-only-R,1263551,1283150
NC_004459.2,Emb-only-R,1383951,1401750
NC_004459.2,Emb-only-R,1465751,1491250
NC_004459.2,Emb-only-R,1587551,1607350
NC_004459.2,Emb-only-R,1641351,1654650
NC_004459.2,Emb-only-R,1667051,1696350
NC_004459.2,Emb-only-R,1733451,1759950
NC_004459.2,Emb-only-R,1798051,1825850
NC_004459.2,Emb-only-R,1857351,1867950
NC_004459.2,Emb-only-R,1934551,1951350
NC_004459.2,Emb-only-R,1981251,1998150
NC_004459.2,Emb-only-R,2007451,2045250
NC_004459.2,Emb-only-R,2082151,2121450
NC_004459.2,Emb-only-R,2173051,2207650
NC_004459.2,Emb-only-R,2348951,2370250
NC_004459.2,Emb-only-R,2431651,2603150
NC_004459.2,Emb-only-R,2656151,2666350
NC_004459.2,Emb-only-R,2760351,2778850
NC_004459.2,Emb-only-R,2790651,2813250
NC_004459.2,Emb-only-R,2904751,2912750
NC_004459.2,Emb-only-R,3029751,3066250
NC_004459.2,Emb-only-R,3122351,3133250
NC_004459.2,Emb-only-R,3158951,3185150
NC_004459.2,Emb-only-R,3246651,3276950
NC_004603.1,SAGE-GI-P,206001,266000
NC_004603.1,SAGE-GI-P,1130001,1150000
NC_004603.1,SAGE-GI-P,1470001,1491000
NC_004603.1,SAGE-GI-P,1653001,1683000
NC_004603.1,SAGE-GI-P,1730001,1747000
NC_004603.1,SAGE-GI-P,1900001,1944000
NC_004603.1,SAGE-GI-P,3062001,3139000
NC_004603.1,Emb-only-P,250001,266000
NC_004603.1,Emb-only-P,1130001,1150000
NC_004603.1,Emb-only-P,1470001,1491000
NC_004603.1,Emb-only-P,1653001,1683000
NC_004603.1,Emb-only-P,1730001,1747000
NC_004603.1,Emb-only-P,1900001,1951000
NC_004603.1,Emb-only-P,3061001,3139000
NC_004603.1,SAGE-GI-R,22951,43550
NC_004603.1,SAGE-GI-R,204551,251150
NC_004603.1,SAGE-GI-R,264351,305650
NC_004603.1,SAGE-GI-R,365551,404450
NC_004603.1,SAGE-GI-R,458551,477950
NC_004603.1,SAGE-GI-R,576851,591650
NC_004603.1,SAGE-GI-R,664051,694250
NC_004603.1,SAGE-GI-R,767851,778750
NC_004603.1,SAGE-GI-R,821051,836950
NC_004603.1,SAGE-GI-R,939751,957650
NC_004603.1,SAGE-GI-R,972851,984450
NC_004603.1,SAGE-GI-R,1077151,1096050
NC_004603.1,SAGE-GI-R,1117751,1151450
NC_004603.1,SAGE-GI-R,1393751,1454950
NC_004603.1,SAGE-GI-R,1468351,1495450
NC_004603.1,SAGE-GI-R,1503851,1529650
NC_004603.1,SAGE-GI-R,1621551,1705450
NC_004603.1,SAGE-GI-R,1723451,1788250
NC_004603.1,SAGE-GI-R,1851451,1871550
NC_004603.1,SAGE-GI-R,1899251,1953550
NC_004603.1,SAGE-GI-R,1960151,1977650
NC_004603.1,SAGE-GI-R,2107951,2126550
NC_004603.1,SAGE-GI-R,2147851,2167250
NC_004603.1,SAGE-GI-R,2236251,2259150
NC_004603.1,SAGE-GI-R,2296251,2307050
NC_004603.1,SAGE-GI-R,2336951,2369350
NC_004603.1,SAGE-GI-R,2411251,2427050
NC_004603.1,SAGE-GI-R,2450351,2472450
NC_004603.1,SAGE-GI-R,2518051,2528750
NC_004603.1,SAGE-GI-R,2572451,2591950
NC_004603.1,SAGE-GI-R,2652451,2671150
NC_004603.1,SAGE-GI-R,2766251,2790050
NC_004603.1,SAGE-GI-R,2837751,2856450
NC_004603.1,SAGE-GI-R,2871951,2891450
NC_004603.1,SAGE-GI-R,2965651,2994550
NC_004603.1,SAGE-GI-R,3015751,3026850
NC_004603.1,SAGE-GI-R,3037651,3143850
NC_004603.1,SAGE-GI-R,3161651,3169750
NC_004603.1,SAGE-GI-R,3188751,3202550
NC_004603.1,SAGE-GI-R,3225451,3253650
NC_004603.1,Emb-only-R,26551,46650
NC_004603.1,Emb-only-R,53551,64850
NC_004603.1,Emb-only-R,86951,100450
NC_004603.1,Emb-only-R,205851,251950
NC_004603.1,Emb-only-R,264651,283650
NC_004603.1,Emb-only-R,368751,402750
NC_004603.1,Emb-only-R,450651,471750
NC_004603.1,Emb-only-R,576851,591750
NC_004603.1,Emb-only-R,636051,645550
NC_004603.1,Emb-only-R,662951,699850
NC_004603.1,Emb-only-R,745351,778650
NC_004603.1,Emb-only-R,822251,839550
NC_004603.1,Emb-only-R,867651,885050
NC_004603.1,Emb-only-R,944251,957350
NC_004603.1,Emb-only-R,970751,984450
NC_004603.1,Emb-only-R,1069851,1084850
NC_004603.1,Emb-only-R,1104151,1151350
NC_004603.1,Emb-only-R,1361251,1381350
NC_004603.1,Emb-only-R,1391051,1452750
NC_004603.1,Emb-only-R,1467051,1492950
NC_004603.1,Emb-only-R,1513351,1529150
NC_004603.1,Emb-only-R,1621551,1710350
NC_004603.1,Emb-only-R,1718851,1787250
NC_004603.1,Emb-only-R,1842951,1868450
NC_004603.1,Emb-only-R,1899351,1951350
NC_004603.1,Emb-only-R,1961651,1977150
NC_004603.1,Emb-only-R,2109951,2122950
NC_004603.1,Emb-only-R,2150751,2164850
NC_004603.1,Emb-only-R,2236751,2259350
NC_004603.1,Emb-only-R,2296751,2307250
NC_004603.1,Emb-only-R,2336651,2359050
NC_004603.1,Emb-only-R,2449051,2470050
NC_004603.1,Emb-only-R,2572651,2591550
NC_004603.1,Emb-only-R,2652351,2671050
NC_004603.1,Emb-only-R,2766951,2793850
NC_004603.1,Emb-only-R,2837451,2856450
NC_004603.1,Emb-only-R,2867451,2891350
NC_004603.1,Emb-only-R,2979051,2994650
NC_004603.1,Emb-only-R,3036451,3145350
NC_004603.1,Emb-only-R,3188651,3202450
NC_004603.1,Emb-only-R,3226651,3261550
NC_004578.1,SAGE-GI-P,2001,83000
NC_004578.1,SAGE-GI-P,651001,705000
NC_004578.1,SAGE-GI-P,893001,959000
NC_004578.1,SAGE-GI-P,1199001,1211000
NC_004578.1,SAGE-GI-P,2433001,2483000
NC_004578.1,SAGE-GI-P,3207001,3228000
NC_004578.1,SAGE-GI-P,3602001,3638000
NC_004578.1,SAGE-GI-P,3822001,3877000
NC_004578.1,SAGE-GI-P,4787001,4821000
NC_004578.1,SAGE-GI-P,5185001,5228000
NC_004578.1,SAGE-GI-P,5276001,5431000
NC_004578.1,SAGE-GI-P,6073001,6108000
NC_004578.1,Emb-only-P,2001,83000
NC_004578.1,Emb-only-P,651001,705000
NC_004578.1,Emb-only-P,893001,958000
NC_004578.1,Emb-only-P,1167001,1211000
NC_004578.1,Emb-only-P,2435001,2483000
NC_004578.1,Emb-only-P,3184001,3228000
NC_004578.1,Emb-only-P,3601001,3638000
NC_004578.1,Emb-only-P,3831001,3877000
NC_004578.1,Emb-only-P,4787001,4821000
NC_004578.1,Emb-only-P,5170001,5228000
NC_004578.1,Emb-only-P,5276001,5431000
NC_004578.1,Emb-only-P,6073001,6108000
NC_004578.1,Emb-only-P,6340001,6377000
NC_004578.1,SAGE-GI-R,4951,88350
NC_004578.1,SAGE-GI-R,185951,197350
NC_004578.1,SAGE-GI-R,212351,235750
NC_004578.1,SAGE-GI-R,299351,327750
NC_004578.1,SAGE-GI-R,435951,446750
NC_004578.1,SAGE-GI-R,569151,607150
NC_004578.1,SAGE-GI-R,633451,708550
NC_004578.1,SAGE-GI-R,758551,774150
NC_004578.1,SAGE-GI-R,817351,836250
NC_004578.1,SAGE-GI-R,858051,959650
NC_004578.1,SAGE-GI-R,969851,992550
NC_004578.1,SAGE-GI-R,1001551,1017450
NC_004578.1,SAGE-GI-R,1064051,1087750
NC_004578.1,SAGE-GI-R,1107251,1141850
NC_004578.1,SAGE-GI-R,1151051,1219450
NC_004578.1,SAGE-GI-R,1275451,1287050
NC_004578.1,SAGE-GI-R,1333751,1366250
NC_004578.1,SAGE-GI-R,1445451,1457150
NC_004578.1,SAGE-GI-R,1508651,1526350
NC_004578.1,SAGE-GI-R,1563051,1573150
NC_004578.1,SAGE-GI-R,1597451,1609350
NC_004578.1,SAGE-GI-R,1720151,1734750
NC_004578.1,SAGE-GI-R,1763451,1780850
NC_004578.1,SAGE-GI-R,1805851,1829350
NC_004578.1,SAGE-GI-R,1878051,1893050
NC_004578.1,SAGE-GI-R,1915751,1927550
NC_004578.1,SAGE-GI-R,2011951,2037950
NC_004578.1,SAGE-GI-R,2115151,2130350
NC_004578.1,SAGE-GI-R,2151951,2167750
NC_004578.1,SAGE-GI-R,2246351,2267250
NC_004578.1,SAGE-GI-R,2310651,2322350
NC_004578.1,SAGE-GI-R,2334151,2355050
NC_004578.1,SAGE-GI-R,2416951,2429150
NC_004578.1,SAGE-GI-R,2444751,2498150
NC_004578.1,SAGE-GI-R,2562751,2588750
NC_004578.1,SAGE-GI-R,2633051,2644350
NC_004578.1,SAGE-GI-R,2674051,2719250
NC_004578.1,SAGE-GI-R,2799051,2818450
NC_004578.1,SAGE-GI-R,2871151,2895150
NC_004578.1,SAGE-GI-R,3063651,3079150
NC_004578.1,SAGE-GI-R,3150051,3233250
NC_004578.1,SAGE-GI-R,3241251,3259950
NC_004578.1,SAGE-GI-R,3423251,3451850
NC_004578.1,SAGE-GI-R,3599851,3650050
NC_004578.1,SAGE-GI-R,3806451,3883150
NC_004578.1,SAGE-GI-R,3913751,3938950
NC_004578.1,SAGE-GI-R,4064951,4120750
NC_004578.1,SAGE-GI-R,4190551,4219150
NC_004578.1,SAGE-GI-R,4241151,4273450
NC_004578.1,SAGE-GI-R,4337151,4364050
NC_004578.1,SAGE-GI-R,4437451,4488350
NC_004578.1,SAGE-GI-R,4506551,4528950
NC_004578.1,SAGE-GI-R,4540751,4580550
NC_004578.1,SAGE-GI-R,4585751,4594250
NC_004578.1,SAGE-GI-R,4704751,4724050
NC_004578.1,SAGE-GI-R,4786751,4825150
NC_004578.1,SAGE-GI-R,4863751,4912150
NC_004578.1,SAGE-GI-R,4943651,4955650
NC_004578.1,SAGE-GI-R,5050751,5117550
NC_004578.1,SAGE-GI-R,5174951,5233750
NC_004578.1,SAGE-GI-R,5271351,5428250
NC_004578.1,SAGE-GI-R,5630651,5643250
NC_004578.1,SAGE-GI-R,5729651,5744250
NC_004578.1,SAGE-GI-R,5796351,5808450
NC_004578.1,SAGE-GI-R,5916451,5948750
NC_004578.1,SAGE-GI-R,6069751,6111150
NC_004578.1,SAGE-GI-R,6142051,6198350
NC_004578.1,SAGE-GI-R,6209951,6222550
NC_004578.1,SAGE-GI-R,6335451,6386950
NC_004578.1,Emb-only-R,4951,84550
NC_004578.1,Emb-only-R,184951,197150
NC_004578.1,Emb-only-R,212551,260650
NC_004578.1,Emb-only-R,298351,327550
NC_004578.1,Emb-only-R,343251,360850
NC_004578.1,Emb-only-R,435351,451250
NC_004578.1,Emb-only-R,548851,607950
NC_004578.1,Emb-only-R,633451,708650
NC_004578.1,Emb-only-R,758451,775450
NC_004578.1,Emb-only-R,821551,836450
NC_004578.1,Emb-only-R,867051,960050
NC_004578.1,Emb-only-R,970151,990150
NC_004578.1,Emb-only-R,1002551,1021650
NC_004578.1,Emb-only-R,1050351,1085450
NC_004578.1,Emb-only-R,1105951,1120350
NC_004578.1,Emb-only-R,1161751,1221750
NC_004578.1,Emb-only-R,1275451,1286350
NC_004578.1,Emb-only-R,1333751,1367450
NC_004578.1,Emb-only-R,1444151,1456750
NC_004578.1,Emb-only-R,1510051,1525250
NC_004578.1,Emb-only-R,1560151,1575050
NC_004578.1,Emb-only-R,1590051,1609950
NC_004578.1,Emb-only-R,1715551,1735350
NC_004578.1,Emb-only-R,1765451,1777950
NC_004578.1,Emb-only-R,1808951,1829250
NC_004578.1,Emb-only-R,1879351,1891650
NC_004578.1,Emb-only-R,1913051,1928250
NC_004578.1,Emb-only-R,2011851,2044550
NC_004578.1,Emb-only-R,2114451,2130350
NC_004578.1,Emb-only-R,2149051,2169850
NC_004578.1,Emb-only-R,2187451,2200350
NC_004578.1,Emb-only-R,2246051,2266250
NC_004578.1,Emb-only-R,2443751,2485250
NC_004578.1,Emb-only-R,2562251,2585150
NC_004578.1,Emb-only-R,2630251,2645950
NC_004578.1,Emb-only-R,2675451,2709050
NC_004578.1,Emb-only-R,2798351,2816750
NC_004578.1,Emb-only-R,2872951,2891050
NC_004578.1,Emb-only-R,3054651,3079450
NC_004578.1,Emb-only-R,3150551,3259750
NC_004578.1,Emb-only-R,3385951,3402550
NC_004578.1,Emb-only-R,3414251,3460050
NC_004578.1,Emb-only-R,3593351,3648450
NC_004578.1,Emb-only-R,3807651,3878650
NC_004578.1,Emb-only-R,3918151,3938350
NC_004578.1,Emb-only-R,4063851,4087350
NC_004578.1,Emb-only-R,4105651,4118250
NC_004578.1,Emb-only-R,4188151,4219450
NC_004578.1,Emb-only-R,4241951,4256150
NC_004578.1,Emb-only-R,4349651,4361750
NC_004578.1,Emb-only-R,4437851,4490050
NC_004578.1,Emb-only-R,4506651,4530250
NC_004578.1,Emb-only-R,4540651,4597750
NC_004578.1,Emb-only-R,4668551,4677750
NC_004578.1,Emb-only-R,4702751,4725450
NC_004578.1,Emb-only-R,4785651,4829950
NC_004578.1,Emb-only-R,4863051,4913850
NC_004578.1,Emb-only-R,4940651,4955250
NC_004578.1,Emb-only-R,5051151,5117150
NC_004578.1,Emb-only-R,5164651,5234250
NC_004578.1,Emb-only-R,5270051,5427150
NC_004578.1,Emb-only-R,5630451,5643450
NC_004578.1,Emb-only-R,5913951,5950350
NC_004578.1,Emb-only-R,6066751,6112950
NC_004578.1,Emb-only-R,6139751,6199250
NC_004578.1,Emb-only-R,6209851,6222350
NC_004578.1,Emb-only-R,6334551,6385850
NC_004606.1,SAGE-GI-P,47001,81000
NC_004606.1,SAGE-GI-P,444001,481000
NC_004606.1,SAGE-GI-P,536001,589000
NC_004606.1,SAGE-GI-P,624001,667000
NC_004606.1,SAGE-GI-P,900001,925000
NC_004606.1,SAGE-GI-P,1101001,1154000
NC_004606.1,Emb-only-P,17001,81000
NC_004606.1,Emb-only-P,444001,481000
NC_004606.1,Emb-only-P,536001,589000
NC_004606.1,Emb-only-P,904001,925000
NC_004606.1,Emb-only-P,1633001,1670000
NC_004606.1,SAGE-GI-R,4951,97350
NC_004606.1,SAGE-GI-R,143551,157950
NC_004606.1,SAGE-GI-R,217951,228450
NC_004606.1,SAGE-GI-R,242351,276750
NC_004606.1,SAGE-GI-R,291751,304850
NC_004606.1,SAGE-GI-R,442551,494750
NC_004606.1,SAGE-GI-R,507751,518350
NC_004606.1,SAGE-GI-R,533051,594450
NC_004606.1,SAGE-GI-R,627051,669450
NC_004606.1,SAGE-GI-R,725651,760150
NC_004606.1,SAGE-GI-R,872951,927650
NC_004606.1,SAGE-GI-R,947051,964350
NC_004606.1,SAGE-GI-R,1044551,1064550
NC_004606.1,SAGE-GI-R,1106951,1153650
NC_004606.1,SAGE-GI-R,1302951,1316250
NC_004606.1,SAGE-GI-R,1357551,1372750
NC_004606.1,SAGE-GI-R,1457651,1481550
NC_004606.1,SAGE-GI-R,1630651,1667850
NC_004606.1,SAGE-GI-R,1726251,1762250
NC_004606.1,SAGE-GI-R,1786751,1806050
NC_004606.1,SAGE-GI-R,1849151,1880750
NC_004606.1,Emb-only-R,8851,96950
NC_004606.1,Emb-only-R,145851,158150
NC_004606.1,Emb-only-R,217651,229250
NC_004606.1,Emb-only-R,241851,307450
NC_004606.1,Emb-only-R,378251,390750
NC_004606.1,Emb-only-R,443251,490550
NC_004606.1,Emb-only-R,507851,520150
NC_004606.1,Emb-only-R,533551,599150
NC_004606.1,Emb-only-R,626251,669550
NC_004606.1,Emb-only-R,724251,763350
NC_004606.1,Emb-only-R,873451,925250
NC_004606.1,Emb-only-R,946851,962450
NC_004606.1,Emb-only-R,1042751,1061550
NC_004606.1,Emb-only-R,1106951,1153650
NC_004606.1,Emb-only-R,1305651,1316050
NC_004606.1,Emb-only-R,1360551,1374650
NC_004606.1,Emb-only-R,1457651,1479150
NC_004606.1,Emb-only-R,1631151,1667750
NC_004606.1,Emb-only-R,1732351,1759150
NC_004606.1,Emb-only-R,1785051,1808650
NC_004606.1,Emb-only-R,1844251,1871850
NC_004631.1,SAGE-GI-P,957001,979000
NC_004631.1,SAGE-GI-P,1332001,1362000
NC_004631.1,SAGE-GI-P,1405001,1443000
NC_004631.1,SAGE-GI-P,1950001,1982000
NC_004631.1,SAGE-GI-P,2621001,2687000
NC_004631.1,SAGE-GI-P,2734001,2748000
NC_004631.1,SAGE-GI-P,3501001,3543000
NC_004631.1,SAGE-GI-P,3563001,3586000
NC_004631.1,SAGE-GI-P,4211001,4242000
NC_004631.1,SAGE-GI-P,4307001,4330000
NC_004631.1,SAGE-GI-P,4387001,4526000
NC_004631.1,SAGE-GI-P,4666001,4704000
NC_004631.1,Emb-only-P,869001,885000
NC_004631.1,Emb-only-P,957001,979000
NC_004631.1,Emb-only-P,1405001,1443000
NC_004631.1,Emb-only-P,1921001,1966000
NC_004631.1,Emb-only-P,2621001,2687000
NC_004631.1,Emb-only-P,3501001,3586000
NC_004631.1,Emb-only-P,4211001,4249000
NC_004631.1,Emb-only-P,4307001,4330000
NC_004631.1,Emb-only-P,4387001,4526000
NC_004631.1,Emb-only-P,4666001,4704000
NC_004631.1,SAGE-GI-R,9551,42350
NC_004631.1,SAGE-GI-R,62451,89850
NC_004631.1,SAGE-GI-R,177351,187450
NC_004631.1,SAGE-GI-R,282951,296750
NC_004631.1,SAGE-GI-R,371651,416050
NC_004631.1,SAGE-GI-R,467251,480050
NC_004631.1,SAGE-GI-R,534851,547050
NC_004631.1,SAGE-GI-R,613751,633350
NC_004631.1,SAGE-GI-R,663751,710850
NC_004631.1,SAGE-GI-R,795351,826450
NC_004631.1,SAGE-GI-R,857051,890750
NC_004631.1,SAGE-GI-R,913951,985350
NC_004631.1,SAGE-GI-R,1089451,1111850
NC_004631.1,SAGE-GI-R,1163951,1213250
NC_004631.1,SAGE-GI-R,1267151,1287350
NC_004631.1,SAGE-GI-R,1327851,1359250
NC_004631.1,SAGE-GI-R,1403951,1444550
NC_004631.1,SAGE-GI-R,1502351,1522650
NC_004631.1,SAGE-GI-R,1614351,1639650
NC_004631.1,SAGE-GI-R,1836651,1860650
NC_004631.1,SAGE-GI-R,1888151,1899150
NC_004631.1,SAGE-GI-R,1927751,1999650
NC_004631.1,SAGE-GI-R,2009551,2026750
NC_004631.1,SAGE-GI-R,2187151,2227150
NC_004631.1,SAGE-GI-R,2337551,2348050
NC_004631.1,SAGE-GI-R,2368151,2379650
NC_004631.1,SAGE-GI-R,2478351,2503550
NC_004631.1,SAGE-GI-R,2551151,2568650
NC_004631.1,SAGE-GI-R,2582251,2599750
NC_004631.1,SAGE-GI-R,2617351,2698150
NC_004631.1,SAGE-GI-R,2712451,2775050
NC_004631.1,SAGE-GI-R,2830751,2889250
NC_004631.1,SAGE-GI-R,2913051,2941650
NC_004631.1,SAGE-GI-R,3024651,3049050
NC_004631.1,SAGE-GI-R,3116451,3135850
NC_004631.1,SAGE-GI-R,3146951,3159350
NC_004631.1,SAGE-GI-R,3192451,3204450
NC_004631.1,SAGE-GI-R,3252851,3272250
NC_004631.1,SAGE-GI-R,3286351,3303650
NC_004631.1,SAGE-GI-R,3354251,3370250
NC_004631.1,SAGE-GI-R,3398551,3413150
NC_004631.1,SAGE-GI-R,3500451,3548650
NC_004631.1,SAGE-GI-R,3560151,3589650
NC_004631.1,SAGE-GI-R,3723351,3739450
NC_004631.1,SAGE-GI-R,3749251,3769950
NC_004631.1,SAGE-GI-R,3812151,3824850
NC_004631.1,SAGE-GI-R,3842751,3855650
NC_004631.1,SAGE-GI-R,3874151,3889750
NC_004631.1,SAGE-GI-R,3913551,3952150
NC_004631.1,SAGE-GI-R,3985651,3996150
NC_004631.1,SAGE-GI-R,4064751,4077350
NC_004631.1,SAGE-GI-R,4109451,4120050
NC_004631.1,SAGE-GI-R,4201351,4251750
NC_004631.1,SAGE-GI-R,4303551,4335250
NC_004631.1,SAGE-GI-R,4387951,4533850
NC_004631.1,SAGE-GI-R,4658351,4735850
NC_004631.1,Emb-only-R,11751,43150
NC_004631.1,Emb-only-R,61751,86750
NC_004631.1,Emb-only-R,277151,296650
NC_004631.1,Emb-only-R,379851,414250
NC_004631.1,Emb-only-R,467051,481450
NC_004631.1,Emb-only-R,532851,548450
NC_004631.1,Emb-only-R,613251,630850
NC_004631.1,Emb-only-R,685751,712050
NC_004631.1,Emb-only-R,795951,822350
NC_004631.1,Emb-only-R,851551,891250
NC_004631.1,Emb-only-R,912251,931650
NC_004631.1,Emb-only-R,943751,985050
NC_004631.1,Emb-only-R,1087451,1107250
NC_004631.1,Emb-only-R,1163451,1211950
NC_004631.1,Emb-only-R,1272551,1287550
NC_004631.1,Emb-only-R,1326651,1362350
NC_004631.1,Emb-only-R,1405051,1444550
NC_004631.1,Emb-only-R,1502051,1524250
NC_004631.1,Emb-only-R,1613551,1636850
NC_004631.1,Emb-only-R,1826951,1857550
NC_004631.1,Emb-only-R,1888051,1898250
NC_004631.1,Emb-only-R,1928351,2021850
NC_004631.1,Emb-only-R,2059751,2075050
NC_004631.1,Emb-only-R,2189651,2227150
NC_004631.1,Emb-only-R,2478551,2505050
NC_004631.1,Emb-only-R,2556651,2568950
NC_004631.1,Emb-only-R,2581951,2599250
NC_004631.1,Emb-only-R,2617351,2699050
NC_004631.1,Emb-only-R,2713351,2769950
NC_004631.1,Emb-only-R,2840551,2890350
NC_004631.1,Emb-only-R,2910451,2942050
NC_004631.1,Emb-only-R,3025651,3054950
NC_004631.1,Emb-only-R,3116151,3141050
NC_004631.1,Emb-only-R,3147551,3158050
NC_004631.1,Emb-only-R,3250451,3274350
NC_004631.1,Emb-only-R,3284451,3304450
NC_004631.1,Emb-only-R,3354851,3370250
NC_004631.1,Emb-only-R,3398651,3412850
NC_004631.1,Emb-only-R,3498651,3549850
NC_004631.1,Emb-only-R,3559151,3595750
NC_004631.1,Emb-only-R,3601251,3624850
NC_004631.1,Emb-only-R,3722751,3767050
NC_004631.1,Emb-only-R,3805751,3825250
NC_004631.1,Emb-only-R,3874551,3887250
NC_004631.1,Emb-only-R,3913851,3951150
NC_004631.1,Emb-only-R,3985951,3999450
NC_004631.1,Emb-only-R,4065051,4076750
NC_004631.1,Emb-only-R,4108351,4121750
NC_004631.1,Emb-only-R,4199451,4253750
NC_004631.1,Emb-only-R,4303251,4335550
NC_004631.1,Emb-only-R,4388951,4534150
NC_004631.1,Emb-only-R,4656451,4709250
NC_004631.1,Emb-only-R,4719651,4739850
NC_004722.1,SAGE-GI-P,9001,28000
NC_004722.1,SAGE-GI-P,93001,149000
NC_004722.1,SAGE-GI-P,243001,298000
NC_004722.1,SAGE-GI-P,513351,529950
NC_004722.1,SAGE-GI-P,900001,947000
NC_004722.1,SAGE-GI-P,1610001,1625000
NC_004722.1,SAGE-GI-P,1806001,1855000
NC_004722.1,SAGE-GI-P,2382001,2440000
NC_004722.1,SAGE-GI-P,2527001,2560000
NC_004722.1,SAGE-GI-P,2599001,2637000
NC_004722.1,SAGE-GI-P,3245001,3269000
NC_004722.1,SAGE-GI-P,3468001,3494000
NC_004722.1,SAGE-GI-P,4981001,5043000
NC_004722.1,Emb-only-P,9001,28000
NC_004722.1,Emb-only-P,82001,149000
NC_004722.1,Emb-only-P,243001,298000
NC_004722.1,Emb-only-P,900001,947000
NC_004722.1,Emb-only-P,1806001,1857000
NC_004722.1,Emb-only-P,2395001,2441000
NC_004722.1,Emb-only-P,2599001,2637000
NC_004722.1,Emb-only-P,3468001,3494000
NC_004722.1,Emb-only-P,4981001,5043000
NC_004722.1,SAGE-GI-R,4951,41750
NC_004722.1,SAGE-GI-R,71151,178750
NC_004722.1,SAGE-GI-R,238251,327350
NC_004722.1,SAGE-GI-R,349151,363550
NC_004722.1,SAGE-GI-R,423951,434550
NC_004722.1,SAGE-GI-R,504451,540350
NC_004722.1,SAGE-GI-R,674951,734450
NC_004722.1,SAGE-GI-R,765351,801050
NC_004722.1,SAGE-GI-R,863351,872550
NC_004722.1,SAGE-GI-R,897551,980750
NC_004722.1,SAGE-GI-R,989851,1008650
NC_004722.1,SAGE-GI-R,1026651,1096550
NC_004722.1,SAGE-GI-R,1142651,1161350
NC_004722.1,SAGE-GI-R,1217051,1254150
NC_004722.1,SAGE-GI-R,1362251,1377950
NC_004722.1,SAGE-GI-R,1387651,1402550
NC_004722.1,SAGE-GI-R,1531451,1557250
NC_004722.1,SAGE-GI-R,1586851,1623450
NC_004722.1,SAGE-GI-R,1764851,1785250
NC_004722.1,SAGE-GI-R,1803751,1871350
NC_004722.1,SAGE-GI-R,1911351,1925250
NC_004722.1,SAGE-GI-R,2014851,2038850
NC_004722.1,SAGE-GI-R,2215251,2233050
NC_004722.1,SAGE-GI-R,2241751,2260350
NC_004722.1,SAGE-GI-R,2315251,2337050
NC_004722.1,SAGE-GI-R,2346651,2440450
NC_004722.1,SAGE-GI-R,2468751,2490950
NC_004722.1,SAGE-GI-R,2532951,2564650
NC_004722.1,SAGE-GI-R,2589151,2637050
NC_004722.1,SAGE-GI-R,2677151,2687250
NC_004722.1,SAGE-GI-R,2822151,2832850
NC_004722.1,SAGE-GI-R,2891351,2911750
NC_004722.1,SAGE-GI-R,2935551,2955850
NC_004722.1,SAGE-GI-R,3057551,3074850
NC_004722.1,SAGE-GI-R,3087051,3194050
NC_004722.1,SAGE-GI-R,3212251,3225250
NC_004722.1,SAGE-GI-R,3240351,3272450
NC_004722.1,SAGE-GI-R,3303051,3317350
NC_004722.1,SAGE-GI-R,3386751,3403550
NC_004722.1,SAGE-GI-R,3461651,3519750
NC_004722.1,SAGE-GI-R,3555551,3566850
NC_004722.1,SAGE-GI-R,3666851,3688350
NC_004722.1,SAGE-GI-R,3728651,3742650
NC_004722.1,SAGE-GI-R,3788451,3797750
NC_004722.1,SAGE-GI-R,3814151,3823350
NC_004722.1,SAGE-GI-R,3862051,3874250
NC_004722.1,SAGE-GI-R,3940751,3951750
NC_004722.1,SAGE-GI-R,4288151,4304350
NC_004722.1,SAGE-GI-R,4386051,4407950
NC_004722.1,SAGE-GI-R,4428851,4440850
NC_004722.1,SAGE-GI-R,4479351,4497250
NC_004722.1,SAGE-GI-R,4620051,4631050
NC_004722.1,SAGE-GI-R,4653151,4670350
NC_004722.1,SAGE-GI-R,4696751,4711850
NC_004722.1,SAGE-GI-R,4763151,4780450
NC_004722.1,SAGE-GI-R,4792151,4813050
NC_004722.1,SAGE-GI-R,4832151,4850450
NC_004722.1,SAGE-GI-R,4976351,5046250
NC_004722.1,SAGE-GI-R,5119451,5281250
NC_004722.1,SAGE-GI-R,5339051,5365250
NC_004722.1,Emb-only-R,4951,38950
NC_004722.1,Emb-only-R,70651,180150
NC_004722.1,Emb-only-R,239551,329250
NC_004722.1,Emb-only-R,344351,362850
NC_004722.1,Emb-only-R,500951,537050
NC_004722.1,Emb-only-R,586251,600250
NC_004722.1,Emb-only-R,675151,736250
NC_004722.1,Emb-only-R,769151,784450
NC_004722.1,Emb-only-R,900251,973150
NC_004722.1,Emb-only-R,994651,1009850
NC_004722.1,Emb-only-R,1029251,1051250
NC_004722.1,Emb-only-R,1071151,1092850
NC_004722.1,Emb-only-R,1222851,1254450
NC_004722.1,Emb-only-R,1389351,1402250
NC_004722.1,Emb-only-R,1532451,1556850
NC_004722.1,Emb-only-R,1587451,1626650
NC_004722.1,Emb-only-R,1774351,1877450
NC_004722.1,Emb-only-R,2016851,2038850
NC_004722.1,Emb-only-R,2244151,2261450
NC_004722.1,Emb-only-R,2311751,2338150
NC_004722.1,Emb-only-R,2345751,2440550
NC_004722.1,Emb-only-R,2469451,2494150
NC_004722.1,Emb-only-R,2527651,2563450
NC_004722.1,Emb-only-R,2590351,2661150
NC_004722.1,Emb-only-R,2676351,2687150
NC_004722.1,Emb-only-R,2699851,2716150
NC_004722.1,Emb-only-R,2826751,2838050
NC_004722.1,Emb-only-R,2934551,2950450
NC_004722.1,Emb-only-R,3055951,3196750
NC_004722.1,Emb-only-R,3211751,3225050
NC_004722.1,Emb-only-R,3242751,3272350
NC_004722.1,Emb-only-R,3303451,3320350
NC_004722.1,Emb-only-R,3388251,3404250
NC_004722.1,Emb-only-R,3458951,3519650
NC_004722.1,Emb-only-R,3667051,3691650
NC_004722.1,Emb-only-R,3733151,3741850
NC_004722.1,Emb-only-R,3776251,3794650
NC_004722.1,Emb-only-R,3862751,3874550
NC_004722.1,Emb-only-R,3912251,3924450
NC_004722.1,Emb-only-R,3938751,3953250
NC_004722.1,Emb-only-R,4291551,4305150
NC_004722.1,Emb-only-R,4386051,4408150
NC_004722.1,Emb-only-R,4428451,4441550
NC_004722.1,Emb-only-R,4477751,4490150
NC_004722.1,Emb-only-R,4653151,4668450
NC_004722.1,Emb-only-R,4705351,4715150
NC_004722.1,Emb-only-R,4785051,4814450
NC_004722.1,Emb-only-R,4831151,4850450
NC_004722.1,Emb-only-R,4881151,4892350
NC_004722.1,Emb-only-R,4930951,4949350
NC_004722.1,Emb-only-R,4971951,5047850
NC_004722.1,Emb-only-R,5119651,5153150
NC_004722.1,Emb-only-R,5163051,5188350
NC_004722.1,Emb-only-R,5200351,5282050
NC_004722.1,Emb-only-R,5347751,5379850
NC_004741.1,SAGE-GI-P,214001,258000
NC_004741.1,SAGE-GI-P,704001,747000
NC_004741.1,SAGE-GI-P,895001,919000
NC_004741.1,SAGE-GI-P,2597001,2614000
NC_004741.1,SAGE-GI-P,3047001,3092000
NC_004741.1,SAGE-GI-P,3548001,3587000
NC_004741.1,SAGE-GI-P,4175851,4187950
NC_004741.1,SAGE-GI-P,4323001,4354000
NC_004741.1,Emb-only-P,214001,258000
NC_004741.1,Emb-only-P,704001,747000
NC_004741.1,Emb-only-P,2479001,2501000
NC_004741.1,Emb-only-P,2597001,2614000
NC_004741.1,Emb-only-P,3047001,3092000
NC_004741.1,Emb-only-P,3548001,3587000
NC_004741.1,Emb-only-P,4175551,4189250
NC_004741.1,Emb-only-P,4323001,4354000
NC_004741.1,SAGE-GI-R,90951,102650
NC_004741.1,SAGE-GI-R,118351,129550
NC_004741.1,SAGE-GI-R,206051,297150
NC_004741.1,SAGE-GI-R,315451,331550
NC_004741.1,SAGE-GI-R,371851,397950
NC_004741.1,SAGE-GI-R,570051,594050
NC_004741.1,SAGE-GI-R,610851,622150
NC_004741.1,SAGE-GI-R,685251,749250
NC_004741.1,SAGE-GI-R,807151,825850
NC_004741.1,SAGE-GI-R,833051,846850
NC_004741.1,SAGE-GI-R,878851,965250
NC_004741.1,SAGE-GI-R,1057151,1105550
NC_004741.1,SAGE-GI-R,1175851,1213150
NC_004741.1,SAGE-GI-R,1276451,1303750
NC_004741.1,SAGE-GI-R,1396051,1411050
NC_004741.1,SAGE-GI-R,1419051,1434250
NC_004741.1,SAGE-GI-R,1603351,1625850
NC_004741.1,SAGE-GI-R,1654951,1679650
NC_004741.1,SAGE-GI-R,1793451,1805150
NC_004741.1,SAGE-GI-R,1829951,1855450
NC_004741.1,SAGE-GI-R,1880551,1927550
NC_004741.1,SAGE-GI-R,1985151,1999950
NC_004741.1,SAGE-GI-R,2012651,2071850
NC_004741.1,SAGE-GI-R,2084351,2108250
NC_004741.1,SAGE-GI-R,2150451,2217550
NC_004741.1,SAGE-GI-R,2376851,2392450
NC_004741.1,SAGE-GI-R,2457251,2511550
NC_004741.1,SAGE-GI-R,2526951,2541150
NC_004741.1,SAGE-GI-R,2570151,2579350
NC_004741.1,SAGE-GI-R,2595051,2629750
NC_004741.1,SAGE-GI-R,2676451,2691550
NC_004741.1,SAGE-GI-R,2712751,2772550
NC_004741.1,SAGE-GI-R,2939251,2956550
NC_004741.1,SAGE-GI-R,3047051,3095450
NC_004741.1,SAGE-GI-R,3165951,3178450
NC_004741.1,SAGE-GI-R,3244751,3256050
NC_004741.1,SAGE-GI-R,3288751,3303150
NC_004741.1,SAGE-GI-R,3390851,3406550
NC_004741.1,SAGE-GI-R,3441651,3470950
NC_004741.1,SAGE-GI-R,3506151,3520550
NC_004741.1,SAGE-GI-R,3537351,3592350
NC_004741.1,SAGE-GI-R,3703151,3728950
NC_004741.1,SAGE-GI-R,3807151,3878850
NC_004741.1,SAGE-GI-R,3932651,3968250
NC_004741.1,SAGE-GI-R,3996651,4011050
NC_004741.1,SAGE-GI-R,4020651,4033250
NC_004741.1,SAGE-GI-R,4134251,4148550
NC_004741.1,SAGE-GI-R,4159751,4218350
NC_004741.1,SAGE-GI-R,4322951,4354250
NC_004741.1,SAGE-GI-R,4368151,4409150
NC_004741.1,SAGE-GI-R,4425851,4440550
NC_004741.1,SAGE-GI-R,4484951,4507450
NC_004741.1,SAGE-GI-R,4525651,4537950
NC_004741.1,Emb-only-R,117651,129250
NC_004741.1,Emb-only-R,209551,262050
NC_004741.1,Emb-only-R,273451,296350
NC_004741.1,Emb-only-R,316551,328450
NC_004741.1,Emb-only-R,373551,396150
NC_004741.1,Emb-only-R,570651,589650
NC_004741.1,Emb-only-R,680551,748750
NC_004741.1,Emb-only-R,781751,791050
NC_004741.1,Emb-only-R,882351,958350
NC_004741.1,Emb-only-R,1057851,1069250
NC_004741.1,Emb-only-R,1086751,1106850
NC_004741.1,Emb-only-R,1122751,1136350
NC_004741.1,Emb-only-R,1175251,1212650
NC_004741.1,Emb-only-R,1275551,1306350
NC_004741.1,Emb-only-R,1404451,1423050
NC_004741.1,Emb-only-R,1486551,1508950
NC_004741.1,Emb-only-R,1601251,1620850
NC_004741.1,Emb-only-R,1659351,1681650
NC_004741.1,Emb-only-R,1794251,1804550
NC_004741.1,Emb-only-R,1829651,1856450
NC_004741.1,Emb-only-R,1880551,1924050
NC_004741.1,Emb-only-R,2008951,2074350
NC_004741.1,Emb-only-R,2082151,2102250
NC_004741.1,Emb-only-R,2164851,2173750
NC_004741.1,Emb-only-R,2179851,2216450
NC_004741.1,Emb-only-R,2316751,2349750
NC_004741.1,Emb-only-R,2378451,2391250
NC_004741.1,Emb-only-R,2453751,2542450
NC_004741.1,Emb-only-R,2594551,2632650
NC_004741.1,Emb-only-R,2676351,2693750
NC_004741.1,Emb-only-R,2712751,2772950
NC_004741.1,Emb-only-R,2939451,2957350
NC_004741.1,Emb-only-R,2999351,3021550
NC_004741.1,Emb-only-R,3045751,3094650
NC_004741.1,Emb-only-R,3243751,3256050
NC_004741.1,Emb-only-R,3288451,3302550
NC_004741.1,Emb-only-R,3388151,3407750
NC_004741.1,Emb-only-R,3441651,3471150
NC_004741.1,Emb-only-R,3504851,3524450
NC_004741.1,Emb-only-R,3533351,3593050
NC_004741.1,Emb-only-R,3703551,3729650
NC_004741.1,Emb-only-R,3808851,3879250
NC_004741.1,Emb-only-R,3924851,3966550
NC_004741.1,Emb-only-R,3997851,4033050
NC_004741.1,Emb-only-R,4135351,4148650
NC_004741.1,Emb-only-R,4160351,4224350
NC_004741.1,Emb-only-R,4323851,4352550
NC_004741.1,Emb-only-R,4373751,4385450
NC_004741.1,Emb-only-R,4391151,4408450
NC_004741.1,Emb-only-R,4423551,4442750
NC_004741.1,Emb-only-R,4485051,4509550
NC_004741.1,Emb-only-R,4527451,4539650
NC_004741.1,Emb-only-R,4584351,4594350
NC_005071.1,SAGE-GI-P,4951,17050
NC_005071.1,SAGE-GI-P,100001,126000
NC_005071.1,SAGE-GI-P,277001,347000
NC_005071.1,SAGE-GI-P,899001,929000
NC_005071.1,SAGE-GI-P,1001001,1037000
NC_005071.1,Emb-only-P,100001,126000
NC_005071.1,Emb-only-P,328001,347000
NC_005071.1,Emb-only-P,1001001,1037000
NC_005071.1,Emb-only-P,1837001,1866000
NC_005071.1,SAGE-GI-R,4951,20450
NC_005071.1,SAGE-GI-R,89851,142150
NC_005071.1,SAGE-GI-R,177351,191350
NC_005071.1,SAGE-GI-R,204051,404750
NC_005071.1,SAGE-GI-R,528051,552950
NC_005071.1,SAGE-GI-R,580651,604250
NC_005071.1,SAGE-GI-R,671651,694050
NC_005071.1,SAGE-GI-R,703751,734650
NC_005071.1,SAGE-GI-R,785551,814750
NC_005071.1,SAGE-GI-R,836451,851850
NC_005071.1,SAGE-GI-R,865351,885550
NC_005071.1,SAGE-GI-R,901751,949150
NC_005071.1,SAGE-GI-R,999751,1048550
NC_005071.1,SAGE-GI-R,1065051,1078050
NC_005071.1,SAGE-GI-R,1103351,1131850
NC_005071.1,SAGE-GI-R,1536651,1558550
NC_005071.1,SAGE-GI-R,1582551,1624550
NC_005071.1,SAGE-GI-R,1649951,1687650
NC_005071.1,SAGE-GI-R,1745551,1764350
NC_005071.1,SAGE-GI-R,1834451,1871850
NC_005071.1,SAGE-GI-R,1906251,1920350
NC_005071.1,SAGE-GI-R,2022751,2060750
NC_005071.1,SAGE-GI-R,2185251,2211450
NC_005071.1,SAGE-GI-R,2227951,2254050
NC_005071.1,SAGE-GI-R,2306151,2316850
NC_005071.1,Emb-only-R,91851,141750
NC_005071.1,Emb-only-R,177351,191150
NC_005071.1,Emb-only-R,202951,222850
NC_005071.1,Emb-only-R,231451,251550
NC_005071.1,Emb-only-R,267551,380050
NC_005071.1,Emb-only-R,527751,555350
NC_005071.1,Emb-only-R,579451,604750
NC_005071.1,Emb-only-R,671551,686650
NC_005071.1,Emb-only-R,709251,724550
NC_005071.1,Emb-only-R,775851,814750
NC_005071.1,Emb-only-R,864751,951650
NC_005071.1,Emb-only-R,1000251,1053950
NC_005071.1,Emb-only-R,1059551,1133050
NC_005071.1,Emb-only-R,1233851,1253350
NC_005071.1,Emb-only-R,1534751,1564250
NC_005071.1,Emb-only-R,1582551,1624350
NC_005071.1,Emb-only-R,1648951,1683450
NC_005071.1,Emb-only-R,1746651,1762450
NC_005071.1,Emb-only-R,1836351,1887750
NC_005071.1,Emb-only-R,1905551,1921950
NC_005071.1,Emb-only-R,1997851,2009750
NC_005071.1,Emb-only-R,2023851,2057850
NC_005071.1,Emb-only-R,2179351,2209750
NC_005071.1,Emb-only-R,2229051,2254150
NC_005071.1,Emb-only-R,2357951,2371550
NC_005139.1,SAGE-GI-P,136001,190000
NC_005139.1,SAGE-GI-P,313001,398000
NC_005139.1,SAGE-GI-P,1788001,1933000
NC_005139.1,SAGE-GI-P,2207001,2262000
NC_005139.1,SAGE-GI-P,3238001,3263000
NC_005139.1,Emb-only-P,136001,190000
NC_005139.1,Emb-only-P,313001,398000
NC_005139.1,Emb-only-P,499001,542000
NC_005139.1,Emb-only-P,1788001,1933000
NC_005139.1,Emb-only-P,2197001,2262000
NC_005139.1,Emb-only-P,3238001,3263000
NC_005139.1,SAGE-GI-R,29751,46450
NC_005139.1,SAGE-GI-R,56551,72450
NC_005139.1,SAGE-GI-R,133251,192650
NC_005139.1,SAGE-GI-R,229051,256850
NC_005139.1,SAGE-GI-R,270051,294150
NC_005139.1,SAGE-GI-R,309251,400650
NC_005139.1,SAGE-GI-R,494051,542050
NC_005139.1,SAGE-GI-R,713851,727650
NC_005139.1,SAGE-GI-R,787251,845250
NC_005139.1,SAGE-GI-R,965451,989250
NC_005139.1,SAGE-GI-R,1080851,1108250
NC_005139.1,SAGE-GI-R,1194551,1202750
NC_005139.1,SAGE-GI-R,1316851,1342750
NC_005139.1,SAGE-GI-R,1552151,1570850
NC_005139.1,SAGE-GI-R,1584851,1598650
NC_005139.1,SAGE-GI-R,1612451,1628150
NC_005139.1,SAGE-GI-R,1661851,1674250
NC_005139.1,SAGE-GI-R,1699251,1724450
NC_005139.1,SAGE-GI-R,1783251,1933150
NC_005139.1,SAGE-GI-R,1955251,1973750
NC_005139.1,SAGE-GI-R,1995651,2010850
NC_005139.1,SAGE-GI-R,2164051,2287850
NC_005139.1,SAGE-GI-R,2449451,2461850
NC_005139.1,SAGE-GI-R,2494751,2511150
NC_005139.1,SAGE-GI-R,2574851,2585750
NC_005139.1,SAGE-GI-R,2611751,2623850
NC_005139.1,SAGE-GI-R,2673851,2698050
NC_005139.1,SAGE-GI-R,2734151,2761650
NC_005139.1,SAGE-GI-R,2773051,2785850
NC_005139.1,SAGE-GI-R,2817151,2833050
NC_005139.1,SAGE-GI-R,2935151,2969950
NC_005139.1,SAGE-GI-R,2995451,3046850
NC_005139.1,SAGE-GI-R,3105651,3118450
NC_005139.1,SAGE-GI-R,3152151,3165450
NC_005139.1,SAGE-GI-R,3201451,3222850
NC_005139.1,SAGE-GI-R,3235351,3267350
NC_005139.1,SAGE-GI-R,3287151,3311050
NC_005139.1,SAGE-GI-R,3339251,3349550
NC_005139.1,Emb-only-R,29451,46150
NC_005139.1,Emb-only-R,55751,74150
NC_005139.1,Emb-only-R,135151,194650
NC_005139.1,Emb-only-R,236651,252950
NC_005139.1,Emb-only-R,269451,294050
NC_005139.1,Emb-only-R,310051,401150
NC_005139.1,Emb-only-R,492551,543150
NC_005139.1,Emb-only-R,604251,614350
NC_005139.1,Emb-only-R,713851,726750
NC_005139.1,Emb-only-R,792251,845350
NC_005139.1,Emb-only-R,968251,989850
NC_005139.1,Emb-only-R,1081951,1097450
NC_005139.1,Emb-only-R,1185551,1202950
NC_005139.1,Emb-only-R,1316951,1347050
NC_005139.1,Emb-only-R,1449351,1458450
NC_005139.1,Emb-only-R,1556551,1566050
NC_005139.1,Emb-only-R,1584651,1597750
NC_005139.1,Emb-only-R,1612051,1628050
NC_005139.1,Emb-only-R,1702351,1725250
NC_005139.1,Emb-only-R,1781951,1933350
NC_005139.1,Emb-only-R,1954151,1976450
NC_005139.1,Emb-only-R,1996551,2010850
NC_005139.1,Emb-only-R,2190651,2284550
NC_005139.1,Emb-only-R,2354851,2363950
NC_005139.1,Emb-only-R,2449551,2461250
NC_005139.1,Emb-only-R,2496551,2509650
NC_005139.1,Emb-only-R,2571151,2589250
NC_005139.1,Emb-only-R,2612051,2622750
NC_005139.1,Emb-only-R,2674951,2701150
NC_005139.1,Emb-only-R,2734451,2761750
NC_005139.1,Emb-only-R,2773751,2786150
NC_005139.1,Emb-only-R,2817051,2835050
NC_005139.1,Emb-only-R,2909751,2918950
NC_005139.1,Emb-only-R,2935551,2968750
NC_005139.1,Emb-only-R,2995851,3014650
NC_005139.1,Emb-only-R,3033251,3046850
NC_005139.1,Emb-only-R,3105451,3118250
NC_005139.1,Emb-only-R,3153151,3165250
NC_005139.1,Emb-only-R,3210551,3218550
NC_005139.1,Emb-only-R,3228051,3266750
NC_005139.1,Emb-only-R,3286851,3317850
NC_005139.1,Emb-only-R,3338551,3349550
NC_005773.3,SAGE-GI-P,109001,138000
NC_005773.3,SAGE-GI-P,717001,730000
NC_005773.3,SAGE-GI-P,870001,939000
NC_005773.3,SAGE-GI-P,961001,984000
NC_005773.3,SAGE-GI-P,1144001,1161000
NC_005773.3,SAGE-GI-P,2173001,2203000
NC_005773.3,SAGE-GI-P,3225001,3269000
NC_005773.3,SAGE-GI-P,4286001,4314000
NC_005773.3,SAGE-GI-P,4805001,4826000
NC_005773.3,SAGE-GI-P,4902001,4940000
NC_005773.3,SAGE-GI-P,5171001,5255000
NC_005773.3,SAGE-GI-P,5624001,5657000
NC_005773.3,SAGE-GI-P,5742001,5779000
NC_005773.3,Emb-only-P,109001,138000
NC_005773.3,Emb-only-P,187001,224000
NC_005773.3,Emb-only-P,707001,730000
NC_005773.3,Emb-only-P,870001,939000
NC_005773.3,Emb-only-P,961001,984000
NC_005773.3,Emb-only-P,1144001,1161000
NC_005773.3,Emb-only-P,2173001,2204000
NC_005773.3,Emb-only-P,3225001,3269000
NC_005773.3,Emb-only-P,4286001,4314000
NC_005773.3,Emb-only-P,4805001,4825000
NC_005773.3,Emb-only-P,4902001,4940000
NC_005773.3,Emb-only-P,5171001,5255000
NC_005773.3,Emb-only-P,5624001,5657000
NC_005773.3,Emb-only-P,5742001,5779000
NC_005773.3,SAGE-GI-R,4951,23350
NC_005773.3,SAGE-GI-R,57551,67850
NC_005773.3,SAGE-GI-R,107751,161250
NC_005773.3,SAGE-GI-R,176851,229750
NC_005773.3,SAGE-GI-R,282551,300950
NC_005773.3,SAGE-GI-R,354551,376550
NC_005773.3,SAGE-GI-R,411351,433550
NC_005773.3,SAGE-GI-R,539651,558650
NC_005773.3,SAGE-GI-R,582751,595450
NC_005773.3,SAGE-GI-R,606851,618150
NC_005773.3,SAGE-GI-R,669051,749650
NC_005773.3,SAGE-GI-R,780551,819450
NC_005773.3,SAGE-GI-R,867251,935850
NC_005773.3,SAGE-GI-R,957651,986850
NC_005773.3,SAGE-GI-R,997351,1010650
NC_005773.3,SAGE-GI-R,1044651,1061550
NC_005773.3,SAGE-GI-R,1097051,1105250
NC_005773.3,SAGE-GI-R,1110451,1190350
NC_005773.3,SAGE-GI-R,1303651,1316850
NC_005773.3,SAGE-GI-R,1337151,1354650
NC_005773.3,SAGE-GI-R,1404251,1431850
NC_005773.3,SAGE-GI-R,1462251,1487850
NC_005773.3,SAGE-GI-R,1507051,1531950
NC_005773.3,SAGE-GI-R,1611851,1640850
NC_005773.3,SAGE-GI-R,1675751,1701250
NC_005773.3,SAGE-GI-R,1723851,1750950
NC_005773.3,SAGE-GI-R,1772351,1785750
NC_005773.3,SAGE-GI-R,1845951,1868150
NC_005773.3,SAGE-GI-R,1887051,1917050
NC_005773.3,SAGE-GI-R,1952051,1981650
NC_005773.3,SAGE-GI-R,2028951,2051450
NC_005773.3,SAGE-GI-R,2132251,2145750
NC_005773.3,SAGE-GI-R,2172951,2207450
NC_005773.3,SAGE-GI-R,2218651,2230450
NC_005773.3,SAGE-GI-R,2242751,2264950
NC_005773.3,SAGE-GI-R,2318651,2335950
NC_005773.3,SAGE-GI-R,2349651,2369550
NC_005773.3,SAGE-GI-R,2496751,2518550
NC_005773.3,SAGE-GI-R,2642651,2657550
NC_005773.3,SAGE-GI-R,2740051,2750050
NC_005773.3,SAGE-GI-R,2765551,2783650
NC_005773.3,SAGE-GI-R,2862551,2874250
NC_005773.3,SAGE-GI-R,2992151,3004450
NC_005773.3,SAGE-GI-R,3157751,3177150
NC_005773.3,SAGE-GI-R,3215751,3273850
NC_005773.3,SAGE-GI-R,3347651,3369350
NC_005773.3,SAGE-GI-R,3391951,3407750
NC_005773.3,SAGE-GI-R,3510651,3524950
NC_005773.3,SAGE-GI-R,3608451,3649850
NC_005773.3,SAGE-GI-R,3672451,3698550
NC_005773.3,SAGE-GI-R,3830651,3879150
NC_005773.3,SAGE-GI-R,3887751,3911550
NC_005773.3,SAGE-GI-R,3926651,3940150
NC_005773.3,SAGE-GI-R,4029451,4052950
NC_005773.3,SAGE-GI-R,4105851,4135450
NC_005773.3,SAGE-GI-R,4189451,4213450
NC_005773.3,SAGE-GI-R,4234651,4249050
NC_005773.3,SAGE-GI-R,4279551,4333250
NC_005773.3,SAGE-GI-R,4363551,4389550
NC_005773.3,SAGE-GI-R,4466751,4489350
NC_005773.3,SAGE-GI-R,4543951,4569850
NC_005773.3,SAGE-GI-R,4616451,4626950
NC_005773.3,SAGE-GI-R,4680651,4709250
NC_005773.3,SAGE-GI-R,4770551,4825150
NC_005773.3,SAGE-GI-R,4850451,4861750
NC_005773.3,SAGE-GI-R,4897451,4941350
NC_005773.3,SAGE-GI-R,5061051,5069550
NC_005773.3,SAGE-GI-R,5161051,5263150
NC_005773.3,SAGE-GI-R,5294351,5328350
NC_005773.3,SAGE-GI-R,5376151,5404850
NC_005773.3,SAGE-GI-R,5451151,5461950
NC_005773.3,SAGE-GI-R,5481951,5497650
NC_005773.3,SAGE-GI-R,5605851,5673150
NC_005773.3,SAGE-GI-R,5682451,5703750
NC_005773.3,SAGE-GI-R,5721851,5763150
NC_005773.3,SAGE-GI-R,5775551,5788450
NC_005773.3,SAGE-GI-R,5912351,5923750
NC_005773.3,Emb-only-R,4951,23050
NC_005773.3,Emb-only-R,57551,68150
NC_005773.3,Emb-only-R,107751,142650
NC_005773.3,Emb-only-R,149851,164750
NC_005773.3,Emb-only-R,179951,228850
NC_005773.3,Emb-only-R,334351,367950
NC_005773.3,Emb-only-R,411651,431750
NC_005773.3,Emb-only-R,538051,548750
NC_005773.3,Emb-only-R,582951,596150
NC_005773.3,Emb-only-R,608151,620950
NC_005773.3,Emb-only-R,667251,753250
NC_005773.3,Emb-only-R,780051,819350
NC_005773.3,Emb-only-R,843951,855050
NC_005773.3,Emb-only-R,867351,936350
NC_005773.3,Emb-only-R,957351,994750
NC_005773.3,Emb-only-R,1044551,1058950
NC_005773.3,Emb-only-R,1091351,1104850
NC_005773.3,Emb-only-R,1113051,1193050
NC_005773.3,Emb-only-R,1304851,1314350
NC_005773.3,Emb-only-R,1337051,1353850
NC_005773.3,Emb-only-R,1404951,1427250
NC_005773.3,Emb-only-R,1463251,1485050
NC_005773.3,Emb-only-R,1620351,1630750
NC_005773.3,Emb-only-R,1675051,1701750
NC_005773.3,Emb-only-R,1723351,1752250
NC_005773.3,Emb-only-R,1772451,1790750
NC_005773.3,Emb-only-R,1824551,1833650
NC_005773.3,Emb-only-R,1849851,1876650
NC_005773.3,Emb-only-R,1882351,1926450
NC_005773.3,Emb-only-R,1948851,1983050
NC_005773.3,Emb-only-R,2129251,2138850
NC_005773.3,Emb-only-R,2171651,2206950
NC_005773.3,Emb-only-R,2242951,2263150
NC_005773.3,Emb-only-R,2317551,2334650
NC_005773.3,Emb-only-R,2349251,2367650
NC_005773.3,Emb-only-R,2496351,2526850
NC_005773.3,Emb-only-R,2641551,2657250
NC_005773.3,Emb-only-R,2762951,2784750
NC_005773.3,Emb-only-R,2855351,2874050
NC_005773.3,Emb-only-R,2993951,3006250
NC_005773.3,Emb-only-R,3157551,3174050
NC_005773.3,Emb-only-R,3220051,3273950
NC_005773.3,Emb-only-R,3347751,3360750
NC_005773.3,Emb-only-R,3392051,3405750
NC_005773.3,Emb-only-R,3510751,3527250
NC_005773.3,Emb-only-R,3608951,3650850
NC_005773.3,Emb-only-R,3670651,3699250
NC_005773.3,Emb-only-R,3774951,3785450
NC_005773.3,Emb-only-R,3836851,3853850
NC_005773.3,Emb-only-R,3859651,3879050
NC_005773.3,Emb-only-R,3930651,3941550
NC_005773.3,Emb-only-R,4022851,4053050
NC_005773.3,Emb-only-R,4122851,4133350
NC_005773.3,Emb-only-R,4281951,4319050
NC_005773.3,Emb-only-R,4353351,4385750
NC_005773.3,Emb-only-R,4465751,4486350
NC_005773.3,Emb-only-R,4543751,4563950
NC_005773.3,Emb-only-R,4595351,4605750
NC_005773.3,Emb-only-R,4675251,4701250
NC_005773.3,Emb-only-R,4771151,4866450
NC_005773.3,Emb-only-R,4893951,4942450
NC_005773.3,Emb-only-R,5162651,5256250
NC_005773.3,Emb-only-R,5288151,5329150
NC_005773.3,Emb-only-R,5379251,5393750
NC_005773.3,Emb-only-R,5481951,5500650
NC_005773.3,Emb-only-R,5608151,5700750
NC_005773.3,Emb-only-R,5722251,5762850
NC_005773.3,Emb-only-R,5774851,5789750
NC_005773.3,Emb-only-R,5894251,5923750
NC_005945.1,SAGE-GI-P,4951,18650
NC_005945.1,SAGE-GI-P,82001,171000
NC_005945.1,SAGE-GI-P,245001,295000
NC_005945.1,SAGE-GI-P,446001,485000
NC_005945.1,SAGE-GI-P,1515001,1539000
NC_005945.1,SAGE-GI-P,1573001,1612000
NC_005945.1,SAGE-GI-P,3457001,3508000
NC_005945.1,SAGE-GI-P,3756001,3790000
NC_005945.1,SAGE-GI-P,4827001,4843000
NC_005945.1,Emb-only-P,4951,18650
NC_005945.1,Emb-only-P,82001,171000
NC_005945.1,Emb-only-P,245001,295000
NC_005945.1,Emb-only-P,472001,485000
NC_005945.1,Emb-only-P,1515001,1539000
NC_005945.1,Emb-only-P,2515851,2528150
NC_005945.1,Emb-only-P,2870001,2920000
NC_005945.1,Emb-only-P,3028951,3038950
NC_005945.1,Emb-only-P,3457001,3507000
NC_005945.1,Emb-only-P,3756001,3790000
NC_005945.1,Emb-only-P,4827001,4873000
NC_005945.1,Emb-only-P,5003751,5019450
NC_005945.1,SAGE-GI-R,4951,49150
NC_005945.1,SAGE-GI-R,60251,175250
NC_005945.1,SAGE-GI-R,229151,307550
NC_005945.1,SAGE-GI-R,375451,391450
NC_005945.1,SAGE-GI-R,450251,483750
NC_005945.1,SAGE-GI-R,528051,566750
NC_005945.1,SAGE-GI-R,600451,625750
NC_005945.1,SAGE-GI-R,703551,762650
NC_005945.1,SAGE-GI-R,781551,791650
NC_005945.1,SAGE-GI-R,798651,822550
NC_005945.1,SAGE-GI-R,842751,856450
NC_005945.1,SAGE-GI-R,892951,912950
NC_005945.1,SAGE-GI-R,931951,980250
NC_005945.1,SAGE-GI-R,993751,1010050
NC_005945.1,SAGE-GI-R,1022351,1059250
NC_005945.1,SAGE-GI-R,1070751,1085050
NC_005945.1,SAGE-GI-R,1129251,1149150
NC_005945.1,SAGE-GI-R,1178151,1192350
NC_005945.1,SAGE-GI-R,1207451,1243250
NC_005945.1,SAGE-GI-R,1333751,1357550
NC_005945.1,SAGE-GI-R,1513551,1542150
NC_005945.1,SAGE-GI-R,1565751,1617950
NC_005945.1,SAGE-GI-R,1826851,1857150
NC_005945.1,SAGE-GI-R,2006451,2014650
NC_005945.1,SAGE-GI-R,2043351,2064250
NC_005945.1,SAGE-GI-R,2145151,2188350
NC_005945.1,SAGE-GI-R,2201351,2223650
NC_005945.1,SAGE-GI-R,2273651,2294650
NC_005945.1,SAGE-GI-R,2323851,2364550
NC_005945.1,SAGE-GI-R,2387251,2410350
NC_005945.1,SAGE-GI-R,2461651,2544450
NC_005945.1,SAGE-GI-R,2718551,2737850
NC_005945.1,SAGE-GI-R,2869651,2933550
NC_005945.1,SAGE-GI-R,2956651,2975450
NC_005945.1,SAGE-GI-R,2990151,3057150
NC_005945.1,SAGE-GI-R,3201151,3214050
NC_005945.1,SAGE-GI-R,3264051,3278450
NC_005945.1,SAGE-GI-R,3294551,3313850
NC_005945.1,SAGE-GI-R,3346051,3356050
NC_005945.1,SAGE-GI-R,3417251,3432550
NC_005945.1,SAGE-GI-R,3456051,3521450
NC_005945.1,SAGE-GI-R,3562751,3580350
NC_005945.1,SAGE-GI-R,3653851,3667050
NC_005945.1,SAGE-GI-R,3701651,3714150
NC_005945.1,SAGE-GI-R,3748151,3799150
NC_005945.1,SAGE-GI-R,3821951,3833550
NC_005945.1,SAGE-GI-R,4153651,4169550
NC_005945.1,SAGE-GI-R,4229551,4239650
NC_005945.1,SAGE-GI-R,4340751,4359050
NC_005945.1,SAGE-GI-R,4453451,4468050
NC_005945.1,SAGE-GI-R,4482451,4493050
NC_005945.1,SAGE-GI-R,4514051,4534850
NC_005945.1,SAGE-GI-R,4608051,4630250
NC_005945.1,SAGE-GI-R,4646451,4662750
NC_005945.1,SAGE-GI-R,4675951,4695550
NC_005945.1,SAGE-GI-R,4821051,4867650
NC_005945.1,SAGE-GI-R,4884951,4898450
NC_005945.1,SAGE-GI-R,4955051,5042050
NC_005945.1,SAGE-GI-R,5079051,5102250
NC_005945.1,SAGE-GI-R,5154851,5181950
NC_005945.1,Emb-only-R,4951,174450
NC_005945.1,Emb-only-R,199951,208750
NC_005945.1,Emb-only-R,229051,305550
NC_005945.1,Emb-only-R,375351,397050
NC_005945.1,Emb-only-R,444451,482950
NC_005945.1,Emb-only-R,527551,568350
NC_005945.1,Emb-only-R,599351,625450
NC_005945.1,Emb-only-R,698551,764050
NC_005945.1,Emb-only-R,781751,798150
NC_005945.1,Emb-only-R,837051,856150
NC_005945.1,Emb-only-R,893651,910950
NC_005945.1,Emb-only-R,931451,979750
NC_005945.1,Emb-only-R,998151,1010050
NC_005945.1,Emb-only-R,1029051,1038550
NC_005945.1,Emb-only-R,1071151,1086050
NC_005945.1,Emb-only-R,1181251,1190150
NC_005945.1,Emb-only-R,1212251,1238950
NC_005945.1,Emb-only-R,1341951,1354350
NC_005945.1,Emb-only-R,1517551,1542150
NC_005945.1,Emb-only-R,1566351,1614150
NC_005945.1,Emb-only-R,1744751,1754650
NC_005945.1,Emb-only-R,2040651,2063850
NC_005945.1,Emb-only-R,2149051,2222550
NC_005945.1,Emb-only-R,2272851,2290650
NC_005945.1,Emb-only-R,2319851,2363750
NC_005945.1,Emb-only-R,2388451,2412650
NC_005945.1,Emb-only-R,2461751,2545350
NC_005945.1,Emb-only-R,2866851,2933050
NC_005945.1,Emb-only-R,2956751,2983850
NC_005945.1,Emb-only-R,2990351,3056550
NC_005945.1,Emb-only-R,3177351,3185650
NC_005945.1,Emb-only-R,3200751,3216650
NC_005945.1,Emb-only-R,3263651,3276750
NC_005945.1,Emb-only-R,3299351,3313850
NC_005945.1,Emb-only-R,3414551,3433350
NC_005945.1,Emb-only-R,3458151,3518850
NC_005945.1,Emb-only-R,3562451,3575750
NC_005945.1,Emb-only-R,3702751,3713350
NC_005945.1,Emb-only-R,3747051,3802650
NC_005945.1,Emb-only-R,3821751,3851050
NC_005945.1,Emb-only-R,4152751,4171350
NC_005945.1,Emb-only-R,4229651,4239750
NC_005945.1,Emb-only-R,4347951,4363850
NC_005945.1,Emb-only-R,4456651,4466450
NC_005945.1,Emb-only-R,4513951,4530350
NC_005945.1,Emb-only-R,4608451,4630950
NC_005945.1,Emb-only-R,4637951,4695450
NC_005945.1,Emb-only-R,4768851,4779750
NC_005945.1,Emb-only-R,4798651,4813550
NC_005945.1,Emb-only-R,4822351,4871550
NC_005945.1,Emb-only-R,4957351,5046650
NC_005945.1,Emb-only-R,5083051,5100750
NC_005945.1,Emb-only-R,5117651,5126850
NC_005945.1,Emb-only-R,5159251,5182250
NC_006086.1,SAGE-GI-P,18001,95000
NC_006086.1,SAGE-GI-P,105001,142000
NC_006086.1,SAGE-GI-P,1119001,1178000
NC_006086.1,SAGE-GI-P,1324001,1366000
NC_006086.1,SAGE-GI-P,1728001,1748000
NC_006086.1,Emb-only-P,18001,142000
NC_006086.1,Emb-only-P,987001,1020000
NC_006086.1,Emb-only-P,1119001,1178000
NC_006086.1,Emb-only-P,1324001,1366000
NC_006086.1,SAGE-GI-R,4951,145950
NC_006086.1,SAGE-GI-R,156951,171650
NC_006086.1,SAGE-GI-R,264151,275350
NC_006086.1,SAGE-GI-R,289751,308450
NC_006086.1,SAGE-GI-R,374151,395950
NC_006086.1,SAGE-GI-R,412651,427050
NC_006086.1,SAGE-GI-R,464451,485950
NC_006086.1,SAGE-GI-R,568851,585250
NC_006086.1,SAGE-GI-R,623951,639650
NC_006086.1,SAGE-GI-R,735751,753250
NC_006086.1,SAGE-GI-R,780551,793350
NC_006086.1,SAGE-GI-R,932451,945050
NC_006086.1,SAGE-GI-R,979851,1020050
NC_006086.1,SAGE-GI-R,1120151,1181850
NC_006086.1,SAGE-GI-R,1200151,1233050
NC_006086.1,SAGE-GI-R,1320951,1367850
NC_006086.1,SAGE-GI-R,1381951,1394750
NC_006086.1,SAGE-GI-R,1469351,1479050
NC_006086.1,SAGE-GI-R,1541651,1568950
NC_006086.1,SAGE-GI-R,1613551,1654550
NC_006086.1,SAGE-GI-R,1694851,1750950
NC_006086.1,SAGE-GI-R,1775851,1791150
NC_006086.1,SAGE-GI-R,1820151,1835850
NC_006086.1,SAGE-GI-R,1851351,1884850
NC_006086.1,Emb-only-R,9651,147650
NC_006086.1,Emb-only-R,158751,174150
NC_006086.1,Emb-only-R,190151,202750
NC_006086.1,Emb-only-R,264151,274950
NC_006086.1,Emb-only-R,288651,306750
NC_006086.1,Emb-only-R,374651,394250
NC_006086.1,Emb-only-R,415951,428550
NC_006086.1,Emb-only-R,466851,485750
NC_006086.1,Emb-only-R,568651,580450
NC_006086.1,Emb-only-R,624851,641550
NC_006086.1,Emb-only-R,734751,749650
NC_006086.1,Emb-only-R,778351,791350
NC_006086.1,Emb-only-R,978251,1019950
NC_006086.1,Emb-only-R,1120251,1181350
NC_006086.1,Emb-only-R,1199151,1230150
NC_006086.1,Emb-only-R,1311751,1368050
NC_006086.1,Emb-only-R,1466651,1479550
NC_006086.1,Emb-only-R,1541951,1568950
NC_006086.1,Emb-only-R,1615251,1656850
NC_006086.1,Emb-only-R,1699051,1747350
NC_006086.1,Emb-only-R,1774851,1799150
NC_006086.1,Emb-only-R,1818851,1832450
NC_006086.1,Emb-only-R,1848351,1884850
NC_006155.1,SAGE-GI-P,320001,359000
NC_006155.1,SAGE-GI-P,1759001,1807000
NC_006155.1,SAGE-GI-P,1919001,1948000
NC_006155.1,SAGE-GI-P,2109551,2124050
NC_006155.1,SAGE-GI-P,2214001,2233000
NC_006155.1,SAGE-GI-P,3697001,3717000
NC_006155.1,SAGE-GI-P,3811001,3839000
NC_006155.1,SAGE-GI-P,4087001,4117000
NC_006155.1,SAGE-GI-P,4296001,4331000
NC_006155.1,SAGE-GI-P,4368001,4405000
NC_006155.1,Emb-only-P,320001,359000
NC_006155.1,Emb-only-P,1759001,1807000
NC_006155.1,Emb-only-P,1919001,1948000
NC_006155.1,Emb-only-P,2181001,2233000
NC_006155.1,Emb-only-P,3341001,3374000
NC_006155.1,Emb-only-P,3697001,3717000
NC_006155.1,Emb-only-P,3811001,3839000
NC_006155.1,Emb-only-P,4057001,4117000
NC_006155.1,Emb-only-P,4296001,4331000
NC_006155.1,Emb-only-P,4368001,4405000
NC_006155.1,SAGE-GI-R,8251,27150
NC_006155.1,SAGE-GI-R,143751,187350
NC_006155.1,SAGE-GI-R,205951,218250
NC_006155.1,SAGE-GI-R,259651,276350
NC_006155.1,SAGE-GI-R,294551,346350
NC_006155.1,SAGE-GI-R,356651,373450
NC_006155.1,SAGE-GI-R,382951,398050
NC_006155.1,SAGE-GI-R,416651,435550
NC_006155.1,SAGE-GI-R,554851,580250
NC_006155.1,SAGE-GI-R,599051,607350
NC_006155.1,SAGE-GI-R,628351,638950
NC_006155.1,SAGE-GI-R,676251,688050
NC_006155.1,SAGE-GI-R,756751,782450
NC_006155.1,SAGE-GI-R,816751,832350
NC_006155.1,SAGE-GI-R,846551,861650
NC_006155.1,SAGE-GI-R,1014051,1028350
NC_006155.1,SAGE-GI-R,1051651,1069150
NC_006155.1,SAGE-GI-R,1075251,1120250
NC_006155.1,SAGE-GI-R,1139751,1159550
NC_006155.1,SAGE-GI-R,1198851,1221250
NC_006155.1,SAGE-GI-R,1242651,1262150
NC_006155.1,SAGE-GI-R,1276151,1304350
NC_006155.1,SAGE-GI-R,1368751,1387550
NC_006155.1,SAGE-GI-R,1438651,1465550
NC_006155.1,SAGE-GI-R,1565851,1587450
NC_006155.1,SAGE-GI-R,1683551,1696650
NC_006155.1,SAGE-GI-R,1761051,1824050
NC_006155.1,SAGE-GI-R,1912851,1952450
NC_006155.1,SAGE-GI-R,2026551,2055150
NC_006155.1,SAGE-GI-R,2091451,2247450
NC_006155.1,SAGE-GI-R,2325151,2350950
NC_006155.1,SAGE-GI-R,2467551,2486850
NC_006155.1,SAGE-GI-R,2630951,2642150
NC_006155.1,SAGE-GI-R,2702551,2724950
NC_006155.1,SAGE-GI-R,2816451,2832650
NC_006155.1,SAGE-GI-R,2891851,2927650
NC_006155.1,SAGE-GI-R,2963251,3010550
NC_006155.1,SAGE-GI-R,3040851,3064450
NC_006155.1,SAGE-GI-R,3129551,3142850
NC_006155.1,SAGE-GI-R,3217051,3230650
NC_006155.1,SAGE-GI-R,3247751,3259250
NC_006155.1,SAGE-GI-R,3317251,3380250
NC_006155.1,SAGE-GI-R,3492451,3514550
NC_006155.1,SAGE-GI-R,3601551,3622450
NC_006155.1,SAGE-GI-R,3632851,3647850
NC_006155.1,SAGE-GI-R,3677351,3718750
NC_006155.1,SAGE-GI-R,3782751,3910650
NC_006155.1,SAGE-GI-R,3921851,3975450
NC_006155.1,SAGE-GI-R,3998451,4016050
NC_006155.1,SAGE-GI-R,4062051,4122650
NC_006155.1,SAGE-GI-R,4213551,4226650
NC_006155.1,SAGE-GI-R,4257651,4281550
NC_006155.1,SAGE-GI-R,4287351,4406750
NC_006155.1,SAGE-GI-R,4501951,4540350
NC_006155.1,SAGE-GI-R,4594551,4638650
NC_006155.1,SAGE-GI-R,4724951,4739650
NC_006155.1,Emb-only-R,6951,21750
NC_006155.1,Emb-only-R,144851,190850
NC_006155.1,Emb-only-R,262751,276650
NC_006155.1,Emb-only-R,285151,346450
NC_006155.1,Emb-only-R,356651,371050
NC_006155.1,Emb-only-R,415851,439050
NC_006155.1,Emb-only-R,464851,480250
NC_006155.1,Emb-only-R,554851,583750
NC_006155.1,Emb-only-R,595351,610150
NC_006155.1,Emb-only-R,627951,640950
NC_006155.1,Emb-only-R,752151,786250
NC_006155.1,Emb-only-R,815851,832050
NC_006155.1,Emb-only-R,845651,862250
NC_006155.1,Emb-only-R,1009751,1028350
NC_006155.1,Emb-only-R,1076151,1084150
NC_006155.1,Emb-only-R,1144151,1152850
NC_006155.1,Emb-only-R,1194451,1228450
NC_006155.1,Emb-only-R,1239151,1263550
NC_006155.1,Emb-only-R,1274451,1310050
NC_006155.1,Emb-only-R,1365451,1386750
NC_006155.1,Emb-only-R,1443551,1457150
NC_006155.1,Emb-only-R,1567251,1585750
NC_006155.1,Emb-only-R,1760951,1818650
NC_006155.1,Emb-only-R,1912751,1955950
NC_006155.1,Emb-only-R,2026551,2056550
NC_006155.1,Emb-only-R,2092751,2247950
NC_006155.1,Emb-only-R,2325751,2351350
NC_006155.1,Emb-only-R,2702751,2730750
NC_006155.1,Emb-only-R,2817951,2840450
NC_006155.1,Emb-only-R,2890951,2926250
NC_006155.1,Emb-only-R,2963551,3010750
NC_006155.1,Emb-only-R,3042851,3064550
NC_006155.1,Emb-only-R,3212051,3233150
NC_006155.1,Emb-only-R,3318251,3380450
NC_006155.1,Emb-only-R,3491651,3514450
NC_006155.1,Emb-only-R,3601451,3642950
NC_006155.1,Emb-only-R,3676451,3739550
NC_006155.1,Emb-only-R,3781451,3796850
NC_006155.1,Emb-only-R,3808351,3910950
NC_006155.1,Emb-only-R,3920851,3968250
NC_006155.1,Emb-only-R,3995051,4016850
NC_006155.1,Emb-only-R,4059551,4122650
NC_006155.1,Emb-only-R,4212551,4224550
NC_006155.1,Emb-only-R,4293451,4406850
NC_006155.1,Emb-only-R,4502051,4540650
NC_006155.1,Emb-only-R,4611351,4638450
NC_006155.1,Emb-only-R,4702451,4739650
NC_006350.1,SAGE-GI-P,602001,653000
NC_006350.1,SAGE-GI-P,851001,899000
NC_006350.1,SAGE-GI-P,1091001,1112000
NC_006350.1,SAGE-GI-P,1874001,1992000
NC_006350.1,SAGE-GI-P,2433001,2451000
NC_006350.1,SAGE-GI-P,3338001,3360000
NC_006350.1,SAGE-GI-P,3796001,3836000
NC_006350.1,SAGE-GI-P,3873001,3888000
NC_006350.1,Emb-only-P,602001,653000
NC_006350.1,Emb-only-P,851001,899000
NC_006350.1,Emb-only-P,1091001,1112000
NC_006350.1,Emb-only-P,1321001,1338000
NC_006350.1,Emb-only-P,1902001,1992000
NC_006350.1,Emb-only-P,2433001,2451000
NC_006350.1,Emb-only-P,3338001,3360000
NC_006350.1,Emb-only-P,3796001,3836000
NC_006350.1,Emb-only-P,3873001,3888000
NC_006350.1,SAGE-GI-R,75951,108850
NC_006350.1,SAGE-GI-R,120551,132750
NC_006350.1,SAGE-GI-R,143751,185750
NC_006350.1,SAGE-GI-R,281651,293850
NC_006350.1,SAGE-GI-R,362751,376950
NC_006350.1,SAGE-GI-R,488151,502150
NC_006350.1,SAGE-GI-R,592451,670950
NC_006350.1,SAGE-GI-R,843651,911050
NC_006350.1,SAGE-GI-R,1032251,1047350
NC_006350.1,SAGE-GI-R,1086651,1117450
NC_006350.1,SAGE-GI-R,1134751,1145250
NC_006350.1,SAGE-GI-R,1189851,1198550
NC_006350.1,SAGE-GI-R,1216451,1239750
NC_006350.1,SAGE-GI-R,1275251,1292050
NC_006350.1,SAGE-GI-R,1318251,1340450
NC_006350.1,SAGE-GI-R,1352651,1365750
NC_006350.1,SAGE-GI-R,1391851,1443050
NC_006350.1,SAGE-GI-R,1462651,1478250
NC_006350.1,SAGE-GI-R,1600051,1646250
NC_006350.1,SAGE-GI-R,1871451,2041550
NC_006350.1,SAGE-GI-R,2067551,2084750
NC_006350.1,SAGE-GI-R,2096051,2127650
NC_006350.1,SAGE-GI-R,2156551,2184550
NC_006350.1,SAGE-GI-R,2252251,2327150
NC_006350.1,SAGE-GI-R,2380051,2394950
NC_006350.1,SAGE-GI-R,2423051,2516350
NC_006350.1,SAGE-GI-R,2678051,2694450
NC_006350.1,SAGE-GI-R,2757951,2803450
NC_006350.1,SAGE-GI-R,3082451,3118450
NC_006350.1,SAGE-GI-R,3197051,3240350
NC_006350.1,SAGE-GI-R,3302551,3312950
NC_006350.1,SAGE-GI-R,3328751,3375850
NC_006350.1,SAGE-GI-R,3479451,3493250
NC_006350.1,SAGE-GI-R,3558551,3584950
NC_006350.1,SAGE-GI-R,3600651,3633450
NC_006350.1,SAGE-GI-R,3681951,3734150
NC_006350.1,SAGE-GI-R,3790051,3842150
NC_006350.1,SAGE-GI-R,3862151,3895950
NC_006350.1,SAGE-GI-R,3924651,3941750
NC_006350.1,SAGE-GI-R,3959451,3987350
NC_006350.1,SAGE-GI-R,4029851,4055350
NC_006350.1,Emb-only-R,4951,30250
NC_006350.1,Emb-only-R,76251,108950
NC_006350.1,Emb-only-R,120751,185650
NC_006350.1,Emb-only-R,281751,293250
NC_006350.1,Emb-only-R,362451,377350
NC_006350.1,Emb-only-R,486851,502350
NC_006350.1,Emb-only-R,593751,670550
NC_006350.1,Emb-only-R,846351,909150
NC_006350.1,Emb-only-R,1086551,1116250
NC_006350.1,Emb-only-R,1221251,1241050
NC_006350.1,Emb-only-R,1273051,1291350
NC_006350.1,Emb-only-R,1318151,1340750
NC_006350.1,Emb-only-R,1392551,1443050
NC_006350.1,Emb-only-R,1597951,1646050
NC_006350.1,Emb-only-R,1754251,1765350
NC_006350.1,Emb-only-R,1872951,2037750
NC_006350.1,Emb-only-R,2068751,2080050
NC_006350.1,Emb-only-R,2097651,2121750
NC_006350.1,Emb-only-R,2168151,2185550
NC_006350.1,Emb-only-R,2257351,2280150
NC_006350.1,Emb-only-R,2290651,2315050
NC_006350.1,Emb-only-R,2380551,2396350
NC_006350.1,Emb-only-R,2424551,2476250
NC_006350.1,Emb-only-R,2489951,2515250
NC_006350.1,Emb-only-R,2681451,2697550
NC_006350.1,Emb-only-R,2756551,2815550
NC_006350.1,Emb-only-R,2979951,2996850
NC_006350.1,Emb-only-R,3082351,3125750
NC_006350.1,Emb-only-R,3197051,3239250
NC_006350.1,Emb-only-R,3306451,3375350
NC_006350.1,Emb-only-R,3476851,3495950
NC_006350.1,Emb-only-R,3566251,3585850
NC_006350.1,Emb-only-R,3604351,3633850
NC_006350.1,Emb-only-R,3673151,3747050
NC_006350.1,Emb-only-R,3787251,3840550
NC_006350.1,Emb-only-R,3863951,3900450
NC_006350.1,Emb-only-R,3922851,3938950
NC_006350.1,Emb-only-R,3958951,3985350
NC_006350.1,Emb-only-R,4027851,4054450
NC_006511.1,SAGE-GI-P,864001,882000
NC_006511.1,SAGE-GI-P,1511001,1539000
NC_006511.1,SAGE-GI-P,2487001,2614000
NC_006511.1,SAGE-GI-P,2661001,2748000
NC_006511.1,SAGE-GI-P,2825001,2863000
NC_006511.1,SAGE-GI-P,3372001,3409000
NC_006511.1,SAGE-GI-P,4125001,4165000
NC_006511.1,SAGE-GI-P,4231001,4255000
NC_006511.1,SAGE-GI-P,4461001,4500000
NC_006511.1,Emb-only-P,864001,882000
NC_006511.1,Emb-only-P,1511001,1539000
NC_006511.1,Emb-only-P,2487001,2614000
NC_006511.1,Emb-only-P,2661001,2748000
NC_006511.1,Emb-only-P,3372001,3409000
NC_006511.1,Emb-only-P,4125001,4164000
NC_006511.1,Emb-only-P,4231001,4255000
NC_006511.1,Emb-only-P,4461001,4500000
NC_006511.1,SAGE-GI-R,8551,43450
NC_006511.1,SAGE-GI-R,61151,91550
NC_006511.1,SAGE-GI-R,144251,154450
NC_006511.1,SAGE-GI-R,176651,194950
NC_006511.1,SAGE-GI-R,204951,221750
NC_006511.1,SAGE-GI-R,286451,302650
NC_006511.1,SAGE-GI-R,376051,423650
NC_006511.1,SAGE-GI-R,472851,485050
NC_006511.1,SAGE-GI-R,533451,548650
NC_006511.1,SAGE-GI-R,563651,575250
NC_006511.1,SAGE-GI-R,612651,632450
NC_006511.1,SAGE-GI-R,661551,674750
NC_006511.1,SAGE-GI-R,687551,700750
NC_006511.1,SAGE-GI-R,789451,818050
NC_006511.1,SAGE-GI-R,845651,891950
NC_006511.1,SAGE-GI-R,903651,957950
NC_006511.1,SAGE-GI-R,1002651,1011850
NC_006511.1,SAGE-GI-R,1062951,1111450
NC_006511.1,SAGE-GI-R,1145051,1161750
NC_006511.1,SAGE-GI-R,1182751,1203150
NC_006511.1,SAGE-GI-R,1251051,1262650
NC_006511.1,SAGE-GI-R,1277751,1296550
NC_006511.1,SAGE-GI-R,1382351,1401850
NC_006511.1,SAGE-GI-R,1507051,1540050
NC_006511.1,SAGE-GI-R,1582851,1608350
NC_006511.1,SAGE-GI-R,1647851,1679750
NC_006511.1,SAGE-GI-R,1765751,1783950
NC_006511.1,SAGE-GI-R,1818751,1834350
NC_006511.1,SAGE-GI-R,1859751,1875750
NC_006511.1,SAGE-GI-R,1892451,1910550
NC_006511.1,SAGE-GI-R,2076151,2112650
NC_006511.1,SAGE-GI-R,2253051,2264450
NC_006511.1,SAGE-GI-R,2280051,2291850
NC_006511.1,SAGE-GI-R,2363051,2383450
NC_006511.1,SAGE-GI-R,2466251,2528550
NC_006511.1,SAGE-GI-R,2542251,2624250
NC_006511.1,SAGE-GI-R,2642451,2751550
NC_006511.1,SAGE-GI-R,2805851,2865850
NC_006511.1,SAGE-GI-R,2884551,2913850
NC_006511.1,SAGE-GI-R,2919951,2931550
NC_006511.1,SAGE-GI-R,2999751,3018250
NC_006511.1,SAGE-GI-R,3083651,3112450
NC_006511.1,SAGE-GI-R,3196451,3210050
NC_006511.1,SAGE-GI-R,3225651,3239050
NC_006511.1,SAGE-GI-R,3254951,3269850
NC_006511.1,SAGE-GI-R,3320051,3336250
NC_006511.1,SAGE-GI-R,3368351,3413050
NC_006511.1,SAGE-GI-R,3431951,3447550
NC_006511.1,SAGE-GI-R,3540651,3555850
NC_006511.1,SAGE-GI-R,3665451,3676750
NC_006511.1,SAGE-GI-R,3692451,3709050
NC_006511.1,SAGE-GI-R,3729451,3747750
NC_006511.1,SAGE-GI-R,3766051,3780450
NC_006511.1,SAGE-GI-R,3795651,3810150
NC_006511.1,SAGE-GI-R,3838451,3885550
NC_006511.1,SAGE-GI-R,3909951,3923550
NC_006511.1,SAGE-GI-R,3970351,3983250
NC_006511.1,SAGE-GI-R,4120851,4175850
NC_006511.1,SAGE-GI-R,4227951,4257250
NC_006511.1,SAGE-GI-R,4307451,4329150
NC_006511.1,SAGE-GI-R,4453051,4528750
NC_006511.1,Emb-only-R,12151,46150
NC_006511.1,Emb-only-R,61151,91850
NC_006511.1,Emb-only-R,176551,193350
NC_006511.1,Emb-only-R,286951,302650
NC_006511.1,Emb-only-R,392251,423250
NC_006511.1,Emb-only-R,532851,574250
NC_006511.1,Emb-only-R,612151,626750
NC_006511.1,Emb-only-R,687051,701150
NC_006511.1,Emb-only-R,789651,814550
NC_006511.1,Emb-only-R,846351,891750
NC_006511.1,Emb-only-R,903051,931350
NC_006511.1,Emb-only-R,1061751,1095350
NC_006511.1,Emb-only-R,1103651,1112850
NC_006511.1,Emb-only-R,1145651,1162550
NC_006511.1,Emb-only-R,1186551,1197550
NC_006511.1,Emb-only-R,1250751,1263050
NC_006511.1,Emb-only-R,1277951,1296950
NC_006511.1,Emb-only-R,1382451,1410850
NC_006511.1,Emb-only-R,1507051,1541050
NC_006511.1,Emb-only-R,1581151,1608650
NC_006511.1,Emb-only-R,1650551,1685050
NC_006511.1,Emb-only-R,1765351,1784350
NC_006511.1,Emb-only-R,1858751,1873750
NC_006511.1,Emb-only-R,1887251,1902050
NC_006511.1,Emb-only-R,1946951,1958650
NC_006511.1,Emb-only-R,2077051,2112250
NC_006511.1,Emb-only-R,2253451,2266150
NC_006511.1,Emb-only-R,2280351,2291850
NC_006511.1,Emb-only-R,2363051,2384250
NC_006511.1,Emb-only-R,2441651,2528850
NC_006511.1,Emb-only-R,2542651,2624050
NC_006511.1,Emb-only-R,2643351,2745850
NC_006511.1,Emb-only-R,2813151,2865150
NC_006511.1,Emb-only-R,2884351,2901050
NC_006511.1,Emb-only-R,2913351,2922750
NC_006511.1,Emb-only-R,3000251,3038350
NC_006511.1,Emb-only-R,3083351,3120450
NC_006511.1,Emb-only-R,3223151,3239050
NC_006511.1,Emb-only-R,3254351,3271350
NC_006511.1,Emb-only-R,3319051,3337250
NC_006511.1,Emb-only-R,3365951,3415450
NC_006511.1,Emb-only-R,3432051,3445650
NC_006511.1,Emb-only-R,3539451,3555850
NC_006511.1,Emb-only-R,3620951,3634050
NC_006511.1,Emb-only-R,3665551,3677550
NC_006511.1,Emb-only-R,3691851,3707550
NC_006511.1,Emb-only-R,3730351,3747550
NC_006511.1,Emb-only-R,3765651,3779750
NC_006511.1,Emb-only-R,3794351,3812050
NC_006511.1,Emb-only-R,3841051,3888150
NC_006511.1,Emb-only-R,3970551,3983550
NC_006511.1,Emb-only-R,4121351,4176250
NC_006511.1,Emb-only-R,4228251,4256650
NC_006511.1,Emb-only-R,4310151,4334650
NC_006511.1,Emb-only-R,4452451,4502550
NC_006511.1,Emb-only-R,4514051,4533650
NC_006905.1,SAGE-GI-P,318001,413000
NC_006905.1,SAGE-GI-P,1098001,1130000
NC_006905.1,SAGE-GI-P,1304001,1367000
NC_006905.1,SAGE-GI-P,1514001,1542000
NC_006905.1,SAGE-GI-P,2749001,2813000
NC_006905.1,SAGE-GI-P,2965001,3002000
NC_006905.1,SAGE-GI-P,3527001,3537000
NC_006905.1,SAGE-GI-P,4285001,4326000
NC_006905.1,SAGE-GI-P,4412001,4434000
NC_006905.1,SAGE-GI-P,4645001,4661000
NC_006905.1,Emb-only-P,291001,413000
NC_006905.1,Emb-only-P,1076001,1130000
NC_006905.1,Emb-only-P,1304001,1367000
NC_006905.1,Emb-only-P,1514001,1542000
NC_006905.1,Emb-only-P,2749001,2811000
NC_006905.1,Emb-only-P,2856151,2868250
NC_006905.1,Emb-only-P,3520001,3558000
NC_006905.1,Emb-only-P,4285001,4326000
NC_006905.1,Emb-only-P,4412001,4434000
NC_006905.1,Emb-only-P,4645001,4661000
NC_006905.1,SAGE-GI-R,8451,40250
NC_006905.1,SAGE-GI-R,54351,87950
NC_006905.1,SAGE-GI-R,134051,150050
NC_006905.1,SAGE-GI-R,170051,180250
NC_006905.1,SAGE-GI-R,216551,231850
NC_006905.1,SAGE-GI-R,271051,357250
NC_006905.1,SAGE-GI-R,370951,447150
NC_006905.1,SAGE-GI-R,465751,477050
NC_006905.1,SAGE-GI-R,529251,556150
NC_006905.1,SAGE-GI-R,647851,668550
NC_006905.1,SAGE-GI-R,822151,866650
NC_006905.1,SAGE-GI-R,948451,963450
NC_006905.1,SAGE-GI-R,1009251,1049150
NC_006905.1,SAGE-GI-R,1057451,1126550
NC_006905.1,SAGE-GI-R,1193351,1212650
NC_006905.1,SAGE-GI-R,1304751,1378550
NC_006905.1,SAGE-GI-R,1510451,1545450
NC_006905.1,SAGE-GI-R,1730351,1744350
NC_006905.1,SAGE-GI-R,1768051,1783950
NC_006905.1,SAGE-GI-R,1859551,1871950
NC_006905.1,SAGE-GI-R,1893351,1908850
NC_006905.1,SAGE-GI-R,1959451,1992150
NC_006905.1,SAGE-GI-R,2101151,2163250
NC_006905.1,SAGE-GI-R,2176051,2206650
NC_006905.1,SAGE-GI-R,2229951,2274450
NC_006905.1,SAGE-GI-R,2352351,2372750
NC_006905.1,SAGE-GI-R,2387351,2401350
NC_006905.1,SAGE-GI-R,2434951,2450250
NC_006905.1,SAGE-GI-R,2632051,2693550
NC_006905.1,SAGE-GI-R,2745651,2797850
NC_006905.1,SAGE-GI-R,2809751,2824050
NC_006905.1,SAGE-GI-R,2841351,2887350
NC_006905.1,SAGE-GI-R,2944551,3004450
NC_006905.1,SAGE-GI-R,3140351,3157750
NC_006905.1,SAGE-GI-R,3190651,3211150
NC_006905.1,SAGE-GI-R,3233951,3252250
NC_006905.1,SAGE-GI-R,3401151,3421450
NC_006905.1,SAGE-GI-R,3470451,3484350
NC_006905.1,SAGE-GI-R,3513851,3561150
NC_006905.1,SAGE-GI-R,3580051,3594550
NC_006905.1,SAGE-GI-R,3721351,3732950
NC_006905.1,SAGE-GI-R,3784151,3799450
NC_006905.1,SAGE-GI-R,3820351,3861850
NC_006905.1,SAGE-GI-R,3882451,3899750
NC_006905.1,SAGE-GI-R,3915751,3931750
NC_006905.1,SAGE-GI-R,3950051,3961150
NC_006905.1,SAGE-GI-R,3995551,4052050
NC_006905.1,SAGE-GI-R,4068851,4079550
NC_006905.1,SAGE-GI-R,4126551,4139750
NC_006905.1,SAGE-GI-R,4281851,4343450
NC_006905.1,SAGE-GI-R,4408151,4441050
NC_006905.1,SAGE-GI-R,4491751,4513050
NC_006905.1,SAGE-GI-R,4533351,4548750
NC_006905.1,SAGE-GI-R,4638651,4672550
NC_006905.1,SAGE-GI-R,4718751,4740650
NC_006905.1,Emb-only-R,12651,41050
NC_006905.1,Emb-only-R,53351,92750
NC_006905.1,Emb-only-R,221751,232450
NC_006905.1,Emb-only-R,272351,357450
NC_006905.1,Emb-only-R,370651,451950
NC_006905.1,Emb-only-R,465151,476650
NC_006905.1,Emb-only-R,524451,558350
NC_006905.1,Emb-only-R,648251,668550
NC_006905.1,Emb-only-R,763051,772850
NC_006905.1,Emb-only-R,823951,865350
NC_006905.1,Emb-only-R,947751,963550
NC_006905.1,Emb-only-R,1076751,1125950
NC_006905.1,Emb-only-R,1163751,1209750
NC_006905.1,Emb-only-R,1303551,1384050
NC_006905.1,Emb-only-R,1396451,1407150
NC_006905.1,Emb-only-R,1470351,1482250
NC_006905.1,Emb-only-R,1509451,1546850
NC_006905.1,Emb-only-R,1729951,1743350
NC_006905.1,Emb-only-R,1768051,1788050
NC_006905.1,Emb-only-R,1893151,1909350
NC_006905.1,Emb-only-R,1959251,1990750
NC_006905.1,Emb-only-R,2100551,2118550
NC_006905.1,Emb-only-R,2139151,2162350
NC_006905.1,Emb-only-R,2174851,2207650
NC_006905.1,Emb-only-R,2240051,2274050
NC_006905.1,Emb-only-R,2354451,2371550
NC_006905.1,Emb-only-R,2387551,2400650
NC_006905.1,Emb-only-R,2431851,2452350
NC_006905.1,Emb-only-R,2634951,2658950
NC_006905.1,Emb-only-R,2679951,2693350
NC_006905.1,Emb-only-R,2745651,2798050
NC_006905.1,Emb-only-R,2809851,2824550
NC_006905.1,Emb-only-R,2840651,2884650
NC_006905.1,Emb-only-R,2944551,3005050
NC_006905.1,Emb-only-R,3035351,3054950
NC_006905.1,Emb-only-R,3141051,3164350
NC_006905.1,Emb-only-R,3189451,3213150
NC_006905.1,Emb-only-R,3233051,3255650
NC_006905.1,Emb-only-R,3399251,3421750
NC_006905.1,Emb-only-R,3470451,3484650
NC_006905.1,Emb-only-R,3514751,3562750
NC_006905.1,Emb-only-R,3580551,3593250
NC_006905.1,Emb-only-R,3721751,3736450
NC_006905.1,Emb-only-R,3765451,3799050
NC_006905.1,Emb-only-R,3819851,3862450
NC_006905.1,Emb-only-R,3882751,3897750
NC_006905.1,Emb-only-R,3914351,3931650
NC_006905.1,Emb-only-R,3950551,3961650
NC_006905.1,Emb-only-R,3997851,4060350
NC_006905.1,Emb-only-R,4126851,4140050
NC_006905.1,Emb-only-R,4282351,4344050
NC_006905.1,Emb-only-R,4408351,4441050
NC_006905.1,Emb-only-R,4491951,4507150
NC_006905.1,Emb-only-R,4637351,4671050
NC_006905.1,Emb-only-R,4718251,4740650
NC_007146.2,SAGE-GI-P,91001,149000
NC_007146.2,SAGE-GI-P,677001,711000
NC_007146.2,SAGE-GI-P,1409001,1466000
NC_007146.2,SAGE-GI-P,1691001,1710000
NC_007146.2,Emb-only-P,92001,149000
NC_007146.2,Emb-only-P,1409001,1466000
NC_007146.2,SAGE-GI-R,46151,65950
NC_007146.2,SAGE-GI-R,92951,151450
NC_007146.2,SAGE-GI-R,166651,199750
NC_007146.2,SAGE-GI-R,291151,318550
NC_007146.2,SAGE-GI-R,349051,364350
NC_007146.2,SAGE-GI-R,402051,412350
NC_007146.2,SAGE-GI-R,537851,608750
NC_007146.2,SAGE-GI-R,673851,715050
NC_007146.2,SAGE-GI-R,731451,741550
NC_007146.2,SAGE-GI-R,798751,818750
NC_007146.2,SAGE-GI-R,833451,854750
NC_007146.2,SAGE-GI-R,900751,927450
NC_007146.2,SAGE-GI-R,1102051,1131150
NC_007146.2,SAGE-GI-R,1233951,1250650
NC_007146.2,SAGE-GI-R,1367151,1480650
NC_007146.2,SAGE-GI-R,1575051,1591950
NC_007146.2,SAGE-GI-R,1617451,1641350
NC_007146.2,SAGE-GI-R,1652951,1667050
NC_007146.2,SAGE-GI-R,1689351,1728350
NC_007146.2,SAGE-GI-R,1779451,1799150
NC_007146.2,SAGE-GI-R,1824151,1872950
NC_007146.2,SAGE-GI-R,1894351,1909450
NC_007146.2,Emb-only-R,45651,60250
NC_007146.2,Emb-only-R,91751,151350
NC_007146.2,Emb-only-R,163051,200250
NC_007146.2,Emb-only-R,276051,363750
NC_007146.2,Emb-only-R,559351,609050
NC_007146.2,Emb-only-R,674651,714750
NC_007146.2,Emb-only-R,801351,823550
NC_007146.2,Emb-only-R,831551,851150
NC_007146.2,Emb-only-R,900451,922550
NC_007146.2,Emb-only-R,984851,1004150
NC_007146.2,Emb-only-R,1102351,1122850
NC_007146.2,Emb-only-R,1244051,1252150
NC_007146.2,Emb-only-R,1367451,1482750
NC_007146.2,Emb-only-R,1517351,1529550
NC_007146.2,Emb-only-R,1575051,1601250
NC_007146.2,Emb-only-R,1689551,1728250
NC_007146.2,Emb-only-R,1781051,1789850
NC_007146.2,Emb-only-R,1823451,1841550
NC_007146.2,Emb-only-R,1893751,1909450
NC_007005.1,SAGE-GI-P,108001,146000
NC_007005.1,SAGE-GI-P,846001,858000
NC_007005.1,SAGE-GI-P,1590001,1744000
NC_007005.1,SAGE-GI-P,3207001,3243000
NC_007005.1,SAGE-GI-P,3360001,3435000
NC_007005.1,SAGE-GI-P,4405001,4441000
NC_007005.1,SAGE-GI-P,4523001,4545000
NC_007005.1,SAGE-GI-P,5129001,5177000
NC_007005.1,SAGE-GI-P,5372001,5430000
NC_007005.1,SAGE-GI-P,5902001,5929000
NC_007005.1,Emb-only-P,108001,146000
NC_007005.1,Emb-only-P,817001,858000
NC_007005.1,Emb-only-P,1590001,1744000
NC_007005.1,Emb-only-P,2355001,2393000
NC_007005.1,Emb-only-P,3200001,3243000
NC_007005.1,Emb-only-P,3360001,3435000
NC_007005.1,Emb-only-P,4405001,4441000
NC_007005.1,Emb-only-P,4523001,4545000
NC_007005.1,Emb-only-P,5129001,5177000
NC_007005.1,Emb-only-P,5372001,5430000
NC_007005.1,Emb-only-P,5816001,5840000
NC_007005.1,Emb-only-P,5902001,5929000
NC_007005.1,Emb-only-P,6062001,6072000
NC_007005.1,SAGE-GI-R,49351,63950
NC_007005.1,SAGE-GI-R,99651,151750
NC_007005.1,SAGE-GI-R,173351,184350
NC_007005.1,SAGE-GI-R,271151,284750
NC_007005.1,SAGE-GI-R,402051,415650
NC_007005.1,SAGE-GI-R,657851,685750
NC_007005.1,SAGE-GI-R,702851,716150
NC_007005.1,SAGE-GI-R,762851,800250
NC_007005.1,SAGE-GI-R,825251,861250
NC_007005.1,SAGE-GI-R,960551,974350
NC_007005.1,SAGE-GI-R,1037851,1076450
NC_007005.1,SAGE-GI-R,1189551,1204650
NC_007005.1,SAGE-GI-R,1288651,1308950
NC_007005.1,SAGE-GI-R,1339151,1393650
NC_007005.1,SAGE-GI-R,1417951,1455950
NC_007005.1,SAGE-GI-R,1527451,1553050
NC_007005.1,SAGE-GI-R,1587851,1759650
NC_007005.1,SAGE-GI-R,1804351,1820450
NC_007005.1,SAGE-GI-R,1832751,1850050
NC_007005.1,SAGE-GI-R,1939051,1954450
NC_007005.1,SAGE-GI-R,1977751,2007650
NC_007005.1,SAGE-GI-R,2037851,2064650
NC_007005.1,SAGE-GI-R,2149251,2166350
NC_007005.1,SAGE-GI-R,2178751,2263450
NC_007005.1,SAGE-GI-R,2327751,2394950
NC_007005.1,SAGE-GI-R,2518751,2540150
NC_007005.1,SAGE-GI-R,2691351,2705950
NC_007005.1,SAGE-GI-R,2717551,2729650
NC_007005.1,SAGE-GI-R,3041651,3088050
NC_007005.1,SAGE-GI-R,3122851,3159050
NC_007005.1,SAGE-GI-R,3180151,3284250
NC_007005.1,SAGE-GI-R,3330451,3431450
NC_007005.1,SAGE-GI-R,3492851,3522450
NC_007005.1,SAGE-GI-R,3536551,3552850
NC_007005.1,SAGE-GI-R,3692251,3710950
NC_007005.1,SAGE-GI-R,3830351,3862150
NC_007005.1,SAGE-GI-R,3889951,3912850
NC_007005.1,SAGE-GI-R,3957551,3970850
NC_007005.1,SAGE-GI-R,4065251,4085350
NC_007005.1,SAGE-GI-R,4103951,4117250
NC_007005.1,SAGE-GI-R,4143251,4152450
NC_007005.1,SAGE-GI-R,4194451,4204750
NC_007005.1,SAGE-GI-R,4315451,4331250
NC_007005.1,SAGE-GI-R,4350251,4365850
NC_007005.1,SAGE-GI-R,4394951,4446950
NC_007005.1,SAGE-GI-R,4471151,4481250
NC_007005.1,SAGE-GI-R,4519951,4554550
NC_007005.1,SAGE-GI-R,4587551,4598850
NC_007005.1,SAGE-GI-R,4732351,4760850
NC_007005.1,SAGE-GI-R,4784351,4830850
NC_007005.1,SAGE-GI-R,4888751,4936650
NC_007005.1,SAGE-GI-R,4966851,5013550
NC_007005.1,SAGE-GI-R,5042051,5067350
NC_007005.1,SAGE-GI-R,5101651,5119650
NC_007005.1,SAGE-GI-R,5130551,5179550
NC_007005.1,SAGE-GI-R,5277451,5294750
NC_007005.1,SAGE-GI-R,5331451,5452450
NC_007005.1,SAGE-GI-R,5493351,5521050
NC_007005.1,SAGE-GI-R,5592851,5631250
NC_007005.1,SAGE-GI-R,5655051,5672750
NC_007005.1,SAGE-GI-R,5762951,5792350
NC_007005.1,SAGE-GI-R,5812151,5845550
NC_007005.1,SAGE-GI-R,5889351,5933550
NC_007005.1,SAGE-GI-R,5941251,5962550
NC_007005.1,SAGE-GI-R,6060751,6084050
NC_007005.1,Emb-only-R,100451,150950
NC_007005.1,Emb-only-R,172951,185450
NC_007005.1,Emb-only-R,270951,287250
NC_007005.1,Emb-only-R,323051,338050
NC_007005.1,Emb-only-R,399851,413750
NC_007005.1,Emb-only-R,656651,685150
NC_007005.1,Emb-only-R,702751,716550
NC_007005.1,Emb-only-R,767851,795150
NC_007005.1,Emb-only-R,823551,861550
NC_007005.1,Emb-only-R,959251,974150
NC_007005.1,Emb-only-R,1036951,1077150
NC_007005.1,Emb-only-R,1114951,1127150
NC_007005.1,Emb-only-R,1189051,1204350
NC_007005.1,Emb-only-R,1297851,1313950
NC_007005.1,Emb-only-R,1343851,1393150
NC_007005.1,Emb-only-R,1417351,1450550
NC_007005.1,Emb-only-R,1533951,1565850
NC_007005.1,Emb-only-R,1585951,1779850
NC_007005.1,Emb-only-R,1813351,1821550
NC_007005.1,Emb-only-R,1890351,1913450
NC_007005.1,Emb-only-R,1977951,2009850
NC_007005.1,Emb-only-R,2039151,2057850
NC_007005.1,Emb-only-R,2146551,2166150
NC_007005.1,Emb-only-R,2188351,2255250
NC_007005.1,Emb-only-R,2331851,2393650
NC_007005.1,Emb-only-R,2517851,2542050
NC_007005.1,Emb-only-R,2691551,2705350
NC_007005.1,Emb-only-R,2717451,2729850
NC_007005.1,Emb-only-R,3046251,3113750
NC_007005.1,Emb-only-R,3124851,3159250
NC_007005.1,Emb-only-R,3169851,3285650
NC_007005.1,Emb-only-R,3330051,3431850
NC_007005.1,Emb-only-R,3492051,3525550
NC_007005.1,Emb-only-R,3535751,3549550
NC_007005.1,Emb-only-R,3667751,3678450
NC_007005.1,Emb-only-R,3692651,3715050
NC_007005.1,Emb-only-R,3827551,3866250
NC_007005.1,Emb-only-R,3958551,3991950
NC_007005.1,Emb-only-R,4065851,4086850
NC_007005.1,Emb-only-R,4144751,4155650
NC_007005.1,Emb-only-R,4191651,4215750
NC_007005.1,Emb-only-R,4314751,4331150
NC_007005.1,Emb-only-R,4397551,4446550
NC_007005.1,Emb-only-R,4519251,4554050
NC_007005.1,Emb-only-R,4585651,4599650
NC_007005.1,Emb-only-R,4739551,4769050
NC_007005.1,Emb-only-R,4779051,4830850
NC_007005.1,Emb-only-R,4861051,4869750
NC_007005.1,Emb-only-R,4903151,4918150
NC_007005.1,Emb-only-R,4967451,5011650
NC_007005.1,Emb-only-R,5064551,5080150
NC_007005.1,Emb-only-R,5089451,5179950
NC_007005.1,Emb-only-R,5276251,5292150
NC_007005.1,Emb-only-R,5344851,5441250
NC_007005.1,Emb-only-R,5482751,5521150
NC_007005.1,Emb-only-R,5586751,5610850
NC_007005.1,Emb-only-R,5653851,5670250
NC_007005.1,Emb-only-R,5770751,5791750
NC_007005.1,Emb-only-R,5812851,5845150
NC_007005.1,Emb-only-R,5866951,5878950
NC_007005.1,Emb-only-R,5889351,5963650
NC_007005.1,Emb-only-R,6060151,6088650
NC_007297.1,SAGE-GI-P,18001,87000
NC_007297.1,SAGE-GI-P,439001,457000
NC_007297.1,SAGE-GI-P,983001,1021000
NC_007297.1,SAGE-GI-P,1386001,1426000
NC_007297.1,Emb-only-P,18001,86000
NC_007297.1,Emb-only-P,439001,457000
NC_007297.1,Emb-only-P,983001,1021000
NC_007297.1,Emb-only-P,1386001,1426000
NC_007297.1,Emb-only-P,1568001,1613000
NC_007297.1,SAGE-GI-R,4951,104850
NC_007297.1,SAGE-GI-R,145951,165450
NC_007297.1,SAGE-GI-R,232451,244250
NC_007297.1,SAGE-GI-R,256851,298850
NC_007297.1,SAGE-GI-R,343951,367850
NC_007297.1,SAGE-GI-R,393551,406650
NC_007297.1,SAGE-GI-R,432951,461350
NC_007297.1,SAGE-GI-R,542651,569050
NC_007297.1,SAGE-GI-R,609051,626750
NC_007297.1,SAGE-GI-R,751851,774450
NC_007297.1,SAGE-GI-R,800751,835450
NC_007297.1,SAGE-GI-R,925051,940150
NC_007297.1,SAGE-GI-R,982351,1021350
NC_007297.1,SAGE-GI-R,1144551,1176350
NC_007297.1,SAGE-GI-R,1276851,1295250
NC_007297.1,SAGE-GI-R,1310551,1323550
NC_007297.1,SAGE-GI-R,1384251,1439050
NC_007297.1,SAGE-GI-R,1558051,1603450
NC_007297.1,SAGE-GI-R,1633051,1656450
NC_007297.1,SAGE-GI-R,1669451,1701250
NC_007297.1,SAGE-GI-R,1729051,1749350
NC_007297.1,SAGE-GI-R,1784851,1824050
NC_007297.1,Emb-only-R,8951,103350
NC_007297.1,Emb-only-R,152451,174250
NC_007297.1,Emb-only-R,231651,244250
NC_007297.1,Emb-only-R,256351,295950
NC_007297.1,Emb-only-R,348551,365050
NC_007297.1,Emb-only-R,434551,461450
NC_007297.1,Emb-only-R,540851,564750
NC_007297.1,Emb-only-R,608651,625950
NC_007297.1,Emb-only-R,751251,775350
NC_007297.1,Emb-only-R,800151,830450
NC_007297.1,Emb-only-R,922051,937350
NC_007297.1,Emb-only-R,982451,1020850
NC_007297.1,Emb-only-R,1142751,1176350
NC_007297.1,Emb-only-R,1275551,1295350
NC_007297.1,Emb-only-R,1384251,1448250
NC_007297.1,Emb-only-R,1565451,1603850
NC_007297.1,Emb-only-R,1640551,1656350
NC_007297.1,Emb-only-R,1669551,1698750
NC_007297.1,Emb-only-R,1728251,1749150
NC_007297.1,Emb-only-R,1779551,1824250
NC_007335.2,SAGE-GI-P,9001,34000
NC_007335.2,SAGE-GI-P,860001,898000
NC_007335.2,SAGE-GI-P,930001,941000
NC_007335.2,SAGE-GI-P,1227001,1255000
NC_007335.2,SAGE-GI-P,1575001,1599000
NC_007335.2,SAGE-GI-P,1718001,1742000
NC_007335.2,Emb-only-P,855001,898000
NC_007335.2,Emb-only-P,930001,941000
NC_007335.2,Emb-only-P,1227001,1239000
NC_007335.2,Emb-only-P,1718001,1742000
NC_007335.2,SAGE-GI-R,4951,91650
NC_007335.2,SAGE-GI-R,229851,249450
NC_007335.2,SAGE-GI-R,337151,381150
NC_007335.2,SAGE-GI-R,529351,545150
NC_007335.2,SAGE-GI-R,561451,575150
NC_007335.2,SAGE-GI-R,615351,628350
NC_007335.2,SAGE-GI-R,674551,688850
NC_007335.2,SAGE-GI-R,742551,768850
NC_007335.2,SAGE-GI-R,784351,800750
NC_007335.2,SAGE-GI-R,815951,959350
NC_007335.2,SAGE-GI-R,1103651,1118950
NC_007335.2,SAGE-GI-R,1200451,1264950
NC_007335.2,SAGE-GI-R,1283551,1300950
NC_007335.2,SAGE-GI-R,1321151,1334050
NC_007335.2,SAGE-GI-R,1451651,1459650
NC_007335.2,SAGE-GI-R,1493851,1532150
NC_007335.2,SAGE-GI-R,1575751,1648150
NC_007335.2,SAGE-GI-R,1671751,1687050
NC_007335.2,SAGE-GI-R,1703651,1744650
NC_007335.2,Emb-only-R,4951,21950
NC_007335.2,Emb-only-R,28051,93050
NC_007335.2,Emb-only-R,126751,134750
NC_007335.2,Emb-only-R,215151,235650
NC_007335.2,Emb-only-R,336451,351650
NC_007335.2,Emb-only-R,365051,382250
NC_007335.2,Emb-only-R,524851,544250
NC_007335.2,Emb-only-R,674551,687150
NC_007335.2,Emb-only-R,745651,770250
NC_007335.2,Emb-only-R,810851,958950
NC_007335.2,Emb-only-R,999951,1014350
NC_007335.2,Emb-only-R,1100751,1118150
NC_007335.2,Emb-only-R,1204651,1259250
NC_007335.2,Emb-only-R,1295351,1304250
NC_007335.2,Emb-only-R,1311151,1334050
NC_007335.2,Emb-only-R,1489951,1530250
NC_007335.2,Emb-only-R,1575851,1652150
NC_007335.2,Emb-only-R,1671251,1745550
NC_007335.2,Emb-only-R,1829351,1837850
NC_007432.1,SAGE-GI-P,16001,98000
NC_007432.1,SAGE-GI-P,542001,587000
NC_007432.1,SAGE-GI-P,657001,695000
NC_007432.1,Emb-only-P,16001,98000
NC_007432.1,Emb-only-P,542001,587000
NC_007432.1,Emb-only-P,657001,698000
NC_007432.1,SAGE-GI-R,8251,104450
NC_007432.1,SAGE-GI-R,144151,159350
NC_007432.1,SAGE-GI-R,167151,213550
NC_007432.1,SAGE-GI-R,240751,284150
NC_007432.1,SAGE-GI-R,353651,373650
NC_007432.1,SAGE-GI-R,422751,441450
NC_007432.1,SAGE-GI-R,454951,471350
NC_007432.1,SAGE-GI-R,496151,515050
NC_007432.1,SAGE-GI-R,548751,591050
NC_007432.1,SAGE-GI-R,625751,639850
NC_007432.1,SAGE-GI-R,652051,756550
NC_007432.1,SAGE-GI-R,976251,991750
NC_007432.1,SAGE-GI-R,1009851,1028850
NC_007432.1,SAGE-GI-R,1059251,1080550
NC_007432.1,SAGE-GI-R,1093951,1110250
NC_007432.1,SAGE-GI-R,1169851,1181950
NC_007432.1,SAGE-GI-R,1220251,1232850
NC_007432.1,SAGE-GI-R,1290451,1328550
NC_007432.1,SAGE-GI-R,1418451,1429150
NC_007432.1,SAGE-GI-R,1447151,1496250
NC_007432.1,SAGE-GI-R,1728151,1759550
NC_007432.1,SAGE-GI-R,1779251,1793350
NC_007432.1,SAGE-GI-R,1929051,1967050
NC_007432.1,SAGE-GI-R,1979451,1999950
NC_007432.1,SAGE-GI-R,2070351,2087950
NC_007432.1,Emb-only-R,7851,105650
NC_007432.1,Emb-only-R,166551,223450
NC_007432.1,Emb-only-R,239951,281150
NC_007432.1,Emb-only-R,299851,310950
NC_007432.1,Emb-only-R,349351,370950
NC_007432.1,Emb-only-R,423451,442550
NC_007432.1,Emb-only-R,455451,475850
NC_007432.1,Emb-only-R,494051,508950
NC_007432.1,Emb-only-R,548751,591350
NC_007432.1,Emb-only-R,619951,638150
NC_007432.1,Emb-only-R,652551,757450
NC_007432.1,Emb-only-R,897551,911850
NC_007432.1,Emb-only-R,952651,962750
NC_007432.1,Emb-only-R,978851,990350
NC_007432.1,Emb-only-R,1011551,1035050
NC_007432.1,Emb-only-R,1091051,1108950
NC_007432.1,Emb-only-R,1217351,1229050
NC_007432.1,Emb-only-R,1288351,1337350
NC_007432.1,Emb-only-R,1418151,1430250
NC_007432.1,Emb-only-R,1469951,1491850
NC_007432.1,Emb-only-R,1722651,1761050
NC_007432.1,Emb-only-R,1778851,1794050
NC_007432.1,Emb-only-R,1933651,1968250
NC_007432.1,Emb-only-R,1975651,1998250
NC_007432.1,Emb-only-R,2025951,2038150
NC_007432.1,Emb-only-R,2070551,2088350
NC_007384.1,SAGE-GI-P,233001,290000
NC_007384.1,SAGE-GI-P,1094001,1104000
NC_007384.1,SAGE-GI-P,1328001,1349000
NC_007384.1,SAGE-GI-P,1757951,1770850
NC_007384.1,SAGE-GI-P,2009001,2026000
NC_007384.1,SAGE-GI-P,2546001,2610000
NC_007384.1,SAGE-GI-P,2803001,2846000
NC_007384.1,SAGE-GI-P,2870001,2910000
NC_007384.1,SAGE-GI-P,3596001,3637000
NC_007384.1,SAGE-GI-P,3736001,3782000
NC_007384.1,SAGE-GI-P,4386001,4422000
NC_007384.1,Emb-only-P,233001,290000
NC_007384.1,Emb-only-P,1328001,1349000
NC_007384.1,Emb-only-P,2546001,2610000
NC_007384.1,Emb-only-P,2803001,2846000
NC_007384.1,Emb-only-P,3596001,3637000
NC_007384.1,Emb-only-P,4386001,4431000
NC_007384.1,SAGE-GI-R,14351,29950
NC_007384.1,SAGE-GI-R,96351,143250
NC_007384.1,SAGE-GI-R,154351,167850
NC_007384.1,SAGE-GI-R,180251,191050
NC_007384.1,SAGE-GI-R,233651,297550
NC_007384.1,SAGE-GI-R,339251,348050
NC_007384.1,SAGE-GI-R,370951,382250
NC_007384.1,SAGE-GI-R,432651,456350
NC_007384.1,SAGE-GI-R,541151,557250
NC_007384.1,SAGE-GI-R,683251,700650
NC_007384.1,SAGE-GI-R,722151,745650
NC_007384.1,SAGE-GI-R,758351,792850
NC_007384.1,SAGE-GI-R,829251,859550
NC_007384.1,SAGE-GI-R,924951,962150
NC_007384.1,SAGE-GI-R,974951,992750
NC_007384.1,SAGE-GI-R,1084951,1115650
NC_007384.1,SAGE-GI-R,1141751,1158250
NC_007384.1,SAGE-GI-R,1175151,1187250
NC_007384.1,SAGE-GI-R,1238751,1251350
NC_007384.1,SAGE-GI-R,1325051,1370350
NC_007384.1,SAGE-GI-R,1505451,1517250
NC_007384.1,SAGE-GI-R,1560051,1571550
NC_007384.1,SAGE-GI-R,1655951,1675750
NC_007384.1,SAGE-GI-R,1696551,1716850
NC_007384.1,SAGE-GI-R,1739151,1785050
NC_007384.1,SAGE-GI-R,1860551,1896850
NC_007384.1,SAGE-GI-R,1983951,2027850
NC_007384.1,SAGE-GI-R,2107151,2160850
NC_007384.1,SAGE-GI-R,2224051,2260250
NC_007384.1,SAGE-GI-R,2278851,2289450
NC_007384.1,SAGE-GI-R,2363951,2385550
NC_007384.1,SAGE-GI-R,2460151,2477350
NC_007384.1,SAGE-GI-R,2538651,2610150
NC_007384.1,SAGE-GI-R,2621051,2642850
NC_007384.1,SAGE-GI-R,2664951,2676250
NC_007384.1,SAGE-GI-R,2700951,2719850
NC_007384.1,SAGE-GI-R,2801451,2846950
NC_007384.1,SAGE-GI-R,2868351,2966750
NC_007384.1,SAGE-GI-R,3119251,3132950
NC_007384.1,SAGE-GI-R,3154851,3178650
NC_007384.1,SAGE-GI-R,3234751,3252050
NC_007384.1,SAGE-GI-R,3336651,3353250
NC_007384.1,SAGE-GI-R,3384851,3403050
NC_007384.1,SAGE-GI-R,3481851,3500450
NC_007384.1,SAGE-GI-R,3572751,3641450
NC_007384.1,SAGE-GI-R,3741951,3801250
NC_007384.1,SAGE-GI-R,3868951,3910850
NC_007384.1,SAGE-GI-R,3958351,4012350
NC_007384.1,SAGE-GI-R,4042951,4060950
NC_007384.1,SAGE-GI-R,4082051,4158950
NC_007384.1,SAGE-GI-R,4248651,4265150
NC_007384.1,SAGE-GI-R,4277751,4290550
NC_007384.1,SAGE-GI-R,4338751,4350450
NC_007384.1,SAGE-GI-R,4380151,4436250
NC_007384.1,SAGE-GI-R,4500251,4512250
NC_007384.1,SAGE-GI-R,4529251,4545050
NC_007384.1,SAGE-GI-R,4567451,4597150
NC_007384.1,SAGE-GI-R,4621551,4637650
NC_007384.1,SAGE-GI-R,4697951,4713250
NC_007384.1,SAGE-GI-R,4727151,4764750
NC_007384.1,Emb-only-R,12651,28350
NC_007384.1,Emb-only-R,123451,141850
NC_007384.1,Emb-only-R,155051,166850
NC_007384.1,Emb-only-R,233651,299050
NC_007384.1,Emb-only-R,436351,458550
NC_007384.1,Emb-only-R,540251,557450
NC_007384.1,Emb-only-R,676451,700750
NC_007384.1,Emb-only-R,733751,745550
NC_007384.1,Emb-only-R,758151,792450
NC_007384.1,Emb-only-R,829251,854450
NC_007384.1,Emb-only-R,925651,939950
NC_007384.1,Emb-only-R,968951,977850
NC_007384.1,Emb-only-R,1083851,1110150
NC_007384.1,Emb-only-R,1141551,1158050
NC_007384.1,Emb-only-R,1237151,1252350
NC_007384.1,Emb-only-R,1325851,1371150
NC_007384.1,Emb-only-R,1502151,1520250
NC_007384.1,Emb-only-R,1655151,1677450
NC_007384.1,Emb-only-R,1696551,1717750
NC_007384.1,Emb-only-R,1762651,1785350
NC_007384.1,Emb-only-R,1857351,1901250
NC_007384.1,Emb-only-R,1984051,2027750
NC_007384.1,Emb-only-R,2112651,2155650
NC_007384.1,Emb-only-R,2246951,2260550
NC_007384.1,Emb-only-R,2381151,2393750
NC_007384.1,Emb-only-R,2460151,2476050
NC_007384.1,Emb-only-R,2538451,2641950
NC_007384.1,Emb-only-R,2699851,2719250
NC_007384.1,Emb-only-R,2801151,2851750
NC_007384.1,Emb-only-R,2868651,2965050
NC_007384.1,Emb-only-R,3154551,3178050
NC_007384.1,Emb-only-R,3233551,3255350
NC_007384.1,Emb-only-R,3336551,3352450
NC_007384.1,Emb-only-R,3385151,3400650
NC_007384.1,Emb-only-R,3481151,3502150
NC_007384.1,Emb-only-R,3570251,3641950
NC_007384.1,Emb-only-R,3743751,3801450
NC_007384.1,Emb-only-R,3872351,3918950
NC_007384.1,Emb-only-R,3960751,4012450
NC_007384.1,Emb-only-R,4043051,4058950
NC_007384.1,Emb-only-R,4082251,4160350
NC_007384.1,Emb-only-R,4248851,4264950
NC_007384.1,Emb-only-R,4274951,4290650
NC_007384.1,Emb-only-R,4380351,4440250
NC_007384.1,Emb-only-R,4526751,4544250
NC_007384.1,Emb-only-R,4568251,4597150
NC_007384.1,Emb-only-R,4620751,4639150
NC_007384.1,Emb-only-R,4697651,4713950
NC_007384.1,Emb-only-R,4726651,4767050
NC_007434.1,SAGE-GI-P,793001,806000
NC_007434.1,SAGE-GI-P,1321001,1358000
NC_007434.1,SAGE-GI-P,1717001,1863000
NC_007434.1,SAGE-GI-P,1928001,1941000
NC_007434.1,SAGE-GI-P,2391001,2510000
NC_007434.1,SAGE-GI-P,3594001,3620000
NC_007434.1,SAGE-GI-P,3976001,4020000
NC_007434.1,SAGE-GI-P,4090001,4124000
NC_007434.1,Emb-only-P,793001,806000
NC_007434.1,Emb-only-P,1321001,1358000
NC_007434.1,Emb-only-P,1717001,1863000
NC_007434.1,Emb-only-P,1928001,1941000
NC_007434.1,Emb-only-P,2391001,2510000
NC_007434.1,Emb-only-P,3594001,3620000
NC_007434.1,Emb-only-P,3976001,4020000
NC_007434.1,Emb-only-P,4090001,4124000
NC_007434.1,SAGE-GI-R,4951,14350
NC_007434.1,SAGE-GI-R,81251,97950
NC_007434.1,SAGE-GI-R,114751,131650
NC_007434.1,SAGE-GI-R,178651,203650
NC_007434.1,SAGE-GI-R,299451,335450
NC_007434.1,SAGE-GI-R,345451,359350
NC_007434.1,SAGE-GI-R,470751,484450
NC_007434.1,SAGE-GI-R,553751,568350
NC_007434.1,SAGE-GI-R,682751,693150
NC_007434.1,SAGE-GI-R,770651,827650
NC_007434.1,SAGE-GI-R,1001451,1031150
NC_007434.1,SAGE-GI-R,1150251,1170350
NC_007434.1,SAGE-GI-R,1314651,1368450
NC_007434.1,SAGE-GI-R,1405351,1419750
NC_007434.1,SAGE-GI-R,1468651,1478150
NC_007434.1,SAGE-GI-R,1504351,1555650
NC_007434.1,SAGE-GI-R,1574951,1588050
NC_007434.1,SAGE-GI-R,1596751,1610250
NC_007434.1,SAGE-GI-R,1706051,1956250
NC_007434.1,SAGE-GI-R,2047051,2117250
NC_007434.1,SAGE-GI-R,2190051,2219750
NC_007434.1,SAGE-GI-R,2247451,2278750
NC_007434.1,SAGE-GI-R,2291051,2316450
NC_007434.1,SAGE-GI-R,2347551,2512350
NC_007434.1,SAGE-GI-R,2672051,2687250
NC_007434.1,SAGE-GI-R,2741851,2772750
NC_007434.1,SAGE-GI-R,2810451,2832550
NC_007434.1,SAGE-GI-R,2942451,2969550
NC_007434.1,SAGE-GI-R,3030851,3094450
NC_007434.1,SAGE-GI-R,3350351,3372050
NC_007434.1,SAGE-GI-R,3455451,3502250
NC_007434.1,SAGE-GI-R,3551451,3565650
NC_007434.1,SAGE-GI-R,3586951,3622550
NC_007434.1,SAGE-GI-R,3743551,3758050
NC_007434.1,SAGE-GI-R,3858851,3893550
NC_007434.1,SAGE-GI-R,3940751,3952750
NC_007434.1,SAGE-GI-R,3964851,4024550
NC_007434.1,SAGE-GI-R,4085051,4121250
NC_007434.1,Emb-only-R,4951,13150
NC_007434.1,Emb-only-R,33751,50250
NC_007434.1,Emb-only-R,82451,97050
NC_007434.1,Emb-only-R,114251,133150
NC_007434.1,Emb-only-R,177851,204750
NC_007434.1,Emb-only-R,228151,244950
NC_007434.1,Emb-only-R,300051,335250
NC_007434.1,Emb-only-R,345551,360650
NC_007434.1,Emb-only-R,471051,484350
NC_007434.1,Emb-only-R,553751,568550
NC_007434.1,Emb-only-R,681651,696150
NC_007434.1,Emb-only-R,766451,825950
NC_007434.1,Emb-only-R,887251,905050
NC_007434.1,Emb-only-R,1004351,1031250
NC_007434.1,Emb-only-R,1314751,1367250
NC_007434.1,Emb-only-R,1405051,1420950
NC_007434.1,Emb-only-R,1504751,1556350
NC_007434.1,Emb-only-R,1709851,1962150
NC_007434.1,Emb-only-R,2047351,2115450
NC_007434.1,Emb-only-R,2189851,2202650
NC_007434.1,Emb-only-R,2262651,2278850
NC_007434.1,Emb-only-R,2290951,2317350
NC_007434.1,Emb-only-R,2346651,2512050
NC_007434.1,Emb-only-R,2610451,2619150
NC_007434.1,Emb-only-R,2672451,2687550
NC_007434.1,Emb-only-R,2754351,2774650
NC_007434.1,Emb-only-R,2809751,2828550
NC_007434.1,Emb-only-R,2943651,2976550
NC_007434.1,Emb-only-R,3028751,3095950
NC_007434.1,Emb-only-R,3222451,3232550
NC_007434.1,Emb-only-R,3256651,3278550
NC_007434.1,Emb-only-R,3352951,3388950
NC_007434.1,Emb-only-R,3455351,3502150
NC_007434.1,Emb-only-R,3586851,3622850
NC_007434.1,Emb-only-R,3742551,3760250
NC_007434.1,Emb-only-R,3875351,3892750
NC_007434.1,Emb-only-R,3942851,3952950
NC_007434.1,Emb-only-R,3965651,4043650
NC_007434.1,Emb-only-R,4083951,4121250
NC_007510.1,SAGE-GI-P,7001,28000
NC_007510.1,SAGE-GI-P,293001,336000
NC_007510.1,SAGE-GI-P,413001,442000
NC_007510.1,SAGE-GI-P,766001,784000
NC_007510.1,SAGE-GI-P,892001,927000
NC_007510.1,SAGE-GI-P,1924001,2026000
NC_007510.1,SAGE-GI-P,2646551,2660250
NC_007510.1,SAGE-GI-P,3343001,3364000
NC_007510.1,Emb-only-P,7001,28000
NC_007510.1,Emb-only-P,293001,336000
NC_007510.1,Emb-only-P,413001,442000
NC_007510.1,Emb-only-P,766001,784000
NC_007510.1,Emb-only-P,892001,927000
NC_007510.1,Emb-only-P,1924001,2026000
NC_007510.1,Emb-only-P,2648151,2658150
NC_007510.1,Emb-only-P,3343001,3364000
NC_007510.1,SAGE-GI-R,4951,38450
NC_007510.1,SAGE-GI-R,51251,64050
NC_007510.1,SAGE-GI-R,100951,130050
NC_007510.1,SAGE-GI-R,190551,216650
NC_007510.1,SAGE-GI-R,287851,340150
NC_007510.1,SAGE-GI-R,394051,446650
NC_007510.1,SAGE-GI-R,497951,536250
NC_007510.1,SAGE-GI-R,646851,665250
NC_007510.1,SAGE-GI-R,761851,806650
NC_007510.1,SAGE-GI-R,854351,930050
NC_007510.1,SAGE-GI-R,945151,960050
NC_007510.1,SAGE-GI-R,977351,992450
NC_007510.1,SAGE-GI-R,1021951,1046550
NC_007510.1,SAGE-GI-R,1103251,1111350
NC_007510.1,SAGE-GI-R,1225051,1234350
NC_007510.1,SAGE-GI-R,1243851,1275250
NC_007510.1,SAGE-GI-R,1296151,1335850
NC_007510.1,SAGE-GI-R,1487451,1504450
NC_007510.1,SAGE-GI-R,1595151,1659550
NC_007510.1,SAGE-GI-R,1699251,1715350
NC_007510.1,SAGE-GI-R,1740951,1806350
NC_007510.1,SAGE-GI-R,1871751,1883150
NC_007510.1,SAGE-GI-R,1903651,2052050
NC_007510.1,SAGE-GI-R,2089051,2105750
NC_007510.1,SAGE-GI-R,2118951,2130950
NC_007510.1,SAGE-GI-R,2217351,2228950
NC_007510.1,SAGE-GI-R,2271851,2302050
NC_007510.1,SAGE-GI-R,2368851,2386950
NC_007510.1,SAGE-GI-R,2428351,2465350
NC_007510.1,SAGE-GI-R,2595251,2681250
NC_007510.1,SAGE-GI-R,2715651,2746550
NC_007510.1,SAGE-GI-R,2762751,2780050
NC_007510.1,SAGE-GI-R,2801551,2824550
NC_007510.1,SAGE-GI-R,2918151,2931950
NC_007510.1,SAGE-GI-R,2964051,2987850
NC_007510.1,SAGE-GI-R,3097851,3120250
NC_007510.1,SAGE-GI-R,3238351,3258650
NC_007510.1,SAGE-GI-R,3316551,3328450
NC_007510.1,SAGE-GI-R,3341751,3385450
NC_007510.1,SAGE-GI-R,3471351,3490350
NC_007510.1,SAGE-GI-R,3512251,3543150
NC_007510.1,Emb-only-R,4951,38150
NC_007510.1,Emb-only-R,49251,65750
NC_007510.1,Emb-only-R,100651,132050
NC_007510.1,Emb-only-R,182451,217950
NC_007510.1,Emb-only-R,288551,340050
NC_007510.1,Emb-only-R,387351,447050
NC_007510.1,Emb-only-R,494951,518450
NC_007510.1,Emb-only-R,648251,663850
NC_007510.1,Emb-only-R,761851,807650
NC_007510.1,Emb-only-R,850251,929950
NC_007510.1,Emb-only-R,945551,959850
NC_007510.1,Emb-only-R,975951,993650
NC_007510.1,Emb-only-R,1021751,1048550
NC_007510.1,Emb-only-R,1101951,1109950
NC_007510.1,Emb-only-R,1223851,1235050
NC_007510.1,Emb-only-R,1269351,1283850
NC_007510.1,Emb-only-R,1291751,1338950
NC_007510.1,Emb-only-R,1595151,1659950
NC_007510.1,Emb-only-R,1683451,1715050
NC_007510.1,Emb-only-R,1739251,1778250
NC_007510.1,Emb-only-R,1791151,1808650
NC_007510.1,Emb-only-R,1871651,1893450
NC_007510.1,Emb-only-R,1901951,2051250
NC_007510.1,Emb-only-R,2088151,2131150
NC_007510.1,Emb-only-R,2218351,2236650
NC_007510.1,Emb-only-R,2271551,2302750
NC_007510.1,Emb-only-R,2436251,2466750
NC_007510.1,Emb-only-R,2494651,2516350
NC_007510.1,Emb-only-R,2595551,2614150
NC_007510.1,Emb-only-R,2623351,2676950
NC_007510.1,Emb-only-R,2716651,2743850
NC_007510.1,Emb-only-R,2805351,2826850
NC_007510.1,Emb-only-R,2920151,2930750
NC_007510.1,Emb-only-R,2962151,2987550
NC_007510.1,Emb-only-R,3098951,3119950
NC_007510.1,Emb-only-R,3189751,3201550
NC_007510.1,Emb-only-R,3268551,3281250
NC_007510.1,Emb-only-R,3313551,3328950
NC_007510.1,Emb-only-R,3341451,3370350
NC_007510.1,Emb-only-R,3524251,3540550
NC_007510.1,Emb-only-R,3654251,3664650
NC_007530.2,SAGE-GI-P,4951,18650
NC_007530.2,SAGE-GI-P,82001,171000
NC_007530.2,SAGE-GI-P,245001,295000
NC_007530.2,SAGE-GI-P,462001,480000
NC_007530.2,SAGE-GI-P,1519001,1539000
NC_007530.2,SAGE-GI-P,1594001,1614000
NC_007530.2,SAGE-GI-P,2869001,2920000
NC_007530.2,SAGE-GI-P,3014001,3057000
NC_007530.2,SAGE-GI-P,3456001,3499000
NC_007530.2,SAGE-GI-P,3751001,3781000
NC_007530.2,Emb-only-P,4951,18450
NC_007530.2,Emb-only-P,82001,171000
NC_007530.2,Emb-only-P,245001,295000
NC_007530.2,Emb-only-P,462001,480000
NC_007530.2,Emb-only-P,1519001,1539000
NC_007530.2,Emb-only-P,2869001,2928000
NC_007530.2,Emb-only-P,3014001,3057000
NC_007530.2,Emb-only-P,3456001,3499000
NC_007530.2,Emb-only-P,3751001,3781000
NC_007530.2,Emb-only-P,4834001,4855000
NC_007530.2,Emb-only-P,5004551,5015450
NC_007530.2,SAGE-GI-R,4951,48650
NC_007530.2,SAGE-GI-R,60351,174050
NC_007530.2,SAGE-GI-R,230351,305550
NC_007530.2,SAGE-GI-R,375751,386850
NC_007530.2,SAGE-GI-R,449751,483550
NC_007530.2,SAGE-GI-R,525951,564250
NC_007530.2,SAGE-GI-R,597851,620350
NC_007530.2,SAGE-GI-R,701651,761750
NC_007530.2,SAGE-GI-R,779251,822550
NC_007530.2,SAGE-GI-R,844351,856950
NC_007530.2,SAGE-GI-R,872451,910350
NC_007530.2,SAGE-GI-R,932551,1009350
NC_007530.2,SAGE-GI-R,1020551,1061750
NC_007530.2,SAGE-GI-R,1068851,1085050
NC_007530.2,SAGE-GI-R,1104251,1112350
NC_007530.2,SAGE-GI-R,1137751,1156250
NC_007530.2,SAGE-GI-R,1180751,1190850
NC_007530.2,SAGE-GI-R,1208051,1242050
NC_007530.2,SAGE-GI-R,1333751,1358050
NC_007530.2,SAGE-GI-R,1513751,1541950
NC_007530.2,SAGE-GI-R,1565351,1622450
NC_007530.2,SAGE-GI-R,1824551,1860250
NC_007530.2,SAGE-GI-R,2041651,2067050
NC_007530.2,SAGE-GI-R,2143251,2186450
NC_007530.2,SAGE-GI-R,2203651,2222350
NC_007530.2,SAGE-GI-R,2273151,2295350
NC_007530.2,SAGE-GI-R,2320251,2366550
NC_007530.2,SAGE-GI-R,2387951,2410050
NC_007530.2,SAGE-GI-R,2461951,2545950
NC_007530.2,SAGE-GI-R,2717151,2735550
NC_007530.2,SAGE-GI-R,2870551,2927050
NC_007530.2,SAGE-GI-R,2956051,2974950
NC_007530.2,SAGE-GI-R,2992351,3058950
NC_007530.2,SAGE-GI-R,3199951,3213950
NC_007530.2,SAGE-GI-R,3265351,3283950
NC_007530.2,SAGE-GI-R,3297351,3321950
NC_007530.2,SAGE-GI-R,3418351,3431950
NC_007530.2,SAGE-GI-R,3457051,3521550
NC_007530.2,SAGE-GI-R,3563951,3575150
NC_007530.2,SAGE-GI-R,3654951,3666750
NC_007530.2,SAGE-GI-R,3700651,3713550
NC_007530.2,SAGE-GI-R,3748951,3799650
NC_007530.2,SAGE-GI-R,3822151,3833750
NC_007530.2,SAGE-GI-R,4340251,4357350
NC_007530.2,SAGE-GI-R,4367251,4383250
NC_007530.2,SAGE-GI-R,4455251,4467250
NC_007530.2,SAGE-GI-R,4481951,4492350
NC_007530.2,SAGE-GI-R,4511051,4530850
NC_007530.2,SAGE-GI-R,4606351,4625250
NC_007530.2,SAGE-GI-R,4633751,4661450
NC_007530.2,SAGE-GI-R,4679551,4697750
NC_007530.2,SAGE-GI-R,4807151,4866350
NC_007530.2,SAGE-GI-R,4883951,4900350
NC_007530.2,SAGE-GI-R,4954151,5041450
NC_007530.2,SAGE-GI-R,5077951,5101050
NC_007530.2,SAGE-GI-R,5157151,5176150
NC_007530.2,Emb-only-R,4951,50650
NC_007530.2,Emb-only-R,56951,174350
NC_007530.2,Emb-only-R,199951,208550
NC_007530.2,Emb-only-R,232751,305250
NC_007530.2,Emb-only-R,375451,395650
NC_007530.2,Emb-only-R,443951,482750
NC_007530.2,Emb-only-R,525751,563850
NC_007530.2,Emb-only-R,599151,625750
NC_007530.2,Emb-only-R,698551,763550
NC_007530.2,Emb-only-R,783851,798150
NC_007530.2,Emb-only-R,838951,855450
NC_007530.2,Emb-only-R,894251,907050
NC_007530.2,Emb-only-R,933651,1009750
NC_007530.2,Emb-only-R,1021751,1038950
NC_007530.2,Emb-only-R,1067451,1085650
NC_007530.2,Emb-only-R,1209551,1237250
NC_007530.2,Emb-only-R,1342351,1355250
NC_007530.2,Emb-only-R,1516651,1541850
NC_007530.2,Emb-only-R,1567951,1587150
NC_007530.2,Emb-only-R,1598851,1613950
NC_007530.2,Emb-only-R,1816251,1826950
NC_007530.2,Emb-only-R,2042951,2065850
NC_007530.2,Emb-only-R,2145951,2220750
NC_007530.2,Emb-only-R,2272651,2289550
NC_007530.2,Emb-only-R,2320151,2331650
NC_007530.2,Emb-only-R,2346951,2367550
NC_007530.2,Emb-only-R,2388551,2408250
NC_007530.2,Emb-only-R,2464151,2544750
NC_007530.2,Emb-only-R,2780251,2793550
NC_007530.2,Emb-only-R,2868351,2939250
NC_007530.2,Emb-only-R,2956851,2975350
NC_007530.2,Emb-only-R,2987951,3058950
NC_007530.2,Emb-only-R,3121851,3133650
NC_007530.2,Emb-only-R,3175651,3216750
NC_007530.2,Emb-only-R,3263751,3282650
NC_007530.2,Emb-only-R,3298851,3322050
NC_007530.2,Emb-only-R,3402351,3432150
NC_007530.2,Emb-only-R,3458851,3519950
NC_007530.2,Emb-only-R,3557451,3572850
NC_007530.2,Emb-only-R,3700451,3714350
NC_007530.2,Emb-only-R,3748451,3788150
NC_007530.2,Emb-only-R,3793951,3805250
NC_007530.2,Emb-only-R,3821151,3833650
NC_007530.2,Emb-only-R,3848951,3857250
NC_007530.2,Emb-only-R,4306051,4332450
NC_007530.2,Emb-only-R,4354851,4380050
NC_007530.2,Emb-only-R,4482051,4492050
NC_007530.2,Emb-only-R,4509851,4528050
NC_007530.2,Emb-only-R,4606851,4620150
NC_007530.2,Emb-only-R,4635351,4661550
NC_007530.2,Emb-only-R,4673951,4695050
NC_007530.2,Emb-only-R,4716451,4728050
NC_007530.2,Emb-only-R,4808251,4869350
NC_007530.2,Emb-only-R,4956851,5047050
NC_007530.2,Emb-only-R,5084251,5107550
NC_007530.2,Emb-only-R,5159351,5173450
NC_007606.1,SAGE-GI-P,2349001,2364000
NC_007606.1,SAGE-GI-P,3205001,3243000
NC_007606.1,SAGE-GI-P,3453001,3492000
NC_007606.1,SAGE-GI-P,3724001,3787000
NC_007606.1,Emb-only-P,951001,978000
NC_007606.1,Emb-only-P,2349001,2364000
NC_007606.1,Emb-only-P,3205001,3243000
NC_007606.1,Emb-only-P,3453001,3492000
NC_007606.1,Emb-only-P,3724001,3787000
NC_007606.1,SAGE-GI-R,5351,19550
NC_007606.1,SAGE-GI-R,48351,73050
NC_007606.1,SAGE-GI-R,109951,177050
NC_007606.1,SAGE-GI-R,211651,266550
NC_007606.1,SAGE-GI-R,271951,291150
NC_007606.1,SAGE-GI-R,394051,421550
NC_007606.1,SAGE-GI-R,478751,491550
NC_007606.1,SAGE-GI-R,550251,568150
NC_007606.1,SAGE-GI-R,590951,606650
NC_007606.1,SAGE-GI-R,620851,657250
NC_007606.1,SAGE-GI-R,673251,684550
NC_007606.1,SAGE-GI-R,716551,728950
NC_007606.1,SAGE-GI-R,777851,802850
NC_007606.1,SAGE-GI-R,832651,851650
NC_007606.1,SAGE-GI-R,904651,916850
NC_007606.1,SAGE-GI-R,950351,977450
NC_007606.1,SAGE-GI-R,989351,1021850
NC_007606.1,SAGE-GI-R,1070351,1088850
NC_007606.1,SAGE-GI-R,1112251,1120650
NC_007606.1,SAGE-GI-R,1184651,1223350
NC_007606.1,SAGE-GI-R,1273651,1294150
NC_007606.1,SAGE-GI-R,1320351,1355050
NC_007606.1,SAGE-GI-R,1450851,1461850
NC_007606.1,SAGE-GI-R,1519051,1543350
NC_007606.1,SAGE-GI-R,1639551,1647750
NC_007606.1,SAGE-GI-R,1732251,1759350
NC_007606.1,SAGE-GI-R,1782551,1795250
NC_007606.1,SAGE-GI-R,1808051,1822750
NC_007606.1,SAGE-GI-R,1872451,1887450
NC_007606.1,SAGE-GI-R,1968451,1987050
NC_007606.1,SAGE-GI-R,1996651,2022250
NC_007606.1,SAGE-GI-R,2039351,2058450
NC_007606.1,SAGE-GI-R,2128651,2143650
NC_007606.1,SAGE-GI-R,2162851,2177050
NC_007606.1,SAGE-GI-R,2203351,2212550
NC_007606.1,SAGE-GI-R,2221751,2240150
NC_007606.1,SAGE-GI-R,2267451,2289550
NC_007606.1,SAGE-GI-R,2345951,2400650
NC_007606.1,SAGE-GI-R,2458851,2469750
NC_007606.1,SAGE-GI-R,2550751,2565850
NC_007606.1,SAGE-GI-R,2578251,2592250
NC_007606.1,SAGE-GI-R,2616351,2650250
NC_007606.1,SAGE-GI-R,2691351,2703850
NC_007606.1,SAGE-GI-R,2720151,2731550
NC_007606.1,SAGE-GI-R,2807051,2820150
NC_007606.1,SAGE-GI-R,2869451,2881850
NC_007606.1,SAGE-GI-R,2898851,2923250
NC_007606.1,SAGE-GI-R,3061951,3079750
NC_007606.1,SAGE-GI-R,3095551,3109350
NC_007606.1,SAGE-GI-R,3201851,3245350
NC_007606.1,SAGE-GI-R,3268151,3283350
NC_007606.1,SAGE-GI-R,3341951,3370350
NC_007606.1,SAGE-GI-R,3416251,3429150
NC_007606.1,SAGE-GI-R,3440351,3454650
NC_007606.1,SAGE-GI-R,3465751,3496550
NC_007606.1,SAGE-GI-R,3531451,3543350
NC_007606.1,SAGE-GI-R,3612251,3629350
NC_007606.1,SAGE-GI-R,3709151,3810150
NC_007606.1,SAGE-GI-R,3839251,3864750
NC_007606.1,SAGE-GI-R,3880251,3892750
NC_007606.1,SAGE-GI-R,3925951,3967250
NC_007606.1,SAGE-GI-R,3993651,4038350
NC_007606.1,SAGE-GI-R,4125951,4211550
NC_007606.1,SAGE-GI-R,4290251,4315450
NC_007606.1,SAGE-GI-R,4351151,4361650
NC_007606.1,Emb-only-R,50951,75350
NC_007606.1,Emb-only-R,135851,165050
NC_007606.1,Emb-only-R,220851,234850
NC_007606.1,Emb-only-R,248551,266650
NC_007606.1,Emb-only-R,271751,315950
NC_007606.1,Emb-only-R,395751,418650
NC_007606.1,Emb-only-R,446351,460050
NC_007606.1,Emb-only-R,478751,489350
NC_007606.1,Emb-only-R,534751,569050
NC_007606.1,Emb-only-R,590151,608250
NC_007606.1,Emb-only-R,618751,657550
NC_007606.1,Emb-only-R,670851,682950
NC_007606.1,Emb-only-R,714451,729950
NC_007606.1,Emb-only-R,774951,807650
NC_007606.1,Emb-only-R,902551,917250
NC_007606.1,Emb-only-R,949951,1009350
NC_007606.1,Emb-only-R,1019351,1032150
NC_007606.1,Emb-only-R,1070051,1084750
NC_007606.1,Emb-only-R,1111251,1120150
NC_007606.1,Emb-only-R,1185451,1220550
NC_007606.1,Emb-only-R,1278351,1308050
NC_007606.1,Emb-only-R,1324951,1357850
NC_007606.1,Emb-only-R,1447851,1472250
NC_007606.1,Emb-only-R,1499151,1536950
NC_007606.1,Emb-only-R,1545151,1559650
NC_007606.1,Emb-only-R,1599351,1612350
NC_007606.1,Emb-only-R,1638651,1652250
NC_007606.1,Emb-only-R,1743651,1760050
NC_007606.1,Emb-only-R,1807251,1823150
NC_007606.1,Emb-only-R,1967751,1988950
NC_007606.1,Emb-only-R,1994751,2022150
NC_007606.1,Emb-only-R,2132651,2149850
NC_007606.1,Emb-only-R,2224151,2245250
NC_007606.1,Emb-only-R,2267451,2288250
NC_007606.1,Emb-only-R,2347551,2398550
NC_007606.1,Emb-only-R,2455551,2466650
NC_007606.1,Emb-only-R,2550651,2567450
NC_007606.1,Emb-only-R,2575451,2592450
NC_007606.1,Emb-only-R,2616651,2650650
NC_007606.1,Emb-only-R,2689451,2705050
NC_007606.1,Emb-only-R,2869551,2882350
NC_007606.1,Emb-only-R,2899351,2923950
NC_007606.1,Emb-only-R,3061751,3076250
NC_007606.1,Emb-only-R,3096051,3109350
NC_007606.1,Emb-only-R,3202051,3246050
NC_007606.1,Emb-only-R,3267551,3281250
NC_007606.1,Emb-only-R,3342351,3365950
NC_007606.1,Emb-only-R,3417951,3428350
NC_007606.1,Emb-only-R,3440351,3496150
NC_007606.1,Emb-only-R,3532251,3542950
NC_007606.1,Emb-only-R,3582651,3598550
NC_007606.1,Emb-only-R,3613251,3629650
NC_007606.1,Emb-only-R,3710551,3814750
NC_007606.1,Emb-only-R,3845951,3865550
NC_007606.1,Emb-only-R,3922251,3967850
NC_007606.1,Emb-only-R,3991951,4037150
NC_007606.1,Emb-only-R,4126051,4206850
NC_007606.1,Emb-only-R,4284551,4316950
NC_007606.1,Emb-only-R,4354251,4364250
NC_007613.1,SAGE-GI-P,656001,669000
NC_007613.1,SAGE-GI-P,766951,787550
NC_007613.1,SAGE-GI-P,1358001,1368000
NC_007613.1,SAGE-GI-P,1590001,1641000
NC_007613.1,SAGE-GI-P,3270001,3313000
NC_007613.1,SAGE-GI-P,3603001,3649000
NC_007613.1,SAGE-GI-P,4025001,4072000
NC_007613.1,SAGE-GI-P,4210001,4229000
NC_007613.1,SAGE-GI-P,4395001,4419000
NC_007613.1,Emb-only-P,656001,669000
NC_007613.1,Emb-only-P,1358001,1381000
NC_007613.1,Emb-only-P,1590001,1641000
NC_007613.1,Emb-only-P,3270001,3313000
NC_007613.1,Emb-only-P,3603001,3649000
NC_007613.1,Emb-only-P,4025001,4072000
NC_007613.1,Emb-only-P,4185001,4229000
NC_007613.1,Emb-only-P,4395001,4419000
NC_007613.1,SAGE-GI-R,76751,90750
NC_007613.1,SAGE-GI-R,109251,120250
NC_007613.1,SAGE-GI-R,202951,221450
NC_007613.1,SAGE-GI-R,230951,265550
NC_007613.1,SAGE-GI-R,332651,352150
NC_007613.1,SAGE-GI-R,413151,431550
NC_007613.1,SAGE-GI-R,503851,516150
NC_007613.1,SAGE-GI-R,576151,591550
NC_007613.1,SAGE-GI-R,618051,629650
NC_007613.1,SAGE-GI-R,642751,668950
NC_007613.1,SAGE-GI-R,702751,717050
NC_007613.1,SAGE-GI-R,762451,793850
NC_007613.1,SAGE-GI-R,868651,900250
NC_007613.1,SAGE-GI-R,930751,950550
NC_007613.1,SAGE-GI-R,961751,1010950
NC_007613.1,SAGE-GI-R,1037651,1080050
NC_007613.1,SAGE-GI-R,1181751,1228150
NC_007613.1,SAGE-GI-R,1246651,1258450
NC_007613.1,SAGE-GI-R,1346751,1389650
NC_007613.1,SAGE-GI-R,1434051,1448050
NC_007613.1,SAGE-GI-R,1535551,1563250
NC_007613.1,SAGE-GI-R,1601951,1626250
NC_007613.1,SAGE-GI-R,1675651,1706950
NC_007613.1,SAGE-GI-R,1805351,1819250
NC_007613.1,SAGE-GI-R,1894451,1911550
NC_007613.1,SAGE-GI-R,1985451,2004250
NC_007613.1,SAGE-GI-R,2032351,2075050
NC_007613.1,SAGE-GI-R,2092551,2109250
NC_007613.1,SAGE-GI-R,2160851,2202250
NC_007613.1,SAGE-GI-R,2295851,2315650
NC_007613.1,SAGE-GI-R,2372851,2399050
NC_007613.1,SAGE-GI-R,2411351,2429450
NC_007613.1,SAGE-GI-R,2452551,2462550
NC_007613.1,SAGE-GI-R,2622151,2635350
NC_007613.1,SAGE-GI-R,2657151,2667250
NC_007613.1,SAGE-GI-R,2710151,2728950
NC_007613.1,SAGE-GI-R,2762551,2776550
NC_007613.1,SAGE-GI-R,2839251,2870150
NC_007613.1,SAGE-GI-R,2906251,2914650
NC_007613.1,SAGE-GI-R,2933151,2948350
NC_007613.1,SAGE-GI-R,2981751,2997250
NC_007613.1,SAGE-GI-R,3116151,3136850
NC_007613.1,SAGE-GI-R,3205551,3231350
NC_007613.1,SAGE-GI-R,3264851,3320750
NC_007613.1,SAGE-GI-R,3431351,3483650
NC_007613.1,SAGE-GI-R,3493051,3518250
NC_007613.1,SAGE-GI-R,3599951,3673450
NC_007613.1,SAGE-GI-R,3688951,3722250
NC_007613.1,SAGE-GI-R,3747451,3803350
NC_007613.1,SAGE-GI-R,3884951,3910750
NC_007613.1,SAGE-GI-R,3982651,3991450
NC_007613.1,SAGE-GI-R,4018551,4075750
NC_007613.1,SAGE-GI-R,4117551,4139750
NC_007613.1,SAGE-GI-R,4161951,4175950
NC_007613.1,SAGE-GI-R,4191151,4250250
NC_007613.1,SAGE-GI-R,4316851,4345250
NC_007613.1,SAGE-GI-R,4357151,4458750
NC_007613.1,Emb-only-R,109051,120750
NC_007613.1,Emb-only-R,205751,220450
NC_007613.1,Emb-only-R,233151,279850
NC_007613.1,Emb-only-R,335851,349150
NC_007613.1,Emb-only-R,414151,445650
NC_007613.1,Emb-only-R,505851,519250
NC_007613.1,Emb-only-R,549851,564550
NC_007613.1,Emb-only-R,576251,590650
NC_007613.1,Emb-only-R,641751,668650
NC_007613.1,Emb-only-R,762651,794350
NC_007613.1,Emb-only-R,868651,890650
NC_007613.1,Emb-only-R,933951,950350
NC_007613.1,Emb-only-R,960751,1012950
NC_007613.1,Emb-only-R,1038151,1055550
NC_007613.1,Emb-only-R,1062051,1077150
NC_007613.1,Emb-only-R,1182051,1226150
NC_007613.1,Emb-only-R,1247851,1260050
NC_007613.1,Emb-only-R,1345251,1388950
NC_007613.1,Emb-only-R,1530651,1569250
NC_007613.1,Emb-only-R,1595151,1626050
NC_007613.1,Emb-only-R,1665851,1709050
NC_007613.1,Emb-only-R,1762651,1775550
NC_007613.1,Emb-only-R,1885051,1911450
NC_007613.1,Emb-only-R,1986651,2002250
NC_007613.1,Emb-only-R,2033751,2077050
NC_007613.1,Emb-only-R,2096851,2109950
NC_007613.1,Emb-only-R,2160551,2194550
NC_007613.1,Emb-only-R,2298951,2313850
NC_007613.1,Emb-only-R,2375051,2398850
NC_007613.1,Emb-only-R,2410551,2429650
NC_007613.1,Emb-only-R,2621551,2635550
NC_007613.1,Emb-only-R,2656351,2668150
NC_007613.1,Emb-only-R,2763751,2777350
NC_007613.1,Emb-only-R,2830451,2870250
NC_007613.1,Emb-only-R,2937851,2946150
NC_007613.1,Emb-only-R,2979651,2993650
NC_007613.1,Emb-only-R,3115451,3136050
NC_007613.1,Emb-only-R,3204151,3229450
NC_007613.1,Emb-only-R,3263751,3320050
NC_007613.1,Emb-only-R,3419951,3441650
NC_007613.1,Emb-only-R,3452751,3518150
NC_007613.1,Emb-only-R,3600351,3671450
NC_007613.1,Emb-only-R,3688351,3721850
NC_007613.1,Emb-only-R,3752151,3802150
NC_007613.1,Emb-only-R,3885051,3905650
NC_007613.1,Emb-only-R,4017151,4075950
NC_007613.1,Emb-only-R,4124051,4136050
NC_007613.1,Emb-only-R,4156651,4178150
NC_007613.1,Emb-only-R,4191651,4251250
NC_007613.1,Emb-only-R,4267951,4284150
NC_007613.1,Emb-only-R,4316651,4346050
NC_007613.1,Emb-only-R,4359451,4431750
NC_007613.1,Emb-only-R,4437351,4460550
NC_007651.1,SAGE-GI-P,78001,149000
NC_007651.1,SAGE-GI-P,1220001,1237000
NC_007651.1,SAGE-GI-P,1625001,1681000
NC_007651.1,SAGE-GI-P,2643001,2677000
NC_007651.1,SAGE-GI-P,3071001,3162000
NC_007651.1,SAGE-GI-P,3486001,3531000
NC_007651.1,SAGE-GI-P,3568001,3590000
NC_007651.1,SAGE-GI-P,3667001,3699000
NC_007651.1,Emb-only-P,78001,149000
NC_007651.1,Emb-only-P,1625001,1681000
NC_007651.1,Emb-only-P,2643001,2677000
NC_007651.1,Emb-only-P,3071001,3162000
NC_007651.1,Emb-only-P,3486001,3531000
NC_007651.1,Emb-only-P,3568001,3590000
NC_007651.1,Emb-only-P,3667001,3699000
NC_007651.1,SAGE-GI-R,19451,32250
NC_007651.1,SAGE-GI-R,73851,155650
NC_007651.1,SAGE-GI-R,271551,288150
NC_007651.1,SAGE-GI-R,554451,574050
NC_007651.1,SAGE-GI-R,729351,749450
NC_007651.1,SAGE-GI-R,839651,858150
NC_007651.1,SAGE-GI-R,916051,928650
NC_007651.1,SAGE-GI-R,1029351,1061850
NC_007651.1,SAGE-GI-R,1102051,1117950
NC_007651.1,SAGE-GI-R,1166951,1180450
NC_007651.1,SAGE-GI-R,1197551,1221550
NC_007651.1,SAGE-GI-R,1232951,1270450
NC_007651.1,SAGE-GI-R,1371051,1384450
NC_007651.1,SAGE-GI-R,1529651,1551450
NC_007651.1,SAGE-GI-R,1608651,1684250
NC_007651.1,SAGE-GI-R,1702351,1745850
NC_007651.1,SAGE-GI-R,1784051,1800050
NC_007651.1,SAGE-GI-R,1947651,1968850
NC_007651.1,SAGE-GI-R,2086551,2106350
NC_007651.1,SAGE-GI-R,2160851,2182750
NC_007651.1,SAGE-GI-R,2197151,2216250
NC_007651.1,SAGE-GI-R,2340951,2358650
NC_007651.1,SAGE-GI-R,2633451,2697150
NC_007651.1,SAGE-GI-R,2718951,2733850
NC_007651.1,SAGE-GI-R,2751951,2786650
NC_007651.1,SAGE-GI-R,2802951,2835450
NC_007651.1,SAGE-GI-R,2894851,2960350
NC_007651.1,SAGE-GI-R,3019951,3032850
NC_007651.1,SAGE-GI-R,3055951,3165250
NC_007651.1,SAGE-GI-R,3180551,3281850
NC_007651.1,SAGE-GI-R,3287951,3303850
NC_007651.1,SAGE-GI-R,3319251,3345650
NC_007651.1,SAGE-GI-R,3383351,3432550
NC_007651.1,SAGE-GI-R,3457651,3465850
NC_007651.1,SAGE-GI-R,3481651,3606550
NC_007651.1,SAGE-GI-R,3623951,3703050
NC_007651.1,SAGE-GI-R,3717051,3739850
NC_007651.1,SAGE-GI-R,3765651,3792150
NC_007651.1,Emb-only-R,14951,30350
NC_007651.1,Emb-only-R,74351,155550
NC_007651.1,Emb-only-R,272051,286450
NC_007651.1,Emb-only-R,554551,572750
NC_007651.1,Emb-only-R,725851,744750
NC_007651.1,Emb-only-R,839451,858750
NC_007651.1,Emb-only-R,913551,929550
NC_007651.1,Emb-only-R,1029251,1062850
NC_007651.1,Emb-only-R,1198251,1221650
NC_007651.1,Emb-only-R,1233051,1251450
NC_007651.1,Emb-only-R,1289551,1301950
NC_007651.1,Emb-only-R,1368551,1387150
NC_007651.1,Emb-only-R,1530851,1548050
NC_007651.1,Emb-only-R,1608451,1692850
NC_007651.1,Emb-only-R,1702051,1763750
NC_007651.1,Emb-only-R,1784351,1801250
NC_007651.1,Emb-only-R,1947451,1970350
NC_007651.1,Emb-only-R,2086351,2116350
NC_007651.1,Emb-only-R,2156351,2182850
NC_007651.1,Emb-only-R,2339251,2381550
NC_007651.1,Emb-only-R,2631751,2698850
NC_007651.1,Emb-only-R,2776451,2787250
NC_007651.1,Emb-only-R,2815951,2841750
NC_007651.1,Emb-only-R,2847951,2860650
NC_007651.1,Emb-only-R,2897251,2960150
NC_007651.1,Emb-only-R,3055551,3165050
NC_007651.1,Emb-only-R,3183951,3196250
NC_007651.1,Emb-only-R,3230651,3273150
NC_007651.1,Emb-only-R,3292351,3346150
NC_007651.1,Emb-only-R,3382251,3430550
NC_007651.1,Emb-only-R,3478951,3539050
NC_007651.1,Emb-only-R,3550051,3608650
NC_007651.1,Emb-only-R,3625651,3649550
NC_007651.1,Emb-only-R,3659451,3703150
NC_007651.1,Emb-only-R,3714851,3744050
NC_007651.1,Emb-only-R,3765351,3804250
NC_007761.1,SAGE-GI-P,786001,827000
NC_007761.1,SAGE-GI-P,1064001,1154000
NC_007761.1,SAGE-GI-P,1414001,1446000
NC_007761.1,SAGE-GI-P,1749001,1781000
NC_007761.1,SAGE-GI-P,2049001,2116000
NC_007761.1,SAGE-GI-P,3381001,3409000
NC_007761.1,SAGE-GI-P,3574651,3586250
NC_007761.1,SAGE-GI-P,3952001,3975000
NC_007761.1,Emb-only-P,786001,827000
NC_007761.1,Emb-only-P,1060001,1154000
NC_007761.1,Emb-only-P,1407001,1446000
NC_007761.1,Emb-only-P,1749001,1781000
NC_007761.1,Emb-only-P,2049001,2116000
NC_007761.1,Emb-only-P,3045001,3068000
NC_007761.1,Emb-only-P,3379001,3409000
NC_007761.1,Emb-only-P,3952001,3975000
NC_007761.1,SAGE-GI-R,54751,79050
NC_007761.1,SAGE-GI-R,121951,133450
NC_007761.1,SAGE-GI-R,179351,217850
NC_007761.1,SAGE-GI-R,242551,262350
NC_007761.1,SAGE-GI-R,338651,357950
NC_007761.1,SAGE-GI-R,461051,487950
NC_007761.1,SAGE-GI-R,612251,635850
NC_007761.1,SAGE-GI-R,679451,706250
NC_007761.1,SAGE-GI-R,750151,764850
NC_007761.1,SAGE-GI-R,783951,829050
NC_007761.1,SAGE-GI-R,898551,912150
NC_007761.1,SAGE-GI-R,996851,1010650
NC_007761.1,SAGE-GI-R,1036851,1184050
NC_007761.1,SAGE-GI-R,1286451,1311850
NC_007761.1,SAGE-GI-R,1382651,1449650
NC_007761.1,SAGE-GI-R,1601451,1612550
NC_007761.1,SAGE-GI-R,1654851,1666950
NC_007761.1,SAGE-GI-R,1686951,1702550
NC_007761.1,SAGE-GI-R,1748051,1783350
NC_007761.1,SAGE-GI-R,1797351,1825050
NC_007761.1,SAGE-GI-R,1833751,1844450
NC_007761.1,SAGE-GI-R,1884351,1948350
NC_007761.1,SAGE-GI-R,1967751,1986750
NC_007761.1,SAGE-GI-R,1996751,2014950
NC_007761.1,SAGE-GI-R,2045351,2119050
NC_007761.1,SAGE-GI-R,2236251,2260950
NC_007761.1,SAGE-GI-R,2383451,2401050
NC_007761.1,SAGE-GI-R,2436551,2477250
NC_007761.1,SAGE-GI-R,2498151,2510550
NC_007761.1,SAGE-GI-R,2525551,2564250
NC_007761.1,SAGE-GI-R,2612951,2638750
NC_007761.1,SAGE-GI-R,2666451,2827550
NC_007761.1,SAGE-GI-R,2849251,2863650
NC_007761.1,SAGE-GI-R,2919851,2929950
NC_007761.1,SAGE-GI-R,3043451,3099750
NC_007761.1,SAGE-GI-R,3120251,3135250
NC_007761.1,SAGE-GI-R,3254951,3269850
NC_007761.1,SAGE-GI-R,3309851,3407050
NC_007761.1,SAGE-GI-R,3556951,3610750
NC_007761.1,SAGE-GI-R,3766051,3783250
NC_007761.1,SAGE-GI-R,3926951,3935550
NC_007761.1,SAGE-GI-R,3942651,3980450
NC_007761.1,SAGE-GI-R,4108851,4132550
NC_007761.1,Emb-only-R,55851,76750
NC_007761.1,Emb-only-R,178351,218550
NC_007761.1,Emb-only-R,241551,265250
NC_007761.1,Emb-only-R,337551,354250
NC_007761.1,Emb-only-R,452951,490450
NC_007761.1,Emb-only-R,561851,576750
NC_007761.1,Emb-only-R,603951,631550
NC_007761.1,Emb-only-R,677451,701950
NC_007761.1,Emb-only-R,750551,765550
NC_007761.1,Emb-only-R,784951,829450
NC_007761.1,Emb-only-R,898851,911250
NC_007761.1,Emb-only-R,973851,1011850
NC_007761.1,Emb-only-R,1028451,1186250
NC_007761.1,Emb-only-R,1287151,1295650
NC_007761.1,Emb-only-R,1305051,1313850
NC_007761.1,Emb-only-R,1406451,1449050
NC_007761.1,Emb-only-R,1603051,1624950
NC_007761.1,Emb-only-R,1655151,1666350
NC_007761.1,Emb-only-R,1747751,1783350
NC_007761.1,Emb-only-R,1798951,1844350
NC_007761.1,Emb-only-R,1884051,1911650
NC_007761.1,Emb-only-R,1922151,1944750
NC_007761.1,Emb-only-R,1966351,1979350
NC_007761.1,Emb-only-R,2045851,2125650
NC_007761.1,Emb-only-R,2229651,2263950
NC_007761.1,Emb-only-R,2372651,2402150
NC_007761.1,Emb-only-R,2452451,2474850
NC_007761.1,Emb-only-R,2496851,2511550
NC_007761.1,Emb-only-R,2527751,2572050
NC_007761.1,Emb-only-R,2601951,2636850
NC_007761.1,Emb-only-R,2661751,2830850
NC_007761.1,Emb-only-R,2848951,2875950
NC_007761.1,Emb-only-R,2917951,2942650
NC_007761.1,Emb-only-R,3043751,3071750
NC_007761.1,Emb-only-R,3086051,3098050
NC_007761.1,Emb-only-R,3119451,3134250
NC_007761.1,Emb-only-R,3251851,3268950
NC_007761.1,Emb-only-R,3302151,3316050
NC_007761.1,Emb-only-R,3327151,3405250
NC_007761.1,Emb-only-R,3553851,3610050
NC_007761.1,Emb-only-R,3950051,3978950
NC_007761.1,Emb-only-R,4146551,4164750
NC_007761.1,Emb-only-R,4225651,4235450
NC_007778.1,SAGE-GI-P,903001,921000
NC_007778.1,SAGE-GI-P,1059001,1070000
NC_007778.1,SAGE-GI-P,1838001,1868000
NC_007778.1,SAGE-GI-P,2468001,2513000
NC_007778.1,SAGE-GI-P,2571001,2593000
NC_007778.1,SAGE-GI-P,2630001,2685000
NC_007778.1,SAGE-GI-P,2883001,2920000
NC_007778.1,SAGE-GI-P,3470001,3500000
NC_007778.1,SAGE-GI-P,3783001,3805000
NC_007778.1,SAGE-GI-P,3968001,3987000
NC_007778.1,SAGE-GI-P,4968001,4993000
NC_007778.1,Emb-only-P,906001,921000
NC_007778.1,Emb-only-P,1845001,1868000
NC_007778.1,Emb-only-P,2490001,2593000
NC_007778.1,Emb-only-P,2630001,2657000
NC_007778.1,Emb-only-P,2883001,2920000
NC_007778.1,Emb-only-P,3470001,3509000
NC_007778.1,Emb-only-P,3760001,3805000
NC_007778.1,SAGE-GI-R,156751,173550
NC_007778.1,SAGE-GI-R,206351,239750
NC_007778.1,SAGE-GI-R,305951,314350
NC_007778.1,SAGE-GI-R,355551,369350
NC_007778.1,SAGE-GI-R,528051,544150
NC_007778.1,SAGE-GI-R,669851,686750
NC_007778.1,SAGE-GI-R,704351,717250
NC_007778.1,SAGE-GI-R,768951,788450
NC_007778.1,SAGE-GI-R,821351,837750
NC_007778.1,SAGE-GI-R,848651,867450
NC_007778.1,SAGE-GI-R,874551,927650
NC_007778.1,SAGE-GI-R,968151,982750
NC_007778.1,SAGE-GI-R,1023051,1042050
NC_007778.1,SAGE-GI-R,1056451,1084050
NC_007778.1,SAGE-GI-R,1112551,1124350
NC_007778.1,SAGE-GI-R,1145251,1163550
NC_007778.1,SAGE-GI-R,1213051,1231350
NC_007778.1,SAGE-GI-R,1336251,1352250
NC_007778.1,SAGE-GI-R,1433151,1451250
NC_007778.1,SAGE-GI-R,1488651,1501850
NC_007778.1,SAGE-GI-R,1518051,1553150
NC_007778.1,SAGE-GI-R,1677551,1754250
NC_007778.1,SAGE-GI-R,1787851,1800950
NC_007778.1,SAGE-GI-R,1836551,1872350
NC_007778.1,SAGE-GI-R,1986151,2004250
NC_007778.1,SAGE-GI-R,2024951,2058950
NC_007778.1,SAGE-GI-R,2142751,2151650
NC_007778.1,SAGE-GI-R,2236951,2272950
NC_007778.1,SAGE-GI-R,2306451,2333550
NC_007778.1,SAGE-GI-R,2342151,2367450
NC_007778.1,SAGE-GI-R,2393851,2410150
NC_007778.1,SAGE-GI-R,2428151,2600750
NC_007778.1,SAGE-GI-R,2621951,2689250
NC_007778.1,SAGE-GI-R,2768351,2781650
NC_007778.1,SAGE-GI-R,2877451,2922050
NC_007778.1,SAGE-GI-R,2930951,2974050
NC_007778.1,SAGE-GI-R,3008651,3035450
NC_007778.1,SAGE-GI-R,3099051,3110050
NC_007778.1,SAGE-GI-R,3138351,3161750
NC_007778.1,SAGE-GI-R,3294251,3302950
NC_007778.1,SAGE-GI-R,3322151,3332750
NC_007778.1,SAGE-GI-R,3345951,3364550
NC_007778.1,SAGE-GI-R,3385551,3401250
NC_007778.1,SAGE-GI-R,3451551,3515650
NC_007778.1,SAGE-GI-R,3555751,3590750
NC_007778.1,SAGE-GI-R,3616951,3649450
NC_007778.1,SAGE-GI-R,3693851,3705250
NC_007778.1,SAGE-GI-R,3757251,3810050
NC_007778.1,SAGE-GI-R,3882451,3897850
NC_007778.1,SAGE-GI-R,3961051,4055850
NC_007778.1,SAGE-GI-R,4086351,4102650
NC_007778.1,SAGE-GI-R,4224751,4236250
NC_007778.1,SAGE-GI-R,4251451,4271450
NC_007778.1,SAGE-GI-R,4299151,4318850
NC_007778.1,SAGE-GI-R,4343551,4362650
NC_007778.1,SAGE-GI-R,4472851,4483750
NC_007778.1,SAGE-GI-R,4497651,4510950
NC_007778.1,SAGE-GI-R,4544451,4562950
NC_007778.1,SAGE-GI-R,4586451,4596950
NC_007778.1,SAGE-GI-R,4695051,4714850
NC_007778.1,SAGE-GI-R,4815051,4840950
NC_007778.1,SAGE-GI-R,4871051,4879650
NC_007778.1,SAGE-GI-R,4963851,5002650
NC_007778.1,SAGE-GI-R,5008551,5035850
NC_007778.1,SAGE-GI-R,5078551,5093550
NC_007778.1,SAGE-GI-R,5106051,5116050
NC_007778.1,SAGE-GI-R,5297351,5305850
NC_007778.1,Emb-only-R,206451,240950
NC_007778.1,Emb-only-R,413851,429150
NC_007778.1,Emb-only-R,505451,517750
NC_007778.1,Emb-only-R,527251,544350
NC_007778.1,Emb-only-R,769651,790650
NC_007778.1,Emb-only-R,874251,928950
NC_007778.1,Emb-only-R,1023751,1045050
NC_007778.1,Emb-only-R,1056651,1088550
NC_007778.1,Emb-only-R,1113951,1126750
NC_007778.1,Emb-only-R,1144051,1163050
NC_007778.1,Emb-only-R,1212151,1231650
NC_007778.1,Emb-only-R,1336651,1351650
NC_007778.1,Emb-only-R,1372951,1386550
NC_007778.1,Emb-only-R,1435951,1448150
NC_007778.1,Emb-only-R,1488551,1503450
NC_007778.1,Emb-only-R,1517451,1548850
NC_007778.1,Emb-only-R,1670851,1704150
NC_007778.1,Emb-only-R,1718451,1754950
NC_007778.1,Emb-only-R,1784951,1801850
NC_007778.1,Emb-only-R,1837951,1873150
NC_007778.1,Emb-only-R,1904951,1913950
NC_007778.1,Emb-only-R,1988551,2010550
NC_007778.1,Emb-only-R,2041151,2057450
NC_007778.1,Emb-only-R,2131151,2149950
NC_007778.1,Emb-only-R,2238351,2253750
NC_007778.1,Emb-only-R,2283651,2334250
NC_007778.1,Emb-only-R,2346651,2365050
NC_007778.1,Emb-only-R,2389351,2403150
NC_007778.1,Emb-only-R,2429651,2449850
NC_007778.1,Emb-only-R,2470451,2600250
NC_007778.1,Emb-only-R,2625751,2665750
NC_007778.1,Emb-only-R,2675551,2687750
NC_007778.1,Emb-only-R,2771351,2781350
NC_007778.1,Emb-only-R,2880551,2923350
NC_007778.1,Emb-only-R,3005151,3035150
NC_007778.1,Emb-only-R,3079451,3105050
NC_007778.1,Emb-only-R,3140751,3160350
NC_007778.1,Emb-only-R,3283751,3305050
NC_007778.1,Emb-only-R,3321551,3363450
NC_007778.1,Emb-only-R,3389051,3402450
NC_007778.1,Emb-only-R,3462051,3509850
NC_007778.1,Emb-only-R,3554651,3582550
NC_007778.1,Emb-only-R,3615951,3631650
NC_007778.1,Emb-only-R,3756051,3809150
NC_007778.1,Emb-only-R,3835851,3849550
NC_007778.1,Emb-only-R,3885751,3900250
NC_007778.1,Emb-only-R,3963551,4003750
NC_007778.1,Emb-only-R,4009951,4049950
NC_007778.1,Emb-only-R,4106351,4119850
NC_007778.1,Emb-only-R,4189151,4201250
NC_007778.1,Emb-only-R,4226551,4239750
NC_007778.1,Emb-only-R,4251051,4272350
NC_007778.1,Emb-only-R,4349751,4361050
NC_007778.1,Emb-only-R,4471651,4484750
NC_007778.1,Emb-only-R,4547251,4559650
NC_007778.1,Emb-only-R,4584851,4607250
NC_007778.1,Emb-only-R,4693951,4733750
NC_007778.1,Emb-only-R,4787351,4800650
NC_007778.1,Emb-only-R,4815351,4840950
NC_007778.1,Emb-only-R,4965051,5000950
NC_007778.1,Emb-only-R,5016951,5035550
NC_007793.1,SAGE-GI-P,32001,63000
NC_007793.1,SAGE-GI-P,458001,487000
NC_007793.1,SAGE-GI-P,1458001,1477000
NC_007793.1,SAGE-GI-P,1538001,1596000
NC_007793.1,SAGE-GI-P,2080001,2115000
NC_007793.1,SAGE-GI-P,2278001,2299000
NC_007793.1,SAGE-GI-P,2610001,2636000
NC_007793.1,Emb-only-P,32001,92000
NC_007793.1,Emb-only-P,1458001,1477000
NC_007793.1,Emb-only-P,1538001,1596000
NC_007793.1,Emb-only-P,2080001,2115000
NC_007793.1,Emb-only-P,2278001,2299000
NC_007793.1,Emb-only-P,2610001,2636000
NC_007793.1,SAGE-GI-R,4951,116650
NC_007793.1,SAGE-GI-R,159551,180650
NC_007793.1,SAGE-GI-R,201251,216150
NC_007793.1,SAGE-GI-R,263351,275250
NC_007793.1,SAGE-GI-R,324651,363250
NC_007793.1,SAGE-GI-R,432851,491750
NC_007793.1,SAGE-GI-R,508551,521750
NC_007793.1,SAGE-GI-R,551051,565550
NC_007793.1,SAGE-GI-R,581551,627550
NC_007793.1,SAGE-GI-R,651851,664350
NC_007793.1,SAGE-GI-R,684151,692650
NC_007793.1,SAGE-GI-R,847551,870150
NC_007793.1,SAGE-GI-R,881951,894750
NC_007793.1,SAGE-GI-R,963951,984350
NC_007793.1,SAGE-GI-R,1015151,1030150
NC_007793.1,SAGE-GI-R,1040551,1057050
NC_007793.1,SAGE-GI-R,1150651,1169950
NC_007793.1,SAGE-GI-R,1253651,1279250
NC_007793.1,SAGE-GI-R,1321251,1336750
NC_007793.1,SAGE-GI-R,1359051,1378850
NC_007793.1,SAGE-GI-R,1452251,1490450
NC_007793.1,SAGE-GI-R,1537851,1593250
NC_007793.1,SAGE-GI-R,1628651,1650250
NC_007793.1,SAGE-GI-R,1876251,1886450
NC_007793.1,SAGE-GI-R,1923551,1963350
NC_007793.1,SAGE-GI-R,1989351,2009250
NC_007793.1,SAGE-GI-R,2074951,2136550
NC_007793.1,SAGE-GI-R,2164451,2186650
NC_007793.1,SAGE-GI-R,2220251,2234250
NC_007793.1,SAGE-GI-R,2267251,2307750
NC_007793.1,SAGE-GI-R,2336351,2376850
NC_007793.1,SAGE-GI-R,2508451,2536650
NC_007793.1,SAGE-GI-R,2606551,2640050
NC_007793.1,SAGE-GI-R,2770051,2782250
NC_007793.1,SAGE-GI-R,2794551,2822650
NC_007793.1,Emb-only-R,4951,117250
NC_007793.1,Emb-only-R,168351,181650
NC_007793.1,Emb-only-R,343551,363850
NC_007793.1,Emb-only-R,438951,488250
NC_007793.1,Emb-only-R,508451,521350
NC_007793.1,Emb-only-R,551451,565350
NC_007793.1,Emb-only-R,581251,626250
NC_007793.1,Emb-only-R,651751,663450
NC_007793.1,Emb-only-R,678551,693650
NC_007793.1,Emb-only-R,727651,740050
NC_007793.1,Emb-only-R,838251,869050
NC_007793.1,Emb-only-R,882051,896950
NC_007793.1,Emb-only-R,968751,986950
NC_007793.1,Emb-only-R,1016051,1027050
NC_007793.1,Emb-only-R,1040451,1062750
NC_007793.1,Emb-only-R,1151751,1179650
NC_007793.1,Emb-only-R,1256751,1268550
NC_007793.1,Emb-only-R,1300051,1337750
NC_007793.1,Emb-only-R,1359851,1377550
NC_007793.1,Emb-only-R,1452551,1488250
NC_007793.1,Emb-only-R,1539351,1592650
NC_007793.1,Emb-only-R,1631551,1646050
NC_007793.1,Emb-only-R,1708651,1722450
NC_007793.1,Emb-only-R,1876251,1886550
NC_007793.1,Emb-only-R,1909251,1940550
NC_007793.1,Emb-only-R,1989551,2008350
NC_007793.1,Emb-only-R,2074151,2134650
NC_007793.1,Emb-only-R,2164851,2185350
NC_007793.1,Emb-only-R,2225951,2240850
NC_007793.1,Emb-only-R,2264851,2307050
NC_007793.1,Emb-only-R,2331751,2376950
NC_007793.1,Emb-only-R,2511551,2549150
NC_007793.1,Emb-only-R,2608251,2641550
NC_007793.1,Emb-only-R,2790451,2820550
NC_007946.1,SAGE-GI-P,229001,272000
NC_007946.1,SAGE-GI-P,1081001,1141000
NC_007946.1,SAGE-GI-P,1246001,1290000
NC_007946.1,SAGE-GI-P,1390001,1433000
NC_007946.1,SAGE-GI-P,2059001,2239000
NC_007946.1,SAGE-GI-P,2593001,2658000
NC_007946.1,SAGE-GI-P,2896001,2935000
NC_007946.1,SAGE-GI-P,3110001,3140000
NC_007946.1,SAGE-GI-P,4786001,4862000
NC_007946.1,SAGE-GI-P,4880001,4909000
NC_007946.1,SAGE-GI-P,5001001,5034000
NC_007946.1,Emb-only-P,229001,272000
NC_007946.1,Emb-only-P,913001,951000
NC_007946.1,Emb-only-P,1081001,1141000
NC_007946.1,Emb-only-P,1246001,1290000
NC_007946.1,Emb-only-P,1390001,1433000
NC_007946.1,Emb-only-P,2059001,2239000
NC_007946.1,Emb-only-P,2593001,2658000
NC_007946.1,Emb-only-P,2896001,2935000
NC_007946.1,Emb-only-P,3110001,3140000
NC_007946.1,Emb-only-P,3700001,3717000
NC_007946.1,Emb-only-P,4786001,4862000
NC_007946.1,Emb-only-P,5001001,5034000
NC_007946.1,SAGE-GI-R,63951,77150
NC_007946.1,SAGE-GI-R,89851,105350
NC_007946.1,SAGE-GI-R,117751,140450
NC_007946.1,SAGE-GI-R,225151,282750
NC_007946.1,SAGE-GI-R,293351,360150
NC_007946.1,SAGE-GI-R,401351,412250
NC_007946.1,SAGE-GI-R,461451,474050
NC_007946.1,SAGE-GI-R,508351,527050
NC_007946.1,SAGE-GI-R,723551,749350
NC_007946.1,SAGE-GI-R,906551,952550
NC_007946.1,SAGE-GI-R,969051,990550
NC_007946.1,SAGE-GI-R,1074351,1154650
NC_007946.1,SAGE-GI-R,1240151,1303350
NC_007946.1,SAGE-GI-R,1359351,1435950
NC_007946.1,SAGE-GI-R,1508951,1553450
NC_007946.1,SAGE-GI-R,1592751,1606650
NC_007946.1,SAGE-GI-R,1632251,1665750
NC_007946.1,SAGE-GI-R,1932151,1941450
NC_007946.1,SAGE-GI-R,2051651,2221150
NC_007946.1,SAGE-GI-R,2235251,2261550
NC_007946.1,SAGE-GI-R,2295251,2343550
NC_007946.1,SAGE-GI-R,2521251,2533650
NC_007946.1,SAGE-GI-R,2594551,2656550
NC_007946.1,SAGE-GI-R,2669051,2684250
NC_007946.1,SAGE-GI-R,2770551,2784150
NC_007946.1,SAGE-GI-R,2864451,2880850
NC_007946.1,SAGE-GI-R,2893951,2951150
NC_007946.1,SAGE-GI-R,3101351,3146750
NC_007946.1,SAGE-GI-R,3292951,3317450
NC_007946.1,SAGE-GI-R,3406751,3419450
NC_007946.1,SAGE-GI-R,3525251,3539150
NC_007946.1,SAGE-GI-R,3636851,3737150
NC_007946.1,SAGE-GI-R,3815651,3828050
NC_007946.1,SAGE-GI-R,3839951,3890650
NC_007946.1,SAGE-GI-R,4031651,4043050
NC_007946.1,SAGE-GI-R,4053351,4069950
NC_007946.1,SAGE-GI-R,4168051,4211950
NC_007946.1,SAGE-GI-R,4317751,4334550
NC_007946.1,SAGE-GI-R,4347251,4360650
NC_007946.1,SAGE-GI-R,4447251,4465350
NC_007946.1,SAGE-GI-R,4554351,4564050
NC_007946.1,SAGE-GI-R,4586051,4601250
NC_007946.1,SAGE-GI-R,4624451,4639050
NC_007946.1,SAGE-GI-R,4666851,4680450
NC_007946.1,SAGE-GI-R,4775351,4913450
NC_007946.1,SAGE-GI-R,4923751,4943850
NC_007946.1,SAGE-GI-R,4982751,5036350
NC_007946.1,Emb-only-R,65151,82150
NC_007946.1,Emb-only-R,115051,139950
NC_007946.1,Emb-only-R,225351,283250
NC_007946.1,Emb-only-R,293851,364550
NC_007946.1,Emb-only-R,400951,411050
NC_007946.1,Emb-only-R,501751,524850
NC_007946.1,Emb-only-R,569951,580850
NC_007946.1,Emb-only-R,641051,651850
NC_007946.1,Emb-only-R,723851,750050
NC_007946.1,Emb-only-R,908351,993650
NC_007946.1,Emb-only-R,1074951,1152050
NC_007946.1,Emb-only-R,1174751,1185050
NC_007946.1,Emb-only-R,1239751,1304550
NC_007946.1,Emb-only-R,1358651,1373750
NC_007946.1,Emb-only-R,1384251,1435550
NC_007946.1,Emb-only-R,1505251,1552150
NC_007946.1,Emb-only-R,1592851,1608950
NC_007946.1,Emb-only-R,1629151,1664550
NC_007946.1,Emb-only-R,1839551,1847750
NC_007946.1,Emb-only-R,2023751,2037250
NC_007946.1,Emb-only-R,2064851,2220950
NC_007946.1,Emb-only-R,2235551,2252250
NC_007946.1,Emb-only-R,2300351,2315750
NC_007946.1,Emb-only-R,2329951,2349550
NC_007946.1,Emb-only-R,2485151,2495150
NC_007946.1,Emb-only-R,2592251,2688150
NC_007946.1,Emb-only-R,2769851,2783850
NC_007946.1,Emb-only-R,2864451,2881150
NC_007946.1,Emb-only-R,2892951,2955650
NC_007946.1,Emb-only-R,3101051,3149150
NC_007946.1,Emb-only-R,3174351,3184350
NC_007946.1,Emb-only-R,3285151,3317250
NC_007946.1,Emb-only-R,3525051,3540350
NC_007946.1,Emb-only-R,3637451,3737750
NC_007946.1,Emb-only-R,3815051,3828950
NC_007946.1,Emb-only-R,3839151,3886150
NC_007946.1,Emb-only-R,4031351,4072850
NC_007946.1,Emb-only-R,4173051,4211550
NC_007946.1,Emb-only-R,4318551,4334050
NC_007946.1,Emb-only-R,4347551,4362150
NC_007946.1,Emb-only-R,4449451,4465550
NC_007946.1,Emb-only-R,4587051,4605150
NC_007946.1,Emb-only-R,4616651,4636650
NC_007946.1,Emb-only-R,4774151,4908450
NC_007946.1,Emb-only-R,4922251,4958150
NC_007946.1,Emb-only-R,4982251,5036650
NC_008022.1,SAGE-GI-P,18001,54000
NC_008022.1,SAGE-GI-P,67001,87000
NC_008022.1,SAGE-GI-P,539001,573000
NC_008022.1,SAGE-GI-P,773001,811000
NC_008022.1,SAGE-GI-P,1255001,1293000
NC_008022.1,SAGE-GI-P,1737001,1762000
NC_008022.1,Emb-only-P,18001,87000
NC_008022.1,Emb-only-P,539001,573000
NC_008022.1,Emb-only-P,773001,811000
NC_008022.1,Emb-only-P,1255001,1293000
NC_008022.1,SAGE-GI-R,4951,104050
NC_008022.1,SAGE-GI-R,117451,129950
NC_008022.1,SAGE-GI-R,153651,170050
NC_008022.1,SAGE-GI-R,237751,248150
NC_008022.1,SAGE-GI-R,264551,300750
NC_008022.1,SAGE-GI-R,345851,375950
NC_008022.1,SAGE-GI-R,433451,454950
NC_008022.1,SAGE-GI-R,527951,572550
NC_008022.1,SAGE-GI-R,640151,655150
NC_008022.1,SAGE-GI-R,770251,810450
NC_008022.1,SAGE-GI-R,840851,858750
NC_008022.1,SAGE-GI-R,870751,906450
NC_008022.1,SAGE-GI-R,999551,1016250
NC_008022.1,SAGE-GI-R,1253151,1294050
NC_008022.1,SAGE-GI-R,1310951,1354050
NC_008022.1,SAGE-GI-R,1359451,1388850
NC_008022.1,SAGE-GI-R,1404551,1417450
NC_008022.1,SAGE-GI-R,1619451,1664350
NC_008022.1,SAGE-GI-R,1686651,1716350
NC_008022.1,SAGE-GI-R,1723051,1764450
NC_008022.1,SAGE-GI-R,1790251,1810250
NC_008022.1,SAGE-GI-R,1833951,1847450
NC_008022.1,SAGE-GI-R,1861051,1923250
NC_008022.1,Emb-only-R,7951,100350
NC_008022.1,Emb-only-R,238051,248450
NC_008022.1,Emb-only-R,264851,302250
NC_008022.1,Emb-only-R,350651,375150
NC_008022.1,Emb-only-R,435051,454450
NC_008022.1,Emb-only-R,528851,573450
NC_008022.1,Emb-only-R,631551,656950
NC_008022.1,Emb-only-R,775751,810350
NC_008022.1,Emb-only-R,840051,856550
NC_008022.1,Emb-only-R,871751,907050
NC_008022.1,Emb-only-R,994951,1012350
NC_008022.1,Emb-only-R,1250851,1296750
NC_008022.1,Emb-only-R,1309751,1353850
NC_008022.1,Emb-only-R,1359351,1389050
NC_008022.1,Emb-only-R,1587651,1600850
NC_008022.1,Emb-only-R,1619151,1667050
NC_008022.1,Emb-only-R,1694351,1712650
NC_008022.1,Emb-only-R,1725551,1764250
NC_008022.1,Emb-only-R,1788551,1810550
NC_008022.1,Emb-only-R,1831251,1849650
NC_008022.1,Emb-only-R,1857851,1914950
NC_007958.1,SAGE-GI-P,9001,68000
NC_007958.1,SAGE-GI-P,834001,854000
NC_007958.1,SAGE-GI-P,1657001,1713000
NC_007958.1,SAGE-GI-P,2369001,2437000
NC_007958.1,SAGE-GI-P,2533001,2584000
NC_007958.1,SAGE-GI-P,2645001,2672000
NC_007958.1,SAGE-GI-P,2804001,2826000
NC_007958.1,SAGE-GI-P,3498001,3567000
NC_007958.1,SAGE-GI-P,4048001,4091000
NC_007958.1,SAGE-GI-P,4374001,4405000
NC_007958.1,Emb-only-P,9001,68000
NC_007958.1,Emb-only-P,403001,426000
NC_007958.1,Emb-only-P,834001,854000
NC_007958.1,Emb-only-P,1657001,1713000
NC_007958.1,Emb-only-P,2369001,2437000
NC_007958.1,Emb-only-P,2533001,2584000
NC_007958.1,Emb-only-P,2645001,2672000
NC_007958.1,Emb-only-P,2804001,2826000
NC_007958.1,Emb-only-P,3521001,3545000
NC_007958.1,Emb-only-P,4048001,4091000
NC_007958.1,Emb-only-P,4374001,4405000
NC_007958.1,SAGE-GI-R,5151,55050
NC_007958.1,SAGE-GI-R,66451,82550
NC_007958.1,SAGE-GI-R,224851,276850
NC_007958.1,SAGE-GI-R,372051,428450
NC_007958.1,SAGE-GI-R,606251,620650
NC_007958.1,SAGE-GI-R,642651,679750
NC_007958.1,SAGE-GI-R,712051,745050
NC_007958.1,SAGE-GI-R,818051,863250
NC_007958.1,SAGE-GI-R,912451,944750
NC_007958.1,SAGE-GI-R,1131451,1148050
NC_007958.1,SAGE-GI-R,1168651,1194050
NC_007958.1,SAGE-GI-R,1221351,1232350
NC_007958.1,SAGE-GI-R,1316651,1348150
NC_007958.1,SAGE-GI-R,1427051,1442850
NC_007958.1,SAGE-GI-R,1496751,1510450
NC_007958.1,SAGE-GI-R,1618751,1631350
NC_007958.1,SAGE-GI-R,1659651,1768750
NC_007958.1,SAGE-GI-R,1787751,1809050
NC_007958.1,SAGE-GI-R,1834151,1852250
NC_007958.1,SAGE-GI-R,1879851,1893250
NC_007958.1,SAGE-GI-R,2014251,2027150
NC_007958.1,SAGE-GI-R,2139651,2176250
NC_007958.1,SAGE-GI-R,2200751,2253250
NC_007958.1,SAGE-GI-R,2322551,2339850
NC_007958.1,SAGE-GI-R,2365451,2440350
NC_007958.1,SAGE-GI-R,2455851,2469350
NC_007958.1,SAGE-GI-R,2485051,2496650
NC_007958.1,SAGE-GI-R,2530151,2623850
NC_007958.1,SAGE-GI-R,2635251,2709150
NC_007958.1,SAGE-GI-R,2801251,2835250
NC_007958.1,SAGE-GI-R,2849051,2872650
NC_007958.1,SAGE-GI-R,3043251,3059550
NC_007958.1,SAGE-GI-R,3076551,3087350
NC_007958.1,SAGE-GI-R,3126551,3136850
NC_007958.1,SAGE-GI-R,3196151,3284250
NC_007958.1,SAGE-GI-R,3338151,3351350
NC_007958.1,SAGE-GI-R,3377651,3388150
NC_007958.1,SAGE-GI-R,3436951,3456150
NC_007958.1,SAGE-GI-R,3483751,3497550
NC_007958.1,SAGE-GI-R,3512651,3554550
NC_007958.1,SAGE-GI-R,3585051,3603250
NC_007958.1,SAGE-GI-R,3734051,3742750
NC_007958.1,SAGE-GI-R,3788851,3802850
NC_007958.1,SAGE-GI-R,3864951,3888550
NC_007958.1,SAGE-GI-R,3897751,3917750
NC_007958.1,SAGE-GI-R,3938651,3965150
NC_007958.1,SAGE-GI-R,4022551,4033550
NC_007958.1,SAGE-GI-R,4044651,4095150
NC_007958.1,SAGE-GI-R,4103751,4115850
NC_007958.1,SAGE-GI-R,4182951,4196350
NC_007958.1,SAGE-GI-R,4212851,4224650
NC_007958.1,SAGE-GI-R,4308451,4321350
NC_007958.1,SAGE-GI-R,4371951,4431950
NC_007958.1,SAGE-GI-R,4541951,4570250
NC_007958.1,SAGE-GI-R,4590651,4607350
NC_007958.1,SAGE-GI-R,4731951,4747350
NC_007958.1,Emb-only-R,5751,54650
NC_007958.1,Emb-only-R,65751,82050
NC_007958.1,Emb-only-R,180551,197350
NC_007958.1,Emb-only-R,369651,428150
NC_007958.1,Emb-only-R,515251,527650
NC_007958.1,Emb-only-R,605451,621350
NC_007958.1,Emb-only-R,643851,669050
NC_007958.1,Emb-only-R,724951,739750
NC_007958.1,Emb-only-R,818651,861050
NC_007958.1,Emb-only-R,915951,954250
NC_007958.1,Emb-only-R,1024351,1036750
NC_007958.1,Emb-only-R,1132051,1146750
NC_007958.1,Emb-only-R,1168651,1194650
NC_007958.1,Emb-only-R,1222351,1233650
NC_007958.1,Emb-only-R,1264451,1280150
NC_007958.1,Emb-only-R,1348051,1359750
NC_007958.1,Emb-only-R,1422151,1448850
NC_007958.1,Emb-only-R,1464951,1478450
NC_007958.1,Emb-only-R,1619951,1632450
NC_007958.1,Emb-only-R,1660651,1768150
NC_007958.1,Emb-only-R,1785751,1808350
NC_007958.1,Emb-only-R,1838951,1850650
NC_007958.1,Emb-only-R,1881051,1892850
NC_007958.1,Emb-only-R,1909351,1929350
NC_007958.1,Emb-only-R,2012951,2026350
NC_007958.1,Emb-only-R,2081051,2091250
NC_007958.1,Emb-only-R,2133151,2167850
NC_007958.1,Emb-only-R,2204751,2226350
NC_007958.1,Emb-only-R,2245351,2254650
NC_007958.1,Emb-only-R,2323251,2340450
NC_007958.1,Emb-only-R,2366251,2441150
NC_007958.1,Emb-only-R,2456351,2468950
NC_007958.1,Emb-only-R,2485251,2496150
NC_007958.1,Emb-only-R,2531651,2590450
NC_007958.1,Emb-only-R,2596251,2712850
NC_007958.1,Emb-only-R,2798951,2837650
NC_007958.1,Emb-only-R,3044151,3065250
NC_007958.1,Emb-only-R,3071651,3087050
NC_007958.1,Emb-only-R,3196251,3214650
NC_007958.1,Emb-only-R,3237451,3288550
NC_007958.1,Emb-only-R,3338051,3352750
NC_007958.1,Emb-only-R,3435151,3453650
NC_007958.1,Emb-only-R,3483651,3500050
NC_007958.1,Emb-only-R,3516151,3555350
NC_007958.1,Emb-only-R,3585551,3601050
NC_007958.1,Emb-only-R,3630951,3648050
NC_007958.1,Emb-only-R,3683051,3715950
NC_007958.1,Emb-only-R,3791951,3825250
NC_007958.1,Emb-only-R,3868951,3880850
NC_007958.1,Emb-only-R,3945851,3968850
NC_007958.1,Emb-only-R,4022551,4034150
NC_007958.1,Emb-only-R,4044651,4116350
NC_007958.1,Emb-only-R,4181651,4197150
NC_007958.1,Emb-only-R,4211051,4227950
NC_007958.1,Emb-only-R,4308051,4324550
NC_007958.1,Emb-only-R,4371051,4428250
NC_007958.1,Emb-only-R,4542351,4570550
NC_007958.1,Emb-only-R,4643351,4652650
NC_008023.1,SAGE-GI-P,18001,28000
NC_008023.1,SAGE-GI-P,64001,86000
NC_008023.1,SAGE-GI-P,531001,588000
NC_008023.1,SAGE-GI-P,1057001,1117000
NC_008023.1,SAGE-GI-P,1401001,1443000
NC_008023.1,Emb-only-P,18001,86000
NC_008023.1,Emb-only-P,531001,570000
NC_008023.1,Emb-only-P,1057001,1117000
NC_008023.1,Emb-only-P,1401001,1443000
NC_008023.1,Emb-only-P,1585001,1597000
NC_008023.1,SAGE-GI-R,4951,129250
NC_008023.1,SAGE-GI-R,148951,168250
NC_008023.1,SAGE-GI-R,240551,252050
NC_008023.1,SAGE-GI-R,268151,281850
NC_008023.1,SAGE-GI-R,351151,374350
NC_008023.1,SAGE-GI-R,438851,458950
NC_008023.1,SAGE-GI-R,531751,605150
NC_008023.1,SAGE-GI-R,648251,665350
NC_008023.1,SAGE-GI-R,816851,828850
NC_008023.1,SAGE-GI-R,840751,877650
NC_008023.1,SAGE-GI-R,956851,972150
NC_008023.1,SAGE-GI-R,1054751,1124550
NC_008023.1,SAGE-GI-R,1292151,1313750
NC_008023.1,SAGE-GI-R,1329951,1340350
NC_008023.1,SAGE-GI-R,1401951,1466850
NC_008023.1,SAGE-GI-R,1536251,1545150
NC_008023.1,SAGE-GI-R,1577951,1620250
NC_008023.1,SAGE-GI-R,1655351,1671650
NC_008023.1,SAGE-GI-R,1688151,1726050
NC_008023.1,SAGE-GI-R,1752751,1774550
NC_008023.1,SAGE-GI-R,1820151,1846050
NC_008023.1,Emb-only-R,7951,136650
NC_008023.1,Emb-only-R,149551,170650
NC_008023.1,Emb-only-R,240151,256350
NC_008023.1,Emb-only-R,264651,281250
NC_008023.1,Emb-only-R,358551,374650
NC_008023.1,Emb-only-R,439951,459650
NC_008023.1,Emb-only-R,532651,602350
NC_008023.1,Emb-only-R,649051,665050
NC_008023.1,Emb-only-R,792851,804450
NC_008023.1,Emb-only-R,841451,863750
NC_008023.1,Emb-only-R,950651,968650
NC_008023.1,Emb-only-R,1054551,1124250
NC_008023.1,Emb-only-R,1281251,1313650
NC_008023.1,Emb-only-R,1402051,1466950
NC_008023.1,Emb-only-R,1539551,1547950
NC_008023.1,Emb-only-R,1582851,1620550
NC_008023.1,Emb-only-R,1693551,1725050
NC_008023.1,Emb-only-R,1752351,1772750
NC_008023.1,Emb-only-R,1811751,1843950
NC_008024.1,SAGE-GI-P,18001,28000
NC_008024.1,SAGE-GI-P,67001,88000
NC_008024.1,SAGE-GI-P,544001,572000
NC_008024.1,SAGE-GI-P,803001,842000
NC_008024.1,SAGE-GI-P,1610001,1693000
NC_008024.1,SAGE-GI-P,1756001,1792000
NC_008024.1,Emb-only-P,18001,88000
NC_008024.1,Emb-only-P,544001,588000
NC_008024.1,Emb-only-P,803001,842000
NC_008024.1,Emb-only-P,1610001,1693000
NC_008024.1,SAGE-GI-R,4951,107650
NC_008024.1,SAGE-GI-R,118051,131950
NC_008024.1,SAGE-GI-R,256551,274650
NC_008024.1,SAGE-GI-R,347251,369850
NC_008024.1,SAGE-GI-R,391251,412250
NC_008024.1,SAGE-GI-R,447551,475950
NC_008024.1,SAGE-GI-R,546451,590650
NC_008024.1,SAGE-GI-R,603351,626450
NC_008024.1,SAGE-GI-R,668351,684950
NC_008024.1,SAGE-GI-R,805551,843450
NC_008024.1,SAGE-GI-R,869651,923550
NC_008024.1,SAGE-GI-R,1030751,1046650
NC_008024.1,SAGE-GI-R,1215151,1256650
NC_008024.1,SAGE-GI-R,1349251,1372750
NC_008024.1,SAGE-GI-R,1388151,1402350
NC_008024.1,SAGE-GI-R,1591551,1689750
NC_008024.1,SAGE-GI-R,1728251,1798450
NC_008024.1,SAGE-GI-R,1818751,1832650
NC_008024.1,SAGE-GI-R,1864251,1875650
NC_008024.1,SAGE-GI-R,1895751,1932150
NC_008024.1,Emb-only-R,9451,106450
NC_008024.1,Emb-only-R,118851,138050
NC_008024.1,Emb-only-R,234051,244750
NC_008024.1,Emb-only-R,257051,274450
NC_008024.1,Emb-only-R,352351,371450
NC_008024.1,Emb-only-R,388851,412150
NC_008024.1,Emb-only-R,448151,475850
NC_008024.1,Emb-only-R,546851,591350
NC_008024.1,Emb-only-R,603151,622650
NC_008024.1,Emb-only-R,669351,686450
NC_008024.1,Emb-only-R,806651,843050
NC_008024.1,Emb-only-R,901751,926050
NC_008024.1,Emb-only-R,1212751,1253450
NC_008024.1,Emb-only-R,1348551,1373150
NC_008024.1,Emb-only-R,1473451,1484550
NC_008024.1,Emb-only-R,1589651,1690050
NC_008024.1,Emb-only-R,1729451,1795250
NC_008024.1,Emb-only-R,1818151,1832450
NC_008024.1,Emb-only-R,1863951,1875450
NC_008024.1,Emb-only-R,1890651,1932150
NC_008060.1,SAGE-GI-P,312001,331000
NC_008060.1,SAGE-GI-P,409001,429000
NC_008060.1,SAGE-GI-P,1549001,1572000
NC_008060.1,SAGE-GI-P,2892001,2938000
NC_008060.1,SAGE-GI-P,3007001,3050000
NC_008060.1,SAGE-GI-P,3160001,3199000
NC_008060.1,Emb-only-P,312001,331000
NC_008060.1,Emb-only-P,1336351,1347650
NC_008060.1,Emb-only-P,1549001,1572000
NC_008060.1,Emb-only-P,1672001,1704000
NC_008060.1,Emb-only-P,2909001,2938000
NC_008060.1,Emb-only-P,3007001,3050000
NC_008060.1,Emb-only-P,3160001,3199000
NC_008060.1,SAGE-GI-R,4951,14950
NC_008060.1,SAGE-GI-R,23351,38250
NC_008060.1,SAGE-GI-R,46451,98250
NC_008060.1,SAGE-GI-R,116451,127150
NC_008060.1,SAGE-GI-R,191851,215150
NC_008060.1,SAGE-GI-R,308051,361950
NC_008060.1,SAGE-GI-R,392151,452250
NC_008060.1,SAGE-GI-R,470051,500350
NC_008060.1,SAGE-GI-R,560151,569250
NC_008060.1,SAGE-GI-R,679751,692650
NC_008060.1,SAGE-GI-R,703951,718350
NC_008060.1,SAGE-GI-R,744051,779650
NC_008060.1,SAGE-GI-R,894651,927150
NC_008060.1,SAGE-GI-R,971051,984150
NC_008060.1,SAGE-GI-R,1101751,1148250
NC_008060.1,SAGE-GI-R,1184951,1201950
NC_008060.1,SAGE-GI-R,1226951,1286850
NC_008060.1,SAGE-GI-R,1320751,1363150
NC_008060.1,SAGE-GI-R,1432551,1477950
NC_008060.1,SAGE-GI-R,1521051,1530050
NC_008060.1,SAGE-GI-R,1546451,1587850
NC_008060.1,SAGE-GI-R,1665951,1709750
NC_008060.1,SAGE-GI-R,1732851,1766450
NC_008060.1,SAGE-GI-R,1774351,1825350
NC_008060.1,SAGE-GI-R,1899751,1964950
NC_008060.1,SAGE-GI-R,2102751,2126550
NC_008060.1,SAGE-GI-R,2229451,2261550
NC_008060.1,SAGE-GI-R,2332951,2351750
NC_008060.1,SAGE-GI-R,2378551,2397450
NC_008060.1,SAGE-GI-R,2451651,2463650
NC_008060.1,SAGE-GI-R,2620851,2656650
NC_008060.1,SAGE-GI-R,2799451,2824750
NC_008060.1,SAGE-GI-R,2879051,2944550
NC_008060.1,SAGE-GI-R,3003151,3054450
NC_008060.1,SAGE-GI-R,3095951,3105650
NC_008060.1,SAGE-GI-R,3134351,3203550
NC_008060.1,SAGE-GI-R,3254551,3287850
NC_008060.1,Emb-only-R,4951,14950
NC_008060.1,Emb-only-R,45851,68150
NC_008060.1,Emb-only-R,114051,127350
NC_008060.1,Emb-only-R,193651,215350
NC_008060.1,Emb-only-R,306051,363650
NC_008060.1,Emb-only-R,390651,452350
NC_008060.1,Emb-only-R,464751,500450
NC_008060.1,Emb-only-R,640651,652350
NC_008060.1,Emb-only-R,683051,692850
NC_008060.1,Emb-only-R,703851,721450
NC_008060.1,Emb-only-R,744151,778550
NC_008060.1,Emb-only-R,869051,926850
NC_008060.1,Emb-only-R,1104151,1148450
NC_008060.1,Emb-only-R,1184851,1201350
NC_008060.1,Emb-only-R,1228551,1287050
NC_008060.1,Emb-only-R,1320551,1363350
NC_008060.1,Emb-only-R,1435651,1446450
NC_008060.1,Emb-only-R,1461551,1475250
NC_008060.1,Emb-only-R,1547251,1588250
NC_008060.1,Emb-only-R,1666651,1709850
NC_008060.1,Emb-only-R,1732551,1758650
NC_008060.1,Emb-only-R,1771051,1823050
NC_008060.1,Emb-only-R,1906451,1964350
NC_008060.1,Emb-only-R,2097451,2125250
NC_008060.1,Emb-only-R,2231551,2261650
NC_008060.1,Emb-only-R,2331951,2352350
NC_008060.1,Emb-only-R,2590851,2602450
NC_008060.1,Emb-only-R,2752051,2761450
NC_008060.1,Emb-only-R,2795851,2829050
NC_008060.1,Emb-only-R,2854051,2869050
NC_008060.1,Emb-only-R,2877951,2944250
NC_008060.1,Emb-only-R,3001751,3054350
NC_008060.1,Emb-only-R,3137451,3203450
NC_008060.1,Emb-only-R,3252551,3288550
NC_008061.1,SAGE-GI-P,192001,251000
NC_008061.1,SAGE-GI-P,839001,878000
NC_008061.1,SAGE-GI-P,1869001,1892000
NC_008061.1,SAGE-GI-P,2105001,2211000
NC_008061.1,SAGE-GI-P,2364001,2390000
NC_008061.1,SAGE-GI-P,2554001,2595000
NC_008061.1,Emb-only-P,192001,251000
NC_008061.1,Emb-only-P,527001,547000
NC_008061.1,Emb-only-P,839001,878000
NC_008061.1,Emb-only-P,1869001,1892000
NC_008061.1,Emb-only-P,2105001,2211000
NC_008061.1,Emb-only-P,2364001,2390000
NC_008061.1,Emb-only-P,2554001,2595000
NC_008061.1,SAGE-GI-R,33751,50750
NC_008061.1,SAGE-GI-R,91851,107350
NC_008061.1,SAGE-GI-R,183151,257850
NC_008061.1,SAGE-GI-R,363551,373550
NC_008061.1,SAGE-GI-R,425451,447450
NC_008061.1,SAGE-GI-R,462151,498950
NC_008061.1,SAGE-GI-R,523651,555950
NC_008061.1,SAGE-GI-R,619351,661350
NC_008061.1,SAGE-GI-R,755851,766050
NC_008061.1,SAGE-GI-R,811051,821650
NC_008061.1,SAGE-GI-R,837051,885650
NC_008061.1,SAGE-GI-R,1054151,1083850
NC_008061.1,SAGE-GI-R,1118651,1134650
NC_008061.1,SAGE-GI-R,1258251,1266450
NC_008061.1,SAGE-GI-R,1347351,1374650
NC_008061.1,SAGE-GI-R,1430851,1452950
NC_008061.1,SAGE-GI-R,1589151,1632450
NC_008061.1,SAGE-GI-R,1652351,1677650
NC_008061.1,SAGE-GI-R,1723751,1742250
NC_008061.1,SAGE-GI-R,1789951,1804950
NC_008061.1,SAGE-GI-R,1866551,1905250
NC_008061.1,SAGE-GI-R,1964751,1982650
NC_008061.1,SAGE-GI-R,2092451,2227850
NC_008061.1,SAGE-GI-R,2252751,2265550
NC_008061.1,SAGE-GI-R,2314751,2325050
NC_008061.1,SAGE-GI-R,2347651,2393850
NC_008061.1,SAGE-GI-R,2441051,2456350
NC_008061.1,SAGE-GI-R,2478951,2512750
NC_008061.1,SAGE-GI-R,2549851,2610150
NC_008061.1,SAGE-GI-R,2720951,2739450
NC_008061.1,SAGE-GI-R,2757251,2783450
NC_008061.1,Emb-only-R,35651,51550
NC_008061.1,Emb-only-R,88151,107550
NC_008061.1,Emb-only-R,172351,259550
NC_008061.1,Emb-only-R,426351,447050
NC_008061.1,Emb-only-R,463051,498850
NC_008061.1,Emb-only-R,523651,556150
NC_008061.1,Emb-only-R,609951,624350
NC_008061.1,Emb-only-R,647151,659750
NC_008061.1,Emb-only-R,756051,766350
NC_008061.1,Emb-only-R,811551,822250
NC_008061.1,Emb-only-R,836951,882450
NC_008061.1,Emb-only-R,1054551,1084050
NC_008061.1,Emb-only-R,1118651,1132750
NC_008061.1,Emb-only-R,1227051,1237350
NC_008061.1,Emb-only-R,1256251,1269550
NC_008061.1,Emb-only-R,1347951,1368950
NC_008061.1,Emb-only-R,1432751,1453150
NC_008061.1,Emb-only-R,1586051,1625450
NC_008061.1,Emb-only-R,1651751,1679450
NC_008061.1,Emb-only-R,1739051,1753350
NC_008061.1,Emb-only-R,1787951,1802250
NC_008061.1,Emb-only-R,1866251,1905950
NC_008061.1,Emb-only-R,1965451,1992850
NC_008061.1,Emb-only-R,2044751,2055950
NC_008061.1,Emb-only-R,2091651,2228050
NC_008061.1,Emb-only-R,2252551,2265850
NC_008061.1,Emb-only-R,2338551,2393750
NC_008061.1,Emb-only-R,2441051,2455450
NC_008061.1,Emb-only-R,2477951,2512550
NC_008061.1,Emb-only-R,2548851,2600650
NC_008061.1,Emb-only-R,2720951,2740950
NC_008061.1,Emb-only-R,2757651,2783450
NC_008253.1,SAGE-GI-P,235001,271000
NC_008253.1,SAGE-GI-P,293001,365000
NC_008253.1,SAGE-GI-P,1200001,1242000
NC_008253.1,SAGE-GI-P,1946001,2009000
NC_008253.1,SAGE-GI-P,2019001,2118000
NC_008253.1,SAGE-GI-P,2951001,2978000
NC_008253.1,SAGE-GI-P,3141001,3198000
NC_008253.1,SAGE-GI-P,3947001,4021000
NC_008253.1,SAGE-GI-P,4379001,4418000
NC_008253.1,SAGE-GI-P,4736001,4807000
NC_008253.1,SAGE-GI-P,4821001,4848000
NC_008253.1,Emb-only-P,228001,271000
NC_008253.1,Emb-only-P,293001,365000
NC_008253.1,Emb-only-P,1200001,1242000
NC_008253.1,Emb-only-P,1946001,2118000
NC_008253.1,Emb-only-P,2951001,2978000
NC_008253.1,Emb-only-P,3128001,3198000
NC_008253.1,Emb-only-P,3947001,4021000
NC_008253.1,Emb-only-P,4379001,4416000
NC_008253.1,Emb-only-P,4736001,4807000
NC_008253.1,Emb-only-P,4821001,4848000
NC_008253.1,SAGE-GI-R,66651,75650
NC_008253.1,SAGE-GI-R,90751,100050
NC_008253.1,SAGE-GI-R,119151,141350
NC_008253.1,SAGE-GI-R,149351,174350
NC_008253.1,SAGE-GI-R,224051,419350
NC_008253.1,SAGE-GI-R,456151,475450
NC_008253.1,SAGE-GI-R,515351,526750
NC_008253.1,SAGE-GI-R,773851,800550
NC_008253.1,SAGE-GI-R,964651,987250
NC_008253.1,SAGE-GI-R,1080751,1100450
NC_008253.1,SAGE-GI-R,1120751,1132850
NC_008253.1,SAGE-GI-R,1186051,1250250
NC_008253.1,SAGE-GI-R,1307551,1324750
NC_008253.1,SAGE-GI-R,1415851,1455350
NC_008253.1,SAGE-GI-R,1496051,1510750
NC_008253.1,SAGE-GI-R,1535951,1551250
NC_008253.1,SAGE-GI-R,1747751,1763350
NC_008253.1,SAGE-GI-R,1778051,1787250
NC_008253.1,SAGE-GI-R,1814751,1825750
NC_008253.1,SAGE-GI-R,1939251,2121050
NC_008253.1,SAGE-GI-R,2137451,2163550
NC_008253.1,SAGE-GI-R,2192251,2242450
NC_008253.1,SAGE-GI-R,2420051,2432450
NC_008253.1,SAGE-GI-R,2497651,2519150
NC_008253.1,SAGE-GI-R,2632851,2645250
NC_008253.1,SAGE-GI-R,2728251,2742750
NC_008253.1,SAGE-GI-R,2827851,2852250
NC_008253.1,SAGE-GI-R,2889551,2903950
NC_008253.1,SAGE-GI-R,2939051,2989650
NC_008253.1,SAGE-GI-R,3124651,3207650
NC_008253.1,SAGE-GI-R,3415951,3430750
NC_008253.1,SAGE-GI-R,3526951,3591550
NC_008253.1,SAGE-GI-R,3669351,3681950
NC_008253.1,SAGE-GI-R,3696351,3745050
NC_008253.1,SAGE-GI-R,3774651,3785250
NC_008253.1,SAGE-GI-R,3876451,3919550
NC_008253.1,SAGE-GI-R,3942951,4036150
NC_008253.1,SAGE-GI-R,4091951,4134550
NC_008253.1,SAGE-GI-R,4237651,4254550
NC_008253.1,SAGE-GI-R,4327851,4341250
NC_008253.1,SAGE-GI-R,4369951,4430550
NC_008253.1,SAGE-GI-R,4544951,4558550
NC_008253.1,SAGE-GI-R,4574951,4601150
NC_008253.1,SAGE-GI-R,4622651,4638750
NC_008253.1,SAGE-GI-R,4649751,4661350
NC_008253.1,SAGE-GI-R,4709451,4720050
NC_008253.1,SAGE-GI-R,4733251,4854350
NC_008253.1,SAGE-GI-R,4870851,4884250
NC_008253.1,Emb-only-R,65651,78050
NC_008253.1,Emb-only-R,114751,161850
NC_008253.1,Emb-only-R,224351,419550
NC_008253.1,Emb-only-R,454751,470350
NC_008253.1,Emb-only-R,563551,583850
NC_008253.1,Emb-only-R,618051,637350
NC_008253.1,Emb-only-R,773051,800550
NC_008253.1,Emb-only-R,960151,980150
NC_008253.1,Emb-only-R,1087851,1095850
NC_008253.1,Emb-only-R,1119751,1130850
NC_008253.1,Emb-only-R,1185851,1252550
NC_008253.1,Emb-only-R,1306251,1324850
NC_008253.1,Emb-only-R,1420951,1452450
NC_008253.1,Emb-only-R,1495851,1511450
NC_008253.1,Emb-only-R,1535151,1549850
NC_008253.1,Emb-only-R,1748951,1763150
NC_008253.1,Emb-only-R,1774551,1785650
NC_008253.1,Emb-only-R,1816551,1825650
NC_008253.1,Emb-only-R,1937351,2121050
NC_008253.1,Emb-only-R,2137551,2156350
NC_008253.1,Emb-only-R,2196751,2243350
NC_008253.1,Emb-only-R,2421251,2432150
NC_008253.1,Emb-only-R,2496751,2521150
NC_008253.1,Emb-only-R,2532451,2544750
NC_008253.1,Emb-only-R,2633051,2643850
NC_008253.1,Emb-only-R,2728551,2742650
NC_008253.1,Emb-only-R,2828951,2852450
NC_008253.1,Emb-only-R,2889851,2902750
NC_008253.1,Emb-only-R,2935751,2987650
NC_008253.1,Emb-only-R,3013651,3028250
NC_008253.1,Emb-only-R,3124551,3207650
NC_008253.1,Emb-only-R,3374251,3386750
NC_008253.1,Emb-only-R,3415351,3429950
NC_008253.1,Emb-only-R,3528951,3594050
NC_008253.1,Emb-only-R,3669551,3686850
NC_008253.1,Emb-only-R,3692651,3708550
NC_008253.1,Emb-only-R,3720951,3742950
NC_008253.1,Emb-only-R,3774451,3787250
NC_008253.1,Emb-only-R,3875651,3922050
NC_008253.1,Emb-only-R,3943151,4034650
NC_008253.1,Emb-only-R,4094651,4134350
NC_008253.1,Emb-only-R,4173451,4185750
NC_008253.1,Emb-only-R,4238151,4250750
NC_008253.1,Emb-only-R,4326951,4342350
NC_008253.1,Emb-only-R,4372051,4433050
NC_008253.1,Emb-only-R,4547451,4558250
NC_008253.1,Emb-only-R,4571051,4601950
NC_008253.1,Emb-only-R,4624351,4635050
NC_008253.1,Emb-only-R,4643251,4666850
NC_008253.1,Emb-only-R,4733951,4855250
NC_008253.1,Emb-only-R,4868951,4881550
NC_008258.1,SAGE-GI-P,214001,296000
NC_008258.1,SAGE-GI-P,739001,780000
NC_008258.1,SAGE-GI-P,1914001,1951000
NC_008258.1,SAGE-GI-P,2763001,2805000
NC_008258.1,SAGE-GI-P,3374001,3407000
NC_008258.1,SAGE-GI-P,4158001,4196000
NC_008258.1,Emb-only-P,214001,296000
NC_008258.1,Emb-only-P,739001,782000
NC_008258.1,Emb-only-P,1914001,1951000
NC_008258.1,Emb-only-P,2763001,2814000
NC_008258.1,Emb-only-P,3374001,3406000
NC_008258.1,Emb-only-P,3570251,3580450
NC_008258.1,Emb-only-P,3834251,3846050
NC_008258.1,Emb-only-P,4158001,4196000
NC_008258.1,SAGE-GI-R,89751,105750
NC_008258.1,SAGE-GI-R,119551,129650
NC_008258.1,SAGE-GI-R,183751,299950
NC_008258.1,SAGE-GI-R,314551,349350
NC_008258.1,SAGE-GI-R,406751,437050
NC_008258.1,SAGE-GI-R,518851,535750
NC_008258.1,SAGE-GI-R,614851,638850
NC_008258.1,SAGE-GI-R,657851,671550
NC_008258.1,SAGE-GI-R,732451,790350
NC_008258.1,SAGE-GI-R,847851,867650
NC_008258.1,SAGE-GI-R,874751,885150
NC_008258.1,SAGE-GI-R,920651,968750
NC_008258.1,SAGE-GI-R,1077851,1119350
NC_008258.1,SAGE-GI-R,1136651,1148050
NC_008258.1,SAGE-GI-R,1191751,1207650
NC_008258.1,SAGE-GI-R,1239851,1258850
NC_008258.1,SAGE-GI-R,1295851,1317550
NC_008258.1,SAGE-GI-R,1395751,1436850
NC_008258.1,SAGE-GI-R,1568351,1585250
NC_008258.1,SAGE-GI-R,1626551,1643050
NC_008258.1,SAGE-GI-R,1718151,1729650
NC_008258.1,SAGE-GI-R,1753951,1767650
NC_008258.1,SAGE-GI-R,1791051,1817850
NC_008258.1,SAGE-GI-R,1865051,1889050
NC_008258.1,SAGE-GI-R,1912751,1955550
NC_008258.1,SAGE-GI-R,2015151,2093750
NC_008258.1,SAGE-GI-R,2101451,2128050
NC_008258.1,SAGE-GI-R,2160751,2193850
NC_008258.1,SAGE-GI-R,2212951,2231250
NC_008258.1,SAGE-GI-R,2302051,2322950
NC_008258.1,SAGE-GI-R,2389851,2408050
NC_008258.1,SAGE-GI-R,2466351,2492750
NC_008258.1,SAGE-GI-R,2503051,2522850
NC_008258.1,SAGE-GI-R,2546751,2557650
NC_008258.1,SAGE-GI-R,2583951,2597350
NC_008258.1,SAGE-GI-R,2678651,2693550
NC_008258.1,SAGE-GI-R,2715451,2728750
NC_008258.1,SAGE-GI-R,2755251,2814550
NC_008258.1,SAGE-GI-R,2897051,2925750
NC_008258.1,SAGE-GI-R,2989951,3001950
NC_008258.1,SAGE-GI-R,3150051,3161250
NC_008258.1,SAGE-GI-R,3227551,3244850
NC_008258.1,SAGE-GI-R,3260951,3279350
NC_008258.1,SAGE-GI-R,3364551,3409150
NC_008258.1,SAGE-GI-R,3522751,3600450
NC_008258.1,SAGE-GI-R,3620351,3628350
NC_008258.1,SAGE-GI-R,3722151,3739550
NC_008258.1,SAGE-GI-R,3817551,3859650
NC_008258.1,SAGE-GI-R,3873251,3911750
NC_008258.1,SAGE-GI-R,3940651,3973350
NC_008258.1,SAGE-GI-R,4000151,4037750
NC_008258.1,SAGE-GI-R,4150451,4210250
NC_008258.1,SAGE-GI-R,4347751,4361250
NC_008258.1,SAGE-GI-R,4461551,4481750
NC_008258.1,SAGE-GI-R,4559251,4569250
NC_008258.1,Emb-only-R,110751,129850
NC_008258.1,Emb-only-R,183851,298350
NC_008258.1,Emb-only-R,314651,346950
NC_008258.1,Emb-only-R,407451,434750
NC_008258.1,Emb-only-R,519051,550350
NC_008258.1,Emb-only-R,615451,635750
NC_008258.1,Emb-only-R,658051,670350
NC_008258.1,Emb-only-R,731651,782450
NC_008258.1,Emb-only-R,849151,866350
NC_008258.1,Emb-only-R,923751,967450
NC_008258.1,Emb-only-R,1087051,1119650
NC_008258.1,Emb-only-R,1133751,1147650
NC_008258.1,Emb-only-R,1191351,1227850
NC_008258.1,Emb-only-R,1239051,1263450
NC_008258.1,Emb-only-R,1292851,1319450
NC_008258.1,Emb-only-R,1396051,1436550
NC_008258.1,Emb-only-R,1567151,1587450
NC_008258.1,Emb-only-R,1625451,1651550
NC_008258.1,Emb-only-R,1720251,1730750
NC_008258.1,Emb-only-R,1755051,1768950
NC_008258.1,Emb-only-R,1791151,1820550
NC_008258.1,Emb-only-R,1871551,1888450
NC_008258.1,Emb-only-R,1912651,1955150
NC_008258.1,Emb-only-R,2014151,2027050
NC_008258.1,Emb-only-R,2045251,2121350
NC_008258.1,Emb-only-R,2214151,2228350
NC_008258.1,Emb-only-R,2330851,2359850
NC_008258.1,Emb-only-R,2389651,2405950
NC_008258.1,Emb-only-R,2464551,2524650
NC_008258.1,Emb-only-R,2547651,2558150
NC_008258.1,Emb-only-R,2678051,2692550
NC_008258.1,Emb-only-R,2715351,2729250
NC_008258.1,Emb-only-R,2761051,2817050
NC_008258.1,Emb-only-R,2872351,2883250
NC_008258.1,Emb-only-R,2893851,2920250
NC_008258.1,Emb-only-R,2987251,3003350
NC_008258.1,Emb-only-R,3050651,3066650
NC_008258.1,Emb-only-R,3149851,3161450
NC_008258.1,Emb-only-R,3205551,3242050
NC_008258.1,Emb-only-R,3260951,3278750
NC_008258.1,Emb-only-R,3364551,3410150
NC_008258.1,Emb-only-R,3446051,3460750
NC_008258.1,Emb-only-R,3514251,3602450
NC_008258.1,Emb-only-R,3723751,3739350
NC_008258.1,Emb-only-R,3816751,3911850
NC_008258.1,Emb-only-R,3943051,3973350
NC_008258.1,Emb-only-R,3998251,4038150
NC_008258.1,Emb-only-R,4151451,4213150
NC_008258.1,Emb-only-R,4289951,4309150
NC_008258.1,Emb-only-R,4347351,4360550
NC_008258.1,Emb-only-R,4402451,4419150
NC_008258.1,Emb-only-R,4461451,4481350
NC_008258.1,Emb-only-R,4559251,4569250
NC_008321.1,SAGE-GI-P,201001,259000
NC_008321.1,SAGE-GI-P,1189001,1210000
NC_008321.1,SAGE-GI-P,1500001,1549000
NC_008321.1,SAGE-GI-P,2000001,2052000
NC_008321.1,SAGE-GI-P,2655001,2680000
NC_008321.1,SAGE-GI-P,3825001,3846000
NC_008321.1,SAGE-GI-P,4250001,4262000
NC_008321.1,SAGE-GI-P,4678001,4694000
NC_008321.1,Emb-only-P,201001,258000
NC_008321.1,Emb-only-P,426151,436250
NC_008321.1,Emb-only-P,1189001,1210000
NC_008321.1,Emb-only-P,1533001,1549000
NC_008321.1,Emb-only-P,2009001,2052000
NC_008321.1,Emb-only-P,2655001,2680000
NC_008321.1,Emb-only-P,3825001,3846000
NC_008321.1,Emb-only-P,4671001,4694000
NC_008321.1,SAGE-GI-R,38751,52850
NC_008321.1,SAGE-GI-R,120551,144950
NC_008321.1,SAGE-GI-R,174051,262250
NC_008321.1,SAGE-GI-R,275451,285950
NC_008321.1,SAGE-GI-R,317851,331650
NC_008321.1,SAGE-GI-R,350351,373250
NC_008321.1,SAGE-GI-R,386951,397450
NC_008321.1,SAGE-GI-R,411251,441150
NC_008321.1,SAGE-GI-R,461651,502550
NC_008321.1,SAGE-GI-R,581251,605350
NC_008321.1,SAGE-GI-R,655351,666650
NC_008321.1,SAGE-GI-R,690251,702250
NC_008321.1,SAGE-GI-R,803251,821150
NC_008321.1,SAGE-GI-R,973951,1006750
NC_008321.1,SAGE-GI-R,1100751,1134750
NC_008321.1,SAGE-GI-R,1180951,1214150
NC_008321.1,SAGE-GI-R,1304551,1317750
NC_008321.1,SAGE-GI-R,1425951,1556650
NC_008321.1,SAGE-GI-R,1586051,1599350
NC_008321.1,SAGE-GI-R,1638951,1651150
NC_008321.1,SAGE-GI-R,1716551,1732850
NC_008321.1,SAGE-GI-R,1756151,1802450
NC_008321.1,SAGE-GI-R,1863051,1876550
NC_008321.1,SAGE-GI-R,1930651,1948650
NC_008321.1,SAGE-GI-R,1997751,2048150
NC_008321.1,SAGE-GI-R,2232951,2241150
NC_008321.1,SAGE-GI-R,2259251,2272350
NC_008321.1,SAGE-GI-R,2287451,2297550
NC_008321.1,SAGE-GI-R,2372751,2383950
NC_008321.1,SAGE-GI-R,2484851,2497150
NC_008321.1,SAGE-GI-R,2515951,2540650
NC_008321.1,SAGE-GI-R,2562851,2586250
NC_008321.1,SAGE-GI-R,2652951,2713450
NC_008321.1,SAGE-GI-R,2820951,2833650
NC_008321.1,SAGE-GI-R,2855151,2874450
NC_008321.1,SAGE-GI-R,2914951,2939850
NC_008321.1,SAGE-GI-R,2965051,2997450
NC_008321.1,SAGE-GI-R,3032051,3043750
NC_008321.1,SAGE-GI-R,3155151,3186650
NC_008321.1,SAGE-GI-R,3232251,3261550
NC_008321.1,SAGE-GI-R,3319051,3339250
NC_008321.1,SAGE-GI-R,3512251,3549850
NC_008321.1,SAGE-GI-R,3565951,3579850
NC_008321.1,SAGE-GI-R,3599651,3618450
NC_008321.1,SAGE-GI-R,3820051,3862350
NC_008321.1,SAGE-GI-R,3902051,3930650
NC_008321.1,SAGE-GI-R,3968651,3979350
NC_008321.1,SAGE-GI-R,4043851,4063450
NC_008321.1,SAGE-GI-R,4116051,4173550
NC_008321.1,SAGE-GI-R,4183051,4206450
NC_008321.1,SAGE-GI-R,4245251,4278850
NC_008321.1,SAGE-GI-R,4363451,4375850
NC_008321.1,SAGE-GI-R,4388551,4402150
NC_008321.1,SAGE-GI-R,4423951,4455150
NC_008321.1,SAGE-GI-R,4494451,4512050
NC_008321.1,SAGE-GI-R,4521251,4535850
NC_008321.1,SAGE-GI-R,4618551,4647850
NC_008321.1,SAGE-GI-R,4665451,4701250
NC_008321.1,Emb-only-R,4951,17550
NC_008321.1,Emb-only-R,38751,58150
NC_008321.1,Emb-only-R,112951,147250
NC_008321.1,Emb-only-R,172151,186450
NC_008321.1,Emb-only-R,197951,263050
NC_008321.1,Emb-only-R,275351,285550
NC_008321.1,Emb-only-R,311651,330150
NC_008321.1,Emb-only-R,356951,374050
NC_008321.1,Emb-only-R,412951,505750
NC_008321.1,Emb-only-R,574651,594150
NC_008321.1,Emb-only-R,655751,666850
NC_008321.1,Emb-only-R,689251,706150
NC_008321.1,Emb-only-R,802251,822850
NC_008321.1,Emb-only-R,975351,1002650
NC_008321.1,Emb-only-R,1099451,1108250
NC_008321.1,Emb-only-R,1131251,1139750
NC_008321.1,Emb-only-R,1181751,1214050
NC_008321.1,Emb-only-R,1303051,1316750
NC_008321.1,Emb-only-R,1327651,1347750
NC_008321.1,Emb-only-R,1425751,1556450
NC_008321.1,Emb-only-R,1588351,1600850
NC_008321.1,Emb-only-R,1641151,1652750
NC_008321.1,Emb-only-R,1713651,1732550
NC_008321.1,Emb-only-R,1745551,1800950
NC_008321.1,Emb-only-R,1860651,1881250
NC_008321.1,Emb-only-R,1920951,1949850
NC_008321.1,Emb-only-R,1982951,2046850
NC_008321.1,Emb-only-R,2064851,2075050
NC_008321.1,Emb-only-R,2186451,2201350
NC_008321.1,Emb-only-R,2285851,2302350
NC_008321.1,Emb-only-R,2332851,2343550
NC_008321.1,Emb-only-R,2372451,2383450
NC_008321.1,Emb-only-R,2486951,2497750
NC_008321.1,Emb-only-R,2515751,2552150
NC_008321.1,Emb-only-R,2572051,2586350
NC_008321.1,Emb-only-R,2653751,2719850
NC_008321.1,Emb-only-R,2855551,2875650
NC_008321.1,Emb-only-R,2915851,2940850
NC_008321.1,Emb-only-R,2964151,3001350
NC_008321.1,Emb-only-R,3032851,3047150
NC_008321.1,Emb-only-R,3160051,3197350
NC_008321.1,Emb-only-R,3233951,3255850
NC_008321.1,Emb-only-R,3321751,3339350
NC_008321.1,Emb-only-R,3511751,3550450
NC_008321.1,Emb-only-R,3564451,3619550
NC_008321.1,Emb-only-R,3818951,3862150
NC_008321.1,Emb-only-R,3899351,3931150
NC_008321.1,Emb-only-R,3968951,3980150
NC_008321.1,Emb-only-R,4019851,4032850
NC_008321.1,Emb-only-R,4044951,4060850
NC_008321.1,Emb-only-R,4119251,4134550
NC_008321.1,Emb-only-R,4186151,4210750
NC_008321.1,Emb-only-R,4245451,4270150
NC_008321.1,Emb-only-R,4362351,4377350
NC_008321.1,Emb-only-R,4385851,4402850
NC_008321.1,Emb-only-R,4424351,4455650
NC_008321.1,Emb-only-R,4606451,4625650
NC_008321.1,Emb-only-R,4636351,4652650
NC_008321.1,Emb-only-R,4662751,4701250
NC_008322.1,SAGE-GI-P,198001,254000
NC_008322.1,SAGE-GI-P,440001,454000
NC_008322.1,SAGE-GI-P,836001,855000
NC_008322.1,SAGE-GI-P,1174001,1208000
NC_008322.1,SAGE-GI-P,1255001,1275000
NC_008322.1,SAGE-GI-P,2081001,2129000
NC_008322.1,SAGE-GI-P,2723001,2751000
NC_008322.1,SAGE-GI-P,4007001,4025000
NC_008322.1,SAGE-GI-P,4611001,4637000
NC_008322.1,Emb-only-P,198001,254000
NC_008322.1,Emb-only-P,836001,855000
NC_008322.1,Emb-only-P,1174001,1208000
NC_008322.1,Emb-only-P,2081001,2129000
NC_008322.1,Emb-only-P,2723001,2751000
NC_008322.1,Emb-only-P,4007001,4025000
NC_008322.1,Emb-only-P,4611001,4637000
NC_008322.1,Emb-only-P,4765001,4780000
NC_008322.1,SAGE-GI-R,4951,14950
NC_008322.1,SAGE-GI-R,37051,68950
NC_008322.1,SAGE-GI-R,108851,128950
NC_008322.1,SAGE-GI-R,192151,267950
NC_008322.1,SAGE-GI-R,286251,320450
NC_008322.1,SAGE-GI-R,369851,392250
NC_008322.1,SAGE-GI-R,422151,459750
NC_008322.1,SAGE-GI-R,533951,591650
NC_008322.1,SAGE-GI-R,643351,660150
NC_008322.1,SAGE-GI-R,675951,685950
NC_008322.1,SAGE-GI-R,715051,737850
NC_008322.1,SAGE-GI-R,777751,793750
NC_008322.1,SAGE-GI-R,819351,854050
NC_008322.1,SAGE-GI-R,957551,971950
NC_008322.1,SAGE-GI-R,1171251,1214650
NC_008322.1,SAGE-GI-R,1251851,1276950
NC_008322.1,SAGE-GI-R,1298351,1310250
NC_008322.1,SAGE-GI-R,1372751,1388050
NC_008322.1,SAGE-GI-R,1503451,1631050
NC_008322.1,SAGE-GI-R,1652251,1668150
NC_008322.1,SAGE-GI-R,1703451,1731650
NC_008322.1,SAGE-GI-R,1817851,1838650
NC_008322.1,SAGE-GI-R,1857551,1874150
NC_008322.1,SAGE-GI-R,1898951,1914950
NC_008322.1,SAGE-GI-R,1943951,1957350
NC_008322.1,SAGE-GI-R,2011451,2025350
NC_008322.1,SAGE-GI-R,2080451,2126850
NC_008322.1,SAGE-GI-R,2141751,2150650
NC_008322.1,SAGE-GI-R,2174951,2197550
NC_008322.1,SAGE-GI-R,2330751,2353950
NC_008322.1,SAGE-GI-R,2371451,2393350
NC_008322.1,SAGE-GI-R,2415951,2432750
NC_008322.1,SAGE-GI-R,2463751,2473950
NC_008322.1,SAGE-GI-R,2572051,2582450
NC_008322.1,SAGE-GI-R,2613651,2658250
NC_008322.1,SAGE-GI-R,2721051,2778850
NC_008322.1,SAGE-GI-R,2834951,2852350
NC_008322.1,SAGE-GI-R,2883751,2903450
NC_008322.1,SAGE-GI-R,2924551,2936950
NC_008322.1,SAGE-GI-R,2974051,3001650
NC_008322.1,SAGE-GI-R,3016451,3028250
NC_008322.1,SAGE-GI-R,3040351,3054950
NC_008322.1,SAGE-GI-R,3092451,3102250
NC_008322.1,SAGE-GI-R,3191251,3263150
NC_008322.1,SAGE-GI-R,3384951,3409750
NC_008322.1,SAGE-GI-R,3520051,3533950
NC_008322.1,SAGE-GI-R,3576951,3619950
NC_008322.1,SAGE-GI-R,3637051,3650350
NC_008322.1,SAGE-GI-R,3757751,3780650
NC_008322.1,SAGE-GI-R,3926251,3939750
NC_008322.1,SAGE-GI-R,3968051,3985750
NC_008322.1,SAGE-GI-R,3998751,4033350
NC_008322.1,SAGE-GI-R,4089751,4104550
NC_008322.1,SAGE-GI-R,4138351,4176250
NC_008322.1,SAGE-GI-R,4212351,4228050
NC_008322.1,SAGE-GI-R,4267751,4287150
NC_008322.1,SAGE-GI-R,4318851,4343850
NC_008322.1,SAGE-GI-R,4378051,4399450
NC_008322.1,SAGE-GI-R,4487751,4513850
NC_008322.1,SAGE-GI-R,4592851,4638250
NC_008322.1,SAGE-GI-R,4745251,4787650
NC_008322.1,Emb-only-R,4951,17450
NC_008322.1,Emb-only-R,37051,56850
NC_008322.1,Emb-only-R,109351,126750
NC_008322.1,Emb-only-R,193351,274050
NC_008322.1,Emb-only-R,292251,321250
NC_008322.1,Emb-only-R,345351,356250
NC_008322.1,Emb-only-R,373951,395450
NC_008322.1,Emb-only-R,427851,457850
NC_008322.1,Emb-only-R,567351,596650
NC_008322.1,Emb-only-R,643851,658450
NC_008322.1,Emb-only-R,713951,736250
NC_008322.1,Emb-only-R,818951,853850
NC_008322.1,Emb-only-R,956251,973150
NC_008322.1,Emb-only-R,1142951,1216350
NC_008322.1,Emb-only-R,1252651,1276350
NC_008322.1,Emb-only-R,1335251,1351350
NC_008322.1,Emb-only-R,1373751,1386250
NC_008322.1,Emb-only-R,1411751,1423650
NC_008322.1,Emb-only-R,1505951,1567850
NC_008322.1,Emb-only-R,1579051,1631350
NC_008322.1,Emb-only-R,1712451,1723050
NC_008322.1,Emb-only-R,1818651,1836450
NC_008322.1,Emb-only-R,1857551,1874650
NC_008322.1,Emb-only-R,1897951,1914850
NC_008322.1,Emb-only-R,1938851,1956850
NC_008322.1,Emb-only-R,2011451,2025550
NC_008322.1,Emb-only-R,2080951,2126550
NC_008322.1,Emb-only-R,2140751,2152050
NC_008322.1,Emb-only-R,2180751,2197350
NC_008322.1,Emb-only-R,2331051,2350650
NC_008322.1,Emb-only-R,2359951,2405250
NC_008322.1,Emb-only-R,2415751,2434150
NC_008322.1,Emb-only-R,2569951,2579650
NC_008322.1,Emb-only-R,2601751,2661050
NC_008322.1,Emb-only-R,2721451,2778750
NC_008322.1,Emb-only-R,2837751,2853250
NC_008322.1,Emb-only-R,2887951,2904950
NC_008322.1,Emb-only-R,2924951,2944550
NC_008322.1,Emb-only-R,2978151,3003250
NC_008322.1,Emb-only-R,3015551,3028050
NC_008322.1,Emb-only-R,3040151,3056750
NC_008322.1,Emb-only-R,3095651,3107550
NC_008322.1,Emb-only-R,3177851,3214450
NC_008322.1,Emb-only-R,3220951,3228950
NC_008322.1,Emb-only-R,3246951,3263350
NC_008322.1,Emb-only-R,3298651,3312350
NC_008322.1,Emb-only-R,3386951,3409250
NC_008322.1,Emb-only-R,3577551,3610750
NC_008322.1,Emb-only-R,3637151,3650450
NC_008322.1,Emb-only-R,3759551,3780150
NC_008322.1,Emb-only-R,3924751,3939550
NC_008322.1,Emb-only-R,3967251,3987350
NC_008322.1,Emb-only-R,3997351,4034050
NC_008322.1,Emb-only-R,4089851,4106250
NC_008322.1,Emb-only-R,4134851,4153750
NC_008322.1,Emb-only-R,4210651,4231250
NC_008322.1,Emb-only-R,4240951,4291050
NC_008322.1,Emb-only-R,4314451,4344250
NC_008322.1,Emb-only-R,4387751,4396150
NC_008322.1,Emb-only-R,4462551,4476550
NC_008322.1,Emb-only-R,4487951,4513450
NC_008322.1,Emb-only-R,4588651,4638450
NC_008322.1,Emb-only-R,4692651,4709950
NC_008322.1,Emb-only-R,4744751,4787650
NC_008390.1,SAGE-GI-P,6001,17000
NC_008390.1,SAGE-GI-P,290001,334000
NC_008390.1,SAGE-GI-P,399001,423000
NC_008390.1,SAGE-GI-P,824001,855000
NC_008390.1,SAGE-GI-P,1299001,1319000
NC_008390.1,SAGE-GI-P,2024001,2074000
NC_008390.1,SAGE-GI-P,2160001,2216000
NC_008390.1,SAGE-GI-P,2649001,2679000
NC_008390.1,Emb-only-P,6001,17000
NC_008390.1,Emb-only-P,290001,334000
NC_008390.1,Emb-only-P,399001,423000
NC_008390.1,Emb-only-P,824001,855000
NC_008390.1,Emb-only-P,1299001,1341000
NC_008390.1,Emb-only-P,2024001,2074000
NC_008390.1,Emb-only-P,2160001,2216000
NC_008390.1,Emb-only-P,2495951,2508950
NC_008390.1,Emb-only-P,2649001,2679000
NC_008390.1,SAGE-GI-R,4951,39550
NC_008390.1,SAGE-GI-R,84851,112050
NC_008390.1,SAGE-GI-R,178451,201150
NC_008390.1,SAGE-GI-R,230951,251850
NC_008390.1,SAGE-GI-R,285451,341050
NC_008390.1,SAGE-GI-R,359051,377050
NC_008390.1,SAGE-GI-R,393151,444150
NC_008390.1,SAGE-GI-R,498351,523450
NC_008390.1,SAGE-GI-R,631551,651150
NC_008390.1,SAGE-GI-R,745051,761450
NC_008390.1,SAGE-GI-R,809951,858150
NC_008390.1,SAGE-GI-R,983051,1022450
NC_008390.1,SAGE-GI-R,1144951,1156450
NC_008390.1,SAGE-GI-R,1225551,1235050
NC_008390.1,SAGE-GI-R,1284951,1345750
NC_008390.1,SAGE-GI-R,1370951,1388150
NC_008390.1,SAGE-GI-R,1408851,1428350
NC_008390.1,SAGE-GI-R,1495651,1555950
NC_008390.1,SAGE-GI-R,1569951,1602150
NC_008390.1,SAGE-GI-R,1614851,1626750
NC_008390.1,SAGE-GI-R,1649651,1709550
NC_008390.1,SAGE-GI-R,1759651,1778150
NC_008390.1,SAGE-GI-R,1785851,1806750
NC_008390.1,SAGE-GI-R,1881151,1912850
NC_008390.1,SAGE-GI-R,2020251,2076450
NC_008390.1,SAGE-GI-R,2149851,2224550
NC_008390.1,SAGE-GI-R,2248651,2267050
NC_008390.1,SAGE-GI-R,2294851,2342650
NC_008390.1,SAGE-GI-R,2376651,2390250
NC_008390.1,SAGE-GI-R,2450351,2530650
NC_008390.1,SAGE-GI-R,2601651,2618050
NC_008390.1,SAGE-GI-R,2641651,2692750
NC_008390.1,SAGE-GI-R,2751951,2765250
NC_008390.1,SAGE-GI-R,2822251,2846150
NC_008390.1,SAGE-GI-R,2956551,2975050
NC_008390.1,SAGE-GI-R,3102351,3157350
NC_008390.1,SAGE-GI-R,3191051,3205550
NC_008390.1,SAGE-GI-R,3302051,3316150
NC_008390.1,SAGE-GI-R,3356851,3391250
NC_008390.1,SAGE-GI-R,3425451,3438050
NC_008390.1,SAGE-GI-R,3459551,3488750
NC_008390.1,Emb-only-R,4951,41350
NC_008390.1,Emb-only-R,93451,114950
NC_008390.1,Emb-only-R,185251,201350
NC_008390.1,Emb-only-R,231551,251550
NC_008390.1,Emb-only-R,285951,337250
NC_008390.1,Emb-only-R,358851,378450
NC_008390.1,Emb-only-R,390551,451550
NC_008390.1,Emb-only-R,496651,515150
NC_008390.1,Emb-only-R,631551,651250
NC_008390.1,Emb-only-R,742351,762550
NC_008390.1,Emb-only-R,816951,858250
NC_008390.1,Emb-only-R,985451,1024050
NC_008390.1,Emb-only-R,1144951,1157050
NC_008390.1,Emb-only-R,1223651,1241150
NC_008390.1,Emb-only-R,1280751,1346150
NC_008390.1,Emb-only-R,1406651,1420950
NC_008390.1,Emb-only-R,1490651,1557250
NC_008390.1,Emb-only-R,1572351,1602250
NC_008390.1,Emb-only-R,1614551,1626250
NC_008390.1,Emb-only-R,1649951,1708450
NC_008390.1,Emb-only-R,1775351,1808550
NC_008390.1,Emb-only-R,1881551,1916350
NC_008390.1,Emb-only-R,2018151,2076850
NC_008390.1,Emb-only-R,2149451,2219650
NC_008390.1,Emb-only-R,2253151,2267650
NC_008390.1,Emb-only-R,2295351,2343850
NC_008390.1,Emb-only-R,2374951,2390050
NC_008390.1,Emb-only-R,2450651,2533150
NC_008390.1,Emb-only-R,2645651,2695050
NC_008390.1,Emb-only-R,2822351,2843750
NC_008390.1,Emb-only-R,2956251,2976150
NC_008390.1,Emb-only-R,3110651,3158550
NC_008390.1,Emb-only-R,3191251,3206250
NC_008390.1,Emb-only-R,3299251,3320350
NC_008390.1,Emb-only-R,3381051,3391250
NC_008390.1,Emb-only-R,3460551,3489050
NC_008463.1,SAGE-GI-P,290001,316000
NC_008463.1,SAGE-GI-P,731001,786000
NC_008463.1,SAGE-GI-P,1297001,1331000
NC_008463.1,SAGE-GI-P,1920001,1941000
NC_008463.1,SAGE-GI-P,2025001,2041000
NC_008463.1,SAGE-GI-P,2474001,2493000
NC_008463.1,SAGE-GI-P,2677001,2721000
NC_008463.1,SAGE-GI-P,2964001,3008000
NC_008463.1,SAGE-GI-P,3175001,3194000
NC_008463.1,SAGE-GI-P,4128001,4156000
NC_008463.1,SAGE-GI-P,4572001,4598000
NC_008463.1,SAGE-GI-P,4860001,4896000
NC_008463.1,SAGE-GI-P,5237001,5359000
NC_008463.1,Emb-only-P,290001,316000
NC_008463.1,Emb-only-P,718001,772000
NC_008463.1,Emb-only-P,1297001,1331000
NC_008463.1,Emb-only-P,1920001,1941000
NC_008463.1,Emb-only-P,2025001,2041000
NC_008463.1,Emb-only-P,2474001,2493000
NC_008463.1,Emb-only-P,2677001,2723000
NC_008463.1,Emb-only-P,3175001,3194000
NC_008463.1,Emb-only-P,4128001,4156000
NC_008463.1,Emb-only-P,4572001,4612000
NC_008463.1,Emb-only-P,4860001,4896000
NC_008463.1,Emb-only-P,5237001,5359000
NC_008463.1,SAGE-GI-R,42251,59950
NC_008463.1,SAGE-GI-R,115651,133950
NC_008463.1,SAGE-GI-R,217151,231950
NC_008463.1,SAGE-GI-R,274951,320050
NC_008463.1,SAGE-GI-R,462151,484550
NC_008463.1,SAGE-GI-R,633351,674050
NC_008463.1,SAGE-GI-R,683851,816250
NC_008463.1,SAGE-GI-R,879451,898850
NC_008463.1,SAGE-GI-R,955851,969150
NC_008463.1,SAGE-GI-R,1180551,1203150
NC_008463.1,SAGE-GI-R,1225151,1235850
NC_008463.1,SAGE-GI-R,1253251,1261350
NC_008463.1,SAGE-GI-R,1291851,1335550
NC_008463.1,SAGE-GI-R,1467951,1495450
NC_008463.1,SAGE-GI-R,1570151,1596350
NC_008463.1,SAGE-GI-R,1621151,1642650
NC_008463.1,SAGE-GI-R,1756151,1772750
NC_008463.1,SAGE-GI-R,1804651,1818850
NC_008463.1,SAGE-GI-R,1857551,1871250
NC_008463.1,SAGE-GI-R,1916351,1946850
NC_008463.1,SAGE-GI-R,2016551,2052850
NC_008463.1,SAGE-GI-R,2189651,2256550
NC_008463.1,SAGE-GI-R,2348851,2360950
NC_008463.1,SAGE-GI-R,2389151,2399950
NC_008463.1,SAGE-GI-R,2445151,2502150
NC_008463.1,SAGE-GI-R,2539251,2568850
NC_008463.1,SAGE-GI-R,2581851,2615950
NC_008463.1,SAGE-GI-R,2638351,2732550
NC_008463.1,SAGE-GI-R,2778451,2800250
NC_008463.1,SAGE-GI-R,2845751,2878850
NC_008463.1,SAGE-GI-R,2916451,2946850
NC_008463.1,SAGE-GI-R,2959951,2993350
NC_008463.1,SAGE-GI-R,3010751,3022650
NC_008463.1,SAGE-GI-R,3164251,3206350
NC_008463.1,SAGE-GI-R,3249651,3273050
NC_008463.1,SAGE-GI-R,3391351,3412050
NC_008463.1,SAGE-GI-R,3507251,3519050
NC_008463.1,SAGE-GI-R,3539951,3599550
NC_008463.1,SAGE-GI-R,3666551,3684350
NC_008463.1,SAGE-GI-R,3775751,3796750
NC_008463.1,SAGE-GI-R,3833651,3846250
NC_008463.1,SAGE-GI-R,3908451,3926350
NC_008463.1,SAGE-GI-R,3940451,3983950
NC_008463.1,SAGE-GI-R,3995451,4010350
NC_008463.1,SAGE-GI-R,4054151,4073250
NC_008463.1,SAGE-GI-R,4127451,4183950
NC_008463.1,SAGE-GI-R,4197551,4209750
NC_008463.1,SAGE-GI-R,4283251,4320850
NC_008463.1,SAGE-GI-R,4341951,4359950
NC_008463.1,SAGE-GI-R,4390051,4414450
NC_008463.1,SAGE-GI-R,4451751,4460750
NC_008463.1,SAGE-GI-R,4470351,4489250
NC_008463.1,SAGE-GI-R,4500051,4512050
NC_008463.1,SAGE-GI-R,4564751,4629750
NC_008463.1,SAGE-GI-R,4747351,4765250
NC_008463.1,SAGE-GI-R,4776451,4791250
NC_008463.1,SAGE-GI-R,4857651,4933450
NC_008463.1,SAGE-GI-R,4947651,4971750
NC_008463.1,SAGE-GI-R,5098051,5138250
NC_008463.1,SAGE-GI-R,5222051,5386750
NC_008463.1,SAGE-GI-R,5455351,5468050
NC_008463.1,SAGE-GI-R,5532151,5547650
NC_008463.1,SAGE-GI-R,5587951,5623350
NC_008463.1,SAGE-GI-R,5772351,5782250
NC_008463.1,SAGE-GI-R,5811851,5830550
NC_008463.1,SAGE-GI-R,5914351,5923950
NC_008463.1,SAGE-GI-R,5941051,5974450
NC_008463.1,SAGE-GI-R,5991351,6007250
NC_008463.1,SAGE-GI-R,6028451,6048150
NC_008463.1,SAGE-GI-R,6180551,6206950
NC_008463.1,SAGE-GI-R,6307951,6321950
NC_008463.1,SAGE-GI-R,6355551,6376050
NC_008463.1,SAGE-GI-R,6412551,6435350
NC_008463.1,SAGE-GI-R,6521151,6532650
NC_008463.1,Emb-only-R,42951,59650
NC_008463.1,Emb-only-R,113551,163050
NC_008463.1,Emb-only-R,215851,233750
NC_008463.1,Emb-only-R,273551,319750
NC_008463.1,Emb-only-R,343451,355750
NC_008463.1,Emb-only-R,457851,475650
NC_008463.1,Emb-only-R,515051,527350
NC_008463.1,Emb-only-R,633951,781550
NC_008463.1,Emb-only-R,798351,816050
NC_008463.1,Emb-only-R,849751,866150
NC_008463.1,Emb-only-R,883851,896050
NC_008463.1,Emb-only-R,959651,968150
NC_008463.1,Emb-only-R,1036651,1061850
NC_008463.1,Emb-only-R,1181251,1203350
NC_008463.1,Emb-only-R,1224951,1236750
NC_008463.1,Emb-only-R,1292351,1336250
NC_008463.1,Emb-only-R,1468851,1493550
NC_008463.1,Emb-only-R,1571651,1591650
NC_008463.1,Emb-only-R,1613751,1642150
NC_008463.1,Emb-only-R,1755051,1772050
NC_008463.1,Emb-only-R,1804651,1819250
NC_008463.1,Emb-only-R,1860851,1873950
NC_008463.1,Emb-only-R,1916251,1945650
NC_008463.1,Emb-only-R,2014651,2056150
NC_008463.1,Emb-only-R,2148151,2170050
NC_008463.1,Emb-only-R,2189451,2261650
NC_008463.1,Emb-only-R,2314051,2324950
NC_008463.1,Emb-only-R,2419751,2429150
NC_008463.1,Emb-only-R,2443351,2498650
NC_008463.1,Emb-only-R,2532451,2570350
NC_008463.1,Emb-only-R,2580651,2611750
NC_008463.1,Emb-only-R,2635051,2733650
NC_008463.1,Emb-only-R,2776151,2818350
NC_008463.1,Emb-only-R,2843551,2878450
NC_008463.1,Emb-only-R,2916851,2947250
NC_008463.1,Emb-only-R,2960851,2992150
NC_008463.1,Emb-only-R,3006451,3021650
NC_008463.1,Emb-only-R,3171651,3206450
NC_008463.1,Emb-only-R,3224851,3238850
NC_008463.1,Emb-only-R,3253451,3270350
NC_008463.1,Emb-only-R,3392751,3411850
NC_008463.1,Emb-only-R,3507251,3519250
NC_008463.1,Emb-only-R,3546551,3599050
NC_008463.1,Emb-only-R,3669051,3684050
NC_008463.1,Emb-only-R,3775751,3789250
NC_008463.1,Emb-only-R,3912751,3927150
NC_008463.1,Emb-only-R,3937651,3976550
NC_008463.1,Emb-only-R,3995451,4009950
NC_008463.1,Emb-only-R,4128551,4184250
NC_008463.1,Emb-only-R,4196851,4208650
NC_008463.1,Emb-only-R,4288851,4320450
NC_008463.1,Emb-only-R,4341951,4359850
NC_008463.1,Emb-only-R,4390651,4438750
NC_008463.1,Emb-only-R,4459751,4488750
NC_008463.1,Emb-only-R,4503051,4514050
NC_008463.1,Emb-only-R,4560351,4628350
NC_008463.1,Emb-only-R,4747251,4769150
NC_008463.1,Emb-only-R,4776151,4797650
NC_008463.1,Emb-only-R,4856951,4902650
NC_008463.1,Emb-only-R,4911351,4933350
NC_008463.1,Emb-only-R,4946551,4963550
NC_008463.1,Emb-only-R,5098651,5141850
NC_008463.1,Emb-only-R,5223551,5388450
NC_008463.1,Emb-only-R,5455651,5466950
NC_008463.1,Emb-only-R,5531951,5546350
NC_008463.1,Emb-only-R,5594551,5616150
NC_008463.1,Emb-only-R,5766251,5782150
NC_008463.1,Emb-only-R,5811551,5824450
NC_008463.1,Emb-only-R,5945051,5971350
NC_008463.1,Emb-only-R,5991451,6007550
NC_008463.1,Emb-only-R,6182351,6205950
NC_008463.1,Emb-only-R,6306451,6321750
NC_008463.1,Emb-only-R,6349051,6371050
NC_008463.1,Emb-only-R,6421751,6435450
NC_008463.1,Emb-only-R,6521251,6532650
NC_008543.1,SAGE-GI-P,42001,165000
NC_008543.1,SAGE-GI-P,310001,336000
NC_008543.1,SAGE-GI-P,590001,611000
NC_008543.1,SAGE-GI-P,1599001,1642000
NC_008543.1,SAGE-GI-P,2228001,2288000
NC_008543.1,SAGE-GI-P,2672001,2715000
NC_008543.1,SAGE-GI-P,2877001,2902000
NC_008543.1,Emb-only-P,42001,164000
NC_008543.1,Emb-only-P,310001,336000
NC_008543.1,Emb-only-P,590001,611000
NC_008543.1,Emb-only-P,1599001,1642000
NC_008543.1,Emb-only-P,2228001,2288000
NC_008543.1,Emb-only-P,2672001,2715000
NC_008543.1,Emb-only-P,2877001,2902000
NC_008543.1,SAGE-GI-R,4951,16950
NC_008543.1,SAGE-GI-R,42151,181250
NC_008543.1,SAGE-GI-R,255451,278650
NC_008543.1,SAGE-GI-R,299051,341750
NC_008543.1,SAGE-GI-R,487451,515950
NC_008543.1,SAGE-GI-R,581151,614650
NC_008543.1,SAGE-GI-R,736951,761150
NC_008543.1,SAGE-GI-R,805051,894650
NC_008543.1,SAGE-GI-R,1019751,1039450
NC_008543.1,SAGE-GI-R,1090351,1101050
NC_008543.1,SAGE-GI-R,1111951,1141850
NC_008543.1,SAGE-GI-R,1341251,1362350
NC_008543.1,SAGE-GI-R,1395251,1427750
NC_008543.1,SAGE-GI-R,1599651,1644350
NC_008543.1,SAGE-GI-R,1712051,1724150
NC_008543.1,SAGE-GI-R,1795251,1868750
NC_008543.1,SAGE-GI-R,1928351,1955950
NC_008543.1,SAGE-GI-R,2000151,2016750
NC_008543.1,SAGE-GI-R,2033351,2052450
NC_008543.1,SAGE-GI-R,2171951,2186550
NC_008543.1,SAGE-GI-R,2217751,2294250
NC_008543.1,SAGE-GI-R,2368151,2387650
NC_008543.1,SAGE-GI-R,2430651,2443250
NC_008543.1,SAGE-GI-R,2468751,2507050
NC_008543.1,SAGE-GI-R,2526351,2546350
NC_008543.1,SAGE-GI-R,2662551,2716650
NC_008543.1,SAGE-GI-R,2770751,2790050
NC_008543.1,SAGE-GI-R,2811051,2826850
NC_008543.1,SAGE-GI-R,2874251,2914750
NC_008543.1,SAGE-GI-R,2941251,2953450
NC_008543.1,Emb-only-R,4951,15250
NC_008543.1,Emb-only-R,40751,177550
NC_008543.1,Emb-only-R,251051,278950
NC_008543.1,Emb-only-R,297051,340050
NC_008543.1,Emb-only-R,486951,510250
NC_008543.1,Emb-only-R,578951,615150
NC_008543.1,Emb-only-R,737451,759050
NC_008543.1,Emb-only-R,806551,826350
NC_008543.1,Emb-only-R,845251,887750
NC_008543.1,Emb-only-R,1019851,1032350
NC_008543.1,Emb-only-R,1111751,1140450
NC_008543.1,Emb-only-R,1340951,1362350
NC_008543.1,Emb-only-R,1393051,1426750
NC_008543.1,Emb-only-R,1600751,1645250
NC_008543.1,Emb-only-R,1711051,1725650
NC_008543.1,Emb-only-R,1814851,1830050
NC_008543.1,Emb-only-R,1856951,1879250
NC_008543.1,Emb-only-R,1925051,1955750
NC_008543.1,Emb-only-R,1978451,1989350
NC_008543.1,Emb-only-R,1997251,2015250
NC_008543.1,Emb-only-R,2035751,2051250
NC_008543.1,Emb-only-R,2174751,2187050
NC_008543.1,Emb-only-R,2217451,2294450
NC_008543.1,Emb-only-R,2370851,2392850
NC_008543.1,Emb-only-R,2429851,2443750
NC_008543.1,Emb-only-R,2469151,2512050
NC_008543.1,Emb-only-R,2529351,2547650
NC_008543.1,Emb-only-R,2663551,2716450
NC_008543.1,Emb-only-R,2768351,2789350
NC_008543.1,Emb-only-R,2812851,2833150
NC_008543.1,Emb-only-R,2863651,2918650
NC_008543.1,Emb-only-R,2940051,2953250
NC_008563.1,SAGE-GI-P,229001,311000
NC_008563.1,SAGE-GI-P,941001,965000
NC_008563.1,SAGE-GI-P,1184001,1231000
NC_008563.1,SAGE-GI-P,1347001,1374000
NC_008563.1,SAGE-GI-P,1498001,1524000
NC_008563.1,SAGE-GI-P,2038001,2134000
NC_008563.1,SAGE-GI-P,2150001,2167000
NC_008563.1,SAGE-GI-P,2265001,2286000
NC_008563.1,SAGE-GI-P,2570001,2606000
NC_008563.1,SAGE-GI-P,2902001,2950000
NC_008563.1,SAGE-GI-P,3118001,3157000
NC_008563.1,SAGE-GI-P,3306001,3378000
NC_008563.1,SAGE-GI-P,4487001,4527000
NC_008563.1,SAGE-GI-P,5004001,5053000
NC_008563.1,Emb-only-P,229001,311000
NC_008563.1,Emb-only-P,941001,965000
NC_008563.1,Emb-only-P,1184001,1231000
NC_008563.1,Emb-only-P,1347001,1374000
NC_008563.1,Emb-only-P,1498001,1524000
NC_008563.1,Emb-only-P,2038001,2134000
NC_008563.1,Emb-only-P,2150001,2190000
NC_008563.1,Emb-only-P,2570001,2606000
NC_008563.1,Emb-only-P,2736001,2776000
NC_008563.1,Emb-only-P,2902001,2950000
NC_008563.1,Emb-only-P,3118001,3157000
NC_008563.1,Emb-only-P,3306001,3378000
NC_008563.1,Emb-only-P,4487001,4527000
NC_008563.1,Emb-only-P,5004001,5053000
NC_008563.1,SAGE-GI-R,65651,79050
NC_008563.1,SAGE-GI-R,119951,139950
NC_008563.1,SAGE-GI-R,152451,167550
NC_008563.1,SAGE-GI-R,225251,281650
NC_008563.1,SAGE-GI-R,291851,362150
NC_008563.1,SAGE-GI-R,403151,415850
NC_008563.1,SAGE-GI-R,460751,477850
NC_008563.1,SAGE-GI-R,504751,517650
NC_008563.1,SAGE-GI-R,565951,582650
NC_008563.1,SAGE-GI-R,726551,750250
NC_008563.1,SAGE-GI-R,834651,844850
NC_008563.1,SAGE-GI-R,912751,983350
NC_008563.1,SAGE-GI-R,1073351,1088450
NC_008563.1,SAGE-GI-R,1176451,1240150
NC_008563.1,SAGE-GI-R,1324051,1373450
NC_008563.1,SAGE-GI-R,1452351,1543350
NC_008563.1,SAGE-GI-R,1581951,1594450
NC_008563.1,SAGE-GI-R,1618351,1644650
NC_008563.1,SAGE-GI-R,2032951,2171650
NC_008563.1,SAGE-GI-R,2185051,2207750
NC_008563.1,SAGE-GI-R,2240451,2315850
NC_008563.1,SAGE-GI-R,2494351,2506450
NC_008563.1,SAGE-GI-R,2567351,2629350
NC_008563.1,SAGE-GI-R,2641951,2654850
NC_008563.1,SAGE-GI-R,2684951,2694250
NC_008563.1,SAGE-GI-R,2734351,2797550
NC_008563.1,SAGE-GI-R,2874651,2895650
NC_008563.1,SAGE-GI-R,2909451,2965550
NC_008563.1,SAGE-GI-R,3115651,3167650
NC_008563.1,SAGE-GI-R,3305651,3391550
NC_008563.1,SAGE-GI-R,3456751,3470350
NC_008563.1,SAGE-GI-R,3478651,3495050
NC_008563.1,SAGE-GI-R,3598051,3612450
NC_008563.1,SAGE-GI-R,3708451,3770650
NC_008563.1,SAGE-GI-R,3848051,3860950
NC_008563.1,SAGE-GI-R,3872451,3921250
NC_008563.1,SAGE-GI-R,3959851,3969950
NC_008563.1,SAGE-GI-R,4063751,4075250
NC_008563.1,SAGE-GI-R,4086251,4106650
NC_008563.1,SAGE-GI-R,4127951,4143050
NC_008563.1,SAGE-GI-R,4195751,4247850
NC_008563.1,SAGE-GI-R,4349651,4364350
NC_008563.1,SAGE-GI-R,4379551,4390750
NC_008563.1,SAGE-GI-R,4439451,4449650
NC_008563.1,SAGE-GI-R,4480051,4537450
NC_008563.1,SAGE-GI-R,4660351,4673050
NC_008563.1,SAGE-GI-R,4688251,4728750
NC_008563.1,SAGE-GI-R,4738551,4778250
NC_008563.1,SAGE-GI-R,4800751,4815350
NC_008563.1,SAGE-GI-R,4910451,4930750
NC_008563.1,SAGE-GI-R,4941351,4955350
NC_008563.1,SAGE-GI-R,4998551,5049750
NC_008563.1,Emb-only-R,67251,79150
NC_008563.1,Emb-only-R,114751,139150
NC_008563.1,Emb-only-R,225651,281650
NC_008563.1,Emb-only-R,291851,368650
NC_008563.1,Emb-only-R,403051,413150
NC_008563.1,Emb-only-R,500351,520650
NC_008563.1,Emb-only-R,567951,582450
NC_008563.1,Emb-only-R,727951,750350
NC_008563.1,Emb-only-R,835551,847150
NC_008563.1,Emb-only-R,914851,979650
NC_008563.1,Emb-only-R,1177551,1241050
NC_008563.1,Emb-only-R,1322851,1373250
NC_008563.1,Emb-only-R,1455451,1541550
NC_008563.1,Emb-only-R,1582051,1595150
NC_008563.1,Emb-only-R,1618851,1644350
NC_008563.1,Emb-only-R,2037051,2172050
NC_008563.1,Emb-only-R,2184151,2201450
NC_008563.1,Emb-only-R,2239951,2287450
NC_008563.1,Emb-only-R,2304551,2322750
NC_008563.1,Emb-only-R,2565451,2629750
NC_008563.1,Emb-only-R,2640651,2661150
NC_008563.1,Emb-only-R,2732951,2800450
NC_008563.1,Emb-only-R,2871551,2897150
NC_008563.1,Emb-only-R,2907651,2970450
NC_008563.1,Emb-only-R,3116151,3163150
NC_008563.1,Emb-only-R,3191551,3204050
NC_008563.1,Emb-only-R,3301751,3391950
NC_008563.1,Emb-only-R,3598051,3613450
NC_008563.1,Emb-only-R,3709751,3771350
NC_008563.1,Emb-only-R,3849151,3916450
NC_008563.1,Emb-only-R,3960051,3970950
NC_008563.1,Emb-only-R,4063451,4113350
NC_008563.1,Emb-only-R,4201151,4245750
NC_008563.1,Emb-only-R,4350051,4363550
NC_008563.1,Emb-only-R,4379551,4394650
NC_008563.1,Emb-only-R,4481651,4537650
NC_008563.1,Emb-only-R,4662051,4673650
NC_008563.1,Emb-only-R,4686651,4727850
NC_008563.1,Emb-only-R,4742351,4778350
NC_008563.1,Emb-only-R,4803951,4814750
NC_008563.1,Emb-only-R,4888651,4961050
NC_008563.1,Emb-only-R,4997651,5049850
NC_008577.1,SAGE-GI-P,200001,273000
NC_008577.1,SAGE-GI-P,428001,441000
NC_008577.1,SAGE-GI-P,1458001,1554000
NC_008577.1,SAGE-GI-P,1592001,1604000
NC_008577.1,SAGE-GI-P,2105001,2161000
NC_008577.1,SAGE-GI-P,2408001,2448000
NC_008577.1,SAGE-GI-P,2612001,2634000
NC_008577.1,SAGE-GI-P,4477001,4489000
NC_008577.1,SAGE-GI-P,4617001,4641000
NC_008577.1,Emb-only-P,200001,273000
NC_008577.1,Emb-only-P,428001,441000
NC_008577.1,Emb-only-P,1458001,1554000
NC_008577.1,Emb-only-P,1592001,1604000
NC_008577.1,Emb-only-P,2105001,2161000
NC_008577.1,Emb-only-P,2408001,2448000
NC_008577.1,Emb-only-P,2514001,2529000
NC_008577.1,Emb-only-P,2612001,2634000
NC_008577.1,Emb-only-P,2800001,2836000
NC_008577.1,Emb-only-P,4617001,4641000
NC_008577.1,SAGE-GI-R,4951,29550
NC_008577.1,SAGE-GI-R,40651,60050
NC_008577.1,SAGE-GI-R,121251,132250
NC_008577.1,SAGE-GI-R,178851,276650
NC_008577.1,SAGE-GI-R,330851,341250
NC_008577.1,SAGE-GI-R,362451,373850
NC_008577.1,SAGE-GI-R,417751,446250
NC_008577.1,SAGE-GI-R,473151,497650
NC_008577.1,SAGE-GI-R,586751,621650
NC_008577.1,SAGE-GI-R,732651,768150
NC_008577.1,SAGE-GI-R,939251,950750
NC_008577.1,SAGE-GI-R,1053451,1071550
NC_008577.1,SAGE-GI-R,1097051,1132650
NC_008577.1,SAGE-GI-R,1155751,1222550
NC_008577.1,SAGE-GI-R,1326651,1343850
NC_008577.1,SAGE-GI-R,1433651,1610750
NC_008577.1,SAGE-GI-R,1640751,1651350
NC_008577.1,SAGE-GI-R,1689051,1705550
NC_008577.1,SAGE-GI-R,1768451,1793650
NC_008577.1,SAGE-GI-R,1811751,1833050
NC_008577.1,SAGE-GI-R,1848851,1866550
NC_008577.1,SAGE-GI-R,1889351,1911450
NC_008577.1,SAGE-GI-R,2006851,2036550
NC_008577.1,SAGE-GI-R,2114551,2177550
NC_008577.1,SAGE-GI-R,2399151,2452150
NC_008577.1,SAGE-GI-R,2496951,2537250
NC_008577.1,SAGE-GI-R,2605051,2674550
NC_008577.1,SAGE-GI-R,2687251,2706150
NC_008577.1,SAGE-GI-R,2795951,2839050
NC_008577.1,SAGE-GI-R,2917451,2940650
NC_008577.1,SAGE-GI-R,3024451,3037450
NC_008577.1,SAGE-GI-R,3060251,3073550
NC_008577.1,SAGE-GI-R,3115151,3161450
NC_008577.1,SAGE-GI-R,3191051,3206350
NC_008577.1,SAGE-GI-R,3335951,3349350
NC_008577.1,SAGE-GI-R,3382651,3403150
NC_008577.1,SAGE-GI-R,3477351,3503250
NC_008577.1,SAGE-GI-R,3542751,3567350
NC_008577.1,SAGE-GI-R,3740751,3777050
NC_008577.1,SAGE-GI-R,3795951,3809750
NC_008577.1,SAGE-GI-R,3921851,3939750
NC_008577.1,SAGE-GI-R,4092551,4118150
NC_008577.1,SAGE-GI-R,4135751,4146350
NC_008577.1,SAGE-GI-R,4186951,4203550
NC_008577.1,SAGE-GI-R,4241451,4259050
NC_008577.1,SAGE-GI-R,4267051,4284050
NC_008577.1,SAGE-GI-R,4472851,4505550
NC_008577.1,SAGE-GI-R,4538251,4562650
NC_008577.1,SAGE-GI-R,4612651,4644750
NC_008577.1,SAGE-GI-R,4683751,4714850
NC_008577.1,SAGE-GI-R,4767651,4809050
NC_008577.1,SAGE-GI-R,4911751,4923650
NC_008577.1,SAGE-GI-R,4941551,4967250
NC_008577.1,Emb-only-R,4951,27050
NC_008577.1,Emb-only-R,46751,59950
NC_008577.1,Emb-only-R,114251,127050
NC_008577.1,Emb-only-R,177651,277750
NC_008577.1,Emb-only-R,420551,446150
NC_008577.1,Emb-only-R,471651,500550
NC_008577.1,Emb-only-R,588851,605250
NC_008577.1,Emb-only-R,617251,628250
NC_008577.1,Emb-only-R,663951,674450
NC_008577.1,Emb-only-R,701551,714250
NC_008577.1,Emb-only-R,731851,743450
NC_008577.1,Emb-only-R,757951,773350
NC_008577.1,Emb-only-R,845651,854750
NC_008577.1,Emb-only-R,944951,954350
NC_008577.1,Emb-only-R,1057651,1074950
NC_008577.1,Emb-only-R,1104451,1116550
NC_008577.1,Emb-only-R,1155851,1222050
NC_008577.1,Emb-only-R,1267951,1285050
NC_008577.1,Emb-only-R,1326251,1343250
NC_008577.1,Emb-only-R,1434551,1555950
NC_008577.1,Emb-only-R,1568251,1610550
NC_008577.1,Emb-only-R,1640651,1650750
NC_008577.1,Emb-only-R,1691151,1704750
NC_008577.1,Emb-only-R,1772551,1793650
NC_008577.1,Emb-only-R,1812851,1827250
NC_008577.1,Emb-only-R,1849251,1866450
NC_008577.1,Emb-only-R,1885651,1909150
NC_008577.1,Emb-only-R,2006351,2036650
NC_008577.1,Emb-only-R,2104551,2181250
NC_008577.1,Emb-only-R,2251051,2274150
NC_008577.1,Emb-only-R,2400351,2451850
NC_008577.1,Emb-only-R,2494451,2536550
NC_008577.1,Emb-only-R,2608451,2699850
NC_008577.1,Emb-only-R,2763851,2782050
NC_008577.1,Emb-only-R,2791151,2843050
NC_008577.1,Emb-only-R,2958051,2976350
NC_008577.1,Emb-only-R,3026651,3042550
NC_008577.1,Emb-only-R,3059951,3073350
NC_008577.1,Emb-only-R,3116851,3157650
NC_008577.1,Emb-only-R,3191051,3206550
NC_008577.1,Emb-only-R,3332951,3355450
NC_008577.1,Emb-only-R,3379451,3403850
NC_008577.1,Emb-only-R,3471851,3503050
NC_008577.1,Emb-only-R,3544051,3565050
NC_008577.1,Emb-only-R,3742651,3777650
NC_008577.1,Emb-only-R,3795451,3815250
NC_008577.1,Emb-only-R,3922351,3943050
NC_008577.1,Emb-only-R,3956651,3967450
NC_008577.1,Emb-only-R,4099751,4119650
NC_008577.1,Emb-only-R,4131051,4149550
NC_008577.1,Emb-only-R,4186851,4201550
NC_008577.1,Emb-only-R,4243551,4283850
NC_008577.1,Emb-only-R,4472051,4494050
NC_008577.1,Emb-only-R,4538951,4563050
NC_008577.1,Emb-only-R,4611651,4644250
NC_008577.1,Emb-only-R,4685451,4715050
NC_008577.1,Emb-only-R,4797751,4807750
NC_008577.1,Emb-only-R,4813651,4839850
NC_008577.1,Emb-only-R,4881251,4924350
NC_008577.1,Emb-only-R,4942051,4967250
NC_008595.1,SAGE-GI-P,78001,99000
NC_008595.1,SAGE-GI-P,254001,295000
NC_008595.1,SAGE-GI-P,756001,795000
NC_008595.1,SAGE-GI-P,1425001,1486000
NC_008595.1,SAGE-GI-P,1819001,1955000
NC_008595.1,SAGE-GI-P,2564001,2586000
NC_008595.1,SAGE-GI-P,2710001,2729000
NC_008595.1,SAGE-GI-P,3918001,3941000
NC_008595.1,SAGE-GI-P,5174001,5260000
NC_008595.1,Emb-only-P,78001,99000
NC_008595.1,Emb-only-P,254001,295000
NC_008595.1,Emb-only-P,1425001,1453000
NC_008595.1,Emb-only-P,1808001,1955000
NC_008595.1,Emb-only-P,2240001,2257000
NC_008595.1,Emb-only-P,2602001,2626000
NC_008595.1,Emb-only-P,2662001,2673000
NC_008595.1,Emb-only-P,3383001,3416000
NC_008595.1,Emb-only-P,5174001,5260000
NC_008595.1,SAGE-GI-R,4951,54250
NC_008595.1,SAGE-GI-R,78351,115550
NC_008595.1,SAGE-GI-R,199851,297550
NC_008595.1,SAGE-GI-R,317851,329550
NC_008595.1,SAGE-GI-R,460651,500050
NC_008595.1,SAGE-GI-R,556951,566950
NC_008595.1,SAGE-GI-R,635651,687950
NC_008595.1,SAGE-GI-R,749451,799150
NC_008595.1,SAGE-GI-R,882551,927650
NC_008595.1,SAGE-GI-R,964751,982850
NC_008595.1,SAGE-GI-R,1044351,1055850
NC_008595.1,SAGE-GI-R,1181051,1192950
NC_008595.1,SAGE-GI-R,1345251,1364250
NC_008595.1,SAGE-GI-R,1412751,1496450
NC_008595.1,SAGE-GI-R,1605351,1622250
NC_008595.1,SAGE-GI-R,1650751,1674250
NC_008595.1,SAGE-GI-R,1693951,1702350
NC_008595.1,SAGE-GI-R,1737451,1753150
NC_008595.1,SAGE-GI-R,1778051,1993550
NC_008595.1,SAGE-GI-R,2054051,2063950
NC_008595.1,SAGE-GI-R,2097751,2120350
NC_008595.1,SAGE-GI-R,2212151,2241050
NC_008595.1,SAGE-GI-R,2255451,2272950
NC_008595.1,SAGE-GI-R,2327451,2349350
NC_008595.1,SAGE-GI-R,2365951,2450250
NC_008595.1,SAGE-GI-R,2536351,2744250
NC_008595.1,SAGE-GI-R,2945051,2964350
NC_008595.1,SAGE-GI-R,3004651,3016650
NC_008595.1,SAGE-GI-R,3095251,3123750
NC_008595.1,SAGE-GI-R,3169951,3195750
NC_008595.1,SAGE-GI-R,3338251,3415450
NC_008595.1,SAGE-GI-R,3667451,3681550
NC_008595.1,SAGE-GI-R,3865251,3881050
NC_008595.1,SAGE-GI-R,3901151,3942250
NC_008595.1,SAGE-GI-R,4013451,4027050
NC_008595.1,SAGE-GI-R,4157751,4168350
NC_008595.1,SAGE-GI-R,4282951,4291750
NC_008595.1,SAGE-GI-R,4333151,4343150
NC_008595.1,SAGE-GI-R,4447651,4456750
NC_008595.1,SAGE-GI-R,4523251,4540850
NC_008595.1,SAGE-GI-R,4616551,4657550
NC_008595.1,SAGE-GI-R,4732151,4756550
NC_008595.1,SAGE-GI-R,4922051,4968850
NC_008595.1,SAGE-GI-R,5002451,5012950
NC_008595.1,SAGE-GI-R,5040651,5053350
NC_008595.1,SAGE-GI-R,5157851,5273750
NC_008595.1,SAGE-GI-R,5444751,5470450
NC_008595.1,Emb-only-R,9351,46050
NC_008595.1,Emb-only-R,78151,114650
NC_008595.1,Emb-only-R,202651,216250
NC_008595.1,Emb-only-R,229651,299450
NC_008595.1,Emb-only-R,315151,331350
NC_008595.1,Emb-only-R,461051,495950
NC_008595.1,Emb-only-R,635751,695750
NC_008595.1,Emb-only-R,748551,817350
NC_008595.1,Emb-only-R,883551,928350
NC_008595.1,Emb-only-R,1027751,1055150
NC_008595.1,Emb-only-R,1107251,1122450
NC_008595.1,Emb-only-R,1180951,1194150
NC_008595.1,Emb-only-R,1209351,1226250
NC_008595.1,Emb-only-R,1268451,1279950
NC_008595.1,Emb-only-R,1334151,1364750
NC_008595.1,Emb-only-R,1416851,1466750
NC_008595.1,Emb-only-R,1479851,1496250
NC_008595.1,Emb-only-R,1601851,1615950
NC_008595.1,Emb-only-R,1643551,1670450
NC_008595.1,Emb-only-R,1737651,1756950
NC_008595.1,Emb-only-R,1777651,1993750
NC_008595.1,Emb-only-R,2052551,2063350
NC_008595.1,Emb-only-R,2096851,2117150
NC_008595.1,Emb-only-R,2156551,2170750
NC_008595.1,Emb-only-R,2214751,2241350
NC_008595.1,Emb-only-R,2255051,2271450
NC_008595.1,Emb-only-R,2365951,2409350
NC_008595.1,Emb-only-R,2414451,2448050
NC_008595.1,Emb-only-R,2533351,2588650
NC_008595.1,Emb-only-R,2599451,2747850
NC_008595.1,Emb-only-R,2891851,2901350
NC_008595.1,Emb-only-R,3004551,3016850
NC_008595.1,Emb-only-R,3051951,3064550
NC_008595.1,Emb-only-R,3094551,3122750
NC_008595.1,Emb-only-R,3169851,3196350
NC_008595.1,Emb-only-R,3338851,3417950
NC_008595.1,Emb-only-R,3428651,3442950
NC_008595.1,Emb-only-R,3668651,3679750
NC_008595.1,Emb-only-R,3912151,3942350
NC_008595.1,Emb-only-R,3995851,4026450
NC_008595.1,Emb-only-R,4088251,4100150
NC_008595.1,Emb-only-R,4322751,4342850
NC_008595.1,Emb-only-R,4404151,4418050
NC_008595.1,Emb-only-R,4438151,4453550
NC_008595.1,Emb-only-R,4523651,4534350
NC_008595.1,Emb-only-R,4616251,4640350
NC_008595.1,Emb-only-R,4745451,4755950
NC_008595.1,Emb-only-R,4921451,4968550
NC_008595.1,Emb-only-R,5039951,5052750
NC_008595.1,Emb-only-R,5083551,5094250
NC_008595.1,Emb-only-R,5119251,5138650
NC_008595.1,Emb-only-R,5157751,5274050
NC_008595.1,Emb-only-R,5443051,5470450
NC_008600.1,SAGE-GI-P,4951,18450
NC_008600.1,SAGE-GI-P,82001,156000
NC_008600.1,SAGE-GI-P,257001,324000
NC_008600.1,SAGE-GI-P,534001,553000
NC_008600.1,SAGE-GI-P,1271001,1293000
NC_008600.1,SAGE-GI-P,2107001,2125000
NC_008600.1,SAGE-GI-P,2364001,2375000
NC_008600.1,SAGE-GI-P,3096001,3129000
NC_008600.1,SAGE-GI-P,4250001,4266000
NC_008600.1,Emb-only-P,4951,18450
NC_008600.1,Emb-only-P,82001,178000
NC_008600.1,Emb-only-P,257001,324000
NC_008600.1,Emb-only-P,534001,550000
NC_008600.1,Emb-only-P,1271001,1293000
NC_008600.1,Emb-only-P,2364001,2404000
NC_008600.1,Emb-only-P,2963001,2989000
NC_008600.1,Emb-only-P,3096001,3129000
NC_008600.1,Emb-only-P,4250001,4266000
NC_008600.1,Emb-only-P,5022001,5035000
NC_008600.1,SAGE-GI-R,4951,41450
NC_008600.1,SAGE-GI-R,61851,181550
NC_008600.1,SAGE-GI-R,249451,335050
NC_008600.1,SAGE-GI-R,427151,437250
NC_008600.1,SAGE-GI-R,528951,577850
NC_008600.1,SAGE-GI-R,612851,635050
NC_008600.1,SAGE-GI-R,664451,684350
NC_008600.1,SAGE-GI-R,727151,781350
NC_008600.1,SAGE-GI-R,825651,842750
NC_008600.1,SAGE-GI-R,866751,879150
NC_008600.1,SAGE-GI-R,910951,924150
NC_008600.1,SAGE-GI-R,939851,956450
NC_008600.1,SAGE-GI-R,961851,1013350
NC_008600.1,SAGE-GI-R,1057051,1119750
NC_008600.1,SAGE-GI-R,1126451,1134850
NC_008600.1,SAGE-GI-R,1144751,1152850
NC_008600.1,SAGE-GI-R,1217451,1240850
NC_008600.1,SAGE-GI-R,1251751,1297850
NC_008600.1,SAGE-GI-R,1394751,1418750
NC_008600.1,SAGE-GI-R,1451751,1465350
NC_008600.1,SAGE-GI-R,1569451,1589450
NC_008600.1,SAGE-GI-R,1613651,1660050
NC_008600.1,SAGE-GI-R,1759851,1771450
NC_008600.1,SAGE-GI-R,1812651,1833550
NC_008600.1,SAGE-GI-R,1870751,1882450
NC_008600.1,SAGE-GI-R,2056151,2070550
NC_008600.1,SAGE-GI-R,2097351,2128350
NC_008600.1,SAGE-GI-R,2221451,2245650
NC_008600.1,SAGE-GI-R,2257351,2270850
NC_008600.1,SAGE-GI-R,2324451,2340950
NC_008600.1,SAGE-GI-R,2359051,2413750
NC_008600.1,SAGE-GI-R,2425351,2459450
NC_008600.1,SAGE-GI-R,2475851,2494750
NC_008600.1,SAGE-GI-R,2557351,2617650
NC_008600.1,SAGE-GI-R,2731651,2740650
NC_008600.1,SAGE-GI-R,2794451,2811850
NC_008600.1,SAGE-GI-R,2943451,2993850
NC_008600.1,SAGE-GI-R,3036051,3048950
NC_008600.1,SAGE-GI-R,3065451,3130450
NC_008600.1,SAGE-GI-R,3179151,3187450
NC_008600.1,SAGE-GI-R,3265451,3278450
NC_008600.1,SAGE-GI-R,3324651,3380450
NC_008600.1,SAGE-GI-R,3415051,3427650
NC_008600.1,SAGE-GI-R,3489251,3503150
NC_008600.1,SAGE-GI-R,3535751,3550150
NC_008600.1,SAGE-GI-R,3648551,3663550
NC_008600.1,SAGE-GI-R,3683551,3702350
NC_008600.1,SAGE-GI-R,3731451,3745250
NC_008600.1,SAGE-GI-R,3781551,3792250
NC_008600.1,SAGE-GI-R,3879851,3888850
NC_008600.1,SAGE-GI-R,4190651,4199650
NC_008600.1,SAGE-GI-R,4217651,4229550
NC_008600.1,SAGE-GI-R,4245651,4271750
NC_008600.1,SAGE-GI-R,4365751,4379450
NC_008600.1,SAGE-GI-R,4484251,4494350
NC_008600.1,SAGE-GI-R,4513051,4535550
NC_008600.1,SAGE-GI-R,4625451,4714150
NC_008600.1,SAGE-GI-R,4767751,4782650
NC_008600.1,SAGE-GI-R,4809751,4839150
NC_008600.1,SAGE-GI-R,4845851,4879450
NC_008600.1,SAGE-GI-R,4893151,4918850
NC_008600.1,SAGE-GI-R,4962351,5036550
NC_008600.1,SAGE-GI-R,5048951,5073150
NC_008600.1,SAGE-GI-R,5092451,5132450
NC_008600.1,SAGE-GI-R,5187351,5209050
NC_008600.1,Emb-only-R,4951,38350
NC_008600.1,Emb-only-R,56751,180250
NC_008600.1,Emb-only-R,249651,332450
NC_008600.1,Emb-only-R,426151,438850
NC_008600.1,Emb-only-R,521151,575050
NC_008600.1,Emb-only-R,613051,634050
NC_008600.1,Emb-only-R,664751,683450
NC_008600.1,Emb-only-R,727051,784550
NC_008600.1,Emb-only-R,860651,882150
NC_008600.1,Emb-only-R,909351,923250
NC_008600.1,Emb-only-R,964051,1014350
NC_008600.1,Emb-only-R,1057051,1089050
NC_008600.1,Emb-only-R,1098851,1134250
NC_008600.1,Emb-only-R,1162751,1179350
NC_008600.1,Emb-only-R,1217951,1233050
NC_008600.1,Emb-only-R,1253051,1296850
NC_008600.1,Emb-only-R,1353551,1364350
NC_008600.1,Emb-only-R,1400851,1414350
NC_008600.1,Emb-only-R,1451851,1466150
NC_008600.1,Emb-only-R,1569651,1589150
NC_008600.1,Emb-only-R,1616651,1656750
NC_008600.1,Emb-only-R,1812751,1832550
NC_008600.1,Emb-only-R,2055751,2070650
NC_008600.1,Emb-only-R,2096851,2129850
NC_008600.1,Emb-only-R,2226951,2246950
NC_008600.1,Emb-only-R,2258551,2270750
NC_008600.1,Emb-only-R,2326951,2343850
NC_008600.1,Emb-only-R,2357851,2461150
NC_008600.1,Emb-only-R,2478651,2500150
NC_008600.1,Emb-only-R,2555051,2621750
NC_008600.1,Emb-only-R,2732751,2742850
NC_008600.1,Emb-only-R,2863651,2874650
NC_008600.1,Emb-only-R,2942951,2997550
NC_008600.1,Emb-only-R,3035651,3048350
NC_008600.1,Emb-only-R,3065551,3139650
NC_008600.1,Emb-only-R,3178451,3192250
NC_008600.1,Emb-only-R,3242751,3253150
NC_008600.1,Emb-only-R,3264951,3280150
NC_008600.1,Emb-only-R,3325151,3354350
NC_008600.1,Emb-only-R,3363151,3380650
NC_008600.1,Emb-only-R,3489451,3503150
NC_008600.1,Emb-only-R,3535751,3549350
NC_008600.1,Emb-only-R,3648751,3663250
NC_008600.1,Emb-only-R,3732651,3744850
NC_008600.1,Emb-only-R,3779351,3794950
NC_008600.1,Emb-only-R,3808751,3818150
NC_008600.1,Emb-only-R,3879251,3889550
NC_008600.1,Emb-only-R,4217751,4230350
NC_008600.1,Emb-only-R,4242951,4270650
NC_008600.1,Emb-only-R,4366651,4376450
NC_008600.1,Emb-only-R,4511951,4532250
NC_008600.1,Emb-only-R,4613851,4639250
NC_008600.1,Emb-only-R,4646951,4714050
NC_008600.1,Emb-only-R,4766651,4783850
NC_008600.1,Emb-only-R,4809651,4883150
NC_008600.1,Emb-only-R,4894351,4907950
NC_008600.1,Emb-only-R,4975651,5036850
NC_008600.1,Emb-only-R,5048951,5076850
NC_008600.1,Emb-only-R,5085351,5102050
NC_008600.1,Emb-only-R,5108051,5131850
NC_008600.1,Emb-only-R,5184451,5207450
NC_008611.1,SAGE-GI-P,574001,612000
NC_008611.1,SAGE-GI-P,1012001,1033000
NC_008611.1,SAGE-GI-P,1189001,1231000
NC_008611.1,SAGE-GI-P,1830001,1849000
NC_008611.1,SAGE-GI-P,2613001,2661000
NC_008611.1,SAGE-GI-P,3581001,3606000
NC_008611.1,SAGE-GI-P,4843001,4916000
NC_008611.1,SAGE-GI-P,5027001,5042000
NC_008611.1,Emb-only-P,3581001,3606000
NC_008611.1,SAGE-GI-R,4951,25550
NC_008611.1,SAGE-GI-R,76551,90050
NC_008611.1,SAGE-GI-R,154951,169150
NC_008611.1,SAGE-GI-R,211951,229050
NC_008611.1,SAGE-GI-R,244251,252950
NC_008611.1,SAGE-GI-R,388451,412750
NC_008611.1,SAGE-GI-R,523551,546750
NC_008611.1,SAGE-GI-R,564451,626250
NC_008611.1,SAGE-GI-R,681751,700250
NC_008611.1,SAGE-GI-R,715651,728050
NC_008611.1,SAGE-GI-R,744751,815050
NC_008611.1,SAGE-GI-R,834451,859250
NC_008611.1,SAGE-GI-R,881051,896050
NC_008611.1,SAGE-GI-R,922251,944350
NC_008611.1,SAGE-GI-R,1004651,1036550
NC_008611.1,SAGE-GI-R,1120051,1149250
NC_008611.1,SAGE-GI-R,1182651,1242650
NC_008611.1,SAGE-GI-R,1417651,1475050
NC_008611.1,SAGE-GI-R,1487751,1515350
NC_008611.1,SAGE-GI-R,1559651,1576350
NC_008611.1,SAGE-GI-R,1671051,1686350
NC_008611.1,SAGE-GI-R,1703951,1729250
NC_008611.1,SAGE-GI-R,1784851,1849650
NC_008611.1,SAGE-GI-R,1879451,1911850
NC_008611.1,SAGE-GI-R,1943551,1956150
NC_008611.1,SAGE-GI-R,2028451,2047650
NC_008611.1,SAGE-GI-R,2068251,2105350
NC_008611.1,SAGE-GI-R,2207851,2229550
NC_008611.1,SAGE-GI-R,2238551,2290850
NC_008611.1,SAGE-GI-R,2343551,2373550
NC_008611.1,SAGE-GI-R,2457151,2473950
NC_008611.1,SAGE-GI-R,2491251,2533950
NC_008611.1,SAGE-GI-R,2618051,2651550
NC_008611.1,SAGE-GI-R,2661351,2677250
NC_008611.1,SAGE-GI-R,2694751,2705250
NC_008611.1,SAGE-GI-R,2757951,2783450
NC_008611.1,SAGE-GI-R,2861651,2896450
NC_008611.1,SAGE-GI-R,2931451,2954050
NC_008611.1,SAGE-GI-R,3000651,3014450
NC_008611.1,SAGE-GI-R,3024251,3039450
NC_008611.1,SAGE-GI-R,3186251,3202350
NC_008611.1,SAGE-GI-R,3380651,3419650
NC_008611.1,SAGE-GI-R,3439251,3451550
NC_008611.1,SAGE-GI-R,3463351,3482650
NC_008611.1,SAGE-GI-R,3514851,3536950
NC_008611.1,SAGE-GI-R,3573951,3634150
NC_008611.1,SAGE-GI-R,3686951,3698650
NC_008611.1,SAGE-GI-R,3804551,3821650
NC_008611.1,SAGE-GI-R,3863851,3899150
NC_008611.1,SAGE-GI-R,3931551,3943950
NC_008611.1,SAGE-GI-R,3963351,3973850
NC_008611.1,SAGE-GI-R,4034151,4047350
NC_008611.1,SAGE-GI-R,4080251,4096750
NC_008611.1,SAGE-GI-R,4125351,4163050
NC_008611.1,SAGE-GI-R,4253051,4273050
NC_008611.1,SAGE-GI-R,4331951,4341450
NC_008611.1,SAGE-GI-R,4354751,4371550
NC_008611.1,SAGE-GI-R,4406351,4428050
NC_008611.1,SAGE-GI-R,4452051,4463550
NC_008611.1,SAGE-GI-R,4475051,4493350
NC_008611.1,SAGE-GI-R,4531051,4563550
NC_008611.1,SAGE-GI-R,4576451,4603250
NC_008611.1,SAGE-GI-R,4639351,4653450
NC_008611.1,SAGE-GI-R,4679751,4711550
NC_008611.1,SAGE-GI-R,4733451,4772250
NC_008611.1,SAGE-GI-R,4841851,4958850
NC_008611.1,SAGE-GI-R,5011151,5054350
NC_008611.1,SAGE-GI-R,5075551,5103450
NC_008611.1,SAGE-GI-R,5110951,5119550
NC_008611.1,SAGE-GI-R,5189251,5203750
NC_008611.1,SAGE-GI-R,5432551,5478850
NC_008611.1,SAGE-GI-R,5501851,5538350
NC_008611.1,SAGE-GI-R,5594051,5618850
NC_008611.1,Emb-only-R,4951,26650
NC_008611.1,Emb-only-R,77551,89050
NC_008611.1,Emb-only-R,156951,165350
NC_008611.1,Emb-only-R,210151,225350
NC_008611.1,Emb-only-R,239451,253150
NC_008611.1,Emb-only-R,307451,329250
NC_008611.1,Emb-only-R,379951,413350
NC_008611.1,Emb-only-R,470751,479650
NC_008611.1,Emb-only-R,523551,553750
NC_008611.1,Emb-only-R,560351,584550
NC_008611.1,Emb-only-R,600951,626650
NC_008611.1,Emb-only-R,713851,726650
NC_008611.1,Emb-only-R,748751,816750
NC_008611.1,Emb-only-R,832651,862850
NC_008611.1,Emb-only-R,926051,937450
NC_008611.1,Emb-only-R,1014151,1034450
NC_008611.1,Emb-only-R,1116751,1149150
NC_008611.1,Emb-only-R,1185451,1201350
NC_008611.1,Emb-only-R,1213051,1241650
NC_008611.1,Emb-only-R,1417951,1466950
NC_008611.1,Emb-only-R,1488551,1508650
NC_008611.1,Emb-only-R,1559651,1575550
NC_008611.1,Emb-only-R,1616851,1648650
NC_008611.1,Emb-only-R,1668951,1684650
NC_008611.1,Emb-only-R,1703751,1726550
NC_008611.1,Emb-only-R,1788651,1814650
NC_008611.1,Emb-only-R,1830951,1850950
NC_008611.1,Emb-only-R,1882851,1911250
NC_008611.1,Emb-only-R,1947151,1956850
NC_008611.1,Emb-only-R,2029851,2052050
NC_008611.1,Emb-only-R,2073951,2084750
NC_008611.1,Emb-only-R,2238151,2246950
NC_008611.1,Emb-only-R,2308951,2320850
NC_008611.1,Emb-only-R,2342151,2368250
NC_008611.1,Emb-only-R,2384851,2402350
NC_008611.1,Emb-only-R,2450951,2472350
NC_008611.1,Emb-only-R,2489051,2530450
NC_008611.1,Emb-only-R,2617251,2639850
NC_008611.1,Emb-only-R,2658351,2677050
NC_008611.1,Emb-only-R,2694451,2705950
NC_008611.1,Emb-only-R,2761051,2788050
NC_008611.1,Emb-only-R,2827051,2895750
NC_008611.1,Emb-only-R,2937651,2949150
NC_008611.1,Emb-only-R,3002651,3026050
NC_008611.1,Emb-only-R,3076951,3102150
NC_008611.1,Emb-only-R,3237151,3247250
NC_008611.1,Emb-only-R,3358451,3367550
NC_008611.1,Emb-only-R,3383251,3421250
NC_008611.1,Emb-only-R,3439951,3454550
NC_008611.1,Emb-only-R,3463151,3480450
NC_008611.1,Emb-only-R,3513551,3547350
NC_008611.1,Emb-only-R,3561551,3604050
NC_008611.1,Emb-only-R,3614951,3633350
NC_008611.1,Emb-only-R,3685851,3705350
NC_008611.1,Emb-only-R,3800151,3820750
NC_008611.1,Emb-only-R,3875551,3901850
NC_008611.1,Emb-only-R,3931251,3942550
NC_008611.1,Emb-only-R,3959951,3979750
NC_008611.1,Emb-only-R,4035751,4050550
NC_008611.1,Emb-only-R,4083251,4096250
NC_008611.1,Emb-only-R,4128951,4143150
NC_008611.1,Emb-only-R,4244351,4270750
NC_008611.1,Emb-only-R,4329051,4365750
NC_008611.1,Emb-only-R,4406851,4426650
NC_008611.1,Emb-only-R,4474051,4496250
NC_008611.1,Emb-only-R,4578651,4602850
NC_008611.1,Emb-only-R,4633751,4647650
NC_008611.1,Emb-only-R,4682051,4698750
NC_008611.1,Emb-only-R,4722451,4750550
NC_008611.1,Emb-only-R,4847851,4861150
NC_008611.1,Emb-only-R,4866751,4961350
NC_008611.1,Emb-only-R,5013451,5054550
NC_008611.1,Emb-only-R,5083051,5117650
NC_008611.1,Emb-only-R,5164351,5177650
NC_008611.1,Emb-only-R,5188851,5204250
NC_008611.1,Emb-only-R,5323451,5336250
NC_008611.1,Emb-only-R,5420751,5481250
NC_008611.1,Emb-only-R,5502851,5534250
NC_008611.1,Emb-only-R,5594651,5618050
NC_008750.1,SAGE-GI-P,173001,219000
NC_008750.1,SAGE-GI-P,440001,481000
NC_008750.1,SAGE-GI-P,1213001,1344000
NC_008750.1,SAGE-GI-P,2329001,2345000
NC_008750.1,SAGE-GI-P,2534001,2558000
NC_008750.1,SAGE-GI-P,2823001,2856000
NC_008750.1,SAGE-GI-P,4194001,4221000
NC_008750.1,SAGE-GI-P,4642001,4693000
NC_008750.1,Emb-only-P,173001,219000
NC_008750.1,Emb-only-P,386001,401000
NC_008750.1,Emb-only-P,440001,481000
NC_008750.1,Emb-only-P,1213001,1344000
NC_008750.1,Emb-only-P,1666001,1677000
NC_008750.1,Emb-only-P,2329001,2346000
NC_008750.1,Emb-only-P,2534001,2558000
NC_008750.1,Emb-only-P,2823001,2856000
NC_008750.1,Emb-only-P,3304001,3321000
NC_008750.1,Emb-only-P,4194001,4221000
NC_008750.1,Emb-only-P,4642001,4693000
NC_008750.1,SAGE-GI-R,34851,54250
NC_008750.1,SAGE-GI-R,103451,116550
NC_008750.1,SAGE-GI-R,154851,224850
NC_008750.1,SAGE-GI-R,284751,294050
NC_008750.1,SAGE-GI-R,308651,401350
NC_008750.1,SAGE-GI-R,408051,484950
NC_008750.1,SAGE-GI-R,513951,534850
NC_008750.1,SAGE-GI-R,548051,577650
NC_008750.1,SAGE-GI-R,594851,614450
NC_008750.1,SAGE-GI-R,626651,639550
NC_008750.1,SAGE-GI-R,726651,756850
NC_008750.1,SAGE-GI-R,808051,824450
NC_008750.1,SAGE-GI-R,882251,893250
NC_008750.1,SAGE-GI-R,1110451,1128550
NC_008750.1,SAGE-GI-R,1210051,1343250
NC_008750.1,SAGE-GI-R,1442051,1456450
NC_008750.1,SAGE-GI-R,1479951,1495650
NC_008750.1,SAGE-GI-R,1538851,1678250
NC_008750.1,SAGE-GI-R,1702651,1719950
NC_008750.1,SAGE-GI-R,1751251,1790150
NC_008750.1,SAGE-GI-R,1819451,1827850
NC_008750.1,SAGE-GI-R,1872851,1909750
NC_008750.1,SAGE-GI-R,1922151,1936950
NC_008750.1,SAGE-GI-R,1995651,2019550
NC_008750.1,SAGE-GI-R,2077551,2122250
NC_008750.1,SAGE-GI-R,2185851,2210350
NC_008750.1,SAGE-GI-R,2329251,2361150
NC_008750.1,SAGE-GI-R,2369751,2382050
NC_008750.1,SAGE-GI-R,2493651,2503450
NC_008750.1,SAGE-GI-R,2518751,2555150
NC_008750.1,SAGE-GI-R,2582951,2596650
NC_008750.1,SAGE-GI-R,2756051,2770350
NC_008750.1,SAGE-GI-R,2821851,2889950
NC_008750.1,SAGE-GI-R,2928251,2947150
NC_008750.1,SAGE-GI-R,2989251,3004050
NC_008750.1,SAGE-GI-R,3093351,3122550
NC_008750.1,SAGE-GI-R,3154651,3186550
NC_008750.1,SAGE-GI-R,3304851,3351450
NC_008750.1,SAGE-GI-R,3527351,3553250
NC_008750.1,SAGE-GI-R,3581951,3595750
NC_008750.1,SAGE-GI-R,3657651,3671650
NC_008750.1,SAGE-GI-R,3834051,3844350
NC_008750.1,SAGE-GI-R,3990251,4005850
NC_008750.1,SAGE-GI-R,4061851,4103650
NC_008750.1,SAGE-GI-R,4112051,4125350
NC_008750.1,SAGE-GI-R,4189351,4232650
NC_008750.1,SAGE-GI-R,4253851,4275650
NC_008750.1,SAGE-GI-R,4280951,4302150
NC_008750.1,SAGE-GI-R,4368251,4384650
NC_008750.1,SAGE-GI-R,4419651,4447250
NC_008750.1,SAGE-GI-R,4468151,4486250
NC_008750.1,SAGE-GI-R,4569451,4591150
NC_008750.1,SAGE-GI-R,4639251,4703350
NC_008750.1,Emb-only-R,34951,54050
NC_008750.1,Emb-only-R,98251,116050
NC_008750.1,Emb-only-R,154851,226150
NC_008750.1,Emb-only-R,282951,295450
NC_008750.1,Emb-only-R,311651,401150
NC_008750.1,Emb-only-R,413851,484850
NC_008750.1,Emb-only-R,520051,535050
NC_008750.1,Emb-only-R,547951,572550
NC_008750.1,Emb-only-R,593651,615450
NC_008750.1,Emb-only-R,626751,641450
NC_008750.1,Emb-only-R,724151,757150
NC_008750.1,Emb-only-R,807551,824550
NC_008750.1,Emb-only-R,881751,893550
NC_008750.1,Emb-only-R,1075451,1090150
NC_008750.1,Emb-only-R,1110551,1129350
NC_008750.1,Emb-only-R,1210251,1343550
NC_008750.1,Emb-only-R,1537951,1618350
NC_008750.1,Emb-only-R,1640051,1676750
NC_008750.1,Emb-only-R,1708551,1718750
NC_008750.1,Emb-only-R,1752451,1773150
NC_008750.1,Emb-only-R,1860851,1880250
NC_008750.1,Emb-only-R,1888351,1909750
NC_008750.1,Emb-only-R,1920351,1931650
NC_008750.1,Emb-only-R,1991151,2020250
NC_008750.1,Emb-only-R,2096051,2122150
NC_008750.1,Emb-only-R,2187851,2208150
NC_008750.1,Emb-only-R,2328751,2361550
NC_008750.1,Emb-only-R,2370351,2381250
NC_008750.1,Emb-only-R,2496951,2555350
NC_008750.1,Emb-only-R,2581451,2596750
NC_008750.1,Emb-only-R,2754451,2770350
NC_008750.1,Emb-only-R,2822051,2889750
NC_008750.1,Emb-only-R,2934851,2947450
NC_008750.1,Emb-only-R,2987651,3013150
NC_008750.1,Emb-only-R,3090351,3116850
NC_008750.1,Emb-only-R,3155051,3186650
NC_008750.1,Emb-only-R,3216951,3235350
NC_008750.1,Emb-only-R,3306751,3342250
NC_008750.1,Emb-only-R,3396951,3428150
NC_008750.1,Emb-only-R,3525251,3551150
NC_008750.1,Emb-only-R,3581751,3598150
NC_008750.1,Emb-only-R,3658451,3671650
NC_008750.1,Emb-only-R,3682751,3695850
NC_008750.1,Emb-only-R,3936751,3950950
NC_008750.1,Emb-only-R,3990951,4006250
NC_008750.1,Emb-only-R,4060951,4099350
NC_008750.1,Emb-only-R,4190951,4233750
NC_008750.1,Emb-only-R,4254951,4270650
NC_008750.1,Emb-only-R,4284151,4306050
NC_008750.1,Emb-only-R,4419351,4445550
NC_008750.1,Emb-only-R,4469751,4487450
NC_008750.1,Emb-only-R,4502751,4514750
NC_008750.1,Emb-only-R,4569851,4591250
NC_008750.1,Emb-only-R,4636651,4703350
NC_008819.1,SAGE-GI-P,20001,53000
NC_008819.1,SAGE-GI-P,798001,829000
NC_008819.1,SAGE-GI-P,982001,1022000
NC_008819.1,Emb-only-P,2001,53000
NC_008819.1,Emb-only-P,73001,93000
NC_008819.1,Emb-only-P,796001,808000
NC_008819.1,Emb-only-P,883001,951000
NC_008819.1,SAGE-GI-R,4951,56050
NC_008819.1,SAGE-GI-R,67751,99350
NC_008819.1,SAGE-GI-R,235851,256050
NC_008819.1,SAGE-GI-R,376951,396050
NC_008819.1,SAGE-GI-R,543951,557050
NC_008819.1,SAGE-GI-R,575851,612850
NC_008819.1,SAGE-GI-R,627851,637850
NC_008819.1,SAGE-GI-R,684851,700950
NC_008819.1,SAGE-GI-R,745151,776350
NC_008819.1,SAGE-GI-R,782051,826150
NC_008819.1,SAGE-GI-R,836351,851050
NC_008819.1,SAGE-GI-R,871751,1011950
NC_008819.1,SAGE-GI-R,1035951,1066150
NC_008819.1,SAGE-GI-R,1078851,1101550
NC_008819.1,SAGE-GI-R,1157651,1192850
NC_008819.1,SAGE-GI-R,1250851,1279250
NC_008819.1,SAGE-GI-R,1324951,1342250
NC_008819.1,SAGE-GI-R,1480851,1498650
NC_008819.1,SAGE-GI-R,1533651,1563650
NC_008819.1,SAGE-GI-R,1584951,1596450
NC_008819.1,SAGE-GI-R,1613551,1644750
NC_008819.1,SAGE-GI-R,1728251,1770250
NC_008819.1,Emb-only-R,4951,56750
NC_008819.1,Emb-only-R,66351,101750
NC_008819.1,Emb-only-R,233151,250150
NC_008819.1,Emb-only-R,355351,366050
NC_008819.1,Emb-only-R,381251,396150
NC_008819.1,Emb-only-R,542151,556950
NC_008819.1,Emb-only-R,580651,591950
NC_008819.1,Emb-only-R,684551,699150
NC_008819.1,Emb-only-R,758851,777050
NC_008819.1,Emb-only-R,784551,826250
NC_008819.1,Emb-only-R,870451,1011250
NC_008819.1,Emb-only-R,1050051,1103050
NC_008819.1,Emb-only-R,1154651,1170650
NC_008819.1,Emb-only-R,1258551,1289850
NC_008819.1,Emb-only-R,1322551,1338650
NC_008819.1,Emb-only-R,1478551,1497750
NC_008819.1,Emb-only-R,1527551,1563150
NC_008819.1,Emb-only-R,1621251,1653650
NC_008819.1,Emb-only-R,1727951,1768650
NC_008819.1,Emb-only-R,1841151,1859750
NC_009052.1,SAGE-GI-P,1904001,1927000
NC_009052.1,SAGE-GI-P,2516001,2543000
NC_009052.1,SAGE-GI-P,3392001,3415000
NC_009052.1,SAGE-GI-P,3471001,3487000
NC_009052.1,SAGE-GI-P,4839001,4889000
NC_009052.1,SAGE-GI-P,5071001,5116000
NC_009052.1,Emb-only-P,1836001,1864000
NC_009052.1,Emb-only-P,2516001,2543000
NC_009052.1,Emb-only-P,2678451,2691850
NC_009052.1,Emb-only-P,3471001,3487000
NC_009052.1,Emb-only-P,4223001,4233000
NC_009052.1,Emb-only-P,4839001,4889000
NC_009052.1,Emb-only-P,5071001,5116000
NC_009052.1,SAGE-GI-R,37451,57650
NC_009052.1,SAGE-GI-R,121551,158850
NC_009052.1,SAGE-GI-R,190351,201550
NC_009052.1,SAGE-GI-R,259851,276550
NC_009052.1,SAGE-GI-R,363651,377150
NC_009052.1,SAGE-GI-R,443851,471850
NC_009052.1,SAGE-GI-R,532051,545850
NC_009052.1,SAGE-GI-R,635251,644050
NC_009052.1,SAGE-GI-R,671351,682550
NC_009052.1,SAGE-GI-R,702251,723250
NC_009052.1,SAGE-GI-R,872351,884050
NC_009052.1,SAGE-GI-R,953951,964650
NC_009052.1,SAGE-GI-R,1043251,1071150
NC_009052.1,SAGE-GI-R,1163551,1178750
NC_009052.1,SAGE-GI-R,1196051,1248850
NC_009052.1,SAGE-GI-R,1307051,1323550
NC_009052.1,SAGE-GI-R,1443851,1489650
NC_009052.1,SAGE-GI-R,1517251,1525450
NC_009052.1,SAGE-GI-R,1636451,1665150
NC_009052.1,SAGE-GI-R,1687451,1702950
NC_009052.1,SAGE-GI-R,1837451,1938350
NC_009052.1,SAGE-GI-R,2104451,2123650
NC_009052.1,SAGE-GI-R,2239451,2304550
NC_009052.1,SAGE-GI-R,2411051,2450750
NC_009052.1,SAGE-GI-R,2513051,2547750
NC_009052.1,SAGE-GI-R,2634851,2647850
NC_009052.1,SAGE-GI-R,2667451,2755450
NC_009052.1,SAGE-GI-R,2794251,2838450
NC_009052.1,SAGE-GI-R,2911551,2952050
NC_009052.1,SAGE-GI-R,3011051,3021650
NC_009052.1,SAGE-GI-R,3063651,3128950
NC_009052.1,SAGE-GI-R,3187551,3198350
NC_009052.1,SAGE-GI-R,3214751,3252850
NC_009052.1,SAGE-GI-R,3286151,3316050
NC_009052.1,SAGE-GI-R,3383351,3517250
NC_009052.1,SAGE-GI-R,3576951,3593750
NC_009052.1,SAGE-GI-R,3668751,3680150
NC_009052.1,SAGE-GI-R,3779151,3808850
NC_009052.1,SAGE-GI-R,3870251,3883050
NC_009052.1,SAGE-GI-R,3908951,3960850
NC_009052.1,SAGE-GI-R,4019651,4037350
NC_009052.1,SAGE-GI-R,4117051,4139050
NC_009052.1,SAGE-GI-R,4165851,4193350
NC_009052.1,SAGE-GI-R,4205751,4255950
NC_009052.1,SAGE-GI-R,4326551,4360450
NC_009052.1,SAGE-GI-R,4433151,4453350
NC_009052.1,SAGE-GI-R,4481151,4511650
NC_009052.1,SAGE-GI-R,4533551,4546450
NC_009052.1,SAGE-GI-R,4575751,4600650
NC_009052.1,SAGE-GI-R,4637151,4704850
NC_009052.1,SAGE-GI-R,4835651,4918450
NC_009052.1,SAGE-GI-R,4964551,4982450
NC_009052.1,SAGE-GI-R,5037751,5122350
NC_009052.1,Emb-only-R,36251,58550
NC_009052.1,Emb-only-R,122251,158250
NC_009052.1,Emb-only-R,255051,279950
NC_009052.1,Emb-only-R,444551,471650
NC_009052.1,Emb-only-R,533051,544650
NC_009052.1,Emb-only-R,560051,570050
NC_009052.1,Emb-only-R,592151,604350
NC_009052.1,Emb-only-R,633751,657150
NC_009052.1,Emb-only-R,672251,682350
NC_009052.1,Emb-only-R,696651,723850
NC_009052.1,Emb-only-R,849351,857450
NC_009052.1,Emb-only-R,1052051,1071550
NC_009052.1,Emb-only-R,1163551,1183650
NC_009052.1,Emb-only-R,1191951,1255950
NC_009052.1,Emb-only-R,1304051,1327950
NC_009052.1,Emb-only-R,1442751,1486350
NC_009052.1,Emb-only-R,1636551,1664950
NC_009052.1,Emb-only-R,1685951,1699050
NC_009052.1,Emb-only-R,1835651,1890250
NC_009052.1,Emb-only-R,1895451,1934850
NC_009052.1,Emb-only-R,2104551,2124050
NC_009052.1,Emb-only-R,2177451,2189550
NC_009052.1,Emb-only-R,2238451,2300450
NC_009052.1,Emb-only-R,2410851,2437750
NC_009052.1,Emb-only-R,2512951,2547350
NC_009052.1,Emb-only-R,2666051,2705150
NC_009052.1,Emb-only-R,2717851,2755250
NC_009052.1,Emb-only-R,2798051,2836750
NC_009052.1,Emb-only-R,2908051,2947250
NC_009052.1,Emb-only-R,3010051,3020450
NC_009052.1,Emb-only-R,3062651,3093450
NC_009052.1,Emb-only-R,3104151,3123650
NC_009052.1,Emb-only-R,3187151,3203850
NC_009052.1,Emb-only-R,3234051,3250450
NC_009052.1,Emb-only-R,3286651,3308550
NC_009052.1,Emb-only-R,3385651,3431350
NC_009052.1,Emb-only-R,3442951,3514450
NC_009052.1,Emb-only-R,3577551,3593850
NC_009052.1,Emb-only-R,3669851,3680450
NC_009052.1,Emb-only-R,3779951,3806750
NC_009052.1,Emb-only-R,3860951,3882850
NC_009052.1,Emb-only-R,3908851,3926050
NC_009052.1,Emb-only-R,3933251,3961550
NC_009052.1,Emb-only-R,4026251,4037550
NC_009052.1,Emb-only-R,4113551,4139250
NC_009052.1,Emb-only-R,4167151,4185250
NC_009052.1,Emb-only-R,4204751,4252450
NC_009052.1,Emb-only-R,4327051,4382150
NC_009052.1,Emb-only-R,4433151,4450850
NC_009052.1,Emb-only-R,4482751,4508950
NC_009052.1,Emb-only-R,4573851,4600850
NC_009052.1,Emb-only-R,4637351,4678050
NC_009052.1,Emb-only-R,4687351,4703150
NC_009052.1,Emb-only-R,4826251,4916050
NC_009052.1,Emb-only-R,4968351,4988750
NC_009052.1,Emb-only-R,5039851,5122350
NC_009074.1,SAGE-GI-P,99001,109000
NC_009074.1,SAGE-GI-P,1091001,1117000
NC_009074.1,SAGE-GI-P,1277001,1295000
NC_009074.1,SAGE-GI-P,1476001,1499000
NC_009074.1,SAGE-GI-P,1545001,1567000
NC_009074.1,SAGE-GI-P,1684001,1743000
NC_009074.1,SAGE-GI-P,2008001,2038000
NC_009074.1,SAGE-GI-P,2122001,2139000
NC_009074.1,SAGE-GI-P,2978001,3001000
NC_009074.1,SAGE-GI-P,3171001,3197000
NC_009074.1,SAGE-GI-P,3415001,3433000
NC_009074.1,SAGE-GI-P,3645001,3686000
NC_009074.1,Emb-only-P,80001,109000
NC_009074.1,Emb-only-P,1091001,1117000
NC_009074.1,Emb-only-P,1277001,1295000
NC_009074.1,Emb-only-P,1476001,1497000
NC_009074.1,Emb-only-P,1545001,1567000
NC_009074.1,Emb-only-P,2008001,2038000
NC_009074.1,Emb-only-P,2122001,2139000
NC_009074.1,Emb-only-P,2978001,3001000
NC_009074.1,Emb-only-P,3170001,3195000
NC_009074.1,Emb-only-P,3415001,3433000
NC_009074.1,Emb-only-P,3645001,3686000
NC_009074.1,Emb-only-P,3797001,3813000
NC_009074.1,SAGE-GI-R,76051,114050
NC_009074.1,SAGE-GI-R,127351,142350
NC_009074.1,SAGE-GI-R,252951,266750
NC_009074.1,SAGE-GI-R,455051,466050
NC_009074.1,SAGE-GI-R,544351,595250
NC_009074.1,SAGE-GI-R,643151,674250
NC_009074.1,SAGE-GI-R,763651,798950
NC_009074.1,SAGE-GI-R,920351,942150
NC_009074.1,SAGE-GI-R,1000951,1012050
NC_009074.1,SAGE-GI-R,1079551,1119250
NC_009074.1,SAGE-GI-R,1156751,1170650
NC_009074.1,SAGE-GI-R,1218551,1229550
NC_009074.1,SAGE-GI-R,1247451,1305950
NC_009074.1,SAGE-GI-R,1326051,1366850
NC_009074.1,SAGE-GI-R,1416851,1578350
NC_009074.1,SAGE-GI-R,1603951,1621050
NC_009074.1,SAGE-GI-R,1665151,1750250
NC_009074.1,SAGE-GI-R,1827551,1836850
NC_009074.1,SAGE-GI-R,1867451,1907350
NC_009074.1,SAGE-GI-R,1920451,1933550
NC_009074.1,SAGE-GI-R,1964551,2046550
NC_009074.1,SAGE-GI-R,2118551,2143050
NC_009074.1,SAGE-GI-R,2296051,2328350
NC_009074.1,SAGE-GI-R,2488951,2507250
NC_009074.1,SAGE-GI-R,2569251,2628150
NC_009074.1,SAGE-GI-R,2768051,2779050
NC_009074.1,SAGE-GI-R,2826851,2836350
NC_009074.1,SAGE-GI-R,2892851,2934050
NC_009074.1,SAGE-GI-R,2973651,3006850
NC_009074.1,SAGE-GI-R,3031851,3077450
NC_009074.1,SAGE-GI-R,3125551,3147050
NC_009074.1,SAGE-GI-R,3162651,3196850
NC_009074.1,SAGE-GI-R,3310351,3325150
NC_009074.1,SAGE-GI-R,3399251,3439350
NC_009074.1,SAGE-GI-R,3449851,3482450
NC_009074.1,SAGE-GI-R,3532451,3544850
NC_009074.1,SAGE-GI-R,3555251,3583150
NC_009074.1,SAGE-GI-R,3634551,3701250
NC_009074.1,SAGE-GI-R,3714651,3734850
NC_009074.1,SAGE-GI-R,3757651,3777350
NC_009074.1,SAGE-GI-R,3793951,3827150
NC_009074.1,SAGE-GI-R,3868051,3893850
NC_009074.1,Emb-only-R,76451,112450
NC_009074.1,Emb-only-R,127551,142250
NC_009074.1,Emb-only-R,252751,267750
NC_009074.1,Emb-only-R,383751,402350
NC_009074.1,Emb-only-R,454651,466350
NC_009074.1,Emb-only-R,542851,555750
NC_009074.1,Emb-only-R,566551,589350
NC_009074.1,Emb-only-R,641751,674150
NC_009074.1,Emb-only-R,767051,794950
NC_009074.1,Emb-only-R,1084651,1118650
NC_009074.1,Emb-only-R,1153851,1170850
NC_009074.1,Emb-only-R,1216251,1229250
NC_009074.1,Emb-only-R,1247751,1306050
NC_009074.1,Emb-only-R,1326551,1339250
NC_009074.1,Emb-only-R,1447051,1575650
NC_009074.1,Emb-only-R,1600451,1616150
NC_009074.1,Emb-only-R,1664851,1747750
NC_009074.1,Emb-only-R,1780251,1794450
NC_009074.1,Emb-only-R,1892351,1910150
NC_009074.1,Emb-only-R,1921551,1933150
NC_009074.1,Emb-only-R,1964051,2042250
NC_009074.1,Emb-only-R,2118351,2143250
NC_009074.1,Emb-only-R,2305051,2325550
NC_009074.1,Emb-only-R,2491851,2511450
NC_009074.1,Emb-only-R,2567651,2634450
NC_009074.1,Emb-only-R,2761951,2780150
NC_009074.1,Emb-only-R,2806151,2841550
NC_009074.1,Emb-only-R,2892751,2937150
NC_009074.1,Emb-only-R,2970351,3005050
NC_009074.1,Emb-only-R,3031251,3076550
NC_009074.1,Emb-only-R,3161851,3197650
NC_009074.1,Emb-only-R,3308851,3326150
NC_009074.1,Emb-only-R,3402151,3437050
NC_009074.1,Emb-only-R,3459351,3482450
NC_009074.1,Emb-only-R,3526551,3544650
NC_009074.1,Emb-only-R,3556251,3581950
NC_009074.1,Emb-only-R,3609751,3619050
NC_009074.1,Emb-only-R,3631751,3702650
NC_009074.1,Emb-only-R,3711551,3735050
NC_009074.1,Emb-only-R,3758151,3778450
NC_009074.1,Emb-only-R,3793051,3821950
NC_009074.1,Emb-only-R,3866651,3902450
NC_009076.1,SAGE-GI-P,81001,122000
NC_009076.1,SAGE-GI-P,1103001,1125000
NC_009076.1,SAGE-GI-P,2034001,2095000
NC_009076.1,SAGE-GI-P,3057951,3069850
NC_009076.1,SAGE-GI-P,3187001,3212000
NC_009076.1,SAGE-GI-P,3570001,3622000
NC_009076.1,SAGE-GI-P,3691001,3735000
NC_009076.1,SAGE-GI-P,3769001,3807000
NC_009076.1,Emb-only-P,81001,122000
NC_009076.1,Emb-only-P,1103001,1125000
NC_009076.1,Emb-only-P,2034001,2095000
NC_009076.1,Emb-only-P,3057051,3070250
NC_009076.1,Emb-only-P,3187001,3212000
NC_009076.1,Emb-only-P,3570001,3622000
NC_009076.1,Emb-only-P,3691001,3735000
NC_009076.1,Emb-only-P,3769001,3807000
NC_009076.1,SAGE-GI-R,4951,31150
NC_009076.1,SAGE-GI-R,76651,126250
NC_009076.1,SAGE-GI-R,258851,275650
NC_009076.1,SAGE-GI-R,341551,357350
NC_009076.1,SAGE-GI-R,470451,485650
NC_009076.1,SAGE-GI-R,572751,606550
NC_009076.1,SAGE-GI-R,672051,681750
NC_009076.1,SAGE-GI-R,779851,808150
NC_009076.1,SAGE-GI-R,928151,943650
NC_009076.1,SAGE-GI-R,1090151,1130150
NC_009076.1,SAGE-GI-R,1168151,1180550
NC_009076.1,SAGE-GI-R,1258751,1317650
NC_009076.1,SAGE-GI-R,1333051,1373350
NC_009076.1,SAGE-GI-R,1394151,1411950
NC_009076.1,SAGE-GI-R,1440651,1464650
NC_009076.1,SAGE-GI-R,1486751,1590350
NC_009076.1,SAGE-GI-R,1608251,1628350
NC_009076.1,SAGE-GI-R,1670151,1751950
NC_009076.1,SAGE-GI-R,1826251,1851250
NC_009076.1,SAGE-GI-R,1876551,1916250
NC_009076.1,SAGE-GI-R,1926351,1938950
NC_009076.1,SAGE-GI-R,1970651,2096850
NC_009076.1,SAGE-GI-R,2116251,2125850
NC_009076.1,SAGE-GI-R,2259751,2274050
NC_009076.1,SAGE-GI-R,2326451,2363950
NC_009076.1,SAGE-GI-R,2397251,2415650
NC_009076.1,SAGE-GI-R,2527951,2550550
NC_009076.1,SAGE-GI-R,2613951,2683350
NC_009076.1,SAGE-GI-R,2736951,2744950
NC_009076.1,SAGE-GI-R,3046551,3091750
NC_009076.1,SAGE-GI-R,3139851,3161350
NC_009076.1,SAGE-GI-R,3178051,3214250
NC_009076.1,SAGE-GI-R,3329551,3339450
NC_009076.1,SAGE-GI-R,3414051,3428050
NC_009076.1,SAGE-GI-R,3448251,3493450
NC_009076.1,SAGE-GI-R,3557351,3629950
NC_009076.1,SAGE-GI-R,3687151,3743450
NC_009076.1,SAGE-GI-R,3763551,3813850
NC_009076.1,SAGE-GI-R,3842251,3859750
NC_009076.1,SAGE-GI-R,3878551,3898050
NC_009076.1,SAGE-GI-R,3944451,3970850
NC_009076.1,Emb-only-R,4951,29550
NC_009076.1,Emb-only-R,77051,125250
NC_009076.1,Emb-only-R,138651,151350
NC_009076.1,Emb-only-R,259051,272350
NC_009076.1,Emb-only-R,339251,358450
NC_009076.1,Emb-only-R,466451,481550
NC_009076.1,Emb-only-R,558251,605750
NC_009076.1,Emb-only-R,670451,693350
NC_009076.1,Emb-only-R,780651,800250
NC_009076.1,Emb-only-R,1092451,1130550
NC_009076.1,Emb-only-R,1167151,1182450
NC_009076.1,Emb-only-R,1260051,1322850
NC_009076.1,Emb-only-R,1333351,1354350
NC_009076.1,Emb-only-R,1390151,1408150
NC_009076.1,Emb-only-R,1444651,1456850
NC_009076.1,Emb-only-R,1484051,1589350
NC_009076.1,Emb-only-R,1609951,1627550
NC_009076.1,Emb-only-R,1669251,1750550
NC_009076.1,Emb-only-R,1781251,1794550
NC_009076.1,Emb-only-R,1897951,1917150
NC_009076.1,Emb-only-R,1928251,1940150
NC_009076.1,Emb-only-R,1970251,2097150
NC_009076.1,Emb-only-R,2189051,2207350
NC_009076.1,Emb-only-R,2259851,2273550
NC_009076.1,Emb-only-R,2338951,2358150
NC_009076.1,Emb-only-R,2396851,2414750
NC_009076.1,Emb-only-R,2531851,2552450
NC_009076.1,Emb-only-R,2613851,2685950
NC_009076.1,Emb-only-R,2849951,2866150
NC_009076.1,Emb-only-R,3046551,3088850
NC_009076.1,Emb-only-R,3175051,3214350
NC_009076.1,Emb-only-R,3326551,3342850
NC_009076.1,Emb-only-R,3415151,3429950
NC_009076.1,Emb-only-R,3452951,3494550
NC_009076.1,Emb-only-R,3557551,3635350
NC_009076.1,Emb-only-R,3685551,3742250
NC_009076.1,Emb-only-R,3766651,3813350
NC_009076.1,Emb-only-R,3844551,3860850
NC_009076.1,Emb-only-R,3878251,3894150
NC_009076.1,Emb-only-R,3942151,3966850
NC_009080.1,SAGE-GI-P,392001,449000
NC_009080.1,SAGE-GI-P,584001,612000
NC_009080.1,SAGE-GI-P,838001,859000
NC_009080.1,SAGE-GI-P,935001,993000
NC_009080.1,SAGE-GI-P,1816001,1832000
NC_009080.1,SAGE-GI-P,2130001,2154000
NC_009080.1,SAGE-GI-P,2960001,2980000
NC_009080.1,SAGE-GI-P,3407001,3444000
NC_009080.1,SAGE-GI-P,3478951,3490650
NC_009080.1,Emb-only-P,417001,433000
NC_009080.1,Emb-only-P,582951,595250
NC_009080.1,Emb-only-P,935001,945000
NC_009080.1,Emb-only-P,1816001,1832000
NC_009080.1,Emb-only-P,2130001,2154000
NC_009080.1,Emb-only-P,2960001,2980000
NC_009080.1,Emb-only-P,3407001,3444000
NC_009080.1,Emb-only-P,3479351,3490650
NC_009080.1,SAGE-GI-R,4951,28450
NC_009080.1,SAGE-GI-R,125351,141250
NC_009080.1,SAGE-GI-R,184451,224650
NC_009080.1,SAGE-GI-R,296751,311050
NC_009080.1,SAGE-GI-R,357751,374750
NC_009080.1,SAGE-GI-R,392751,418950
NC_009080.1,SAGE-GI-R,428751,471950
NC_009080.1,SAGE-GI-R,523651,552450
NC_009080.1,SAGE-GI-R,565251,657050
NC_009080.1,SAGE-GI-R,754651,765550
NC_009080.1,SAGE-GI-R,780251,809050
NC_009080.1,SAGE-GI-R,825551,889550
NC_009080.1,SAGE-GI-R,909851,1003150
NC_009080.1,SAGE-GI-R,1145251,1160650
NC_009080.1,SAGE-GI-R,1209451,1237750
NC_009080.1,SAGE-GI-R,1386351,1416950
NC_009080.1,SAGE-GI-R,1480751,1523850
NC_009080.1,SAGE-GI-R,1538851,1552050
NC_009080.1,SAGE-GI-R,1626951,1639150
NC_009080.1,SAGE-GI-R,1813951,1872550
NC_009080.1,SAGE-GI-R,1908451,1938250
NC_009080.1,SAGE-GI-R,2050051,2064350
NC_009080.1,SAGE-GI-R,2083751,2095750
NC_009080.1,SAGE-GI-R,2114251,2158650
NC_009080.1,SAGE-GI-R,2277251,2308150
NC_009080.1,SAGE-GI-R,2371351,2380850
NC_009080.1,SAGE-GI-R,2448851,2463150
NC_009080.1,SAGE-GI-R,2580051,2591750
NC_009080.1,SAGE-GI-R,2693351,2716650
NC_009080.1,SAGE-GI-R,2800051,2820450
NC_009080.1,SAGE-GI-R,2839751,2859450
NC_009080.1,SAGE-GI-R,2908351,2936250
NC_009080.1,SAGE-GI-R,2953351,2981050
NC_009080.1,SAGE-GI-R,3034651,3046350
NC_009080.1,SAGE-GI-R,3059951,3082550
NC_009080.1,SAGE-GI-R,3127251,3149950
NC_009080.1,SAGE-GI-R,3183451,3203050
NC_009080.1,SAGE-GI-R,3213251,3257450
NC_009080.1,SAGE-GI-R,3298251,3320050
NC_009080.1,SAGE-GI-R,3352651,3370250
NC_009080.1,SAGE-GI-R,3399451,3465150
NC_009080.1,SAGE-GI-R,3475051,3490650
NC_009080.1,Emb-only-R,4951,27850
NC_009080.1,Emb-only-R,131651,141650
NC_009080.1,Emb-only-R,176851,227950
NC_009080.1,Emb-only-R,238151,249850
NC_009080.1,Emb-only-R,295551,310150
NC_009080.1,Emb-only-R,342851,363350
NC_009080.1,Emb-only-R,394751,447950
NC_009080.1,Emb-only-R,532251,552050
NC_009080.1,Emb-only-R,564151,655950
NC_009080.1,Emb-only-R,754151,766150
NC_009080.1,Emb-only-R,780551,791650
NC_009080.1,Emb-only-R,846551,863250
NC_009080.1,Emb-only-R,876651,891850
NC_009080.1,Emb-only-R,917751,978150
NC_009080.1,Emb-only-R,988351,1002750
NC_009080.1,Emb-only-R,1077651,1092950
NC_009080.1,Emb-only-R,1145751,1161550
NC_009080.1,Emb-only-R,1219151,1229450
NC_009080.1,Emb-only-R,1375051,1418450
NC_009080.1,Emb-only-R,1476551,1527350
NC_009080.1,Emb-only-R,1536951,1552950
NC_009080.1,Emb-only-R,1628551,1639450
NC_009080.1,Emb-only-R,1784651,1799450
NC_009080.1,Emb-only-R,1816551,1865250
NC_009080.1,Emb-only-R,1916851,1939450
NC_009080.1,Emb-only-R,2053051,2065450
NC_009080.1,Emb-only-R,2108051,2158450
NC_009080.1,Emb-only-R,2189851,2200550
NC_009080.1,Emb-only-R,2255151,2308050
NC_009080.1,Emb-only-R,2360551,2390150
NC_009080.1,Emb-only-R,2451651,2461550
NC_009080.1,Emb-only-R,2487851,2502450
NC_009080.1,Emb-only-R,2578451,2593550
NC_009080.1,Emb-only-R,2612551,2639750
NC_009080.1,Emb-only-R,2700851,2726150
NC_009080.1,Emb-only-R,2799751,2820950
NC_009080.1,Emb-only-R,2892051,2902750
NC_009080.1,Emb-only-R,2908551,2931650
NC_009080.1,Emb-only-R,2956051,2981350
NC_009080.1,Emb-only-R,3001551,3014650
NC_009080.1,Emb-only-R,3033151,3050650
NC_009080.1,Emb-only-R,3062451,3086250
NC_009080.1,Emb-only-R,3139751,3156550
NC_009080.1,Emb-only-R,3182151,3203550
NC_009080.1,Emb-only-R,3212551,3257350
NC_009080.1,Emb-only-R,3299251,3319950
NC_009080.1,Emb-only-R,3396751,3467050
NC_009080.1,Emb-only-R,3473351,3490650
NC_009085.1,SAGE-GI-P,672001,813000
NC_009085.1,SAGE-GI-P,886951,897750
NC_009085.1,SAGE-GI-P,1335001,1376000
NC_009085.1,SAGE-GI-P,2325001,2374000
NC_009085.1,SAGE-GI-P,2943001,2973000
NC_009085.1,SAGE-GI-P,3387001,3444000
NC_009085.1,SAGE-GI-P,3524001,3560000
NC_009085.1,Emb-only-P,672001,811000
NC_009085.1,Emb-only-P,867001,906000
NC_009085.1,Emb-only-P,1335001,1376000
NC_009085.1,Emb-only-P,2325001,2374000
NC_009085.1,Emb-only-P,2943001,2995000
NC_009085.1,Emb-only-P,3362001,3444000
NC_009085.1,Emb-only-P,3546001,3560000
NC_009085.1,SAGE-GI-R,19051,34450
NC_009085.1,SAGE-GI-R,54451,75350
NC_009085.1,SAGE-GI-R,85651,149750
NC_009085.1,SAGE-GI-R,167651,178950
NC_009085.1,SAGE-GI-R,188951,202850
NC_009085.1,SAGE-GI-R,226251,242450
NC_009085.1,SAGE-GI-R,295551,339950
NC_009085.1,SAGE-GI-R,358051,380750
NC_009085.1,SAGE-GI-R,583551,612350
NC_009085.1,SAGE-GI-R,668551,835850
NC_009085.1,SAGE-GI-R,868851,910850
NC_009085.1,SAGE-GI-R,928651,951850
NC_009085.1,SAGE-GI-R,1033351,1065450
NC_009085.1,SAGE-GI-R,1188751,1201050
NC_009085.1,SAGE-GI-R,1237251,1276150
NC_009085.1,SAGE-GI-R,1335451,1375550
NC_009085.1,SAGE-GI-R,1427051,1446550
NC_009085.1,SAGE-GI-R,1468651,1542350
NC_009085.1,SAGE-GI-R,1565251,1589750
NC_009085.1,SAGE-GI-R,1702251,1713550
NC_009085.1,SAGE-GI-R,1744751,1753650
NC_009085.1,SAGE-GI-R,1832751,1882350
NC_009085.1,SAGE-GI-R,1948251,1966250
NC_009085.1,SAGE-GI-R,2009051,2024050
NC_009085.1,SAGE-GI-R,2039951,2063850
NC_009085.1,SAGE-GI-R,2146151,2154750
NC_009085.1,SAGE-GI-R,2267551,2283850
NC_009085.1,SAGE-GI-R,2333951,2377350
NC_009085.1,SAGE-GI-R,2520951,2538350
NC_009085.1,SAGE-GI-R,2902951,2919250
NC_009085.1,SAGE-GI-R,2942251,3020750
NC_009085.1,SAGE-GI-R,3026751,3046150
NC_009085.1,SAGE-GI-R,3057451,3076150
NC_009085.1,SAGE-GI-R,3111551,3159950
NC_009085.1,SAGE-GI-R,3170951,3184950
NC_009085.1,SAGE-GI-R,3359651,3452350
NC_009085.1,SAGE-GI-R,3490951,3562550
NC_009085.1,SAGE-GI-R,3652451,3671850
NC_009085.1,SAGE-GI-R,3826151,3837450
NC_009085.1,SAGE-GI-R,3860651,3874850
NC_009085.1,SAGE-GI-R,3895951,3915450
NC_009085.1,Emb-only-R,20151,34750
NC_009085.1,Emb-only-R,52051,76650
NC_009085.1,Emb-only-R,89351,104750
NC_009085.1,Emb-only-R,132551,150650
NC_009085.1,Emb-only-R,167051,202250
NC_009085.1,Emb-only-R,226751,241350
NC_009085.1,Emb-only-R,296451,335650
NC_009085.1,Emb-only-R,380851,391150
NC_009085.1,Emb-only-R,590051,609350
NC_009085.1,Emb-only-R,664551,836650
NC_009085.1,Emb-only-R,868851,911450
NC_009085.1,Emb-only-R,928051,939850
NC_009085.1,Emb-only-R,1004551,1015350
NC_009085.1,Emb-only-R,1049051,1062850
NC_009085.1,Emb-only-R,1188851,1200250
NC_009085.1,Emb-only-R,1235851,1275750
NC_009085.1,Emb-only-R,1334651,1374050
NC_009085.1,Emb-only-R,1423751,1448350
NC_009085.1,Emb-only-R,1472351,1542650
NC_009085.1,Emb-only-R,1568851,1579450
NC_009085.1,Emb-only-R,1831651,1880250
NC_009085.1,Emb-only-R,2008551,2023650
NC_009085.1,Emb-only-R,2039051,2059450
NC_009085.1,Emb-only-R,2268351,2283350
NC_009085.1,Emb-only-R,2333051,2377050
NC_009085.1,Emb-only-R,2425151,2435250
NC_009085.1,Emb-only-R,2519751,2538550
NC_009085.1,Emb-only-R,2755651,2778750
NC_009085.1,Emb-only-R,2888151,2919150
NC_009085.1,Emb-only-R,2943151,2990950
NC_009085.1,Emb-only-R,3058651,3084050
NC_009085.1,Emb-only-R,3109851,3188650
NC_009085.1,Emb-only-R,3252951,3260950
NC_009085.1,Emb-only-R,3359551,3450950
NC_009085.1,Emb-only-R,3471451,3479450
NC_009085.1,Emb-only-R,3496051,3562150
NC_009085.1,Emb-only-R,3598051,3606250
NC_009085.1,Emb-only-R,3652651,3676350
NC_009085.1,Emb-only-R,3748051,3758050
NC_009085.1,Emb-only-R,3818451,3839150
NC_009085.1,Emb-only-R,3859251,3872350
NC_009085.1,Emb-only-R,3896951,3915450
NC_009256.1,SAGE-GI-P,5001,33000
NC_009256.1,SAGE-GI-P,181001,229000
NC_009256.1,SAGE-GI-P,279001,307000
NC_009256.1,SAGE-GI-P,2174001,2404000
NC_009256.1,SAGE-GI-P,2953001,2983000
NC_009256.1,SAGE-GI-P,3546001,3616000
NC_009256.1,Emb-only-P,5001,33000
NC_009256.1,Emb-only-P,181001,229000
NC_009256.1,Emb-only-P,279001,307000
NC_009256.1,Emb-only-P,2174001,2404000
NC_009256.1,Emb-only-P,2953001,2983000
NC_009256.1,Emb-only-P,3546001,3616000
NC_009256.1,SAGE-GI-R,4951,42750
NC_009256.1,SAGE-GI-R,104951,124250
NC_009256.1,SAGE-GI-R,174451,241050
NC_009256.1,SAGE-GI-R,272751,311650
NC_009256.1,SAGE-GI-R,342951,394350
NC_009256.1,SAGE-GI-R,450951,501550
NC_009256.1,SAGE-GI-R,561551,598250
NC_009256.1,SAGE-GI-R,618751,637050
NC_009256.1,SAGE-GI-R,698451,714450
NC_009256.1,SAGE-GI-R,806051,818050
NC_009256.1,SAGE-GI-R,855851,908150
NC_009256.1,SAGE-GI-R,997051,1008050
NC_009256.1,SAGE-GI-R,1180351,1191650
NC_009256.1,SAGE-GI-R,1246251,1306650
NC_009256.1,SAGE-GI-R,1362651,1425650
NC_009256.1,SAGE-GI-R,1437951,1448650
NC_009256.1,SAGE-GI-R,1545751,1606750
NC_009256.1,SAGE-GI-R,1701551,1738550
NC_009256.1,SAGE-GI-R,1771051,1811150
NC_009256.1,SAGE-GI-R,1977651,1988050
NC_009256.1,SAGE-GI-R,2150051,2408150
NC_009256.1,SAGE-GI-R,2482951,2493150
NC_009256.1,SAGE-GI-R,2512851,2533150
NC_009256.1,SAGE-GI-R,2550751,2594550
NC_009256.1,SAGE-GI-R,2608551,2618650
NC_009256.1,SAGE-GI-R,2673751,2692450
NC_009256.1,SAGE-GI-R,2714251,2748450
NC_009256.1,SAGE-GI-R,2894351,2926850
NC_009256.1,SAGE-GI-R,2940851,2987650
NC_009256.1,SAGE-GI-R,3052351,3071250
NC_009256.1,SAGE-GI-R,3181051,3197050
NC_009256.1,SAGE-GI-R,3335751,3348850
NC_009256.1,SAGE-GI-R,3542051,3626950
NC_009256.1,Emb-only-R,4951,56850
NC_009256.1,Emb-only-R,107651,124550
NC_009256.1,Emb-only-R,177551,245150
NC_009256.1,Emb-only-R,274551,311050
NC_009256.1,Emb-only-R,342951,393650
NC_009256.1,Emb-only-R,451151,508750
NC_009256.1,Emb-only-R,561651,578050
NC_009256.1,Emb-only-R,607751,640350
NC_009256.1,Emb-only-R,702851,714650
NC_009256.1,Emb-only-R,858351,908350
NC_009256.1,Emb-only-R,928851,939050
NC_009256.1,Emb-only-R,989451,1008350
NC_009256.1,Emb-only-R,1180451,1191750
NC_009256.1,Emb-only-R,1246951,1307750
NC_009256.1,Emb-only-R,1355551,1429250
NC_009256.1,Emb-only-R,1544851,1608050
NC_009256.1,Emb-only-R,1715851,1738450
NC_009256.1,Emb-only-R,1771151,1811150
NC_009256.1,Emb-only-R,1974751,1987450
NC_009256.1,Emb-only-R,2160451,2408150
NC_009256.1,Emb-only-R,2481651,2495550
NC_009256.1,Emb-only-R,2512451,2533050
NC_009256.1,Emb-only-R,2550451,2566150
NC_009256.1,Emb-only-R,2577451,2590550
NC_009256.1,Emb-only-R,2607151,2620150
NC_009256.1,Emb-only-R,2681951,2692250
NC_009256.1,Emb-only-R,2713551,2748250
NC_009256.1,Emb-only-R,2893851,2927250
NC_009256.1,Emb-only-R,2941651,2986850
NC_009256.1,Emb-only-R,3051551,3071550
NC_009256.1,Emb-only-R,3185951,3197350
NC_009256.1,Emb-only-R,3208451,3225250
NC_009256.1,Emb-only-R,3410051,3423150
NC_009256.1,Emb-only-R,3542051,3630450
NC_009342.1,SAGE-GI-P,132001,190000
NC_009342.1,SAGE-GI-P,465001,486000
NC_009342.1,SAGE-GI-P,601001,626000
NC_009342.1,SAGE-GI-P,790001,827000
NC_009342.1,SAGE-GI-P,948001,1027000
NC_009342.1,SAGE-GI-P,2065001,2110000
NC_009342.1,SAGE-GI-P,2527001,2569000
NC_009342.1,SAGE-GI-P,2695001,2717000
NC_009342.1,Emb-only-P,111001,190000
NC_009342.1,Emb-only-P,465001,486000
NC_009342.1,Emb-only-P,601001,626000
NC_009342.1,Emb-only-P,790001,827000
NC_009342.1,Emb-only-P,948001,1027000
NC_009342.1,Emb-only-P,2063001,2110000
NC_009342.1,Emb-only-P,2531001,2569000
NC_009342.1,SAGE-GI-R,4951,43550
NC_009342.1,SAGE-GI-R,100151,118150
NC_009342.1,SAGE-GI-R,128351,194050
NC_009342.1,SAGE-GI-R,219051,233250
NC_009342.1,SAGE-GI-R,252451,271150
NC_009342.1,SAGE-GI-R,304151,326150
NC_009342.1,SAGE-GI-R,332251,367150
NC_009342.1,SAGE-GI-R,429751,440050
NC_009342.1,SAGE-GI-R,459651,494250
NC_009342.1,SAGE-GI-R,510051,547050
NC_009342.1,SAGE-GI-R,593451,679850
NC_009342.1,SAGE-GI-R,782851,826450
NC_009342.1,SAGE-GI-R,839451,855550
NC_009342.1,SAGE-GI-R,898051,910250
NC_009342.1,SAGE-GI-R,949651,1030250
NC_009342.1,SAGE-GI-R,1049851,1061850
NC_009342.1,SAGE-GI-R,1223551,1246750
NC_009342.1,SAGE-GI-R,1331051,1372650
NC_009342.1,SAGE-GI-R,1510751,1529750
NC_009342.1,SAGE-GI-R,1543651,1584450
NC_009342.1,SAGE-GI-R,1615951,1631050
NC_009342.1,SAGE-GI-R,2062151,2109450
NC_009342.1,SAGE-GI-R,2141851,2157950
NC_009342.1,SAGE-GI-R,2212351,2225250
NC_009342.1,SAGE-GI-R,2302951,2315850
NC_009342.1,SAGE-GI-R,2377351,2391550
NC_009342.1,SAGE-GI-R,2518551,2578850
NC_009342.1,SAGE-GI-R,2589251,2610650
NC_009342.1,SAGE-GI-R,2641651,2654250
NC_009342.1,SAGE-GI-R,2694451,2723650
NC_009342.1,SAGE-GI-R,2891351,2913850
NC_009342.1,SAGE-GI-R,2980251,3002750
NC_009342.1,SAGE-GI-R,3035651,3073550
NC_009342.1,SAGE-GI-R,3095251,3118850
NC_009342.1,SAGE-GI-R,3147251,3189550
NC_009342.1,SAGE-GI-R,3239751,3251850
NC_009342.1,Emb-only-R,4951,36850
NC_009342.1,Emb-only-R,100051,190550
NC_009342.1,Emb-only-R,259551,271950
NC_009342.1,Emb-only-R,342651,367350
NC_009342.1,Emb-only-R,430651,441150
NC_009342.1,Emb-only-R,449951,545350
NC_009342.1,Emb-only-R,593751,638850
NC_009342.1,Emb-only-R,643951,678250
NC_009342.1,Emb-only-R,785251,826450
NC_009342.1,Emb-only-R,839751,854950
NC_009342.1,Emb-only-R,894051,912250
NC_009342.1,Emb-only-R,947651,1029050
NC_009342.1,Emb-only-R,1050051,1064550
NC_009342.1,Emb-only-R,1078751,1091850
NC_009342.1,Emb-only-R,1224251,1247550
NC_009342.1,Emb-only-R,1509251,1531050
NC_009342.1,Emb-only-R,1543851,1565350
NC_009342.1,Emb-only-R,1571351,1581850
NC_009342.1,Emb-only-R,1612751,1630550
NC_009342.1,Emb-only-R,1845251,1853850
NC_009342.1,Emb-only-R,1898951,1909850
NC_009342.1,Emb-only-R,2029551,2039050
NC_009342.1,Emb-only-R,2063751,2109450
NC_009342.1,Emb-only-R,2211651,2228750
NC_009342.1,Emb-only-R,2254151,2269350
NC_009342.1,Emb-only-R,2302851,2320250
NC_009342.1,Emb-only-R,2418651,2430850
NC_009342.1,Emb-only-R,2521151,2611350
NC_009342.1,Emb-only-R,2640251,2656750
NC_009342.1,Emb-only-R,2694451,2723750
NC_009342.1,Emb-only-R,2896051,2913650
NC_009342.1,Emb-only-R,2980451,2993350
NC_009342.1,Emb-only-R,3035851,3047250
NC_009342.1,Emb-only-R,3061951,3080950
NC_009342.1,Emb-only-R,3096651,3113350
NC_009342.1,Emb-only-R,3143551,3187750
NC_009342.1,Emb-only-R,3237751,3252050
NC_009438.1,SAGE-GI-P,177001,287000
NC_009438.1,SAGE-GI-P,2075001,2087000
NC_009438.1,SAGE-GI-P,2254001,2276000
NC_009438.1,SAGE-GI-P,3028001,3054000
NC_009438.1,SAGE-GI-P,4333001,4379000
NC_009438.1,SAGE-GI-P,4545001,4646000
NC_009438.1,Emb-only-P,177001,287000
NC_009438.1,Emb-only-P,2075001,2087000
NC_009438.1,Emb-only-P,2228001,2276000
NC_009438.1,Emb-only-P,3028001,3054000
NC_009438.1,Emb-only-P,4074001,4093000
NC_009438.1,Emb-only-P,4333001,4379000
NC_009438.1,Emb-only-P,4545001,4646000
NC_009438.1,SAGE-GI-R,34851,47850
NC_009438.1,SAGE-GI-R,175251,298250
NC_009438.1,SAGE-GI-R,307151,333750
NC_009438.1,SAGE-GI-R,354151,383150
NC_009438.1,SAGE-GI-R,450351,482050
NC_009438.1,SAGE-GI-R,517251,552050
NC_009438.1,SAGE-GI-R,610651,621350
NC_009438.1,SAGE-GI-R,637951,676550
NC_009438.1,SAGE-GI-R,739151,753850
NC_009438.1,SAGE-GI-R,788051,809650
NC_009438.1,SAGE-GI-R,898251,909050
NC_009438.1,SAGE-GI-R,1135951,1151050
NC_009438.1,SAGE-GI-R,1169051,1206050
NC_009438.1,SAGE-GI-R,1326951,1343650
NC_009438.1,SAGE-GI-R,1488951,1521350
NC_009438.1,SAGE-GI-R,1662451,1686050
NC_009438.1,SAGE-GI-R,1728751,1744350
NC_009438.1,SAGE-GI-R,1782451,1798450
NC_009438.1,SAGE-GI-R,1830351,1839050
NC_009438.1,SAGE-GI-R,1847051,1864350
NC_009438.1,SAGE-GI-R,1952851,1963150
NC_009438.1,SAGE-GI-R,2060951,2096450
NC_009438.1,SAGE-GI-R,2101651,2111550
NC_009438.1,SAGE-GI-R,2218651,2280150
NC_009438.1,SAGE-GI-R,2414751,2430250
NC_009438.1,SAGE-GI-R,2479951,2519650
NC_009438.1,SAGE-GI-R,2597651,2626050
NC_009438.1,SAGE-GI-R,2682851,2695050
NC_009438.1,SAGE-GI-R,2707351,2722650
NC_009438.1,SAGE-GI-R,2740651,2754950
NC_009438.1,SAGE-GI-R,2828951,2857650
NC_009438.1,SAGE-GI-R,2894551,2905950
NC_009438.1,SAGE-GI-R,2934951,3077450
NC_009438.1,SAGE-GI-R,3129151,3137250
NC_009438.1,SAGE-GI-R,3276251,3302850
NC_009438.1,SAGE-GI-R,3341751,3394950
NC_009438.1,SAGE-GI-R,3426751,3449950
NC_009438.1,SAGE-GI-R,3728051,3741150
NC_009438.1,SAGE-GI-R,3788251,3812050
NC_009438.1,SAGE-GI-R,3895951,3955350
NC_009438.1,SAGE-GI-R,3980451,4003150
NC_009438.1,SAGE-GI-R,4018451,4051250
NC_009438.1,SAGE-GI-R,4070551,4105050
NC_009438.1,SAGE-GI-R,4121551,4144150
NC_009438.1,SAGE-GI-R,4164651,4192450
NC_009438.1,SAGE-GI-R,4204451,4214550
NC_009438.1,SAGE-GI-R,4271651,4292450
NC_009438.1,SAGE-GI-R,4326851,4390750
NC_009438.1,SAGE-GI-R,4413351,4464350
NC_009438.1,SAGE-GI-R,4480351,4492050
NC_009438.1,SAGE-GI-R,4513351,4652550
NC_009438.1,Emb-only-R,34751,47650
NC_009438.1,Emb-only-R,173951,296650
NC_009438.1,Emb-only-R,309451,334250
NC_009438.1,Emb-only-R,354051,388650
NC_009438.1,Emb-only-R,470551,480150
NC_009438.1,Emb-only-R,516951,556450
NC_009438.1,Emb-only-R,639851,655550
NC_009438.1,Emb-only-R,788051,810050
NC_009438.1,Emb-only-R,1134951,1150950
NC_009438.1,Emb-only-R,1167151,1208250
NC_009438.1,Emb-only-R,1243851,1256250
NC_009438.1,Emb-only-R,1320151,1338850
NC_009438.1,Emb-only-R,1490651,1525450
NC_009438.1,Emb-only-R,1664151,1687350
NC_009438.1,Emb-only-R,1728351,1741750
NC_009438.1,Emb-only-R,1824951,1835150
NC_009438.1,Emb-only-R,1851551,1863550
NC_009438.1,Emb-only-R,2056951,2097550
NC_009438.1,Emb-only-R,2217351,2279050
NC_009438.1,Emb-only-R,2415051,2429550
NC_009438.1,Emb-only-R,2480051,2537950
NC_009438.1,Emb-only-R,2593051,2627250
NC_009438.1,Emb-only-R,2680951,2695750
NC_009438.1,Emb-only-R,2705351,2721150
NC_009438.1,Emb-only-R,2843451,2857650
NC_009438.1,Emb-only-R,2935551,2977750
NC_009438.1,Emb-only-R,2998951,3076950
NC_009438.1,Emb-only-R,3273751,3315750
NC_009438.1,Emb-only-R,3341851,3395050
NC_009438.1,Emb-only-R,3431551,3451150
NC_009438.1,Emb-only-R,3564351,3577450
NC_009438.1,Emb-only-R,3662851,3673350
NC_009438.1,Emb-only-R,3727051,3741450
NC_009438.1,Emb-only-R,3791751,3814650
NC_009438.1,Emb-only-R,3872551,3888750
NC_009438.1,Emb-only-R,3908651,3926450
NC_009438.1,Emb-only-R,3931951,3955150
NC_009438.1,Emb-only-R,3980351,4003550
NC_009438.1,Emb-only-R,4027851,4048150
NC_009438.1,Emb-only-R,4070651,4103750
NC_009438.1,Emb-only-R,4120051,4147150
NC_009438.1,Emb-only-R,4166251,4204350
NC_009438.1,Emb-only-R,4245651,4258050
NC_009438.1,Emb-only-R,4267851,4291250
NC_009438.1,Emb-only-R,4325751,4384550
NC_009438.1,Emb-only-R,4404351,4464850
NC_009438.1,Emb-only-R,4480851,4491750
NC_009438.1,Emb-only-R,4535251,4654250
NC_009445.1,SAGE-GI-P,469001,496000
NC_009445.1,SAGE-GI-P,831001,871000
NC_009445.1,SAGE-GI-P,1319001,1352000
NC_009445.1,SAGE-GI-P,2331001,2365000
NC_009445.1,SAGE-GI-P,3240001,3281000
NC_009445.1,SAGE-GI-P,4105001,4128000
NC_009445.1,SAGE-GI-P,5236001,5257000
NC_009445.1,SAGE-GI-P,5362001,5394000
NC_009445.1,SAGE-GI-P,5408001,5433000
NC_009445.1,SAGE-GI-P,5505001,5531000
NC_009445.1,SAGE-GI-P,6423001,6468000
NC_009445.1,SAGE-GI-P,6626001,6690000
NC_009445.1,SAGE-GI-P,7199001,7236000
NC_009445.1,SAGE-GI-P,7305001,7380000
NC_009445.1,Emb-only-P,469001,496000
NC_009445.1,Emb-only-P,831001,852000
NC_009445.1,Emb-only-P,1319001,1363000
NC_009445.1,Emb-only-P,2331001,2365000
NC_009445.1,Emb-only-P,3240001,3281000
NC_009445.1,Emb-only-P,5380251,5390850
NC_009445.1,Emb-only-P,5505001,5531000
NC_009445.1,Emb-only-P,6423001,6468000
NC_009445.1,Emb-only-P,6626001,6690000
NC_009445.1,Emb-only-P,7199001,7236000
NC_009445.1,Emb-only-P,7334001,7380000
NC_009445.1,SAGE-GI-R,55451,67250
NC_009445.1,SAGE-GI-R,89151,98950
NC_009445.1,SAGE-GI-R,167151,179350
NC_009445.1,SAGE-GI-R,250451,263950
NC_009445.1,SAGE-GI-R,306051,318150
NC_009445.1,SAGE-GI-R,398751,458050
NC_009445.1,SAGE-GI-R,468051,503850
NC_009445.1,SAGE-GI-R,554751,569950
NC_009445.1,SAGE-GI-R,655351,671650
NC_009445.1,SAGE-GI-R,706651,725850
NC_009445.1,SAGE-GI-R,750951,768350
NC_009445.1,SAGE-GI-R,829051,895850
NC_009445.1,SAGE-GI-R,949151,963550
NC_009445.1,SAGE-GI-R,1088251,1101350
NC_009445.1,SAGE-GI-R,1113951,1132750
NC_009445.1,SAGE-GI-R,1309051,1375150
NC_009445.1,SAGE-GI-R,1444651,1498250
NC_009445.1,SAGE-GI-R,1538251,1550850
NC_009445.1,SAGE-GI-R,1596151,1628150
NC_009445.1,SAGE-GI-R,1714651,1737250
NC_009445.1,SAGE-GI-R,1813851,1849550
NC_009445.1,SAGE-GI-R,1937451,1961350
NC_009445.1,SAGE-GI-R,2100451,2131850
NC_009445.1,SAGE-GI-R,2166551,2184550
NC_009445.1,SAGE-GI-R,2314151,2386650
NC_009445.1,SAGE-GI-R,2446351,2457550
NC_009445.1,SAGE-GI-R,2531351,2550750
NC_009445.1,SAGE-GI-R,2572551,2589750
NC_009445.1,SAGE-GI-R,2728551,2741650
NC_009445.1,SAGE-GI-R,2768651,2796950
NC_009445.1,SAGE-GI-R,2936051,2951450
NC_009445.1,SAGE-GI-R,2973451,2981750
NC_009445.1,SAGE-GI-R,3084251,3169950
NC_009445.1,SAGE-GI-R,3191151,3215350
NC_009445.1,SAGE-GI-R,3242651,3294150
NC_009445.1,SAGE-GI-R,3335951,3349150
NC_009445.1,SAGE-GI-R,3365951,3382350
NC_009445.1,SAGE-GI-R,3396451,3424950
NC_009445.1,SAGE-GI-R,3637751,3656850
NC_009445.1,SAGE-GI-R,3793751,3831250
NC_009445.1,SAGE-GI-R,3845051,3870150
NC_009445.1,SAGE-GI-R,3911951,3923350
NC_009445.1,SAGE-GI-R,4056751,4072150
NC_009445.1,SAGE-GI-R,4100451,4135550
NC_009445.1,SAGE-GI-R,4151151,4164450
NC_009445.1,SAGE-GI-R,4183251,4216650
NC_009445.1,SAGE-GI-R,4230251,4240550
NC_009445.1,SAGE-GI-R,4255051,4274150
NC_009445.1,SAGE-GI-R,4323651,4337350
NC_009445.1,SAGE-GI-R,4370751,4405150
NC_009445.1,SAGE-GI-R,4494951,4503850
NC_009445.1,SAGE-GI-R,4565051,4582850
NC_009445.1,SAGE-GI-R,4608251,4624050
NC_009445.1,SAGE-GI-R,4676451,4687450
NC_009445.1,SAGE-GI-R,4702651,4713950
NC_009445.1,SAGE-GI-R,4839351,4850750
NC_009445.1,SAGE-GI-R,4872051,4885250
NC_009445.1,SAGE-GI-R,4935951,4951550
NC_009445.1,SAGE-GI-R,4961751,4979250
NC_009445.1,SAGE-GI-R,5037351,5068050
NC_009445.1,SAGE-GI-R,5079151,5125550
NC_009445.1,SAGE-GI-R,5147751,5205650
NC_009445.1,SAGE-GI-R,5217751,5262650
NC_009445.1,SAGE-GI-R,5274551,5291550
NC_009445.1,SAGE-GI-R,5360951,5433650
NC_009445.1,SAGE-GI-R,5467251,5481150
NC_009445.1,SAGE-GI-R,5504551,5542650
NC_009445.1,SAGE-GI-R,5619551,5639950
NC_009445.1,SAGE-GI-R,5656651,5672550
NC_009445.1,SAGE-GI-R,5691551,5719250
NC_009445.1,SAGE-GI-R,6004451,6060950
NC_009445.1,SAGE-GI-R,6105551,6148750
NC_009445.1,SAGE-GI-R,6182351,6201950
NC_009445.1,SAGE-GI-R,6261051,6283650
NC_009445.1,SAGE-GI-R,6294351,6316150
NC_009445.1,SAGE-GI-R,6338051,6363450
NC_009445.1,SAGE-GI-R,6421451,6457450
NC_009445.1,SAGE-GI-R,6548351,6566750
NC_009445.1,SAGE-GI-R,6579051,6597650
NC_009445.1,SAGE-GI-R,6623851,6675950
NC_009445.1,SAGE-GI-R,6685151,6705250
NC_009445.1,SAGE-GI-R,6725451,6748350
NC_009445.1,SAGE-GI-R,6761451,6772950
NC_009445.1,SAGE-GI-R,6789451,6811250
NC_009445.1,SAGE-GI-R,6867151,6894250
NC_009445.1,SAGE-GI-R,6954251,6977650
NC_009445.1,SAGE-GI-R,7056451,7067650
NC_009445.1,SAGE-GI-R,7159051,7169350
NC_009445.1,SAGE-GI-R,7194651,7238850
NC_009445.1,SAGE-GI-R,7293751,7393550
NC_009445.1,Emb-only-R,166351,180150
NC_009445.1,Emb-only-R,250651,269550
NC_009445.1,Emb-only-R,392051,417650
NC_009445.1,Emb-only-R,426351,439150
NC_009445.1,Emb-only-R,467651,498450
NC_009445.1,Emb-only-R,535051,569150
NC_009445.1,Emb-only-R,706951,722850
NC_009445.1,Emb-only-R,745851,755150
NC_009445.1,Emb-only-R,774951,796550
NC_009445.1,Emb-only-R,828851,872050
NC_009445.1,Emb-only-R,951751,964450
NC_009445.1,Emb-only-R,987651,1002350
NC_009445.1,Emb-only-R,1047151,1055850
NC_009445.1,Emb-only-R,1078351,1086550
NC_009445.1,Emb-only-R,1113651,1132550
NC_009445.1,Emb-only-R,1304851,1377650
NC_009445.1,Emb-only-R,1447251,1492250
NC_009445.1,Emb-only-R,1540351,1552850
NC_009445.1,Emb-only-R,1613651,1630850
NC_009445.1,Emb-only-R,1713851,1732350
NC_009445.1,Emb-only-R,1752551,1770650
NC_009445.1,Emb-only-R,1820951,1833350
NC_009445.1,Emb-only-R,1869051,1884050
NC_009445.1,Emb-only-R,1934451,1962250
NC_009445.1,Emb-only-R,2100751,2128350
NC_009445.1,Emb-only-R,2220051,2229150
NC_009445.1,Emb-only-R,2308451,2408550
NC_009445.1,Emb-only-R,2425851,2458450
NC_009445.1,Emb-only-R,2479051,2492050
NC_009445.1,Emb-only-R,2512751,2548450
NC_009445.1,Emb-only-R,2758851,2793650
NC_009445.1,Emb-only-R,2967951,3002850
NC_009445.1,Emb-only-R,3092951,3102650
NC_009445.1,Emb-only-R,3109651,3173050
NC_009445.1,Emb-only-R,3190851,3212050
NC_009445.1,Emb-only-R,3240851,3283550
NC_009445.1,Emb-only-R,3304751,3318750
NC_009445.1,Emb-only-R,3365251,3381050
NC_009445.1,Emb-only-R,3395951,3425050
NC_009445.1,Emb-only-R,3636751,3655550
NC_009445.1,Emb-only-R,3795151,3863950
NC_009445.1,Emb-only-R,3911651,3922650
NC_009445.1,Emb-only-R,4055851,4068450
NC_009445.1,Emb-only-R,4083551,4095650
NC_009445.1,Emb-only-R,4105351,4134850
NC_009445.1,Emb-only-R,4149951,4165350
NC_009445.1,Emb-only-R,4178451,4216750
NC_009445.1,Emb-only-R,4254651,4265450
NC_009445.1,Emb-only-R,4321851,4335550
NC_009445.1,Emb-only-R,4367051,4381350
NC_009445.1,Emb-only-R,4398051,4406350
NC_009445.1,Emb-only-R,4563551,4573450
NC_009445.1,Emb-only-R,4606851,4627650
NC_009445.1,Emb-only-R,4938251,4949150
NC_009445.1,Emb-only-R,4964251,4973350
NC_009445.1,Emb-only-R,5036851,5063850
NC_009445.1,Emb-only-R,5079551,5114550
NC_009445.1,Emb-only-R,5147551,5208450
NC_009445.1,Emb-only-R,5239251,5264350
NC_009445.1,Emb-only-R,5362551,5408850
NC_009445.1,Emb-only-R,5468351,5486750
NC_009445.1,Emb-only-R,5503851,5544050
NC_009445.1,Emb-only-R,5616851,5636450
NC_009445.1,Emb-only-R,5657951,5715150
NC_009445.1,Emb-only-R,5747151,5757350
NC_009445.1,Emb-only-R,6002451,6037850
NC_009445.1,Emb-only-R,6057651,6069550
NC_009445.1,Emb-only-R,6092051,6148950
NC_009445.1,Emb-only-R,6182651,6201650
NC_009445.1,Emb-only-R,6298051,6318350
NC_009445.1,Emb-only-R,6342251,6366650
NC_009445.1,Emb-only-R,6419951,6461250
NC_009445.1,Emb-only-R,6548951,6565250
NC_009445.1,Emb-only-R,6625651,6677350
NC_009445.1,Emb-only-R,6684351,6702250
NC_009445.1,Emb-only-R,6721051,6772750
NC_009445.1,Emb-only-R,6793251,6812150
NC_009445.1,Emb-only-R,6829751,6839850
NC_009445.1,Emb-only-R,6855151,6899650
NC_009445.1,Emb-only-R,6953851,6974550
NC_009445.1,Emb-only-R,7055551,7073750
NC_009445.1,Emb-only-R,7088551,7105850
NC_009445.1,Emb-only-R,7195751,7238350
NC_009445.1,Emb-only-R,7271751,7283750
NC_009445.1,Emb-only-R,7294751,7391950
NC_009485.1,SAGE-GI-P,431001,472000
NC_009485.1,SAGE-GI-P,588001,613000
NC_009485.1,SAGE-GI-P,1280001,1326000
NC_009485.1,SAGE-GI-P,1493001,1668000
NC_009485.1,SAGE-GI-P,3465001,3512000
NC_009485.1,SAGE-GI-P,5176001,5220000
NC_009485.1,SAGE-GI-P,5273001,5325000
NC_009485.1,SAGE-GI-P,5981001,6051000
NC_009485.1,SAGE-GI-P,6853001,6901000
NC_009485.1,SAGE-GI-P,7028001,7062000
NC_009485.1,SAGE-GI-P,7088001,7143000
NC_009485.1,SAGE-GI-P,7588001,7690000
NC_009485.1,SAGE-GI-P,7764001,7841000
NC_009485.1,SAGE-GI-P,8089001,8204000
NC_009485.1,Emb-only-P,431001,472000
NC_009485.1,Emb-only-P,588001,613000
NC_009485.1,Emb-only-P,1280001,1326000
NC_009485.1,Emb-only-P,1493001,1670000
NC_009485.1,Emb-only-P,3465001,3512000
NC_009485.1,Emb-only-P,5176001,5220000
NC_009485.1,Emb-only-P,5273001,5325000
NC_009485.1,Emb-only-P,6853001,6901000
NC_009485.1,Emb-only-P,7029001,7044000
NC_009485.1,Emb-only-P,7088001,7143000
NC_009485.1,Emb-only-P,7619001,7690000
NC_009485.1,Emb-only-P,7764001,7842000
NC_009485.1,Emb-only-P,8089001,8204000
NC_009485.1,SAGE-GI-R,5351,20350
NC_009485.1,SAGE-GI-R,85151,102150
NC_009485.1,SAGE-GI-R,182451,202550
NC_009485.1,SAGE-GI-R,365851,376450
NC_009485.1,SAGE-GI-R,417451,477250
NC_009485.1,SAGE-GI-R,586951,645650
NC_009485.1,SAGE-GI-R,1022351,1038350
NC_009485.1,SAGE-GI-R,1049151,1165050
NC_009485.1,SAGE-GI-R,1215451,1236950
NC_009485.1,SAGE-GI-R,1259251,1328650
NC_009485.1,SAGE-GI-R,1369351,1395950
NC_009485.1,SAGE-GI-R,1478151,1667950
NC_009485.1,SAGE-GI-R,1739951,1771650
NC_009485.1,SAGE-GI-R,1929851,1965150
NC_009485.1,SAGE-GI-R,2075351,2084150
NC_009485.1,SAGE-GI-R,2089451,2111850
NC_009485.1,SAGE-GI-R,2376951,2413050
NC_009485.1,SAGE-GI-R,2447751,2466450
NC_009485.1,SAGE-GI-R,2597851,2609550
NC_009485.1,SAGE-GI-R,2666751,2703950
NC_009485.1,SAGE-GI-R,2720751,2744150
NC_009485.1,SAGE-GI-R,2755151,2765750
NC_009485.1,SAGE-GI-R,2784351,2794850
NC_009485.1,SAGE-GI-R,3003751,3021750
NC_009485.1,SAGE-GI-R,3196151,3208350
NC_009485.1,SAGE-GI-R,3253351,3264750
NC_009485.1,SAGE-GI-R,3299751,3371050
NC_009485.1,SAGE-GI-R,3389951,3408150
NC_009485.1,SAGE-GI-R,3457551,3568750
NC_009485.1,SAGE-GI-R,3581251,3601150
NC_009485.1,SAGE-GI-R,3745651,3756650
NC_009485.1,SAGE-GI-R,3786451,3797050
NC_009485.1,SAGE-GI-R,3812451,3824450
NC_009485.1,SAGE-GI-R,3865051,3884150
NC_009485.1,SAGE-GI-R,3902551,3915250
NC_009485.1,SAGE-GI-R,3982551,4004350
NC_009485.1,SAGE-GI-R,4070551,4102350
NC_009485.1,SAGE-GI-R,4119551,4131550
NC_009485.1,SAGE-GI-R,4166751,4187650
NC_009485.1,SAGE-GI-R,4306751,4327650
NC_009485.1,SAGE-GI-R,4384051,4415050
NC_009485.1,SAGE-GI-R,4518751,4535050
NC_009485.1,SAGE-GI-R,4548551,4603250
NC_009485.1,SAGE-GI-R,4648451,4663750
NC_009485.1,SAGE-GI-R,4718051,4735050
NC_009485.1,SAGE-GI-R,4765751,4803150
NC_009485.1,SAGE-GI-R,4916651,4936150
NC_009485.1,SAGE-GI-R,5040851,5053450
NC_009485.1,SAGE-GI-R,5065751,5078450
NC_009485.1,SAGE-GI-R,5174251,5228550
NC_009485.1,SAGE-GI-R,5278251,5324350
NC_009485.1,SAGE-GI-R,5363451,5378350
NC_009485.1,SAGE-GI-R,5412151,5429250
NC_009485.1,SAGE-GI-R,5465251,5518150
NC_009485.1,SAGE-GI-R,5596251,5612250
NC_009485.1,SAGE-GI-R,5730751,5760450
NC_009485.1,SAGE-GI-R,5772351,5788250
NC_009485.1,SAGE-GI-R,5857351,5931650
NC_009485.1,SAGE-GI-R,5990251,6073050
NC_009485.1,SAGE-GI-R,6134551,6145450
NC_009485.1,SAGE-GI-R,6170251,6203850
NC_009485.1,SAGE-GI-R,6237651,6255150
NC_009485.1,SAGE-GI-R,6567851,6599250
NC_009485.1,SAGE-GI-R,6612851,6641050
NC_009485.1,SAGE-GI-R,6703451,6727250
NC_009485.1,SAGE-GI-R,6808051,6824250
NC_009485.1,SAGE-GI-R,6848151,6904050
NC_009485.1,SAGE-GI-R,6915551,6940350
NC_009485.1,SAGE-GI-R,7008451,7061250
NC_009485.1,SAGE-GI-R,7083751,7149450
NC_009485.1,SAGE-GI-R,7251351,7266250
NC_009485.1,SAGE-GI-R,7337551,7362250
NC_009485.1,SAGE-GI-R,7416451,7424950
NC_009485.1,SAGE-GI-R,7453051,7470750
NC_009485.1,SAGE-GI-R,7491351,7516250
NC_009485.1,SAGE-GI-R,7591751,7694850
NC_009485.1,SAGE-GI-R,7763951,7843950
NC_009485.1,SAGE-GI-R,7923651,7937450
NC_009485.1,SAGE-GI-R,7962551,7978550
NC_009485.1,SAGE-GI-R,8079051,8206050
NC_009485.1,Emb-only-R,8951,20350
NC_009485.1,Emb-only-R,175251,203850
NC_009485.1,Emb-only-R,383051,392550
NC_009485.1,Emb-only-R,429051,478150
NC_009485.1,Emb-only-R,586951,640650
NC_009485.1,Emb-only-R,709251,720950
NC_009485.1,Emb-only-R,877151,894250
NC_009485.1,Emb-only-R,923751,942950
NC_009485.1,Emb-only-R,1025651,1035050
NC_009485.1,Emb-only-R,1049351,1166850
NC_009485.1,Emb-only-R,1221951,1236550
NC_009485.1,Emb-only-R,1257251,1328150
NC_009485.1,Emb-only-R,1374951,1398150
NC_009485.1,Emb-only-R,1481351,1668550
NC_009485.1,Emb-only-R,1746651,1767650
NC_009485.1,Emb-only-R,1938251,1963450
NC_009485.1,Emb-only-R,2305851,2344950
NC_009485.1,Emb-only-R,2375451,2415650
NC_009485.1,Emb-only-R,2679451,2743250
NC_009485.1,Emb-only-R,2782951,2804650
NC_009485.1,Emb-only-R,2928651,2942150
NC_009485.1,Emb-only-R,3300551,3329950
NC_009485.1,Emb-only-R,3352651,3369550
NC_009485.1,Emb-only-R,3389051,3416750
NC_009485.1,Emb-only-R,3456851,3548450
NC_009485.1,Emb-only-R,3581051,3601550
NC_009485.1,Emb-only-R,3811651,3852950
NC_009485.1,Emb-only-R,3858751,3887150
NC_009485.1,Emb-only-R,3899651,3915150
NC_009485.1,Emb-only-R,3983651,4002250
NC_009485.1,Emb-only-R,4066051,4099250
NC_009485.1,Emb-only-R,4125551,4151050
NC_009485.1,Emb-only-R,4306651,4325250
NC_009485.1,Emb-only-R,4383051,4397850
NC_009485.1,Emb-only-R,4421351,4429650
NC_009485.1,Emb-only-R,4519851,4534450
NC_009485.1,Emb-only-R,4548051,4604950
NC_009485.1,Emb-only-R,4628251,4638050
NC_009485.1,Emb-only-R,4650151,4661350
NC_009485.1,Emb-only-R,4716351,4733050
NC_009485.1,Emb-only-R,4765351,4779750
NC_009485.1,Emb-only-R,4788351,4811050
NC_009485.1,Emb-only-R,4913651,4936450
NC_009485.1,Emb-only-R,5064651,5081150
NC_009485.1,Emb-only-R,5174751,5233250
NC_009485.1,Emb-only-R,5279751,5327150
NC_009485.1,Emb-only-R,5369951,5390350
NC_009485.1,Emb-only-R,5407651,5432650
NC_009485.1,Emb-only-R,5462351,5516250
NC_009485.1,Emb-only-R,5561651,5574750
NC_009485.1,Emb-only-R,5593051,5614350
NC_009485.1,Emb-only-R,5739251,5758050
NC_009485.1,Emb-only-R,5773751,5788050
NC_009485.1,Emb-only-R,5845551,5907850
NC_009485.1,Emb-only-R,5964851,5978350
NC_009485.1,Emb-only-R,5995051,6050050
NC_009485.1,Emb-only-R,6060451,6076150
NC_009485.1,Emb-only-R,6134151,6148950
NC_009485.1,Emb-only-R,6169851,6210850
NC_009485.1,Emb-only-R,6237551,6259550
NC_009485.1,Emb-only-R,6430651,6450550
NC_009485.1,Emb-only-R,6567751,6587350
NC_009485.1,Emb-only-R,6612851,6651050
NC_009485.1,Emb-only-R,6682051,6695250
NC_009485.1,Emb-only-R,6774851,6798050
NC_009485.1,Emb-only-R,6812451,6824150
NC_009485.1,Emb-only-R,6848151,6903250
NC_009485.1,Emb-only-R,7004151,7059950
NC_009485.1,Emb-only-R,7087251,7156150
NC_009485.1,Emb-only-R,7186051,7212050
NC_009485.1,Emb-only-R,7452651,7470050
NC_009485.1,Emb-only-R,7488651,7516950
NC_009485.1,Emb-only-R,7592051,7694250
NC_009485.1,Emb-only-R,7763951,7845650
NC_009485.1,Emb-only-R,7872451,7880650
NC_009485.1,Emb-only-R,7966051,7979350
NC_009485.1,Emb-only-R,8079251,8203550
NC_009485.1,Emb-only-R,8249651,8259650
NC_009504.1,SAGE-GI-P,32001,55000
NC_009504.1,SAGE-GI-P,495001,546000
NC_009504.1,Emb-only-P,495001,546000
NC_009504.1,SAGE-GI-R,22051,75350
NC_009504.1,SAGE-GI-R,125351,139550
NC_009504.1,SAGE-GI-R,150551,199350
NC_009504.1,SAGE-GI-R,228151,251050
NC_009504.1,SAGE-GI-R,273851,286550
NC_009504.1,SAGE-GI-R,298351,326950
NC_009504.1,SAGE-GI-R,367251,380850
NC_009504.1,SAGE-GI-R,451751,466950
NC_009504.1,SAGE-GI-R,487951,550050
NC_009504.1,SAGE-GI-R,583351,612650
NC_009504.1,SAGE-GI-R,778851,838350
NC_009504.1,SAGE-GI-R,1046451,1073350
NC_009504.1,SAGE-GI-R,1089751,1110350
NC_009504.1,SAGE-GI-R,1137851,1153350
NC_009504.1,Emb-only-R,22051,71150
NC_009504.1,Emb-only-R,125051,139150
NC_009504.1,Emb-only-R,150451,162250
NC_009504.1,Emb-only-R,176651,199350
NC_009504.1,Emb-only-R,234051,254650
NC_009504.1,Emb-only-R,273851,287350
NC_009504.1,Emb-only-R,303451,327450
NC_009504.1,Emb-only-R,364951,381250
NC_009504.1,Emb-only-R,458251,466850
NC_009504.1,Emb-only-R,490851,550150
NC_009504.1,Emb-only-R,601751,613650
NC_009504.1,Emb-only-R,778551,837750
NC_009504.1,Emb-only-R,1031551,1077550
NC_009504.1,Emb-only-R,1085551,1112450
NC_009504.1,Emb-only-R,1124951,1152350
NC_009487.1,SAGE-GI-P,50001,84000
NC_009487.1,SAGE-GI-P,360001,406000
NC_009487.1,SAGE-GI-P,490001,501000
NC_009487.1,SAGE-GI-P,924001,966000
NC_009487.1,SAGE-GI-P,1074001,1124000
NC_009487.1,SAGE-GI-P,1563001,1588000
NC_009487.1,SAGE-GI-P,2124001,2184000
NC_009487.1,SAGE-GI-P,2319001,2337000
NC_009487.1,SAGE-GI-P,2648001,2676000
NC_009487.1,Emb-only-P,50001,82000
NC_009487.1,Emb-only-P,361001,406000
NC_009487.1,Emb-only-P,924001,966000
NC_009487.1,Emb-only-P,1074001,1132000
NC_009487.1,Emb-only-P,1563001,1588000
NC_009487.1,Emb-only-P,2124001,2146000
NC_009487.1,Emb-only-P,2319001,2337000
NC_009487.1,Emb-only-P,2648001,2676000
NC_009487.1,SAGE-GI-R,23751,105050
NC_009487.1,SAGE-GI-R,190351,205650
NC_009487.1,SAGE-GI-R,217951,228650
NC_009487.1,SAGE-GI-R,255351,271150
NC_009487.1,SAGE-GI-R,323151,349250
NC_009487.1,SAGE-GI-R,358651,407250
NC_009487.1,SAGE-GI-R,468551,513750
NC_009487.1,SAGE-GI-R,534451,550350
NC_009487.1,SAGE-GI-R,574451,600150
NC_009487.1,SAGE-GI-R,617951,661850
NC_009487.1,SAGE-GI-R,708051,724850
NC_009487.1,SAGE-GI-R,885251,900750
NC_009487.1,SAGE-GI-R,919551,966050
NC_009487.1,SAGE-GI-R,1028251,1048550
NC_009487.1,SAGE-GI-R,1070751,1130850
NC_009487.1,SAGE-GI-R,1143451,1167150
NC_009487.1,SAGE-GI-R,1253151,1278850
NC_009487.1,SAGE-GI-R,1360251,1385450
NC_009487.1,SAGE-GI-R,1431051,1441850
NC_009487.1,SAGE-GI-R,1465051,1480650
NC_009487.1,SAGE-GI-R,1557651,1599550
NC_009487.1,SAGE-GI-R,1645251,1655550
NC_009487.1,SAGE-GI-R,1802251,1819150
NC_009487.1,SAGE-GI-R,1929551,1940550
NC_009487.1,SAGE-GI-R,1976651,2011050
NC_009487.1,SAGE-GI-R,2035451,2052350
NC_009487.1,SAGE-GI-R,2123551,2188050
NC_009487.1,SAGE-GI-R,2200451,2226850
NC_009487.1,SAGE-GI-R,2311751,2345050
NC_009487.1,SAGE-GI-R,2373651,2413650
NC_009487.1,SAGE-GI-R,2542951,2564450
NC_009487.1,SAGE-GI-R,2642951,2685650
NC_009487.1,SAGE-GI-R,2805451,2817450
NC_009487.1,SAGE-GI-R,2828051,2858450
NC_009487.1,Emb-only-R,24251,105050
NC_009487.1,Emb-only-R,218051,228750
NC_009487.1,Emb-only-R,270551,279950
NC_009487.1,Emb-only-R,358351,408450
NC_009487.1,Emb-only-R,466951,509250
NC_009487.1,Emb-only-R,531451,550250
NC_009487.1,Emb-only-R,580151,599950
NC_009487.1,Emb-only-R,618051,661250
NC_009487.1,Emb-only-R,706451,725250
NC_009487.1,Emb-only-R,873851,900050
NC_009487.1,Emb-only-R,920051,965850
NC_009487.1,Emb-only-R,1033851,1050150
NC_009487.1,Emb-only-R,1070051,1129350
NC_009487.1,Emb-only-R,1144551,1169150
NC_009487.1,Emb-only-R,1251851,1281450
NC_009487.1,Emb-only-R,1359151,1377050
NC_009487.1,Emb-only-R,1467551,1480050
NC_009487.1,Emb-only-R,1558451,1596650
NC_009487.1,Emb-only-R,1760051,1770950
NC_009487.1,Emb-only-R,1797051,1819050
NC_009487.1,Emb-only-R,1930051,1940450
NC_009487.1,Emb-only-R,1977151,2009150
NC_009487.1,Emb-only-R,2035051,2051950
NC_009487.1,Emb-only-R,2120551,2189550
NC_009487.1,Emb-only-R,2199351,2225250
NC_009487.1,Emb-only-R,2266951,2277250
NC_009487.1,Emb-only-R,2313751,2344250
NC_009487.1,Emb-only-R,2370251,2412050
NC_009487.1,Emb-only-R,2511151,2522150
NC_009487.1,Emb-only-R,2551551,2589150
NC_009487.1,Emb-only-R,2645551,2685050
NC_009487.1,Emb-only-R,2811451,2856350
NC_009567.1,SAGE-GI-P,741001,778000
NC_009567.1,SAGE-GI-P,886001,924000
NC_009567.1,Emb-only-P,741001,778000
NC_009567.1,Emb-only-P,886001,924000
NC_009567.1,Emb-only-P,1133001,1168000
NC_009567.1,SAGE-GI-R,5951,48250
NC_009567.1,SAGE-GI-R,73951,88350
NC_009567.1,SAGE-GI-R,102851,129950
NC_009567.1,SAGE-GI-R,143351,171550
NC_009567.1,SAGE-GI-R,216251,231350
NC_009567.1,SAGE-GI-R,254151,272650
NC_009567.1,SAGE-GI-R,320251,345150
NC_009567.1,SAGE-GI-R,355351,367550
NC_009567.1,SAGE-GI-R,390251,404350
NC_009567.1,SAGE-GI-R,432551,456950
NC_009567.1,SAGE-GI-R,498951,518550
NC_009567.1,SAGE-GI-R,556351,590150
NC_009567.1,SAGE-GI-R,635651,657450
NC_009567.1,SAGE-GI-R,687451,781150
NC_009567.1,SAGE-GI-R,875151,931050
NC_009567.1,SAGE-GI-R,1019551,1064950
NC_009567.1,SAGE-GI-R,1129651,1181150
NC_009567.1,SAGE-GI-R,1191651,1207250
NC_009567.1,SAGE-GI-R,1263051,1280550
NC_009567.1,SAGE-GI-R,1298551,1316050
NC_009567.1,SAGE-GI-R,1366651,1393650
NC_009567.1,SAGE-GI-R,1446051,1460350
NC_009567.1,SAGE-GI-R,1572851,1646650
NC_009567.1,SAGE-GI-R,1697151,1708350
NC_009567.1,SAGE-GI-R,1729751,1745450
NC_009567.1,Emb-only-R,4951,44050
NC_009567.1,Emb-only-R,103551,130450
NC_009567.1,Emb-only-R,143951,172250
NC_009567.1,Emb-only-R,206651,231750
NC_009567.1,Emb-only-R,255151,272750
NC_009567.1,Emb-only-R,320051,344450
NC_009567.1,Emb-only-R,355151,369350
NC_009567.1,Emb-only-R,391151,400950
NC_009567.1,Emb-only-R,433951,456850
NC_009567.1,Emb-only-R,498351,510650
NC_009567.1,Emb-only-R,552751,589750
NC_009567.1,Emb-only-R,635451,651350
NC_009567.1,Emb-only-R,685551,781050
NC_009567.1,Emb-only-R,881751,927750
NC_009567.1,Emb-only-R,1018151,1065350
NC_009567.1,Emb-only-R,1128451,1177350
NC_009567.1,Emb-only-R,1263651,1281450
NC_009567.1,Emb-only-R,1298651,1320550
NC_009567.1,Emb-only-R,1366951,1388750
NC_009567.1,Emb-only-R,1445751,1462350
NC_009567.1,Emb-only-R,1472251,1485550
NC_009567.1,Emb-only-R,1576151,1589850
NC_009567.1,Emb-only-R,1604751,1652650
NC_009567.1,Emb-only-R,1696551,1711750
NC_009567.1,Emb-only-R,1723151,1746650
NC_009512.1,SAGE-GI-P,5001,72000
NC_009512.1,SAGE-GI-P,183001,236000
NC_009512.1,SAGE-GI-P,539001,580000
NC_009512.1,SAGE-GI-P,928001,956000
NC_009512.1,SAGE-GI-P,1525001,1548000
NC_009512.1,SAGE-GI-P,2112001,2137000
NC_009512.1,SAGE-GI-P,3250001,3389000
NC_009512.1,SAGE-GI-P,3778001,3828000
NC_009512.1,SAGE-GI-P,4293001,4312000
NC_009512.1,SAGE-GI-P,4417001,4438000
NC_009512.1,SAGE-GI-P,4604001,4654000
NC_009512.1,SAGE-GI-P,5153001,5186000
NC_009512.1,SAGE-GI-P,5638001,5675000
NC_009512.1,Emb-only-P,5001,72000
NC_009512.1,Emb-only-P,183001,236000
NC_009512.1,Emb-only-P,539001,580000
NC_009512.1,Emb-only-P,928001,956000
NC_009512.1,Emb-only-P,1525001,1548000
NC_009512.1,Emb-only-P,2112001,2137000
NC_009512.1,Emb-only-P,2760001,2798000
NC_009512.1,Emb-only-P,3250001,3391000
NC_009512.1,Emb-only-P,3778001,3828000
NC_009512.1,Emb-only-P,4293001,4312000
NC_009512.1,Emb-only-P,4417001,4438000
NC_009512.1,Emb-only-P,4604001,4654000
NC_009512.1,Emb-only-P,5153001,5186000
NC_009512.1,Emb-only-P,5638001,5675000
NC_009512.1,SAGE-GI-R,4951,75550
NC_009512.1,SAGE-GI-R,168051,234950
NC_009512.1,SAGE-GI-R,335551,424750
NC_009512.1,SAGE-GI-R,472251,490150
NC_009512.1,SAGE-GI-R,535151,583550
NC_009512.1,SAGE-GI-R,627851,646150
NC_009512.1,SAGE-GI-R,712451,734650
NC_009512.1,SAGE-GI-R,747451,775850
NC_009512.1,SAGE-GI-R,847951,870950
NC_009512.1,SAGE-GI-R,925951,964150
NC_009512.1,SAGE-GI-R,1028651,1050450
NC_009512.1,SAGE-GI-R,1226151,1242750
NC_009512.1,SAGE-GI-R,1338451,1382050
NC_009512.1,SAGE-GI-R,1390351,1420750
NC_009512.1,SAGE-GI-R,1522551,1551950
NC_009512.1,SAGE-GI-R,1601851,1627150
NC_009512.1,SAGE-GI-R,1636151,1745150
NC_009512.1,SAGE-GI-R,1777351,1840950
NC_009512.1,SAGE-GI-R,1864951,1910350
NC_009512.1,SAGE-GI-R,1982751,2000350
NC_009512.1,SAGE-GI-R,2027551,2048850
NC_009512.1,SAGE-GI-R,2078351,2142950
NC_009512.1,SAGE-GI-R,2186451,2207350
NC_009512.1,SAGE-GI-R,2239051,2258550
NC_009512.1,SAGE-GI-R,2341151,2360550
NC_009512.1,SAGE-GI-R,2392651,2419650
NC_009512.1,SAGE-GI-R,2691851,2705250
NC_009512.1,SAGE-GI-R,2740051,2828050
NC_009512.1,SAGE-GI-R,2933851,2947250
NC_009512.1,SAGE-GI-R,2972051,3006750
NC_009512.1,SAGE-GI-R,3069351,3134150
NC_009512.1,SAGE-GI-R,3215551,3227050
NC_009512.1,SAGE-GI-R,3247851,3405150
NC_009512.1,SAGE-GI-R,3495351,3510050
NC_009512.1,SAGE-GI-R,3555651,3566650
NC_009512.1,SAGE-GI-R,3618351,3657650
NC_009512.1,SAGE-GI-R,3775651,3831350
NC_009512.1,SAGE-GI-R,3864751,3877950
NC_009512.1,SAGE-GI-R,3905151,3939550
NC_009512.1,SAGE-GI-R,3979751,3992450
NC_009512.1,SAGE-GI-R,4077451,4095350
NC_009512.1,SAGE-GI-R,4154351,4167750
NC_009512.1,SAGE-GI-R,4182851,4206750
NC_009512.1,SAGE-GI-R,4255651,4315150
NC_009512.1,SAGE-GI-R,4368451,4451750
NC_009512.1,SAGE-GI-R,4508851,4521950
NC_009512.1,SAGE-GI-R,4550451,4564450
NC_009512.1,SAGE-GI-R,4599451,4651250
NC_009512.1,SAGE-GI-R,4955051,4970750
NC_009512.1,SAGE-GI-R,5066351,5105650
NC_009512.1,SAGE-GI-R,5116551,5189750
NC_009512.1,SAGE-GI-R,5273451,5289250
NC_009512.1,SAGE-GI-R,5309451,5331650
NC_009512.1,SAGE-GI-R,5464751,5491350
NC_009512.1,SAGE-GI-R,5633851,5680850
NC_009512.1,SAGE-GI-R,5713051,5724450
NC_009512.1,SAGE-GI-R,5757351,5774650
NC_009512.1,SAGE-GI-R,5913251,5954950
NC_009512.1,Emb-only-R,4951,75450
NC_009512.1,Emb-only-R,97451,105650
NC_009512.1,Emb-only-R,175351,233450
NC_009512.1,Emb-only-R,333951,416650
NC_009512.1,Emb-only-R,471951,486250
NC_009512.1,Emb-only-R,532351,583450
NC_009512.1,Emb-only-R,630051,647750
NC_009512.1,Emb-only-R,712051,734550
NC_009512.1,Emb-only-R,749251,780150
NC_009512.1,Emb-only-R,847451,873250
NC_009512.1,Emb-only-R,924951,962450
NC_009512.1,Emb-only-R,1028651,1043950
NC_009512.1,Emb-only-R,1192851,1203450
NC_009512.1,Emb-only-R,1338551,1377550
NC_009512.1,Emb-only-R,1392751,1420850
NC_009512.1,Emb-only-R,1522351,1550850
NC_009512.1,Emb-only-R,1603351,1655850
NC_009512.1,Emb-only-R,1663151,1714250
NC_009512.1,Emb-only-R,1729551,1745350
NC_009512.1,Emb-only-R,1776751,1841150
NC_009512.1,Emb-only-R,1864151,1877950
NC_009512.1,Emb-only-R,1894751,1909350
NC_009512.1,Emb-only-R,1984651,2000150
NC_009512.1,Emb-only-R,2025551,2042050
NC_009512.1,Emb-only-R,2082051,2142450
NC_009512.1,Emb-only-R,2183651,2209750
NC_009512.1,Emb-only-R,2239951,2258850
NC_009512.1,Emb-only-R,2340751,2363750
NC_009512.1,Emb-only-R,2389851,2404350
NC_009512.1,Emb-only-R,2552751,2565350
NC_009512.1,Emb-only-R,2739251,2823450
NC_009512.1,Emb-only-R,2941251,2954050
NC_009512.1,Emb-only-R,2973951,3006350
NC_009512.1,Emb-only-R,3065551,3134750
NC_009512.1,Emb-only-R,3213851,3227250
NC_009512.1,Emb-only-R,3247751,3406550
NC_009512.1,Emb-only-R,3497051,3509850
NC_009512.1,Emb-only-R,3556151,3567250
NC_009512.1,Emb-only-R,3610251,3657450
NC_009512.1,Emb-only-R,3774351,3837750
NC_009512.1,Emb-only-R,3904951,3937450
NC_009512.1,Emb-only-R,3979851,3997350
NC_009512.1,Emb-only-R,4180951,4207250
NC_009512.1,Emb-only-R,4259951,4314850
NC_009512.1,Emb-only-R,4327051,4337450
NC_009512.1,Emb-only-R,4367551,4451350
NC_009512.1,Emb-only-R,4511551,4521650
NC_009512.1,Emb-only-R,4599551,4651150
NC_009512.1,Emb-only-R,4918551,4971550
NC_009512.1,Emb-only-R,5066151,5107050
NC_009512.1,Emb-only-R,5118051,5135650
NC_009512.1,Emb-only-R,5149451,5187350
NC_009512.1,Emb-only-R,5270451,5286950
NC_009512.1,Emb-only-R,5308051,5332150
NC_009512.1,Emb-only-R,5398951,5409450
NC_009512.1,Emb-only-R,5470151,5491450
NC_009512.1,Emb-only-R,5519551,5531050
NC_009512.1,Emb-only-R,5633951,5681250
NC_009512.1,Emb-only-R,5710051,5725350
NC_009512.1,Emb-only-R,5756951,5775650
NC_009512.1,Emb-only-R,5915551,5954950
NC_009632.1,SAGE-GI-P,49001,84000
NC_009632.1,SAGE-GI-P,360001,406000
NC_009632.1,SAGE-GI-P,924001,966000
NC_009632.1,SAGE-GI-P,1074001,1131000
NC_009632.1,SAGE-GI-P,1562001,1585000
NC_009632.1,SAGE-GI-P,2124001,2186000
NC_009632.1,SAGE-GI-P,2319001,2337000
NC_009632.1,SAGE-GI-P,2648001,2676000
NC_009632.1,Emb-only-P,49001,83000
NC_009632.1,Emb-only-P,377001,406000
NC_009632.1,Emb-only-P,924001,966000
NC_009632.1,Emb-only-P,1074001,1132000
NC_009632.1,Emb-only-P,1562001,1585000
NC_009632.1,Emb-only-P,2124001,2145000
NC_009632.1,Emb-only-P,2319001,2337000
NC_009632.1,Emb-only-P,2648001,2676000
NC_009632.1,SAGE-GI-R,23651,106050
NC_009632.1,SAGE-GI-R,192251,206450
NC_009632.1,SAGE-GI-R,260751,272550
NC_009632.1,SAGE-GI-R,324451,349950
NC_009632.1,SAGE-GI-R,358751,408350
NC_009632.1,SAGE-GI-R,463451,510350
NC_009632.1,SAGE-GI-R,531251,550650
NC_009632.1,SAGE-GI-R,574751,599750
NC_009632.1,SAGE-GI-R,618851,660850
NC_009632.1,SAGE-GI-R,708751,723050
NC_009632.1,SAGE-GI-R,755151,766350
NC_009632.1,SAGE-GI-R,883451,900950
NC_009632.1,SAGE-GI-R,919451,966550
NC_009632.1,SAGE-GI-R,1025451,1045250
NC_009632.1,SAGE-GI-R,1073251,1167950
NC_009632.1,SAGE-GI-R,1221751,1230250
NC_009632.1,SAGE-GI-R,1256451,1281050
NC_009632.1,SAGE-GI-R,1335751,1353250
NC_009632.1,SAGE-GI-R,1358351,1379550
NC_009632.1,SAGE-GI-R,1430751,1441350
NC_009632.1,SAGE-GI-R,1465151,1480650
NC_009632.1,SAGE-GI-R,1557751,1600450
NC_009632.1,SAGE-GI-R,1644351,1655450
NC_009632.1,SAGE-GI-R,1804151,1818950
NC_009632.1,SAGE-GI-R,1929051,1940450
NC_009632.1,SAGE-GI-R,1978351,2010250
NC_009632.1,SAGE-GI-R,2035751,2052150
NC_009632.1,SAGE-GI-R,2122751,2187450
NC_009632.1,SAGE-GI-R,2197851,2225750
NC_009632.1,SAGE-GI-R,2313551,2345550
NC_009632.1,SAGE-GI-R,2376151,2412650
NC_009632.1,SAGE-GI-R,2547451,2586450
NC_009632.1,SAGE-GI-R,2643451,2683150
NC_009632.1,SAGE-GI-R,2804551,2820850
NC_009632.1,SAGE-GI-R,2828051,2858650
NC_009632.1,Emb-only-R,22051,34950
NC_009632.1,Emb-only-R,42751,104450
NC_009632.1,Emb-only-R,268951,280750
NC_009632.1,Emb-only-R,361851,410550
NC_009632.1,Emb-only-R,464751,509050
NC_009632.1,Emb-only-R,529951,550350
NC_009632.1,Emb-only-R,580251,599550
NC_009632.1,Emb-only-R,618951,658350
NC_009632.1,Emb-only-R,705051,725750
NC_009632.1,Emb-only-R,870551,899250
NC_009632.1,Emb-only-R,921051,965550
NC_009632.1,Emb-only-R,1034651,1045750
NC_009632.1,Emb-only-R,1071251,1173350
NC_009632.1,Emb-only-R,1256751,1281650
NC_009632.1,Emb-only-R,1356451,1371850
NC_009632.1,Emb-only-R,1464651,1478150
NC_009632.1,Emb-only-R,1558851,1599250
NC_009632.1,Emb-only-R,1645651,1659250
NC_009632.1,Emb-only-R,1757851,1771550
NC_009632.1,Emb-only-R,1798151,1819150
NC_009632.1,Emb-only-R,1929651,1939850
NC_009632.1,Emb-only-R,1985451,2009650
NC_009632.1,Emb-only-R,2035651,2051550
NC_009632.1,Emb-only-R,2122651,2187450
NC_009632.1,Emb-only-R,2198851,2225350
NC_009632.1,Emb-only-R,2313951,2343550
NC_009632.1,Emb-only-R,2376251,2411050
NC_009632.1,Emb-only-R,2549451,2588750
NC_009632.1,Emb-only-R,2645551,2684350
NC_009632.1,Emb-only-R,2823651,2857250
NC_009665.1,SAGE-GI-P,193001,276000
NC_009665.1,SAGE-GI-P,635001,720000
NC_009665.1,SAGE-GI-P,875551,890950
NC_009665.1,SAGE-GI-P,2222001,2237000
NC_009665.1,SAGE-GI-P,2330001,2373000
NC_009665.1,SAGE-GI-P,2490001,2532000
NC_009665.1,SAGE-GI-P,2584001,2621000
NC_009665.1,SAGE-GI-P,3470001,3502000
NC_009665.1,SAGE-GI-P,3848001,3920000
NC_009665.1,SAGE-GI-P,3990001,4021000
NC_009665.1,SAGE-GI-P,4733001,4752000
NC_009665.1,Emb-only-P,193001,276000
NC_009665.1,Emb-only-P,635001,720000
NC_009665.1,Emb-only-P,2222001,2247000
NC_009665.1,Emb-only-P,2330001,2373000
NC_009665.1,Emb-only-P,2584001,2621000
NC_009665.1,Emb-only-P,3848001,3920000
NC_009665.1,Emb-only-P,3990001,4016000
NC_009665.1,Emb-only-P,4733001,4752000
NC_009665.1,SAGE-GI-R,37551,52050
NC_009665.1,SAGE-GI-R,75951,89550
NC_009665.1,SAGE-GI-R,126151,148450
NC_009665.1,SAGE-GI-R,183451,279650
NC_009665.1,SAGE-GI-R,363051,381650
NC_009665.1,SAGE-GI-R,445051,475850
NC_009665.1,SAGE-GI-R,516051,530150
NC_009665.1,SAGE-GI-R,552851,571950
NC_009665.1,SAGE-GI-R,627251,734150
NC_009665.1,SAGE-GI-R,775351,790850
NC_009665.1,SAGE-GI-R,854851,911050
NC_009665.1,SAGE-GI-R,953651,982350
NC_009665.1,SAGE-GI-R,1144951,1173750
NC_009665.1,SAGE-GI-R,1283351,1301550
NC_009665.1,SAGE-GI-R,1311851,1357150
NC_009665.1,SAGE-GI-R,1495751,1508450
NC_009665.1,SAGE-GI-R,1568851,1586850
NC_009665.1,SAGE-GI-R,1598251,1609050
NC_009665.1,SAGE-GI-R,1670351,1681150
NC_009665.1,SAGE-GI-R,1702451,1728250
NC_009665.1,SAGE-GI-R,1748351,1758450
NC_009665.1,SAGE-GI-R,1832551,1850250
NC_009665.1,SAGE-GI-R,1887251,1933250
NC_009665.1,SAGE-GI-R,1960351,1991250
NC_009665.1,SAGE-GI-R,2032051,2059550
NC_009665.1,SAGE-GI-R,2210551,2245350
NC_009665.1,SAGE-GI-R,2333051,2381950
NC_009665.1,SAGE-GI-R,2416951,2432050
NC_009665.1,SAGE-GI-R,2448051,2461750
NC_009665.1,SAGE-GI-R,2474951,2520850
NC_009665.1,SAGE-GI-R,2583151,2624350
NC_009665.1,SAGE-GI-R,2675551,2692950
NC_009665.1,SAGE-GI-R,2850851,2864050
NC_009665.1,SAGE-GI-R,2872251,2907950
NC_009665.1,SAGE-GI-R,2973051,3008250
NC_009665.1,SAGE-GI-R,3027451,3069050
NC_009665.1,SAGE-GI-R,3109451,3128750
NC_009665.1,SAGE-GI-R,3173451,3202450
NC_009665.1,SAGE-GI-R,3207551,3220150
NC_009665.1,SAGE-GI-R,3304651,3336250
NC_009665.1,SAGE-GI-R,3375551,3387750
NC_009665.1,SAGE-GI-R,3422651,3439350
NC_009665.1,SAGE-GI-R,3461651,3596850
NC_009665.1,SAGE-GI-R,3697551,3717850
NC_009665.1,SAGE-GI-R,3742851,3751950
NC_009665.1,SAGE-GI-R,3850851,3917450
NC_009665.1,SAGE-GI-R,3983551,4017250
NC_009665.1,SAGE-GI-R,4035051,4050950
NC_009665.1,SAGE-GI-R,4077851,4099950
NC_009665.1,SAGE-GI-R,4231651,4248650
NC_009665.1,SAGE-GI-R,4257651,4272850
NC_009665.1,SAGE-GI-R,4351651,4375150
NC_009665.1,SAGE-GI-R,4562351,4585450
NC_009665.1,SAGE-GI-R,4596451,4608550
NC_009665.1,SAGE-GI-R,4651751,4688350
NC_009665.1,SAGE-GI-R,4729551,4761150
NC_009665.1,SAGE-GI-R,4880251,4910750
NC_009665.1,SAGE-GI-R,4983451,5001950
NC_009665.1,SAGE-GI-R,5077351,5109050
NC_009665.1,SAGE-GI-R,5188751,5223850
NC_009665.1,Emb-only-R,36051,54950
NC_009665.1,Emb-only-R,77951,88150
NC_009665.1,Emb-only-R,119151,131150
NC_009665.1,Emb-only-R,187851,279550
NC_009665.1,Emb-only-R,366351,380050
NC_009665.1,Emb-only-R,388951,402950
NC_009665.1,Emb-only-R,448151,475350
NC_009665.1,Emb-only-R,515051,530550
NC_009665.1,Emb-only-R,553251,568250
NC_009665.1,Emb-only-R,623051,734050
NC_009665.1,Emb-only-R,773451,794050
NC_009665.1,Emb-only-R,851251,916950
NC_009665.1,Emb-only-R,953651,978950
NC_009665.1,Emb-only-R,1129351,1169350
NC_009665.1,Emb-only-R,1232251,1240350
NC_009665.1,Emb-only-R,1281451,1302050
NC_009665.1,Emb-only-R,1311551,1357450
NC_009665.1,Emb-only-R,1495751,1508150
NC_009665.1,Emb-only-R,1577151,1587450
NC_009665.1,Emb-only-R,1593051,1614350
NC_009665.1,Emb-only-R,1701451,1727350
NC_009665.1,Emb-only-R,1748451,1757050
NC_009665.1,Emb-only-R,1833751,1847050
NC_009665.1,Emb-only-R,1887951,1929050
NC_009665.1,Emb-only-R,1956651,1986550
NC_009665.1,Emb-only-R,2031951,2061050
NC_009665.1,Emb-only-R,2209751,2246150
NC_009665.1,Emb-only-R,2288251,2297650
NC_009665.1,Emb-only-R,2334051,2382750
NC_009665.1,Emb-only-R,2412451,2429450
NC_009665.1,Emb-only-R,2480551,2517250
NC_009665.1,Emb-only-R,2580451,2624350
NC_009665.1,Emb-only-R,2869551,2886050
NC_009665.1,Emb-only-R,2893251,2909450
NC_009665.1,Emb-only-R,2970051,3005650
NC_009665.1,Emb-only-R,3027951,3068750
NC_009665.1,Emb-only-R,3108851,3128050
NC_009665.1,Emb-only-R,3169951,3195050
NC_009665.1,Emb-only-R,3372851,3388150
NC_009665.1,Emb-only-R,3418051,3441150
NC_009665.1,Emb-only-R,3456651,3511250
NC_009665.1,Emb-only-R,3521951,3599650
NC_009665.1,Emb-only-R,3703051,3722950
NC_009665.1,Emb-only-R,3741051,3753650
NC_009665.1,Emb-only-R,3850851,3917050
NC_009665.1,Emb-only-R,3981651,4018150
NC_009665.1,Emb-only-R,4033851,4052450
NC_009665.1,Emb-only-R,4072351,4094950
NC_009665.1,Emb-only-R,4232751,4245550
NC_009665.1,Emb-only-R,4352351,4375450
NC_009665.1,Emb-only-R,4566551,4617150
NC_009665.1,Emb-only-R,4651651,4685650
NC_009665.1,Emb-only-R,4729751,4763150
NC_009665.1,Emb-only-R,4873951,4912050
NC_009665.1,Emb-only-R,4988251,5000450
NC_009665.1,Emb-only-R,5077751,5108450
NC_009665.1,Emb-only-R,5184351,5224650
NC_009708.1,SAGE-GI-P,382001,406000
NC_009708.1,SAGE-GI-P,595001,653000
NC_009708.1,SAGE-GI-P,835001,861000
NC_009708.1,SAGE-GI-P,875001,964000
NC_009708.1,SAGE-GI-P,2811001,2861000
NC_009708.1,SAGE-GI-P,4330001,4401000
NC_009708.1,Emb-only-P,382001,406000
NC_009708.1,Emb-only-P,595001,653000
NC_009708.1,Emb-only-P,835001,861000
NC_009708.1,Emb-only-P,868001,964000
NC_009708.1,Emb-only-P,2811001,2861000
NC_009708.1,Emb-only-P,4330001,4401000
NC_009708.1,SAGE-GI-R,6851,21150
NC_009708.1,SAGE-GI-R,53251,69250
NC_009708.1,SAGE-GI-R,153551,192950
NC_009708.1,SAGE-GI-R,207251,221750
NC_009708.1,SAGE-GI-R,300151,411250
NC_009708.1,SAGE-GI-R,462451,494950
NC_009708.1,SAGE-GI-R,589851,653850
NC_009708.1,SAGE-GI-R,695251,729250
NC_009708.1,SAGE-GI-R,753551,772150
NC_009708.1,SAGE-GI-R,784751,974950
NC_009708.1,SAGE-GI-R,992151,1009050
NC_009708.1,SAGE-GI-R,1069851,1085150
NC_009708.1,SAGE-GI-R,1114251,1156450
NC_009708.1,SAGE-GI-R,1176051,1191750
NC_009708.1,SAGE-GI-R,1220151,1274350
NC_009708.1,SAGE-GI-R,1374151,1424750
NC_009708.1,SAGE-GI-R,1582251,1627950
NC_009708.1,SAGE-GI-R,1692851,1708750
NC_009708.1,SAGE-GI-R,1744051,1789550
NC_009708.1,SAGE-GI-R,2102751,2114750
NC_009708.1,SAGE-GI-R,2251051,2278150
NC_009708.1,SAGE-GI-R,2393751,2422750
NC_009708.1,SAGE-GI-R,2496251,2509650
NC_009708.1,SAGE-GI-R,2540851,2564250
NC_009708.1,SAGE-GI-R,2606451,2629350
NC_009708.1,SAGE-GI-R,2796551,2869250
NC_009708.1,SAGE-GI-R,2911751,2939350
NC_009708.1,SAGE-GI-R,3037051,3052550
NC_009708.1,SAGE-GI-R,3157651,3170550
NC_009708.1,SAGE-GI-R,3232951,3255750
NC_009708.1,SAGE-GI-R,3301651,3318250
NC_009708.1,SAGE-GI-R,3333251,3359150
NC_009708.1,SAGE-GI-R,3376251,3391950
NC_009708.1,SAGE-GI-R,3415251,3438550
NC_009708.1,SAGE-GI-R,3474051,3496050
NC_009708.1,SAGE-GI-R,3526451,3561450
NC_009708.1,SAGE-GI-R,3571151,3586050
NC_009708.1,SAGE-GI-R,3608951,3628050
NC_009708.1,SAGE-GI-R,3655451,3667550
NC_009708.1,SAGE-GI-R,3744951,3757150
NC_009708.1,SAGE-GI-R,3774751,3815450
NC_009708.1,SAGE-GI-R,3849151,3874150
NC_009708.1,SAGE-GI-R,3902351,3913550
NC_009708.1,SAGE-GI-R,3983951,4002450
NC_009708.1,SAGE-GI-R,4050651,4078250
NC_009708.1,SAGE-GI-R,4109651,4126150
NC_009708.1,SAGE-GI-R,4133351,4226250
NC_009708.1,SAGE-GI-R,4238951,4271150
NC_009708.1,SAGE-GI-R,4281551,4305950
NC_009708.1,SAGE-GI-R,4318951,4333350
NC_009708.1,SAGE-GI-R,4344651,4405250
NC_009708.1,SAGE-GI-R,4500251,4537150
NC_009708.1,SAGE-GI-R,4709751,4718350
NC_009708.1,Emb-only-R,6851,21050
NC_009708.1,Emb-only-R,52451,70950
NC_009708.1,Emb-only-R,153551,192350
NC_009708.1,Emb-only-R,299651,339750
NC_009708.1,Emb-only-R,357951,410750
NC_009708.1,Emb-only-R,462951,483150
NC_009708.1,Emb-only-R,584951,656750
NC_009708.1,Emb-only-R,693351,730550
NC_009708.1,Emb-only-R,754451,769450
NC_009708.1,Emb-only-R,785951,975850
NC_009708.1,Emb-only-R,992951,1009450
NC_009708.1,Emb-only-R,1069751,1083350
NC_009708.1,Emb-only-R,1112851,1125550
NC_009708.1,Emb-only-R,1135651,1156150
NC_009708.1,Emb-only-R,1176351,1190750
NC_009708.1,Emb-only-R,1221251,1266650
NC_009708.1,Emb-only-R,1372951,1414450
NC_009708.1,Emb-only-R,1422851,1438450
NC_009708.1,Emb-only-R,1583951,1625150
NC_009708.1,Emb-only-R,1692751,1707250
NC_009708.1,Emb-only-R,1750951,1790350
NC_009708.1,Emb-only-R,1826551,1836950
NC_009708.1,Emb-only-R,2102251,2112650
NC_009708.1,Emb-only-R,2254151,2278150
NC_009708.1,Emb-only-R,2391951,2421950
NC_009708.1,Emb-only-R,2468151,2480350
NC_009708.1,Emb-only-R,2494951,2515950
NC_009708.1,Emb-only-R,2541251,2564750
NC_009708.1,Emb-only-R,2607051,2627650
NC_009708.1,Emb-only-R,2797451,2869750
NC_009708.1,Emb-only-R,2912151,2939250
NC_009708.1,Emb-only-R,3036551,3053350
NC_009708.1,Emb-only-R,3233851,3259750
NC_009708.1,Emb-only-R,3302051,3321650
NC_009708.1,Emb-only-R,3333551,3361450
NC_009708.1,Emb-only-R,3371951,3391750
NC_009708.1,Emb-only-R,3415751,3438150
NC_009708.1,Emb-only-R,3467351,3495450
NC_009708.1,Emb-only-R,3541151,3581850
NC_009708.1,Emb-only-R,3608951,3624150
NC_009708.1,Emb-only-R,3656951,3666050
NC_009708.1,Emb-only-R,3745951,3756050
NC_009708.1,Emb-only-R,3771751,3830850
NC_009708.1,Emb-only-R,3846051,3876150
NC_009708.1,Emb-only-R,3904251,3916050
NC_009708.1,Emb-only-R,3981851,4002650
NC_009708.1,Emb-only-R,4050051,4080050
NC_009708.1,Emb-only-R,4104851,4120350
NC_009708.1,Emb-only-R,4131951,4226050
NC_009708.1,Emb-only-R,4238751,4277650
NC_009708.1,Emb-only-R,4320451,4333350
NC_009708.1,Emb-only-R,4344451,4408650
NC_009708.1,Emb-only-R,4500751,4557150
NC_009708.1,Emb-only-R,4710151,4718350
NC_009782.1,SAGE-GI-P,32001,77000
NC_009782.1,SAGE-GI-P,436001,494000
NC_009782.1,SAGE-GI-P,921001,961000
NC_009782.1,SAGE-GI-P,1516001,1541000
NC_009782.1,SAGE-GI-P,2080001,2115000
NC_009782.1,SAGE-GI-P,2289001,2309000
NC_009782.1,SAGE-GI-P,2619001,2647000
NC_009782.1,Emb-only-P,32001,77000
NC_009782.1,Emb-only-P,436001,477000
NC_009782.1,Emb-only-P,921001,961000
NC_009782.1,Emb-only-P,1516001,1541000
NC_009782.1,Emb-only-P,2080001,2115000
NC_009782.1,Emb-only-P,2289001,2309000
NC_009782.1,Emb-only-P,2619001,2647000
NC_009782.1,SAGE-GI-R,4951,112750
NC_009782.1,SAGE-GI-R,200151,236650
NC_009782.1,SAGE-GI-R,318751,353550
NC_009782.1,SAGE-GI-R,397151,499850
NC_009782.1,SAGE-GI-R,527551,540950
NC_009782.1,SAGE-GI-R,570651,585350
NC_009782.1,SAGE-GI-R,599651,647050
NC_009782.1,SAGE-GI-R,690651,710850
NC_009782.1,SAGE-GI-R,864651,899150
NC_009782.1,SAGE-GI-R,920651,966450
NC_009782.1,SAGE-GI-R,1024751,1047050
NC_009782.1,SAGE-GI-R,1096851,1119250
NC_009782.1,SAGE-GI-R,1207751,1230350
NC_009782.1,SAGE-GI-R,1291351,1345350
NC_009782.1,SAGE-GI-R,1383551,1395750
NC_009782.1,SAGE-GI-R,1417351,1432750
NC_009782.1,SAGE-GI-R,1511251,1552450
NC_009782.1,SAGE-GI-R,1597951,1608650
NC_009782.1,SAGE-GI-R,1758751,1772950
NC_009782.1,SAGE-GI-R,1886151,1896650
NC_009782.1,SAGE-GI-R,1931651,1970650
NC_009782.1,SAGE-GI-R,1991451,2007350
NC_009782.1,SAGE-GI-R,2078351,2158450
NC_009782.1,SAGE-GI-R,2175651,2202150
NC_009782.1,SAGE-GI-R,2240151,2249650
NC_009782.1,SAGE-GI-R,2282451,2318250
NC_009782.1,SAGE-GI-R,2351251,2382950
NC_009782.1,SAGE-GI-R,2511551,2533650
NC_009782.1,SAGE-GI-R,2609751,2656450
NC_009782.1,SAGE-GI-R,2775751,2792450
NC_009782.1,SAGE-GI-R,2800451,2832150
NC_009782.1,Emb-only-R,23051,111150
NC_009782.1,Emb-only-R,203551,211950
NC_009782.1,Emb-only-R,219251,236050
NC_009782.1,Emb-only-R,277151,288250
NC_009782.1,Emb-only-R,395451,404950
NC_009782.1,Emb-only-R,423451,499250
NC_009782.1,Emb-only-R,527551,540350
NC_009782.1,Emb-only-R,570851,585150
NC_009782.1,Emb-only-R,603651,646350
NC_009782.1,Emb-only-R,689851,711150
NC_009782.1,Emb-only-R,856251,898550
NC_009782.1,Emb-only-R,920051,965550
NC_009782.1,Emb-only-R,1031651,1047350
NC_009782.1,Emb-only-R,1093151,1124350
NC_009782.1,Emb-only-R,1208551,1240550
NC_009782.1,Emb-only-R,1290851,1328150
NC_009782.1,Emb-only-R,1384051,1395150
NC_009782.1,Emb-only-R,1418151,1431150
NC_009782.1,Emb-only-R,1511551,1551950
NC_009782.1,Emb-only-R,1712451,1723550
NC_009782.1,Emb-only-R,1751051,1772250
NC_009782.1,Emb-only-R,1931251,1965250
NC_009782.1,Emb-only-R,1991651,2006950
NC_009782.1,Emb-only-R,2048851,2059050
NC_009782.1,Emb-only-R,2075751,2153450
NC_009782.1,Emb-only-R,2175251,2201650
NC_009782.1,Emb-only-R,2237551,2254250
NC_009782.1,Emb-only-R,2283751,2317250
NC_009782.1,Emb-only-R,2350151,2382650
NC_009782.1,Emb-only-R,2450051,2460250
NC_009782.1,Emb-only-R,2480951,2492650
NC_009782.1,Emb-only-R,2511951,2545150
NC_009782.1,Emb-only-R,2612951,2657150
NC_009782.1,Emb-only-R,2774951,2789650
NC_009782.1,Emb-only-R,2799751,2830050
NC_009783.1,SAGE-GI-P,191001,251000
NC_009783.1,SAGE-GI-P,663001,721000
NC_009783.1,SAGE-GI-P,1634001,1725000
NC_009783.1,SAGE-GI-P,1958001,1975000
NC_009783.1,SAGE-GI-P,3032651,3047550
NC_009783.1,Emb-only-P,191001,253000
NC_009783.1,Emb-only-P,663001,741000
NC_009783.1,Emb-only-P,1634001,1664000
NC_009783.1,Emb-only-P,1677001,1725000
NC_009783.1,Emb-only-P,3034251,3049850
NC_009783.1,SAGE-GI-R,97651,120350
NC_009783.1,SAGE-GI-R,131451,145550
NC_009783.1,SAGE-GI-R,164551,205250
NC_009783.1,SAGE-GI-R,218251,252950
NC_009783.1,SAGE-GI-R,302951,329350
NC_009783.1,SAGE-GI-R,349451,371350
NC_009783.1,SAGE-GI-R,446051,460050
NC_009783.1,SAGE-GI-R,484951,534750
NC_009783.1,SAGE-GI-R,620551,631550
NC_009783.1,SAGE-GI-R,647851,749850
NC_009783.1,SAGE-GI-R,791451,807350
NC_009783.1,SAGE-GI-R,881551,904950
NC_009783.1,SAGE-GI-R,1016251,1030050
NC_009783.1,SAGE-GI-R,1120551,1162750
NC_009783.1,SAGE-GI-R,1293251,1320350
NC_009783.1,SAGE-GI-R,1385851,1421850
NC_009783.1,SAGE-GI-R,1429851,1458350
NC_009783.1,SAGE-GI-R,1468351,1489550
NC_009783.1,SAGE-GI-R,1625451,1745750
NC_009783.1,SAGE-GI-R,1764751,1802450
NC_009783.1,SAGE-GI-R,1827651,1847550
NC_009783.1,SAGE-GI-R,1930751,1947950
NC_009783.1,SAGE-GI-R,1961951,1995550
NC_009783.1,SAGE-GI-R,2017651,2061450
NC_009783.1,SAGE-GI-R,2067851,2097150
NC_009783.1,SAGE-GI-R,2154151,2162350
NC_009783.1,SAGE-GI-R,2183151,2205350
NC_009783.1,SAGE-GI-R,2226551,2237850
NC_009783.1,SAGE-GI-R,2272151,2292450
NC_009783.1,SAGE-GI-R,2299751,2327250
NC_009783.1,SAGE-GI-R,2334751,2391450
NC_009783.1,SAGE-GI-R,2398251,2420750
NC_009783.1,SAGE-GI-R,2584151,2599250
NC_009783.1,SAGE-GI-R,2741151,2752150
NC_009783.1,SAGE-GI-R,2824851,2840650
NC_009783.1,SAGE-GI-R,2934351,2953950
NC_009783.1,SAGE-GI-R,2981051,3063250
NC_009783.1,SAGE-GI-R,3094251,3108450
NC_009783.1,SAGE-GI-R,3119851,3130650
NC_009783.1,SAGE-GI-R,3154651,3199950
NC_009783.1,SAGE-GI-R,3251251,3262550
NC_009783.1,SAGE-GI-R,3372351,3409150
NC_009783.1,SAGE-GI-R,3429451,3449250
NC_009783.1,SAGE-GI-R,3510751,3536350
NC_009783.1,SAGE-GI-R,3638551,3661450
NC_009783.1,Emb-only-R,97451,117250
NC_009783.1,Emb-only-R,134851,145450
NC_009783.1,Emb-only-R,181751,205250
NC_009783.1,Emb-only-R,219951,252650
NC_009783.1,Emb-only-R,304951,333150
NC_009783.1,Emb-only-R,347751,370950
NC_009783.1,Emb-only-R,402951,416550
NC_009783.1,Emb-only-R,445851,459550
NC_009783.1,Emb-only-R,504051,544150
NC_009783.1,Emb-only-R,647851,748650
NC_009783.1,Emb-only-R,794251,805050
NC_009783.1,Emb-only-R,1016451,1030150
NC_009783.1,Emb-only-R,1121351,1163650
NC_009783.1,Emb-only-R,1227151,1254750
NC_009783.1,Emb-only-R,1292351,1313950
NC_009783.1,Emb-only-R,1340151,1351550
NC_009783.1,Emb-only-R,1363151,1373950
NC_009783.1,Emb-only-R,1385751,1418150
NC_009783.1,Emb-only-R,1432551,1444150
NC_009783.1,Emb-only-R,1459251,1490350
NC_009783.1,Emb-only-R,1616051,1744050
NC_009783.1,Emb-only-R,1763351,1806950
NC_009783.1,Emb-only-R,1827351,1847350
NC_009783.1,Emb-only-R,1922751,1946550
NC_009783.1,Emb-only-R,1962051,1996150
NC_009783.1,Emb-only-R,2028651,2108650
NC_009783.1,Emb-only-R,2150251,2170150
NC_009783.1,Emb-only-R,2182751,2201350
NC_009783.1,Emb-only-R,2226551,2237350
NC_009783.1,Emb-only-R,2272351,2327450
NC_009783.1,Emb-only-R,2334751,2350050
NC_009783.1,Emb-only-R,2365651,2393450
NC_009783.1,Emb-only-R,2399051,2422050
NC_009783.1,Emb-only-R,2740651,2753650
NC_009783.1,Emb-only-R,2824751,2854250
NC_009783.1,Emb-only-R,2950251,2958750
NC_009783.1,Emb-only-R,2980051,3061750
NC_009783.1,Emb-only-R,3092651,3105950
NC_009783.1,Emb-only-R,3119751,3130250
NC_009783.1,Emb-only-R,3152851,3186450
NC_009783.1,Emb-only-R,3378651,3410050
NC_009783.1,Emb-only-R,3429051,3446750
NC_009783.1,Emb-only-R,3510851,3532150
NC_009783.1,Emb-only-R,3638651,3661650
NC_009783.1,Emb-only-R,3726951,3739750
NC_009800.1,SAGE-GI-P,223001,269000
NC_009800.1,SAGE-GI-P,292001,396000
NC_009800.1,SAGE-GI-P,915001,959000
NC_009800.1,SAGE-GI-P,1583001,1618000
NC_009800.1,SAGE-GI-P,2054001,2175000
NC_009800.1,SAGE-GI-P,3004001,3028000
NC_009800.1,SAGE-GI-P,3467001,3490000
NC_009800.1,SAGE-GI-P,3810001,3836000
NC_009800.1,SAGE-GI-P,4196001,4235000
NC_009800.1,Emb-only-P,223001,269000
NC_009800.1,Emb-only-P,292001,396000
NC_009800.1,Emb-only-P,915001,959000
NC_009800.1,Emb-only-P,1665001,1675000
NC_009800.1,Emb-only-P,2054001,2175000
NC_009800.1,Emb-only-P,3004001,3028000
NC_009800.1,Emb-only-P,3467001,3527000
NC_009800.1,Emb-only-P,3792001,3836000
NC_009800.1,Emb-only-P,4196001,4235000
NC_009800.1,SAGE-GI-R,15851,43850
NC_009800.1,SAGE-GI-R,98051,135050
NC_009800.1,SAGE-GI-R,213951,273050
NC_009800.1,SAGE-GI-R,290051,403250
NC_009800.1,SAGE-GI-R,452551,463350
NC_009800.1,SAGE-GI-R,509951,530350
NC_009800.1,SAGE-GI-R,618351,631950
NC_009800.1,SAGE-GI-R,742351,770550
NC_009800.1,SAGE-GI-R,791251,812450
NC_009800.1,SAGE-GI-R,898151,948950
NC_009800.1,SAGE-GI-R,996751,1047650
NC_009800.1,SAGE-GI-R,1149551,1173650
NC_009800.1,SAGE-GI-R,1189751,1210650
NC_009800.1,SAGE-GI-R,1253151,1276750
NC_009800.1,SAGE-GI-R,1433851,1451450
NC_009800.1,SAGE-GI-R,1474951,1501450
NC_009800.1,SAGE-GI-R,1541451,1563850
NC_009800.1,SAGE-GI-R,1584551,1618850
NC_009800.1,SAGE-GI-R,1636051,1678250
NC_009800.1,SAGE-GI-R,1815151,1823650
NC_009800.1,SAGE-GI-R,2038851,2184550
NC_009800.1,SAGE-GI-R,2205051,2214750
NC_009800.1,SAGE-GI-R,2220551,2247850
NC_009800.1,SAGE-GI-R,2324851,2341150
NC_009800.1,SAGE-GI-R,2355351,2365250
NC_009800.1,SAGE-GI-R,2424351,2445550
NC_009800.1,SAGE-GI-R,2507051,2527150
NC_009800.1,SAGE-GI-R,2539851,2559250
NC_009800.1,SAGE-GI-R,2622251,2636950
NC_009800.1,SAGE-GI-R,2649651,2679050
NC_009800.1,SAGE-GI-R,2761751,2775350
NC_009800.1,SAGE-GI-R,2785951,2809950
NC_009800.1,SAGE-GI-R,2884251,2914150
NC_009800.1,SAGE-GI-R,3001651,3030350
NC_009800.1,SAGE-GI-R,3098951,3109950
NC_009800.1,SAGE-GI-R,3140951,3153850
NC_009800.1,SAGE-GI-R,3228451,3238750
NC_009800.1,SAGE-GI-R,3262451,3295050
NC_009800.1,SAGE-GI-R,3311551,3322050
NC_009800.1,SAGE-GI-R,3356751,3370550
NC_009800.1,SAGE-GI-R,3462451,3525250
NC_009800.1,SAGE-GI-R,3625151,3675250
NC_009800.1,SAGE-GI-R,3690551,3712450
NC_009800.1,SAGE-GI-R,3789051,3846250
NC_009800.1,SAGE-GI-R,3874651,3885250
NC_009800.1,SAGE-GI-R,3932851,3984550
NC_009800.1,SAGE-GI-R,4020651,4030050
NC_009800.1,SAGE-GI-R,4062051,4103250
NC_009800.1,SAGE-GI-R,4119751,4132950
NC_009800.1,SAGE-GI-R,4190751,4247250
NC_009800.1,SAGE-GI-R,4286451,4319150
NC_009800.1,SAGE-GI-R,4337051,4354050
NC_009800.1,SAGE-GI-R,4377451,4396050
NC_009800.1,SAGE-GI-R,4416251,4438550
NC_009800.1,SAGE-GI-R,4506851,4555350
NC_009800.1,SAGE-GI-R,4568551,4589250
NC_009800.1,Emb-only-R,12851,30350
NC_009800.1,Emb-only-R,113751,135150
NC_009800.1,Emb-only-R,212751,271950
NC_009800.1,Emb-only-R,291151,401950
NC_009800.1,Emb-only-R,513851,530150
NC_009800.1,Emb-only-R,552151,563950
NC_009800.1,Emb-only-R,621051,634050
NC_009800.1,Emb-only-R,745151,780150
NC_009800.1,Emb-only-R,799751,812350
NC_009800.1,Emb-only-R,901951,948350
NC_009800.1,Emb-only-R,1006751,1024750
NC_009800.1,Emb-only-R,1155251,1165250
NC_009800.1,Emb-only-R,1194651,1208750
NC_009800.1,Emb-only-R,1257251,1276050
NC_009800.1,Emb-only-R,1436451,1456050
NC_009800.1,Emb-only-R,1477351,1497250
NC_009800.1,Emb-only-R,1541751,1564050
NC_009800.1,Emb-only-R,1581551,1618850
NC_009800.1,Emb-only-R,1646351,1677050
NC_009800.1,Emb-only-R,2050551,2185150
NC_009800.1,Emb-only-R,2221851,2251050
NC_009800.1,Emb-only-R,2352751,2367050
NC_009800.1,Emb-only-R,2426051,2443550
NC_009800.1,Emb-only-R,2507351,2558250
NC_009800.1,Emb-only-R,2622351,2678650
NC_009800.1,Emb-only-R,2761851,2774750
NC_009800.1,Emb-only-R,2785751,2811450
NC_009800.1,Emb-only-R,2885351,2912050
NC_009800.1,Emb-only-R,3001551,3031550
NC_009800.1,Emb-only-R,3094451,3112550
NC_009800.1,Emb-only-R,3274851,3294150
NC_009800.1,Emb-only-R,3354351,3372850
NC_009800.1,Emb-only-R,3463851,3529750
NC_009800.1,Emb-only-R,3625051,3678950
NC_009800.1,Emb-only-R,3688751,3714650
NC_009800.1,Emb-only-R,3789151,3845650
NC_009800.1,Emb-only-R,3935051,3985250
NC_009800.1,Emb-only-R,4021751,4037750
NC_009800.1,Emb-only-R,4062451,4102150
NC_009800.1,Emb-only-R,4117351,4134250
NC_009800.1,Emb-only-R,4190551,4247450
NC_009800.1,Emb-only-R,4302351,4319350
NC_009800.1,Emb-only-R,4334951,4355250
NC_009800.1,Emb-only-R,4375851,4396450
NC_009800.1,Emb-only-R,4419151,4439950
NC_009800.1,Emb-only-R,4506551,4556150
NC_009800.1,Emb-only-R,4570551,4589850
NC_009800.1,Emb-only-R,4626651,4637150
NC_009801.1,SAGE-GI-P,226001,272000
NC_009801.1,SAGE-GI-P,1398001,1450000
NC_009801.1,SAGE-GI-P,1691001,1715000
NC_009801.1,SAGE-GI-P,2171001,2211000
NC_009801.1,SAGE-GI-P,2905001,2950000
NC_009801.1,SAGE-GI-P,3184001,3203000
NC_009801.1,SAGE-GI-P,3343001,3425000
NC_009801.1,SAGE-GI-P,3753001,3772000
NC_009801.1,SAGE-GI-P,4075001,4097000
NC_009801.1,SAGE-GI-P,4504001,4543000
NC_009801.1,SAGE-GI-P,4844001,4899000
NC_009801.1,Emb-only-P,226001,272000
NC_009801.1,Emb-only-P,315001,337000
NC_009801.1,Emb-only-P,1398001,1450000
NC_009801.1,Emb-only-P,2171001,2201000
NC_009801.1,Emb-only-P,2905001,2950000
NC_009801.1,Emb-only-P,3184001,3203000
NC_009801.1,Emb-only-P,3343001,3425000
NC_009801.1,Emb-only-P,3753001,3772000
NC_009801.1,Emb-only-P,4075001,4096000
NC_009801.1,Emb-only-P,4504001,4543000
NC_009801.1,Emb-only-P,4844001,4899000
NC_009801.1,SAGE-GI-R,16551,27050
NC_009801.1,SAGE-GI-R,119251,134250
NC_009801.1,SAGE-GI-R,221251,276450
NC_009801.1,SAGE-GI-R,294351,371450
NC_009801.1,SAGE-GI-R,420551,431950
NC_009801.1,SAGE-GI-R,478751,497350
NC_009801.1,SAGE-GI-R,554251,572250
NC_009801.1,SAGE-GI-R,602151,619450
NC_009801.1,SAGE-GI-R,743351,763450
NC_009801.1,SAGE-GI-R,780751,805350
NC_009801.1,SAGE-GI-R,827151,859850
NC_009801.1,SAGE-GI-R,985851,1052950
NC_009801.1,SAGE-GI-R,1059251,1080950
NC_009801.1,SAGE-GI-R,1163951,1183750
NC_009801.1,SAGE-GI-R,1260351,1289450
NC_009801.1,SAGE-GI-R,1300851,1318850
NC_009801.1,SAGE-GI-R,1389151,1451350
NC_009801.1,SAGE-GI-R,1562851,1583450
NC_009801.1,SAGE-GI-R,1621651,1646650
NC_009801.1,SAGE-GI-R,1679751,1716150
NC_009801.1,SAGE-GI-R,1734151,1779450
NC_009801.1,SAGE-GI-R,1921051,1935750
NC_009801.1,SAGE-GI-R,2165851,2247050
NC_009801.1,SAGE-GI-R,2280251,2307550
NC_009801.1,SAGE-GI-R,2344251,2381750
NC_009801.1,SAGE-GI-R,2470751,2486550
NC_009801.1,SAGE-GI-R,2558851,2581650
NC_009801.1,SAGE-GI-R,2629251,2659050
NC_009801.1,SAGE-GI-R,2671851,2688050
NC_009801.1,SAGE-GI-R,2872051,2884850
NC_009801.1,SAGE-GI-R,2901251,2962550
NC_009801.1,SAGE-GI-R,3014951,3036550
NC_009801.1,SAGE-GI-R,3079851,3090050
NC_009801.1,SAGE-GI-R,3127051,3149950
NC_009801.1,SAGE-GI-R,3179751,3209450
NC_009801.1,SAGE-GI-R,3283151,3304050
NC_009801.1,SAGE-GI-R,3325251,3438150
NC_009801.1,SAGE-GI-R,3514651,3529650
NC_009801.1,SAGE-GI-R,3597851,3608250
NC_009801.1,SAGE-GI-R,3642451,3656750
NC_009801.1,SAGE-GI-R,3745751,3793150
NC_009801.1,SAGE-GI-R,3893451,3913050
NC_009801.1,SAGE-GI-R,3924351,3978650
NC_009801.1,SAGE-GI-R,4070551,4099450
NC_009801.1,SAGE-GI-R,4110951,4124550
NC_009801.1,SAGE-GI-R,4159251,4172950
NC_009801.1,SAGE-GI-R,4226151,4273450
NC_009801.1,SAGE-GI-R,4317351,4338750
NC_009801.1,SAGE-GI-R,4357051,4384150
NC_009801.1,SAGE-GI-R,4451451,4465450
NC_009801.1,SAGE-GI-R,4495151,4528850
NC_009801.1,SAGE-GI-R,4539351,4562350
NC_009801.1,SAGE-GI-R,4643051,4658750
NC_009801.1,SAGE-GI-R,4681151,4702950
NC_009801.1,SAGE-GI-R,4724451,4741750
NC_009801.1,SAGE-GI-R,4813251,4903750
NC_009801.1,SAGE-GI-R,4918251,4929350
NC_009801.1,Emb-only-R,15751,27050
NC_009801.1,Emb-only-R,114751,133350
NC_009801.1,Emb-only-R,221651,276450
NC_009801.1,Emb-only-R,293851,371550
NC_009801.1,Emb-only-R,420451,431250
NC_009801.1,Emb-only-R,482451,493250
NC_009801.1,Emb-only-R,553851,571950
NC_009801.1,Emb-only-R,602151,623050
NC_009801.1,Emb-only-R,743351,772950
NC_009801.1,Emb-only-R,794151,805950
NC_009801.1,Emb-only-R,828051,859350
NC_009801.1,Emb-only-R,993451,1038750
NC_009801.1,Emb-only-R,1047951,1080650
NC_009801.1,Emb-only-R,1261551,1289350
NC_009801.1,Emb-only-R,1300751,1318150
NC_009801.1,Emb-only-R,1393151,1453050
NC_009801.1,Emb-only-R,1531751,1547450
NC_009801.1,Emb-only-R,1563751,1580250
NC_009801.1,Emb-only-R,1622851,1648450
NC_009801.1,Emb-only-R,1677951,1715050
NC_009801.1,Emb-only-R,1742151,1779350
NC_009801.1,Emb-only-R,1867651,1878350
NC_009801.1,Emb-only-R,1920651,1934450
NC_009801.1,Emb-only-R,2166451,2246850
NC_009801.1,Emb-only-R,2279951,2298050
NC_009801.1,Emb-only-R,2360751,2380150
NC_009801.1,Emb-only-R,2559551,2574650
NC_009801.1,Emb-only-R,2627651,2659150
NC_009801.1,Emb-only-R,2669951,2688550
NC_009801.1,Emb-only-R,2872251,2890450
NC_009801.1,Emb-only-R,2895651,2962150
NC_009801.1,Emb-only-R,3016751,3036250
NC_009801.1,Emb-only-R,3127651,3146350
NC_009801.1,Emb-only-R,3177651,3210950
NC_009801.1,Emb-only-R,3281551,3304150
NC_009801.1,Emb-only-R,3326851,3438150
NC_009801.1,Emb-only-R,3515151,3526550
NC_009801.1,Emb-only-R,3642051,3656350
NC_009801.1,Emb-only-R,3744751,3794250
NC_009801.1,Emb-only-R,3885951,3977850
NC_009801.1,Emb-only-R,4071751,4127750
NC_009801.1,Emb-only-R,4195651,4205250
NC_009801.1,Emb-only-R,4235751,4273350
NC_009801.1,Emb-only-R,4315651,4337150
NC_009801.1,Emb-only-R,4357651,4414350
NC_009801.1,Emb-only-R,4451951,4462850
NC_009801.1,Emb-only-R,4495851,4569350
NC_009801.1,Emb-only-R,4643451,4658750
NC_009801.1,Emb-only-R,4683051,4699950
NC_009801.1,Emb-only-R,4725251,4741550
NC_009801.1,Emb-only-R,4811051,4920350
NC_009801.1,Emb-only-R,4964251,4974250
NC_009879.1,Emb-only-P,552001,580000
NC_009879.1,SAGE-GI-R,4951,28750
NC_009879.1,SAGE-GI-R,54751,71650
NC_009879.1,SAGE-GI-R,84751,98850
NC_009879.1,SAGE-GI-R,108651,131050
NC_009879.1,SAGE-GI-R,143851,193450
NC_009879.1,SAGE-GI-R,203851,215550
NC_009879.1,SAGE-GI-R,260651,309650
NC_009879.1,SAGE-GI-R,377751,403650
NC_009879.1,SAGE-GI-R,466951,502350
NC_009879.1,SAGE-GI-R,509651,528150
NC_009879.1,SAGE-GI-R,550951,612350
NC_009879.1,SAGE-GI-R,637051,650350
NC_009879.1,SAGE-GI-R,833451,892550
NC_009879.1,SAGE-GI-R,940051,952150
NC_009879.1,SAGE-GI-R,1020451,1089750
NC_009879.1,Emb-only-R,50251,71850
NC_009879.1,Emb-only-R,84551,127450
NC_009879.1,Emb-only-R,150151,177150
NC_009879.1,Emb-only-R,204051,217050
NC_009879.1,Emb-only-R,255551,281050
NC_009879.1,Emb-only-R,291251,323750
NC_009879.1,Emb-only-R,385651,395250
NC_009879.1,Emb-only-R,471051,492050
NC_009879.1,Emb-only-R,514051,530450
NC_009879.1,Emb-only-R,548151,578550
NC_009879.1,Emb-only-R,591851,620250
NC_009879.1,Emb-only-R,834451,852050
NC_009879.1,Emb-only-R,866651,899950
NC_009879.1,Emb-only-R,939151,949050
NC_009879.1,Emb-only-R,1023251,1092150
NC_009879.1,Emb-only-R,1140351,1154750
NC_009900.1,SAGE-GI-P,176001,202000
NC_009900.1,SAGE-GI-P,694001,753000
NC_009900.1,SAGE-GI-P,1253951,1268250
NC_009900.1,Emb-only-P,115001,164000
NC_009900.1,Emb-only-P,694001,753000
NC_009900.1,SAGE-GI-R,19151,40850
NC_009900.1,SAGE-GI-R,73551,88250
NC_009900.1,SAGE-GI-R,114751,204750
NC_009900.1,SAGE-GI-R,233551,246750
NC_009900.1,SAGE-GI-R,276351,302050
NC_009900.1,SAGE-GI-R,361851,398350
NC_009900.1,SAGE-GI-R,496151,506050
NC_009900.1,SAGE-GI-R,597251,618550
NC_009900.1,SAGE-GI-R,644851,656750
NC_009900.1,SAGE-GI-R,695151,778550
NC_009900.1,SAGE-GI-R,799751,833950
NC_009900.1,SAGE-GI-R,953651,980250
NC_009900.1,SAGE-GI-R,1004151,1027750
NC_009900.1,SAGE-GI-R,1095851,1107550
NC_009900.1,SAGE-GI-R,1162251,1175950
NC_009900.1,SAGE-GI-R,1201651,1234950
NC_009900.1,SAGE-GI-R,1246551,1275950
NC_009900.1,Emb-only-R,22651,39350
NC_009900.1,Emb-only-R,113951,150750
NC_009900.1,Emb-only-R,170551,199750
NC_009900.1,Emb-only-R,229551,239650
NC_009900.1,Emb-only-R,277351,300650
NC_009900.1,Emb-only-R,356351,394350
NC_009900.1,Emb-only-R,494651,505750
NC_009900.1,Emb-only-R,608251,627850
NC_009900.1,Emb-only-R,671151,691950
NC_009900.1,Emb-only-R,699651,777250
NC_009900.1,Emb-only-R,813751,830350
NC_009900.1,Emb-only-R,957151,973850
NC_009900.1,Emb-only-R,1005951,1031550
NC_009900.1,Emb-only-R,1150251,1188950
NC_009900.1,Emb-only-R,1195651,1225750
NC_009900.1,Emb-only-R,1247851,1290050
NC_009901.1,SAGE-GI-P,45001,73000
NC_009901.1,SAGE-GI-P,181001,249000
NC_009901.1,SAGE-GI-P,1503001,1565000
NC_009901.1,SAGE-GI-P,1628001,1686000
NC_009901.1,SAGE-GI-P,1701001,1721000
NC_009901.1,SAGE-GI-P,4615001,4625000
NC_009901.1,SAGE-GI-P,4675001,4699000
NC_009901.1,SAGE-GI-P,5130001,5159000
NC_009901.1,Emb-only-P,45001,57000
NC_009901.1,Emb-only-P,181001,249000
NC_009901.1,Emb-only-P,1520001,1565000
NC_009901.1,Emb-only-P,1701001,1716000
NC_009901.1,Emb-only-P,4488151,4499550
NC_009901.1,Emb-only-P,5135001,5159000
NC_009901.1,SAGE-GI-R,41151,111750
NC_009901.1,SAGE-GI-R,151951,252950
NC_009901.1,SAGE-GI-R,322151,356750
NC_009901.1,SAGE-GI-R,379151,400650
NC_009901.1,SAGE-GI-R,421751,459150
NC_009901.1,SAGE-GI-R,482851,511450
NC_009901.1,SAGE-GI-R,537151,557650
NC_009901.1,SAGE-GI-R,637151,656150
NC_009901.1,SAGE-GI-R,1301051,1321450
NC_009901.1,SAGE-GI-R,1341451,1359650
NC_009901.1,SAGE-GI-R,1411451,1427150
NC_009901.1,SAGE-GI-R,1446751,1466250
NC_009901.1,SAGE-GI-R,1517651,1572150
NC_009901.1,SAGE-GI-R,1599351,1614150
NC_009901.1,SAGE-GI-R,1633551,1729450
NC_009901.1,SAGE-GI-R,1735051,1744550
NC_009901.1,SAGE-GI-R,1766551,1782350
NC_009901.1,SAGE-GI-R,1815751,1852550
NC_009901.1,SAGE-GI-R,1997251,2008850
NC_009901.1,SAGE-GI-R,2020151,2035650
NC_009901.1,SAGE-GI-R,2076851,2090250
NC_009901.1,SAGE-GI-R,2103251,2129550
NC_009901.1,SAGE-GI-R,2154451,2165650
NC_009901.1,SAGE-GI-R,2181951,2205550
NC_009901.1,SAGE-GI-R,2249951,2266450
NC_009901.1,SAGE-GI-R,2285651,2315650
NC_009901.1,SAGE-GI-R,2347451,2396550
NC_009901.1,SAGE-GI-R,2424451,2451850
NC_009901.1,SAGE-GI-R,2485451,2498550
NC_009901.1,SAGE-GI-R,2533851,2553350
NC_009901.1,SAGE-GI-R,2590551,2624450
NC_009901.1,SAGE-GI-R,2660751,2688850
NC_009901.1,SAGE-GI-R,2740151,2768450
NC_009901.1,SAGE-GI-R,2788051,2825250
NC_009901.1,SAGE-GI-R,2921751,2956650
NC_009901.1,SAGE-GI-R,3009951,3022850
NC_009901.1,SAGE-GI-R,3116051,3130250
NC_009901.1,SAGE-GI-R,3221651,3235650
NC_009901.1,SAGE-GI-R,3260851,3308550
NC_009901.1,SAGE-GI-R,3322351,3333050
NC_009901.1,SAGE-GI-R,3382351,3396250
NC_009901.1,SAGE-GI-R,3455651,3479250
NC_009901.1,SAGE-GI-R,3513151,3525350
NC_009901.1,SAGE-GI-R,3540951,3596650
NC_009901.1,SAGE-GI-R,3737051,3781050
NC_009901.1,SAGE-GI-R,3838151,3850350
NC_009901.1,SAGE-GI-R,3861151,3894550
NC_009901.1,SAGE-GI-R,4021451,4045750
NC_009901.1,SAGE-GI-R,4219651,4243550
NC_009901.1,SAGE-GI-R,4264751,4277050
NC_009901.1,SAGE-GI-R,4299651,4320950
NC_009901.1,SAGE-GI-R,4352351,4363550
NC_009901.1,SAGE-GI-R,4467451,4512950
NC_009901.1,SAGE-GI-R,4611051,4642250
NC_009901.1,SAGE-GI-R,4681551,4714450
NC_009901.1,SAGE-GI-R,4733551,4749150
NC_009901.1,SAGE-GI-R,4786951,4798550
NC_009901.1,SAGE-GI-R,4823251,4848150
NC_009901.1,SAGE-GI-R,4883751,4917950
NC_009901.1,SAGE-GI-R,5011551,5027550
NC_009901.1,SAGE-GI-R,5100251,5139050
NC_009901.1,SAGE-GI-R,5149551,5169550
NC_009901.1,Emb-only-R,4951,14950
NC_009901.1,Emb-only-R,41151,69650
NC_009901.1,Emb-only-R,125151,142250
NC_009901.1,Emb-only-R,169551,252950
NC_009901.1,Emb-only-R,326151,345950
NC_009901.1,Emb-only-R,379151,389950
NC_009901.1,Emb-only-R,423951,468050
NC_009901.1,Emb-only-R,482051,522250
NC_009901.1,Emb-only-R,537051,559050
NC_009901.1,Emb-only-R,630551,655550
NC_009901.1,Emb-only-R,937951,972350
NC_009901.1,Emb-only-R,1152051,1165250
NC_009901.1,Emb-only-R,1293351,1358850
NC_009901.1,Emb-only-R,1414451,1425350
NC_009901.1,Emb-only-R,1445951,1467750
NC_009901.1,Emb-only-R,1515851,1571550
NC_009901.1,Emb-only-R,1589751,1615150
NC_009901.1,Emb-only-R,1633751,1658550
NC_009901.1,Emb-only-R,1688351,1742450
NC_009901.1,Emb-only-R,1769151,1782750
NC_009901.1,Emb-only-R,1825851,1852250
NC_009901.1,Emb-only-R,1995951,2008750
NC_009901.1,Emb-only-R,2020151,2035750
NC_009901.1,Emb-only-R,2077551,2128350
NC_009901.1,Emb-only-R,2182651,2193150
NC_009901.1,Emb-only-R,2295651,2316150
NC_009901.1,Emb-only-R,2347551,2452350
NC_009901.1,Emb-only-R,2485051,2519250
NC_009901.1,Emb-only-R,2540951,2553950
NC_009901.1,Emb-only-R,2575651,2626550
NC_009901.1,Emb-only-R,2665751,2688150
NC_009901.1,Emb-only-R,2742651,2762050
NC_009901.1,Emb-only-R,2780851,2824550
NC_009901.1,Emb-only-R,2847351,2858250
NC_009901.1,Emb-only-R,2924351,2944250
NC_009901.1,Emb-only-R,2977651,2986550
NC_009901.1,Emb-only-R,3009951,3037650
NC_009901.1,Emb-only-R,3043351,3058050
NC_009901.1,Emb-only-R,3220651,3240850
NC_009901.1,Emb-only-R,3263751,3304750
NC_009901.1,Emb-only-R,3322651,3335450
NC_009901.1,Emb-only-R,3456751,3476150
NC_009901.1,Emb-only-R,3525151,3581750
NC_009901.1,Emb-only-R,3736851,3779350
NC_009901.1,Emb-only-R,3862551,3888550
NC_009901.1,Emb-only-R,3940551,3960850
NC_009901.1,Emb-only-R,4021451,4050450
NC_009901.1,Emb-only-R,4191851,4205650
NC_009901.1,Emb-only-R,4217251,4245450
NC_009901.1,Emb-only-R,4276951,4297050
NC_009901.1,Emb-only-R,4349551,4364750
NC_009901.1,Emb-only-R,4385051,4395150
NC_009901.1,Emb-only-R,4467851,4515750
NC_009901.1,Emb-only-R,4611451,4638750
NC_009901.1,Emb-only-R,4683951,4714850
NC_009901.1,Emb-only-R,4783251,4801450
NC_009901.1,Emb-only-R,4882951,4915750
NC_009901.1,Emb-only-R,5011851,5028050
NC_009901.1,Emb-only-R,5059151,5069750
NC_009901.1,Emb-only-R,5105751,5169550
NC_009997.1,SAGE-GI-P,196001,279000
NC_009997.1,SAGE-GI-P,694001,743000
NC_009997.1,SAGE-GI-P,913001,948000
NC_009997.1,SAGE-GI-P,2359001,2427000
NC_009997.1,SAGE-GI-P,2524001,2547000
NC_009997.1,SAGE-GI-P,2632001,2724000
NC_009997.1,SAGE-GI-P,3590001,3642000
NC_009997.1,SAGE-GI-P,3994001,4044000
NC_009997.1,SAGE-GI-P,4832001,4850000
NC_009997.1,SAGE-GI-P,5194001,5222000
NC_009997.1,Emb-only-P,196001,279000
NC_009997.1,Emb-only-P,674001,743000
NC_009997.1,Emb-only-P,2359001,2427000
NC_009997.1,Emb-only-P,2668001,2724000
NC_009997.1,Emb-only-P,3590001,3605000
NC_009997.1,Emb-only-P,3994001,4039000
NC_009997.1,Emb-only-P,4832001,4850000
NC_009997.1,Emb-only-P,5315001,5336000
NC_009997.1,SAGE-GI-R,40351,54650
NC_009997.1,SAGE-GI-R,83351,94150
NC_009997.1,SAGE-GI-R,130551,150450
NC_009997.1,SAGE-GI-R,189651,282050
NC_009997.1,SAGE-GI-R,370251,389750
NC_009997.1,SAGE-GI-R,417951,428950
NC_009997.1,SAGE-GI-R,465051,496650
NC_009997.1,SAGE-GI-R,584251,601850
NC_009997.1,SAGE-GI-R,663451,766650
NC_009997.1,SAGE-GI-R,811451,824450
NC_009997.1,SAGE-GI-R,846251,857250
NC_009997.1,SAGE-GI-R,895351,949850
NC_009997.1,SAGE-GI-R,993651,1016250
NC_009997.1,SAGE-GI-R,1165551,1177250
NC_009997.1,SAGE-GI-R,1182551,1208450
NC_009997.1,SAGE-GI-R,1321751,1339350
NC_009997.1,SAGE-GI-R,1353351,1393550
NC_009997.1,SAGE-GI-R,1614551,1624950
NC_009997.1,SAGE-GI-R,1740851,1758550
NC_009997.1,SAGE-GI-R,1786551,1801650
NC_009997.1,SAGE-GI-R,1814951,1824950
NC_009997.1,SAGE-GI-R,1868251,1899550
NC_009997.1,SAGE-GI-R,1933151,1954350
NC_009997.1,SAGE-GI-R,1995051,2025950
NC_009997.1,SAGE-GI-R,2070751,2099550
NC_009997.1,SAGE-GI-R,2220351,2233350
NC_009997.1,SAGE-GI-R,2344051,2431250
NC_009997.1,SAGE-GI-R,2524851,2570650
NC_009997.1,SAGE-GI-R,2586851,2599250
NC_009997.1,SAGE-GI-R,2635251,2726650
NC_009997.1,SAGE-GI-R,2747451,2762550
NC_009997.1,SAGE-GI-R,2791051,2813150
NC_009997.1,SAGE-GI-R,2863651,2883150
NC_009997.1,SAGE-GI-R,2960551,3011050
NC_009997.1,SAGE-GI-R,3088351,3132350
NC_009997.1,SAGE-GI-R,3181051,3214050
NC_009997.1,SAGE-GI-R,3246651,3277850
NC_009997.1,SAGE-GI-R,3284651,3295650
NC_009997.1,SAGE-GI-R,3382851,3409750
NC_009997.1,SAGE-GI-R,3435651,3504850
NC_009997.1,SAGE-GI-R,3532251,3550850
NC_009997.1,SAGE-GI-R,3586751,3715050
NC_009997.1,SAGE-GI-R,3821351,3847450
NC_009997.1,SAGE-GI-R,3971851,4040350
NC_009997.1,SAGE-GI-R,4096451,4125150
NC_009997.1,SAGE-GI-R,4145151,4157350
NC_009997.1,SAGE-GI-R,4184451,4205050
NC_009997.1,SAGE-GI-R,4317351,4331950
NC_009997.1,SAGE-GI-R,4344551,4355150
NC_009997.1,SAGE-GI-R,4369251,4378650
NC_009997.1,SAGE-GI-R,4461951,4483050
NC_009997.1,SAGE-GI-R,4674851,4705050
NC_009997.1,SAGE-GI-R,4753651,4790950
NC_009997.1,SAGE-GI-R,4828551,4861950
NC_009997.1,SAGE-GI-R,4980951,5010350
NC_009997.1,SAGE-GI-R,5070651,5116150
NC_009997.1,SAGE-GI-R,5192651,5224350
NC_009997.1,SAGE-GI-R,5304151,5342250
NC_009997.1,Emb-only-R,10651,23150
NC_009997.1,Emb-only-R,40551,58350
NC_009997.1,Emb-only-R,82151,93950
NC_009997.1,Emb-only-R,117251,133350
NC_009997.1,Emb-only-R,148051,176650
NC_009997.1,Emb-only-R,190651,282050
NC_009997.1,Emb-only-R,369951,387550
NC_009997.1,Emb-only-R,464951,496850
NC_009997.1,Emb-only-R,546851,555750
NC_009997.1,Emb-only-R,584751,596150
NC_009997.1,Emb-only-R,662251,768850
NC_009997.1,Emb-only-R,804551,827350
NC_009997.1,Emb-only-R,898251,950150
NC_009997.1,Emb-only-R,994051,1015150
NC_009997.1,Emb-only-R,1183251,1204750
NC_009997.1,Emb-only-R,1322351,1339750
NC_009997.1,Emb-only-R,1353451,1394150
NC_009997.1,Emb-only-R,1644851,1660450
NC_009997.1,Emb-only-R,1740051,1755750
NC_009997.1,Emb-only-R,1879851,1892150
NC_009997.1,Emb-only-R,1935551,1954150
NC_009997.1,Emb-only-R,1998451,2023550
NC_009997.1,Emb-only-R,2070551,2103850
NC_009997.1,Emb-only-R,2219551,2237050
NC_009997.1,Emb-only-R,2344851,2430550
NC_009997.1,Emb-only-R,2525051,2597750
NC_009997.1,Emb-only-R,2633851,2726550
NC_009997.1,Emb-only-R,2799051,2814050
NC_009997.1,Emb-only-R,2860951,2882750
NC_009997.1,Emb-only-R,2967751,3001050
NC_009997.1,Emb-only-R,3085451,3128250
NC_009997.1,Emb-only-R,3179851,3215350
NC_009997.1,Emb-only-R,3239151,3269450
NC_009997.1,Emb-only-R,3439051,3505550
NC_009997.1,Emb-only-R,3525251,3538250
NC_009997.1,Emb-only-R,3582051,3703650
NC_009997.1,Emb-only-R,3826851,3847350
NC_009997.1,Emb-only-R,3971951,4039750
NC_009997.1,Emb-only-R,4111151,4128150
NC_009997.1,Emb-only-R,4142051,4157750
NC_009997.1,Emb-only-R,4179651,4204650
NC_009997.1,Emb-only-R,4315351,4331350
NC_009997.1,Emb-only-R,4343351,4355850
NC_009997.1,Emb-only-R,4454451,4483050
NC_009997.1,Emb-only-R,4685151,4702450
NC_009997.1,Emb-only-R,4732751,4777950
NC_009997.1,Emb-only-R,4828651,4863250
NC_009997.1,Emb-only-R,4981051,5011350
NC_009997.1,Emb-only-R,5096751,5116650
NC_009997.1,Emb-only-R,5192051,5223650
NC_009997.1,Emb-only-R,5304251,5342250
NC_010084.1,SAGE-GI-P,7551,21950
NC_010084.1,SAGE-GI-P,261001,302000
NC_010084.1,SAGE-GI-P,542001,559000
NC_010084.1,SAGE-GI-P,1905001,1928000
NC_010084.1,SAGE-GI-P,1985001,2030000
NC_010084.1,SAGE-GI-P,2483001,2570000
NC_010084.1,SAGE-GI-P,2722001,2759000
NC_010084.1,SAGE-GI-P,2801001,2855000
NC_010084.1,SAGE-GI-P,3195001,3208000
NC_010084.1,Emb-only-P,7051,21750
NC_010084.1,Emb-only-P,261001,302000
NC_010084.1,Emb-only-P,542001,559000
NC_010084.1,Emb-only-P,1292951,1303650
NC_010084.1,Emb-only-P,1857001,1877000
NC_010084.1,Emb-only-P,1905001,1928000
NC_010084.1,Emb-only-P,1985001,2030000
NC_010084.1,Emb-only-P,2483001,2570000
NC_010084.1,Emb-only-P,2722001,2759000
NC_010084.1,Emb-only-P,2801001,2855000
NC_010084.1,Emb-only-P,3193951,3204350
NC_010084.1,SAGE-GI-R,4951,28250
NC_010084.1,SAGE-GI-R,89051,115050
NC_010084.1,SAGE-GI-R,165951,186450
NC_010084.1,SAGE-GI-R,209251,219450
NC_010084.1,SAGE-GI-R,256951,337850
NC_010084.1,SAGE-GI-R,370751,394250
NC_010084.1,SAGE-GI-R,502051,513450
NC_010084.1,SAGE-GI-R,532151,585750
NC_010084.1,SAGE-GI-R,619351,628750
NC_010084.1,SAGE-GI-R,700451,714250
NC_010084.1,SAGE-GI-R,990351,1005450
NC_010084.1,SAGE-GI-R,1038751,1073550
NC_010084.1,SAGE-GI-R,1112951,1179450
NC_010084.1,SAGE-GI-R,1227051,1237450
NC_010084.1,SAGE-GI-R,1247851,1258850
NC_010084.1,SAGE-GI-R,1280651,1345750
NC_010084.1,SAGE-GI-R,1471351,1494150
NC_010084.1,SAGE-GI-R,1536251,1549850
NC_010084.1,SAGE-GI-R,1749551,1776350
NC_010084.1,SAGE-GI-R,1794251,1806350
NC_010084.1,SAGE-GI-R,1828851,1838950
NC_010084.1,SAGE-GI-R,1853451,1971050
NC_010084.1,SAGE-GI-R,1982051,2036450
NC_010084.1,SAGE-GI-R,2069251,2077250
NC_010084.1,SAGE-GI-R,2100751,2113550
NC_010084.1,SAGE-GI-R,2144251,2152850
NC_010084.1,SAGE-GI-R,2170351,2203150
NC_010084.1,SAGE-GI-R,2256451,2272450
NC_010084.1,SAGE-GI-R,2474451,2575650
NC_010084.1,SAGE-GI-R,2605751,2626050
NC_010084.1,SAGE-GI-R,2664851,2691850
NC_010084.1,SAGE-GI-R,2717751,2767650
NC_010084.1,SAGE-GI-R,2801651,2857050
NC_010084.1,SAGE-GI-R,2948551,2963850
NC_010084.1,SAGE-GI-R,3034351,3122050
NC_010084.1,SAGE-GI-R,3128851,3152150
NC_010084.1,SAGE-GI-R,3159151,3221250
NC_010084.1,SAGE-GI-R,3291751,3302950
NC_010084.1,Emb-only-R,4951,27250
NC_010084.1,Emb-only-R,96051,115650
NC_010084.1,Emb-only-R,166751,186150
NC_010084.1,Emb-only-R,256751,338050
NC_010084.1,Emb-only-R,371051,395050
NC_010084.1,Emb-only-R,502051,514950
NC_010084.1,Emb-only-R,530451,573150
NC_010084.1,Emb-only-R,613951,628850
NC_010084.1,Emb-only-R,695051,714450
NC_010084.1,Emb-only-R,989951,1005050
NC_010084.1,Emb-only-R,1038851,1077350
NC_010084.1,Emb-only-R,1103551,1171850
NC_010084.1,Emb-only-R,1244251,1257350
NC_010084.1,Emb-only-R,1280551,1348750
NC_010084.1,Emb-only-R,1457951,1494150
NC_010084.1,Emb-only-R,1530851,1545750
NC_010084.1,Emb-only-R,1751051,1774650
NC_010084.1,Emb-only-R,1793951,1804150
NC_010084.1,Emb-only-R,1827951,1839150
NC_010084.1,Emb-only-R,1853351,2033750
NC_010084.1,Emb-only-R,2066251,2076350
NC_010084.1,Emb-only-R,2169951,2203850
NC_010084.1,Emb-only-R,2258851,2272950
NC_010084.1,Emb-only-R,2306951,2318250
NC_010084.1,Emb-only-R,2478351,2574350
NC_010084.1,Emb-only-R,2603751,2625450
NC_010084.1,Emb-only-R,2664151,2692150
NC_010084.1,Emb-only-R,2717451,2767650
NC_010084.1,Emb-only-R,2801951,2857150
NC_010084.1,Emb-only-R,3035051,3073350
NC_010084.1,Emb-only-R,3098851,3223150
NC_010084.1,Emb-only-R,3363451,3374150
NC_010102.1,SAGE-GI-P,692001,714000
NC_010102.1,SAGE-GI-P,915001,947000
NC_010102.1,SAGE-GI-P,996001,1033000
NC_010102.1,SAGE-GI-P,1144001,1163000
NC_010102.1,SAGE-GI-P,1620001,1645000
NC_010102.1,SAGE-GI-P,1785001,1884000
NC_010102.1,SAGE-GI-P,2780001,2810000
NC_010102.1,SAGE-GI-P,2858001,2881000
NC_010102.1,SAGE-GI-P,2973001,3015000
NC_010102.1,SAGE-GI-P,3524001,3564000
NC_010102.1,SAGE-GI-P,4292001,4336000
NC_010102.1,SAGE-GI-P,4403001,4427000
NC_010102.1,SAGE-GI-P,4486001,4584000
NC_010102.1,Emb-only-P,692001,714000
NC_010102.1,Emb-only-P,887001,947000
NC_010102.1,Emb-only-P,996001,1033000
NC_010102.1,Emb-only-P,1620001,1645000
NC_010102.1,Emb-only-P,1785001,1884000
NC_010102.1,Emb-only-P,2780001,2810000
NC_010102.1,Emb-only-P,2858001,2881000
NC_010102.1,Emb-only-P,3524001,3564000
NC_010102.1,Emb-only-P,4292001,4334000
NC_010102.1,Emb-only-P,4403001,4427000
NC_010102.1,Emb-only-P,4486001,4584000
NC_010102.1,SAGE-GI-R,9451,39050
NC_010102.1,SAGE-GI-R,58051,86250
NC_010102.1,SAGE-GI-R,167051,206650
NC_010102.1,SAGE-GI-R,281451,298550
NC_010102.1,SAGE-GI-R,372251,419550
NC_010102.1,SAGE-GI-R,467351,485450
NC_010102.1,SAGE-GI-R,507751,518050
NC_010102.1,SAGE-GI-R,609751,632150
NC_010102.1,SAGE-GI-R,658951,673650
NC_010102.1,SAGE-GI-R,687551,717550
NC_010102.1,SAGE-GI-R,848651,888850
NC_010102.1,SAGE-GI-R,901951,1044450
NC_010102.1,SAGE-GI-R,1049751,1059650
NC_010102.1,SAGE-GI-R,1141651,1178650
NC_010102.1,SAGE-GI-R,1222551,1242250
NC_010102.1,SAGE-GI-R,1260151,1280050
NC_010102.1,SAGE-GI-R,1352851,1367150
NC_010102.1,SAGE-GI-R,1393951,1406650
NC_010102.1,SAGE-GI-R,1483451,1510250
NC_010102.1,SAGE-GI-R,1617051,1647050
NC_010102.1,SAGE-GI-R,1703851,1719150
NC_010102.1,SAGE-GI-R,1771251,1883150
NC_010102.1,SAGE-GI-R,1976751,1994750
NC_010102.1,SAGE-GI-R,2101351,2118350
NC_010102.1,SAGE-GI-R,2182851,2196050
NC_010102.1,SAGE-GI-R,2287751,2346150
NC_010102.1,SAGE-GI-R,2465951,2474850
NC_010102.1,SAGE-GI-R,2497451,2507650
NC_010102.1,SAGE-GI-R,2607851,2631350
NC_010102.1,SAGE-GI-R,2687051,2697150
NC_010102.1,SAGE-GI-R,2711851,2748050
NC_010102.1,SAGE-GI-R,2763551,2822050
NC_010102.1,SAGE-GI-R,2832451,2896350
NC_010102.1,SAGE-GI-R,2955751,3015650
NC_010102.1,SAGE-GI-R,3142151,3160650
NC_010102.1,SAGE-GI-R,3235851,3253550
NC_010102.1,SAGE-GI-R,3405551,3422650
NC_010102.1,SAGE-GI-R,3476351,3487650
NC_010102.1,SAGE-GI-R,3516851,3565550
NC_010102.1,SAGE-GI-R,3583451,3599150
NC_010102.1,SAGE-GI-R,3662551,3670950
NC_010102.1,SAGE-GI-R,3825851,3838250
NC_010102.1,SAGE-GI-R,3853151,3868450
NC_010102.1,SAGE-GI-R,3891951,3907250
NC_010102.1,SAGE-GI-R,3926251,3937350
NC_010102.1,SAGE-GI-R,3957651,3970750
NC_010102.1,SAGE-GI-R,4005751,4057650
NC_010102.1,SAGE-GI-R,4078151,4091550
NC_010102.1,SAGE-GI-R,4137451,4150350
NC_010102.1,SAGE-GI-R,4171051,4179750
NC_010102.1,SAGE-GI-R,4289051,4348450
NC_010102.1,SAGE-GI-R,4399851,4433150
NC_010102.1,SAGE-GI-R,4482851,4603750
NC_010102.1,SAGE-GI-R,4679751,4698050
NC_010102.1,SAGE-GI-R,4747651,4793750
NC_010102.1,Emb-only-R,20951,38150
NC_010102.1,Emb-only-R,59151,73050
NC_010102.1,Emb-only-R,167551,204550
NC_010102.1,Emb-only-R,278251,298250
NC_010102.1,Emb-only-R,391451,418250
NC_010102.1,Emb-only-R,466651,484450
NC_010102.1,Emb-only-R,508351,521150
NC_010102.1,Emb-only-R,609251,628750
NC_010102.1,Emb-only-R,658751,671850
NC_010102.1,Emb-only-R,684951,717650
NC_010102.1,Emb-only-R,846751,890350
NC_010102.1,Emb-only-R,900551,969550
NC_010102.1,Emb-only-R,986651,1061550
NC_010102.1,Emb-only-R,1136751,1170950
NC_010102.1,Emb-only-R,1219851,1242650
NC_010102.1,Emb-only-R,1262251,1281050
NC_010102.1,Emb-only-R,1352151,1367250
NC_010102.1,Emb-only-R,1394851,1406750
NC_010102.1,Emb-only-R,1482851,1511250
NC_010102.1,Emb-only-R,1616851,1648850
NC_010102.1,Emb-only-R,1700851,1726250
NC_010102.1,Emb-only-R,1771151,1886350
NC_010102.1,Emb-only-R,1979451,1994850
NC_010102.1,Emb-only-R,2097051,2112950
NC_010102.1,Emb-only-R,2182651,2196150
NC_010102.1,Emb-only-R,2287151,2346150
NC_010102.1,Emb-only-R,2497451,2509650
NC_010102.1,Emb-only-R,2607551,2627950
NC_010102.1,Emb-only-R,2686451,2697450
NC_010102.1,Emb-only-R,2710051,2748650
NC_010102.1,Emb-only-R,2763751,2894550
NC_010102.1,Emb-only-R,2962351,3015750
NC_010102.1,Emb-only-R,3050851,3062350
NC_010102.1,Emb-only-R,3140551,3161650
NC_010102.1,Emb-only-R,3194651,3204450
NC_010102.1,Emb-only-R,3233651,3248650
NC_010102.1,Emb-only-R,3307851,3318150
NC_010102.1,Emb-only-R,3405651,3427950
NC_010102.1,Emb-only-R,3478751,3487750
NC_010102.1,Emb-only-R,3515651,3567850
NC_010102.1,Emb-only-R,3582351,3600050
NC_010102.1,Emb-only-R,3658951,3673250
NC_010102.1,Emb-only-R,3766251,3786950
NC_010102.1,Emb-only-R,3825551,3838650
NC_010102.1,Emb-only-R,3852651,3867750
NC_010102.1,Emb-only-R,3896051,3906550
NC_010102.1,Emb-only-R,3925951,3936250
NC_010102.1,Emb-only-R,3957851,3972050
NC_010102.1,Emb-only-R,4009451,4063750
NC_010102.1,Emb-only-R,4076851,4092450
NC_010102.1,Emb-only-R,4137951,4150550
NC_010102.1,Emb-only-R,4170051,4179350
NC_010102.1,Emb-only-R,4289851,4353950
NC_010102.1,Emb-only-R,4399651,4432250
NC_010102.1,Emb-only-R,4483951,4591350
NC_010102.1,Emb-only-R,4679351,4701550
NC_010102.1,Emb-only-R,4747151,4767150
NC_010102.1,Emb-only-R,4778951,4796050
NC_010159.1,SAGE-GI-P,169001,188000
NC_010159.1,SAGE-GI-P,598001,637000
NC_010159.1,SAGE-GI-P,1071001,1114000
NC_010159.1,SAGE-GI-P,1293001,1308000
NC_010159.1,SAGE-GI-P,1431001,1460000
NC_010159.1,SAGE-GI-P,2167001,2197000
NC_010159.1,SAGE-GI-P,3121001,3164000
NC_010159.1,SAGE-GI-P,3458001,3473000
NC_010159.1,Emb-only-P,169001,230000
NC_010159.1,Emb-only-P,486001,520000
NC_010159.1,Emb-only-P,598001,638000
NC_010159.1,Emb-only-P,1072001,1114000
NC_010159.1,Emb-only-P,1293001,1308000
NC_010159.1,Emb-only-P,2136001,2197000
NC_010159.1,Emb-only-P,3121001,3166000
NC_010159.1,SAGE-GI-R,8351,28050
NC_010159.1,SAGE-GI-R,123551,156350
NC_010159.1,SAGE-GI-R,169451,238350
NC_010159.1,SAGE-GI-R,254251,277950
NC_010159.1,SAGE-GI-R,410451,455950
NC_010159.1,SAGE-GI-R,483251,523150
NC_010159.1,SAGE-GI-R,537251,553350
NC_010159.1,SAGE-GI-R,594451,645650
NC_010159.1,SAGE-GI-R,662951,678750
NC_010159.1,SAGE-GI-R,695051,727950
NC_010159.1,SAGE-GI-R,734751,750850
NC_010159.1,SAGE-GI-R,765351,789050
NC_010159.1,SAGE-GI-R,886751,908950
NC_010159.1,SAGE-GI-R,932251,940950
NC_010159.1,SAGE-GI-R,1020451,1032850
NC_010159.1,SAGE-GI-R,1048851,1063950
NC_010159.1,SAGE-GI-R,1072451,1119750
NC_010159.1,SAGE-GI-R,1211951,1241650
NC_010159.1,SAGE-GI-R,1289451,1322350
NC_010159.1,SAGE-GI-R,1411051,1459050
NC_010159.1,SAGE-GI-R,1502951,1520750
NC_010159.1,SAGE-GI-R,1557651,1578350
NC_010159.1,SAGE-GI-R,1787051,1828450
NC_010159.1,SAGE-GI-R,1861151,1885550
NC_010159.1,SAGE-GI-R,1931351,1969450
NC_010159.1,SAGE-GI-R,1982751,2007050
NC_010159.1,SAGE-GI-R,2021251,2056850
NC_010159.1,SAGE-GI-R,2077751,2094050
NC_010159.1,SAGE-GI-R,2134951,2202850
NC_010159.1,SAGE-GI-R,2224951,2241150
NC_010159.1,SAGE-GI-R,2267451,2301150
NC_010159.1,SAGE-GI-R,2321051,2340750
NC_010159.1,SAGE-GI-R,2486351,2500550
NC_010159.1,SAGE-GI-R,2586751,2629750
NC_010159.1,SAGE-GI-R,2680551,2690650
NC_010159.1,SAGE-GI-R,2764151,2780250
NC_010159.1,SAGE-GI-R,2879551,2893450
NC_010159.1,SAGE-GI-R,2927351,2948950
NC_010159.1,SAGE-GI-R,3038851,3051050
NC_010159.1,SAGE-GI-R,3061751,3073150
NC_010159.1,SAGE-GI-R,3108751,3177650
NC_010159.1,SAGE-GI-R,3223551,3247850
NC_010159.1,SAGE-GI-R,3275951,3291050
NC_010159.1,SAGE-GI-R,3355151,3369050
NC_010159.1,SAGE-GI-R,3418951,3429350
NC_010159.1,SAGE-GI-R,3454951,3518450
NC_010159.1,SAGE-GI-R,3580751,3597850
NC_010159.1,SAGE-GI-R,3611651,3626150
NC_010159.1,SAGE-GI-R,3680951,3693150
NC_010159.1,SAGE-GI-R,3717851,3780550
NC_010159.1,SAGE-GI-R,3892551,3905450
NC_010159.1,SAGE-GI-R,4066051,4079650
NC_010159.1,SAGE-GI-R,4089851,4105450
NC_010159.1,SAGE-GI-R,4170251,4191150
NC_010159.1,SAGE-GI-R,4234851,4266050
NC_010159.1,SAGE-GI-R,4277151,4296950
NC_010159.1,SAGE-GI-R,4303551,4320150
NC_010159.1,SAGE-GI-R,4384551,4398250
NC_010159.1,Emb-only-R,7951,23350
NC_010159.1,Emb-only-R,124651,157150
NC_010159.1,Emb-only-R,168451,236950
NC_010159.1,Emb-only-R,254551,277550
NC_010159.1,Emb-only-R,411651,456450
NC_010159.1,Emb-only-R,483051,530550
NC_010159.1,Emb-only-R,537751,558550
NC_010159.1,Emb-only-R,596851,646750
NC_010159.1,Emb-only-R,665751,678450
NC_010159.1,Emb-only-R,688751,757150
NC_010159.1,Emb-only-R,762751,789150
NC_010159.1,Emb-only-R,887451,909950
NC_010159.1,Emb-only-R,929051,946250
NC_010159.1,Emb-only-R,1043651,1062250
NC_010159.1,Emb-only-R,1074651,1119350
NC_010159.1,Emb-only-R,1212051,1226750
NC_010159.1,Emb-only-R,1236451,1244950
NC_010159.1,Emb-only-R,1265651,1314950
NC_010159.1,Emb-only-R,1343051,1358250
NC_010159.1,Emb-only-R,1417451,1457150
NC_010159.1,Emb-only-R,1502251,1520350
NC_010159.1,Emb-only-R,1558651,1577750
NC_010159.1,Emb-only-R,1655851,1667950
NC_010159.1,Emb-only-R,1783951,1830550
NC_010159.1,Emb-only-R,1864451,1884650
NC_010159.1,Emb-only-R,1931551,1967050
NC_010159.1,Emb-only-R,1981651,2010250
NC_010159.1,Emb-only-R,2018651,2035650
NC_010159.1,Emb-only-R,2065951,2088150
NC_010159.1,Emb-only-R,2137851,2200150
NC_010159.1,Emb-only-R,2213051,2232450
NC_010159.1,Emb-only-R,2274051,2300650
NC_010159.1,Emb-only-R,2321251,2339550
NC_010159.1,Emb-only-R,2586151,2630250
NC_010159.1,Emb-only-R,2680651,2699950
NC_010159.1,Emb-only-R,2762751,2776150
NC_010159.1,Emb-only-R,2803351,2811850
NC_010159.1,Emb-only-R,2816951,2838950
NC_010159.1,Emb-only-R,2876251,2893050
NC_010159.1,Emb-only-R,2929851,2947850
NC_010159.1,Emb-only-R,3039551,3073650
NC_010159.1,Emb-only-R,3104651,3174050
NC_010159.1,Emb-only-R,3228851,3237650
NC_010159.1,Emb-only-R,3277451,3292950
NC_010159.1,Emb-only-R,3353651,3370050
NC_010159.1,Emb-only-R,3455151,3477650
NC_010159.1,Emb-only-R,3497351,3520550
NC_010159.1,Emb-only-R,3531851,3546150
NC_010159.1,Emb-only-R,3580551,3597450
NC_010159.1,Emb-only-R,3611751,3629950
NC_010159.1,Emb-only-R,3681251,3692750
NC_010159.1,Emb-only-R,3714251,3744050
NC_010159.1,Emb-only-R,3749751,3774150
NC_010159.1,Emb-only-R,3892651,3910850
NC_010159.1,Emb-only-R,4037351,4046450
NC_010159.1,Emb-only-R,4091751,4104350
NC_010159.1,Emb-only-R,4126251,4146350
NC_010159.1,Emb-only-R,4234751,4267250
NC_010159.1,Emb-only-R,4277351,4321550
NC_010159.1,Emb-only-R,4373651,4399850
NC_010167.1,SAGE-GI-P,345001,363000
NC_010167.1,SAGE-GI-P,1067001,1098000
NC_010167.1,Emb-only-P,34001,66000
NC_010167.1,Emb-only-P,345001,363000
NC_010167.1,Emb-only-P,524001,546000
NC_010167.1,Emb-only-P,1067001,1098000
NC_010167.1,SAGE-GI-R,22651,73450
NC_010167.1,SAGE-GI-R,126451,135250
NC_010167.1,SAGE-GI-R,149951,188050
NC_010167.1,SAGE-GI-R,230251,247350
NC_010167.1,SAGE-GI-R,274551,328450
NC_010167.1,SAGE-GI-R,340651,384250
NC_010167.1,SAGE-GI-R,411751,428250
NC_010167.1,SAGE-GI-R,475351,491450
NC_010167.1,SAGE-GI-R,515251,545950
NC_010167.1,SAGE-GI-R,600151,612550
NC_010167.1,SAGE-GI-R,668751,679450
NC_010167.1,SAGE-GI-R,765651,788050
NC_010167.1,SAGE-GI-R,803851,824350
NC_010167.1,SAGE-GI-R,1020551,1102350
NC_010167.1,SAGE-GI-R,1229051,1243050
NC_010167.1,SAGE-GI-R,1281551,1309150
NC_010167.1,SAGE-GI-R,1325751,1351150
NC_010167.1,Emb-only-R,23851,69250
NC_010167.1,Emb-only-R,126251,138650
NC_010167.1,Emb-only-R,147351,165350
NC_010167.1,Emb-only-R,228951,251950
NC_010167.1,Emb-only-R,274051,290350
NC_010167.1,Emb-only-R,303251,327950
NC_010167.1,Emb-only-R,340151,380150
NC_010167.1,Emb-only-R,517651,547850
NC_010167.1,Emb-only-R,599751,614050
NC_010167.1,Emb-only-R,668751,679650
NC_010167.1,Emb-only-R,766251,789450
NC_010167.1,Emb-only-R,802251,824650
NC_010167.1,Emb-only-R,934651,952750
NC_010167.1,Emb-only-R,969051,988750
NC_010167.1,Emb-only-R,1018651,1103950
NC_010167.1,Emb-only-R,1229551,1240650
NC_010167.1,Emb-only-R,1284951,1310950
NC_010167.1,Emb-only-R,1325751,1388850
NC_010184.1,SAGE-GI-P,8001,29000
NC_010184.1,SAGE-GI-P,93001,157000
NC_010184.1,SAGE-GI-P,246001,312000
NC_010184.1,SAGE-GI-P,1235001,1270000
NC_010184.1,SAGE-GI-P,1621001,1640000
NC_010184.1,SAGE-GI-P,1832001,1852000
NC_010184.1,SAGE-GI-P,3166001,3199000
NC_010184.1,SAGE-GI-P,3433001,3534000
NC_010184.1,SAGE-GI-P,3637001,3674000
NC_010184.1,SAGE-GI-P,5004001,5038000
NC_010184.1,Emb-only-P,93001,157000
NC_010184.1,Emb-only-P,246001,312000
NC_010184.1,Emb-only-P,1235001,1270000
NC_010184.1,Emb-only-P,1803001,1852000
NC_010184.1,Emb-only-P,2402001,2428000
NC_010184.1,Emb-only-P,3166001,3199000
NC_010184.1,Emb-only-P,3433001,3534000
NC_010184.1,Emb-only-P,3637001,3674000
NC_010184.1,Emb-only-P,5004001,5038000
NC_010184.1,SAGE-GI-R,4951,41750
NC_010184.1,SAGE-GI-R,70851,172850
NC_010184.1,SAGE-GI-R,217451,323150
NC_010184.1,SAGE-GI-R,368851,381550
NC_010184.1,SAGE-GI-R,427151,441850
NC_010184.1,SAGE-GI-R,511351,543950
NC_010184.1,SAGE-GI-R,687351,739650
NC_010184.1,SAGE-GI-R,794051,809150
NC_010184.1,SAGE-GI-R,890451,933450
NC_010184.1,SAGE-GI-R,944551,960850
NC_010184.1,SAGE-GI-R,971451,991450
NC_010184.1,SAGE-GI-R,1032551,1070250
NC_010184.1,SAGE-GI-R,1097451,1126150
NC_010184.1,SAGE-GI-R,1190651,1208450
NC_010184.1,SAGE-GI-R,1233451,1269650
NC_010184.1,SAGE-GI-R,1371051,1394450
NC_010184.1,SAGE-GI-R,1433351,1446150
NC_010184.1,SAGE-GI-R,1549551,1569750
NC_010184.1,SAGE-GI-R,1596751,1646650
NC_010184.1,SAGE-GI-R,1760751,1856250
NC_010184.1,SAGE-GI-R,2083351,2121150
NC_010184.1,SAGE-GI-R,2226851,2248650
NC_010184.1,SAGE-GI-R,2311551,2327450
NC_010184.1,SAGE-GI-R,2357351,2387550
NC_010184.1,SAGE-GI-R,2394251,2428950
NC_010184.1,SAGE-GI-R,2450251,2469850
NC_010184.1,SAGE-GI-R,2498351,2536250
NC_010184.1,SAGE-GI-R,2562751,2572850
NC_010184.1,SAGE-GI-R,2725751,2739050
NC_010184.1,SAGE-GI-R,2782151,2800250
NC_010184.1,SAGE-GI-R,2830051,2842250
NC_010184.1,SAGE-GI-R,2943351,2957950
NC_010184.1,SAGE-GI-R,3064351,3076150
NC_010184.1,SAGE-GI-R,3157151,3199150
NC_010184.1,SAGE-GI-R,3211851,3227350
NC_010184.1,SAGE-GI-R,3282751,3339150
NC_010184.1,SAGE-GI-R,3436351,3536650
NC_010184.1,SAGE-GI-R,3573451,3593850
NC_010184.1,SAGE-GI-R,3625551,3692750
NC_010184.1,SAGE-GI-R,3703351,3726550
NC_010184.1,SAGE-GI-R,3761051,3772950
NC_010184.1,SAGE-GI-R,3813451,3824250
NC_010184.1,SAGE-GI-R,3837751,3848550
NC_010184.1,SAGE-GI-R,3905451,3915450
NC_010184.1,SAGE-GI-R,4028751,4053850
NC_010184.1,SAGE-GI-R,4112651,4121650
NC_010184.1,SAGE-GI-R,4359251,4396750
NC_010184.1,SAGE-GI-R,4474051,4492350
NC_010184.1,SAGE-GI-R,4502151,4516350
NC_010184.1,SAGE-GI-R,4538051,4558650
NC_010184.1,SAGE-GI-R,4581551,4594950
NC_010184.1,SAGE-GI-R,4670651,4704950
NC_010184.1,SAGE-GI-R,4776551,4785550
NC_010184.1,SAGE-GI-R,4824551,4853850
NC_010184.1,SAGE-GI-R,4878051,4932550
NC_010184.1,SAGE-GI-R,4970751,5137750
NC_010184.1,SAGE-GI-R,5194451,5209750
NC_010184.1,Emb-only-R,4951,40050
NC_010184.1,Emb-only-R,70251,172750
NC_010184.1,Emb-only-R,213551,323650
NC_010184.1,Emb-only-R,510251,537150
NC_010184.1,Emb-only-R,683951,744150
NC_010184.1,Emb-only-R,798951,809550
NC_010184.1,Emb-only-R,887951,931450
NC_010184.1,Emb-only-R,944751,962450
NC_010184.1,Emb-only-R,972151,989450
NC_010184.1,Emb-only-R,1048551,1064450
NC_010184.1,Emb-only-R,1188751,1204050
NC_010184.1,Emb-only-R,1230651,1265350
NC_010184.1,Emb-only-R,1366251,1385550
NC_010184.1,Emb-only-R,1435451,1450550
NC_010184.1,Emb-only-R,1549851,1568850
NC_010184.1,Emb-only-R,1605551,1639750
NC_010184.1,Emb-only-R,1773351,1857350
NC_010184.1,Emb-only-R,2084351,2121550
NC_010184.1,Emb-only-R,2193451,2206450
NC_010184.1,Emb-only-R,2223551,2249250
NC_010184.1,Emb-only-R,2309151,2330350
NC_010184.1,Emb-only-R,2355051,2375650
NC_010184.1,Emb-only-R,2397851,2429750
NC_010184.1,Emb-only-R,2450551,2466450
NC_010184.1,Emb-only-R,2504351,2537750
NC_010184.1,Emb-only-R,2557851,2575350
NC_010184.1,Emb-only-R,2828351,2842850
NC_010184.1,Emb-only-R,2945951,2954050
NC_010184.1,Emb-only-R,2993951,3026650
NC_010184.1,Emb-only-R,3064351,3090150
NC_010184.1,Emb-only-R,3162851,3199150
NC_010184.1,Emb-only-R,3212751,3228250
NC_010184.1,Emb-only-R,3281251,3305350
NC_010184.1,Emb-only-R,3326051,3339250
NC_010184.1,Emb-only-R,3438951,3558750
NC_010184.1,Emb-only-R,3575651,3592950
NC_010184.1,Emb-only-R,3632751,3696050
NC_010184.1,Emb-only-R,3761351,3773450
NC_010184.1,Emb-only-R,3811851,3824550
NC_010184.1,Emb-only-R,3836751,3847550
NC_010184.1,Emb-only-R,3904651,3916050
NC_010184.1,Emb-only-R,4028151,4056850
NC_010184.1,Emb-only-R,4114751,4123150
NC_010184.1,Emb-only-R,4367551,4385950
NC_010184.1,Emb-only-R,4475951,4512350
NC_010184.1,Emb-only-R,4538251,4554550
NC_010184.1,Emb-only-R,4579851,4597950
NC_010184.1,Emb-only-R,4674051,4707850
NC_010184.1,Emb-only-R,4774051,4788250
NC_010184.1,Emb-only-R,4821351,4849050
NC_010184.1,Emb-only-R,4872751,4906250
NC_010184.1,Emb-only-R,4921151,4929450
NC_010184.1,Emb-only-R,4961951,5042950
NC_010184.1,Emb-only-R,5054151,5072850
NC_010184.1,Emb-only-R,5088951,5138550
NC_010184.1,Emb-only-R,5193151,5212850
NC_010322.1,SAGE-GI-P,5001,72000
NC_010322.1,SAGE-GI-P,183001,223000
NC_010322.1,SAGE-GI-P,542001,607000
NC_010322.1,SAGE-GI-P,1333001,1382000
NC_010322.1,SAGE-GI-P,1524001,1555000
NC_010322.1,SAGE-GI-P,1641251,1656350
NC_010322.1,SAGE-GI-P,1825001,1859000
NC_010322.1,SAGE-GI-P,1969001,1982000
NC_010322.1,SAGE-GI-P,3309001,3375000
NC_010322.1,SAGE-GI-P,3810001,3873000
NC_010322.1,SAGE-GI-P,4631001,4676000
NC_010322.1,SAGE-GI-P,5298001,5318000
NC_010322.1,SAGE-GI-P,5353001,5392000
NC_010322.1,SAGE-GI-P,6047001,6058000
NC_010322.1,Emb-only-P,5001,72000
NC_010322.1,Emb-only-P,183001,223000
NC_010322.1,Emb-only-P,542001,607000
NC_010322.1,Emb-only-P,1333001,1382000
NC_010322.1,Emb-only-P,1524001,1555000
NC_010322.1,Emb-only-P,1628001,1645000
NC_010322.1,Emb-only-P,1825001,1859000
NC_010322.1,Emb-only-P,1951001,1982000
NC_010322.1,Emb-only-P,3309001,3373000
NC_010322.1,Emb-only-P,3810001,3883000
NC_010322.1,Emb-only-P,4631001,4676000
NC_010322.1,Emb-only-P,5298001,5318000
NC_010322.1,Emb-only-P,5353001,5392000
NC_010322.1,SAGE-GI-R,4951,75150
NC_010322.1,SAGE-GI-R,128551,137050
NC_010322.1,SAGE-GI-R,158851,239150
NC_010322.1,SAGE-GI-R,292751,311350
NC_010322.1,SAGE-GI-R,358451,367950
NC_010322.1,SAGE-GI-R,373151,432150
NC_010322.1,SAGE-GI-R,448551,463150
NC_010322.1,SAGE-GI-R,479451,507550
NC_010322.1,SAGE-GI-R,537551,631550
NC_010322.1,SAGE-GI-R,726551,746850
NC_010322.1,SAGE-GI-R,761151,798950
NC_010322.1,SAGE-GI-R,821251,831150
NC_010322.1,SAGE-GI-R,865051,886450
NC_010322.1,SAGE-GI-R,949451,988650
NC_010322.1,SAGE-GI-R,1008051,1028150
NC_010322.1,SAGE-GI-R,1225851,1240550
NC_010322.1,SAGE-GI-R,1302751,1321950
NC_010322.1,SAGE-GI-R,1334451,1390150
NC_010322.1,SAGE-GI-R,1513551,1568250
NC_010322.1,SAGE-GI-R,1622551,1695550
NC_010322.1,SAGE-GI-R,1705451,1722150
NC_010322.1,SAGE-GI-R,1748051,1764150
NC_010322.1,SAGE-GI-R,1820951,1863850
NC_010322.1,SAGE-GI-R,1901751,1910250
NC_010322.1,SAGE-GI-R,1938651,1998250
NC_010322.1,SAGE-GI-R,2061951,2106150
NC_010322.1,SAGE-GI-R,2135951,2150950
NC_010322.1,SAGE-GI-R,2279351,2289850
NC_010322.1,SAGE-GI-R,2371951,2390150
NC_010322.1,SAGE-GI-R,2403551,2418950
NC_010322.1,SAGE-GI-R,2448651,2469450
NC_010322.1,SAGE-GI-R,2505551,2528950
NC_010322.1,SAGE-GI-R,2657451,2677050
NC_010322.1,SAGE-GI-R,2739051,2767550
NC_010322.1,SAGE-GI-R,2862051,2870450
NC_010322.1,SAGE-GI-R,2916551,2929950
NC_010322.1,SAGE-GI-R,3086251,3112250
NC_010322.1,SAGE-GI-R,3191251,3211950
NC_010322.1,SAGE-GI-R,3307751,3399150
NC_010322.1,SAGE-GI-R,3430551,3443250
NC_010322.1,SAGE-GI-R,3459551,3474650
NC_010322.1,SAGE-GI-R,3544751,3555250
NC_010322.1,SAGE-GI-R,3565951,3582650
NC_010322.1,SAGE-GI-R,3605651,3632250
NC_010322.1,SAGE-GI-R,3740751,3787050
NC_010322.1,SAGE-GI-R,3807451,3891150
NC_010322.1,SAGE-GI-R,4097651,4128750
NC_010322.1,SAGE-GI-R,4175651,4314950
NC_010322.1,SAGE-GI-R,4327051,4343050
NC_010322.1,SAGE-GI-R,4353551,4397350
NC_010322.1,SAGE-GI-R,4415451,4434350
NC_010322.1,SAGE-GI-R,4529251,4570850
NC_010322.1,SAGE-GI-R,4627551,4685450
NC_010322.1,SAGE-GI-R,4693051,4718950
NC_010322.1,SAGE-GI-R,4745051,4771950
NC_010322.1,SAGE-GI-R,4885151,4916550
NC_010322.1,SAGE-GI-R,5062851,5073150
NC_010322.1,SAGE-GI-R,5097751,5110150
NC_010322.1,SAGE-GI-R,5192051,5227250
NC_010322.1,SAGE-GI-R,5261451,5325550
NC_010322.1,SAGE-GI-R,5349951,5394650
NC_010322.1,SAGE-GI-R,5458051,5468550
NC_010322.1,SAGE-GI-R,5636351,5644450
NC_010322.1,SAGE-GI-R,5685751,5708650
NC_010322.1,SAGE-GI-R,5835551,5850550
NC_010322.1,SAGE-GI-R,5996151,6009250
NC_010322.1,SAGE-GI-R,6030851,6073450
NC_010322.1,Emb-only-R,4951,75250
NC_010322.1,Emb-only-R,131551,151550
NC_010322.1,Emb-only-R,161251,239350
NC_010322.1,Emb-only-R,374551,423350
NC_010322.1,Emb-only-R,448351,463750
NC_010322.1,Emb-only-R,479351,507650
NC_010322.1,Emb-only-R,537351,634850
NC_010322.1,Emb-only-R,726651,744250
NC_010322.1,Emb-only-R,760951,795650
NC_010322.1,Emb-only-R,819751,828650
NC_010322.1,Emb-only-R,864851,886350
NC_010322.1,Emb-only-R,953351,987250
NC_010322.1,Emb-only-R,1009351,1027650
NC_010322.1,Emb-only-R,1225851,1237050
NC_010322.1,Emb-only-R,1306651,1323250
NC_010322.1,Emb-only-R,1328651,1385750
NC_010322.1,Emb-only-R,1461651,1474650
NC_010322.1,Emb-only-R,1513451,1567650
NC_010322.1,Emb-only-R,1622451,1721550
NC_010322.1,Emb-only-R,1791951,1802250
NC_010322.1,Emb-only-R,1820751,1863650
NC_010322.1,Emb-only-R,1895051,1906550
NC_010322.1,Emb-only-R,1935851,1998850
NC_010322.1,Emb-only-R,2063851,2106050
NC_010322.1,Emb-only-R,2135851,2151750
NC_010322.1,Emb-only-R,2279551,2291350
NC_010322.1,Emb-only-R,2372951,2393150
NC_010322.1,Emb-only-R,2403151,2416250
NC_010322.1,Emb-only-R,2447551,2470550
NC_010322.1,Emb-only-R,2505051,2535550
NC_010322.1,Emb-only-R,2663551,2681250
NC_010322.1,Emb-only-R,2755851,2764050
NC_010322.1,Emb-only-R,2862551,2872550
NC_010322.1,Emb-only-R,2917851,2930350
NC_010322.1,Emb-only-R,3087151,3115150
NC_010322.1,Emb-only-R,3173751,3213550
NC_010322.1,Emb-only-R,3307751,3405350
NC_010322.1,Emb-only-R,3431251,3442750
NC_010322.1,Emb-only-R,3458751,3470750
NC_010322.1,Emb-only-R,3476351,3485050
NC_010322.1,Emb-only-R,3543651,3555450
NC_010322.1,Emb-only-R,3568251,3579250
NC_010322.1,Emb-only-R,3605251,3633250
NC_010322.1,Emb-only-R,3766351,3786150
NC_010322.1,Emb-only-R,3807151,3893850
NC_010322.1,Emb-only-R,4101251,4123350
NC_010322.1,Emb-only-R,4176051,4274850
NC_010322.1,Emb-only-R,4284051,4292150
NC_010322.1,Emb-only-R,4327051,4355050
NC_010322.1,Emb-only-R,4377451,4398350
NC_010322.1,Emb-only-R,4413051,4435450
NC_010322.1,Emb-only-R,4525451,4556050
NC_010322.1,Emb-only-R,4575651,4587050
NC_010322.1,Emb-only-R,4627451,4717750
NC_010322.1,Emb-only-R,4735651,4771850
NC_010322.1,Emb-only-R,4848451,4858450
NC_010322.1,Emb-only-R,4890051,4916550
NC_010322.1,Emb-only-R,5062051,5076250
NC_010322.1,Emb-only-R,5093951,5109850
NC_010322.1,Emb-only-R,5168651,5181850
NC_010322.1,Emb-only-R,5192551,5248950
NC_010322.1,Emb-only-R,5261751,5326250
NC_010322.1,Emb-only-R,5349751,5395150
NC_010322.1,Emb-only-R,5405551,5416850
NC_010322.1,Emb-only-R,5456551,5468150
NC_010322.1,Emb-only-R,5685851,5706750
NC_010322.1,Emb-only-R,5835151,5851550
NC_010322.1,Emb-only-R,5997951,6009250
NC_010322.1,Emb-only-R,6030751,6073450
NC_010334.1,SAGE-GI-P,545001,560000
NC_010334.1,SAGE-GI-P,615001,638000
NC_010334.1,SAGE-GI-P,1569001,1628000
NC_010334.1,SAGE-GI-P,1708001,1810000
NC_010334.1,SAGE-GI-P,2628001,2664000
NC_010334.1,SAGE-GI-P,4760001,4772000
NC_010334.1,SAGE-GI-P,4929001,4954000
NC_010334.1,SAGE-GI-P,4988001,5053000
NC_010334.1,SAGE-GI-P,5151001,5181000
NC_010334.1,SAGE-GI-P,5206001,5216000
NC_010334.1,Emb-only-P,615001,638000
NC_010334.1,Emb-only-P,1569001,1628000
NC_010334.1,Emb-only-P,1772001,1810000
NC_010334.1,Emb-only-P,2628001,2664000
NC_010334.1,Emb-only-P,2757001,2786000
NC_010334.1,Emb-only-P,3823001,3847000
NC_010334.1,Emb-only-P,4760001,4772000
NC_010334.1,Emb-only-P,4929001,4954000
NC_010334.1,Emb-only-P,4988001,5053000
NC_010334.1,Emb-only-P,5206001,5216000
NC_010334.1,SAGE-GI-R,33151,51850
NC_010334.1,SAGE-GI-R,83951,101150
NC_010334.1,SAGE-GI-R,110651,134050
NC_010334.1,SAGE-GI-R,150951,172150
NC_010334.1,SAGE-GI-R,197351,220050
NC_010334.1,SAGE-GI-R,254051,279250
NC_010334.1,SAGE-GI-R,345351,364050
NC_010334.1,SAGE-GI-R,386451,397050
NC_010334.1,SAGE-GI-R,428751,451750
NC_010334.1,SAGE-GI-R,486251,506950
NC_010334.1,SAGE-GI-R,524451,570350
NC_010334.1,SAGE-GI-R,592051,641550
NC_010334.1,SAGE-GI-R,673551,693150
NC_010334.1,SAGE-GI-R,700651,736850
NC_010334.1,SAGE-GI-R,765051,801950
NC_010334.1,SAGE-GI-R,830751,853150
NC_010334.1,SAGE-GI-R,1116051,1127050
NC_010334.1,SAGE-GI-R,1256951,1268250
NC_010334.1,SAGE-GI-R,1375751,1399850
NC_010334.1,SAGE-GI-R,1564351,1627250
NC_010334.1,SAGE-GI-R,1656151,1664750
NC_010334.1,SAGE-GI-R,1703951,1816650
NC_010334.1,SAGE-GI-R,1850751,1863950
NC_010334.1,SAGE-GI-R,1959151,1985050
NC_010334.1,SAGE-GI-R,2088251,2156750
NC_010334.1,SAGE-GI-R,2221151,2240150
NC_010334.1,SAGE-GI-R,2358551,2371150
NC_010334.1,SAGE-GI-R,2384651,2395350
NC_010334.1,SAGE-GI-R,2416551,2445950
NC_010334.1,SAGE-GI-R,2488651,2499350
NC_010334.1,SAGE-GI-R,2517351,2569550
NC_010334.1,SAGE-GI-R,2583051,2591750
NC_010334.1,SAGE-GI-R,2613651,2673250
NC_010334.1,SAGE-GI-R,2686351,2696350
NC_010334.1,SAGE-GI-R,2737351,2785150
NC_010334.1,SAGE-GI-R,2815051,2840950
NC_010334.1,SAGE-GI-R,2940451,2955450
NC_010334.1,SAGE-GI-R,2999651,3021450
NC_010334.1,SAGE-GI-R,3044151,3056650
NC_010334.1,SAGE-GI-R,3069351,3087350
NC_010334.1,SAGE-GI-R,3110351,3150550
NC_010334.1,SAGE-GI-R,3221251,3249950
NC_010334.1,SAGE-GI-R,3271451,3300550
NC_010334.1,SAGE-GI-R,3321151,3339050
NC_010334.1,SAGE-GI-R,3372851,3409550
NC_010334.1,SAGE-GI-R,3467651,3501150
NC_010334.1,SAGE-GI-R,3652351,3670550
NC_010334.1,SAGE-GI-R,3823051,3870150
NC_010334.1,SAGE-GI-R,3883951,3900550
NC_010334.1,SAGE-GI-R,3946151,3962050
NC_010334.1,SAGE-GI-R,4059851,4112950
NC_010334.1,SAGE-GI-R,4185251,4203150
NC_010334.1,SAGE-GI-R,4410051,4433650
NC_010334.1,SAGE-GI-R,4574251,4585250
NC_010334.1,SAGE-GI-R,4638351,4653050
NC_010334.1,SAGE-GI-R,4704351,4722950
NC_010334.1,SAGE-GI-R,4756051,4784750
NC_010334.1,SAGE-GI-R,4798551,4806950
NC_010334.1,SAGE-GI-R,4855551,4879650
NC_010334.1,SAGE-GI-R,4925451,4956850
NC_010334.1,SAGE-GI-R,4985451,5065550
NC_010334.1,SAGE-GI-R,5128051,5221950
NC_010334.1,Emb-only-R,33351,52150
NC_010334.1,Emb-only-R,111251,134250
NC_010334.1,Emb-only-R,150951,173550
NC_010334.1,Emb-only-R,201751,220050
NC_010334.1,Emb-only-R,242451,279750
NC_010334.1,Emb-only-R,379951,394950
NC_010334.1,Emb-only-R,431351,446750
NC_010334.1,Emb-only-R,482051,499950
NC_010334.1,Emb-only-R,526751,565950
NC_010334.1,Emb-only-R,591751,642850
NC_010334.1,Emb-only-R,677951,693750
NC_010334.1,Emb-only-R,698951,725450
NC_010334.1,Emb-only-R,759551,800850
NC_010334.1,Emb-only-R,831951,853450
NC_010334.1,Emb-only-R,1030751,1045050
NC_010334.1,Emb-only-R,1249851,1264850
NC_010334.1,Emb-only-R,1297851,1309450
NC_010334.1,Emb-only-R,1377951,1410250
NC_010334.1,Emb-only-R,1564951,1625050
NC_010334.1,Emb-only-R,1656151,1667950
NC_010334.1,Emb-only-R,1699751,1816550
NC_010334.1,Emb-only-R,1851051,1868150
NC_010334.1,Emb-only-R,2089051,2170850
NC_010334.1,Emb-only-R,2243551,2269750
NC_010334.1,Emb-only-R,2363951,2398150
NC_010334.1,Emb-only-R,2418451,2500750
NC_010334.1,Emb-only-R,2515551,2597850
NC_010334.1,Emb-only-R,2611651,2673550
NC_010334.1,Emb-only-R,2685251,2695650
NC_010334.1,Emb-only-R,2748351,2789850
NC_010334.1,Emb-only-R,2808051,2854150
NC_010334.1,Emb-only-R,2865151,2880250
NC_010334.1,Emb-only-R,2940051,2959250
NC_010334.1,Emb-only-R,2985451,2998150
NC_010334.1,Emb-only-R,3006651,3020250
NC_010334.1,Emb-only-R,3044151,3087050
NC_010334.1,Emb-only-R,3131551,3151050
NC_010334.1,Emb-only-R,3225151,3258150
NC_010334.1,Emb-only-R,3264551,3310050
NC_010334.1,Emb-only-R,3320851,3339950
NC_010334.1,Emb-only-R,3372251,3424550
NC_010334.1,Emb-only-R,3466451,3490450
NC_010334.1,Emb-only-R,3652751,3665550
NC_010334.1,Emb-only-R,3823251,3870850
NC_010334.1,Emb-only-R,3945451,3970750
NC_010334.1,Emb-only-R,4089851,4112950
NC_010334.1,Emb-only-R,4187551,4203150
NC_010334.1,Emb-only-R,4575951,4585950
NC_010334.1,Emb-only-R,4705751,4725050
NC_010334.1,Emb-only-R,4756251,4786850
NC_010334.1,Emb-only-R,4855451,4877250
NC_010334.1,Emb-only-R,4888651,4901750
NC_010334.1,Emb-only-R,4924551,4957450
NC_010334.1,Emb-only-R,4985351,5057250
NC_010334.1,Emb-only-R,5150851,5221950
NC_010380.1,SAGE-GI-P,16001,101000
NC_010380.1,SAGE-GI-P,193001,223000
NC_010380.1,SAGE-GI-P,1337001,1373000
NC_010380.1,SAGE-GI-P,1746001,1759000
NC_010380.1,Emb-only-P,14001,101000
NC_010380.1,Emb-only-P,1337001,1373000
NC_010380.1,Emb-only-P,1746001,1759000
NC_010380.1,SAGE-GI-R,4951,139550
NC_010380.1,SAGE-GI-R,151351,160850
NC_010380.1,SAGE-GI-R,191051,225050
NC_010380.1,SAGE-GI-R,242951,269950
NC_010380.1,SAGE-GI-R,281551,321450
NC_010380.1,SAGE-GI-R,327151,342650
NC_010380.1,SAGE-GI-R,452251,462250
NC_010380.1,SAGE-GI-R,517351,539850
NC_010380.1,SAGE-GI-R,563051,584250
NC_010380.1,SAGE-GI-R,610951,624850
NC_010380.1,SAGE-GI-R,675151,692050
NC_010380.1,SAGE-GI-R,700551,717750
NC_010380.1,SAGE-GI-R,763351,780550
NC_010380.1,SAGE-GI-R,1010651,1024150
NC_010380.1,SAGE-GI-R,1037251,1055950
NC_010380.1,SAGE-GI-R,1127851,1192150
NC_010380.1,SAGE-GI-R,1293551,1328350
NC_010380.1,SAGE-GI-R,1336151,1371250
NC_010380.1,SAGE-GI-R,1434451,1447850
NC_010380.1,SAGE-GI-R,1728251,1763550
NC_010380.1,SAGE-GI-R,1776251,1822450
NC_010380.1,SAGE-GI-R,1862851,1889750
NC_010380.1,SAGE-GI-R,1904151,1943150
NC_010380.1,SAGE-GI-R,1977551,1995250
NC_010380.1,SAGE-GI-R,2043651,2066150
NC_010380.1,SAGE-GI-R,2127351,2142950
NC_010380.1,SAGE-GI-R,2156751,2169550
NC_010380.1,SAGE-GI-R,2192251,2203250
NC_010380.1,SAGE-GI-R,2218551,2240650
NC_010380.1,Emb-only-R,4951,110250
NC_010380.1,Emb-only-R,148051,164250
NC_010380.1,Emb-only-R,187951,222650
NC_010380.1,Emb-only-R,254951,270550
NC_010380.1,Emb-only-R,281051,326350
NC_010380.1,Emb-only-R,347051,367850
NC_010380.1,Emb-only-R,448551,462250
NC_010380.1,Emb-only-R,513051,541650
NC_010380.1,Emb-only-R,563651,578150
NC_010380.1,Emb-only-R,608651,624350
NC_010380.1,Emb-only-R,672251,693250
NC_010380.1,Emb-only-R,698751,717450
NC_010380.1,Emb-only-R,766151,778650
NC_010380.1,Emb-only-R,920751,937150
NC_010380.1,Emb-only-R,1011751,1023750
NC_010380.1,Emb-only-R,1039551,1055450
NC_010380.1,Emb-only-R,1133451,1209650
NC_010380.1,Emb-only-R,1298251,1326050
NC_010380.1,Emb-only-R,1338351,1370850
NC_010380.1,Emb-only-R,1728751,1763450
NC_010380.1,Emb-only-R,1776551,1817950
NC_010380.1,Emb-only-R,1859451,1889550
NC_010380.1,Emb-only-R,1904351,1945850
NC_010380.1,Emb-only-R,1977951,2008050
NC_010380.1,Emb-only-R,2043751,2073450
NC_010380.1,Emb-only-R,2127351,2143050
NC_010380.1,Emb-only-R,2156451,2170150
NC_010380.1,Emb-only-R,2191251,2203050
NC_010380.1,Emb-only-R,2221651,2240650
NC_010400.1,SAGE-GI-P,919001,948000
NC_010400.1,SAGE-GI-P,1646001,1685000
NC_010400.1,SAGE-GI-P,2132001,2146000
NC_010400.1,SAGE-GI-P,2271001,2319000
NC_010400.1,SAGE-GI-P,2532001,2576000
NC_010400.1,SAGE-GI-P,3264001,3302000
NC_010400.1,Emb-only-P,397001,420000
NC_010400.1,Emb-only-P,700001,735000
NC_010400.1,Emb-only-P,919001,948000
NC_010400.1,Emb-only-P,1646001,1685000
NC_010400.1,Emb-only-P,2127001,2146000
NC_010400.1,Emb-only-P,2271001,2297000
NC_010400.1,Emb-only-P,2532001,2576000
NC_010400.1,Emb-only-P,2587001,2615000
NC_010400.1,Emb-only-P,3068001,3084000
NC_010400.1,Emb-only-P,3264001,3302000
NC_010400.1,SAGE-GI-R,15851,37450
NC_010400.1,SAGE-GI-R,59151,102950
NC_010400.1,SAGE-GI-R,121051,131850
NC_010400.1,SAGE-GI-R,151451,187850
NC_010400.1,SAGE-GI-R,282151,296350
NC_010400.1,SAGE-GI-R,363451,373050
NC_010400.1,SAGE-GI-R,391451,424750
NC_010400.1,SAGE-GI-R,446851,460450
NC_010400.1,SAGE-GI-R,561051,588250
NC_010400.1,SAGE-GI-R,701551,744050
NC_010400.1,SAGE-GI-R,750251,765650
NC_010400.1,SAGE-GI-R,795551,810050
NC_010400.1,SAGE-GI-R,892751,900750
NC_010400.1,SAGE-GI-R,920651,966350
NC_010400.1,SAGE-GI-R,1195351,1212750
NC_010400.1,SAGE-GI-R,1282951,1306150
NC_010400.1,SAGE-GI-R,1469251,1482750
NC_010400.1,SAGE-GI-R,1586651,1597250
NC_010400.1,SAGE-GI-R,1611751,1706150
NC_010400.1,SAGE-GI-R,1761451,1770850
NC_010400.1,SAGE-GI-R,1838351,1860250
NC_010400.1,SAGE-GI-R,1926451,1942550
NC_010400.1,SAGE-GI-R,2059951,2174050
NC_010400.1,SAGE-GI-R,2252951,2312250
NC_010400.1,SAGE-GI-R,2321051,2341450
NC_010400.1,SAGE-GI-R,2358951,2399150
NC_010400.1,SAGE-GI-R,2428351,2512750
NC_010400.1,SAGE-GI-R,2531051,2568350
NC_010400.1,SAGE-GI-R,2585951,2654050
NC_010400.1,SAGE-GI-R,2731751,2742250
NC_010400.1,SAGE-GI-R,2747751,2756350
NC_010400.1,SAGE-GI-R,2909151,2946550
NC_010400.1,SAGE-GI-R,2987251,3009550
NC_010400.1,SAGE-GI-R,3056851,3087350
NC_010400.1,SAGE-GI-R,3142551,3157250
NC_010400.1,SAGE-GI-R,3198351,3209650
NC_010400.1,SAGE-GI-R,3263551,3322150
NC_010400.1,Emb-only-R,17551,37250
NC_010400.1,Emb-only-R,55851,93250
NC_010400.1,Emb-only-R,150751,188250
NC_010400.1,Emb-only-R,280751,299250
NC_010400.1,Emb-only-R,389851,422550
NC_010400.1,Emb-only-R,446951,461250
NC_010400.1,Emb-only-R,564051,577150
NC_010400.1,Emb-only-R,702251,742050
NC_010400.1,Emb-only-R,797751,808350
NC_010400.1,Emb-only-R,833851,846250
NC_010400.1,Emb-only-R,920951,966050
NC_010400.1,Emb-only-R,999751,1014050
NC_010400.1,Emb-only-R,1087951,1097750
NC_010400.1,Emb-only-R,1197151,1212050
NC_010400.1,Emb-only-R,1282951,1306350
NC_010400.1,Emb-only-R,1368951,1377650
NC_010400.1,Emb-only-R,1463451,1483050
NC_010400.1,Emb-only-R,1584751,1596750
NC_010400.1,Emb-only-R,1609851,1708750
NC_010400.1,Emb-only-R,1761851,1772450
NC_010400.1,Emb-only-R,1834951,1860050
NC_010400.1,Emb-only-R,1894851,1905250
NC_010400.1,Emb-only-R,2062151,2171850
NC_010400.1,Emb-only-R,2265351,2311950
NC_010400.1,Emb-only-R,2322051,2339650
NC_010400.1,Emb-only-R,2357951,2397550
NC_010400.1,Emb-only-R,2454851,2467550
NC_010400.1,Emb-only-R,2480151,2511950
NC_010400.1,Emb-only-R,2531751,2567650
NC_010400.1,Emb-only-R,2585951,2627950
NC_010400.1,Emb-only-R,2639051,2653450
NC_010400.1,Emb-only-R,2907251,2946150
NC_010400.1,Emb-only-R,2988051,3012150
NC_010400.1,Emb-only-R,3057151,3087450
NC_010400.1,Emb-only-R,3145851,3157350
NC_010400.1,Emb-only-R,3198651,3209150
NC_010400.1,Emb-only-R,3263451,3327050
NC_010410.1,SAGE-GI-P,434001,467000
NC_010410.1,SAGE-GI-P,547001,579000
NC_010410.1,SAGE-GI-P,814001,836000
NC_010410.1,SAGE-GI-P,1299001,1342000
NC_010410.1,SAGE-GI-P,2724001,2761000
NC_010410.1,SAGE-GI-P,2906001,2930000
NC_010410.1,SAGE-GI-P,3078001,3116000
NC_010410.1,SAGE-GI-P,3614001,3684000
NC_010410.1,Emb-only-P,814001,836000
NC_010410.1,Emb-only-P,1298001,1342000
NC_010410.1,Emb-only-P,2724001,2761000
NC_010410.1,Emb-only-P,2906001,2930000
NC_010410.1,Emb-only-P,3078001,3116000
NC_010410.1,Emb-only-P,3614001,3684000
NC_010410.1,SAGE-GI-R,10651,28750
NC_010410.1,SAGE-GI-R,88751,102450
NC_010410.1,SAGE-GI-R,128751,142050
NC_010410.1,SAGE-GI-R,160851,179350
NC_010410.1,SAGE-GI-R,239151,250250
NC_010410.1,SAGE-GI-R,320951,343050
NC_010410.1,SAGE-GI-R,429051,469150
NC_010410.1,SAGE-GI-R,483551,497550
NC_010410.1,SAGE-GI-R,515651,529550
NC_010410.1,SAGE-GI-R,547251,582750
NC_010410.1,SAGE-GI-R,786751,843450
NC_010410.1,SAGE-GI-R,861751,884250
NC_010410.1,SAGE-GI-R,1058551,1072950
NC_010410.1,SAGE-GI-R,1121551,1151550
NC_010410.1,SAGE-GI-R,1308251,1340250
NC_010410.1,SAGE-GI-R,1382751,1393450
NC_010410.1,SAGE-GI-R,1438351,1454050
NC_010410.1,SAGE-GI-R,1533951,1570050
NC_010410.1,SAGE-GI-R,1645051,1663250
NC_010410.1,SAGE-GI-R,1811451,1829750
NC_010410.1,SAGE-GI-R,1853451,1931850
NC_010410.1,SAGE-GI-R,2046751,2061450
NC_010410.1,SAGE-GI-R,2092151,2159250
NC_010410.1,SAGE-GI-R,2184051,2202650
NC_010410.1,SAGE-GI-R,2306351,2327050
NC_010410.1,SAGE-GI-R,2393651,2416550
NC_010410.1,SAGE-GI-R,2441451,2466150
NC_010410.1,SAGE-GI-R,2478951,2520250
NC_010410.1,SAGE-GI-R,2548451,2579350
NC_010410.1,SAGE-GI-R,2686251,2701750
NC_010410.1,SAGE-GI-R,2720651,2781350
NC_010410.1,SAGE-GI-R,2901551,2951850
NC_010410.1,SAGE-GI-R,3037851,3116750
NC_010410.1,SAGE-GI-R,3135051,3182350
NC_010410.1,SAGE-GI-R,3233451,3273050
NC_010410.1,SAGE-GI-R,3471851,3499250
NC_010410.1,SAGE-GI-R,3535251,3560250
NC_010410.1,SAGE-GI-R,3607551,3700550
NC_010410.1,SAGE-GI-R,3723551,3748450
NC_010410.1,SAGE-GI-R,3772751,3795150
NC_010410.1,SAGE-GI-R,3818651,3833150
NC_010410.1,SAGE-GI-R,3842651,3861050
NC_010410.1,SAGE-GI-R,3889751,3911250
NC_010410.1,Emb-only-R,14351,29050
NC_010410.1,Emb-only-R,85651,104250
NC_010410.1,Emb-only-R,129351,143950
NC_010410.1,Emb-only-R,160851,195650
NC_010410.1,Emb-only-R,239851,250150
NC_010410.1,Emb-only-R,321151,355550
NC_010410.1,Emb-only-R,426851,469050
NC_010410.1,Emb-only-R,483651,497050
NC_010410.1,Emb-only-R,509151,530550
NC_010410.1,Emb-only-R,545351,583850
NC_010410.1,Emb-only-R,788951,841250
NC_010410.1,Emb-only-R,862651,885450
NC_010410.1,Emb-only-R,1058151,1072250
NC_010410.1,Emb-only-R,1127651,1173150
NC_010410.1,Emb-only-R,1214451,1230950
NC_010410.1,Emb-only-R,1307251,1340850
NC_010410.1,Emb-only-R,1382751,1412850
NC_010410.1,Emb-only-R,1432751,1454550
NC_010410.1,Emb-only-R,1533851,1568250
NC_010410.1,Emb-only-R,1649051,1661850
NC_010410.1,Emb-only-R,1810851,1830550
NC_010410.1,Emb-only-R,1845151,1929550
NC_010410.1,Emb-only-R,2046051,2060850
NC_010410.1,Emb-only-R,2085151,2143350
NC_010410.1,Emb-only-R,2185151,2202450
NC_010410.1,Emb-only-R,2313651,2325050
NC_010410.1,Emb-only-R,2393851,2412450
NC_010410.1,Emb-only-R,2444351,2466650
NC_010410.1,Emb-only-R,2486751,2518350
NC_010410.1,Emb-only-R,2547951,2580750
NC_010410.1,Emb-only-R,2686051,2701750
NC_010410.1,Emb-only-R,2726651,2780450
NC_010410.1,Emb-only-R,2855351,2876350
NC_010410.1,Emb-only-R,2901851,2935350
NC_010410.1,Emb-only-R,2969051,2979550
NC_010410.1,Emb-only-R,3042251,3065050
NC_010410.1,Emb-only-R,3075551,3117650
NC_010410.1,Emb-only-R,3153751,3181650
NC_010410.1,Emb-only-R,3238551,3271050
NC_010410.1,Emb-only-R,3460951,3471250
NC_010410.1,Emb-only-R,3485451,3497750
NC_010410.1,Emb-only-R,3533851,3563050
NC_010410.1,Emb-only-R,3607151,3698450
NC_010410.1,Emb-only-R,3723451,3751350
NC_010410.1,Emb-only-R,3774951,3796050
NC_010410.1,Emb-only-R,3817851,3832050
NC_010410.1,Emb-only-R,3843851,3860350
NC_010410.1,Emb-only-R,3890651,3910450
NC_010465.1,SAGE-GI-P,314001,383000
NC_010465.1,SAGE-GI-P,631001,672000
NC_010465.1,SAGE-GI-P,1017001,1070000
NC_010465.1,SAGE-GI-P,1332001,1373000
NC_010465.1,SAGE-GI-P,2841001,2874000
NC_010465.1,SAGE-GI-P,3419151,3433950
NC_010465.1,Emb-only-P,314001,383000
NC_010465.1,Emb-only-P,437001,454000
NC_010465.1,Emb-only-P,631001,672000
NC_010465.1,Emb-only-P,855001,881000
NC_010465.1,Emb-only-P,1017001,1070000
NC_010465.1,Emb-only-P,1332001,1373000
NC_010465.1,Emb-only-P,1794001,1826000
NC_010465.1,Emb-only-P,2841001,2874000
NC_010465.1,Emb-only-P,3408001,3445000
NC_010465.1,SAGE-GI-R,60151,82950
NC_010465.1,SAGE-GI-R,169251,189150
NC_010465.1,SAGE-GI-R,234551,248550
NC_010465.1,SAGE-GI-R,309351,393950
NC_010465.1,SAGE-GI-R,418251,456450
NC_010465.1,SAGE-GI-R,479151,490150
NC_010465.1,SAGE-GI-R,521451,534550
NC_010465.1,SAGE-GI-R,627851,700350
NC_010465.1,SAGE-GI-R,737351,757350
NC_010465.1,SAGE-GI-R,780351,888250
NC_010465.1,SAGE-GI-R,895351,922650
NC_010465.1,SAGE-GI-R,939051,950750
NC_010465.1,SAGE-GI-R,1014551,1071050
NC_010465.1,SAGE-GI-R,1101851,1144950
NC_010465.1,SAGE-GI-R,1164851,1177850
NC_010465.1,SAGE-GI-R,1210251,1219350
NC_010465.1,SAGE-GI-R,1232751,1264350
NC_010465.1,SAGE-GI-R,1329851,1374350
NC_010465.1,SAGE-GI-R,1399851,1459150
NC_010465.1,SAGE-GI-R,1625051,1649450
NC_010465.1,SAGE-GI-R,1719251,1741650
NC_010465.1,SAGE-GI-R,1776451,1828050
NC_010465.1,SAGE-GI-R,1863551,1874450
NC_010465.1,SAGE-GI-R,2139551,2150750
NC_010465.1,SAGE-GI-R,2297151,2315950
NC_010465.1,SAGE-GI-R,2385751,2396350
NC_010465.1,SAGE-GI-R,2431451,2464650
NC_010465.1,SAGE-GI-R,2532051,2591350
NC_010465.1,SAGE-GI-R,2633551,2660550
NC_010465.1,SAGE-GI-R,2748851,2767250
NC_010465.1,SAGE-GI-R,2824551,2877150
NC_010465.1,SAGE-GI-R,2925951,2950750
NC_010465.1,SAGE-GI-R,3047251,3067150
NC_010465.1,SAGE-GI-R,3165751,3198550
NC_010465.1,SAGE-GI-R,3251551,3272750
NC_010465.1,SAGE-GI-R,3336451,3450150
NC_010465.1,SAGE-GI-R,3469951,3491850
NC_010465.1,SAGE-GI-R,3532451,3551450
NC_010465.1,SAGE-GI-R,3581751,3613450
NC_010465.1,SAGE-GI-R,3622451,3651350
NC_010465.1,SAGE-GI-R,3663951,3686850
NC_010465.1,SAGE-GI-R,3797651,3811550
NC_010465.1,SAGE-GI-R,3830351,3847950
NC_010465.1,SAGE-GI-R,3859651,3871050
NC_010465.1,SAGE-GI-R,3904151,3928150
NC_010465.1,SAGE-GI-R,4032551,4063450
NC_010465.1,SAGE-GI-R,4112151,4129150
NC_010465.1,SAGE-GI-R,4201551,4234250
NC_010465.1,SAGE-GI-R,4295051,4362050
NC_010465.1,SAGE-GI-R,4429251,4450150
NC_010465.1,SAGE-GI-R,4485351,4511450
NC_010465.1,SAGE-GI-R,4591851,4602750
NC_010465.1,SAGE-GI-R,4634451,4671650
NC_010465.1,Emb-only-R,67451,80250
NC_010465.1,Emb-only-R,170051,191250
NC_010465.1,Emb-only-R,235251,248950
NC_010465.1,Emb-only-R,309551,395350
NC_010465.1,Emb-only-R,417051,455350
NC_010465.1,Emb-only-R,478651,492550
NC_010465.1,Emb-only-R,627951,700150
NC_010465.1,Emb-only-R,737451,757150
NC_010465.1,Emb-only-R,782051,794050
NC_010465.1,Emb-only-R,804551,923550
NC_010465.1,Emb-only-R,937051,952150
NC_010465.1,Emb-only-R,1015551,1069150
NC_010465.1,Emb-only-R,1099551,1143950
NC_010465.1,Emb-only-R,1164551,1177250
NC_010465.1,Emb-only-R,1209351,1220650
NC_010465.1,Emb-only-R,1232851,1255850
NC_010465.1,Emb-only-R,1329651,1374550
NC_010465.1,Emb-only-R,1400151,1448750
NC_010465.1,Emb-only-R,1619251,1645250
NC_010465.1,Emb-only-R,1717651,1745650
NC_010465.1,Emb-only-R,1782351,1828050
NC_010465.1,Emb-only-R,2190451,2201250
NC_010465.1,Emb-only-R,2298651,2317950
NC_010465.1,Emb-only-R,2430251,2464350
NC_010465.1,Emb-only-R,2502951,2516950
NC_010465.1,Emb-only-R,2551151,2593150
NC_010465.1,Emb-only-R,2633951,2659450
NC_010465.1,Emb-only-R,2824551,2875350
NC_010465.1,Emb-only-R,2933051,2953150
NC_010465.1,Emb-only-R,3046951,3065350
NC_010465.1,Emb-only-R,3252451,3276150
NC_010465.1,Emb-only-R,3331951,3453550
NC_010465.1,Emb-only-R,3469751,3492250
NC_010465.1,Emb-only-R,3532351,3550350
NC_010465.1,Emb-only-R,3597351,3614650
NC_010465.1,Emb-only-R,3624951,3643550
NC_010465.1,Emb-only-R,3664251,3684050
NC_010465.1,Emb-only-R,3806951,3817550
NC_010465.1,Emb-only-R,3823651,3845150
NC_010465.1,Emb-only-R,3858251,3869950
NC_010465.1,Emb-only-R,3903551,3928750
NC_010465.1,Emb-only-R,4031051,4063550
NC_010465.1,Emb-only-R,4111851,4129850
NC_010465.1,Emb-only-R,4202151,4213350
NC_010465.1,Emb-only-R,4248751,4273050
NC_010465.1,Emb-only-R,4324851,4371650
NC_010465.1,Emb-only-R,4429051,4451150
NC_010465.1,Emb-only-R,4460951,4514150
NC_010465.1,Emb-only-R,4585751,4602750
NC_010465.1,Emb-only-R,4634951,4671850
NC_010473.1,SAGE-GI-P,235001,308000
NC_010473.1,SAGE-GI-P,504001,527000
NC_010473.1,SAGE-GI-P,1501001,1526000
NC_010473.1,SAGE-GI-P,1669001,1686000
NC_010473.1,SAGE-GI-P,2148001,2167000
NC_010473.1,SAGE-GI-P,2549001,2583000
NC_010473.1,SAGE-GI-P,2821001,2890000
NC_010473.1,SAGE-GI-P,4264001,4304000
NC_010473.1,SAGE-GI-P,4608001,4636000
NC_010473.1,Emb-only-P,235001,308000
NC_010473.1,Emb-only-P,504001,527000
NC_010473.1,Emb-only-P,1348001,1373000
NC_010473.1,Emb-only-P,1501001,1527000
NC_010473.1,Emb-only-P,1669001,1686000
NC_010473.1,Emb-only-P,1719001,1740000
NC_010473.1,Emb-only-P,2549001,2583000
NC_010473.1,Emb-only-P,2821001,2890000
NC_010473.1,Emb-only-P,3525001,3575000
NC_010473.1,Emb-only-P,4264001,4304000
NC_010473.1,Emb-only-P,4595001,4636000
NC_010473.1,SAGE-GI-R,64651,78250
NC_010473.1,SAGE-GI-R,94951,107550
NC_010473.1,SAGE-GI-R,131451,140550
NC_010473.1,SAGE-GI-R,190651,220050
NC_010473.1,SAGE-GI-R,234551,311950
NC_010473.1,SAGE-GI-R,327451,341250
NC_010473.1,SAGE-GI-R,382951,403150
NC_010473.1,SAGE-GI-R,456651,488450
NC_010473.1,SAGE-GI-R,496051,531050
NC_010473.1,SAGE-GI-R,621851,648050
NC_010473.1,SAGE-GI-R,775951,795250
NC_010473.1,SAGE-GI-R,816151,840450
NC_010473.1,SAGE-GI-R,980951,1030650
NC_010473.1,SAGE-GI-R,1139751,1166150
NC_010473.1,SAGE-GI-R,1186351,1197850
NC_010473.1,SAGE-GI-R,1246751,1267650
NC_010473.1,SAGE-GI-R,1323451,1375850
NC_010473.1,SAGE-GI-R,1386651,1401650
NC_010473.1,SAGE-GI-R,1476451,1526950
NC_010473.1,SAGE-GI-R,1544251,1570750
NC_010473.1,SAGE-GI-R,1609351,1632150
NC_010473.1,SAGE-GI-R,1657651,1689650
NC_010473.1,SAGE-GI-R,1714051,1743550
NC_010473.1,SAGE-GI-R,1885051,1899550
NC_010473.1,SAGE-GI-R,1946251,1958750
NC_010473.1,SAGE-GI-R,2058951,2069950
NC_010473.1,SAGE-GI-R,2109351,2170750
NC_010473.1,SAGE-GI-R,2185951,2212150
NC_010473.1,SAGE-GI-R,2241151,2256950
NC_010473.1,SAGE-GI-R,2266851,2290350
NC_010473.1,SAGE-GI-R,2372751,2391050
NC_010473.1,SAGE-GI-R,2471851,2493750
NC_010473.1,SAGE-GI-R,2552751,2585750
NC_010473.1,SAGE-GI-R,2597951,2623250
NC_010473.1,SAGE-GI-R,2645751,2663250
NC_010473.1,SAGE-GI-R,2811051,2825050
NC_010473.1,SAGE-GI-R,2838551,2890150
NC_010473.1,SAGE-GI-R,2962351,2980350
NC_010473.1,SAGE-GI-R,3074351,3096550
NC_010473.1,SAGE-GI-R,3166351,3177850
NC_010473.1,SAGE-GI-R,3280751,3296550
NC_010473.1,SAGE-GI-R,3401851,3417350
NC_010473.1,SAGE-GI-R,3514851,3575050
NC_010473.1,SAGE-GI-R,3673551,3686150
NC_010473.1,SAGE-GI-R,3695751,3733750
NC_010473.1,SAGE-GI-R,3743951,3763650
NC_010473.1,SAGE-GI-R,3854551,3869250
NC_010473.1,SAGE-GI-R,3887851,3912350
NC_010473.1,SAGE-GI-R,3940451,3950250
NC_010473.1,SAGE-GI-R,3996951,4022450
NC_010473.1,SAGE-GI-R,4032551,4048950
NC_010473.1,SAGE-GI-R,4068551,4084150
NC_010473.1,SAGE-GI-R,4128551,4162850
NC_010473.1,SAGE-GI-R,4193551,4202050
NC_010473.1,SAGE-GI-R,4259851,4290450
NC_010473.1,SAGE-GI-R,4300851,4315750
NC_010473.1,SAGE-GI-R,4350051,4391050
NC_010473.1,SAGE-GI-R,4408951,4427850
NC_010473.1,SAGE-GI-R,4447951,4469850
NC_010473.1,SAGE-GI-R,4489151,4514550
NC_010473.1,SAGE-GI-R,4542951,4551550
NC_010473.1,SAGE-GI-R,4571651,4645550
NC_010473.1,Emb-only-R,94551,106050
NC_010473.1,Emb-only-R,193751,222250
NC_010473.1,Emb-only-R,234851,312050
NC_010473.1,Emb-only-R,323751,337950
NC_010473.1,Emb-only-R,390451,400950
NC_010473.1,Emb-only-R,426051,443650
NC_010473.1,Emb-only-R,455651,478850
NC_010473.1,Emb-only-R,503051,535950
NC_010473.1,Emb-only-R,619051,653750
NC_010473.1,Emb-only-R,711351,728050
NC_010473.1,Emb-only-R,776651,795250
NC_010473.1,Emb-only-R,824951,845450
NC_010473.1,Emb-only-R,924951,934850
NC_010473.1,Emb-only-R,1004751,1015750
NC_010473.1,Emb-only-R,1150151,1167250
NC_010473.1,Emb-only-R,1185551,1197850
NC_010473.1,Emb-only-R,1246851,1267150
NC_010473.1,Emb-only-R,1326951,1403050
NC_010473.1,Emb-only-R,1478251,1527150
NC_010473.1,Emb-only-R,1548351,1564250
NC_010473.1,Emb-only-R,1606451,1635250
NC_010473.1,Emb-only-R,1655451,1689450
NC_010473.1,Emb-only-R,1713051,1743750
NC_010473.1,Emb-only-R,1884551,1901950
NC_010473.1,Emb-only-R,2112951,2170350
NC_010473.1,Emb-only-R,2186051,2203450
NC_010473.1,Emb-only-R,2278451,2288650
NC_010473.1,Emb-only-R,2475851,2495150
NC_010473.1,Emb-only-R,2552051,2586250
NC_010473.1,Emb-only-R,2598651,2627650
NC_010473.1,Emb-only-R,2645351,2660950
NC_010473.1,Emb-only-R,2810551,2824950
NC_010473.1,Emb-only-R,2837751,2890750
NC_010473.1,Emb-only-R,2963551,2981650
NC_010473.1,Emb-only-R,3072251,3097250
NC_010473.1,Emb-only-R,3160451,3178450
NC_010473.1,Emb-only-R,3284651,3293850
NC_010473.1,Emb-only-R,3401451,3418550
NC_010473.1,Emb-only-R,3513651,3576350
NC_010473.1,Emb-only-R,3670451,3733950
NC_010473.1,Emb-only-R,3753051,3761450
NC_010473.1,Emb-only-R,3813351,3826450
NC_010473.1,Emb-only-R,3854951,3872350
NC_010473.1,Emb-only-R,3883851,3913050
NC_010473.1,Emb-only-R,3941751,3954750
NC_010473.1,Emb-only-R,3999151,4024650
NC_010473.1,Emb-only-R,4031951,4047750
NC_010473.1,Emb-only-R,4128551,4195250
NC_010473.1,Emb-only-R,4258851,4290950
NC_010473.1,Emb-only-R,4300551,4315850
NC_010473.1,Emb-only-R,4361451,4385150
NC_010473.1,Emb-only-R,4403251,4428050
NC_010473.1,Emb-only-R,4442451,4514650
NC_010473.1,Emb-only-R,4540651,4556750
NC_010473.1,Emb-only-R,4570751,4645350
NC_010498.1,SAGE-GI-P,1074001,1219000
NC_010498.1,SAGE-GI-P,2260001,2304000
NC_010498.1,SAGE-GI-P,2560001,2582000
NC_010498.1,SAGE-GI-P,3197001,3309000
NC_010498.1,SAGE-GI-P,3650001,3687000
NC_010498.1,SAGE-GI-P,3997001,4019000
NC_010498.1,SAGE-GI-P,4081001,4110000
NC_010498.1,SAGE-GI-P,4404001,4457000
NC_010498.1,SAGE-GI-P,4511001,4551000
NC_010498.1,SAGE-GI-P,4856001,4917000
NC_010498.1,Emb-only-P,947001,959000
NC_010498.1,Emb-only-P,1050001,1149000
NC_010498.1,Emb-only-P,1173001,1219000
NC_010498.1,Emb-only-P,2260001,2304000
NC_010498.1,Emb-only-P,2560001,2582000
NC_010498.1,Emb-only-P,3197001,3309000
NC_010498.1,Emb-only-P,3650001,3687000
NC_010498.1,Emb-only-P,3997001,4019000
NC_010498.1,Emb-only-P,4081001,4110000
NC_010498.1,Emb-only-P,4404001,4457000
NC_010498.1,Emb-only-P,4511001,4551000
NC_010498.1,Emb-only-P,4856001,4917000
NC_010498.1,SAGE-GI-R,10751,21350
NC_010498.1,SAGE-GI-R,95351,104650
NC_010498.1,SAGE-GI-R,123551,143450
NC_010498.1,SAGE-GI-R,153751,178950
NC_010498.1,SAGE-GI-R,224151,294550
NC_010498.1,SAGE-GI-R,304951,362350
NC_010498.1,SAGE-GI-R,408951,420450
NC_010498.1,SAGE-GI-R,471351,488850
NC_010498.1,SAGE-GI-R,758451,776550
NC_010498.1,SAGE-GI-R,861351,873350
NC_010498.1,SAGE-GI-R,932851,972950
NC_010498.1,SAGE-GI-R,1031451,1056650
NC_010498.1,SAGE-GI-R,1069851,1242750
NC_010498.1,SAGE-GI-R,1347651,1358650
NC_010498.1,SAGE-GI-R,1448351,1457250
NC_010498.1,SAGE-GI-R,1649851,1677850
NC_010498.1,SAGE-GI-R,1706551,1716150
NC_010498.1,SAGE-GI-R,1769551,1786350
NC_010498.1,SAGE-GI-R,1892851,1910250
NC_010498.1,SAGE-GI-R,1993451,2012950
NC_010498.1,SAGE-GI-R,2059351,2074550
NC_010498.1,SAGE-GI-R,2096651,2106150
NC_010498.1,SAGE-GI-R,2250151,2310250
NC_010498.1,SAGE-GI-R,2368551,2385350
NC_010498.1,SAGE-GI-R,2422251,2432150
NC_010498.1,SAGE-GI-R,2474251,2492650
NC_010498.1,SAGE-GI-R,2548851,2586150
NC_010498.1,SAGE-GI-R,2596951,2614350
NC_010498.1,SAGE-GI-R,2685051,2695350
NC_010498.1,SAGE-GI-R,2714851,2728950
NC_010498.1,SAGE-GI-R,2817751,2830250
NC_010498.1,SAGE-GI-R,2844251,2873650
NC_010498.1,SAGE-GI-R,2946651,2958150
NC_010498.1,SAGE-GI-R,2977051,2993950
NC_010498.1,SAGE-GI-R,3071751,3083950
NC_010498.1,SAGE-GI-R,3193451,3323050
NC_010498.1,SAGE-GI-R,3412751,3425150
NC_010498.1,SAGE-GI-R,3532951,3547550
NC_010498.1,SAGE-GI-R,3583051,3596650
NC_010498.1,SAGE-GI-R,3645051,3689850
NC_010498.1,SAGE-GI-R,3769451,3783450
NC_010498.1,SAGE-GI-R,3831651,3861350
NC_010498.1,SAGE-GI-R,3870151,3890450
NC_010498.1,SAGE-GI-R,3991451,4022250
NC_010498.1,SAGE-GI-R,4033051,4046750
NC_010498.1,SAGE-GI-R,4073551,4133950
NC_010498.1,SAGE-GI-R,4171051,4230650
NC_010498.1,SAGE-GI-R,4298151,4307050
NC_010498.1,SAGE-GI-R,4326951,4339950
NC_010498.1,SAGE-GI-R,4407951,4446650
NC_010498.1,SAGE-GI-R,4467951,4479250
NC_010498.1,SAGE-GI-R,4507551,4561550
NC_010498.1,SAGE-GI-R,4593551,4616850
NC_010498.1,SAGE-GI-R,4651951,4672450
NC_010498.1,SAGE-GI-R,4696151,4715550
NC_010498.1,SAGE-GI-R,4737251,4753150
NC_010498.1,SAGE-GI-R,4847851,4951950
NC_010498.1,SAGE-GI-R,4965151,5011650
NC_010498.1,Emb-only-R,10851,22550
NC_010498.1,Emb-only-R,120151,142950
NC_010498.1,Emb-only-R,153851,169050
NC_010498.1,Emb-only-R,229651,294150
NC_010498.1,Emb-only-R,304851,374750
NC_010498.1,Emb-only-R,408551,420050
NC_010498.1,Emb-only-R,663751,687650
NC_010498.1,Emb-only-R,763651,772450
NC_010498.1,Emb-only-R,864051,879850
NC_010498.1,Emb-only-R,928051,974350
NC_010498.1,Emb-only-R,1035551,1055050
NC_010498.1,Emb-only-R,1070951,1234450
NC_010498.1,Emb-only-R,1448351,1482650
NC_010498.1,Emb-only-R,1649451,1675250
NC_010498.1,Emb-only-R,1703951,1720550
NC_010498.1,Emb-only-R,1773851,1784450
NC_010498.1,Emb-only-R,1800651,1810550
NC_010498.1,Emb-only-R,1893951,1910550
NC_010498.1,Emb-only-R,1995651,2011950
NC_010498.1,Emb-only-R,2096451,2106650
NC_010498.1,Emb-only-R,2254351,2308650
NC_010498.1,Emb-only-R,2431551,2440650
NC_010498.1,Emb-only-R,2477051,2489450
NC_010498.1,Emb-only-R,2543851,2621550
NC_010498.1,Emb-only-R,2709851,2728250
NC_010498.1,Emb-only-R,2793451,2805150
NC_010498.1,Emb-only-R,2817751,2831450
NC_010498.1,Emb-only-R,2841151,2871450
NC_010498.1,Emb-only-R,2946251,2958350
NC_010498.1,Emb-only-R,2974751,2993050
NC_010498.1,Emb-only-R,3071951,3085850
NC_010498.1,Emb-only-R,3136251,3145750
NC_010498.1,Emb-only-R,3162351,3174150
NC_010498.1,Emb-only-R,3193451,3322850
NC_010498.1,Emb-only-R,3489751,3498650
NC_010498.1,Emb-only-R,3532451,3547450
NC_010498.1,Emb-only-R,3646951,3691250
NC_010498.1,Emb-only-R,3770251,3784650
NC_010498.1,Emb-only-R,3809051,3822750
NC_010498.1,Emb-only-R,3832451,3858450
NC_010498.1,Emb-only-R,3879051,3890850
NC_010498.1,Emb-only-R,3992351,4054650
NC_010498.1,Emb-only-R,4072551,4134350
NC_010498.1,Emb-only-R,4170851,4230550
NC_010498.1,Emb-only-R,4265051,4276550
NC_010498.1,Emb-only-R,4327651,4339450
NC_010498.1,Emb-only-R,4365051,4379050
NC_010498.1,Emb-only-R,4407851,4446050
NC_010498.1,Emb-only-R,4505351,4561550
NC_010498.1,Emb-only-R,4592651,4610550
NC_010498.1,Emb-only-R,4656051,4673150
NC_010498.1,Emb-only-R,4693051,4712750
NC_010498.1,Emb-only-R,4739851,4753650
NC_010498.1,Emb-only-R,4849251,5011750
NC_010501.1,SAGE-GI-P,6001,76000
NC_010501.1,SAGE-GI-P,746001,760000
NC_010501.1,SAGE-GI-P,1443001,1481000
NC_010501.1,SAGE-GI-P,1625001,1672000
NC_010501.1,SAGE-GI-P,1875001,1896000
NC_010501.1,SAGE-GI-P,2514001,2551000
NC_010501.1,SAGE-GI-P,2590001,2634000
NC_010501.1,SAGE-GI-P,2791001,2826000
NC_010501.1,SAGE-GI-P,3423001,3473000
NC_010501.1,SAGE-GI-P,3556001,3631000
NC_010501.1,SAGE-GI-P,3678001,3715000
NC_010501.1,SAGE-GI-P,4351001,4402000
NC_010501.1,SAGE-GI-P,5215001,5257000
NC_010501.1,SAGE-GI-P,5586001,5622000
NC_010501.1,SAGE-GI-P,5712001,5754000
NC_010501.1,Emb-only-P,6001,76000
NC_010501.1,Emb-only-P,747001,760000
NC_010501.1,Emb-only-P,1443001,1481000
NC_010501.1,Emb-only-P,1625001,1652000
NC_010501.1,Emb-only-P,1875001,1896000
NC_010501.1,Emb-only-P,2514001,2551000
NC_010501.1,Emb-only-P,2590001,2634000
NC_010501.1,Emb-only-P,2791001,2826000
NC_010501.1,Emb-only-P,3423001,3473000
NC_010501.1,Emb-only-P,3557001,3631000
NC_010501.1,Emb-only-P,3678001,3715000
NC_010501.1,Emb-only-P,4351001,4402000
NC_010501.1,Emb-only-P,5215001,5257000
NC_010501.1,Emb-only-P,5586001,5622000
NC_010501.1,Emb-only-P,5712001,5754000
NC_010501.1,SAGE-GI-R,4951,80350
NC_010501.1,SAGE-GI-R,292351,312550
NC_010501.1,SAGE-GI-R,396651,409650
NC_010501.1,SAGE-GI-R,565751,583250
NC_010501.1,SAGE-GI-R,721651,802050
NC_010501.1,SAGE-GI-R,830951,858750
NC_010501.1,SAGE-GI-R,911051,935150
NC_010501.1,SAGE-GI-R,973951,990250
NC_010501.1,SAGE-GI-R,1004851,1053650
NC_010501.1,SAGE-GI-R,1215051,1238750
NC_010501.1,SAGE-GI-R,1282751,1324950
NC_010501.1,SAGE-GI-R,1365451,1381150
NC_010501.1,SAGE-GI-R,1440151,1569050
NC_010501.1,SAGE-GI-R,1622251,1701650
NC_010501.1,SAGE-GI-R,1748451,1779250
NC_010501.1,SAGE-GI-R,1834851,1847450
NC_010501.1,SAGE-GI-R,1873051,1899450
NC_010501.1,SAGE-GI-R,2075051,2101050
NC_010501.1,SAGE-GI-R,2176851,2257550
NC_010501.1,SAGE-GI-R,2508851,2637850
NC_010501.1,SAGE-GI-R,2778251,2840350
NC_010501.1,SAGE-GI-R,2878851,2934350
NC_010501.1,SAGE-GI-R,3016651,3067150
NC_010501.1,SAGE-GI-R,3217651,3226250
NC_010501.1,SAGE-GI-R,3263651,3285250
NC_010501.1,SAGE-GI-R,3314351,3329050
NC_010501.1,SAGE-GI-R,3419351,3476550
NC_010501.1,SAGE-GI-R,3537251,3547350
NC_010501.1,SAGE-GI-R,3558651,3643250
NC_010501.1,SAGE-GI-R,3656051,3721650
NC_010501.1,SAGE-GI-R,3754751,3804150
NC_010501.1,SAGE-GI-R,3862651,3878550
NC_010501.1,SAGE-GI-R,3903351,3925450
NC_010501.1,SAGE-GI-R,3931951,3943250
NC_010501.1,SAGE-GI-R,3981051,4015150
NC_010501.1,SAGE-GI-R,4025951,4039450
NC_010501.1,SAGE-GI-R,4079551,4099150
NC_010501.1,SAGE-GI-R,4165151,4191550
NC_010501.1,SAGE-GI-R,4229551,4243050
NC_010501.1,SAGE-GI-R,4312951,4327650
NC_010501.1,SAGE-GI-R,4348751,4398050
NC_010501.1,SAGE-GI-R,4414951,4433350
NC_010501.1,SAGE-GI-R,4455351,4468550
NC_010501.1,SAGE-GI-R,4492451,4506250
NC_010501.1,SAGE-GI-R,4579951,4611250
NC_010501.1,SAGE-GI-R,4775651,4839650
NC_010501.1,SAGE-GI-R,4949151,4966150
NC_010501.1,SAGE-GI-R,4988551,5011350
NC_010501.1,SAGE-GI-R,5028951,5047050
NC_010501.1,SAGE-GI-R,5089851,5118050
NC_010501.1,SAGE-GI-R,5158551,5170950
NC_010501.1,SAGE-GI-R,5212951,5261050
NC_010501.1,SAGE-GI-R,5290351,5311750
NC_010501.1,SAGE-GI-R,5362851,5381350
NC_010501.1,SAGE-GI-R,5440551,5459650
NC_010501.1,SAGE-GI-R,5582451,5633250
NC_010501.1,SAGE-GI-R,5695351,5768550
NC_010501.1,Emb-only-R,4951,80750
NC_010501.1,Emb-only-R,292551,313950
NC_010501.1,Emb-only-R,396551,411650
NC_010501.1,Emb-only-R,428751,440350
NC_010501.1,Emb-only-R,565451,583050
NC_010501.1,Emb-only-R,724251,803750
NC_010501.1,Emb-only-R,830851,860050
NC_010501.1,Emb-only-R,910851,930750
NC_010501.1,Emb-only-R,976951,990350
NC_010501.1,Emb-only-R,1004751,1053750
NC_010501.1,Emb-only-R,1217351,1239950
NC_010501.1,Emb-only-R,1283551,1325450
NC_010501.1,Emb-only-R,1440351,1572150
NC_010501.1,Emb-only-R,1621051,1657050
NC_010501.1,Emb-only-R,1668051,1704350
NC_010501.1,Emb-only-R,1760051,1780050
NC_010501.1,Emb-only-R,1835051,1849850
NC_010501.1,Emb-only-R,1872851,1899750
NC_010501.1,Emb-only-R,2003551,2015050
NC_010501.1,Emb-only-R,2079051,2103250
NC_010501.1,Emb-only-R,2174551,2258250
NC_010501.1,Emb-only-R,2285951,2293950
NC_010501.1,Emb-only-R,2509351,2638050
NC_010501.1,Emb-only-R,2778051,2835550
NC_010501.1,Emb-only-R,2878751,2934750
NC_010501.1,Emb-only-R,3014251,3058450
NC_010501.1,Emb-only-R,3219851,3236150
NC_010501.1,Emb-only-R,3314051,3329150
NC_010501.1,Emb-only-R,3418451,3476150
NC_010501.1,Emb-only-R,3536951,3721350
NC_010501.1,Emb-only-R,3771551,3787750
NC_010501.1,Emb-only-R,3861151,3879250
NC_010501.1,Emb-only-R,3907151,3917150
NC_010501.1,Emb-only-R,3975651,4013650
NC_010501.1,Emb-only-R,4028351,4038950
NC_010501.1,Emb-only-R,4082851,4098650
NC_010501.1,Emb-only-R,4163651,4186350
NC_010501.1,Emb-only-R,4230051,4243250
NC_010501.1,Emb-only-R,4309851,4328950
NC_010501.1,Emb-only-R,4348551,4397750
NC_010501.1,Emb-only-R,4414751,4439750
NC_010501.1,Emb-only-R,4454251,4470650
NC_010501.1,Emb-only-R,4493151,4506750
NC_010501.1,Emb-only-R,4579151,4596150
NC_010501.1,Emb-only-R,4783751,4842150
NC_010501.1,Emb-only-R,4948951,4967950
NC_010501.1,Emb-only-R,4988351,5011450
NC_010501.1,Emb-only-R,5032151,5046750
NC_010501.1,Emb-only-R,5098051,5115150
NC_010501.1,Emb-only-R,5158351,5169550
NC_010501.1,Emb-only-R,5213051,5260650
NC_010501.1,Emb-only-R,5287551,5312950
NC_010501.1,Emb-only-R,5366051,5382350
NC_010501.1,Emb-only-R,5408651,5417550
NC_010501.1,Emb-only-R,5440351,5459850
NC_010501.1,Emb-only-R,5581251,5632550
NC_010501.1,Emb-only-R,5661851,5677550
NC_010501.1,Emb-only-R,5695951,5769350
NC_010515.1,SAGE-GI-P,682001,701000
NC_010515.1,SAGE-GI-P,1122001,1176000
NC_010515.1,SAGE-GI-P,1209001,1238000
NC_010515.1,SAGE-GI-P,1372001,1446000
NC_010515.1,SAGE-GI-P,1624001,1726000
NC_010515.1,SAGE-GI-P,2113001,2178000
NC_010515.1,SAGE-GI-P,2692001,2716000
NC_010515.1,Emb-only-P,682001,701000
NC_010515.1,Emb-only-P,1122001,1176000
NC_010515.1,Emb-only-P,1209001,1238000
NC_010515.1,Emb-only-P,1372001,1446000
NC_010515.1,Emb-only-P,1624001,1726000
NC_010515.1,Emb-only-P,2113001,2178000
NC_010515.1,Emb-only-P,2692001,2716000
NC_010515.1,SAGE-GI-R,33051,66850
NC_010515.1,SAGE-GI-R,144151,169450
NC_010515.1,SAGE-GI-R,251551,266550
NC_010515.1,SAGE-GI-R,326151,337950
NC_010515.1,SAGE-GI-R,397451,449150
NC_010515.1,SAGE-GI-R,466251,488750
NC_010515.1,SAGE-GI-R,538151,551250
NC_010515.1,SAGE-GI-R,678451,707250
NC_010515.1,SAGE-GI-R,775351,810050
NC_010515.1,SAGE-GI-R,952651,988450
NC_010515.1,SAGE-GI-R,1012451,1026850
NC_010515.1,SAGE-GI-R,1107951,1146650
NC_010515.1,SAGE-GI-R,1156851,1240150
NC_010515.1,SAGE-GI-R,1256751,1275050
NC_010515.1,SAGE-GI-R,1347451,1449550
NC_010515.1,SAGE-GI-R,1482051,1532850
NC_010515.1,SAGE-GI-R,1620251,1731050
NC_010515.1,SAGE-GI-R,1847051,1926450
NC_010515.1,SAGE-GI-R,2005151,2023250
NC_010515.1,SAGE-GI-R,2041951,2058750
NC_010515.1,SAGE-GI-R,2106551,2182550
NC_010515.1,SAGE-GI-R,2287151,2304650
NC_010515.1,SAGE-GI-R,2355351,2379650
NC_010515.1,SAGE-GI-R,2393151,2417150
NC_010515.1,SAGE-GI-R,2453951,2482850
NC_010515.1,SAGE-GI-R,2564151,2597750
NC_010515.1,SAGE-GI-R,2687651,2719050
NC_010515.1,SAGE-GI-R,2785451,2835750
NC_010515.1,SAGE-GI-R,3008951,3040250
NC_010515.1,SAGE-GI-R,3092751,3146050
NC_010515.1,Emb-only-R,147551,168350
NC_010515.1,Emb-only-R,251451,266450
NC_010515.1,Emb-only-R,324151,340150
NC_010515.1,Emb-only-R,395451,446350
NC_010515.1,Emb-only-R,467351,492550
NC_010515.1,Emb-only-R,676151,709050
NC_010515.1,Emb-only-R,775951,808950
NC_010515.1,Emb-only-R,951451,988850
NC_010515.1,Emb-only-R,1012551,1028450
NC_010515.1,Emb-only-R,1104651,1188750
NC_010515.1,Emb-only-R,1204551,1240150
NC_010515.1,Emb-only-R,1257851,1274050
NC_010515.1,Emb-only-R,1347451,1449850
NC_010515.1,Emb-only-R,1479851,1532950
NC_010515.1,Emb-only-R,1557351,1567450
NC_010515.1,Emb-only-R,1620151,1729050
NC_010515.1,Emb-only-R,1751251,1763450
NC_010515.1,Emb-only-R,1846951,1926250
NC_010515.1,Emb-only-R,2004651,2022450
NC_010515.1,Emb-only-R,2042051,2060850
NC_010515.1,Emb-only-R,2103851,2182150
NC_010515.1,Emb-only-R,2287251,2302350
NC_010515.1,Emb-only-R,2355451,2381550
NC_010515.1,Emb-only-R,2398251,2419350
NC_010515.1,Emb-only-R,2454351,2485050
NC_010515.1,Emb-only-R,2685551,2719450
NC_010515.1,Emb-only-R,2783551,2835350
NC_010515.1,Emb-only-R,3008951,3037550
NC_010515.1,Emb-only-R,3066151,3146050
NC_010551.1,SAGE-GI-P,6001,24000
NC_010551.1,SAGE-GI-P,298001,342000
NC_010551.1,SAGE-GI-P,418001,448000
NC_010551.1,SAGE-GI-P,1327001,1356000
NC_010551.1,SAGE-GI-P,1588001,1604000
NC_010551.1,SAGE-GI-P,2387251,2403550
NC_010551.1,SAGE-GI-P,3339001,3372000
NC_010551.1,Emb-only-P,6001,24000
NC_010551.1,Emb-only-P,299001,342000
NC_010551.1,Emb-only-P,408001,448000
NC_010551.1,Emb-only-P,847001,860000
NC_010551.1,Emb-only-P,1327001,1387000
NC_010551.1,Emb-only-P,1588001,1604000
NC_010551.1,Emb-only-P,2387451,2402250
NC_010551.1,Emb-only-P,3339001,3372000
NC_010551.1,SAGE-GI-R,4951,57850
NC_010551.1,SAGE-GI-R,90551,122150
NC_010551.1,SAGE-GI-R,173651,184750
NC_010551.1,SAGE-GI-R,195451,218950
NC_010551.1,SAGE-GI-R,289851,388550
NC_010551.1,SAGE-GI-R,404251,474450
NC_010551.1,SAGE-GI-R,525251,566650
NC_010551.1,SAGE-GI-R,665551,681150
NC_010551.1,SAGE-GI-R,778851,791650
NC_010551.1,SAGE-GI-R,843951,875550
NC_010551.1,SAGE-GI-R,914451,928350
NC_010551.1,SAGE-GI-R,959051,970450
NC_010551.1,SAGE-GI-R,1007651,1017150
NC_010551.1,SAGE-GI-R,1112551,1129950
NC_010551.1,SAGE-GI-R,1178351,1203150
NC_010551.1,SAGE-GI-R,1233751,1260950
NC_010551.1,SAGE-GI-R,1319251,1388050
NC_010551.1,SAGE-GI-R,1416751,1442750
NC_010551.1,SAGE-GI-R,1463751,1485450
NC_010551.1,SAGE-GI-R,1550551,1618450
NC_010551.1,SAGE-GI-R,1688451,1766350
NC_010551.1,SAGE-GI-R,1819551,1837650
NC_010551.1,SAGE-GI-R,2008651,2026050
NC_010551.1,SAGE-GI-R,2130651,2155050
NC_010551.1,SAGE-GI-R,2192751,2232350
NC_010551.1,SAGE-GI-R,2268651,2283450
NC_010551.1,SAGE-GI-R,2346951,2422350
NC_010551.1,SAGE-GI-R,2450151,2465750
NC_010551.1,SAGE-GI-R,2493351,2507550
NC_010551.1,SAGE-GI-R,2534451,2565250
NC_010551.1,SAGE-GI-R,2618951,2649350
NC_010551.1,SAGE-GI-R,2655251,2671450
NC_010551.1,SAGE-GI-R,2704051,2726850
NC_010551.1,SAGE-GI-R,2836051,2859550
NC_010551.1,SAGE-GI-R,2977751,3020550
NC_010551.1,SAGE-GI-R,3053451,3066850
NC_010551.1,SAGE-GI-R,3219851,3257150
NC_010551.1,SAGE-GI-R,3292351,3306450
NC_010551.1,SAGE-GI-R,3329951,3376150
NC_010551.1,Emb-only-R,4951,54150
NC_010551.1,Emb-only-R,90851,123150
NC_010551.1,Emb-only-R,174151,184950
NC_010551.1,Emb-only-R,200551,218550
NC_010551.1,Emb-only-R,289051,387950
NC_010551.1,Emb-only-R,403851,474450
NC_010551.1,Emb-only-R,519551,563350
NC_010551.1,Emb-only-R,665551,682050
NC_010551.1,Emb-only-R,778951,787950
NC_010551.1,Emb-only-R,844451,875450
NC_010551.1,Emb-only-R,891051,928450
NC_010551.1,Emb-only-R,959351,972750
NC_010551.1,Emb-only-R,1001351,1035850
NC_010551.1,Emb-only-R,1113751,1125650
NC_010551.1,Emb-only-R,1150551,1161250
NC_010551.1,Emb-only-R,1233151,1262350
NC_010551.1,Emb-only-R,1314951,1388050
NC_010551.1,Emb-only-R,1416551,1434050
NC_010551.1,Emb-only-R,1463751,1478650
NC_010551.1,Emb-only-R,1550451,1618550
NC_010551.1,Emb-only-R,1688551,1726550
NC_010551.1,Emb-only-R,1735951,1764050
NC_010551.1,Emb-only-R,1819851,1830850
NC_010551.1,Emb-only-R,2007751,2026550
NC_010551.1,Emb-only-R,2139251,2155750
NC_010551.1,Emb-only-R,2191751,2232250
NC_010551.1,Emb-only-R,2272651,2290150
NC_010551.1,Emb-only-R,2352051,2418350
NC_010551.1,Emb-only-R,2455151,2469150
NC_010551.1,Emb-only-R,2500551,2509450
NC_010551.1,Emb-only-R,2538651,2569850
NC_010551.1,Emb-only-R,2625351,2635050
NC_010551.1,Emb-only-R,2657651,2671450
NC_010551.1,Emb-only-R,2703951,2720450
NC_010551.1,Emb-only-R,2838351,2861850
NC_010551.1,Emb-only-R,2919951,2937950
NC_010551.1,Emb-only-R,3003051,3024050
NC_010551.1,Emb-only-R,3139151,3147350
NC_010551.1,Emb-only-R,3221251,3231850
NC_010551.1,Emb-only-R,3247051,3257150
NC_010551.1,Emb-only-R,3277151,3298450
NC_010551.1,Emb-only-R,3335151,3375550
NC_010582.1,SAGE-GI-P,13001,26000
NC_010582.1,SAGE-GI-P,117001,183000
NC_010582.1,SAGE-GI-P,1238001,1330000
NC_010582.1,SAGE-GI-P,1724001,1737000
NC_010582.1,Emb-only-P,13001,26000
NC_010582.1,Emb-only-P,148001,186000
NC_010582.1,Emb-only-P,1249001,1330000
NC_010582.1,Emb-only-P,1724001,1737000
NC_010582.1,Emb-only-P,1858001,1872000
NC_010582.1,SAGE-GI-R,4951,28350
NC_010582.1,SAGE-GI-R,47551,64650
NC_010582.1,SAGE-GI-R,107751,192350
NC_010582.1,SAGE-GI-R,213851,253150
NC_010582.1,SAGE-GI-R,340551,365350
NC_010582.1,SAGE-GI-R,477551,509750
NC_010582.1,SAGE-GI-R,587951,604950
NC_010582.1,SAGE-GI-R,615151,629850
NC_010582.1,SAGE-GI-R,644751,665350
NC_010582.1,SAGE-GI-R,823951,855050
NC_010582.1,SAGE-GI-R,977751,1007550
NC_010582.1,SAGE-GI-R,1108251,1134250
NC_010582.1,SAGE-GI-R,1196651,1213350
NC_010582.1,SAGE-GI-R,1236251,1323150
NC_010582.1,SAGE-GI-R,1390051,1414550
NC_010582.1,SAGE-GI-R,1531851,1546250
NC_010582.1,SAGE-GI-R,1631351,1644550
NC_010582.1,SAGE-GI-R,1703951,1746750
NC_010582.1,SAGE-GI-R,1756151,1798850
NC_010582.1,SAGE-GI-R,1840951,1869950
NC_010582.1,SAGE-GI-R,1895351,1913450
NC_010582.1,SAGE-GI-R,1948051,1961150
NC_010582.1,SAGE-GI-R,1973551,1985350
NC_010582.1,SAGE-GI-R,2009351,2048650
NC_010582.1,SAGE-GI-R,2085751,2103750
NC_010582.1,SAGE-GI-R,2117551,2134650
NC_010582.1,SAGE-GI-R,2150951,2204150
NC_010582.1,Emb-only-R,4951,24850
NC_010582.1,Emb-only-R,57951,84050
NC_010582.1,Emb-only-R,107051,186450
NC_010582.1,Emb-only-R,212751,240750
NC_010582.1,Emb-only-R,246651,255650
NC_010582.1,Emb-only-R,340851,359850
NC_010582.1,Emb-only-R,473751,508750
NC_010582.1,Emb-only-R,528151,539950
NC_010582.1,Emb-only-R,587551,631950
NC_010582.1,Emb-only-R,643451,662050
NC_010582.1,Emb-only-R,825351,857050
NC_010582.1,Emb-only-R,978551,1009050
NC_010582.1,Emb-only-R,1103751,1130450
NC_010582.1,Emb-only-R,1196651,1212150
NC_010582.1,Emb-only-R,1244251,1327650
NC_010582.1,Emb-only-R,1392951,1413750
NC_010582.1,Emb-only-R,1525151,1544250
NC_010582.1,Emb-only-R,1704551,1741750
NC_010582.1,Emb-only-R,1762551,1800150
NC_010582.1,Emb-only-R,1843551,1870050
NC_010582.1,Emb-only-R,1895851,1913750
NC_010582.1,Emb-only-R,1947851,1961250
NC_010582.1,Emb-only-R,2008151,2042350
NC_010582.1,Emb-only-R,2087551,2105450
NC_010582.1,Emb-only-R,2116951,2134950
NC_010582.1,Emb-only-R,2150751,2163950
NC_010582.1,Emb-only-R,2181351,2204150
NC_010612.1,SAGE-GI-P,756001,773000
NC_010612.1,SAGE-GI-P,1017001,1042000
NC_010612.1,SAGE-GI-P,1443001,1479000
NC_010612.1,SAGE-GI-P,1914001,1929000
NC_010612.1,SAGE-GI-P,2525001,2565000
NC_010612.1,SAGE-GI-P,3748001,3775000
NC_010612.1,SAGE-GI-P,3976001,4091000
NC_010612.1,SAGE-GI-P,4406001,4426000
NC_010612.1,SAGE-GI-P,4672001,4726000
NC_010612.1,SAGE-GI-P,5318001,5333000
NC_010612.1,SAGE-GI-P,5640001,5669000
NC_010612.1,SAGE-GI-P,6385001,6416000
NC_010612.1,SAGE-GI-P,6472001,6497000
NC_010612.1,Emb-only-P,693351,705750
NC_010612.1,Emb-only-P,756001,773000
NC_010612.1,Emb-only-P,1017001,1042000
NC_010612.1,Emb-only-P,1443001,1479000
NC_010612.1,Emb-only-P,1914001,1929000
NC_010612.1,Emb-only-P,2525001,2535000
NC_010612.1,Emb-only-P,3748001,3775000
NC_010612.1,Emb-only-P,3817001,3889000
NC_010612.1,Emb-only-P,3976001,4031000
NC_010612.1,Emb-only-P,4394001,4426000
NC_010612.1,Emb-only-P,4672001,4726000
NC_010612.1,Emb-only-P,5307001,5333000
NC_010612.1,Emb-only-P,6386001,6406000
NC_010612.1,Emb-only-P,6461001,6472000
NC_010612.1,Emb-only-P,6565001,6585000
NC_010612.1,SAGE-GI-R,4951,35150
NC_010612.1,SAGE-GI-R,76851,128950
NC_010612.1,SAGE-GI-R,192351,235150
NC_010612.1,SAGE-GI-R,486451,506550
NC_010612.1,SAGE-GI-R,555651,586950
NC_010612.1,SAGE-GI-R,663651,735150
NC_010612.1,SAGE-GI-R,746351,777950
NC_010612.1,SAGE-GI-R,841651,855250
NC_010612.1,SAGE-GI-R,902951,914750
NC_010612.1,SAGE-GI-R,945751,973550
NC_010612.1,SAGE-GI-R,994451,1042050
NC_010612.1,SAGE-GI-R,1115351,1154550
NC_010612.1,SAGE-GI-R,1191051,1238750
NC_010612.1,SAGE-GI-R,1252751,1279150
NC_010612.1,SAGE-GI-R,1349051,1368650
NC_010612.1,SAGE-GI-R,1390751,1403450
NC_010612.1,SAGE-GI-R,1442851,1473550
NC_010612.1,SAGE-GI-R,1575951,1593150
NC_010612.1,SAGE-GI-R,1684551,1709250
NC_010612.1,SAGE-GI-R,1737551,1756450
NC_010612.1,SAGE-GI-R,1772151,1789350
NC_010612.1,SAGE-GI-R,1909051,1940750
NC_010612.1,SAGE-GI-R,1974351,2003450
NC_010612.1,SAGE-GI-R,2219851,2234150
NC_010612.1,SAGE-GI-R,2246751,2261050
NC_010612.1,SAGE-GI-R,2298051,2314450
NC_010612.1,SAGE-GI-R,2443551,2459050
NC_010612.1,SAGE-GI-R,2471751,2495950
NC_010612.1,SAGE-GI-R,2516351,2580450
NC_010612.1,SAGE-GI-R,2700451,2710550
NC_010612.1,SAGE-GI-R,2779851,2825450
NC_010612.1,SAGE-GI-R,2895051,2929450
NC_010612.1,SAGE-GI-R,2970151,3039650
NC_010612.1,SAGE-GI-R,3060251,3076750
NC_010612.1,SAGE-GI-R,3142851,3170150
NC_010612.1,SAGE-GI-R,3215851,3319950
NC_010612.1,SAGE-GI-R,3417451,3433250
NC_010612.1,SAGE-GI-R,3548951,3597550
NC_010612.1,SAGE-GI-R,3619951,3662950
NC_010612.1,SAGE-GI-R,3745551,3792650
NC_010612.1,SAGE-GI-R,3809351,3907750
NC_010612.1,SAGE-GI-R,3974051,4115750
NC_010612.1,SAGE-GI-R,4183851,4202650
NC_010612.1,SAGE-GI-R,4257851,4273050
NC_010612.1,SAGE-GI-R,4344551,4364350
NC_010612.1,SAGE-GI-R,4383251,4430050
NC_010612.1,SAGE-GI-R,4461451,4475050
NC_010612.1,SAGE-GI-R,4503651,4519550
NC_010612.1,SAGE-GI-R,4586751,4603550
NC_010612.1,SAGE-GI-R,4624451,4737650
NC_010612.1,SAGE-GI-R,4804751,4860250
NC_010612.1,SAGE-GI-R,4888351,4907250
NC_010612.1,SAGE-GI-R,5026651,5045650
NC_010612.1,SAGE-GI-R,5077951,5089450
NC_010612.1,SAGE-GI-R,5104451,5119550
NC_010612.1,SAGE-GI-R,5148151,5159950
NC_010612.1,SAGE-GI-R,5190051,5209150
NC_010612.1,SAGE-GI-R,5242451,5282150
NC_010612.1,SAGE-GI-R,5303551,5330050
NC_010612.1,SAGE-GI-R,5363351,5390150
NC_010612.1,SAGE-GI-R,5404451,5425250
NC_010612.1,SAGE-GI-R,5447551,5475950
NC_010612.1,SAGE-GI-R,5575551,5613050
NC_010612.1,SAGE-GI-R,5630651,5674350
NC_010612.1,SAGE-GI-R,5779851,5792650
NC_010612.1,SAGE-GI-R,5842051,5857550
NC_010612.1,SAGE-GI-R,5867451,5908750
NC_010612.1,SAGE-GI-R,6052251,6087250
NC_010612.1,SAGE-GI-R,6108551,6133950
NC_010612.1,SAGE-GI-R,6171651,6182850
NC_010612.1,SAGE-GI-R,6209351,6227750
NC_010612.1,SAGE-GI-R,6277551,6297050
NC_010612.1,SAGE-GI-R,6384651,6498950
NC_010612.1,SAGE-GI-R,6552451,6630050
NC_010612.1,Emb-only-R,8951,35650
NC_010612.1,Emb-only-R,73351,128150
NC_010612.1,Emb-only-R,189251,235950
NC_010612.1,Emb-only-R,473251,505950
NC_010612.1,Emb-only-R,554051,579550
NC_010612.1,Emb-only-R,678651,722850
NC_010612.1,Emb-only-R,735651,778150
NC_010612.1,Emb-only-R,903851,914350
NC_010612.1,Emb-only-R,944851,973750
NC_010612.1,Emb-only-R,999151,1041650
NC_010612.1,Emb-only-R,1115851,1153750
NC_010612.1,Emb-only-R,1182851,1241350
NC_010612.1,Emb-only-R,1253351,1278050
NC_010612.1,Emb-only-R,1387351,1406650
NC_010612.1,Emb-only-R,1442951,1473250
NC_010612.1,Emb-only-R,1576151,1591750
NC_010612.1,Emb-only-R,1736651,1759250
NC_010612.1,Emb-only-R,1767051,1785450
NC_010612.1,Emb-only-R,1857651,1867650
NC_010612.1,Emb-only-R,1909651,1944550
NC_010612.1,Emb-only-R,1975351,1996850
NC_010612.1,Emb-only-R,2220751,2233750
NC_010612.1,Emb-only-R,2247151,2260850
NC_010612.1,Emb-only-R,2446151,2458350
NC_010612.1,Emb-only-R,2479551,2489750
NC_010612.1,Emb-only-R,2518151,2558050
NC_010612.1,Emb-only-R,2565351,2584750
NC_010612.1,Emb-only-R,2772151,2835950
NC_010612.1,Emb-only-R,2895851,2906350
NC_010612.1,Emb-only-R,2971051,2988150
NC_010612.1,Emb-only-R,3023651,3039050
NC_010612.1,Emb-only-R,3058551,3074950
NC_010612.1,Emb-only-R,3142551,3170350
NC_010612.1,Emb-only-R,3202651,3216050
NC_010612.1,Emb-only-R,3229351,3292850
NC_010612.1,Emb-only-R,3308951,3321150
NC_010612.1,Emb-only-R,3415451,3433150
NC_010612.1,Emb-only-R,3547651,3587650
NC_010612.1,Emb-only-R,3618751,3637250
NC_010612.1,Emb-only-R,3643651,3663350
NC_010612.1,Emb-only-R,3742251,3785450
NC_010612.1,Emb-only-R,3807751,3886750
NC_010612.1,Emb-only-R,3973551,4056150
NC_010612.1,Emb-only-R,4070751,4125250
NC_010612.1,Emb-only-R,4155151,4173350
NC_010612.1,Emb-only-R,4187851,4202550
NC_010612.1,Emb-only-R,4261951,4274950
NC_010612.1,Emb-only-R,4347651,4360250
NC_010612.1,Emb-only-R,4384551,4431050
NC_010612.1,Emb-only-R,4460051,4476950
NC_010612.1,Emb-only-R,4501251,4519450
NC_010612.1,Emb-only-R,4589251,4603650
NC_010612.1,Emb-only-R,4621351,4728350
NC_010612.1,Emb-only-R,4816051,4863050
NC_010612.1,Emb-only-R,4884451,4908250
NC_010612.1,Emb-only-R,4948551,4959250
NC_010612.1,Emb-only-R,5026451,5047950
NC_010612.1,Emb-only-R,5074951,5129450
NC_010612.1,Emb-only-R,5239851,5256050
NC_010612.1,Emb-only-R,5304951,5331650
NC_010612.1,Emb-only-R,5405051,5424450
NC_010612.1,Emb-only-R,5444851,5475350
NC_010612.1,Emb-only-R,5582251,5601650
NC_010612.1,Emb-only-R,5631751,5674850
NC_010612.1,Emb-only-R,5847051,5910150
NC_010612.1,Emb-only-R,6057651,6091350
NC_010612.1,Emb-only-R,6115851,6133350
NC_010612.1,Emb-only-R,6279051,6293650
NC_010612.1,Emb-only-R,6385651,6495550
NC_010612.1,Emb-only-R,6552551,6592650
NC_010612.1,Emb-only-R,6601851,6629350
