accession,method,true_start,true_end,matched,start_err,end_err,mean_err,signed_start_err,signed_end_err,jaccard
NC_000907.1,SAGE-GI-P,1102430,1111034,False,,,,,,0.0
NC_000907.1,Emb-only-P,1102430,1111034,False,,,,,,0.0
NC_000907.1,SAGE-GI-R,1102430,1111034,True,76480.0,13115.0,44797.5,-76480.0,13115.0,0.0876272912423625
NC_000907.1,Emb-only-R,1102430,1111034,True,19680.0,12615.0,16147.5,-19680.0,12615.0,0.2103911980440097
AC_000091.1,SAGE-GI-P,2754784,2768393,True,23784.0,30606.0,27195.0,-23784.0,30606.0,0.2001470588235294
AC_000091.1,SAGE-GI-P,4514466,4523152,True,13466.0,26847.0,20156.5,-13466.0,26847.0,0.1772857142857143
AC_000091.1,Emb-only-P,2754784,2768393,True,23784.0,30606.0,27195.0,-23784.0,30606.0,0.2001470588235294
AC_000091.1,Emb-only-P,4514466,4523152,True,13466.0,26847.0,20156.5,-13466.0,26847.0,0.1772857142857143
AC_000091.1,SAGE-GI-R,2754784,2768393,True,7434.0,32356.0,19895.0,-7434.0,32356.0,0.2548689138576779
AC_000091.1,SAGE-GI-R,4514466,4523152,True,15916.0,28197.0,22056.5,-15916.0,28197.0,0.16452651515151515
AC_000091.1,Emb-only-R,2754784,2768393,True,7434.0,31256.0,19345.0,-7434.0,31256.0,0.26022944550669214
AC_000091.1,Emb-only-R,4514466,4523152,True,13516.0,28197.0,20856.5,-13516.0,28197.0,0.1723611111111111
NC_000913.2,SAGE-GI-P,289659,297701,True,27659.0,26298.0,26978.5,-27659.0,26298.0,0.1297258064516129
NC_000913.2,SAGE-GI-P,2754150,2766804,True,1150.0,31195.0,16172.5,-1150.0,31195.0,0.2812222222222222
NC_000913.2,SAGE-GI-P,4507809,4516495,True,7809.0,26504.0,17156.5,-7809.0,26504.0,0.2020232558139535
NC_000913.2,SAGE-GI-P,4517262,4530587,True,17262.0,12412.0,14837.0,-17262.0,12412.0,0.30990697674418605
NC_000913.2,Emb-only-P,289659,297701,True,27659.0,26298.0,26978.5,-27659.0,26298.0,0.1297258064516129
NC_000913.2,Emb-only-P,2754150,2766804,True,25150.0,31195.0,28172.5,-25150.0,31195.0,0.18340579710144927
NC_000913.2,Emb-only-P,4507809,4516495,True,13809.0,26504.0,20156.5,-13809.0,26504.0,0.1772857142857143
NC_000913.2,Emb-only-P,4517262,4530587,True,23262.0,12412.0,17837.0,-23262.0,12412.0,0.2719591836734694
NC_000913.2,SAGE-GI-R,289659,297701,True,29309.0,56248.0,42778.5,-29309.0,56248.0,0.08592948717948717
NC_000913.2,SAGE-GI-R,2754150,2766804,True,5700.0,30245.0,17972.5,-5700.0,30245.0,0.26039094650205763
NC_000913.2,SAGE-GI-R,4507809,4516495,True,38959.0,33354.0,36156.5,-38959.0,33354.0,0.10724691358024692
NC_000913.2,SAGE-GI-R,4517262,4530587,True,48412.0,19262.0,33837.0,-48412.0,19262.0,0.1645185185185185
NC_000913.2,Emb-only-R,289659,297701,True,29009.0,56248.0,42628.5,-29009.0,56248.0,0.08620578778135048
NC_000913.2,Emb-only-R,2754150,2766804,True,6100.0,31445.0,18772.5,-6100.0,31445.0,0.25209163346613545
NC_000913.2,Emb-only-R,4507809,4516495,True,39359.0,32954.0,36156.5,-39359.0,32954.0,0.10724691358024692
NC_000913.2,Emb-only-R,4517262,4530587,True,48812.0,18862.0,33837.0,-48812.0,18862.0,0.1645185185185185
NC_002516.2,SAGE-GI-P,2765407,2779413,True,9407.0,6586.0,7996.5,-9407.0,6586.0,0.4669
NC_002516.2,SAGE-GI-P,1496896,1516700,True,17896.0,2701.0,10298.5,-17896.0,-2701.0,0.45367496883371794
NC_002516.2,SAGE-GI-P,1840402,1849942,False,,,,,,0.0
NC_002516.2,SAGE-GI-P,1850183,1866277,False,,,,,,0.0
NC_002516.2,SAGE-GI-P,1311422,1324803,False,,,,,,0.0
NC_002516.2,Emb-only-P,2765407,2779413,True,9407.0,6586.0,7996.5,-9407.0,6586.0,0.4669
NC_002516.2,Emb-only-P,1496896,1516700,True,17896.0,2701.0,10298.5,-17896.0,-2701.0,0.45367496883371794
NC_002516.2,Emb-only-P,1840402,1849942,False,,,,,,0.0
NC_002516.2,Emb-only-P,1850183,1866277,False,,,,,,0.0
NC_002516.2,Emb-only-P,1311422,1324803,False,,,,,,0.0
NC_002516.2,SAGE-GI-R,2765407,2779413,True,10957.0,3036.0,6996.5,-10957.0,3036.0,0.50025
NC_002516.2,SAGE-GI-R,1496896,1516700,True,46046.0,5549.0,25797.5,-46046.0,5549.0,0.2773809523809524
NC_002516.2,SAGE-GI-R,1840402,1849942,True,3752.0,20307.0,12029.5,-3752.0,20307.0,0.2839583333333333
NC_002516.2,SAGE-GI-R,1850183,1866277,True,13533.0,3972.0,8752.5,-13533.0,3972.0,0.47901785714285716
NC_002516.2,SAGE-GI-R,1311422,1324803,True,3528.0,70646.0,37087.0,3528.0,70646.0,0.11727043366496882
NC_002516.2,Emb-only-R,2765407,2779413,True,10957.0,3836.0,7396.5,-10957.0,3836.0,0.48635416666666664
NC_002516.2,Emb-only-R,1496896,1516700,True,23146.0,3249.0,13197.5,-23146.0,3249.0,0.42867965367965366
NC_002516.2,Emb-only-R,1840402,1849942,True,9048.0,28207.0,18627.5,9048.0,28207.0,0.013060294585143583
NC_002516.2,Emb-only-R,1850183,1866277,True,733.0,11872.0,6302.5,-733.0,11872.0,0.560801393728223
NC_002516.2,Emb-only-R,1311422,1324803,True,1228.0,64646.0,32937.0,1228.0,64646.0,0.15576459732403752
NC_002655.2,SAGE-GI-P,579581,596828,True,581.0,27171.0,13876.0,-581.0,27171.0,0.3832888888888889
NC_002655.2,SAGE-GI-P,665139,673823,False,,,,,,0.0
NC_002655.2,SAGE-GI-P,904610,918372,True,610.0,13627.0,7118.5,-610.0,13627.0,0.4915357142857143
NC_002655.2,SAGE-GI-P,1109625,1118395,True,15625.0,32604.0,24114.5,-15625.0,32604.0,0.15387719298245614
NC_002655.2,SAGE-GI-P,1261802,1273782,False,,,,,,0.0
NC_002655.2,SAGE-GI-P,1344386,1392487,True,386.0,1512.0,949.0,-386.0,1512.0,0.96204
NC_002655.2,SAGE-GI-P,1433835,1452085,False,,,,,,0.0
NC_002655.2,SAGE-GI-P,1500853,1513854,True,1853.0,40145.0,20999.0,-1853.0,40145.0,0.2364
NC_002655.2,SAGE-GI-P,1652293,1662118,True,24293.0,9881.0,17087.0,-24293.0,9881.0,0.2233181818181818
NC_002655.2,SAGE-GI-P,1711725,1734698,True,13275.0,25301.0,19288.0,13275.0,25301.0,0.20091144484722942
NC_002655.2,SAGE-GI-P,1865987,1874593,False,,,,,,0.0
NC_002655.2,SAGE-GI-P,1897666,1923762,True,8334.0,6237.0,7285.5,8334.0,6237.0,0.5493598070142883
NC_002655.2,SAGE-GI-P,2131479,2139654,True,16479.0,8345.0,12412.0,-16479.0,8345.0,0.24775757575757576
NC_002655.2,SAGE-GI-P,2749781,2769746,True,8781.0,10253.0,9517.0,-8781.0,10253.0,0.511948717948718
NC_002655.2,SAGE-GI-P,2777420,2787074,True,36420.0,7075.0,21747.5,-36420.0,-7075.0,0.05599565925122084
NC_002655.2,SAGE-GI-P,2989368,2998130,True,21368.0,15869.0,18618.5,-21368.0,15869.0,0.1905
NC_002655.2,SAGE-GI-P,3002922,3014797,True,34922.0,798.0,17860.0,-34922.0,-798.0,0.23671951792811657
NC_002655.2,SAGE-GI-P,3262945,3273779,False,,,,,,0.0
NC_002655.2,SAGE-GI-P,4654756,4675861,True,244.0,17138.0,8691.0,244.0,17138.0,0.545497332914967
NC_002655.2,Emb-only-P,579581,596828,False,,,,,,0.0
NC_002655.2,Emb-only-P,665139,673823,False,,,,,,0.0
NC_002655.2,Emb-only-P,904610,918372,True,610.0,13627.0,7118.5,-610.0,13627.0,0.4915357142857143
NC_002655.2,Emb-only-P,1109625,1118395,True,22625.0,32604.0,27614.5,-22625.0,32604.0,0.137046875
NC_002655.2,Emb-only-P,1261802,1273782,True,6802.0,24217.0,15509.5,-6802.0,24217.0,0.27862790697674417
NC_002655.2,Emb-only-P,1344386,1392487,True,386.0,1512.0,949.0,-386.0,1512.0,0.96204
NC_002655.2,Emb-only-P,1433835,1452085,False,,,,,,0.0
NC_002655.2,Emb-only-P,1500853,1513854,True,15853.0,40145.0,27999.0,-15853.0,40145.0,0.18843478260869564
NC_002655.2,Emb-only-P,1652293,1662118,True,24293.0,9881.0,17087.0,-24293.0,9881.0,0.2233181818181818
NC_002655.2,Emb-only-P,1711725,1734698,True,13275.0,25301.0,19288.0,13275.0,25301.0,0.20091144484722942
NC_002655.2,Emb-only-P,1865987,1874593,False,,,,,,0.0
NC_002655.2,Emb-only-P,1897666,1923762,True,8334.0,6237.0,7285.5,8334.0,6237.0,0.5493598070142883
NC_002655.2,Emb-only-P,2131479,2139654,True,16479.0,8345.0,12412.0,-16479.0,8345.0,0.24775757575757576
NC_002655.2,Emb-only-P,2749781,2769746,True,8781.0,10253.0,9517.0,-8781.0,10253.0,0.511948717948718
NC_002655.2,Emb-only-P,2777420,2787074,True,36420.0,7075.0,21747.5,-36420.0,-7075.0,0.05599565925122084
NC_002655.2,Emb-only-P,2989368,2998130,True,21368.0,15869.0,18618.5,-21368.0,15869.0,0.1905
NC_002655.2,Emb-only-P,3002922,3014797,True,34922.0,798.0,17860.0,-34922.0,-798.0,0.23671951792811657
NC_002655.2,Emb-only-P,3262945,3273779,False,,,,,,0.0
NC_002655.2,Emb-only-P,4654756,4675861,True,244.0,17138.0,8691.0,244.0,17138.0,0.545497332914967
NC_002655.2,SAGE-GI-R,579581,596828,True,1031.0,28521.0,14776.0,-1031.0,28521.0,0.36854700854700856
NC_002655.2,SAGE-GI-R,665139,673823,True,4689.0,4726.0,4707.5,-4689.0,4726.0,0.4798342541436464
NC_002655.2,SAGE-GI-R,904610,918372,True,12360.0,15177.0,13768.5,-12360.0,15177.0,0.3332445520581114
NC_002655.2,SAGE-GI-R,1109625,1118395,True,52275.0,34154.0,43214.5,-52275.0,34154.0,0.09213235294117647
NC_002655.2,SAGE-GI-R,1261802,1273782,True,13052.0,28567.0,20809.5,-13052.0,28567.0,0.22352611940298509
NC_002655.2,SAGE-GI-R,1344386,1392487,True,14136.0,3862.0,8999.0,-14136.0,3862.0,0.7277155824508321
NC_002655.2,SAGE-GI-R,1433835,1452085,True,22685.0,91164.0,56924.5,-22685.0,91164.0,0.13816048448145343
NC_002655.2,SAGE-GI-R,1500853,1513854,True,89703.0,29395.0,59549.0,-89703.0,29395.0,0.09842543527630583
NC_002655.2,SAGE-GI-R,1652293,1662118,True,24543.0,96131.0,60337.0,-24543.0,96131.0,0.07529501915708812
NC_002655.2,SAGE-GI-R,1711725,1734698,True,83975.0,23551.0,53763.0,-83975.0,23551.0,0.17604597701149424
NC_002655.2,SAGE-GI-R,1865987,1874593,True,19737.0,58556.0,39146.5,-19737.0,58556.0,0.09904487917146144
NC_002655.2,SAGE-GI-R,1897666,1923762,True,51416.0,9387.0,30401.5,-51416.0,9387.0,0.3003107019562716
NC_002655.2,SAGE-GI-R,2131479,2139654,True,38029.0,29095.0,33562.0,-38029.0,29095.0,0.10857901726427623
NC_002655.2,SAGE-GI-R,2749781,2769746,True,33831.0,53303.0,43567.0,-33831.0,53303.0,0.18642390289449112
NC_002655.2,SAGE-GI-R,2777420,2787074,True,61470.0,35975.0,48722.5,-61470.0,35975.0,0.09014939309056956
NC_002655.2,SAGE-GI-R,2989368,2998130,True,26418.0,18919.0,22668.5,-26418.0,18919.0,0.1619778188539741
NC_002655.2,SAGE-GI-R,3002922,3014797,True,39972.0,2252.0,21112.0,-39972.0,2252.0,0.21951940850277266
NC_002655.2,SAGE-GI-R,3262945,3273779,True,3995.0,18870.0,11432.5,-3995.0,18870.0,0.321513353115727
NC_002655.2,SAGE-GI-R,4654756,4675861,True,4806.0,40188.0,22497.0,-4806.0,40188.0,0.319304084720121
NC_002655.2,Emb-only-R,579581,596828,True,1431.0,6221.0,3826.0,-1431.0,6221.0,0.6926907630522088
NC_002655.2,Emb-only-R,665139,673823,True,7089.0,5326.0,6207.5,-7089.0,5326.0,0.41161137440758294
NC_002655.2,Emb-only-R,904610,918372,True,10560.0,15677.0,13118.5,-10560.0,15677.0,0.344075
NC_002655.2,Emb-only-R,1109625,1118395,True,52375.0,30154.0,41264.5,-52375.0,30154.0,0.09606790799561885
NC_002655.2,Emb-only-R,1261802,1273782,True,11852.0,34067.0,22959.5,-11852.0,34067.0,0.20692573402417963
NC_002655.2,Emb-only-R,1344386,1392487,True,16436.0,4362.0,10399.0,-16436.0,4362.0,0.6981422351233671
NC_002655.2,Emb-only-R,1433835,1452085,True,16485.0,91364.0,53924.5,-16485.0,91364.0,0.14473433782712133
NC_002655.2,Emb-only-R,1500853,1513854,True,83503.0,29595.0,56549.0,-83503.0,29595.0,0.1031086439333862
NC_002655.2,Emb-only-R,1652293,1662118,True,24443.0,96531.0,60487.0,-24443.0,96531.0,0.07512232415902141
NC_002655.2,Emb-only-R,1711725,1734698,True,83875.0,23951.0,53913.0,-83875.0,23951.0,0.17564220183486237
NC_002655.2,Emb-only-R,1865987,1874593,True,30337.0,58956.0,44646.5,-30337.0,58956.0,0.08791624106230848
NC_002655.2,Emb-only-R,1897666,1923762,True,62016.0,9787.0,35901.5,-62016.0,9787.0,0.26656792645556693
NC_002655.2,Emb-only-R,2131479,2139654,True,31829.0,41795.0,36812.0,-31829.0,41795.0,0.09995110024449878
NC_002655.2,Emb-only-R,2749781,2769746,True,17431.0,52303.0,34867.0,-17431.0,52303.0,0.22258639910813824
NC_002655.2,Emb-only-R,2777420,2787074,True,45070.0,34975.0,40022.5,-45070.0,34975.0,0.1076365663322185
NC_002655.2,Emb-only-R,2989368,2998130,True,25618.0,18919.0,22268.5,-25618.0,18919.0,0.16440900562851782
NC_002655.2,Emb-only-R,3002922,3014797,True,39172.0,2252.0,20712.0,-39172.0,2252.0,0.22281425891181988
NC_002655.2,Emb-only-R,3262945,3273779,True,4195.0,17770.0,10982.5,-4195.0,17770.0,0.3303353658536585
NC_002655.2,Emb-only-R,4654756,4675861,True,4906.0,41488.0,23197.0,-4906.0,41488.0,0.3126814814814815
NC_002758.2,SAGE-GI-P,436002,464310,True,2.0,25689.0,12845.5,-2.0,25689.0,0.5242407407407408
NC_002758.2,Emb-only-P,436002,464310,True,2.0,29689.0,14845.5,-2.0,29689.0,0.48808620689655174
NC_002758.2,SAGE-GI-R,436002,464310,True,37152.0,35839.0,36495.5,-37152.0,35839.0,0.27945705824284306
NC_002758.2,Emb-only-R,436002,464310,True,12652.0,35939.0,24295.5,-12652.0,35939.0,0.36812743823146943
NC_002695.1,SAGE-GI-P,579578,597134,True,578.0,4865.0,2721.5,-578.0,4865.0,0.7633478260869565
NC_002695.1,SAGE-GI-P,665643,674041,False,,,,,,0.0
NC_002695.1,SAGE-GI-P,902900,928837,True,1900.0,2162.0,2031.0,-1900.0,2162.0,0.8646
NC_002695.1,SAGE-GI-P,1167197,1175766,True,2803.0,38233.0,20518.0,2803.0,38233.0,0.12321859709847659
NC_002695.1,SAGE-GI-P,1175951,1200439,True,5951.0,13560.0,9755.5,-5951.0,13560.0,0.5565681818181818
NC_002695.1,SAGE-GI-P,1261815,1308715,True,20185.0,1284.0,10734.5,20185.0,1284.0,0.5544464044827229
NC_002695.1,SAGE-GI-P,1370469,1384331,False,,,,,,0.0
NC_002695.1,SAGE-GI-P,1576222,1586030,True,34222.0,1969.0,18095.5,-34222.0,1969.0,0.2132391304347826
NC_002695.1,SAGE-GI-P,1632953,1649856,True,17953.0,20143.0,19048.0,-17953.0,20143.0,0.30734545454545453
NC_002695.1,SAGE-GI-P,1794372,1806432,True,26372.0,8567.0,17469.5,-26372.0,8567.0,0.25661702127659575
NC_002695.1,SAGE-GI-P,1806490,1814622,True,38490.0,377.0,19433.5,-38490.0,377.0,0.17304255319148937
NC_002695.1,SAGE-GI-P,2163037,2176998,False,,,,,,0.0
NC_002695.1,SAGE-GI-P,2186819,2199650,True,11181.0,33349.0,22265.0,11181.0,33349.0,0.035750633377362985
NC_002695.1,SAGE-GI-P,2209427,2217595,True,11427.0,15404.0,13415.5,-11427.0,15404.0,0.2334
NC_002695.1,SAGE-GI-P,2668006,2692134,False,,,,,,0.0
NC_002695.1,SAGE-GI-P,2703533,2712021,False,,,,,,0.0
NC_002695.1,SAGE-GI-P,2895918,2926516,True,5082.0,2517.0,3799.5,5082.0,-2517.0,0.751658550933037
NC_002695.1,SAGE-GI-P,3194298,3205054,False,,,,,,0.0
NC_002695.1,SAGE-GI-P,3853554,3863174,False,,,,,,0.0
NC_002695.1,SAGE-GI-P,3866045,3874933,False,,,,,,0.0
NC_002695.1,SAGE-GI-P,4584153,4606878,True,3847.0,17121.0,10484.0,3847.0,17121.0,0.4737872361783823
NC_002695.1,SAGE-GI-P,5359699,5390699,False,,,,,,0.0
NC_002695.1,Emb-only-P,579578,597134,False,,,,,,0.0
NC_002695.1,Emb-only-P,665643,674041,False,,,,,,0.0
NC_002695.1,Emb-only-P,902900,928837,True,1900.0,2162.0,2031.0,-1900.0,2162.0,0.8646
NC_002695.1,Emb-only-P,1167197,1175766,True,2803.0,38233.0,20518.0,2803.0,38233.0,0.12321859709847659
NC_002695.1,Emb-only-P,1175951,1200439,True,5951.0,13560.0,9755.5,-5951.0,13560.0,0.5565681818181818
NC_002695.1,Emb-only-P,1261815,1308715,True,6815.0,284.0,3549.5,-6815.0,284.0,0.868537037037037
NC_002695.1,Emb-only-P,1370469,1384331,True,469.0,89668.0,45068.5,-469.0,89668.0,0.13329807692307694
NC_002695.1,Emb-only-P,1576222,1586030,True,34222.0,1969.0,18095.5,-34222.0,1969.0,0.2132391304347826
NC_002695.1,Emb-only-P,1632953,1649856,True,17953.0,20143.0,19048.0,-17953.0,20143.0,0.30734545454545453
NC_002695.1,Emb-only-P,1794372,1806432,True,26372.0,8567.0,17469.5,-26372.0,8567.0,0.25661702127659575
NC_002695.1,Emb-only-P,1806490,1814622,True,38490.0,377.0,19433.5,-38490.0,377.0,0.17304255319148937
NC_002695.1,Emb-only-P,2163037,2176998,False,,,,,,0.0
NC_002695.1,Emb-only-P,2186819,2199650,True,11181.0,33349.0,22265.0,11181.0,33349.0,0.035750633377362985
NC_002695.1,Emb-only-P,2209427,2217595,True,11427.0,15404.0,13415.5,-11427.0,15404.0,0.2334
NC_002695.1,Emb-only-P,2668006,2692134,False,,,,,,0.0
NC_002695.1,Emb-only-P,2703533,2712021,False,,,,,,0.0
NC_002695.1,Emb-only-P,2895918,2926516,True,5082.0,2517.0,3799.5,5082.0,-2517.0,0.751658550933037
NC_002695.1,Emb-only-P,3194298,3205054,False,,,,,,0.0
NC_002695.1,Emb-only-P,3853554,3863174,False,,,,,,0.0
NC_002695.1,Emb-only-P,3866045,3874933,False,,,,,,0.0
NC_002695.1,Emb-only-P,4584153,4606878,True,3847.0,17121.0,10484.0,3847.0,17121.0,0.4737872361783823
NC_002695.1,Emb-only-P,5359699,5390699,False,,,,,,0.0
NC_002695.1,SAGE-GI-R,579578,597134,True,1028.0,33115.0,17071.5,-1028.0,33115.0,0.3395938104448743
NC_002695.1,SAGE-GI-R,665643,674041,True,4393.0,6008.0,5200.5,-4393.0,6008.0,0.4467553191489362
NC_002695.1,SAGE-GI-R,902900,928837,True,19850.0,4012.0,11931.0,-19850.0,4012.0,0.5208433734939759
NC_002695.1,SAGE-GI-R,1167197,1175766,True,5847.0,38283.0,22065.0,-5847.0,38283.0,0.16261859582542695
NC_002695.1,SAGE-GI-R,1175951,1200439,True,14601.0,13610.0,14105.5,-14601.0,13610.0,0.46468690702087284
NC_002695.1,SAGE-GI-R,1261815,1308715,True,16665.0,1534.0,9099.5,-16665.0,1534.0,0.7204454685099846
NC_002695.1,SAGE-GI-R,1370469,1384331,True,40119.0,74418.0,57268.5,-40119.0,74418.0,0.10796728971962617
NC_002695.1,SAGE-GI-R,1576222,1586030,True,33872.0,80719.0,57295.5,-33872.0,80719.0,0.07885048231511255
NC_002695.1,SAGE-GI-R,1632953,1649856,True,90603.0,16893.0,53748.0,-90603.0,16893.0,0.13588424437299035
NC_002695.1,SAGE-GI-R,1794372,1806432,True,38022.0,10717.0,24369.5,-38022.0,10717.0,0.1983717105263158
NC_002695.1,SAGE-GI-R,1806490,1814622,True,50140.0,2527.0,26333.5,-50140.0,2527.0,0.13376644736842105
NC_002695.1,SAGE-GI-R,2163037,2176998,True,7187.0,80851.0,44019.0,-7187.0,80851.0,0.13688235294117648
NC_002695.1,SAGE-GI-R,2186819,2199650,True,30969.0,58199.0,44584.0,-30969.0,58199.0,0.12580392156862746
NC_002695.1,SAGE-GI-R,2209427,2217595,True,53577.0,40254.0,46915.5,-53577.0,40254.0,0.08008823529411764
NC_002695.1,SAGE-GI-R,2668006,2692134,True,7056.0,64315.0,35685.5,-7056.0,64315.0,0.25265968586387433
NC_002695.1,SAGE-GI-R,2703533,2712021,True,42583.0,44428.0,43505.5,-42583.0,44428.0,0.08889005235602095
NC_002695.1,SAGE-GI-R,2895918,2926516,True,3168.0,18533.0,10850.5,-3168.0,18533.0,0.5850669216061185
NC_002695.1,SAGE-GI-R,3194298,3205054,True,5148.0,20195.0,12671.5,-5148.0,20195.0,0.2979778393351801
NC_002695.1,SAGE-GI-R,3853554,3863174,True,2604.0,14375.0,8489.5,-2604.0,14375.0,0.3616917293233083
NC_002695.1,SAGE-GI-R,3866045,3874933,True,15095.0,2616.0,8855.5,-15095.0,2616.0,0.33417293233082707
NC_002695.1,SAGE-GI-R,4584153,4606878,True,3003.0,39471.0,21237.0,-3003.0,39471.0,0.348558282208589
NC_002695.1,SAGE-GI-R,5359699,5390699,True,16349.0,15250.0,15799.5,-16349.0,-15250.0,0.33265047518479407
NC_002695.1,Emb-only-R,579578,597134,True,1128.0,5715.0,3421.5,-1128.0,5715.0,0.7195491803278689
NC_002695.1,Emb-only-R,665643,674041,True,3993.0,9008.0,6500.5,-3993.0,9008.0,0.3924766355140187
NC_002695.1,Emb-only-R,902900,928837,True,16950.0,3912.0,10431.0,-16950.0,3912.0,0.5542307692307692
NC_002695.1,Emb-only-R,1167197,1175766,True,5547.0,38483.0,22015.0,-5547.0,38483.0,0.1629277566539924
NC_002695.1,Emb-only-R,1175951,1200439,True,14301.0,13810.0,14055.5,-14301.0,13810.0,0.4655703422053232
NC_002695.1,Emb-only-R,1261815,1308715,True,15765.0,3134.0,9449.5,-15765.0,3134.0,0.7127811550151976
NC_002695.1,Emb-only-R,1370469,1384331,True,38019.0,75418.0,56718.5,-38019.0,75418.0,0.10890023566378633
NC_002695.1,Emb-only-R,1576222,1586030,True,33672.0,82319.0,57995.5,-33672.0,82319.0,0.07797297297297297
NC_002695.1,Emb-only-R,1632953,1649856,True,90403.0,18493.0,54448.0,-90403.0,18493.0,0.13437201907790144
NC_002695.1,Emb-only-R,1794372,1806432,True,40722.0,10617.0,25669.5,-40722.0,10617.0,0.1902365930599369
NC_002695.1,Emb-only-R,1806490,1814622,True,52840.0,2427.0,27633.5,-52840.0,2427.0,0.1282807570977918
NC_002695.1,Emb-only-R,2163037,2176998,True,10087.0,79751.0,44919.0,-10087.0,79751.0,0.13450867052023122
NC_002695.1,Emb-only-R,2186819,2199650,True,33869.0,57099.0,45484.0,-33869.0,57099.0,0.1236223506743738
NC_002695.1,Emb-only-R,2209427,2217595,True,56477.0,39154.0,47815.5,-56477.0,39154.0,0.07869942196531791
NC_002695.1,Emb-only-R,2668006,2692134,True,10156.0,64115.0,37135.5,-10156.0,64115.0,0.24521341463414634
NC_002695.1,Emb-only-R,2703533,2712021,True,45683.0,44228.0,44955.5,-45683.0,44228.0,0.08627032520325204
NC_002695.1,Emb-only-R,2895918,2926516,True,1768.0,18033.0,9900.5,-1768.0,18033.0,0.6071230158730159
NC_002695.1,Emb-only-R,3194298,3205054,True,5348.0,42695.0,24021.5,-5348.0,42695.0,0.1829421768707483
NC_002695.1,Emb-only-R,3853554,3863174,True,2304.0,14475.0,8389.5,-2304.0,14475.0,0.3644318181818182
NC_002695.1,Emb-only-R,3866045,3874933,True,14795.0,2716.0,8755.5,-14795.0,2716.0,0.3367045454545455
NC_002695.1,Emb-only-R,4584153,4606878,True,3003.0,41471.0,22237.0,-3003.0,41471.0,0.3381845238095238
NC_002695.1,Emb-only-R,5359699,5390699,True,30849.0,12050.0,21449.5,-30849.0,-12050.0,0.3064025869037995
NC_002944.2,SAGE-GI-P,1877241,1886351,True,2759.0,17648.0,10203.5,2759.0,17648.0,0.2373780784035278
NC_002944.2,SAGE-GI-P,4146326,4159660,True,3674.0,64339.0,34006.5,3674.0,64339.0,0.12437881401756057
NC_002944.2,SAGE-GI-P,4159962,4183560,True,9962.0,40439.0,25200.5,-9962.0,40439.0,0.3189054054054054
NC_002944.2,Emb-only-P,1877241,1886351,True,2759.0,15648.0,9203.5,2759.0,15648.0,0.2565531725837069
NC_002944.2,Emb-only-P,4146326,4159660,True,3674.0,64339.0,34006.5,3674.0,64339.0,0.12437881401756057
NC_002944.2,Emb-only-P,4159962,4183560,True,9962.0,40439.0,25200.5,-9962.0,40439.0,0.3189054054054054
NC_002944.2,SAGE-GI-R,1877241,1886351,True,16291.0,22598.0,19444.5,-16291.0,22598.0,0.1898125
NC_002944.2,SAGE-GI-R,4146326,4159660,True,376.0,66389.0,33382.5,-376.0,66389.0,0.16647940074906367
NC_002944.2,SAGE-GI-R,4159962,4183560,True,14012.0,42489.0,28250.5,-14012.0,42489.0,0.2946192259675406
NC_002944.2,Emb-only-R,1877241,1886351,True,22391.0,17198.0,19794.5,-22391.0,17198.0,0.1870841889117043
NC_002944.2,Emb-only-R,4146326,4159660,True,776.0,69389.0,35082.5,-776.0,69389.0,0.1597005988023952
NC_002944.2,Emb-only-R,4159962,4183560,True,14412.0,45489.0,29950.5,-14412.0,45489.0,0.282622754491018
NC_002947.3,SAGE-GI-P,1763626,1772776,False,,,,,,0.0
NC_002947.3,SAGE-GI-P,2162618,2173663,True,382.0,53336.0,26859.0,382.0,53336.0,0.1656363579882576
NC_002947.3,SAGE-GI-P,2179370,2193933,True,16370.0,33066.0,24718.0,-16370.0,33066.0,0.2275625
NC_002947.3,SAGE-GI-P,2193986,2227516,True,30986.0,517.0,15751.5,-30986.0,-517.0,0.5117100919137592
NC_002947.3,SAGE-GI-P,2586092,2622772,True,92.0,10227.0,5159.5,-92.0,10227.0,0.7804468085106383
NC_002947.3,SAGE-GI-P,2910052,2921966,False,,,,,,0.0
NC_002947.3,SAGE-GI-P,2990013,2999148,False,,,,,,0.0
NC_002947.3,SAGE-GI-P,3008954,3029480,False,,,,,,0.0
NC_002947.3,SAGE-GI-P,3161333,3178191,False,,,,,,0.0
NC_002947.3,SAGE-GI-P,3192694,3200992,False,,,,,,0.0
NC_002947.3,SAGE-GI-P,3621849,3631998,False,,,,,,0.0
NC_002947.3,SAGE-GI-P,4174318,4192668,True,318.0,41331.0,20824.5,-318.0,41331.0,0.30585
NC_002947.3,SAGE-GI-P,4192862,4201782,True,18862.0,32217.0,25539.5,-18862.0,32217.0,0.14868333333333333
NC_002947.3,SAGE-GI-P,4207858,4233554,True,33858.0,445.0,17151.5,-33858.0,445.0,0.42828333333333335
NC_002947.3,SAGE-GI-P,4301439,4310593,False,,,,,,0.0
NC_002947.3,SAGE-GI-P,4394933,4417944,True,35933.0,14945.0,25439.0,-35933.0,-14945.0,0.13685639155144627
NC_002947.3,SAGE-GI-P,4484322,4493065,True,13322.0,8934.0,11128.0,-13322.0,8934.0,0.28206451612903227
NC_002947.3,SAGE-GI-P,4493110,4501309,True,22110.0,690.0,11400.0,-22110.0,690.0,0.2645161290322581
NC_002947.3,SAGE-GI-P,4605992,4632480,True,9008.0,1481.0,5244.5,9008.0,-1481.0,0.6040243119785571
NC_002947.3,SAGE-GI-P,5001720,5014126,True,1720.0,63873.0,32796.5,-1720.0,63873.0,0.15906410256410256
NC_002947.3,Emb-only-P,1763626,1772776,False,,,,,,0.0
NC_002947.3,Emb-only-P,2162618,2173663,True,382.0,53336.0,26859.0,382.0,53336.0,0.1656363579882576
NC_002947.3,Emb-only-P,2179370,2193933,True,16370.0,33066.0,24718.0,-16370.0,33066.0,0.2275625
NC_002947.3,Emb-only-P,2193986,2227516,True,30986.0,517.0,15751.5,-30986.0,-517.0,0.5117100919137592
NC_002947.3,Emb-only-P,2586092,2622772,True,92.0,10227.0,5159.5,-92.0,10227.0,0.7804468085106383
NC_002947.3,Emb-only-P,2910052,2921966,False,,,,,,0.0
NC_002947.3,Emb-only-P,2990013,2999148,False,,,,,,0.0
NC_002947.3,Emb-only-P,3008954,3029480,False,,,,,,0.0
NC_002947.3,Emb-only-P,3161333,3178191,False,,,,,,0.0
NC_002947.3,Emb-only-P,3192694,3200992,False,,,,,,0.0
NC_002947.3,Emb-only-P,3621849,3631998,False,,,,,,0.0
NC_002947.3,Emb-only-P,4174318,4192668,True,318.0,41331.0,20824.5,-318.0,41331.0,0.30585
NC_002947.3,Emb-only-P,4192862,4201782,True,18862.0,32217.0,25539.5,-18862.0,32217.0,0.14868333333333333
NC_002947.3,Emb-only-P,4207858,4233554,True,33858.0,445.0,17151.5,-33858.0,445.0,0.42828333333333335
NC_002947.3,Emb-only-P,4301439,4310593,False,,,,,,0.0
NC_002947.3,Emb-only-P,4394933,4417944,True,35933.0,18945.0,27439.0,-35933.0,-18945.0,0.0689965221816948
NC_002947.3,Emb-only-P,4484322,4493065,True,13322.0,8934.0,11128.0,-13322.0,8934.0,0.28206451612903227
NC_002947.3,Emb-only-P,4493110,4501309,True,22110.0,690.0,11400.0,-22110.0,690.0,0.2645161290322581
NC_002947.3,Emb-only-P,4605992,4632480,False,,,,,,0.0
NC_002947.3,Emb-only-P,5001720,5014126,True,1720.0,63873.0,32796.5,-1720.0,63873.0,0.15906410256410256
NC_002947.3,SAGE-GI-R,1763626,1772776,True,27476.0,11973.0,19724.5,-27476.0,11973.0,0.18829218106995885
NC_002947.3,SAGE-GI-R,2162618,2173663,True,19968.0,63586.0,41777.0,-19968.0,63586.0,0.11676532769556025
NC_002947.3,SAGE-GI-R,2179370,2193933,True,36720.0,43316.0,40018.0,-36720.0,43316.0,0.15395348837209302
NC_002947.3,SAGE-GI-R,2193986,2227516,True,51336.0,9733.0,30534.5,-51336.0,9733.0,0.35445031712473574
NC_002947.3,SAGE-GI-R,2586092,2622772,True,4042.0,13577.0,8809.5,-4042.0,13577.0,0.6755248618784531
NC_002947.3,SAGE-GI-R,2910052,2921966,False,,,,,,0.0
NC_002947.3,SAGE-GI-R,2990013,2999148,True,9863.0,501.0,5182.0,-9863.0,501.0,0.4685128205128205
NC_002947.3,SAGE-GI-R,3008954,3029480,False,,,,,,0.0
NC_002947.3,SAGE-GI-R,3161333,3178191,True,31683.0,37958.0,34820.5,-31683.0,37958.0,0.19490173410404624
NC_002947.3,SAGE-GI-R,3192694,3200992,True,63044.0,15157.0,39100.5,-63044.0,15157.0,0.09594219653179191
NC_002947.3,SAGE-GI-R,3621849,3631998,False,,,,,,0.0
NC_002947.3,SAGE-GI-R,4174318,4192668,True,3968.0,43681.0,23824.5,-3968.0,43681.0,0.27804545454545454
NC_002947.3,SAGE-GI-R,4192862,4201782,True,22512.0,34567.0,28539.5,-22512.0,34567.0,0.13516666666666666
NC_002947.3,SAGE-GI-R,4207858,4233554,True,37508.0,2795.0,20151.5,-37508.0,2795.0,0.38934848484848483
NC_002947.3,SAGE-GI-R,4301439,4310593,True,9189.0,15356.0,12272.5,-9189.0,15356.0,0.27166172106824926
NC_002947.3,SAGE-GI-R,4394933,4417944,True,42183.0,14805.0,28494.0,-42183.0,14805.0,0.28765
NC_002947.3,SAGE-GI-R,4484322,4493065,True,25872.0,17284.0,21578.0,-25872.0,17284.0,0.16847784200385357
NC_002947.3,SAGE-GI-R,4493110,4501309,True,34660.0,9040.0,21850.0,-34660.0,9040.0,0.1579961464354528
NC_002947.3,SAGE-GI-R,4605992,4632480,True,8742.0,2869.0,5805.5,-8742.0,2869.0,0.695249343832021
NC_002947.3,SAGE-GI-R,5001720,5014126,True,4570.0,71823.0,38196.5,-4570.0,71823.0,0.13971846846846847
NC_002947.3,Emb-only-R,1763626,1772776,True,27876.0,26273.0,27074.5,-27876.0,26273.0,0.144565560821485
NC_002947.3,Emb-only-R,2162618,2173663,True,18568.0,66186.0,42377.0,-18568.0,66186.0,0.11530271398747391
NC_002947.3,Emb-only-R,2179370,2193933,True,35320.0,45916.0,40618.0,-35320.0,45916.0,0.1520250521920668
NC_002947.3,Emb-only-R,2193986,2227516,True,49936.0,12333.0,31134.5,-49936.0,12333.0,0.35001043841336116
NC_002947.3,Emb-only-R,2586092,2622772,True,4142.0,13477.0,8809.5,-4142.0,13477.0,0.6755248618784531
NC_002947.3,Emb-only-R,2910052,2921966,False,,,,,,0.0
NC_002947.3,Emb-only-R,2990013,2999148,True,9863.0,1899.0,5881.0,-9863.0,-1899.0,0.38091478498868364
NC_002947.3,Emb-only-R,3008954,3029480,False,,,,,,0.0
NC_002947.3,Emb-only-R,3161333,3178191,True,32583.0,41058.0,36820.5,-32583.0,41058.0,0.18628729281767956
NC_002947.3,Emb-only-R,3192694,3200992,True,63944.0,18257.0,41100.5,-63944.0,18257.0,0.09170165745856354
NC_002947.3,Emb-only-R,3621849,3631998,False,,,,,,0.0
NC_002947.3,Emb-only-R,4174318,4192668,True,4668.0,43781.0,24224.5,-4668.0,43781.0,0.27471556886227544
NC_002947.3,Emb-only-R,4192862,4201782,True,23212.0,34667.0,28939.5,-23212.0,34667.0,0.13354790419161677
NC_002947.3,Emb-only-R,4207858,4233554,True,38208.0,2895.0,20551.5,-38208.0,2895.0,0.384685628742515
NC_002947.3,Emb-only-R,4301439,4310593,True,6589.0,15556.0,11072.5,-6589.0,15556.0,0.2924920127795527
NC_002947.3,Emb-only-R,4394933,4417944,True,44883.0,16705.0,30794.0,-44883.0,16705.0,0.2720094562647754
NC_002947.3,Emb-only-R,4484322,4493065,True,25972.0,18784.0,22378.0,-25972.0,18784.0,0.1634392523364486
NC_002947.3,Emb-only-R,4493110,4501309,True,34760.0,10540.0,22650.0,-34760.0,10540.0,0.15327102803738318
NC_002947.3,Emb-only-R,4605992,4632480,True,12942.0,2769.0,7855.5,-12942.0,2769.0,0.6277014218009479
NC_002947.3,Emb-only-R,5001720,5014126,True,4070.0,71223.0,37646.5,-4070.0,71223.0,0.1414709236031927
NC_003047.1,SAGE-GI-P,493139,503966,False,,,,,,0.0
NC_003047.1,SAGE-GI-P,539648,561402,True,2352.0,403.0,1377.5,2352.0,-403.0,0.8733624454148472
NC_003047.1,SAGE-GI-P,1836434,1845539,False,,,,,,0.0
NC_003047.1,SAGE-GI-P,2483205,2496702,True,9205.0,8297.0,8751.0,-9205.0,8297.0,0.4354193548387097
NC_003047.1,SAGE-GI-P,3356258,3375743,True,1742.0,65256.0,33499.0,1742.0,65256.0,0.20938849684926011
NC_003047.1,SAGE-GI-P,3375843,3385113,True,17843.0,55886.0,36864.5,-17843.0,55886.0,0.1116987951807229
NC_003047.1,SAGE-GI-P,3399663,3438595,True,41663.0,2404.0,22033.5,-41663.0,2404.0,0.4690722891566265
NC_003047.1,Emb-only-P,493139,503966,False,,,,,,0.0
NC_003047.1,Emb-only-P,539648,561402,True,2352.0,403.0,1377.5,2352.0,-403.0,0.8733624454148472
NC_003047.1,Emb-only-P,1836434,1845539,False,,,,,,0.0
NC_003047.1,Emb-only-P,2483205,2496702,False,,,,,,0.0
NC_003047.1,Emb-only-P,3356258,3375743,True,1742.0,65256.0,33499.0,1742.0,65256.0,0.20938849684926011
NC_003047.1,Emb-only-P,3375843,3385113,True,17843.0,55886.0,36864.5,-17843.0,55886.0,0.1116987951807229
NC_003047.1,Emb-only-P,3399663,3438595,True,41663.0,2404.0,22033.5,-41663.0,2404.0,0.4690722891566265
NC_003047.1,SAGE-GI-R,493139,503966,True,1789.0,6383.0,4086.0,-1789.0,6383.0,0.5698947368421052
NC_003047.1,SAGE-GI-R,539648,561402,True,6198.0,2647.0,4422.5,-6198.0,2647.0,0.7109477124183007
NC_003047.1,SAGE-GI-R,1836434,1845539,True,2416.0,18110.0,10263.0,2416.0,18110.0,0.24581128747795414
NC_003047.1,SAGE-GI-R,2483205,2496702,True,12455.0,10747.0,11601.0,-12455.0,10747.0,0.36779291553133514
NC_003047.1,SAGE-GI-R,3356258,3375743,True,10408.0,110906.0,60657.0,-10408.0,110906.0,0.13839488636363637
NC_003047.1,SAGE-GI-R,3375843,3385113,True,29993.0,101536.0,65764.5,-29993.0,101536.0,0.06584517045454545
NC_003047.1,SAGE-GI-R,3399663,3438595,True,53813.0,48054.0,50933.5,-53813.0,48054.0,0.27651278409090907
NC_003047.1,Emb-only-R,493139,503966,True,889.0,4383.0,2636.0,-889.0,4383.0,0.6725465838509317
NC_003047.1,Emb-only-R,539648,561402,True,6298.0,2547.0,4422.5,-6298.0,2547.0,0.7109477124183007
NC_003047.1,Emb-only-R,1836434,1845539,True,65184.0,16310.0,40747.0,-65184.0,16310.0,0.10050772626931567
NC_003047.1,Emb-only-R,2483205,2496702,True,10755.0,7847.0,9301.0,-10755.0,7847.0,0.42049844236760126
NC_003047.1,Emb-only-R,3356258,3375743,True,1808.0,88206.0,45007.0,-1808.0,88206.0,0.17795433789954337
NC_003047.1,Emb-only-R,3375843,3385113,True,21393.0,78836.0,50114.5,-21393.0,78836.0,0.08466666666666667
NC_003047.1,Emb-only-R,3399663,3438595,True,45213.0,25354.0,35283.5,-45213.0,25354.0,0.35555251141552513
NC_003197.1,SAGE-GI-P,962583,977169,True,417.0,29830.0,15123.5,417.0,29830.0,0.31902199608258097
NC_003197.1,SAGE-GI-P,991550,1002019,True,28550.0,4980.0,16765.0,-28550.0,4980.0,0.23795454545454545
NC_003197.1,SAGE-GI-P,1113799,1121814,True,21799.0,23185.0,22492.0,-21799.0,23185.0,0.15124528301886792
NC_003197.1,SAGE-GI-P,1121831,1141786,True,29831.0,3213.0,16522.0,-29831.0,3213.0,0.3765283018867924
NC_003197.1,SAGE-GI-P,2732792,2749787,True,4792.0,46212.0,25502.0,-4792.0,46212.0,0.24994117647058822
NC_003197.1,SAGE-GI-P,4735654,4746585,False,,,,,,0.0
NC_003197.1,Emb-only-P,962583,977169,True,417.0,29830.0,15123.5,417.0,29830.0,0.31902199608258097
NC_003197.1,Emb-only-P,991550,1002019,True,28550.0,4980.0,16765.0,-28550.0,4980.0,0.23795454545454545
NC_003197.1,Emb-only-P,1113799,1121814,True,21799.0,23185.0,22492.0,-21799.0,23185.0,0.15124528301886792
NC_003197.1,Emb-only-P,1121831,1141786,True,29831.0,3213.0,16522.0,-29831.0,3213.0,0.3765283018867924
NC_003197.1,Emb-only-P,2732792,2749787,True,4792.0,46212.0,25502.0,-4792.0,46212.0,0.24994117647058822
NC_003197.1,Emb-only-P,4735654,4746585,False,,,,,,0.0
NC_003197.1,SAGE-GI-R,962583,977169,True,133.0,31280.0,15706.5,-133.0,31280.0,0.3171086956521739
NC_003197.1,SAGE-GI-R,991550,1002019,True,29100.0,6430.0,17765.0,-29100.0,6430.0,0.22760869565217393
NC_003197.1,SAGE-GI-R,1113799,1121814,True,23049.0,25535.0,24292.0,-23049.0,25535.0,0.14162544169611307
NC_003197.1,SAGE-GI-R,1121831,1141786,True,31081.0,5563.0,18322.0,-31081.0,5563.0,0.35257950530035337
NC_003197.1,SAGE-GI-R,2732792,2749787,True,8042.0,31262.0,19652.0,-8042.0,31262.0,0.3018827708703375
NC_003197.1,SAGE-GI-R,4735654,4746585,True,9404.0,41364.0,25384.0,-9404.0,41364.0,0.17717990275526743
NC_003197.1,Emb-only-R,962583,977169,True,33.0,31180.0,15606.5,-33.0,31180.0,0.3184934497816594
NC_003197.1,Emb-only-R,991550,1002019,True,29000.0,6330.0,17665.0,-29000.0,6330.0,0.22860262008733626
NC_003197.1,Emb-only-R,1113799,1121814,True,23449.0,33335.0,28392.0,-23449.0,33335.0,0.1237037037037037
NC_003197.1,Emb-only-R,1121831,1141786,True,31481.0,13363.0,22422.0,-31481.0,13363.0,0.30796296296296294
NC_003197.1,Emb-only-R,2732792,2749787,True,10942.0,30962.0,20952.0,-10942.0,30962.0,0.28855687606112057
NC_003197.1,Emb-only-R,4735654,4746585,True,14904.0,43164.0,29034.0,-14904.0,43164.0,0.15843478260869565
NC_003198.1,SAGE-GI-P,1538736,1559414,True,1264.0,15585.0,8424.5,1264.0,15585.0,0.5353794396646813
NC_003198.1,SAGE-GI-P,2759628,2768827,False,,,,,,0.0
NC_003198.1,SAGE-GI-P,3528869,3538947,True,16869.0,61052.0,38960.5,-16869.0,61052.0,0.1145340909090909
NC_003198.1,SAGE-GI-P,3539123,3549057,True,27123.0,50942.0,39032.5,-27123.0,50942.0,0.11289772727272727
NC_003198.1,SAGE-GI-P,4409568,4428220,True,6568.0,114779.0,60673.5,-6568.0,114779.0,0.1332357142857143
NC_003198.1,SAGE-GI-P,4436016,4460910,True,33016.0,82089.0,57552.5,-33016.0,82089.0,0.17782142857142857
NC_003198.1,SAGE-GI-P,4460927,4474850,True,57927.0,68149.0,63038.0,-57927.0,68149.0,0.09945714285714286
NC_003198.1,SAGE-GI-P,4510150,4518992,True,107150.0,24007.0,65578.5,-107150.0,24007.0,0.06316428571428571
NC_003198.1,SAGE-GI-P,4519044,4536620,True,116044.0,6379.0,61211.5,-116044.0,6379.0,0.12555
NC_003198.1,SAGE-GI-P,4696669,4705391,True,13669.0,15608.0,14638.5,-13669.0,15608.0,0.22955263157894737
NC_003198.1,SAGE-GI-P,4706309,4716574,True,23309.0,4425.0,13867.0,-23309.0,4425.0,0.2701578947368421
NC_003198.1,Emb-only-P,1538736,1559414,True,1264.0,15585.0,8424.5,1264.0,15585.0,0.5353794396646813
NC_003198.1,Emb-only-P,2759628,2768827,False,,,,,,0.0
NC_003198.1,Emb-only-P,3528869,3538947,True,16869.0,61052.0,38960.5,-16869.0,61052.0,0.1145340909090909
NC_003198.1,Emb-only-P,3539123,3549057,True,27123.0,50942.0,39032.5,-27123.0,50942.0,0.11289772727272727
NC_003198.1,Emb-only-P,4409568,4428220,True,6568.0,114779.0,60673.5,-6568.0,114779.0,0.1332357142857143
NC_003198.1,Emb-only-P,4436016,4460910,True,33016.0,82089.0,57552.5,-33016.0,82089.0,0.17782142857142857
NC_003198.1,Emb-only-P,4460927,4474850,True,57927.0,68149.0,63038.0,-57927.0,68149.0,0.09945714285714286
NC_003198.1,Emb-only-P,4510150,4518992,True,107150.0,24007.0,65578.5,-107150.0,24007.0,0.06316428571428571
NC_003198.1,Emb-only-P,4519044,4536620,True,116044.0,6379.0,61211.5,-116044.0,6379.0,0.12555
NC_003198.1,Emb-only-P,4696669,4705391,True,13669.0,15608.0,14638.5,-13669.0,15608.0,0.22955263157894737
NC_003198.1,Emb-only-P,4706309,4716574,True,23309.0,4425.0,13867.0,-23309.0,4425.0,0.2701578947368421
NC_003198.1,SAGE-GI-R,1538736,1559414,True,4686.0,14835.0,9760.5,-4686.0,14835.0,0.5144029850746269
NC_003198.1,SAGE-GI-R,2759628,2768827,True,19578.0,15422.0,17500.0,-19578.0,15422.0,0.2081447963800905
NC_003198.1,SAGE-GI-R,3528869,3538947,True,17819.0,69802.0,43810.5,-17819.0,69802.0,0.10316274309109519
NC_003198.1,SAGE-GI-R,3539123,3549057,True,28073.0,59692.0,43882.5,-28073.0,59692.0,0.10168884339815762
NC_003198.1,SAGE-GI-R,4409568,4428220,True,6018.0,121629.0,63823.5,-6018.0,121629.0,0.12749829118250172
NC_003198.1,SAGE-GI-R,4436016,4460910,True,32466.0,88939.0,60702.5,-32466.0,88939.0,0.17016404647983596
NC_003198.1,SAGE-GI-R,4460927,4474850,True,57377.0,74999.0,66188.0,-57377.0,74999.0,0.0951742993848257
NC_003198.1,SAGE-GI-R,4510150,4518992,True,106600.0,30857.0,68728.5,-106600.0,30857.0,0.06044429254955571
NC_003198.1,SAGE-GI-R,4519044,4536620,True,115494.0,13229.0,64361.5,-115494.0,13229.0,0.12014354066985646
NC_003198.1,SAGE-GI-R,4696669,4705391,True,19219.0,47658.0,33438.5,-19219.0,47658.0,0.11538359788359788
NC_003198.1,SAGE-GI-R,4706309,4716574,True,28859.0,36475.0,32667.0,-28859.0,36475.0,0.1357936507936508
NC_003198.1,Emb-only-R,1538736,1559414,True,3486.0,14635.0,9060.5,-3486.0,14635.0,0.5329639175257732
NC_003198.1,Emb-only-R,2759628,2768827,True,17378.0,11422.0,14400.0,-17378.0,11422.0,0.24210526315789474
NC_003198.1,Emb-only-R,3528869,3538947,True,22819.0,87702.0,55260.5,-22819.0,87702.0,0.08357379767827529
NC_003198.1,Emb-only-R,3539123,3549057,True,33073.0,77592.0,55332.5,-33073.0,77592.0,0.08237976782752902
NC_003198.1,Emb-only-R,4409568,4428220,True,5518.0,121229.0,63373.5,-5518.0,121229.0,0.12828748280605226
NC_003198.1,Emb-only-R,4436016,4460910,True,31966.0,88539.0,60252.5,-31966.0,88539.0,0.17121733149931223
NC_003198.1,Emb-only-R,4460927,4474850,True,56877.0,74599.0,65738.0,-56877.0,74599.0,0.09576341127922972
NC_003198.1,Emb-only-R,4510150,4518992,True,106100.0,30457.0,68278.5,-106100.0,30457.0,0.06081843191196699
NC_003198.1,Emb-only-R,4519044,4536620,True,114994.0,12829.0,63911.5,-114994.0,12829.0,0.12088720770288858
NC_003198.1,Emb-only-R,4696669,4705391,True,21719.0,51158.0,36438.5,-21719.0,51158.0,0.10689950980392157
NC_003198.1,Emb-only-R,4706309,4716574,True,31359.0,39975.0,35667.0,-31359.0,39975.0,0.12580882352941178
NC_003485.1,SAGE-GI-P,311381,323332,True,619.0,10667.0,5643.0,619.0,10667.0,0.5010389495556833
NC_003485.1,Emb-only-P,311381,323332,False,,,,,,0.0
NC_003485.1,SAGE-GI-R,311381,323332,True,19931.0,9717.0,14824.0,-19931.0,9717.0,0.2873076923076923
NC_003485.1,Emb-only-R,311381,323332,True,18831.0,9417.0,14124.0,-18831.0,9417.0,0.2973134328358209
NC_003923.1,SAGE-GI-P,1536218,1556314,True,22218.0,23685.0,22951.5,-22218.0,23685.0,0.3045
NC_003923.1,Emb-only-P,1536218,1556314,True,18218.0,23685.0,20951.5,-18218.0,23685.0,0.32414516129032256
NC_003923.1,SAGE-GI-R,1536218,1556314,True,13768.0,20535.0,17151.5,-13768.0,20535.0,0.36943014705882354
NC_003923.1,Emb-only-R,1536218,1556314,True,12168.0,19635.0,15901.5,-12168.0,19635.0,0.3872254335260116
NC_003909.8,SAGE-GI-P,384106,434163,True,106.0,3836.0,1971.0,-106.0,3836.0,0.927
NC_003909.8,SAGE-GI-P,859294,884110,False,,,,,,0.0
NC_003909.8,SAGE-GI-P,4256757,4285391,True,15757.0,608.0,8182.5,-15757.0,608.0,0.6363333333333333
NC_003909.8,Emb-only-P,384106,434163,True,106.0,3836.0,1971.0,-106.0,3836.0,0.927
NC_003909.8,Emb-only-P,859294,884110,False,,,,,,0.0
NC_003909.8,Emb-only-P,4256757,4285391,True,15757.0,21392.0,18574.5,-15757.0,-21392.0,0.16316002883402414
NC_003909.8,SAGE-GI-R,384106,434163,True,3156.0,10986.0,7071.0,-3156.0,10986.0,0.7797196261682243
NC_003909.8,SAGE-GI-R,859294,884110,True,3456.0,12339.0,7897.5,3456.0,12339.0,0.5749004198514371
NC_003909.8,SAGE-GI-R,4256757,4285391,True,22407.0,842.0,11624.5,-22407.0,-842.0,0.5445123623682457
NC_003909.8,Emb-only-R,384106,434163,True,3056.0,19086.0,11071.0,-3056.0,19086.0,0.6933240997229917
NC_003909.8,Emb-only-R,859294,884110,True,12256.0,13239.0,12747.5,12256.0,13239.0,0.3300662182047509
NC_003909.8,Emb-only-R,4256757,4285391,True,21707.0,2042.0,11874.5,-21707.0,-2042.0,0.5282467919431091
NC_004070.1,SAGE-GI-P,1259881,1270531,True,30881.0,2532.0,16706.5,-30881.0,-2532.0,0.1954878166233266
NC_004070.1,Emb-only-P,1259881,1270531,True,30881.0,2532.0,16706.5,-30881.0,-2532.0,0.1954878166233266
NC_004070.1,SAGE-GI-R,1259881,1270531,True,30531.0,782.0,15656.5,-30531.0,-782.0,0.23964353358263318
NC_004070.1,Emb-only-R,1259881,1270531,True,32531.0,682.0,16606.5,-32531.0,-682.0,0.23086008058913435
NC_003997.3,SAGE-GI-P,472369,483187,True,25369.0,3188.0,14278.5,-25369.0,-3188.0,0.21087100696363437
NC_003997.3,SAGE-GI-P,3762448,3772342,True,10448.0,17657.0,14052.5,-10448.0,17657.0,0.2603947368421053
NC_003997.3,SAGE-GI-P,4841751,4858385,True,4701.0,5836.0,5268.5,-4701.0,-5836.0,0.5061398575178103
NC_003997.3,Emb-only-P,472369,483187,False,,,,,,0.0
NC_003997.3,Emb-only-P,3762448,3772342,True,10448.0,8657.0,9552.5,-10448.0,8657.0,0.34120689655172415
NC_003997.3,Emb-only-P,4841751,4858385,True,7751.0,12614.0,10182.5,-7751.0,12614.0,0.4495945945945946
NC_003997.3,SAGE-GI-R,472369,483187,True,23519.0,362.0,11940.5,-23519.0,362.0,0.3117867435158501
NC_003997.3,SAGE-GI-R,3762448,3772342,True,16898.0,38107.0,27502.5,-16898.0,38107.0,0.15246533127889061
NC_003997.3,SAGE-GI-R,4841751,4858385,True,49501.0,6164.0,27832.5,-49501.0,6164.0,0.2300829875518672
NC_003997.3,Emb-only-R,472369,483187,True,27519.0,338.0,13928.5,-27519.0,-338.0,0.2733841097605509
NC_003997.3,Emb-only-R,3762448,3772342,True,14798.0,13407.0,14102.5,-14798.0,13407.0,0.2597112860892388
NC_003997.3,Emb-only-R,4841751,4858385,True,37101.0,8664.0,22882.5,-37101.0,8664.0,0.26658653846153846
NC_004116.1,SAGE-GI-P,1843031,1852235,True,8031.0,4764.0,6397.5,-8031.0,4764.0,0.4184090909090909
NC_004116.1,Emb-only-P,1843031,1852235,True,8031.0,4764.0,6397.5,-8031.0,4764.0,0.4184090909090909
NC_004116.1,SAGE-GI-R,1843031,1852235,True,13281.0,16214.0,14747.5,-13281.0,16214.0,0.23785529715762274
NC_004116.1,Emb-only-R,1843031,1852235,True,13781.0,17914.0,15847.5,-13781.0,17914.0,0.22506112469437653
NC_004088.1,SAGE-GI-P,3390241,3398733,False,,,,,,0.0
NC_004088.1,Emb-only-P,3390241,3398733,False,,,,,,0.0
NC_004088.1,SAGE-GI-R,3390241,3398733,True,29891.0,22716.0,26303.5,-29891.0,22716.0,0.13900163666121113
NC_004088.1,Emb-only-R,3390241,3398733,True,27891.0,22316.0,25103.5,-27891.0,22316.0,0.14468483816013628
NC_004337.1,SAGE-GI-P,237939,252747,True,22939.0,252.0,11595.5,-22939.0,252.0,0.38971052631578945
NC_004337.1,SAGE-GI-P,709772,720287,True,13772.0,30712.0,22242.0,-13772.0,30712.0,0.1912
NC_004337.1,SAGE-GI-P,1176437,1187086,False,,,,,,0.0
NC_004337.1,Emb-only-P,237939,252747,True,22939.0,252.0,11595.5,-22939.0,252.0,0.38971052631578945
NC_004337.1,Emb-only-P,709772,720287,True,13772.0,30712.0,22242.0,-13772.0,30712.0,0.1912
NC_004337.1,Emb-only-P,1176437,1187086,False,,,,,,0.0
NC_004337.1,SAGE-GI-R,237939,252747,True,27489.0,5602.0,16545.5,-27489.0,5602.0,0.3091649269311065
NC_004337.1,SAGE-GI-R,709772,720287,True,15222.0,39062.0,27142.0,-15222.0,39062.0,0.16228395061728396
NC_004337.1,SAGE-GI-R,1176437,1187086,True,7187.0,22863.0,15025.0,-7187.0,22863.0,0.2616707616707617
NC_004337.1,Emb-only-R,237939,252747,True,26789.0,5402.0,16095.5,-26789.0,5402.0,0.3150851063829787
NC_004337.1,Emb-only-R,709772,720287,True,17122.0,35062.0,26092.0,-17122.0,35062.0,0.16771929824561405
NC_004337.1,Emb-only-R,1176437,1187086,True,5987.0,14763.0,10375.0,-5987.0,14763.0,0.339171974522293
NC_004347.1,SAGE-GI-P,1513562,1536748,False,,,,,,0.0
NC_004347.1,SAGE-GI-P,1964626,1973281,False,,,,,,0.0
NC_004347.1,SAGE-GI-P,2428052,2437846,False,,,,,,0.0
NC_004347.1,SAGE-GI-P,2812094,2822986,True,32094.0,13.0,16053.5,-32094.0,13.0,0.25332558139534883
NC_004347.1,Emb-only-P,1513562,1536748,True,33562.0,4251.0,18906.5,-33562.0,4251.0,0.38011475409836065
NC_004347.1,Emb-only-P,1964626,1973281,False,,,,,,0.0
NC_004347.1,Emb-only-P,2428052,2437846,False,,,,,,0.0
NC_004347.1,Emb-only-P,2812094,2822986,False,,,,,,0.0
NC_004347.1,SAGE-GI-R,1513562,1536748,True,52312.0,6301.0,29306.5,-52312.0,6301.0,0.2834596577017115
NC_004347.1,SAGE-GI-R,1964626,1973281,False,,,,,,0.0
NC_004347.1,SAGE-GI-R,2428052,2437846,True,5502.0,1803.0,3652.5,-5502.0,1803.0,0.5728070175438597
NC_004347.1,SAGE-GI-R,2812094,2822986,True,27244.0,2237.0,14740.5,-27244.0,-2237.0,0.22697118284081075
NC_004347.1,Emb-only-R,1513562,1536748,True,51712.0,5501.0,28606.5,-51712.0,5501.0,0.2883955223880597
NC_004347.1,Emb-only-R,1964626,1973281,False,,,,,,0.0
NC_004347.1,Emb-only-R,2428052,2437846,True,9902.0,8803.0,9352.5,-9902.0,8803.0,0.3436842105263158
NC_004347.1,Emb-only-R,2812094,2822986,True,28244.0,2137.0,15190.5,-28244.0,-2137.0,0.22372690804098425
NC_004368.1,SAGE-GI-P,1395288,1419010,True,20288.0,10989.0,15638.5,-20288.0,10989.0,0.4313272727272727
NC_004368.1,SAGE-GI-P,1382304,1395261,True,7304.0,34738.0,21021.0,-7304.0,34738.0,0.2356
NC_004368.1,SAGE-GI-P,1163553,1197454,False,,,,,,0.0
NC_004368.1,Emb-only-P,1395288,1419010,True,50288.0,10989.0,30638.5,-50288.0,10989.0,0.2790941176470588
NC_004368.1,Emb-only-P,1382304,1395261,True,37304.0,34738.0,36021.0,-37304.0,34738.0,0.1524470588235294
NC_004368.1,Emb-only-P,1163553,1197454,True,13553.0,3455.0,8504.0,-13553.0,-3455.0,0.6415973027078284
NC_004368.1,SAGE-GI-R,1395288,1419010,True,48238.0,11339.0,29788.5,-48238.0,11339.0,0.28478991596638653
NC_004368.1,SAGE-GI-R,1382304,1395261,True,35254.0,35088.0,35171.0,-35254.0,35088.0,0.15555822328931573
NC_004368.1,SAGE-GI-R,1163553,1197454,True,8803.0,805.0,4804.0,-8803.0,-805.0,0.7750146352886079
NC_004368.1,Emb-only-R,1395288,1419010,True,53538.0,9539.0,31538.5,-53538.0,9539.0,0.27330645161290323
NC_004368.1,Emb-only-R,1382304,1395261,True,40554.0,33288.0,36921.0,-40554.0,33288.0,0.1492857142857143
NC_004368.1,Emb-only-R,1163553,1197454,True,6203.0,2405.0,4304.0,-6203.0,-2405.0,0.7853634210198229
NC_004431.1,SAGE-GI-P,258072,270992,True,23072.0,88007.0,55539.5,-23072.0,88007.0,0.10420161290322581
NC_004431.1,SAGE-GI-P,271672,289383,True,36672.0,69616.0,53144.0,-36672.0,69616.0,0.14283870967741935
NC_004431.1,SAGE-GI-P,289556,300230,True,54556.0,58769.0,56662.5,-54556.0,58769.0,0.08608870967741936
NC_004431.1,SAGE-GI-P,327266,348600,True,92266.0,10399.0,51332.5,-92266.0,10399.0,0.17205645161290323
NC_004431.1,SAGE-GI-P,386936,401285,False,,,,,,0.0
NC_004431.1,SAGE-GI-P,1127537,1138420,False,,,,,,0.0
NC_004431.1,SAGE-GI-P,1158635,1174406,True,635.0,74593.0,37614.0,-635.0,74593.0,0.1733186813186813
NC_004431.1,SAGE-GI-P,1182742,1191602,True,24742.0,57397.0,41069.5,-24742.0,57397.0,0.09737362637362637
NC_004431.1,SAGE-GI-P,1211249,1221027,True,53249.0,27972.0,40610.5,-53249.0,27972.0,0.10746153846153846
NC_004431.1,SAGE-GI-P,1221377,1241061,True,63377.0,7938.0,35657.5,-63377.0,7938.0,0.21631868131868132
NC_004431.1,SAGE-GI-P,1355965,1373083,True,6115.0,2834.0,4474.5,-6115.0,-2834.0,0.614831712145993
NC_004431.1,SAGE-GI-P,2194346,2210332,True,1346.0,49667.0,25506.5,-1346.0,49667.0,0.23861194029850746
NC_004431.1,SAGE-GI-P,2342643,2363817,True,75643.0,3182.0,39412.5,-75643.0,3182.0,0.21175
NC_004431.1,SAGE-GI-P,3415399,3425880,True,5399.0,103119.0,54259.0,-5399.0,103119.0,0.08808403361344538
NC_004431.1,SAGE-GI-P,3470572,3480284,True,60572.0,48715.0,54643.5,-60572.0,48715.0,0.0816218487394958
NC_004431.1,SAGE-GI-P,3480339,3496071,True,70339.0,32928.0,51633.5,-70339.0,32928.0,0.13221008403361345
NC_004431.1,SAGE-GI-P,3498116,3510911,True,88116.0,18088.0,53102.0,-88116.0,18088.0,0.10752941176470589
NC_004431.1,SAGE-GI-P,3519796,3532819,True,109796.0,3820.0,56808.0,-109796.0,-3820.0,0.07493893502686859
NC_004431.1,SAGE-GI-P,4294096,4311801,False,,,,,,0.0
NC_004431.1,SAGE-GI-P,4313541,4328984,False,,,,,,0.0
NC_004431.1,SAGE-GI-P,4329338,4343042,False,,,,,,0.0
NC_004431.1,SAGE-GI-P,4919334,4938191,True,9666.0,22808.0,16237.0,9666.0,22808.0,0.22061152978447654
NC_004431.1,Emb-only-P,258072,270992,True,23072.0,88007.0,55539.5,-23072.0,88007.0,0.10420161290322581
NC_004431.1,Emb-only-P,271672,289383,True,36672.0,69616.0,53144.0,-36672.0,69616.0,0.14283870967741935
NC_004431.1,Emb-only-P,289556,300230,True,54556.0,58769.0,56662.5,-54556.0,58769.0,0.08608870967741936
NC_004431.1,Emb-only-P,327266,348600,True,92266.0,10399.0,51332.5,-92266.0,10399.0,0.17205645161290323
NC_004431.1,Emb-only-P,386936,401285,False,,,,,,0.0
NC_004431.1,Emb-only-P,1127537,1138420,False,,,,,,0.0
NC_004431.1,Emb-only-P,1158635,1174406,True,635.0,74593.0,37614.0,-635.0,74593.0,0.1733186813186813
NC_004431.1,Emb-only-P,1182742,1191602,True,24742.0,57397.0,41069.5,-24742.0,57397.0,0.09737362637362637
NC_004431.1,Emb-only-P,1211249,1221027,True,53249.0,27972.0,40610.5,-53249.0,27972.0,0.10746153846153846
NC_004431.1,Emb-only-P,1221377,1241061,True,63377.0,7938.0,35657.5,-63377.0,7938.0,0.21631868131868132
NC_004431.1,Emb-only-P,1355965,1373083,True,22965.0,14916.0,18940.5,-22965.0,14916.0,0.31125454545454545
NC_004431.1,Emb-only-P,2194346,2210332,True,1346.0,49667.0,25506.5,-1346.0,49667.0,0.23861194029850746
NC_004431.1,Emb-only-P,2342643,2363817,True,20643.0,3182.0,11912.5,-20643.0,3182.0,0.47055555555555556
NC_004431.1,Emb-only-P,3415399,3425880,True,5399.0,103119.0,54259.0,-5399.0,103119.0,0.08808403361344538
NC_004431.1,Emb-only-P,3470572,3480284,True,60572.0,48715.0,54643.5,-60572.0,48715.0,0.0816218487394958
NC_004431.1,Emb-only-P,3480339,3496071,True,70339.0,32928.0,51633.5,-70339.0,32928.0,0.13221008403361345
NC_004431.1,Emb-only-P,3498116,3510911,True,88116.0,18088.0,53102.0,-88116.0,18088.0,0.10752941176470589
NC_004431.1,Emb-only-P,3519796,3532819,True,109796.0,3820.0,56808.0,-109796.0,-3820.0,0.07493893502686859
NC_004431.1,Emb-only-P,4294096,4311801,False,,,,,,0.0
NC_004431.1,Emb-only-P,4313541,4328984,False,,,,,,0.0
NC_004431.1,Emb-only-P,4329338,4343042,False,,,,,,0.0
NC_004431.1,Emb-only-P,4919334,4938191,True,9666.0,29808.0,19737.0,9666.0,29808.0,0.18887929971643447
NC_004431.1,SAGE-GI-R,258072,270992,True,27122.0,82457.0,54789.5,-27122.0,82457.0,0.10547755102040816
NC_004431.1,SAGE-GI-R,271672,289383,True,40722.0,64066.0,52394.0,-40722.0,64066.0,0.1445877551020408
NC_004431.1,SAGE-GI-R,289556,300230,True,58606.0,53219.0,55912.5,-58606.0,53219.0,0.08714285714285715
NC_004431.1,SAGE-GI-R,327266,348600,True,96316.0,4849.0,50582.5,-96316.0,4849.0,0.17416326530612244
NC_004431.1,SAGE-GI-R,386936,401285,True,19486.0,26164.0,22825.0,-19486.0,26164.0,0.23916666666666667
NC_004431.1,SAGE-GI-R,1127537,1138420,True,7587.0,112129.0,59858.0,-7587.0,112129.0,0.08333843797856048
NC_004431.1,SAGE-GI-R,1158635,1174406,True,38685.0,76143.0,57414.0,-38685.0,76143.0,0.1207656967840735
NC_004431.1,SAGE-GI-R,1182742,1191602,True,62792.0,58947.0,60869.5,-62792.0,58947.0,0.06784839203675344
NC_004431.1,SAGE-GI-R,1211249,1221027,True,91299.0,29522.0,60410.5,-91299.0,29522.0,0.07487748851454824
NC_004431.1,SAGE-GI-R,1221377,1241061,True,101427.0,9488.0,55457.5,-101427.0,9488.0,0.15072741194486983
NC_004431.1,SAGE-GI-R,1355965,1373083,True,28915.0,93066.0,60990.5,-28915.0,93066.0,0.12306973400431344
NC_004431.1,SAGE-GI-R,2194346,2210332,True,10396.0,205717.0,108056.5,-10396.0,205717.0,0.0688797931925894
NC_004431.1,SAGE-GI-R,2342643,2363817,True,158693.0,52232.0,105462.5,-158693.0,52232.0,0.09123222748815166
NC_004431.1,SAGE-GI-R,3415399,3425880,True,16049.0,106669.0,61359.0,-16049.0,106669.0,0.0786936936936937
NC_004431.1,SAGE-GI-R,3470572,3480284,True,71222.0,52265.0,61743.5,-71222.0,52265.0,0.07292042042042042
NC_004431.1,SAGE-GI-R,3480339,3496071,True,80989.0,36478.0,58733.5,-80989.0,36478.0,0.11811561561561562
NC_004431.1,SAGE-GI-R,3498116,3510911,True,98766.0,21638.0,60202.0,-98766.0,21638.0,0.09606606606606606
NC_004431.1,SAGE-GI-R,3519796,3532819,True,120446.0,270.0,60358.0,-120446.0,-270.0,0.09555705401962988
NC_004431.1,SAGE-GI-R,4294096,4311801,True,23646.0,152.0,11899.0,-23646.0,-152.0,0.4245018378796672
NC_004431.1,SAGE-GI-R,4313541,4328984,True,5509.0,24665.0,15087.0,5509.0,24665.0,0.2477000174524421
NC_004431.1,SAGE-GI-R,4329338,4343042,True,10288.0,10607.0,10447.5,-10288.0,10607.0,0.39609826589595376
NC_004431.1,SAGE-GI-R,4919334,4938191,True,13184.0,37658.0,25421.0,-13184.0,37658.0,0.27055954088952655
NC_004431.1,Emb-only-R,258072,270992,True,28222.0,81757.0,54989.5,-28222.0,81757.0,0.10513425549227014
NC_004431.1,Emb-only-R,271672,289383,True,41822.0,63366.0,52594.0,-41822.0,63366.0,0.14411716842961758
NC_004431.1,Emb-only-R,289556,300230,True,59706.0,52519.0,56112.5,-59706.0,52519.0,0.08685923515052889
NC_004431.1,Emb-only-R,327266,348600,True,97416.0,4149.0,50782.5,-97416.0,4149.0,0.17359641985353946
NC_004431.1,Emb-only-R,386936,401285,True,19286.0,30564.0,24925.0,-19286.0,30564.0,0.2235202492211838
NC_004431.1,Emb-only-R,1127537,1138420,True,5687.0,112929.0,59308.0,-5687.0,112929.0,0.08404633204633205
NC_004431.1,Emb-only-R,1158635,1174406,True,36785.0,76943.0,56864.0,-36785.0,76943.0,0.12179150579150579
NC_004431.1,Emb-only-R,1182742,1191602,True,60892.0,59747.0,60319.5,-60892.0,59747.0,0.06842471042471042
NC_004431.1,Emb-only-R,1211249,1221027,True,89399.0,30322.0,59860.5,-89399.0,30322.0,0.07551351351351351
NC_004431.1,Emb-only-R,1221377,1241061,True,99527.0,10288.0,54907.5,-99527.0,10288.0,0.152007722007722
NC_004431.1,Emb-only-R,1355965,1373083,True,25815.0,91966.0,58890.5,-25815.0,91966.0,0.12690140845070422
NC_004431.1,Emb-only-R,2194346,2210332,True,11796.0,162717.0,87256.5,-11796.0,162717.0,0.08392125984251969
NC_004431.1,Emb-only-R,2342643,2363817,True,160093.0,9232.0,84662.5,-160093.0,9232.0,0.11115485564304461
NC_004431.1,Emb-only-R,3415399,3425880,True,17949.0,106369.0,62159.0,-17949.0,106369.0,0.07775964391691395
NC_004431.1,Emb-only-R,3470572,3480284,True,73122.0,51965.0,62543.5,-73122.0,51965.0,0.07205489614243324
NC_004431.1,Emb-only-R,3480339,3496071,True,82889.0,36178.0,59533.5,-82889.0,36178.0,0.11671364985163205
NC_004431.1,Emb-only-R,3498116,3510911,True,100666.0,21338.0,61002.0,-100666.0,21338.0,0.09492581602373887
NC_004431.1,Emb-only-R,3519796,3532819,True,122346.0,570.0,61458.0,-122346.0,-570.0,0.09199970451355544
NC_004431.1,Emb-only-R,4294096,4311801,True,24146.0,40448.0,32297.0,-24146.0,40448.0,0.21513973268529768
NC_004431.1,Emb-only-R,4313541,4328984,True,43591.0,23265.0,33428.0,-43591.0,23265.0,0.18765492102065615
NC_004431.1,Emb-only-R,4329338,4343042,True,59388.0,9207.0,34297.5,-59388.0,9207.0,0.16652490886998786
NC_004431.1,Emb-only-R,4919334,4938191,True,16184.0,35458.0,25821.0,-16184.0,35458.0,0.26748936170212767
NC_004459.2,SAGE-GI-P,68453,110788,False,,,,,,0.0
NC_004459.2,SAGE-GI-P,2030644,2042746,True,14644.0,253.0,7448.5,-14644.0,253.0,0.44825925925925925
NC_004459.2,Emb-only-P,68453,110788,False,,,,,,0.0
NC_004459.2,Emb-only-P,2030644,2042746,True,14644.0,253.0,7448.5,-14644.0,253.0,0.44825925925925925
NC_004459.2,SAGE-GI-R,68453,110788,True,14903.0,3961.0,9432.0,-14903.0,3961.0,0.691764705882353
NC_004459.2,SAGE-GI-R,2030644,2042746,True,50094.0,6403.0,28248.5,-50094.0,6403.0,0.17642857142857143
NC_004459.2,Emb-only-R,68453,110788,True,3703.0,4761.0,4232.0,-3703.0,4761.0,0.8333858267716535
NC_004459.2,Emb-only-R,2030644,2042746,True,23194.0,2503.0,12848.5,-23194.0,2503.0,0.3201851851851852
NC_004603.1,SAGE-GI-P,1127422,1144252,True,2578.0,5747.0,4162.5,2578.0,5747.0,0.6312782354504385
NC_004603.1,SAGE-GI-P,1404417,1424622,False,,,,,,0.0
NC_004603.1,SAGE-GI-P,1469309,1491870,True,691.0,871.0,781.0,691.0,-871.0,0.9307685488875099
NC_004603.1,SAGE-GI-P,1496016,1507667,False,,,,,,0.0
NC_004603.1,SAGE-GI-P,1508132,1522206,False,,,,,,0.0
NC_004603.1,SAGE-GI-P,1879115,1888854,False,,,,,,0.0
NC_004603.1,SAGE-GI-P,1889185,1901484,True,10815.0,42515.0,26665.0,10815.0,42515.0,0.02709112469214631
NC_004603.1,SAGE-GI-P,2239931,2254130,False,,,,,,0.0
NC_004603.1,Emb-only-P,1127422,1144252,True,2578.0,5747.0,4162.5,2578.0,5747.0,0.6312782354504385
NC_004603.1,Emb-only-P,1404417,1424622,False,,,,,,0.0
NC_004603.1,Emb-only-P,1469309,1491870,True,691.0,871.0,781.0,691.0,-871.0,0.9307685488875099
NC_004603.1,Emb-only-P,1496016,1507667,False,,,,,,0.0
NC_004603.1,Emb-only-P,1508132,1522206,False,,,,,,0.0
NC_004603.1,Emb-only-P,1879115,1888854,False,,,,,,0.0
NC_004603.1,Emb-only-P,1889185,1901484,True,10815.0,49515.0,30165.0,10815.0,49515.0,0.02402329531667071
NC_004603.1,Emb-only-P,2239931,2254130,False,,,,,,0.0
NC_004603.1,SAGE-GI-R,1127422,1144252,True,9672.0,7197.0,8434.5,-9672.0,7197.0,0.4994362017804154
NC_004603.1,SAGE-GI-R,1404417,1424622,True,10667.0,30327.0,20497.0,-10667.0,30327.0,0.3301633986928105
NC_004603.1,SAGE-GI-R,1469309,1491870,True,959.0,3579.0,2269.0,-959.0,3579.0,0.8325461254612546
NC_004603.1,SAGE-GI-R,1496016,1507667,True,7834.0,21982.0,14908.0,7834.0,21982.0,0.11351608491407504
NC_004603.1,SAGE-GI-R,1508132,1522206,True,4282.0,7443.0,5862.5,-4282.0,7443.0,0.5455426356589147
NC_004603.1,SAGE-GI-R,1879115,1888854,False,,,,,,0.0
NC_004603.1,SAGE-GI-R,1889185,1901484,True,10065.0,52065.0,31065.0,10065.0,52065.0,0.03472384059659753
NC_004603.1,SAGE-GI-R,2239931,2254130,True,3681.0,5019.0,4350.0,-3681.0,5019.0,0.6200873362445415
NC_004603.1,Emb-only-R,1127422,1144252,True,23272.0,7097.0,15184.5,-23272.0,7097.0,0.35658898305084746
NC_004603.1,Emb-only-R,1404417,1424622,True,13367.0,28127.0,20747.0,-13367.0,28127.0,0.3274878444084279
NC_004603.1,Emb-only-R,1469309,1491870,True,2259.0,1079.0,1669.0,-2259.0,1079.0,0.8711196911196911
NC_004603.1,Emb-only-R,1496016,1507667,False,,,,,,0.0
NC_004603.1,Emb-only-R,1508132,1522206,True,5218.0,6943.0,6080.5,5218.0,6943.0,0.42140070415834047
NC_004603.1,Emb-only-R,1879115,1888854,False,,,,,,0.0
NC_004603.1,Emb-only-R,1889185,1901484,True,10165.0,49865.0,30015.0,10165.0,49865.0,0.03434408429180407
NC_004603.1,Emb-only-R,2239931,2254130,True,3181.0,5219.0,4200.0,-3181.0,5219.0,0.6283185840707964
NC_004578.1,SAGE-GI-P,16494,57264,True,14494.0,25735.0,20114.5,-14494.0,25735.0,0.5033456790123457
NC_004578.1,SAGE-GI-P,61683,80563,True,59683.0,2436.0,31059.5,-59683.0,2436.0,0.23309876543209876
NC_004578.1,SAGE-GI-P,221575,232226,False,,,,,,0.0
NC_004578.1,SAGE-GI-P,308877,323981,False,,,,,,0.0
NC_004578.1,SAGE-GI-P,1166304,1181871,False,,,,,,0.0
NC_004578.1,SAGE-GI-P,1188997,1215892,True,10003.0,4893.0,7448.0,10003.0,-4893.0,0.446162998215348
NC_004578.1,SAGE-GI-P,1819648,1829940,False,,,,,,0.0
NC_004578.1,SAGE-GI-P,2249813,2264824,False,,,,,,0.0
NC_004578.1,SAGE-GI-P,2566661,2581181,False,,,,,,0.0
NC_004578.1,SAGE-GI-P,2642871,2654377,False,,,,,,0.0
NC_004578.1,SAGE-GI-P,2815101,2823741,False,,,,,,0.0
NC_004578.1,SAGE-GI-P,2868433,2882146,False,,,,,,0.0
NC_004578.1,SAGE-GI-P,2888016,2900209,False,,,,,,0.0
NC_004578.1,SAGE-GI-P,3183992,3193936,False,,,,,,0.0
NC_004578.1,SAGE-GI-P,3206993,3219688,True,7.0,8311.0,4159.0,7.0,8311.0,0.604036749654877
NC_004578.1,SAGE-GI-P,3613273,3621715,True,11273.0,16284.0,13778.5,-11273.0,16284.0,0.23452777777777778
NC_004578.1,SAGE-GI-P,4065729,4076424,False,,,,,,0.0
NC_004578.1,SAGE-GI-P,4516460,4529928,False,,,,,,0.0
NC_004578.1,SAGE-GI-P,4543987,4563567,False,,,,,,0.0
NC_004578.1,SAGE-GI-P,4580215,4588421,False,,,,,,0.0
NC_004578.1,SAGE-GI-P,4796688,4807219,True,9688.0,13780.0,11734.0,-9688.0,13780.0,0.30976470588235294
NC_004578.1,SAGE-GI-P,5278112,5304875,True,2112.0,126124.0,64118.0,-2112.0,126124.0,0.1726709677419355
NC_004578.1,SAGE-GI-P,5327343,5343196,True,51343.0,87803.0,69573.0,-51343.0,87803.0,0.10228387096774194
NC_004578.1,SAGE-GI-P,5347017,5356019,True,71017.0,74980.0,72998.5,-71017.0,74980.0,0.05808387096774194
NC_004578.1,SAGE-GI-P,5366133,5374482,True,90133.0,56517.0,73325.0,-90133.0,56517.0,0.053870967741935484
NC_004578.1,SAGE-GI-P,5383278,5392212,True,107278.0,38787.0,73032.5,-107278.0,38787.0,0.05764516129032258
NC_004578.1,SAGE-GI-P,5392259,5413467,True,116259.0,17532.0,66895.5,-116259.0,17532.0,0.13683225806451613
NC_004578.1,SAGE-GI-P,6145199,6154047,False,,,,,,0.0
NC_004578.1,Emb-only-P,16494,57264,True,14494.0,25735.0,20114.5,-14494.0,25735.0,0.5033456790123457
NC_004578.1,Emb-only-P,61683,80563,True,59683.0,2436.0,31059.5,-59683.0,2436.0,0.23309876543209876
NC_004578.1,Emb-only-P,221575,232226,False,,,,,,0.0
NC_004578.1,Emb-only-P,308877,323981,False,,,,,,0.0
NC_004578.1,Emb-only-P,1166304,1181871,True,696.0,29128.0,14912.0,696.0,29128.0,0.33273671022015394
NC_004578.1,Emb-only-P,1188997,1215892,True,21997.0,4893.0,13445.0,-21997.0,-4893.0,0.4500235207493915
NC_004578.1,Emb-only-P,1819648,1829940,False,,,,,,0.0
NC_004578.1,Emb-only-P,2249813,2264824,False,,,,,,0.0
NC_004578.1,Emb-only-P,2566661,2581181,False,,,,,,0.0
NC_004578.1,Emb-only-P,2642871,2654377,False,,,,,,0.0
NC_004578.1,Emb-only-P,2815101,2823741,False,,,,,,0.0
NC_004578.1,Emb-only-P,2868433,2882146,False,,,,,,0.0
NC_004578.1,Emb-only-P,2888016,2900209,False,,,,,,0.0
NC_004578.1,Emb-only-P,3183992,3193936,True,8.0,34063.0,17035.5,8.0,34063.0,0.22579985457189602
NC_004578.1,Emb-only-P,3206993,3219688,True,22993.0,8311.0,15652.0,-22993.0,8311.0,0.28854545454545455
NC_004578.1,Emb-only-P,3613273,3621715,True,12273.0,16284.0,14278.5,-12273.0,16284.0,0.22818918918918918
NC_004578.1,Emb-only-P,4065729,4076424,False,,,,,,0.0
NC_004578.1,Emb-only-P,4516460,4529928,False,,,,,,0.0
NC_004578.1,Emb-only-P,4543987,4563567,False,,,,,,0.0
NC_004578.1,Emb-only-P,4580215,4588421,False,,,,,,0.0
NC_004578.1,Emb-only-P,4796688,4807219,True,9688.0,13780.0,11734.0,-9688.0,13780.0,0.30976470588235294
NC_004578.1,Emb-only-P,5278112,5304875,True,2112.0,126124.0,64118.0,-2112.0,126124.0,0.1726709677419355
NC_004578.1,Emb-only-P,5327343,5343196,True,51343.0,87803.0,69573.0,-51343.0,87803.0,0.10228387096774194
NC_004578.1,Emb-only-P,5347017,5356019,True,71017.0,74980.0,72998.5,-71017.0,74980.0,0.05808387096774194
NC_004578.1,Emb-only-P,5366133,5374482,True,90133.0,56517.0,73325.0,-90133.0,56517.0,0.053870967741935484
NC_004578.1,Emb-only-P,5383278,5392212,True,107278.0,38787.0,73032.5,-107278.0,38787.0,0.05764516129032258
NC_004578.1,Emb-only-P,5392259,5413467,True,116259.0,17532.0,66895.5,-116259.0,17532.0,0.13683225806451613
NC_004578.1,Emb-only-P,6145199,6154047,False,,,,,,0.0
NC_004578.1,SAGE-GI-R,16494,57264,True,11544.0,31085.0,21314.5,-11544.0,31085.0,0.4888609112709832
NC_004578.1,SAGE-GI-R,61683,80563,True,56733.0,7786.0,32259.5,-56733.0,7786.0,0.22639088729016787
NC_004578.1,SAGE-GI-R,221575,232226,True,9225.0,3523.0,6374.0,-9225.0,3523.0,0.45521367521367523
NC_004578.1,SAGE-GI-R,308877,323981,True,9527.0,3768.0,6647.5,-9527.0,3768.0,0.5318661971830986
NC_004578.1,SAGE-GI-R,1166304,1181871,True,15254.0,37578.0,26416.0,-15254.0,37578.0,0.22760233918128656
NC_004578.1,SAGE-GI-R,1188997,1215892,True,37947.0,3557.0,20752.0,-37947.0,3557.0,0.39321637426900585
NC_004578.1,SAGE-GI-R,1819648,1829940,True,13798.0,591.0,7194.5,-13798.0,-591.0,0.4027230085924204
NC_004578.1,SAGE-GI-R,2249813,2264824,True,3463.0,2425.0,2944.0,-3463.0,2425.0,0.7182775119617225
NC_004578.1,SAGE-GI-R,2566661,2581181,True,3911.0,7568.0,5739.5,-3911.0,7568.0,0.5585
NC_004578.1,SAGE-GI-R,2642871,2654377,True,9821.0,10028.0,9924.5,-9821.0,-10028.0,0.06934546136534134
NC_004578.1,SAGE-GI-R,2815101,2823741,True,16051.0,5292.0,10671.5,-16051.0,-5292.0,0.13563097359468654
NC_004578.1,SAGE-GI-R,2868433,2882146,True,2717.0,13003.0,7860.0,2717.0,13003.0,0.4116105850207733
NC_004578.1,SAGE-GI-R,2888016,2900209,True,16866.0,5060.0,10963.0,-16866.0,-5060.0,0.24549208534067446
NC_004578.1,SAGE-GI-R,3183992,3193936,True,33942.0,39313.0,36627.5,-33942.0,39313.0,0.11953125
NC_004578.1,SAGE-GI-R,3206993,3219688,True,56943.0,13561.0,35252.0,-56943.0,13561.0,0.15259615384615385
NC_004578.1,SAGE-GI-R,3613273,3621715,True,13423.0,28334.0,20878.5,-13423.0,28334.0,0.16818725099601595
NC_004578.1,SAGE-GI-R,4065729,4076424,True,779.0,44325.0,22552.0,-779.0,44325.0,0.19168458781362008
NC_004578.1,SAGE-GI-R,4516460,4529928,True,9910.0,979.0,5444.5,-9910.0,-979.0,0.5342401300312246
NC_004578.1,SAGE-GI-R,4543987,4563567,True,3237.0,16982.0,10109.5,-3237.0,16982.0,0.4919849246231156
NC_004578.1,SAGE-GI-R,4580215,4588421,True,5535.0,5828.0,5681.5,5535.0,5828.0,0.19038118988243677
NC_004578.1,SAGE-GI-R,4796688,4807219,True,9938.0,17930.0,13934.0,-9938.0,17930.0,0.27427083333333335
NC_004578.1,SAGE-GI-R,5278112,5304875,True,6762.0,123374.0,65068.0,-6762.0,123374.0,0.1705799872530274
NC_004578.1,SAGE-GI-R,5327343,5343196,True,55993.0,85053.0,70523.0,-55993.0,85053.0,0.10104525175270873
NC_004578.1,SAGE-GI-R,5347017,5356019,True,75667.0,72230.0,73948.5,-75667.0,72230.0,0.05738049713193116
NC_004578.1,SAGE-GI-R,5366133,5374482,True,94783.0,53767.0,74275.0,-94783.0,53767.0,0.05321861057998725
NC_004578.1,SAGE-GI-R,5383278,5392212,True,111928.0,36037.0,73982.5,-111928.0,36037.0,0.056947100063734865
NC_004578.1,SAGE-GI-R,5392259,5413467,True,120909.0,14782.0,67845.5,-120909.0,14782.0,0.13517527087316764
NC_004578.1,SAGE-GI-R,6145199,6154047,True,3149.0,44302.0,23725.5,-3149.0,44302.0,0.15717584369449378
NC_004578.1,Emb-only-R,16494,57264,True,11544.0,27285.0,19414.5,-11544.0,27285.0,0.5121984924623115
NC_004578.1,Emb-only-R,61683,80563,True,56733.0,3986.0,30359.5,-56733.0,3986.0,0.23719849246231156
NC_004578.1,Emb-only-R,221575,232226,True,9025.0,28423.0,18724.0,-9025.0,28423.0,0.22145530145530146
NC_004578.1,Emb-only-R,308877,323981,True,10527.0,3568.0,7047.5,-10527.0,3568.0,0.5172945205479452
NC_004578.1,Emb-only-R,1166304,1181871,True,4554.0,39878.0,22216.0,-4554.0,39878.0,0.2594666666666667
NC_004578.1,Emb-only-R,1188997,1215892,True,27247.0,5857.0,16552.0,-27247.0,5857.0,0.44826666666666665
NC_004578.1,Emb-only-R,1819648,1829940,True,10698.0,691.0,5694.5,-10698.0,-691.0,0.4574341384402839
NC_004578.1,Emb-only-R,2249813,2264824,True,3763.0,1425.0,2594.0,-3763.0,1425.0,0.7431683168316832
NC_004578.1,Emb-only-R,2566661,2581181,True,4411.0,3968.0,4189.5,-4411.0,3968.0,0.6341048034934498
NC_004578.1,Emb-only-R,2642871,2654377,True,12621.0,8428.0,10524.5,-12621.0,-8428.0,0.12761107427055704
NC_004578.1,Emb-only-R,2815101,2823741,True,16751.0,6992.0,11871.5,-16751.0,-6992.0,0.06494171392564588
NC_004578.1,Emb-only-R,2868433,2882146,True,4517.0,8903.0,6710.0,4517.0,8903.0,0.40664102223990806
NC_004578.1,Emb-only-R,2888016,2900209,True,15066.0,9160.0,12113.0,-15066.0,-9160.0,0.11129860601614086
NC_004578.1,Emb-only-R,3183992,3193936,True,33442.0,65813.0,49627.5,-33442.0,65813.0,0.09107142857142857
NC_004578.1,Emb-only-R,3206993,3219688,True,56443.0,40061.0,48252.0,-56443.0,40061.0,0.11626373626373626
NC_004578.1,Emb-only-R,3613273,3621715,True,19923.0,26734.0,23328.5,-19923.0,26734.0,0.1532304900181488
NC_004578.1,Emb-only-R,4065729,4076424,True,1879.0,10925.0,6402.0,-1879.0,10925.0,0.4551489361702128
NC_004578.1,Emb-only-R,4516460,4529928,True,9810.0,321.0,5065.5,-9810.0,321.0,0.5707203389830509
NC_004578.1,Emb-only-R,4543987,4563567,True,3337.0,34182.0,18759.5,-3337.0,34182.0,0.3429246935201401
NC_004578.1,Emb-only-R,4580215,4588421,True,39565.0,9328.0,24446.5,-39565.0,9328.0,0.14373029772329246
NC_004578.1,Emb-only-R,4796688,4807219,True,11038.0,22730.0,16884.0,-11038.0,22730.0,0.23774266365688487
NC_004578.1,Emb-only-R,5278112,5304875,True,8062.0,122274.0,65168.0,-8062.0,122274.0,0.1703628262253342
NC_004578.1,Emb-only-R,5327343,5343196,True,57293.0,83953.0,70623.0,-57293.0,83953.0,0.10091661362189688
NC_004578.1,Emb-only-R,5347017,5356019,True,76967.0,71130.0,74048.5,-76967.0,71130.0,0.05730744748567791
NC_004578.1,Emb-only-R,5366133,5374482,True,96083.0,52667.0,74375.0,-96083.0,52667.0,0.05315085932527053
NC_004578.1,Emb-only-R,5383278,5392212,True,113228.0,34937.0,74082.5,-113228.0,34937.0,0.05687460216422661
NC_004578.1,Emb-only-R,5392259,5413467,True,122209.0,13682.0,67945.5,-122209.0,13682.0,0.13500318268618713
NC_004578.1,Emb-only-R,6145199,6154047,True,5449.0,45202.0,25325.5,-5449.0,45202.0,0.14872268907563024
NC_004606.1,SAGE-GI-P,661144,670660,True,37144.0,3661.0,20402.5,-37144.0,-3661.0,0.12550095368723346
NC_004606.1,SAGE-GI-P,1122487,1135938,True,21487.0,18061.0,19774.0,-21487.0,18061.0,0.25381132075471696
NC_004606.1,Emb-only-P,661144,670660,False,,,,,,0.0
NC_004606.1,Emb-only-P,1122487,1135938,False,,,,,,0.0
NC_004606.1,SAGE-GI-R,661144,670660,True,34094.0,1211.0,17652.5,-34094.0,-1211.0,0.19045653619499667
NC_004606.1,SAGE-GI-R,1122487,1135938,True,15537.0,17711.0,16624.0,-15537.0,17711.0,0.28805139186295503
NC_004606.1,Emb-only-R,661144,670660,True,34894.0,1111.0,18002.5,-34894.0,-1111.0,0.18927743126702845
NC_004606.1,Emb-only-R,1122487,1135938,True,15537.0,17711.0,16624.0,-15537.0,17711.0,0.28805139186295503
NC_004631.1,SAGE-GI-P,956415,978569,True,585.0,430.0,507.5,585.0,430.0,0.955058667257029
NC_004631.1,SAGE-GI-P,1421250,1441928,True,16250.0,1071.0,8660.5,-16250.0,1071.0,0.5441842105263158
NC_004631.1,SAGE-GI-P,2745482,2754684,True,11482.0,6685.0,9083.5,-11482.0,-6685.0,0.12173072274595118
NC_004631.1,SAGE-GI-P,3514529,3524607,True,13529.0,18392.0,15960.5,-13529.0,18392.0,0.23997619047619048
NC_004631.1,SAGE-GI-P,3524783,3534717,True,23783.0,8282.0,16032.5,-23783.0,8282.0,0.23654761904761903
NC_004631.1,SAGE-GI-P,4394218,4412870,True,7218.0,113129.0,60173.5,-7218.0,113129.0,0.13419424460431656
NC_004631.1,SAGE-GI-P,4420666,4444503,True,33666.0,81496.0,57581.0,-33666.0,81496.0,0.17149640287769785
NC_004631.1,SAGE-GI-P,4444520,4458442,True,57520.0,67557.0,62538.5,-57520.0,67557.0,0.10016546762589928
NC_004631.1,SAGE-GI-P,4493736,4519429,True,106736.0,6570.0,56653.0,-106736.0,6570.0,0.18484892086330934
NC_004631.1,SAGE-GI-P,4679557,4688315,True,13557.0,15684.0,14620.5,-13557.0,15684.0,0.2305
NC_004631.1,SAGE-GI-P,4689233,4699498,True,23233.0,4501.0,13867.0,-23233.0,4501.0,0.2701578947368421
NC_004631.1,Emb-only-P,956415,978569,True,585.0,430.0,507.5,585.0,430.0,0.955058667257029
NC_004631.1,Emb-only-P,1421250,1441928,True,16250.0,1071.0,8660.5,-16250.0,1071.0,0.5441842105263158
NC_004631.1,Emb-only-P,2745482,2754684,False,,,,,,0.0
NC_004631.1,Emb-only-P,3514529,3524607,True,13529.0,61392.0,37460.5,-13529.0,61392.0,0.1185764705882353
NC_004631.1,Emb-only-P,3524783,3534717,True,23783.0,51282.0,37532.5,-23783.0,51282.0,0.11688235294117647
NC_004631.1,Emb-only-P,4394218,4412870,True,7218.0,113129.0,60173.5,-7218.0,113129.0,0.13419424460431656
NC_004631.1,Emb-only-P,4420666,4444503,True,33666.0,81496.0,57581.0,-33666.0,81496.0,0.17149640287769785
NC_004631.1,Emb-only-P,4444520,4458442,True,57520.0,67557.0,62538.5,-57520.0,67557.0,0.10016546762589928
NC_004631.1,Emb-only-P,4493736,4519429,True,106736.0,6570.0,56653.0,-106736.0,6570.0,0.18484892086330934
NC_004631.1,Emb-only-P,4679557,4688315,True,13557.0,15684.0,14620.5,-13557.0,15684.0,0.2305
NC_004631.1,Emb-only-P,4689233,4699498,True,23233.0,4501.0,13867.0,-23233.0,4501.0,0.2701578947368421
NC_004631.1,SAGE-GI-R,956415,978569,True,42465.0,6780.0,24622.5,-42465.0,6780.0,0.31029411764705883
NC_004631.1,SAGE-GI-R,1421250,1441928,True,17300.0,2621.0,9960.5,-17300.0,2621.0,0.5093349753694582
NC_004631.1,SAGE-GI-R,2745482,2754684,True,33032.0,20365.0,26698.5,-33032.0,20365.0,0.14701277955271566
NC_004631.1,SAGE-GI-R,3514529,3524607,True,14079.0,24042.0,19060.5,-14079.0,24042.0,0.2091078838174274
NC_004631.1,SAGE-GI-R,3524783,3534717,True,24333.0,13932.0,19132.5,-24333.0,13932.0,0.20612033195020746
NC_004631.1,SAGE-GI-R,4394218,4412870,True,6268.0,120979.0,63623.5,-6268.0,120979.0,0.12784784098697738
NC_004631.1,SAGE-GI-R,4420666,4444503,True,32716.0,89346.0,61031.0,-32716.0,89346.0,0.16338588074023302
NC_004631.1,SAGE-GI-R,4444520,4458442,True,56570.0,75407.0,65988.5,-56570.0,75407.0,0.09542837559972583
NC_004631.1,SAGE-GI-R,4493736,4519429,True,105786.0,14420.0,60103.0,-105786.0,14420.0,0.17610692254969157
NC_004631.1,SAGE-GI-R,4679557,4688315,True,21207.0,47534.0,34370.5,-21207.0,47534.0,0.11301935483870967
NC_004631.1,SAGE-GI-R,4689233,4699498,True,30883.0,36351.0,33617.0,-30883.0,36351.0,0.13246451612903226
NC_004631.1,Emb-only-R,956415,978569,True,12665.0,6480.0,9572.5,-12665.0,6480.0,0.5364406779661017
NC_004631.1,Emb-only-R,1421250,1441928,True,16200.0,2621.0,9410.5,-16200.0,2621.0,0.5235189873417722
NC_004631.1,Emb-only-R,2745482,2754684,True,32132.0,15265.0,23698.5,-32132.0,15265.0,0.16259717314487632
NC_004631.1,Emb-only-R,3514529,3524607,True,15879.0,25242.0,20560.5,-15879.0,25242.0,0.19685546875
NC_004631.1,Emb-only-R,3524783,3534717,True,26133.0,15132.0,20632.5,-26133.0,15132.0,0.19404296875
NC_004631.1,Emb-only-R,4394218,4412870,True,5268.0,121279.0,63273.5,-5268.0,121279.0,0.1284641873278237
NC_004631.1,Emb-only-R,4420666,4444503,True,31716.0,89646.0,60681.0,-31716.0,89646.0,0.16417355371900827
NC_004631.1,Emb-only-R,4444520,4458442,True,55570.0,75707.0,65638.5,-55570.0,75707.0,0.09588842975206611
NC_004631.1,Emb-only-R,4493736,4519429,True,104786.0,14720.0,59753.0,-104786.0,14720.0,0.17695592286501377
NC_004631.1,Emb-only-R,4679557,4688315,True,23107.0,20934.0,22020.5,-23107.0,20934.0,0.16589015151515152
NC_004631.1,Emb-only-R,4689233,4699498,True,32783.0,9751.0,21267.0,-32783.0,9751.0,0.19443181818181818
NC_004722.1,SAGE-GI-P,2392473,2411646,True,10473.0,28353.0,19413.0,-10473.0,28353.0,0.3305862068965517
NC_004722.1,SAGE-GI-P,4386694,4405412,False,,,,,,0.0
NC_004722.1,SAGE-GI-P,5010146,5018294,True,29146.0,24705.0,26925.5,-29146.0,24705.0,0.13143548387096773
NC_004722.1,SAGE-GI-P,5018339,5029258,True,37339.0,13741.0,25540.0,-37339.0,13741.0,0.1761290322580645
NC_004722.1,Emb-only-P,2392473,2411646,True,2527.0,29353.0,15940.0,2527.0,29353.0,0.3430461392626785
NC_004722.1,Emb-only-P,4386694,4405412,False,,,,,,0.0
NC_004722.1,Emb-only-P,5010146,5018294,True,29146.0,24705.0,26925.5,-29146.0,24705.0,0.13143548387096773
NC_004722.1,Emb-only-P,5018339,5029258,True,37339.0,13741.0,25540.0,-37339.0,13741.0,0.1761290322580645
NC_004722.1,SAGE-GI-R,2392473,2411646,True,45823.0,28803.0,37313.0,-45823.0,28803.0,0.2044136460554371
NC_004722.1,SAGE-GI-R,4386694,4405412,True,644.0,2537.0,1590.5,-644.0,2537.0,0.8547488584474886
NC_004722.1,SAGE-GI-R,5010146,5018294,True,33796.0,27955.0,30875.5,-33796.0,27955.0,0.11658082975679543
NC_004722.1,SAGE-GI-R,5018339,5029258,True,41989.0,16991.0,29490.0,-41989.0,16991.0,0.15622317596566523
NC_004722.1,Emb-only-R,2392473,2411646,True,46723.0,28903.0,37813.0,-46723.0,28903.0,0.20225738396624474
NC_004722.1,Emb-only-R,4386694,4405412,True,644.0,2737.0,1690.5,-644.0,2737.0,0.8470135746606335
NC_004722.1,Emb-only-R,5010146,5018294,True,38196.0,29555.0,33875.5,-38196.0,29555.0,0.10736495388669302
NC_004722.1,Emb-only-R,5018339,5029258,True,46389.0,18591.0,32490.0,-46389.0,18591.0,0.14387351778656127
NC_004741.1,SAGE-GI-P,241850,256076,True,27850.0,1923.0,14886.5,-27850.0,1923.0,0.32334090909090907
NC_004741.1,SAGE-GI-P,706668,717740,True,2668.0,29259.0,15963.5,-2668.0,29259.0,0.25751162790697674
NC_004741.1,SAGE-GI-P,725258,741602,True,21258.0,5397.0,13327.5,-21258.0,5397.0,0.3801162790697674
NC_004741.1,SAGE-GI-P,1179330,1189979,False,,,,,,0.0
NC_004741.1,Emb-only-P,241850,256076,True,27850.0,1923.0,14886.5,-27850.0,1923.0,0.32334090909090907
NC_004741.1,Emb-only-P,706668,717740,True,2668.0,29259.0,15963.5,-2668.0,29259.0,0.25751162790697674
NC_004741.1,Emb-only-P,725258,741602,True,21258.0,5397.0,13327.5,-21258.0,5397.0,0.3801162790697674
NC_004741.1,Emb-only-P,1179330,1189979,False,,,,,,0.0
NC_004741.1,SAGE-GI-R,241850,256076,True,35800.0,41073.0,38436.5,-35800.0,41073.0,0.15616904500548848
NC_004741.1,SAGE-GI-R,706668,717740,True,21418.0,31509.0,26463.5,-21418.0,31509.0,0.173015625
NC_004741.1,SAGE-GI-R,725258,741602,True,40008.0,7647.0,23827.5,-40008.0,7647.0,0.255390625
NC_004741.1,SAGE-GI-R,1179330,1189979,True,3480.0,23170.0,13325.0,-3480.0,23170.0,0.2855227882037534
NC_004741.1,Emb-only-R,241850,256076,True,32300.0,5973.0,19136.5,-32300.0,5973.0,0.27099047619047617
NC_004741.1,Emb-only-R,706668,717740,True,26118.0,31009.0,28563.5,-26118.0,31009.0,0.1623607038123167
NC_004741.1,Emb-only-R,725258,741602,True,44708.0,7147.0,25927.5,-44708.0,7147.0,0.23966275659824046
NC_004741.1,Emb-only-R,1179330,1189979,True,4080.0,22670.0,13375.0,-4080.0,22670.0,0.28475935828877
NC_005071.1,SAGE-GI-P,91444,111703,True,8556.0,14296.0,11426.0,8556.0,14296.0,0.33869660840375043
NC_005071.1,SAGE-GI-P,111720,121911,True,11720.0,4088.0,7904.0,-11720.0,4088.0,0.392
NC_005071.1,SAGE-GI-P,1053338,1062214,False,,,,,,0.0
NC_005071.1,SAGE-GI-P,1669419,1677643,False,,,,,,0.0
NC_005071.1,Emb-only-P,91444,111703,True,8556.0,14296.0,11426.0,8556.0,14296.0,0.33869660840375043
NC_005071.1,Emb-only-P,111720,121911,True,11720.0,4088.0,7904.0,-11720.0,4088.0,0.392
NC_005071.1,Emb-only-P,1053338,1062214,False,,,,,,0.0
NC_005071.1,Emb-only-P,1669419,1677643,False,,,,,,0.0
NC_005071.1,SAGE-GI-R,91444,111703,True,1594.0,30446.0,16020.0,-1594.0,30446.0,0.3873804971319312
NC_005071.1,SAGE-GI-R,111720,121911,True,21870.0,20238.0,21054.0,-21870.0,20238.0,0.1948757170172084
NC_005071.1,SAGE-GI-R,1053338,1062214,False,,,,,,0.0
NC_005071.1,SAGE-GI-R,1669419,1677643,True,19469.0,10006.0,14737.5,-19469.0,10006.0,0.21816976127320956
NC_005071.1,Emb-only-R,91444,111703,True,406.0,30046.0,15226.0,406.0,30046.0,0.39466465232775416
NC_005071.1,Emb-only-R,111720,121911,True,19870.0,19838.0,19854.0,-19870.0,19838.0,0.20424849699398798
NC_005071.1,Emb-only-R,1053338,1062214,True,6212.0,70835.0,38523.5,6212.0,70835.0,0.03343285828984344
NC_005071.1,Emb-only-R,1669419,1677643,True,20469.0,5806.0,13137.5,-20469.0,5806.0,0.23840579710144927
NC_005139.1,SAGE-GI-P,143179,155864,True,7179.0,34135.0,20657.0,-7179.0,34135.0,0.23492592592592593
NC_005139.1,SAGE-GI-P,1608281,1631389,False,,,,,,0.0
NC_005139.1,Emb-only-P,143179,155864,True,7179.0,34135.0,20657.0,-7179.0,34135.0,0.23492592592592593
NC_005139.1,Emb-only-P,1608281,1631389,False,,,,,,0.0
NC_005139.1,SAGE-GI-R,143179,155864,True,9929.0,36785.0,23357.0,-9929.0,36785.0,0.21356902356902357
NC_005139.1,SAGE-GI-R,1608281,1631389,True,4169.0,3240.0,3704.5,4169.0,-3240.0,0.6793889826474534
NC_005139.1,Emb-only-R,143179,155864,True,8029.0,38785.0,23407.0,-8029.0,38785.0,0.21321008403361344
NC_005139.1,Emb-only-R,1608281,1631389,True,3769.0,3340.0,3554.5,3769.0,-3340.0,0.6923709377298888
NC_005773.3,SAGE-GI-P,109609,126084,True,609.0,11915.0,6262.0,-609.0,11915.0,0.5681379310344827
NC_005773.3,SAGE-GI-P,715934,732173,True,1066.0,2174.0,1620.0,1066.0,-2174.0,0.8004926108374384
NC_005773.3,SAGE-GI-P,899931,925153,True,29931.0,13846.0,21888.5,-29931.0,13846.0,0.3655507246376812
NC_005773.3,SAGE-GI-P,1773783,1785606,False,,,,,,0.0
NC_005773.3,SAGE-GI-P,2193045,2201200,True,20045.0,1799.0,10922.0,-20045.0,1799.0,0.27186666666666665
NC_005773.3,SAGE-GI-P,2900977,2920079,False,,,,,,0.0
NC_005773.3,SAGE-GI-P,3225902,3242360,True,902.0,26639.0,13770.5,-902.0,26639.0,0.3740681818181818
NC_005773.3,SAGE-GI-P,3358612,3372817,False,,,,,,0.0
NC_005773.3,SAGE-GI-P,4296399,4308961,True,10399.0,5038.0,7718.5,-10399.0,5038.0,0.4486785714285714
NC_005773.3,SAGE-GI-P,4804725,4814223,True,275.0,11776.0,6025.5,275.0,11776.0,0.4335605170387779
NC_005773.3,SAGE-GI-P,5172262,5199192,True,1262.0,55807.0,28534.5,-1262.0,55807.0,0.32060714285714287
NC_005773.3,SAGE-GI-P,5623009,5642435,True,991.0,14564.0,7777.5,991.0,14564.0,0.5423788649936748
NC_005773.3,SAGE-GI-P,5642563,5650800,True,18563.0,6199.0,12381.0,-18563.0,6199.0,0.24963636363636363
NC_005773.3,Emb-only-P,109609,126084,True,609.0,11915.0,6262.0,-609.0,11915.0,0.5681379310344827
NC_005773.3,Emb-only-P,715934,732173,True,8934.0,2174.0,5554.0,-8934.0,-2174.0,0.5587510923969174
NC_005773.3,Emb-only-P,899931,925153,True,29931.0,13846.0,21888.5,-29931.0,13846.0,0.3655507246376812
NC_005773.3,Emb-only-P,1773783,1785606,False,,,,,,0.0
NC_005773.3,Emb-only-P,2193045,2201200,True,20045.0,2799.0,11422.0,-20045.0,2799.0,0.2630967741935484
NC_005773.3,Emb-only-P,2900977,2920079,False,,,,,,0.0
NC_005773.3,Emb-only-P,3225902,3242360,True,902.0,26639.0,13770.5,-902.0,26639.0,0.3740681818181818
NC_005773.3,Emb-only-P,3358612,3372817,False,,,,,,0.0
NC_005773.3,Emb-only-P,4296399,4308961,True,10399.0,5038.0,7718.5,-10399.0,5038.0,0.4486785714285714
NC_005773.3,Emb-only-P,4804725,4814223,True,275.0,10776.0,5525.5,275.0,10776.0,0.454944512946979
NC_005773.3,Emb-only-P,5172262,5199192,True,1262.0,55807.0,28534.5,-1262.0,55807.0,0.32060714285714287
NC_005773.3,Emb-only-P,5623009,5642435,True,991.0,14564.0,7777.5,991.0,14564.0,0.5423788649936748
NC_005773.3,Emb-only-P,5642563,5650800,True,18563.0,6199.0,12381.0,-18563.0,6199.0,0.24963636363636363
NC_005773.3,SAGE-GI-R,109609,126084,True,1859.0,35165.0,18512.0,-1859.0,35165.0,0.3079626168224299
NC_005773.3,SAGE-GI-R,715934,732173,True,46884.0,17476.0,32180.0,-46884.0,17476.0,0.20148883374689827
NC_005773.3,SAGE-GI-R,899931,925153,True,32681.0,10696.0,21688.5,-32681.0,10696.0,0.36768221574344023
NC_005773.3,SAGE-GI-R,1773783,1785606,True,1433.0,143.0,788.0,-1433.0,143.0,0.8823880597014926
NC_005773.3,SAGE-GI-R,2193045,2201200,True,20095.0,6249.0,13172.0,-20095.0,6249.0,0.23640579710144927
NC_005773.3,SAGE-GI-R,2900977,2920079,False,,,,,,0.0
NC_005773.3,SAGE-GI-R,3225902,3242360,True,10152.0,31489.0,20820.5,-10152.0,31489.0,0.2832874354561102
NC_005773.3,SAGE-GI-R,3358612,3372817,True,10962.0,3468.0,7215.0,-10962.0,-3468.0,0.42665289256198347
NC_005773.3,SAGE-GI-R,4296399,4308961,True,16849.0,24288.0,20568.5,-16849.0,24288.0,0.23394785847299815
NC_005773.3,SAGE-GI-R,4804725,4814223,True,34175.0,10926.0,22550.5,-34175.0,10926.0,0.17397435897435898
NC_005773.3,SAGE-GI-R,5172262,5199192,True,11212.0,63957.0,37584.5,-11212.0,63957.0,0.26377081292850146
NC_005773.3,SAGE-GI-R,5623009,5642435,True,17159.0,30714.0,23936.5,-17159.0,30714.0,0.2886627043090639
NC_005773.3,SAGE-GI-R,5642563,5650800,True,36713.0,22349.0,29531.0,-36713.0,22349.0,0.12240713224368499
NC_005773.3,Emb-only-R,109609,126084,True,1859.0,16565.0,9212.0,-1859.0,16565.0,0.47209169054441263
NC_005773.3,Emb-only-R,715934,732173,True,48684.0,21076.0,34880.0,-48684.0,21076.0,0.1888372093023256
NC_005773.3,Emb-only-R,899931,925153,True,32581.0,11196.0,21888.5,-32581.0,11196.0,0.3655507246376812
NC_005773.3,Emb-only-R,1773783,1785606,True,1333.0,5143.0,3238.0,-1333.0,5143.0,0.646120218579235
NC_005773.3,Emb-only-R,2193045,2201200,True,21395.0,5749.0,13572.0,-21395.0,5749.0,0.23104815864022663
NC_005773.3,Emb-only-R,2900977,2920079,False,,,,,,0.0
NC_005773.3,Emb-only-R,3225902,3242360,True,5852.0,31589.0,18720.5,-5852.0,31589.0,0.30536178107606676
NC_005773.3,Emb-only-R,3358612,3372817,True,10862.0,12068.0,11465.0,-10862.0,-12068.0,0.08528801659486197
NC_005773.3,Emb-only-R,4296399,4308961,True,14449.0,10088.0,12268.5,-14449.0,10088.0,0.33862533692722374
NC_005773.3,Emb-only-R,4804725,4814223,True,33575.0,52226.0,42900.5,-33575.0,52226.0,0.09967471143756558
NC_005773.3,Emb-only-R,5172262,5199192,True,9612.0,57057.0,33334.5,-9612.0,57057.0,0.287724358974359
NC_005773.3,Emb-only-R,5623009,5642435,True,14859.0,58314.0,36586.5,-14859.0,58314.0,0.20979481641468684
NC_005773.3,Emb-only-R,5642563,5650800,True,34413.0,49949.0,42181.0,-34413.0,49949.0,0.08896328293736501
NC_005945.1,SAGE-GI-P,472412,483230,True,26412.0,1769.0,14090.5,-26412.0,1769.0,0.2774102564102564
NC_005945.1,SAGE-GI-P,3762948,3772842,True,6948.0,17157.0,12052.5,-6948.0,17157.0,0.29102941176470587
NC_005945.1,SAGE-GI-P,4843088,4859722,False,,,,,,0.0
NC_005945.1,Emb-only-P,472412,483230,True,412.0,1769.0,1090.5,-412.0,1769.0,0.8322307692307692
NC_005945.1,Emb-only-P,3762948,3772842,True,6948.0,17157.0,12052.5,-6948.0,17157.0,0.29102941176470587
NC_005945.1,Emb-only-P,4843088,4859722,True,16088.0,13277.0,14682.5,-16088.0,13277.0,0.3616304347826087
NC_005945.1,SAGE-GI-R,472412,483230,True,22162.0,519.0,11340.5,-22162.0,519.0,0.322955223880597
NC_005945.1,SAGE-GI-R,3762948,3772842,True,14798.0,26307.0,20552.5,-14798.0,26307.0,0.19401960784313727
NC_005945.1,SAGE-GI-R,4843088,4859722,True,22038.0,7927.0,14982.5,-22038.0,7927.0,0.3569742489270386
NC_005945.1,Emb-only-R,472412,483230,True,27962.0,281.0,14121.5,-27962.0,-281.0,0.27173100229493824
NC_005945.1,Emb-only-R,3762948,3772842,True,15898.0,29807.0,22852.5,-15898.0,29807.0,0.17796762589928058
NC_005945.1,Emb-only-R,4843088,4859722,True,20738.0,11827.0,16282.5,-20738.0,11827.0,0.338109756097561
NC_006086.1,SAGE-GI-P,1119537,1177900,True,537.0,99.0,318.0,-537.0,99.0,0.9892203389830508
NC_006086.1,Emb-only-P,1119537,1177900,True,537.0,99.0,318.0,-537.0,99.0,0.9892203389830508
NC_006086.1,SAGE-GI-R,1119537,1177900,True,613.0,3949.0,2281.0,613.0,3949.0,0.9267889525460177
NC_006086.1,Emb-only-R,1119537,1177900,True,713.0,3449.0,2081.0,713.0,3449.0,0.9326678853962759
NC_006155.1,SAGE-GI-P,4625619,4636663,False,,,,,,0.0
NC_006155.1,SAGE-GI-P,3918394,3936987,False,,,,,,0.0
NC_006155.1,SAGE-GI-P,4293892,4303277,True,2108.0,27722.0,14915.0,2108.0,27722.0,0.19613021450900076
NC_006155.1,SAGE-GI-P,2130636,2146271,False,,,,,,0.0
NC_006155.1,SAGE-GI-P,2148211,2166585,False,,,,,,0.0
NC_006155.1,SAGE-GI-P,2168873,2194606,False,,,,,,0.0
NC_006155.1,SAGE-GI-P,2209917,2219721,True,4083.0,13278.0,8680.5,4083.0,13278.0,0.24788805614521509
NC_006155.1,SAGE-GI-P,2224487,2232678,True,10487.0,321.0,5404.0,-10487.0,321.0,0.43115789473684213
NC_006155.1,SAGE-GI-P,3853587,3875779,False,,,,,,0.0
NC_006155.1,SAGE-GI-P,3886163,3917254,False,,,,,,0.0
NC_006155.1,Emb-only-P,4625619,4636663,False,,,,,,0.0
NC_006155.1,Emb-only-P,3918394,3936987,False,,,,,,0.0
NC_006155.1,Emb-only-P,4293892,4303277,True,2108.0,27722.0,14915.0,2108.0,27722.0,0.19613021450900076
NC_006155.1,Emb-only-P,2130636,2146271,False,,,,,,0.0
NC_006155.1,Emb-only-P,2148211,2166585,False,,,,,,0.0
NC_006155.1,Emb-only-P,2168873,2194606,True,12127.0,38393.0,25260.0,12127.0,38393.0,0.21218831381477382
NC_006155.1,Emb-only-P,2209917,2219721,True,28917.0,13278.0,21097.5,-28917.0,13278.0,0.18855769230769232
NC_006155.1,Emb-only-P,2224487,2232678,True,43487.0,321.0,21904.0,-43487.0,321.0,0.15753846153846154
NC_006155.1,Emb-only-P,3853587,3875779,False,,,,,,0.0
NC_006155.1,Emb-only-P,3886163,3917254,False,,,,,,0.0
NC_006155.1,SAGE-GI-R,4625619,4636663,True,31069.0,1986.0,16527.5,-31069.0,1986.0,0.250453514739229
NC_006155.1,SAGE-GI-R,3918394,3936987,True,3456.0,38462.0,20959.0,3456.0,38462.0,0.26531828379136285
NC_006155.1,SAGE-GI-R,4293892,4303277,True,6542.0,103472.0,55007.0,-6542.0,103472.0,0.07860971524288107
NC_006155.1,SAGE-GI-R,2130636,2146271,True,39186.0,101178.0,70182.0,-39186.0,101178.0,0.10023076923076923
NC_006155.1,SAGE-GI-R,2148211,2166585,True,56761.0,80864.0,68812.5,-56761.0,80864.0,0.11778846153846154
NC_006155.1,SAGE-GI-R,2168873,2194606,True,77423.0,52843.0,65133.0,-77423.0,52843.0,0.16496153846153847
NC_006155.1,SAGE-GI-R,2209917,2219721,True,118467.0,27728.0,73097.5,-118467.0,27728.0,0.0628525641025641
NC_006155.1,SAGE-GI-R,2224487,2232678,True,133037.0,14771.0,73904.0,-133037.0,14771.0,0.05251282051282051
NC_006155.1,SAGE-GI-R,3853587,3875779,True,70837.0,34870.0,52853.5,-70837.0,34870.0,0.17351837372947615
NC_006155.1,SAGE-GI-R,3886163,3917254,True,103413.0,6605.0,55009.0,-103413.0,-6605.0,0.18205271179510055
NC_006155.1,Emb-only-R,4625619,4636663,True,14269.0,1786.0,8027.5,-14269.0,1786.0,0.40756457564575643
NC_006155.1,Emb-only-R,3918394,3936987,True,2456.0,31262.0,16859.0,2456.0,31262.0,0.32369223363286265
NC_006155.1,Emb-only-R,4293892,4303277,True,442.0,103572.0,52007.0,-442.0,103572.0,0.08276895943562611
NC_006155.1,Emb-only-R,2130636,2146271,True,37886.0,101678.0,69782.0,-37886.0,101678.0,0.10074742268041237
NC_006155.1,Emb-only-R,2148211,2166585,True,55461.0,81364.0,68412.5,-55461.0,81364.0,0.11839561855670103
NC_006155.1,Emb-only-R,2168873,2194606,True,76123.0,53343.0,64733.0,-76123.0,53343.0,0.1658118556701031
NC_006155.1,Emb-only-R,2209917,2219721,True,117167.0,28228.0,72697.5,-117167.0,28228.0,0.06317654639175257
NC_006155.1,Emb-only-R,2224487,2232678,True,131737.0,15271.0,73504.0,-131737.0,15271.0,0.05278350515463918
NC_006155.1,Emb-only-R,3853587,3875779,True,45237.0,35170.0,40203.5,-45237.0,35170.0,0.21630604288499025
NC_006155.1,Emb-only-R,3886163,3917254,True,77813.0,6305.0,42059.0,-77813.0,-6305.0,0.22760203847389926
NC_006350.1,SAGE-GI-P,149365,165397,False,,,,,,0.0
NC_006350.1,SAGE-GI-P,885155,896560,True,34155.0,2439.0,18297.0,-34155.0,2439.0,0.237625
NC_006350.1,SAGE-GI-P,1322433,1334001,False,,,,,,0.0
NC_006350.1,SAGE-GI-P,3098598,3107130,False,,,,,,0.0
NC_006350.1,SAGE-GI-P,3872810,3888117,True,190.0,118.0,154.0,190.0,-118.0,0.9798798014110269
NC_006350.1,Emb-only-P,149365,165397,False,,,,,,0.0
NC_006350.1,Emb-only-P,885155,896560,True,34155.0,2439.0,18297.0,-34155.0,2439.0,0.237625
NC_006350.1,Emb-only-P,1322433,1334001,True,1433.0,3998.0,2715.5,-1433.0,3998.0,0.6805294117647058
NC_006350.1,Emb-only-P,3098598,3107130,False,,,,,,0.0
NC_006350.1,Emb-only-P,3872810,3888117,True,190.0,118.0,154.0,190.0,-118.0,0.9798798014110269
NC_006350.1,SAGE-GI-R,149365,165397,True,5615.0,20352.0,12983.5,-5615.0,20352.0,0.38173809523809527
NC_006350.1,SAGE-GI-R,885155,896560,True,41505.0,14489.0,27997.0,-41505.0,14489.0,0.16922848664688428
NC_006350.1,SAGE-GI-R,1322433,1334001,True,4183.0,6448.0,5315.5,-4183.0,6448.0,0.5211261261261261
NC_006350.1,SAGE-GI-R,3098598,3107130,True,16148.0,11319.0,13733.5,-16148.0,11319.0,0.23702777777777778
NC_006350.1,SAGE-GI-R,3872810,3888117,True,10660.0,7832.0,9246.0,-10660.0,7832.0,0.45289940828402364
NC_006350.1,Emb-only-R,149365,165397,True,28615.0,20252.0,24433.5,-28615.0,20252.0,0.24704160246533127
NC_006350.1,Emb-only-R,885155,896560,True,38805.0,12589.0,25697.0,-38805.0,12589.0,0.18162420382165606
NC_006350.1,Emb-only-R,1322433,1334001,True,4283.0,6748.0,5515.5,-4283.0,6748.0,0.5119026548672566
NC_006350.1,Emb-only-R,3098598,3107130,True,16248.0,18619.0,17433.5,-16248.0,18619.0,0.19661290322580646
NC_006350.1,Emb-only-R,3872810,3888117,True,8860.0,12332.0,10596.0,-8860.0,12332.0,0.4193972602739726
NC_006511.1,SAGE-GI-P,2703523,2714308,True,42523.0,33691.0,38107.0,-42523.0,33691.0,0.12397701149425287
NC_006511.1,Emb-only-P,2703523,2714308,True,42523.0,33691.0,38107.0,-42523.0,33691.0,0.12397701149425287
NC_006511.1,SAGE-GI-R,2703523,2714308,True,61073.0,37241.0,49157.0,-61073.0,37241.0,0.0988634280476627
NC_006511.1,Emb-only-R,2703523,2714308,True,60173.0,31541.0,45857.0,-60173.0,31541.0,0.10522926829268292
NC_006905.1,SAGE-GI-P,1102774,1118335,True,4774.0,11664.0,8219.0,-4774.0,11664.0,0.4863125
NC_006905.1,SAGE-GI-P,1334960,1347689,True,30960.0,19310.0,25135.0,-30960.0,19310.0,0.20206349206349206
NC_006905.1,SAGE-GI-P,4361766,4372458,False,,,,,,0.0
NC_006905.1,Emb-only-P,1102774,1118335,True,26774.0,11664.0,19219.0,-26774.0,11664.0,0.2881851851851852
NC_006905.1,Emb-only-P,1334960,1347689,True,30960.0,19310.0,25135.0,-30960.0,19310.0,0.20206349206349206
NC_006905.1,Emb-only-P,4361766,4372458,False,,,,,,0.0
NC_006905.1,SAGE-GI-R,1102774,1118335,True,45324.0,8214.0,26769.0,-45324.0,8214.0,0.22520984081041967
NC_006905.1,SAGE-GI-R,1334960,1347689,True,30210.0,30860.0,30535.0,-30210.0,30860.0,0.17249322493224933
NC_006905.1,SAGE-GI-R,4361766,4372458,False,,,,,,0.0
NC_006905.1,Emb-only-R,1102774,1118335,True,26024.0,7614.0,16819.0,-26024.0,7614.0,0.31630081300813007
NC_006905.1,Emb-only-R,1334960,1347689,True,31410.0,36360.0,33885.0,-31410.0,36360.0,0.1581366459627329
NC_006905.1,Emb-only-R,4361766,4372458,False,,,,,,0.0
NC_007146.2,SAGE-GI-P,1408264,1456546,True,736.0,9453.0,5094.5,736.0,9453.0,0.8235243175834834
NC_007146.2,SAGE-GI-P,1590346,1598465,False,,,,,,0.0
NC_007146.2,SAGE-GI-P,1714649,1728794,False,,,,,,0.0
NC_007146.2,Emb-only-P,1408264,1456546,True,736.0,9453.0,5094.5,736.0,9453.0,0.8235243175834834
NC_007146.2,Emb-only-P,1590346,1598465,False,,,,,,0.0
NC_007146.2,Emb-only-P,1714649,1728794,False,,,,,,0.0
NC_007146.2,SAGE-GI-R,1408264,1456546,True,41114.0,24103.0,32608.5,-41114.0,24103.0,0.4254008810572687
NC_007146.2,SAGE-GI-R,1590346,1598465,True,15296.0,6516.0,10906.0,-15296.0,-6516.0,0.06850017082336864
NC_007146.2,SAGE-GI-R,1714649,1728794,True,25299.0,445.0,12872.0,-25299.0,-445.0,0.3473444035999493
NC_007146.2,Emb-only-R,1408264,1456546,True,40814.0,26203.0,33508.5,-40814.0,26203.0,0.41875975715524716
NC_007146.2,Emb-only-R,1590346,1598465,True,15296.0,2784.0,9040.0,-15296.0,2784.0,0.3099236641221374
NC_007146.2,Emb-only-R,1714649,1728794,True,25099.0,545.0,12822.0,-25099.0,-545.0,0.3465664415849153
NC_007005.1,SAGE-GI-P,115264,123599,True,7264.0,22400.0,14832.0,-7264.0,22400.0,0.21936842105263157
NC_007005.1,SAGE-GI-P,1669426,1678862,True,79426.0,65137.0,72281.5,-79426.0,65137.0,0.06127922077922078
NC_007005.1,SAGE-GI-P,2192660,2206674,False,,,,,,0.0
NC_007005.1,SAGE-GI-P,3093376,3101901,False,,,,,,0.0
NC_007005.1,SAGE-GI-P,3206998,3235232,True,2.0,7767.0,3884.5,2.0,7767.0,0.7842064329759458
NC_007005.1,SAGE-GI-P,3534777,3543532,False,,,,,,0.0
NC_007005.1,SAGE-GI-P,5000246,5010062,False,,,,,,0.0
NC_007005.1,SAGE-GI-P,5135289,5151221,True,6289.0,25778.0,16033.5,-6289.0,25778.0,0.3319375
NC_007005.1,Emb-only-P,115264,123599,True,7264.0,22400.0,14832.0,-7264.0,22400.0,0.21936842105263157
NC_007005.1,Emb-only-P,1669426,1678862,True,79426.0,65137.0,72281.5,-79426.0,65137.0,0.06127922077922078
NC_007005.1,Emb-only-P,2192660,2206674,False,,,,,,0.0
NC_007005.1,Emb-only-P,3093376,3101901,False,,,,,,0.0
NC_007005.1,Emb-only-P,3206998,3235232,True,6998.0,7767.0,7382.5,-6998.0,7767.0,0.6566279069767442
NC_007005.1,Emb-only-P,3534777,3543532,False,,,,,,0.0
NC_007005.1,Emb-only-P,5000246,5010062,False,,,,,,0.0
NC_007005.1,Emb-only-P,5135289,5151221,True,6289.0,25778.0,16033.5,-6289.0,25778.0,0.3319375
NC_007005.1,SAGE-GI-R,115264,123599,True,15614.0,28150.0,21882.0,-15614.0,28150.0,0.16
NC_007005.1,SAGE-GI-R,1669426,1678862,True,81576.0,80787.0,81181.5,-81576.0,80787.0,0.054930151338766005
NC_007005.1,SAGE-GI-R,2192660,2206674,True,13910.0,56775.0,35342.5,-13910.0,56775.0,0.1654663518299882
NC_007005.1,SAGE-GI-R,3093376,3101901,False,,,,,,0.0
NC_007005.1,SAGE-GI-R,3206998,3235232,True,26848.0,49017.0,37932.5,-26848.0,49017.0,0.2712295869356388
NC_007005.1,SAGE-GI-R,3534777,3543532,True,1773.0,9317.0,5545.0,1773.0,9317.0,0.38637746915287996
NC_007005.1,SAGE-GI-R,5000246,5010062,True,33396.0,3487.0,18441.5,-33396.0,3487.0,0.21021413276231263
NC_007005.1,SAGE-GI-R,5135289,5151221,True,4739.0,28328.0,16533.5,-4739.0,28328.0,0.32516326530612244
NC_007005.1,Emb-only-R,115264,123599,True,14814.0,27350.0,21082.0,-14814.0,27350.0,0.16506930693069308
NC_007005.1,Emb-only-R,1669426,1678862,True,83476.0,100987.0,92231.5,-83476.0,100987.0,0.04866941722537391
NC_007005.1,Emb-only-R,2192660,2206674,True,4310.0,48575.0,26442.5,-4310.0,48575.0,0.20949177877428998
NC_007005.1,Emb-only-R,3093376,3101901,True,47126.0,11848.0,29487.0,-47126.0,11848.0,0.12631111111111112
NC_007005.1,Emb-only-R,3206998,3235232,True,37148.0,50417.0,43782.5,-37148.0,50417.0,0.24382556131260794
NC_007005.1,Emb-only-R,3534777,3543532,True,973.0,6017.0,3495.0,973.0,6017.0,0.5268395045014553
NC_007005.1,Emb-only-R,5000246,5010062,True,32796.0,1587.0,17191.5,-32796.0,1587.0,0.22210407239819005
NC_007005.1,Emb-only-R,5135289,5151221,True,45839.0,28728.0,37283.5,-45839.0,28728.0,0.17605524861878452
NC_007297.1,SAGE-GI-P,1410054,1421841,True,24054.0,4158.0,14106.0,-24054.0,4158.0,0.2947
NC_007297.1,Emb-only-P,1410054,1421841,True,24054.0,4158.0,14106.0,-24054.0,4158.0,0.2947
NC_007297.1,SAGE-GI-R,1410054,1421841,True,25804.0,17208.0,21506.0,-25804.0,17208.0,0.2151094890510949
NC_007297.1,Emb-only-R,1410054,1421841,True,25804.0,26408.0,26106.0,-25804.0,26408.0,0.1841875
NC_007335.2,SAGE-GI-P,1226512,1244693,True,488.0,10306.0,5397.0,488.0,10306.0,0.6211036225779275
NC_007335.2,Emb-only-P,1226512,1244693,True,488.0,5694.0,3091.0,488.0,-5694.0,0.6599934000659994
NC_007335.2,SAGE-GI-R,1226512,1244693,True,26062.0,20256.0,23159.0,-26062.0,20256.0,0.28189147286821703
NC_007335.2,Emb-only-R,1226512,1244693,True,21862.0,14556.0,18209.0,-21862.0,14556.0,0.333003663003663
NC_007432.1,SAGE-GI-P,465199,484004,False,,,,,,0.0
NC_007432.1,SAGE-GI-P,653794,673577,True,3206.0,21422.0,12314.0,3206.0,21422.0,0.4023200504780857
NC_007432.1,SAGE-GI-P,693348,702327,True,36348.0,7328.0,21838.0,-36348.0,-7328.0,0.03644546417225556
NC_007432.1,Emb-only-P,465199,484004,False,,,,,,0.0
NC_007432.1,Emb-only-P,653794,673577,True,3206.0,24422.0,13814.0,3206.0,24422.0,0.37501696602271184
NC_007432.1,Emb-only-P,693348,702327,True,36348.0,4328.0,20338.0,-36348.0,-4328.0,0.10262972114366396
NC_007432.1,SAGE-GI-R,465199,484004,True,10249.0,12655.0,11452.0,-10249.0,-12655.0,0.21170194458785063
NC_007432.1,SAGE-GI-R,653794,673577,True,1744.0,82972.0,42358.0,-1744.0,82972.0,0.18932057416267942
NC_007432.1,SAGE-GI-R,693348,702327,True,41298.0,54222.0,47760.0,-41298.0,54222.0,0.08593301435406699
NC_007432.1,Emb-only-R,465199,484004,True,9749.0,8155.0,8952.0,-9749.0,-8155.0,0.3729994746979513
NC_007432.1,Emb-only-R,653794,673577,True,1244.0,83872.0,42558.0,-1244.0,83872.0,0.18859866539561487
NC_007432.1,Emb-only-R,693348,702327,True,40798.0,55122.0,47960.0,-40798.0,55122.0,0.08560533841754052
NC_007384.1,SAGE-GI-P,1866300,1875759,False,,,,,,0.0
NC_007384.1,SAGE-GI-P,2548467,2561326,True,2467.0,48673.0,25570.0,-2467.0,48673.0,0.2009375
NC_007384.1,SAGE-GI-P,2828295,2838103,True,25295.0,7896.0,16595.5,-25295.0,7896.0,0.22811627906976745
NC_007384.1,SAGE-GI-P,4102875,4113136,False,,,,,,0.0
NC_007384.1,Emb-only-P,1866300,1875759,False,,,,,,0.0
NC_007384.1,Emb-only-P,2548467,2561326,True,2467.0,48673.0,25570.0,-2467.0,48673.0,0.2009375
NC_007384.1,Emb-only-P,2828295,2838103,True,25295.0,7896.0,16595.5,-25295.0,7896.0,0.22811627906976745
NC_007384.1,Emb-only-P,4102875,4113136,False,,,,,,0.0
NC_007384.1,SAGE-GI-R,1866300,1875759,True,5750.0,21090.0,13420.0,-5750.0,21090.0,0.2606060606060606
NC_007384.1,SAGE-GI-R,2548467,2561326,True,9817.0,48823.0,29320.0,-9817.0,48823.0,0.17986013986013985
NC_007384.1,SAGE-GI-R,2828295,2838103,True,26845.0,8846.0,17845.5,-26845.0,8846.0,0.21558241758241758
NC_007384.1,SAGE-GI-R,4102875,4113136,True,20825.0,45813.0,33319.0,-20825.0,45813.0,0.13344603381014306
NC_007384.1,Emb-only-R,1866300,1875759,True,8950.0,25490.0,17220.0,-8950.0,25490.0,0.21548974943052393
NC_007384.1,Emb-only-R,2548467,2561326,True,10017.0,80623.0,45320.0,-10017.0,80623.0,0.1242512077294686
NC_007384.1,Emb-only-R,2828295,2838103,True,27145.0,13646.0,20395.5,-27145.0,13646.0,0.19385375494071147
NC_007384.1,Emb-only-R,4102875,4113136,True,20625.0,47213.0,33919.0,-20625.0,47213.0,0.13139564660691422
NC_007434.1,SAGE-GI-P,797911,808454,True,4911.0,2455.0,3683.0,-4911.0,-2455.0,0.5233904885150437
NC_007434.1,SAGE-GI-P,1555035,1564267,False,,,,,,0.0
NC_007434.1,SAGE-GI-P,1717351,1764563,True,351.0,98436.0,49393.5,-351.0,98436.0,0.32337671232876714
NC_007434.1,SAGE-GI-P,1781045,1791893,True,64045.0,71106.0,67575.5,-64045.0,71106.0,0.0743082191780822
NC_007434.1,SAGE-GI-P,1791910,1809909,True,74910.0,53090.0,64000.0,-74910.0,53090.0,0.1232876712328767
NC_007434.1,SAGE-GI-P,1835655,1848038,True,118655.0,14961.0,66808.0,-118655.0,14961.0,0.08482191780821918
NC_007434.1,SAGE-GI-P,2353920,2375430,False,,,,,,0.0
NC_007434.1,SAGE-GI-P,2375476,2386561,False,,,,,,0.0
NC_007434.1,SAGE-GI-P,2419342,2428356,True,28342.0,81643.0,54992.5,-28342.0,81643.0,0.0757563025210084
NC_007434.1,SAGE-GI-P,2445815,2457132,True,54815.0,52867.0,53841.0,-54815.0,52867.0,0.09510924369747899
NC_007434.1,SAGE-GI-P,2478231,2486738,True,87231.0,23261.0,55246.0,-87231.0,23261.0,0.07149579831932773
NC_007434.1,SAGE-GI-P,3566113,3579704,False,,,,,,0.0
NC_007434.1,SAGE-GI-P,3978604,4000132,True,2604.0,19867.0,11235.5,-2604.0,19867.0,0.48929545454545453
NC_007434.1,SAGE-GI-P,4000272,4018247,True,24272.0,1752.0,13012.0,-24272.0,1752.0,0.40854545454545454
NC_007434.1,Emb-only-P,797911,808454,True,4911.0,2455.0,3683.0,-4911.0,-2455.0,0.5233904885150437
NC_007434.1,Emb-only-P,1555035,1564267,False,,,,,,0.0
NC_007434.1,Emb-only-P,1717351,1764563,True,351.0,98436.0,49393.5,-351.0,98436.0,0.32337671232876714
NC_007434.1,Emb-only-P,1781045,1791893,True,64045.0,71106.0,67575.5,-64045.0,71106.0,0.0743082191780822
NC_007434.1,Emb-only-P,1791910,1809909,True,74910.0,53090.0,64000.0,-74910.0,53090.0,0.1232876712328767
NC_007434.1,Emb-only-P,1835655,1848038,True,118655.0,14961.0,66808.0,-118655.0,14961.0,0.08482191780821918
NC_007434.1,Emb-only-P,2353920,2375430,False,,,,,,0.0
NC_007434.1,Emb-only-P,2375476,2386561,False,,,,,,0.0
NC_007434.1,Emb-only-P,2419342,2428356,True,28342.0,81643.0,54992.5,-28342.0,81643.0,0.0757563025210084
NC_007434.1,Emb-only-P,2445815,2457132,True,54815.0,52867.0,53841.0,-54815.0,52867.0,0.09510924369747899
NC_007434.1,Emb-only-P,2478231,2486738,True,87231.0,23261.0,55246.0,-87231.0,23261.0,0.07149579831932773
NC_007434.1,Emb-only-P,3566113,3579704,False,,,,,,0.0
NC_007434.1,Emb-only-P,3978604,4000132,True,2604.0,19867.0,11235.5,-2604.0,19867.0,0.48929545454545453
NC_007434.1,Emb-only-P,4000272,4018247,True,24272.0,1752.0,13012.0,-24272.0,1752.0,0.40854545454545454
NC_007434.1,SAGE-GI-R,797911,808454,True,27261.0,19195.0,23228.0,-27261.0,19195.0,0.1849824561403509
NC_007434.1,SAGE-GI-R,1555035,1564267,True,50685.0,8618.0,29651.5,-50685.0,-8618.0,0.010264027504255816
NC_007434.1,SAGE-GI-R,1717351,1764563,True,11301.0,191686.0,101493.5,-11301.0,191686.0,0.18870103916866507
NC_007434.1,SAGE-GI-R,1781045,1791893,True,74995.0,164356.0,119675.5,-74995.0,164356.0,0.04336131095123901
NC_007434.1,SAGE-GI-R,1791910,1809909,True,85860.0,146340.0,116100.0,-85860.0,146340.0,0.07194244604316546
NC_007434.1,SAGE-GI-R,1835655,1848038,True,129605.0,108211.0,118908.0,-129605.0,108211.0,0.04949640287769784
NC_007434.1,SAGE-GI-R,2353920,2375430,True,6370.0,136919.0,71644.5,-6370.0,136919.0,0.1305279126213592
NC_007434.1,SAGE-GI-R,2375476,2386561,True,27926.0,125788.0,76857.0,-27926.0,125788.0,0.06726941747572815
NC_007434.1,SAGE-GI-R,2419342,2428356,True,71792.0,83993.0,77892.5,-71792.0,83993.0,0.05470266990291262
NC_007434.1,SAGE-GI-R,2445815,2457132,True,98265.0,55217.0,76741.0,-98265.0,55217.0,0.06867718446601942
NC_007434.1,SAGE-GI-R,2478231,2486738,True,130681.0,25611.0,78146.0,-130681.0,25611.0,0.05162621359223301
NC_007434.1,SAGE-GI-R,3566113,3579704,False,,,,,,0.0
NC_007434.1,SAGE-GI-R,3978604,4000132,True,13754.0,24417.0,19085.5,-13754.0,24417.0,0.3606197654941374
NC_007434.1,SAGE-GI-R,4000272,4018247,True,35422.0,6302.0,20862.0,-35422.0,6302.0,0.30110552763819093
NC_007434.1,Emb-only-R,797911,808454,True,31461.0,17495.0,24478.0,-31461.0,17495.0,0.17721008403361344
NC_007434.1,Emb-only-R,1555035,1564267,True,50285.0,7918.0,29101.5,-50285.0,-7918.0,0.02209415638966363
NC_007434.1,Emb-only-R,1717351,1764563,True,7501.0,197586.0,102543.5,-7501.0,197586.0,0.18713040031708283
NC_007434.1,Emb-only-R,1781045,1791893,True,71195.0,170256.0,120725.5,-71195.0,170256.0,0.04300039635354736
NC_007434.1,Emb-only-R,1791910,1809909,True,82060.0,152240.0,117150.0,-82060.0,152240.0,0.0713436385255648
NC_007434.1,Emb-only-R,1835655,1848038,True,125805.0,114111.0,119958.0,-125805.0,114111.0,0.049084423305588584
NC_007434.1,Emb-only-R,2353920,2375430,True,7270.0,136619.0,71944.5,-7270.0,136619.0,0.13005441354292624
NC_007434.1,Emb-only-R,2375476,2386561,True,28826.0,125488.0,77157.0,-28826.0,125488.0,0.0670253929866989
NC_007434.1,Emb-only-R,2419342,2428356,True,72692.0,83693.0,78192.5,-72692.0,83693.0,0.05450423216444982
NC_007434.1,Emb-only-R,2445815,2457132,True,99165.0,54917.0,77041.0,-99165.0,54917.0,0.06842805320435308
NC_007434.1,Emb-only-R,2478231,2486738,True,131581.0,25311.0,78446.0,-131581.0,25311.0,0.051438935912938334
NC_007434.1,Emb-only-R,3566113,3579704,False,,,,,,0.0
NC_007434.1,Emb-only-R,3978604,4000132,True,12954.0,43517.0,28235.5,-12954.0,43517.0,0.2760128205128205
NC_007434.1,Emb-only-R,4000272,4018247,True,34622.0,25402.0,30012.0,-34622.0,25402.0,0.23046153846153847
NC_007510.1,SAGE-GI-P,1901831,1910082,False,,,,,,0.0
NC_007510.1,SAGE-GI-P,1911558,1924528,True,12442.0,101471.0,56956.5,12442.0,101471.0,0.004622428828576921
NC_007510.1,SAGE-GI-P,1935770,1961532,True,11770.0,64467.0,38118.5,-11770.0,64467.0,0.25257843137254904
NC_007510.1,SAGE-GI-P,1961585,1996630,True,37585.0,29369.0,33477.0,-37585.0,29369.0,0.34358823529411764
NC_007510.1,SAGE-GI-P,3345456,3364670,True,2456.0,671.0,1563.5,-2456.0,-671.0,0.8557057819205389
NC_007510.1,Emb-only-P,1901831,1910082,False,,,,,,0.0
NC_007510.1,Emb-only-P,1911558,1924528,True,12442.0,101471.0,56956.5,12442.0,101471.0,0.004622428828576921
NC_007510.1,Emb-only-P,1935770,1961532,True,11770.0,64467.0,38118.5,-11770.0,64467.0,0.25257843137254904
NC_007510.1,Emb-only-P,1961585,1996630,True,37585.0,29369.0,33477.0,-37585.0,29369.0,0.34358823529411764
NC_007510.1,Emb-only-P,3345456,3364670,True,2456.0,671.0,1563.5,-2456.0,-671.0,0.8557057819205389
NC_007510.1,SAGE-GI-R,1901831,1910082,True,1819.0,141967.0,71893.0,1819.0,141967.0,0.042824143417277444
NC_007510.1,SAGE-GI-R,1911558,1924528,True,7908.0,127521.0,67714.5,-7908.0,127521.0,0.08740566037735849
NC_007510.1,SAGE-GI-R,1935770,1961532,True,32120.0,90517.0,61318.5,-32120.0,90517.0,0.17360512129380054
NC_007510.1,SAGE-GI-R,1961585,1996630,True,57935.0,55419.0,56677.0,-57935.0,55419.0,0.23615902964959568
NC_007510.1,SAGE-GI-R,3345456,3364670,True,3706.0,20779.0,12242.5,-3706.0,20779.0,0.4397025171624714
NC_007510.1,Emb-only-R,1901831,1910082,True,119.0,141167.0,70643.0,119.0,141167.0,0.05443082874333251
NC_007510.1,Emb-only-R,1911558,1924528,True,9608.0,126721.0,68164.5,-9608.0,126721.0,0.08687876758204957
NC_007510.1,Emb-only-R,1935770,1961532,True,33820.0,89717.0,61768.5,-33820.0,89717.0,0.17255860683188212
NC_007510.1,Emb-only-R,1961585,1996630,True,59635.0,54619.0,57127.0,-59635.0,54619.0,0.23473543201607502
NC_007510.1,Emb-only-R,3345456,3364670,True,4006.0,5679.0,4842.5,-4006.0,5679.0,0.664878892733564
NC_007530.2,SAGE-GI-P,472369,483187,True,10369.0,3188.0,6778.5,-10369.0,-3188.0,0.36015669246743437
NC_007530.2,SAGE-GI-P,3762575,3772469,True,11575.0,8530.0,10052.5,-11575.0,8530.0,0.3298333333333333
NC_007530.2,SAGE-GI-P,4841877,4858511,False,,,,,,0.0
NC_007530.2,Emb-only-P,472369,483187,True,10369.0,3188.0,6778.5,-10369.0,-3188.0,0.36015669246743437
NC_007530.2,Emb-only-P,3762575,3772469,True,11575.0,8530.0,10052.5,-11575.0,8530.0,0.3298333333333333
NC_007530.2,Emb-only-P,4841877,4858511,True,7877.0,3512.0,5694.5,-7877.0,-3512.0,0.5353704308093995
NC_007530.2,SAGE-GI-R,472369,483187,True,22619.0,362.0,11490.5,-22619.0,362.0,0.3200887573964497
NC_007530.2,SAGE-GI-R,3762575,3772469,True,13625.0,27180.0,20402.5,-13625.0,27180.0,0.19516765285996054
NC_007530.2,SAGE-GI-R,4841877,4858511,True,34727.0,7838.0,21282.5,-34727.0,7838.0,0.28099662162162165
NC_007530.2,Emb-only-R,472369,483187,True,28419.0,438.0,14428.5,-28419.0,-438.0,0.26456496253631684
NC_007530.2,Emb-only-R,3762575,3772469,True,14125.0,15680.0,14902.5,-14125.0,15680.0,0.24924433249370276
NC_007530.2,Emb-only-R,4841877,4858511,True,33627.0,10838.0,22232.5,-33627.0,10838.0,0.2722585924713584
NC_007606.1,SAGE-GI-P,406149,418490,False,,,,,,0.0
NC_007606.1,SAGE-GI-P,952240,961242,False,,,,,,0.0
NC_007606.1,SAGE-GI-P,1748014,1757341,False,,,,,,0.0
NC_007606.1,Emb-only-P,406149,418490,False,,,,,,0.0
NC_007606.1,Emb-only-P,952240,961242,True,1240.0,16757.0,8998.5,-1240.0,16757.0,0.33344444444444443
NC_007606.1,Emb-only-P,1748014,1757341,False,,,,,,0.0
NC_007606.1,SAGE-GI-R,406149,418490,True,12099.0,3059.0,7579.0,-12099.0,3059.0,0.4488
NC_007606.1,SAGE-GI-R,952240,961242,True,1890.0,16207.0,9048.5,-1890.0,16207.0,0.3322140221402214
NC_007606.1,SAGE-GI-R,1748014,1757341,True,15764.0,2008.0,8886.0,-15764.0,2008.0,0.34420664206642065
NC_007606.1,Emb-only-R,406149,418490,True,10399.0,159.0,5279.0,-10399.0,159.0,0.5389519650655021
NC_007606.1,Emb-only-R,952240,961242,True,2290.0,48107.0,25198.5,-2290.0,48107.0,0.15156565656565657
NC_007606.1,Emb-only-R,1748014,1757341,True,4364.0,2708.0,3536.0,-4364.0,2708.0,0.568780487804878
NC_007613.1,SAGE-GI-P,1188249,1198101,False,,,,,,0.0
NC_007613.1,SAGE-GI-P,1360276,1370906,True,2276.0,2907.0,2591.5,-2276.0,-2907.0,0.5984349577748509
NC_007613.1,SAGE-GI-P,4201498,4215538,True,8502.0,13461.0,10981.5,8502.0,13461.0,0.2014035342884154
NC_007613.1,Emb-only-P,1188249,1198101,False,,,,,,0.0
NC_007613.1,Emb-only-P,1360276,1370906,True,2276.0,10093.0,6184.5,-2276.0,10093.0,0.4622173913043478
NC_007613.1,Emb-only-P,4201498,4215538,True,16498.0,13461.0,14979.5,-16498.0,13461.0,0.3191136363636364
NC_007613.1,SAGE-GI-R,1188249,1198101,True,6499.0,30048.0,18273.5,-6499.0,30048.0,0.2123491379310345
NC_007613.1,SAGE-GI-R,1360276,1370906,True,13526.0,18743.0,16134.5,-13526.0,18743.0,0.2478088578088578
NC_007613.1,SAGE-GI-R,4201498,4215538,True,10348.0,34711.0,22529.5,-10348.0,34711.0,0.237580372250423
NC_007613.1,Emb-only-R,1188249,1198101,True,6199.0,28048.0,17123.5,-6199.0,28048.0,0.22342403628117913
NC_007613.1,Emb-only-R,1360276,1370906,True,15026.0,18043.0,16534.5,-15026.0,18043.0,0.24327231121281465
NC_007613.1,Emb-only-R,4201498,4215538,True,9848.0,35711.0,22779.5,-9848.0,35711.0,0.23558724832214764
NC_007651.1,SAGE-GI-P,1038007,1047514,False,,,,,,0.0
NC_007651.1,SAGE-GI-P,1625240,1637307,True,240.0,43692.0,21966.0,-240.0,43692.0,0.2155
NC_007651.1,SAGE-GI-P,3108261,3119565,True,37261.0,42434.0,39847.5,-37261.0,42434.0,0.12423076923076923
NC_007651.1,SAGE-GI-P,3133520,3148738,True,62520.0,13261.0,37890.5,-62520.0,13261.0,0.16724175824175824
NC_007651.1,Emb-only-P,1038007,1047514,False,,,,,,0.0
NC_007651.1,Emb-only-P,1625240,1637307,True,240.0,43692.0,21966.0,-240.0,43692.0,0.2155
NC_007651.1,Emb-only-P,3108261,3119565,True,37261.0,42434.0,39847.5,-37261.0,42434.0,0.12423076923076923
NC_007651.1,Emb-only-P,3133520,3148738,True,62520.0,13261.0,37890.5,-62520.0,13261.0,0.16724175824175824
NC_007651.1,SAGE-GI-R,1038007,1047514,True,8657.0,14335.0,11496.0,-8657.0,14335.0,0.29255384615384616
NC_007651.1,SAGE-GI-R,1625240,1637307,True,16590.0,46942.0,31766.0,-16590.0,46942.0,0.15962962962962962
NC_007651.1,SAGE-GI-R,3108261,3119565,True,52311.0,45684.0,48997.5,-52311.0,45684.0,0.10343092406221409
NC_007651.1,SAGE-GI-R,3133520,3148738,True,77570.0,16511.0,47040.5,-77570.0,16511.0,0.1392406221408966
NC_007651.1,Emb-only-R,1038007,1047514,True,8757.0,15335.0,12046.0,-8757.0,15335.0,0.2829761904761905
NC_007651.1,Emb-only-R,1625240,1637307,True,16790.0,55542.0,36166.0,-16790.0,55542.0,0.14298578199052134
NC_007651.1,Emb-only-R,3108261,3119565,True,52711.0,45484.0,49097.5,-52711.0,45484.0,0.10324200913242008
NC_007651.1,Emb-only-R,3133520,3148738,True,77970.0,16311.0,47140.5,-77970.0,16311.0,0.138986301369863
NC_007761.1,SAGE-GI-P,607945,618540,False,,,,,,0.0
NC_007761.1,SAGE-GI-P,622800,632012,False,,,,,,0.0
NC_007761.1,SAGE-GI-P,784346,801356,True,1654.0,25643.0,13648.5,1654.0,25643.0,0.36003657335771555
NC_007761.1,SAGE-GI-P,801649,821708,True,15649.0,5291.0,10470.0,-15649.0,5291.0,0.4892682926829268
NC_007761.1,SAGE-GI-P,1110337,1125821,True,46337.0,28178.0,37257.5,-46337.0,28178.0,0.17205555555555554
NC_007761.1,SAGE-GI-P,1409146,1423194,True,4854.0,22805.0,13829.5,4854.0,22805.0,0.24949801921094047
NC_007761.1,SAGE-GI-P,2049655,2104830,True,655.0,11169.0,5912.0,-655.0,11169.0,0.8235223880597015
NC_007761.1,SAGE-GI-P,3051924,3064513,False,,,,,,0.0
NC_007761.1,Emb-only-P,607945,618540,False,,,,,,0.0
NC_007761.1,Emb-only-P,622800,632012,False,,,,,,0.0
NC_007761.1,Emb-only-P,784346,801356,True,1654.0,25643.0,13648.5,1654.0,25643.0,0.36003657335771555
NC_007761.1,Emb-only-P,801649,821708,True,15649.0,5291.0,10470.0,-15649.0,5291.0,0.4892682926829268
NC_007761.1,Emb-only-P,1110337,1125821,True,50337.0,28178.0,39257.5,-50337.0,28178.0,0.1647340425531915
NC_007761.1,Emb-only-P,1409146,1423194,True,2146.0,22805.0,12475.5,-2146.0,22805.0,0.36023076923076924
NC_007761.1,Emb-only-P,2049655,2104830,True,655.0,11169.0,5912.0,-655.0,11169.0,0.8235223880597015
NC_007761.1,Emb-only-P,3051924,3064513,True,6924.0,3486.0,5205.0,-6924.0,3486.0,0.5473913043478261
NC_007761.1,SAGE-GI-R,607945,618540,True,4305.0,17309.0,10807.0,4305.0,17309.0,0.2254434689123813
NC_007761.1,SAGE-GI-R,622800,632012,True,10550.0,3837.0,7193.5,-10550.0,3837.0,0.3903813559322034
NC_007761.1,SAGE-GI-R,784346,801356,True,396.0,27693.0,14044.5,-396.0,27693.0,0.3771840354767184
NC_007761.1,SAGE-GI-R,801649,821708,True,17699.0,7341.0,12520.0,-17699.0,7341.0,0.4447893569844789
NC_007761.1,SAGE-GI-R,1110337,1125821,True,73487.0,58228.0,65857.5,-73487.0,58228.0,0.10519701086956522
NC_007761.1,SAGE-GI-R,1409146,1423194,True,26496.0,26455.0,26475.5,-26496.0,26455.0,0.2096865671641791
NC_007761.1,SAGE-GI-R,2049655,2104830,True,4305.0,14219.0,9262.0,-4305.0,14219.0,0.7486567164179104
NC_007761.1,SAGE-GI-R,3051924,3064513,True,8474.0,35236.0,21855.0,-8474.0,35236.0,0.2236234458259325
NC_007761.1,Emb-only-R,607945,618540,True,3995.0,13009.0,8502.0,-3995.0,13009.0,0.3839130434782609
NC_007761.1,Emb-only-R,622800,632012,True,18850.0,463.0,9656.5,-18850.0,-463.0,0.3117984534796707
NC_007761.1,Emb-only-R,784346,801356,True,604.0,28093.0,14348.5,604.0,28093.0,0.36375931181269955
NC_007761.1,Emb-only-R,801649,821708,True,16699.0,7741.0,12220.0,-16699.0,7741.0,0.45078651685393256
NC_007761.1,Emb-only-R,1110337,1125821,True,81887.0,60428.0,71157.5,-81887.0,60428.0,0.09813054499366286
NC_007761.1,Emb-only-R,1409146,1423194,True,2696.0,25855.0,14275.5,-2696.0,25855.0,0.3297887323943662
NC_007761.1,Emb-only-R,2049655,2104830,True,3805.0,20819.0,12312.0,-3805.0,20819.0,0.6914285714285714
NC_007761.1,Emb-only-R,3051924,3064513,True,8174.0,7236.0,7705.0,-8174.0,7236.0,0.4496428571428571
NC_007778.1,SAGE-GI-P,1059945,1070761,True,945.0,762.0,853.5,-945.0,-762.0,0.8548716204727087
NC_007778.1,SAGE-GI-P,1674462,1684644,False,,,,,,0.0
NC_007778.1,SAGE-GI-P,1689288,1700395,False,,,,,,0.0
NC_007778.1,SAGE-GI-P,1721901,1751001,False,,,,,,0.0
NC_007778.1,SAGE-GI-P,1838595,1874375,True,595.0,6376.0,3485.5,-595.0,-6376.0,0.8083626566967231
NC_007778.1,SAGE-GI-P,2324631,2333785,False,,,,,,0.0
NC_007778.1,SAGE-GI-P,2341242,2365708,False,,,,,,0.0
NC_007778.1,SAGE-GI-P,2568317,2593577,True,2683.0,578.0,1630.5,2683.0,-578.0,0.8709077233680377
NC_007778.1,SAGE-GI-P,2890759,2903573,True,7759.0,16426.0,12092.5,-7759.0,16426.0,0.34635135135135137
NC_007778.1,SAGE-GI-P,3470582,3488124,True,582.0,11875.0,6228.5,-582.0,11875.0,0.5847666666666667
NC_007778.1,SAGE-GI-P,3495457,3506035,True,25457.0,6036.0,15746.5,-25457.0,-6036.0,0.12606837606837606
NC_007778.1,SAGE-GI-P,3521384,3530378,False,,,,,,0.0
NC_007778.1,SAGE-GI-P,3533132,3546897,False,,,,,,0.0
NC_007778.1,SAGE-GI-P,3547198,3560162,False,,,,,,0.0
NC_007778.1,SAGE-GI-P,3780690,3799065,True,2310.0,5934.0,4122.0,2310.0,5934.0,0.6608802961744138
NC_007778.1,SAGE-GI-P,4673596,4685835,False,,,,,,0.0
NC_007778.1,SAGE-GI-P,4991620,5003290,True,23620.0,10291.0,16955.5,-23620.0,-10291.0,0.039103454138448894
NC_007778.1,SAGE-GI-P,5003471,5016607,False,,,,,,0.0
NC_007778.1,Emb-only-P,1059945,1070761,False,,,,,,0.0
NC_007778.1,Emb-only-P,1674462,1684644,False,,,,,,0.0
NC_007778.1,Emb-only-P,1689288,1700395,False,,,,,,0.0
NC_007778.1,Emb-only-P,1721901,1751001,False,,,,,,0.0
NC_007778.1,Emb-only-P,1838595,1874375,True,6405.0,6376.0,6390.5,6405.0,-6376.0,0.6427992509991336
NC_007778.1,Emb-only-P,2324631,2333785,False,,,,,,0.0
NC_007778.1,Emb-only-P,2341242,2365708,False,,,,,,0.0
NC_007778.1,Emb-only-P,2568317,2593577,True,78317.0,578.0,39447.5,-78317.0,-578.0,0.23830350074340112
NC_007778.1,Emb-only-P,2890759,2903573,True,7759.0,16426.0,12092.5,-7759.0,16426.0,0.34635135135135137
NC_007778.1,Emb-only-P,3470582,3488124,True,582.0,20875.0,10728.5,-582.0,20875.0,0.44982051282051283
NC_007778.1,Emb-only-P,3495457,3506035,True,25457.0,2964.0,14210.5,-25457.0,2964.0,0.27125641025641023
NC_007778.1,Emb-only-P,3521384,3530378,False,,,,,,0.0
NC_007778.1,Emb-only-P,3533132,3546897,False,,,,,,0.0
NC_007778.1,Emb-only-P,3547198,3560162,False,,,,,,0.0
NC_007778.1,Emb-only-P,3780690,3799065,True,20690.0,5934.0,13312.0,-20690.0,5934.0,0.4083555555555556
NC_007778.1,Emb-only-P,4673596,4685835,False,,,,,,0.0
NC_007778.1,Emb-only-P,4991620,5003290,False,,,,,,0.0
NC_007778.1,Emb-only-P,5003471,5016607,False,,,,,,0.0
NC_007778.1,SAGE-GI-R,1059945,1070761,True,3495.0,13288.0,8391.5,-3495.0,13288.0,0.3919202898550725
NC_007778.1,SAGE-GI-R,1674462,1684644,True,3088.0,69605.0,36346.5,3088.0,69605.0,0.08892314633779516
NC_007778.1,SAGE-GI-R,1689288,1700395,True,11738.0,53854.0,32796.0,-11738.0,53854.0,0.1448239895697523
NC_007778.1,SAGE-GI-R,1721901,1751001,True,44351.0,3248.0,23799.5,-44351.0,3248.0,0.37941329856584094
NC_007778.1,SAGE-GI-R,1838595,1874375,True,2045.0,2026.0,2035.5,-2045.0,-2026.0,0.8923756146565854
NC_007778.1,SAGE-GI-R,2324631,2333785,True,18181.0,236.0,9208.5,-18181.0,-236.0,0.32627304653204564
NC_007778.1,SAGE-GI-R,2341242,2365708,True,908.0,1741.0,1324.5,908.0,1741.0,0.8989239926739927
NC_007778.1,SAGE-GI-R,2568317,2593577,True,140167.0,7172.0,73669.5,-140167.0,7172.0,0.14635573580533023
NC_007778.1,SAGE-GI-R,2890759,2903573,True,13309.0,18476.0,15892.5,-13309.0,18476.0,0.2873318385650224
NC_007778.1,SAGE-GI-R,3470582,3488124,True,19032.0,27525.0,23278.5,-19032.0,27525.0,0.2736817472698908
NC_007778.1,SAGE-GI-R,3495457,3506035,True,43907.0,9614.0,26760.5,-43907.0,9614.0,0.1650390015600624
NC_007778.1,SAGE-GI-R,3521384,3530378,False,,,,,,0.0
NC_007778.1,SAGE-GI-R,3533132,3546897,False,,,,,,0.0
NC_007778.1,SAGE-GI-R,3547198,3560162,True,8552.0,30587.0,19569.5,8552.0,30587.0,0.10132714915503306
NC_007778.1,SAGE-GI-R,3780690,3799065,True,23440.0,10984.0,17212.0,-23440.0,10984.0,0.348030303030303
NC_007778.1,SAGE-GI-R,4673596,4685835,False,,,,,,0.0
NC_007778.1,SAGE-GI-R,4991620,5003290,True,27770.0,641.0,14205.5,-27770.0,-641.0,0.2796582236758703
NC_007778.1,SAGE-GI-R,5003471,5016607,True,5079.0,19242.0,12160.5,5079.0,19242.0,0.2488650050958955
NC_007778.1,Emb-only-R,1059945,1070761,True,3295.0,17788.0,10541.5,-3295.0,17788.0,0.3390909090909091
NC_007778.1,Emb-only-R,1674462,1684644,True,3612.0,19505.0,11558.5,-3612.0,19505.0,0.3057957957957958
NC_007778.1,Emb-only-R,1689288,1700395,True,18438.0,3754.0,11096.0,-18438.0,3754.0,0.3335735735735736
NC_007778.1,Emb-only-R,1721901,1751001,True,3451.0,3948.0,3699.5,-3451.0,3948.0,0.7972876712328767
NC_007778.1,Emb-only-R,1838595,1874375,True,645.0,1226.0,935.5,-645.0,-1226.0,0.9486355899632131
NC_007778.1,Emb-only-R,2324631,2333785,True,40981.0,464.0,20722.5,-40981.0,464.0,0.18092885375494072
NC_007778.1,Emb-only-R,2341242,2365708,True,5408.0,659.0,3033.5,5408.0,-659.0,0.7520333510442637
NC_007778.1,Emb-only-R,2568317,2593577,True,97867.0,6672.0,52269.5,-97867.0,6672.0,0.19461479198767334
NC_007778.1,Emb-only-R,2890759,2903573,True,10209.0,19776.0,14992.5,-10209.0,19776.0,0.2994158878504673
NC_007778.1,Emb-only-R,3470582,3488124,True,8532.0,21725.0,15128.5,-8532.0,21725.0,0.3670083682008368
NC_007778.1,Emb-only-R,3495457,3506035,True,33407.0,3814.0,18610.5,-33407.0,3814.0,0.22131799163179916
NC_007778.1,Emb-only-R,3521384,3530378,False,,,,,,0.0
NC_007778.1,Emb-only-R,3533132,3546897,False,,,,,,0.0
NC_007778.1,Emb-only-R,3547198,3560162,True,7452.0,22387.0,14919.5,7452.0,22387.0,0.1559459153654673
NC_007778.1,Emb-only-R,3780690,3799065,True,24640.0,10084.0,17362.0,-24640.0,10084.0,0.34606403013182674
NC_007778.1,Emb-only-R,4673596,4685835,False,,,,,,0.0
NC_007778.1,Emb-only-R,4991620,5003290,True,26570.0,2341.0,14455.5,-26570.0,-2341.0,0.2439789754452028
NC_007778.1,Emb-only-R,5003471,5016607,False,,,,,,0.0
NC_007793.1,SAGE-GI-P,1553007,1573102,True,15007.0,22897.0,18952.0,-15007.0,22897.0,0.34648275862068967
NC_007793.1,Emb-only-P,1553007,1573102,True,15007.0,22897.0,18952.0,-15007.0,22897.0,0.34648275862068967
NC_007793.1,SAGE-GI-R,1553007,1573102,True,15157.0,20147.0,17652.0,-15157.0,20147.0,0.36274368231046933
NC_007793.1,Emb-only-R,1553007,1573102,True,13657.0,19547.0,16602.0,-13657.0,19547.0,0.37703564727954975
NC_007946.1,SAGE-GI-P,295142,313007,False,,,,,,0.0
NC_007946.1,SAGE-GI-P,938875,948471,False,,,,,,0.0
NC_007946.1,SAGE-GI-P,1080972,1091837,True,28.0,49162.0,24595.0,28.0,49162.0,0.18054907709735457
NC_007946.1,SAGE-GI-P,1261314,1280520,True,15314.0,9479.0,12396.5,-15314.0,9479.0,0.4365227272727273
NC_007946.1,SAGE-GI-P,1409797,1430398,True,19797.0,2601.0,11199.0,-19797.0,2601.0,0.47911627906976745
NC_007946.1,SAGE-GI-P,2188785,2202929,True,129785.0,36070.0,82927.5,-129785.0,36070.0,0.07858333333333334
NC_007946.1,SAGE-GI-P,2598721,2621064,True,5721.0,36935.0,21328.0,-5721.0,36935.0,0.34375384615384613
NC_007946.1,SAGE-GI-P,3293983,3306244,False,,,,,,0.0
NC_007946.1,SAGE-GI-P,4793418,4805423,True,7418.0,56576.0,31997.0,-7418.0,56576.0,0.15797368421052632
NC_007946.1,SAGE-GI-P,4805571,4815652,True,19571.0,46347.0,32959.0,-19571.0,46347.0,0.1326578947368421
NC_007946.1,SAGE-GI-P,4820309,4831593,True,34309.0,30406.0,32357.5,-34309.0,30406.0,0.14848684210526317
NC_007946.1,SAGE-GI-P,4866661,4880684,True,13339.0,28315.0,20827.0,13339.0,28315.0,0.01617893667776754
NC_007946.1,SAGE-GI-P,4883772,4892340,True,3772.0,16659.0,10215.5,-3772.0,16659.0,0.2954827586206897
NC_007946.1,SAGE-GI-P,5009431,5025749,True,8431.0,8250.0,8340.5,-8431.0,8250.0,0.4945151515151515
NC_007946.1,Emb-only-P,295142,313007,False,,,,,,0.0
NC_007946.1,Emb-only-P,938875,948471,True,25875.0,2528.0,14201.5,-25875.0,2528.0,0.25255263157894736
NC_007946.1,Emb-only-P,1080972,1091837,True,28.0,49162.0,24595.0,28.0,49162.0,0.18054907709735457
NC_007946.1,Emb-only-P,1261314,1280520,True,15314.0,9479.0,12396.5,-15314.0,9479.0,0.4365227272727273
NC_007946.1,Emb-only-P,1409797,1430398,True,19797.0,2601.0,11199.0,-19797.0,2601.0,0.47911627906976745
NC_007946.1,Emb-only-P,2188785,2202929,True,129785.0,36070.0,82927.5,-129785.0,36070.0,0.07858333333333334
NC_007946.1,Emb-only-P,2598721,2621064,True,5721.0,36935.0,21328.0,-5721.0,36935.0,0.34375384615384613
NC_007946.1,Emb-only-P,3293983,3306244,False,,,,,,0.0
NC_007946.1,Emb-only-P,4793418,4805423,True,7418.0,56576.0,31997.0,-7418.0,56576.0,0.15797368421052632
NC_007946.1,Emb-only-P,4805571,4815652,True,19571.0,46347.0,32959.0,-19571.0,46347.0,0.1326578947368421
NC_007946.1,Emb-only-P,4820309,4831593,True,34309.0,30406.0,32357.5,-34309.0,30406.0,0.14848684210526317
NC_007946.1,Emb-only-P,4866661,4880684,False,,,,,,0.0
NC_007946.1,Emb-only-P,4883772,4892340,False,,,,,,0.0
NC_007946.1,Emb-only-P,5009431,5025749,True,8431.0,8250.0,8340.5,-8431.0,8250.0,0.4945151515151515
NC_007946.1,SAGE-GI-R,295142,313007,True,1792.0,47142.0,24467.0,-1792.0,47142.0,0.26745508982035926
NC_007946.1,SAGE-GI-R,938875,948471,True,32325.0,4078.0,18201.5,-32325.0,4078.0,0.2086304347826087
NC_007946.1,SAGE-GI-R,1080972,1091837,True,6622.0,62812.0,34717.0,-6622.0,62812.0,0.1353175591531756
NC_007946.1,SAGE-GI-R,1261314,1280520,True,21164.0,22829.0,21996.5,-21164.0,22829.0,0.3039082278481013
NC_007946.1,SAGE-GI-R,1409797,1430398,True,50447.0,5551.0,27999.0,-50447.0,5551.0,0.2689556135770235
NC_007946.1,SAGE-GI-R,2188785,2202929,True,137135.0,18220.0,77677.5,-137135.0,18220.0,0.08345132743362832
NC_007946.1,SAGE-GI-R,2598721,2621064,True,4171.0,35485.0,19828.0,-4171.0,35485.0,0.36038709677419356
NC_007946.1,SAGE-GI-R,3293983,3306244,True,1033.0,11205.0,6119.0,-1033.0,11205.0,0.5004897959183674
NC_007946.1,SAGE-GI-R,4793418,4805423,True,18068.0,108026.0,63047.0,-18068.0,108026.0,0.08693700217233888
NC_007946.1,SAGE-GI-R,4805571,4815652,True,30221.0,97797.0,64009.0,-30221.0,97797.0,0.07300506879073135
NC_007946.1,SAGE-GI-R,4820309,4831593,True,44959.0,81856.0,63407.5,-44959.0,81856.0,0.08171614771904417
NC_007946.1,SAGE-GI-R,4866661,4880684,True,91311.0,32765.0,62038.0,-91311.0,32765.0,0.10154960173787111
NC_007946.1,SAGE-GI-R,4883772,4892340,True,108422.0,21109.0,64765.5,-108422.0,21109.0,0.0620492396813903
NC_007946.1,SAGE-GI-R,5009431,5025749,True,26681.0,10600.0,18640.5,-26681.0,10600.0,0.3044589552238806
NC_007946.1,Emb-only-R,295142,313007,True,1292.0,51542.0,26417.0,-1292.0,51542.0,0.2527015558698727
NC_007946.1,Emb-only-R,938875,948471,True,30525.0,45178.0,37851.5,-30525.0,45178.0,0.11250879249706917
NC_007946.1,Emb-only-R,1080972,1091837,True,6022.0,60212.0,33117.0,-6022.0,60212.0,0.1409338521400778
NC_007946.1,Emb-only-R,1261314,1280520,True,21564.0,24029.0,22796.5,-21564.0,24029.0,0.29640432098765435
NC_007946.1,Emb-only-R,1409797,1430398,True,25547.0,5151.0,15349.0,-25547.0,5151.0,0.40159844054580895
NC_007946.1,Emb-only-R,2188785,2202929,True,123935.0,18020.0,70977.5,-123935.0,18020.0,0.09061499039077514
NC_007946.1,Emb-only-R,2598721,2621064,True,6471.0,67085.0,36778.0,-6471.0,67085.0,0.232992700729927
NC_007946.1,Emb-only-R,3293983,3306244,True,8833.0,11005.0,9919.0,-8833.0,11005.0,0.381993769470405
NC_007946.1,Emb-only-R,4793418,4805423,True,19268.0,103026.0,61147.0,-19268.0,103026.0,0.08939687267311988
NC_007946.1,Emb-only-R,4805571,4815652,True,31421.0,92797.0,62109.0,-31421.0,92797.0,0.07507073715562174
NC_007946.1,Emb-only-R,4820309,4831593,True,46159.0,76856.0,61507.5,-46159.0,76856.0,0.08402829486224869
NC_007946.1,Emb-only-R,4866661,4880684,True,92511.0,27765.0,60138.0,-92511.0,27765.0,0.1044229337304542
NC_007946.1,Emb-only-R,4883772,4892340,True,109622.0,16109.0,62865.5,-109622.0,16109.0,0.06380491437081162
NC_007946.1,Emb-only-R,5009431,5025749,True,27181.0,10900.0,19040.5,-27181.0,10900.0,0.29998161764705883
NC_008022.1,SAGE-GI-P,791057,805631,True,18057.0,5368.0,11712.5,-18057.0,5368.0,0.38355263157894737
NC_008022.1,Emb-only-P,791057,805631,True,18057.0,5368.0,11712.5,-18057.0,5368.0,0.38355263157894737
NC_008022.1,SAGE-GI-R,791057,805631,True,20807.0,4818.0,12812.5,-20807.0,4818.0,0.36256218905472637
NC_008022.1,Emb-only-R,791057,805631,True,15307.0,4718.0,10012.5,-15307.0,4718.0,0.42124277456647397
NC_007958.1,SAGE-GI-P,11339,46263,True,2339.0,21736.0,12037.5,-2339.0,21736.0,0.5919491525423729
NC_007958.1,SAGE-GI-P,46863,68343,True,37863.0,344.0,19103.5,-37863.0,-344.0,0.3561775411162038
NC_007958.1,SAGE-GI-P,415638,424368,False,,,,,,0.0
NC_007958.1,SAGE-GI-P,835417,851661,True,1417.0,2338.0,1877.5,-1417.0,2338.0,0.81225
NC_007958.1,SAGE-GI-P,1676745,1690492,True,19745.0,22507.0,21126.0,-19745.0,22507.0,0.2455
NC_007958.1,SAGE-GI-P,2386062,2400824,True,17062.0,36175.0,26618.5,-17062.0,36175.0,0.21710294117647058
NC_007958.1,SAGE-GI-P,2405977,2427580,True,36977.0,9419.0,23198.0,-36977.0,9419.0,0.31770588235294117
NC_007958.1,SAGE-GI-P,4073926,4091273,True,25926.0,274.0,13100.0,-25926.0,-274.0,0.39455562231362945
NC_007958.1,Emb-only-P,11339,46263,True,2339.0,21736.0,12037.5,-2339.0,21736.0,0.5919491525423729
NC_007958.1,Emb-only-P,46863,68343,True,37863.0,344.0,19103.5,-37863.0,-344.0,0.3561775411162038
NC_007958.1,Emb-only-P,415638,424368,True,12638.0,1631.0,7134.5,-12638.0,1631.0,0.3796086956521739
NC_007958.1,Emb-only-P,835417,851661,True,1417.0,2338.0,1877.5,-1417.0,2338.0,0.81225
NC_007958.1,Emb-only-P,1676745,1690492,True,19745.0,22507.0,21126.0,-19745.0,22507.0,0.2455
NC_007958.1,Emb-only-P,2386062,2400824,True,17062.0,36175.0,26618.5,-17062.0,36175.0,0.21710294117647058
NC_007958.1,Emb-only-P,2405977,2427580,True,36977.0,9419.0,23198.0,-36977.0,9419.0,0.31770588235294117
NC_007958.1,Emb-only-P,4073926,4091273,True,25926.0,274.0,13100.0,-25926.0,-274.0,0.39455562231362945
NC_007958.1,SAGE-GI-R,11339,46263,True,6189.0,8786.0,7487.5,-6189.0,8786.0,0.6998997995991983
NC_007958.1,SAGE-GI-R,46863,68343,True,41713.0,13294.0,27503.5,-41713.0,-13294.0,0.12955343861759028
NC_007958.1,SAGE-GI-R,415638,424368,True,43588.0,4081.0,23834.5,-43588.0,4081.0,0.1548049645390071
NC_007958.1,SAGE-GI-R,835417,851661,True,17367.0,11588.0,14477.5,-17367.0,11588.0,0.35940265486725664
NC_007958.1,SAGE-GI-R,1676745,1690492,True,17095.0,78257.0,47676.0,-17095.0,78257.0,0.126012832263978
NC_007958.1,SAGE-GI-R,2386062,2400824,True,20612.0,39525.0,30068.5,-20612.0,39525.0,0.19710280373831776
NC_007958.1,SAGE-GI-R,2405977,2427580,True,40527.0,12769.0,26648.0,-40527.0,12769.0,0.28843791722296397
NC_007958.1,SAGE-GI-R,4073926,4091273,True,29276.0,3876.0,16576.0,-29276.0,3876.0,0.34352475247524755
NC_007958.1,Emb-only-R,11339,46263,True,5589.0,8386.0,6987.5,-5589.0,8386.0,0.7142126789366053
NC_007958.1,Emb-only-R,46863,68343,True,41113.0,13694.0,27403.5,-41113.0,-13694.0,0.12440489503786305
NC_007958.1,Emb-only-R,415638,424368,True,45988.0,3781.0,24884.5,-45988.0,3781.0,0.14924786324786324
NC_007958.1,Emb-only-R,835417,851661,True,16767.0,9388.0,13077.5,-16767.0,9388.0,0.38313679245283017
NC_007958.1,Emb-only-R,1676745,1690492,True,16095.0,77657.0,46876.0,-16095.0,77657.0,0.12788837209302326
NC_007958.1,Emb-only-R,2386062,2400824,True,19812.0,40325.0,30068.5,-19812.0,40325.0,0.19710280373831776
NC_007958.1,Emb-only-R,2405977,2427580,True,39727.0,13569.0,26648.0,-39727.0,13569.0,0.28843791722296397
NC_007958.1,Emb-only-R,4073926,4091273,True,29276.0,25076.0,27176.0,-29276.0,25076.0,0.24195258019525803
NC_008023.1,SAGE-GI-P,1063757,1120859,True,6757.0,3860.0,5308.5,-6757.0,-3860.0,0.8337456937049796
NC_008023.1,Emb-only-P,1063757,1120859,True,6757.0,3860.0,5308.5,-6757.0,-3860.0,0.8337456937049796
NC_008023.1,SAGE-GI-R,1063757,1120859,True,9007.0,3690.0,6348.5,-9007.0,3690.0,0.8180945558739255
NC_008023.1,Emb-only-R,1063757,1120859,True,9207.0,3390.0,6298.5,-9207.0,3390.0,0.8192682926829268
NC_008024.1,SAGE-GI-P,1621459,1670325,True,11459.0,22674.0,17066.5,-11459.0,22674.0,0.5887590361445784
NC_008024.1,Emb-only-P,1621459,1670325,True,11459.0,22674.0,17066.5,-11459.0,22674.0,0.5887590361445784
NC_008024.1,SAGE-GI-R,1621459,1670325,True,29909.0,19424.0,24666.5,-29909.0,19424.0,0.49762729124236255
NC_008024.1,Emb-only-R,1621459,1670325,True,31809.0,19724.0,25766.5,-31809.0,19724.0,0.4867231075697211
NC_008060.1,SAGE-GI-P,316790,325160,True,4790.0,5839.0,5314.5,-4790.0,5839.0,0.44057894736842107
NC_008060.1,SAGE-GI-P,1429644,1461776,False,,,,,,0.0
NC_008060.1,SAGE-GI-P,1491645,1509547,False,,,,,,0.0
NC_008060.1,SAGE-GI-P,1521248,1529418,False,,,,,,0.0
NC_008060.1,SAGE-GI-P,1550122,1571960,True,1122.0,39.0,580.5,-1122.0,39.0,0.9495217391304348
NC_008060.1,SAGE-GI-P,1586747,1606892,False,,,,,,0.0
NC_008060.1,SAGE-GI-P,1612409,1648735,False,,,,,,0.0
NC_008060.1,SAGE-GI-P,1672259,1684138,False,,,,,,0.0
NC_008060.1,SAGE-GI-P,1684757,1724820,False,,,,,,0.0
NC_008060.1,SAGE-GI-P,1729553,1739258,False,,,,,,0.0
NC_008060.1,Emb-only-P,316790,325160,True,4790.0,5839.0,5314.5,-4790.0,5839.0,0.44057894736842107
NC_008060.1,Emb-only-P,1429644,1461776,False,,,,,,0.0
NC_008060.1,Emb-only-P,1491645,1509547,False,,,,,,0.0
NC_008060.1,Emb-only-P,1521248,1529418,False,,,,,,0.0
NC_008060.1,Emb-only-P,1550122,1571960,True,1122.0,39.0,580.5,-1122.0,39.0,0.9495217391304348
NC_008060.1,Emb-only-P,1586747,1606892,False,,,,,,0.0
NC_008060.1,Emb-only-P,1612409,1648735,False,,,,,,0.0
NC_008060.1,Emb-only-P,1672259,1684138,True,259.0,19861.0,10060.0,-259.0,19861.0,0.37125
NC_008060.1,Emb-only-P,1684757,1724820,True,12757.0,20821.0,16789.0,-12757.0,-20821.0,0.3643058631983491
NC_008060.1,Emb-only-P,1729553,1739258,False,,,,,,0.0
NC_008060.1,SAGE-GI-R,316790,325160,True,8740.0,36789.0,22764.5,-8740.0,36789.0,0.1553061224489796
NC_008060.1,SAGE-GI-R,1429644,1461776,True,2906.0,16173.0,9539.5,2906.0,16173.0,0.6050387115472198
NC_008060.1,SAGE-GI-R,1491645,1509547,False,,,,,,0.0
NC_008060.1,SAGE-GI-R,1521248,1529418,True,198.0,631.0,414.5,-198.0,631.0,0.9078888888888889
NC_008060.1,SAGE-GI-R,1550122,1571960,True,3672.0,15889.0,9780.5,-3672.0,15889.0,0.527512077294686
NC_008060.1,SAGE-GI-R,1586747,1606892,True,40297.0,19043.0,29670.0,-40297.0,-19043.0,0.01824859785252221
NC_008060.1,SAGE-GI-R,1612409,1648735,False,,,,,,0.0
NC_008060.1,SAGE-GI-R,1672259,1684138,True,6309.0,25611.0,15960.0,-6309.0,25611.0,0.27123287671232876
NC_008060.1,SAGE-GI-R,1684757,1724820,True,18807.0,15071.0,16939.0,-18807.0,-15071.0,0.4245383975132068
NC_008060.1,SAGE-GI-R,1729553,1739258,True,3297.0,27191.0,15244.0,3297.0,27191.0,0.17369975878797733
NC_008060.1,Emb-only-R,316790,325160,True,10740.0,38489.0,24614.5,-10740.0,38489.0,0.14532986111111112
NC_008060.1,Emb-only-R,1429644,1461776,True,6006.0,15327.0,10666.5,6006.0,-15327.0,0.3361030716086266
NC_008060.1,Emb-only-R,1491645,1509547,False,,,,,,0.0
NC_008060.1,Emb-only-R,1521248,1529418,False,,,,,,0.0
NC_008060.1,Emb-only-R,1550122,1571960,True,2872.0,16289.0,9580.5,-2872.0,16289.0,0.5326585365853659
NC_008060.1,Emb-only-R,1586747,1606892,True,39497.0,18643.0,29070.0,-39497.0,-18643.0,0.025199939640863134
NC_008060.1,Emb-only-R,1612409,1648735,False,,,,,,0.0
NC_008060.1,Emb-only-R,1672259,1684138,True,5609.0,25711.0,15660.0,-5609.0,25711.0,0.275
NC_008060.1,Emb-only-R,1684757,1724820,True,18107.0,14971.0,16539.0,-18107.0,-14971.0,0.4313661446425195
NC_008060.1,Emb-only-R,1729553,1739258,True,2997.0,19391.0,11194.0,2997.0,19391.0,0.23057359865278207
NC_008061.1,SAGE-GI-P,2144914,2158787,True,39914.0,52212.0,46063.0,-39914.0,52212.0,0.1308867924528302
NC_008061.1,Emb-only-P,2144914,2158787,True,39914.0,52212.0,46063.0,-39914.0,52212.0,0.1308867924528302
NC_008061.1,SAGE-GI-R,2144914,2158787,True,52464.0,69062.0,60763.0,-52464.0,69062.0,0.10246676514032496
NC_008061.1,Emb-only-R,2144914,2158787,True,53264.0,69262.0,61263.0,-53264.0,69262.0,0.10171554252199413
NC_008253.1,SAGE-GI-P,1947502,1963488,True,1502.0,45511.0,23506.5,-1502.0,45511.0,0.25376190476190474
NC_008253.1,SAGE-GI-P,3129481,3140898,False,,,,,,0.0
NC_008253.1,SAGE-GI-P,3954644,3973937,True,7644.0,47062.0,27353.0,-7644.0,47062.0,0.26072972972972974
NC_008253.1,SAGE-GI-P,3975679,3990566,True,28679.0,30433.0,29556.0,-28679.0,30433.0,0.20118918918918918
NC_008253.1,SAGE-GI-P,3991067,4001864,True,44067.0,19135.0,31601.0,-44067.0,19135.0,0.14591891891891892
NC_008253.1,SAGE-GI-P,4007739,4015903,True,60739.0,5096.0,32917.5,-60739.0,5096.0,0.11033783783783783
NC_008253.1,SAGE-GI-P,4759316,4770212,True,23316.0,36787.0,30051.5,-23316.0,36787.0,0.15347887323943663
NC_008253.1,Emb-only-P,1947502,1963488,True,1502.0,154511.0,78006.5,-1502.0,154511.0,0.09294767441860464
NC_008253.1,Emb-only-P,3129481,3140898,True,1481.0,57101.0,29291.0,-1481.0,57101.0,0.1631142857142857
NC_008253.1,Emb-only-P,3954644,3973937,True,7644.0,47062.0,27353.0,-7644.0,47062.0,0.26072972972972974
NC_008253.1,Emb-only-P,3975679,3990566,True,28679.0,30433.0,29556.0,-28679.0,30433.0,0.20118918918918918
NC_008253.1,Emb-only-P,3991067,4001864,True,44067.0,19135.0,31601.0,-44067.0,19135.0,0.14591891891891892
NC_008253.1,Emb-only-P,4007739,4015903,True,60739.0,5096.0,32917.5,-60739.0,5096.0,0.11033783783783783
NC_008253.1,Emb-only-P,4759316,4770212,True,23316.0,36787.0,30051.5,-23316.0,36787.0,0.15347887323943663
NC_008253.1,SAGE-GI-R,1947502,1963488,True,8252.0,157561.0,82906.5,-8252.0,157561.0,0.08793729372937294
NC_008253.1,SAGE-GI-R,3129481,3140898,True,4831.0,66751.0,35791.0,-4831.0,66751.0,0.13756626506024097
NC_008253.1,SAGE-GI-R,3954644,3973937,True,11694.0,62212.0,36953.0,-11694.0,62212.0,0.20701716738197426
NC_008253.1,SAGE-GI-R,3975679,3990566,True,32729.0,45583.0,39156.0,-32729.0,45583.0,0.15974248927038626
NC_008253.1,SAGE-GI-R,3991067,4001864,True,48117.0,34285.0,41201.0,-48117.0,34285.0,0.11585836909871244
NC_008253.1,SAGE-GI-R,4007739,4015903,True,64789.0,20246.0,42517.5,-64789.0,20246.0,0.08760729613733906
NC_008253.1,SAGE-GI-R,4759316,4770212,True,26066.0,84137.0,55101.5,-26066.0,84137.0,0.08998348472336912
NC_008253.1,Emb-only-R,1947502,1963488,True,10152.0,157561.0,83856.5,-10152.0,157561.0,0.08702776265650518
NC_008253.1,Emb-only-R,3129481,3140898,True,4931.0,66751.0,35841.0,-4931.0,66751.0,0.13740072202166065
NC_008253.1,Emb-only-R,3954644,3973937,True,11494.0,60712.0,36103.0,-11494.0,60712.0,0.21086338797814208
NC_008253.1,Emb-only-R,3975679,3990566,True,32529.0,44083.0,38306.0,-32529.0,44083.0,0.1627103825136612
NC_008253.1,Emb-only-R,3991067,4001864,True,47917.0,32785.0,40351.0,-47917.0,32785.0,0.11801092896174864
NC_008253.1,Emb-only-R,4007739,4015903,True,64589.0,18746.0,41667.5,-64589.0,18746.0,0.08923497267759563
NC_008253.1,Emb-only-R,4759316,4770212,True,25366.0,85037.0,55201.5,-25366.0,85037.0,0.0898351195383347
NC_008258.1,SAGE-GI-P,238332,249716,True,24332.0,46283.0,35307.5,-24332.0,46283.0,0.13884146341463416
NC_008258.1,SAGE-GI-P,324412,333838,False,,,,,,0.0
NC_008258.1,SAGE-GI-P,1194517,1208293,False,,,,,,0.0
NC_008258.1,SAGE-GI-P,3863844,3872028,False,,,,,,0.0
NC_008258.1,SAGE-GI-P,3957477,3967088,False,,,,,,0.0
NC_008258.1,Emb-only-P,238332,249716,True,24332.0,46283.0,35307.5,-24332.0,46283.0,0.13884146341463416
NC_008258.1,Emb-only-P,324412,333838,False,,,,,,0.0
NC_008258.1,Emb-only-P,1194517,1208293,False,,,,,,0.0
NC_008258.1,Emb-only-P,3863844,3872028,False,,,,,,0.0
NC_008258.1,Emb-only-P,3957477,3967088,False,,,,,,0.0
NC_008258.1,SAGE-GI-R,238332,249716,True,54582.0,50233.0,52407.5,-54582.0,50233.0,0.0979776247848537
NC_008258.1,SAGE-GI-R,324412,333838,True,9862.0,15511.0,12686.5,-9862.0,15511.0,0.27089080459770115
NC_008258.1,SAGE-GI-R,1194517,1208293,True,2767.0,644.0,1705.5,-2767.0,-644.0,0.7938225338491296
NC_008258.1,SAGE-GI-R,3863844,3872028,False,,,,,,0.0
NC_008258.1,SAGE-GI-R,3957477,3967088,True,16827.0,6261.0,11544.0,-16827.0,6261.0,0.29394495412844035
NC_008258.1,Emb-only-R,238332,249716,True,54482.0,48633.0,51557.5,-54482.0,48633.0,0.09943231441048035
NC_008258.1,Emb-only-R,324412,333838,True,9762.0,13111.0,11436.5,-9762.0,13111.0,0.29185758513931886
NC_008258.1,Emb-only-R,1194517,1208293,True,3167.0,19556.0,11361.5,-3167.0,19556.0,0.37745205479452054
NC_008258.1,Emb-only-R,3863844,3872028,True,47094.0,39821.0,43457.5,-47094.0,39821.0,0.08606729758149316
NC_008258.1,Emb-only-R,3957477,3967088,True,14427.0,6261.0,10344.0,-14427.0,6261.0,0.31722772277227723
NC_008321.1,SAGE-GI-P,1999634,2045692,True,366.0,6307.0,3336.5,366.0,6307.0,0.8725699881602567
NC_008321.1,SAGE-GI-P,2206970,2222120,False,,,,,,0.0
NC_008321.1,SAGE-GI-P,2350995,2373506,False,,,,,,0.0
NC_008321.1,SAGE-GI-P,2377915,2387341,False,,,,,,0.0
NC_008321.1,SAGE-GI-P,2465208,2474509,False,,,,,,0.0
NC_008321.1,SAGE-GI-P,2665660,2678192,True,10660.0,1807.0,6233.5,-10660.0,1807.0,0.50132
NC_008321.1,SAGE-GI-P,3826007,3838041,True,1007.0,7958.0,4482.5,-1007.0,7958.0,0.5730952380952381
NC_008321.1,SAGE-GI-P,3839312,3850187,True,14312.0,4188.0,9250.0,-14312.0,-4188.0,0.2655232650468477
NC_008321.1,SAGE-GI-P,4036255,4048109,False,,,,,,0.0
NC_008321.1,Emb-only-P,1999634,2045692,True,9366.0,6307.0,7836.5,9366.0,6307.0,0.7007027460566017
NC_008321.1,Emb-only-P,2206970,2222120,False,,,,,,0.0
NC_008321.1,Emb-only-P,2350995,2373506,False,,,,,,0.0
NC_008321.1,Emb-only-P,2377915,2387341,False,,,,,,0.0
NC_008321.1,Emb-only-P,2465208,2474509,False,,,,,,0.0
NC_008321.1,Emb-only-P,2665660,2678192,True,10660.0,1807.0,6233.5,-10660.0,1807.0,0.50132
NC_008321.1,Emb-only-P,3826007,3838041,True,1007.0,7958.0,4482.5,-1007.0,7958.0,0.5730952380952381
NC_008321.1,Emb-only-P,3839312,3850187,True,14312.0,4188.0,9250.0,-14312.0,-4188.0,0.2655232650468477
NC_008321.1,Emb-only-P,4036255,4048109,False,,,,,,0.0
NC_008321.1,SAGE-GI-R,1999634,2045692,True,1884.0,2457.0,2170.5,-1884.0,2457.0,0.9138690476190476
NC_008321.1,SAGE-GI-R,2206970,2222120,False,,,,,,0.0
NC_008321.1,SAGE-GI-R,2350995,2373506,True,21755.0,10443.0,16099.0,21755.0,10443.0,0.022970717645273857
NC_008321.1,SAGE-GI-R,2377915,2387341,True,5165.0,3392.0,4278.5,-5165.0,-3392.0,0.4135827850877193
NC_008321.1,SAGE-GI-R,2465208,2474509,False,,,,,,0.0
NC_008321.1,SAGE-GI-R,2665660,2678192,True,12710.0,35257.0,23983.5,-12710.0,35257.0,0.20715702479338843
NC_008321.1,SAGE-GI-R,3826007,3838041,True,5957.0,24308.0,15132.5,-5957.0,24308.0,0.28451536643026004
NC_008321.1,SAGE-GI-R,3839312,3850187,True,19262.0,12162.0,15712.0,-19262.0,12162.0,0.25711583924349884
NC_008321.1,SAGE-GI-R,4036255,4048109,True,7595.0,15340.0,11467.5,7595.0,15340.0,0.15664644236072808
NC_008321.1,Emb-only-R,1999634,2045692,True,16684.0,1157.0,8920.5,-16684.0,1157.0,0.7207981220657277
NC_008321.1,Emb-only-R,2206970,2222120,False,,,,,,0.0
NC_008321.1,Emb-only-R,2350995,2373506,True,21455.0,9943.0,15699.0,21455.0,9943.0,0.03256817131412725
NC_008321.1,Emb-only-R,2377915,2387341,True,5465.0,3892.0,4678.5,-5465.0,-3892.0,0.3716760676873489
NC_008321.1,Emb-only-R,2465208,2474509,False,,,,,,0.0
NC_008321.1,Emb-only-R,2665660,2678192,True,11910.0,41657.0,26783.5,-11910.0,41657.0,0.18960665658093798
NC_008321.1,Emb-only-R,3826007,3838041,True,7057.0,24108.0,15582.5,-7057.0,24108.0,0.27858796296296295
NC_008321.1,Emb-only-R,3839312,3850187,True,20362.0,11962.0,16162.0,-20362.0,11962.0,0.25175925925925924
NC_008321.1,Emb-only-R,4036255,4048109,True,8695.0,12740.0,10717.5,8695.0,12740.0,0.12848139865826388
NC_008322.1,SAGE-GI-P,656346,668192,False,,,,,,0.0
NC_008322.1,SAGE-GI-P,1174646,1194549,True,646.0,13450.0,7048.0,-646.0,13450.0,0.5854117647058823
NC_008322.1,SAGE-GI-P,2084660,2122888,True,3660.0,6111.0,4885.5,-3660.0,6111.0,0.7964375
NC_008322.1,SAGE-GI-P,2240188,2249744,False,,,,,,0.0
NC_008322.1,SAGE-GI-P,2327486,2336921,False,,,,,,0.0
NC_008322.1,SAGE-GI-P,2338857,2353093,False,,,,,,0.0
NC_008322.1,SAGE-GI-P,2494719,2509928,False,,,,,,0.0
NC_008322.1,SAGE-GI-P,2733622,2749041,True,10622.0,1958.0,6290.0,-10622.0,1958.0,0.5507142857142857
NC_008322.1,SAGE-GI-P,3388774,3397370,False,,,,,,0.0
NC_008322.1,Emb-only-P,656346,668192,False,,,,,,0.0
NC_008322.1,Emb-only-P,1174646,1194549,True,646.0,13450.0,7048.0,-646.0,13450.0,0.5854117647058823
NC_008322.1,Emb-only-P,2084660,2122888,True,3660.0,6111.0,4885.5,-3660.0,6111.0,0.7964375
NC_008322.1,Emb-only-P,2240188,2249744,False,,,,,,0.0
NC_008322.1,Emb-only-P,2327486,2336921,False,,,,,,0.0
NC_008322.1,Emb-only-P,2338857,2353093,False,,,,,,0.0
NC_008322.1,Emb-only-P,2494719,2509928,False,,,,,,0.0
NC_008322.1,Emb-only-P,2733622,2749041,True,10622.0,1958.0,6290.0,-10622.0,1958.0,0.5507142857142857
NC_008322.1,Emb-only-P,3388774,3397370,False,,,,,,0.0
NC_008322.1,SAGE-GI-R,656346,668192,True,12996.0,8043.0,10519.5,-12996.0,-8043.0,0.1531216036710542
NC_008322.1,SAGE-GI-R,1174646,1194549,True,3396.0,20100.0,11748.0,-3396.0,20100.0,0.4586175115207373
NC_008322.1,SAGE-GI-R,2084660,2122888,True,4210.0,3961.0,4085.5,-4210.0,3961.0,0.8239008620689655
NC_008322.1,SAGE-GI-R,2240188,2249744,False,,,,,,0.0
NC_008322.1,SAGE-GI-R,2327486,2336921,True,3264.0,17028.0,10146.0,3264.0,17028.0,0.23322249093107617
NC_008322.1,SAGE-GI-R,2338857,2353093,True,8107.0,856.0,4481.5,-8107.0,856.0,0.6136637931034483
NC_008322.1,SAGE-GI-R,2494719,2509928,False,,,,,,0.0
NC_008322.1,SAGE-GI-R,2733622,2749041,True,12572.0,29808.0,21190.0,-12572.0,29808.0,0.2667820069204152
NC_008322.1,SAGE-GI-R,3388774,3397370,True,3824.0,12379.0,8101.5,-3824.0,12379.0,0.34665322580645164
NC_008322.1,Emb-only-R,656346,668192,True,12496.0,9743.0,11119.5,-12496.0,-9743.0,0.08643141765599967
NC_008322.1,Emb-only-R,1174646,1194549,True,31696.0,21800.0,26748.0,-31696.0,21800.0,0.2711716621253406
NC_008322.1,Emb-only-R,2084660,2122888,True,3710.0,3661.0,3685.5,-3710.0,3661.0,0.8383552631578948
NC_008322.1,Emb-only-R,2240188,2249744,False,,,,,,0.0
NC_008322.1,Emb-only-R,2327486,2336921,True,3564.0,13728.0,8646.0,3564.0,13728.0,0.2534968053876705
NC_008322.1,Emb-only-R,2338857,2353093,True,7807.0,2444.0,5125.5,-7807.0,-2444.0,0.5349755035383778
NC_008322.1,Emb-only-R,2494719,2509928,False,,,,,,0.0
NC_008322.1,Emb-only-R,2733622,2749041,True,12172.0,29708.0,20940.0,-12172.0,29708.0,0.26910994764397905
NC_008322.1,Emb-only-R,3388774,3397370,True,1824.0,11879.0,6851.5,-1824.0,11879.0,0.3855156950672646
NC_008390.1,SAGE-GI-P,2160520,2170434,True,520.0,45565.0,23042.5,-520.0,45565.0,0.17705357142857142
NC_008390.1,Emb-only-P,2160520,2170434,True,520.0,45565.0,23042.5,-520.0,45565.0,0.17705357142857142
NC_008390.1,SAGE-GI-R,2160520,2170434,True,10670.0,54115.0,32392.5,-10670.0,54115.0,0.13273092369477912
NC_008390.1,Emb-only-R,2160520,2170434,True,11070.0,49215.0,30142.5,-11070.0,49215.0,0.14123931623931624
NC_008463.1,SAGE-GI-P,288289,297900,True,1711.0,18099.0,9905.0,1711.0,18099.0,0.2851214319223413
NC_008463.1,SAGE-GI-P,1801155,1811031,False,,,,,,0.0
NC_008463.1,SAGE-GI-P,1924271,1941370,True,4271.0,371.0,2321.0,-4271.0,-371.0,0.7827897618267746
NC_008463.1,SAGE-GI-P,2474708,2486275,True,708.0,6724.0,3716.0,-708.0,6724.0,0.6088421052631579
NC_008463.1,SAGE-GI-P,2847773,2861014,False,,,,,,0.0
NC_008463.1,SAGE-GI-P,2926970,2936878,False,,,,,,0.0
NC_008463.1,SAGE-GI-P,3778539,3794411,False,,,,,,0.0
NC_008463.1,SAGE-GI-P,4313535,4326916,False,,,,,,0.0
NC_008463.1,SAGE-GI-P,4860217,4872743,True,217.0,23256.0,11736.5,-217.0,23256.0,0.34797222222222224
NC_008463.1,SAGE-GI-P,4873468,4891795,True,13468.0,4204.0,8836.0,-13468.0,4204.0,0.5091111111111111
NC_008463.1,SAGE-GI-P,5347269,5355677,True,110269.0,3322.0,56795.5,-110269.0,3322.0,0.06892622950819673
NC_008463.1,Emb-only-P,288289,297900,True,1711.0,18099.0,9905.0,1711.0,18099.0,0.2851214319223413
NC_008463.1,Emb-only-P,1801155,1811031,False,,,,,,0.0
NC_008463.1,Emb-only-P,1924271,1941370,True,4271.0,371.0,2321.0,-4271.0,-371.0,0.7827897618267746
NC_008463.1,Emb-only-P,2474708,2486275,True,708.0,6724.0,3716.0,-708.0,6724.0,0.6088421052631579
NC_008463.1,Emb-only-P,2847773,2861014,False,,,,,,0.0
NC_008463.1,Emb-only-P,2926970,2936878,False,,,,,,0.0
NC_008463.1,Emb-only-P,3778539,3794411,False,,,,,,0.0
NC_008463.1,Emb-only-P,4313535,4326916,False,,,,,,0.0
NC_008463.1,Emb-only-P,4860217,4872743,True,217.0,23256.0,11736.5,-217.0,23256.0,0.34797222222222224
NC_008463.1,Emb-only-P,4873468,4891795,True,13468.0,4204.0,8836.0,-13468.0,4204.0,0.5091111111111111
NC_008463.1,Emb-only-P,5347269,5355677,True,110269.0,3322.0,56795.5,-110269.0,3322.0,0.06892622950819673
NC_008463.1,SAGE-GI-R,288289,297900,True,13339.0,22149.0,17744.0,-13339.0,22149.0,0.21312638580931265
NC_008463.1,SAGE-GI-R,1801155,1811031,True,3495.0,7818.0,5656.5,3495.0,7818.0,0.3606668550437977
NC_008463.1,SAGE-GI-R,1924271,1941370,True,7921.0,5479.0,6700.0,-7921.0,5479.0,0.5606557377049181
NC_008463.1,SAGE-GI-R,2474708,2486275,True,29558.0,15874.0,22716.0,-29558.0,15874.0,0.20294736842105263
NC_008463.1,SAGE-GI-R,2847773,2861014,True,2023.0,17835.0,9929.0,-2023.0,17835.0,0.4000604229607251
NC_008463.1,SAGE-GI-R,2926970,2936878,True,10520.0,9971.0,10245.5,-10520.0,9971.0,0.32595394736842104
NC_008463.1,SAGE-GI-R,3778539,3794411,True,2789.0,2338.0,2563.5,-2789.0,2338.0,0.7558571428571429
NC_008463.1,SAGE-GI-R,4313535,4326916,True,30285.0,6067.0,18176.0,-30285.0,-6067.0,0.16751780520759382
NC_008463.1,SAGE-GI-R,4860217,4872743,True,2567.0,60706.0,31636.5,-2567.0,60706.0,0.16526385224274406
NC_008463.1,SAGE-GI-R,4873468,4891795,True,15818.0,41654.0,28736.0,-15818.0,41654.0,0.24179419525065962
NC_008463.1,SAGE-GI-R,5347269,5355677,True,125219.0,31072.0,78145.5,-125219.0,31072.0,0.051056466302367945
NC_008463.1,Emb-only-R,288289,297900,True,14739.0,21849.0,18294.0,-14739.0,21849.0,0.20805194805194804
NC_008463.1,Emb-only-R,1801155,1811031,True,3495.0,8218.0,5856.5,3495.0,8218.0,0.35269411439624204
NC_008463.1,Emb-only-R,1924271,1941370,True,8021.0,4279.0,6150.0,-8021.0,4279.0,0.5816326530612245
NC_008463.1,Emb-only-R,2474708,2486275,True,31358.0,12374.0,21866.0,-31358.0,12374.0,0.20918625678119349
NC_008463.1,Emb-only-R,2847773,2861014,True,4223.0,17435.0,10829.0,-4223.0,17435.0,0.3794269340974212
NC_008463.1,Emb-only-R,2926970,2936878,True,10120.0,10371.0,10245.5,-10120.0,10371.0,0.32595394736842104
NC_008463.1,Emb-only-R,3778539,3794411,True,2789.0,5162.0,3975.5,-2789.0,-5162.0,0.5739470581931198
NC_008463.1,Emb-only-R,4313535,4326916,True,24685.0,6467.0,15576.0,-24685.0,-6467.0,0.18165340058318227
NC_008463.1,Emb-only-R,4860217,4872743,True,3267.0,29906.0,16586.5,-3267.0,29906.0,0.2741137855579869
NC_008463.1,Emb-only-R,4873468,4891795,True,16518.0,10854.0,13686.0,-16518.0,10854.0,0.40105032822757114
NC_008463.1,Emb-only-R,5347269,5355677,True,123719.0,32772.0,78245.5,-123719.0,32772.0,0.05099454214675561
NC_008543.1,SAGE-GI-P,110985,122079,True,68985.0,42920.0,55952.5,-68985.0,42920.0,0.09020325203252033
NC_008543.1,Emb-only-P,110985,122079,True,68985.0,41920.0,55452.5,-68985.0,41920.0,0.09094262295081967
NC_008543.1,SAGE-GI-R,110985,122079,True,68835.0,59170.0,64002.5,-68835.0,59170.0,0.0797627606038821
NC_008543.1,Emb-only-R,110985,122079,True,70235.0,55470.0,62852.5,-70235.0,55470.0,0.08110380116959064
NC_008563.1,SAGE-GI-P,241954,250331,True,12954.0,60668.0,36811.0,-12954.0,60668.0,0.10217073170731707
NC_008563.1,SAGE-GI-P,295123,313741,True,66123.0,2742.0,34432.5,-66123.0,-2742.0,0.18735691864718793
NC_008563.1,SAGE-GI-P,1195788,1215853,True,11788.0,15146.0,13467.0,-11788.0,15146.0,0.426936170212766
NC_008563.1,SAGE-GI-P,1346400,1362180,True,600.0,11819.0,6209.5,600.0,11819.0,0.5500362318840579
NC_008563.1,SAGE-GI-P,2740480,2750882,False,,,,,,0.0
NC_008563.1,SAGE-GI-P,3315877,3325237,True,9877.0,52762.0,31319.5,-9877.0,52762.0,0.1300138888888889
NC_008563.1,SAGE-GI-P,4743683,4754678,False,,,,,,0.0
NC_008563.1,SAGE-GI-P,5022454,5038542,True,18454.0,14457.0,16455.5,-18454.0,14457.0,0.3283469387755102
NC_008563.1,Emb-only-P,241954,250331,True,12954.0,60668.0,36811.0,-12954.0,60668.0,0.10217073170731707
NC_008563.1,Emb-only-P,295123,313741,True,66123.0,2742.0,34432.5,-66123.0,-2742.0,0.18735691864718793
NC_008563.1,Emb-only-P,1195788,1215853,True,11788.0,15146.0,13467.0,-11788.0,15146.0,0.426936170212766
NC_008563.1,Emb-only-P,1346400,1362180,True,600.0,11819.0,6209.5,600.0,11819.0,0.5500362318840579
NC_008563.1,Emb-only-P,2740480,2750882,True,4480.0,25117.0,14798.5,-4480.0,25117.0,0.260075
NC_008563.1,Emb-only-P,3315877,3325237,True,9877.0,52762.0,31319.5,-9877.0,52762.0,0.1300138888888889
NC_008563.1,Emb-only-P,4743683,4754678,False,,,,,,0.0
NC_008563.1,Emb-only-P,5022454,5038542,True,18454.0,14457.0,16455.5,-18454.0,14457.0,0.3283469387755102
NC_008563.1,SAGE-GI-R,241954,250331,True,16704.0,31318.0,24011.0,-16704.0,31318.0,0.14854609929078014
NC_008563.1,SAGE-GI-R,295123,313741,True,3273.0,48408.0,25840.5,-3273.0,48408.0,0.264850640113798
NC_008563.1,SAGE-GI-R,1195788,1215853,True,19338.0,24296.0,21817.0,-19338.0,24296.0,0.31500784929356357
NC_008563.1,SAGE-GI-R,1346400,1362180,True,22350.0,11269.0,16809.5,-22350.0,11269.0,0.31945344129554654
NC_008563.1,SAGE-GI-R,2740480,2750882,True,6130.0,46667.0,26398.5,-6130.0,46667.0,0.16460443037974684
NC_008563.1,SAGE-GI-R,3315877,3325237,True,10227.0,66312.0,38269.5,-10227.0,66312.0,0.1089755529685681
NC_008563.1,SAGE-GI-R,4743683,4754678,True,5133.0,23571.0,14352.0,-5133.0,23571.0,0.27697732997481106
NC_008563.1,SAGE-GI-R,5022454,5038542,True,23904.0,11207.0,17555.5,-23904.0,11207.0,0.31423828125
NC_008563.1,Emb-only-R,241954,250331,True,16304.0,31318.0,23811.0,-16304.0,31318.0,0.14960714285714286
NC_008563.1,Emb-only-R,295123,313741,True,3273.0,54908.0,29090.5,-3273.0,54908.0,0.24243489583333333
NC_008563.1,Emb-only-R,1195788,1215853,True,18238.0,25196.0,21717.0,-18238.0,25196.0,0.316
NC_008563.1,Emb-only-R,1346400,1362180,True,23550.0,11069.0,17309.5,-23550.0,11069.0,0.3131150793650794
NC_008563.1,Emb-only-R,2740480,2750882,True,7530.0,49567.0,28548.5,-7530.0,49567.0,0.15411851851851852
NC_008563.1,Emb-only-R,3315877,3325237,True,14127.0,66712.0,40419.5,-14127.0,66712.0,0.10378048780487804
NC_008563.1,Emb-only-R,4743683,4754678,True,1333.0,23671.0,12502.0,-1333.0,23671.0,0.30544444444444446
NC_008563.1,Emb-only-R,5022454,5038542,True,24804.0,11307.0,18055.5,-24804.0,11307.0,0.3082183908045977
NC_008577.1,SAGE-GI-P,1471751,1483331,True,13751.0,70668.0,42209.5,-13751.0,70668.0,0.12063541666666666
NC_008577.1,SAGE-GI-P,1486873,1503680,True,28873.0,50319.0,39596.0,-28873.0,50319.0,0.17508333333333334
NC_008577.1,SAGE-GI-P,2420769,2435555,True,12769.0,12444.0,12606.5,-12769.0,12444.0,0.369675
NC_008577.1,SAGE-GI-P,2512417,2527377,False,,,,,,0.0
NC_008577.1,SAGE-GI-P,2614866,2634657,True,2866.0,658.0,1762.0,-2866.0,-658.0,0.8444699443905023
NC_008577.1,SAGE-GI-P,2814442,2837690,False,,,,,,0.0
NC_008577.1,Emb-only-P,1471751,1483331,True,13751.0,70668.0,42209.5,-13751.0,70668.0,0.12063541666666666
NC_008577.1,Emb-only-P,1486873,1503680,True,28873.0,50319.0,39596.0,-28873.0,50319.0,0.17508333333333334
NC_008577.1,Emb-only-P,2420769,2435555,True,12769.0,12444.0,12606.5,-12769.0,12444.0,0.369675
NC_008577.1,Emb-only-P,2512417,2527377,True,1583.0,1622.0,1602.5,1583.0,1622.0,0.8067297835132364
NC_008577.1,Emb-only-P,2614866,2634657,True,2866.0,658.0,1762.0,-2866.0,-658.0,0.8444699443905023
NC_008577.1,Emb-only-P,2814442,2837690,True,14442.0,1691.0,8066.5,-14442.0,-1691.0,0.5719667825210263
NC_008577.1,SAGE-GI-R,1471751,1483331,True,38101.0,127418.0,82759.5,-38101.0,127418.0,0.06539243365330322
NC_008577.1,SAGE-GI-R,1486873,1503680,True,53223.0,107069.0,80146.0,-53223.0,107069.0,0.09490683229813665
NC_008577.1,SAGE-GI-R,2420769,2435555,True,21619.0,16594.0,19106.5,-21619.0,16594.0,0.279
NC_008577.1,SAGE-GI-R,2512417,2527377,True,15467.0,9872.0,12669.5,-15467.0,9872.0,0.3712406947890819
NC_008577.1,SAGE-GI-R,2614866,2634657,True,9816.0,39892.0,24854.0,-9816.0,39892.0,0.2847769784172662
NC_008577.1,SAGE-GI-R,2814442,2837690,True,18492.0,1359.0,9925.5,-18492.0,1359.0,0.5394199535962877
NC_008577.1,Emb-only-R,1471751,1483331,True,37201.0,72618.0,54909.5,-37201.0,72618.0,0.09539538714991763
NC_008577.1,Emb-only-R,1486873,1503680,True,52323.0,52269.0,52296.0,-52323.0,52269.0,0.1384514003294893
NC_008577.1,Emb-only-R,2420769,2435555,True,20419.0,16294.0,18356.5,-20419.0,16294.0,0.287126213592233
NC_008577.1,Emb-only-R,2512417,2527377,True,17967.0,9172.0,13569.5,-17967.0,9172.0,0.3553681710213777
NC_008577.1,Emb-only-R,2614866,2634657,True,6416.0,65192.0,35804.0,-6416.0,65192.0,0.2165426695842451
NC_008577.1,Emb-only-R,2814442,2837690,True,23292.0,5359.0,14325.5,-23292.0,5359.0,0.44795761078998075
NC_008595.1,SAGE-GI-P,1422166,1441404,True,2834.0,44595.0,23714.5,2834.0,44595.0,0.2569947050161356
NC_008595.1,SAGE-GI-P,1977458,1990544,False,,,,,,0.0
NC_008595.1,SAGE-GI-P,5173494,5183748,True,506.0,76251.0,38378.5,506.0,76251.0,0.11269738515247497
NC_008595.1,SAGE-GI-P,5184252,5195297,True,10252.0,64702.0,37477.0,-10252.0,64702.0,0.12844186046511627
NC_008595.1,SAGE-GI-P,5200965,5216953,True,26965.0,43046.0,35005.5,-26965.0,43046.0,0.18591860465116278
NC_008595.1,SAGE-GI-P,5229453,5245184,True,55453.0,14815.0,35134.0,-55453.0,14815.0,0.18293023255813953
NC_008595.1,Emb-only-P,1422166,1441404,True,2834.0,11595.0,7214.5,2834.0,11595.0,0.5320425504313421
NC_008595.1,Emb-only-P,1977458,1990544,False,,,,,,0.0
NC_008595.1,Emb-only-P,5173494,5183748,True,506.0,76251.0,38378.5,506.0,76251.0,0.11269738515247497
NC_008595.1,Emb-only-P,5184252,5195297,True,10252.0,64702.0,37477.0,-10252.0,64702.0,0.12844186046511627
NC_008595.1,Emb-only-P,5200965,5216953,True,26965.0,43046.0,35005.5,-26965.0,43046.0,0.18591860465116278
NC_008595.1,Emb-only-P,5229453,5245184,True,55453.0,14815.0,35134.0,-55453.0,14815.0,0.18293023255813953
NC_008595.1,SAGE-GI-R,1422166,1441404,True,9416.0,55045.0,32230.5,-9416.0,55045.0,0.22985663082437277
NC_008595.1,SAGE-GI-R,1977458,1990544,True,199408.0,3005.0,101206.5,-199408.0,3005.0,0.06072853828306265
NC_008595.1,SAGE-GI-R,5173494,5183748,True,15644.0,90001.0,52822.5,-15644.0,90001.0,0.08848144952545298
NC_008595.1,SAGE-GI-R,5184252,5195297,True,26402.0,78452.0,52427.0,-26402.0,78452.0,0.09530629853321829
NC_008595.1,SAGE-GI-R,5200965,5216953,True,43115.0,56796.0,49955.5,-43115.0,56796.0,0.13795513373597929
NC_008595.1,SAGE-GI-R,5229453,5245184,True,71603.0,28565.0,50084.0,-71603.0,28565.0,0.13573770491803278
NC_008595.1,Emb-only-R,1422166,1441404,True,5316.0,25345.0,15330.5,-5316.0,25345.0,0.3855511022044088
NC_008595.1,Emb-only-R,1977458,1990544,True,199808.0,3205.0,101506.5,-199808.0,3205.0,0.06055992596020361
NC_008595.1,Emb-only-R,5173494,5183748,True,15744.0,90301.0,53022.5,-15744.0,90301.0,0.08817712811693895
NC_008595.1,Emb-only-R,5184252,5195297,True,26502.0,78752.0,52627.0,-26502.0,78752.0,0.09497850386930352
NC_008595.1,Emb-only-R,5200965,5216953,True,43215.0,57096.0,50155.5,-43215.0,57096.0,0.13748065348237318
NC_008595.1,Emb-only-R,5229453,5245184,True,71703.0,28865.0,50284.0,-71703.0,28865.0,0.13527085124677557
NC_008600.1,SAGE-GI-P,2363551,2374698,True,449.0,301.0,375.0,449.0,301.0,0.9344920953795092
NC_008600.1,SAGE-GI-P,4248143,4259159,True,1857.0,6840.0,4348.5,1857.0,6840.0,0.5129641037128297
NC_008600.1,Emb-only-P,2363551,2374698,True,449.0,29301.0,14875.0,449.0,29301.0,0.2645059210363668
NC_008600.1,Emb-only-P,4248143,4259159,True,1857.0,6840.0,4348.5,1857.0,6840.0,0.5129641037128297
NC_008600.1,SAGE-GI-R,2363551,2374698,True,4501.0,39051.0,21776.0,-4501.0,39051.0,0.20380255941499087
NC_008600.1,SAGE-GI-R,4248143,4259159,True,2493.0,12590.0,7541.5,-2493.0,12590.0,0.4221072796934866
NC_008600.1,Emb-only-R,2363551,2374698,True,5701.0,86451.0,46076.0,-5701.0,86451.0,0.10791868344627299
NC_008600.1,Emb-only-R,4248143,4259159,True,5193.0,11490.0,8341.5,-5193.0,11490.0,0.3977256317689531
NC_008611.1,SAGE-GI-P,3588933,3597093,True,7933.0,8906.0,8419.5,-7933.0,8906.0,0.32644
NC_008611.1,Emb-only-P,3588933,3597093,True,7933.0,8906.0,8419.5,-7933.0,8906.0,0.32644
NC_008611.1,SAGE-GI-R,3588933,3597093,True,14983.0,37056.0,26019.5,-14983.0,37056.0,0.13556478405315614
NC_008611.1,Emb-only-R,3588933,3597093,True,27383.0,6956.0,17169.5,-27383.0,6956.0,0.1920235294117647
NC_008750.1,SAGE-GI-P,338050,358398,False,,,,,,0.0
NC_008750.1,SAGE-GI-P,454303,473319,True,14303.0,7680.0,10991.5,-14303.0,7680.0,0.46382926829268295
NC_008750.1,SAGE-GI-P,736930,749603,False,,,,,,0.0
NC_008750.1,SAGE-GI-P,1231169,1260647,True,18169.0,83352.0,50760.5,-18169.0,83352.0,0.22503053435114503
NC_008750.1,SAGE-GI-P,1260664,1285054,True,47664.0,58945.0,53304.5,-47664.0,58945.0,0.1861908396946565
NC_008750.1,SAGE-GI-P,1285768,1314517,True,72768.0,29482.0,51125.0,-72768.0,29482.0,0.21946564885496184
NC_008750.1,SAGE-GI-P,1321438,1334142,True,108438.0,9857.0,59147.5,-108438.0,9857.0,0.09698473282442747
NC_008750.1,SAGE-GI-P,2257041,2272261,False,,,,,,0.0
NC_008750.1,SAGE-GI-P,2335775,2348795,True,6775.0,3796.0,5285.5,-6775.0,-3796.0,0.46600323297635887
NC_008750.1,SAGE-GI-P,3308131,3342854,False,,,,,,0.0
NC_008750.1,SAGE-GI-P,3350483,3366055,False,,,,,,0.0
NC_008750.1,SAGE-GI-P,3366900,3377053,False,,,,,,0.0
NC_008750.1,Emb-only-P,338050,358398,False,,,,,,0.0
NC_008750.1,Emb-only-P,454303,473319,True,14303.0,7680.0,10991.5,-14303.0,7680.0,0.46382926829268295
NC_008750.1,Emb-only-P,736930,749603,False,,,,,,0.0
NC_008750.1,Emb-only-P,1231169,1260647,True,18169.0,83352.0,50760.5,-18169.0,83352.0,0.22503053435114503
NC_008750.1,Emb-only-P,1260664,1285054,True,47664.0,58945.0,53304.5,-47664.0,58945.0,0.1861908396946565
NC_008750.1,Emb-only-P,1285768,1314517,True,72768.0,29482.0,51125.0,-72768.0,29482.0,0.21946564885496184
NC_008750.1,Emb-only-P,1321438,1334142,True,108438.0,9857.0,59147.5,-108438.0,9857.0,0.09698473282442747
NC_008750.1,Emb-only-P,2257041,2272261,False,,,,,,0.0
NC_008750.1,Emb-only-P,2335775,2348795,True,6775.0,2796.0,4785.5,-6775.0,-2796.0,0.5165184885835522
NC_008750.1,Emb-only-P,3308131,3342854,True,4131.0,21855.0,12993.0,-4131.0,-21855.0,0.33120576502380644
NC_008750.1,Emb-only-P,3350483,3366055,False,,,,,,0.0
NC_008750.1,Emb-only-P,3366900,3377053,False,,,,,,0.0
NC_008750.1,SAGE-GI-R,338050,358398,True,29400.0,42951.0,36175.5,-29400.0,42951.0,0.21951456310679612
NC_008750.1,SAGE-GI-R,454303,473319,True,46253.0,11630.0,28941.5,-46253.0,11630.0,0.24729518855656696
NC_008750.1,SAGE-GI-R,736930,749603,True,10280.0,7246.0,8763.0,-10280.0,7246.0,0.41966887417218546
NC_008750.1,SAGE-GI-R,1231169,1260647,True,21119.0,82602.0,51860.5,-21119.0,82602.0,0.22131381381381382
NC_008750.1,SAGE-GI-R,1260664,1285054,True,50614.0,58195.0,54404.5,-50614.0,58195.0,0.18311561561561562
NC_008750.1,SAGE-GI-R,1285768,1314517,True,75718.0,28732.0,52225.0,-75718.0,28732.0,0.21584084084084085
NC_008750.1,SAGE-GI-R,1321438,1334142,True,111388.0,9107.0,60247.5,-111388.0,9107.0,0.09538288288288288
NC_008750.1,SAGE-GI-R,2257041,2272261,False,,,,,,0.0
NC_008750.1,SAGE-GI-R,2335775,2348795,True,6525.0,12354.0,9439.5,-6525.0,12354.0,0.4081818181818182
NC_008750.1,SAGE-GI-R,3308131,3342854,True,3281.0,8595.0,5938.0,-3281.0,8595.0,0.7451502145922747
NC_008750.1,SAGE-GI-R,3350483,3366055,True,45633.0,14606.0,30119.5,-45633.0,-14606.0,0.015799104662941543
NC_008750.1,SAGE-GI-R,3366900,3377053,False,,,,,,0.0
NC_008750.1,Emb-only-R,338050,358398,True,26400.0,42751.0,34575.5,-26400.0,42751.0,0.2273631284916201
NC_008750.1,Emb-only-R,454303,473319,True,40453.0,11530.0,25991.5,-40453.0,11530.0,0.2678450704225352
NC_008750.1,Emb-only-R,736930,749603,True,12780.0,7546.0,10163.0,-12780.0,7546.0,0.38406060606060605
NC_008750.1,Emb-only-R,1231169,1260647,True,20919.0,82902.0,51910.5,-20919.0,82902.0,0.22114778694673667
NC_008750.1,Emb-only-R,1260664,1285054,True,50414.0,58495.0,54454.5,-50414.0,58495.0,0.18297824456114029
NC_008750.1,Emb-only-R,1285768,1314517,True,75518.0,29032.0,52275.0,-75518.0,29032.0,0.21567891972993247
NC_008750.1,Emb-only-R,1321438,1334142,True,111188.0,9407.0,60297.5,-111188.0,9407.0,0.09531132783195799
NC_008750.1,Emb-only-R,2257041,2272261,False,,,,,,0.0
NC_008750.1,Emb-only-R,2335775,2348795,True,7025.0,12754.0,9889.5,-7025.0,12754.0,0.39698170731707316
NC_008750.1,Emb-only-R,3308131,3342854,True,1381.0,605.0,993.0,-1381.0,-605.0,0.9449937681761529
NC_008750.1,Emb-only-R,3350483,3366055,False,,,,,,0.0
NC_008750.1,Emb-only-R,3366900,3377053,False,,,,,,0.0
NC_008819.1,SAGE-GI-P,784074,793519,False,,,,,,0.0
NC_008819.1,SAGE-GI-P,814672,824226,True,16672.0,4773.0,10722.5,-16672.0,4773.0,0.3082258064516129
NC_008819.1,Emb-only-P,784074,793519,False,,,,,,0.0
NC_008819.1,Emb-only-P,814672,824226,False,,,,,,0.0
NC_008819.1,SAGE-GI-R,784074,793519,True,2024.0,32630.0,17327.0,-2024.0,32630.0,0.21419501133786847
NC_008819.1,SAGE-GI-R,814672,824226,True,32622.0,1923.0,17272.5,-32622.0,1923.0,0.21666666666666667
NC_008819.1,Emb-only-R,784074,793519,True,476.0,32730.0,16603.0,476.0,32730.0,0.21268019726858878
NC_008819.1,Emb-only-R,814672,824226,True,30122.0,2023.0,16072.5,-30122.0,2023.0,0.22913669064748202
NC_009052.1,SAGE-GI-P,916638,927353,False,,,,,,0.0
NC_009052.1,SAGE-GI-P,1311968,1320669,False,,,,,,0.0
NC_009052.1,SAGE-GI-P,1446556,1461144,False,,,,,,0.0
NC_009052.1,SAGE-GI-P,2113915,2122384,False,,,,,,0.0
NC_009052.1,SAGE-GI-P,2525464,2542677,True,9464.0,322.0,4893.0,-9464.0,322.0,0.6375555555555555
NC_009052.1,SAGE-GI-P,2689965,2699776,False,,,,,,0.0
NC_009052.1,SAGE-GI-P,4164560,4175116,False,,,,,,0.0
NC_009052.1,SAGE-GI-P,4177051,4187630,False,,,,,,0.0
NC_009052.1,Emb-only-P,916638,927353,False,,,,,,0.0
NC_009052.1,Emb-only-P,1311968,1320669,False,,,,,,0.0
NC_009052.1,Emb-only-P,1446556,1461144,False,,,,,,0.0
NC_009052.1,Emb-only-P,2113915,2122384,False,,,,,,0.0
NC_009052.1,Emb-only-P,2525464,2542677,True,9464.0,322.0,4893.0,-9464.0,322.0,0.6375555555555555
NC_009052.1,Emb-only-P,2689965,2699776,True,11515.0,7927.0,9721.0,-11515.0,-7927.0,0.08838561447929855
NC_009052.1,Emb-only-P,4164560,4175116,False,,,,,,0.0
NC_009052.1,Emb-only-P,4177051,4187630,False,,,,,,0.0
NC_009052.1,SAGE-GI-R,916638,927353,False,,,,,,0.0
NC_009052.1,SAGE-GI-R,1311968,1320669,True,4918.0,2880.0,3899.0,-4918.0,2880.0,0.5273939393939394
NC_009052.1,SAGE-GI-R,1446556,1461144,True,2706.0,28505.0,15605.5,-2706.0,28505.0,0.31853711790393013
NC_009052.1,SAGE-GI-R,2113915,2122384,True,9465.0,1265.0,5365.0,-9465.0,1265.0,0.44114583333333335
NC_009052.1,SAGE-GI-R,2525464,2542677,True,12414.0,5072.0,8743.0,-12414.0,5072.0,0.4960806916426513
NC_009052.1,SAGE-GI-R,2689965,2699776,True,22515.0,55673.0,39094.0,-22515.0,55673.0,0.1115
NC_009052.1,SAGE-GI-R,4164560,4175116,True,1290.0,18233.0,9761.5,1290.0,18233.0,0.3218825981243487
NC_009052.1,SAGE-GI-R,4177051,4187630,True,11201.0,5719.0,8460.0,-11201.0,5719.0,0.38472727272727275
NC_009052.1,Emb-only-R,916638,927353,False,,,,,,0.0
NC_009052.1,Emb-only-R,1311968,1320669,True,7918.0,7280.0,7599.0,-7918.0,7280.0,0.3641004184100418
NC_009052.1,Emb-only-R,1446556,1461144,True,3806.0,25205.0,14505.5,-3806.0,25205.0,0.3346100917431193
NC_009052.1,Emb-only-R,2113915,2122384,True,9365.0,1665.0,5515.0,-9365.0,1665.0,0.43435897435897436
NC_009052.1,Emb-only-R,2525464,2542677,True,12514.0,4672.0,8593.0,-12514.0,4672.0,0.500406976744186
NC_009052.1,Emb-only-R,2689965,2699776,True,23915.0,5373.0,14644.0,-23915.0,5373.0,0.2509462915601023
NC_009052.1,Emb-only-R,4164560,4175116,True,2590.0,10133.0,6361.5,2590.0,10133.0,0.38506524891251814
NC_009052.1,Emb-only-R,4177051,4187630,True,9901.0,2381.0,6141.0,-9901.0,-2381.0,0.4003222498901421
NC_009074.1,SAGE-GI-P,1965987,1989920,False,,,,,,0.0
NC_009074.1,SAGE-GI-P,2920486,2930508,False,,,,,,0.0
NC_009074.1,SAGE-GI-P,3174515,3186910,True,3515.0,10089.0,6802.0,-3515.0,10089.0,0.4767692307692308
NC_009074.1,Emb-only-P,1965987,1989920,False,,,,,,0.0
NC_009074.1,Emb-only-P,2920486,2930508,False,,,,,,0.0
NC_009074.1,Emb-only-P,3174515,3186910,True,4515.0,8089.0,6302.0,-4515.0,8089.0,0.49584
NC_009074.1,SAGE-GI-R,1965987,1989920,True,1437.0,56629.0,29033.0,-1437.0,56629.0,0.2918780487804878
NC_009074.1,SAGE-GI-R,2920486,2930508,True,27636.0,3541.0,15588.5,-27636.0,3541.0,0.24327669902912621
NC_009074.1,SAGE-GI-R,3174515,3186910,True,11865.0,9939.0,10902.0,-11865.0,9939.0,0.3624561403508772
NC_009074.1,Emb-only-R,1965987,1989920,True,1937.0,52329.0,27133.0,-1937.0,52329.0,0.3060613810741688
NC_009074.1,Emb-only-R,2920486,2930508,True,27736.0,6641.0,17188.5,-27736.0,6641.0,0.22574324324324324
NC_009074.1,Emb-only-R,3174515,3186910,True,12665.0,10739.0,11702.0,-12665.0,10739.0,0.34625698324022347
NC_009076.1,SAGE-GI-P,1396002,1404391,False,,,,,,0.0
NC_009076.1,SAGE-GI-P,3573317,3585664,True,3317.0,36335.0,19826.0,-3317.0,36335.0,0.23746153846153847
NC_009076.1,Emb-only-P,1396002,1404391,False,,,,,,0.0
NC_009076.1,Emb-only-P,3573317,3585664,True,3317.0,36335.0,19826.0,-3317.0,36335.0,0.23746153846153847
NC_009076.1,SAGE-GI-R,1396002,1404391,True,1852.0,7558.0,4705.0,-1852.0,7558.0,0.4713483146067416
NC_009076.1,SAGE-GI-R,3573317,3585664,True,15967.0,44285.0,30126.0,-15967.0,44285.0,0.17008264462809916
NC_009076.1,Emb-only-R,1396002,1404391,True,5852.0,3758.0,4805.0,-5852.0,3758.0,0.4661111111111111
NC_009076.1,Emb-only-R,3573317,3585664,True,15767.0,49685.0,32726.0,-15767.0,49685.0,0.1587146529562982
NC_009080.1,SAGE-GI-P,2268021,2300117,False,,,,,,0.0
NC_009080.1,Emb-only-P,2268021,2300117,False,,,,,,0.0
NC_009080.1,SAGE-GI-R,2268021,2300117,True,9229.0,8032.0,8630.5,9229.0,8032.0,0.5698621944229859
NC_009080.1,Emb-only-R,2268021,2300117,True,12871.0,7932.0,10401.5,-12871.0,7932.0,0.6067485822306238
NC_009085.1,SAGE-GI-P,674210,779644,True,2210.0,33355.0,17782.5,-2210.0,33355.0,0.7477659574468085
NC_009085.1,SAGE-GI-P,783446,797398,True,111446.0,15601.0,63523.5,-111446.0,15601.0,0.09895744680851064
NC_009085.1,SAGE-GI-P,1237264,1259580,False,,,,,,0.0
NC_009085.1,SAGE-GI-P,3393605,3404661,True,6605.0,39338.0,22971.5,-6605.0,39338.0,0.19398245614035087
NC_009085.1,Emb-only-P,674210,779644,True,2210.0,31355.0,16782.5,-2210.0,31355.0,0.7585251798561151
NC_009085.1,Emb-only-P,783446,797398,True,111446.0,13601.0,62523.5,-111446.0,13601.0,0.10038129496402878
NC_009085.1,Emb-only-P,1237264,1259580,False,,,,,,0.0
NC_009085.1,Emb-only-P,3393605,3404661,True,31605.0,39338.0,35471.5,-31605.0,39338.0,0.13484146341463416
NC_009085.1,SAGE-GI-R,674210,779644,True,5660.0,56205.0,30932.5,-5660.0,56205.0,0.6302151823072325
NC_009085.1,SAGE-GI-R,783446,797398,True,114896.0,38451.0,76673.5,-114896.0,38451.0,0.08340107591153616
NC_009085.1,SAGE-GI-R,1237264,1259580,True,14.0,16569.0,8291.5,-14.0,16569.0,0.5737017994858612
NC_009085.1,SAGE-GI-R,3393605,3404661,True,33955.0,47688.0,40821.5,-33955.0,47688.0,0.119277238403452
NC_009085.1,Emb-only-R,674210,779644,True,9660.0,57005.0,33332.5,-9660.0,57005.0,0.6126380011621151
NC_009085.1,Emb-only-R,783446,797398,True,118896.0,39251.0,79073.5,-118896.0,39251.0,0.08107495642068564
NC_009085.1,Emb-only-R,1237264,1259580,True,1414.0,16169.0,8791.5,-1414.0,16169.0,0.5593233082706767
NC_009085.1,Emb-only-R,3393605,3404661,True,34055.0,46288.0,40171.5,-34055.0,46288.0,0.12097374179431072
NC_009256.1,SAGE-GI-P,1266333,1275176,False,,,,,,0.0
NC_009256.1,SAGE-GI-P,1282076,1290216,False,,,,,,0.0
NC_009256.1,SAGE-GI-P,1384766,1394419,False,,,,,,0.0
NC_009256.1,SAGE-GI-P,2183687,2194662,True,9687.0,209337.0,109512.0,-9687.0,209337.0,0.04772173913043478
NC_009256.1,SAGE-GI-P,2195120,2298626,True,21120.0,105373.0,63246.5,-21120.0,105373.0,0.4500304347826087
NC_009256.1,SAGE-GI-P,2299352,2317677,True,125352.0,86322.0,105837.0,-125352.0,86322.0,0.07967826086956521
NC_009256.1,SAGE-GI-P,2317919,2337066,True,143919.0,66933.0,105426.0,-143919.0,66933.0,0.08325217391304347
NC_009256.1,SAGE-GI-P,2337092,2352601,True,163092.0,51398.0,107245.0,-163092.0,51398.0,0.06743478260869565
NC_009256.1,SAGE-GI-P,2352622,2372055,True,178622.0,31944.0,105283.0,-178622.0,31944.0,0.08449565217391304
NC_009256.1,SAGE-GI-P,2373273,2403835,True,199273.0,164.0,99718.5,-199273.0,164.0,0.13288260869565216
NC_009256.1,SAGE-GI-P,2952628,2973595,True,372.0,9404.0,4888.0,372.0,9404.0,0.6781245884367181
NC_009256.1,SAGE-GI-P,2974467,2982730,True,21467.0,269.0,10868.0,-21467.0,269.0,0.2754666666666667
NC_009256.1,SAGE-GI-P,3553657,3578110,True,7657.0,37889.0,22773.0,-7657.0,37889.0,0.3493428571428571
NC_009256.1,SAGE-GI-P,3578394,3592659,True,32394.0,23340.0,27867.0,-32394.0,23340.0,0.2038
NC_009256.1,SAGE-GI-P,3599764,3616382,True,53764.0,383.0,27073.5,-53764.0,-383.0,0.2306807041473083
NC_009256.1,Emb-only-P,1266333,1275176,False,,,,,,0.0
NC_009256.1,Emb-only-P,1282076,1290216,False,,,,,,0.0
NC_009256.1,Emb-only-P,1384766,1394419,False,,,,,,0.0
NC_009256.1,Emb-only-P,2183687,2194662,True,9687.0,209337.0,109512.0,-9687.0,209337.0,0.04772173913043478
NC_009256.1,Emb-only-P,2195120,2298626,True,21120.0,105373.0,63246.5,-21120.0,105373.0,0.4500304347826087
NC_009256.1,Emb-only-P,2299352,2317677,True,125352.0,86322.0,105837.0,-125352.0,86322.0,0.07967826086956521
NC_009256.1,Emb-only-P,2317919,2337066,True,143919.0,66933.0,105426.0,-143919.0,66933.0,0.08325217391304347
NC_009256.1,Emb-only-P,2337092,2352601,True,163092.0,51398.0,107245.0,-163092.0,51398.0,0.06743478260869565
NC_009256.1,Emb-only-P,2352622,2372055,True,178622.0,31944.0,105283.0,-178622.0,31944.0,0.08449565217391304
NC_009256.1,Emb-only-P,2373273,2403835,True,199273.0,164.0,99718.5,-199273.0,164.0,0.13288260869565216
NC_009256.1,Emb-only-P,2952628,2973595,True,372.0,9404.0,4888.0,372.0,9404.0,0.6781245884367181
NC_009256.1,Emb-only-P,2974467,2982730,True,21467.0,269.0,10868.0,-21467.0,269.0,0.2754666666666667
NC_009256.1,Emb-only-P,3553657,3578110,True,7657.0,37889.0,22773.0,-7657.0,37889.0,0.3493428571428571
NC_009256.1,Emb-only-P,3578394,3592659,True,32394.0,23340.0,27867.0,-32394.0,23340.0,0.2038
NC_009256.1,Emb-only-P,3599764,3616382,True,53764.0,383.0,27073.5,-53764.0,-383.0,0.2306807041473083
NC_009256.1,SAGE-GI-R,1266333,1275176,True,20083.0,31473.0,25778.0,-20083.0,31473.0,0.14642384105960266
NC_009256.1,SAGE-GI-R,1282076,1290216,True,35826.0,16433.0,26129.5,-35826.0,16433.0,0.13478476821192054
NC_009256.1,SAGE-GI-R,1384766,1394419,True,22116.0,31230.0,26673.0,-22116.0,31230.0,0.15323809523809523
NC_009256.1,SAGE-GI-R,2183687,2194662,True,33637.0,213487.0,123562.0,-33637.0,213487.0,0.04252615265401007
NC_009256.1,SAGE-GI-R,2195120,2298626,True,45070.0,109523.0,77296.5,-45070.0,109523.0,0.4010344827586207
NC_009256.1,SAGE-GI-R,2299352,2317677,True,149302.0,90472.0,119887.0,-149302.0,90472.0,0.07100348702053468
NC_009256.1,SAGE-GI-R,2317919,2337066,True,167869.0,71083.0,119476.0,-167869.0,71083.0,0.07418829910887254
NC_009256.1,SAGE-GI-R,2337092,2352601,True,187042.0,55548.0,121295.0,-187042.0,55548.0,0.06009298721425804
NC_009256.1,SAGE-GI-R,2352622,2372055,True,202572.0,36094.0,119333.0,-202572.0,36094.0,0.0752963967454475
NC_009256.1,SAGE-GI-R,2373273,2403835,True,223223.0,4314.0,113768.5,-223223.0,4314.0,0.11841534289035258
NC_009256.1,SAGE-GI-R,2952628,2973595,True,11778.0,14054.0,12916.0,-11778.0,14054.0,0.44803418803418804
NC_009256.1,SAGE-GI-R,2974467,2982730,True,33617.0,4919.0,19268.0,-33617.0,4919.0,0.1765811965811966
NC_009256.1,SAGE-GI-R,3553657,3578110,True,11607.0,48839.0,30223.0,-11607.0,48839.0,0.2880329799764429
NC_009256.1,SAGE-GI-R,3578394,3592659,True,36344.0,34290.0,35317.0,-36344.0,34290.0,0.16803297997644287
NC_009256.1,SAGE-GI-R,3599764,3616382,True,57714.0,10567.0,34140.5,-57714.0,10567.0,0.1957479387514723
NC_009256.1,Emb-only-R,1266333,1275176,True,19383.0,32573.0,25978.0,-19383.0,32573.0,0.14546052631578948
NC_009256.1,Emb-only-R,1282076,1290216,True,35126.0,17533.0,26329.5,-35126.0,17533.0,0.13389802631578948
NC_009256.1,Emb-only-R,1384766,1394419,True,29216.0,34830.0,32023.0,-29216.0,34830.0,0.13099050203527815
NC_009256.1,Emb-only-R,2183687,2194662,True,23237.0,213487.0,118362.0,-23237.0,213487.0,0.04431166733952362
NC_009256.1,Emb-only-R,2195120,2298626,True,34670.0,109523.0,72096.5,-34670.0,109523.0,0.4178724263221639
NC_009256.1,Emb-only-R,2299352,2317677,True,138902.0,90472.0,114687.0,-138902.0,90472.0,0.07398465886152604
NC_009256.1,Emb-only-R,2317919,2337066,True,157469.0,71083.0,114276.0,-157469.0,71083.0,0.0773031893419459
NC_009256.1,Emb-only-R,2337092,2352601,True,176642.0,55548.0,116095.0,-176642.0,55548.0,0.06261606782398062
NC_009256.1,Emb-only-R,2352622,2372055,True,192172.0,36094.0,114133.0,-192172.0,36094.0,0.0784578118691966
NC_009256.1,Emb-only-R,2373273,2403835,True,212823.0,4314.0,108568.5,-212823.0,4314.0,0.12338716188938231
NC_009256.1,Emb-only-R,2952628,2973595,True,10978.0,13254.0,12116.0,-10978.0,13254.0,0.4638938053097345
NC_009256.1,Emb-only-R,2974467,2982730,True,32817.0,4119.0,18468.0,-32817.0,4119.0,0.18283185840707963
NC_009256.1,Emb-only-R,3553657,3578110,True,11607.0,52339.0,31973.0,-11607.0,52339.0,0.2766289592760181
NC_009256.1,Emb-only-R,3578394,3592659,True,36344.0,37790.0,37067.0,-36344.0,37790.0,0.16138009049773755
NC_009256.1,Emb-only-R,3599764,3616382,True,57714.0,14067.0,35890.5,-57714.0,14067.0,0.18799773755656107
NC_009342.1,SAGE-GI-P,178262,188127,True,46262.0,1872.0,24067.0,-46262.0,1872.0,0.17010344827586207
NC_009342.1,SAGE-GI-P,471690,490824,True,6690.0,4825.0,5757.5,-6690.0,-4825.0,0.5541142303969022
NC_009342.1,SAGE-GI-P,599592,611762,True,1408.0,14237.0,7822.5,1408.0,14237.0,0.40756588912450775
NC_009342.1,SAGE-GI-P,2071924,2109576,True,6924.0,423.0,3673.5,-6924.0,423.0,0.8367333333333333
NC_009342.1,SAGE-GI-P,2413610,2421709,False,,,,,,0.0
NC_009342.1,SAGE-GI-P,2525519,2541789,True,1481.0,27210.0,14345.5,1481.0,27210.0,0.34014857064004966
NC_009342.1,SAGE-GI-P,3167617,3177658,False,,,,,,0.0
NC_009342.1,Emb-only-P,178262,188127,True,67262.0,1872.0,34567.0,-67262.0,1872.0,0.12488607594936708
NC_009342.1,Emb-only-P,471690,490824,True,6690.0,4825.0,5757.5,-6690.0,-4825.0,0.5541142303969022
NC_009342.1,Emb-only-P,599592,611762,True,1408.0,14237.0,7822.5,1408.0,14237.0,0.40756588912450775
NC_009342.1,Emb-only-P,2071924,2109576,True,8924.0,423.0,4673.5,-8924.0,423.0,0.8011276595744681
NC_009342.1,Emb-only-P,2413610,2421709,False,,,,,,0.0
NC_009342.1,Emb-only-P,2525519,2541789,True,5481.0,27210.0,16345.5,5481.0,27210.0,0.24815436627492468
NC_009342.1,Emb-only-P,3167617,3177658,False,,,,,,0.0
NC_009342.1,SAGE-GI-R,178262,188127,True,49912.0,5922.0,27917.0,-49912.0,5922.0,0.15016742770167427
NC_009342.1,SAGE-GI-R,471690,490824,True,12040.0,3425.0,7732.5,-12040.0,3425.0,0.5530346820809249
NC_009342.1,SAGE-GI-R,599592,611762,True,6142.0,68087.0,37114.5,-6142.0,68087.0,0.14086805555555557
NC_009342.1,SAGE-GI-R,2071924,2109576,True,9774.0,127.0,4950.5,-9774.0,-127.0,0.7912370590591857
NC_009342.1,SAGE-GI-R,2413610,2421709,False,,,,,,0.0
NC_009342.1,SAGE-GI-R,2525519,2541789,True,6969.0,37060.0,22014.5,-6969.0,37060.0,0.26983416252072967
NC_009342.1,SAGE-GI-R,3167617,3177658,True,20367.0,11891.0,16129.0,-20367.0,11891.0,0.23739952718676122
NC_009342.1,Emb-only-R,178262,188127,True,78212.0,2422.0,40317.0,-78212.0,2422.0,0.10901657458563536
NC_009342.1,Emb-only-R,471690,490824,True,21740.0,54525.0,38132.5,-21740.0,54525.0,0.20057651991614256
NC_009342.1,Emb-only-R,599592,611762,True,5842.0,27087.0,16464.5,-5842.0,27087.0,0.2698669623059867
NC_009342.1,Emb-only-R,2071924,2109576,True,8174.0,127.0,4150.5,-8174.0,-127.0,0.8188622427826391
NC_009342.1,Emb-only-R,2413610,2421709,True,5040.0,9140.0,7090.0,5040.0,9140.0,0.17749419953596288
NC_009342.1,Emb-only-R,2525519,2541789,True,4369.0,69560.0,36964.5,-4369.0,69560.0,0.1803880266075388
NC_009342.1,Emb-only-R,3167617,3177658,True,24067.0,10091.0,17079.0,-24067.0,10091.0,0.2271945701357466
NC_009438.1,SAGE-GI-P,177937,196351,True,937.0,90648.0,45792.5,-937.0,90648.0,0.1674090909090909
NC_009438.1,SAGE-GI-P,215949,243827,True,38949.0,43172.0,41060.5,-38949.0,43172.0,0.25344545454545453
NC_009438.1,SAGE-GI-P,243879,261526,True,66879.0,25473.0,46176.0,-66879.0,25473.0,0.16043636363636363
NC_009438.1,SAGE-GI-P,269981,278966,True,92981.0,8033.0,50507.0,-92981.0,8033.0,0.08169090909090909
NC_009438.1,SAGE-GI-P,279023,287600,True,102023.0,601.0,51312.0,-102023.0,-601.0,0.07212412184338297
NC_009438.1,SAGE-GI-P,1355765,1364378,False,,,,,,0.0
NC_009438.1,SAGE-GI-P,2254130,2273609,True,130.0,2390.0,1260.0,-130.0,2390.0,0.8854545454545455
NC_009438.1,SAGE-GI-P,2349263,2357631,False,,,,,,0.0
NC_009438.1,SAGE-GI-P,3799162,3811835,False,,,,,,0.0
NC_009438.1,SAGE-GI-P,4093402,4103476,False,,,,,,0.0
NC_009438.1,SAGE-GI-P,4436884,4451458,False,,,,,,0.0
NC_009438.1,SAGE-GI-P,4453720,4462445,False,,,,,,0.0
NC_009438.1,SAGE-GI-P,4623975,4640564,True,78975.0,5435.0,42205.0,-78975.0,5435.0,0.16425742574257426
NC_009438.1,Emb-only-P,177937,196351,True,937.0,90648.0,45792.5,-937.0,90648.0,0.1674090909090909
NC_009438.1,Emb-only-P,215949,243827,True,38949.0,43172.0,41060.5,-38949.0,43172.0,0.25344545454545453
NC_009438.1,Emb-only-P,243879,261526,True,66879.0,25473.0,46176.0,-66879.0,25473.0,0.16043636363636363
NC_009438.1,Emb-only-P,269981,278966,True,92981.0,8033.0,50507.0,-92981.0,8033.0,0.08169090909090909
NC_009438.1,Emb-only-P,279023,287600,True,102023.0,601.0,51312.0,-102023.0,-601.0,0.07212412184338297
NC_009438.1,Emb-only-P,1355765,1364378,False,,,,,,0.0
NC_009438.1,Emb-only-P,2254130,2273609,True,26130.0,2390.0,14260.0,-26130.0,2390.0,0.4058333333333333
NC_009438.1,Emb-only-P,2349263,2357631,False,,,,,,0.0
NC_009438.1,Emb-only-P,3799162,3811835,False,,,,,,0.0
NC_009438.1,Emb-only-P,4093402,4103476,False,,,,,,0.0
NC_009438.1,Emb-only-P,4436884,4451458,False,,,,,,0.0
NC_009438.1,Emb-only-P,4453720,4462445,False,,,,,,0.0
NC_009438.1,Emb-only-P,4623975,4640564,True,78975.0,5435.0,42205.0,-78975.0,5435.0,0.16425742574257426
NC_009438.1,SAGE-GI-R,177937,196351,True,2687.0,101898.0,52292.5,-2687.0,101898.0,0.14971544715447155
NC_009438.1,SAGE-GI-R,215949,243827,True,40699.0,54422.0,47560.5,-40699.0,54422.0,0.22665853658536586
NC_009438.1,SAGE-GI-R,243879,261526,True,68629.0,36723.0,52676.0,-68629.0,36723.0,0.14347967479674797
NC_009438.1,SAGE-GI-R,269981,278966,True,94731.0,19283.0,57007.0,-94731.0,19283.0,0.0730569105691057
NC_009438.1,SAGE-GI-R,279023,287600,True,103773.0,10649.0,57211.0,-103773.0,10649.0,0.06973983739837399
NC_009438.1,SAGE-GI-R,1355765,1364378,False,,,,,,0.0
NC_009438.1,SAGE-GI-R,2254130,2273609,True,35480.0,6540.0,21010.0,-35480.0,6540.0,0.3167479674796748
NC_009438.1,SAGE-GI-R,2349263,2357631,False,,,,,,0.0
NC_009438.1,SAGE-GI-R,3799162,3811835,True,10912.0,214.0,5563.0,-10912.0,214.0,0.5325210084033614
NC_009438.1,SAGE-GI-R,4093402,4103476,True,22852.0,1573.0,12212.5,-22852.0,1573.0,0.2920289855072464
NC_009438.1,SAGE-GI-R,4436884,4451458,True,23534.0,12891.0,18212.5,-23534.0,12891.0,0.2857843137254902
NC_009438.1,SAGE-GI-R,4453720,4462445,True,40370.0,1904.0,21137.0,-40370.0,1904.0,0.17109803921568628
NC_009438.1,SAGE-GI-R,4623975,4640564,True,110625.0,11985.0,61305.0,-110625.0,11985.0,0.11918103448275862
NC_009438.1,Emb-only-R,177937,196351,True,3987.0,100298.0,52142.5,-3987.0,100298.0,0.15008149959250203
NC_009438.1,Emb-only-R,215949,243827,True,41999.0,52822.0,47410.5,-41999.0,52822.0,0.2272127139364303
NC_009438.1,Emb-only-R,243879,261526,True,69929.0,35123.0,52526.0,-69929.0,35123.0,0.14383048084759575
NC_009438.1,Emb-only-R,269981,278966,True,96031.0,17683.0,56857.0,-96031.0,17683.0,0.07323553382233089
NC_009438.1,Emb-only-R,279023,287600,True,105073.0,9049.0,57061.0,-105073.0,9049.0,0.06991035044824775
NC_009438.1,Emb-only-R,1355765,1364378,False,,,,,,0.0
NC_009438.1,Emb-only-R,2254130,2273609,True,36780.0,5440.0,21110.0,-36780.0,5440.0,0.31572123176661265
NC_009438.1,Emb-only-R,2349263,2357631,False,,,,,,0.0
NC_009438.1,Emb-only-R,3799162,3811835,True,7412.0,2814.0,5113.0,-7412.0,2814.0,0.5534497816593886
NC_009438.1,Emb-only-R,4093402,4103476,True,22752.0,273.0,11512.5,-22752.0,273.0,0.30438066465256797
NC_009438.1,Emb-only-R,4436884,4451458,True,32534.0,13391.0,22962.5,-32534.0,13391.0,0.2409090909090909
NC_009438.1,Emb-only-R,4453720,4462445,True,49370.0,2404.0,25887.0,-49370.0,2404.0,0.14423140495867767
NC_009438.1,Emb-only-R,4623975,4640564,True,88725.0,13685.0,51205.0,-88725.0,13685.0,0.13941176470588235
NC_009445.1,SAGE-GI-P,449142,458924,False,,,,,,0.0
NC_009445.1,SAGE-GI-P,471501,488655,True,2501.0,7344.0,4922.5,-2501.0,7344.0,0.6353703703703704
NC_009445.1,SAGE-GI-P,848938,862181,True,17938.0,8818.0,13378.0,-17938.0,8818.0,0.3311
NC_009445.1,SAGE-GI-P,1319916,1345961,True,916.0,6038.0,3477.0,-916.0,6038.0,0.7892727272727272
NC_009445.1,SAGE-GI-P,1361246,1372211,False,,,,,,0.0
NC_009445.1,SAGE-GI-P,2318803,2372542,True,12197.0,7543.0,9870.0,12197.0,-7543.0,0.6326758466691478
NC_009445.1,SAGE-GI-P,2393567,2406316,False,,,,,,0.0
NC_009445.1,SAGE-GI-P,2434857,2444519,False,,,,,,0.0
NC_009445.1,SAGE-GI-P,3407597,3417794,False,,,,,,0.0
NC_009445.1,SAGE-GI-P,3789920,3834509,False,,,,,,0.0
NC_009445.1,SAGE-GI-P,4555014,4596580,False,,,,,,0.0
NC_009445.1,SAGE-GI-P,4610017,4618537,False,,,,,,0.0
NC_009445.1,SAGE-GI-P,4938624,4953163,False,,,,,,0.0
NC_009445.1,SAGE-GI-P,5014525,5034238,False,,,,,,0.0
NC_009445.1,SAGE-GI-P,5393473,5403647,True,31473.0,9648.0,20560.5,-31473.0,-9648.0,0.012653668843641951
NC_009445.1,SAGE-GI-P,6423672,6437721,True,672.0,30278.0,15475.0,-672.0,30278.0,0.31222222222222223
NC_009445.1,SAGE-GI-P,6575206,6584432,False,,,,,,0.0
NC_009445.1,SAGE-GI-P,6625899,6645960,True,101.0,44039.0,22070.0,101.0,44039.0,0.31139919814043465
NC_009445.1,SAGE-GI-P,6661423,6670864,True,35423.0,19135.0,27279.0,-35423.0,19135.0,0.14753125
NC_009445.1,SAGE-GI-P,7321327,7331643,True,16327.0,48356.0,32341.5,-16327.0,48356.0,0.13756
NC_009445.1,SAGE-GI-P,7333117,7357383,True,28117.0,22616.0,25366.5,-28117.0,22616.0,0.32356
NC_009445.1,SAGE-GI-P,7358037,7394512,True,53037.0,14513.0,33775.0,-53037.0,-14513.0,0.24536100901545027
NC_009445.1,Emb-only-P,449142,458924,False,,,,,,0.0
NC_009445.1,Emb-only-P,471501,488655,True,2501.0,7344.0,4922.5,-2501.0,7344.0,0.6353703703703704
NC_009445.1,Emb-only-P,848938,862181,True,17938.0,10182.0,14060.0,-17938.0,-10182.0,0.09819767814764928
NC_009445.1,Emb-only-P,1319916,1345961,True,916.0,17038.0,8977.0,-916.0,17038.0,0.5919545454545454
NC_009445.1,Emb-only-P,1361246,1372211,True,42246.0,9212.0,25729.0,-42246.0,-9212.0,0.032962489663985566
NC_009445.1,Emb-only-P,2318803,2372542,True,12197.0,7543.0,9870.0,12197.0,-7543.0,0.6326758466691478
NC_009445.1,Emb-only-P,2393567,2406316,False,,,,,,0.0
NC_009445.1,Emb-only-P,2434857,2444519,False,,,,,,0.0
NC_009445.1,Emb-only-P,3407597,3417794,False,,,,,,0.0
NC_009445.1,Emb-only-P,3789920,3834509,False,,,,,,0.0
NC_009445.1,Emb-only-P,4555014,4596580,False,,,,,,0.0
NC_009445.1,Emb-only-P,4610017,4618537,False,,,,,,0.0
NC_009445.1,Emb-only-P,4938624,4953163,False,,,,,,0.0
NC_009445.1,Emb-only-P,5014525,5034238,False,,,,,,0.0
NC_009445.1,Emb-only-P,5393473,5403647,False,,,,,,0.0
NC_009445.1,Emb-only-P,6423672,6437721,True,672.0,30278.0,15475.0,-672.0,30278.0,0.31222222222222223
NC_009445.1,Emb-only-P,6575206,6584432,False,,,,,,0.0
NC_009445.1,Emb-only-P,6625899,6645960,True,101.0,44039.0,22070.0,101.0,44039.0,0.31139919814043465
NC_009445.1,Emb-only-P,6661423,6670864,True,35423.0,19135.0,27279.0,-35423.0,19135.0,0.14753125
NC_009445.1,Emb-only-P,7321327,7331643,False,,,,,,0.0
NC_009445.1,Emb-only-P,7333117,7357383,True,883.0,22616.0,11749.5,883.0,22616.0,0.49877354264872126
NC_009445.1,Emb-only-P,7358037,7394512,True,24037.0,14513.0,19275.0,-24037.0,-14513.0,0.36294680481879926
NC_009445.1,SAGE-GI-R,449142,458924,True,50392.0,875.0,25633.5,-50392.0,-875.0,0.14803489821354382
NC_009445.1,SAGE-GI-R,471501,488655,True,3451.0,15194.0,9322.5,-3451.0,15194.0,0.4791899441340782
NC_009445.1,SAGE-GI-R,848938,862181,True,19888.0,33668.0,26778.0,-19888.0,33668.0,0.19826347305389222
NC_009445.1,SAGE-GI-R,1319916,1345961,True,10866.0,29188.0,20027.0,-10866.0,29188.0,0.3940393343419062
NC_009445.1,SAGE-GI-R,1361246,1372211,True,52196.0,2938.0,27567.0,-52196.0,2938.0,0.16590015128593041
NC_009445.1,SAGE-GI-R,2318803,2372542,True,4653.0,14107.0,9380.0,-4653.0,14107.0,0.7412413793103448
NC_009445.1,SAGE-GI-R,2393567,2406316,False,,,,,,0.0
NC_009445.1,SAGE-GI-R,2434857,2444519,False,,,,,,0.0
NC_009445.1,SAGE-GI-R,3407597,3417794,True,11147.0,7155.0,9151.0,-11147.0,7155.0,0.35782456140350877
NC_009445.1,SAGE-GI-R,3789920,3834509,True,3830.0,3260.0,3545.0,3830.0,-3260.0,0.8409957389549226
NC_009445.1,SAGE-GI-R,4555014,4596580,True,10036.0,13731.0,11883.5,10036.0,-13731.0,0.4282243125556331
NC_009445.1,SAGE-GI-R,4610017,4618537,True,1767.0,5512.0,3639.5,-1767.0,5512.0,0.5393037974683544
NC_009445.1,SAGE-GI-R,4938624,4953163,True,2674.0,1614.0,2144.0,-2674.0,-1614.0,0.7509004298826537
NC_009445.1,SAGE-GI-R,5014525,5034238,False,,,,,,0.0
NC_009445.1,SAGE-GI-R,5393473,5403647,True,32523.0,30002.0,31262.5,-32523.0,30002.0,0.13995873452544705
NC_009445.1,SAGE-GI-R,6423672,6437721,True,2222.0,19728.0,10975.0,-2222.0,19728.0,0.3902777777777778
NC_009445.1,SAGE-GI-R,6575206,6584432,True,3844.0,13217.0,8530.5,3844.0,13217.0,0.23984138299768312
NC_009445.1,SAGE-GI-R,6625899,6645960,True,2049.0,29989.0,16019.0,-2049.0,29989.0,0.3850671785028791
NC_009445.1,SAGE-GI-R,6661423,6670864,True,37573.0,5085.0,21329.0,-37573.0,5085.0,0.18122840690978886
NC_009445.1,SAGE-GI-R,7321327,7331643,True,27577.0,61906.0,44741.5,-27577.0,61906.0,0.10337675350701403
NC_009445.1,SAGE-GI-R,7333117,7357383,True,39367.0,36166.0,37766.5,-39367.0,36166.0,0.2431563126252505
NC_009445.1,SAGE-GI-R,7358037,7394512,True,64287.0,963.0,32625.0,-64287.0,-963.0,0.3524408761152407
NC_009445.1,Emb-only-R,449142,458924,False,,,,,,0.0
NC_009445.1,Emb-only-R,471501,488655,True,3851.0,9794.0,6822.5,-3851.0,9794.0,0.5569805194805195
NC_009445.1,Emb-only-R,848938,862181,True,20088.0,9868.0,14978.0,-20088.0,9868.0,0.30657407407407405
NC_009445.1,Emb-only-R,1319916,1345961,True,15066.0,31688.0,23377.0,-15066.0,31688.0,0.35777472527472526
NC_009445.1,Emb-only-R,1361246,1372211,True,56396.0,5438.0,30917.0,-56396.0,5438.0,0.15063186813186813
NC_009445.1,Emb-only-R,2318803,2372542,True,10353.0,36007.0,23180.0,-10353.0,36007.0,0.5368631368631369
NC_009445.1,Emb-only-R,2393567,2406316,True,85117.0,2233.0,43675.0,-85117.0,2233.0,0.12737262737262736
NC_009445.1,Emb-only-R,2434857,2444519,True,9007.0,13930.0,11468.5,-9007.0,13930.0,0.29641104294478526
NC_009445.1,Emb-only-R,3407597,3417794,True,11647.0,7255.0,9451.0,-11647.0,7255.0,0.350446735395189
NC_009445.1,Emb-only-R,3789920,3834509,True,5230.0,29440.0,17335.0,5230.0,29440.0,0.5316763474267189
NC_009445.1,Emb-only-R,4555014,4596580,True,8536.0,23131.0,15833.5,8536.0,-23131.0,0.2381697019270094
NC_009445.1,Emb-only-R,4610017,4618537,True,3167.0,9112.0,6139.5,-3167.0,9112.0,0.40966346153846156
NC_009445.1,Emb-only-R,4938624,4953163,True,374.0,4014.0,2194.0,-374.0,-4014.0,0.7057798042108087
NC_009445.1,Emb-only-R,5014525,5034238,False,,,,,,0.0
NC_009445.1,Emb-only-R,5393473,5403647,True,30923.0,5202.0,18062.5,-30923.0,5202.0,0.21976241900647947
NC_009445.1,Emb-only-R,6423672,6437721,True,3722.0,23528.0,13625.0,-3722.0,23528.0,0.34019370460048426
NC_009445.1,Emb-only-R,6575206,6584432,False,,,,,,0.0
NC_009445.1,Emb-only-R,6625899,6645960,True,249.0,31389.0,15819.0,-249.0,31389.0,0.38804642166344294
NC_009445.1,Emb-only-R,6661423,6670864,True,35773.0,6485.0,21129.0,-35773.0,6485.0,0.18263056092843327
NC_009445.1,Emb-only-R,7321327,7331643,True,26577.0,60306.0,43441.5,-26577.0,60306.0,0.10614197530864197
NC_009445.1,Emb-only-R,7333117,7357383,True,38367.0,34566.0,36466.5,-38367.0,34566.0,0.2496604938271605
NC_009445.1,Emb-only-R,7358037,7394512,True,63287.0,2563.0,32925.0,-63287.0,-2563.0,0.33993564748453836
NC_009485.1,SAGE-GI-P,454480,475593,True,23480.0,3594.0,13537.0,-23480.0,-3594.0,0.39287796564560257
NC_009485.1,SAGE-GI-P,612114,633822,True,24114.0,20823.0,22468.5,-24114.0,-20823.0,0.0193352683150383
NC_009485.1,SAGE-GI-P,1022960,1048745,False,,,,,,0.0
NC_009485.1,SAGE-GI-P,1048865,1067909,False,,,,,,0.0
NC_009485.1,SAGE-GI-P,1079146,1090732,False,,,,,,0.0
NC_009485.1,SAGE-GI-P,1094797,1114296,False,,,,,,0.0
NC_009485.1,SAGE-GI-P,1115671,1124610,False,,,,,,0.0
NC_009485.1,SAGE-GI-P,1131738,1143473,False,,,,,,0.0
NC_009485.1,SAGE-GI-P,1143609,1168513,False,,,,,,0.0
NC_009485.1,SAGE-GI-P,1294964,1337898,True,14964.0,11899.0,13431.5,-14964.0,-11899.0,0.5360368918288744
NC_009485.1,SAGE-GI-P,1341484,1353163,False,,,,,,0.0
NC_009485.1,SAGE-GI-P,1514403,1531851,True,21403.0,136148.0,78775.5,-21403.0,136148.0,0.09970857142857142
NC_009485.1,SAGE-GI-P,1532434,1542122,True,39434.0,125877.0,82655.5,-39434.0,125877.0,0.05536571428571429
NC_009485.1,SAGE-GI-P,1542178,1551570,True,49178.0,116429.0,82803.5,-49178.0,116429.0,0.053674285714285716
NC_009485.1,SAGE-GI-P,1595710,1616098,True,102710.0,51901.0,77305.5,-102710.0,51901.0,0.11650857142857143
NC_009485.1,SAGE-GI-P,1627741,1638040,True,134741.0,29959.0,82350.0,-134741.0,29959.0,0.05885714285714286
NC_009485.1,SAGE-GI-P,1638330,1664542,True,145330.0,3457.0,74393.5,-145330.0,3457.0,0.14978857142857144
NC_009485.1,SAGE-GI-P,1665536,1683865,True,172536.0,15866.0,94201.0,-172536.0,-15866.0,0.012909580543417896
NC_009485.1,SAGE-GI-P,1983216,1994753,False,,,,,,0.0
NC_009485.1,SAGE-GI-P,2583275,2593055,False,,,,,,0.0
NC_009485.1,SAGE-GI-P,2595061,2604637,False,,,,,,0.0
NC_009485.1,SAGE-GI-P,2605027,2618678,False,,,,,,0.0
NC_009485.1,SAGE-GI-P,2618844,2628159,False,,,,,,0.0
NC_009485.1,SAGE-GI-P,2649652,2665311,False,,,,,,0.0
NC_009485.1,SAGE-GI-P,2665365,2681991,False,,,,,,0.0
NC_009485.1,SAGE-GI-P,2682054,2694922,False,,,,,,0.0
NC_009485.1,SAGE-GI-P,2721469,2733465,False,,,,,,0.0
NC_009485.1,SAGE-GI-P,3530059,3542935,False,,,,,,0.0
NC_009485.1,SAGE-GI-P,3583404,3592164,False,,,,,,0.0
NC_009485.1,SAGE-GI-P,3861733,3887990,False,,,,,,0.0
NC_009485.1,SAGE-GI-P,5069873,5088005,False,,,,,,0.0
NC_009485.1,SAGE-GI-P,5090209,5107071,False,,,,,,0.0
NC_009485.1,SAGE-GI-P,5195543,5208060,True,19543.0,11939.0,15741.0,-19543.0,11939.0,0.2845
NC_009485.1,SAGE-GI-P,5362815,5377922,False,,,,,,0.0
NC_009485.1,SAGE-GI-P,6020040,6048888,True,39040.0,2111.0,20575.5,-39040.0,2111.0,0.41212857142857146
NC_009485.1,SAGE-GI-P,6234444,6244859,False,,,,,,0.0
NC_009485.1,SAGE-GI-P,6250898,6260703,False,,,,,,0.0
NC_009485.1,SAGE-GI-P,6619222,6633310,False,,,,,,0.0
NC_009485.1,SAGE-GI-P,6640316,6651898,False,,,,,,0.0
NC_009485.1,SAGE-GI-P,6851101,6898433,True,1899.0,2566.0,2232.5,1899.0,2566.0,0.9105192488827432
NC_009485.1,SAGE-GI-P,6909738,6917895,False,,,,,,0.0
NC_009485.1,SAGE-GI-P,7025806,7038648,True,2194.0,23351.0,12772.5,2194.0,23351.0,0.2942200364701332
NC_009485.1,SAGE-GI-P,7089197,7099738,True,1197.0,43261.0,22229.0,-1197.0,43261.0,0.19167272727272727
NC_009485.1,SAGE-GI-P,7118791,7130990,True,30791.0,12009.0,21400.0,-30791.0,12009.0,0.22181818181818183
NC_009485.1,SAGE-GI-P,7602277,7629773,True,14277.0,60226.0,37251.5,-14277.0,60226.0,0.269578431372549
NC_009485.1,SAGE-GI-P,7634688,7643162,True,46688.0,46837.0,46762.5,-46688.0,46837.0,0.08308823529411764
NC_009485.1,SAGE-GI-P,7643439,7653993,True,55439.0,36006.0,45722.5,-55439.0,36006.0,0.10348039215686275
NC_009485.1,SAGE-GI-P,7656774,7675478,True,68774.0,14521.0,41647.5,-68774.0,14521.0,0.18338235294117647
NC_009485.1,SAGE-GI-P,7798077,7808719,True,34077.0,32280.0,33178.5,-34077.0,32280.0,0.13822077922077922
NC_009485.1,SAGE-GI-P,8089027,8100937,True,27.0,103062.0,51544.5,-27.0,103062.0,0.10357391304347827
NC_009485.1,SAGE-GI-P,8144353,8174567,True,55353.0,29432.0,42392.5,-55353.0,29432.0,0.2627391304347826
NC_009485.1,SAGE-GI-P,8182398,8203264,True,93398.0,735.0,47066.5,-93398.0,735.0,0.18145217391304347
NC_009485.1,Emb-only-P,454480,475593,True,23480.0,3594.0,13537.0,-23480.0,-3594.0,0.39287796564560257
NC_009485.1,Emb-only-P,612114,633822,True,24114.0,20823.0,22468.5,-24114.0,-20823.0,0.0193352683150383
NC_009485.1,Emb-only-P,1022960,1048745,False,,,,,,0.0
NC_009485.1,Emb-only-P,1048865,1067909,False,,,,,,0.0
NC_009485.1,Emb-only-P,1079146,1090732,False,,,,,,0.0
NC_009485.1,Emb-only-P,1094797,1114296,False,,,,,,0.0
NC_009485.1,Emb-only-P,1115671,1124610,False,,,,,,0.0
NC_009485.1,Emb-only-P,1131738,1143473,False,,,,,,0.0
NC_009485.1,Emb-only-P,1143609,1168513,False,,,,,,0.0
NC_009485.1,Emb-only-P,1294964,1337898,True,14964.0,11899.0,13431.5,-14964.0,-11899.0,0.5360368918288744
NC_009485.1,Emb-only-P,1341484,1353163,False,,,,,,0.0
NC_009485.1,Emb-only-P,1514403,1531851,True,21403.0,138148.0,79775.5,-21403.0,138148.0,0.0985819209039548
NC_009485.1,Emb-only-P,1532434,1542122,True,39434.0,127877.0,83655.5,-39434.0,127877.0,0.05474011299435028
NC_009485.1,Emb-only-P,1542178,1551570,True,49178.0,118429.0,83803.5,-49178.0,118429.0,0.05306779661016949
NC_009485.1,Emb-only-P,1595710,1616098,True,102710.0,53901.0,78305.5,-102710.0,53901.0,0.11519209039548023
NC_009485.1,Emb-only-P,1627741,1638040,True,134741.0,31959.0,83350.0,-134741.0,31959.0,0.05819209039548023
NC_009485.1,Emb-only-P,1638330,1664542,True,145330.0,5457.0,75393.5,-145330.0,5457.0,0.1480960451977401
NC_009485.1,Emb-only-P,1665536,1683865,True,172536.0,13866.0,93201.0,-172536.0,-13866.0,0.023388136179309044
NC_009485.1,Emb-only-P,1983216,1994753,False,,,,,,0.0
NC_009485.1,Emb-only-P,2583275,2593055,False,,,,,,0.0
NC_009485.1,Emb-only-P,2595061,2604637,False,,,,,,0.0
NC_009485.1,Emb-only-P,2605027,2618678,False,,,,,,0.0
NC_009485.1,Emb-only-P,2618844,2628159,False,,,,,,0.0
NC_009485.1,Emb-only-P,2649652,2665311,False,,,,,,0.0
NC_009485.1,Emb-only-P,2665365,2681991,False,,,,,,0.0
NC_009485.1,Emb-only-P,2682054,2694922,False,,,,,,0.0
NC_009485.1,Emb-only-P,2721469,2733465,False,,,,,,0.0
NC_009485.1,Emb-only-P,3530059,3542935,False,,,,,,0.0
NC_009485.1,Emb-only-P,3583404,3592164,False,,,,,,0.0
NC_009485.1,Emb-only-P,3861733,3887990,False,,,,,,0.0
NC_009485.1,Emb-only-P,5069873,5088005,False,,,,,,0.0
NC_009485.1,Emb-only-P,5090209,5107071,False,,,,,,0.0
NC_009485.1,Emb-only-P,5195543,5208060,True,19543.0,11939.0,15741.0,-19543.0,11939.0,0.2845
NC_009485.1,Emb-only-P,5362815,5377922,False,,,,,,0.0
NC_009485.1,Emb-only-P,6020040,6048888,False,,,,,,0.0
NC_009485.1,Emb-only-P,6234444,6244859,False,,,,,,0.0
NC_009485.1,Emb-only-P,6250898,6260703,False,,,,,,0.0
NC_009485.1,Emb-only-P,6619222,6633310,False,,,,,,0.0
NC_009485.1,Emb-only-P,6640316,6651898,False,,,,,,0.0
NC_009485.1,Emb-only-P,6851101,6898433,True,1899.0,2566.0,2232.5,1899.0,2566.0,0.9105192488827432
NC_009485.1,Emb-only-P,6909738,6917895,False,,,,,,0.0
NC_009485.1,Emb-only-P,7025806,7038648,True,3194.0,5351.0,4272.5,3194.0,5351.0,0.530339672419479
NC_009485.1,Emb-only-P,7089197,7099738,True,1197.0,43261.0,22229.0,-1197.0,43261.0,0.19167272727272727
NC_009485.1,Emb-only-P,7118791,7130990,True,30791.0,12009.0,21400.0,-30791.0,12009.0,0.22181818181818183
NC_009485.1,Emb-only-P,7602277,7629773,True,16723.0,60226.0,38474.5,16723.0,60226.0,0.12281841706279994
NC_009485.1,Emb-only-P,7634688,7643162,True,15688.0,46837.0,31262.5,-15688.0,46837.0,0.11936619718309859
NC_009485.1,Emb-only-P,7643439,7653993,True,24439.0,36006.0,30222.5,-24439.0,36006.0,0.14866197183098592
NC_009485.1,Emb-only-P,7656774,7675478,True,37774.0,14521.0,26147.5,-37774.0,14521.0,0.2634507042253521
NC_009485.1,Emb-only-P,7798077,7808719,True,34077.0,33280.0,33678.5,-34077.0,33280.0,0.13644871794871796
NC_009485.1,Emb-only-P,8089027,8100937,True,27.0,103062.0,51544.5,-27.0,103062.0,0.10357391304347827
NC_009485.1,Emb-only-P,8144353,8174567,True,55353.0,29432.0,42392.5,-55353.0,29432.0,0.2627391304347826
NC_009485.1,Emb-only-P,8182398,8203264,True,93398.0,735.0,47066.5,-93398.0,735.0,0.18145217391304347
NC_009485.1,SAGE-GI-R,454480,475593,True,37030.0,1656.0,19343.0,-37030.0,1656.0,0.35307692307692307
NC_009485.1,SAGE-GI-R,612114,633822,True,25164.0,11827.0,18495.5,-25164.0,11827.0,0.36982964224872233
NC_009485.1,SAGE-GI-R,1022960,1048745,True,610.0,10396.0,5503.0,-610.0,-10396.0,0.5830428852856493
NC_009485.1,SAGE-GI-R,1048865,1067909,True,285.0,97140.0,48712.5,285.0,97140.0,0.16146662650083918
NC_009485.1,SAGE-GI-R,1079146,1090732,True,29996.0,74317.0,52156.5,-29996.0,74317.0,0.09997411561691114
NC_009485.1,SAGE-GI-R,1094797,1114296,True,45647.0,50753.0,48200.0,-45647.0,50753.0,0.16824849007765316
NC_009485.1,SAGE-GI-R,1115671,1124610,True,66521.0,40439.0,53480.0,-66521.0,40439.0,0.07713546160483176
NC_009485.1,SAGE-GI-R,1131738,1143473,True,82588.0,21576.0,52082.0,-82588.0,21576.0,0.10125970664365833
NC_009485.1,SAGE-GI-R,1143609,1168513,True,94459.0,3464.0,48961.5,-94459.0,-3464.0,0.17962702322308233
NC_009485.1,SAGE-GI-R,1294964,1337898,True,35714.0,9249.0,22481.5,-35714.0,-9249.0,0.4283080522320691
NC_009485.1,SAGE-GI-R,1341484,1353163,False,,,,,,0.0
NC_009485.1,SAGE-GI-R,1514403,1531851,True,36253.0,136098.0,86175.5,-36253.0,136098.0,0.0919336143308746
NC_009485.1,SAGE-GI-R,1532434,1542122,True,54284.0,125827.0,90055.5,-54284.0,125827.0,0.051048472075869336
NC_009485.1,SAGE-GI-R,1542178,1551570,True,64028.0,116379.0,90203.5,-64028.0,116379.0,0.049488935721812434
NC_009485.1,SAGE-GI-R,1595710,1616098,True,117560.0,51851.0,84705.5,-117560.0,51851.0,0.10742360379346681
NC_009485.1,SAGE-GI-R,1627741,1638040,True,149591.0,29909.0,89750.0,-149591.0,29909.0,0.05426765015806112
NC_009485.1,SAGE-GI-R,1638330,1664542,True,160180.0,3407.0,81793.5,-160180.0,3407.0,0.1381085353003161
NC_009485.1,SAGE-GI-R,1665536,1683865,True,187386.0,15916.0,101651.0,-187386.0,-15916.0,0.011734624433685274
NC_009485.1,SAGE-GI-R,1983216,1994753,False,,,,,,0.0
NC_009485.1,SAGE-GI-R,2583275,2593055,False,,,,,,0.0
NC_009485.1,SAGE-GI-R,2595061,2604637,True,2789.0,4912.0,3850.5,2789.0,4912.0,0.46849333977500174
NC_009485.1,SAGE-GI-R,2605027,2618678,True,7177.0,9129.0,8153.0,-7177.0,-9129.0,0.21714916702674156
NC_009485.1,SAGE-GI-R,2618844,2628159,False,,,,,,0.0
NC_009485.1,SAGE-GI-R,2649652,2665311,False,,,,,,0.0
NC_009485.1,SAGE-GI-R,2665365,2681991,True,1385.0,21958.0,11671.5,1385.0,21958.0,0.39502397304652065
NC_009485.1,SAGE-GI-R,2682054,2694922,True,15304.0,9027.0,12165.5,-15304.0,9027.0,0.34594086021505377
NC_009485.1,SAGE-GI-R,2721469,2733465,True,719.0,10684.0,5701.5,-719.0,10684.0,0.5126923076923077
NC_009485.1,SAGE-GI-R,3530059,3542935,True,72509.0,25814.0,49161.5,-72509.0,25814.0,0.11580035971223021
NC_009485.1,SAGE-GI-R,3583404,3592164,True,2154.0,8985.0,5569.5,-2154.0,8985.0,0.44025125628140704
NC_009485.1,SAGE-GI-R,3861733,3887990,True,3317.0,3841.0,3579.0,3317.0,-3841.0,0.7273973646126894
NC_009485.1,SAGE-GI-R,5069873,5088005,True,4123.0,9556.0,6839.5,-4123.0,-9556.0,0.38537922358015814
NC_009485.1,SAGE-GI-R,5090209,5107071,False,,,,,,0.0
NC_009485.1,SAGE-GI-R,5195543,5208060,True,21293.0,20489.0,20891.0,-21293.0,20489.0,0.2305340699815838
NC_009485.1,SAGE-GI-R,5362815,5377922,True,635.0,427.0,531.0,635.0,427.0,0.9316382362407467
NC_009485.1,SAGE-GI-R,6020040,6048888,True,29790.0,24161.0,26975.5,-29790.0,24161.0,0.34841787439613525
NC_009485.1,SAGE-GI-R,6234444,6244859,True,3206.0,10290.0,6748.0,3206.0,10290.0,0.3482082488167681
NC_009485.1,SAGE-GI-R,6250898,6260703,True,13248.0,5554.0,9401.0,-13248.0,-5554.0,0.1844365402966947
NC_009485.1,SAGE-GI-R,6619222,6633310,True,6372.0,7739.0,7055.5,-6372.0,7739.0,0.49960992907801416
NC_009485.1,SAGE-GI-R,6640316,6651898,True,27466.0,10849.0,19157.5,-27466.0,-10849.0,0.01879689620732925
NC_009485.1,SAGE-GI-R,6851101,6898433,True,2951.0,5616.0,4283.5,-2951.0,5616.0,0.8467441860465116
NC_009485.1,SAGE-GI-R,6909738,6917895,True,5812.0,22454.0,14133.0,5812.0,22454.0,0.07663661309290475
NC_009485.1,SAGE-GI-R,7025806,7038648,True,17356.0,22601.0,19978.5,-17356.0,22601.0,0.24323863636363635
NC_009485.1,SAGE-GI-R,7089197,7099738,True,5447.0,49711.0,27579.0,-5447.0,49711.0,0.1604566210045662
NC_009485.1,SAGE-GI-R,7118791,7130990,True,35041.0,18459.0,26750.0,-35041.0,18459.0,0.1856925418569254
NC_009485.1,SAGE-GI-R,7602277,7629773,True,10527.0,65076.0,37801.5,-10527.0,65076.0,0.2667022308438409
NC_009485.1,SAGE-GI-R,7634688,7643162,True,42938.0,51687.0,47312.5,-42938.0,51687.0,0.08220174587778856
NC_009485.1,SAGE-GI-R,7643439,7653993,True,51689.0,40856.0,46272.5,-51689.0,40856.0,0.10237633365664403
NC_009485.1,SAGE-GI-R,7656774,7675478,True,65024.0,19371.0,42197.5,-65024.0,19371.0,0.1814258001939864
NC_009485.1,SAGE-GI-R,7798077,7808719,True,34127.0,35230.0,34678.5,-34127.0,35230.0,0.1330375
NC_009485.1,SAGE-GI-R,8089027,8100937,True,9977.0,105112.0,57544.5,-9977.0,105112.0,0.09378740157480316
NC_009485.1,SAGE-GI-R,8144353,8174567,True,65303.0,31482.0,48392.5,-65303.0,31482.0,0.23791338582677166
NC_009485.1,SAGE-GI-R,8182398,8203264,True,103348.0,2785.0,53066.5,-103348.0,2785.0,0.16430708661417323
NC_009485.1,Emb-only-R,454480,475593,True,25430.0,2556.0,13993.0,-25430.0,2556.0,0.430020366598778
NC_009485.1,Emb-only-R,612114,633822,True,25164.0,6827.0,15995.5,-25164.0,6827.0,0.4042644320297952
NC_009485.1,Emb-only-R,1022960,1048745,True,2690.0,13696.0,8193.0,2690.0,-13696.0,0.3645388970759327
NC_009485.1,Emb-only-R,1048865,1067909,True,485.0,98940.0,49712.5,485.0,98940.0,0.15730813238971056
NC_009485.1,Emb-only-R,1079146,1090732,True,29796.0,76117.0,52956.5,-29796.0,76117.0,0.09861276595744681
NC_009485.1,Emb-only-R,1094797,1114296,True,45447.0,52553.0,49000.0,-45447.0,52553.0,0.16595744680851063
NC_009485.1,Emb-only-R,1115671,1124610,True,66321.0,42239.0,54280.0,-66321.0,42239.0,0.07608510638297872
NC_009485.1,Emb-only-R,1131738,1143473,True,82388.0,23376.0,52882.0,-82388.0,23376.0,0.09988085106382978
NC_009485.1,Emb-only-R,1143609,1168513,True,94259.0,1664.0,47961.5,-94259.0,-1664.0,0.1950337350206438
NC_009485.1,Emb-only-R,1294964,1337898,True,37714.0,9749.0,23731.5,-37714.0,-9749.0,0.4114868132276904
NC_009485.1,Emb-only-R,1341484,1353163,False,,,,,,0.0
NC_009485.1,Emb-only-R,1514403,1531851,True,33053.0,136698.0,84875.5,-33053.0,136698.0,0.09321047008547008
NC_009485.1,Emb-only-R,1532434,1542122,True,51084.0,126427.0,88755.5,-51084.0,126427.0,0.051757478632478635
NC_009485.1,Emb-only-R,1542178,1551570,True,60828.0,116979.0,88903.5,-60828.0,116979.0,0.05017628205128205
NC_009485.1,Emb-only-R,1595710,1616098,True,114360.0,52451.0,83405.5,-114360.0,52451.0,0.10891559829059828
NC_009485.1,Emb-only-R,1627741,1638040,True,146391.0,30509.0,88450.0,-146391.0,30509.0,0.05502136752136752
NC_009485.1,Emb-only-R,1638330,1664542,True,156980.0,4007.0,80493.5,-156980.0,4007.0,0.14002670940170941
NC_009485.1,Emb-only-R,1665536,1683865,True,184186.0,15316.0,99751.0,-184186.0,-15316.0,0.014882774694345138
NC_009485.1,Emb-only-R,1983216,1994753,False,,,,,,0.0
NC_009485.1,Emb-only-R,2583275,2593055,False,,,,,,0.0
NC_009485.1,Emb-only-R,2595061,2604637,False,,,,,,0.0
NC_009485.1,Emb-only-R,2605027,2618678,False,,,,,,0.0
NC_009485.1,Emb-only-R,2618844,2628159,False,,,,,,0.0
NC_009485.1,Emb-only-R,2649652,2665311,False,,,,,,0.0
NC_009485.1,Emb-only-R,2665365,2681991,True,14085.0,61258.0,37671.5,14085.0,61258.0,0.032637863516723375
NC_009485.1,Emb-only-R,2682054,2694922,True,2604.0,48327.0,25465.5,-2604.0,48327.0,0.20170846394984326
NC_009485.1,Emb-only-R,2721469,2733465,True,42019.0,9784.0,25901.5,-42019.0,9784.0,0.18804075235109718
NC_009485.1,Emb-only-R,3530059,3542935,True,73209.0,5514.0,39361.5,-73209.0,5514.0,0.14057860262008734
NC_009485.1,Emb-only-R,3583404,3592164,True,2354.0,9385.0,5869.5,-2354.0,9385.0,0.4273658536585366
NC_009485.1,Emb-only-R,3861733,3887990,True,2983.0,841.0,1912.0,-2983.0,-841.0,0.8692247187168701
NC_009485.1,Emb-only-R,5069873,5088005,True,5223.0,6856.0,6039.5,-5223.0,-6856.0,0.4828309642061997
NC_009485.1,Emb-only-R,5090209,5107071,False,,,,,,0.0
NC_009485.1,Emb-only-R,5195543,5208060,True,20793.0,25189.0,22991.0,-20793.0,25189.0,0.21398290598290598
NC_009485.1,Emb-only-R,5362815,5377922,True,7135.0,12427.0,9781.0,7135.0,12427.0,0.2895587434174687
NC_009485.1,Emb-only-R,6020040,6048888,True,24990.0,1161.0,13075.5,-24990.0,1161.0,0.5245272727272727
NC_009485.1,Emb-only-R,6234444,6244859,True,3106.0,14690.0,8898.0,3106.0,14690.0,0.29116545845614594
NC_009485.1,Emb-only-R,6250898,6260703,True,13348.0,1154.0,7251.0,-13348.0,-1154.0,0.3736719357346463
NC_009485.1,Emb-only-R,6619222,6633310,True,6372.0,17739.0,12055.5,-6372.0,17739.0,0.3688219895287958
NC_009485.1,Emb-only-R,6640316,6651898,True,27466.0,849.0,14157.5,-27466.0,-849.0,0.2748854003943763
NC_009485.1,Emb-only-R,6851101,6898433,True,2951.0,4816.0,3883.5,-2951.0,4816.0,0.859038112522686
NC_009485.1,Emb-only-R,6909738,6917895,False,,,,,,0.0
NC_009485.1,Emb-only-R,7025806,7038648,True,21656.0,21301.0,21478.5,-21656.0,21301.0,0.23016129032258065
NC_009485.1,Emb-only-R,7089197,7099738,True,1947.0,56411.0,29179.0,-1947.0,56411.0,0.1530043541364296
NC_009485.1,Emb-only-R,7118791,7130990,True,31541.0,25159.0,28350.0,-31541.0,25159.0,0.17706821480406387
NC_009485.1,Emb-only-R,7602277,7629773,True,10227.0,64476.0,37351.5,-10227.0,64476.0,0.26905088062622307
NC_009485.1,Emb-only-R,7634688,7643162,True,42638.0,51087.0,46862.5,-42638.0,51087.0,0.08292563600782779
NC_009485.1,Emb-only-R,7643439,7653993,True,51389.0,40256.0,45822.5,-51389.0,40256.0,0.10327788649706458
NC_009485.1,Emb-only-R,7656774,7675478,True,64724.0,18771.0,41747.5,-64724.0,18771.0,0.18302348336594912
NC_009485.1,Emb-only-R,7798077,7808719,True,34127.0,36930.0,35528.5,-34127.0,36930.0,0.13026927784577724
NC_009485.1,Emb-only-R,8089027,8100937,True,9777.0,102612.0,56194.5,-9777.0,102612.0,0.09582461786001609
NC_009485.1,Emb-only-R,8144353,8174567,True,65103.0,28982.0,47042.5,-65103.0,28982.0,0.2430812550281577
NC_009485.1,Emb-only-R,8182398,8203264,True,103148.0,285.0,51716.5,-103148.0,285.0,0.16787610619469026
NC_009504.1,SAGE-GI-P,507057,519789,True,12057.0,26210.0,19133.5,-12057.0,26210.0,0.24966666666666668
NC_009504.1,Emb-only-P,507057,519789,True,12057.0,26210.0,19133.5,-12057.0,26210.0,0.24966666666666668
NC_009504.1,SAGE-GI-R,507057,519789,True,19107.0,30260.0,24683.5,-19107.0,30260.0,0.2050402576489533
NC_009504.1,Emb-only-R,507057,519789,True,16207.0,30360.0,23283.5,-16207.0,30360.0,0.21472175379426645
NC_009487.1,SAGE-GI-P,1097404,1114034,True,23404.0,9965.0,16684.5,-23404.0,9965.0,0.33262
NC_009487.1,Emb-only-P,1097404,1114034,True,23404.0,17965.0,20684.5,-23404.0,17965.0,0.2867413793103448
NC_009487.1,SAGE-GI-R,1097404,1114034,True,26654.0,16815.0,21734.5,-26654.0,16815.0,0.27672212978369387
NC_009487.1,Emb-only-R,1097404,1114034,True,27354.0,15315.0,21334.5,-27354.0,15315.0,0.28045531197301854
NC_009567.1,SAGE-GI-P,739431,750433,True,1569.0,27566.0,14567.5,1569.0,27566.0,0.2446005859628199
NC_009567.1,SAGE-GI-P,758059,766847,True,17059.0,11152.0,14105.5,-17059.0,11152.0,0.23754054054054055
NC_009567.1,Emb-only-P,739431,750433,True,1569.0,27566.0,14567.5,1569.0,27566.0,0.2446005859628199
NC_009567.1,Emb-only-P,758059,766847,True,17059.0,11152.0,14105.5,-17059.0,11152.0,0.23754054054054055
NC_009567.1,SAGE-GI-R,739431,750433,True,51981.0,30716.0,41348.5,-51981.0,30716.0,0.11742796157950908
NC_009567.1,SAGE-GI-R,758059,766847,True,70609.0,14302.0,42455.5,-70609.0,14302.0,0.09379935965848453
NC_009567.1,Emb-only-R,739431,750433,True,53881.0,30616.0,42248.5,-53881.0,30616.0,0.11521465968586388
NC_009567.1,Emb-only-R,758059,766847,True,72509.0,14202.0,43355.5,-72509.0,14202.0,0.09203141361256545
NC_009512.1,SAGE-GI-P,1032367,1040722,False,,,,,,0.0
NC_009512.1,SAGE-GI-P,2113776,2122985,True,1776.0,14014.0,7895.0,-1776.0,14014.0,0.3684
NC_009512.1,SAGE-GI-P,2416246,2431621,False,,,,,,0.0
NC_009512.1,SAGE-GI-P,2794360,2807255,False,,,,,,0.0
NC_009512.1,SAGE-GI-P,3049807,3060111,False,,,,,,0.0
NC_009512.1,SAGE-GI-P,3064725,3075699,False,,,,,,0.0
NC_009512.1,SAGE-GI-P,3109633,3117679,False,,,,,,0.0
NC_009512.1,SAGE-GI-P,3266713,3276292,True,16713.0,112707.0,64710.0,-16713.0,112707.0,0.06892086330935251
NC_009512.1,SAGE-GI-P,3279574,3300415,True,29574.0,88584.0,59079.0,-29574.0,88584.0,0.14994244604316548
NC_009512.1,SAGE-GI-P,3352564,3368598,True,102564.0,20401.0,61482.5,-102564.0,20401.0,0.11535971223021582
NC_009512.1,SAGE-GI-P,3555604,3567516,False,,,,,,0.0
NC_009512.1,SAGE-GI-P,4379969,4391075,False,,,,,,0.0
NC_009512.1,SAGE-GI-P,4393804,4419561,True,23196.0,18438.0,20817.0,23196.0,18438.0,0.0579690469725767
NC_009512.1,SAGE-GI-P,4419646,4432013,True,2646.0,5986.0,4316.0,-2646.0,5986.0,0.588952380952381
NC_009512.1,SAGE-GI-P,5658408,5675520,True,20408.0,521.0,10464.5,-20408.0,-521.0,0.4422056981423736
NC_009512.1,Emb-only-P,1032367,1040722,False,,,,,,0.0
NC_009512.1,Emb-only-P,2113776,2122985,True,1776.0,14014.0,7895.0,-1776.0,14014.0,0.3684
NC_009512.1,Emb-only-P,2416246,2431621,False,,,,,,0.0
NC_009512.1,Emb-only-P,2794360,2807255,True,34360.0,9256.0,21808.0,-34360.0,-9256.0,0.07702725579820552
NC_009512.1,Emb-only-P,3049807,3060111,False,,,,,,0.0
NC_009512.1,Emb-only-P,3064725,3075699,False,,,,,,0.0
NC_009512.1,Emb-only-P,3109633,3117679,False,,,,,,0.0
NC_009512.1,Emb-only-P,3266713,3276292,True,16713.0,114707.0,65710.0,-16713.0,114707.0,0.06794326241134752
NC_009512.1,Emb-only-P,3279574,3300415,True,29574.0,90584.0,60079.0,-29574.0,90584.0,0.14781560283687945
NC_009512.1,Emb-only-P,3352564,3368598,True,102564.0,22401.0,62482.5,-102564.0,22401.0,0.11372340425531915
NC_009512.1,Emb-only-P,3555604,3567516,False,,,,,,0.0
NC_009512.1,Emb-only-P,4379969,4391075,False,,,,,,0.0
NC_009512.1,Emb-only-P,4393804,4419561,True,23196.0,18438.0,20817.0,23196.0,18438.0,0.0579690469725767
NC_009512.1,Emb-only-P,4419646,4432013,True,2646.0,5986.0,4316.0,-2646.0,5986.0,0.588952380952381
NC_009512.1,Emb-only-P,5658408,5675520,True,20408.0,521.0,10464.5,-20408.0,-521.0,0.4422056981423736
NC_009512.1,SAGE-GI-R,1032367,1040722,True,3717.0,9727.0,6722.0,-3717.0,9727.0,0.38330275229357796
NC_009512.1,SAGE-GI-R,2113776,2122985,True,35426.0,19964.0,27695.0,-35426.0,19964.0,0.14256965944272446
NC_009512.1,SAGE-GI-R,2416246,2431621,True,23596.0,11972.0,17784.0,-23596.0,-11972.0,0.08734476034075747
NC_009512.1,SAGE-GI-R,2794360,2807255,True,54310.0,20794.0,37552.0,-54310.0,20794.0,0.14654545454545453
NC_009512.1,SAGE-GI-R,3049807,3060111,False,,,,,,0.0
NC_009512.1,SAGE-GI-R,3064725,3075699,True,4625.0,58450.0,31537.5,4625.0,58450.0,0.09146561037090385
NC_009512.1,SAGE-GI-R,3109633,3117679,True,40283.0,16470.0,28376.5,-40283.0,16470.0,0.1241820987654321
NC_009512.1,SAGE-GI-R,3266713,3276292,True,18863.0,128857.0,73860.0,-18863.0,128857.0,0.06090273363000636
NC_009512.1,SAGE-GI-R,3279574,3300415,True,31724.0,104734.0,68229.0,-31724.0,104734.0,0.13249841068022886
NC_009512.1,SAGE-GI-R,3352564,3368598,True,104714.0,36551.0,70632.5,-104714.0,36551.0,0.1019389701207883
NC_009512.1,SAGE-GI-R,3555604,3567516,True,46.0,867.0,456.5,46.0,-867.0,0.9233610341643582
NC_009512.1,SAGE-GI-R,4379969,4391075,True,11519.0,60674.0,36096.5,-11519.0,60674.0,0.1333373349339736
NC_009512.1,SAGE-GI-R,4393804,4419561,True,25354.0,32188.0,28771.0,-25354.0,32188.0,0.3092196878751501
NC_009512.1,SAGE-GI-R,4419646,4432013,True,51196.0,19736.0,35466.0,-51196.0,19736.0,0.14847539015606243
NC_009512.1,SAGE-GI-R,5658408,5675520,True,24558.0,5329.0,14943.5,-24558.0,5329.0,0.3641063829787234
NC_009512.1,Emb-only-R,1032367,1040722,True,3717.0,3227.0,3472.0,-3717.0,3227.0,0.5461437908496732
NC_009512.1,Emb-only-R,2113776,2122985,True,31726.0,19464.0,25595.0,-31726.0,19464.0,0.15248344370860928
NC_009512.1,Emb-only-R,2416246,2431621,False,,,,,,0.0
NC_009512.1,Emb-only-R,2794360,2807255,True,55110.0,16194.0,35652.0,-55110.0,16194.0,0.15315914489311164
NC_009512.1,Emb-only-R,3049807,3060111,False,,,,,,0.0
NC_009512.1,Emb-only-R,3064725,3075699,True,825.0,59050.0,29937.5,825.0,59050.0,0.14494823277400928
NC_009512.1,Emb-only-R,3109633,3117679,True,44083.0,17070.0,30576.5,-44083.0,17070.0,0.11628612716763005
NC_009512.1,Emb-only-R,3266713,3276292,True,18963.0,130257.0,74610.0,-18963.0,130257.0,0.060327455919395465
NC_009512.1,Emb-only-R,3279574,3300415,True,31824.0,106134.0,68979.0,-31824.0,106134.0,0.13124685138539044
NC_009512.1,Emb-only-R,3352564,3368598,True,104814.0,37951.0,71382.5,-104814.0,37951.0,0.10097607052896726
NC_009512.1,Emb-only-R,3555604,3567516,True,546.0,267.0,406.5,546.0,-267.0,0.9317552253840342
NC_009512.1,Emb-only-R,4379969,4391075,True,12419.0,60274.0,36346.5,-12419.0,60274.0,0.13254176610978521
NC_009512.1,Emb-only-R,4393804,4419561,True,26254.0,31788.0,29021.0,-26254.0,31788.0,0.3073747016706444
NC_009512.1,Emb-only-R,4419646,4432013,True,52096.0,19336.0,35716.0,-52096.0,19336.0,0.14758949880668257
NC_009512.1,Emb-only-R,5658408,5675520,True,24458.0,5729.0,15093.5,-24458.0,5729.0,0.36179704016913317
NC_009632.1,SAGE-GI-P,1097278,1113908,True,23278.0,17091.0,20184.5,-23278.0,17091.0,0.2917719298245614
NC_009632.1,Emb-only-P,1097278,1113908,True,23278.0,18091.0,20684.5,-23278.0,18091.0,0.2867413793103448
NC_009632.1,SAGE-GI-R,1097278,1113908,True,24028.0,54041.0,39034.5,-24028.0,54041.0,0.17561774023231255
NC_009632.1,Emb-only-R,1097278,1113908,True,26028.0,59441.0,42734.5,-26028.0,59441.0,0.16288932419196867
NC_009665.1,SAGE-GI-P,642101,650842,True,7101.0,69157.0,38129.0,-7101.0,69157.0,0.10284705882352942
NC_009665.1,SAGE-GI-P,653688,684681,True,18688.0,35318.0,27003.0,-18688.0,35318.0,0.36463529411764706
NC_009665.1,SAGE-GI-P,691562,721134,True,56562.0,1135.0,28848.5,-56562.0,-1135.0,0.33015615022929123
NC_009665.1,SAGE-GI-P,722193,733068,False,,,,,,0.0
NC_009665.1,SAGE-GI-P,2237110,2246643,False,,,,,,0.0
NC_009665.1,SAGE-GI-P,2332820,2342723,True,2820.0,30276.0,16548.0,-2820.0,30276.0,0.23032558139534884
NC_009665.1,SAGE-GI-P,2354371,2368450,True,24371.0,4549.0,14460.0,-24371.0,4549.0,0.32744186046511625
NC_009665.1,SAGE-GI-P,2492827,2501912,True,2827.0,30087.0,16457.0,-2827.0,30087.0,0.21633333333333332
NC_009665.1,SAGE-GI-P,2501929,2514311,True,11929.0,17688.0,14808.5,-11929.0,17688.0,0.29483333333333334
NC_009665.1,SAGE-GI-P,2607306,2624858,True,23306.0,3859.0,13582.5,-23306.0,-3859.0,0.33515259795883406
NC_009665.1,SAGE-GI-P,3031135,3039465,False,,,,,,0.0
NC_009665.1,SAGE-GI-P,3042152,3052499,False,,,,,,0.0
NC_009665.1,SAGE-GI-P,3860645,3883911,True,12645.0,36088.0,24366.5,-12645.0,36088.0,0.3231527777777778
NC_009665.1,SAGE-GI-P,3888874,3898161,True,40874.0,21838.0,31356.0,-40874.0,21838.0,0.129
NC_009665.1,SAGE-GI-P,3973591,3996617,True,16409.0,24382.0,20395.5,16409.0,24382.0,0.13959374802252736
NC_009665.1,SAGE-GI-P,4002702,4014771,True,12702.0,6228.0,9465.0,-12702.0,6228.0,0.3893548387096774
NC_009665.1,SAGE-GI-P,4735184,4747007,True,2184.0,4992.0,3588.0,-2184.0,4992.0,0.6223157894736842
NC_009665.1,SAGE-GI-P,5040135,5054368,False,,,,,,0.0
NC_009665.1,Emb-only-P,642101,650842,True,7101.0,69157.0,38129.0,-7101.0,69157.0,0.10284705882352942
NC_009665.1,Emb-only-P,653688,684681,True,18688.0,35318.0,27003.0,-18688.0,35318.0,0.36463529411764706
NC_009665.1,Emb-only-P,691562,721134,True,56562.0,1135.0,28848.5,-56562.0,-1135.0,0.33015615022929123
NC_009665.1,Emb-only-P,722193,733068,False,,,,,,0.0
NC_009665.1,Emb-only-P,2237110,2246643,True,15110.0,356.0,7733.0,-15110.0,356.0,0.38136
NC_009665.1,Emb-only-P,2332820,2342723,True,2820.0,30276.0,16548.0,-2820.0,30276.0,0.23032558139534884
NC_009665.1,Emb-only-P,2354371,2368450,True,24371.0,4549.0,14460.0,-24371.0,4549.0,0.32744186046511625
NC_009665.1,Emb-only-P,2492827,2501912,False,,,,,,0.0
NC_009665.1,Emb-only-P,2501929,2514311,False,,,,,,0.0
NC_009665.1,Emb-only-P,2607306,2624858,True,23306.0,3859.0,13582.5,-23306.0,-3859.0,0.33515259795883406
NC_009665.1,Emb-only-P,3031135,3039465,False,,,,,,0.0
NC_009665.1,Emb-only-P,3042152,3052499,False,,,,,,0.0
NC_009665.1,Emb-only-P,3860645,3883911,True,12645.0,36088.0,24366.5,-12645.0,36088.0,0.3231527777777778
NC_009665.1,Emb-only-P,3888874,3898161,True,40874.0,21838.0,31356.0,-40874.0,21838.0,0.129
NC_009665.1,Emb-only-P,3973591,3996617,True,16409.0,19382.0,17895.5,16409.0,19382.0,0.15605178146148224
NC_009665.1,Emb-only-P,4002702,4014771,True,12702.0,1228.0,6965.0,-12702.0,1228.0,0.4642307692307692
NC_009665.1,Emb-only-P,4735184,4747007,True,2184.0,4992.0,3588.0,-2184.0,4992.0,0.6223157894736842
NC_009665.1,Emb-only-P,5040135,5054368,False,,,,,,0.0
NC_009665.1,SAGE-GI-R,642101,650842,True,14851.0,83307.0,49079.0,-14851.0,83307.0,0.08177736202057997
NC_009665.1,SAGE-GI-R,653688,684681,True,26438.0,49468.0,37953.0,-26438.0,49468.0,0.28993451824134703
NC_009665.1,SAGE-GI-R,691562,721134,True,64312.0,13015.0,38663.5,-64312.0,13015.0,0.27664172123479885
NC_009665.1,SAGE-GI-R,722193,733068,True,94943.0,1081.0,48012.0,-94943.0,1081.0,0.1017399438727783
NC_009665.1,SAGE-GI-R,2237110,2246643,True,26560.0,1294.0,13927.0,-26560.0,-1294.0,0.22829279104560316
NC_009665.1,SAGE-GI-R,2332820,2342723,True,230.0,39226.0,19728.0,230.0,39226.0,0.19690616731121513
NC_009665.1,SAGE-GI-R,2354371,2368450,True,21321.0,13499.0,17410.0,-21321.0,13499.0,0.2879345603271984
NC_009665.1,SAGE-GI-R,2492827,2501912,True,17877.0,18937.0,18407.0,-17877.0,18937.0,0.1979520697167756
NC_009665.1,SAGE-GI-R,2501929,2514311,True,26979.0,6538.0,16758.5,-26979.0,6538.0,0.2697821350762527
NC_009665.1,SAGE-GI-R,2607306,2624858,True,24156.0,509.0,12332.5,-24156.0,-509.0,0.40864082092593923
NC_009665.1,SAGE-GI-R,3031135,3039465,True,3685.0,29584.0,16634.5,-3685.0,29584.0,0.20026442307692308
NC_009665.1,SAGE-GI-R,3042152,3052499,True,14702.0,16550.0,15626.0,-14702.0,16550.0,0.24875
NC_009665.1,SAGE-GI-R,3860645,3883911,True,9795.0,33538.0,21666.5,-9795.0,33538.0,0.34935435435435436
NC_009665.1,SAGE-GI-R,3888874,3898161,True,38024.0,19288.0,28656.0,-38024.0,19288.0,0.13945945945945945
NC_009665.1,SAGE-GI-R,3973591,3996617,True,9959.0,20632.0,15295.5,9959.0,20632.0,0.29931972789115646
NC_009665.1,SAGE-GI-R,4002702,4014771,True,19152.0,2478.0,10815.0,-19152.0,2478.0,0.35816023738872405
NC_009665.1,SAGE-GI-R,4735184,4747007,True,5634.0,14142.0,9888.0,-5634.0,14142.0,0.3741772151898734
NC_009665.1,SAGE-GI-R,5040135,5054368,False,,,,,,0.0
NC_009665.1,Emb-only-R,642101,650842,True,19051.0,83207.0,51129.0,-19051.0,83207.0,0.07875675675675675
NC_009665.1,Emb-only-R,653688,684681,True,30638.0,49368.0,40003.0,-30638.0,49368.0,0.27922522522522525
NC_009665.1,Emb-only-R,691562,721134,True,68512.0,12915.0,40713.5,-68512.0,12915.0,0.2664234234234234
NC_009665.1,Emb-only-R,722193,733068,True,99143.0,981.0,50062.0,-99143.0,981.0,0.09798198198198198
NC_009665.1,Emb-only-R,2237110,2246643,True,27360.0,494.0,13927.0,-27360.0,-494.0,0.24502629153791944
NC_009665.1,Emb-only-R,2332820,2342723,True,1230.0,40026.0,20628.0,1230.0,40026.0,0.1737232124974965
NC_009665.1,Emb-only-R,2354371,2368450,True,20321.0,14299.0,17310.0,-20321.0,14299.0,0.2891170431211499
NC_009665.1,Emb-only-R,2492827,2501912,True,12277.0,15337.0,13807.0,-12277.0,15337.0,0.24757493188010898
NC_009665.1,Emb-only-R,2501929,2514311,True,21379.0,2938.0,12158.5,-21379.0,2938.0,0.3374114441416894
NC_009665.1,Emb-only-R,2607306,2624858,True,26856.0,509.0,13682.5,-26856.0,-509.0,0.38379607737170396
NC_009665.1,Emb-only-R,3031135,3039465,True,3185.0,29284.0,16234.5,-3185.0,29284.0,0.20419117647058824
NC_009665.1,Emb-only-R,3042152,3052499,True,14202.0,16250.0,15226.0,-14202.0,16250.0,0.25362745098039213
NC_009665.1,Emb-only-R,3860645,3883911,True,9795.0,33138.0,21466.5,-9795.0,33138.0,0.35146525679758306
NC_009665.1,Emb-only-R,3888874,3898161,True,38024.0,18888.0,28456.0,-38024.0,18888.0,0.14030211480362537
NC_009665.1,Emb-only-R,3973591,3996617,True,8059.0,21532.0,14795.5,8059.0,21532.0,0.33591418119796224
NC_009665.1,Emb-only-R,4002702,4014771,True,21052.0,3378.0,12215.0,-21052.0,3378.0,0.3306849315068493
NC_009665.1,Emb-only-R,4735184,4747007,True,5434.0,16142.0,10788.0,-5434.0,16142.0,0.3540119760479042
NC_009665.1,Emb-only-R,5040135,5054368,False,,,,,,0.0
NC_009708.1,SAGE-GI-P,913307,921944,True,38307.0,42055.0,40181.0,-38307.0,42055.0,0.0970561797752809
NC_009708.1,SAGE-GI-P,2509172,2519053,False,,,,,,0.0
NC_009708.1,SAGE-GI-P,2519359,2540420,False,,,,,,0.0
NC_009708.1,SAGE-GI-P,848463,866566,True,13463.0,5567.0,9515.0,-13463.0,-5567.0,0.397155257072259
NC_009708.1,SAGE-GI-P,784574,801705,False,,,,,,0.0
NC_009708.1,SAGE-GI-P,807043,838052,True,27957.0,22947.0,25452.0,27957.0,22947.0,0.05658209314824768
NC_009708.1,SAGE-GI-P,709127,724474,False,,,,,,0.0
NC_009708.1,Emb-only-P,913307,921944,True,45307.0,42055.0,43681.0,-45307.0,42055.0,0.08997916666666667
NC_009708.1,Emb-only-P,2509172,2519053,False,,,,,,0.0
NC_009708.1,Emb-only-P,2519359,2540420,False,,,,,,0.0
NC_009708.1,Emb-only-P,848463,866566,True,13463.0,5567.0,9515.0,-13463.0,-5567.0,0.397155257072259
NC_009708.1,Emb-only-P,784574,801705,False,,,,,,0.0
NC_009708.1,Emb-only-P,807043,838052,True,27957.0,22947.0,25452.0,27957.0,22947.0,0.05658209314824768
NC_009708.1,Emb-only-P,709127,724474,False,,,,,,0.0
NC_009708.1,SAGE-GI-R,913307,921944,True,128557.0,53005.0,90781.0,-128557.0,53005.0,0.04541535226077813
NC_009708.1,SAGE-GI-R,2509172,2519053,True,12922.0,9404.0,11163.0,-12922.0,-9404.0,0.02096123487107525
NC_009708.1,SAGE-GI-R,2519359,2540420,False,,,,,,0.0
NC_009708.1,SAGE-GI-R,848463,866566,True,63713.0,108383.0,86048.0,-63713.0,108383.0,0.09518401682439537
NC_009708.1,SAGE-GI-R,784574,801705,True,176.0,173244.0,86710.0,176.0,173244.0,0.08906584863638274
NC_009708.1,SAGE-GI-R,807043,838052,True,22293.0,136897.0,79595.0,-22293.0,136897.0,0.16303890641430074
NC_009708.1,SAGE-GI-R,709127,724474,True,13877.0,4775.0,9326.0,-13877.0,4775.0,0.45141176470588235
NC_009708.1,Emb-only-R,913307,921944,True,127357.0,53905.0,90631.0,-127357.0,53905.0,0.04548709847288046
NC_009708.1,Emb-only-R,2509172,2519053,True,14222.0,3104.0,8663.0,-14222.0,-3104.0,0.28119814138732163
NC_009708.1,Emb-only-R,2519359,2540420,False,,,,,,0.0
NC_009708.1,Emb-only-R,848463,866566,True,62513.0,109283.0,85898.0,-62513.0,109283.0,0.09533438651922065
NC_009708.1,Emb-only-R,784574,801705,True,1376.0,174144.0,87760.0,1376.0,174144.0,0.0823731152889019
NC_009708.1,Emb-only-R,807043,838052,True,21093.0,137797.0,79445.0,-21093.0,137797.0,0.16329647182727752
NC_009708.1,Emb-only-R,709127,724474,True,15777.0,6075.0,10926.0,-15777.0,6075.0,0.41258064516129034
NC_009782.1,SAGE-GI-P,436005,464314,True,5.0,29685.0,14845.0,-5.0,29685.0,0.48810344827586205
NC_009782.1,Emb-only-P,436005,464314,True,5.0,12685.0,6345.0,-5.0,12685.0,0.6904878048780487
NC_009782.1,SAGE-GI-R,436005,464314,True,38855.0,35535.0,37195.0,-38855.0,35535.0,0.2756572541382668
NC_009782.1,Emb-only-R,436005,464314,True,12555.0,34935.0,23745.0,-12555.0,34935.0,0.3734828496042216
NC_009783.1,SAGE-GI-P,1128885,1139972,False,,,,,,0.0
NC_009783.1,SAGE-GI-P,1472576,1481532,False,,,,,,0.0
NC_009783.1,SAGE-GI-P,1632746,1642057,True,1254.0,82942.0,42098.0,1254.0,82942.0,0.08734580614390704
NC_009783.1,SAGE-GI-P,1643577,1653810,True,9577.0,71189.0,40383.0,-9577.0,71189.0,0.11246153846153846
NC_009783.1,SAGE-GI-P,1658593,1686603,True,24593.0,38396.0,31494.5,-24593.0,38396.0,0.3078131868131868
NC_009783.1,SAGE-GI-P,1746581,1758322,False,,,,,,0.0
NC_009783.1,SAGE-GI-P,1945713,1963088,True,12287.0,11911.0,12099.0,12287.0,11911.0,0.17376310308327927
NC_009783.1,SAGE-GI-P,1965517,1996773,True,7517.0,21774.0,14645.5,-7517.0,-21774.0,0.24457110434827461
NC_009783.1,SAGE-GI-P,2148369,2172142,False,,,,,,0.0
NC_009783.1,SAGE-GI-P,2185398,2193821,False,,,,,,0.0
NC_009783.1,SAGE-GI-P,2569946,2591635,False,,,,,,0.0
NC_009783.1,SAGE-GI-P,2602764,2612839,False,,,,,,0.0
NC_009783.1,SAGE-GI-P,3001486,3009519,False,,,,,,0.0
NC_009783.1,Emb-only-P,1128885,1139972,False,,,,,,0.0
NC_009783.1,Emb-only-P,1472576,1481532,False,,,,,,0.0
NC_009783.1,Emb-only-P,1632746,1642057,True,1254.0,21942.0,11598.0,1254.0,21942.0,0.25782299865617203
NC_009783.1,Emb-only-P,1643577,1653810,True,9577.0,10189.0,9883.0,-9577.0,10189.0,0.34113333333333334
NC_009783.1,Emb-only-P,1658593,1686603,True,18407.0,38396.0,28401.5,18407.0,38396.0,0.14462330778381796
NC_009783.1,Emb-only-P,1746581,1758322,False,,,,,,0.0
NC_009783.1,Emb-only-P,1945713,1963088,False,,,,,,0.0
NC_009783.1,Emb-only-P,1965517,1996773,False,,,,,,0.0
NC_009783.1,Emb-only-P,2148369,2172142,False,,,,,,0.0
NC_009783.1,Emb-only-P,2185398,2193821,False,,,,,,0.0
NC_009783.1,Emb-only-P,2569946,2591635,False,,,,,,0.0
NC_009783.1,Emb-only-P,2602764,2612839,False,,,,,,0.0
NC_009783.1,Emb-only-P,3001486,3009519,False,,,,,,0.0
NC_009783.1,SAGE-GI-R,1128885,1139972,True,8335.0,22777.0,15556.0,-8335.0,22777.0,0.2627488151658768
NC_009783.1,SAGE-GI-R,1472576,1481532,True,4226.0,8017.0,6121.5,-4226.0,8017.0,0.4225
NC_009783.1,SAGE-GI-R,1632746,1642057,True,7296.0,103692.0,55494.0,-7296.0,103692.0,0.07740648379052369
NC_009783.1,SAGE-GI-R,1643577,1653810,True,18127.0,91939.0,55033.0,-18127.0,91939.0,0.08507065669160432
NC_009783.1,SAGE-GI-R,1658593,1686603,True,33143.0,59146.0,46144.5,-33143.0,59146.0,0.2328428927680798
NC_009783.1,SAGE-GI-R,1746581,1758322,False,,,,,,0.0
NC_009783.1,SAGE-GI-R,1945713,1963088,True,14963.0,15139.0,15051.0,-14963.0,-15139.0,0.06917344382943195
NC_009783.1,SAGE-GI-R,1965517,1996773,True,3567.0,1224.0,2395.5,-3567.0,-1224.0,0.8624224672639559
NC_009783.1,SAGE-GI-R,2148369,2172142,True,5781.0,9793.0,7787.0,5781.0,-9793.0,0.3449146126020022
NC_009783.1,SAGE-GI-R,2185398,2193821,True,2248.0,11528.0,6888.0,-2248.0,11528.0,0.37945945945945947
NC_009783.1,SAGE-GI-R,2569946,2591635,True,14204.0,7614.0,10909.0,14204.0,7614.0,0.25546000546000547
NC_009783.1,SAGE-GI-R,2602764,2612839,False,,,,,,0.0
NC_009783.1,SAGE-GI-R,3001486,3009519,True,20436.0,53730.0,37083.0,-20436.0,53730.0,0.09773722627737226
NC_009783.1,Emb-only-R,1128885,1139972,True,7535.0,23677.0,15606.0,-7535.0,23677.0,0.2621276595744681
NC_009783.1,Emb-only-R,1472576,1481532,True,13326.0,8817.0,11071.5,-13326.0,8817.0,0.2880064308681672
NC_009783.1,Emb-only-R,1632746,1642057,True,16696.0,101992.0,59344.0,-16696.0,101992.0,0.07275
NC_009783.1,Emb-only-R,1643577,1653810,True,27527.0,90239.0,58883.0,-27527.0,90239.0,0.079953125
NC_009783.1,Emb-only-R,1658593,1686603,True,42543.0,57446.0,49994.5,-42543.0,57446.0,0.2188359375
NC_009783.1,Emb-only-R,1746581,1758322,False,,,,,,0.0
NC_009783.1,Emb-only-R,1945713,1963088,True,16337.0,33061.0,24699.0,16337.0,33061.0,0.020599956381228066
NC_009783.1,Emb-only-R,1965517,1996773,True,3467.0,624.0,2045.5,-3467.0,-624.0,0.8821852321161157
NC_009783.1,Emb-only-R,2148369,2172142,True,1881.0,1993.0,1937.0,1881.0,-1993.0,0.8370488769243711
NC_009783.1,Emb-only-R,2185398,2193821,True,2648.0,7528.0,5088.0,-2648.0,7528.0,0.4529032258064516
NC_009783.1,Emb-only-R,2569946,2591635,False,,,,,,0.0
NC_009783.1,Emb-only-R,2602764,2612839,False,,,,,,0.0
NC_009783.1,Emb-only-R,3001486,3009519,True,21436.0,52230.0,36833.0,-21436.0,52230.0,0.09833537331701346
NC_009800.1,SAGE-GI-P,345429,355370,True,53429.0,40629.0,47029.0,-53429.0,40629.0,0.09559615384615384
NC_009800.1,SAGE-GI-P,2064785,2081820,True,10785.0,93179.0,51982.0,-10785.0,93179.0,0.14079338842975206
NC_009800.1,SAGE-GI-P,2143073,2152283,True,89073.0,22716.0,55894.5,-89073.0,22716.0,0.07612396694214876
NC_009800.1,Emb-only-P,345429,355370,True,53429.0,40629.0,47029.0,-53429.0,40629.0,0.09559615384615384
NC_009800.1,Emb-only-P,2064785,2081820,True,10785.0,93179.0,51982.0,-10785.0,93179.0,0.14079338842975206
NC_009800.1,Emb-only-P,2143073,2152283,True,89073.0,22716.0,55894.5,-89073.0,22716.0,0.07612396694214876
NC_009800.1,SAGE-GI-R,345429,355370,True,55379.0,47879.0,51629.0,-55379.0,47879.0,0.08782685512367491
NC_009800.1,SAGE-GI-R,2064785,2081820,True,25935.0,102729.0,64332.0,-25935.0,102729.0,0.1169251887439945
NC_009800.1,SAGE-GI-R,2143073,2152283,True,104223.0,32266.0,68244.5,-104223.0,32266.0,0.06321894303363075
NC_009800.1,Emb-only-R,345429,355370,True,54279.0,46579.0,50429.0,-54279.0,46579.0,0.08972924187725632
NC_009800.1,Emb-only-R,2064785,2081820,True,14235.0,103329.0,58782.0,-14235.0,103329.0,0.12656760772659734
NC_009800.1,Emb-only-R,2143073,2152283,True,92523.0,32866.0,62694.5,-92523.0,32866.0,0.06843239227340267
NC_009801.1,SAGE-GI-P,239228,250121,True,13228.0,21878.0,17553.0,-13228.0,21878.0,0.23682608695652174
NC_009801.1,SAGE-GI-P,1399960,1414287,True,1960.0,35712.0,18836.0,-1960.0,35712.0,0.27553846153846157
NC_009801.1,SAGE-GI-P,1437188,1448313,True,39188.0,1686.0,20437.0,-39188.0,1686.0,0.21396153846153845
NC_009801.1,SAGE-GI-P,1701182,1709443,True,10182.0,5556.0,7869.0,-10182.0,5556.0,0.34425
NC_009801.1,SAGE-GI-P,2172994,2221098,True,1994.0,10099.0,6046.5,-1994.0,-10099.0,0.7586179364857581
NC_009801.1,SAGE-GI-P,3328172,3341171,False,,,,,,0.0
NC_009801.1,SAGE-GI-P,3372992,3397393,True,29992.0,27606.0,28799.0,-29992.0,27606.0,0.2975853658536585
NC_009801.1,Emb-only-P,239228,250121,True,13228.0,21878.0,17553.0,-13228.0,21878.0,0.23682608695652174
NC_009801.1,Emb-only-P,1399960,1414287,True,1960.0,35712.0,18836.0,-1960.0,35712.0,0.27553846153846157
NC_009801.1,Emb-only-P,1437188,1448313,True,39188.0,1686.0,20437.0,-39188.0,1686.0,0.21396153846153845
NC_009801.1,Emb-only-P,1701182,1709443,False,,,,,,0.0
NC_009801.1,Emb-only-P,2172994,2221098,True,1994.0,20099.0,11046.5,-1994.0,-20099.0,0.5590131539551688
NC_009801.1,Emb-only-P,3328172,3341171,False,,,,,,0.0
NC_009801.1,Emb-only-P,3372992,3397393,True,29992.0,27606.0,28799.0,-29992.0,27606.0,0.2975853658536585
NC_009801.1,SAGE-GI-R,239228,250121,True,17978.0,26328.0,22153.0,-17978.0,26328.0,0.19735507246376813
NC_009801.1,SAGE-GI-R,1399960,1414287,True,10810.0,37062.0,23936.0,-10810.0,37062.0,0.23035369774919615
NC_009801.1,SAGE-GI-R,1437188,1448313,True,48038.0,3036.0,25537.0,-48038.0,3036.0,0.17887459807073955
NC_009801.1,SAGE-GI-R,1701182,1709443,True,21432.0,6706.0,14069.0,-21432.0,6706.0,0.22697802197802197
NC_009801.1,SAGE-GI-R,2172994,2221098,True,7144.0,25951.0,16547.5,-7144.0,25951.0,0.5924261083743843
NC_009801.1,SAGE-GI-R,3328172,3341171,True,2922.0,96978.0,49950.0,-2922.0,96978.0,0.11514614703277236
NC_009801.1,SAGE-GI-R,3372992,3397393,True,47742.0,40756.0,44249.0,-47742.0,40756.0,0.21613817537643934
NC_009801.1,Emb-only-R,239228,250121,True,17578.0,26328.0,21953.0,-17578.0,26328.0,0.1987956204379562
NC_009801.1,Emb-only-R,1399960,1414287,True,6810.0,38762.0,22786.0,-6810.0,38762.0,0.23919866444073457
NC_009801.1,Emb-only-R,1437188,1448313,True,44038.0,4736.0,24387.0,-44038.0,4736.0,0.18574290484140235
NC_009801.1,Emb-only-R,1701182,1709443,True,23232.0,5606.0,14419.0,-23232.0,5606.0,0.2226954177897574
NC_009801.1,Emb-only-R,2172994,2221098,True,6544.0,25751.0,16147.5,-6544.0,25751.0,0.5983208955223881
NC_009801.1,Emb-only-R,3328172,3341171,True,1322.0,96978.0,49150.0,-1322.0,96978.0,0.11680143755615453
NC_009801.1,Emb-only-R,3372992,3397393,True,46142.0,40756.0,43449.0,-46142.0,40756.0,0.21924528301886792
NC_009879.1,SAGE-GI-P,495691,505730,False,,,,,,0.0
NC_009879.1,SAGE-GI-P,700936,713513,False,,,,,,0.0
NC_009879.1,Emb-only-P,495691,505730,False,,,,,,0.0
NC_009879.1,Emb-only-P,700936,713513,False,,,,,,0.0
NC_009879.1,SAGE-GI-R,495691,505730,True,28741.0,3381.0,16061.0,-28741.0,-3381.0,0.17170779505427916
NC_009879.1,SAGE-GI-R,700936,713513,False,,,,,,0.0
NC_009879.1,Emb-only-R,495691,505730,False,,,,,,0.0
NC_009879.1,Emb-only-R,700936,713513,False,,,,,,0.0
NC_009900.1,SAGE-GI-P,716256,731572,True,22256.0,21427.0,21841.5,-22256.0,21427.0,0.25961016949152543
NC_009900.1,Emb-only-P,716256,731572,True,22256.0,21427.0,21841.5,-22256.0,21427.0,0.25961016949152543
NC_009900.1,SAGE-GI-R,716256,731572,True,21106.0,46977.0,34041.5,-21106.0,46977.0,0.18365707434052758
NC_009900.1,Emb-only-R,716256,731572,True,16606.0,45677.0,31141.5,-16606.0,45677.0,0.1973840206185567
NC_009901.1,SAGE-GI-P,1537164,1555074,True,34164.0,9925.0,22044.5,-34164.0,9925.0,0.28888709677419355
NC_009901.1,SAGE-GI-P,1833595,1846906,False,,,,,,0.0
NC_009901.1,SAGE-GI-P,2797983,2822650,False,,,,,,0.0
NC_009901.1,SAGE-GI-P,5106241,5118312,False,,,,,,0.0
NC_009901.1,Emb-only-P,1537164,1555074,True,17164.0,9925.0,13544.5,-17164.0,9925.0,0.3980222222222222
NC_009901.1,Emb-only-P,1833595,1846906,False,,,,,,0.0
NC_009901.1,Emb-only-P,2797983,2822650,False,,,,,,0.0
NC_009901.1,Emb-only-P,5106241,5118312,False,,,,,,0.0
NC_009901.1,SAGE-GI-R,1537164,1555074,True,19514.0,17075.0,18294.5,-19514.0,17075.0,0.32864220183486237
NC_009901.1,SAGE-GI-R,1833595,1846906,True,17845.0,5643.0,11744.0,-17845.0,5643.0,0.3617391304347826
NC_009901.1,SAGE-GI-R,2797983,2822650,True,9933.0,2599.0,6266.0,-9933.0,2599.0,0.6631182795698924
NC_009901.1,SAGE-GI-R,5106241,5118312,True,5991.0,20737.0,13364.0,-5991.0,20737.0,0.3111340206185567
NC_009901.1,Emb-only-R,1537164,1555074,True,21314.0,16475.0,18894.5,-21314.0,16475.0,0.3215619389587074
NC_009901.1,Emb-only-R,1833595,1846906,True,7745.0,5343.0,6544.0,-7745.0,5343.0,0.5042424242424243
NC_009901.1,Emb-only-R,2797983,2822650,True,17133.0,1899.0,9516.0,-17133.0,1899.0,0.5644851258581236
NC_009901.1,Emb-only-R,5106241,5118312,True,491.0,51237.0,25864.0,-491.0,51237.0,0.18921630094043887
NC_009997.1,SAGE-GI-P,676389,685130,False,,,,,,0.0
NC_009997.1,SAGE-GI-P,685193,716455,True,8807.0,26544.0,17675.5,8807.0,26544.0,0.3884650647845417
NC_009997.1,SAGE-GI-P,716704,755497,True,22704.0,12498.0,17601.0,-22704.0,-12498.0,0.42759114117532276
NC_009997.1,SAGE-GI-P,905286,913297,True,7714.0,34702.0,21208.0,7714.0,34702.0,0.0069766352952193664
NC_009997.1,SAGE-GI-P,1716272,1725249,False,,,,,,0.0
NC_009997.1,SAGE-GI-P,2078844,2090632,False,,,,,,0.0
NC_009997.1,SAGE-GI-P,2420070,2430009,True,61070.0,3010.0,32040.0,-61070.0,-3010.0,0.09759188846641319
NC_009997.1,SAGE-GI-P,2525544,2534712,True,1544.0,12287.0,6915.5,-1544.0,12287.0,0.3986521739130435
NC_009997.1,SAGE-GI-P,2664069,2707191,True,32069.0,16808.0,24438.5,-32069.0,16808.0,0.4687282608695652
NC_009997.1,SAGE-GI-P,2710869,2727255,True,78869.0,3256.0,41062.5,-78869.0,-3256.0,0.13784958427815572
NC_009997.1,SAGE-GI-P,3439233,3448525,False,,,,,,0.0
NC_009997.1,SAGE-GI-P,3456690,3465749,False,,,,,,0.0
NC_009997.1,SAGE-GI-P,4013865,4023226,True,19865.0,20773.0,20319.0,-19865.0,20773.0,0.18724
NC_009997.1,SAGE-GI-P,5152914,5170164,False,,,,,,0.0
NC_009997.1,Emb-only-P,676389,685130,True,2389.0,57869.0,30129.0,-2389.0,57869.0,0.12669565217391304
NC_009997.1,Emb-only-P,685193,716455,True,11193.0,26544.0,18868.5,-11193.0,26544.0,0.45308695652173914
NC_009997.1,Emb-only-P,716704,755497,True,42704.0,12498.0,27601.0,-42704.0,-12498.0,0.32265822474171146
NC_009997.1,Emb-only-P,905286,913297,False,,,,,,0.0
NC_009997.1,Emb-only-P,1716272,1725249,False,,,,,,0.0
NC_009997.1,Emb-only-P,2078844,2090632,False,,,,,,0.0
NC_009997.1,Emb-only-P,2420070,2430009,True,61070.0,3010.0,32040.0,-61070.0,-3010.0,0.09759188846641319
NC_009997.1,Emb-only-P,2525544,2534712,False,,,,,,0.0
NC_009997.1,Emb-only-P,2664069,2707191,True,3931.0,16808.0,10369.5,3931.0,16808.0,0.6539520448515793
NC_009997.1,Emb-only-P,2710869,2727255,True,42869.0,3256.0,23062.5,-42869.0,-3256.0,0.2215978128797084
NC_009997.1,Emb-only-P,3439233,3448525,False,,,,,,0.0
NC_009997.1,Emb-only-P,3456690,3465749,False,,,,,,0.0
NC_009997.1,Emb-only-P,4013865,4023226,True,19865.0,15773.0,17819.0,-19865.0,15773.0,0.20804444444444445
NC_009997.1,Emb-only-P,5152914,5170164,False,,,,,,0.0
NC_009997.1,SAGE-GI-R,676389,685130,True,12939.0,81519.0,47229.0,-12939.0,81519.0,0.0847093023255814
NC_009997.1,SAGE-GI-R,685193,716455,True,21743.0,50194.0,35968.5,-21743.0,50194.0,0.3029360465116279
NC_009997.1,SAGE-GI-R,716704,755497,True,53254.0,11152.0,32203.0,-53254.0,11152.0,0.3759108527131783
NC_009997.1,SAGE-GI-R,905286,913297,True,9936.0,36552.0,23244.0,-9936.0,36552.0,0.14700917431192662
NC_009997.1,SAGE-GI-R,1716272,1725249,False,,,,,,0.0
NC_009997.1,SAGE-GI-R,2078844,2090632,True,8094.0,8917.0,8505.5,-8094.0,8917.0,0.40934027777777776
NC_009997.1,SAGE-GI-R,2420070,2430009,True,76020.0,1240.0,38630.0,-76020.0,1240.0,0.1139908256880734
NC_009997.1,SAGE-GI-R,2525544,2534712,True,694.0,35937.0,18315.5,-694.0,35937.0,0.20019650655021834
NC_009997.1,SAGE-GI-R,2664069,2707191,True,28819.0,19458.0,24138.5,-28819.0,19458.0,0.47180525164113785
NC_009997.1,SAGE-GI-R,2710869,2727255,True,75619.0,606.0,38112.5,-75619.0,-606.0,0.17152142251592287
NC_009997.1,SAGE-GI-R,3439233,3448525,True,3583.0,56324.0,29953.5,-3583.0,56324.0,0.13429190751445086
NC_009997.1,SAGE-GI-R,3456690,3465749,True,21040.0,39100.0,30070.0,-21040.0,39100.0,0.13092485549132948
NC_009997.1,SAGE-GI-R,4013865,4023226,True,42015.0,17123.0,29569.0,-42015.0,17123.0,0.13667153284671532
NC_009997.1,SAGE-GI-R,5152914,5170164,False,,,,,,0.0
NC_009997.1,Emb-only-R,676389,685130,True,14139.0,83719.0,48929.0,-14139.0,83719.0,0.08200750469043153
NC_009997.1,Emb-only-R,685193,716455,True,22943.0,52394.0,37668.5,-22943.0,52394.0,0.29327392120075046
NC_009997.1,Emb-only-R,716704,755497,True,54454.0,13352.0,33903.0,-54454.0,13352.0,0.363921200750469
NC_009997.1,Emb-only-R,905286,913297,True,7036.0,36852.0,21944.0,-7036.0,36852.0,0.15437379576107899
NC_009997.1,Emb-only-R,1716272,1725249,False,,,,,,0.0
NC_009997.1,Emb-only-R,2078844,2090632,True,8294.0,13217.0,10755.5,-8294.0,13217.0,0.354024024024024
NC_009997.1,Emb-only-R,2420070,2430009,True,75220.0,540.0,37880.0,-75220.0,540.0,0.11598599766627771
NC_009997.1,Emb-only-R,2525544,2534712,True,494.0,63037.0,31765.5,-494.0,63037.0,0.126121045392022
NC_009997.1,Emb-only-R,2664069,2707191,True,30219.0,19358.0,24788.5,-30219.0,19358.0,0.4651887810140237
NC_009997.1,Emb-only-R,2710869,2727255,True,77019.0,706.0,38862.5,-77019.0,-706.0,0.16788000770828426
NC_009997.1,Emb-only-R,3439233,3448525,True,183.0,57024.0,28603.5,-183.0,57024.0,0.13974436090225564
NC_009997.1,Emb-only-R,3456690,3465749,True,17640.0,39800.0,28720.0,-17640.0,39800.0,0.1362406015037594
NC_009997.1,Emb-only-R,4013865,4023226,True,41915.0,16523.0,29219.0,-41915.0,16523.0,0.1380825958702065
NC_009997.1,Emb-only-R,5152914,5170164,False,,,,,,0.0
NC_010084.1,SAGE-GI-P,547957,558751,True,5957.0,248.0,3102.5,-5957.0,248.0,0.635
NC_010084.1,SAGE-GI-P,2490209,2500594,True,7209.0,69405.0,38307.0,-7209.0,69405.0,0.11937931034482759
NC_010084.1,SAGE-GI-P,2532555,2543039,True,49555.0,26960.0,38257.5,-49555.0,26960.0,0.12051724137931034
NC_010084.1,SAGE-GI-P,2831185,2843434,True,30185.0,11565.0,20875.0,-30185.0,11565.0,0.22685185185185186
NC_010084.1,Emb-only-P,547957,558751,True,5957.0,248.0,3102.5,-5957.0,248.0,0.635
NC_010084.1,Emb-only-P,2490209,2500594,True,7209.0,69405.0,38307.0,-7209.0,69405.0,0.11937931034482759
NC_010084.1,Emb-only-P,2532555,2543039,True,49555.0,26960.0,38257.5,-49555.0,26960.0,0.12051724137931034
NC_010084.1,Emb-only-P,2831185,2843434,True,30185.0,11565.0,20875.0,-30185.0,11565.0,0.22685185185185186
NC_010084.1,SAGE-GI-R,547957,558751,True,15807.0,26998.0,21402.5,-15807.0,26998.0,0.2013992537313433
NC_010084.1,SAGE-GI-R,2490209,2500594,True,15759.0,75055.0,45407.0,-15759.0,75055.0,0.10262845849802371
NC_010084.1,SAGE-GI-R,2532555,2543039,True,58105.0,32610.0,45357.5,-58105.0,32610.0,0.10360671936758893
NC_010084.1,SAGE-GI-R,2831185,2843434,True,29535.0,13615.0,21575.0,-29535.0,13615.0,0.22111913357400723
NC_010084.1,Emb-only-R,547957,558751,True,17507.0,14398.0,15952.5,-17507.0,14398.0,0.2528103044496487
NC_010084.1,Emb-only-R,2490209,2500594,True,11859.0,73755.0,42807.0,-11859.0,73755.0,0.1081875
NC_010084.1,Emb-only-R,2532555,2543039,True,54205.0,31310.0,42757.5,-54205.0,31310.0,0.10921875
NC_010084.1,Emb-only-R,2831185,2843434,True,29235.0,13715.0,21475.0,-29235.0,13715.0,0.22192028985507245
NC_010102.1,SAGE-GI-P,1004640,1020616,True,8640.0,12383.0,10511.5,-8640.0,12383.0,0.4318108108108108
NC_010102.1,SAGE-GI-P,4537529,4550446,True,51529.0,33553.0,42541.0,-51529.0,33553.0,0.13181632653061223
NC_010102.1,Emb-only-P,1004640,1020616,True,8640.0,12383.0,10511.5,-8640.0,12383.0,0.4318108108108108
NC_010102.1,Emb-only-P,4537529,4550446,True,51529.0,33553.0,42541.0,-51529.0,33553.0,0.13181632653061223
NC_010102.1,SAGE-GI-R,1004640,1020616,True,102690.0,23833.0,63261.5,-102690.0,23833.0,0.11211929824561404
NC_010102.1,SAGE-GI-R,4537529,4550446,True,54679.0,53303.0,53991.0,-54679.0,53303.0,0.10684863523573201
NC_010102.1,Emb-only-R,1004640,1020616,True,17990.0,40933.0,29461.5,-17990.0,40933.0,0.21331108144192257
NC_010102.1,Emb-only-R,4537529,4550446,True,53579.0,40903.0,47241.0,-53579.0,40903.0,0.12027932960893854
NC_010159.1,SAGE-GI-P,1295404,1305521,True,2404.0,2478.0,2441.0,-2404.0,2478.0,0.6745333333333333
NC_010159.1,SAGE-GI-P,1420243,1428739,False,,,,,,0.0
NC_010159.1,Emb-only-P,1295404,1305521,True,2404.0,2478.0,2441.0,-2404.0,2478.0,0.6745333333333333
NC_010159.1,Emb-only-P,1420243,1428739,False,,,,,,0.0
NC_010159.1,SAGE-GI-R,1295404,1305521,True,5954.0,16828.0,11391.0,-5954.0,16828.0,0.30753799392097264
NC_010159.1,SAGE-GI-R,1420243,1428739,True,9193.0,30310.0,19751.5,-9193.0,30310.0,0.17702083333333332
NC_010159.1,Emb-only-R,1295404,1305521,True,29754.0,9428.0,19591.0,-29754.0,9428.0,0.20523326572008113
NC_010159.1,Emb-only-R,1420243,1428739,True,2793.0,28410.0,15601.5,-2793.0,28410.0,0.2140302267002519
NC_010167.1,SAGE-GI-P,1098470,1123198,False,,,,,,0.0
NC_010167.1,SAGE-GI-P,1124718,1161177,False,,,,,,0.0
NC_010167.1,SAGE-GI-P,1186314,1210727,False,,,,,,0.0
NC_010167.1,SAGE-GI-P,1225316,1297579,False,,,,,,0.0
NC_010167.1,Emb-only-P,1098470,1123198,False,,,,,,0.0
NC_010167.1,Emb-only-P,1124718,1161177,False,,,,,,0.0
NC_010167.1,Emb-only-P,1186314,1210727,False,,,,,,0.0
NC_010167.1,Emb-only-P,1225316,1297579,False,,,,,,0.0
NC_010167.1,SAGE-GI-R,1098470,1123198,True,77920.0,20849.0,49384.5,-77920.0,-20849.0,0.03779871211604594
NC_010167.1,SAGE-GI-R,1124718,1161177,False,,,,,,0.0
NC_010167.1,SAGE-GI-R,1186314,1210727,False,,,,,,0.0
NC_010167.1,SAGE-GI-R,1225316,1297579,True,56234.0,11570.0,33902.0,56234.0,11570.0,0.19121120309182432
NC_010167.1,Emb-only-R,1098470,1123198,True,79820.0,19249.0,49534.5,-79820.0,-19249.0,0.052415613731360416
NC_010167.1,Emb-only-R,1124718,1161177,False,,,,,,0.0
NC_010167.1,Emb-only-R,1186314,1210727,False,,,,,,0.0
NC_010167.1,Emb-only-R,1225316,1297579,True,59634.0,13370.0,36502.0,59634.0,13370.0,0.14748814723123993
NC_010184.1,SAGE-GI-P,3435859,3453733,True,2859.0,80266.0,41562.5,-2859.0,80266.0,0.17698019801980197
NC_010184.1,SAGE-GI-P,3663450,3673933,True,26450.0,66.0,13258.0,-26450.0,66.0,0.28335135135135137
NC_010184.1,Emb-only-P,3435859,3453733,True,2859.0,80266.0,41562.5,-2859.0,80266.0,0.17698019801980197
NC_010184.1,Emb-only-P,3663450,3673933,True,26450.0,66.0,13258.0,-26450.0,66.0,0.28335135135135137
NC_010184.1,SAGE-GI-R,3435859,3453733,True,491.0,82916.0,41703.5,491.0,82916.0,0.1724757170779137
NC_010184.1,SAGE-GI-R,3663450,3673933,True,37900.0,18816.0,28358.0,-37900.0,18816.0,0.15601190476190477
NC_010184.1,Emb-only-R,3435859,3453733,True,3091.0,105016.0,54053.5,3091.0,105016.0,0.12030173080209292
NC_010184.1,Emb-only-R,3663450,3673933,True,30700.0,22116.0,26408.0,-30700.0,22116.0,0.16562401263823065
NC_010322.1,SAGE-GI-P,589292,607079,True,47292.0,80.0,23686.0,-47292.0,-80.0,0.2720958819913952
NC_010322.1,SAGE-GI-P,774208,784796,False,,,,,,0.0
NC_010322.1,SAGE-GI-P,1546620,1563681,True,22620.0,8682.0,15651.0,-22620.0,-8682.0,0.21117887203265964
NC_010322.1,SAGE-GI-P,1823417,1833417,True,1583.0,25582.0,13582.5,1583.0,25582.0,0.2365736447179833
NC_010322.1,SAGE-GI-P,1835094,1859356,True,10094.0,357.0,5225.5,-10094.0,-357.0,0.6958116249963617
NC_010322.1,SAGE-GI-P,1959528,1981737,True,9472.0,262.0,4867.0,9472.0,262.0,0.5668387326450695
NC_010322.1,SAGE-GI-P,2008674,2018069,False,,,,,,0.0
NC_010322.1,SAGE-GI-P,2471007,2482263,False,,,,,,0.0
NC_010322.1,SAGE-GI-P,3159685,3169901,False,,,,,,0.0
NC_010322.1,SAGE-GI-P,3324197,3333161,True,15197.0,41838.0,28517.5,-15197.0,41838.0,0.13583333333333333
NC_010322.1,SAGE-GI-P,3426230,3442843,False,,,,,,0.0
NC_010322.1,SAGE-GI-P,3709625,3717894,False,,,,,,0.0
NC_010322.1,SAGE-GI-P,3821572,3838267,True,11572.0,34732.0,23152.0,-11572.0,34732.0,0.26501587301587304
NC_010322.1,SAGE-GI-P,4631434,4660596,True,434.0,15403.0,7918.5,-434.0,15403.0,0.6480666666666667
NC_010322.1,SAGE-GI-P,4663988,4675419,True,32988.0,580.0,16784.0,-32988.0,580.0,0.25404444444444446
NC_010322.1,SAGE-GI-P,5308853,5323341,True,10853.0,5342.0,8097.5,-10853.0,-5342.0,0.3609423092100071
NC_010322.1,SAGE-GI-P,5377890,5389587,True,24890.0,2412.0,13651.0,-24890.0,2412.0,0.29994871794871797
NC_010322.1,Emb-only-P,589292,607079,True,47292.0,80.0,23686.0,-47292.0,-80.0,0.2720958819913952
NC_010322.1,Emb-only-P,774208,784796,False,,,,,,0.0
NC_010322.1,Emb-only-P,1546620,1563681,True,22620.0,8682.0,15651.0,-22620.0,-8682.0,0.21117887203265964
NC_010322.1,Emb-only-P,1823417,1833417,True,1583.0,25582.0,13582.5,1583.0,25582.0,0.2365736447179833
NC_010322.1,Emb-only-P,1835094,1859356,True,10094.0,357.0,5225.5,-10094.0,-357.0,0.6958116249963617
NC_010322.1,Emb-only-P,1959528,1981737,True,8528.0,262.0,4395.0,-8528.0,262.0,0.7164516129032258
NC_010322.1,Emb-only-P,2008674,2018069,False,,,,,,0.0
NC_010322.1,Emb-only-P,2471007,2482263,False,,,,,,0.0
NC_010322.1,Emb-only-P,3159685,3169901,False,,,,,,0.0
NC_010322.1,Emb-only-P,3324197,3333161,True,15197.0,39838.0,27517.5,-15197.0,39838.0,0.140078125
NC_010322.1,Emb-only-P,3426230,3442843,False,,,,,,0.0
NC_010322.1,Emb-only-P,3709625,3717894,False,,,,,,0.0
NC_010322.1,Emb-only-P,3821572,3838267,True,11572.0,44732.0,28152.0,-11572.0,44732.0,0.22871232876712327
NC_010322.1,Emb-only-P,4631434,4660596,True,434.0,15403.0,7918.5,-434.0,15403.0,0.6480666666666667
NC_010322.1,Emb-only-P,4663988,4675419,True,32988.0,580.0,16784.0,-32988.0,580.0,0.25404444444444446
NC_010322.1,Emb-only-P,5308853,5323341,True,10853.0,5342.0,8097.5,-10853.0,-5342.0,0.3609423092100071
NC_010322.1,Emb-only-P,5377890,5389587,True,24890.0,2412.0,13651.0,-24890.0,2412.0,0.29994871794871797
NC_010322.1,SAGE-GI-R,589292,607079,True,51742.0,24470.0,38106.0,-51742.0,24470.0,0.18923404255319148
NC_010322.1,SAGE-GI-R,774208,784796,True,13058.0,14153.0,13605.5,-13058.0,14153.0,0.2801322751322751
NC_010322.1,SAGE-GI-R,1546620,1563681,True,33070.0,4568.0,18819.0,-33070.0,4568.0,0.3119195612431444
NC_010322.1,SAGE-GI-R,1823417,1833417,True,2467.0,30432.0,16449.5,-2467.0,30432.0,0.23312354312354314
NC_010322.1,SAGE-GI-R,1835094,1859356,True,14144.0,4493.0,9318.5,-14144.0,4493.0,0.5655710955710955
NC_010322.1,SAGE-GI-R,1959528,1981737,True,20878.0,16512.0,18695.0,-20878.0,16512.0,0.3726510067114094
NC_010322.1,SAGE-GI-R,2008674,2018069,False,,,,,,0.0
NC_010322.1,SAGE-GI-R,2471007,2482263,False,,,,,,0.0
NC_010322.1,SAGE-GI-R,3159685,3169901,False,,,,,,0.0
NC_010322.1,SAGE-GI-R,3324197,3333161,True,16447.0,65988.0,41217.5,-16447.0,65988.0,0.09808533916849016
NC_010322.1,SAGE-GI-R,3426230,3442843,True,4320.0,406.0,2363.0,4320.0,406.0,0.7223266745005875
NC_010322.1,SAGE-GI-R,3709625,3717894,False,,,,,,0.0
NC_010322.1,SAGE-GI-R,3821572,3838267,True,14122.0,52882.0,33502.0,-14122.0,52882.0,0.1994743130227001
NC_010322.1,SAGE-GI-R,4631434,4660596,True,3884.0,24853.0,14368.5,-3884.0,24853.0,0.5036787564766839
NC_010322.1,SAGE-GI-R,4663988,4675419,True,36438.0,10030.0,23234.0,-36438.0,10030.0,0.19744386873920552
NC_010322.1,SAGE-GI-R,5308853,5323341,True,47403.0,2208.0,24805.5,-47403.0,2208.0,0.22603744149765992
NC_010322.1,SAGE-GI-R,5377890,5389587,True,27940.0,5062.0,16501.0,-27940.0,5062.0,0.26170022371364654
NC_010322.1,Emb-only-R,589292,607079,True,51942.0,27770.0,39856.0,-51942.0,27770.0,0.18244102564102563
NC_010322.1,Emb-only-R,774208,784796,True,13258.0,10853.0,12055.5,-13258.0,10853.0,0.3051585014409222
NC_010322.1,Emb-only-R,1546620,1563681,True,33170.0,3968.0,18569.0,-33170.0,3968.0,0.3147970479704797
NC_010322.1,Emb-only-R,1823417,1833417,True,2667.0,30232.0,16449.5,-2667.0,30232.0,0.23312354312354314
NC_010322.1,Emb-only-R,1835094,1859356,True,14344.0,4293.0,9318.5,-14344.0,4293.0,0.5655710955710955
NC_010322.1,Emb-only-R,1959528,1981737,True,23678.0,17112.0,20395.0,-23678.0,17112.0,0.35253968253968254
NC_010322.1,Emb-only-R,2008674,2018069,False,,,,,,0.0
NC_010322.1,Emb-only-R,2471007,2482263,False,,,,,,0.0
NC_010322.1,Emb-only-R,3159685,3169901,False,,,,,,0.0
NC_010322.1,Emb-only-R,3324197,3333161,True,16447.0,72188.0,44317.5,-16447.0,72188.0,0.09185450819672131
NC_010322.1,Emb-only-R,3426230,3442843,True,5020.0,94.0,2557.0,5020.0,-94.0,0.6921873119056218
NC_010322.1,Emb-only-R,3709625,3717894,False,,,,,,0.0
NC_010322.1,Emb-only-R,3821572,3838267,True,14422.0,55582.0,35002.0,-14422.0,55582.0,0.19257208765859285
NC_010322.1,Emb-only-R,4631434,4660596,True,3984.0,57153.0,30568.5,-3984.0,57153.0,0.3229568106312292
NC_010322.1,Emb-only-R,4663988,4675419,True,36538.0,42330.0,39434.0,-36538.0,42330.0,0.12660022148394243
NC_010322.1,Emb-only-R,5308853,5323341,True,47103.0,2908.0,25005.5,-47103.0,2908.0,0.22463565891472867
NC_010322.1,Emb-only-R,5377890,5389587,True,28140.0,5562.0,16851.0,-28140.0,5562.0,0.2576651982378855
NC_010334.1,SAGE-GI-P,629041,637905,True,14041.0,94.0,7067.5,-14041.0,94.0,0.3854347826086956
NC_010334.1,SAGE-GI-P,768727,784587,False,,,,,,0.0
NC_010334.1,SAGE-GI-P,784633,808857,False,,,,,,0.0
NC_010334.1,Emb-only-P,629041,637905,True,14041.0,94.0,7067.5,-14041.0,94.0,0.3854347826086956
NC_010334.1,Emb-only-P,768727,784587,False,,,,,,0.0
NC_010334.1,Emb-only-P,784633,808857,False,,,,,,0.0
NC_010334.1,SAGE-GI-R,629041,637905,True,36991.0,3644.0,20317.5,-36991.0,3644.0,0.17909090909090908
NC_010334.1,SAGE-GI-R,768727,784587,True,3677.0,17362.0,10519.5,-3677.0,17362.0,0.4298373983739837
NC_010334.1,SAGE-GI-R,784633,808857,True,19583.0,6908.0,13245.5,-19583.0,-6908.0,0.39529309715120525
NC_010334.1,Emb-only-R,629041,637905,True,37291.0,4944.0,21117.5,-37291.0,4944.0,0.17348336594911937
NC_010334.1,Emb-only-R,768727,784587,True,9177.0,16262.0,12719.5,-9177.0,16262.0,0.384043583535109
NC_010334.1,Emb-only-R,784633,808857,True,25083.0,8008.0,16545.5,-25083.0,-8008.0,0.32889186338930804
NC_010380.1,SAGE-GI-P,32125,58169,True,16125.0,42830.0,29477.5,-16125.0,42830.0,0.30641176470588233
NC_010380.1,SAGE-GI-P,66494,99216,True,50494.0,1783.0,26138.5,-50494.0,1783.0,0.3849764705882353
NC_010380.1,SAGE-GI-P,1906446,1915281,False,,,,,,0.0
NC_010380.1,SAGE-GI-P,2044160,2055032,False,,,,,,0.0
NC_010380.1,Emb-only-P,32125,58169,True,18125.0,42830.0,30477.5,-18125.0,42830.0,0.299367816091954
NC_010380.1,Emb-only-P,66494,99216,True,52494.0,1783.0,27138.5,-52494.0,1783.0,0.3761264367816092
NC_010380.1,Emb-only-P,1906446,1915281,False,,,,,,0.0
NC_010380.1,Emb-only-P,2044160,2055032,False,,,,,,0.0
NC_010380.1,SAGE-GI-R,32125,58169,True,27175.0,81380.0,54277.5,-27175.0,81380.0,0.1934992570579495
NC_010380.1,SAGE-GI-R,66494,99216,True,61544.0,40333.0,50938.5,-61544.0,40333.0,0.24311292719167904
NC_010380.1,SAGE-GI-R,1906446,1915281,True,2296.0,27868.0,15082.0,-2296.0,27868.0,0.22656410256410256
NC_010380.1,SAGE-GI-R,2044160,2055032,True,510.0,11117.0,5813.5,-510.0,11117.0,0.4832444444444444
NC_010380.1,Emb-only-R,32125,58169,True,27175.0,52080.0,39627.5,-27175.0,52080.0,0.24734093067426402
NC_010380.1,Emb-only-R,66494,99216,True,61544.0,11033.0,36288.5,-61544.0,11033.0,0.31075973409306745
NC_010380.1,Emb-only-R,1906446,1915281,True,2096.0,30568.0,16332.0,-2096.0,30568.0,0.2129156626506024
NC_010380.1,Emb-only-R,2044160,2055032,True,410.0,18417.0,9413.5,-410.0,18417.0,0.3660942760942761
NC_010400.1,SAGE-GI-P,1294018,1305345,False,,,,,,0.0
NC_010400.1,SAGE-GI-P,2272055,2296733,True,1055.0,22266.0,11660.5,-1055.0,22266.0,0.5141458333333333
NC_010400.1,SAGE-GI-P,2380106,2389074,False,,,,,,0.0
NC_010400.1,Emb-only-P,1294018,1305345,False,,,,,,0.0
NC_010400.1,Emb-only-P,2272055,2296733,True,1055.0,266.0,660.5,-1055.0,266.0,0.9491923076923077
NC_010400.1,Emb-only-P,2380106,2389074,False,,,,,,0.0
NC_010400.1,SAGE-GI-R,1294018,1305345,True,11068.0,804.0,5936.0,-11068.0,804.0,0.4882758620689655
NC_010400.1,SAGE-GI-R,2272055,2296733,True,19105.0,15516.0,17310.5,-19105.0,15516.0,0.4161720067453626
NC_010400.1,SAGE-GI-R,2380106,2389074,True,21156.0,10075.0,15615.5,-21156.0,10075.0,0.2231094527363184
NC_010400.1,Emb-only-R,1294018,1305345,True,11068.0,1004.0,6036.0,-11068.0,1004.0,0.4841025641025641
NC_010400.1,Emb-only-R,2272055,2296733,True,6705.0,15216.0,10960.5,-6705.0,15216.0,0.5295922746781115
NC_010400.1,Emb-only-R,2380106,2389074,True,22156.0,8475.0,15315.5,-22156.0,8475.0,0.226489898989899
NC_010410.1,SAGE-GI-P,1318304,1340788,True,19304.0,1211.0,10257.5,-19304.0,1211.0,0.5229069767441861
NC_010410.1,SAGE-GI-P,1898725,1907641,False,,,,,,0.0
NC_010410.1,SAGE-GI-P,1913380,1923226,False,,,,,,0.0
NC_010410.1,SAGE-GI-P,3613992,3652988,True,8.0,31011.0,15509.5,8.0,31011.0,0.5569220660495944
NC_010410.1,SAGE-GI-P,3653761,3684133,True,39761.0,134.0,19947.5,-39761.0,-134.0,0.4311603501867853
NC_010410.1,Emb-only-P,1318304,1340788,True,20304.0,1211.0,10757.5,-20304.0,1211.0,0.5110227272727272
NC_010410.1,Emb-only-P,1898725,1907641,False,,,,,,0.0
NC_010410.1,Emb-only-P,1913380,1923226,False,,,,,,0.0
NC_010410.1,Emb-only-P,3613992,3652988,True,8.0,31011.0,15509.5,8.0,31011.0,0.5569220660495944
NC_010410.1,Emb-only-P,3653761,3684133,True,39761.0,134.0,19947.5,-39761.0,-134.0,0.4311603501867853
NC_010410.1,SAGE-GI-R,1318304,1340788,True,10054.0,539.0,5296.5,-10054.0,-539.0,0.6744521958265466
NC_010410.1,SAGE-GI-R,1898725,1907641,True,45275.0,24208.0,34741.5,-45275.0,24208.0,0.11373724489795918
NC_010410.1,SAGE-GI-R,1913380,1923226,True,59930.0,8623.0,34276.5,-59930.0,8623.0,0.12559948979591837
NC_010410.1,SAGE-GI-R,3613992,3652988,True,6442.0,47561.0,27001.5,-6442.0,47561.0,0.4193225806451613
NC_010410.1,SAGE-GI-R,3653761,3684133,True,46211.0,16416.0,31313.5,-46211.0,16416.0,0.32659139784946234
NC_010410.1,Emb-only-R,1318304,1340788,True,11054.0,61.0,5557.5,-11054.0,61.0,0.6691964285714286
NC_010410.1,Emb-only-R,1898725,1907641,True,53575.0,21908.0,37741.5,-53575.0,21908.0,0.10565165876777251
NC_010410.1,Emb-only-R,1913380,1923226,True,68230.0,6323.0,37276.5,-68230.0,6323.0,0.11667061611374407
NC_010410.1,Emb-only-R,3613992,3652988,True,6842.0,45461.0,26151.5,-6842.0,45461.0,0.4271303395399781
NC_010410.1,Emb-only-R,3653761,3684133,True,46611.0,14316.0,30463.5,-46611.0,14316.0,0.33267250821467687
NC_010465.1,SAGE-GI-P,862098,885749,False,,,,,,0.0
NC_010465.1,SAGE-GI-P,1357136,1366834,True,25136.0,6165.0,15650.5,-25136.0,6165.0,0.23656097560975609
NC_010465.1,SAGE-GI-P,826659,857723,False,,,,,,0.0
NC_010465.1,SAGE-GI-P,803425,825519,False,,,,,,0.0
NC_010465.1,SAGE-GI-P,431176,448448,False,,,,,,0.0
NC_010465.1,SAGE-GI-P,448571,460061,False,,,,,,0.0
NC_010465.1,SAGE-GI-P,238811,249038,False,,,,,,0.0
NC_010465.1,SAGE-GI-P,3428808,3443827,True,9658.0,9878.0,9768.0,-9658.0,-9878.0,0.20836372477510334
NC_010465.1,SAGE-GI-P,3406183,3423870,True,12967.0,10079.0,11523.0,12967.0,10079.0,0.17002196852378723
NC_010465.1,SAGE-GI-P,2545878,2562026,False,,,,,,0.0
NC_010465.1,Emb-only-P,862098,885749,True,7098.0,4750.0,5924.0,-7098.0,-4750.0,0.6146991869918699
NC_010465.1,Emb-only-P,1357136,1366834,True,25136.0,6165.0,15650.5,-25136.0,6165.0,0.23656097560975609
NC_010465.1,Emb-only-P,826659,857723,True,28341.0,23276.0,25808.5,28341.0,23276.0,0.050127896063745604
NC_010465.1,Emb-only-P,803425,825519,False,,,,,,0.0
NC_010465.1,Emb-only-P,431176,448448,True,5824.0,5551.0,5687.5,5824.0,5551.0,0.501621100595864
NC_010465.1,Emb-only-P,448571,460061,True,11571.0,6062.0,8816.5,-11571.0,-6062.0,0.23540889775388085
NC_010465.1,Emb-only-P,238811,249038,False,,,,,,0.0
NC_010465.1,Emb-only-P,3428808,3443827,True,20808.0,1172.0,10990.0,-20808.0,1172.0,0.40594594594594596
NC_010465.1,Emb-only-P,3406183,3423870,True,1817.0,21129.0,11473.0,1817.0,21129.0,0.40886724888579745
NC_010465.1,Emb-only-P,2545878,2562026,False,,,,,,0.0
NC_010465.1,SAGE-GI-R,862098,885749,True,81748.0,2500.0,42124.0,-81748.0,2500.0,0.2192029657089898
NC_010465.1,SAGE-GI-R,1357136,1366834,True,27286.0,7515.0,17400.5,-27286.0,7515.0,0.21795505617977529
NC_010465.1,SAGE-GI-R,826659,857723,True,46309.0,30526.0,38417.5,-46309.0,30526.0,0.28790546802594996
NC_010465.1,SAGE-GI-R,803425,825519,True,23075.0,62730.0,42902.5,-23075.0,62730.0,0.20477293790546802
NC_010465.1,SAGE-GI-R,431176,448448,True,12926.0,8001.0,10463.5,-12926.0,8001.0,0.45217277486910995
NC_010465.1,SAGE-GI-R,448571,460061,True,30321.0,3612.0,16966.5,-30321.0,-3612.0,0.18843872572467235
NC_010465.1,SAGE-GI-R,238811,249038,True,4261.0,489.0,2375.0,-4261.0,-489.0,0.6721650907585065
NC_010465.1,SAGE-GI-R,3428808,3443827,True,92358.0,6322.0,49340.0,-92358.0,6322.0,0.13210202286719436
NC_010465.1,SAGE-GI-R,3406183,3423870,True,69733.0,26279.0,48006.0,-69733.0,26279.0,0.15556728232189973
NC_010465.1,SAGE-GI-R,2545878,2562026,True,13828.0,29323.0,21575.5,-13828.0,29323.0,0.272327150084317
NC_010465.1,Emb-only-R,862098,885749,True,57548.0,37800.0,47674.0,-57548.0,37800.0,0.1987563025210084
NC_010465.1,Emb-only-R,1357136,1366834,True,27486.0,7715.0,17600.5,-27486.0,7715.0,0.21601336302895324
NC_010465.1,Emb-only-R,826659,857723,True,22109.0,65826.0,43967.5,-22109.0,65826.0,0.26105042016806723
NC_010465.1,Emb-only-R,803425,825519,True,1125.0,98030.0,49577.5,1125.0,98030.0,0.1745681581685744
NC_010465.1,Emb-only-R,431176,448448,True,14126.0,6901.0,10513.5,-14126.0,6901.0,0.45099216710182766
NC_010465.1,Emb-only-R,448571,460061,True,31521.0,4712.0,18116.5,-31521.0,-4712.0,0.15760717939179764
NC_010465.1,Emb-only-R,238811,249038,True,3561.0,89.0,1825.0,-3561.0,-89.0,0.7352962506345638
NC_010465.1,Emb-only-R,3428808,3443827,True,96858.0,9722.0,53290.0,-96858.0,9722.0,0.12351973684210527
NC_010465.1,Emb-only-R,3406183,3423870,True,74233.0,29679.0,51956.0,-74233.0,29679.0,0.14546052631578948
NC_010465.1,Emb-only-R,2545878,2562026,True,5272.0,31123.0,18197.5,5272.0,31123.0,0.2300939245219157
NC_010473.1,SAGE-GI-P,513114,525665,True,9114.0,1334.0,5224.0,-9114.0,1334.0,0.5457391304347826
NC_010473.1,SAGE-GI-P,627605,638925,False,,,,,,0.0
NC_010473.1,SAGE-GI-P,2845915,2855143,True,24915.0,34856.0,29885.5,-24915.0,34856.0,0.1337536231884058
NC_010473.1,Emb-only-P,513114,525665,True,9114.0,1334.0,5224.0,-9114.0,1334.0,0.5457391304347826
NC_010473.1,Emb-only-P,627605,638925,False,,,,,,0.0
NC_010473.1,Emb-only-P,2845915,2855143,True,24915.0,34856.0,29885.5,-24915.0,34856.0,0.1337536231884058
NC_010473.1,SAGE-GI-R,513114,525665,True,17064.0,5384.0,11224.0,-17064.0,5384.0,0.3586285714285714
NC_010473.1,SAGE-GI-R,627605,638925,True,5755.0,9124.0,7439.5,-5755.0,9124.0,0.43209923664122135
NC_010473.1,SAGE-GI-R,2845915,2855143,True,7365.0,35006.0,21185.5,-7365.0,35006.0,0.17885658914728683
NC_010473.1,Emb-only-R,513114,525665,True,10064.0,10284.0,10174.0,-10064.0,10284.0,0.38151975683890577
NC_010473.1,Emb-only-R,627605,638925,True,8555.0,14824.0,11689.5,-8555.0,14824.0,0.3262536023054755
NC_010473.1,Emb-only-R,2845915,2855143,True,8165.0,35606.0,21885.5,-8165.0,35606.0,0.17413207547169812
NC_010498.1,SAGE-GI-P,955638,970304,False,,,,,,0.0
NC_010498.1,SAGE-GI-P,1123776,1135739,True,49776.0,83260.0,66518.0,-49776.0,83260.0,0.08251034482758621
NC_010498.1,SAGE-GI-P,2283081,2291893,True,23081.0,12106.0,17593.5,-23081.0,12106.0,0.20029545454545455
NC_010498.1,SAGE-GI-P,4896419,4906790,True,40419.0,10209.0,25314.0,-40419.0,10209.0,0.1700327868852459
NC_010498.1,SAGE-GI-P,4910928,4941188,True,54928.0,24189.0,39558.5,-54928.0,-24189.0,0.07127680803859653
NC_010498.1,Emb-only-P,955638,970304,True,8638.0,11305.0,9971.5,-8638.0,-11305.0,0.14426088822141173
NC_010498.1,Emb-only-P,1123776,1135739,True,73776.0,13260.0,43518.0,-73776.0,13260.0,0.12084848484848484
NC_010498.1,Emb-only-P,2283081,2291893,True,23081.0,12106.0,17593.5,-23081.0,12106.0,0.20029545454545455
NC_010498.1,Emb-only-P,4896419,4906790,True,40419.0,10209.0,25314.0,-40419.0,10209.0,0.1700327868852459
NC_010498.1,Emb-only-P,4910928,4941188,True,54928.0,24189.0,39558.5,-54928.0,-24189.0,0.07127680803859653
NC_010498.1,SAGE-GI-R,955638,970304,True,22788.0,2645.0,12716.5,-22788.0,2645.0,0.36576059850374065
NC_010498.1,SAGE-GI-R,1123776,1135739,True,53926.0,107010.0,80468.0,-53926.0,107010.0,0.06919606709080393
NC_010498.1,SAGE-GI-R,2283081,2291893,True,32931.0,18356.0,25643.5,-32931.0,18356.0,0.14663893510815307
NC_010498.1,SAGE-GI-R,4896419,4906790,True,48569.0,45159.0,46864.0,-48569.0,45159.0,0.09963496637848222
NC_010498.1,SAGE-GI-R,4910928,4941188,True,63078.0,10761.0,36919.5,-63078.0,10761.0,0.2906916426512968
NC_010498.1,Emb-only-R,955638,970304,True,27588.0,4045.0,15816.5,-27588.0,4045.0,0.3167818574514039
NC_010498.1,Emb-only-R,1123776,1135739,True,52826.0,98710.0,75768.0,-52826.0,98710.0,0.0731743119266055
NC_010498.1,Emb-only-R,2283081,2291893,True,28731.0,16756.0,22743.5,-28731.0,16756.0,0.16230202578268876
NC_010498.1,Emb-only-R,4896419,4906790,True,47169.0,104959.0,76064.0,-47169.0,104959.0,0.06382769230769231
NC_010498.1,Emb-only-R,4910928,4941188,True,61678.0,70561.0,66119.5,-61678.0,70561.0,0.18622153846153847
NC_010501.1,SAGE-GI-P,748087,760208,True,2087.0,209.0,1148.0,-2087.0,-209.0,0.8384122739109016
NC_010501.1,SAGE-GI-P,1530246,1539373,False,,,,,,0.0
NC_010501.1,SAGE-GI-P,1874768,1892120,True,232.0,3879.0,2055.5,232.0,3879.0,0.8063771665410701
NC_010501.1,SAGE-GI-P,2201428,2213211,False,,,,,,0.0
NC_010501.1,SAGE-GI-P,2213550,2224016,False,,,,,,0.0
NC_010501.1,SAGE-GI-P,2234562,2243918,False,,,,,,0.0
NC_010501.1,SAGE-GI-P,2520163,2534477,True,6163.0,16522.0,11342.5,-6163.0,16522.0,0.3868918918918919
NC_010501.1,SAGE-GI-P,2534523,2552369,True,20523.0,1370.0,10946.5,-20523.0,-1370.0,0.4294240291894709
NC_010501.1,SAGE-GI-P,2622903,2633832,True,32903.0,167.0,16535.0,-32903.0,167.0,0.2484090909090909
NC_010501.1,SAGE-GI-P,2889110,2897317,False,,,,,,0.0
NC_010501.1,SAGE-GI-P,3362363,3371753,False,,,,,,0.0
NC_010501.1,SAGE-GI-P,3435126,3446654,True,12126.0,26345.0,19235.5,-12126.0,26345.0,0.23058
NC_010501.1,SAGE-GI-P,3456982,3465348,True,33982.0,7651.0,20816.5,-33982.0,7651.0,0.16734
NC_010501.1,SAGE-GI-P,3571801,3606134,True,15801.0,24865.0,20333.0,-15801.0,24865.0,0.4577866666666667
NC_010501.1,SAGE-GI-P,3679923,3697433,True,1923.0,17566.0,9744.5,-1923.0,17566.0,0.47327027027027024
NC_010501.1,SAGE-GI-P,3698356,3710436,True,20356.0,4563.0,12459.5,-20356.0,4563.0,0.3265135135135135
NC_010501.1,SAGE-GI-P,4365617,4393994,True,14617.0,8005.0,11311.0,-14617.0,8005.0,0.5564313725490196
NC_010501.1,SAGE-GI-P,4984950,4993589,False,,,,,,0.0
NC_010501.1,SAGE-GI-P,4996726,5007572,False,,,,,,0.0
NC_010501.1,SAGE-GI-P,5745685,5753801,True,33685.0,198.0,16941.5,-33685.0,198.0,0.19326190476190477
NC_010501.1,Emb-only-P,748087,760208,True,1087.0,209.0,648.0,-1087.0,-209.0,0.9018850783556666
NC_010501.1,Emb-only-P,1530246,1539373,False,,,,,,0.0
NC_010501.1,Emb-only-P,1874768,1892120,True,232.0,3879.0,2055.5,232.0,3879.0,0.8063771665410701
NC_010501.1,Emb-only-P,2201428,2213211,False,,,,,,0.0
NC_010501.1,Emb-only-P,2213550,2224016,False,,,,,,0.0
NC_010501.1,Emb-only-P,2234562,2243918,False,,,,,,0.0
NC_010501.1,Emb-only-P,2520163,2534477,True,6163.0,16522.0,11342.5,-6163.0,16522.0,0.3868918918918919
NC_010501.1,Emb-only-P,2534523,2552369,True,20523.0,1370.0,10946.5,-20523.0,-1370.0,0.4294240291894709
NC_010501.1,Emb-only-P,2622903,2633832,True,32903.0,167.0,16535.0,-32903.0,167.0,0.2484090909090909
NC_010501.1,Emb-only-P,2889110,2897317,False,,,,,,0.0
NC_010501.1,Emb-only-P,3362363,3371753,False,,,,,,0.0
NC_010501.1,Emb-only-P,3435126,3446654,True,12126.0,26345.0,19235.5,-12126.0,26345.0,0.23058
NC_010501.1,Emb-only-P,3456982,3465348,True,33982.0,7651.0,20816.5,-33982.0,7651.0,0.16734
NC_010501.1,Emb-only-P,3571801,3606134,True,14801.0,24865.0,19833.0,-14801.0,24865.0,0.46397297297297296
NC_010501.1,Emb-only-P,3679923,3697433,True,1923.0,17566.0,9744.5,-1923.0,17566.0,0.47327027027027024
NC_010501.1,Emb-only-P,3698356,3710436,True,20356.0,4563.0,12459.5,-20356.0,4563.0,0.3265135135135135
NC_010501.1,Emb-only-P,4365617,4393994,True,14617.0,8005.0,11311.0,-14617.0,8005.0,0.5564313725490196
NC_010501.1,Emb-only-P,4984950,4993589,False,,,,,,0.0
NC_010501.1,Emb-only-P,4996726,5007572,False,,,,,,0.0
NC_010501.1,Emb-only-P,5745685,5753801,True,33685.0,198.0,16941.5,-33685.0,198.0,0.19326190476190477
NC_010501.1,SAGE-GI-R,748087,760208,True,26437.0,41841.0,34139.0,-26437.0,41841.0,0.15077114427860697
NC_010501.1,SAGE-GI-R,1530246,1539373,True,90096.0,29676.0,59886.0,-90096.0,29676.0,0.07081458494957331
NC_010501.1,SAGE-GI-R,1874768,1892120,True,1718.0,7329.0,4523.5,-1718.0,7329.0,0.6573106060606061
NC_010501.1,SAGE-GI-R,2201428,2213211,True,24578.0,44338.0,34458.0,-24578.0,44338.0,0.14602230483271375
NC_010501.1,SAGE-GI-R,2213550,2224016,True,36700.0,33533.0,35116.5,-36700.0,33533.0,0.12970260223048327
NC_010501.1,SAGE-GI-R,2234562,2243918,True,57712.0,13631.0,35671.5,-57712.0,13631.0,0.11594795539033458
NC_010501.1,SAGE-GI-R,2520163,2534477,True,11313.0,103372.0,57342.5,-11313.0,103372.0,0.11096899224806202
NC_010501.1,SAGE-GI-R,2534523,2552369,True,25673.0,85480.0,55576.5,-25673.0,85480.0,0.13834883720930233
NC_010501.1,SAGE-GI-R,2622903,2633832,True,114053.0,4017.0,59035.0,-114053.0,4017.0,0.08472868217054264
NC_010501.1,SAGE-GI-R,2889110,2897317,True,10260.0,37032.0,23646.0,-10260.0,37032.0,0.1478918918918919
NC_010501.1,SAGE-GI-R,3362363,3371753,False,,,,,,0.0
NC_010501.1,SAGE-GI-R,3435126,3446654,True,15776.0,29895.0,22835.5,-15776.0,29895.0,0.20155594405594407
NC_010501.1,SAGE-GI-R,3456982,3465348,True,37632.0,11201.0,24416.5,-37632.0,11201.0,0.14627622377622376
NC_010501.1,SAGE-GI-R,3571801,3606134,True,13151.0,37115.0,25133.0,-13151.0,37115.0,0.40583924349881795
NC_010501.1,SAGE-GI-R,3679923,3697433,True,23873.0,24216.0,24044.5,-23873.0,24216.0,0.26693597560975607
NC_010501.1,SAGE-GI-R,3698356,3710436,True,42306.0,11213.0,26759.5,-42306.0,11213.0,0.18416158536585367
NC_010501.1,SAGE-GI-R,4365617,4393994,True,16867.0,4055.0,10461.0,-16867.0,4055.0,0.5756186612576065
NC_010501.1,SAGE-GI-R,4984950,4993589,True,3600.0,17760.0,10680.0,3600.0,17760.0,0.19090909090909092
NC_010501.1,SAGE-GI-R,4996726,5007572,True,8176.0,3777.0,5976.5,-8176.0,3777.0,0.4757456140350877
NC_010501.1,SAGE-GI-R,5745685,5753801,True,50335.0,14748.0,32541.5,-50335.0,14748.0,0.1108879781420765
NC_010501.1,Emb-only-R,748087,760208,True,23837.0,43541.0,33689.0,-23837.0,43541.0,0.15247798742138366
NC_010501.1,Emb-only-R,1530246,1539373,True,89896.0,32776.0,61336.0,-89896.0,32776.0,0.06925644916540212
NC_010501.1,Emb-only-R,1874768,1892120,True,1918.0,7629.0,4773.5,-1918.0,7629.0,0.645092936802974
NC_010501.1,Emb-only-R,2201428,2213211,True,26878.0,45038.0,35958.0,-26878.0,45038.0,0.14078853046594983
NC_010501.1,Emb-only-R,2213550,2224016,True,39000.0,34233.0,36616.5,-39000.0,34233.0,0.12505376344086022
NC_010501.1,Emb-only-R,2234562,2243918,True,60012.0,14331.0,37171.5,-60012.0,14331.0,0.1117921146953405
NC_010501.1,Emb-only-R,2520163,2534477,True,10813.0,103572.0,57192.5,-10813.0,103572.0,0.11122766122766123
NC_010501.1,Emb-only-R,2534523,2552369,True,25173.0,85680.0,55426.5,-25173.0,85680.0,0.13867132867132867
NC_010501.1,Emb-only-R,2622903,2633832,True,113553.0,4217.0,58885.0,-113553.0,4217.0,0.08492618492618492
NC_010501.1,Emb-only-R,2889110,2897317,True,10360.0,37432.0,23896.0,-10360.0,37432.0,0.14657142857142857
NC_010501.1,Emb-only-R,3362363,3371753,False,,,,,,0.0
NC_010501.1,Emb-only-R,3435126,3446654,True,16676.0,29495.0,23085.5,-16676.0,29495.0,0.19980935875216638
NC_010501.1,Emb-only-R,3456982,3465348,True,38532.0,10801.0,24666.5,-38532.0,10801.0,0.14500866551126518
NC_010501.1,Emb-only-R,3571801,3606134,True,34851.0,115215.0,75033.0,-34851.0,115215.0,0.1861930585683297
NC_010501.1,Emb-only-R,3679923,3697433,True,142973.0,23916.0,83444.5,-142973.0,23916.0,0.09496203904555314
NC_010501.1,Emb-only-R,3698356,3710436,True,161406.0,10913.0,86159.5,-161406.0,10913.0,0.06551518438177874
NC_010501.1,Emb-only-R,4365617,4393994,True,17067.0,3755.0,10411.0,-17067.0,3755.0,0.5767886178861789
NC_010501.1,Emb-only-R,4984950,4993589,True,3400.0,17860.0,10630.0,3400.0,17860.0,0.19773584905660377
NC_010501.1,Emb-only-R,4996726,5007572,True,8376.0,3877.0,6126.5,-8376.0,3877.0,0.4695670995670996
NC_010501.1,Emb-only-R,5745685,5753801,True,49735.0,15548.0,32641.5,-49735.0,15548.0,0.1105858310626703
NC_010515.1,SAGE-GI-P,1227518,1238428,True,18518.0,429.0,9473.5,-18518.0,-429.0,0.35617927894253965
NC_010515.1,SAGE-GI-P,1426415,1443875,True,54415.0,2124.0,28269.5,-54415.0,2124.0,0.23595945945945945
NC_010515.1,SAGE-GI-P,1629919,1643858,True,5919.0,82141.0,44030.0,-5919.0,82141.0,0.13666666666666666
NC_010515.1,SAGE-GI-P,1644978,1671728,True,20978.0,54271.0,37624.5,-20978.0,54271.0,0.26226470588235296
NC_010515.1,SAGE-GI-P,1677814,1698146,True,53814.0,27853.0,40833.5,-53814.0,27853.0,0.19934313725490196
NC_010515.1,SAGE-GI-P,1703025,1720809,True,79025.0,5190.0,42107.5,-79025.0,5190.0,0.17436274509803923
NC_010515.1,SAGE-GI-P,3080958,3113324,False,,,,,,0.0
NC_010515.1,Emb-only-P,1227518,1238428,True,18518.0,429.0,9473.5,-18518.0,-429.0,0.35617927894253965
NC_010515.1,Emb-only-P,1426415,1443875,True,54415.0,2124.0,28269.5,-54415.0,2124.0,0.23595945945945945
NC_010515.1,Emb-only-P,1629919,1643858,True,5919.0,82141.0,44030.0,-5919.0,82141.0,0.13666666666666666
NC_010515.1,Emb-only-P,1644978,1671728,True,20978.0,54271.0,37624.5,-20978.0,54271.0,0.26226470588235296
NC_010515.1,Emb-only-P,1677814,1698146,True,53814.0,27853.0,40833.5,-53814.0,27853.0,0.19934313725490196
NC_010515.1,Emb-only-P,1703025,1720809,True,79025.0,5190.0,42107.5,-79025.0,5190.0,0.17436274509803923
NC_010515.1,Emb-only-P,3080958,3113324,False,,,,,,0.0
NC_010515.1,SAGE-GI-R,1227518,1238428,True,70668.0,1721.0,36194.5,-70668.0,1721.0,0.130984393757503
NC_010515.1,SAGE-GI-R,1426415,1443875,True,78965.0,5674.0,42319.5,-78965.0,5674.0,0.17101860920666015
NC_010515.1,SAGE-GI-R,1629919,1643858,True,9669.0,87191.0,48430.0,-9669.0,87191.0,0.12581227436823106
NC_010515.1,SAGE-GI-R,1644978,1671728,True,24728.0,59321.0,42024.5,-24728.0,59321.0,0.24143501805054152
NC_010515.1,SAGE-GI-R,1677814,1698146,True,57564.0,32903.0,45233.5,-57564.0,32903.0,0.18351083032490975
NC_010515.1,SAGE-GI-R,1703025,1720809,True,82775.0,10240.0,46507.5,-82775.0,10240.0,0.160514440433213
NC_010515.1,SAGE-GI-R,3080958,3113324,True,11792.0,32725.0,22258.5,11792.0,32725.0,0.31609107109936707
NC_010515.1,Emb-only-R,1227518,1238428,True,22968.0,1721.0,12344.5,-22968.0,1721.0,0.3064887640449438
NC_010515.1,Emb-only-R,1426415,1443875,True,78965.0,5974.0,42469.5,-78965.0,5974.0,0.170517578125
NC_010515.1,Emb-only-R,1629919,1643858,True,9769.0,85191.0,47480.0,-9769.0,85191.0,0.12800734618916437
NC_010515.1,Emb-only-R,1644978,1671728,True,24828.0,57321.0,41074.5,-24828.0,57321.0,0.24564738292011018
NC_010515.1,Emb-only-R,1677814,1698146,True,57664.0,30903.0,44283.5,-57664.0,30903.0,0.18671258034894397
NC_010515.1,Emb-only-R,1703025,1720809,True,82875.0,8240.0,45557.5,-82875.0,8240.0,0.1633149678604224
NC_010515.1,Emb-only-R,3080958,3113324,True,14808.0,32725.0,23766.5,-14808.0,32725.0,0.4050938673341677
NC_010551.1,SAGE-GI-P,411633,425270,True,6367.0,22729.0,14548.0,6367.0,22729.0,0.19993400610443535
NC_010551.1,Emb-only-P,411633,425270,True,3633.0,22729.0,13181.0,-3633.0,22729.0,0.34095
NC_010551.1,SAGE-GI-R,411633,425270,True,7383.0,49179.0,28281.0,-7383.0,49179.0,0.19427350427350426
NC_010551.1,Emb-only-R,411633,425270,True,7783.0,49179.0,28481.0,-7783.0,49179.0,0.1931728045325779
NC_010582.1,SAGE-GI-P,1205380,1213723,False,,,,,,0.0
NC_010582.1,SAGE-GI-P,1266100,1277966,True,28100.0,52033.0,40066.5,-28100.0,52033.0,0.1289891304347826
NC_010582.1,SAGE-GI-P,343925,354347,False,,,,,,0.0
NC_010582.1,Emb-only-P,1205380,1213723,False,,,,,,0.0
NC_010582.1,Emb-only-P,1266100,1277966,True,17100.0,52033.0,34566.5,-17100.0,52033.0,0.14650617283950618
NC_010582.1,Emb-only-P,343925,354347,False,,,,,,0.0
NC_010582.1,SAGE-GI-R,1205380,1213723,True,8730.0,374.0,4552.0,-8730.0,-374.0,0.4667916129787982
NC_010582.1,SAGE-GI-R,1266100,1277966,True,29850.0,45183.0,37516.5,-29850.0,45183.0,0.13655926352128883
NC_010582.1,SAGE-GI-R,343925,354347,True,3375.0,11002.0,7188.5,-3375.0,11002.0,0.42028225806451613
NC_010582.1,Emb-only-R,1205380,1213723,True,8730.0,1574.0,5152.0,-8730.0,-1574.0,0.39650931240482606
NC_010582.1,Emb-only-R,1266100,1277966,True,21850.0,49683.0,35766.5,-21850.0,49683.0,0.14229016786570745
NC_010582.1,Emb-only-R,343925,354347,True,3075.0,5502.0,4288.5,-3075.0,5502.0,0.548578947368421
NC_010612.1,SAGE-GI-P,1703710,1714687,False,,,,,,0.0
NC_010612.1,SAGE-GI-P,1722676,1733059,False,,,,,,0.0
NC_010612.1,SAGE-GI-P,1736042,1757045,False,,,,,,0.0
NC_010612.1,SAGE-GI-P,1760787,1770101,False,,,,,,0.0
NC_010612.1,SAGE-GI-P,2795089,2809571,False,,,,,,0.0
NC_010612.1,SAGE-GI-P,3815685,3827610,False,,,,,,0.0
NC_010612.1,SAGE-GI-P,3827666,3843031,False,,,,,,0.0
NC_010612.1,SAGE-GI-P,3861715,3880468,False,,,,,,0.0
NC_010612.1,SAGE-GI-P,3986248,4005569,True,10248.0,85430.0,47839.0,-10248.0,85430.0,0.1680173913043478
NC_010612.1,SAGE-GI-P,4026136,4035268,True,50136.0,55731.0,52933.5,-50136.0,55731.0,0.07941739130434783
NC_010612.1,SAGE-GI-P,4187669,4211783,False,,,,,,0.0
NC_010612.1,SAGE-GI-P,4390208,4400273,False,,,,,,0.0
NC_010612.1,SAGE-GI-P,4412194,4426462,True,6194.0,463.0,3328.5,-6194.0,-463.0,0.6746811317988565
NC_010612.1,SAGE-GI-P,4692954,4703709,True,20954.0,22290.0,21622.0,-20954.0,22290.0,0.1991851851851852
NC_010612.1,SAGE-GI-P,4708109,4720843,True,36109.0,5156.0,20632.5,-36109.0,5156.0,0.23583333333333334
NC_010612.1,SAGE-GI-P,4817154,4845661,False,,,,,,0.0
NC_010612.1,SAGE-GI-P,4848094,4869671,False,,,,,,0.0
NC_010612.1,SAGE-GI-P,5433332,5447893,False,,,,,,0.0
NC_010612.1,SAGE-GI-P,5460060,5470766,False,,,,,,0.0
NC_010612.1,Emb-only-P,1703710,1714687,False,,,,,,0.0
NC_010612.1,Emb-only-P,1722676,1733059,False,,,,,,0.0
NC_010612.1,Emb-only-P,1736042,1757045,False,,,,,,0.0
NC_010612.1,Emb-only-P,1760787,1770101,False,,,,,,0.0
NC_010612.1,Emb-only-P,2795089,2809571,False,,,,,,0.0
NC_010612.1,Emb-only-P,3815685,3827610,True,1315.0,61389.0,31352.0,1315.0,61389.0,0.14473163745481826
NC_010612.1,Emb-only-P,3827666,3843031,True,10666.0,45968.0,28317.0,-10666.0,45968.0,0.21341666666666667
NC_010612.1,Emb-only-P,3861715,3880468,True,44715.0,8531.0,26623.0,-44715.0,8531.0,0.2604722222222222
NC_010612.1,Emb-only-P,3986248,4005569,True,10248.0,25430.0,17839.0,-10248.0,25430.0,0.3513090909090909
NC_010612.1,Emb-only-P,4026136,4035268,True,50136.0,4269.0,27202.5,-50136.0,-4269.0,0.08206651031736659
NC_010612.1,Emb-only-P,4187669,4211783,False,,,,,,0.0
NC_010612.1,Emb-only-P,4390208,4400273,True,3792.0,25726.0,14759.0,3792.0,25726.0,0.1752905677246312
NC_010612.1,Emb-only-P,4412194,4426462,True,18194.0,463.0,9328.5,-18194.0,-463.0,0.4252841696700859
NC_010612.1,Emb-only-P,4692954,4703709,True,20954.0,22290.0,21622.0,-20954.0,22290.0,0.1991851851851852
NC_010612.1,Emb-only-P,4708109,4720843,True,36109.0,5156.0,20632.5,-36109.0,5156.0,0.23583333333333334
NC_010612.1,Emb-only-P,4817154,4845661,False,,,,,,0.0
NC_010612.1,Emb-only-P,4848094,4869671,False,,,,,,0.0
NC_010612.1,Emb-only-P,5433332,5447893,False,,,,,,0.0
NC_010612.1,Emb-only-P,5460060,5470766,False,,,,,,0.0
NC_010612.1,SAGE-GI-R,1703710,1714687,True,19160.0,5438.0,12299.0,-19160.0,-5438.0,0.18382108965425709
NC_010612.1,SAGE-GI-R,1722676,1733059,False,,,,,,0.0
NC_010612.1,SAGE-GI-R,1736042,1757045,True,1508.0,596.0,1052.0,1508.0,-596.0,0.8998286040754142
NC_010612.1,SAGE-GI-R,1760787,1770101,False,,,,,,0.0
NC_010612.1,SAGE-GI-R,2795089,2809571,True,15239.0,15878.0,15558.5,-15239.0,15878.0,0.31760964912280704
NC_010612.1,SAGE-GI-R,3815685,3827610,True,6335.0,80139.0,43237.0,-6335.0,80139.0,0.12119918699186992
NC_010612.1,SAGE-GI-R,3827666,3843031,True,18316.0,64718.0,41517.0,-18316.0,64718.0,0.15615853658536585
NC_010612.1,SAGE-GI-R,3861715,3880468,True,52365.0,27281.0,39823.0,-52365.0,27281.0,0.19058943089430894
NC_010612.1,SAGE-GI-R,3986248,4005569,True,12198.0,110180.0,61189.0,-12198.0,110180.0,0.13635850388143966
NC_010612.1,SAGE-GI-R,4026136,4035268,True,52086.0,80481.0,66283.5,-52086.0,80481.0,0.0644530698659139
NC_010612.1,SAGE-GI-R,4187669,4211783,True,3819.0,9134.0,6476.5,-3819.0,-9134.0,0.5362998496455932
NC_010612.1,SAGE-GI-R,4390208,4400273,True,6958.0,29776.0,18367.0,-6958.0,29776.0,0.21508547008547008
NC_010612.1,SAGE-GI-R,4412194,4426462,True,28944.0,3587.0,16265.5,-28944.0,3587.0,0.3048931623931624
NC_010612.1,SAGE-GI-R,4692954,4703709,True,68504.0,33940.0,51222.0,-68504.0,33940.0,0.09501766784452297
NC_010612.1,SAGE-GI-R,4708109,4720843,True,83659.0,16806.0,50232.5,-83659.0,16806.0,0.1125
NC_010612.1,SAGE-GI-R,4817154,4845661,True,12404.0,14588.0,13496.0,-12404.0,14588.0,0.5136576576576577
NC_010612.1,SAGE-GI-R,4848094,4869671,True,43344.0,9422.0,26383.0,-43344.0,-9422.0,0.18724007270262777
NC_010612.1,SAGE-GI-R,5433332,5447893,True,14218.0,28056.0,21137.0,14218.0,28056.0,0.00807170679055798
NC_010612.1,SAGE-GI-R,5460060,5470766,True,12510.0,5183.0,8846.5,-12510.0,5183.0,0.3770070422535211
NC_010612.1,Emb-only-R,1703710,1714687,False,,,,,,0.0
NC_010612.1,Emb-only-R,1722676,1733059,False,,,,,,0.0
NC_010612.1,Emb-only-R,1736042,1757045,True,608.0,2204.0,1406.0,608.0,2204.0,0.8788348845225784
NC_010612.1,Emb-only-R,1760787,1770101,True,6263.0,15348.0,10805.5,6263.0,15348.0,0.12374812472124234
NC_010612.1,Emb-only-R,2795089,2809571,True,22939.0,26378.0,24658.5,-22939.0,26378.0,0.2270062695924765
NC_010612.1,Emb-only-R,3815685,3827610,True,7935.0,59139.0,33537.0,-7935.0,59139.0,0.1509620253164557
NC_010612.1,Emb-only-R,3827666,3843031,True,19916.0,43718.0,31817.0,-19916.0,43718.0,0.19450632911392404
NC_010612.1,Emb-only-R,3861715,3880468,True,53965.0,6281.0,30123.0,-53965.0,6281.0,0.23739240506329115
NC_010612.1,Emb-only-R,3986248,4005569,True,12698.0,50580.0,31639.0,-12698.0,50580.0,0.2339225181598063
NC_010612.1,Emb-only-R,4026136,4035268,True,52586.0,20881.0,36733.5,-52586.0,20881.0,0.11056900726392252
NC_010612.1,Emb-only-R,4187669,4211783,True,181.0,9234.0,4707.5,181.0,-9234.0,0.6095791001451378
NC_010612.1,Emb-only-R,4390208,4400273,True,5658.0,30776.0,18217.0,-5658.0,30776.0,0.2164731182795699
NC_010612.1,Emb-only-R,4412194,4426462,True,27644.0,4587.0,16115.5,-27644.0,4587.0,0.30686021505376343
NC_010612.1,Emb-only-R,4692954,4703709,True,71604.0,24640.0,48122.0,-71604.0,24640.0,0.10052336448598131
NC_010612.1,Emb-only-R,4708109,4720843,True,86759.0,7506.0,47132.5,-86759.0,7506.0,0.11901869158878504
NC_010612.1,Emb-only-R,4817154,4845661,True,1104.0,17388.0,9246.0,-1104.0,17388.0,0.6065531914893617
NC_010612.1,Emb-only-R,4848094,4869671,True,32044.0,6622.0,19333.0,-32044.0,-6622.0,0.278915370556861
NC_010612.1,Emb-only-R,5433332,5447893,True,11518.0,27456.0,19487.0,11518.0,27456.0,0.07244514255795136
NC_010612.1,Emb-only-R,5460060,5470766,True,15210.0,4583.0,9896.5,-15210.0,4583.0,0.35104918032786886
