accession,method,genome_len,n_pred,pred_bp,seconds,precision,recall,f1,accuracy,mcc,TP,FP,TN,FN,n_matched,mabe,median_jaccard,median_signed_start,median_signed_end,within_1000,within_2500,within_5000
NC_000907.1,SAGE-GI-P,1830138,2,40000,11.4,0.0,0.0,0.0,49.976746889896525,0.0,0,0,8597,8605,0,,,,,,,
NC_000907.1,Emb-only-P,1830138,1,30000,9.1,0.0,0.0,0.0,49.976746889896525,0.0,0,0,8597,8605,0,,,,,,,
NC_000907.1,SAGE-GI-R,1830138,23,690500,12.0,50.02325311010347,100.0,66.687332894176,50.02325311010347,0.0,8605,8597,0,0,1,44797.5,0.0876272912423625,-76480.0,13115.0,0.0,0.0,0.0
NC_000907.1,Emb-only-R,1830138,24,668900,10.3,50.02325311010347,100.0,66.687332894176,50.02325311010347,0.0,8605,8597,0,0,1,16147.5,0.2103911980440097,-19680.0,12615.0,0.0,0.0,0.0
AC_000091.1,SAGE-GI-P,4646332,11,455000,35.5,41.5981045129755,100.0,58.75517141426651,88.58584680007002,0.6035714925681512,22297,31304,220655,0,2,25315.5,0.18871638655462186,-18625.0,28726.5,0.0,0.0,0.0
AC_000091.1,Emb-only-P,4646332,11,431000,28.0,41.5981045129755,100.0,58.75517141426651,88.58584680007002,0.6035714925681512,22297,31304,220655,0,2,25315.5,0.18871638655462186,-18625.0,28726.5,0.0,0.0,0.0
AC_000091.1,SAGE-GI-R,4646332,56,1524200,36.9,14.734414442990628,100.0,25.68438513330607,52.953080333702815,0.26812076106251764,22297,129029,122930,0,2,22056.5,0.2096977145045965,-11675.0,30276.5,0.0,0.0,0.0
AC_000091.1,Emb-only-R,4646332,55,1536800,37.5,17.95162874579328,100.0,30.438967120127238,62.84165159558952,0.3269678043395807,22297,101909,150050,0,2,20856.5,0.2162952783089016,-10475.0,29726.5,0.0,0.0,0.0
NC_000913.2,SAGE-GI-P,4639675,11,413000,39.5,57.71288814420452,100.0,73.187282058312,88.88636355565342,0.7081813627105477,42711,31295,207585,0,4,21780.0,0.24162273901808784,-12535.5,26401.0,0.0,12.5,12.5
NC_000913.2,Emb-only-P,4639675,10,402000,28.5,50.80832232968131,100.0,67.38132424629656,85.31487156904872,0.6481743868080971,42711,41352,197528,0,4,25724.0,0.1803457556935818,-24206.0,26401.0,0.0,0.0,0.0
NC_000913.2,SAGE-GI-R,4639675,58,1638700,41.7,24.754833773821115,100.0,39.685570530599726,53.89589866153393,0.33617305671701403,42711,129825,109055,0,4,31799.5,0.1358827160493827,-34134.0,31799.5,0.0,0.0,0.0
NC_000913.2,Emb-only-R,4639675,51,1504600,47.2,30.34723357088553,100.0,46.563678782460805,65.18709759899997,0.4230075161188454,42711,98030,140850,0,4,32199.5,0.1358827160493827,-34184.0,32199.5,0.0,0.0,0.0
NC_002516.2,SAGE-GI-P,6264404,9,350000,59.8,42.67392735652365,42.7172868323493,42.695596086019734,70.54499795431781,0.22873812685909847,31111,41793,168901,41719,2,7996.5,0.46028748441685896,-13651.5,1942.5,0.0,0.0,25.0
NC_002516.2,Emb-only-P,6264404,8,251200,40.3,48.91205232210798,42.7172868323493,45.605265472455955,73.82443814280273,0.28587494482738884,31111,32495,178199,41719,2,7996.5,0.46028748441685896,-13651.5,1942.5,0.0,0.0,25.0
NC_002516.2,SAGE-GI-R,6264404,74,2185700,74.4,33.672477795269465,95.15584237264864,49.74268057220376,50.6080613986823,0.2974253412942533,69302,136510,74184,3528,5,8253.0,0.2839583333333333,-10957.0,5549.0,0.0,0.0,40.0
NC_002516.2,Emb-only-R,6264404,76,2035700,41.6,29.340250091462554,85.89042976795277,43.739162051798395,43.241489256641415,0.14557544249801133,62554,150648,60046,10276,5,10002.5,0.42867965367965366,-733.0,11872.0,10.0,20.0,40.0
NC_002655.2,SAGE-GI-P,5528445,17,683000,50.9,97.91005871828769,70.40989774391637,81.9134862835291,88.52102414009066,0.7598432685622345,209599,4474,504177,88085,14,11764.0,0.24223854684284618,-5317.0,11940.0,17.857142857142858,25.0,25.0
NC_002655.2,Emb-only-P,5528445,16,673000,75.6,97.85734126413992,68.64057188159256,80.68550218168177,87.86782168701595,0.7464770529808592,204332,4474,504177,93352,14,13451.0,0.24223854684284618,-12317.0,11940.0,14.285714285714285,17.857142857142858,17.857142857142858
NC_002655.2,SAGE-GI-R,5528445,52,2001300,57.1,69.63433575986676,100.0,82.09934085330538,83.90098408229831,0.7201601865051451,297684,129812,378839,0,19,27469.5,0.18642390289449112,-24543.0,28567.0,0.0,5.263157894736842,18.421052631578945
NC_002655.2,Emb-only-R,5528445,50,2016100,47.3,71.66460031055527,100.0,83.49374324223884,85.40296526877786,0.7421693226265653,297684,117701,390950,0,19,25030.5,0.20692573402417963,-24443.0,29595.0,0.0,5.263157894736842,13.157894736842104
NC_002758.2,SAGE-GI-P,2878529,7,261000,30.0,100.0,100.0,100.0,100.0,1.0,28309,0,242693,0,1,12845.5,0.5242407407407408,-2.0,25689.0,50.0,50.0,50.0
NC_002758.2,Emb-only-P,2878529,7,298000,23.8,100.0,100.0,100.0,100.0,1.0,28309,0,242693,0,1,14845.5,0.48808620689655174,-2.0,29689.0,50.0,50.0,50.0
NC_002758.2,SAGE-GI-R,2878529,33,1059100,28.6,25.621786981391644,100.0,40.791947952765554,69.67586955077823,0.41165419145153154,28309,82179,160514,0,1,36495.5,0.27945705824284306,-37152.0,35839.0,0.0,0.0,0.0
NC_002758.2,Emb-only-R,2878529,33,947100,23.6,22.68367534996274,100.0,36.979125845808184,64.39509671515339,0.3696632083820516,28309,96490,146203,0,1,24295.5,0.36812743823146943,-12652.0,35939.0,0.0,0.0,0.0
NC_002695.1,SAGE-GI-P,5498450,17,665000,51.8,97.91069294367036,53.256839255426726,68.98854482351128,79.84928594911797,0.6161079445830043,199073,4248,510126,174725,13,9874.0,0.30734545454545453,-1900.0,8567.0,7.6923076923076925,23.076923076923077,38.46153846153847
NC_002695.1,Emb-only-P,5498450,15,724000,43.6,100.0,57.66858035623519,73.1516453385186,82.18430664330782,0.6640918035540828,215564,0,514374,158234,13,9874.0,0.25661702127659575,-5951.0,13560.0,11.538461538461538,23.076923076923077,34.61538461538461
NC_002695.1,SAGE-GI-R,5498450,55,1988500,44.0,74.71695316215666,97.08398653818372,84.44447029942,84.94672203131826,0.7260711949122667,362898,122799,391575,10900,22,16779.0,0.2753187625995272,-15722.0,19364.0,0.0,4.545454545454546,20.454545454545457
NC_002695.1,Emb-only-R,5498450,49,1955900,34.2,79.16442824664021,98.5553694776323,87.80202965837104,88.47520525303658,0.7879102816737643,368398,96960,417414,5400,22,16357.5,0.21772500384704163,-15280.0,18263.0,0.0,9.090909090909092,20.454545454545457
NC_002944.2,SAGE-GI-P,4829781,10,262900,39.3,100.0,86.02888478662179,92.48981402570719,90.24312559719716,0.8062440258475237,39612,0,19888,6433,3,13805.0,0.2373780784035278,2759.0,40439.0,0.0,0.0,33.33333333333333
NC_002944.2,Emb-only-P,4829781,6,178000,33.5,100.0,86.02888478662179,92.48981402570719,90.24312559719716,0.8062440258475237,39612,0,19888,6433,3,12805.0,0.2565531725837069,2759.0,40439.0,0.0,0.0,33.33333333333333
NC_002944.2,SAGE-GI-R,4829781,54,1558000,43.1,70.35786321129515,100.0,82.60007713765484,70.57770767294072,0.13152708485266743,46045,19399,489,0,3,19444.5,0.1898125,-14012.0,42489.0,16.666666666666664,16.666666666666664,16.666666666666664
NC_002944.2,Emb-only-R,4829781,50,1509600,40.9,77.07050080342796,100.0,87.05063853519742,79.22284743603355,0.48973233114709114,46045,13699,6189,0,3,19794.5,0.1870841889117043,-14412.0,45489.0,16.666666666666664,16.666666666666664,16.666666666666664
NC_002947.3,SAGE-GI-P,6181863,16,686000,46.2,85.90472857929257,62.35693155946536,72.26082961218717,73.23821479589628,0.4993770259451395,201310,33031,221659,121525,12,14133.5,0.2732903225806452,-14846.0,9580.5,25.0,33.33333333333333,33.33333333333333
NC_002947.3,Emb-only-P,6181863,14,649000,30.7,84.58950923994942,56.16181640776248,67.50487735863106,69.7751612484308,0.44390577381620505,181310,33031,221659,141525,11,17616.0,0.2645161290322581,-16370.0,10227.0,27.27272727272727,31.818181818181817,31.818181818181817
NC_002947.3,SAGE-GI-R,6181863,60,2229800,55.1,68.99325190982523,86.80688277293355,76.88169388113423,70.81719406086316,0.4060413827715777,280243,125946,128744,42592,17,18626.0,0.19490173410404624,-25872.0,15157.0,2.941176470588235,2.941176470588235,17.647058823529413
NC_002947.3,Emb-only-R,6181863,60,2186500,34.8,68.96462869545395,86.21865658927935,76.63244952432345,70.60715986320939,0.4008499336868577,278344,125260,129430,44491,17,20998.0,0.18628729281767956,-25972.0,18257.0,0.0,2.941176470588235,17.647058823529413
NC_003047.1,SAGE-GI-P,3654135,6,213000,37.4,78.07659668963986,80.11751588987362,79.08389097306458,93.28902652609115,0.7509689587214404,98446,27643,625433,24431,5,8751.0,0.4354193548387097,-9205.0,8297.0,10.0,40.0,40.0
NC_003047.1,Emb-only-P,3654135,5,179000,30.7,75.44830403851107,69.13254718132767,72.15247931778416,91.54948817776334,0.6727186138219978,84948,27643,625433,37929,4,10123.5,0.33923039300294333,-8050.5,29145.0,12.5,50.0,50.0
NC_003047.1,SAGE-GI-R,3654135,42,1281600,37.7,40.153666666666666,98.03380616388746,56.97212191724781,76.55077047192292,0.5288414199887951,120461,179539,473537,2416,7,11601.0,0.27651278409090907,-10408.0,18110.0,0.0,14.285714285714285,21.428571428571427
NC_003047.1,Emb-only-R,3654135,40,1208200,24.8,45.7427799245047,100.0,62.771932782124274,81.21677472733529,0.5961058765675451,122877,145749,507327,0,7,13532.5,0.35555251141552513,-10755.0,16310.0,7.142857142857142,14.285714285714285,28.57142857142857
NC_003197.1,SAGE-GI-P,4857432,11,492000,47.7,70.0056319897015,85.98144694096867,77.17543752667845,93.03504216393608,0.7365457758237947,69608,29824,480364,11349,5,22492.0,0.24994117647058822,-21799.0,23185.0,10.0,10.0,40.0
NC_003197.1,Emb-only-P,4857432,12,473400,26.9,70.0056319897015,85.98144694096867,77.17543752667845,93.03504216393608,0.7365457758237947,69608,29824,480364,11349,5,22492.0,0.24994117647058822,-21799.0,23185.0,10.0,10.0,40.0
NC_003197.1,SAGE-GI-R,4857432,61,1709700,43.3,34.17060611176769,100.0,50.93605388247655,73.61679452587775,0.4870805927771743,80957,155963,354225,0,6,24292.0,0.2647457332612557,-16226.5,28398.5,8.333333333333332,8.333333333333332,8.333333333333332
NC_003197.1,Emb-only-R,4857432,61,1595600,32.5,38.493395589451964,100.0,55.58878158141387,78.11755153135017,0.5360362228190844,80957,129357,380831,0,6,26224.5,0.2585797480742284,-19176.5,31071.0,8.333333333333332,8.333333333333332,8.333333333333332
NC_003198.1,SAGE-GI-P,4809037,11,505000,47.7,84.81788977429179,93.15066699831122,88.78920129649329,94.87736873765206,0.8563648098066015,142310,25473,523287,10464,10,25565.0,0.12939285714285714,-25216.0,37474.5,0.0,5.0,10.0
NC_003198.1,Emb-only-P,4809037,12,549000,35.0,84.81788977429179,93.15066699831122,88.78920129649329,94.87736873765206,0.8563648098066015,142310,25473,523287,10464,10,25565.0,0.12939285714285714,-25216.0,37474.5,0.0,5.0,10.0
NC_003198.1,SAGE-GI-R,4809037,56,1688800,36.9,53.73236167189545,100.0,69.90377443959936,81.24823600851848,0.6391519167052165,152774,131550,417210,0,11,31661.5,0.12014354066985646,-28073.0,47658.0,0.0,0.0,4.545454545454546
NC_003198.1,Emb-only-R,4809037,53,1682500,30.0,53.99328503269128,100.0,70.12420706685883,81.44409251725504,0.6417560386506838,152774,130176,418584,0,11,32519.5,0.12088720770288858,-31359.0,51158.0,0.0,0.0,4.545454545454546
NC_003485.1,SAGE-GI-P,1895017,6,166000,31.2,31.902375858574484,94.82095046854083,47.74201701912545,85.9961843694614,0.5022800468865737,11333,24191,141023,619,1,5643.0,0.5010389495556833,619.0,10667.0,50.0,50.0,50.0
NC_003485.1,Emb-only-P,1895017,5,200000,22.4,0.0,0.0,0.0,65.65424517119538,-0.16606462227032714,0,48897,116317,11952,0,,,,,,,
NC_003485.1,SAGE-GI-R,1895017,20,692700,25.4,11.227490066038534,100.0,20.18833664118914,46.65962995157084,0.21921362713300266,11952,94501,70713,0,1,14824.0,0.2873076923076923,-19931.0,9717.0,0.0,0.0,0.0
NC_003485.1,Emb-only-R,1895017,20,720100,21.7,11.575450592234608,100.0,20.749099431448286,48.46584559114051,0.22756525010887763,11952,91301,73913,0,1,14124.0,0.2973134328358209,-18831.0,9417.0,0.0,0.0,0.0
NC_003923.1,SAGE-GI-P,2820462,5,179000,21.9,100.0,100.0,100.0,100.0,1.0,20097,0,272372,0,1,22951.5,0.3045,-22218.0,23685.0,0.0,0.0,0.0
NC_003923.1,Emb-only-P,2820462,5,153000,17.7,100.0,100.0,100.0,100.0,1.0,20097,0,272372,0,1,20951.5,0.32414516129032256,-18218.0,23685.0,0.0,0.0,0.0
NC_003923.1,SAGE-GI-R,2820462,31,1033200,17.2,16.149692226097297,100.0,27.808411570579565,64.32271454410554,0.31563883509302054,20097,104345,168027,0,1,17151.5,0.36943014705882354,-13768.0,20535.0,0.0,0.0,0.0
NC_003923.1,Emb-only-R,2820462,32,890800,11.0,20.0342926639618,100.0,33.38094842621045,72.57281968345363,0.37595230494256354,20097,80216,192156,0,1,15901.5,0.3872254335260116,-12168.0,19635.0,0.0,0.0,0.0
NC_003909.8,SAGE-GI-P,5224283,6,336000,34.2,37.72760832670125,76.02453869191382,50.42936057316433,90.24987584357046,0.49159906810005294,78693,129889,1353309,24817,2,2222.0,0.7816666666666667,-7931.5,2222.0,50.0,50.0,75.0
NC_003909.8,Emb-only-P,5224283,7,334000,18.6,32.97595617094253,55.35793643126268,41.33138100665042,89.74770405140706,0.375656915022353,57301,116465,1366733,46209,2,9796.5,0.545080014417012,-7931.5,-8778.0,25.0,25.0,50.0
NC_003909.8,SAGE-GI-R,5224283,56,1835800,19.6,18.288735354190784,95.84774417930635,30.716455155374884,71.79304572738022,0.3433966933951187,99212,443264,1039934,4298,3,7221.0,0.5749004198514371,-3156.0,10986.0,16.666666666666664,16.666666666666664,50.0
NC_003909.8,Emb-only-R,5224283,61,1873200,18.5,16.241802816080863,86.18684185102889,27.332777764160888,70.10414014424833,0.28635705876016276,89212,460062,1023136,14298,3,12747.5,0.5282467919431091,-3056.0,13239.0,0.0,16.666666666666664,33.33333333333333
NC_004070.1,SAGE-GI-P,1900521,8,268000,24.0,17.908505382036353,76.22758426438831,29.00316144819333,80.71120428197774,0.305612083123708,8119,37217,158205,2532,1,16706.5,0.1954878166233266,-30881.0,-2532.0,0.0,0.0,50.0
NC_004070.1,Emb-only-P,1900521,5,245000,14.0,13.937718876605096,76.22758426438831,23.566462998708325,74.44352244107671,0.24864780239942696,8119,50133,145289,2532,1,16706.5,0.1954878166233266,-30881.0,-2532.0,0.0,0.0,50.0
NC_004070.1,SAGE-GI-R,1900521,21,665900,20.5,9.833893001982922,92.65796638813258,17.780700490054773,55.709869803419174,0.20531732484371024,9869,90488,104934,782,1,15656.5,0.23964353358263318,-30531.0,-782.0,50.0,50.0,50.0
NC_004070.1,Emb-only-R,1900521,19,659900,11.1,10.109009785529585,93.59684536663224,18.247213222777443,56.65225429823412,0.21377556377398269,9969,88646,106776,682,1,16606.5,0.23086008058913435,-32531.0,-682.0,50.0,50.0,50.0
NC_003997.3,SAGE-GI-P,5227293,10,386100,19.3,17.920069845567905,75.8387105411122,28.99003131844513,90.92042861031429,0.3404238313196618,28325,129738,1361201,9024,3,8142.0,0.2603947368421053,-10448.0,-3188.0,0.0,0.0,33.33333333333333
NC_003997.3,Emb-only-P,5227293,10,393500,27.9,17.55558496559026,71.03269163833035,28.153171078532807,91.1398244309973,0.3242035307330508,26530,124590,1366349,10819,2,9552.5,0.3954007455731594,-9099.5,10635.5,0.0,0.0,0.0
NC_003997.3,SAGE-GI-R,5227293,56,1824800,26.6,8.06461364392104,100.0,14.925540141187001,72.14052586946963,0.24003274581724893,37349,425773,1065166,0,3,20208.5,0.2300829875518672,-23519.0,6164.0,16.666666666666664,16.666666666666664,16.666666666666664
NC_003997.3,Emb-only-R,5227293,48,1747700,20.3,7.838058772204762,99.09502262443439,14.527078079463049,71.50255710965473,0.23360070654952567,37011,435185,1055754,338,3,14102.5,0.26658653846153846,-27519.0,8664.0,16.666666666666664,16.666666666666664,16.666666666666664
NC_004116.1,SAGE-GI-P,2160267,6,235000,16.6,19.042988952790765,100.0,31.993465756043303,81.34044754697908,0.3914911363097562,9205,39133,161383,0,1,6397.5,0.4184090909090909,-8031.0,4764.0,0.0,0.0,50.0
NC_004116.1,Emb-only-P,2160267,4,226000,12.8,15.779008176628897,100.0,27.2571140919724,76.57268466200333,0.3451479693103875,9205,49132,151384,0,1,6397.5,0.4184090909090909,-8031.0,4764.0,0.0,0.0,50.0
NC_004116.1,SAGE-GI-R,2160267,20,770600,15.0,10.706102652973401,100.0,19.34148596402757,63.392316458533,0.25703943084703074,9205,76774,123742,0,1,14747.5,0.23785529715762274,-13281.0,16214.0,0.0,0.0,0.0
NC_004116.1,Emb-only-R,2160267,22,795600,11.1,9.67287706356462,100.0,17.639506362103326,59.01316510983639,0.235080187978187,9205,85958,114558,0,1,15847.5,0.22506112469437653,-13781.0,17914.0,0.0,0.0,0.0
NC_004088.1,SAGE-GI-P,4600755,10,321000,22.0,0.0,0.0,0.0,94.95636365664193,-0.020210560637488766,0,36729,851393,8493,0,,,,,,,
NC_004088.1,Emb-only-P,4600755,10,320800,18.2,0.0,0.0,0.0,94.20074390903565,-0.022082898288562622,0,43504,844618,8493,0,,,,,,,
NC_004088.1,SAGE-GI-R,4600755,51,1650300,20.9,3.255994050037954,100.0,6.306644142053576,71.8553671308198,0.15267099194914804,8493,252349,635773,0,1,26303.5,0.13900163666121113,-29891.0,22716.0,0.0,0.0,0.0
NC_004088.1,Emb-only-R,4600755,49,1558000,19.4,4.0801325935000365,100.0,7.840367785532291,77.73157932892045,0.17784439423032442,8493,199662,688460,0,1,25103.5,0.14468483816013628,-27891.0,22316.0,0.0,0.0,0.0
NC_004337.1,SAGE-GI-P,4607203,7,273000,25.5,45.57151083279349,70.3961084086171,55.326772040591166,92.02251026518809,0.5262748492052511,25325,30247,446433,10650,2,18355.5,0.2904552631578947,-18355.5,15482.0,25.0,25.0,25.0
NC_004337.1,Emb-only-P,4607203,7,269000,23.9,42.017155276823786,70.3961084086171,52.62447011885961,91.10551930635613,0.5001326534479352,25325,34948,441732,10650,2,18355.5,0.2904552631578947,-18355.5,15482.0,25.0,25.0,25.0
NC_004337.1,SAGE-GI-R,4607203,58,1597200,18.5,17.333506788856447,100.0,29.54570653044296,66.53285347846017,0.33308667661281866,35975,171571,305109,0,3,19042.5,0.2616707616707617,-15222.0,22863.0,0.0,0.0,0.0
NC_004337.1,Emb-only-R,4607203,52,1633800,15.1,19.50097030540227,100.0,32.6373421999247,71.03256576059923,0.36641117916591487,35975,148503,328177,0,3,15942.5,0.3150851063829787,-17122.0,14763.0,0.0,0.0,0.0
NC_004347.1,SAGE-GI-P,4969803,9,270000,29.5,25.362048894062866,20.736327121128475,22.817104973764412,48.133159728331634,-0.15829924113443025,10893,32057,57497,41638,1,16053.5,0.25332558139534883,-32094.0,13.0,50.0,50.0,50.0
NC_004347.1,Emb-only-P,4969803,10,313000,13.3,41.97197885743248,44.13965087281795,43.028531663187195,56.78572685364395,0.08262033385716645,23187,32057,57497,29344,1,18906.5,0.38011475409836065,-33562.0,4251.0,0.0,0.0,50.0
NC_004347.1,SAGE-GI-R,4969803,64,1711500,16.4,41.242893084252856,79.26367287887153,54.25535380385564,50.58380546855755,0.13863443992550145,41638,59320,30234,10893,3,5901.5,0.2834596577017115,-27244.0,1803.0,0.0,33.33333333333333,33.33333333333333
NC_004347.1,Emb-only-R,4969803,63,1605100,11.6,44.94723239284945,79.45403666406503,57.414833105212836,56.423971566315934,0.2269280907979272,41738,51122,38432,10793,3,9352.5,0.2883955223880597,-28244.0,5501.0,0.0,16.666666666666664,16.666666666666664
NC_004368.1,SAGE-GI-P,2211485,3,106000,21.8,49.004047933950545,51.968604338155075,50.442806457823366,73.07667883198046,0.32008547480212013,36681,38172,158946,33902,2,15638.5,0.33346363636363635,-13796.0,22863.5,0.0,0.0,0.0
NC_004368.1,Emb-only-P,2211485,3,210000,11.9,62.291096367095065,95.10505362481051,75.27754726714065,83.52938539639374,0.6692620178882602,67128,40637,156481,3455,3,24145.5,0.2790941176470588,-37304.0,10989.0,0.0,0.0,16.666666666666664
NC_004368.1,SAGE-GI-R,2211485,21,804600,11.5,42.32586634639298,98.859498746157,59.27404626192438,64.18168030750726,0.4585929960750525,69778,95081,102037,805,3,23213.5,0.28478991596638653,-35254.0,11339.0,16.666666666666664,16.666666666666664,16.666666666666664
NC_004368.1,Emb-only-R,2211485,25,775700,10.4,46.8564438091049,96.59266395591007,63.10236154882061,70.2163981456924,0.5074436219096017,68178,77326,119792,2405,3,21413.5,0.27330645161290323,-40554.0,9539.0,0.0,16.666666666666664,16.666666666666664
NC_004431.1,SAGE-GI-P,5231428,10,669400,26.0,100.0,72.68933262489342,84.18508719677008,89.56159625200274,0.7885602009179911,235307,0,523243,88409,17,42693.5,0.13221008403361345,-53249.0,32928.0,2.941176470588235,5.88235294117647,14.705882352941178
NC_004431.1,Emb-only-P,5231428,11,711000,15.7,100.0,73.56479136032819,84.76925623423753,89.89620512917391,0.7951388535187696,238141,0,523243,85575,17,34800.0,0.13221008403361345,-36672.0,32928.0,2.941176470588235,5.88235294117647,11.76470588235294
NC_004431.1,SAGE-GI-R,5231428,45,1834900,19.5,68.93608251895398,98.16783847570092,80.99518160420338,82.39218191199338,0.6907883141080762,317785,143200,380043,5931,22,39703.5,0.1117965833180119,-39703.5,44945.0,4.545454545454546,4.545454545454546,6.8181818181818175
NC_004431.1,Emb-only-R,5231428,41,1801800,11.1,70.77905010557302,99.82391973211087,82.8290647363996,84.18105244763913,0.7245656586766899,323146,133410,389833,570,22,42706.5,0.11393425274733833,-51489.5,38313.0,2.272727272727273,2.272727272727273,4.545454545454546
NC_004459.2,SAGE-GI-P,3281944,6,326000,13.9,30.705025750310778,22.23222322232223,25.790572792362767,58.793077947049255,-0.017734123041975806,12103,27314,87272,42336,1,7448.5,0.44825925925925925,-14644.0,253.0,50.0,50.0,50.0
NC_004459.2,Emb-only-P,3281944,6,326000,8.9,30.705025750310778,22.23222322232223,25.790572792362767,58.793077947049255,-0.017734123041975806,12103,27314,87272,42336,1,7448.5,0.44825925925925925,-14644.0,253.0,50.0,50.0,50.0
NC_004459.2,SAGE-GI-R,3281944,34,1128900,13.0,51.96098082448053,100.0,68.38726697150898,70.22333974264163,0.539796089385113,54439,50330,64256,0,2,10653.0,0.4340966386554622,-32498.5,5182.0,0.0,0.0,25.0
NC_004459.2,Emb-only-R,3281944,37,1134500,20.0,48.50879928714636,100.0,65.32784524552393,65.8121579647981,0.4903640809323543,54439,57786,56800,0,2,4232.0,0.5767855059784194,-13448.5,3632.0,0.0,0.0,75.0
NC_004603.1,SAGE-GI-P,3288558,7,269000,16.3,73.0915385074508,30.220620897290363,42.7611171571737,62.07419118497667,0.2575747538113777,36738,13525,124239,84828,3,4162.5,0.6312782354504385,2578.0,5747.0,33.33333333333333,33.33333333333333,50.0
NC_004603.1,Emb-only-P,3288558,7,233000,12.2,73.0915385074508,30.220620897290363,42.7611171571737,62.07419118497667,0.2575747538113777,36738,13525,124239,84828,3,4162.5,0.6312782354504385,2578.0,5747.0,33.33333333333333,33.33333333333333,50.0
NC_004603.1,SAGE-GI-R,3288558,40,1124600,12.6,59.24648029469647,77.26420216178866,67.06628299690827,64.42833455442873,0.31086982285156434,93927,64609,73155,27639,7,7638.5,0.4994362017804154,-3681.0,7443.0,7.142857142857142,7.142857142857142,28.57142857142857
NC_004603.1,Emb-only-R,3288558,41,1141300,12.4,54.21523430756344,69.74894296102528,61.008839305950794,58.207303435776815,0.1812634012894003,84791,71606,66158,36775,6,7020.0,0.38899484360459397,-2720.0,7020.0,0.0,16.666666666666664,25.0
NC_004578.1,SAGE-GI-P,6397126,12,642000,29.8,86.47975607139024,47.60933131177884,61.41056575020636,71.89186314196286,0.46748116387728256,193431,30241,428338,212857,12,21633.5,0.20288486658701713,-32918.5,21633.5,4.166666666666666,12.5,16.666666666666664
NC_004578.1,Emb-only-P,6397126,13,738000,18.8,88.30094664804578,56.17936045366834,68.66943751231612,75.91780007793105,0.5406042358238733,228250,30241,428338,178038,14,24364.0,0.2269945218805426,-22495.0,27431.5,7.142857142857142,14.285714285714285,17.857142857142858
NC_004578.1,SAGE-GI-R,6397126,69,2249000,26.8,68.81503608748748,92.64881069586106,78.97286455776403,76.82302596815464,0.5740046369500545,376421,170583,287996,29867,28,13492.0,0.20903773755189398,-12483.5,14171.5,5.357142857142857,7.142857142857142,21.428571428571427
NC_004578.1,Emb-only-R,6397126,67,2272900,17.5,70.2114923065734,92.66825503091403,79.89178005888438,78.08622597462963,0.5946815334491148,376500,159737,298842,29788,28,13151.5,0.1959090638403178,-12082.5,18206.0,3.571428571428571,7.142857142857142,21.428571428571427
NC_004606.1,SAGE-GI-P,1894275,6,245000,12.4,43.5905540253759,84.0611258652967,57.41046340484367,81.56100951976364,0.5125156851691552,19308,24986,107406,3661,2,19774.0,0.1896561372209752,-29315.5,7200.0,0.0,0.0,25.0
NC_004606.1,Emb-only-P,1894275,5,212000,9.4,0.0,0.0,0.0,61.96664542581472,-0.22924572120430087,0,36120,96272,22969,0,,,,,,,
NC_004606.1,SAGE-GI-R,1894275,21,681100,10.9,24.41947901819284,94.7276764334538,38.82930311412511,55.8743828888846,0.31478679647727636,21758,67343,65049,1211,2,16624.0,0.23925396402897586,-24815.5,8250.0,0.0,25.0,25.0
NC_004606.1,Emb-only-R,1894275,21,691200,9.4,24.883879781420763,95.16304584439898,39.45166908825096,56.81477333436319,0.3245421679460083,21858,65982,66410,1111,2,16624.0,0.23866441156499174,-25215.5,8300.0,0.0,25.0,25.0
NC_004631.1,SAGE-GI-P,4791961,12,498000,16.7,84.9342698009665,95.80215262379896,90.04146224981547,94.8110339757094,0.868368735624019,165914,29430,504656,7270,11,14620.5,0.2305,-16250.0,8282.0,9.090909090909092,13.636363636363635,18.181818181818183
NC_004631.1,Emb-only-P,4791961,10,510000,12.4,80.49698498403815,94.34820768662232,86.87394993726207,93.01879056088906,0.8263982083832248,163396,39588,494498,9788,10,19741.5,0.1781726618705036,-19741.5,33483.0,10.0,15.0,20.0
NC_004631.1,SAGE-GI-R,4791961,56,1711700,16.2,54.872264450450395,100.0,70.86131870694787,79.86214599799229,0.6343424729955437,173184,142429,391657,0,11,27608.0,0.16338588074023302,-30883.0,24042.0,0.0,0.0,4.545454545454546
NC_004631.1,Emb-only-R,4791961,53,1684700,19.1,54.38512749654566,100.0,70.45384277415259,79.4624400865299,0.6292371584732752,173184,145256,388830,0,11,22020.5,0.17695592286501377,-26133.0,15265.0,0.0,0.0,4.545454545454546
NC_004722.1,SAGE-GI-P,5411809,13,498600,22.2,29.484826990686486,67.13774095010709,40.9747891956757,83.85430481044415,0.37020605712095594,38243,91461,533988,18719,3,26529.0,0.1761290322580645,-29146.0,24705.0,0.0,0.0,0.0
NC_004722.1,Emb-only-P,5411809,9,411000,19.0,27.985770478444156,62.701450089533374,38.698912148398556,83.41879014259736,0.3405390032435185,35716,91906,533543,21246,3,26925.5,0.1761290322580645,-29146.0,24705.0,0.0,0.0,16.666666666666664
NC_004722.1,SAGE-GI-R,5411809,60,1933500,20.5,23.132058461625927,100.0,37.57276334145754,72.26231699078708,0.4016392041819927,56962,189285,436164,0,4,28379.0,0.18031841101055118,-37892.5,22473.0,12.5,12.5,25.0
NC_004722.1,Emb-only-R,5411809,55,1847900,15.1,22.08762616764447,100.0,36.18323471588329,70.556013897783,0.38719313462886945,56962,200929,424520,0,4,29229.0,0.17306545087640302,-42292.5,23747.0,12.5,12.5,25.0
NC_004741.1,SAGE-GI-P,4599354,8,255100,20.2,59.63939966775506,79.63476431781241,68.20173104165472,92.51789939346297,0.6492102258095184,41645,28183,438534,10650,3,13327.5,0.32334090909090907,-21258.0,5397.0,0.0,16.666666666666664,33.33333333333333
NC_004741.1,Emb-only-P,4599354,8,254700,15.5,59.63939966775506,79.63476431781241,68.20173104165472,92.51789939346297,0.6492102258095184,41645,28183,438534,10650,3,13327.5,0.32334090909090907,-21258.0,5397.0,0.0,16.666666666666664,33.33333333333333
NC_004741.1,SAGE-GI-R,4599354,53,1590000,18.3,23.552380909488058,100.0,38.12533718268376,67.29516851248141,0.3871243985719403,52295,169742,296975,0,4,27339.5,0.214203125,-28609.0,27339.5,0.0,0.0,12.5
NC_004741.1,Emb-only-R,4599354,53,1570100,13.7,25.657316959488963,100.0,40.836964500460724,70.80491395189321,0.4162609907929225,52295,151526,315191,0,4,24394.0,0.25532661639435833,-29209.0,14908.5,0.0,0.0,12.5
NC_005071.1,SAGE-GI-P,2410873,5,174100,13.3,100.0,46.04449678260504,63.055435565154795,89.68572370378112,0.6390381422729359,21896,0,201208,25658,2,10138.0,0.36534830420187525,-1582.0,9192.0,0.0,0.0,25.0
NC_005071.1,Emb-only-P,2410873,4,110000,12.0,66.3957790041846,46.04449678260504,54.3783837480753,85.23086323473844,0.47004933586858627,21896,11082,190126,25658,2,10138.0,0.36534830420187525,-1582.0,9192.0,0.0,0.0,25.0
NC_005071.1,SAGE-GI-R,2410873,25,859700,17.6,43.40414548474341,81.33280060562728,56.602006395293536,76.15833608026949,0.4614554439032372,38677,50432,150776,8877,3,19853.5,0.21816976127320956,-19469.0,20238.0,0.0,16.666666666666664,16.666666666666664
NC_005071.1,Emb-only-R,2410873,25,876400,15.3,38.764694905766,87.37014762165117,53.70248297077565,71.20219326102861,0.4347590445435379,41548,65632,135576,6006,4,19854.0,0.2213271470477186,-9732.0,24942.0,12.5,12.5,12.5
NC_005139.1,SAGE-GI-P,3354505,5,364000,20.5,32.007064463226946,35.4407040089398,33.63648415749702,71.30113229181597,0.15421399051531876,12686,26949,111681,23109,1,20657.0,0.23492592592592593,-7179.0,34135.0,0.0,0.0,0.0
NC_005139.1,Emb-only-P,3354505,6,417000,14.9,32.007064463226946,35.4407040089398,33.63648415749702,71.30113229181597,0.15421399051531876,12686,26949,111681,23109,1,20657.0,0.23492592592592593,-7179.0,34135.0,0.0,0.0,0.0
NC_005139.1,SAGE-GI-R,3354505,38,1165700,18.7,29.48275862068965,79.301578432742,42.984667802385005,56.82786297835746,0.2462889967640617,28386,67894,70736,7409,2,7049.0,0.4464790031082385,-2880.0,16772.5,0.0,0.0,50.0
NC_005139.1,Emb-only-R,3354505,42,1125400,9.9,28.76481559472956,80.1396843134516,42.334398358925924,55.19621613874158,0.2358339821931698,28686,71040,67590,7109,2,5899.0,0.4527905108817511,-2130.0,17722.5,0.0,0.0,50.0
NC_005773.3,SAGE-GI-P,5928787,13,466000,24.7,81.05179884006644,75.70823851819227,78.28894432945867,87.14909600661372,0.6925869115507447,154706,36167,427192,49639,10,8299.0,0.4038143494284798,-1082.0,11845.5,20.0,40.0,40.0
NC_005773.3,Emb-only-P,5928787,14,513000,16.8,81.15703426609495,76.22990530720107,78.61634585297413,87.3087475887519,0.6967462642469553,155772,36167,427192,48573,10,9666.5,0.4113733766233766,-5098.0,11345.5,20.0,30.0,35.0
NC_005773.3,SAGE-GI-R,5928787,77,2097600,22.3,41.826067948319704,88.95446426386748,56.898613328325034,58.75537663395755,0.33248639161593196,181774,252821,210538,22571,12,17317.5,0.2735291241923058,-17004.0,19912.5,4.166666666666666,12.5,16.666666666666664
NC_005773.3,Emb-only-R,5928787,69,1955500,14.4,46.74200853466635,84.74589542195797,60.25182922374112,65.78034578196326,0.3909686267179954,173174,197315,266044,31171,12,15712.0,0.2593862588072928,-14654.0,18820.5,0.0,8.333333333333332,8.333333333333332
NC_005945.1,SAGE-GI-P,5228663,9,355700,18.6,13.598198635847409,55.460654903745755,21.841225656111938,90.29955243803491,0.24036341454171942,20714,131615,1359316,16635,2,12052.5,0.28421983408748114,-16680.0,9463.0,0.0,25.0,25.0
NC_005945.1,Emb-only-P,5228663,12,407700,14.1,22.428060146041506,100.0,36.63875768232807,91.5474258643704,0.4526016100158604,37349,129179,1361752,0,3,10112.5,0.3616304347826087,-6948.0,13277.0,16.666666666666664,33.33333333333333,33.33333333333333
NC_005945.1,SAGE-GI-R,5228663,60,1818700,20.5,8.27403633141338,100.0,15.283509531477302,72.90738608108461,0.2444632577750229,37349,414051,1076880,0,3,18418.0,0.322955223880597,-22038.0,7927.0,16.666666666666664,16.666666666666664,16.666666666666664
NC_005945.1,Emb-only-R,5228663,54,1745900,10.6,7.67994033066755,99.24763715226645,14.256676326755885,70.82517601486639,0.23039593403923275,37068,445592,1045339,281,3,18318.0,0.27173100229493824,-20738.0,11827.0,16.666666666666664,16.666666666666664,16.666666666666664
NC_006086.1,SAGE-GI-P,1899877,5,235000,10.9,61.08535245172432,100.0,75.84221845376165,79.71809012606302,0.6550525475297176,58364,37181,87776,0,1,318.0,0.9892203389830508,-537.0,99.0,100.0,100.0,100.0
NC_006086.1,Emb-only-P,1899877,4,258000,7.7,55.43903643755462,100.0,71.33219261794183,74.40991484881711,0.5884371510621114,58364,46912,78045,0,1,318.0,0.9892203389830508,-537.0,99.0,100.0,100.0,100.0
NC_006086.1,SAGE-GI-R,1899877,24,711400,9.1,47.482836587872555,98.94969501747653,64.17169938162888,64.82290626823986,0.47156297533670594,57751,63874,61083,613,1,2281.0,0.9267889525460177,613.0,3949.0,50.0,50.0,100.0
NC_006086.1,Emb-only-R,1899877,23,696700,6.6,49.25583541232357,98.77835652114317,65.73360394052723,67.21270340004692,0.4969016084785575,57651,59393,65564,713,1,2081.0,0.9326678853962759,713.0,3449.0,50.0,50.0,100.0
NC_006155.1,SAGE-GI-P,4744671,10,299500,13.8,42.43832105094521,12.4620704255169,19.266505445751587,56.34323863929659,0.00483788463171462,21192,28744,208023,148860,3,7285.0,0.24788805614521509,2108.0,13278.0,16.666666666666664,33.33333333333333,50.0
NC_006155.1,Emb-only-P,4744671,10,381000,9.2,57.49563777245438,22.86477077599793,32.71821540066813,60.69160978223731,0.14208586323319022,38882,28744,208023,131170,4,20500.0,0.19234395340834654,-13404.5,20500.0,12.5,25.0,25.0
NC_006155.1,SAGE-GI-R,4744671,56,1756600,14.4,60.079008340186476,94.08357443605485,73.3309957763554,71.39489551864588,0.5101679089133948,159991,106310,130457,10061,10,46014.5,0.141375,-63799.0,36666.0,0.0,5.0,10.0
NC_006155.1,Emb-only-R,4744671,47,1651000,11.8,60.54444240074174,94.84804647990026,73.9099055339292,72.00941942239669,0.5234429888214978,161291,105110,131657,8761,10,41561.5,0.14210373711340207,-50349.0,33216.0,5.0,15.0,15.0
NC_006350.1,SAGE-GI-P,4074542,8,333000,11.3,47.15693978141296,42.014988305303184,44.43771298750473,92.61241970021413,0.40572401147065007,26406,29590,801399,36443,2,1314.5,0.6087524007055135,-16982.5,1160.5,50.0,75.0,75.0
NC_006350.1,Emb-only-P,4074542,9,322000,9.2,55.95338077767463,60.42260020048052,58.10217414587127,93.87271519000087,0.5484918733695424,37975,29894,801095,24874,3,1936.0,0.6805294117647058,-1433.0,2439.0,33.33333333333333,66.66666666666666,83.33333333333334
NC_006350.1,SAGE-GI-R,4074542,41,1437200,19.3,18.10026294038194,100.0,30.652366878334746,68.1846151092256,0.3450515542976121,62849,284378,546611,0,5,10989.5,0.38173809523809527,-10660.0,11319.0,0.0,0.0,10.0
NC_006350.1,Emb-only-R,4074542,39,1409600,8.9,18.29100772396291,100.0,30.925440700692576,68.58972207491738,0.3480119052953121,62849,280757,550232,0,5,14418.5,0.24704160246533127,-16248.0,12589.0,0.0,0.0,10.0
NC_006511.1,SAGE-GI-P,4585229,9,438000,13.4,27.553966023757827,100.0,43.203620996975836,94.68822170900692,0.5104917429796438,10786,28359,494744,0,1,38107.0,0.12397701149425287,-42523.0,33691.0,0.0,0.0,0.0
NC_006511.1,Emb-only-P,4585229,8,399000,9.2,27.553966023757827,100.0,43.203620996975836,94.68822170900692,0.5104917429796438,10786,28359,494744,0,1,38107.0,0.12397701149425287,-42523.0,33691.0,0.0,0.0,0.0
NC_006511.1,SAGE-GI-R,4585229,61,1637500,12.7,6.055536217563637,100.0,11.4195570236734,68.65790454570144,0.2029401466461922,10786,167332,355771,0,1,49157.0,0.0988634280476627,-61073.0,37241.0,0.0,0.0,0.0
NC_006511.1,Emb-only-R,4585229,56,1546800,9.9,6.562863175315943,100.0,12.31735518314443,71.2369050495515,0.2153197152936913,10786,153563,369540,0,1,45857.0,0.10522926829268292,-60173.0,31541.0,0.0,0.0,0.0
NC_006905.1,SAGE-GI-P,4755700,10,408000,12.6,65.91337977308203,72.57150185968962,69.08238511500709,95.82004608447059,0.6693545755321388,28292,14631,552228,10693,2,15487.0,0.344187996031746,-17867.0,15487.0,0.0,0.0,25.0
NC_006905.1,Emb-only-P,4755700,10,458100,9.5,49.83793686583991,72.57150185968962,59.09370985765459,93.53480433907079,0.5687625008952225,28292,28476,538383,10693,2,23042.0,0.24512433862433863,-28867.0,15487.0,0.0,0.0,0.0
NC_006905.1,SAGE-GI-R,4755700,55,1668500,16.5,12.704257354162833,72.57150185968962,21.62319150724926,66.14673084160279,0.19479473821292898,28292,194405,372454,10693,2,30535.0,0.1988515328713345,-37767.0,19537.0,0.0,0.0,0.0
NC_006905.1,Emb-only-R,4755700,55,1624400,16.3,16.470478652182518,72.57150185968962,26.847726550230355,74.55202989548465,0.2572876975847625,28292,143482,423377,10693,2,28717.0,0.2372187294854315,-28717.0,21987.0,0.0,0.0,0.0
NC_007146.2,SAGE-GI-P,1914490,4,168000,11.3,100.0,67.39571078257664,80.5226256604796,70.93798958912417,0.4282424258206292,47547,0,8599,23002,1,5094.5,0.8235243175834834,736.0,9453.0,50.0,50.0,50.0
NC_007146.2,Emb-only-P,1914490,2,114000,9.1,100.0,67.39571078257664,80.5226256604796,70.93798958912417,0.4282424258206292,47547,0,8599,23002,1,5094.5,0.8235243175834834,736.0,9453.0,50.0,50.0,50.0
NC_007146.2,SAGE-GI-R,1914490,22,691400,13.7,88.0878828597947,90.13309898085019,89.09875574487165,80.34062768484358,-0.10841387399725351,63588,8599,0,6961,3,19699.5,0.3473444035999493,-25299.0,-445.0,16.666666666666664,16.666666666666664,16.666666666666664
NC_007146.2,Emb-only-R,1914490,19,635700,11.5,89.0602139867435,99.22748727834555,93.86934134305942,88.44696012533481,-0.029070816753951182,70004,8599,0,545,3,20197.5,0.3465664415849153,-25099.0,2784.0,16.666666666666664,16.666666666666664,33.33333333333333
NC_007005.1,SAGE-GI-P,6093698,10,506000,26.4,63.13670326085848,60.10285769734608,61.58243768579922,87.0888194990903,0.5385219117592233,61939,36164,459332,41116,4,15083.5,0.27565296052631577,-6776.5,24089.0,12.5,12.5,12.5
NC_007005.1,Emb-only-P,6093698,13,614000,14.9,60.770559033023964,60.10479840861676,60.43584527346437,86.4507786303924,0.5226299326796996,61941,39985,455511,41114,4,15083.5,0.27565296052631577,-7131.0,24089.0,0.0,0.0,0.0
NC_007005.1,SAGE-GI-R,6093698,65,2168000,23.3,29.200968370549695,90.00630731162971,44.09582079476683,60.70677352472889,0.3375403066461527,92756,224891,270605,10299,7,27499.0,0.21021413276231263,-15614.0,28328.0,0.0,7.142857142857142,21.428571428571427
NC_007005.1,Emb-only-R,6093698,62,2160200,16.1,35.101316617438215,99.05584396681384,51.834587535163344,68.30478939973369,0.4605076244120989,102082,188739,306757,973,8,30762.0,0.19277351369653725,-34972.0,28039.0,6.25,12.5,18.75
NC_007297.1,SAGE-GI-P,1838554,4,165000,11.3,19.973567386221152,100.0,33.29661328136033,76.22080465615072,0.38632037594673296,11788,47230,139601,0,1,14106.0,0.2947,-24054.0,4158.0,0.0,0.0,50.0
NC_007297.1,Emb-only-P,1838554,5,209000,10.1,19.973567386221152,100.0,33.29661328136033,76.22080465615072,0.38632037594673296,11788,47230,139601,0,1,14106.0,0.2947,-24054.0,4158.0,0.0,0.0,50.0
NC_007297.1,SAGE-GI-R,1838554,22,672200,10.3,11.844974326510515,100.0,21.18105779510723,55.82950271625574,0.25065675901010853,11788,87731,99100,0,1,21506.0,0.2151094890510949,-25804.0,17208.0,0.0,0.0,0.0
NC_007297.1,Emb-only-R,1838554,20,627500,8.3,11.224635542139993,100.0,20.183721865984058,53.0603819372769,0.23713714095992733,11788,93231,93600,0,1,26106.0,0.1841875,-25804.0,26408.0,0.0,0.0,0.0
NC_007335.2,SAGE-GI-P,1842899,6,150000,11.0,43.02283171639069,97.3160268397316,59.66716687180698,92.16285637527602,0.6179901450589206,17694,23433,263611,488,1,5397.0,0.6211036225779275,488.0,10306.0,50.0,50.0,50.0
NC_007335.2,Emb-only-P,1842899,4,90000,8.7,100.0,65.99934000659994,79.51759326751043,97.97461553078702,0.8037903630518379,12000,0,287044,6182,1,3091.0,0.6599934000659994,488.0,-5694.0,50.0,50.0,50.0
NC_007335.2,SAGE-GI-R,1842899,19,678300,10.3,16.34425227427996,100.0,28.09636394542055,69.5104611009547,0.33234489195622613,18182,93062,193982,0,1,23159.0,0.28189147286821703,-26062.0,20256.0,0.0,0.0,0.0
NC_007335.2,Emb-only-R,1842899,19,665200,9.9,16.73431445637868,100.0,28.6707718022912,70.35999554428521,0.33852743318505607,18182,90469,196575,0,1,18209.0,0.333003663003663,-21862.0,14556.0,0.0,0.0,0.0
NC_007432.1,SAGE-GI-P,2127839,3,165000,11.5,27.16071455176627,38.3224721463107,31.79031990862245,68.43632108777663,0.12328834134005116,18230,48889,151386,29340,2,14375.0,0.21938275732517065,-16571.0,7047.0,0.0,0.0,25.0
NC_007432.1,Emb-only-P,2127839,3,168000,8.4,30.277100357962894,44.62896783687198,36.07813814375175,69.64675502834433,0.1767768960686827,21230,48889,151386,26340,2,14375.0,0.2388233435831879,-16571.0,10047.0,0.0,0.0,50.0
NC_007432.1,SAGE-GI-R,2127839,25,752400,13.2,27.453215914451956,73.39709901198233,39.95994277539342,57.66709031854587,0.21532122286669783,34915,92265,108010,12655,3,26976.5,0.18932057416267942,-10249.0,54222.0,0.0,16.666666666666664,16.666666666666664
NC_007432.1,Emb-only-R,2127839,26,761500,7.9,35.13580973265941,82.85684254782426,49.34616179131012,67.3509653210676,0.36810622358486467,39415,72764,127511,8155,3,25273.5,0.18859866539561487,-9749.0,55122.0,0.0,16.666666666666664,16.666666666666664
NC_007384.1,SAGE-GI-P,4825265,11,387900,17.8,41.37660393889061,53.47597367365714,46.65459260326411,90.89025605339323,0.4217389031120366,22669,32118,494552,19722,2,16595.5,0.21452688953488372,-13881.0,28284.5,0.0,25.0,25.0
NC_007384.1,Emb-only-P,4825265,6,271000,13.9,41.37660393889061,53.47597367365714,46.65459260326411,90.89025605339323,0.4217389031120366,22669,32118,494552,19722,2,16595.5,0.21452688953488372,-13881.0,28284.5,0.0,25.0,25.0
NC_007384.1,SAGE-GI-R,4825265,60,1735300,14.6,15.602996116826473,100.0,26.994103338045573,59.7066043886332,0.296816245629852,42391,229294,297376,0,4,20957.5,0.1977212787212787,-15321.0,33451.5,0.0,0.0,0.0
NC_007384.1,Emb-only-R,4825265,49,1532300,11.8,23.105895434526666,100.0,37.538243563348175,75.20951180980597,0.4113002131073215,42391,141073,385597,0,4,23057.5,0.16262470077381286,-15321.0,36351.5,0.0,0.0,0.0
NC_007434.1,SAGE-GI-P,4126292,8,432000,14.6,84.54308656281727,74.01799261979369,78.93121804568868,90.51698597403382,0.7311552679262487,164881,30145,675304,57877,10,40604.5,0.10919845746517784,-41578.5,38064.0,5.0,15.0,25.0
NC_007434.1,Emb-only-P,4126292,8,432000,9.5,84.54308656281727,74.01799261979369,78.93121804568868,90.51698597403382,0.7311552679262487,164881,30145,675304,57877,10,40604.5,0.10919845746517784,-41578.5,38064.0,5.0,15.0,25.0
NC_007434.1,SAGE-GI-R,4126292,38,1424900,15.6,47.49474840912912,90.0295387819966,62.184365848024306,73.72191763259704,0.5025974566066194,200548,221705,483744,22210,13,63504.5,0.06867718446601942,-50685.0,83993.0,0.0,0.0,0.0
NC_007434.1,Emb-only-R,4126292,39,1434500,12.7,44.61074658627416,90.34378114366262,59.728318775802144,70.76277166623393,0.46931329808699074,201248,249872,455577,21510,13,63056.0,0.06842805320435308,-50285.0,83693.0,0.0,0.0,0.0
NC_007510.1,SAGE-GI-P,3694126,8,282700,16.3,65.05366711728587,78.89814019180815,71.3101619792806,93.12765957446808,0.6785261339987847,79882,42912,791141,21365,4,20905.5,0.29808333333333337,-7113.0,46918.0,12.5,25.0,25.0
NC_007510.1,Emb-only-P,3694126,8,279000,10.1,66.62051940686872,78.89814019180815,72.24138944531613,93.43643750668235,0.688649775024323,79882,40024,794029,21365,4,20905.5,0.29808333333333337,-7113.0,46918.0,12.5,25.0,25.0
NC_007510.1,SAGE-GI-R,3694126,41,1318000,18.5,27.75845221809654,98.20340355763626,43.28253928177313,72.13931358922271,0.429372116836744,99428,258762,575291,1819,5,43769.5,0.17360512129380054,-7908.0,90517.0,0.0,10.0,20.0
NC_007510.1,Emb-only-R,3694126,41,1274200,12.3,30.673011886671702,99.88246565330331,46.93324422662806,75.54923553939912,0.47134805043306854,101128,228569,605484,119,5,44219.5,0.17255860683188212,-9608.0,89717.0,10.0,10.0,20.0
NC_007530.2,SAGE-GI-P,5227419,10,377700,17.9,12.839372316889131,46.92495113657662,20.162092826615897,90.91873253904384,0.21084900863924966,17526,118976,1372085,19823,2,9449.5,0.3449950129003838,-10972.0,2671.0,0.0,0.0,25.0
NC_007530.2,Emb-only-P,5227419,11,397400,15.0,21.318670617531264,82.06109936008997,33.844794743671144,92.1606767817536,0.39391192420770127,30649,113117,1377944,6700,3,8203.5,0.36015669246743437,-10369.0,-3188.0,0.0,0.0,33.33333333333333
NC_007530.2,SAGE-GI-R,5227419,56,1843300,16.7,8.092764852842077,100.0,14.973740127490679,72.24815330964859,0.2406370025774941,37349,424162,1066899,0,3,18122.0,0.28099662162162165,-22619.0,7838.0,16.666666666666664,16.666666666666664,16.666666666666664
NC_007530.2,Emb-only-R,5227419,56,1747200,12.9,8.152442795299939,98.82727783876409,15.062363678283813,72.76339463887308,0.23988077650139172,36911,415849,1075212,438,3,14902.5,0.26456496253631684,-28419.0,10838.0,16.666666666666664,16.666666666666664,16.666666666666664
NC_007606.1,SAGE-GI-P,4369232,4,155000,18.2,0.0,0.0,0.0,83.56240642347433,-0.0883703535870935,0,42555,372263,30673,0,,,,,,,
NC_007606.1,Emb-only-P,4369232,5,182000,12.0,17.461887582916326,29.351546963127177,21.896851552334276,85.5833226709406,0.15111864180306542,9003,42555,372263,21670,1,8998.5,0.33344444444444443,-1240.0,16757.0,0.0,50.0,50.0
NC_007606.1,SAGE-GI-R,4369232,65,1560300,20.2,12.708139125391005,100.0,22.550526029451763,52.70566633220424,0.2500698573676278,30673,210692,204126,0,3,7579.0,0.34420664206642065,-12099.0,3059.0,0.0,33.33333333333333,50.0
NC_007606.1,Emb-only-R,4369232,59,1519100,12.5,15.917405721817737,100.0,27.46335741849991,63.62934380268064,0.3114492514695019,30673,162028,252790,0,3,3536.0,0.5389519650655021,-4364.0,2708.0,16.666666666666664,33.33333333333333,66.66666666666666
NC_007613.1,SAGE-GI-P,4519823,9,273600,20.2,30.774763904680142,38.41564083997104,34.17330138362835,88.95637100852868,0.2843290025557942,13263,29834,398315,21262,2,5704.5,0.39991924603163315,3113.0,5277.0,0.0,25.0,50.0
NC_007613.1,Emb-only-P,4519823,8,291000,14.0,45.264741496349025,71.46125995655322,55.42339185227617,91.42225411412788,0.5256977270586374,24672,29834,398315,9853,2,11777.0,0.39066551383399206,-9387.0,11777.0,0.0,25.0,25.0
NC_007613.1,SAGE-GI-R,4519823,57,1579100,18.3,16.4815230311681,100.0,28.29894836927566,62.18676649217375,0.31219826245318044,34525,174952,253197,0,3,16134.5,0.237580372250423,-10348.0,30048.0,0.0,0.0,0.0
NC_007613.1,Emb-only-R,4519823,53,1516900,17.0,21.030157946993647,100.0,34.75193010357635,71.97940666646494,0.3829125540654863,34525,129644,298505,0,3,16534.5,0.23558724832214764,-9848.0,28048.0,0.0,0.0,0.0
NC_007651.1,SAGE-GI-P,3809201,8,368000,16.7,45.473505602884515,80.23284823284823,58.047485466318705,93.13732244484196,0.5724001986323435,38592,46275,718471,9508,3,39847.5,0.16724175824175824,-37261.0,42434.0,16.666666666666664,16.666666666666664,16.666666666666664
NC_007651.1,Emb-only-P,3809201,7,351000,12.7,51.18913398150973,80.23284823284823,62.50172077317375,94.30310292478526,0.6134730351617383,38592,36799,727947,9508,3,39847.5,0.16724175824175824,-37261.0,42434.0,16.666666666666664,16.666666666666664,16.666666666666664
NC_007651.1,SAGE-GI-R,3809201,38,1363200,16.3,14.974394097411391,100.0,26.04822441547189,66.40015451881415,0.3102670469374847,48100,273115,491631,0,4,31137.0,0.14943512588526311,-34450.5,31097.5,0.0,0.0,0.0
NC_007651.1,Emb-only-R,3809201,36,1291800,12.7,16.632376078424592,100.0,28.521027587126994,70.33940008316458,0.3374733710735813,48100,241095,523651,0,4,31137.0,0.1409860416801922,-34750.5,30897.5,0.0,0.0,0.0
NC_007761.1,SAGE-GI-P,4381608,8,324600,20.6,78.27164517596572,74.76520949539498,76.47825697538256,90.93441717509039,0.7089566089655412,115273,32000,595976,38907,5,13409.0,0.36003657335771555,-655.0,22805.0,10.0,20.0,30.0
NC_007761.1,Emb-only-P,4381608,8,349000,16.0,80.57273991148455,86.07925801011804,83.23502572931072,93.16466280383965,0.7901616772946312,132717,32000,595976,21463,6,9046.5,0.42474953095684803,-4535.0,16987.0,8.333333333333332,25.0,33.33333333333333
NC_007761.1,SAGE-GI-R,4381608,43,1474900,13.4,55.05758316036956,97.20780905435205,70.29866672920649,83.8082172865771,0.6491377048243653,149875,122340,505636,4305,8,15764.0,0.30131375219454987,-9512.0,21882.0,6.25,6.25,25.0
NC_007761.1,Emb-only-R,4381608,43,1468600,9.3,64.10451791717779,99.30795174471398,77.91435237603332,88.90208602887404,0.7398691459864467,153113,85736,542240,1067,8,10591.5,0.3738361776454802,-6084.5,16914.0,12.5,12.5,31.25
NC_007778.1,SAGE-GI-P,5331656,11,314000,22.2,100.0,39.52180858452563,56.65323433731492,53.93667360536193,0.36710600089996015,113807,0,90113,174153,8,5985.0,0.6228234814205402,-770.0,-670.0,31.25,37.5,43.75
NC_007778.1,Emb-only-P,5331656,7,289000,16.2,100.0,37.156549520766774,54.181225250407635,52.13516966300159,0.3514512379280561,106996,0,90113,180964,6,7082.0,0.3773534534534535,-14224.5,4449.0,16.666666666666664,16.666666666666664,25.0
NC_007778.1,SAGE-GI-R,5331656,67,1764800,14.4,94.2400713605125,80.71572440616752,86.95517167201339,81.55462040399605,0.5811099534735004,232429,14206,75907,55531,15,12513.0,0.2796582236758703,-13309.0,10984.0,10.0,20.0,30.0
NC_007778.1,Emb-only-R,5331656,61,1544900,10.6,96.19721777136662,77.34963189331852,85.74997930706581,80.41938990618213,0.591001511871614,222736,8805,81308,65224,14,7992.0,0.3196846846846847,-9370.5,5310.0,10.714285714285714,17.857142857142858,39.285714285714285
NC_007793.1,SAGE-GI-P,2872769,7,219000,9.1,100.0,100.0,100.0,100.0,1.0,20096,0,288876,0,1,18952.0,0.34648275862068967,-15007.0,22897.0,0.0,0.0,0.0
NC_007793.1,Emb-only-P,2872769,6,219000,15.6,100.0,100.0,100.0,100.0,1.0,20096,0,288876,0,1,18952.0,0.34648275862068967,-15007.0,22897.0,0.0,0.0,0.0
NC_007793.1,SAGE-GI-R,2872769,35,985200,33.8,17.504159154058552,100.0,29.793258860069827,69.34641326722164,0.3430049356395627,20096,94711,194165,0,1,17652.0,0.36274368231046933,-15157.0,20147.0,0.0,0.0,0.0
NC_007793.1,Emb-only-R,2872769,34,960500,12.8,19.511247900424284,100.0,32.65173486713297,73.1687661017827,0.3729873031615953,20096,82901,205975,0,1,16602.0,0.37703564727954975,-13657.0,19547.0,0.0,0.0,0.0
NC_007946.1,SAGE-GI-P,5065741,11,642000,37.4,100.0,73.34391034974445,84.62242509905693,92.98973918164329,0.8183737264403298,146082,0,558173,53092,11,18115.0,0.18054907709735457,-8431.0,30406.0,4.545454545454546,4.545454545454546,13.636363636363635
NC_007946.1,Emb-only-P,5065741,12,668000,21.9,92.86153690045091,73.51612158213422,82.06414369982207,91.54878807204624,0.7752818240312493,146425,11256,546917,52749,10,19684.0,0.21655085433815097,-17442.5,33238.0,5.0,5.0,15.0
NC_007946.1,SAGE-GI-R,5065741,47,1698500,25.2,52.49889954057466,100.0,68.851512632203,76.20469877084084,0.5962297026715301,199174,180213,377960,0,14,28451.0,0.17197399696789215,-28451.0,27797.0,0.0,7.142857142857142,14.285714285714285
NC_007946.1,Emb-only-R,5065741,46,1738300,18.2,55.1430667644901,100.0,71.08673035089379,78.60676809969537,0.6255931313136925,199174,162021,396152,0,14,27473.0,0.1267213223185735,-26364.0,36471.5,0.0,3.571428571428571,3.571428571428571
NC_008022.1,SAGE-GI-P,1928252,6,191000,10.7,29.304139775217646,100.0,45.32591118298296,82.37113763868904,0.48714369116422795,14575,35162,149720,0,1,11712.5,0.38355263157894737,-18057.0,5368.0,0.0,0.0,0.0
NC_008022.1,Emb-only-P,1928252,4,179000,9.6,23.34091345845878,100.0,37.84780378867551,76.00034092561305,0.4159034248904083,14575,47869,137013,0,1,11712.5,0.38355263157894737,-18057.0,5368.0,0.0,0.0,0.0
NC_008022.1,SAGE-GI-R,1928252,23,734300,12.1,15.160813847050012,100.0,26.329813658986005,59.10847952190197,0.291077236317338,14575,81561,103321,0,1,12812.5,0.36256218905472637,-20807.0,4818.0,0.0,0.0,50.0
NC_008022.1,Emb-only-R,1928252,21,693200,13.0,14.608599779492835,100.0,25.493025493025495,57.28653293692375,0.2806572358194641,14575,85195,99687,0,1,10012.5,0.42124277456647397,-15307.0,4718.0,0.0,0.0,50.0
NC_007958.1,SAGE-GI-P,4892717,10,446000,25.5,100.0,93.71896939769559,96.75765846688469,94.21658872145102,0.7360236656363245,139496,0,12807,9349,7,18403.5,0.3561775411162038,-19745.0,9419.0,14.285714285714285,35.714285714285715,35.714285714285715
NC_007958.1,Emb-only-P,4892717,11,424000,17.5,100.0,99.58480298296885,99.79196962352562,99.61769727562913,0.9746823277748679,148227,0,12807,618,8,14850.0,0.36789311838418887,-18403.5,5878.5,12.5,37.5,37.5
NC_007958.1,SAGE-GI-R,4892717,56,1636600,27.2,100.0,92.34102589942557,96.0180236822802,92.94781382228491,0.6989571747901764,137445,0,12807,11400,8,17231.0,0.24277036048064088,-24944.0,10187.0,0.0,0.0,12.5
NC_007958.1,Emb-only-R,4892717,58,1581900,26.2,100.0,92.54257784944069,96.12687113995602,93.13339766906688,0.7040961351964106,137745,0,12807,11100,8,18289.5,0.2195276919667879,-24544.0,11478.5,0.0,0.0,6.25
NC_008023.1,SAGE-GI-P,1860355,5,191000,12.6,68.14929537803832,93.24028509885646,78.74436145825631,88.1239825809597,0.724524845646114,53243,24884,160047,3860,1,5308.5,0.8337456937049796,-6757.0,-3860.0,0.0,0.0,50.0
NC_008023.1,Emb-only-P,1860355,5,221000,10.3,52.99340108090892,93.24028509885646,67.5784076053156,78.89222175396846,0.583366241401995,53243,47228,137703,3860,1,5308.5,0.8337456937049796,-6757.0,-3860.0,0.0,0.0,50.0
NC_008023.1,SAGE-GI-R,1860355,21,686600,13.1,38.70182858227265,100.0,55.80579431123533,62.63210953832933,0.4446816533519226,57103,90443,94488,0,1,6348.5,0.8180945558739255,-9007.0,3690.0,0.0,0.0,50.0
NC_008023.1,Emb-only-R,1860355,19,653200,12.2,37.66415365639696,100.0,54.718897630250005,60.95259343728567,0.4291397098921923,57103,94508,90423,0,1,6298.5,0.8192682926829268,-9207.0,3390.0,0.0,0.0,50.0
NC_008024.1,SAGE-GI-P,1937111,6,217000,16.1,67.63785848743218,100.0,80.69520703463651,90.00718016223747,0.7687304854517939,48867,23381,161730,0,1,17066.5,0.5887590361445784,-11459.0,22674.0,0.0,0.0,0.0
NC_008024.1,Emb-only-P,1937111,4,236000,11.8,50.82424154177371,100.0,67.39532189551497,79.79211720760071,0.6151622012048024,48867,47282,137829,0,1,17066.5,0.5887590361445784,-11459.0,22674.0,0.0,0.0,0.0
NC_008024.1,SAGE-GI-R,1937111,20,707600,14.8,37.98504446240906,100.0,55.05675576711827,65.90234979357034,0.4649071743366495,48867,79781,105330,0,1,24666.5,0.49762729124236255,-29909.0,19424.0,0.0,0.0,0.0
NC_008024.1,Emb-only-R,1937111,20,666100,11.6,39.43622189583098,100.0,56.565247336223315,67.92561693834463,0.4842327775833563,48867,75047,110064,0,1,25766.5,0.4867231075697211,-31809.0,19724.0,0.0,0.0,0.0
NC_008060.1,SAGE-GI-P,3294563,6,190000,13.1,41.326384043993926,14.62670669119783,21.606273758139896,75.55140683045208,0.1294314146435609,30210,42891,647230,176330,2,2956.0,0.6950503432494279,-2956.0,2939.0,25.0,50.0,75.0
NC_008060.1,Emb-only-P,3294563,7,196300,11.2,64.86214955741917,29.695458506826768,40.73942457464156,80.10028316164079,0.34108707678908395,61333,33226,656895,145207,4,5314.5,0.4059144736842105,-2956.0,2939.0,25.0,37.5,50.0
NC_008060.1,SAGE-GI-R,3294563,37,1223500,12.8,30.281800581879537,54.22339498402246,38.86109067691923,60.69975163411814,0.1442183293111241,111993,257843,432278,94547,8,15480.0,0.34788563711276776,-4990.5,16031.0,12.5,12.5,31.25
NC_008060.1,Emb-only-R,3294563,34,1128800,9.5,26.23929366257693,41.84274232594171,32.2529720974583,59.51011586318575,0.05799815344554305,86422,242939,447182,120118,7,15808.0,0.275,-5609.0,16289.0,0.0,0.0,14.285714285714285
NC_008061.1,SAGE-GI-P,2788459,6,294000,11.0,73.29881656804734,100.0,84.59240290226205,98.86413182723297,0.8511136364790638,13874,5054,426018,0,1,46063.0,0.1308867924528302,-39914.0,52212.0,0.0,0.0,0.0
NC_008061.1,Emb-only-P,2788459,7,314000,10.3,73.29881656804734,100.0,84.59240290226205,98.86413182723297,0.8511136364790638,13874,5054,426018,0,1,46063.0,0.1308867924528302,-39914.0,52212.0,0.0,0.0,0.0
NC_008061.1,SAGE-GI-R,2788459,31,940500,12.5,9.501698444006136,100.0,17.354431171430356,70.30156468425382,0.25669089567749515,13874,132142,298930,0,1,60763.0,0.10246676514032496,-52464.0,69062.0,0.0,0.0,0.0
NC_008061.1,Emb-only-R,2788459,32,939100,11.7,10.574050362782756,100.0,19.12573579079417,73.62960898625902,0.2774146179908441,13874,117334,313738,0,1,61263.0,0.10171554252199413,-53264.0,69262.0,0.0,0.0,0.0
NC_008253.1,SAGE-GI-P,4938920,11,607000,20.3,84.85108729073232,87.51407919341257,86.16201201524515,96.16704216909687,0.8395155966662233,80029,14288,564922,11418,6,29556.0,0.1773340312143129,-25997.5,33610.0,0.0,8.333333333333332,8.333333333333332
NC_008253.1,Emb-only-P,4938920,10,635000,18.1,86.4869721473495,100.0,92.75390248602814,97.86955179771478,0.9184416388259141,91447,14288,564922,0,7,29556.0,0.15347887323943663,-23316.0,36787.0,0.0,14.285714285714285,14.285714285714285
NC_008253.1,SAGE-GI-R,4938920,48,1684300,34.2,32.21303217534046,100.0,48.7289817733242,71.30649497433113,0.46379597456642585,91447,192435,386775,0,7,39934.0,0.11585836909871244,-26066.0,62212.0,0.0,0.0,7.142857142857142
NC_008253.1,Emb-only-R,4938920,51,1714600,16.0,32.81339706051211,100.0,49.412781822848416,72.08095941740712,0.4712305430386046,91447,187241,391969,0,7,38434.0,0.11801092896174864,-25366.0,60712.0,0.0,0.0,7.142857142857142
NC_008258.1,SAGE-GI-P,4574284,6,273000,21.1,22.337106868881087,21.73290573817432,22.030864496154027,86.72540860735806,0.14779130764549617,11385,39584,515092,41001,1,35307.5,0.13884146341463416,-24332.0,46283.0,0.0,0.0,0.0
NC_008258.1,Emb-only-P,4574284,8,305000,17.8,22.337106868881087,21.73290573817432,22.030864496154027,86.72540860735806,0.14779130764549617,11385,39584,515092,41001,1,35307.5,0.13884146341463416,-24332.0,46283.0,0.0,0.0,0.0
NC_008258.1,SAGE-GI-R,4574284,55,1544400,26.2,16.61048103544271,83.1462604512656,27.68934433524468,62.524750354988456,0.24785479132273222,43557,218669,336007,8829,4,12686.5,0.2824178793630707,-13344.5,10886.0,12.5,12.5,25.0
NC_008258.1,Emb-only-R,4574284,53,1611800,13.4,20.279812322891342,100.0,33.72105747629561,66.07759998155048,0.3570811261928032,52386,205930,348746,0,5,16991.5,0.29185758513931886,-14427.0,19556.0,0.0,0.0,10.0
NC_008321.1,SAGE-GI-P,4706287,8,254000,17.2,67.98816045237675,51.384974958263776,58.531928650211086,48.37988826815642,-0.0688206637622268,76949,36231,25239,72801,4,5247.5,0.537207619047619,-5833.5,4057.0,12.5,37.5,50.0
NC_008321.1,Emb-only-P,4706287,8,216100,12.4,65.22269149548859,45.37495826377296,53.51789863348168,44.1189281318057,-0.12325406206785434,67949,36231,25239,81801,4,7132.5,0.537207619047619,-5833.5,4057.0,0.0,25.0,37.5
NC_008321.1,SAGE-GI-R,4706287,58,1520400,20.4,62.224358629591784,61.806343906510854,62.01464686057342,46.31947732222327,-0.2946230257836907,92555,56189,5281,57195,7,11302.5,0.25711583924349884,-5165.0,12162.0,0.0,14.285714285714285,21.428571428571427
NC_008321.1,Emb-only-R,4706287,59,1580700,12.7,61.557297428563714,60.93823038397329,61.246199587911164,45.32525329040811,-0.31548880482246827,91255,56989,4481,58495,7,11936.0,0.25175925925925924,-7057.0,11962.0,0.0,7.142857142857142,14.285714285714285
NC_008322.1,SAGE-GI-P,4792610,9,263000,16.7,70.64252785247791,51.6389702113917,59.66409390120743,55.42332844765375,0.13236769332349224,73553,30567,50097,68884,3,4885.5,0.5854117647058823,-3660.0,6111.0,16.666666666666664,33.33333333333333,50.0
NC_008322.1,Emb-only-P,4792610,8,244000,13.1,67.19623606797003,51.6389702113917,58.39926636680865,53.02979368088893,0.0684734069605769,73553,35907,44757,68884,3,4885.5,0.5854117647058823,-3660.0,6111.0,16.666666666666664,33.33333333333333,50.0
NC_008322.1,SAGE-GI-R,4792610,61,1632300,19.2,61.998274635983165,74.67371539698252,67.74821255115528,54.60845088099112,-0.07009384430502365,106363,65195,15469,36074,7,8075.0,0.34665322580645164,-4210.0,12379.0,7.142857142857142,7.142857142857142,42.857142857142854
NC_008322.1,Emb-only-R,4792610,64,1616800,11.5,61.651765730670114,71.5537395480107,66.23471572797487,53.423337412203445,-0.07718132616588703,101919,63395,17269,40518,7,10811.0,0.2711716621253406,-7807.0,11879.0,0.0,14.285714285714285,35.714285714285715
NC_008390.1,SAGE-GI-P,3556545,8,266000,15.6,21.677343186339883,100.0,35.630862112336935,95.00781074719795,0.4536519309314415,9915,35824,671862,0,1,23042.5,0.17705357142857142,-520.0,45565.0,50.0,50.0,50.0
NC_008390.1,Emb-only-P,3556545,9,301000,8.9,21.23444627674384,100.0,35.030384397964944,94.87486778864577,0.44867477473948825,9915,36778,670908,0,1,23042.5,0.17705357142857142,-520.0,45565.0,50.0,50.0,50.0
NC_008390.1,SAGE-GI-R,3556545,41,1306600,13.2,3.62975409926087,100.0,7.005235380147947,63.31610463196121,0.15098223388212828,9915,263244,444442,0,1,32392.5,0.13273092369477912,-10670.0,54115.0,0.0,0.0,0.0
NC_008390.1,Emb-only-R,3556545,36,1211100,8.8,3.9778061285896538,100.0,7.651259969209756,66.64678560927312,0.16224955747310796,9915,239343,468343,0,1,30142.5,0.14123931623931624,-11070.0,49215.0,0.0,0.0,0.0
NC_008463.1,SAGE-GI-P,6537648,13,490000,20.6,64.19784594967076,53.9681177454998,58.64018370225315,67.77573273435088,0.3289771880520976,75462,42084,148427,64365,6,4237.5,0.42854166666666665,-2489.5,5464.0,25.0,33.33333333333333,58.333333333333336
NC_008463.1,Emb-only-P,6537648,12,461000,14.9,63.43103549723873,53.9681177454998,58.31819903088944,67.34556726746544,0.3204268717718484,75462,43505,147006,64365,6,4237.5,0.42854166666666665,-2489.5,5464.0,25.0,33.33333333333333,58.333333333333336
NC_008463.1,SAGE-GI-R,6537648,74,2192500,16.5,50.6217697120429,93.16154962918463,65.59874306634403,58.640241207490504,0.3151306666834706,130265,127065,63446,9562,11,11929.5,0.24179419525065962,-10520.0,15874.0,0.0,9.090909090909092,22.727272727272727
NC_008463.1,Emb-only-R,6537648,75,2217500,14.2,52.005521544030564,89.18377709598289,65.69972208685115,60.58309973421162,0.3187247761919277,124703,115085,75426,15124,11,10612.5,0.32595394736842104,-10120.0,10854.0,0.0,0.0,22.727272727272727
NC_008543.1,SAGE-GI-P,2998664,7,341000,11.3,100.0,100.0,100.0,100.0,1.0,11095,0,445889,0,1,55952.5,0.09020325203252033,-68985.0,42920.0,0.0,0.0,0.0
NC_008543.1,Emb-only-P,2998664,7,340000,9.3,100.0,100.0,100.0,100.0,1.0,11095,0,445889,0,1,55452.5,0.09094262295081967,-68985.0,41920.0,0.0,0.0,0.0
NC_008543.1,SAGE-GI-R,2998664,30,1023700,12.8,9.044296264897207,100.0,16.588297737143883,75.58360905414632,0.26040462571726586,11095,111579,334310,0,1,64002.5,0.0797627606038821,-68835.0,59170.0,0.0,0.0,0.0
NC_008543.1,Emb-only-R,2998664,32,978200,8.6,9.619469563634157,100.0,17.550658841767248,77.18869807258022,0.2714874246296516,11095,104244,341645,0,1,62852.5,0.08110380116959064,-70235.0,55470.0,0.0,0.0,0.0
NC_008563.1,SAGE-GI-P,5082025,14,624000,15.1,82.55862544825509,77.44523351535649,79.92022277414013,93.87972501200743,0.7636850259676948,84952,17947,569845,24741,6,13705.5,0.25785192871134904,-12371.0,14801.5,8.333333333333332,8.333333333333332,16.666666666666664
NC_008563.1,Emb-only-P,5082025,14,666000,11.7,84.16003247956787,86.92897450156345,85.52209690800242,95.37122662136103,0.8278356398611693,95355,17947,569845,14338,7,13705.5,0.260075,-11788.0,15146.0,7.142857142857142,7.142857142857142,21.428571428571427
NC_008563.1,SAGE-GI-R,5082025,52,1772400,15.9,40.12062558520599,100.0,57.265838512559355,76.52781063392044,0.5380149851692825,109693,163715,424077,0,8,20844.0,0.27091398504430453,-13465.5,27807.0,0.0,0.0,6.25
NC_008563.1,Emb-only-R,5082025,42,1718300,13.7,42.54469999612148,100.0,59.69313485142427,78.76126368308995,0.5641140358103878,109693,148137,439655,0,8,20894.0,0.27393967013888887,-15215.5,28257.0,0.0,6.25,12.5
NC_008577.1,SAGE-GI-P,4972204,9,348000,16.6,65.44961818430092,61.58453418727391,63.45827753194047,63.78852713804171,0.2768722700811076,62310,32893,64101,38868,4,13260.0,0.27237916666666667,-13260.0,31381.5,12.5,12.5,25.0
NC_008577.1,Emb-only-P,4972204,10,387000,12.0,74.72471741753048,96.11377967542352,84.08028808950489,81.41765738853117,0.6548651899719233,97246,32893,64101,3932,6,12606.5,0.47082089126051313,-13260.0,7033.0,8.333333333333332,33.33333333333333,41.66666666666667
NC_008577.1,SAGE-GI-R,4972204,53,1605400,21.2,61.12070944435719,100.0,75.86946414913241,67.52316169791898,0.4534787208748853,101178,64360,32634,0,6,20055.5,0.2818884892086331,-20055.5,28243.0,0.0,8.333333333333332,8.333333333333332
NC_008577.1,Emb-only-R,4972204,60,1672800,14.1,68.47362650749179,100.0,81.28705712219812,76.49314736693378,0.596551000757867,101178,46584,50410,0,6,21855.5,0.25183444158823903,-21855.5,34281.5,0.0,0.0,0.0
NC_008595.1,SAGE-GI-P,5475491,9,448000,18.4,98.91073478760046,80.7529174673103,88.9142606496891,94.35452876115642,0.8596733922915071,68921,759,218314,16427,5,35005.5,0.18293023255813953,-10252.0,44595.0,10.0,10.0,20.0
NC_008595.1,Emb-only-P,5475491,9,408000,15.5,98.91073478760046,80.7529174673103,88.9142606496891,94.35452876115642,0.8596733922915071,68921,759,218314,16427,5,20890.0,0.18293023255813953,-10252.0,43046.0,10.0,10.0,20.0
NC_008595.1,SAGE-GI-R,5475491,47,1790100,31.9,70.63185335374685,100.0,82.78859071795443,88.34278844100768,0.7693530025151232,85348,35487,183586,0,6,49080.0,0.11552200172562553,-34758.5,55920.5,0.0,0.0,8.333333333333332
NC_008595.1,Emb-only-R,5475491,53,1802500,28.8,75.61284606866002,100.0,86.11311502701501,90.957588339832,0.8130924125472214,85348,27527,191546,0,6,36040.0,0.11512467755803954,-34858.5,42980.5,0.0,0.0,8.333333333333332
NC_008600.1,SAGE-GI-P,5257091,9,273500,20.8,16.961761515531983,89.59621024137154,28.52362006808095,93.24745426013259,0.3730993282500228,19859,97222,1354546,2306,2,1153.0,0.7237280995461695,1153.0,3570.5,50.0,75.0,75.0
NC_008600.1,Emb-only-P,5257091,10,342500,23.0,15.720935387343454,89.59621024137154,26.748469562992046,92.62049224761235,0.3576552431969816,19859,106463,1345305,2306,2,4348.5,0.3887350123745983,1153.0,18070.5,25.0,50.0,50.0
NC_008600.1,SAGE-GI-R,5257091,65,1858100,30.4,4.620779226194075,100.0,8.833387134698691,68.95951172814505,0.17789233532854012,22165,457516,994252,0,2,8545.5,0.3129549195542387,-3497.0,25820.5,0.0,25.0,50.0
NC_008600.1,Emb-only-R,5257091,61,1796300,15.9,4.559011065860381,100.0,8.720455596101072,68.51858259500261,0.17612089840572157,22165,464015,987753,0,2,8595.5,0.25282215760761306,-5447.0,48970.5,0.0,0.0,0.0
NC_008611.1,SAGE-GI-P,5631606,8,281000,20.6,100.0,100.0,100.0,100.0,1.0,8161,0,285355,0,1,8419.5,0.32644,-7933.0,8906.0,0.0,0.0,0.0
NC_008611.1,Emb-only-P,5631606,1,25000,15.4,100.0,100.0,100.0,100.0,1.0,8161,0,285355,0,1,8419.5,0.32644,-7933.0,8906.0,0.0,0.0,0.0
NC_008611.1,SAGE-GI-R,5631606,73,1995300,17.6,5.813464785120494,100.0,10.988138035033861,54.95305196309571,0.17662900040391988,8161,132220,153135,0,1,26019.5,0.13556478405315614,-14983.0,37056.0,0.0,0.0,0.0
NC_008611.1,Emb-only-R,5631606,79,1894100,11.8,6.023500583086076,100.0,11.362576315551317,56.62076343367993,0.18264235783466018,8161,127325,158030,0,1,17169.5,0.1920235294117647,-27383.0,6956.0,0.0,0.0,0.0
NC_008750.1,SAGE-GI-P,4708380,8,369000,18.4,79.99728091982597,52.34603360191139,63.282990458924196,57.51076395165185,0.2013412440705079,123567,30897,70514,112491,6,23825.5,0.22224809160305342,-32916.5,19669.5,0.0,0.0,8.333333333333332
NC_008750.1,Emb-only-P,4708380,11,413000,10.9,81.64531018873305,58.22128459954757,67.97183913588582,61.62047476953438,0.25449401015475065,137436,30897,70514,98622,7,20012.0,0.22503053435114503,-18169.0,9857.0,0.0,0.0,14.285714285714285
NC_008750.1,SAGE-GI-R,4708380,53,1649000,13.7,78.85408874840142,83.06306077319981,80.90386948233605,72.57170288233881,0.3249839658098905,196077,52581,48830,39981,10,24925.5,0.22041418846030497,-37516.5,11992.0,0.0,0.0,5.0
NC_008750.1,Emb-only-R,4708380,54,1604700,13.2,81.0836161112547,82.39712274102128,81.7350926587385,74.24059691408692,0.3807493538067572,194505,45377,56034,41553,9,23659.5,0.2273631284916201,-26400.0,12754.0,5.555555555555555,11.11111111111111,11.11111111111111
NC_008819.1,SAGE-GI-P,1864731,3,104000,10.5,62.6269908894278,50.28682700910478,55.78259092766652,95.2959005269908,0.5368809543155585,9555,5702,297314,9446,1,10722.5,0.3082258064516129,-16672.0,4773.0,0.0,0.0,50.0
NC_008819.1,Emb-only-P,1864731,4,151000,7.5,0.0,0.0,0.0,87.5438253259921,-0.0663259409207628,0,21110,281906,19001,0,,,,,,,
NC_008819.1,SAGE-GI-R,1864731,22,694700,8.0,21.795136499197064,100.0,35.78983057232462,78.8275153175143,0.41098907547451374,19001,68179,234837,0,2,17323.0,0.21543083900226756,-17323.0,17276.5,0.0,50.0,50.0
NC_008819.1,Emb-only-R,1864731,20,634100,7.1,23.43838961499045,97.49486869112151,37.791468614210814,81.0606272339659,0.42448476417879377,18525,60512,242504,476,2,16072.5,0.22090844395803538,-14823.0,17376.5,25.0,50.0,50.0
NC_009052.1,SAGE-GI-P,5127376,6,184000,14.8,55.77371695178849,18.991615180935568,28.334869633921517,47.57742137456052,0.011566155775736166,17214,13650,61814,73426,1,4893.0,0.6375555555555555,-9464.0,322.0,50.0,50.0,50.0
NC_009052.1,Emb-only-P,5127376,7,189400,9.5,58.31933799505329,21.071270962047663,30.95737869664233,48.712252564658286,0.0373340460343184,19099,13650,61814,71541,2,8695.5,0.36297058501742707,-10489.5,-3802.5,25.0,25.0,25.0
NC_009052.1,SAGE-GI-R,5127376,53,1764000,12.9,58.62259199618298,86.75419240953221,69.96654447093997,59.35799258296007,0.16679710914193593,78634,55502,19962,12006,7,7592.0,0.38472727272727275,-9465.0,5719.0,0.0,14.285714285714285,35.714285714285715
NC_009052.1,Emb-only-R,5127376,56,1660800,10.9,55.779391846637,82.69307149161517,66.6207435981761,54.78254587487358,0.05005849105424173,74953,59421,16043,15687,7,7599.0,0.38506524891251814,-9365.0,5373.0,0.0,14.285714285714285,35.714285714285715
NC_009074.1,SAGE-GI-P,3912947,12,313000,12.1,16.589713735094552,26.742605656591806,20.476733237524158,88.53164511729568,0.15147661506972432,12396,62325,730867,33957,1,6802.0,0.4767692307692308,-3515.0,10089.0,0.0,0.0,50.0
NC_009074.1,Emb-only-P,3912947,12,286000,9.1,26.38681936225467,26.742605656591806,26.563521230887915,91.8361731652264,0.22242128214157542,12396,34582,758610,33957,1,6302.0,0.49584,-4515.0,8089.0,0.0,0.0,50.0
NC_009074.1,SAGE-GI-R,3912947,42,1423500,11.9,11.83488908860656,100.0,21.16493195469582,58.869268472803725,0.2585081579740522,46353,345311,447881,0,3,10902.0,0.2918780487804878,-11865.0,9939.0,0.0,16.666666666666664,33.33333333333333
NC_009074.1,Emb-only-R,3912947,42,1329400,9.3,13.011039721101783,100.0,23.026139310303716,63.08643372302855,0.28155869651389376,46353,309906,483286,0,3,11702.0,0.3060613810741688,-12665.0,10739.0,0.0,16.666666666666664,16.666666666666664
NC_009076.1,SAGE-GI-P,3988455,8,294900,13.5,23.574783305968154,59.54286816472176,33.77646479566715,93.86083027135587,0.3491305698340547,12348,40030,727938,8390,1,19826.0,0.23746153846153847,-3317.0,36335.0,0.0,0.0,50.0
NC_009076.1,Emb-only-P,3988455,8,296200,51.4,23.396112016370456,59.54286816472176,33.59268730616464,93.81011428846745,0.3475660221466337,12348,40430,727538,8390,1,19826.0,0.23746153846153847,-3317.0,36335.0,0.0,0.0,50.0
NC_009076.1,SAGE-GI-R,3988455,41,1407700,21.2,7.44132306135557,100.0,13.851882775319362,67.29465732478262,0.22230370223855642,20738,257949,510019,0,2,11762.5,0.32071547961742036,-8909.5,25921.5,0.0,25.0,25.0
NC_009076.1,Emb-only-R,3988455,40,1336400,16.9,7.170493719162002,100.0,13.381469974286258,65.96006623507365,0.21595719155550805,20738,268475,499493,0,2,10809.5,0.31241288203370465,-10809.5,26721.5,0.0,0.0,25.0
NC_009080.1,SAGE-GI-P,3495687,9,272700,56.9,0.0,0.0,0.0,82.98277496512355,-0.08169340967286004,0,91227,601377,32097,0,,,,,,,
NC_009080.1,Emb-only-P,3495687,8,146600,16.0,0.0,0.0,0.0,90.49290672980995,-0.049791691329713464,0,36801,655803,32097,0,,,,,,,
NC_009080.1,SAGE-GI-R,3495687,42,1226700,19.1,7.235861623797215,71.2465339439823,13.137470054634138,58.27272212954032,0.11997508731957142,22868,293169,399435,9229,1,8630.5,0.5698621944229859,9229.0,8032.0,0.0,0.0,0.0
NC_009080.1,Emb-only-R,3495687,48,1248100,15.2,8.24625993304747,100.0,15.236110583678276,50.71981410264371,0.19985400544520643,32097,357134,335470,0,1,10401.5,0.6067485822306238,-12871.0,7932.0,0.0,0.0,0.0
NC_009085.1,SAGE-GI-P,3976747,7,364800,24.5,80.98954452888293,85.39100037967557,83.13205406817791,95.32519876471362,0.804588004598189,130445,30619,948988,22317,3,24478.0,0.19398245614035087,-6605.0,33355.0,0.0,16.666666666666664,16.666666666666664
NC_009085.1,Emb-only-P,3976747,7,416000,11.8,81.30707139963225,85.39100037967557,83.29900988834503,95.38074602890048,0.8065318098747449,130445,29990,949617,22317,3,31480.0,0.13484146341463416,-31605.0,31355.0,0.0,16.666666666666664,16.666666666666664
NC_009085.1,SAGE-GI-R,3976747,41,1347700,13.8,36.95884644231002,100.0,53.9707326724278,76.9891263360265,0.5208461847491115,152762,260568,719039,0,4,36203.0,0.3464895189446566,-19807.5,43069.5,12.5,12.5,12.5
NC_009085.1,Emb-only-R,3976747,42,1284400,14.1,37.617028402011336,100.0,54.669147908241776,77.62778740852143,0.528099375797354,152762,253336,726271,0,4,36653.0,0.3401485250324937,-21857.5,42769.5,0.0,12.5,12.5
NC_009256.1,SAGE-GI-P,3652814,6,434000,17.0,100.0,91.66529752885837,95.65142851700284,97.14499216785286,0.9372853561689455,301280,0,630833,27394,12,35141.5,0.16834130434782607,-43079.0,34916.5,16.666666666666664,16.666666666666664,16.666666666666664
NC_009256.1,Emb-only-P,3652814,6,434000,9.9,100.0,91.66529752885837,95.65142851700284,97.14499216785286,0.9372853561689455,301280,0,630833,27394,12,35141.5,0.16834130434782607,-43079.0,34916.5,16.666666666666664,16.666666666666664,16.666666666666664
NC_009256.1,SAGE-GI-R,3652814,33,1312400,15.4,65.98408788402585,100.0,79.50652225185509,82.3412439930089,0.6947032321215035,328674,169437,461396,0,15,35960.0,0.14642384105960266,-36344.0,34290.0,0.0,0.0,6.666666666666667
NC_009256.1,Emb-only-R,3652814,34,1302700,13.5,66.34892565587074,100.0,79.77078949476122,82.62670308814839,0.6986857813814419,328674,166698,464135,0,15,35610.0,0.13389802631578948,-35126.0,36094.0,0.0,0.0,6.666666666666667
NC_009342.1,SAGE-GI-P,3314179,8,329000,18.3,61.35730084611873,77.16667549762447,68.35984713654837,94.5575837499243,0.659397618483663,87382,55033,1317999,25856,5,5757.5,0.40756588912450775,-6690.0,1872.0,10.0,40.0,50.0
NC_009342.1,Emb-only-P,3314179,7,326000,17.2,60.2405808619008,73.63429237535102,66.2674396887778,94.28845364570367,0.6356172510017644,83382,55033,1317999,29856,5,6085.5,0.40756588912450775,-6690.0,1872.0,10.0,30.0,40.0
NC_009342.1,SAGE-GI-R,3314179,36,1072400,16.0,28.256564254077936,92.7347710132641,43.314936725568806,81.50739771373976,0.44917151085990503,105011,266623,1106409,8227,6,10832.5,0.25361684485374547,-10907.0,8906.5,8.333333333333332,8.333333333333332,16.666666666666664
NC_009342.1,Emb-only-R,3314179,37,1032000,10.8,30.720228772197128,95.43704410180328,46.479251831606206,83.25425393770983,0.48488824124148255,108071,243720,1129312,5167,7,9615.5,0.20057651991614256,-8174.0,10091.0,7.142857142857142,14.285714285714285,21.428571428571427
NC_009438.1,SAGE-GI-P,4659220,6,317000,24.1,74.66902424389434,64.76698281923935,69.36640703063152,61.648651056437366,0.19126333771731782,116975,39683,49104,63634,7,32211.0,0.16425742574257426,-66879.0,8033.0,21.428571428571427,28.57142857142857,28.57142857142857
NC_009438.1,Emb-only-P,4659220,7,362000,13.6,74.66902424389434,64.76698281923935,69.36640703063152,61.648651056437366,0.19126333771731782,116975,39683,49104,63634,7,32539.5,0.16425742574257426,-66879.0,8033.0,14.285714285714285,21.428571428571427,21.428571428571427
NC_009438.1,SAGE-GI-R,4659220,51,1606600,15.9,76.43038979844454,90.59681411225354,82.91283880677183,74.96547832929961,0.39293079891065447,163626,50459,38328,16983,11,23193.0,0.17109803921568628,-40370.0,11985.0,4.545454545454546,13.636363636363635,18.181818181818183
NC_009438.1,Emb-only-R,4659220,48,1497200,11.7,73.55266765860084,90.59681411225354,81.18986776490436,71.85630076170396,0.3015349116413801,163626,58835,29952,16983,11,27643.0,0.15008149959250203,-41999.0,13391.0,4.545454545454546,9.090909090909092,18.181818181818183
NC_009445.1,SAGE-GI-P,7456587,14,523000,20.8,98.58298445670746,44.777288255610294,61.58301220554328,51.13665028085567,0.27260688686772533,190972,2745,58379,235521,11,15420.0,0.31222222222222223,-16327.0,8818.0,13.636363636363635,13.636363636363635,18.181818181818183
NC_009445.1,Emb-only-P,7456587,11,395600,18.0,98.41843260621565,40.05153660200754,56.93378107006858,47.003283314568606,0.24592435401315385,170817,2745,58379,255676,10,13355.0,0.3375845135205108,-1708.5,12191.0,20.0,20.0,25.0
NC_009445.1,SAGE-GI-R,7456587,90,2418900,24.8,91.80519573501063,81.17671333409928,86.16443299610506,77.19849800150527,0.24216314209426806,346213,30904,30220,80280,19,12182.0,0.35782456140350877,-10866.0,13217.0,5.263157894736842,15.789473684210526,34.21052631578947
NC_009445.1,Emb-only-R,7456587,85,2284700,20.6,94.84553974314474,80.7269990363265,87.21860319012438,79.30568458441769,0.38045073298624155,344295,18711,42413,82198,19,11000.0,0.33993564748453836,-11647.0,9794.0,5.263157894736842,7.894736842105263,21.052631578947366
NC_009485.1,SAGE-GI-P,8264687,14,931000,26.0,91.13545502485724,47.19204314978493,62.18385184091721,60.558214278840914,0.3593792866847898,404399,39335,350791,452523,24,30375.0,0.16562037267080745,-36558.5,26391.5,4.166666666666666,12.5,18.75
NC_009485.1,Emb-only-P,8264687,13,814000,18.1,90.14560504256417,41.99063625394143,57.293461265329384,56.984013446154435,0.3171241377875986,359827,39335,350791,497095,23,26935.5,0.1480960451977401,-24439.0,29432.0,4.3478260869565215,8.695652173913043,15.217391304347828
NC_009485.1,SAGE-GI-R,8264687,80,2713700,21.1,80.09688127669601,80.13576498211039,80.11631841144285,72.66680993835041,0.3640740393546292,686701,170637,219489,170221,46,21767.0,0.18293117024534056,-28628.0,19930.0,5.434782608695652,8.695652173913043,19.565217391304348
NC_009485.1,Emb-only-R,8264687,78,2637500,16.8,83.96458141272659,78.54518847689754,81.16452170138103,74.9494005042308,0.441192978535061,673071,128542,261584,183851,43,25176.5,0.18302348336594912,-29796.0,21301.0,4.651162790697675,10.465116279069768,19.767441860465116
NC_009504.1,SAGE-GI-P,1164220,2,74000,9.5,82.29173398823757,100.0,90.28575480394242,98.62377257088325,0.900454519470881,12733,2740,183622,0,1,19133.5,0.24966666666666668,-12057.0,26210.0,0.0,0.0,0.0
NC_009504.1,Emb-only-P,1164220,1,51000,6.4,82.29173398823757,100.0,90.28575480394242,98.62377257088325,0.900454519470881,12733,2740,183622,0,1,19133.5,0.24966666666666668,-12057.0,26210.0,0.0,0.0,0.0
NC_009504.1,SAGE-GI-R,1164220,14,423200,7.0,13.609012109487725,100.0,23.957627756453675,59.401290841055776,0.2776046288458968,12733,80830,105532,0,1,24683.5,0.2050402576489533,-19107.0,30260.0,0.0,0.0,0.0
NC_009504.1,Emb-only-R,1164220,15,411400,6.3,20.496104565063423,100.0,34.01953057162322,75.19224490820964,0.3881247126427336,12733,49391,136971,0,1,23283.5,0.21472175379426645,-16207.0,30360.0,0.0,0.0,0.0
NC_009487.1,SAGE-GI-P,2906700,9,314000,11.5,100.0,100.0,100.0,100.0,1.0,16631,0,240755,0,1,16684.5,0.33262,-23404.0,9965.0,0.0,0.0,0.0
NC_009487.1,Emb-only-P,2906700,8,270000,8.3,100.0,100.0,100.0,100.0,1.0,16631,0,240755,0,1,20684.5,0.2867413793103448,-23404.0,17965.0,0.0,0.0,0.0
NC_009487.1,SAGE-GI-R,2906700,34,990900,14.8,16.465358493554838,100.0,28.275117522548175,67.21849673253402,0.3270307137143118,16631,84375,156380,0,1,21734.5,0.27672212978369387,-26654.0,16815.0,0.0,0.0,0.0
NC_009487.1,Emb-only-R,2906700,32,967000,9.2,15.745325443786982,100.0,27.206844653841124,65.42391583069787,0.31504185279592006,16631,88994,151761,0,1,21334.5,0.28045531197301854,-27354.0,15315.0,0.0,0.0,0.0
NC_009567.1,SAGE-GI-P,1887192,2,75000,10.5,100.0,92.07255456750202,95.87268183611731,94.46463221026636,0.8820458601697785,18223,0,8553,1569,2,14105.5,0.24107056325168022,-7745.0,19359.0,0.0,25.0,25.0
NC_009567.1,Emb-only-P,1887192,3,110000,8.2,100.0,92.07255456750202,95.87268183611731,94.46463221026636,0.8820458601697785,18223,0,8553,1569,2,14105.5,0.24107056325168022,-7745.0,19359.0,0.0,25.0,25.0
NC_009567.1,SAGE-GI-R,1887192,25,735500,10.6,69.8253660257541,100.0,82.2319629391113,69.8253660257541,0.0,19792,8553,0,0,2,41348.5,0.1056136606189968,-61295.0,22509.0,0.0,0.0,0.0
NC_009567.1,Emb-only-R,1887192,25,702800,7.8,69.8253660257541,100.0,82.2319629391113,69.8253660257541,0.0,19792,8553,0,0,2,42248.5,0.10362303664921466,-63195.0,22409.0,0.0,0.0,0.0
NC_009512.1,SAGE-GI-P,5959964,13,586000,19.4,73.69039368481549,43.62045417023129,54.8015550017442,67.33872158168329,0.34452502177909355,87189,31129,209331,112692,7,19419.5,0.14994244604316548,-16713.0,18438.0,7.142857142857142,14.285714285714285,21.428571428571427
NC_009512.1,Emb-only-P,5959964,14,626000,12.4,74.47563915446301,45.44153771494039,56.44374982522318,68.16535366908828,0.3615397994058476,90829,31129,209331,109052,8,19423.0,0.13076950354609929,-18560.5,16226.0,6.25,12.5,18.75
NC_009512.1,SAGE-GI-R,5959964,58,2149700,17.7,60.63529876097712,86.08422011096603,71.15266523726721,68.31523750911227,0.4121768968454703,172066,111706,128754,27815,14,24077.0,0.13795349718834904,-24956.0,20379.0,7.142857142857142,7.142857142857142,14.285714285714285
NC_009512.1,Emb-only-R,5959964,61,2086900,12.2,63.10527297395146,86.3323677588165,72.91372651753947,70.88438278515969,0.455404683945192,172562,100889,139571,27319,13,25356.0,0.14758949880668257,-26254.0,19464.0,11.538461538461538,11.538461538461538,19.230769230769234
NC_009632.1,SAGE-GI-P,2906507,8,311000,11.7,100.0,100.0,100.0,100.0,1.0,16631,0,252302,0,1,20184.5,0.2917719298245614,-23278.0,17091.0,0.0,0.0,0.0
NC_009632.1,Emb-only-P,2906507,8,253000,8.9,100.0,100.0,100.0,100.0,1.0,16631,0,252302,0,1,20684.5,0.2867413793103448,-23278.0,18091.0,0.0,0.0,0.0
NC_009632.1,SAGE-GI-R,2906507,35,1034300,13.8,19.995431264577874,100.0,33.326987625870444,75.25666244008731,0.38368955201348215,16631,66543,185759,0,1,39034.5,0.17561774023231255,-24028.0,54041.0,0.0,0.0,0.0
NC_009632.1,Emb-only-R,2906507,30,925800,14.1,19.012506573381806,100.0,31.95043465731713,73.65775118709864,0.3697844109619207,16631,70843,181459,0,1,42734.5,0.16288932419196867,-26028.0,59441.0,0.0,0.0,0.0
NC_009665.1,SAGE-GI-P,5229686,11,474400,20.6,93.31006969290034,71.81363488914204,81.162608280472,74.45839402557166,0.47272324556131945,190388,13650,67244,74726,13,17048.5,0.3231527777777778,-12645.0,21838.0,0.0,7.6923076923076925,26.923076923076923
NC_009665.1,Emb-only-P,5229686,8,390000,15.3,92.89443683857097,67.31179794352619,78.06052705826774,71.0090518138309,0.42957375090533184,178453,13650,67244,86661,12,15759.5,0.32879900534720374,-13906.0,12187.0,4.166666666666666,16.666666666666664,33.33333333333333
NC_009665.1,SAGE-GI-R,5229686,60,1781000,17.3,79.73511525290219,90.10765180262077,84.60465083333925,74.87341333148366,0.18696634961087427,238888,60714,20180,26226,17,18407.0,0.2697821350762527,-19152.0,16550.0,5.88235294117647,14.705882352941178,17.647058823529413
NC_009665.1,Emb-only-R,5229686,57,1715100,14.7,81.00551511437634,90.74888538515506,85.60083683794804,76.60747728376222,0.2550415210816724,240588,56414,24480,24526,17,17569.0,0.2664234234234234,-20321.0,16142.0,8.823529411764707,11.76470588235294,20.588235294117645
NC_009708.1,SAGE-GI-P,4723306,6,318000,19.3,51.285959230329595,19.994058229352348,28.771442312830654,54.07857413553522,0.0461610053601584,24228,23013,117042,96948,3,25452.0,0.0970561797752809,-13463.0,22947.0,0.0,0.0,0.0
NC_009708.1,Emb-only-P,4723306,6,325000,12.5,51.285959230329595,19.994058229352348,28.771442312830654,54.07857413553522,0.0461610053601584,24228,23013,117042,96948,3,25452.0,0.08997916666666667,-13463.0,22947.0,0.0,0.0,0.0
NC_009708.1,SAGE-GI-R,4723306,53,1722200,31.0,51.135574169570795,74.71281441869677,60.71563896815471,55.152719240825164,0.13810286251124496,90534,86513,53542,30642,6,37649.0,0.09212493273038905,-18085.0,80694.0,8.333333333333332,8.333333333333332,16.666666666666664
NC_009708.1,Emb-only-R,4723306,54,1702900,13.7,55.32806090865437,78.92156862745098,65.05161125754613,60.6643162564933,0.2507439321339596,95634,77215,62840,25542,6,37499.0,0.1293154291732491,-18435.0,81594.0,0.0,8.333333333333332,16.666666666666664
NC_009782.1,SAGE-GI-P,2880168,7,251000,24.3,100.0,100.0,100.0,100.0,1.0,28310,0,242694,0,1,14845.0,0.48810344827586205,-5.0,29685.0,50.0,50.0,50.0
NC_009782.1,Emb-only-P,2880168,7,234000,16.2,100.0,100.0,100.0,100.0,1.0,28310,0,242694,0,1,6345.0,0.6904878048780487,-5.0,12685.0,50.0,50.0,50.0
NC_009782.1,SAGE-GI-R,2880168,31,1039000,14.3,24.785067675228937,100.0,39.72441276344961,68.29862289855501,0.4001415359507652,28310,85912,156782,0,1,37195.0,0.2756572541382668,-38855.0,35535.0,0.0,0.0,0.0
NC_009782.1,Emb-only-R,2880168,35,992200,19.5,25.28626806481002,100.0,40.36558587846123,69.13403492199377,0.407074805994043,28310,83648,159046,0,1,23745.0,0.3734828496042216,-12555.0,34935.0,0.0,0.0,0.0
NC_009783.1,SAGE-GI-P,3765351,5,240900,19.9,80.84329349269588,30.441305163145394,44.22849877395332,55.42946227943354,0.2442516742417639,60875,14425,130054,139100,5,17030.5,0.17376310308327927,-7517.0,38396.0,0.0,10.0,10.0
NC_009783.1,Emb-only-P,3765351,5,233600,32.1,54.0659447700375,16.653581697712212,25.46373465049776,43.398537976043244,-0.03772922355894925,33303,28294,116185,166672,3,14298.0,0.25782299865617203,1254.0,21942.0,0.0,16.666666666666664,16.666666666666664
NC_009783.1,SAGE-GI-R,3765351,45,1346300,26.1,72.45308274522394,66.58582322790349,69.39565765746985,65.90372009034589,0.31203621710992824,133155,50626,93853,66820,11,12866.0,0.25546000546000547,-7296.0,11528.0,0.0,9.090909090909092,18.181818181818183
NC_009783.1,Emb-only-R,3765351,45,1315800,22.0,69.73199458368462,68.24303037879736,68.97947836635664,64.36621435663398,0.27140756331737886,136469,59236,85243,63506,10,16516.5,0.24048179853723406,-10430.5,28369.0,5.0,15.0,25.0
NC_009800.1,SAGE-GI-P,4643538,9,462000,33.0,40.3714859437751,100.0,57.520921250268216,91.39736662948853,0.6056705548000724,36189,53451,531693,0,3,47029.0,0.09559615384615384,-53429.0,40629.0,0.0,0.0,0.0
NC_009800.1,Emb-only-P,4643538,9,492000,16.3,37.17793301828642,100.0,54.203955695017555,90.15809557837746,0.5769975709678767,36189,61151,523993,0,3,47029.0,0.09559615384615384,-53429.0,40629.0,0.0,0.0,0.0
NC_009800.1,SAGE-GI-R,4643538,56,1688700,36.1,13.763687050975351,100.0,24.196977801551217,63.507169263502824,0.2903495978500164,36189,226742,358402,0,3,51629.0,0.08782685512367491,-55379.0,47879.0,0.0,0.0,0.0
NC_009800.1,Emb-only-R,4643538,48,1528700,30.9,16.102320862848394,100.0,27.738155005307874,69.65314895555201,0.33035675552138266,36189,188555,396589,0,3,50429.0,0.08972924187725632,-54279.0,46579.0,0.0,0.0,0.0
NC_009801.1,SAGE-GI-P,4979619,11,443000,28.5,83.43767785998861,82.24751569741079,82.8383221481705,93.18911413325634,0.7859326963254486,107018,21243,499686,23099,6,11705.0,0.28656191369606004,-11705.0,13717.0,0.0,25.0,25.0
NC_009801.1,Emb-only-P,4979619,11,430000,27.5,80.68800625460231,68.2124549443962,73.92760165919806,90.38408960349959,0.6844417000656222,88756,21243,499686,41361,5,20988.5,0.27553846153846157,-13228.0,21878.0,0.0,30.0,30.0
NC_009801.1,SAGE-GI-R,4979619,57,1723400,14.1,39.048610819343494,100.0,56.165409476944326,68.80389404128127,0.4881008950071763,130117,203101,317828,0,7,23691.5,0.21613817537643934,-17978.0,26328.0,0.0,0.0,14.285714285714285
NC_009801.1,Emb-only-R,4979619,52,1709300,10.3,41.71994536395175,100.0,58.87660379322125,72.08108182831936,0.5211796767630971,130117,181765,339164,0,7,24491.5,0.21924528301886792,-17578.0,26328.0,0.0,7.142857142857142,14.285714285714285
NC_009879.1,SAGE-GI-P,1159772,0,0,7.1,0.0,0.0,0.0,54.04620167008676,0.0,0,0,26601,22618,0,,,,,,,
NC_009879.1,Emb-only-P,1159772,1,28000,6.0,0.0,0.0,0.0,54.04620167008676,0.0,0,0,26601,22618,0,,,,,,,
NC_009879.1,SAGE-GI-R,1159772,15,482500,7.4,29.46329808415557,29.44115306393138,29.45222141135363,35.18559905727463,-0.3049064783362849,6659,15942,10659,15959,1,16061.0,0.17170779505427916,-28741.0,-3381.0,0.0,0.0,50.0
NC_009879.1,Emb-only-R,1159772,16,412400,5.9,0.0,0.0,0.0,27.345130945366623,-0.5565364859518604,0,13142,13459,22618,0,,,,,,,
NC_009900.1,SAGE-GI-P,1360898,3,99300,8.2,100.0,100.0,100.0,100.0,1.0,15317,0,20813,0,1,21841.5,0.25961016949152543,-22256.0,21427.0,0.0,0.0,0.0
NC_009900.1,Emb-only-P,1360898,2,108000,5.9,100.0,100.0,100.0,100.0,1.0,15317,0,20813,0,1,21841.5,0.25961016949152543,-22256.0,21427.0,0.0,0.0,0.0
NC_009900.1,SAGE-GI-R,1360898,17,500800,9.0,54.57298606904906,100.0,70.61128526645768,64.7107666758926,0.45980093137667244,15317,12750,8063,0,1,34041.5,0.18365707434052758,-21106.0,46977.0,0.0,0.0,0.0
NC_009900.1,Emb-only-R,1360898,16,453100,6.1,44.9613995949159,100.0,62.03223716183379,48.10406864101854,0.2111067806157437,15317,18750,2063,0,1,31141.5,0.1973840206185567,-16606.0,45677.0,0.0,0.0,0.0
NC_009901.1,SAGE-GI-P,5174581,8,299000,15.4,21.038597974957128,26.354045583626384,23.39823771857058,59.01123674047148,-0.04152317836412706,17911,67223,150929,50052,1,22044.5,0.28888709677419355,-34164.0,9925.0,0.0,0.0,0.0
NC_009901.1,Emb-only-P,5174581,6,175400,12.4,25.748253356717747,26.354045583626384,26.047627704053816,64.45380354053441,0.026562358771512973,17911,51651,166501,50052,1,13544.5,0.3980222222222222,-17164.0,9925.0,0.0,0.0,0.0
NC_009901.1,SAGE-GI-R,5174581,62,1712100,14.5,32.64250446677297,100.0,49.218769802329746,50.98439438687241,0.34143774222532014,67963,140241,77911,0,4,13504.0,0.3451906661348225,-13889.0,11359.0,0.0,0.0,12.5
NC_009901.1,Emb-only-R,5174581,60,1730300,11.6,36.8520938504834,100.0,53.85682135159122,59.29678625727417,0.4144757726624407,67963,116458,101694,0,4,12110.0,0.4129021816005658,-12439.0,10909.0,12.5,25.0,25.0
NC_009997.1,SAGE-GI-P,5347283,10,498000,15.7,76.19849543444185,56.56830894217501,64.93219522610694,58.09243495521264,0.1670221341366775,130765,40846,65028,100398,8,18336.5,0.2878525323922708,-21284.5,14547.5,0.0,6.25,18.75
NC_009997.1,Emb-only-P,5347283,8,375000,10.8,78.7269799033681,58.36401154163945,67.03317723924627,60.62657809083276,0.22218902890569747,134916,36456,69418,96247,7,16290.5,0.2215978128797084,-19865.0,15773.0,0.0,7.142857142857142,28.57142857142857
NC_009997.1,SAGE-GI-R,5347283,58,1858800,15.5,77.32638008484679,88.39130829760819,82.48944295968543,74.26157958918456,0.3587228928012481,204328,59913,45961,26835,12,21391.5,0.15926529841392473,-21391.5,27697.5,8.333333333333332,12.5,16.666666666666664
NC_009997.1,Emb-only-R,5347283,51,1719000,11.1,77.31779617704181,88.3480487794327,82.46571802367839,74.23190925625377,0.3580568932877015,204228,59913,45961,26935,12,21150.5,0.14705907833166731,-20291.5,28105.0,16.666666666666664,16.666666666666664,16.666666666666664
NC_010084.1,SAGE-GI-P,3448466,9,331400,11.3,41.027269924608326,100.0,58.18345621600854,92.44378475110875,0.6144522003229175,43916,63125,728364,0,4,19262.5,0.1736845466155811,-18697.0,19262.5,12.5,12.5,12.5
NC_010084.1,Emb-only-P,3448466,11,359800,8.3,41.027269924608326,100.0,58.18345621600854,92.44378475110875,0.6144522003229175,43916,63125,728364,0,4,19262.5,0.1736845466155811,-18697.0,19262.5,12.5,12.5,12.5
NC_010084.1,SAGE-GI-R,3448466,38,1264500,13.4,12.987135886440928,100.0,22.98869828773039,64.77947821715216,0.2856431606783391,43916,294234,497255,0,4,28266.5,0.15250298654946612,-22671.0,29804.0,0.0,0.0,0.0
NC_010084.1,Emb-only-R,3448466,32,1230000,11.6,13.616308813270289,100.0,23.96893360732014,66.64982852628366,0.2970401369510787,43916,278609,512880,0,4,23371.0,0.1655695199275362,-23371.0,22854.0,0.0,0.0,0.0
NC_010102.1,SAGE-GI-P,4858887,13,535000,16.1,50.58559899161429,100.0,67.18517485119048,94.85872701308541,0.6916673356871531,28895,28226,491887,0,2,22968.0,0.2818135686707115,-30084.5,22968.0,0.0,0.0,0.0
NC_010102.1,Emb-only-P,4858887,11,500000,12.1,50.58559899161429,100.0,67.18517485119048,94.85872701308541,0.6916673356871531,28895,28226,491887,0,2,22968.0,0.2818135686707115,-30084.5,22968.0,0.0,0.0,0.0
NC_010102.1,SAGE-GI-R,4858887,55,1684800,19.7,17.871942997810464,100.0,30.324337655386646,75.81401363914551,0.3648191261670872,28895,132783,387330,0,2,53991.0,0.10948396674067302,-78684.5,38568.0,0.0,0.0,0.0
NC_010102.1,Emb-only-R,4858887,58,1694600,16.4,18.61947199185499,100.0,31.393618061516065,76.99632792236179,0.37547779727693215,28895,126292,393821,0,2,40918.0,0.16679520552543056,-35784.5,40918.0,0.0,0.0,0.0
NC_010159.1,SAGE-GI-P,4504254,8,233000,15.9,27.155126140633385,54.35401557883427,36.2165548098434,95.37965304939787,0.3632263723029473,10118,27142,725592,8497,1,2441.0,0.6745333333333333,-2404.0,2478.0,0.0,100.0,100.0
NC_010159.1,Emb-only-P,4504254,7,298000,16.6,39.06865395011197,54.35401557883427,45.460876597847815,96.85265683886283,0.4452045158258866,10118,15780,736954,8497,1,2441.0,0.6745333333333333,-2404.0,2478.0,0.0,100.0,100.0
NC_010159.1,SAGE-GI-R,4504254,58,1548100,21.1,7.949420928564107,100.0,14.728047376603648,72.05506197583715,0.23818110299534379,18615,215553,537181,0,2,13010.5,0.242279413627153,-7573.5,23569.0,0.0,0.0,0.0
NC_010159.1,Emb-only-R,4504254,60,1596300,13.8,7.371547371547371,100.0,13.73091391900863,69.67520538692602,0.22540761961766645,18615,233910,518824,0,2,18919.0,0.2096317462101665,-16273.5,18919.0,0.0,0.0,25.0
NC_010167.1,SAGE-GI-P,1400844,2,49000,11.7,0.0,0.0,0.0,54.256829587732824,0.0,0,0,187249,157867,0,,,,,,,
NC_010167.1,Emb-only-P,1400844,4,103000,9.7,0.0,0.0,0.0,53.14531925497514,-0.09734637967352576,0,3836,183413,157867,0,,,,,,,
NC_010167.1,SAGE-GI-R,1400844,17,490400,9.4,39.78739381423945,21.48010667207206,27.898558176844446,49.21272847390443,-0.06846145056035478,33910,51318,135931,123957,2,38541.5,0.11450495760393513,-10843.0,-4639.5,0.0,0.0,0.0
NC_010167.1,Emb-only-R,1400844,18,504100,7.6,66.48306627822286,18.50291701242185,28.9490245437382,58.45367934259785,0.15900596886753163,29210,14726,172523,128657,2,39441.5,0.09995188048130017,-10093.0,-2939.5,0.0,0.0,0.0
NC_010184.1,SAGE-GI-P,5262775,10,430000,18.8,19.61949565879138,100.0,32.80317401563874,92.40067028670323,0.4254452693005713,28359,116186,1384353,0,2,14654.5,0.23016577468557667,-14654.5,40166.0,25.0,25.0,50.0
NC_010184.1,Emb-only-P,5262775,9,445000,15.0,24.18657410171342,100.0,38.95199505528467,94.18587767136853,0.4770090180429428,28359,88892,1411647,0,2,14654.5,0.23016577468557667,-14654.5,40166.0,25.0,25.0,50.0
NC_010184.1,SAGE-GI-R,5262775,57,1867400,20.7,5.482082121070843,98.26862724355584,10.384828938003302,68.54139386669353,0.1897342319116959,27868,480479,1020060,491,2,28358.0,0.16424381091990925,-18704.5,50866.0,25.0,25.0,25.0
NC_010184.1,Emb-only-R,5262775,56,1708200,13.9,5.710359914484716,89.10046193448288,10.732861423841412,72.50849958597631,0.18236753049906368,25268,417226,1083313,3091,2,26408.0,0.14296287172016178,-13804.5,63566.0,0.0,0.0,25.0
NC_010322.1,SAGE-GI-P,6078430,14,558100,21.2,82.80320431986688,63.27256007356763,71.73223760105344,73.4586435765555,0.49082710321940404,158251,32866,186951,91859,11,10473.5,0.2720958819913952,-11572.0,580.0,22.727272727272727,31.818181818181817,31.818181818181817
NC_010322.1,Emb-only-P,6078430,13,575000,15.8,83.61525307968034,67.0596937347567,74.42794414897747,75.47427579177192,0.5256535250871918,167723,32866,186951,82387,11,10473.5,0.2720958819913952,-11572.0,580.0,22.727272727272727,31.818181818181817,31.818181818181817
NC_010322.1,SAGE-GI-R,6078430,67,2171400,21.1,58.00620342170636,82.62364559593779,68.16026650614728,58.91595928729356,0.16970407530349552,206650,149605,70212,43460,13,15300.0,0.26170022371364654,-16447.0,14153.0,3.8461538461538463,11.538461538461538,26.923076923076923
NC_010322.1,Emb-only-R,6078430,69,2161300,15.6,58.63824235674142,82.30618527847747,68.48500676180322,59.68331251449693,0.1865098407850254,205856,145205,74612,44254,13,16779.5,0.2576651982378855,-16447.0,17112.0,3.8461538461538463,3.8461538461538463,23.076923076923077
NC_010334.1,SAGE-GI-P,5226917,10,377000,18.8,13.718450658454682,18.109946681375252,15.611242207586375,55.4073922429837,-0.14160345902409333,8865,55756,110221,40086,1,7067.5,0.3854347826086956,-14041.0,94.0,50.0,50.0,50.0
NC_010334.1,Emb-only-P,5226917,10,321000,12.9,11.917565133223993,18.109946681375252,14.375248303428819,50.86401027320777,-0.18835597157721118,8865,65521,100456,40086,1,7067.5,0.3854347826086956,-14041.0,94.0,50.0,50.0,50.0
NC_010334.1,SAGE-GI-R,5226917,62,1793400,17.5,34.225543588866906,85.8879287450716,48.946400298034824,59.19284597632696,0.3153309596975042,42043,80798,85179,6908,3,12135.0,0.39529309715120525,-19583.0,3644.0,0.0,0.0,33.33333333333333
NC_010334.1,Emb-only-R,5226917,55,1801400,14.8,29.848580947590197,83.64078364078364,43.99634644315495,51.502828854314,0.22399970349677778,40943,96226,69751,8008,3,12719.5,0.32889186338930804,-25083.0,4944.0,0.0,0.0,16.666666666666664
NC_010380.1,SAGE-GI-P,2245615,4,164000,12.2,100.0,74.8856352816749,85.63954971037197,83.53920807129197,0.7118730132124517,58768,0,41256,19709,2,29477.5,0.3456941176470588,-33309.5,22306.5,0.0,25.0,25.0
NC_010380.1,Emb-only-P,2245615,3,136000,8.7,100.0,74.8856352816749,85.63954971037197,83.53920807129197,0.7118730132124517,58768,0,41256,19709,2,30477.5,0.3377471264367816,-35309.5,22306.5,0.0,25.0,25.0
NC_010380.1,SAGE-GI-R,2245615,29,808300,11.5,70.48346970118824,100.0,82.68657345457228,72.55226211654264,0.37864551400924085,78477,32864,8392,0,4,27521.5,0.2348385148778908,-14735.5,34100.5,12.5,25.0,25.0
NC_010380.1,Emb-only-R,2245615,29,811100,9.1,76.81397738951696,100.0,86.88677051848408,80.21598055673874,0.5719232194871258,78477,23688,17568,0,4,22796.0,0.2790503323836657,-14635.5,24492.5,12.5,25.0,25.0
NC_010400.1,SAGE-GI-P,3421954,6,212000,12.4,96.91341056351855,54.87148701529705,70.06998764923836,97.97626578177689,0.7211598043071121,24679,786,996025,20297,1,11660.5,0.5141458333333333,-1055.0,22266.0,0.0,50.0,50.0
NC_010400.1,Emb-only-P,3421954,10,297000,10.6,34.38288030984856,54.87148701529705,42.275573218675326,93.53082731882813,0.40239977463569154,24679,47098,949713,20297,1,660.5,0.9491923076923077,-1055.0,266.0,50.0,100.0,100.0
NC_010400.1,SAGE-GI-R,3421954,37,1160800,14.3,11.135815551913165,100.0,20.040012297766353,65.54861982343799,0.2669508112512985,44976,358910,637901,0,3,13292.0,0.4161720067453626,-19105.0,10075.0,16.666666666666664,16.666666666666664,16.666666666666664
NC_010400.1,Emb-only-R,3421954,37,1058000,10.4,12.583656019875999,100.0,22.354321159466394,70.00922453438179,0.2939292504924996,44976,312440,684371,0,3,9771.5,0.4841025641025641,-11068.0,8475.0,0.0,16.666666666666664,16.666666666666664
NC_010410.1,SAGE-GI-P,3936291,8,299000,17.0,67.71835520146493,82.90890353375099,74.54765659291532,94.30095569513125,0.7183914346022652,91713,43720,944547,18906,3,10257.5,0.5229069767441861,-19304.0,1211.0,33.33333333333333,50.0,50.0
NC_010410.1,Emb-only-P,3936291,6,235000,10.5,85.06279099964755,82.90890353375099,83.9720377042351,96.81395522374477,0.822118674291879,91713,16105,972162,18906,3,10757.5,0.5110227272727272,-20304.0,1211.0,33.33333333333333,50.0,50.0
NC_010410.1,SAGE-GI-R,3936291,43,1313600,15.2,31.111864790006216,99.51274193402581,47.40342649949724,77.77030556399845,0.4820050388868766,110080,243740,744527,539,5,20312.0,0.32659139784946234,-45275.0,16416.0,10.0,10.0,10.0
NC_010410.1,Emb-only-R,3936291,48,1340300,13.3,29.686334286925764,100.0,45.781746319154884,76.15703539766636,0.46707562388753,110619,262007,726260,0,5,18112.0,0.33267250821467687,-46611.0,14316.0,10.0,10.0,10.0
NC_010465.1,SAGE-GI-P,4689441,6,251800,16.1,39.504826527727296,11.219316356962606,17.475589383503515,37.40865588210384,-0.17864766744646593,19562,29956,90859,154798,3,9978.5,0.20836372477510334,-9658.0,6165.0,0.0,0.0,0.0
NC_010465.1,Emb-only-P,4689441,9,349000,15.6,72.53003209536911,45.36246845606791,55.81595568258001,57.577030575082574,0.20953225839634546,79094,29956,90859,95266,7,6631.5,0.40594594594594596,-7098.0,5551.0,0.0,14.285714285714285,21.428571428571427
NC_010465.1,SAGE-GI-R,4689441,53,1686900,17.5,70.73082579326504,97.64796971782519,82.03790167536391,74.74176336071821,0.4985758981227072,170259,70455,50360,4101,10,24677.0,0.21857901094438253,-28803.5,7758.0,5.0,10.0,20.0
NC_010465.1,Emb-only-R,4689441,50,1569400,11.9,68.6786798163091,93.57765542555632,79.21773686497562,70.99720504785297,0.3968599211222079,163162,74411,46404,11198,10,24797.5,0.20738483277498082,-24797.5,19700.5,5.0,10.0,20.0
NC_010473.1,SAGE-GI-P,4686137,9,328000,21.7,49.585666803260025,65.79964956800194,56.553461079088116,93.96398882473996,0.5399626814425851,21781,22145,499192,11321,2,17014.5,0.3397463768115942,-17014.5,18095.0,0.0,25.0,25.0
NC_010473.1,Emb-only-P,4686137,11,419000,14.0,35.391514875777915,65.79964956800194,46.026731470230864,90.78654279370679,0.4387718855262426,21781,39762,481575,11321,2,17014.5,0.3397463768115942,-17014.5,18095.0,0.0,25.0,25.0
NC_010473.1,SAGE-GI-R,4686137,62,1594400,16.3,16.913109678210485,100.0,28.93278559566471,70.6701729135216,0.34113859711191336,33102,162616,358721,0,3,8244.5,0.3586285714285714,-7365.0,9124.0,0.0,0.0,0.0
NC_010473.1,Emb-only-R,4686137,55,1540500,11.7,20.58722922587988,100.0,34.14495773398456,76.970054415364,0.39427097215855295,33102,127687,393650,0,3,10174.0,0.3262536023054755,-8555.0,14824.0,0.0,0.0,0.0
NC_010498.1,SAGE-GI-P,5068389,10,565000,15.7,54.50272359866456,48.925430813517885,51.563701348627475,89.39328440049691,0.45711541001130407,37221,31071,552123,38856,4,32304.0,0.12627156585641605,-45097.5,11157.5,0.0,0.0,0.0
NC_010498.1,Emb-only-P,5068389,12,577000,13.7,56.6374522008541,53.34463766972936,54.94175223886659,89.90324161080952,0.4929013499976491,40583,31071,552123,35494,5,18170.5,0.14426088822141173,-40419.0,10209.0,0.0,0.0,0.0
NC_010498.1,SAGE-GI-R,5068389,58,1691900,22.8,32.32491045289802,100.0,48.85687863647456,75.8408909234594,0.48473468305855905,76077,159274,423920,0,5,39045.0,0.14663893510815307,-48569.0,18356.0,0.0,0.0,10.0
NC_010498.1,Emb-only-R,5068389,54,1716900,13.7,35.41809243145854,100.0,52.30924730295592,78.95857697365727,0.5195522627938575,76077,138720,444474,0,5,49997.5,0.16230202578268876,-47169.0,70561.0,0.0,0.0,10.0
NC_010501.1,SAGE-GI-P,5774330,15,639000,16.5,100.0,70.58321573958463,82.75517076350376,78.79015482630317,0.6332345635959095,191073,0,104747,79633,12,10065.5,0.40815796054068143,-15209.0,6107.0,16.666666666666664,29.166666666666668,37.5
NC_010501.1,Emb-only-P,5774330,15,617000,16.5,100.0,70.58321573958463,82.75517076350376,78.79015482630317,0.6332345635959095,191073,0,104747,79633,12,10065.5,0.40815796054068143,-14709.0,6107.0,16.666666666666664,29.166666666666668,37.5
NC_010501.1,SAGE-GI-R,5774330,57,2089500,19.3,80.94775922505748,95.20106684004048,87.49775072231522,80.38422918447849,0.4658364050505763,257715,60657,44090,12991,19,24397.0,0.1478918918918919,-24578.0,24216.0,0.0,2.631578947368421,13.157894736842104
NC_010501.1,Emb-only-R,5774330,58,2036500,11.8,81.1875546937465,95.27494772927086,87.66893729265243,80.67561052914746,0.47506236639885396,257915,59763,44984,12791,19,26025.5,0.14078853046594983,-26878.0,23916.0,0.0,2.631578947368421,13.157894736842104
NC_010515.1,SAGE-GI-P,3213911,7,367000,12.8,94.43987366968338,76.49840914953995,84.52758477344261,93.1549964795023,0.8092866676645745,106752,6285,425109,32796,6,24415.5,0.21765129835718072,-37396.0,16521.5,8.333333333333332,16.666666666666664,16.666666666666664
NC_010515.1,Emb-only-P,3213911,7,367000,9.9,94.43987366968338,76.49840914953995,84.52758477344261,93.1549964795023,0.8092866676645745,106752,6285,425109,32796,6,24415.5,0.21765129835718072,-37396.0,16521.5,8.333333333333332,16.666666666666664,16.666666666666664
NC_010515.1,SAGE-GI-R,3213911,30,1175800,11.2,56.385993097177966,91.54986097973458,69.78875893827741,80.62675368075917,0.6029480466151385,127756,98818,332576,11792,7,32814.0,0.17101860920666015,-57564.0,32725.0,0.0,7.142857142857142,7.142857142857142
NC_010515.1,Emb-only-R,3213911,29,1151100,8.6,60.517014826989545,100.0,75.4026168406094,84.05354659492558,0.6909775507534659,139548,91045,340349,0,7,27865.5,0.18671258034894397,-24828.0,30903.0,0.0,7.142857142857142,7.142857142857142
NC_010551.1,SAGE-GI-P,3443583,7,186300,13.2,12.645657240251834,53.31426895439214,20.44253261358525,93.09811592735912,0.23581903932443363,7271,50227,756114,6367,1,14548.0,0.19993400610443535,6367.0,22729.0,0.0,0.0,0.0
NC_010551.1,Emb-only-P,3443583,8,237800,10.3,20.618650217706822,100.0,34.18816274347598,93.59666528045231,0.43904485571701934,13638,52506,753835,0,1,13181.0,0.34095,-3633.0,22729.0,0.0,0.0,50.0
NC_010551.1,SAGE-GI-R,3443583,39,1252900,13.1,3.854611232017184,100.0,7.423091158476845,58.51454732377292,0.14928033971304155,13638,340172,466169,0,1,28281.0,0.19427350427350426,-7383.0,49179.0,0.0,0.0,0.0
NC_010551.1,Emb-only-R,3443583,42,1174700,9.5,3.969589186231306,100.0,7.636058230683089,59.76433542810242,0.1531464857386747,13638,329924,476417,0,1,28481.0,0.1931728045325779,-7783.0,49179.0,0.0,0.0,0.0
NC_010582.1,SAGE-GI-P,2209198,4,184000,10.8,100.0,38.73800352549455,55.84339192019011,73.86466500480454,0.5158417676527557,11867,0,41173,18767,1,40066.5,0.1289891304347826,-28100.0,52033.0,0.0,0.0,0.0
NC_010582.1,Emb-only-P,2209198,5,159000,8.3,100.0,38.73800352549455,55.84339192019011,73.86466500480454,0.5158417676527557,11867,0,41173,18767,1,34566.5,0.14650617283950618,-17100.0,52033.0,0.0,0.0,0.0
NC_010582.1,SAGE-GI-R,2209198,27,801400,10.5,49.008810572687224,98.77913429522752,65.51343393448657,55.63385185288342,0.3178898515316129,30260,31484,9689,374,3,9866.0,0.42028225806451613,-8730.0,11002.0,16.666666666666664,16.666666666666664,33.33333333333333
NC_010582.1,Emb-only-R,2209198,27,757600,8.4,60.00041294158941,94.86191813018216,73.50727863710524,70.82874928628128,0.5046412258094538,29060,19373,21800,1574,3,7116.0,0.39650931240482606,-8730.0,5502.0,0.0,16.666666666666664,33.33333333333333
NC_010612.1,SAGE-GI-P,6636827,13,449000,21.7,73.81976176308788,22.833647612003013,34.87873708332449,76.21839004753842,0.31468722715546216,65752,23319,721148,222209,5,21622.0,0.1991851851851852,-20954.0,22290.0,10.0,10.0,10.0
NC_010612.1,Emb-only-P,6636827,15,432400,11.8,89.82870832501497,39.06362319897486,54.449085883839246,81.77015733784826,0.5131144048762328,112488,12737,731730,175473,9,19574.0,0.21341666666666667,-18194.0,22290.0,5.555555555555555,11.11111111111111,22.22222222222222
NC_010612.1,SAGE-GI-R,6636827,74,2551800,15.2,49.62964898300435,79.15863606530051,61.00889254672101,71.77885528094937,0.433917805039068,227946,231348,513119,60015,17,16342.0,0.18724007270262777,-15239.0,16806.0,2.941176470588235,5.88235294117647,11.76470588235294
NC_010612.1,Emb-only-R,6636827,71,2233100,11.4,58.202287751280366,80.62654317772198,67.60338230926466,78.44672945716312,0.5363161693685492,232173,166734,577733,55788,17,16368.0,0.2270062695924765,-15210.0,17388.0,5.88235294117647,11.76470588235294,17.647058823529413
