accession,representation,n_components,detrend_bp,auc,mean_in,mean_out,contrast
NC_000907.1,DNABERT-S,8,0,0.16,2.5264668464660645,3.0381522178649902,0.8315800741022437
NC_000907.1,DNABERT-S,8,100000,0.33,2.5036113262176514,2.8387539386749268,0.8819402386760885
NC_000907.1,DNABERT-S,8,250000,0.32,2.573390483856201,2.870422840118408,0.8965196513521492
NC_000907.1,DNABERT-S,8,1000000,0.16,2.596445322036743,2.9969470500946045,0.8663634287281723
NC_000907.1,DNABERT-S,16,0,0.09,4.004645347595215,4.717540264129639,0.8488841903576314
NC_000907.1,DNABERT-S,16,100000,0.16,4.015277862548828,4.4584527015686035,0.9005989591716753
NC_000907.1,DNABERT-S,16,250000,0.12,3.945589542388916,4.526550769805908,0.8716547638673888
NC_000907.1,DNABERT-S,16,1000000,0.04,3.904877185821533,4.666351318359375,0.8368159444956739
NC_000907.1,DNABERT-S,24,0,0.05,5.438779354095459,6.229982376098633,0.873000760798517
NC_000907.1,DNABERT-S,24,100000,0.28,5.4432172775268555,5.9178056716918945,0.9198033155371669
NC_000907.1,DNABERT-S,24,250000,0.09,5.380845546722412,6.047785758972168,0.8897215875644537
NC_000907.1,DNABERT-S,24,1000000,0.07,5.22756290435791,6.153517246246338,0.8495243768995264
NC_000907.1,DNABERT-S,48,0,0.18,7.7886152267456055,8.914111137390137,0.8737399732516625
NC_000907.1,DNABERT-S,48,100000,0.3,7.817610263824463,8.755619049072266,0.8928677938143971
NC_000907.1,DNABERT-S,48,250000,0.22,7.734487056732178,8.738260269165039,0.8851289408287705
NC_000907.1,DNABERT-S,48,1000000,0.16,7.601587772369385,8.80296516418457,0.8635258268767134
NC_000907.1,DNABERT-2,8,0,0.0,3.2075133323669434,4.39798641204834,0.7293140614486483
NC_000907.1,DNABERT-2,8,100000,0.0,3.0747878551483154,4.0846076011657715,0.7527743556739092
NC_000907.1,DNABERT-2,8,250000,0.0,3.1408209800720215,4.2487592697143555,0.739232510173065
NC_000907.1,DNABERT-2,8,1000000,0.0,3.0193493366241455,4.250047206878662,0.710427246957953
NC_000907.1,DNABERT-2,16,0,0.0,4.103830337524414,5.655852794647217,0.7255900191405865
NC_000907.1,DNABERT-2,16,100000,0.0,4.049330234527588,5.286806583404541,0.7659312234418728
NC_000907.1,DNABERT-2,16,250000,0.0,3.984286069869995,5.444997310638428,0.7317333402691499
NC_000907.1,DNABERT-2,16,1000000,0.02,3.8434677124023438,5.470775604248047,0.7025453044387159
NC_000907.1,DNABERT-2,24,0,0.07,5.259843349456787,6.7013726234436035,0.7848904463327597
NC_000907.1,DNABERT-2,24,100000,0.14,5.207137107849121,6.319352626800537,0.8239985035437837
NC_000907.1,DNABERT-2,24,250000,0.11,5.184640407562256,6.5316362380981445,0.7937735995340577
NC_000907.1,DNABERT-2,24,1000000,0.05,5.047646522521973,6.487853050231934,0.778014927810599
NC_000907.1,DNABERT-2,48,0,0.13,7.714221954345703,8.49878978729248,0.9076847583499623
NC_000907.1,DNABERT-2,48,100000,0.26,7.612188816070557,8.231854438781738,0.9247234475148363
NC_000907.1,DNABERT-2,48,250000,0.14,7.538610935211182,8.319585800170898,0.9061281554493165
NC_000907.1,DNABERT-2,48,1000000,0.08,7.3425703048706055,8.289753913879395,0.8857404431001341
NC_000907.1,NT-v2-50M,8,0,0.32,2.3165504932403564,2.668463706970215,0.8681214165249329
NC_000907.1,NT-v2-50M,8,100000,0.36,2.336158514022827,2.5904555320739746,0.9018330888515381
NC_000907.1,NT-v2-50M,8,250000,0.19,2.2475216388702393,2.510408401489258,0.8952812767583691
NC_000907.1,NT-v2-50M,8,1000000,0.18,2.046006679534912,2.351545810699463,0.8700688161062579
NC_000907.1,NT-v2-50M,16,0,0.04,3.956632137298584,5.053733825683594,0.7829126490973017
NC_000907.1,NT-v2-50M,16,100000,0.14,4.006795406341553,4.90853214263916,0.8162919768896996
NC_000907.1,NT-v2-50M,16,250000,0.04,3.9425950050354004,4.894349098205566,0.8055402109508063
NC_000907.1,NT-v2-50M,16,1000000,0.04,3.6541290283203125,4.770100116729736,0.766048707343588
NC_000907.1,NT-v2-50M,24,0,0.03,4.984715938568115,6.004778861999512,0.8301248144395897
NC_000907.1,NT-v2-50M,24,100000,0.05,4.9642157554626465,5.836050033569336,0.8506122680422816
NC_000907.1,NT-v2-50M,24,250000,0.06,4.909940242767334,5.872674942016602,0.8360653860881534
NC_000907.1,NT-v2-50M,24,1000000,0.03,4.690770626068115,5.732045650482178,0.8183414634308659
NC_000907.1,NT-v2-50M,48,0,0.13,7.482265472412109,8.100263595581055,0.923706418207664
NC_000907.1,NT-v2-50M,48,100000,0.13,7.650094509124756,7.953469276428223,0.9618562973264282
NC_000907.1,NT-v2-50M,48,250000,0.13,7.377510070800781,7.970671653747559,0.9255819824584178
NC_000907.1,NT-v2-50M,48,1000000,0.1,7.0329155921936035,7.682855129241943,0.9154039056945659
NC_000907.1,compositional,11,0,0.0,2.8133695141996116,4.1157224729671835,0.6835663805512485
AC_000091.1,DNABERT-S,8,0,0.8545848375451264,3.237100601196289,2.755751848220825,1.1746705724923068
AC_000091.1,DNABERT-S,8,100000,0.7061371841155235,2.9953339099884033,2.7375731468200684,1.094156666998194
AC_000091.1,DNABERT-S,8,250000,0.8430324909747292,3.2181873321533203,2.7403366565704346,1.1743766315854498
AC_000091.1,DNABERT-S,8,1000000,0.9132129963898917,3.42634916305542,2.8037588596343994,1.2220555813070901
AC_000091.1,DNABERT-S,16,0,0.8792779783393502,5.05860710144043,3.9337401390075684,1.2859535512471982
AC_000091.1,DNABERT-S,16,100000,0.8742238267148015,4.902552604675293,3.914646863937378,1.2523613942904348
AC_000091.1,DNABERT-S,16,250000,0.8616606498194946,5.025940418243408,3.906430721282959,1.286581223842305
AC_000091.1,DNABERT-S,16,1000000,0.9800722021660649,5.356555938720703,3.929452657699585,1.363181187136782
AC_000091.1,DNABERT-S,24,0,0.8597833935018051,6.150977611541748,4.897155284881592,1.2560307471831522
AC_000091.1,DNABERT-S,24,100000,0.8427436823104694,5.987543106079102,4.871371269226074,1.2291288787418488
AC_000091.1,DNABERT-S,24,250000,0.8508303249097473,6.13203239440918,4.86939001083374,1.2593019620047334
AC_000091.1,DNABERT-S,24,1000000,0.9699638989169675,6.56352424621582,4.911551475524902,1.336344387088882
AC_000091.1,DNABERT-S,48,0,0.8580505415162455,8.782320976257324,6.979483127593994,1.2583053523742544
AC_000091.1,DNABERT-S,48,100000,0.8394223826714802,8.645585060119629,6.964472770690918,1.241383999159772
AC_000091.1,DNABERT-S,48,250000,0.8515523465703971,8.716087341308594,6.945308685302734,1.2549603964692138
AC_000091.1,DNABERT-S,48,1000000,0.92014440433213,9.119165420532227,7.010645389556885,1.3007597608796775
AC_000091.1,DNABERT-2,8,0,0.6981949458483755,3.641979455947876,3.3220295906066895,1.0963115639444847
AC_000091.1,DNABERT-2,8,100000,0.6501083032490975,3.253816604614258,3.1610512733459473,1.0293463545025383
AC_000091.1,DNABERT-2,8,250000,0.6735018050541516,3.4678356647491455,3.242746353149414,1.0694131723812197
AC_000091.1,DNABERT-2,8,1000000,0.7595667870036101,3.9201111793518066,3.264681100845337,1.2007638903342677
AC_000091.1,DNABERT-2,16,0,0.7429602888086643,5.217501640319824,4.410207271575928,1.1830513440823884
AC_000091.1,DNABERT-2,16,100000,0.6970397111913358,4.91502571105957,4.274062156677246,1.1499658944783864
AC_000091.1,DNABERT-2,16,250000,0.7182671480144405,5.08768892288208,4.347033977508545,1.1703816784514838
AC_000091.1,DNABERT-2,16,1000000,0.7675090252707581,5.392565727233887,4.426424503326416,1.2182667349643996
AC_000091.1,DNABERT-2,24,0,0.7852707581227437,6.308260917663574,5.196744918823242,1.2138869650527364
AC_000091.1,DNABERT-2,24,100000,0.7757400722021661,6.066686630249023,5.0889668464660645,1.192125398588894
AC_000091.1,DNABERT-2,24,250000,0.7844043321299639,6.209631443023682,5.132774829864502,1.2098000884226607
AC_000091.1,DNABERT-2,24,1000000,0.836101083032491,6.50439453125,5.203458309173584,1.2500137686858936
AC_000091.1,DNABERT-2,48,0,0.8431768953068592,8.531227111816406,7.21644401550293,1.1821926552037203
AC_000091.1,DNABERT-2,48,100000,0.8389891696750903,8.398200035095215,7.149855136871338,1.1745972294999718
AC_000091.1,DNABERT-2,48,250000,0.8433212996389892,8.452123641967773,7.164305686950684,1.1797547468364962
AC_000091.1,DNABERT-2,48,1000000,0.8824548736462093,8.858410835266113,7.261576175689697,1.2199019360180092
AC_000091.1,NT-v2-50M,8,0,0.2885198555956679,2.2370848655700684,2.7207279205322266,0.8222376257058632
AC_000091.1,NT-v2-50M,8,100000,0.2752346570397112,2.209245443344116,2.693772315979004,0.8201307253175201
AC_000091.1,NT-v2-50M,8,250000,0.3377617328519856,2.294790029525757,2.681260585784912,0.8558623662660451
AC_000091.1,NT-v2-50M,8,1000000,0.48216606498194947,2.5489232540130615,2.667860746383667,0.9554184031037499
AC_000091.1,NT-v2-50M,16,0,0.45588447653429603,3.8671560287475586,4.049213409423828,0.955038827972721
AC_000091.1,NT-v2-50M,16,100000,0.4506859205776173,3.908130168914795,4.0391693115234375,0.9675578980473044
AC_000091.1,NT-v2-50M,16,250000,0.46700361010830327,3.8959505558013916,4.03812313079834,0.9647924121202216
AC_000091.1,NT-v2-50M,16,1000000,0.511768953068592,4.026001453399658,4.037235736846924,0.9972173328040439
AC_000091.1,NT-v2-50M,24,0,0.5731407942238267,5.015413284301758,4.966616153717041,1.0098250255454504
AC_000091.1,NT-v2-50M,24,100000,0.5262093862815884,4.950281620025635,4.964768886566162,0.9970819857134282
AC_000091.1,NT-v2-50M,24,250000,0.5676534296028881,5.020190715789795,4.967675685882568,1.0105713482980516
AC_000091.1,NT-v2-50M,24,1000000,0.6750902527075813,5.403121471405029,4.988217353820801,1.0831768321535602
AC_000091.1,NT-v2-50M,48,0,0.5805054151624549,7.153234481811523,6.984321117401123,1.0241846503863576
AC_000091.1,NT-v2-50M,48,100000,0.5344404332129964,7.075136184692383,7.000743865966797,1.0106263448784685
AC_000091.1,NT-v2-50M,48,250000,0.5702527075812275,7.166132926940918,6.984946250915527,1.0259395948825865
AC_000091.1,NT-v2-50M,48,1000000,0.6869314079422383,7.568132400512695,7.034228324890137,1.0759008736940447
AC_000091.1,compositional,11,0,0.6977617328519855,4.627470855181235,3.586065804007484,1.290403218482484
NC_000913.2,DNABERT-S,8,0,0.8479100218230653,3.264457941055298,2.7228903770446777,1.198894369224815
NC_000913.2,DNABERT-S,8,100000,0.7749706227967098,3.0878565311431885,2.722670316696167,1.1341279596753226
NC_000913.2,DNABERT-S,8,250000,0.8322981366459627,3.2186355590820312,2.6970155239105225,1.1934063895988216
NC_000913.2,DNABERT-S,8,1000000,0.9394829612220916,3.5847465991973877,2.7749431133270264,1.2918270583570433
NC_000913.2,DNABERT-S,16,0,0.8953332214201779,4.865468502044678,3.923541784286499,1.240070520347337
NC_000913.2,DNABERT-S,16,100000,0.9100218230653013,4.816040515899658,3.912407159805298,1.2309660828192865
NC_000913.2,DNABERT-S,16,250000,0.8913882826926305,4.822044849395752,3.88320255279541,1.2417701069763911
NC_000913.2,DNABERT-S,16,1000000,0.978344804431761,5.236790180206299,3.9313478469848633,1.3320597372788168
NC_000913.2,DNABERT-S,24,0,0.8570589222763135,5.988215446472168,4.840536117553711,1.237097565444562
NC_000913.2,DNABERT-S,24,100000,0.818448883666275,5.881304740905762,4.856459140777588,1.2110273288460287
NC_000913.2,DNABERT-S,24,250000,0.8448883666274971,5.939280033111572,4.817662239074707,1.232813704734163
NC_000913.2,DNABERT-S,24,1000000,0.9853113983548766,6.5173749923706055,4.847959518432617,1.3443542520498857
NC_000913.2,DNABERT-S,48,0,0.7901628336410945,8.422239303588867,6.969749927520752,1.2083990661318875
NC_000913.2,DNABERT-S,48,100000,0.7821050864529125,8.379981994628906,6.9826250076293945,1.200119150816881
NC_000913.2,DNABERT-S,48,250000,0.7926808796374014,8.40687084197998,6.951356410980225,1.2093856716511693
NC_000913.2,DNABERT-S,48,1000000,0.9414134631525936,9.069046020507812,6.991796016693115,1.2970981989255983
NC_000913.2,DNABERT-2,8,0,0.5920765485982877,3.365218162536621,3.3347675800323486,1.009131245813532
NC_000913.2,DNABERT-2,8,100000,0.534329360416317,3.0757148265838623,3.2251598834991455,0.9536627446968172
NC_000913.2,DNABERT-2,8,250000,0.5732751384925298,3.293074607849121,3.2870919704437256,1.0018200395544723
NC_000913.2,DNABERT-2,8,1000000,0.7567567567567568,3.857800245285034,3.289797782897949,1.1726557374863136
NC_000913.2,DNABERT-2,16,0,0.5802417324156455,4.713504791259766,4.4757161140441895,1.053128632638122
NC_000913.2,DNABERT-2,16,100000,0.5643780426389122,4.532975673675537,4.395409107208252,1.031297784372718
NC_000913.2,DNABERT-2,16,250000,0.5779754910189693,4.642953395843506,4.430498123168945,1.0479529088531925
NC_000913.2,DNABERT-2,16,1000000,0.744250461641766,5.306311130523682,4.466439723968506,1.188040465887881
NC_000913.2,DNABERT-2,24,0,0.5910693301997649,5.532105922698975,5.3384599685668945,1.0362737484728324
NC_000913.2,DNABERT-2,24,100000,0.5684069162330032,5.394847869873047,5.273683547973633,1.022975273506119
NC_000913.2,DNABERT-2,24,250000,0.5827597784119524,5.4706830978393555,5.290383338928223,1.0340806605798172
NC_000913.2,DNABERT-2,24,1000000,0.7519724693637737,6.128029823303223,5.324981212615967,1.15080778290535
NC_000913.2,DNABERT-2,48,0,0.6139835487661575,7.6486711502075195,7.357279300689697,1.039605924637183
NC_000913.2,DNABERT-2,48,100000,0.5996306865872083,7.493322849273682,7.293503284454346,1.0273969253219148
NC_000913.2,DNABERT-2,48,250000,0.606597280510324,7.570222854614258,7.315737724304199,1.0347859833007154
NC_000913.2,DNABERT-2,48,1000000,0.7918415309719657,8.259771347045898,7.367201805114746,1.1211544851820778
NC_000913.2,NT-v2-50M,8,0,0.39399026355548095,2.633349895477295,2.934720277786255,0.8973086516660141
NC_000913.2,NT-v2-50M,8,100000,0.3870236696323653,2.6140875816345215,2.9074018001556396,0.8991146602078129
NC_000913.2,NT-v2-50M,8,250000,0.4158133288568071,2.6624534130096436,2.911978244781494,0.9143108873773286
NC_000913.2,NT-v2-50M,8,1000000,0.4395668960886352,2.7024550437927246,2.9284114837646484,0.9228399283281585
NC_000913.2,NT-v2-50M,16,0,0.3766996810475071,3.933279275894165,4.271421432495117,0.9208361520995063
NC_000913.2,NT-v2-50M,16,100000,0.3658720832633876,3.8660035133361816,4.211288928985596,0.9180095639430312
NC_000913.2,NT-v2-50M,16,250000,0.40280342454255497,3.9287543296813965,4.2204484939575195,0.9308855054874509
NC_000913.2,NT-v2-50M,16,1000000,0.5475071344636562,4.198805332183838,4.227939605712891,0.993109108396514
NC_000913.2,NT-v2-50M,24,0,0.4514017122712775,5.030683517456055,5.197961807250977,0.9678184842448102
NC_000913.2,NT-v2-50M,24,100000,0.45820043646130604,4.992458343505859,5.156573295593262,0.9681736411605644
NC_000913.2,NT-v2-50M,24,250000,0.4780090649655867,5.035904407501221,5.15839958190918,0.9762532598603728
NC_000913.2,NT-v2-50M,24,1000000,0.6348833305355045,5.431346893310547,5.179750442504883,1.0485730835101765
NC_000913.2,NT-v2-50M,48,0,0.497314084270606,7.051265716552734,7.16051721572876,0.9847425128821639
NC_000913.2,NT-v2-50M,48,100000,0.4789323484975659,7.038890838623047,7.174502372741699,0.981098126800559
NC_000913.2,NT-v2-50M,48,250000,0.5078898774550948,7.085800647735596,7.161377906799316,0.9894465478505241
NC_000913.2,NT-v2-50M,48,1000000,0.6808796374013766,7.525805950164795,7.184925556182861,1.0474438310204335
NC_000913.2,compositional,11,0,0.6133960047003525,4.012035464141026,3.457935413969719,1.1602401386482806
NC_002516.2,DNABERT-S,8,0,0.3930008045052293,2.658553123474121,2.7661986351013184,0.9610854006428737
NC_002516.2,DNABERT-S,8,100000,0.3974830479255258,2.648897886276245,2.748103380203247,0.9639003777508309
NC_002516.2,DNABERT-S,8,250000,0.4011607861165383,2.6658709049224854,2.777662515640259,0.9597533501322405
NC_002516.2,DNABERT-S,8,1000000,0.3695552235375244,2.6447086334228516,2.7749030590057373,0.9530814508419133
NC_002516.2,DNABERT-S,16,0,0.42351453855878635,3.969019889831543,4.11747407913208,0.9639453251077102
NC_002516.2,DNABERT-S,16,100000,0.3897827835880933,3.933699131011963,4.136692523956299,0.9509285759652751
NC_002516.2,DNABERT-S,16,250000,0.41426272842202044,3.9524483680725098,4.128396987915039,0.9573808864899428
NC_002516.2,DNABERT-S,16,1000000,0.4134007585335019,3.9189770221710205,4.09325647354126,0.9574227873340508
NC_002516.2,DNABERT-S,24,0,0.4540282726123434,5.058987617492676,5.17748498916626,0.9771129473245145
NC_002516.2,DNABERT-S,24,100000,0.42696241811286056,5.011718273162842,5.176679611206055,0.9681337555281346
NC_002516.2,DNABERT-S,24,250000,0.44293759338007127,5.030275344848633,5.178145885467529,0.9714433420978162
NC_002516.2,DNABERT-S,24,1000000,0.4548327778416274,4.994658946990967,5.126492500305176,0.9742838688818211
NC_002516.2,DNABERT-S,48,0,0.488219744856913,7.365193843841553,7.447126388549805,0.9889980993428249
NC_002516.2,DNABERT-S,48,100000,0.4725893575451098,7.353091716766357,7.464311122894287,0.9850998432009618
NC_002516.2,DNABERT-S,48,250000,0.48023215722330764,7.328122615814209,7.432453155517578,0.9859628392510058
NC_002516.2,DNABERT-S,48,1000000,0.4834501781404436,7.247865200042725,7.3414716720581055,0.9872496311098427
NC_002516.2,DNABERT-2,8,0,0.55355706240662,3.343907356262207,3.3311767578125,1.0038216520392833
NC_002516.2,DNABERT-2,8,100000,0.5060912538788644,3.1421642303466797,3.2171759605407715,0.9766839827494287
NC_002516.2,DNABERT-2,8,250000,0.5151132053786921,3.181225299835205,3.2695837020874023,0.9729756414568048
NC_002516.2,DNABERT-2,8,1000000,0.541776807263533,3.2110424041748047,3.2360947132110596,0.9922584747183136
NC_002516.2,DNABERT-2,16,0,0.5957935869440294,4.792418479919434,4.583219528198242,1.0456445410118576
NC_002516.2,DNABERT-2,16,100000,0.5398230088495575,4.562987327575684,4.41233491897583,1.0341434662976179
NC_002516.2,DNABERT-2,16,250000,0.5420066659004712,4.611356258392334,4.505530834197998,1.0234878925677517
NC_002516.2,DNABERT-2,16,1000000,0.5689575910814849,4.616181373596191,4.468153953552246,1.0331294359108332
NC_002516.2,DNABERT-2,24,0,0.6106194690265486,5.972474098205566,5.479630470275879,1.0899410335428832
NC_002516.2,DNABERT-2,24,100000,0.56826801517067,5.805800914764404,5.286162853240967,1.098301561255315
NC_002516.2,DNABERT-2,24,250000,0.575910814848868,5.837491035461426,5.385982990264893,1.083830202585606
NC_002516.2,DNABERT-2,24,1000000,0.5919434547753132,5.789698600769043,5.344442367553711,1.0833120094845625
NC_002516.2,DNABERT-2,48,0,0.6306746350994139,8.360158920288086,7.401835918426514,1.1294709869852524
NC_002516.2,DNABERT-2,48,100000,0.5927479600045972,8.165018081665039,7.230764865875244,1.1292053099664316
NC_002516.2,DNABERT-2,48,250000,0.5919434547753132,8.19455337524414,7.322076797485352,1.1191569826279926
NC_002516.2,DNABERT-2,48,1000000,0.6073439834501781,8.122635841369629,7.250774383544922,1.1202439093682641
NC_002516.2,NT-v2-50M,8,0,0.4466153315710838,2.6647679805755615,2.7872822284698486,0.9560452663734937
NC_002516.2,NT-v2-50M,8,100000,0.44707504884496035,2.699113130569458,2.8093626499176025,0.9607563945682206
NC_002516.2,NT-v2-50M,8,250000,0.47121020572348005,2.7218151092529297,2.8278849124908447,0.9624914710038581
NC_002516.2,NT-v2-50M,8,1000000,0.46195839558671414,2.6853063106536865,2.805682897567749,0.9570954411781826
NC_002516.2,NT-v2-50M,16,0,0.5766578554189173,4.311310768127441,4.120082855224609,1.0464136085662303
NC_002516.2,NT-v2-50M,16,100000,0.5366049879324215,4.211835861206055,4.0977783203125,1.0278339949060145
NC_002516.2,NT-v2-50M,16,250000,0.5360303413400759,4.230434894561768,4.121342182159424,1.0264701904332494
NC_002516.2,NT-v2-50M,16,1000000,0.5447649695437307,4.218245983123779,4.075428485870361,1.0350435537633824
NC_002516.2,NT-v2-50M,24,0,0.650212619239168,5.546847820281982,5.02529764175415,1.103784932895194
NC_002516.2,NT-v2-50M,24,100000,0.5684404091483738,5.368554592132568,5.021395683288574,1.0691359396351405
NC_002516.2,NT-v2-50M,24,250000,0.6078037007240547,5.452451705932617,5.03558874130249,1.0827833617965994
NC_002516.2,NT-v2-50M,24,1000000,0.614469601195265,5.4237518310546875,4.977745532989502,1.089600059928601
NC_002516.2,NT-v2-50M,48,0,0.6553844385702793,7.777571201324463,7.135887622833252,1.089923442241154
NC_002516.2,NT-v2-50M,48,100000,0.6314216756694633,7.660253524780273,7.124958038330078,1.0751296335459761
NC_002516.2,NT-v2-50M,48,250000,0.6385472934145501,7.712921619415283,7.128887176513672,1.0819250506342322
NC_002516.2,NT-v2-50M,48,1000000,0.6423399609240317,7.633243083953857,7.033051013946533,1.0853387909197791
NC_002516.2,compositional,11,0,0.43845534995977475,4.287883039268449,4.4863979411716635,0.9557518293057681
NC_002655.2,DNABERT-S,8,0,0.7649600605977138,2.932539463043213,2.603998899459839,1.12616770446851
NC_002655.2,DNABERT-S,8,100000,0.5679486296653353,2.7453196048736572,2.6659531593322754,1.0297703825978923
NC_002655.2,DNABERT-S,8,250000,0.6323853463710233,2.8042609691619873,2.6510183811187744,1.0578051774875066
NC_002655.2,DNABERT-S,8,1000000,0.5717417251985494,2.775632381439209,2.6858150959014893,1.033441351072447
NC_002655.2,DNABERT-S,16,0,0.7540513244273057,4.186483383178711,3.7958984375,1.1028965743182404
NC_002655.2,DNABERT-S,16,100000,0.5914245053482073,4.03256893157959,3.850156545639038,1.047377914060966
NC_002655.2,DNABERT-S,16,250000,0.6556029931598035,4.100855350494385,3.847163438796997,1.0659425875020057
NC_002655.2,DNABERT-S,16,1000000,0.6138617270348437,4.028919219970703,3.8665449619293213,1.0419946643942195
NC_002655.2,DNABERT-S,24,0,0.7756048294541615,5.3173747062683105,4.713662624359131,1.1280770666083173
NC_002655.2,DNABERT-S,24,100000,0.6567449387136758,5.172382354736328,4.776266574859619,1.0829341858684576
NC_002655.2,DNABERT-S,24,250000,0.6969081393747417,5.234982967376709,4.7819671630859375,1.0947341938664479
NC_002655.2,DNABERT-S,24,1000000,0.6529575816003306,5.159268379211426,4.809275150299072,1.0727746319298426
NC_002655.2,DNABERT-S,48,0,0.6974016434834504,7.581462383270264,6.819278717041016,1.1117689564916289
NC_002655.2,DNABERT-S,48,100000,0.6264288665473076,7.456272602081299,6.875710487365723,1.084436672512953
NC_002655.2,DNABERT-S,48,250000,0.647133085433595,7.499266624450684,6.876339435577393,1.0905899417428897
NC_002655.2,DNABERT-S,48,1000000,0.5997968599366479,7.3819708824157715,6.948669910430908,1.0623573975408471
NC_002655.2,DNABERT-2,8,0,0.7812686498645733,4.019397735595703,3.0220797061920166,1.3300104981878063
NC_002655.2,DNABERT-2,8,100000,0.7233106091906533,3.7046773433685303,2.935276985168457,1.2621218924441358
NC_002655.2,DNABERT-2,8,250000,0.760053711609971,3.8125250339508057,2.938133955001831,1.297600821589644
NC_002655.2,DNABERT-2,8,1000000,0.7527773952164531,3.8144850730895996,2.9606149196624756,1.2884097312880087
NC_002655.2,DNABERT-2,16,0,0.774526006518845,5.376428604125977,4.105573654174805,1.3095438194511226
NC_002655.2,DNABERT-2,16,100000,0.7361646696965524,5.111653804779053,4.064266681671143,1.2577062986125818
NC_002655.2,DNABERT-2,16,250000,0.7469012532708993,5.174637317657471,4.064462184906006,1.2731419514429898
NC_002655.2,DNABERT-2,16,1000000,0.7213882385346371,5.160145282745361,4.129092216491699,1.2497045384783634
NC_002655.2,DNABERT-2,24,0,0.7788929440389294,6.448525428771973,4.992891788482666,1.2915411953543805
NC_002655.2,DNABERT-2,24,100000,0.733972593306707,6.171633720397949,4.981381416320801,1.238940206461094
NC_002655.2,DNABERT-2,24,250000,0.7483014277188633,6.253871917724609,4.990057945251465,1.2532663921619966
NC_002655.2,DNABERT-2,24,1000000,0.7159539549189735,6.2254252433776855,5.053380966186523,1.2319326971454583
NC_002655.2,DNABERT-2,48,0,0.8108559427076161,8.535772323608398,6.937068939208984,1.2304580505699443
NC_002655.2,DNABERT-2,48,100000,0.7788872056190608,8.321779251098633,6.956589698791504,1.1962440809962227
NC_002655.2,DNABERT-2,48,250000,0.7795930312629115,8.367179870605469,6.949395179748535,1.204015551596281
NC_002655.2,DNABERT-2,48,1000000,0.7348276178671441,8.30007553100586,7.015113353729248,1.1831705508498338
NC_002655.2,NT-v2-50M,8,0,0.5219035486388468,2.8753855228424072,2.8000030517578125,1.0269222817586825
NC_002655.2,NT-v2-50M,8,100000,0.45309415599320574,2.81117844581604,2.842474937438965,0.9889897035816532
NC_002655.2,NT-v2-50M,8,250000,0.4764323095992288,2.8134920597076416,2.814173460006714,0.9997578684083424
NC_002655.2,NT-v2-50M,8,1000000,0.46033030344764264,2.8039565086364746,2.846733331680298,0.984973364885367
NC_002655.2,NT-v2-50M,16,0,0.5954930450351191,4.366918087005615,4.05042839050293,1.0781373390638782
NC_002655.2,NT-v2-50M,16,100000,0.511029242987651,4.184331893920898,4.089619159698486,1.023159304209978
NC_002655.2,NT-v2-50M,16,250000,0.5327606390304366,4.241905212402344,4.094118118286133,1.036097418258679
NC_002655.2,NT-v2-50M,16,1000000,0.50270279575816,4.185755252838135,4.115938186645508,1.0169626129029716
NC_002655.2,NT-v2-50M,24,0,0.6174826699719965,5.433513641357422,4.956483840942383,1.0962435903602867
NC_002655.2,NT-v2-50M,24,100000,0.5421888628747188,5.276198387145996,5.008504390716553,1.053447890936389
NC_002655.2,NT-v2-50M,24,250000,0.556460313088188,5.314365386962891,5.012320041656494,1.060260586474158
NC_002655.2,NT-v2-50M,24,1000000,0.5247268512142497,5.253330707550049,5.034023761749268,1.0435649405287222
NC_002655.2,NT-v2-50M,48,0,0.5944084836799339,7.646792888641357,7.03637170791626,1.0867522646704897
NC_002655.2,NT-v2-50M,48,100000,0.5345510260294726,7.529673099517822,7.094571113586426,1.0613288638545262
NC_002655.2,NT-v2-50M,48,250000,0.5461082036450443,7.546205520629883,7.0864787101745605,1.064873801115815
NC_002655.2,NT-v2-50M,48,1000000,0.5089002892163614,7.467195987701416,7.130819320678711,1.0471722325157284
NC_002655.2,compositional,11,0,0.885386539962356,6.242267759204074,2.67779213639838,2.331124837643261
NC_002695.1,DNABERT-S,8,0,0.774254211726624,2.9334137439727783,2.5782852172851562,1.1377382627440884
NC_002695.1,DNABERT-S,8,100000,0.5875358640476716,2.7686216831207275,2.6448934078216553,1.046780061129562
NC_002695.1,DNABERT-S,8,250000,0.6753935849334216,2.8355069160461426,2.605570077896118,1.0882481880263564
NC_002695.1,DNABERT-S,8,1000000,0.6686621790627529,2.870378017425537,2.654829740524292,1.0811909982817494
NC_002695.1,DNABERT-S,16,0,0.7364038475686014,4.169068813323975,3.7971723079681396,1.0979403817349642
NC_002695.1,DNABERT-S,16,100000,0.5974582505701465,4.0369415283203125,3.8520383834838867,1.0480013765255356
NC_002695.1,DNABERT-S,16,250000,0.6646711542705804,4.089724540710449,3.8208937644958496,1.0703580870822957
NC_002695.1,DNABERT-S,16,1000000,0.669167954094019,4.130880355834961,3.861278533935547,1.0698219047214463
NC_002695.1,DNABERT-S,24,0,0.738155668358714,5.249058723449707,4.713266372680664,1.113677502692111
NC_002695.1,DNABERT-S,24,100000,0.6544315088648569,5.126288890838623,4.767602920532227,1.0752340277252692
NC_002695.1,DNABERT-S,24,250000,0.6933118149047304,5.1662187576293945,4.737401008605957,1.0905175112354744
NC_002695.1,DNABERT-S,24,1000000,0.6903737217685574,5.217276573181152,4.788731098175049,1.0894904028270493
NC_002695.1,DNABERT-S,48,0,0.6679586919738101,7.423375606536865,6.795857906341553,1.0923382608706025
NC_002695.1,DNABERT-S,48,100000,0.6156707496505555,7.350359916687012,6.863335132598877,1.070960367617036
NC_002695.1,DNABERT-S,48,250000,0.6313589715294637,7.3572893142700195,6.832878589630127,1.0767481402985501
NC_002695.1,DNABERT-S,48,1000000,0.6342005076142132,7.4009013175964355,6.883330821990967,1.07519186698857
NC_002695.1,DNABERT-2,8,0,0.7693114102847054,3.9810128211975098,3.1180169582366943,1.2767771550058722
NC_002695.1,DNABERT-2,8,100000,0.7318104906937394,3.7326202392578125,3.0111374855041504,1.2396047198864004
NC_002695.1,DNABERT-2,8,250000,0.7431398513940999,3.806966543197632,3.040571689605713,1.252056169638053
NC_002695.1,DNABERT-2,8,1000000,0.763499595379975,3.862650156021118,3.055759906768799,1.264055512825134
NC_002695.1,DNABERT-2,16,0,0.765826160523799,5.1998443603515625,4.2074198722839355,1.235874839733764
NC_002695.1,DNABERT-2,16,100000,0.7262607592143014,4.934413433074951,4.140682697296143,1.1916907896123297
NC_002695.1,DNABERT-2,16,250000,0.744077834179357,5.021888256072998,4.148791790008545,1.2104459587890417
NC_002695.1,DNABERT-2,16,1000000,0.7450342087839329,5.075002670288086,4.207211494445801,1.2062627887825248
NC_002695.1,DNABERT-2,24,0,0.7597752519679246,6.108371257781982,5.054777145385742,1.2084353240692352
NC_002695.1,DNABERT-2,24,100000,0.720301809755021,5.8628764152526855,5.0221171379089355,1.1674113236024235
NC_002695.1,DNABERT-2,24,250000,0.7396408077687044,5.952790260314941,5.021693706512451,1.1854148437199554
NC_002695.1,DNABERT-2,24,1000000,0.742615684543515,5.994635581970215,5.075046539306641,1.1811981497196693
NC_002695.1,DNABERT-2,48,0,0.7982049584344884,8.215274810791016,7.020124912261963,1.1702462439723116
NC_002695.1,DNABERT-2,48,100000,0.7708333333333334,8.02039909362793,7.002821922302246,1.1453095884224835
NC_002695.1,DNABERT-2,48,250000,0.7790452806591628,8.073447227478027,6.9949631690979,1.154180091061039
NC_002695.1,DNABERT-2,48,1000000,0.7811143603325241,8.118021011352539,7.055799961090088,1.150545800068054
NC_002695.1,NT-v2-50M,8,0,0.4592391304347826,2.7617993354797363,2.8553905487060547,0.9672229729594328
NC_002695.1,NT-v2-50M,8,100000,0.412813580519385,2.7028486728668213,2.877678871154785,0.9392461055886315
NC_002695.1,NT-v2-50M,8,250000,0.42754542779371735,2.699223041534424,2.8567416667938232,0.9448607386903886
NC_002695.1,NT-v2-50M,8,1000000,0.42145773559920546,2.706132173538208,2.871959686279297,0.9422598048526499
NC_002695.1,NT-v2-50M,16,0,0.6519853968954609,4.472775936126709,4.065324306488037,1.1002261071738855
NC_002695.1,NT-v2-50M,16,100000,0.5612585521959832,4.258971691131592,4.088966369628906,1.0415766005720695
NC_002695.1,NT-v2-50M,16,250000,0.602566578385934,4.3509297370910645,4.078891277313232,1.066694216953246
NC_002695.1,NT-v2-50M,16,1000000,0.6049483189877143,4.38184928894043,4.091874599456787,1.0708659765678397
NC_002695.1,NT-v2-50M,24,0,0.6254689913926286,5.341588020324707,4.979056358337402,1.0728113192332613
NC_002695.1,NT-v2-50M,24,100000,0.552476458471272,5.172571659088135,5.00209379196167,1.0340813015942287
NC_002695.1,NT-v2-50M,24,250000,0.5806251379386449,5.231035232543945,4.988156795501709,1.048691018947372
NC_002695.1,NT-v2-50M,24,1000000,0.5841701611123372,5.267238140106201,5.012722015380859,1.0507740353333765
NC_002695.1,NT-v2-50M,48,0,0.6112199293754138,7.3498334884643555,7.014326572418213,1.0478316646056123
NC_002695.1,NT-v2-50M,48,100000,0.5649139262855881,7.240931987762451,7.04143762588501,1.0283314817906049
NC_002695.1,NT-v2-50M,48,250000,0.5761467299345251,7.260556221008301,7.02675724029541,1.0332726708377165
NC_002695.1,NT-v2-50M,48,1000000,0.5638012212168028,7.278280258178711,7.059821128845215,1.030944003445202
NC_002695.1,compositional,11,0,0.8811290737879791,6.127020210558675,2.625158010073759,2.3339624460877784
NC_002758.2,DNABERT-S,8,0,0.9588809368900455,3.6475517749786377,2.613297462463379,1.3957660110917252
NC_002758.2,DNABERT-S,8,100000,0.8985035783994795,3.257091999053955,2.608780860900879,1.2485111524197543
NC_002758.2,DNABERT-S,8,250000,0.9431359791802212,3.550874710083008,2.6189892292022705,1.355818752704296
NC_002758.2,DNABERT-S,8,1000000,0.937800910865322,3.592794179916382,2.6060924530029297,1.378613477728506
NC_002758.2,DNABERT-S,16,0,0.9523747560182173,4.647995471954346,3.796140193939209,1.2244003736677536
NC_002758.2,DNABERT-S,16,100000,0.8743005855562784,4.3557586669921875,3.784820556640625,1.150849452915232
NC_002758.2,DNABERT-S,16,250000,0.9418347430058556,4.697124004364014,3.8011515140533447,1.2357108068431746
NC_002758.2,DNABERT-S,16,1000000,0.9411841249186728,4.678249835968018,3.748589515686035,1.2480026997866274
NC_002758.2,DNABERT-S,24,0,0.9584905660377359,5.875696182250977,4.708139419555664,1.2479868709592083
NC_002758.2,DNABERT-S,24,100000,0.9241379310344827,5.677797317504883,4.720829963684082,1.2027116759515724
NC_002758.2,DNABERT-S,24,250000,0.9409238776837996,5.93796968460083,4.738942623138428,1.2530157372254342
NC_002758.2,DNABERT-S,24,1000000,0.9216655823031881,5.776099681854248,4.659109592437744,1.2397432529231558
NC_002758.2,DNABERT-S,48,0,0.9433962264150944,8.39938735961914,6.700587749481201,1.2535299400070494
NC_002758.2,DNABERT-S,48,100000,0.9133376707872479,8.155198097229004,6.7473835945129395,1.208645985958308
NC_002758.2,DNABERT-S,48,250000,0.9169811320754717,8.382597923278809,6.745187282562256,1.2427524354956916
NC_002758.2,DNABERT-S,48,1000000,0.9020169160702668,8.133689880371094,6.624773979187012,1.2277686613799397
NC_002758.2,DNABERT-2,8,0,0.71060507482108,2.965344190597534,2.674940347671509,1.1085646052551479
NC_002758.2,DNABERT-2,8,100000,0.8390370852309694,3.6426613330841064,2.7775471210479736,1.3114669794367786
NC_002758.2,DNABERT-2,8,250000,0.9191932335718933,4.26822566986084,2.8255701065063477,1.5105714984853982
NC_002758.2,DNABERT-2,8,1000000,0.9107351984385166,3.9045159816741943,2.743664264678955,1.4231026849529909
NC_002758.2,DNABERT-2,16,0,0.652309694209499,4.073716163635254,3.923903226852417,1.0381795697094727
NC_002758.2,DNABERT-2,16,100000,0.7238776837996096,4.475214004516602,4.083467483520508,1.0959347717539198
NC_002758.2,DNABERT-2,16,250000,0.7997397527651269,4.951661586761475,4.10150671005249,1.207278675084285
NC_002758.2,DNABERT-2,16,1000000,0.7877683799609629,4.697399139404297,3.9776482582092285,1.1809488507963513
NC_002758.2,DNABERT-2,24,0,0.7044892648015615,5.18017053604126,4.840441703796387,1.0701855022814182
NC_002758.2,DNABERT-2,24,100000,0.7359791802212101,5.372682571411133,4.954254627227783,1.0844583041581548
NC_002758.2,DNABERT-2,24,250000,0.837085230969421,5.890812397003174,4.947186470031738,1.1907399150380886
NC_002758.2,DNABERT-2,24,1000000,0.8234222511385817,5.664637088775635,4.824414253234863,1.1741605905789259
NC_002758.2,DNABERT-2,48,0,0.7816525699414444,7.5441813468933105,6.8095808029174805,1.1078774986649838
NC_002758.2,DNABERT-2,48,100000,0.7777488614183474,7.55068302154541,6.893572807312012,1.0953221547956093
NC_002758.2,DNABERT-2,48,250000,0.825113858165257,7.881885528564453,6.890905857086182,1.1438097823465705
NC_002758.2,DNABERT-2,48,1000000,0.8081977878985036,7.690916538238525,6.773443222045898,1.1354515400980223
NC_002758.2,NT-v2-50M,8,0,0.346779440468445,2.679551839828491,3.166160821914673,0.8463094550604936
NC_002758.2,NT-v2-50M,8,100000,0.4376057254391672,2.8581900596618652,3.192392110824585,0.8953129692215671
NC_002758.2,NT-v2-50M,8,250000,0.5298633702016916,3.1545021533966064,3.1669838428497314,0.9960588086101843
NC_002758.2,NT-v2-50M,8,1000000,0.4973324658425504,2.996886730194092,3.1014716625213623,0.9662789334524348
NC_002758.2,NT-v2-50M,16,0,0.6094990240728693,4.4720072746276855,4.295527935028076,1.0410844353171353
NC_002758.2,NT-v2-50M,16,100000,0.5588809368900456,4.418130874633789,4.354664325714111,1.0145743837349093
NC_002758.2,NT-v2-50M,16,250000,0.691476903057905,4.730503082275391,4.334920406341553,1.0912548879456103
NC_002758.2,NT-v2-50M,16,1000000,0.6754716981132075,4.61912727355957,4.220763683319092,1.0943818749708385
NC_002758.2,NT-v2-50M,24,0,0.5933636955107352,5.338901519775391,5.178935527801514,1.0308878129714396
NC_002758.2,NT-v2-50M,24,100000,0.5220559531554977,5.26499080657959,5.263758659362793,1.0002340812519217
NC_002758.2,NT-v2-50M,24,250000,0.6489264801561483,5.5102763175964355,5.226898193359375,1.0542153517734638
NC_002758.2,NT-v2-50M,24,1000000,0.6715679895901107,5.385179042816162,5.07654333114624,1.0607964300779906
NC_002758.2,NT-v2-50M,48,0,0.6165256994144437,7.469751358032227,7.171873092651367,1.0415342354127932
NC_002758.2,NT-v2-50M,48,100000,0.511515940143136,7.282419204711914,7.266018390655518,1.0022571941295233
NC_002758.2,NT-v2-50M,48,250000,0.6240728692257644,7.516299724578857,7.236492156982422,1.0386661881926387
NC_002758.2,NT-v2-50M,48,1000000,0.63409238776838,7.349991321563721,7.04990816116333,1.0425655417830113
NC_002758.2,compositional,11,0,0.7499024072869226,3.8894056976462235,3.199249209460693,1.2157245162848294
NC_002944.2,DNABERT-S,8,0,0.6557539682539683,2.8815269470214844,2.7897255420684814,1.0329069664985522
NC_002944.2,DNABERT-S,8,100000,0.23313492063492064,2.5130608081817627,2.774055242538452,0.9059159203629047
NC_002944.2,DNABERT-S,8,250000,0.3621031746031746,2.693392515182495,2.8109517097473145,0.9581781522047609
NC_002944.2,DNABERT-S,8,1000000,0.6736111111111112,2.8913276195526123,2.678632974624634,1.0794041762880129
NC_002944.2,DNABERT-S,16,0,0.8134920634920635,4.546336650848389,3.9674253463745117,1.1459161178679504
NC_002944.2,DNABERT-S,16,100000,0.7430555555555556,4.25674295425415,3.9468729496002197,1.0785102557419077
NC_002944.2,DNABERT-S,16,250000,0.7371031746031746,4.357290744781494,4.009325981140137,1.086788843131784
NC_002944.2,DNABERT-S,16,1000000,0.7390873015873016,4.465183734893799,4.110410213470459,1.086310977006794
NC_002944.2,DNABERT-S,24,0,0.8680555555555556,5.836677551269531,4.896964073181152,1.1918971558796683
NC_002944.2,DNABERT-S,24,100000,0.8333333333333334,5.6162285804748535,4.917995452880859,1.1419751470459338
NC_002944.2,DNABERT-S,24,250000,0.7956349206349206,5.6734442710876465,4.93868350982666,1.1487766445853451
NC_002944.2,DNABERT-S,24,1000000,0.8075396825396826,5.72242546081543,5.080739498138428,1.1262977491587818
NC_002944.2,DNABERT-S,48,0,0.9424603174603174,8.482183456420898,6.842923641204834,1.239555473824846
NC_002944.2,DNABERT-S,48,100000,0.8918650793650794,8.257872581481934,6.926900386810303,1.1921454215230192
NC_002944.2,DNABERT-S,48,250000,0.9067460317460317,8.312897682189941,6.867427825927734,1.2104819872740251
NC_002944.2,DNABERT-S,48,1000000,0.9444444444444444,8.287501335144043,6.875777244567871,1.205318473877479
NC_002944.2,DNABERT-2,8,0,0.6884920634920635,3.4895293712615967,3.1386637687683105,1.1117882093598623
NC_002944.2,DNABERT-2,8,100000,0.37103174603174605,2.8531548976898193,3.045548915863037,0.936827802314678
NC_002944.2,DNABERT-2,8,250000,0.4523809523809524,3.2486000061035156,3.170375347137451,1.024673627063336
NC_002944.2,DNABERT-2,8,1000000,0.8492063492063492,3.487506151199341,2.59724497795105,1.3427713522621236
NC_002944.2,DNABERT-2,16,0,0.5694444444444444,4.825291156768799,4.550658226013184,1.0603501553216446
NC_002944.2,DNABERT-2,16,100000,0.4732142857142857,4.3939948081970215,4.488119125366211,0.9790281152215385
NC_002944.2,DNABERT-2,16,250000,0.5099206349206349,4.678491115570068,4.5774245262146,1.0220793568035185
NC_002944.2,DNABERT-2,16,1000000,0.6775793650793651,4.799767017364502,4.215887546539307,1.138495029665695
NC_002944.2,DNABERT-2,24,0,0.7271825396825397,5.837226867675781,5.196127891540527,1.1233801379636912
NC_002944.2,DNABERT-2,24,100000,0.5753968253968254,5.403692722320557,5.155315399169922,1.048178880227314
NC_002944.2,DNABERT-2,24,250000,0.6617063492063492,5.647811412811279,5.235871315002441,1.0786765130434925
NC_002944.2,DNABERT-2,24,1000000,0.7281746031746031,5.794639587402344,5.031399726867676,1.1516953336978906
NC_002944.2,DNABERT-2,48,0,0.7648809523809523,7.813743591308594,7.030381202697754,1.1114253076789409
NC_002944.2,DNABERT-2,48,100000,0.6964285714285714,7.532217502593994,7.053295135498047,1.0679005142838291
NC_002944.2,DNABERT-2,48,250000,0.7113095238095238,7.647424697875977,7.0545783042907715,1.0840371129234785
NC_002944.2,DNABERT-2,48,1000000,0.6607142857142857,7.7229790687561035,7.266841888427734,1.0627696580346349
NC_002944.2,NT-v2-50M,8,0,0.0496031746031746,2.4324285984039307,3.167483329772949,0.76793730073973
NC_002944.2,NT-v2-50M,8,100000,0.011904761904761904,2.097102403640747,3.1576011180877686,0.6641441794620165
NC_002944.2,NT-v2-50M,8,250000,0.016865079365079364,2.209904432296753,3.1545348167419434,0.7005484360382427
NC_002944.2,NT-v2-50M,8,1000000,0.050595238095238096,2.4606597423553467,3.0954430103302,0.7949297512968461
NC_002944.2,NT-v2-50M,16,0,0.23214285714285715,3.793532609939575,4.250761985778809,0.8924359026995812
NC_002944.2,NT-v2-50M,16,100000,0.10119047619047619,3.5599944591522217,4.232266902923584,0.8411554707698214
NC_002944.2,NT-v2-50M,16,250000,0.1636904761904762,3.6579430103302,4.214871406555176,0.8678658629160517
NC_002944.2,NT-v2-50M,16,1000000,0.25595238095238093,3.8059370517730713,4.277655601501465,0.8897249817019351
NC_002944.2,NT-v2-50M,24,0,0.5515873015873016,5.121462821960449,5.0542402267456055,1.0133002374638074
NC_002944.2,NT-v2-50M,24,100000,0.44642857142857145,4.888210773468018,5.043386936187744,0.9692317554288185
NC_002944.2,NT-v2-50M,24,250000,0.4990079365079365,4.976149082183838,5.031896114349365,0.9889212672720816
NC_002944.2,NT-v2-50M,24,1000000,0.39285714285714285,5.04443883895874,5.281635284423828,0.9550903398868512
NC_002944.2,NT-v2-50M,48,0,0.6180555555555556,7.098955154418945,6.9920806884765625,1.015285073314231
NC_002944.2,NT-v2-50M,48,100000,0.5446428571428571,6.9363555908203125,6.99307918548584,0.9918886097009658
NC_002944.2,NT-v2-50M,48,250000,0.5823412698412699,6.951284885406494,6.912633895874023,1.0055913549183533
NC_002944.2,NT-v2-50M,48,1000000,0.32142857142857145,6.969354629516602,7.382806777954102,0.9439979724686667
NC_002944.2,compositional,11,0,1.0,7.191897936959845,2.8080274765265023,2.5611921525269903
NC_003047.1,DNABERT-S,8,0,0.8460948613086771,3.0903801918029785,2.621560573577881,1.178832266151019
NC_003047.1,DNABERT-S,8,100000,0.596772759601707,2.7463388442993164,2.6560659408569336,1.0339874481479394
NC_003047.1,DNABERT-S,8,250000,0.777660472972973,2.9640297889709473,2.641941547393799,1.1219134624287503
NC_003047.1,DNABERT-S,8,1000000,0.8321590504978663,3.2582104206085205,2.673499822616577,1.2187060545303054
NC_003047.1,DNABERT-S,16,0,0.9295208036984353,4.744991302490234,3.8047409057617188,1.247125998857017
NC_003047.1,DNABERT-S,16,100000,0.8756556721194879,4.505680561065674,3.8521008491516113,1.1696683803223915
NC_003047.1,DNABERT-S,16,250000,0.901471372688478,4.628114700317383,3.847184896469116,1.2029873335604409
NC_003047.1,DNABERT-S,16,1000000,0.887668918918919,4.854387283325195,3.8868114948272705,1.2489381823084589
NC_003047.1,DNABERT-S,24,0,0.9355218705547653,6.03164529800415,4.74022102355957,1.2724396748645301
NC_003047.1,DNABERT-S,24,100000,0.9180520981507824,5.809785842895508,4.7776408195495605,1.2160365465571477
NC_003047.1,DNABERT-S,24,250000,0.9227084815078236,5.9162797927856445,4.768601417541504,1.2406739995132234
NC_003047.1,DNABERT-S,24,1000000,0.9035606330014224,6.039905071258545,4.807331562042236,1.256394528504851
NC_003047.1,DNABERT-S,48,0,0.9291096194879089,8.937658309936523,6.779284954071045,1.3183777301718742
NC_003047.1,DNABERT-S,48,100000,0.9182187944523471,8.756370544433594,6.839936256408691,1.2801830625584114
NC_003047.1,DNABERT-S,48,250000,0.9150626778093883,8.820108413696289,6.836841106414795,1.2900853298200328
NC_003047.1,DNABERT-S,48,1000000,0.8957370199146515,8.9297513961792,6.889266490936279,1.2961831869804197
NC_003047.1,DNABERT-2,8,0,0.766169541251778,3.7734317779541016,2.906125783920288,1.2984406245705717
NC_003047.1,DNABERT-2,8,100000,0.6090527204836416,3.1786653995513916,2.835188150405884,1.1211479559465343
NC_003047.1,DNABERT-2,8,250000,0.739764847083926,3.6014442443847656,2.830535650253296,1.2723543135951965
NC_003047.1,DNABERT-2,8,1000000,0.801731418918919,3.8863072395324707,2.8165645599365234,1.3798040686914188
NC_003047.1,DNABERT-2,16,0,0.6842327524893315,4.761817932128906,4.0606465339660645,1.172674817248376
NC_003047.1,DNABERT-2,16,100000,0.5249933321479374,4.210082530975342,4.014134883880615,1.0488144152508638
NC_003047.1,DNABERT-2,16,250000,0.6377133712660028,4.594336986541748,4.037374496459961,1.137951654118324
NC_003047.1,DNABERT-2,16,1000000,0.7405205369843528,4.898449420928955,4.058845043182373,1.2068579531403552
NC_003047.1,DNABERT-2,24,0,0.7216282894736842,5.716775417327881,4.945702075958252,1.1559077618358622
NC_003047.1,DNABERT-2,24,100000,0.5802587126600285,5.220522880554199,4.924692153930664,1.0600709074550816
NC_003047.1,DNABERT-2,24,250000,0.662906738975818,5.536627769470215,4.944316387176514,1.119796415906941
NC_003047.1,DNABERT-2,24,1000000,0.7310966394025604,5.811476230621338,5.001619338989258,1.1619189379965367
NC_003047.1,DNABERT-2,48,0,0.809521692745377,8.081470489501953,6.981592655181885,1.1575396744901345
NC_003047.1,DNABERT-2,48,100000,0.7335304054054054,7.72575044631958,6.9779438972473145,1.1071671770487097
NC_003047.1,DNABERT-2,48,250000,0.7678142780938834,7.939633369445801,6.999151229858398,1.1343708842259763
NC_003047.1,DNABERT-2,48,1000000,0.7667696479374111,8.104283332824707,7.057729244232178,1.1482848168832502
NC_003047.1,NT-v2-50M,8,0,0.38085659672830724,2.53432035446167,2.7420544624328613,0.9242414361869088
NC_003047.1,NT-v2-50M,8,100000,0.2086593172119488,2.2524757385253906,2.789677381515503,0.8074323409044972
NC_003047.1,NT-v2-50M,8,250000,0.2816945234708393,2.3861114978790283,2.772590160369873,0.86060735985614
NC_003047.1,NT-v2-50M,8,1000000,0.4505467638691323,2.682776927947998,2.7920544147491455,0.9608612617920752
NC_003047.1,NT-v2-50M,16,0,0.3890024893314367,3.7916150093078613,3.9933862686157227,0.9494736432351675
NC_003047.1,NT-v2-50M,16,100000,0.2435655227596017,3.5146474838256836,4.018763065338135,0.8745595166183217
NC_003047.1,NT-v2-50M,16,250000,0.31336682076813654,3.6497879028320312,4.012398719787598,0.9096274218294134
NC_003047.1,NT-v2-50M,16,1000000,0.4836526493598862,3.9968795776367188,4.033224582672119,0.990988598752584
NC_003047.1,NT-v2-50M,24,0,0.46132645803698435,4.913266181945801,4.923242568969727,0.997973614567195
NC_003047.1,NT-v2-50M,24,100000,0.34077169274537694,4.685919284820557,4.970223426818848,0.9427985187820304
NC_003047.1,NT-v2-50M,24,250000,0.3849239864864865,4.799434661865234,4.96153450012207,0.967328688684348
NC_003047.1,NT-v2-50M,24,1000000,0.5721406027738265,5.182670593261719,4.969560623168945,1.0428830607477084
NC_003047.1,NT-v2-50M,48,0,0.5243487731152204,7.061344146728516,6.936094760894775,1.0180576232233574
NC_003047.1,NT-v2-50M,48,100000,0.4052498221906117,6.879268646240234,6.991238594055176,0.9839842473821231
NC_003047.1,NT-v2-50M,48,250000,0.4434010490753912,6.950093746185303,6.993319511413574,0.9938189918024303
NC_003047.1,NT-v2-50M,48,1000000,0.5676786984352774,7.251558303833008,7.045478820800781,1.0292498903585952
NC_003047.1,compositional,11,0,0.9165996065808297,8.98588699813581,2.735817325815437,3.284534721431914
NC_002947.3,DNABERT-S,8,0,0.8053206598929313,3.6831533908843994,2.8021209239959717,1.3144162906545906
NC_002947.3,DNABERT-S,8,100000,0.67984267453294,3.1990365982055664,2.817126512527466,1.1355672469730367
NC_002947.3,DNABERT-S,8,250000,0.7477657598601551,3.4846510887145996,2.8251423835754395,1.233442643094151
NC_002947.3,DNABERT-S,8,1000000,0.7783786736589097,3.5824334621429443,2.8267741203308105,1.2673221522643985
NC_002947.3,DNABERT-S,16,0,0.8040205397137551,5.465821743011475,4.200624942779541,1.3011925171769219
NC_002947.3,DNABERT-S,16,100000,0.7451655195018027,5.083305358886719,4.255599021911621,1.1944981970137052
NC_002947.3,DNABERT-S,16,250000,0.7743581339451546,5.305331230163574,4.233061790466309,1.2533082418291717
NC_002947.3,DNABERT-S,16,1000000,0.7891947995192833,5.364360332489014,4.211007118225098,1.2738901127172741
NC_002947.3,DNABERT-S,24,0,0.7875559925707418,6.893528938293457,5.280496597290039,1.3054698192270835
NC_002947.3,DNABERT-S,24,100000,0.7617065443024145,6.548652172088623,5.286381244659424,1.2387778839644625
NC_002947.3,DNABERT-S,24,250000,0.7730907899049492,6.7416558265686035,5.287295818328857,1.2750668882944065
NC_002947.3,DNABERT-S,24,1000000,0.7796241669398012,6.773133754730225,5.255074501037598,1.2888749252542264
NC_002947.3,DNABERT-S,48,0,0.7768381951272807,9.978987693786621,7.592586994171143,1.3143066653628765
NC_002947.3,DNABERT-S,48,100000,0.7608215885502021,9.69960880279541,7.6205315589904785,1.272825750764341
NC_002947.3,DNABERT-S,48,250000,0.7610073200043701,9.84000015258789,7.639113903045654,1.2881075315115749
NC_002947.3,DNABERT-S,48,1000000,0.7610837976619688,9.813238143920898,7.58051061630249,1.2945352418367109
NC_002947.3,DNABERT-2,8,0,0.5899923522342402,3.5854010581970215,3.4027884006500244,1.0536655930507208
NC_002947.3,DNABERT-2,8,100000,0.4131268436578171,2.8947649002075195,3.244595527648926,0.8921805123442003
NC_002947.3,DNABERT-2,8,250000,0.557391019337922,3.3602068424224854,3.3274807929992676,1.009835082892761
NC_002947.3,DNABERT-2,8,1000000,0.5830219600131105,3.5063509941101074,3.3561747074127197,1.044746266148093
NC_002947.3,DNABERT-2,16,0,0.5921228012673441,4.8890862464904785,4.622938632965088,1.05757108944245
NC_002947.3,DNABERT-2,16,100000,0.47707309078990495,4.364342212677002,4.469906330108643,0.9763833714544361
NC_002947.3,DNABERT-2,16,250000,0.5575002731344915,4.688713550567627,4.54964542388916,1.0305668054807637
NC_002947.3,DNABERT-2,16,1000000,0.5770130012017918,4.799727439880371,4.578375339508057,1.0483473031278598
NC_002947.3,DNABERT-2,24,0,0.6006992242980443,5.8984222412109375,5.553309440612793,1.0621454295476938
NC_002947.3,DNABERT-2,24,100000,0.49413307112422156,5.433176517486572,5.4328484535217285,1.0000603852597123
NC_002947.3,DNABERT-2,24,250000,0.5659455916093085,5.730785846710205,5.4988274574279785,1.0421832456242812
NC_002947.3,DNABERT-2,24,1000000,0.5875778433300557,5.821155548095703,5.511851787567139,1.056116124389674
NC_002947.3,DNABERT-2,48,0,0.646072326013329,8.045957565307617,7.4837799072265625,1.0751194804029711
NC_002947.3,DNABERT-2,48,100000,0.5800884955752212,7.698965072631836,7.380215167999268,1.043189784765988
NC_002947.3,DNABERT-2,48,250000,0.6085654976510434,7.898423194885254,7.444516658782959,1.0609719283207972
NC_002947.3,DNABERT-2,48,1000000,0.6211733857751557,7.931670665740967,7.440346717834473,1.066035087683319
NC_002947.3,NT-v2-50M,8,0,0.5370261116573801,2.910738706588745,2.8869760036468506,1.0082310011970579
NC_002947.3,NT-v2-50M,8,100000,0.2924396372773954,2.49413800239563,2.911583662033081,0.8566259094385905
NC_002947.3,NT-v2-50M,8,250000,0.4380476346553043,2.7481796741485596,2.8936400413513184,0.9497310083064687
NC_002947.3,NT-v2-50M,8,1000000,0.5170326668851742,2.8549234867095947,2.868718385696411,0.9951912676212491
NC_002947.3,NT-v2-50M,16,0,0.5035234349393641,4.143481731414795,4.164519309997559,0.9949483777077801
NC_002947.3,NT-v2-50M,16,100000,0.3006555227794166,3.8109207153320312,4.209587574005127,0.905295506587171
NC_002947.3,NT-v2-50M,16,250000,0.41279361957828037,3.9974541664123535,4.187074184417725,0.9547130025278641
NC_002947.3,NT-v2-50M,16,1000000,0.46916311591827814,4.075629711151123,4.158732891082764,0.980017187420276
NC_002947.3,NT-v2-50M,24,0,0.4962198186386977,5.126606464385986,5.166311264038086,0.9923146714119843
NC_002947.3,NT-v2-50M,24,100000,0.37322735715066097,4.8882527351379395,5.155389308929443,0.9481830453950767
NC_002947.3,NT-v2-50M,24,250000,0.443570414071889,5.005017280578613,5.149669647216797,0.9719103599749621
NC_002947.3,NT-v2-50M,24,1000000,0.47878291270621653,5.060947895050049,5.127739429473877,0.9869744679224699
NC_002947.3,NT-v2-50M,48,0,0.4711242215666994,7.191727638244629,7.253248691558838,0.9915181381570708
NC_002947.3,NT-v2-50M,48,100000,0.37103135583961544,7.000459671020508,7.288783073425293,0.9604428613802481
NC_002947.3,NT-v2-50M,48,250000,0.42531410466513714,7.079195976257324,7.262485504150391,0.9747621488830072
NC_002947.3,NT-v2-50M,48,1000000,0.4365235441931607,7.068116188049316,7.233947277069092,0.9770759887142882
NC_002947.3,compositional,11,0,0.7901648978853739,7.553458630982637,3.6003416863788416,2.0979838273571665
NC_003485.1,DNABERT-S,8,0,0.4015645371577575,2.69126033782959,2.895862579345703,0.9293467020930456
NC_003485.1,DNABERT-S,8,100000,0.24206866579747935,2.5306458473205566,2.909651756286621,0.8697418314246093
NC_003485.1,DNABERT-S,8,250000,0.29335071707953064,2.605832815170288,2.983395576477051,0.873445290231137
NC_003485.1,DNABERT-S,8,1000000,0.2325076053889613,2.5779523849487305,3.083521604537964,0.8360416159091617
NC_003485.1,DNABERT-S,16,0,0.43285528031290743,3.932724952697754,4.206286430358887,0.9349636592299797
NC_003485.1,DNABERT-S,16,100000,0.2138200782268579,3.7454605102539062,4.259603977203369,0.8792978244688788
NC_003485.1,DNABERT-S,16,250000,0.2277270751847023,3.823347568511963,4.374058723449707,0.874096076491764
NC_003485.1,DNABERT-S,16,1000000,0.17861799217731422,3.7562716007232666,4.530952453613281,0.8290247225454258
NC_003485.1,DNABERT-S,24,0,0.30812690134724036,4.68453311920166,5.17677640914917,0.9049131638991508
NC_003485.1,DNABERT-S,24,100000,0.19556714471968709,4.5550127029418945,5.2585530281066895,0.866210282295451
NC_003485.1,DNABERT-S,24,250000,0.1912212081703607,4.630058765411377,5.403741836547852,0.8568245681346729
NC_003485.1,DNABERT-S,24,1000000,0.14689265536723164,4.50355863571167,5.639285087585449,0.798604533334551
NC_003485.1,DNABERT-S,48,0,0.2524989135158627,6.508665084838867,7.652337074279785,0.8505460517042688
NC_003485.1,DNABERT-S,48,100000,0.20990873533246415,6.373469829559326,7.7503132820129395,0.8223499615623261
NC_003485.1,DNABERT-S,48,250000,0.1647109952194698,6.328228950500488,7.988157749176025,0.7922012996242146
NC_003485.1,DNABERT-S,48,1000000,0.14689265536723164,6.3303093910217285,8.38477897644043,0.7549762979809779
NC_003485.1,DNABERT-2,8,0,0.4041720990873533,2.553715229034424,3.040447235107422,0.8399143387680591
NC_003485.1,DNABERT-2,8,100000,0.24033029117774882,2.4548180103302,3.4362435340881348,0.714389997675653
NC_003485.1,DNABERT-2,8,250000,0.19252498913515861,2.612318754196167,3.830056667327881,0.6820574683608287
NC_003485.1,DNABERT-2,8,1000000,0.13906996957844414,2.365628242492676,3.728883981704712,0.6344065018110849
NC_003485.1,DNABERT-2,16,0,0.38157322903085616,3.8529984951019287,4.4755353927612305,0.8609022512331824
NC_003485.1,DNABERT-2,16,100000,0.25119513255106474,3.7532002925872803,4.76708984375,0.7873147802129212
NC_003485.1,DNABERT-2,16,250000,0.2194697957409822,3.926867961883545,5.046119213104248,0.7781956382809737
NC_003485.1,DNABERT-2,16,1000000,0.16123424598000868,3.72395920753479,5.009750843048096,0.7433421988844882
NC_003485.1,DNABERT-2,24,0,0.4315514993481095,4.932308673858643,5.34731912612915,0.9223890621671335
NC_003485.1,DNABERT-2,24,100000,0.30073880921338547,4.868341445922852,5.628571033477783,0.864933820141344
NC_003485.1,DNABERT-2,24,250000,0.28205128205128205,5.0190277099609375,5.946535110473633,0.8440255740054278
NC_003485.1,DNABERT-2,24,1000000,0.20556279878313777,4.777356147766113,5.966826438903809,0.8006527752538051
NC_003485.1,DNABERT-2,48,0,0.42894393741851367,7.001570701599121,7.401594638824463,0.9459543575749139
NC_003485.1,DNABERT-2,48,100000,0.29421990438939594,6.818179130554199,7.652542591094971,0.8909691190073618
NC_003485.1,DNABERT-2,48,250000,0.25119513255106474,7.016997337341309,8.126632690429688,0.863456932857918
NC_003485.1,DNABERT-2,48,1000000,0.192090395480226,6.800200462341309,8.373104095458984,0.8121480856817826
NC_003485.1,NT-v2-50M,8,0,0.6631899174272056,3.4145727157592773,2.9763190746307373,1.1472468610183917
NC_003485.1,NT-v2-50M,8,100000,0.595393307257714,3.261890172958374,3.0424325466156006,1.0721322898635495
NC_003485.1,NT-v2-50M,8,250000,0.5388961321164711,3.2664434909820557,3.1385698318481445,1.040742652222147
NC_003485.1,NT-v2-50M,8,1000000,0.44806605823554974,3.1085238456726074,3.291396379470825,0.9444392249627439
NC_003485.1,NT-v2-50M,16,0,0.6332029552368535,4.679043769836426,4.3404645919799805,1.0780052850752542
NC_003485.1,NT-v2-50M,16,100000,0.5788787483702738,4.580489158630371,4.429449081420898,1.0340990661441403
NC_003485.1,NT-v2-50M,16,250000,0.5541069100391134,4.6629743576049805,4.618892192840576,1.0095438825856844
NC_003485.1,NT-v2-50M,16,1000000,0.42981312472837896,4.5256757736206055,4.8270392417907715,0.9375676365832974
NC_003485.1,NT-v2-50M,24,0,0.6045197740112994,5.430592060089111,5.187869071960449,1.0467866449137158
NC_003485.1,NT-v2-50M,24,100000,0.5627987831377662,5.344687461853027,5.268982410430908,1.0143680592427575
NC_003485.1,NT-v2-50M,24,250000,0.5375923511516731,5.366121292114258,5.477341651916504,0.9796944636887256
NC_003485.1,NT-v2-50M,24,1000000,0.3824424163407214,5.255159854888916,5.6937255859375,0.9229738552676715
NC_003485.1,NT-v2-50M,48,0,0.596697088222512,7.2952070236206055,7.230088233947754,1.0090066383100411
NC_003485.1,NT-v2-50M,48,100000,0.5067362016514559,7.182026386260986,7.341135025024414,0.9783264252433637
NC_003485.1,NT-v2-50M,48,250000,0.45588874402433727,7.202920913696289,7.585129261016846,0.9496108327006522
NC_003485.1,NT-v2-50M,48,1000000,0.28857018687527164,7.114717960357666,7.964999675750732,0.8932477401120642
NC_003485.1,compositional,11,0,0.6349413298565841,3.2012967650906035,3.2817309935729826,0.975490304159633
NC_003198.1,DNABERT-S,8,0,0.7347448380057076,2.933509111404419,2.6619696617126465,1.1020069663442635
NC_003198.1,DNABERT-S,8,100000,0.42794191707235185,2.582350015640259,2.677985191345215,0.9642883851583525
NC_003198.1,DNABERT-S,8,250000,0.5352001846567064,2.697829246520996,2.648282051086426,1.0187091837194018
NC_003198.1,DNABERT-S,8,1000000,0.7130266912875608,2.9701011180877686,2.6525769233703613,1.1197040477581932
NC_003198.1,DNABERT-S,16,0,0.8879679368809804,4.518022060394287,3.7988107204437256,1.189325394940065
NC_003198.1,DNABERT-S,16,100000,0.6214537518885345,4.1188435554504395,3.8387608528137207,1.0729617481723106
NC_003198.1,DNABERT-S,16,250000,0.7645626993453081,4.277864456176758,3.7851250171661377,1.1301778506062465
NC_003198.1,DNABERT-S,16,1000000,0.8746747523921437,4.597633361816406,3.7894365787506104,1.2132762394277254
NC_003198.1,DNABERT-S,24,0,0.8484765821722343,5.516032695770264,4.726772785186768,1.1669764861676781
NC_003198.1,DNABERT-S,24,100000,0.6671248111465503,5.178611755371094,4.761076927185059,1.08769755972687
NC_003198.1,DNABERT-S,24,250000,0.7787057243578983,5.3096699714660645,4.699893474578857,1.1297426208030912
NC_003198.1,DNABERT-S,24,1000000,0.8390339096860836,5.6242146492004395,4.720940589904785,1.1913334942674787
NC_003198.1,DNABERT-S,48,0,0.8196344636562027,7.673954010009766,6.7565412521362305,1.1357814188707092
NC_003198.1,DNABERT-S,48,100000,0.7012338425381903,7.404497146606445,6.794445991516113,1.0897867399125805
NC_003198.1,DNABERT-S,48,250000,0.7706689608863522,7.51094388961792,6.739701747894287,1.1144326812332008
NC_003198.1,DNABERT-S,48,1000000,0.7938559677690112,7.782017230987549,6.762748718261719,1.1507180815359084
NC_003198.1,DNABERT-2,8,0,0.7029020480107436,3.5158987045288086,3.0294651985168457,1.1605674513937672
NC_003198.1,DNABERT-2,8,100000,0.6509148900453249,3.273099422454834,2.965955972671509,1.1035563078526327
NC_003198.1,DNABERT-2,8,250000,0.6960718482457613,3.4008781909942627,2.9692881107330322,1.1453513650969638
NC_003198.1,DNABERT-2,8,1000000,0.7229414973980192,3.524097204208374,2.9429004192352295,1.1974911489272138
NC_003198.1,DNABERT-2,16,0,0.7799857310726876,5.032143592834473,4.158002853393555,1.2102309137973506
NC_003198.1,DNABERT-2,16,100000,0.7025977841195232,4.731808185577393,4.143906116485596,1.1418714740551097
NC_003198.1,DNABERT-2,16,250000,0.7596734933691456,4.903792858123779,4.12428092956543,1.1890055362064014
NC_003198.1,DNABERT-2,16,1000000,0.796394997481954,5.130046367645264,4.103902339935303,1.2500410445259615
NC_003198.1,DNABERT-2,24,0,0.7575961054221924,5.869743347167969,5.018701553344727,1.1695740989531571
NC_003198.1,DNABERT-2,24,100000,0.6824743998657042,5.622180461883545,5.021668910980225,1.1195840589152066
NC_003198.1,DNABERT-2,24,250000,0.7417848749370488,5.770869255065918,4.9859724044799805,1.157421017789969
NC_003198.1,DNABERT-2,24,1000000,0.7709942084942085,5.977239608764648,4.982753276824951,1.1995857062730972
NC_003198.1,DNABERT-2,48,0,0.7749706227967098,7.979628086090088,7.000669956207275,1.1398377778136506
NC_003198.1,DNABERT-2,48,100000,0.71241816350512,7.8205246925354,7.037692546844482,1.1112342064505105
NC_003198.1,DNABERT-2,48,250000,0.7599357898270942,7.897967338562012,6.975805282592773,1.1321943515640231
NC_003198.1,DNABERT-2,48,1000000,0.7860605170387779,8.045782089233398,6.954684734344482,1.156886673741043
NC_003198.1,NT-v2-50M,8,0,0.4654188349840524,2.9215002059936523,3.0301332473754883,0.9641490876759539
NC_003198.1,NT-v2-50M,8,100000,0.36933439650830957,2.750436782836914,2.996818780899048,0.9177854865190684
NC_003198.1,NT-v2-50M,8,250000,0.41387233506798726,2.8311657905578613,2.9997503757476807,0.9438004620141768
NC_003198.1,NT-v2-50M,8,1000000,0.5223161826422696,2.990251064300537,2.9681568145751953,1.0074437609282796
NC_003198.1,NT-v2-50M,16,0,0.6165540540540541,4.404312610626221,4.222148418426514,1.0431449049504506
NC_003198.1,NT-v2-50M,16,100000,0.5078374181635051,4.1680989265441895,4.217946529388428,0.9881820211572322
NC_003198.1,NT-v2-50M,16,250000,0.5746810475071344,4.2714738845825195,4.189868927001953,1.0194767328053287
NC_003198.1,NT-v2-50M,16,1000000,0.6776166694644955,4.513824462890625,4.165058612823486,1.0837361205418214
NC_003198.1,NT-v2-50M,24,0,0.6429096021487326,5.379270076751709,5.115793704986572,1.0515025403601235
NC_003198.1,NT-v2-50M,24,100000,0.5292198254154776,5.133423328399658,5.114112854003906,1.0037759187071191
NC_003198.1,NT-v2-50M,24,250000,0.5991270773879469,5.242293834686279,5.078184127807617,1.0323166121488219
NC_003198.1,NT-v2-50M,24,1000000,0.6893150914890045,5.482324123382568,5.076932430267334,1.0798497318377522
NC_003198.1,NT-v2-50M,48,0,0.6077828605002518,7.348084449768066,7.185417175292969,1.0226385289130364
NC_003198.1,NT-v2-50M,48,100000,0.5236801242236024,7.193577766418457,7.204126358032227,0.9985357569968205
NC_003198.1,NT-v2-50M,48,250000,0.5678928151754239,7.25699520111084,7.175178527832031,1.0114027369439587
NC_003198.1,NT-v2-50M,48,1000000,0.6615956018129932,7.505081653594971,7.1660685539245605,1.047308101662626
NC_003198.1,compositional,11,0,0.8502497062279671,4.938055070000629,2.8610426842523102,1.7259634388471607
NC_003197.1,DNABERT-S,8,0,0.681957569309719,2.832866907119751,2.6426026821136475,1.0719988011417303
NC_003197.1,DNABERT-S,8,100000,0.4849072741306298,2.6308016777038574,2.645642042160034,0.9943906378037218
NC_003197.1,DNABERT-S,8,250000,0.5868744393683376,2.724475145339966,2.6302566528320312,1.03582102621297
NC_003197.1,DNABERT-S,8,1000000,0.6686692951165071,2.840529441833496,2.63159441947937,1.079394841700364
NC_003197.1,DNABERT-S,16,0,0.8787992573586165,4.430403232574463,3.7872424125671387,1.1698229872672357
NC_003197.1,DNABERT-S,16,100000,0.7430585977428709,4.157873630523682,3.7923028469085693,1.0963980985624924
NC_003197.1,DNABERT-S,16,250000,0.8250829213342512,4.263667583465576,3.759002685546875,1.1342549979703673
NC_003197.1,DNABERT-S,16,1000000,0.8596074013809792,4.412841320037842,3.7823214530944824,1.1667018191770833
NC_003197.1,DNABERT-S,24,0,0.8313828566660408,5.469423770904541,4.789677143096924,1.141919091308126
NC_003197.1,DNABERT-S,24,100000,0.765024928552058,5.291615962982178,4.79041051864624,1.1046268252762557
NC_003197.1,DNABERT-S,24,250000,0.7999666228591693,5.350467681884766,4.762733459472656,1.123402711365919
NC_003197.1,DNABERT-S,24,1000000,0.8137972755908797,5.4702019691467285,4.764575004577637,1.1480986161181532
NC_003197.1,DNABERT-S,48,0,0.7633560715105242,7.5853986740112305,6.906604766845703,1.0982818519490203
NC_003197.1,DNABERT-S,48,100000,0.6962471577278512,7.406460285186768,6.916065692901611,1.0709065838961707
NC_003197.1,DNABERT-S,48,250000,0.7285812629075662,7.448517322540283,6.876614093780518,1.083166398602623
NC_003197.1,DNABERT-S,48,1000000,0.7358199303252185,7.626791954040527,6.874534606933594,1.1094266579657937
NC_003197.1,DNABERT-2,8,0,0.7688841604606046,3.720404624938965,3.114699125289917,1.1944667768167394
NC_003197.1,DNABERT-2,8,100000,0.7412645764232222,3.4994542598724365,3.041844606399536,1.1504382086153138
NC_003197.1,DNABERT-2,8,250000,0.7585163860900765,3.604367256164551,3.0505101680755615,1.181562118325406
NC_003197.1,DNABERT-2,8,1000000,0.7722635959697103,3.6371185779571533,3.0368669033050537,1.1976549166507229
NC_003197.1,DNABERT-2,16,0,0.7308133592006175,4.858517169952393,4.315598487854004,1.1258037983900497
NC_003197.1,DNABERT-2,16,100000,0.6874230761207418,4.597165107727051,4.258559226989746,1.0795118401996855
NC_003197.1,DNABERT-2,16,250000,0.7108913782673092,4.719706058502197,4.275633335113525,1.103861273543205
NC_003197.1,DNABERT-2,16,1000000,0.7364457517157936,4.800482749938965,4.253304481506348,1.1286478009772836
NC_003197.1,DNABERT-2,24,0,0.7489204581012578,5.913388252258301,5.23579740524292,1.1294150240299345
NC_003197.1,DNABERT-2,24,100000,0.690865093768905,5.603829860687256,5.198122501373291,1.078048826130354
NC_003197.1,DNABERT-2,24,250000,0.7187350063625175,5.739692211151123,5.196477890014648,1.1045350971626944
NC_003197.1,DNABERT-2,24,1000000,0.7504224294386382,5.8811869621276855,5.179725646972656,1.1354244149137522
NC_003197.1,DNABERT-2,48,0,0.7660679642030165,7.926515579223633,7.176438808441162,1.1045193571357712
NC_003197.1,DNABERT-2,48,100000,0.7334000876149946,7.686305999755859,7.166323184967041,1.072559219193407
NC_003197.1,DNABERT-2,48,250000,0.7605607359659553,7.798040390014648,7.146856307983398,1.0911147578696727
NC_003197.1,DNABERT-2,48,1000000,0.7802741097690719,7.913081645965576,7.126718521118164,1.1103401407698692
NC_003197.1,NT-v2-50M,8,0,0.43129524167136035,2.728119134902954,2.9074325561523438,0.9383258535542126
NC_003197.1,NT-v2-50M,8,100000,0.4156288461939629,2.68833589553833,2.8777143955230713,0.9341913498158949
NC_003197.1,NT-v2-50M,8,250000,0.41516991050754115,2.669022560119629,2.8652431964874268,0.9315169348946192
NC_003197.1,NT-v2-50M,8,1000000,0.4295220810647308,2.724882125854492,2.8476638793945312,0.9568833406117632
NC_003197.1,NT-v2-50M,16,0,0.65475519953272,4.503579139709473,4.1282854080200195,1.090907893858397
NC_003197.1,NT-v2-50M,16,100000,0.625717087010034,4.382782459259033,4.110699653625488,1.0661889285425117
NC_003197.1,NT-v2-50M,16,250000,0.6480380499405469,4.418338775634766,4.091644763946533,1.0798441777172085
NC_003197.1,NT-v2-50M,16,1000000,0.6744685733358367,4.486377716064453,4.089755535125732,1.0969794349643267
NC_003197.1,NT-v2-50M,24,0,0.7086175605482196,5.6011528968811035,5.062449932098389,1.1064115145844855
NC_003197.1,NT-v2-50M,24,100000,0.6664371988234558,5.415718078613281,5.048494338989258,1.072739259463554
NC_003197.1,NT-v2-50M,24,250000,0.6878820118071636,5.457027912139893,5.026950359344482,1.0855543663756195
NC_003197.1,NT-v2-50M,24,1000000,0.7141456494982998,5.547313213348389,5.01058292388916,1.107119330746975
NC_003197.1,NT-v2-50M,48,0,0.7035275465715418,7.570837497711182,7.114363670349121,1.0641622847120578
NC_003197.1,NT-v2-50M,48,100000,0.6362726077977345,7.377243518829346,7.122898101806641,1.0357081364056286
NC_003197.1,NT-v2-50M,48,250000,0.6682312201431045,7.424638271331787,7.090523719787598,1.047121279717572
NC_003197.1,NT-v2-50M,48,1000000,0.6757202161169868,7.513315677642822,7.10808801651001,1.0570093758253396
NC_003197.1,compositional,11,0,0.8081648830757036,4.1778037612672705,2.971618862010909,1.40590161634663
NC_003923.1,DNABERT-S,8,0,0.8790476190476191,3.201604127883911,2.6615936756134033,1.2028898915782307
NC_003923.1,DNABERT-S,8,100000,0.746031746031746,2.986908435821533,2.6422860622406006,1.13042583787794
NC_003923.1,DNABERT-S,8,250000,0.839047619047619,3.1467716693878174,2.634187936782837,1.1945888998455458
NC_003923.1,DNABERT-S,8,1000000,0.8503174603174604,3.1548357009887695,2.632373809814453,1.1984755695510976
NC_003923.1,DNABERT-S,16,0,0.9185714285714286,4.685404300689697,3.855740547180176,1.2151762400393566
NC_003923.1,DNABERT-S,16,100000,0.8292063492063492,4.450643062591553,3.8430187702178955,1.1581111955743078
NC_003923.1,DNABERT-S,16,250000,0.8653968253968254,4.584339618682861,3.859577178955078,1.1877828596561455
NC_003923.1,DNABERT-S,16,1000000,0.9015873015873016,4.680893421173096,3.7855870723724365,1.2365039640310185
NC_003923.1,DNABERT-S,24,0,0.8853968253968254,5.622060298919678,4.744278907775879,1.1850189266286841
NC_003923.1,DNABERT-S,24,100000,0.8249206349206349,5.440308570861816,4.757311820983887,1.143567791134758
NC_003923.1,DNABERT-S,24,250000,0.8325396825396826,5.503966331481934,4.770432949066162,1.153766626687283
NC_003923.1,DNABERT-S,24,1000000,0.8798412698412699,5.583888053894043,4.673697471618652,1.1947474323707483
NC_003923.1,DNABERT-S,48,0,0.8463492063492063,7.714727401733398,6.796055793762207,1.1351771727381048
NC_003923.1,DNABERT-S,48,100000,0.7471428571428571,7.502706527709961,6.828096389770508,1.0987991527111596
NC_003923.1,DNABERT-S,48,250000,0.7877777777777778,7.584845542907715,6.831311225891113,1.1103059562212094
NC_003923.1,DNABERT-S,48,1000000,0.816031746031746,7.533907413482666,6.697558403015137,1.1248737166802485
NC_003923.1,DNABERT-2,8,0,0.789047619047619,3.2702503204345703,2.656454563140869,1.231058255544931
NC_003923.1,DNABERT-2,8,100000,0.5284126984126984,2.8802356719970703,2.787036418914795,1.0334402709809458
NC_003923.1,DNABERT-2,8,250000,0.576031746031746,2.9741358757019043,2.796255111694336,1.063613925375995
NC_003923.1,DNABERT-2,8,1000000,0.7098412698412698,3.1821656227111816,2.711763620376587,1.173467185266417
NC_003923.1,DNABERT-2,16,0,0.7492063492063492,4.542503356933594,3.912867784500122,1.1609140934757929
NC_003923.1,DNABERT-2,16,100000,0.539047619047619,4.169012069702148,4.055583477020264,1.027968501529951
NC_003923.1,DNABERT-2,16,250000,0.5928571428571429,4.273634910583496,4.050963401794434,1.0549675439403938
NC_003923.1,DNABERT-2,16,1000000,0.7061904761904761,4.471211910247803,3.9343855381011963,1.1364447807536646
NC_003923.1,DNABERT-2,24,0,0.7003174603174603,5.434264183044434,4.8190436363220215,1.1276644482082256
NC_003923.1,DNABERT-2,24,100000,0.4714285714285714,5.039437294006348,4.9455647468566895,1.0189811582609087
NC_003923.1,DNABERT-2,24,250000,0.5514285714285714,5.169063568115234,4.924785614013672,1.0496017437604714
NC_003923.1,DNABERT-2,24,1000000,0.6744444444444444,5.357260704040527,4.823544979095459,1.110648024898309
NC_003923.1,DNABERT-2,48,0,0.7139682539682539,7.626030445098877,6.854755878448486,1.1125167081551797
NC_003923.1,DNABERT-2,48,100000,0.5646031746031746,7.416756629943848,6.984443187713623,1.0618966223378707
NC_003923.1,DNABERT-2,48,250000,0.6107936507936508,7.4402947425842285,6.961201190948486,1.0688234025269516
NC_003923.1,DNABERT-2,48,1000000,0.6736507936507936,7.45664119720459,6.8211846351623535,1.09315926719921
NC_003923.1,NT-v2-50M,8,0,0.5915873015873016,3.289480209350586,3.169713020324707,1.037784868301298
NC_003923.1,NT-v2-50M,8,100000,0.51,3.1382017135620117,3.183452606201172,0.9857855924881639
NC_003923.1,NT-v2-50M,8,250000,0.43587301587301586,2.924861431121826,3.1537985801696777,0.927409077267219
NC_003923.1,NT-v2-50M,8,1000000,0.6233333333333333,3.2603087425231934,3.0310065746307373,1.0756521512726813
NC_003923.1,NT-v2-50M,16,0,0.7253968253968254,4.778647422790527,4.291802406311035,1.1134360276613837
NC_003923.1,NT-v2-50M,16,100000,0.5668253968253968,4.519937038421631,4.370044708251953,1.0342999534733903
NC_003923.1,NT-v2-50M,16,250000,0.5839682539682539,4.532473087310791,4.3205461502075195,1.0490509601646294
NC_003923.1,NT-v2-50M,16,1000000,0.753015873015873,4.797021865844727,4.192021369934082,1.1443219016605723
NC_003923.1,NT-v2-50M,24,0,0.6688888888888889,5.649476528167725,5.173922061920166,1.0919137282232405
NC_003923.1,NT-v2-50M,24,100000,0.5480952380952381,5.402370929718018,5.2430291175842285,1.0303911743689127
NC_003923.1,NT-v2-50M,24,250000,0.6031746031746031,5.497193336486816,5.215922832489014,1.0539253576080192
NC_003923.1,NT-v2-50M,24,1000000,0.7180952380952381,5.640151023864746,5.0292649269104,1.12146627903526
NC_003923.1,NT-v2-50M,48,0,0.6792063492063493,7.712203025817871,7.250409126281738,1.063692116057588
NC_003923.1,NT-v2-50M,48,100000,0.5550793650793651,7.516446590423584,7.344855308532715,1.0233621051311286
NC_003923.1,NT-v2-50M,48,250000,0.577936507936508,7.560879707336426,7.301297187805176,1.035552931603005
NC_003923.1,NT-v2-50M,48,1000000,0.68,7.590063095092773,7.078131675720215,1.0723257835296585
NC_003923.1,compositional,11,0,0.7736507936507937,3.9333969708151475,3.3866482459247353,1.1614424307420568
NC_004070.1,DNABERT-S,8,0,0.8051587301587302,3.2762367725372314,2.8088932037353516,1.1663799706519251
NC_004070.1,DNABERT-S,8,100000,0.7111111111111111,3.196802854537964,2.810479164123535,1.1374583008285373
NC_004070.1,DNABERT-S,8,250000,0.6373015873015873,3.059053421020508,2.855494260787964,1.0712868392095358
NC_004070.1,DNABERT-S,8,1000000,0.5916666666666667,3.1304619312286377,3.001945972442627,1.042810883328936
NC_004070.1,DNABERT-S,16,0,0.7599206349206349,4.459630489349365,4.117520809173584,1.0830863269503295
NC_004070.1,DNABERT-S,16,100000,0.7412698412698413,4.483092784881592,4.125112056732178,1.0867808493990339
NC_004070.1,DNABERT-S,16,250000,0.5896825396825397,4.306397914886475,4.256793975830078,1.0116528869703458
NC_004070.1,DNABERT-S,16,1000000,0.4396825396825397,4.285825252532959,4.48635196685791,0.9553029464013736
NC_004070.1,DNABERT-S,24,0,0.7952380952380952,5.809054851531982,5.073390007019043,1.145004591307813
NC_004070.1,DNABERT-S,24,100000,0.8011904761904762,5.75775671005249,5.082857608795166,1.1327794624995016
NC_004070.1,DNABERT-S,24,250000,0.7313492063492063,5.644433975219727,5.217052459716797,1.0819201107910903
NC_004070.1,DNABERT-S,24,1000000,0.584920634920635,5.540904521942139,5.468928813934326,1.0131608419960458
NC_004070.1,DNABERT-S,48,0,0.7642857142857142,7.818623065948486,7.39892578125,1.0567240836179304
NC_004070.1,DNABERT-S,48,100000,0.7642857142857142,7.812406063079834,7.459674835205078,1.0472850674683676
NC_004070.1,DNABERT-S,48,250000,0.6623015873015873,7.617767810821533,7.657168388366699,0.9948544193431835
NC_004070.1,DNABERT-S,48,1000000,0.5126984126984127,7.46497917175293,7.947709083557129,0.9392617537042328
NC_004070.1,DNABERT-2,8,0,0.3884920634920635,2.41044545173645,2.915735960006714,0.8267022408060913
NC_004070.1,DNABERT-2,8,100000,0.3011904761904762,2.6500675678253174,3.3954055309295654,0.7804863200242842
NC_004070.1,DNABERT-2,8,250000,0.22380952380952382,2.6156060695648193,3.669095516204834,0.7128748919216739
NC_004070.1,DNABERT-2,8,1000000,0.2123015873015873,2.5835680961608887,3.576207399368286,0.7224324004858497
NC_004070.1,DNABERT-2,16,0,0.4634920634920635,3.8552920818328857,4.206571578979492,0.9164926851828761
NC_004070.1,DNABERT-2,16,100000,0.32103174603174606,3.912630319595337,4.61663818359375,0.8475063810501197
NC_004070.1,DNABERT-2,16,250000,0.2226190476190476,3.8260104656219482,4.836269855499268,0.7911077297044199
NC_004070.1,DNABERT-2,16,1000000,0.25,3.843822717666626,4.83534574508667,0.7949426825522129
NC_004070.1,DNABERT-2,24,0,0.4642857142857143,4.787375450134277,5.104664325714111,0.937843341827291
NC_004070.1,DNABERT-2,24,100000,0.30714285714285716,4.719241619110107,5.483419418334961,0.8606384555101393
NC_004070.1,DNABERT-2,24,250000,0.22103174603174602,4.589354038238525,5.711225986480713,0.8035672286654707
NC_004070.1,DNABERT-2,24,1000000,0.22857142857142856,4.709478378295898,5.846944808959961,0.8054596942798248
NC_004070.1,DNABERT-2,48,0,0.35119047619047616,6.585158824920654,7.211338520050049,0.9131673414875205
NC_004070.1,DNABERT-2,48,100000,0.2761904761904762,6.599836349487305,7.533531188964844,0.8760614622734662
NC_004070.1,DNABERT-2,48,250000,0.16428571428571428,6.4334869384765625,7.850623607635498,0.8194873757823987
NC_004070.1,DNABERT-2,48,1000000,0.15595238095238095,6.345169544219971,8.100168228149414,0.7833379956442713
NC_004070.1,NT-v2-50M,8,0,0.1484126984126984,2.115631341934204,2.8241240978240967,0.7491283203752395
NC_004070.1,NT-v2-50M,8,100000,0.15357142857142858,2.0780818462371826,2.9220263957977295,0.7111783278979773
NC_004070.1,NT-v2-50M,8,250000,0.12182539682539682,2.024683713912964,2.9948766231536865,0.6760491227785259
NC_004070.1,NT-v2-50M,8,1000000,0.07579365079365079,2.0097906589508057,3.1477551460266113,0.6384837974096397
NC_004070.1,NT-v2-50M,16,0,0.25317460317460316,3.5052201747894287,4.145714282989502,0.8455045223863791
NC_004070.1,NT-v2-50M,16,100000,0.17142857142857143,3.4364986419677734,4.266694068908691,0.8054241964544554
NC_004070.1,NT-v2-50M,16,250000,0.07896825396825397,3.2354679107666016,4.379663467407227,0.7387480647416063
NC_004070.1,NT-v2-50M,16,1000000,0.10674603174603174,3.345309257507324,4.541121006011963,0.7366703624674369
NC_004070.1,NT-v2-50M,24,0,0.3638888888888889,4.726729393005371,5.067337512969971,0.9327836128750443
NC_004070.1,NT-v2-50M,24,100000,0.3357142857142857,4.716531276702881,5.160078525543213,0.9140425389565872
NC_004070.1,NT-v2-50M,24,250000,0.22341269841269842,4.520406246185303,5.312200546264648,0.8509479653142787
NC_004070.1,NT-v2-50M,24,1000000,0.21468253968253967,4.607786178588867,5.537998199462891,0.832030999763734
NC_004070.1,NT-v2-50M,48,0,0.3051587301587302,6.6726393699646,7.1496477127075195,0.933282259223052
NC_004070.1,NT-v2-50M,48,100000,0.2400793650793651,6.53619384765625,7.248701572418213,0.901705468538931
NC_004070.1,NT-v2-50M,48,250000,0.1595238095238095,6.3834052085876465,7.451650619506836,0.8566431163422034
NC_004070.1,NT-v2-50M,48,1000000,0.15753968253968254,6.463903427124023,7.82835578918457,0.8257038388641412
NC_004070.1,compositional,11,0,0.49682539682539684,2.699232441168149,3.0727962351178544,0.8784287126883382
NC_003909.8,DNABERT-S,8,0,0.8254949898834184,3.3606927394866943,2.6555302143096924,1.265544907520591
NC_003909.8,DNABERT-S,8,100000,0.555605067925619,2.79894757270813,2.673328399658203,1.046989802325067
NC_003909.8,DNABERT-S,8,250000,0.7696370074188265,3.147808313369751,2.6812524795532227,1.174006676870009
NC_003909.8,DNABERT-S,8,1000000,0.7558049908469024,3.2446401119232178,2.7452402114868164,1.1819148278342926
NC_003909.8,DNABERT-S,16,0,0.8658288370748627,4.8644938468933105,3.851177930831909,1.2631184365565034
NC_003909.8,DNABERT-S,16,100000,0.7194696020811253,4.283970832824707,3.8794260025024414,1.10427955838346
NC_003909.8,DNABERT-S,16,250000,0.836647316697177,4.616299152374268,3.876025438308716,1.1909878368570683
NC_003909.8,DNABERT-S,16,1000000,0.8030699007611524,4.735660076141357,3.9308621883392334,1.2047382607789021
NC_003909.8,DNABERT-S,24,0,0.8670572791213026,6.1140851974487305,4.77842903137207,1.2795178409698265
NC_003909.8,DNABERT-S,24,100000,0.7902314770209076,5.450395584106445,4.821087837219238,1.1305323130661287
NC_003909.8,DNABERT-S,24,250000,0.8322875517872628,5.8593244552612305,4.837012767791748,1.2113518687146656
NC_003909.8,DNABERT-S,24,1000000,0.8024496579631949,5.992445945739746,4.906271934509277,1.2213847959772959
NC_003909.8,DNABERT-S,48,0,0.8297704499470084,8.445632934570312,6.85696268081665,1.2316871664181865
NC_003909.8,DNABERT-S,48,100000,0.7805845938915117,7.769287586212158,6.935666561126709,1.1201933538382252
NC_003909.8,DNABERT-S,48,250000,0.8080197995953368,8.204788208007812,6.945010662078857,1.1813931766595538
NC_003909.8,DNABERT-S,48,1000000,0.7718409769727334,8.27782154083252,7.03266716003418,1.17705293773526
NC_003909.8,DNABERT-2,8,0,0.6047969457558532,2.8357810974121094,2.808407783508301,1.0097469156952747
NC_003909.8,DNABERT-2,8,100000,0.40988414105405147,2.8011066913604736,3.1337890625,0.8938402156288953
NC_003909.8,DNABERT-2,8,250000,0.508725551594566,3.0268943309783936,3.1412463188171387,0.9635966185925192
NC_003909.8,DNABERT-2,8,1000000,0.5484090471143656,3.060770273208618,3.0967607498168945,0.9883780248085344
NC_003909.8,DNABERT-2,16,0,0.621164129492244,4.315361976623535,4.068500518798828,1.0606762753707575
NC_003909.8,DNABERT-2,16,100000,0.41641174486944793,4.0336833000183105,4.341517448425293,0.9290952640260293
NC_003909.8,DNABERT-2,16,250000,0.5747904422391367,4.399009704589844,4.346706867218018,1.0120327500725397
NC_003909.8,DNABERT-2,16,1000000,0.5494146834955198,4.378167152404785,4.349974155426025,1.0064811872373063
NC_003909.8,DNABERT-2,24,0,0.6274869929665671,5.251124382019043,4.986392974853516,1.053090762902277
NC_003909.8,DNABERT-2,24,100000,0.3876607813854899,4.847783088684082,5.2271809577941895,0.9274182638455645
NC_003909.8,DNABERT-2,24,250000,0.5482344156469795,5.258255481719971,5.239727973937988,1.00353596749185
NC_003909.8,DNABERT-2,24,1000000,0.5490052028133732,5.274033546447754,5.252691268920898,1.004063112875705
NC_003909.8,DNABERT-2,48,0,0.5789695539069275,7.158342361450195,7.006680965423584,1.0216452549752195
NC_003909.8,DNABERT-2,48,100000,0.3629745158493111,6.821040153503418,7.225671291351318,0.9440008932689453
NC_003909.8,DNABERT-2,48,250000,0.5050221601310338,7.160591125488281,7.242445468902588,0.9886979689711478
NC_003909.8,DNABERT-2,48,1000000,0.5033059543308603,7.143475532531738,7.27302360534668,0.9821878657564502
NC_003909.8,NT-v2-50M,8,0,0.50335412852876,2.8749430179595947,2.913804531097412,0.9866629649576455
NC_003909.8,NT-v2-50M,8,100000,0.5281517968975816,2.9652175903320312,2.95804500579834,1.0024247719421548
NC_003909.8,NT-v2-50M,8,250000,0.52317178918971,2.9560537338256836,2.9587950706481934,0.9990734955422549
NC_003909.8,NT-v2-50M,8,1000000,0.49365304942672705,2.8929941654205322,2.9722440242767334,0.9733366916683478
NC_003909.8,NT-v2-50M,16,0,0.6535191251565662,4.444701671600342,4.112693786621094,1.0807275966081635
NC_003909.8,NT-v2-50M,16,100000,0.5864847287792658,4.334323883056641,4.188710689544678,1.0347632491963277
NC_003909.8,NT-v2-50M,16,250000,0.6271015993833703,4.429784297943115,4.16699743270874,1.0630638414057172
NC_003909.8,NT-v2-50M,16,1000000,0.6177136525676847,4.4048309326171875,4.179773330688477,1.0538444513907743
NC_003909.8,NT-v2-50M,24,0,0.6299860294826091,5.34845495223999,5.033382892608643,1.062596481601672
NC_003909.8,NT-v2-50M,24,100000,0.5462110993351961,5.185927867889404,5.115241050720215,1.0138188633670033
NC_003909.8,NT-v2-50M,24,250000,0.6036768956546873,5.313813209533691,5.091418266296387,1.0436803522329898
NC_003909.8,NT-v2-50M,24,1000000,0.5923740244724925,5.29012393951416,5.126736640930176,1.0318696492578834
NC_003909.8,NT-v2-50M,48,0,0.6349479718662684,7.42125940322876,7.066347122192383,1.0502257071297487
NC_003909.8,NT-v2-50M,48,100000,0.5241352731477021,7.238009929656982,7.163834095001221,1.0103542088876012
NC_003909.8,NT-v2-50M,48,250000,0.5872615377203969,7.35191011428833,7.154552459716797,1.0275849056503172
NC_003909.8,NT-v2-50M,48,1000000,0.5905072743038828,7.340727806091309,7.216151714324951,1.0172635078499055
NC_003909.8,compositional,11,0,0.7505345212930267,5.299696829703884,2.9776610543172213,1.7798187009968824
NC_003997.3,DNABERT-S,8,0,0.838980528533609,3.237062454223633,2.6643154621124268,1.2149696611590801
NC_003997.3,DNABERT-S,8,100000,0.84789385466109,3.214134454727173,2.662468433380127,1.2072009622464068
NC_003997.3,DNABERT-S,8,250000,0.8410482948760123,3.2760024070739746,2.6809141635894775,1.2219721360596392
NC_003997.3,DNABERT-S,8,1000000,0.7997556276140796,3.274272918701172,2.743098497390747,1.1936403019489388
NC_003997.3,DNABERT-S,16,0,0.8659711452605856,4.529646873474121,3.8476390838623047,1.1772535767380783
NC_003997.3,DNABERT-S,16,100000,0.85204505224243,4.534151554107666,3.854159116744995,1.1764308158447163
NC_003997.3,DNABERT-S,16,250000,0.8474552375581559,4.556495666503906,3.8655929565429688,1.178731366113316
NC_003997.3,DNABERT-S,16,1000000,0.8204646208311794,4.548567771911621,3.9643936157226562,1.1473552358353492
NC_003997.3,DNABERT-S,24,0,0.8297695693719943,5.547715187072754,4.769617557525635,1.1631362724919978
NC_003997.3,DNABERT-S,24,100000,0.8282344095117252,5.570699214935303,4.798079013824463,1.1610269857759175
NC_003997.3,DNABERT-S,24,250000,0.8238169086893181,5.570700168609619,4.813314914703369,1.1573521091654826
NC_003997.3,DNABERT-S,24,1000000,0.7882732584551279,5.556098937988281,4.912725925445557,1.130960493686481
NC_003997.3,DNABERT-S,48,0,0.8198223600733117,7.83586311340332,6.848847389221191,1.1441141360129454
NC_003997.3,DNABERT-S,48,100000,0.8172063223522409,7.8795390129089355,6.911559104919434,1.1400523229701565
NC_003997.3,DNABERT-S,48,250000,0.8087942729138274,7.86151647567749,6.918899059295654,1.1362380645104821
NC_003997.3,DNABERT-S,48,1000000,0.7719034415777684,7.788375377655029,7.043391704559326,1.1057705867208067
NC_003997.3,DNABERT-2,8,0,0.4096997039334555,2.4978907108306885,2.7877588272094727,0.8960210928041648
NC_003997.3,DNABERT-2,8,100000,0.41809608847533564,2.8638651371002197,3.119931221008301,0.9179257279186669
NC_003997.3,DNABERT-2,8,250000,0.4174538277174679,2.8247244358062744,3.1230340003967285,0.9044808463332263
NC_003997.3,DNABERT-2,8,1000000,0.41131318827639146,2.822998523712158,3.0976991653442383,0.9113210718764057
NC_003997.3,DNABERT-2,16,0,0.38050033679527545,3.718280792236328,4.076698303222656,0.9120814236601721
NC_003997.3,DNABERT-2,16,100000,0.4154330560646647,4.059420108795166,4.368059158325195,0.9293418339030994
NC_003997.3,DNABERT-2,16,250000,0.4149787740651973,4.037917137145996,4.377079010009766,0.9225141076758829
NC_003997.3,DNABERT-2,16,1000000,0.4036843836646459,4.004410743713379,4.388279914855957,0.912524000612851
NC_003997.3,DNABERT-2,24,0,0.5981640741262904,5.086809158325195,4.977255344390869,1.0220108888039647
NC_003997.3,DNABERT-2,24,100000,0.5822015445587981,5.347456932067871,5.238582611083984,1.0207831638950442
NC_003997.3,DNABERT-2,24,250000,0.5505271237683476,5.282966136932373,5.245517253875732,1.0071392164479054
NC_003997.3,DNABERT-2,24,1000000,0.5261838745555085,5.196558475494385,5.256852149963379,0.9885304602927791
NC_003997.3,DNABERT-2,48,0,0.6927017247051083,7.363800048828125,6.97827672958374,1.055246206790567
NC_003997.3,DNABERT-2,48,100000,0.6329714742234127,7.492033958435059,7.223739147186279,1.0371407114490399
NC_003997.3,DNABERT-2,48,250000,0.6479941099989035,7.502609729766846,7.217817306518555,1.0394568622554479
NC_003997.3,DNABERT-2,48,1000000,0.6168836254836537,7.431909561157227,7.246251583099365,1.025621243746336
NC_003997.3,NT-v2-50M,8,0,0.3470087880069552,2.587745189666748,2.867230176925659,0.9025243981079383
NC_003997.3,NT-v2-50M,8,100000,0.35039240565816065,2.645716667175293,2.927050828933716,0.9038847706444137
NC_003997.3,NT-v2-50M,8,250000,0.3523975124144305,2.6381142139434814,2.926161050796509,0.9015615231517691
NC_003997.3,NT-v2-50M,8,1000000,0.3575982580635055,2.6486101150512695,2.971276044845581,0.8914049300959243
NC_003997.3,NT-v2-50M,16,0,0.3745006814229992,3.813995361328125,4.064492225646973,0.9383694566474476
NC_003997.3,NT-v2-50M,16,100000,0.3967918291899682,3.967238187789917,4.137212753295898,0.9589156817302732
NC_003997.3,NT-v2-50M,16,250000,0.43033037266788854,4.006917953491211,4.137578964233398,0.9684209022059362
NC_003997.3,NT-v2-50M,16,1000000,0.4154173911681313,3.9609129428863525,4.174866199493408,0.948752068597308
NC_003997.3,NT-v2-50M,24,0,0.41214342779265944,4.8436384201049805,4.988564968109131,0.9709482488590133
NC_003997.3,NT-v2-50M,24,100000,0.4033084261478453,4.8956098556518555,5.061156272888184,0.967290791212448
NC_003997.3,NT-v2-50M,24,250000,0.42119773798894056,4.929642677307129,5.067203044891357,0.9728528013648646
NC_003997.3,NT-v2-50M,24,1000000,0.42591287184548143,4.901576995849609,5.127270221710205,0.9559817961407707
NC_003997.3,NT-v2-50M,48,0,0.5434779203283362,7.213855266571045,7.045365810394287,1.0239149336899127
NC_003997.3,NT-v2-50M,48,100000,0.51462318091389,7.24758243560791,7.137138843536377,1.0154744911781497
NC_003997.3,NT-v2-50M,48,250000,0.535817785923524,7.289722919464111,7.149633884429932,1.019593875336646
NC_003997.3,NT-v2-50M,48,1000000,0.5324576656171186,7.240019798278809,7.23676872253418,1.0004492441128463
NC_003997.3,compositional,11,0,0.4921850381294511,2.9373569585787216,2.961149204756403,0.9919651984643446
NC_004116.1,DNABERT-S,8,0,0.8532110091743119,3.2959907054901123,2.773439645767212,1.188412630691427
NC_004116.1,DNABERT-S,8,100000,0.5922018348623853,2.8670687675476074,2.769798994064331,1.0351179900388892
NC_004116.1,DNABERT-S,8,250000,0.7073394495412844,3.0017592906951904,2.8234784603118896,1.0631422668489587
NC_004116.1,DNABERT-S,8,1000000,0.6981651376146789,3.133293628692627,2.936626434326172,1.0669704501967345
NC_004116.1,DNABERT-S,16,0,0.8243119266055046,4.432683944702148,4.002228736877441,1.1075538746344993
NC_004116.1,DNABERT-S,16,100000,0.5894495412844036,4.003171443939209,3.9911398887634277,1.003014566141782
NC_004116.1,DNABERT-S,16,250000,0.653211009174312,4.089623928070068,4.003310680389404,1.021560466966373
NC_004116.1,DNABERT-S,16,1000000,0.6284403669724771,4.154064655303955,4.11096715927124,1.0104835417951514
NC_004116.1,DNABERT-S,24,0,0.7995412844036697,5.308244228363037,5.026388645172119,1.0560751671006663
NC_004116.1,DNABERT-S,24,100000,0.5862385321100917,5.101059436798096,5.057993412017822,1.0085144485712354
NC_004116.1,DNABERT-S,24,250000,0.6756880733944954,5.083384037017822,5.035754203796387,1.0094583316210168
NC_004116.1,DNABERT-S,24,1000000,0.6811926605504587,5.365530490875244,5.148894309997559,1.042074311072388
NC_004116.1,DNABERT-S,48,0,0.8110091743119267,8.030496597290039,7.437386989593506,1.0797470413367518
NC_004116.1,DNABERT-S,48,100000,0.7279816513761468,7.727286338806152,7.475100517272949,1.033736779987168
NC_004116.1,DNABERT-S,48,250000,0.7362385321100917,7.742527961730957,7.530318260192871,1.0281807081992642
NC_004116.1,DNABERT-S,48,1000000,0.6756880733944954,7.849459171295166,7.664863109588623,1.0240834127194804
NC_004116.1,DNABERT-2,8,0,0.8073394495412844,3.6503474712371826,2.971190929412842,1.2285805786161825
NC_004116.1,DNABERT-2,8,100000,0.5426605504587156,3.1045029163360596,3.4711453914642334,0.8943742097263425
NC_004116.1,DNABERT-2,8,250000,0.6371559633027523,3.3985888957977295,3.415196657180786,0.9951370995435542
NC_004116.1,DNABERT-2,8,1000000,0.6605504587155964,3.621828079223633,3.3902807235717773,1.0682973991038454
NC_004116.1,DNABERT-2,16,0,0.8692660550458715,5.729146957397461,4.221089839935303,1.3572672401318215
NC_004116.1,DNABERT-2,16,100000,0.6825688073394496,5.020216941833496,4.634252071380615,1.083285256068925
NC_004116.1,DNABERT-2,16,250000,0.7660550458715596,5.431483268737793,4.599949359893799,1.1807702311016728
NC_004116.1,DNABERT-2,16,1000000,0.7752293577981652,5.537286281585693,4.645697116851807,1.191917196129669
NC_004116.1,DNABERT-2,24,0,0.8555045871559633,6.649450778961182,5.129742622375488,1.2962542701376205
NC_004116.1,DNABERT-2,24,100000,0.671559633027523,5.935667514801025,5.54925012588501,1.069634163202256
NC_004116.1,DNABERT-2,24,250000,0.7669724770642202,6.332230567932129,5.544497489929199,1.1420747469781953
NC_004116.1,DNABERT-2,24,1000000,0.7756880733944954,6.472696781158447,5.581505298614502,1.1596686619226477
NC_004116.1,DNABERT-2,48,0,0.7940366972477064,8.250054359436035,7.255693435668945,1.1370456087462044
NC_004116.1,DNABERT-2,48,100000,0.6142201834862385,7.690882205963135,7.579349040985107,1.0147154015964848
NC_004116.1,DNABERT-2,48,250000,0.6798165137614679,7.939222812652588,7.592076778411865,1.0457247791839823
NC_004116.1,DNABERT-2,48,1000000,0.6793577981651376,8.113653182983398,7.736798286437988,1.0487094121616183
NC_004116.1,NT-v2-50M,8,0,0.5036697247706422,2.8480353355407715,2.9619739055633545,0.9615328920323786
NC_004116.1,NT-v2-50M,8,100000,0.4091743119266055,2.7594077587127686,3.0706636905670166,0.8986356165247218
NC_004116.1,NT-v2-50M,8,250000,0.3821100917431193,2.707000255584717,3.12003755569458,0.8676178434596076
NC_004116.1,NT-v2-50M,8,1000000,0.41926605504587156,2.835235595703125,3.245180368423462,0.8736758126884973
NC_004116.1,NT-v2-50M,16,0,0.7509174311926605,4.733730316162109,4.241759777069092,1.11598264987862
NC_004116.1,NT-v2-50M,16,100000,0.536697247706422,4.257934093475342,4.326522350311279,0.9841470235717139
NC_004116.1,NT-v2-50M,16,250000,0.5954128440366973,4.404186248779297,4.348522663116455,1.0128005738902943
NC_004116.1,NT-v2-50M,16,1000000,0.6811926605504587,4.680014133453369,4.429375171661377,1.0565856248519094
NC_004116.1,NT-v2-50M,24,0,0.7087155963302753,5.576348304748535,5.114720344543457,1.0902547801460067
NC_004116.1,NT-v2-50M,24,100000,0.5944954128440367,5.33212423324585,5.199816703796387,1.0254446525687848
NC_004116.1,NT-v2-50M,24,250000,0.6518348623853211,5.417686462402344,5.219921588897705,1.037886560197622
NC_004116.1,NT-v2-50M,24,1000000,0.634862385321101,5.448609352111816,5.32729434967041,1.0227723483026447
NC_004116.1,NT-v2-50M,48,0,0.7013761467889909,7.75558614730835,7.109688758850098,1.0908474914115254
NC_004116.1,NT-v2-50M,48,100000,0.7055045871559633,7.682514190673828,7.216222286224365,1.064617175851083
NC_004116.1,NT-v2-50M,48,250000,0.6243119266055046,7.5491228103637695,7.269242286682129,1.038502021619833
NC_004116.1,NT-v2-50M,48,1000000,0.5761467889908257,7.524726867675781,7.4079132080078125,1.015768767315159
NC_004116.1,compositional,11,0,0.9087155963302752,8.907610344469308,4.039780225676666,2.2049739953309655
NC_004088.1,DNABERT-S,8,0,0.7359655252737014,3.0198910236358643,2.6113622188568115,1.1564427951928846
NC_004088.1,DNABERT-S,8,100000,0.80083857442348,3.015469789505005,2.6359684467315674,1.1439703662780922
NC_004088.1,DNABERT-S,8,250000,0.8061961332401584,3.0630064010620117,2.6091296672821045,1.1739571396053705
NC_004088.1,DNABERT-S,8,1000000,0.6373165618448637,2.922316551208496,2.6533234119415283,1.1013797029251464
NC_004088.1,DNABERT-S,16,0,0.8806196133240158,4.556251525878906,3.83056378364563,1.1894467193919491
NC_004088.1,DNABERT-S,16,100000,0.9322152341020266,4.643908977508545,3.8521039485931396,1.2055513141603011
NC_004088.1,DNABERT-S,16,250000,0.889937106918239,4.587170124053955,3.838496685028076,1.1950433986164568
NC_004088.1,DNABERT-S,16,1000000,0.83298392732355,4.496355056762695,3.8521945476531982,1.1672191009932058
NC_004088.1,DNABERT-S,24,0,0.84404845096669,5.898059368133545,4.768002033233643,1.2370085681640328
NC_004088.1,DNABERT-S,24,100000,0.8695550896808758,5.899328231811523,4.7806878089904785,1.2339915232944827
NC_004088.1,DNABERT-S,24,250000,0.8383414861402283,5.867083549499512,4.76876163482666,1.2303159601544593
NC_004088.1,DNABERT-S,24,1000000,0.8024691358024691,5.8486008644104,4.789356231689453,1.2211663909467216
NC_004088.1,DNABERT-S,48,0,0.881085488003727,8.595467567443848,6.821517467498779,1.2600521230645645
NC_004088.1,DNABERT-S,48,100000,0.8851618914511996,8.603130340576172,6.857483863830566,1.254560785181417
NC_004088.1,DNABERT-S,48,250000,0.8686233403214535,8.553813934326172,6.824246406555176,1.253444472067952
NC_004088.1,DNABERT-S,48,1000000,0.8335662706731889,8.423236846923828,6.840257167816162,1.231421076762389
NC_004088.1,DNABERT-2,8,0,0.5998136501281155,2.8476786613464355,2.7854931354522705,1.022324781598885
NC_004088.1,DNABERT-2,8,100000,0.7576286978802702,3.144155979156494,2.777616024017334,1.1319620681799727
NC_004088.1,DNABERT-2,8,250000,0.7480782669461915,3.1664841175079346,2.75634765625,1.1487970722154561
NC_004088.1,DNABERT-2,8,1000000,0.5871185651059865,2.7978882789611816,2.767502784729004,1.010979390662168
NC_004088.1,DNABERT-2,16,0,0.6248544141625902,4.233636856079102,4.036928653717041,1.0487271931796316
NC_004088.1,DNABERT-2,16,100000,0.6592126717912882,4.375188827514648,4.048846244812012,1.080601377027047
NC_004088.1,DNABERT-2,16,250000,0.6567668297228045,4.412961483001709,4.045609951019287,1.0908025085042783
NC_004088.1,DNABERT-2,16,1000000,0.5651059864896343,4.06174898147583,4.032951354980469,1.0071405836472087
NC_004088.1,DNABERT-2,24,0,0.6602608898206382,5.167815685272217,4.934970378875732,1.047182716109743
NC_004088.1,DNABERT-2,24,100000,0.7413230840903797,5.424990177154541,4.9688496589660645,1.0918000240489047
NC_004088.1,DNABERT-2,24,250000,0.7186116934544607,5.35092830657959,4.954968452453613,1.0799116801500328
NC_004088.1,DNABERT-2,24,1000000,0.5914279058933147,5.011415004730225,4.949391841888428,1.0125314715066351
NC_004088.1,DNABERT-2,48,0,0.5934078732820871,7.370885372161865,6.912485599517822,1.0663147526377514
NC_004088.1,DNABERT-2,48,100000,0.6125087351502446,7.489716529846191,6.9677958488464355,1.0749047033411812
NC_004088.1,DNABERT-2,48,250000,0.6495457721872816,7.544599533081055,6.940361976623535,1.087061389376045
NC_004088.1,DNABERT-2,48,1000000,0.5672024225483345,7.227312088012695,6.95233678817749,1.0395514930034464
NC_004088.1,NT-v2-50M,8,0,0.132191940368041,2.174391984939575,2.9802286624908447,0.7296057555269067
NC_004088.1,NT-v2-50M,8,100000,0.1474493361285814,2.191581964492798,3.007847309112549,0.7286214156726638
NC_004088.1,NT-v2-50M,8,250000,0.15362217563475425,2.1912012100219727,3.0030863285064697,0.7296497570590076
NC_004088.1,NT-v2-50M,8,1000000,0.11833216864663405,2.1069531440734863,3.004070997238159,0.7013659617267859
NC_004088.1,NT-v2-50M,16,0,0.42557651991614254,3.90401554107666,4.108441352844238,0.950242489983201
NC_004088.1,NT-v2-50M,16,100000,0.43349638947123226,3.948380708694458,4.126585006713867,0.9568155514233987
NC_004088.1,NT-v2-50M,16,250000,0.4407174470067552,3.9275851249694824,4.1256256103515625,0.9519974655758441
NC_004088.1,NT-v2-50M,16,1000000,0.42254833449802004,3.898324728012085,4.131356716156006,0.9435943192141627
NC_004088.1,NT-v2-50M,24,0,0.3193570929419986,4.646526336669922,5.045646667480469,0.9208980816308633
NC_004088.1,NT-v2-50M,24,100000,0.4595853715350571,4.928753852844238,5.072466850280762,0.9716680262920656
NC_004088.1,NT-v2-50M,24,250000,0.356743535988819,4.732506275177002,5.067058086395264,0.9339751379372357
NC_004088.1,NT-v2-50M,24,1000000,0.34556254367575123,4.65090799331665,5.048211097717285,0.9212982387800129
NC_004088.1,NT-v2-50M,48,0,0.08047985092010249,6.183904647827148,7.05966329574585,0.8759489495134374
NC_004088.1,NT-v2-50M,48,100000,0.1134404845096669,6.322421550750732,7.112139701843262,0.8889619461653914
NC_004088.1,NT-v2-50M,48,250000,0.12287444677381784,6.2451910972595215,7.089641094207764,0.8808895985386118
NC_004088.1,NT-v2-50M,48,1000000,0.11064523643139995,6.125679016113281,7.0900163650512695,0.8639865834878062
NC_004088.1,compositional,11,0,0.437873988032383,2.585904877658636,2.915263823860517,0.887022593459233
NC_004337.1,DNABERT-S,8,0,0.8174757281553398,2.9853997230529785,2.5897858142852783,1.1527593156876106
NC_004337.1,DNABERT-S,8,100000,0.7011165048543689,2.8774917125701904,2.6080431938171387,1.103314438730091
NC_004337.1,DNABERT-S,8,250000,0.7955339805825242,2.955230712890625,2.5869174003601074,1.142375366325669
NC_004337.1,DNABERT-S,8,1000000,0.7307766990291262,2.9445347785949707,2.668935537338257,1.1032618575462374
NC_004337.1,DNABERT-S,16,0,0.7597572815533981,4.239489555358887,3.8378520011901855,1.1046516525504753
NC_004337.1,DNABERT-S,16,100000,0.6671359223300971,4.1085686683654785,3.824639320373535,1.0742368950921661
NC_004337.1,DNABERT-S,16,250000,0.7342718446601941,4.177950382232666,3.8220646381378174,1.0931134812697052
NC_004337.1,DNABERT-S,16,1000000,0.7374271844660194,4.247300148010254,3.877274990081787,1.0954343343907782
NC_004337.1,DNABERT-S,24,0,0.7748543689320389,5.26299524307251,4.734584331512451,1.1116066109633027
NC_004337.1,DNABERT-S,24,100000,0.7297087378640776,5.170015811920166,4.735018730163574,1.0918680804756953
NC_004337.1,DNABERT-S,24,250000,0.7422815533980582,5.216627597808838,4.737741947174072,1.1010788801868805
NC_004337.1,DNABERT-S,24,1000000,0.7237378640776699,5.230060577392578,4.822332859039307,1.0845498911567248
NC_004337.1,DNABERT-S,48,0,0.7263592233009709,7.503721714019775,6.89608907699585,1.088112643302547
NC_004337.1,DNABERT-S,48,100000,0.6880582524271844,7.3914337158203125,6.8971991539001465,1.071657284484919
NC_004337.1,DNABERT-S,48,250000,0.7115048543689321,7.456783294677734,6.896990776062012,1.0811647480461541
NC_004337.1,DNABERT-S,48,1000000,0.6729611650485436,7.531704902648926,7.019659996032715,1.072944402849369
NC_004337.1,DNABERT-2,8,0,0.6066504854368931,3.1863014698028564,3.126023769378662,1.019282547053753
NC_004337.1,DNABERT-2,8,100000,0.5970873786407767,3.1239097118377686,3.04997181892395,1.0242421560930697
NC_004337.1,DNABERT-2,8,250000,0.6077669902912621,3.1698625087738037,3.078136444091797,1.0297992198682637
NC_004337.1,DNABERT-2,8,1000000,0.6140291262135922,3.1996395587921143,3.092015504837036,1.0348070874116624
NC_004337.1,DNABERT-2,16,0,0.6014563106796117,4.434744834899902,4.278746128082275,1.036458977033897
NC_004337.1,DNABERT-2,16,100000,0.5853883495145631,4.382935523986816,4.242756366729736,1.0330396433687115
NC_004337.1,DNABERT-2,16,250000,0.6171844660194175,4.446801662445068,4.2444353103637695,1.0476780389577796
NC_004337.1,DNABERT-2,16,1000000,0.5578640776699029,4.446221828460693,4.314746856689453,1.030471074234032
NC_004337.1,DNABERT-2,24,0,0.6199514563106796,5.482909679412842,5.16665506362915,1.0612107082607425
NC_004337.1,DNABERT-2,24,100000,0.5975728155339806,5.3933939933776855,5.120716571807861,1.0532498562937562
NC_004337.1,DNABERT-2,24,250000,0.6359708737864078,5.480991840362549,5.122982501983643,1.0698829906680891
NC_004337.1,DNABERT-2,24,1000000,0.5869417475728156,5.55080509185791,5.217874526977539,1.06380578205916
NC_004337.1,DNABERT-2,48,0,0.7066019417475728,7.6753997802734375,7.1164870262146,1.0785377324514192
NC_004337.1,DNABERT-2,48,100000,0.7032038834951456,7.642941474914551,7.0833024978637695,1.0790081995255125
NC_004337.1,DNABERT-2,48,250000,0.7076213592233009,7.6670403480529785,7.07893180847168,1.0830787123669539
NC_004337.1,DNABERT-2,48,1000000,0.6464077669902912,7.74480676651001,7.190996170043945,1.0770144474242822
NC_004337.1,NT-v2-50M,8,0,0.24053398058252426,2.44683575630188,3.01568341255188,0.8113702340629186
NC_004337.1,NT-v2-50M,8,100000,0.2279126213592233,2.3906471729278564,2.998575448989868,0.7972609706162955
NC_004337.1,NT-v2-50M,8,250000,0.24101941747572816,2.3992838859558105,2.9769678115844727,0.8059488841697642
NC_004337.1,NT-v2-50M,8,1000000,0.2424757281553398,2.4246232509613037,3.0017428398132324,0.807738497383128
NC_004337.1,NT-v2-50M,16,0,0.37718446601941746,4.056372165679932,4.2432942390441895,0.9559488305938543
NC_004337.1,NT-v2-50M,16,100000,0.33893203883495143,3.9430928230285645,4.218348026275635,0.9347481048191056
NC_004337.1,NT-v2-50M,16,250000,0.3553398058252427,3.990734100341797,4.196966171264648,0.9508616313529378
NC_004337.1,NT-v2-50M,16,1000000,0.38349514563106796,4.098046779632568,4.258732318878174,0.9622691619913945
NC_004337.1,NT-v2-50M,24,0,0.5172330097087379,5.233192443847656,5.119661808013916,1.0221754170668125
NC_004337.1,NT-v2-50M,24,100000,0.4557766990291262,5.051091194152832,5.091268539428711,0.992108578645041
NC_004337.1,NT-v2-50M,24,250000,0.49966019417475727,5.159507751464844,5.085103988647461,1.0146317092007342
NC_004337.1,NT-v2-50M,24,1000000,0.5235922330097087,5.312827110290527,5.130987644195557,1.0354394667663402
NC_004337.1,NT-v2-50M,48,0,0.47606796116504857,7.195944309234619,7.158880710601807,1.0051772895975097
NC_004337.1,NT-v2-50M,48,100000,0.395,7.051817417144775,7.169495105743408,0.9835863353188758
NC_004337.1,NT-v2-50M,48,250000,0.4640776699029126,7.154350280761719,7.13222074508667,1.0031027552940357
NC_004337.1,NT-v2-50M,48,1000000,0.4786893203883495,7.309700012207031,7.195772171020508,1.0158326081591833
NC_004337.1,compositional,11,0,0.380873786407767,2.6161401613726616,3.2804222068124482,0.7975010521327794
NC_004368.1,DNABERT-S,8,0,0.7251312251952375,3.0703248977661133,2.824378252029419,1.0870799247798955
NC_004368.1,DNABERT-S,8,100000,0.47529125592113686,2.8036630153656006,2.8510870933532715,0.9833663173256859
NC_004368.1,DNABERT-S,8,250000,0.6249519907822302,2.934379816055298,2.860764265060425,1.025732826676412
NC_004368.1,DNABERT-S,8,1000000,0.5994110869286903,2.912780523300171,2.907602548599243,1.001780839923745
NC_004368.1,DNABERT-S,16,0,0.677570093457944,4.206626892089844,4.066747665405273,1.0343958460650227
NC_004368.1,DNABERT-S,16,100000,0.49603123799769555,4.057034015655518,4.1356282234191895,0.9809958237254961
NC_004368.1,DNABERT-S,16,250000,0.606644475739342,4.14151668548584,4.14057731628418,1.0002268691368148
NC_004368.1,DNABERT-S,16,1000000,0.549225451286647,4.01802396774292,4.158351898193359,0.9662539549595582
NC_004368.1,DNABERT-S,24,0,0.6434515426961976,5.172693252563477,5.027760028839111,1.0288265992992967
NC_004368.1,DNABERT-S,24,100000,0.5088336960696453,4.996155261993408,5.0628228187561035,0.9868319395820621
NC_004368.1,DNABERT-S,24,250000,0.58673665343746,5.082934856414795,5.0906195640563965,0.9984904180041538
NC_004368.1,DNABERT-S,24,1000000,0.4908462424785559,4.950078964233398,5.159460544586182,0.9594179316726267
NC_004368.1,DNABERT-S,48,0,0.5794392523364486,7.345728397369385,7.373426914215088,0.9962434676347977
NC_004368.1,DNABERT-S,48,100000,0.518883625656126,7.2235493659973145,7.447109222412109,0.9699803172294035
NC_004368.1,DNABERT-S,48,250000,0.5558187171937012,7.278219223022461,7.508321285247803,0.9693537272202987
NC_004368.1,DNABERT-S,48,1000000,0.4879656894123672,7.082099914550781,7.565345287322998,0.9361238179595087
NC_004368.1,DNABERT-2,8,0,0.7078479067981053,3.117128610610962,3.007028818130493,1.0366141461021712
NC_004368.1,DNABERT-2,8,100000,0.4024452694917424,2.923797845840454,3.5288381576538086,0.8285440462887017
NC_004368.1,DNABERT-2,8,250000,0.5017283318397132,3.1545894145965576,3.50998854637146,0.8987463556989936
NC_004368.1,DNABERT-2,8,1000000,0.4920624759953911,3.0458076000213623,3.462367534637451,0.8796892789546944
NC_004368.1,DNABERT-2,16,0,0.6346178466265523,4.3685455322265625,4.199836730957031,1.0401703237713926
NC_004368.1,DNABERT-2,16,100000,0.4845730380233005,4.323056697845459,4.673101425170898,0.9250937021310985
NC_004368.1,DNABERT-2,16,250000,0.5144027653309435,4.431252479553223,4.651588439941406,0.9526321033700568
NC_004368.1,DNABERT-2,16,1000000,0.47529125592113686,4.311226844787598,4.6536760330200195,0.9264131869510074
NC_004368.1,DNABERT-2,24,0,0.6550377672513122,5.462169170379639,5.155672073364258,1.0594485243929372
NC_004368.1,DNABERT-2,24,100000,0.4732428626296249,5.287744998931885,5.596675872802734,0.9448010067239893
NC_004368.1,DNABERT-2,24,250000,0.5304058379208808,5.455014228820801,5.576930522918701,0.9781391764525524
NC_004368.1,DNABERT-2,24,1000000,0.5076174625528102,5.232515335083008,5.569540023803711,0.9394878774045451
NC_004368.1,DNABERT-2,48,0,0.6486365382153374,7.508808135986328,7.2711687088012695,1.032682425164666
NC_004368.1,DNABERT-2,48,100000,0.46991422353091794,7.358564853668213,7.6380181312561035,0.9634128549074374
NC_004368.1,DNABERT-2,48,250000,0.5341185507617463,7.444223880767822,7.624233245849609,0.9763898402269136
NC_004368.1,DNABERT-2,48,1000000,0.5151069005249008,7.2736358642578125,7.6308369636535645,0.9531897875557902
NC_004368.1,NT-v2-50M,8,0,0.5750224043016259,3.048821449279785,2.9194626808166504,1.0443091015730845
NC_004368.1,NT-v2-50M,8,100000,0.5506977339649213,2.9901580810546875,2.951697826385498,1.0130298753230733
NC_004368.1,NT-v2-50M,8,250000,0.5820637562411983,3.0348544120788574,2.950892925262451,1.0284529086425387
NC_004368.1,NT-v2-50M,8,1000000,0.5070413519395724,2.8945186138153076,3.0174295902252197,0.9592663315796747
NC_004368.1,NT-v2-50M,16,0,0.656638074510306,4.478098392486572,4.223034381866455,1.0603982794256548
NC_004368.1,NT-v2-50M,16,100000,0.5999231852515683,4.3661651611328125,4.2438788414001465,1.028814752801077
NC_004368.1,NT-v2-50M,16,250000,0.6351299449494303,4.436310768127441,4.255237102508545,1.0425531318835677
NC_004368.1,NT-v2-50M,16,1000000,0.5620279093585968,4.322574615478516,4.339132785797119,0.9961839908719083
NC_004368.1,NT-v2-50M,24,0,0.6330175393675586,5.325568199157715,5.102725028991699,1.0436714047690023
NC_004368.1,NT-v2-50M,24,100000,0.5661246959416207,5.2223639488220215,5.134174823760986,1.0171768839371997
NC_004368.1,NT-v2-50M,24,250000,0.616054282422225,5.294386863708496,5.172668933868408,1.0235309723850934
NC_004368.1,NT-v2-50M,24,1000000,0.5363589809243374,5.168774127960205,5.254481315612793,0.9836887444250827
NC_004368.1,NT-v2-50M,48,0,0.583151965177314,7.355607509613037,7.127383232116699,1.0320207669580523
NC_004368.1,NT-v2-50M,48,100000,0.5230444245295096,7.261329174041748,7.183500289916992,1.0108343956266
NC_004368.1,NT-v2-50M,48,250000,0.5427602099603124,7.270816326141357,7.238490104675293,1.00446587907127
NC_004368.1,NT-v2-50M,48,1000000,0.4443093073870183,7.089117050170898,7.355187892913818,0.9638254186545989
NC_004368.1,compositional,11,0,0.7893995647164256,5.960502143688899,3.7676138873141043,1.582036355625094
NC_004347.1,DNABERT-S,8,0,0.5318181818181819,2.964165687561035,2.9731080532073975,0.9969922500338609
NC_004347.1,DNABERT-S,8,100000,0.7386363636363636,2.914181709289551,2.6300132274627686,1.1080483089816722
NC_004347.1,DNABERT-S,8,250000,0.6079545454545454,2.959512948989868,2.8498122692108154,1.0384940022064792
NC_004347.1,DNABERT-S,8,1000000,0.5674242424242424,2.9320473670959473,2.8719608783721924,1.0209217643514041
NC_004347.1,DNABERT-S,16,0,0.568939393939394,4.232849597930908,4.159204006195068,1.0177066553182161
NC_004347.1,DNABERT-S,16,100000,0.6642045454545454,4.188932418823242,3.9388179779052734,1.0634998728859726
NC_004347.1,DNABERT-S,16,250000,0.6134469696969697,4.205230236053467,4.052682876586914,1.037641079776522
NC_004347.1,DNABERT-S,16,1000000,0.5645833333333333,4.1397905349731445,4.095938205718994,1.0107062965922975
NC_004347.1,DNABERT-S,24,0,0.5123106060606061,5.049729347229004,5.14652681350708,0.9811916910596811
NC_004347.1,DNABERT-S,24,100000,0.5577651515151515,5.031227111816406,4.9533867835998535,1.0157145669452412
NC_004347.1,DNABERT-S,24,250000,0.5240530303030303,5.049976825714111,5.047713756561279,1.0004483354766087
NC_004347.1,DNABERT-S,24,1000000,0.5013257575757576,4.953361511230469,5.120459079742432,0.9673666821842138
NC_004347.1,DNABERT-S,48,0,0.49829545454545454,7.1730122566223145,7.5397772789001465,0.9513559872246872
NC_004347.1,DNABERT-S,48,100000,0.4954545454545455,7.183424472808838,7.372974395751953,0.97429125441527
NC_004347.1,DNABERT-S,48,250000,0.484469696969697,7.161264896392822,7.460221767425537,0.9599265436936357
NC_004347.1,DNABERT-S,48,1000000,0.4738636363636364,7.0551862716674805,7.512283802032471,0.9391533197612527
NC_004347.1,DNABERT-2,8,0,0.25795454545454544,2.4512176513671875,3.764432191848755,0.6511520267717632
NC_004347.1,DNABERT-2,8,100000,0.2865530303030303,2.4291019439697266,3.3576042652130127,0.7234628479409618
NC_004347.1,DNABERT-2,8,250000,0.28484848484848485,2.463571071624756,3.665003538131714,0.672187910869138
NC_004347.1,DNABERT-2,8,1000000,0.29829545454545453,2.486563205718994,3.75862193107605,0.6615624692550868
NC_004347.1,DNABERT-2,16,0,0.3018939393939394,3.6993460655212402,4.782419681549072,0.7735302026699141
NC_004347.1,DNABERT-2,16,100000,0.30833333333333335,3.673168659210205,4.426194667816162,0.8298705626118582
NC_004347.1,DNABERT-2,16,250000,0.30946969696969695,3.7172632217407227,4.701418399810791,0.7906684548412718
NC_004347.1,DNABERT-2,16,1000000,0.31420454545454546,3.715487003326416,4.805085182189941,0.7732406112378354
NC_004347.1,DNABERT-2,24,0,0.2827651515151515,4.704536437988281,5.774405002593994,0.8147222849583458
NC_004347.1,DNABERT-2,24,100000,0.27897727272727274,4.629427433013916,5.473931789398193,0.8457225283625387
NC_004347.1,DNABERT-2,24,250000,0.3018939393939394,4.707077503204346,5.700517177581787,0.8257281500204394
NC_004347.1,DNABERT-2,24,1000000,0.3039772727272727,4.68571662902832,5.789408206939697,0.8093602077344634
NC_004347.1,DNABERT-2,48,0,0.24526515151515152,6.655902862548828,7.936295986175537,0.8386661578830902
NC_004347.1,DNABERT-2,48,100000,0.24526515151515152,6.665041923522949,7.680922031402588,0.8677398229370996
NC_004347.1,DNABERT-2,48,250000,0.2528409090909091,6.655261993408203,7.865678310394287,0.8461141850428143
NC_004347.1,DNABERT-2,48,1000000,0.2528409090909091,6.580984115600586,7.923330307006836,0.8305830831993495
NC_004347.1,NT-v2-50M,8,0,0.4465909090909091,3.3197567462921143,3.5484256744384766,0.9355576390415594
NC_004347.1,NT-v2-50M,8,100000,0.4863636363636364,3.2620842456817627,3.4110119342803955,0.956339147599596
NC_004347.1,NT-v2-50M,8,250000,0.48125,3.3298423290252686,3.4890425205230713,0.9543713810991516
NC_004347.1,NT-v2-50M,8,1000000,0.4784090909090909,3.29325008392334,3.4687557220458984,0.9494038634640308
NC_004347.1,NT-v2-50M,16,0,0.36609848484848484,4.416537284851074,4.851495742797852,0.9103454932239233
NC_004347.1,NT-v2-50M,16,100000,0.4649621212121212,4.422183990478516,4.562976837158203,0.9691445186543238
NC_004347.1,NT-v2-50M,16,250000,0.41950757575757575,4.450555324554443,4.711483478546143,0.9446186842891752
NC_004347.1,NT-v2-50M,16,1000000,0.38503787878787876,4.374157905578613,4.768749713897705,0.9172546617053268
NC_004347.1,NT-v2-50M,24,0,0.4662878787878788,5.416811466217041,5.630498886108398,0.9620482262382525
NC_004347.1,NT-v2-50M,24,100000,0.5464015151515151,5.413081645965576,5.32392692565918,1.016746045081255
NC_004347.1,NT-v2-50M,24,250000,0.5242424242424243,5.450605392456055,5.470287322998047,0.9964020298423365
NC_004347.1,NT-v2-50M,24,1000000,0.4810606060606061,5.3464741706848145,5.537014007568359,0.9655879799792627
NC_004347.1,NT-v2-50M,48,0,0.4615530303030303,7.354242324829102,7.513294219970703,0.9788306047274398
NC_004347.1,NT-v2-50M,48,100000,0.5160984848484849,7.308045864105225,7.276973724365234,1.0042699260595036
NC_004347.1,NT-v2-50M,48,250000,0.5032196969696969,7.340615749359131,7.38634729385376,0.9938086387391123
NC_004347.1,NT-v2-50M,48,1000000,0.46571969696969695,7.194057464599609,7.363022327423096,0.9770522408720413
NC_004347.1,compositional,11,0,0.578030303030303,3.5083709976708697,3.1739718232464047,1.1053566928273593
NC_004459.2,DNABERT-S,8,0,0.6653225806451613,3.4291512966156006,3.0261237621307373,1.1331827665240914
NC_004459.2,DNABERT-S,8,100000,0.6080069124423964,3.2923481464385986,3.0532076358795166,1.078324352313561
NC_004459.2,DNABERT-S,8,250000,0.6797235023041475,3.522418975830078,3.067962169647217,1.1481298598395426
NC_004459.2,DNABERT-S,8,1000000,0.7872983870967742,3.8695666790008545,3.009112596511841,1.2859494468523547
NC_004459.2,DNABERT-S,16,0,0.691676267281106,4.843281269073486,4.356459140777588,1.1117472039939769
NC_004459.2,DNABERT-S,16,100000,0.642713133640553,4.73955774307251,4.355327606201172,1.0882207199119225
NC_004459.2,DNABERT-S,16,250000,0.6890841013824884,4.914067268371582,4.3912248611450195,1.119065277629675
NC_004459.2,DNABERT-S,16,1000000,0.8290610599078341,5.320342540740967,4.285747051239014,1.2414037686155208
NC_004459.2,DNABERT-S,24,0,0.6512096774193549,5.982723712921143,5.410951137542725,1.1056695137036623
NC_004459.2,DNABERT-S,24,100000,0.6421370967741935,5.919179439544678,5.419126510620117,1.092275559159688
NC_004459.2,DNABERT-S,24,250000,0.6605702764976958,6.035910129547119,5.445520877838135,1.108417406700563
NC_004459.2,DNABERT-S,24,1000000,0.8054435483870968,6.573561668395996,5.327385425567627,1.2339189195599811
NC_004459.2,DNABERT-S,48,0,0.6215437788018433,8.432848930358887,7.793471336364746,1.082040154688293
NC_004459.2,DNABERT-S,48,100000,0.59375,8.34394359588623,7.836301326751709,1.0647808510631824
NC_004459.2,DNABERT-S,48,250000,0.6379608294930875,8.569089889526367,7.81691837310791,1.096223534712363
NC_004459.2,DNABERT-S,48,1000000,0.8289170506912442,9.527779579162598,7.6669793128967285,1.2427031807867006
NC_004459.2,DNABERT-2,8,0,0.47609447004608296,2.76092529296875,3.151475191116333,0.8760739417373486
NC_004459.2,DNABERT-2,8,100000,0.36765552995391704,2.6891930103302,3.2813451290130615,0.81953982424855
NC_004459.2,DNABERT-2,8,250000,0.4933755760368664,2.946307897567749,3.2667224407196045,0.9019155900244548
NC_004459.2,DNABERT-2,8,1000000,0.6298963133640553,3.178466320037842,3.1318581104278564,1.0148819671794191
NC_004459.2,DNABERT-2,16,0,0.43317972350230416,4.0933051109313965,4.473732948303223,0.914964115702053
NC_004459.2,DNABERT-2,16,100000,0.36160714285714285,4.076690673828125,4.648695468902588,0.8769536961711335
NC_004459.2,DNABERT-2,16,250000,0.45348502304147464,4.259936809539795,4.629933834075928,0.9200858937091098
NC_004459.2,DNABERT-2,16,1000000,0.615639400921659,4.579183101654053,4.425986289978027,1.0346130334888104
NC_004459.2,DNABERT-2,24,0,0.4346198156682028,5.0496015548706055,5.42846155166626,0.9302085879784183
NC_004459.2,DNABERT-2,24,100000,0.3670794930875576,5.038533687591553,5.592874050140381,0.9008845259916207
NC_004459.2,DNABERT-2,24,250000,0.4488767281105991,5.237761974334717,5.595133304595947,0.9361281830465632
NC_004459.2,DNABERT-2,24,1000000,0.6209677419354839,5.584719181060791,5.376171112060547,1.0387911888690449
NC_004459.2,DNABERT-2,48,0,0.4808467741935484,7.166271686553955,7.487021446228027,0.9571592305461251
NC_004459.2,DNABERT-2,48,100000,0.43202764976958524,7.179081439971924,7.593268871307373,0.9454533431707475
NC_004459.2,DNABERT-2,48,250000,0.5066244239631337,7.366268157958984,7.585296154022217,0.9711246612372426
NC_004459.2,DNABERT-2,48,1000000,0.7049251152073732,7.960025310516357,7.4080891609191895,1.0745045230433867
NC_004459.2,NT-v2-50M,8,0,0.3561347926267281,2.94075608253479,3.455415964126587,0.8510570400394948
NC_004459.2,NT-v2-50M,8,100000,0.32085253456221197,2.8481178283691406,3.4388949871063232,0.8282072697909583
NC_004459.2,NT-v2-50M,8,250000,0.39314516129032256,3.029531240463257,3.4361205101013184,0.8816719994415817
NC_004459.2,NT-v2-50M,8,1000000,0.6185195852534562,3.507786989212036,3.299414873123169,1.0631542634381186
NC_004459.2,NT-v2-50M,16,0,0.3513824884792627,4.208268165588379,4.667511463165283,0.9016085335405973
NC_004459.2,NT-v2-50M,16,100000,0.33122119815668205,4.150906085968018,4.685418605804443,0.8859200074088888
NC_004459.2,NT-v2-50M,16,250000,0.4046658986175115,4.3038249015808105,4.661867618560791,0.9231975795377658
NC_004459.2,NT-v2-50M,16,1000000,0.6445852534562212,4.880759239196777,4.537556171417236,1.0756361034032877
NC_004459.2,NT-v2-50M,24,0,0.3990495391705069,5.1800689697265625,5.5406174659729,0.9349262968503769
NC_004459.2,NT-v2-50M,24,100000,0.35901497695852536,5.122180461883545,5.5784220695495605,0.9182131430756268
NC_004459.2,NT-v2-50M,24,250000,0.44772465437788017,5.337039947509766,5.5390143394470215,0.9635360409705277
NC_004459.2,NT-v2-50M,24,1000000,0.7252304147465438,6.0382771492004395,5.41419792175293,1.1152671617230894
NC_004459.2,NT-v2-50M,48,0,0.37298387096774194,7.116269588470459,7.540283679962158,0.9437668250309348
NC_004459.2,NT-v2-50M,48,100000,0.33914170506912444,7.090518474578857,7.594165802001953,0.9336797035310547
NC_004459.2,NT-v2-50M,48,250000,0.4012096774193548,7.2272186279296875,7.539305686950684,0.9586053315809746
NC_004459.2,NT-v2-50M,48,1000000,0.6807315668202765,7.994790554046631,7.431562423706055,1.0757886563051569
NC_004459.2,compositional,11,0,0.6232718894009217,4.2384958245683055,3.141952657562019,1.3490005377283893
NC_004431.1,DNABERT-S,8,0,0.8289000607815059,3.0425446033477783,2.5938658714294434,1.1729768438917292
NC_004431.1,DNABERT-S,8,100000,0.5476001607104225,2.7413012981414795,2.667161703109741,1.0277971879040166
NC_004431.1,DNABERT-S,8,250000,0.6388960430209438,2.849184513092041,2.658254384994507,1.0718253787806424
NC_004431.1,DNABERT-S,8,1000000,0.7203896197550196,2.9775390625,2.6727988719940186,1.1140153842846516
NC_004431.1,DNABERT-S,16,0,0.8548918810330796,4.4711151123046875,3.7873077392578125,1.1805523659877923
NC_004431.1,DNABERT-S,16,100000,0.6726194768669709,4.207164764404297,3.8713271617889404,1.0867499925943138
NC_004431.1,DNABERT-S,16,250000,0.7406071969423812,4.283148765563965,3.854717254638672,1.1111447306309508
NC_004431.1,DNABERT-S,16,1000000,0.7564618982373363,4.394607067108154,3.9060542583465576,1.1250757865735337
NC_004431.1,DNABERT-S,24,0,0.8454089359115681,5.558445453643799,4.702670574188232,1.1819763612940906
NC_004431.1,DNABERT-S,24,100000,0.7191379328106811,5.349424839019775,4.790809631347656,1.116601420356371
NC_004431.1,DNABERT-S,24,250000,0.7570130525708516,5.395411968231201,4.773732662200928,1.130229183329183
NC_004431.1,DNABERT-S,24,1000000,0.7525883649774903,5.4690728187561035,4.843813896179199,1.1290840102403827
NC_004431.1,DNABERT-S,48,0,0.8122624112744542,7.893099308013916,6.780972003936768,1.1640070632103319
NC_004431.1,DNABERT-S,48,100000,0.7540924497007283,7.747727394104004,6.855169296264648,1.1302021962208442
NC_004431.1,DNABERT-S,48,250000,0.7583059473158269,7.755125045776367,6.853054046630859,1.1316305099897745
NC_004431.1,DNABERT-S,48,1000000,0.7298880178017699,7.773411750793457,6.958406925201416,1.1171252032761005
NC_004431.1,DNABERT-2,8,0,0.8513686140786451,4.454818248748779,2.9909534454345703,1.4894308219837626
NC_004431.1,DNABERT-2,8,100000,0.8319751929040168,4.065201759338379,2.9267096519470215,1.3890007013965204
NC_004431.1,DNABERT-2,8,250000,0.8311922446919202,4.220931529998779,2.9636425971984863,1.4242377046371248
NC_004431.1,DNABERT-2,8,1000000,0.8125405639287517,4.28179931640625,3.053208112716675,1.4023935343851823
NC_004431.1,DNABERT-2,16,0,0.827097219503652,5.589936256408691,4.123908519744873,1.3554947277915161
NC_004431.1,DNABERT-2,16,100000,0.8036602828915513,5.269381999969482,4.0868306159973145,1.2893565931857414
NC_004431.1,DNABERT-2,16,250000,0.8059627687521248,5.396877765655518,4.110808849334717,1.3128505759952656
NC_004431.1,DNABERT-2,16,1000000,0.779466152942752,5.405041217803955,4.2155890464782715,1.2821556271760786
NC_004431.1,DNABERT-2,24,0,0.8309707527634981,6.534022331237793,5.001996994018555,1.3062827384844997
NC_004431.1,DNABERT-2,24,100000,0.8128805282840041,6.266345977783203,4.985287666320801,1.2569677814415547
NC_004431.1,DNABERT-2,24,250000,0.8123860346763643,6.362630844116211,5.007636547088623,1.2705855914833444
NC_004431.1,DNABERT-2,24,1000000,0.7846686377731305,6.352015018463135,5.116772174835205,1.2414105614674378
NC_004431.1,DNABERT-2,48,0,0.8504362875892406,8.56746768951416,6.93750524520874,1.2349493638842468
NC_004431.1,DNABERT-2,48,100000,0.8358384242137037,8.344056129455566,6.940001010894775,1.2023133881906691
NC_004431.1,DNABERT-2,48,250000,0.8298787460466266,8.41997241973877,6.963449954986572,1.2091667886130455
NC_004431.1,DNABERT-2,48,1000000,0.8040620589477588,8.414852142333984,7.060599327087402,1.191804229713348
NC_004431.1,NT-v2-50M,8,0,0.42976130381481215,2.702528953552246,2.8475122451782227,0.9490842254071142
NC_004431.1,NT-v2-50M,8,100000,0.3833973771234895,2.656809091567993,2.880107879638672,0.9224686027737639
NC_004431.1,NT-v2-50M,8,250000,0.39063449711030296,2.667056083679199,2.8751683235168457,0.9276173717777024
NC_004431.1,NT-v2-50M,8,1000000,0.3862613192677374,2.6721439361572266,2.9160261154174805,0.9163648850842552
NC_004431.1,NT-v2-50M,16,0,0.6487550093232649,4.424983978271484,4.060394287109375,1.0897916964171634
NC_004431.1,NT-v2-50M,16,100000,0.5214486602313818,4.225512504577637,4.118532180786133,1.025975352163227
NC_004431.1,NT-v2-50M,16,250000,0.577357343745171,4.299821853637695,4.111600875854492,1.0457780274560542
NC_004431.1,NT-v2-50M,16,1000000,0.5802264368644985,4.334951877593994,4.159661293029785,1.0421405908355899
NC_004431.1,NT-v2-50M,24,0,0.6380512831078923,5.336546897888184,4.959771156311035,1.075966356048045
NC_004431.1,NT-v2-50M,24,100000,0.5355880868248359,5.171325206756592,5.03905725479126,1.026248551123242
NC_004431.1,NT-v2-50M,24,250000,0.561415075873863,5.1965227127075195,5.020749568939209,1.0350093429984495
NC_004431.1,NT-v2-50M,24,1000000,0.5627903862201115,5.233577251434326,5.099485397338867,1.0262951736591763
NC_004431.1,NT-v2-50M,48,0,0.6178337059205308,7.341121196746826,7.020365238189697,1.045689354851834
NC_004431.1,NT-v2-50M,48,100000,0.5343673057309749,7.223304748535156,7.102563858032227,1.0169996205477807
NC_004431.1,NT-v2-50M,48,250000,0.559674046296964,7.231238842010498,7.073148727416992,1.0223507409056332
NC_004431.1,NT-v2-50M,48,1000000,0.5477134821621733,7.242022514343262,7.159423828125,1.0115370577578857
NC_004431.1,compositional,11,0,0.834859738948583,5.569273405183324,2.7512071023448055,2.0243017693712444
NC_004606.1,DNABERT-S,8,0,0.3894799054373522,2.680145263671875,2.8206899166107178,0.9501736606667782
NC_004606.1,DNABERT-S,8,100000,0.35254137115839246,2.630937337875366,2.8367080688476562,0.9274614355872441
NC_004606.1,DNABERT-S,8,250000,0.31708037825059104,2.6789023876190186,2.922578811645508,0.9166228048135026
NC_004606.1,DNABERT-S,8,1000000,0.19562647754137116,2.6221725940704346,3.0601449012756348,0.8568785723111904
NC_004606.1,DNABERT-S,16,0,0.4051418439716312,3.8798868656158447,4.070111274719238,0.953263093742685
NC_004606.1,DNABERT-S,16,100000,0.41430260047281325,3.938087224960327,4.0839738845825195,0.9642782584450572
NC_004606.1,DNABERT-S,16,250000,0.3105791962174941,3.902172088623047,4.241689682006836,0.9199569938310159
NC_004606.1,DNABERT-S,16,1000000,0.1057919621749409,3.6900737285614014,4.484287738800049,0.8228895966316445
NC_004606.1,DNABERT-S,24,0,0.5171394799054374,4.969025135040283,4.9929518699646,0.9952078979434492
NC_004606.1,DNABERT-S,24,100000,0.5112293144208038,4.9279398918151855,4.980935573577881,0.9893602956754111
NC_004606.1,DNABERT-S,24,250000,0.42789598108747046,4.938713073730469,5.1836323738098145,0.9527514139859156
NC_004606.1,DNABERT-S,24,1000000,0.27423167848699764,4.7824015617370605,5.471817970275879,0.8740059679828751
NC_004606.1,DNABERT-S,48,0,0.5162529550827423,6.934139251708984,7.053803443908691,0.9830355079849804
NC_004606.1,DNABERT-S,48,100000,0.4583333333333333,6.850341796875,7.115911483764648,0.9626794561040338
NC_004606.1,DNABERT-S,48,250000,0.41725768321513,6.8660054206848145,7.418914794921875,0.925473011953781
NC_004606.1,DNABERT-S,48,1000000,0.26300236406619387,6.6731858253479,8.016267776489258,0.832455453262121
NC_004606.1,DNABERT-2,8,0,0.5023640661938534,2.6467339992523193,2.954775333404541,0.8957479674783628
NC_004606.1,DNABERT-2,8,100000,0.3421985815602837,2.5980911254882812,3.2025821208953857,0.8112488696345749
NC_004606.1,DNABERT-2,8,250000,0.2624113475177305,2.5611536502838135,3.556290626525879,0.7201755759724819
NC_004606.1,DNABERT-2,8,1000000,0.22695035460992907,2.587528705596924,3.568121910095215,0.7251794559698427
NC_004606.1,DNABERT-2,16,0,0.5183215130023641,4.049971580505371,4.146973133087158,0.9766090713711532
NC_004606.1,DNABERT-2,16,100000,0.3519503546099291,3.877812147140503,4.380199909210205,0.8853048325458077
NC_004606.1,DNABERT-2,16,250000,0.30171394799054374,3.9836463928222656,4.704251289367676,0.8468183665753386
NC_004606.1,DNABERT-2,16,1000000,0.24674940898345155,3.9311389923095703,4.713193416595459,0.8340712219591446
NC_004606.1,DNABERT-2,24,0,0.6105200945626478,5.290388584136963,5.1179518699646,1.0336925236019376
NC_004606.1,DNABERT-2,24,100000,0.4098699763593381,5.087692737579346,5.360533714294434,0.9491019008074647
NC_004606.1,DNABERT-2,24,250000,0.3897754137115839,5.1470136642456055,5.614371299743652,0.9167569064198896
NC_004606.1,DNABERT-2,24,1000000,0.33156028368794327,5.068815231323242,5.752662658691406,0.8811250601780075
NC_004606.1,DNABERT-2,48,0,0.598404255319149,7.182321071624756,7.078950881958008,1.0146024730769365
NC_004606.1,DNABERT-2,48,100000,0.4657210401891253,6.9835524559021,7.246311187744141,0.9637389666225691
NC_004606.1,DNABERT-2,48,250000,0.36377068557919623,6.986698627471924,7.649979591369629,0.9132963747189614
NC_004606.1,DNABERT-2,48,1000000,0.2470449172576832,6.86693811416626,8.046355247497559,0.8534221896680362
NC_004606.1,NT-v2-50M,8,0,0.4095744680851064,2.728073835372925,3.014753818511963,0.9049076639761786
NC_004606.1,NT-v2-50M,8,100000,0.2990543735224586,2.504213571548462,2.961850643157959,0.8454894838581195
NC_004606.1,NT-v2-50M,8,250000,0.26802600472813237,2.549546480178833,3.0589232444763184,0.8334784093660089
NC_004606.1,NT-v2-50M,8,1000000,0.22074468085106383,2.5242414474487305,3.2123842239379883,0.7857844116649038
NC_004606.1,NT-v2-50M,16,0,0.3640661938534279,3.8999106884002686,4.220970153808594,0.92393704439757
NC_004606.1,NT-v2-50M,16,100000,0.30112293144208035,3.787645101547241,4.210498332977295,0.8995716900970605
NC_004606.1,NT-v2-50M,16,250000,0.2780732860520095,3.8502578735351562,4.329195022583008,0.8893703918281569
NC_004606.1,NT-v2-50M,16,1000000,0.15780141843971632,3.6764166355133057,4.495823860168457,0.8177403630255994
NC_004606.1,NT-v2-50M,24,0,0.39893617021276595,4.772106647491455,5.06298303604126,0.942548417310669
NC_004606.1,NT-v2-50M,24,100000,0.3064420803782506,4.646885395050049,5.075915813446045,0.9154772391497316
NC_004606.1,NT-v2-50M,24,250000,0.28221040189125296,4.714631080627441,5.238200664520264,0.9000478184352312
NC_004606.1,NT-v2-50M,24,1000000,0.12115839243498817,4.533386707305908,5.50869083404541,0.8229517400555825
NC_004606.1,NT-v2-50M,48,0,0.4160756501182033,6.876224517822266,7.0810346603393555,0.9710762406425963
NC_004606.1,NT-v2-50M,48,100000,0.33451536643026003,6.737361907958984,7.119869709014893,0.9462760111225642
NC_004606.1,NT-v2-50M,48,250000,0.30791962174940896,6.773733139038086,7.316821575164795,0.925775361535384
NC_004606.1,NT-v2-50M,48,1000000,0.1758274231678487,6.6441330909729,7.773548126220703,0.8547104852366952
NC_004606.1,compositional,11,0,0.6808510638297872,4.534619728587577,3.0172327341586995,1.5029068448218244
NC_004603.1,DNABERT-S,8,0,0.5941121688741722,3.125917673110962,2.9120676517486572,1.0734358012712688
NC_004603.1,DNABERT-S,8,100000,0.5865066225165563,3.1776883602142334,2.939913511276245,1.080878178227348
NC_004603.1,DNABERT-S,8,250000,0.566380380794702,3.151434898376465,2.9729580879211426,1.06003340954602
NC_004603.1,DNABERT-S,8,1000000,0.5059499172185431,3.071704387664795,2.988154411315918,1.0279603945607627
NC_004603.1,DNABERT-S,16,0,0.6102028145695364,4.515106678009033,4.205353736877441,1.0736568099884956
NC_004603.1,DNABERT-S,16,100000,0.5645177980132451,4.539710998535156,4.311352252960205,1.0529668494190327
NC_004603.1,DNABERT-S,16,250000,0.5409768211920529,4.521969795227051,4.36303186416626,1.0364283223247013
NC_004603.1,DNABERT-S,16,1000000,0.4919805463576159,4.409906387329102,4.405275344848633,1.0010512492677408
NC_004603.1,DNABERT-S,24,0,0.6627690397350994,5.73653507232666,5.111429214477539,1.1222957086207084
NC_004603.1,DNABERT-S,24,100000,0.6159457781456954,5.755356788635254,5.340552806854248,1.0776706076660514
NC_004603.1,DNABERT-S,24,250000,0.5891452814569537,5.74017333984375,5.3960347175598145,1.0637762061026104
NC_004603.1,DNABERT-S,24,1000000,0.5399420529801324,5.566162109375,5.4218950271606445,1.026608239645301
NC_004603.1,DNABERT-S,48,0,0.605494619205298,8.085329055786133,7.503498077392578,1.0775412977243992
NC_004603.1,DNABERT-S,48,100000,0.5458919701986755,8.157752990722656,7.884921073913574,1.0346017308545696
NC_004603.1,DNABERT-S,48,250000,0.5331125827814569,8.094602584838867,7.898974418640137,1.0247662741807448
NC_004603.1,DNABERT-S,48,1000000,0.49405008278145696,7.850438117980957,7.885313510894775,0.9955771710451801
NC_004603.1,DNABERT-2,8,0,0.5218336092715232,2.9150991439819336,2.9546635150909424,0.9866095171558678
NC_004603.1,DNABERT-2,8,100000,0.4251862582781457,2.8582303524017334,3.056488275527954,0.9351353889646525
NC_004603.1,DNABERT-2,8,250000,0.44039735099337746,2.9455246925354004,3.113670825958252,0.9459974599687803
NC_004603.1,DNABERT-2,8,1000000,0.42001241721854304,2.8913917541503906,3.080829620361328,0.9385107618548799
NC_004603.1,DNABERT-2,16,0,0.4522454470198676,4.170546054840088,4.224610328674316,0.9872025418611344
NC_004603.1,DNABERT-2,16,100000,0.3783112582781457,4.09543514251709,4.3924455642700195,0.9323815361153395
NC_004603.1,DNABERT-2,16,250000,0.38617549668874174,4.1842145919799805,4.459530830383301,0.9382634073235779
NC_004603.1,DNABERT-2,16,1000000,0.3641349337748344,4.117090702056885,4.458385944366455,0.9234486994691822
NC_004603.1,DNABERT-2,24,0,0.4115273178807947,5.1408538818359375,5.228139877319336,0.9833045791559515
NC_004603.1,DNABERT-2,24,100000,0.3556498344370861,5.133028507232666,5.43112325668335,0.9451136099546519
NC_004603.1,DNABERT-2,24,250000,0.36258278145695366,5.170666694641113,5.492215156555176,0.9414537754351663
NC_004603.1,DNABERT-2,24,1000000,0.3400765728476821,5.058655738830566,5.475327968597412,0.9239000417588533
NC_004603.1,DNABERT-2,48,0,0.44194950331125826,7.252921104431152,7.297879695892334,0.9938394995074409
NC_004603.1,DNABERT-2,48,100000,0.3754656456953642,7.2433319091796875,7.645705699920654,0.9473725766419256
NC_004603.1,DNABERT-2,48,250000,0.37877690397350994,7.256647109985352,7.7252421379089355,0.939342350756345
NC_004603.1,DNABERT-2,48,1000000,0.35471854304635764,7.096285820007324,7.712006092071533,0.9201608161724338
NC_004603.1,NT-v2-50M,8,0,0.35927152317880795,3.071155309677124,3.3968918323516846,0.9041074786155167
NC_004603.1,NT-v2-50M,8,100000,0.3294184602649007,3.041099786758423,3.4659006595611572,0.8774342041134782
NC_004603.1,NT-v2-50M,8,250000,0.32471026490066224,3.0149707794189453,3.44808292388916,0.8743904499890336
NC_004603.1,NT-v2-50M,8,1000000,0.3150869205298013,2.9622185230255127,3.3824892044067383,0.8757510649749619
NC_004603.1,NT-v2-50M,16,0,0.3488203642384106,4.306876182556152,4.62277364730835,0.9316649507734104
NC_004603.1,NT-v2-50M,16,100000,0.3148799668874172,4.286373138427734,4.72589635848999,0.9069968558932402
NC_004603.1,NT-v2-50M,16,250000,0.32082988410596025,4.267910957336426,4.7279953956604,0.9026893218326177
NC_004603.1,NT-v2-50M,16,1000000,0.29780629139072845,4.1664276123046875,4.68892765045166,0.8885672637545083
NC_004603.1,NT-v2-50M,24,0,0.3853994205298013,5.280562877655029,5.487285137176514,0.9623270425440561
NC_004603.1,NT-v2-50M,24,100000,0.31068915562913907,5.25023889541626,5.658502101898193,0.927849597096557
NC_004603.1,NT-v2-50M,24,250000,0.30655008278145696,5.238701343536377,5.67791748046875,0.9226448537790104
NC_004603.1,NT-v2-50M,24,1000000,0.2808360927152318,5.132455825805664,5.662290096282959,0.9064275652663738
NC_004603.1,NT-v2-50M,48,0,0.4519867549668874,7.349362373352051,7.428890228271484,0.9892947866403005
NC_004603.1,NT-v2-50M,48,100000,0.37163700331125826,7.3739142417907715,7.700444221496582,0.9575959554652356
NC_004603.1,NT-v2-50M,48,250000,0.3688948675496689,7.330060958862305,7.718538284301758,0.9496695732883061
NC_004603.1,NT-v2-50M,48,1000000,0.3259519867549669,7.180502891540527,7.716669082641602,0.9305184419133428
NC_004603.1,compositional,11,0,0.6549845950704225,4.557912776766671,3.5790930773223044,1.273482605313151
NC_004578.1,DNABERT-S,8,0,0.7451745244935128,2.994316816329956,2.6199018955230713,1.1429118095783246
NC_004578.1,DNABERT-S,8,100000,0.6391408024934753,2.869645833969116,2.6702980995178223,1.0746537379056258
NC_004578.1,DNABERT-S,8,250000,0.6936057755496724,2.9212913513183594,2.638213872909546,1.1072989120842665
NC_004578.1,DNABERT-S,8,1000000,0.7363919713100133,3.0275232791900635,2.6488587856292725,1.142953824346976
NC_004578.1,DNABERT-S,16,0,0.8272169961884376,4.573194980621338,3.8079111576080322,1.2009720792682632
NC_004578.1,DNABERT-S,16,100000,0.7945276854616121,4.494688510894775,3.8507814407348633,1.1672146498236555
NC_004578.1,DNABERT-S,16,250000,0.8116139995118196,4.542023181915283,3.8270440101623535,1.1868228245754087
NC_004578.1,DNABERT-S,16,1000000,0.8086192005107118,4.625032901763916,3.84735107421875,1.2021343549218688
NC_004578.1,DNABERT-S,24,0,0.8077461086389155,5.714410781860352,4.740110397338867,1.2055438170951596
NC_004578.1,DNABERT-S,24,100000,0.7879748023808183,5.652270317077637,4.792235374450684,1.1794642531984432
NC_004578.1,DNABERT-S,24,250000,0.7963959143055633,5.712742805480957,4.765989780426025,1.1986477245384068
NC_004578.1,DNABERT-S,24,1000000,0.7939456242137479,5.773684501647949,4.783166408538818,1.2070841799149779
NC_004578.1,DNABERT-S,48,0,0.8123932105371862,8.275178909301758,6.8155317306518555,1.2141648276810675
NC_004578.1,DNABERT-S,48,100000,0.8080371392628476,8.23266315460205,6.867046356201172,1.1988652366046257
NC_004578.1,DNABERT-S,48,250000,0.8058684917103213,8.303125381469727,6.8437652587890625,1.213239359840183
NC_004578.1,DNABERT-S,48,1000000,0.7983674120805874,8.344901084899902,6.855811595916748,1.2172010517135623
NC_004578.1,DNABERT-2,8,0,0.6418633470399369,3.350950002670288,3.2135167121887207,1.042767255561575
NC_004578.1,DNABERT-2,8,100000,0.5814463283200961,3.0836024284362793,3.0184223651885986,1.0215940830545787
NC_004578.1,DNABERT-2,8,250000,0.6691451210124111,3.281142234802246,3.0377085208892822,1.0801372851407414
NC_004578.1,DNABERT-2,8,1000000,0.6705674158358211,3.410378932952881,3.102847099304199,1.0991127902234192
NC_004578.1,DNABERT-2,16,0,0.5959696952627724,4.51980447769165,4.459527969360352,1.0135163427038545
NC_004578.1,DNABERT-2,16,100000,0.5667305056422389,4.34569787979126,4.295817852020264,1.0116112995218218
NC_004578.1,DNABERT-2,16,250000,0.6239321053718621,4.497952938079834,4.314566135406494,1.0425041120979508
NC_004578.1,DNABERT-2,16,1000000,0.6230449313731012,4.587507724761963,4.372069358825684,1.049276063176213
NC_004578.1,DNABERT-2,24,0,0.6391689667474042,5.495041847229004,5.2996296882629395,1.0368727949801555
NC_004578.1,DNABERT-2,24,100000,0.6230730956270302,5.350074768066406,5.148770809173584,1.0390974790593044
NC_004578.1,DNABERT-2,24,250000,0.660221746559267,5.480867862701416,5.174901962280273,1.0591249655841444
NC_004578.1,DNABERT-2,24,1000000,0.6688869486847293,5.570369243621826,5.211557865142822,1.0688491594574612
NC_004578.1,DNABERT-2,48,0,0.6641882123209223,7.592494010925293,7.270378589630127,1.0443051785163713
NC_004578.1,DNABERT-2,48,100000,0.6386760923036482,7.500708103179932,7.190764904022217,1.0431029526475473
NC_004578.1,DNABERT-2,48,250000,0.6773690831596537,7.629364013671875,7.199263572692871,1.0597422828927106
NC_004578.1,DNABERT-2,48,1000000,0.6852691563867139,7.738303184509277,7.214785099029541,1.0725618404836694
NC_004578.1,NT-v2-50M,8,0,0.3590989316359676,2.6511473655700684,2.8881607055664062,0.9179362354942585
NC_004578.1,NT-v2-50M,8,100000,0.30687771080944065,2.5563907623291016,2.897860288619995,0.8821649450693475
NC_004578.1,NT-v2-50M,8,250000,0.3468521752192118,2.6345508098602295,2.9011776447296143,0.9080970324744682
NC_004578.1,NT-v2-50M,8,1000000,0.35268217578249683,2.6477575302124023,2.8954169750213623,0.914465015938807
NC_004578.1,NT-v2-50M,16,0,0.3521564430424905,3.8784680366516113,4.184973239898682,0.9267605344940053
NC_004578.1,NT-v2-50M,16,100000,0.3422614018287989,3.852318525314331,4.175166606903076,0.9226742039335726
NC_004578.1,NT-v2-50M,16,250000,0.3586436095307835,3.8991546630859375,4.18548059463501,0.931590668006898
NC_004578.1,NT-v2-50M,16,1000000,0.3910559717606414,3.954744577407837,4.173320770263672,0.9476253552295179
NC_004578.1,NT-v2-50M,24,0,0.364999342834075,4.8769211769104,5.155874729156494,0.94589597946036
NC_004578.1,NT-v2-50M,24,100000,0.3458382620777709,4.830735683441162,5.141573905944824,0.939544149672873
NC_004578.1,NT-v2-50M,24,250000,0.3823015828310708,4.90621280670166,5.141538143157959,0.954230557101
NC_004578.1,NT-v2-50M,24,1000000,0.4247967479674797,4.983417510986328,5.13361120223999,0.9707430724032768
NC_004578.1,NT-v2-50M,48,0,0.40425092472633734,6.993988513946533,7.168208122253418,0.9756955147875761
NC_004578.1,NT-v2-50M,48,100000,0.38771381362774365,6.954830169677734,7.185642242431641,0.9678787135559092
NC_004578.1,NT-v2-50M,48,250000,0.4369918699186992,7.053958415985107,7.169086456298828,0.9839410445088763
NC_004578.1,NT-v2-50M,48,1000000,0.4829324621190785,7.162294864654541,7.148949146270752,1.001866808409282
NC_004578.1,compositional,11,0,0.8077367205542725,5.309237695088368,2.805887823693982,1.892177459930917
NC_004631.1,DNABERT-S,8,0,0.7892126353686911,3.022735357284546,2.651205539703369,1.1401361803214796
NC_004631.1,DNABERT-S,8,100000,0.5382958147016862,2.738215208053589,2.6764168739318848,1.0230899508681235
NC_004631.1,DNABERT-S,8,250000,0.623859360188439,2.810797691345215,2.6379127502441406,1.0655385365134133
NC_004631.1,DNABERT-S,8,1000000,0.7214492947901606,3.006129741668701,2.669975519180298,1.1259016122333605
NC_004631.1,DNABERT-S,16,0,0.9293449639495581,4.645724296569824,3.801651954650879,1.2220277794989416
NC_004631.1,DNABERT-S,16,100000,0.7283721286517231,4.277915000915527,3.8123433589935303,1.122122169511224
NC_004631.1,DNABERT-S,16,250000,0.8362266246636728,4.408500671386719,3.780319929122925,1.1661713172539707
NC_004631.1,DNABERT-S,16,1000000,0.9026207187108017,4.651333332061768,3.812699794769287,1.2199579254687236
NC_004631.1,DNABERT-S,24,0,0.8401237109453547,5.677828311920166,4.790755748748779,1.1851633875100118
NC_004631.1,DNABERT-S,24,100000,0.6733820389325622,5.327165126800537,4.799654006958008,1.1099060722039134
NC_004631.1,DNABERT-S,24,250000,0.7518120972452291,5.447009563446045,4.765217304229736,1.1430768453331879
NC_004631.1,DNABERT-S,24,1000000,0.8224958587473788,5.708608150482178,4.789267063140869,1.191958618139451
NC_004631.1,DNABERT-S,48,0,0.8089374455413312,7.9402947425842285,6.840315341949463,1.160808288163112
NC_004631.1,DNABERT-S,48,100000,0.6796537625554162,7.627724647521973,6.871360778808594,1.1100748298715473
NC_004631.1,DNABERT-S,48,250000,0.7487576242136408,7.721223831176758,6.809992790222168,1.133807930349492
NC_004631.1,DNABERT-S,48,1000000,0.7851527715273323,7.967461109161377,6.845168113708496,1.1639540441972955
NC_004631.1,DNABERT-2,8,0,0.6929440715455251,3.6183981895446777,3.1135647296905518,1.1621400239539263
NC_004631.1,DNABERT-2,8,100000,0.6508134090408572,3.3662281036376953,2.967806339263916,1.1342478985581643
NC_004631.1,DNABERT-2,8,250000,0.6905790093549221,3.444472551345825,2.966708183288574,1.161041915328407
NC_004631.1,DNABERT-2,8,1000000,0.721861026264638,3.5548150539398193,2.9623026847839355,1.200017497266354
NC_004631.1,DNABERT-2,16,0,0.7921330562923102,5.271453380584717,4.248623371124268,1.240743864568487
NC_004631.1,DNABERT-2,16,100000,0.7313883010810345,4.965932369232178,4.173583507537842,1.1898485702426433
NC_004631.1,DNABERT-2,16,250000,0.7873550561582581,5.0870442390441895,4.135109901428223,1.2302077478732014
NC_004631.1,DNABERT-2,16,1000000,0.8047722550437105,5.225528717041016,4.144631862640381,1.2607944179901271
NC_004631.1,DNABERT-2,24,0,0.7878338136867202,6.189544200897217,5.119241237640381,1.209074531472983
NC_004631.1,DNABERT-2,24,100000,0.7266103009469824,5.9250688552856445,5.0509934425354,1.173050197489762
NC_004631.1,DNABERT-2,24,250000,0.7767170638758294,6.021812915802002,5.011006832122803,1.2017171633451942
NC_004631.1,DNABERT-2,24,1000000,0.805107385313634,6.211780548095703,5.031304359436035,1.2346262726972035
NC_004631.1,DNABERT-2,48,0,0.8007794172563364,8.357312202453613,7.0955095291137695,1.1778311576022142
NC_004631.1,DNABERT-2,48,100000,0.7588306826124841,8.150992393493652,7.0783586502075195,1.1515370718400495
NC_004631.1,DNABERT-2,48,250000,0.7921426314428794,8.19384479522705,7.0091166496276855,1.1690267411460895
NC_004631.1,DNABERT-2,48,1000000,0.8112163313768109,8.387514114379883,7.010655879974365,1.1963950674484614
NC_004631.1,NT-v2-50M,8,0,0.3975411013338185,2.785261392593384,3.018118381500244,0.9228469663966222
NC_004631.1,NT-v2-50M,8,100000,0.3743883872573896,2.731844663619995,3.0144355297088623,0.9062541350432662
NC_004631.1,NT-v2-50M,8,250000,0.3949558106801229,2.7529425621032715,2.9994068145751953,0.9178290016298338
NC_004631.1,NT-v2-50M,8,1000000,0.43980581594645574,2.8348448276519775,2.9829111099243164,0.9503618187683455
NC_004631.1,NT-v2-50M,16,0,0.6436033206622174,4.482091426849365,4.163054466247559,1.0766353078463027
NC_004631.1,NT-v2-50M,16,100000,0.5082681425165411,4.199120044708252,4.168409824371338,1.0073673706835065
NC_004631.1,NT-v2-50M,16,250000,0.5878663691986556,4.344686985015869,4.143106937408447,1.04865431924707
NC_004631.1,NT-v2-50M,16,1000000,0.6754215460038109,4.541105270385742,4.151853561401367,1.0937537182436154
NC_004631.1,NT-v2-50M,24,0,0.6499037697367791,5.443297863006592,5.076732158660889,1.072205050983504
NC_004631.1,NT-v2-50M,24,100000,0.5403831975257811,5.200401306152344,5.0868330001831055,1.0223259355998418
NC_004631.1,NT-v2-50M,24,250000,0.6019418405354424,5.315621376037598,5.057146072387695,1.0511109032545436
NC_004631.1,NT-v2-50M,24,1000000,0.6729607323075155,5.497467517852783,5.06074333190918,1.0862964504028398
NC_004631.1,NT-v2-50M,48,0,0.6351484627095761,7.438839435577393,7.118462085723877,1.0450065401761477
NC_004631.1,NT-v2-50M,48,100000,0.5174028361595986,7.209122180938721,7.137866973876953,1.009982703141225
NC_004631.1,NT-v2-50M,48,250000,0.5790093549221061,7.301005840301514,7.0989766120910645,1.0284589229194459
NC_004631.1,NT-v2-50M,48,1000000,0.6609247680419774,7.50966739654541,7.108901023864746,1.0563752922336775
NC_004631.1,compositional,11,0,0.8231182435343796,5.7516263638893905,2.971426187733116,1.9356450406319108
NC_004741.1,DNABERT-S,8,0,0.7530947638019351,2.9644296169281006,2.640740156173706,1.1225752787519252
NC_004741.1,DNABERT-S,8,100000,0.5432199772339215,2.7375857830047607,2.6509883403778076,1.0326660971336492
NC_004741.1,DNABERT-S,8,250000,0.729048093340922,2.8913328647613525,2.6218559741973877,1.1027809663139327
NC_004741.1,DNABERT-S,8,1000000,0.6693227091633466,2.939502239227295,2.7169857025146484,1.0818983097727386
NC_004741.1,DNABERT-S,16,0,0.9136667615253272,4.527904987335205,3.8376495838165283,1.1798641039112854
NC_004741.1,DNABERT-S,16,100000,0.757896983494593,4.255012035369873,3.8423891067504883,1.1073870753730979
NC_004741.1,DNABERT-S,16,250000,0.8790196357427433,4.419657230377197,3.8162131309509277,1.1581264145160317
NC_004741.1,DNABERT-S,16,1000000,0.8314954467842914,4.483824253082275,3.907686471939087,1.1474370539398202
NC_004741.1,DNABERT-S,24,0,0.8922524188958452,5.660590171813965,4.77590799331665,1.1852385305025408
NC_004741.1,DNABERT-S,24,100000,0.7782441661923734,5.338290691375732,4.769717216491699,1.1192048603883984
NC_004741.1,DNABERT-S,24,250000,0.8675654524758111,5.5233635902404785,4.758090019226074,1.1608362952197528
NC_004741.1,DNABERT-S,24,1000000,0.811041548093341,5.5935516357421875,4.873661518096924,1.1477103231260852
NC_004741.1,DNABERT-S,48,0,0.7778884462151394,7.685092449188232,6.909301280975342,1.1122821449904088
NC_004741.1,DNABERT-S,48,100000,0.6746585088218554,7.428401947021484,6.913151264190674,1.0745319555641362
NC_004741.1,DNABERT-S,48,250000,0.7354510529311327,7.545766353607178,6.883578777313232,1.0961981547267783
NC_004741.1,DNABERT-S,48,1000000,0.6925156516789983,7.6195478439331055,7.027421474456787,1.0842594074695213
NC_004741.1,DNABERT-2,8,0,0.7034362549800797,3.5581133365631104,3.109344244003296,1.1443291759750673
NC_004741.1,DNABERT-2,8,100000,0.702191235059761,3.388916492462158,3.0091443061828613,1.1262060398695344
NC_004741.1,DNABERT-2,8,250000,0.712898406374502,3.443208932876587,3.02783203125,1.1371862432722544
NC_004741.1,DNABERT-2,8,1000000,0.6862549800796812,3.5070080757141113,3.071981906890869,1.1416109150406843
NC_004741.1,DNABERT-2,16,0,0.6510742743312464,4.712475299835205,4.208601474761963,1.119724765600844
NC_004741.1,DNABERT-2,16,100000,0.6400113830392715,4.560166835784912,4.1405029296875,1.1013557804991303
NC_004741.1,DNABERT-2,16,250000,0.6629908935685828,4.624599456787109,4.156264305114746,1.1126817539240768
NC_004741.1,DNABERT-2,16,1000000,0.6222609561752988,4.725398540496826,4.2380852699279785,1.1149843005818354
NC_004741.1,DNABERT-2,24,0,0.726593625498008,5.972880840301514,5.114187240600586,1.1679042161154989
NC_004741.1,DNABERT-2,24,100000,0.6979937393284007,5.707736015319824,5.058202743530273,1.128411869733838
NC_004741.1,DNABERT-2,24,250000,0.7288346613545816,5.862536907196045,5.061464786529541,1.158268832136985
NC_004741.1,DNABERT-2,24,1000000,0.6927290836653387,5.938609600067139,5.14512300491333,1.1542211127695237
NC_004741.1,DNABERT-2,48,0,0.7615608992601024,8.172430992126465,7.070580005645752,1.155836011416447
NC_004741.1,DNABERT-2,48,100000,0.7247438816163916,7.920188903808594,7.020476341247559,1.1281554867260124
NC_004741.1,DNABERT-2,48,250000,0.7557626636311895,8.063368797302246,7.009824275970459,1.1502954253708353
NC_004741.1,DNABERT-2,48,1000000,0.6962862834376778,8.093301773071289,7.151049613952637,1.1317641758882773
NC_004741.1,NT-v2-50M,8,0,0.2727305065452476,2.4967570304870605,2.98541522026062,0.8363181823227589
NC_004741.1,NT-v2-50M,8,100000,0.25149402390438247,2.4968149662017822,2.992591142654419,0.8343321379970119
NC_004741.1,NT-v2-50M,8,250000,0.24469977233921458,2.4603607654571533,2.972759246826172,0.8276353922988974
NC_004741.1,NT-v2-50M,8,1000000,0.2807697780307342,2.527744770050049,2.9927592277526855,0.8446201574151275
NC_004741.1,NT-v2-50M,16,0,0.5425085372794536,4.277885913848877,4.223891735076904,1.012783040418291
NC_004741.1,NT-v2-50M,16,100000,0.4700839499146272,4.093110084533691,4.211767196655273,0.971827238643244
NC_004741.1,NT-v2-50M,16,250000,0.5298093340922027,4.208838939666748,4.190096855163574,1.0044729477983492
NC_004741.1,NT-v2-50M,16,1000000,0.5403742174160501,4.265177249908447,4.243648052215576,1.0050732759710435
NC_004741.1,NT-v2-50M,24,0,0.6455250426863973,5.451096057891846,5.103951454162598,1.0680148717805946
NC_004741.1,NT-v2-50M,24,100000,0.5756972111553785,5.22810697555542,5.103413105010986,1.0244334268025448
NC_004741.1,NT-v2-50M,24,250000,0.6308338076266363,5.345893859863281,5.063431739807129,1.0557847196468597
NC_004741.1,NT-v2-50M,24,1000000,0.6246087080250426,5.417438983917236,5.1398234367370605,1.054012662224136
NC_004741.1,NT-v2-50M,48,0,0.6528884462151394,7.55341100692749,7.125072956085205,1.0601170056057405
NC_004741.1,NT-v2-50M,48,100000,0.6279169038133181,7.42832088470459,7.1531267166137695,1.038471870972404
NC_004741.1,NT-v2-50M,48,250000,0.6514655663062038,7.478194236755371,7.092306613922119,1.054409326026001
NC_004741.1,NT-v2-50M,48,1000000,0.6132612407512806,7.535763263702393,7.219282627105713,1.0438382389142673
NC_004741.1,compositional,11,0,0.5234775184974388,3.8339679782685847,3.2932255800090005,1.1641984082542278
NC_004722.1,DNABERT-S,8,0,0.9006134969325154,3.524449110031128,2.6567840576171875,1.32658471053614
NC_004722.1,DNABERT-S,8,100000,0.8132157464212679,3.3285446166992188,2.7334353923797607,1.2177147577654466
NC_004722.1,DNABERT-S,8,250000,0.8683026584867075,3.601334571838379,2.760725259780884,1.3044885792526177
NC_004722.1,DNABERT-S,8,1000000,0.7980061349693252,3.6142356395721436,2.8892056941986084,1.2509443847592305
NC_004722.1,DNABERT-S,16,0,0.9038343558282208,4.881949424743652,3.9073309898376465,1.2494332928131338
NC_004722.1,DNABERT-S,16,100000,0.8392382413087934,4.766270160675049,3.9964427947998047,1.1926281459294121
NC_004722.1,DNABERT-S,16,250000,0.8636758691206544,4.961481094360352,4.035075664520264,1.2295881185043973
NC_004722.1,DNABERT-S,16,1000000,0.7599182004089979,4.924139022827148,4.236276626586914,1.1623742868733367
NC_004722.1,DNABERT-S,24,0,0.85,5.749730110168457,4.913722515106201,1.1701373230767769
NC_004722.1,DNABERT-S,24,100000,0.7666922290388548,5.6450910568237305,5.017236709594727,1.1251394709020455
NC_004722.1,DNABERT-S,24,250000,0.7901584867075665,5.845480918884277,5.081396579742432,1.1503689639552943
NC_004722.1,DNABERT-S,24,1000000,0.7140337423312884,5.814708232879639,5.279979228973389,1.1012748309637233
NC_004722.1,DNABERT-S,48,0,0.7983384458077709,7.827395439147949,7.044465065002441,1.1111412104284792
NC_004722.1,DNABERT-S,48,100000,0.7044222903885481,7.752479553222656,7.203076362609863,1.0762734091595456
NC_004722.1,DNABERT-S,48,250000,0.7291922290388548,7.893373012542725,7.2919111251831055,1.082483436376841
NC_004722.1,DNABERT-S,48,1000000,0.6484662576687117,7.804274082183838,7.559826374053955,1.0323350955478092
NC_004722.1,DNABERT-2,8,0,0.488420245398773,2.5863571166992188,2.8608789443969727,0.9040428368227867
NC_004722.1,DNABERT-2,8,100000,0.28622188139059307,2.7002265453338623,3.2749855518341064,0.8245002924735473
NC_004722.1,DNABERT-2,8,250000,0.38169734151329243,2.887363910675049,3.3098433017730713,0.87235667897882
NC_004722.1,DNABERT-2,8,1000000,0.41840490797546015,2.9333999156951904,3.2870426177978516,0.8924131070927266
NC_004722.1,DNABERT-2,16,0,0.6054192229038855,4.11505651473999,4.128143310546875,0.9968298591346261
NC_004722.1,DNABERT-2,16,100000,0.3996165644171779,4.197084426879883,4.477889537811279,0.9372907463303238
NC_004722.1,DNABERT-2,16,250000,0.4814672801635992,4.423570156097412,4.562639236450195,0.9695200358507895
NC_004722.1,DNABERT-2,16,1000000,0.46881390593047034,4.4394121170043945,4.632848262786865,0.958246820355366
NC_004722.1,DNABERT-2,24,0,0.6398773006134969,5.096911907196045,5.075135231018066,1.0042908563391344
NC_004722.1,DNABERT-2,24,100000,0.4290132924335378,5.084237098693848,5.369915008544922,0.946800292109561
NC_004722.1,DNABERT-2,24,250000,0.5149028629856851,5.318305492401123,5.459827423095703,0.9740794131887894
NC_004722.1,DNABERT-2,24,1000000,0.5090235173824131,5.385800838470459,5.576269149780273,0.9658430563170862
NC_004722.1,DNABERT-2,48,0,0.6161554192229038,7.159010410308838,7.141517639160156,1.0024494473069367
NC_004722.1,DNABERT-2,48,100000,0.43243865030674844,7.097762107849121,7.403337478637695,0.958724646597523
NC_004722.1,DNABERT-2,48,250000,0.4912321063394683,7.278110027313232,7.50534200668335,0.9697239673864599
NC_004722.1,DNABERT-2,48,1000000,0.46306237218813906,7.28551721572876,7.6952900886535645,0.9467501720917577
NC_004722.1,NT-v2-50M,8,0,0.5130879345603272,2.8505260944366455,2.828122854232788,1.0079215937066974
NC_004722.1,NT-v2-50M,8,100000,0.4820040899795501,2.920117139816284,2.953871250152588,0.9885729243159938
NC_004722.1,NT-v2-50M,8,250000,0.4852760736196319,2.956291437149048,2.9826009273529053,0.9911790109221191
NC_004722.1,NT-v2-50M,8,1000000,0.4381901840490798,2.884192705154419,3.070178508758545,0.9394218274039932
NC_004722.1,NT-v2-50M,16,0,0.6396983640081799,4.390644550323486,4.131195068359375,1.0628025250976945
NC_004722.1,NT-v2-50M,16,100000,0.5477505112474438,4.352429389953613,4.259795665740967,1.0217460487500951
NC_004722.1,NT-v2-50M,16,250000,0.6084100204498978,4.488532543182373,4.27450704574585,1.0500702174884773
NC_004722.1,NT-v2-50M,16,1000000,0.582898773006135,4.46494197845459,4.3391900062561035,1.028980517565993
NC_004722.1,NT-v2-50M,24,0,0.6418967280163599,5.38642692565918,5.068648338317871,1.0626949368215135
NC_004722.1,NT-v2-50M,24,100000,0.5815184049079755,5.332387924194336,5.184420108795166,1.028540861329534
NC_004722.1,NT-v2-50M,24,250000,0.6221625766871166,5.458158493041992,5.206362247467041,1.0483631821234594
NC_004722.1,NT-v2-50M,24,1000000,0.5804192229038855,5.422699928283691,5.3163862228393555,1.0199973630560566
NC_004722.1,NT-v2-50M,48,0,0.5513036809815951,7.205861568450928,7.098537921905518,1.0151191199830345
NC_004722.1,NT-v2-50M,48,100000,0.5121165644171779,7.206637859344482,7.253365516662598,0.9935577964172947
NC_004722.1,NT-v2-50M,48,250000,0.5295501022494887,7.25183629989624,7.2869110107421875,0.9951866146307755
NC_004722.1,NT-v2-50M,48,1000000,0.48458588957055215,7.198941230773926,7.486398696899414,0.9616027040819316
NC_004722.1,compositional,11,0,0.7566614826334889,4.721783297727239,3.0463146183125374,1.5499985685466735
NC_005071.1,DNABERT-S,8,0,0.7086111111111111,2.9815781116485596,2.6167683601379395,1.139412321345627
NC_005071.1,DNABERT-S,8,100000,0.6549074074074074,2.8504443168640137,2.6497745513916016,1.075730882601701
NC_005071.1,DNABERT-S,8,250000,0.725462962962963,3.0001721382141113,2.64591646194458,1.1338877025653242
NC_005071.1,DNABERT-S,8,1000000,0.7517592592592592,2.9419665336608887,2.5973219871520996,1.13269226850333
NC_005071.1,DNABERT-S,16,0,0.7110185185185185,4.268469333648682,3.910820245742798,1.0914511701976612
NC_005071.1,DNABERT-S,16,100000,0.6768518518518518,4.209463119506836,3.9548306465148926,1.0643851774579356
NC_005071.1,DNABERT-S,16,250000,0.6892592592592592,4.253372669219971,3.9480884075164795,1.0773245758940662
NC_005071.1,DNABERT-S,16,1000000,0.7623148148148148,4.380410671234131,3.880258083343506,1.1288967324203492
NC_005071.1,DNABERT-S,24,0,0.8312962962962963,5.522243022918701,4.832648754119873,1.1426948871901652
NC_005071.1,DNABERT-S,24,100000,0.7799074074074074,5.442034721374512,4.896161079406738,1.111490131373275
NC_005071.1,DNABERT-S,24,250000,0.8000925925925926,5.523653984069824,4.892902374267578,1.1289115460630181
NC_005071.1,DNABERT-S,24,1000000,0.8251851851851851,5.575170516967773,4.792947292327881,1.1632029682220801
NC_005071.1,DNABERT-S,48,0,0.8449074074074074,8.17844009399414,6.930704593658447,1.1800301085516418
NC_005071.1,DNABERT-S,48,100000,0.8477777777777777,8.074433326721191,6.979938507080078,1.1568057968606622
NC_005071.1,DNABERT-S,48,250000,0.8353703703703703,8.134417533874512,6.96339225769043,1.168168793721306
NC_005071.1,DNABERT-S,48,1000000,0.855462962962963,8.506784439086914,6.863210201263428,1.2394760162701888
NC_005071.1,DNABERT-2,8,0,0.8724074074074074,3.7137603759765625,2.6113033294677734,1.4221865127914832
NC_005071.1,DNABERT-2,8,100000,0.8533333333333334,3.7056593894958496,2.704465627670288,1.3702002168495007
NC_005071.1,DNABERT-2,8,250000,0.8369444444444445,3.8490707874298096,2.7703795433044434,1.3893658710888144
NC_005071.1,DNABERT-2,8,1000000,0.7994444444444444,3.539982557296753,2.805341958999634,1.2618720316574479
NC_005071.1,DNABERT-2,16,0,0.8951851851851852,5.021789073944092,3.807142496109009,1.3190441595176647
NC_005071.1,DNABERT-2,16,100000,0.8608333333333333,4.984472751617432,3.876276731491089,1.2858918743141572
NC_005071.1,DNABERT-2,16,250000,0.832962962962963,5.009697437286377,3.9339473247528076,1.2734531054253924
NC_005071.1,DNABERT-2,16,1000000,0.8049074074074074,4.7347798347473145,3.9558701515197754,1.1968997093922042
NC_005071.1,DNABERT-2,24,0,0.8239814814814815,5.736945152282715,4.785196781158447,1.198894301457308
NC_005071.1,DNABERT-2,24,100000,0.778425925925926,5.6414947509765625,4.842048168182373,1.1651050454325176
NC_005071.1,DNABERT-2,24,250000,0.7648148148148148,5.695925712585449,4.911691665649414,1.1596667910611496
NC_005071.1,DNABERT-2,24,1000000,0.7852777777777777,5.709956169128418,4.9354729652404785,1.1569217802108258
NC_005071.1,DNABERT-2,48,0,0.8050925925925926,7.81550407409668,6.7843756675720215,1.151985747406832
NC_005071.1,DNABERT-2,48,100000,0.7818518518518518,7.749847412109375,6.877405643463135,1.1268562324043634
NC_005071.1,DNABERT-2,48,250000,0.764537037037037,7.772360801696777,6.933770179748535,1.1209429502577852
NC_005071.1,DNABERT-2,48,1000000,0.774537037037037,7.777742862701416,6.898462295532227,1.1274603715292688
NC_005071.1,NT-v2-50M,8,0,0.7383333333333333,3.6258344650268555,2.9279568195343018,1.2383497054452985
NC_005071.1,NT-v2-50M,8,100000,0.7937037037037037,3.7969861030578613,3.002322196960449,1.2646830866127325
NC_005071.1,NT-v2-50M,8,250000,0.797962962962963,3.839785099029541,2.997711658477783,1.2809054160263555
NC_005071.1,NT-v2-50M,8,1000000,0.8489814814814814,4.073455810546875,2.9567062854766846,1.3777005279677776
NC_005071.1,NT-v2-50M,16,0,0.7540740740740741,5.0874481201171875,4.141443252563477,1.2284239599246354
NC_005071.1,NT-v2-50M,16,100000,0.7989814814814815,5.2055816650390625,4.202065467834473,1.2388149839373517
NC_005071.1,NT-v2-50M,16,250000,0.7917592592592593,5.189639091491699,4.218159198760986,1.2303089681906907
NC_005071.1,NT-v2-50M,16,1000000,0.822037037037037,5.274816989898682,4.162343502044678,1.2672709465971563
NC_005071.1,NT-v2-50M,24,0,0.7572222222222222,5.948607921600342,4.991123199462891,1.191837525116689
NC_005071.1,NT-v2-50M,24,100000,0.7907407407407407,6.065704345703125,5.04117488861084,1.203232278135585
NC_005071.1,NT-v2-50M,24,250000,0.7686111111111111,6.022939682006836,5.048390865325928,1.1930414745368554
NC_005071.1,NT-v2-50M,24,1000000,0.8092592592592592,6.1897664070129395,5.003748416900635,1.2370259036418412
NC_005071.1,NT-v2-50M,48,0,0.7090740740740741,7.972056865692139,7.004364490509033,1.1381556280365386
NC_005071.1,NT-v2-50M,48,100000,0.7367592592592592,8.046446800231934,7.072817325592041,1.137657941640447
NC_005071.1,NT-v2-50M,48,250000,0.7198148148148148,8.027586936950684,7.107019424438477,1.1295293367774832
NC_005071.1,NT-v2-50M,48,1000000,0.7880555555555555,8.470728874206543,7.021517276763916,1.2063957888757828
NC_005071.1,compositional,11,0,0.8050925925925926,4.612455997582205,2.695704262325534,1.7110393235803711
NC_005139.1,DNABERT-S,8,0,0.4639941955378197,2.728283405303955,2.8918662071228027,0.9434334820138167
NC_005139.1,DNABERT-S,8,100000,0.3827317250136042,2.6229703426361084,2.9046595096588135,0.9030216222982388
NC_005139.1,DNABERT-S,8,250000,0.45184110284781426,2.8105368614196777,2.9499104022979736,0.9527532969239594
NC_005139.1,DNABERT-S,8,1000000,0.43043714855795395,2.7746424674987793,2.9463486671447754,0.9417223760511713
NC_005139.1,DNABERT-S,16,0,0.5046254307999275,4.1970038414001465,4.215651035308838,0.9955766751677241
NC_005139.1,DNABERT-S,16,100000,0.4128423725739162,4.0568108558654785,4.3494768142700195,0.9327123764760982
NC_005139.1,DNABERT-S,16,250000,0.45601306003990566,4.2108354568481445,4.403548240661621,0.956236931383197
NC_005139.1,DNABERT-S,16,1000000,0.46091057500453475,4.2047319412231445,4.430866241455078,0.9489638621639654
NC_005139.1,DNABERT-S,24,0,0.5356430255759115,5.2846245765686035,5.2068681716918945,1.0149334306751698
NC_005139.1,DNABERT-S,24,100000,0.4315254852167604,5.14773416519165,5.352662086486816,0.9617147658522063
NC_005139.1,DNABERT-S,24,250000,0.47596589878469076,5.2750396728515625,5.403949737548828,0.9761452139716351
NC_005139.1,DNABERT-S,24,1000000,0.4788681298748413,5.295844078063965,5.408083438873291,0.9792460005327304
NC_005139.1,DNABERT-S,48,0,0.49646290585887903,7.338510990142822,7.598349571228027,0.9658032867993976
NC_005139.1,DNABERT-S,48,100000,0.4291674224560131,7.272707462310791,7.807371616363525,0.9315180344519367
NC_005139.1,DNABERT-S,48,250000,0.4338835479775077,7.335386753082275,7.857362747192383,0.9335685508096694
NC_005139.1,DNABERT-S,48,1000000,0.4411391257028841,7.346260070800781,7.862910747528076,0.9342926947390674
NC_005139.1,DNABERT-2,8,0,0.43986939960094323,2.6790990829467773,3.117593288421631,0.8593484893929658
NC_005139.1,DNABERT-2,8,100000,0.37003446399419554,2.7506911754608154,3.3615009784698486,0.8182925404689089
NC_005139.1,DNABERT-2,8,250000,0.40068927988391073,2.836181163787842,3.36773419380188,0.8421630094820635
NC_005139.1,DNABERT-2,8,1000000,0.3471793941592599,2.68843412399292,3.2709052562713623,0.8219235695801153
NC_005139.1,DNABERT-2,16,0,0.3754761472882278,3.832932233810425,4.391324520111084,0.8728419446699116
NC_005139.1,DNABERT-2,16,100000,0.3765644839470343,3.999575614929199,4.617873191833496,0.8661077185926784
NC_005139.1,DNABERT-2,16,250000,0.37384364230001815,4.031088352203369,4.605784893035889,0.8752228872647784
NC_005139.1,DNABERT-2,16,1000000,0.36586250680210414,3.9268856048583984,4.507931232452393,0.8711059247286044
NC_005139.1,DNABERT-2,24,0,0.3899873027389806,4.778240203857422,5.352137565612793,0.8927723073781526
NC_005139.1,DNABERT-2,24,100000,0.3575185924179213,4.928080081939697,5.606908321380615,0.8789300269361695
NC_005139.1,DNABERT-2,24,250000,0.36676945401777616,4.926387310028076,5.599189281463623,0.8798393950240458
NC_005139.1,DNABERT-2,24,1000000,0.3604208235080718,4.830864906311035,5.529751777648926,0.8736133375529136
NC_005139.1,DNABERT-2,48,0,0.3916198077271903,6.824248790740967,7.419448375701904,0.9197784586101888
NC_005139.1,DNABERT-2,48,100000,0.36985307455106115,6.934005260467529,7.738532066345215,0.8960362509349075
NC_005139.1,DNABERT-2,48,250000,0.38400145111554507,6.9379658699035645,7.771616458892822,0.8927313779059005
NC_005139.1,DNABERT-2,48,1000000,0.3927081443859967,6.957054138183594,7.728723526000977,0.9001556485723248
NC_005139.1,NT-v2-50M,8,0,0.26446580808996917,2.4695193767547607,3.0820043087005615,0.801270578948659
NC_005139.1,NT-v2-50M,8,100000,0.29421367676401233,2.539067029953003,3.196993827819824,0.7942045454884435
NC_005139.1,NT-v2-50M,8,250000,0.31797569381462,2.580805778503418,3.2107174396514893,0.8038096864679423
NC_005139.1,NT-v2-50M,8,1000000,0.2824233629602757,2.5132193565368652,3.1983156204223633,0.7857946665704538
NC_005139.1,NT-v2-50M,16,0,0.2893161617993833,3.7068262100219727,4.3141021728515625,0.8592346823283074
NC_005139.1,NT-v2-50M,16,100000,0.30237620170506074,3.785701036453247,4.4396653175354,0.8526996441602969
NC_005139.1,NT-v2-50M,16,250000,0.33865409033194266,3.8549675941467285,4.467440128326416,0.8629030235243174
NC_005139.1,NT-v2-50M,16,1000000,0.3016506439325231,3.788058280944824,4.478086948394775,0.8459099442682103
NC_005139.1,NT-v2-50M,24,0,0.22982042445129694,4.665046691894531,5.2943115234375,0.8811432178183579
NC_005139.1,NT-v2-50M,24,100000,0.21476510067114093,4.736298084259033,5.484216213226318,0.863623515213801
NC_005139.1,NT-v2-50M,24,250000,0.2463268637765282,4.762704372406006,5.490108013153076,0.8675064973212961
NC_005139.1,NT-v2-50M,24,1000000,0.2793397424269907,4.8087849617004395,5.4914960861206055,0.8756784829282364
NC_005139.1,NT-v2-50M,48,0,0.22492290948666788,6.651673793792725,7.332901477813721,0.9070998449819482
NC_005139.1,NT-v2-50M,48,100000,0.18229639035008163,6.707006454467773,7.616702556610107,0.8805656259541264
NC_005139.1,NT-v2-50M,48,250000,0.22401596227099582,6.7413129806518555,7.618772983551025,0.8848292231841517
NC_005139.1,NT-v2-50M,48,1000000,0.2729911119172864,6.819451808929443,7.613954067230225,0.8956518188466296
NC_005139.1,compositional,11,0,0.5507722007722008,4.92778049587225,3.3705809043327117,1.4619973932498807
NC_006086.1,DNABERT-S,8,0,0.6988658085892698,3.062654972076416,2.7571609020233154,1.1108002328877205
NC_006086.1,DNABERT-S,8,100000,0.45992098891296035,2.759622573852539,2.7580950260162354,1.000553841626882
NC_006086.1,DNABERT-S,8,250000,0.5447941888619855,2.9039273262023926,2.802243232727051,1.0362866764340033
NC_006086.1,DNABERT-S,8,1000000,0.5549891678348413,3.079495668411255,2.9590260982513428,1.0407125743943606
NC_006086.1,DNABERT-S,16,0,0.7729068433796356,4.436798095703125,3.9872708320617676,1.1127405893842712
NC_006086.1,DNABERT-S,16,100000,0.5611061552185549,4.188587665557861,4.019701957702637,1.0420144850619093
NC_006086.1,DNABERT-S,16,250000,0.637950809226456,4.3175225257873535,4.050119876861572,1.0660233911725574
NC_006086.1,DNABERT-S,16,1000000,0.5189244297183637,4.337617874145508,4.276020526885986,1.0144052973722228
NC_006086.1,DNABERT-S,24,0,0.7527717599082452,5.355472087860107,4.903642654418945,1.0921415905039478
NC_006086.1,DNABERT-S,24,100000,0.5807314897413024,5.177502632141113,4.938012599945068,1.0484992752344757
NC_006086.1,DNABERT-S,24,250000,0.6198547215496368,5.259303569793701,4.99252986907959,1.0534345727937113
NC_006086.1,DNABERT-S,24,1000000,0.4726647126290302,5.290024757385254,5.313020706176758,0.9956717750478989
NC_006086.1,DNABERT-S,48,0,0.6705747419395948,7.670795440673828,7.067991256713867,1.0852864925925536
NC_006086.1,DNABERT-S,48,100000,0.5676054543137504,7.428166389465332,7.07700252532959,1.049620423742803
NC_006086.1,DNABERT-S,48,250000,0.574996814069071,7.53162956237793,7.185288906097412,1.0482013542958049
NC_006086.1,DNABERT-S,48,1000000,0.41289664840066265,7.435287952423096,7.739016532897949,0.9607535945706115
NC_006086.1,DNABERT-2,8,0,0.699630432012234,3.2182562351226807,2.9150941371917725,1.1039973612045875
NC_006086.1,DNABERT-2,8,100000,0.42857142857142855,3.154892921447754,3.158806324005127,0.9987611134852956
NC_006086.1,DNABERT-2,8,250000,0.38435070727666626,3.3041486740112305,3.480316162109375,0.9493817573196075
NC_006086.1,DNABERT-2,8,1000000,0.3491780298203135,3.224698543548584,3.652972459793091,0.8827601573900821
NC_006086.1,DNABERT-2,16,0,0.5950044603033007,4.485393524169922,4.138182640075684,1.083904195221284
NC_006086.1,DNABERT-2,16,100000,0.4864279342423856,4.4889750480651855,4.250153064727783,1.0561913840984687
NC_006086.1,DNABERT-2,16,250000,0.435580476615267,4.57865571975708,4.539767265319824,1.0085661779920598
NC_006086.1,DNABERT-2,16,1000000,0.3253472664712629,4.410531044006348,4.8837890625,0.903096138584783
NC_006086.1,DNABERT-2,24,0,0.5585574104753409,5.353422164916992,5.047384262084961,1.0606329708500564
NC_006086.1,DNABERT-2,24,100000,0.4456480183509621,5.306276321411133,5.136279106140137,1.03309734766317
NC_006086.1,DNABERT-2,24,250000,0.4015547342933605,5.385059833526611,5.409943103790283,0.9954004561995785
NC_006086.1,DNABERT-2,24,1000000,0.2848222250541608,5.200800895690918,5.854345321655273,0.8883659247863481
NC_006086.1,DNABERT-2,48,0,0.5929654645087294,7.453581809997559,7.041882038116455,1.0584644516412864
NC_006086.1,DNABERT-2,48,100000,0.4577545558812285,7.3142476081848145,7.149380683898926,1.0230603085183567
NC_006086.1,DNABERT-2,48,250000,0.39875111507582517,7.383718013763428,7.422662258148193,0.9947533320215378
NC_006086.1,DNABERT-2,48,1000000,0.2836752899197145,7.145434379577637,7.960452079772949,0.8976166564376129
NC_006086.1,NT-v2-50M,8,0,0.4578819931183892,2.81146502494812,3.0270028114318848,0.9287949830539446
NC_006086.1,NT-v2-50M,8,100000,0.5199439276156493,2.89467191696167,3.012923002243042,0.9607520387366895
NC_006086.1,NT-v2-50M,8,250000,0.4550783739008538,2.8158085346221924,3.047727346420288,0.9239043439792946
NC_006086.1,NT-v2-50M,8,1000000,0.318975404613228,2.718338966369629,3.1845991611480713,0.8535890480451072
NC_006086.1,NT-v2-50M,16,0,0.49751497387536636,4.338573455810547,4.3100738525390625,1.0066123236507178
NC_006086.1,NT-v2-50M,16,100000,0.4320122339747674,4.210392475128174,4.278464317321777,0.9840896552723349
NC_006086.1,NT-v2-50M,16,250000,0.41264177392634127,4.240952491760254,4.320554733276367,0.9815759210494368
NC_006086.1,NT-v2-50M,16,1000000,0.3471390340257423,4.259232044219971,4.525650501251221,0.9411314556973428
NC_006086.1,NT-v2-50M,24,0,0.5022301516503123,5.248572826385498,5.165238380432129,1.0161337076463057
NC_006086.1,NT-v2-50M,24,100000,0.42092519434178666,5.1011857986450195,5.155972003936768,0.9893742236672509
NC_006086.1,NT-v2-50M,24,250000,0.4108576526060915,5.106969833374023,5.203166484832764,0.9815119020813281
NC_006086.1,NT-v2-50M,24,1000000,0.2924684592838027,5.094132423400879,5.507403373718262,0.9249608350298903
NC_006086.1,NT-v2-50M,48,0,0.6059640626991207,7.4775471687316895,7.189778804779053,1.0400246477348312
NC_006086.1,NT-v2-50M,48,100000,0.5287370969797375,7.403868675231934,7.239755153656006,1.0226683800892151
NC_006086.1,NT-v2-50M,48,250000,0.4803109468586721,7.3590312004089355,7.289233207702637,1.0095754917859594
NC_006086.1,NT-v2-50M,48,1000000,0.2655792022428954,7.238678932189941,7.770324230194092,0.9315800367842733
NC_006086.1,compositional,11,0,0.7616923665094941,5.4290587517415325,2.9822958111373805,1.8204293254434112
NC_005773.3,DNABERT-S,8,0,0.7597135323355659,3.0010008811950684,2.5728490352630615,1.166411569456204
NC_005773.3,DNABERT-S,8,100000,0.6409736960576243,2.8403353691101074,2.6092684268951416,1.0885562174566763
NC_005773.3,DNABERT-S,8,250000,0.6900995011162867,2.893447160720825,2.598733425140381,1.1134066821665343
NC_005773.3,DNABERT-S,8,1000000,0.745022647299321,2.9800429344177246,2.58894419670105,1.151064954669564
NC_005773.3,DNABERT-S,16,0,0.8163685308196209,4.654666900634766,3.832388401031494,1.2145603246742824
NC_005773.3,DNABERT-S,16,100000,0.7948512995782917,4.552776336669922,3.85721755027771,1.1803265637278182
NC_005773.3,DNABERT-S,16,250000,0.791984785424878,4.566366195678711,3.8604559898376465,1.1828566904270683
NC_005773.3,DNABERT-S,16,1000000,0.7898992126273624,4.604486465454102,3.8800976276397705,1.1866934565393836
NC_005773.3,DNABERT-S,24,0,0.7906066536203522,5.8540778160095215,4.826257228851318,1.2129643196417095
NC_005773.3,DNABERT-S,24,100000,0.7875747636503955,5.780483245849609,4.831296920776367,1.1964661540447636
NC_005773.3,DNABERT-S,24,250000,0.7775695267495383,5.7856245040893555,4.832921504974365,1.1971277617760612
NC_005773.3,DNABERT-S,24,1000000,0.7787914702828845,5.8067851066589355,4.8534345626831055,1.1964280205415592
NC_005773.3,DNABERT-S,48,0,0.767380538941411,8.453887939453125,6.961589813232422,1.214361685513872
NC_005773.3,DNABERT-S,48,100000,0.7679501667539483,8.416607856750488,6.973263263702393,1.2069826619856834
NC_005773.3,DNABERT-S,48,250000,0.7598008140165192,8.38554859161377,6.966745376586914,1.2036536629851604
NC_005773.3,DNABERT-S,48,1000000,0.7700633021875546,8.403120994567871,6.967942237854004,1.205968807967024
NC_005773.3,DNABERT-2,8,0,0.6501796165118565,3.5932836532592773,3.2436351776123047,1.1077952533195656
NC_005773.3,DNABERT-2,8,100000,0.6002728700972961,3.319707155227661,3.080569267272949,1.077627823693251
NC_005773.3,DNABERT-2,8,250000,0.6399906287037292,3.439040184020996,3.129162549972534,1.0990289347708004
NC_005773.3,DNABERT-2,8,1000000,0.6525867533970949,3.518577814102173,3.1762535572052,1.1077761112995606
NC_005773.3,DNABERT-2,16,0,0.6067133393971132,4.782520771026611,4.441277027130127,1.0768346000062485
NC_005773.3,DNABERT-2,16,100000,0.5977738577584227,4.645752906799316,4.30027437210083,1.0803387190686877
NC_005773.3,DNABERT-2,16,250000,0.6169207022959676,4.728637218475342,4.355307102203369,1.085718436728171
NC_005773.3,DNABERT-2,16,1000000,0.6344091948953998,4.776643753051758,4.38968563079834,1.0881516707115637
NC_005773.3,DNABERT-2,24,0,0.6419935135929734,5.818815231323242,5.299435615539551,1.0980065904113852
NC_005773.3,DNABERT-2,24,100000,0.6251343678509412,5.686790943145752,5.182962417602539,1.0972086009792574
NC_005773.3,DNABERT-2,24,250000,0.6371884273678601,5.759224891662598,5.231400489807129,1.1008954299874159
NC_005773.3,DNABERT-2,24,1000000,0.6550765781906048,5.816709995269775,5.258813381195068,1.106087927757559
NC_005773.3,DNABERT-2,48,0,0.6847615372600903,7.982828617095947,7.222733497619629,1.105236489720522
NC_005773.3,DNABERT-2,48,100000,0.6743796109993293,7.925564765930176,7.15949821472168,1.1070000338338344
NC_005773.3,DNABERT-2,48,250000,0.6800391389432485,7.94074010848999,7.1820173263549805,1.1056420150019433
NC_005773.3,DNABERT-2,48,1000000,0.6990665453910678,7.990251064300537,7.196639060974121,1.1102753655702993
NC_005773.3,NT-v2-50M,8,0,0.5368558382257013,2.9160385131835938,2.8567819595336914,1.0207424138381127
NC_005773.3,NT-v2-50M,8,100000,0.43100612809275746,2.7443251609802246,2.857409954071045,0.960424022135954
NC_005773.3,NT-v2-50M,8,250000,0.5002250948614059,2.86909818649292,2.862600326538086,1.0022699151867605
NC_005773.3,NT-v2-50M,8,1000000,0.5418998006302657,2.9252870082855225,2.8482611179351807,1.0270431281266028
NC_005773.3,NT-v2-50M,16,0,0.4881388789357147,4.159146308898926,4.156764984130859,1.0005728793369741
NC_005773.3,NT-v2-50M,16,100000,0.4251444741508411,4.033193588256836,4.164087295532227,0.9685660510970002
NC_005773.3,NT-v2-50M,16,250000,0.4712337954668651,4.12509298324585,4.168740272521973,0.9895298611995998
NC_005773.3,NT-v2-50M,16,1000000,0.49784092683957626,4.168424129486084,4.156276702880859,1.0029226703305882
NC_005773.3,NT-v2-50M,24,0,0.5125134367850941,5.1615447998046875,5.0829057693481445,1.01547127450813
NC_005773.3,NT-v2-50M,24,100000,0.4703334160212416,5.075350761413574,5.0796918869018555,0.9991453959049219
NC_005773.3,NT-v2-50M,24,250000,0.5084525417344248,5.142953872680664,5.08436393737793,1.0115235526064545
NC_005773.3,NT-v2-50M,24,1000000,0.5327627867662597,5.188608646392822,5.080713272094727,1.0212362651698335
NC_005773.3,NT-v2-50M,48,0,0.4621289380116314,7.137823581695557,7.163778781890869,0.9963768841856306
NC_005773.3,NT-v2-50M,48,100000,0.4336383598394017,7.087772369384766,7.193484783172607,0.9853044224080199
NC_005773.3,NT-v2-50M,48,250000,0.46040167948329247,7.112244606018066,7.183287620544434,0.9901099582420754
NC_005773.3,NT-v2-50M,48,1000000,0.47883189548248395,7.146543025970459,7.171535968780518,0.9965149804841168
NC_005773.3,compositional,11,0,0.8426540981046093,7.06047294689784,3.199169529294165,2.2069705535284956
NC_005945.1,DNABERT-S,8,0,0.8791078305519897,3.3649048805236816,2.643839120864868,1.2727343558722037
NC_005945.1,DNABERT-S,8,100000,0.8498716302952504,3.258488178253174,2.6646878719329834,1.222840473203131
NC_005945.1,DNABERT-S,8,250000,0.875609756097561,3.3711414337158203,2.6526880264282227,1.2708397671078484
NC_005945.1,DNABERT-S,8,1000000,0.829204107830552,3.380316972732544,2.740140438079834,1.2336290964346763
NC_005945.1,DNABERT-S,16,0,0.905864890885751,4.73549222946167,3.8495566844940186,1.2301396284242787
NC_005945.1,DNABERT-S,16,100000,0.8825577663671373,4.678601264953613,3.8792648315429688,1.2060535869866638
NC_005945.1,DNABERT-S,16,250000,0.8934050064184852,4.768078804016113,3.8839471340179443,1.2276374109869859
NC_005945.1,DNABERT-S,16,1000000,0.8383344030808729,4.7683000564575195,3.9970741271972656,1.1929476173615612
NC_005945.1,DNABERT-S,24,0,0.9020699614890886,5.766180515289307,4.782768726348877,1.2056155848646182
NC_005945.1,DNABERT-S,24,100000,0.8552792041078305,5.741410255432129,4.828252792358398,1.189127931437014
NC_005945.1,DNABERT-S,24,250000,0.8677952503209243,5.780385494232178,4.839012145996094,1.1945383313441353
NC_005945.1,DNABERT-S,24,1000000,0.8150513478818999,5.706555366516113,4.961759567260742,1.1501071926519313
NC_005945.1,DNABERT-S,48,0,0.8801347881899871,8.1146240234375,6.873576641082764,1.1805533635774286
NC_005945.1,DNABERT-S,48,100000,0.8604942233632863,8.137974739074707,6.941352367401123,1.172390379905408
NC_005945.1,DNABERT-S,48,250000,0.8553915275994866,8.127037048339844,6.957653999328613,1.1680714575809708
NC_005945.1,DNABERT-S,48,1000000,0.8023106546854942,8.056601524353027,7.081508636474609,1.1376956433910175
NC_005945.1,DNABERT-2,8,0,0.4022946084724005,2.4960601329803467,2.753105401992798,0.90663442495649
NC_005945.1,DNABERT-2,8,100000,0.3959403080872914,2.877225399017334,3.1419692039489746,0.9157395290192857
NC_005945.1,DNABERT-2,8,250000,0.3864409499358151,2.8201675415039062,3.1459734439849854,0.896437173332149
NC_005945.1,DNABERT-2,8,1000000,0.394913350449294,2.845435619354248,3.101410388946533,0.9174650441281224
NC_005945.1,DNABERT-2,16,0,0.5196405648267008,3.986088991165161,4.049914360046387,0.9842403164099266
NC_005945.1,DNABERT-2,16,100000,0.4961007702182285,4.318460941314697,4.338905334472656,0.9952881218690051
NC_005945.1,DNABERT-2,16,250000,0.5172657252888319,4.342174530029297,4.359724044799805,0.9959746271575513
NC_005945.1,DNABERT-2,16,1000000,0.5035783055198974,4.303528785705566,4.364066123962402,0.9861282261686103
NC_005945.1,DNABERT-2,24,0,0.6447849807445443,5.248222351074219,4.961594581604004,1.0577692846031674
NC_005945.1,DNABERT-2,24,100000,0.5946566110397946,5.454098224639893,5.2140212059021,1.0460445037058985
NC_005945.1,DNABERT-2,24,250000,0.6112323491655969,5.47615909576416,5.22924280166626,1.0472183647734281
NC_005945.1,DNABERT-2,24,1000000,0.5836649550706033,5.414108753204346,5.257579326629639,1.0297721473800472
NC_005945.1,DNABERT-2,48,0,0.6475609756097561,7.333539009094238,6.998337745666504,1.0478972686957408
NC_005945.1,DNABERT-2,48,100000,0.5627406931964056,7.466671943664551,7.2282586097717285,1.0329835091360062
NC_005945.1,DNABERT-2,48,250000,0.5568196405648267,7.427767276763916,7.242369174957275,1.0255990957279162
NC_005945.1,DNABERT-2,48,1000000,0.5565468549422337,7.3567214012146,7.2838897705078125,1.009999002319019
NC_005945.1,NT-v2-50M,8,0,0.4493100128369705,2.821638584136963,2.9114863872528076,0.9691402290221173
NC_005945.1,NT-v2-50M,8,100000,0.46161745827984596,2.9033169746398926,2.9655227661132812,0.9790236675353811
NC_005945.1,NT-v2-50M,8,250000,0.448395378690629,2.8536152839660645,2.963299036026001,0.9629859319878056
NC_005945.1,NT-v2-50M,8,1000000,0.4413671373555841,2.8616297245025635,3.003317356109619,0.9528229571480943
NC_005945.1,NT-v2-50M,16,0,0.3727214377406932,3.865985870361328,4.155062675476074,0.930427811156513
NC_005945.1,NT-v2-50M,16,100000,0.4046132862644416,3.989719867706299,4.203172206878662,0.9492163707156609
NC_005945.1,NT-v2-50M,16,250000,0.3993100128369705,3.96028470993042,4.2009663581848145,0.9427080276933257
NC_005945.1,NT-v2-50M,16,1000000,0.3907172657252888,3.9328460693359375,4.245425701141357,0.9263726057621536
NC_005945.1,NT-v2-50M,24,0,0.4699293966623877,5.015219688415527,5.070692539215088,0.9890601036504281
NC_005945.1,NT-v2-50M,24,100000,0.47136553273427473,5.052038669586182,5.122318267822266,0.9862797283258302
NC_005945.1,NT-v2-50M,24,250000,0.47853016688061617,5.05398416519165,5.116151332855225,0.9878488411270508
NC_005945.1,NT-v2-50M,24,1000000,0.44788992297817715,4.984553337097168,5.1786417961120605,0.962521358561504
NC_005945.1,NT-v2-50M,48,0,0.4542362002567394,6.980295658111572,7.087904453277588,0.9848179675847274
NC_005945.1,NT-v2-50M,48,100000,0.43031129653401795,6.9954423904418945,7.164625644683838,0.9763863092599293
NC_005945.1,NT-v2-50M,48,250000,0.44635750962772786,6.983311653137207,7.165729999542236,0.97454295006696
NC_005945.1,NT-v2-50M,48,1000000,0.42374839537869063,6.9381866455078125,7.259477615356445,0.9557418609337696
NC_005945.1,compositional,11,0,0.4935442220787605,2.930449721288899,2.972906136031657,0.9857188848890365
NC_006155.1,DNABERT-S,8,0,0.5557501080847385,2.775575637817383,2.6835358142852783,1.0342979672721893
NC_006155.1,DNABERT-S,8,100000,0.5696930393428448,2.775402069091797,2.6832778453826904,1.0343327187930356
NC_006155.1,DNABERT-S,8,250000,0.5287505404236922,2.751911163330078,2.7236227989196777,1.0103863003429185
NC_006155.1,DNABERT-S,8,1000000,0.501686121919585,2.7302348613739014,2.7518787384033203,0.9921348725409401
NC_006155.1,DNABERT-S,16,0,0.6239948119325551,4.080184459686279,3.8748788833618164,1.0529837402676032
NC_006155.1,DNABERT-S,16,100000,0.5739083441418071,4.0032806396484375,3.8758227825164795,1.0328853676455254
NC_006155.1,DNABERT-S,16,250000,0.5520968439256377,4.0023603439331055,3.9511396884918213,1.0129635141957827
NC_006155.1,DNABERT-S,16,1000000,0.5528102031993083,4.013734817504883,3.9814279079437256,1.0081144027489983
NC_006155.1,DNABERT-S,24,0,0.6137267617812365,5.091647624969482,4.846636772155762,1.050552757372148
NC_006155.1,DNABERT-S,24,100000,0.5847168179853005,5.035504341125488,4.85638952255249,1.0368823006765027
NC_006155.1,DNABERT-S,24,250000,0.5557933419801124,5.02600622177124,4.926275253295898,1.0202447007825268
NC_006155.1,DNABERT-S,24,1000000,0.5396670990056204,5.030433654785156,4.977998733520508,1.0105333335887705
NC_006155.1,DNABERT-S,48,0,0.5750540423692174,7.2779974937438965,7.096545696258545,1.0255690310824064
NC_006155.1,DNABERT-S,48,100000,0.5447903156074362,7.245792865753174,7.149700164794922,1.0134401022061612
NC_006155.1,DNABERT-S,48,250000,0.5196714223951578,7.212609767913818,7.236563682556152,0.9966898771719407
NC_006155.1,DNABERT-S,48,1000000,0.5046908776480761,7.171727180480957,7.2865095138549805,0.9842472814787698
NC_006155.1,DNABERT-2,8,0,0.5215304798962387,3.0267598628997803,3.172244071960449,0.9541383935912726
NC_006155.1,DNABERT-2,8,100000,0.4769995676610463,2.921983480453491,3.1774203777313232,0.9196087181072925
NC_006155.1,DNABERT-2,8,250000,0.47068741893644617,2.9141292572021484,3.213129997253418,0.9069440886902007
NC_006155.1,DNABERT-2,8,1000000,0.47055771725032425,2.93156099319458,3.204313039779663,0.9148797126875475
NC_006155.1,DNABERT-2,16,0,0.5362516212710765,4.258527755737305,4.377156734466553,0.9728981651958813
NC_006155.1,DNABERT-2,16,100000,0.4958063121487246,4.19974422454834,4.398979187011719,0.954708819025188
NC_006155.1,DNABERT-2,16,250000,0.48071768266320797,4.153481960296631,4.441921710968018,0.9350641975613461
NC_006155.1,DNABERT-2,16,1000000,0.4674664937310852,4.133832931518555,4.438492774963379,0.9313596171287363
NC_006155.1,DNABERT-2,24,0,0.548465196714224,5.179731369018555,5.254179000854492,0.9858307774014113
NC_006155.1,DNABERT-2,24,100000,0.5084954604409857,5.13317346572876,5.288451671600342,0.9706382481085256
NC_006155.1,DNABERT-2,24,250000,0.4990704712494596,5.11020565032959,5.343921184539795,0.9562651607051477
NC_006155.1,DNABERT-2,24,1000000,0.47347600518806743,5.053009986877441,5.346795558929443,0.945053898393148
NC_006155.1,DNABERT-2,48,0,0.5399048854301772,7.234659194946289,7.254406929016113,0.9972778292887269
NC_006155.1,DNABERT-2,48,100000,0.5117380025940337,7.194337844848633,7.294061183929443,0.986328146067581
NC_006155.1,DNABERT-2,48,250000,0.491872027669693,7.155812740325928,7.365870952606201,0.9714822301894998
NC_006155.1,DNABERT-2,48,1000000,0.47217898832684824,7.084918022155762,7.390495777130127,0.9586526040756326
NC_006155.1,NT-v2-50M,8,0,0.4240164288802421,2.745441436767578,2.8910698890686035,0.9496281799164871
NC_006155.1,NT-v2-50M,8,100000,0.4445957630782533,2.7779831886291504,2.885880470275879,0.9626120060210207
NC_006155.1,NT-v2-50M,8,250000,0.44314742758322523,2.729039430618286,2.850154161453247,0.957505901795429
NC_006155.1,NT-v2-50M,8,1000000,0.4166234327712927,2.697970390319824,2.8784282207489014,0.9373068158767127
NC_006155.1,NT-v2-50M,16,0,0.5326848249027237,4.255046844482422,4.1593546867370605,1.0230064913796593
NC_006155.1,NT-v2-50M,16,100000,0.5337656722870731,4.265509605407715,4.135874271392822,1.0313441186816434
NC_006155.1,NT-v2-50M,16,250000,0.5024643320363165,4.233718395233154,4.184449672698975,1.0117742418688003
NC_006155.1,NT-v2-50M,16,1000000,0.46926070038910506,4.135467052459717,4.177582740783691,0.9899186465146891
NC_006155.1,NT-v2-50M,24,0,0.5252702118460874,5.196044445037842,5.098095893859863,1.0192127714380477
NC_006155.1,NT-v2-50M,24,100000,0.5448767833981841,5.214887619018555,5.07546854019165,1.0274692036258075
NC_006155.1,NT-v2-50M,24,250000,0.5003891050583658,5.1736321449279785,5.138844013214111,1.0067696415038894
NC_006155.1,NT-v2-50M,24,1000000,0.47803718115002164,5.109218120574951,5.123413562774658,0.9972292999528972
NC_006155.1,NT-v2-50M,48,0,0.5278210116731518,7.199129104614258,7.120632648468018,1.01102380364519
NC_006155.1,NT-v2-50M,48,100000,0.5132511889321227,7.21051025390625,7.150934219360352,1.0083312239657587
NC_006155.1,NT-v2-50M,48,250000,0.4792261132728059,7.171955108642578,7.2221574783325195,0.9930488403443769
NC_006155.1,NT-v2-50M,48,1000000,0.47347600518806743,7.1306986808776855,7.214857578277588,0.9883353348992935
NC_006155.1,compositional,11,0,0.6055555555555555,3.996932249580946,3.2720414590687676,1.221540833018199
NC_006350.1,DNABERT-S,8,0,0.8767377353225991,3.715165615081787,2.6755406856536865,1.3885662942830936
NC_006350.1,DNABERT-S,8,100000,0.80550494854498,3.420696496963501,2.736769914627075,1.2499028430125156
NC_006350.1,DNABERT-S,8,250000,0.8490160355835672,3.6500661373138428,2.7083311080932617,1.3477178349450736
NC_006350.1,DNABERT-S,8,1000000,0.862113677023323,3.7020819187164307,2.7116308212280273,1.3652603037753692
NC_006350.1,DNABERT-S,16,0,0.8901308122835524,5.411182880401611,3.902473211288452,1.3866034659120796
NC_006350.1,DNABERT-S,16,100000,0.8629835705024045,5.218486309051514,3.9698731899261475,1.3145221671800036
NC_006350.1,DNABERT-S,16,250000,0.8618346545866364,5.336710453033447,3.960491895675659,1.347486775281737
NC_006350.1,DNABERT-S,16,1000000,0.878050782083477,5.439147472381592,3.9595799446105957,1.373667800238468
NC_006350.1,DNABERT-S,24,0,0.8995190966238286,6.992936134338379,4.794003486633301,1.4586839900797255
NC_006350.1,DNABERT-S,24,100000,0.8758350156744957,6.811798095703125,4.882143974304199,1.3952472789731563
NC_006350.1,DNABERT-S,24,250000,0.8834178607185649,6.914616107940674,4.859283924102783,1.4229701774870844
NC_006350.1,DNABERT-S,24,1000000,0.903392584568418,7.077966213226318,4.839262962341309,1.462612440842002
NC_006350.1,DNABERT-S,48,0,0.932246787138707,10.001115798950195,6.8248982429504395,1.4653868003498116
NC_006350.1,DNABERT-S,48,100000,0.9185993073678337,9.90549373626709,6.9249958992004395,1.430397054446022
NC_006350.1,DNABERT-S,48,250000,0.9128465212467379,9.93900203704834,6.910990238189697,1.4381444184548315
NC_006350.1,DNABERT-S,48,1000000,0.9236791570239795,10.009841918945312,6.898684024810791,1.450978459506971
NC_006350.1,DNABERT-2,8,0,0.6738720107669834,3.289501905441284,2.718514919281006,1.210036362909236
NC_006350.1,DNABERT-2,8,100000,0.677376204310076,3.1917104721069336,2.753340721130371,1.1592137680644885
NC_006350.1,DNABERT-2,8,250000,0.677072562246623,3.2372334003448486,2.722294569015503,1.1891561762603704
NC_006350.1,DNABERT-2,8,1000000,0.6860176933051029,3.2382314205169678,2.702667713165283,1.1981611371397367
NC_006350.1,DNABERT-2,16,0,0.6429415530060564,4.438152313232422,3.9624321460723877,1.1200576185592412
NC_006350.1,DNABERT-2,16,100000,0.6303855433551627,4.3538079261779785,4.018371105194092,1.0834758194807608
NC_006350.1,DNABERT-2,16,250000,0.6468478671196678,4.388237476348877,3.9711949825286865,1.105016876697058
NC_006350.1,DNABERT-2,16,1000000,0.6662809591806588,4.403669834136963,3.943726062774658,1.1166267037925817
NC_006350.1,DNABERT-2,24,0,0.7258358363287213,5.597144603729248,4.872957229614258,1.1486135297297317
NC_006350.1,DNABERT-2,24,100000,0.698614735667274,5.519318103790283,4.930549144744873,1.1194124511816168
NC_006350.1,DNABERT-2,24,250000,0.7163080407701019,5.567070960998535,4.892212390899658,1.1379454766424753
NC_006350.1,DNABERT-2,24,1000000,0.7482561097707092,5.614081382751465,4.863994598388672,1.154212092384165
NC_006350.1,DNABERT-2,48,0,0.810248329968651,7.89309024810791,6.874786376953125,1.1481215292112237
NC_006350.1,DNABERT-2,48,100000,0.7612060334498663,7.753573417663574,6.962449550628662,1.1136272315199007
NC_006350.1,DNABERT-2,48,250000,0.7800646675529732,7.825300693511963,6.917337894439697,1.1312589919602027
NC_006350.1,DNABERT-2,48,1000000,0.8140889917442184,7.937051296234131,6.876734733581543,1.1541889579475393
NC_006350.1,NT-v2-50M,8,0,0.5056625141562854,2.7642672061920166,2.7618768215179443,1.0008654928617557
NC_006350.1,NT-v2-50M,8,100000,0.355310453493525,2.6023616790771484,2.8450698852539062,0.9146916539960152
NC_006350.1,NT-v2-50M,8,250000,0.4457219295222151,2.6934025287628174,2.790618658065796,0.965163233958179
NC_006350.1,NT-v2-50M,8,1000000,0.5237907659986542,2.7909865379333496,2.7531116008758545,1.0137571383032369
NC_006350.1,NT-v2-50M,16,0,0.5985113332348548,4.197567939758301,3.9869372844696045,1.0528301902588661
NC_006350.1,NT-v2-50M,16,100000,0.4983751046334138,4.120460510253906,4.091986179351807,1.0069585598909843
NC_006350.1,NT-v2-50M,16,250000,0.5721108867989562,4.185255527496338,4.045390605926514,1.0345738978493009
NC_006350.1,NT-v2-50M,16,1000000,0.6499089073809641,4.300126552581787,4.001462936401367,1.0746386061616298
NC_006350.1,NT-v2-50M,24,0,0.6793375679091371,5.203827857971191,4.8836989402771,1.0655505021109937
NC_006350.1,NT-v2-50M,24,100000,0.5634447781771629,5.1396894454956055,4.999948024749756,1.0279485746760024
NC_006350.1,NT-v2-50M,24,250000,0.6176736094014148,5.1712646484375,4.966217994689941,1.041288291002691
NC_006350.1,NT-v2-50M,24,1000000,0.6981469627587112,5.296664237976074,4.92397403717041,1.075688904529609
NC_006350.1,NT-v2-50M,48,0,0.7114415612125987,7.557441234588623,6.952510833740234,1.0870089116456587
NC_006350.1,NT-v2-50M,48,100000,0.6474797708733402,7.503241062164307,7.079799652099609,1.0598098012475705
NC_006350.1,NT-v2-50M,48,250000,0.6678155825824347,7.5012383460998535,7.03209114074707,1.0667151770309595
NC_006350.1,NT-v2-50M,48,1000000,0.7275427971178624,7.630603790283203,6.989184856414795,1.0917730675387278
NC_006350.1,compositional,11,0,0.808874738831957,6.535783777317655,2.8461187126397283,2.2963848093517587
NC_006511.1,DNABERT-S,8,0,0.6182511737089202,2.8155508041381836,2.713595151901245,1.0375721677441474
NC_006511.1,DNABERT-S,8,100000,0.338174882629108,2.5360374450683594,2.7120201587677,0.9351101011803302
NC_006511.1,DNABERT-S,8,250000,0.5146713615023474,2.6728575229644775,2.6882174015045166,0.9942862215937437
NC_006511.1,DNABERT-S,8,1000000,0.6480340375586855,2.840559959411621,2.688385009765625,1.0566045968465145
NC_006511.1,DNABERT-S,16,0,0.8320129107981221,4.461616039276123,3.8702075481414795,1.1528105363286383
NC_006511.1,DNABERT-S,16,100000,0.5143779342723005,3.8599960803985596,3.867199420928955,0.9981373237461167
NC_006511.1,DNABERT-S,16,250000,0.7269659624413145,4.142960071563721,3.8339812755584717,1.08058954225337
NC_006511.1,DNABERT-S,16,1000000,0.7872652582159625,4.352827072143555,3.8632519245147705,1.1267261771157404
NC_006511.1,DNABERT-S,24,0,0.7758215962441315,5.244062900543213,4.803030967712402,1.0918236704688302
NC_006511.1,DNABERT-S,24,100000,0.4841549295774648,4.72858190536499,4.807695388793945,0.9835444059926597
NC_006511.1,DNABERT-S,24,250000,0.6744424882629108,4.97658109664917,4.768736362457275,1.0435848657577695
NC_006511.1,DNABERT-S,24,1000000,0.7139084507042254,5.1500139236450195,4.801633358001709,1.0725545954196503
NC_006511.1,DNABERT-S,48,0,0.7121478873239436,7.262672424316406,6.905155658721924,1.0517753376265895
NC_006511.1,DNABERT-S,48,100000,0.4533450704225352,6.728851318359375,6.915912628173828,0.9729520426483689
NC_006511.1,DNABERT-S,48,250000,0.6223591549295775,7.003416538238525,6.868897438049316,1.0195837980407247
NC_006511.1,DNABERT-S,48,1000000,0.6019659624413145,7.051820755004883,6.904379367828369,1.0213547633062474
NC_006511.1,DNABERT-2,8,0,0.6412852112676056,3.107686758041382,3.1517205238342285,0.9860286578521634
NC_006511.1,DNABERT-2,8,100000,0.4363262910798122,2.6140265464782715,3.028438091278076,0.8631599747760031
NC_006511.1,DNABERT-2,8,250000,0.5463615023474179,2.8642494678497314,3.070747137069702,0.9327532812040579
NC_006511.1,DNABERT-2,8,1000000,0.4960387323943662,2.7207326889038086,3.076200485229492,0.8844458291868565
NC_006511.1,DNABERT-2,16,0,0.7705399061032864,5.0185017585754395,4.351260185241699,1.153344443891644
NC_006511.1,DNABERT-2,16,100000,0.4624413145539906,4.14474630355835,4.2897467613220215,0.966198364185259
NC_006511.1,DNABERT-2,16,250000,0.6412852112676056,4.638965606689453,4.31177282333374,1.0758835858849207
NC_006511.1,DNABERT-2,16,1000000,0.6524354460093896,4.611173152923584,4.301936626434326,1.0718830966939579
NC_006511.1,DNABERT-2,24,0,0.7811032863849765,5.892214298248291,5.2354631423950195,1.1254427999951182
NC_006511.1,DNABERT-2,24,100000,0.4989730046948357,5.0887064933776855,5.196664810180664,0.9792254608010353
NC_006511.1,DNABERT-2,24,250000,0.6858861502347418,5.5184102058410645,5.195178508758545,1.0622176305467816
NC_006511.1,DNABERT-2,24,1000000,0.65625,5.463175296783447,5.216929912567139,1.047201206139098
NC_006511.1,DNABERT-2,48,0,0.844043427230047,8.2402982711792,7.150501728057861,1.1524084021747851
NC_006511.1,DNABERT-2,48,100000,0.6568368544600939,7.53800630569458,7.130640506744385,1.0571289211067219
NC_006511.1,DNABERT-2,48,250000,0.7765551643192489,7.8354973793029785,7.101454257965088,1.1033651833375646
NC_006511.1,DNABERT-2,48,1000000,0.7833039906103286,7.839149475097656,7.112061023712158,1.1022331570217592
NC_006511.1,NT-v2-50M,8,0,0.2962147887323944,2.4962213039398193,2.9987778663635254,0.832412874571089
NC_006511.1,NT-v2-50M,8,100000,0.29284037558685444,2.4674665927886963,2.9864447116851807,0.8262220904790709
NC_006511.1,NT-v2-50M,8,250000,0.2885856807511737,2.464782953262329,2.972896099090576,0.8290847951316962
NC_006511.1,NT-v2-50M,8,1000000,0.2520539906103286,2.358268976211548,2.927424907684326,0.8055779569345141
NC_006511.1,NT-v2-50M,16,0,0.8296654929577465,4.984391689300537,4.19818115234375,1.1872740857115858
NC_006511.1,NT-v2-50M,16,100000,0.6772300469483568,4.478523254394531,4.201501846313477,1.0659339013082005
NC_006511.1,NT-v2-50M,16,250000,0.749706572769953,4.655025959014893,4.172297954559326,1.1156983536921325
NC_006511.1,NT-v2-50M,16,1000000,0.7768485915492958,4.738914966583252,4.143246173858643,1.1437686219281191
NC_006511.1,NT-v2-50M,24,0,0.8827758215962441,6.1641082763671875,5.071107864379883,1.2155348379916509
NC_006511.1,NT-v2-50M,24,100000,0.744131455399061,5.639408111572266,5.088091850280762,1.1083542273831166
NC_006511.1,NT-v2-50M,24,250000,0.8193955399061033,5.890356063842773,5.043586730957031,1.1678903086345986
NC_006511.1,NT-v2-50M,24,1000000,0.8428697183098591,5.978046894073486,5.032876491546631,1.1877992444508407
NC_006511.1,NT-v2-50M,48,0,0.858274647887324,8.182841300964355,7.104642391204834,1.1517597720462713
NC_006511.1,NT-v2-50M,48,100000,0.7252053990610329,7.696191787719727,7.148254871368408,1.076653242813994
NC_006511.1,NT-v2-50M,48,250000,0.7866784037558685,7.867390155792236,7.081501483917236,1.110977689358652
NC_006511.1,NT-v2-50M,48,1000000,0.7806631455399061,7.93242073059082,7.09927225112915,1.1173568853242888
NC_006511.1,compositional,11,0,0.8550469483568075,4.875945721873858,3.148223214942983,1.5487928869624847
NC_007146.2,DNABERT-S,8,0,0.0806697108066971,2.7159979343414307,3.2688722610473633,0.8308669527120681
NC_007146.2,DNABERT-S,8,100000,0.1354642313546423,2.4954986572265625,2.952634334564209,0.845177009565217
NC_007146.2,DNABERT-S,8,250000,0.0958904109589041,2.603344440460205,3.0606844425201416,0.8505759052758256
NC_007146.2,DNABERT-S,8,1000000,0.0837138508371385,2.6389408111572266,3.14013934135437,0.8403897165974259
NC_007146.2,DNABERT-S,16,0,0.0943683409436834,4.179790496826172,4.702896595001221,0.8887693812508941
NC_007146.2,DNABERT-S,16,100000,0.1461187214611872,3.9371719360351562,4.3680267333984375,0.9013616848841799
NC_007146.2,DNABERT-S,16,250000,0.0943683409436834,4.059913635253906,4.572762489318848,0.88784703879485
NC_007146.2,DNABERT-S,16,1000000,0.0624048706240487,4.040822982788086,4.602367401123047,0.8779879202607911
NC_007146.2,DNABERT-S,24,0,0.0121765601217656,5.046008586883545,6.235828876495361,0.809196128826339
NC_007146.2,DNABERT-S,24,100000,0.0121765601217656,4.836148738861084,5.886277675628662,0.8215971120228501
NC_007146.2,DNABERT-S,24,250000,0.0076103500761035,4.910168647766113,6.093843460083008,0.8057589073184412
NC_007146.2,DNABERT-S,24,1000000,0.015220700152207,4.8221025466918945,6.147120475769043,0.78444900595325
NC_007146.2,DNABERT-S,48,0,0.045662100456621,7.1210784912109375,8.801210403442383,0.8091021762672209
NC_007146.2,DNABERT-S,48,100000,0.0273972602739726,6.994222640991211,8.678314208984375,0.8059425451259095
NC_007146.2,DNABERT-S,48,250000,0.0273972602739726,6.990941524505615,8.703285217285156,0.803253179686822
NC_007146.2,DNABERT-S,48,1000000,0.0228310502283105,6.899499893188477,8.565776824951172,0.8054727591187045
NC_007146.2,DNABERT-2,8,0,0.0,2.536992311477661,4.536811351776123,0.5592016318872175
NC_007146.2,DNABERT-2,8,100000,0.0,2.3355870246887207,4.509092330932617,0.5179727655312062
NC_007146.2,DNABERT-2,8,250000,0.0,2.4342658519744873,4.402441024780273,0.5529354824454422
NC_007146.2,DNABERT-2,8,1000000,0.0,2.4592318534851074,4.410784721374512,0.5575497352132726
NC_007146.2,DNABERT-2,16,0,0.0060882800608828,3.9722657203674316,5.886663436889648,0.6747906964537228
NC_007146.2,DNABERT-2,16,100000,0.0,3.8422367572784424,5.728672027587891,0.670702867745817
NC_007146.2,DNABERT-2,16,250000,0.0,3.86887526512146,5.718038558959961,0.676608810036629
NC_007146.2,DNABERT-2,16,1000000,0.0,3.9270825386047363,5.7853288650512695,0.6788002255719536
NC_007146.2,DNABERT-2,24,0,0.0228310502283105,4.9303507804870605,6.758508682250977,0.7295027664068883
NC_007146.2,DNABERT-2,24,100000,0.0228310502283105,4.841149806976318,6.669012546539307,0.7259170339225849
NC_007146.2,DNABERT-2,24,250000,0.0410958904109589,4.86671257019043,6.543649673461914,0.7437306110575596
NC_007146.2,DNABERT-2,24,1000000,0.015220700152207,4.868536472320557,6.5005717277526855,0.7489397357982326
NC_007146.2,DNABERT-2,48,0,0.0837138508371385,7.109488487243652,8.112045288085938,0.8764113407607909
NC_007146.2,DNABERT-2,48,100000,0.0730593607305936,6.98604154586792,7.939457416534424,0.8799142283097388
NC_007146.2,DNABERT-2,48,250000,0.0639269406392694,7.004126071929932,7.932477951049805,0.8829682370567431
NC_007146.2,DNABERT-2,48,1000000,0.0700152207001522,6.988404750823975,7.844404220581055,0.8908776950184147
NC_007146.2,NT-v2-50M,8,0,0.3455098934550989,2.9120678901672363,3.0403072834014893,0.9578202525993429
NC_007146.2,NT-v2-50M,8,100000,0.2617960426179604,2.7923383712768555,3.0316765308380127,0.9210541899418935
NC_007146.2,NT-v2-50M,8,250000,0.350076103500761,2.806656837463379,2.8934834003448486,0.9699923756704042
NC_007146.2,NT-v2-50M,8,1000000,0.3074581430745814,2.672081470489502,2.751096248626709,0.9712788027039586
NC_007146.2,NT-v2-50M,16,0,0.076103500761035,4.31827974319458,5.287630081176758,0.8166758409532217
NC_007146.2,NT-v2-50M,16,100000,0.0639269406392694,4.207614421844482,5.256374835968018,0.8004783816125254
NC_007146.2,NT-v2-50M,16,250000,0.0791476407914764,4.224440097808838,5.135878086090088,0.8225351199924759
NC_007146.2,NT-v2-50M,16,1000000,0.0821917808219178,4.057028293609619,5.019033432006836,0.8083286052126248
NC_007146.2,NT-v2-50M,24,0,0.1019786910197869,5.339428901672363,6.391997337341309,0.8353302762627947
NC_007146.2,NT-v2-50M,24,100000,0.1126331811263318,5.250120162963867,6.235554218292236,0.8419652815402421
NC_007146.2,NT-v2-50M,24,250000,0.0898021308980213,5.215487480163574,6.257963180541992,0.833416133923605
NC_007146.2,NT-v2-50M,24,1000000,0.060882800608828,5.050352573394775,6.126523971557617,0.8243422529383764
NC_007146.2,NT-v2-50M,48,0,0.1019786910197869,7.2088942527771,8.227458953857422,0.8761993579314339
NC_007146.2,NT-v2-50M,48,100000,0.1126331811263318,7.14028787612915,8.067136764526367,0.8851080729816245
NC_007146.2,NT-v2-50M,48,250000,0.0624048706240487,7.129721641540527,8.071698188781738,0.8832988393259804
NC_007146.2,NT-v2-50M,48,1000000,0.076103500761035,6.905692100524902,7.832497596740723,0.8816717803269439
NC_007146.2,compositional,11,0,0.7853881278538812,5.437376779873264,3.8069684124478593,1.4282694760729737
NC_006905.1,DNABERT-S,8,0,0.6227139309099119,2.737666606903076,2.644303798675537,1.0353071414390065
NC_006905.1,DNABERT-S,8,100000,0.44855874162715437,2.6135923862457275,2.6653172969818115,0.9805933384386704
NC_006905.1,DNABERT-S,8,250000,0.6250094076917287,2.732832908630371,2.6249845027923584,1.0410853495414116
NC_006905.1,DNABERT-S,8,1000000,0.6326108226085647,2.765030860900879,2.6669836044311523,1.0367633517906982
NC_006905.1,DNABERT-S,16,0,0.7503198615187777,4.214977741241455,3.839568853378296,1.0977737090279942
NC_006905.1,DNABERT-S,16,100000,0.5764280876044254,3.9569594860076904,3.874432325363159,1.0213004522247775
NC_006905.1,DNABERT-S,16,250000,0.7258598630240084,4.112900733947754,3.8275866508483887,1.0745415085602634
NC_006905.1,DNABERT-S,16,1000000,0.7143448483480094,4.16038179397583,3.873817205429077,1.0739747317310528
NC_006905.1,DNABERT-S,24,0,0.7142695868141793,5.146908760070801,4.760958671569824,1.0810656246200343
NC_006905.1,DNABERT-S,24,100000,0.6273425152404606,4.971368312835693,4.787521839141846,1.038401177032918
NC_006905.1,DNABERT-S,24,250000,0.6983894031760367,5.070530891418457,4.752070426940918,1.0670150978133848
NC_006905.1,DNABERT-S,24,1000000,0.6452923910589298,5.056640148162842,4.801994323730469,1.053029180641461
NC_006905.1,DNABERT-S,48,0,0.6768269737337247,7.196197986602783,6.852019786834717,1.0502301818260014
NC_006905.1,DNABERT-S,48,100000,0.5549785504628584,6.940734386444092,6.885310649871826,1.0080495622333754
NC_006905.1,DNABERT-S,48,250000,0.6333258071799504,7.0741071701049805,6.852091312408447,1.032401182000375
NC_006905.1,DNABERT-S,48,1000000,0.5991947015880184,7.030420303344727,6.894527435302734,1.0197102512561145
NC_006905.1,DNABERT-2,8,0,0.7310529088582826,3.5224719047546387,3.0107338428497314,1.1699712058972755
NC_006905.1,DNABERT-2,8,100000,0.7573191841649732,3.569544553756714,2.9776761531829834,1.198768559818385
NC_006905.1,DNABERT-2,8,250000,0.7690599834424625,3.618962049484253,2.988440752029419,1.2109867150709457
NC_006905.1,DNABERT-2,8,1000000,0.7295853089485964,3.4441046714782715,2.9701294898986816,1.1595806456222075
NC_006905.1,DNABERT-2,16,0,0.7700760141491684,4.858519554138184,4.180458068847656,1.1621978917438192
NC_006905.1,DNABERT-2,16,100000,0.7718822909610897,4.826056003570557,4.163208961486816,1.1592154148916456
NC_006905.1,DNABERT-2,16,250000,0.7737638293068413,4.899753570556641,4.179949760437012,1.1722039381746956
NC_006905.1,DNABERT-2,16,1000000,0.7566041995935877,4.783439636230469,4.173498630523682,1.146146209620357
NC_006905.1,DNABERT-2,24,0,0.7934823511703168,6.088169574737549,5.1202497482299805,1.1890376200579218
NC_006905.1,DNABERT-2,24,100000,0.7903589975163694,6.022974014282227,5.113099575042725,1.177949681183727
NC_006905.1,DNABERT-2,24,250000,0.8014224429893881,6.1045122146606445,5.112264156341553,1.1940917033968694
NC_006905.1,DNABERT-2,24,1000000,0.7649582298487243,5.982316017150879,5.123724937438965,1.1675716573772734
NC_006905.1,DNABERT-2,48,0,0.8116956423571913,8.234090805053711,7.053243160247803,1.1674191032376688
NC_006905.1,DNABERT-2,48,100000,0.7922029050952059,8.078518867492676,7.073957920074463,1.1420083295332408
NC_006905.1,DNABERT-2,48,250000,0.807669150297283,8.163861274719238,7.051094055175781,1.1578148314057224
NC_006905.1,DNABERT-2,48,1000000,0.7675171219989463,8.077693939208984,7.080630302429199,1.1408156610630718
NC_006905.1,NT-v2-50M,8,0,0.49548430797019644,2.8270328044891357,2.8364884853363037,0.9966664131033668
NC_006905.1,NT-v2-50M,8,100000,0.4755776322721457,2.792839527130127,2.825491189956665,0.9884438985537807
NC_006905.1,NT-v2-50M,8,250000,0.48246406261759617,2.800915479660034,2.832563638687134,0.9888270263040698
NC_006905.1,NT-v2-50M,8,1000000,0.5100097839993979,2.8475561141967773,2.8353116512298584,1.0043185598174393
NC_006905.1,NT-v2-50M,16,0,0.6506735907277791,4.4420084953308105,4.0553178787231445,1.095353959460613
NC_006905.1,NT-v2-50M,16,100000,0.6326860841423948,4.405533790588379,4.071892261505127,1.0819377104442163
NC_006905.1,NT-v2-50M,16,250000,0.6474749755400016,4.450254440307617,4.067463397979736,1.0941105069360941
NC_006905.1,NT-v2-50M,16,1000000,0.6261006999322646,4.392550945281982,4.067444324493408,1.0799289664103922
NC_006905.1,NT-v2-50M,24,0,0.687288326936103,5.600979804992676,4.985964775085449,1.1233492528828959
NC_006905.1,NT-v2-50M,24,100000,0.6730638970422217,5.51633358001709,4.996951103210449,1.1039398757520253
NC_006905.1,NT-v2-50M,24,250000,0.6821705426356589,5.5401716232299805,4.986915111541748,1.1109416341192118
NC_006905.1,NT-v2-50M,24,1000000,0.6729133739745616,5.496176242828369,4.9776740074157715,1.104165567017874
NC_006905.1,NT-v2-50M,48,0,0.721419432528035,7.693783760070801,7.052950859069824,1.0908602532196705
NC_006905.1,NT-v2-50M,48,100000,0.703808233611801,7.62125825881958,7.089158058166504,1.075058306823913
NC_006905.1,NT-v2-50M,48,250000,0.7213441709942049,7.654178142547607,7.056509494781494,1.084697490764819
NC_006905.1,NT-v2-50M,48,1000000,0.6705802664258298,7.552578926086426,7.079762935638428,1.066784155733226
NC_006905.1,compositional,11,0,0.659441559418981,3.655761830813601,2.978703930324429,1.2272994954605743
NC_007297.1,DNABERT-S,8,0,0.8794934640522876,3.458531141281128,2.763829469680786,1.2513547522454698
NC_007297.1,DNABERT-S,8,100000,0.8566176470588235,3.3483104705810547,2.825803756713867,1.1849055202880796
NC_007297.1,DNABERT-S,8,250000,0.803921568627451,3.438188314437866,2.8946096897125244,1.1877899554669586
NC_007297.1,DNABERT-S,8,1000000,0.6401143790849673,3.3004462718963623,3.0572428703308105,1.0795499120876961
NC_007297.1,DNABERT-S,16,0,0.7867647058823529,4.473880290985107,4.141886234283447,1.0801552814159068
NC_007297.1,DNABERT-S,16,100000,0.6662581699346405,4.345509052276611,4.175764083862305,1.0406500379344477
NC_007297.1,DNABERT-S,16,250000,0.684640522875817,4.451361179351807,4.282786846160889,1.0393608972956543
NC_007297.1,DNABERT-S,16,1000000,0.4795751633986928,4.26632022857666,4.483628749847412,0.9515328914602603
NC_007297.1,DNABERT-S,24,0,0.7843137254901961,5.64900016784668,5.061891555786133,1.1159860114722207
NC_007297.1,DNABERT-S,24,100000,0.7450980392156863,5.542905330657959,5.103914260864258,1.086010666981574
NC_007297.1,DNABERT-S,24,250000,0.6687091503267973,5.580833911895752,5.247774124145508,1.0634668680227306
NC_007297.1,DNABERT-S,24,1000000,0.5122549019607843,5.303528308868408,5.405760288238525,0.9810883254308286
NC_007297.1,DNABERT-S,48,0,0.7287581699346405,8.18435287475586,7.524531364440918,1.0876893826814378
NC_007297.1,DNABERT-S,48,100000,0.6809640522875817,8.05980110168457,7.638381004333496,1.055171389999005
NC_007297.1,DNABERT-S,48,250000,0.6531862745098039,8.127425193786621,7.816041469573975,1.039839057331616
NC_007297.1,DNABERT-S,48,1000000,0.5175653594771242,7.70163106918335,8.03813648223877,0.9581363897218007
NC_007297.1,DNABERT-2,8,0,0.7316176470588235,2.94884991645813,2.8823750019073486,1.0230625489420333
NC_007297.1,DNABERT-2,8,100000,0.4256535947712418,2.8550827503204346,3.346691131591797,0.8531061391860392
NC_007297.1,DNABERT-2,8,250000,0.3639705882352941,2.898786783218384,3.588395118713379,0.8078226302620056
NC_007297.1,DNABERT-2,8,1000000,0.3333333333333333,2.8193976879119873,3.554319381713867,0.7932313855690971
NC_007297.1,DNABERT-2,16,0,0.6511437908496732,4.046850681304932,4.241622447967529,0.9540808336781773
NC_007297.1,DNABERT-2,16,100000,0.3827614379084967,4.069172382354736,4.651325702667236,0.874841419946431
NC_007297.1,DNABERT-2,16,250000,0.3680555555555556,4.085155963897705,4.842127323150635,0.8436696706355111
NC_007297.1,DNABERT-2,16,1000000,0.2867647058823529,3.8566677570343018,4.82004976272583,0.8001302780851961
NC_007297.1,DNABERT-2,24,0,0.7851307189542484,5.653892993927002,5.120028495788574,1.1042698294701978
NC_007297.1,DNABERT-2,24,100000,0.5290032679738562,5.392294406890869,5.504674434661865,0.9795846186536735
NC_007297.1,DNABERT-2,24,250000,0.5306372549019608,5.481180667877197,5.700209617614746,0.9615752815368916
NC_007297.1,DNABERT-2,24,1000000,0.5053104575163399,5.38903284072876,5.732913970947266,0.9400163456208841
NC_007297.1,DNABERT-2,48,0,0.7132352941176471,7.5483245849609375,7.205684661865234,1.047551334699541
NC_007297.1,DNABERT-2,48,100000,0.5555555555555556,7.386478900909424,7.515993595123291,0.9827681207315155
NC_007297.1,DNABERT-2,48,250000,0.5122549019607843,7.417740345001221,7.797765254974365,0.9512648948067887
NC_007297.1,DNABERT-2,48,1000000,0.4207516339869281,7.224893093109131,8.054098129272461,0.8970455756989599
NC_007297.1,NT-v2-50M,8,0,0.4644607843137255,2.641805410385132,2.8302767276763916,0.9334088729033958
NC_007297.1,NT-v2-50M,8,100000,0.16584967320261437,2.331409215927124,2.8815510272979736,0.8090813571721766
NC_007297.1,NT-v2-50M,8,250000,0.1781045751633987,2.3847601413726807,2.979668140411377,0.8003442091519083
NC_007297.1,NT-v2-50M,8,1000000,0.15441176470588236,2.3492186069488525,3.082090377807617,0.7622160024456913
NC_007297.1,NT-v2-50M,16,0,0.5081699346405228,4.133941173553467,4.193146228790283,0.985880517395193
NC_007297.1,NT-v2-50M,16,100000,0.45465686274509803,3.953526496887207,4.227367401123047,0.9352218820244744
NC_007297.1,NT-v2-50M,16,250000,0.4338235294117647,3.993035078048706,4.350876331329346,0.9177542117885694
NC_007297.1,NT-v2-50M,16,1000000,0.30187908496732024,3.887779951095581,4.448331832885742,0.8739860462643324
NC_007297.1,NT-v2-50M,24,0,0.6507352941176471,5.228458404541016,5.010556221008301,1.0434886216063384
NC_007297.1,NT-v2-50M,24,100000,0.5592320261437909,5.091430187225342,5.078394412994385,1.0025669085878013
NC_007297.1,NT-v2-50M,24,250000,0.5122549019607843,5.112475872039795,5.219521999359131,0.9794912010462875
NC_007297.1,NT-v2-50M,24,1000000,0.3660130718954248,4.975234508514404,5.366608142852783,0.9270724405582681
NC_007297.1,NT-v2-50M,48,0,0.5931372549019608,7.206456661224365,7.050142288208008,1.022171804004269
NC_007297.1,NT-v2-50M,48,100000,0.5232843137254902,7.0899977684021,7.139538288116455,0.993061103153293
NC_007297.1,NT-v2-50M,48,250000,0.460375816993464,7.060678005218506,7.326080799102783,0.9637728819593716
NC_007297.1,NT-v2-50M,48,1000000,0.3312908496732026,6.9134345054626465,7.636565685272217,0.9053067557312848
NC_007297.1,compositional,11,0,0.6343954248366013,3.3967622380168443,3.2344617327182696,1.0501785207896634
NC_007335.2,DNABERT-S,8,0,0.8534201954397395,3.191041946411133,2.6068966388702393,1.2240768961956416
NC_007335.2,DNABERT-S,8,100000,0.8755357448997085,3.2071738243103027,2.6527607440948486,1.2089947544080633
NC_007335.2,DNABERT-S,8,250000,0.8496485513457912,3.246154308319092,2.653789758682251,1.2232145736861166
NC_007335.2,DNABERT-S,8,1000000,0.7407851877250129,3.084941864013672,2.7310426235198975,1.1295839315893401
NC_007335.2,DNABERT-S,16,0,0.8865078004457397,5.0545973777771,3.8224174976348877,1.3223561740455145
NC_007335.2,DNABERT-S,16,100000,0.8832504714555117,4.96336555480957,3.887296438217163,1.2768168401085271
NC_007335.2,DNABERT-S,16,250000,0.8534201954397395,4.971018314361572,3.8843886852264404,1.2797427644838757
NC_007335.2,DNABERT-S,16,1000000,0.7983884793416767,4.866664886474609,3.949349880218506,1.2322698758220305
NC_007335.2,DNABERT-S,24,0,0.9598834219098235,6.367336750030518,4.747404098510742,1.3412249342810205
NC_007335.2,DNABERT-S,24,100000,0.9471969826847249,6.310399055480957,4.818389415740967,1.309649036432343
NC_007335.2,DNABERT-S,24,250000,0.9365678038745071,6.365137100219727,4.814705848693848,1.3220199323176691
NC_007335.2,DNABERT-S,24,1000000,0.8779358820504028,6.115807056427002,4.836903095245361,1.264405537179108
NC_007335.2,DNABERT-S,48,0,0.9567975312875021,9.606141090393066,6.805899620056152,1.4114432516878366
NC_007335.2,DNABERT-S,48,100000,0.9410252014400823,9.62651252746582,6.900214195251465,1.395103435207927
NC_007335.2,DNABERT-S,48,250000,0.9255957483284759,9.534038543701172,6.906056880950928,1.380532872528033
NC_007335.2,DNABERT-S,48,1000000,0.8333619063946511,9.134716987609863,6.977588176727295,1.3091510642713695
NC_007335.2,DNABERT-2,8,0,0.8817075261443511,4.755770206451416,2.901055097579956,1.6393243307990437
NC_007335.2,DNABERT-2,8,100000,0.8655923195611178,4.704071998596191,2.851738691329956,1.6495452451158379
NC_007335.2,DNABERT-2,8,250000,0.8832504714555117,4.747498989105225,2.8038296699523926,1.6932194704915275
NC_007335.2,DNABERT-2,8,1000000,0.8587347848448483,4.633617877960205,2.8957278728485107,1.6001565345303466
NC_007335.2,DNABERT-2,16,0,0.8546202640150866,6.283560276031494,4.199318885803223,1.496328439660664
NC_007335.2,DNABERT-2,16,100000,0.8551345791188067,6.292153835296631,4.195828437805176,1.4996213330848285
NC_007335.2,DNABERT-2,16,250000,0.8414195096862678,6.249081134796143,4.2010955810546875,1.487488445389597
NC_007335.2,DNABERT-2,16,1000000,0.8057603291616664,5.99714469909668,4.267562389373779,1.4052857701693025
NC_007335.2,DNABERT-2,24,0,0.882393279615978,7.754721164703369,5.040717601776123,1.538416110033808
NC_007335.2,DNABERT-2,24,100000,0.8541059489113664,7.735668659210205,5.085483074188232,1.5211275991602837
NC_007335.2,DNABERT-2,24,250000,0.866106634664838,7.72892427444458,5.0974273681640625,1.5162401965186416
NC_007335.2,DNABERT-2,24,1000000,0.821018343905366,7.42759370803833,5.134000778198242,1.4467457308498919
NC_007335.2,DNABERT-2,48,0,0.9153094462540716,10.611137390136719,7.004024505615234,1.5150057487134156
NC_007335.2,DNABERT-2,48,100000,0.9067375278587347,10.638801574707031,7.086716651916504,1.501231401968063
NC_007335.2,DNABERT-2,48,250000,0.89490828047317,10.589073181152344,7.095590114593506,1.4923456696538584
NC_007335.2,DNABERT-2,48,1000000,0.8306188925081434,10.140425682067871,7.203614711761475,1.407685736649881
NC_007335.2,NT-v2-50M,8,0,0.9166809531973256,4.1577534675598145,2.7908802032470703,1.48976421944677
NC_007335.2,NT-v2-50M,8,100000,0.8957654723127035,4.240046977996826,2.8899118900299072,1.4671890145249191
NC_007335.2,NT-v2-50M,8,250000,0.8901080061717812,4.195041656494141,2.880892515182495,1.456160420559251
NC_007335.2,NT-v2-50M,8,1000000,0.8938796502657295,4.0761823654174805,2.8686554431915283,1.420938291871859
NC_007335.2,NT-v2-50M,16,0,0.8565060860620607,5.887880802154541,4.106464862823486,1.4338076664087671
NC_007335.2,NT-v2-50M,16,100000,0.8448482770444026,5.96040153503418,4.224012851715088,1.4110756155995265
NC_007335.2,NT-v2-50M,16,250000,0.8403908794788274,5.898016452789307,4.212036609649658,1.4002766356011995
NC_007335.2,NT-v2-50M,16,1000000,0.8383336190639465,5.69481086730957,4.181251525878906,1.361987154339516
NC_007335.2,NT-v2-50M,24,0,0.9434253385907766,7.196079254150391,5.022094249725342,1.4328841507791186
NC_007335.2,NT-v2-50M,24,100000,0.9043373907080404,7.1220598220825195,5.137598514556885,1.3862624340735963
NC_007335.2,NT-v2-50M,24,250000,0.9139379393108178,7.134547233581543,5.143520832061768,1.3870940677655772
NC_007335.2,NT-v2-50M,24,1000000,0.9010800617178124,6.9159955978393555,5.117989540100098,1.3513110067247407
NC_007335.2,NT-v2-50M,48,0,0.9444539687982171,9.586484909057617,7.010684967041016,1.3674105959868517
NC_007335.2,NT-v2-50M,48,100000,0.9240528030173153,9.553418159484863,7.116870880126953,1.3423621589316295
NC_007335.2,NT-v2-50M,48,250000,0.9122235556317504,9.516199111938477,7.156466484069824,1.3297343225349239
NC_007335.2,NT-v2-50M,48,1000000,0.879821704097377,9.236786842346191,7.1811418533325195,1.2862560064956408
NC_007335.2,compositional,11,0,0.5259729127378707,3.952114650548156,2.9521857040032313,1.338708010539106
NC_007005.1,DNABERT-S,8,0,0.7065780864663547,2.8655078411102295,2.6318116188049316,1.0887967135016359
NC_007005.1,DNABERT-S,8,100000,0.5432918952472026,2.7065939903259277,2.6667940616607666,1.014924260270917
NC_007005.1,DNABERT-S,8,250000,0.6537654973409164,2.798783779144287,2.640820026397705,1.059816174963675
NC_007005.1,DNABERT-S,8,1000000,0.6817823410002181,2.8300769329071045,2.638331413269043,1.0726768133350153
NC_007005.1,DNABERT-S,16,0,0.8484406193903401,4.627810001373291,3.8332488536834717,1.207281389238871
NC_007005.1,DNABERT-S,16,100000,0.7764859831898938,4.455423831939697,3.8698644638061523,1.1513126295791833
NC_007005.1,DNABERT-S,16,250000,0.8097874410723572,4.568622589111328,3.862429141998291,1.1828366090743807
NC_007005.1,DNABERT-S,16,1000000,0.8090828258426024,4.579345226287842,3.865449905395508,1.184686217222957
NC_007005.1,DNABERT-S,24,0,0.8240475111983492,5.734780788421631,4.784648895263672,1.1985792299406746
NC_007005.1,DNABERT-S,24,100000,0.7594410052510611,5.5231428146362305,4.815636157989502,1.1469186278687027
NC_007005.1,DNABERT-S,24,250000,0.7968359420873388,5.655738830566406,4.811008930206299,1.1755826922407906
NC_007005.1,DNABERT-S,24,1000000,0.8005771134262755,5.712213039398193,4.827836990356445,1.183182665613665
NC_007005.1,DNABERT-S,48,0,0.7982787256530274,8.148197174072266,6.8917341232299805,1.1823144985537273
NC_007005.1,DNABERT-S,48,100000,0.7539047427315584,8.01811695098877,6.953907012939453,1.153037700399084
NC_007005.1,DNABERT-S,48,250000,0.7822403408995587,8.095717430114746,6.920714855194092,1.1697805211608738
NC_007005.1,DNABERT-S,48,1000000,0.773030013253477,8.11831283569336,6.917133331298828,1.1736527903776848
NC_007005.1,DNABERT-2,8,0,0.6659117217776436,3.621298313140869,3.333836078643799,1.0862256654844318
NC_007005.1,DNABERT-2,8,100000,0.5931350344758166,3.296480417251587,3.1424593925476074,1.0490128925991034
NC_007005.1,DNABERT-2,8,250000,0.6625564111597632,3.537461042404175,3.175058603286743,1.1141403937370735
NC_007005.1,DNABERT-2,8,1000000,0.6807421947086751,3.53730845451355,3.1869993209838867,1.109918170117939
NC_007005.1,DNABERT-2,16,0,0.6263861626990118,4.632769584655762,4.501289367675781,1.029209456722368
NC_007005.1,DNABERT-2,16,100000,0.5576526246917308,4.342474460601807,4.3231587409973145,1.004467964458792
NC_007005.1,DNABERT-2,16,250000,0.6253124633012901,4.551023483276367,4.373099327087402,1.0406860541874468
NC_007005.1,DNABERT-2,16,1000000,0.6389685775160635,4.6228556632995605,4.3855671882629395,1.0541066787602011
NC_007005.1,DNABERT-2,24,0,0.6323753921519285,5.570850849151611,5.345496654510498,1.0421577655372698
NC_007005.1,DNABERT-2,24,100000,0.5892932038183435,5.379949569702148,5.20999813079834,1.0326202494966665
NC_007005.1,DNABERT-2,24,250000,0.6301441105910379,5.529958724975586,5.250844478607178,1.0531560680392587
NC_007005.1,DNABERT-2,24,1000000,0.6442699682923146,5.572065830230713,5.260467529296875,1.0592339557650472
NC_007005.1,DNABERT-2,48,0,0.6554263760967671,7.638912200927734,7.318047523498535,1.0438456673585257
NC_007005.1,DNABERT-2,48,100000,0.6371902628885869,7.526808261871338,7.219213008880615,1.0426078649587343
NC_007005.1,DNABERT-2,48,250000,0.6663814652641469,7.6246724128723145,7.258506774902344,1.0504464140249972
NC_007005.1,DNABERT-2,48,1000000,0.660425788917409,7.63414192199707,7.264013290405273,1.0509537382153036
NC_007005.1,NT-v2-50M,8,0,0.42454745248041337,2.7581193447113037,2.9030890464782715,0.9500636393007544
NC_007005.1,NT-v2-50M,8,100000,0.3506970657808647,2.6125056743621826,2.9328391551971436,0.8907770034823378
NC_007005.1,NT-v2-50M,8,250000,0.4447631989531431,2.7899184226989746,2.90777587890625,0.959468177357738
NC_007005.1,NT-v2-50M,8,1000000,0.45957689533108526,2.7727715969085693,2.864377498626709,0.9680189144894278
NC_007005.1,NT-v2-50M,16,0,0.37601288439277264,3.909034013748169,4.176837921142578,0.9358835768946593
NC_007005.1,NT-v2-50M,16,100000,0.3226969986746523,3.8236780166625977,4.201813220977783,0.9100066603562185
NC_007005.1,NT-v2-50M,16,250000,0.3940644555169695,3.957828998565674,4.188814640045166,0.9448565617415332
NC_007005.1,NT-v2-50M,16,1000000,0.41231734527823916,3.964752674102783,4.1605916023254395,0.9529300284812386
NC_007005.1,NT-v2-50M,24,0,0.3435838072709581,4.792882442474365,5.119089603424072,0.9362763330550978
NC_007005.1,NT-v2-50M,24,100000,0.2875836730585334,4.6872477531433105,5.14097785949707,0.91174245080329
NC_007005.1,NT-v2-50M,24,250000,0.3619038032445854,4.843099594116211,5.129286289215088,0.9442053574391788
NC_007005.1,NT-v2-50M,24,1000000,0.39075947455835724,4.85260009765625,5.104002475738525,0.9507440720733783
NC_007005.1,NT-v2-50M,48,0,0.3865317831798279,6.851678371429443,7.128166675567627,0.9612118632009728
NC_007005.1,NT-v2-50M,48,100000,0.34786182830875567,6.831073760986328,7.163228511810303,0.9536305800832212
NC_007005.1,NT-v2-50M,48,250000,0.405220863321422,6.894508361816406,7.146028995513916,0.9648027409550944
NC_007005.1,NT-v2-50M,48,1000000,0.41491771100709646,6.902310848236084,7.108772277832031,0.9709568092032185
NC_007005.1,compositional,11,0,0.8749307967185063,6.393473405490815,3.0495135686796364,2.096555159208237
NC_007432.1,DNABERT-S,8,0,0.5529953917050692,2.9164721965789795,2.8258557319641113,1.032066911127089
NC_007432.1,DNABERT-S,8,100000,0.3914339929520195,2.7788236141204834,2.8534293174743652,0.9738540208804202
NC_007432.1,DNABERT-S,8,250000,0.46534742929429834,2.7994539737701416,2.8832383155822754,0.9709408891525454
NC_007432.1,DNABERT-S,8,1000000,0.4631788199150628,2.7894678115844727,2.9690797328948975,0.9395058612537494
NC_007432.1,DNABERT-S,16,0,0.5783861931869522,4.108880996704102,4.0192999839782715,1.0222877150456342
NC_007432.1,DNABERT-S,16,100000,0.4245956447094967,3.996339797973633,4.073514461517334,0.9810545256994241
NC_007432.1,DNABERT-S,16,250000,0.5304057106713653,4.047207832336426,4.055115222930908,0.9980500207368295
NC_007432.1,DNABERT-S,16,1000000,0.45540796963946867,3.9882404804229736,4.1483354568481445,0.9614074179654677
NC_007432.1,DNABERT-S,24,0,0.5673624288425048,5.139392375946045,4.992883682250977,1.029343502276227
NC_007432.1,DNABERT-S,24,100000,0.4592933947772657,5.075342655181885,5.030089855194092,1.0089964198037267
NC_007432.1,DNABERT-S,24,250000,0.5309478630161742,5.099164962768555,5.0310258865356445,1.0135437737291848
NC_007432.1,DNABERT-S,24,1000000,0.4755579651215325,5.019445419311523,5.134706974029541,0.9775524571701968
NC_007432.1,DNABERT-S,48,0,0.5826330532212886,7.752437591552734,7.3594651222229,1.05339687909427
NC_007432.1,DNABERT-S,48,100000,0.4923646878106081,7.625222206115723,7.397430896759033,1.0307933000707705
NC_007432.1,DNABERT-S,48,250000,0.5420619860847565,7.649204254150391,7.445165157318115,1.0274055836936966
NC_007432.1,DNABERT-S,48,1000000,0.4970633414656185,7.50152587890625,7.537343502044678,0.9952479778679701
NC_007432.1,DNABERT-2,8,0,0.5328453962230053,3.3925397396087646,3.199841260910034,1.0602212619272018
NC_007432.1,DNABERT-2,8,100000,0.38917502484864913,3.4544339179992676,3.696972608566284,0.9343953238914922
NC_007432.1,DNABERT-2,8,250000,0.397578386193187,3.495969295501709,3.8070149421691895,0.9182967097864211
NC_007432.1,DNABERT-2,8,1000000,0.4017348875033884,3.4060895442962646,3.737630844116211,0.9112964030832902
NC_007432.1,DNABERT-2,16,0,0.4477274780880094,4.429225921630859,4.414452075958252,1.0033466997530833
NC_007432.1,DNABERT-2,16,100000,0.3343272792988163,4.4605326652526855,4.816388130187988,0.9261157001229025
NC_007432.1,DNABERT-2,16,250000,0.376524803469775,4.584762096405029,4.904075622558594,0.9348881316828125
NC_007432.1,DNABERT-2,16,1000000,0.37092256257341644,4.417990684509277,4.863158226013184,0.9084612260562095
NC_007432.1,DNABERT-2,24,0,0.45576940453600795,5.389753818511963,5.289045810699463,1.019040865104396
NC_007432.1,DNABERT-2,24,100000,0.3314358001265022,5.415676116943359,5.7058281898498535,0.9491481230678049
NC_007432.1,DNABERT-2,24,250000,0.3610734616427216,5.50196647644043,5.7633209228515625,0.954652109450497
NC_007432.1,DNABERT-2,24,1000000,0.3573687539531942,5.291149139404297,5.722562789916992,0.9246118100664906
NC_007432.1,DNABERT-2,48,0,0.5295021234300171,7.781883716583252,7.343855857849121,1.0596454869502874
NC_007432.1,DNABERT-2,48,100000,0.4054395951929159,7.764865875244141,7.681109428405762,1.010904212160894
NC_007432.1,DNABERT-2,48,250000,0.41709587060630704,7.774689197540283,7.748916149139404,1.0033260197819718
NC_007432.1,DNABERT-2,48,1000000,0.43164362519201227,7.602558135986328,7.748045921325684,0.9812226480306582
NC_007432.1,NT-v2-50M,8,0,0.5556157947049788,3.3214111328125,3.04152774810791,1.0920206579994876
NC_007432.1,NT-v2-50M,8,100000,0.5159483148097949,3.2728426456451416,3.145998239517212,1.0403192870659062
NC_007432.1,NT-v2-50M,8,250000,0.5235384476371193,3.235405445098877,3.1569600105285645,1.024848409326914
NC_007432.1,NT-v2-50M,8,1000000,0.444474564019156,3.0734431743621826,3.2671163082122803,0.9407204655177787
NC_007432.1,NT-v2-50M,16,0,0.5396223005331164,4.575199127197266,4.291016101837158,1.0662274432478678
NC_007432.1,NT-v2-50M,16,100000,0.4423963133640553,4.399505138397217,4.409606456756592,0.9977092471950876
NC_007432.1,NT-v2-50M,16,250000,0.49028643715550735,4.4580559730529785,4.427034378051758,1.0070073083586202
NC_007432.1,NT-v2-50M,16,1000000,0.4481792717086835,4.358902454376221,4.581718444824219,0.951368467283339
NC_007432.1,NT-v2-50M,24,0,0.6007047980482516,5.632688045501709,5.155978679656982,1.0924575905881055
NC_007432.1,NT-v2-50M,24,100000,0.5268817204301075,5.522202968597412,5.262083053588867,1.049432879025187
NC_007432.1,NT-v2-50M,24,250000,0.5538989789464173,5.529397487640381,5.292762756347656,1.0447091135926934
NC_007432.1,NT-v2-50M,24,1000000,0.48775639287973255,5.390858173370361,5.4750075340271,0.9846302749112671
NC_007432.1,NT-v2-50M,48,0,0.5610373181530677,7.591870307922363,7.1706767082214355,1.0587383334710954
NC_007432.1,NT-v2-50M,48,100000,0.5154061624649859,7.527514934539795,7.285432815551758,1.033228241220107
NC_007432.1,NT-v2-50M,48,250000,0.5309478630161742,7.497972011566162,7.330143451690674,1.0228956719580677
NC_007432.1,NT-v2-50M,48,1000000,0.4597451883979398,7.327674865722656,7.579959869384766,0.9667168417762895
NC_007432.1,compositional,11,0,0.7005511882172224,5.437451118602317,3.756808395440982,1.4473591799892838
NC_007384.1,DNABERT-S,8,0,0.8228070175438597,3.207979202270508,2.6141750812530518,1.227147800954796
NC_007384.1,DNABERT-S,8,100000,0.6586412840612169,2.9193949699401855,2.6087279319763184,1.1190875576390644
NC_007384.1,DNABERT-S,8,250000,0.7555057857409481,3.02301287651062,2.5751960277557373,1.1738962175804346
NC_007384.1,DNABERT-S,8,1000000,0.7543486375513251,3.0957911014556885,2.6292428970336914,1.1774458361942732
NC_007384.1,DNABERT-S,16,0,0.8738335199701381,4.8328537940979,3.8334600925445557,1.260702779584689
NC_007384.1,DNABERT-S,16,100000,0.7652482269503547,4.581538200378418,3.8515050411224365,1.1895449055528768
NC_007384.1,DNABERT-S,16,250000,0.8265024262784622,4.667505741119385,3.8052563667297363,1.2265942925497741
NC_007384.1,DNABERT-S,16,1000000,0.7917133258678611,4.655184268951416,3.845595598220825,1.210523610726294
NC_007384.1,DNABERT-S,24,0,0.8401642403882046,5.8552680015563965,4.754822731018066,1.2314377071009566
NC_007384.1,DNABERT-S,24,100000,0.7799178798058978,5.664950847625732,4.779552459716797,1.1852471325236584
NC_007384.1,DNABERT-S,24,250000,0.8128032848077641,5.73049783706665,4.739546298980713,1.2090815186886246
NC_007384.1,DNABERT-S,24,1000000,0.7767450541246734,5.6694655418396,4.794276237487793,1.182548785468066
NC_007384.1,DNABERT-S,48,0,0.7848824188129899,8.495205879211426,6.8706464767456055,1.2364492785306747
NC_007384.1,DNABERT-S,48,100000,0.7489734975737216,8.360772132873535,6.891971588134766,1.2131176145977531
NC_007384.1,DNABERT-S,48,250000,0.7563643150429264,8.363369941711426,6.85481595993042,1.2200721347734504
NC_007384.1,DNABERT-S,48,1000000,0.7082866741321389,8.285367012023926,6.9385762214660645,1.1941018946208672
NC_007384.1,DNABERT-2,8,0,0.8569988801791714,4.201777935028076,3.052351951599121,1.376570592662741
NC_007384.1,DNABERT-2,8,100000,0.8326987681970884,3.9690334796905518,2.9731624126434326,1.3349534700197196
NC_007384.1,DNABERT-2,8,250000,0.8377006345651362,4.003602027893066,2.982895612716675,1.342186434826924
NC_007384.1,DNABERT-2,8,1000000,0.8286674132138858,4.025308609008789,3.0365986824035645,1.325597825071382
NC_007384.1,DNABERT-2,16,0,0.8684957073534901,5.776917934417725,4.204503536224365,1.3739833691768955
NC_007384.1,DNABERT-2,16,100000,0.8472937663307204,5.598548412322998,4.151828289031982,1.3484537467777418
NC_007384.1,DNABERT-2,16,250000,0.8536394176931691,5.606857776641846,4.1531596183776855,1.3500222220767923
NC_007384.1,DNABERT-2,16,1000000,0.8417319895483389,5.596911907196045,4.221850395202637,1.3257011460083747
NC_007384.1,DNABERT-2,24,0,0.8661067562523329,6.555068492889404,5.122739315032959,1.2796021990916455
NC_007384.1,DNABERT-2,24,100000,0.8371407241508025,6.346381187438965,5.080456733703613,1.249175324206039
NC_007384.1,DNABERT-2,24,250000,0.8412094064949608,6.377687931060791,5.068044185638428,1.2584120614286605
NC_007384.1,DNABERT-2,24,1000000,0.8198208286674132,6.3555426597595215,5.157491207122803,1.2322934551942888
NC_007384.1,DNABERT-2,48,0,0.880963045912654,8.799120903015137,7.076481342315674,1.2434316544295099
NC_007384.1,DNABERT-2,48,100000,0.8605076521089959,8.62534236907959,7.071191310882568,1.2197863117923542
NC_007384.1,DNABERT-2,48,250000,0.8643523702874207,8.634748458862305,7.046921253204346,1.2253221156595087
NC_007384.1,DNABERT-2,48,1000000,0.8443822321761851,8.58137321472168,7.128424644470215,1.2038246376608008
NC_007384.1,NT-v2-50M,8,0,0.3796192609182531,2.6788718700408936,3.000058174133301,0.892939974677259
NC_007384.1,NT-v2-50M,8,100000,0.3846211272863009,2.6718225479125977,2.9825260639190674,0.895825381120659
NC_007384.1,NT-v2-50M,8,250000,0.3761104889884285,2.680586576461792,2.9947052001953125,0.8951086658836956
NC_007384.1,NT-v2-50M,8,1000000,0.35804404628592756,2.634809732437134,2.9856834411621094,0.8824812758487196
NC_007384.1,NT-v2-50M,16,0,0.7569988801791714,4.7920637130737305,4.176333904266357,1.1474330891450923
NC_007384.1,NT-v2-50M,16,100000,0.6959313176558417,4.546360969543457,4.153689384460449,1.0945356161084285
NC_007384.1,NT-v2-50M,16,250000,0.7180291153415453,4.630532264709473,4.156747817993164,1.1139795983449983
NC_007384.1,NT-v2-50M,16,1000000,0.712728630085853,4.648964881896973,4.17418909072876,1.1137408442331307
NC_007384.1,NT-v2-50M,24,0,0.7478163493840986,5.727698802947998,5.115076541900635,1.119767955773293
NC_007384.1,NT-v2-50M,24,100000,0.6791340052258306,5.492220401763916,5.110842227935791,1.0746213944432714
NC_007384.1,NT-v2-50M,24,250000,0.6998133631952221,5.548096179962158,5.095028877258301,1.0889234023238075
NC_007384.1,NT-v2-50M,24,1000000,0.6817842478536768,5.564366817474365,5.135544300079346,1.0835008895529135
NC_007384.1,NT-v2-50M,48,0,0.7253826054497947,7.848839282989502,7.209770679473877,1.0886392413749089
NC_007384.1,NT-v2-50M,48,100000,0.6815602836879433,7.701613426208496,7.221256732940674,1.066519819337902
NC_007384.1,NT-v2-50M,48,250000,0.6860768943635684,7.685171604156494,7.18229866027832,1.0700155991367097
NC_007384.1,NT-v2-50M,48,1000000,0.6375139977603583,7.648525238037109,7.28497314453125,1.049904383488191
NC_007384.1,compositional,11,0,0.8095558044046286,5.4443022594534085,3.1666961670647793,1.7192373288213973
NC_007434.1,DNABERT-S,8,0,0.7842136752136752,3.536943197250366,2.6961584091186523,1.3118454706845502
NC_007434.1,DNABERT-S,8,100000,0.6476666666666666,3.0984833240509033,2.7594971656799316,1.1228434522734676
NC_007434.1,DNABERT-S,8,250000,0.6868233618233618,3.2057437896728516,2.7773261070251465,1.1542554479159066
NC_007434.1,DNABERT-S,8,1000000,0.7112393162393162,3.3719868659973145,2.8007357120513916,1.203964676669728
NC_007434.1,DNABERT-S,16,0,0.7986752136752137,5.253573417663574,3.8690969944000244,1.35782933983495
NC_007434.1,DNABERT-S,16,100000,0.7801168091168091,4.878012180328369,3.9488182067871094,1.2353093824233765
NC_007434.1,DNABERT-S,16,250000,0.7638547008547009,4.984535217285156,3.9701101779937744,1.2555155886892801
NC_007434.1,DNABERT-S,16,1000000,0.7503817663817663,5.1116557121276855,3.981001853942871,1.2840123917714306
NC_007434.1,DNABERT-S,24,0,0.8131282051282052,6.618386268615723,4.779366493225098,1.3847831669735924
NC_007434.1,DNABERT-S,24,100000,0.7961082621082621,6.241217613220215,4.875062942504883,1.2802332373607017
NC_007434.1,DNABERT-S,24,250000,0.7796267806267806,6.343249797821045,4.909609317779541,1.2920070391038556
NC_007434.1,DNABERT-S,24,1000000,0.7612108262108263,6.459273338317871,4.950096607208252,1.3048782379139794
NC_007434.1,DNABERT-S,48,0,0.8071965811965812,9.587810516357422,6.81335973739624,1.4072074403664838
NC_007434.1,DNABERT-S,48,100000,0.7951680911680912,9.267436027526855,6.926551818847656,1.3379580879348194
NC_007434.1,DNABERT-S,48,250000,0.7776410256410257,9.351555824279785,6.98183536529541,1.3394122512202935
NC_007434.1,DNABERT-S,48,1000000,0.760031339031339,9.411048889160156,7.0479350090026855,1.3352916672953064
NC_007434.1,DNABERT-2,8,0,0.7055185185185185,3.305819511413574,2.714179515838623,1.2179811586236025
NC_007434.1,DNABERT-2,8,100000,0.42977207977207976,2.7194924354553223,2.770042896270752,0.9817510187717726
NC_007434.1,DNABERT-2,8,250000,0.5906638176638177,2.961575984954834,2.788257598876953,1.0621601053459657
NC_007434.1,DNABERT-2,8,1000000,0.6262849002849002,3.1589126586914062,2.765752077102661,1.1421532265468317
NC_007434.1,DNABERT-2,16,0,0.6758974358974359,4.580611228942871,3.9322879314422607,1.1648717766358534
NC_007434.1,DNABERT-2,16,100000,0.4792991452991453,4.116368293762207,4.022194862365723,1.0234134433111712
NC_007434.1,DNABERT-2,16,250000,0.5724444444444444,4.273694038391113,4.0401787757873535,1.0577982499198324
NC_007434.1,DNABERT-2,16,1000000,0.6181994301994302,4.470787525177002,4.040048122406006,1.1066173940805621
NC_007434.1,DNABERT-2,24,0,0.6845897435897436,5.621047019958496,4.811514377593994,1.1682490332221163
NC_007434.1,DNABERT-2,24,100000,0.5735441595441595,5.246670246124268,4.902880668640137,1.0701199153556973
NC_007434.1,DNABERT-2,24,250000,0.6058091168091168,5.354973316192627,4.925355911254883,1.087225656922788
NC_007434.1,DNABERT-2,24,1000000,0.6244074074074074,5.5277323722839355,4.937982559204102,1.119431327674614
NC_007434.1,DNABERT-2,48,0,0.7130541310541311,7.772286891937256,6.824623107910156,1.138859504626519
NC_007434.1,DNABERT-2,48,100000,0.6102849002849002,7.413717269897461,6.957672119140625,1.0655456513252832
NC_007434.1,DNABERT-2,48,250000,0.6357549857549858,7.51390266418457,6.969387054443359,1.0781296268219245
NC_007434.1,DNABERT-2,48,1000000,0.6465470085470085,7.69618034362793,6.998015880584717,1.0997660586881775
NC_007434.1,NT-v2-50M,8,0,0.5006809116809117,2.742572546005249,2.754648208618164,0.9956162596097987
NC_007434.1,NT-v2-50M,8,100000,0.2511851851851852,2.325605869293213,2.864272117614746,0.8119360779275003
NC_007434.1,NT-v2-50M,8,250000,0.2920797720797721,2.4312357902526855,2.8576552867889404,0.8507799388863976
NC_007434.1,NT-v2-50M,8,1000000,0.41171509971509973,2.664778470993042,2.871772527694702,0.9279211515865349
NC_007434.1,NT-v2-50M,16,0,0.519997150997151,4.0533857345581055,3.9956722259521484,1.014444004748714
NC_007434.1,NT-v2-50M,16,100000,0.31077777777777776,3.730806827545166,4.118294715881348,0.9059105976942555
NC_007434.1,NT-v2-50M,16,250000,0.3476011396011396,3.7916061878204346,4.108731269836426,0.922816786694201
NC_007434.1,NT-v2-50M,16,1000000,0.44934188034188033,3.993666172027588,4.113547325134277,0.9708569894469912
NC_007434.1,NT-v2-50M,24,0,0.5578831908831909,5.041693687438965,4.883577823638916,1.0323770541824255
NC_007434.1,NT-v2-50M,24,100000,0.3624216524216524,4.738100528717041,5.019873142242432,0.9438685788383251
NC_007434.1,NT-v2-50M,24,250000,0.4085783475783476,4.81296443939209,5.005025386810303,0.9616263789741508
NC_007434.1,NT-v2-50M,24,1000000,0.49396296296296294,4.990961074829102,5.028602600097656,0.9925145158084626
NC_007434.1,NT-v2-50M,48,0,0.6498433048433049,7.281985759735107,6.905456066131592,1.0545264049177343
NC_007434.1,NT-v2-50M,48,100000,0.48342450142450144,7.036766529083252,7.043492794036865,0.9990450384276239
NC_007434.1,NT-v2-50M,48,250000,0.5302962962962963,7.081030368804932,7.0389790534973145,1.0059740645607866
NC_007434.1,NT-v2-50M,48,1000000,0.5881025641025641,7.218245983123779,7.0495285987854,1.023933144177534
NC_007434.1,compositional,11,0,0.8689612274517935,7.91706898646524,2.7386554325593853,2.890859833019014
NC_007510.1,DNABERT-S,8,0,0.8568169704722312,3.7136688232421875,2.7171759605407715,1.3667384362193071
NC_007510.1,DNABERT-S,8,100000,0.7562946380982838,3.277191400527954,2.698247194290161,1.2145630717092613
NC_007510.1,DNABERT-S,8,250000,0.7919944568809295,3.4544870853424072,2.7063584327697754,1.2764336916773336
NC_007510.1,DNABERT-S,8,1000000,0.8048395693422876,3.560106039047241,2.7163634300231934,1.3106147725662922
NC_007510.1,DNABERT-S,16,0,0.8855665707280673,5.251642227172852,3.896120309829712,1.347915826398694
NC_007510.1,DNABERT-S,16,100000,0.8190598017268947,4.907876014709473,3.8986146450042725,1.2588769246528324
NC_007510.1,DNABERT-S,16,250000,0.8508581174714849,5.026003360748291,3.8817708492279053,1.2947707517943716
NC_007510.1,DNABERT-S,16,1000000,0.82991152329176,5.024490833282471,3.9065234661102295,1.2861796113272588
NC_007510.1,DNABERT-S,24,0,0.8994776676260526,6.681188106536865,4.788046360015869,1.395389184685071
NC_007510.1,DNABERT-S,24,100000,0.8954908858330668,6.424468517303467,4.793519496917725,1.3402404061221525
NC_007510.1,DNABERT-S,24,250000,0.8877411789787869,6.492298603057861,4.77875280380249,1.3585759443116392
NC_007510.1,DNABERT-S,24,1000000,0.8565611342074406,6.436794757843018,4.801572322845459,1.3405597843892332
NC_007510.1,DNABERT-S,48,0,0.9020999893401557,9.806795120239258,6.883430480957031,1.424695890714622
NC_007510.1,DNABERT-S,48,100000,0.8988060974309775,9.648876190185547,6.907897472381592,1.3967891429718868
NC_007510.1,DNABERT-S,48,250000,0.8911416693316278,9.636672019958496,6.883001327514648,1.4000683076198328
NC_007510.1,DNABERT-S,48,1000000,0.8686707174075259,9.489522933959961,6.896475315093994,1.3759960705131047
NC_007510.1,DNABERT-2,8,0,0.7873041253597698,3.5095012187957764,2.703554153442383,1.2981064996708858
NC_007510.1,DNABERT-2,8,100000,0.47720925274490994,2.918881893157959,2.723304033279419,1.0718163882873644
NC_007510.1,DNABERT-2,8,250000,0.5886579255942863,3.166205644607544,2.6847259998321533,1.1793403292572473
NC_007510.1,DNABERT-2,8,1000000,0.7187080268628078,3.3912315368652344,2.6845195293426514,1.2632545600052434
NC_007510.1,DNABERT-2,16,0,0.6654940837863768,4.442763328552246,3.93510103225708,1.1290087070531918
NC_007510.1,DNABERT-2,16,100000,0.46298902036030276,4.047476291656494,3.955575704574585,1.0232331761406126
NC_007510.1,DNABERT-2,16,250000,0.5504850229186654,4.188014507293701,3.912039041519165,1.070545171672767
NC_007510.1,DNABERT-2,16,1000000,0.6207014177593008,4.324260234832764,3.900705575942993,1.1085841139874744
NC_007510.1,DNABERT-2,24,0,0.7117045091141669,5.515275478363037,4.8762407302856445,1.1310506973350265
NC_007510.1,DNABERT-2,24,100000,0.5425860782432577,5.147238254547119,4.897003173828125,1.0510996362135046
NC_007510.1,DNABERT-2,24,250000,0.6162242831254664,5.3061394691467285,4.859996318817139,1.091799071658181
NC_007510.1,DNABERT-2,24,1000000,0.6643215009060868,5.356738567352295,4.837128639221191,1.1074211514487993
NC_007510.1,DNABERT-2,48,0,0.7913442063745869,7.7680277824401855,6.846065044403076,1.1346704613609901
NC_007510.1,DNABERT-2,48,100000,0.6888071634154141,7.555984020233154,6.892910480499268,1.0961964530962338
NC_007510.1,DNABERT-2,48,250000,0.7228973456987527,7.579631328582764,6.840146541595459,1.1081094948025514
NC_007510.1,DNABERT-2,48,1000000,0.7228227267881889,7.551405906677246,6.841805934906006,1.1037153024395143
NC_007510.1,NT-v2-50M,8,0,0.4501332480545784,2.6238162517547607,2.7278554439544678,0.961860445196874
NC_007510.1,NT-v2-50M,8,100000,0.21052126638951071,2.114518165588379,2.76348876953125,0.7651625687435122
NC_007510.1,NT-v2-50M,8,250000,0.2543332267348897,2.298046827316284,2.7422659397125244,0.8380101995349115
NC_007510.1,NT-v2-50M,8,1000000,0.4243470845325658,2.6148769855499268,2.74586820602417,0.9522951537925742
NC_007510.1,NT-v2-50M,16,0,0.3958320008527875,3.8027868270874023,3.953544855117798,0.9618676318202786
NC_007510.1,NT-v2-50M,16,100000,0.2109050207866965,3.4218108654022217,4.009585380554199,0.8534076570603577
NC_007510.1,NT-v2-50M,16,250000,0.2667306257328643,3.5842232704162598,3.972078800201416,0.9023545228343686
NC_007510.1,NT-v2-50M,16,1000000,0.37169811320754714,3.7556915283203125,3.9583771228790283,0.9487957846696281
NC_007510.1,NT-v2-50M,24,0,0.4805244643428206,4.845139026641846,4.869504928588867,0.994996226042617
NC_007510.1,NT-v2-50M,24,100000,0.3389617311587251,4.555398941040039,4.93392276763916,0.9232813636480488
NC_007510.1,NT-v2-50M,24,250000,0.38313612621255727,4.654988765716553,4.890024662017822,0.95193564193513
NC_007510.1,NT-v2-50M,24,1000000,0.4341754610382688,4.755929470062256,4.880543231964111,0.9744672353098476
NC_007510.1,NT-v2-50M,48,0,0.5424901396439612,6.9823503494262695,6.875474452972412,1.0155445121911046
NC_007510.1,NT-v2-50M,48,100000,0.4407046157126106,6.812199592590332,6.954517364501953,0.9795359239969612
NC_007510.1,NT-v2-50M,48,250000,0.4711864406779661,6.820517539978027,6.898173809051514,0.9887424887770168
NC_007510.1,NT-v2-50M,48,1000000,0.487352094659418,6.865736961364746,6.9020586013793945,0.9947375642380971
NC_007510.1,compositional,11,0,0.9505703016735956,9.109234559199011,2.8662864981109673,3.178061427286656
NC_007530.2,DNABERT-S,8,0,0.8436550925201165,3.2006609439849854,2.652576446533203,1.206623450256487
NC_007530.2,DNABERT-S,8,100000,0.7752590876358058,3.1227293014526367,2.686927556991577,1.162193336149712
NC_007530.2,DNABERT-S,8,250000,0.8137230345345815,3.236048698425293,2.6867568492889404,1.2044441979488112
NC_007530.2,DNABERT-S,8,1000000,0.7842449669682833,3.2197299003601074,2.7335169315338135,1.1778708458752707
NC_007530.2,DNABERT-S,16,0,0.8624878674974169,4.451023578643799,3.8352468013763428,1.1605572754917557
NC_007530.2,DNABERT-S,16,100000,0.8188578227245688,4.449097633361816,3.8720152378082275,1.149039288357824
NC_007530.2,DNABERT-S,16,250000,0.8292526378408842,4.50124979019165,3.8710620403289795,1.1627945363048522
NC_007530.2,DNABERT-S,16,1000000,0.7959547888161809,4.445244789123535,3.947068929672241,1.1262141270719237
NC_007530.2,DNABERT-S,24,0,0.8565390275212124,5.5320281982421875,4.785743713378906,1.1559390827337843
NC_007530.2,DNABERT-S,24,100000,0.8145997056889696,5.521378517150879,4.835826396942139,1.1417652462963184
NC_007530.2,DNABERT-S,24,250000,0.825698988697204,5.561877250671387,4.842555522918701,1.1485417615447673
NC_007530.2,DNABERT-S,24,1000000,0.7707974576536523,5.474222660064697,4.9386162757873535,1.108452723266489
NC_007530.2,DNABERT-S,48,0,0.8605466670841291,7.877689838409424,6.819654941558838,1.1551449312197517
NC_007530.2,DNABERT-S,48,100000,0.8204546166129184,7.87108039855957,6.905336856842041,1.13985466049504
NC_007530.2,DNABERT-S,48,250000,0.8196405648267009,7.895236968994141,6.927802085876465,1.1396452830386077
NC_007530.2,DNABERT-S,48,1000000,0.7777168978365008,7.785116195678711,7.029977321624756,1.1074169715642026
NC_007530.2,DNABERT-2,8,0,0.3957857165221203,2.4560651779174805,2.7580392360687256,0.8905113262341854
NC_007530.2,DNABERT-2,8,100000,0.4260934907166787,2.8824117183685303,3.0844035148620605,0.934511877087339
NC_007530.2,DNABERT-2,8,250000,0.4242462193556467,2.838554859161377,3.0936567783355713,0.9175403293084624
NC_007530.2,DNABERT-2,8,1000000,0.4257803938758258,2.84873366355896,3.068606376647949,0.9283476972601578
NC_007530.2,DNABERT-2,16,0,0.3913553962240521,3.7064361572265625,4.058729648590088,0.9132010451876478
NC_007530.2,DNABERT-2,16,100000,0.4306803594351733,4.067174434661865,4.323593616485596,0.9406930427397201
NC_007530.2,DNABERT-2,16,250000,0.44703966936973605,4.072248935699463,4.333310127258301,0.9397547870122067
NC_007530.2,DNABERT-2,16,1000000,0.44204577475813267,4.056629657745361,4.34306526184082,0.9340475938475646
NC_007530.2,DNABERT-2,24,0,0.5864303829174363,5.024504661560059,4.968743801116943,1.0112223255364023
NC_007530.2,DNABERT-2,24,100000,0.579636181470929,5.282154560089111,5.217923164367676,1.0123097626580746
NC_007530.2,DNABERT-2,24,250000,0.5612260872287799,5.230942249298096,5.226609706878662,1.000828939343554
NC_007530.2,DNABERT-2,24,1000000,0.5378064435329848,5.176722049713135,5.237551689147949,0.9883858636544148
NC_007530.2,DNABERT-2,48,0,0.60628855004853,7.092185974121094,6.993875503540039,1.014056651499057
NC_007530.2,DNABERT-2,48,100000,0.5770766147969567,7.31310510635376,7.234032154083252,1.010930688526989
NC_007530.2,DNABERT-2,48,250000,0.5637386893766242,7.242212295532227,7.218133449554443,1.0033358826275607
NC_007530.2,DNABERT-2,48,1000000,0.5313801308744794,7.183337688446045,7.263288974761963,0.9889924128595561
NC_007530.2,NT-v2-50M,8,0,0.40895143867998374,2.7340288162231445,2.865039825439453,0.954272534694622
NC_007530.2,NT-v2-50M,8,100000,0.45278499639938635,2.856175422668457,2.941776752471924,0.9709014867523386
NC_007530.2,NT-v2-50M,8,250000,0.4301950593318513,2.796111583709717,2.917850971221924,0.9582777226414598
NC_007530.2,NT-v2-50M,8,1000000,0.41701368233194525,2.7772254943847656,2.97151780128479,0.9346151294075982
NC_007530.2,NT-v2-50M,16,0,0.3960831585209305,3.879276990890503,4.078217506408691,0.9512187578996057
NC_007530.2,NT-v2-50M,16,100000,0.42737718776417544,4.046743392944336,4.162189960479736,0.972263022920248
NC_007530.2,NT-v2-50M,16,250000,0.42070822505400923,4.013274192810059,4.144535541534424,0.9683290570417528
NC_007530.2,NT-v2-50M,16,1000000,0.40275212123109677,3.9577476978302,4.209173679351807,0.9402671401384595
NC_007530.2,NT-v2-50M,24,0,0.5029431103040171,4.987110614776611,5.002817630767822,0.9968603660675913
NC_007530.2,NT-v2-50M,24,100000,0.49773004790381664,5.058425426483154,5.082777976989746,0.9952088108871097
NC_007530.2,NT-v2-50M,24,250000,0.4913898368765459,5.030984878540039,5.0784912109375,0.9906455814484533
NC_007530.2,NT-v2-50M,24,1000000,0.4812611540749554,5.008590221405029,5.160609245300293,0.9705424269365666
NC_007530.2,NT-v2-50M,48,0,0.548295187701556,7.146373271942139,7.0257673263549805,1.0171662311011558
NC_007530.2,NT-v2-50M,48,100000,0.529446757882213,7.193911552429199,7.121097564697266,1.0102251074459234
NC_007530.2,NT-v2-50M,48,250000,0.5330943360781489,7.189358711242676,7.12715482711792,1.0087277301579134
NC_007530.2,NT-v2-50M,48,1000000,0.5369454272206393,7.196558475494385,7.23300313949585,0.9949613371792335
NC_007530.2,compositional,11,0,0.48938733092947456,2.9118047177529482,2.967495953437957,0.9812329194179731
NC_007606.1,DNABERT-S,8,0,0.5752140236445169,2.7547011375427246,2.6849026679992676,1.0259966479885356
NC_007606.1,DNABERT-S,8,100000,0.5004076640847941,2.6469709873199463,2.6792068481445312,0.987968132864803
NC_007606.1,DNABERT-S,8,250000,0.5531322190515016,2.692925214767456,2.6575193405151367,1.013322903699153
NC_007606.1,DNABERT-S,8,1000000,0.5677401820899579,2.724879503250122,2.669428825378418,1.0207724878612725
NC_007606.1,DNABERT-S,16,0,0.7067536350047561,4.310619354248047,3.9236202239990234,1.0986331775644145
NC_007606.1,DNABERT-S,16,100000,0.6413914934094306,4.183622360229492,3.9215939044952393,1.066816825534611
NC_007606.1,DNABERT-S,16,250000,0.6890202473162115,4.239449977874756,3.890948534011841,1.0895672201306619
NC_007606.1,DNABERT-S,16,1000000,0.685487158581329,4.206255912780762,3.8779988288879395,1.0846459987165478
NC_007606.1,DNABERT-S,24,0,0.7554694931376545,5.344203472137451,4.843257427215576,1.1034316371677713
NC_007606.1,DNABERT-S,24,100000,0.6799157494224759,5.1960978507995605,4.8371076583862305,1.0742158781169442
NC_007606.1,DNABERT-S,24,250000,0.7420165783394483,5.26230001449585,4.805367469787598,1.095087950626271
NC_007606.1,DNABERT-S,24,1000000,0.7418806903111835,5.239991664886475,4.803369522094727,1.090899136696304
NC_007606.1,DNABERT-S,48,0,0.6943198804185351,7.623815059661865,7.099217891693115,1.0738950650581647
NC_007606.1,DNABERT-S,48,100000,0.6572903927164017,7.522657871246338,7.111690521240234,1.0577875750890287
NC_007606.1,DNABERT-S,48,250000,0.6802554694931376,7.5344767570495605,7.053536891937256,1.0681842134634691
NC_007606.1,DNABERT-S,48,1000000,0.6521945916564751,7.488687515258789,7.06810998916626,1.0595035344295964
NC_007606.1,DNABERT-2,8,0,0.6752276124473434,4.249768257141113,3.1941258907318115,1.3304949155173849
NC_007606.1,DNABERT-2,8,100000,0.6532816958825928,4.0153350830078125,3.1284408569335938,1.2834940044043301
NC_007606.1,DNABERT-2,8,250000,0.6633374099741812,4.18144416809082,3.152952194213867,1.3261996727271628
NC_007606.1,DNABERT-2,8,1000000,0.6636091860307107,4.176642417907715,3.1769461631774902,1.3146720792178477
NC_007606.1,DNABERT-2,16,0,0.6954749286587851,6.054078102111816,4.363462448120117,1.387448196035251
NC_007606.1,DNABERT-2,16,100000,0.6600081532816959,5.793339252471924,4.313675403594971,1.3430169659135263
NC_007606.1,DNABERT-2,16,250000,0.6788286451963582,5.943460464477539,4.313683986663818,1.377815454922599
NC_007606.1,DNABERT-2,16,1000000,0.6662590025818725,5.9394612312316895,4.374678611755371,1.357690874769984
NC_007606.1,DNABERT-2,24,0,0.7305340399510803,7.0921735763549805,5.263362407684326,1.3474606206102497
NC_007606.1,DNABERT-2,24,100000,0.739842369887213,6.953342437744141,5.2246551513671875,1.3308710788164824
NC_007606.1,DNABERT-2,24,250000,0.7320967522761245,7.014801025390625,5.216889381408691,1.3446328861005008
NC_007606.1,DNABERT-2,24,1000000,0.6892240793586085,6.934085845947266,5.284938812255859,1.3120465708830928
NC_007606.1,DNABERT-2,48,0,0.7434434026362278,9.069387435913086,7.229709148406982,1.254460898736357
NC_007606.1,DNABERT-2,48,100000,0.766272591384699,8.955371856689453,7.215605735778809,1.2411115829519286
NC_007606.1,DNABERT-2,48,250000,0.7518005163745074,8.997679710388184,7.176946640014648,1.25369187785543
NC_007606.1,DNABERT-2,48,1000000,0.7118494360646827,8.919448852539062,7.241735458374023,1.2316728364089862
NC_007606.1,NT-v2-50M,8,0,0.3544639217284957,2.9625353813171387,3.28725004196167,0.9012199691232622
NC_007606.1,NT-v2-50M,8,100000,0.3513384970784074,2.941707134246826,3.286813735961914,0.8950026897054787
NC_007606.1,NT-v2-50M,8,250000,0.3509987770077456,2.9415483474731445,3.2688655853271484,0.899868248078715
NC_007606.1,NT-v2-50M,8,1000000,0.34644652806087783,2.880216360092163,3.256625175476074,0.8844175196401332
NC_007606.1,NT-v2-50M,16,0,0.532341350727001,4.984931945800781,4.555052757263184,1.094374140420688
NC_007606.1,NT-v2-50M,16,100000,0.5016306563391765,4.785050392150879,4.55396842956543,1.0507429873877059
NC_007606.1,NT-v2-50M,16,250000,0.5190922679711918,4.885103702545166,4.532739639282227,1.0777375475549567
NC_007606.1,NT-v2-50M,16,1000000,0.4986411197173529,4.7757182121276855,4.52501106262207,1.0554047594660112
NC_007606.1,NT-v2-50M,24,0,0.5306427503736921,6.089628219604492,5.458672523498535,1.115587753870527
NC_007606.1,NT-v2-50M,24,100000,0.48321782850930833,5.863373279571533,5.44541597366333,1.0767539721353974
NC_007606.1,NT-v2-50M,24,250000,0.514540019024324,5.974288463592529,5.427916049957275,1.1006597022884232
NC_007606.1,NT-v2-50M,24,1000000,0.49361326267155864,5.878912448883057,5.419516563415527,1.084766949245747
NC_007606.1,NT-v2-50M,48,0,0.533496398967251,8.194210052490234,7.433289051055908,1.1023666638291478
NC_007606.1,NT-v2-50M,48,100000,0.49945644788694116,8.006650924682617,7.452184200286865,1.0744032500396874
NC_007606.1,NT-v2-50M,48,250000,0.5213344204375594,8.070470809936523,7.405487537384033,1.0897960153461272
NC_007606.1,NT-v2-50M,48,1000000,0.4883815735833673,7.9553656578063965,7.425138473510742,1.0714097368267603
NC_007606.1,compositional,11,0,0.6499524391901074,4.898578004087722,3.402758494205713,1.4395902654946335
NC_007613.1,DNABERT-S,8,0,0.8169136878814298,3.056875228881836,2.62111234664917,1.1662511272322018
NC_007613.1,DNABERT-S,8,100000,0.6877651845393781,2.934549331665039,2.611172676086426,1.1238434587417956
NC_007613.1,DNABERT-S,8,250000,0.7855855855855856,3.016442060470581,2.600663185119629,1.1598741727609863
NC_007613.1,DNABERT-S,8,1000000,0.7407730310956118,3.01651930809021,2.685321092605591,1.1233365411669465
NC_007613.1,DNABERT-S,16,0,0.8342923568730021,4.587883472442627,3.853895425796509,1.1904535451930225
NC_007613.1,DNABERT-S,16,100000,0.8290031967451322,4.549468994140625,3.8641529083251953,1.1773522171803652
NC_007613.1,DNABERT-S,16,250000,0.8260970648067423,4.522528648376465,3.829423427581787,1.1809946677096403
NC_007613.1,DNABERT-S,16,1000000,0.800290613193839,4.5430073738098145,3.902888298034668,1.1640116311034276
NC_007613.1,DNABERT-S,24,0,0.8335367625690207,5.635298252105713,4.791862964630127,1.1760140667004004
NC_007613.1,DNABERT-S,24,100000,0.8135425748328974,5.592616081237793,4.812068939208984,1.1622061429064057
NC_007613.1,DNABERT-S,24,250000,0.8218541121766928,5.584339618682861,4.784223556518555,1.1672405255967062
NC_007613.1,DNABERT-S,24,1000000,0.8047660563789596,5.60526180267334,4.855447769165039,1.154427370894619
NC_007613.1,DNABERT-S,48,0,0.8091833769253124,8.113799095153809,6.94456148147583,1.1683673788182083
NC_007613.1,DNABERT-S,48,100000,0.811043301365882,8.183671951293945,6.960138320922852,1.1757915682067743
NC_007613.1,DNABERT-S,48,250000,0.8035454809648358,8.090394020080566,6.928461074829102,1.1677043332858914
NC_007613.1,DNABERT-S,48,1000000,0.7791339726823597,8.1151762008667,7.052088737487793,1.1507478851943114
NC_007613.1,DNABERT-2,8,0,0.7229293809938971,3.9085776805877686,3.173476457595825,1.2316390976313858
NC_007613.1,DNABERT-2,8,100000,0.7169427492008137,3.9063098430633545,3.0651755332946777,1.2744163590737536
NC_007613.1,DNABERT-2,8,250000,0.7251380412670735,3.880315065383911,3.0943775177001953,1.2539889018673587
NC_007613.1,DNABERT-2,8,1000000,0.7333914559721011,3.8442258834838867,3.1128671169281006,1.234946992301271
NC_007613.1,DNABERT-2,16,0,0.6972391746585295,5.073094844818115,4.322504997253418,1.1736469588911136
NC_007613.1,DNABERT-2,16,100000,0.7221737866899157,5.11883544921875,4.228096008300781,1.210671526656261
NC_007613.1,DNABERT-2,16,250000,0.7045045045045045,5.0809221267700195,4.264731407165527,1.191381506050567
NC_007613.1,DNABERT-2,16,1000000,0.6735832606800348,4.999625205993652,4.329683303833008,1.154732310690612
NC_007613.1,DNABERT-2,24,0,0.6860215053763441,6.080990314483643,5.244333744049072,1.1595353406681932
NC_007613.1,DNABERT-2,24,100000,0.7000290613193839,6.09188985824585,5.180605411529541,1.1759030797227341
NC_007613.1,DNABERT-2,24,250000,0.6897413542574833,6.074833393096924,5.198418617248535,1.168592574084052
NC_007613.1,DNABERT-2,24,1000000,0.6838128451031676,6.042726039886475,5.289280891418457,1.1424475583609934
NC_007613.1,DNABERT-2,48,0,0.7284510316768381,8.280598640441895,7.168364524841309,1.155158699274603
NC_007613.1,DNABERT-2,48,100000,0.7226387678000581,8.174394607543945,7.142147541046143,1.1445289474300897
NC_007613.1,DNABERT-2,48,250000,0.7142691078174949,8.206259727478027,7.138150215148926,1.1496339359827856
NC_007613.1,DNABERT-2,48,1000000,0.6971810520197617,8.167091369628906,7.24251651763916,1.127659336328463
NC_007613.1,NT-v2-50M,8,0,0.395931415286254,2.873203754425049,3.0652427673339844,0.937349493177024
NC_007613.1,NT-v2-50M,8,100000,0.3841325196163906,2.892359495162964,3.073364496231079,0.9411052606060606
NC_007613.1,NT-v2-50M,8,250000,0.3995931415286254,2.9004788398742676,3.0546488761901855,0.9495293755306496
NC_007613.1,NT-v2-50M,8,1000000,0.38453937808776517,2.8746421337127686,3.0562570095062256,0.9405760460496092
NC_007613.1,NT-v2-50M,16,0,0.6661435629177564,4.681922912597656,4.265183925628662,1.0977071550103363
NC_007613.1,NT-v2-50M,16,100000,0.6574832897413543,4.6262359619140625,4.252348899841309,1.0879248318703827
NC_007613.1,NT-v2-50M,16,250000,0.6690496948561465,4.6799540519714355,4.243199348449707,1.10293051720073
NC_007613.1,NT-v2-50M,16,1000000,0.638360941586748,4.665400505065918,4.288442611694336,1.087900883258561
NC_007613.1,NT-v2-50M,24,0,0.5930834059866318,5.430253982543945,5.142382621765137,1.0559801519942125
NC_007613.1,NT-v2-50M,24,100000,0.5709386806161,5.36585807800293,5.126540660858154,1.0466820479884218
NC_007613.1,NT-v2-50M,24,250000,0.5946527172333624,5.407365322113037,5.112898349761963,1.057592964343753
NC_007613.1,NT-v2-50M,24,1000000,0.5853530950305144,5.45980167388916,5.197997570037842,1.0503663382531
NC_007613.1,NT-v2-50M,48,0,0.5476315024702122,7.326983451843262,7.209078311920166,1.0163550921243483
NC_007613.1,NT-v2-50M,48,100000,0.5438535309503052,7.324183464050293,7.225860118865967,1.0136071476013788
NC_007613.1,NT-v2-50M,48,250000,0.543039814007556,7.3111186027526855,7.19840145111084,1.0156586364913631
NC_007613.1,NT-v2-50M,48,1000000,0.5173496076721883,7.32949161529541,7.283061504364014,1.006375081537287
NC_007613.1,compositional,11,0,0.650276082534147,4.413826298224589,3.352764129669447,1.3164738488954646
NC_007651.1,DNABERT-S,8,0,0.9658973060318838,4.063342094421387,2.6738667488098145,1.5196501831028237
NC_007651.1,DNABERT-S,8,100000,0.8389889781250753,3.452873706817627,2.705592155456543,1.276198890455087
NC_007651.1,DNABERT-S,8,250000,0.9379687914526204,3.8798279762268066,2.6939539909362793,1.4401983067566713
NC_007651.1,DNABERT-S,8,1000000,0.957359573595736,4.007750988006592,2.668630599975586,1.5018005819326425
NC_007651.1,DNABERT-S,16,0,0.9404529339411041,5.880722522735596,3.933079719543457,1.4951953537870868
NC_007651.1,DNABERT-S,16,100000,0.902901381954996,5.375420093536377,3.9742162227630615,1.3525736377270214
NC_007651.1,DNABERT-S,16,250000,0.9342546366640136,5.655766010284424,3.943807363510132,1.4340877961266816
NC_007651.1,DNABERT-S,16,1000000,0.9298892988929889,5.730432033538818,3.928891897201538,1.4585364483101397
NC_007651.1,DNABERT-S,24,0,0.9731085546149579,7.228077411651611,4.842862129211426,1.4925218225918349
NC_007651.1,DNABERT-S,24,100000,0.9487736053831126,6.85640287399292,4.891735076904297,1.4016300486844742
NC_007651.1,DNABERT-S,24,250000,0.9691049851674988,7.065441131591797,4.858098030090332,1.454363639397458
NC_007651.1,DNABERT-S,24,1000000,0.9650772978318019,7.059962749481201,4.828911304473877,1.4620195535462217
NC_007651.1,DNABERT-S,48,0,0.9744109205797941,10.584527969360352,6.915574073791504,1.5305349717058734
NC_007651.1,DNABERT-S,48,100000,0.971058534114753,10.397842407226562,6.968471527099609,1.492126697625227
NC_007651.1,DNABERT-S,48,250000,0.9696838144852037,10.44237232208252,6.920085430145264,1.5089947122030425
NC_007651.1,DNABERT-S,48,1000000,0.9615078503726213,10.322693824768066,6.895849704742432,1.496942982627495
NC_007651.1,DNABERT-2,8,0,0.8829558883824132,3.7973737716674805,2.735056161880493,1.388407969310798
NC_007651.1,DNABERT-2,8,100000,0.6966934375226105,3.147777795791626,2.746892213821411,1.145941504349205
NC_007651.1,DNABERT-2,8,250000,0.8620939150567977,3.585193157196045,2.7039761543273926,1.325896735982072
NC_007651.1,DNABERT-2,8,1000000,0.8760822902346671,3.732945203781128,2.7007856369018555,1.3821701184931103
NC_007651.1,DNABERT-2,16,0,0.8843788437884379,5.056687831878662,4.000469207763672,1.2640236855379856
NC_007651.1,DNABERT-2,16,100000,0.7336902780792514,4.57015323638916,4.029360771179199,1.1342129672473327
NC_007651.1,DNABERT-2,16,250000,0.8620215613920845,4.897525310516357,3.979341506958008,1.2307376237884775
NC_007651.1,DNABERT-2,16,1000000,0.8789282010467163,4.979801177978516,3.9560582637786865,1.258778522948746
NC_007651.1,DNABERT-2,24,0,0.8629139232568797,5.99029016494751,4.9037885665893555,1.2215637121389655
NC_007651.1,DNABERT-2,24,100000,0.7753177531775318,5.666613578796387,4.947050094604492,1.1454530417989273
NC_007651.1,DNABERT-2,24,250000,0.8436678484431903,5.885202407836914,4.891782283782959,1.2030793822013097
NC_007651.1,DNABERT-2,24,1000000,0.8523502882087645,5.889840602874756,4.867323875427246,1.210077807357283
NC_007651.1,DNABERT-2,48,0,0.8511202759086415,8.100351333618164,6.8975653648376465,1.1743783357113324
NC_007651.1,DNABERT-2,48,100000,0.8068639509924511,7.899820327758789,6.945775985717773,1.1373560483382656
NC_007651.1,DNABERT-2,48,250000,0.835733063212985,8.01243782043457,6.887447834014893,1.1633391661950183
NC_007651.1,DNABERT-2,48,1000000,0.8321877336420423,7.970256805419922,6.856359004974365,1.1624620005512272
NC_007651.1,NT-v2-50M,8,0,0.5607891373031377,2.8447890281677246,2.7489356994628906,1.034869250933575
NC_007651.1,NT-v2-50M,8,100000,0.21795335600414828,2.260456085205078,2.8214542865753174,0.8011670066605335
NC_007651.1,NT-v2-50M,8,250000,0.3789161421025975,2.563889741897583,2.78906512260437,0.9192649254110915
NC_007651.1,NT-v2-50M,8,1000000,0.5319200250826037,2.7917606830596924,2.74067759513855,1.018638853403171
NC_007651.1,NT-v2-50M,16,0,0.6136314304319513,4.234710216522217,3.974656820297241,1.06542788672898
NC_007651.1,NT-v2-50M,16,100000,0.43552082579649326,3.8969409465789795,4.046510219573975,0.9630374656484267
NC_007651.1,NT-v2-50M,16,250000,0.52533584159371,4.054834842681885,4.005993843078613,1.0121919806960404
NC_007651.1,NT-v2-50M,16,1000000,0.5797699153462123,4.127367973327637,3.95713210105896,1.0430200124537465
NC_007651.1,NT-v2-50M,24,0,0.5828811229288764,5.21063756942749,4.903690338134766,1.0625951498008903
NC_007651.1,NT-v2-50M,24,100000,0.4540433639630514,4.893043518066406,4.975067615509033,0.9835129683088268
NC_007651.1,NT-v2-50M,24,250000,0.4911607939608808,4.998203277587891,4.936809539794922,1.0124359137815795
NC_007651.1,NT-v2-50M,24,1000000,0.5367918385066204,5.075695514678955,4.903348922729492,1.035148751325966
NC_007651.1,NT-v2-50M,48,0,0.6944263560282662,7.54237174987793,6.971367359161377,1.081907086701746
NC_007651.1,NT-v2-50M,48,100000,0.6089284422255987,7.34220552444458,7.043960094451904,1.042340590519186
NC_007651.1,NT-v2-50M,48,250000,0.6274027446156815,7.378784656524658,6.993879795074463,1.055034526289867
NC_007651.1,NT-v2-50M,48,1000000,0.6393169814051082,7.362249851226807,6.953675270080566,1.0587566380765874
NC_007651.1,compositional,11,0,0.9775462460506958,11.004852052701104,3.2453582515522346,3.390951383391202
NC_007761.1,DNABERT-S,8,0,0.8467184565165855,3.169353723526001,2.567744255065918,1.234294933100586
NC_007761.1,DNABERT-S,8,100000,0.7042325437204807,2.8986620903015137,2.617278814315796,1.1075098588834436
NC_007761.1,DNABERT-S,8,250000,0.8018855881977497,3.076223134994507,2.6083855628967285,1.179359055943487
NC_007761.1,DNABERT-S,8,1000000,0.7996425770921094,3.1068661212921143,2.6169793605804443,1.187195500312625
NC_007761.1,DNABERT-S,16,0,0.9071885770556376,4.724516868591309,3.7516732215881348,1.2593092707022484
NC_007761.1,DNABERT-S,16,100000,0.8619180480332622,4.5547943115234375,3.803325891494751,1.197581916845246
NC_007761.1,DNABERT-S,16,250000,0.8820504403960829,4.676624298095703,3.811051845550537,1.2271216681441202
NC_007761.1,DNABERT-S,16,1000000,0.8596476831336506,4.654441833496094,3.8573851585388184,1.2066313427874549
NC_007761.1,DNABERT-S,24,0,0.9150117621314077,6.051868438720703,4.657661437988281,1.2993362697771786
NC_007761.1,DNABERT-S,24,100000,0.8902748144500976,5.899397373199463,4.737735271453857,1.245193544000851
NC_007761.1,DNABERT-S,24,250000,0.8956635118624287,6.013760566711426,4.738551616668701,1.269113656070971
NC_007761.1,DNABERT-S,24,1000000,0.8724583766435071,5.95487642288208,4.785849571228027,1.244267362409823
NC_007761.1,DNABERT-S,48,0,0.9035231686634936,8.80859661102295,6.755762100219727,1.3038642392005568
NC_007761.1,DNABERT-S,48,100000,0.886344986049565,8.673760414123535,6.852218151092529,1.2658324972827342
NC_007761.1,DNABERT-S,48,250000,0.8907307110162846,8.766580581665039,6.859024524688721,1.2781089424757361
NC_007761.1,DNABERT-S,48,1000000,0.862456005981363,8.648555755615234,6.9332475662231445,1.2474032800658374
NC_007761.1,DNABERT-2,8,0,0.7763827342852454,3.4254467487335205,2.7314398288726807,1.2540809841479357
NC_007761.1,DNABERT-2,8,100000,0.6396228823604501,3.1411209106445312,2.811755895614624,1.117138552298798
NC_007761.1,DNABERT-2,8,250000,0.7576362674836333,3.378626585006714,2.7722086906433105,1.2187490055889982
NC_007761.1,DNABERT-2,8,1000000,0.7155661323558911,3.3561887741088867,2.853459358215332,1.1761824342954659
NC_007761.1,DNABERT-2,16,0,0.6616882761639039,4.476452350616455,4.019023418426514,1.1138159409802666
NC_007761.1,DNABERT-2,16,100000,0.5361525976986341,4.2144551277160645,4.06161642074585,1.037630019956968
NC_007761.1,DNABERT-2,16,250000,0.6249430129292266,4.427211284637451,4.063794136047363,1.089428040994115
NC_007761.1,DNABERT-2,16,1000000,0.5873589000127651,4.388009548187256,4.139025688171387,1.0601551859722498
NC_007761.1,DNABERT-2,24,0,0.6948137206630559,5.504660606384277,4.890347480773926,1.1256174797446363
NC_007761.1,DNABERT-2,24,100000,0.5632054999361745,5.214319229125977,4.942958831787109,1.054898372932788
NC_007761.1,DNABERT-2,24,250000,0.6509473530645368,5.420801162719727,4.937928676605225,1.0977884691616226
NC_007761.1,DNABERT-2,24,1000000,0.6104181483305068,5.385401248931885,5.036235332489014,1.069330738814047
NC_007761.1,DNABERT-2,48,0,0.6998650546164086,7.630729675292969,6.9058451652526855,1.1049668060453481
NC_007761.1,DNABERT-2,48,100000,0.6053303426518591,7.4113664627075195,6.993276596069336,1.059784546041433
NC_007761.1,DNABERT-2,48,250000,0.6444189142367379,7.536065101623535,7.00046443939209,1.076509304042398
NC_007761.1,DNABERT-2,48,1000000,0.5971150865291682,7.4505391120910645,7.112378120422363,1.0475454181348587
NC_007761.1,NT-v2-50M,8,0,0.3479129055199956,2.5700008869171143,2.8575894832611084,0.8993597232812478
NC_007761.1,NT-v2-50M,8,100000,0.16416835348396155,2.3397481441497803,2.95050048828125,0.7930004260100122
NC_007761.1,NT-v2-50M,8,250000,0.2717508251727848,2.50872802734375,2.9131462574005127,0.8611747594102477
NC_007761.1,NT-v2-50M,8,1000000,0.2749968087240367,2.5266191959381104,2.94364070892334,0.8583313813669338
NC_007761.1,NT-v2-50M,16,0,0.3322574174371319,3.7981507778167725,4.1197943687438965,0.9219272706018112
NC_007761.1,NT-v2-50M,16,100000,0.228185349307949,3.656477451324463,4.222238063812256,0.8660045682083193
NC_007761.1,NT-v2-50M,16,250000,0.2760727246202382,3.7337348461151123,4.195751190185547,0.8898847135761635
NC_007761.1,NT-v2-50M,16,1000000,0.2714225796451301,3.7081995010375977,4.235264778137207,0.8755531697049108
NC_007761.1,NT-v2-50M,24,0,0.42772215839670297,4.882894039154053,5.005885601043701,0.9754306087490283
NC_007761.1,NT-v2-50M,24,100000,0.29745427357441145,4.7198486328125,5.1046142578125,0.9246239567639956
NC_007761.1,NT-v2-50M,24,250000,0.35954738588908947,4.798936367034912,5.078251361846924,0.9449978004416019
NC_007761.1,NT-v2-50M,24,1000000,0.33603224100516077,4.7476277351379395,5.132375240325928,0.9250351957579089
NC_007761.1,NT-v2-50M,48,0,0.45999963528274707,6.9645466804504395,7.044703960418701,0.9886216254907754
NC_007761.1,NT-v2-50M,48,100000,0.36222805769826943,6.8460235595703125,7.140285968780518,0.9587884280129942
NC_007761.1,NT-v2-50M,48,250000,0.3985994857486733,6.886265754699707,7.12423849105835,0.9665967476162789
NC_007761.1,NT-v2-50M,48,1000000,0.363440742564327,6.805644512176514,7.1815338134765625,0.9476589108868817
NC_007761.1,compositional,11,0,0.913258744855967,8.542670868702878,2.8573825359158587,2.9896840067179697
NC_007793.1,DNABERT-S,8,0,0.8638583638583639,3.156148910522461,2.6340458393096924,1.1982133581052623
NC_007793.1,DNABERT-S,8,100000,0.681929181929182,2.9610438346862793,2.662114143371582,1.1122903358817293
NC_007793.1,DNABERT-S,8,250000,0.8044871794871795,3.1366195678710938,2.655994176864624,1.1809587517898263
NC_007793.1,DNABERT-S,8,1000000,0.8182234432234432,3.104494333267212,2.6268439292907715,1.181834329268813
NC_007793.1,DNABERT-S,16,0,0.9221611721611722,4.593148231506348,3.813143253326416,1.2045569563901095
NC_007793.1,DNABERT-S,16,100000,0.7996031746031746,4.307048797607422,3.825822114944458,1.12578386244964
NC_007793.1,DNABERT-S,16,250000,0.8261599511599511,4.45015287399292,3.8402318954467773,1.158823996870945
NC_007793.1,DNABERT-S,16,1000000,0.8693528693528694,4.566495418548584,3.7909820079803467,1.2045679480767026
NC_007793.1,DNABERT-S,24,0,0.8347069597069597,5.486545085906982,4.662670612335205,1.176695834226891
NC_007793.1,DNABERT-S,24,100000,0.73992673992674,5.269933700561523,4.705570220947266,1.1199351944854512
NC_007793.1,DNABERT-S,24,250000,0.7619047619047619,5.34890604019165,4.715173244476318,1.1344028655697287
NC_007793.1,DNABERT-S,24,1000000,0.8067765567765568,5.445423126220703,4.663356781005859,1.167704591765367
NC_007793.1,DNABERT-S,48,0,0.8713369963369964,7.64187479019165,6.68650484085083,1.1428803197006665
NC_007793.1,DNABERT-S,48,100000,0.7907509157509157,7.445936679840088,6.740165710449219,1.1047112192355626
NC_007793.1,DNABERT-S,48,250000,0.7843406593406593,7.472464561462402,6.737917423248291,1.1090169398158032
NC_007793.1,DNABERT-S,48,1000000,0.8234126984126984,7.473268032073975,6.61718225479126,1.129373159801191
NC_007793.1,DNABERT-2,8,0,0.7742673992673993,3.0719833374023438,2.5704569816589355,1.1951117483474594
NC_007793.1,DNABERT-2,8,100000,0.344017094017094,2.4489223957061768,2.782343626022339,0.8801653299765767
NC_007793.1,DNABERT-2,8,250000,0.44581807081807084,2.6517977714538574,2.8185789585113525,0.9408279173610302
NC_007793.1,DNABERT-2,8,1000000,0.5715811965811965,2.8297691345214844,2.677009344100952,1.057063600004667
NC_007793.1,DNABERT-2,16,0,0.6655982905982906,4.358471393585205,3.8047242164611816,1.1455420013698312
NC_007793.1,DNABERT-2,16,100000,0.35057997557997556,3.7792179584503174,4.013790607452393,0.9415583243015854
NC_007793.1,DNABERT-2,16,250000,0.44505494505494503,4.032495975494385,4.028802394866943,1.0009167936933683
NC_007793.1,DNABERT-2,16,1000000,0.5311355311355311,4.143458843231201,3.877227783203125,1.068665313186251
NC_007793.1,DNABERT-2,24,0,0.5941697191697192,5.1523213386535645,4.694462776184082,1.0975316206131802
NC_007793.1,DNABERT-2,24,100000,0.3927045177045177,4.706734657287598,4.894578456878662,0.9616220679173964
NC_007793.1,DNABERT-2,24,250000,0.4384920634920635,4.921109676361084,4.912278652191162,1.0017977449560975
NC_007793.1,DNABERT-2,24,1000000,0.5254884004884005,4.992867946624756,4.744627475738525,1.0523203290786471
NC_007793.1,DNABERT-2,48,0,0.6402625152625152,7.3697638511657715,6.71075439453125,1.0982019930831568
NC_007793.1,DNABERT-2,48,100000,0.5006105006105006,7.115396976470947,6.909605979919434,1.0297833186363419
NC_007793.1,DNABERT-2,48,250000,0.5364774114774115,7.186129093170166,6.893826961517334,1.042400561151958
NC_007793.1,DNABERT-2,48,1000000,0.5903540903540904,7.170740604400635,6.711670875549316,1.0683987247532822
NC_007793.1,NT-v2-50M,8,0,0.6746031746031746,3.478996753692627,3.092172622680664,1.1250978448533762
NC_007793.1,NT-v2-50M,8,100000,0.6404151404151404,3.3924968242645264,3.1431078910827637,1.0793446937947304
NC_007793.1,NT-v2-50M,8,250000,0.6407203907203908,3.412801504135132,3.130467653274536,1.0901890331194666
NC_007793.1,NT-v2-50M,8,1000000,0.7078754578754579,3.431820869445801,3.014585494995117,1.1384055536468902
NC_007793.1,NT-v2-50M,16,0,0.6224053724053724,4.591118335723877,4.236270904541016,1.0837641027164924
NC_007793.1,NT-v2-50M,16,100000,0.48977411477411475,4.344301223754883,4.323097229003906,1.0049048156050522
NC_007793.1,NT-v2-50M,16,250000,0.5550976800976801,4.474668979644775,4.299027442932129,1.0408561096769484
NC_007793.1,NT-v2-50M,16,1000000,0.6311050061050061,4.5508551597595215,4.187406063079834,1.086795761195505
NC_007793.1,NT-v2-50M,24,0,0.7388583638583639,5.646392822265625,5.085013389587402,1.1103988111079042
NC_007793.1,NT-v2-50M,24,100000,0.6033272283272283,5.456679344177246,5.142092227935791,1.0611788163838012
NC_007793.1,NT-v2-50M,24,250000,0.6709401709401709,5.5421271324157715,5.1240081787109375,1.0815999778146377
NC_007793.1,NT-v2-50M,24,1000000,0.7431318681318682,5.550909996032715,4.9719133377075195,1.1164534896322555
NC_007793.1,NT-v2-50M,48,0,0.7967032967032966,7.742869853973389,7.040071964263916,1.0998282252336258
NC_007793.1,NT-v2-50M,48,100000,0.7185592185592186,7.681039810180664,7.13145637512207,1.0770646844276863
NC_007793.1,NT-v2-50M,48,250000,0.7304639804639804,7.675372123718262,7.120273590087891,1.0779602815266989
NC_007793.1,NT-v2-50M,48,1000000,0.7803724053724054,7.60552978515625,6.94331169128418,1.095374962743404
NC_007793.1,compositional,11,0,0.7970085470085471,3.944402372698432,3.1928902631416722,1.2353704786638369
NC_007778.1,DNABERT-S,8,0,0.6232159530478858,2.869213581085205,2.6920487880706787,1.0658103945959672
NC_007778.1,DNABERT-S,8,100000,0.47702414299052953,2.729539155960083,2.7186272144317627,1.0040137689604498
NC_007778.1,DNABERT-S,8,250000,0.5645591569961318,2.7988035678863525,2.6740424633026123,1.046656366267891
NC_007778.1,DNABERT-S,8,1000000,0.6196812058156596,2.840639114379883,2.645784616470337,1.0736471505263703
NC_007778.1,DNABERT-S,16,0,0.7225223422702415,4.20245885848999,3.774353265762329,1.1134248870160262
NC_007778.1,DNABERT-S,16,100000,0.6350540216086434,4.0655741691589355,3.812089681625366,1.0664948909138703
NC_007778.1,DNABERT-S,16,250000,0.6721021742030145,4.1238112449646,3.781287431716919,1.0905839133980237
NC_007778.1,DNABERT-S,16,1000000,0.712218220621582,4.137476921081543,3.732238531112671,1.1085778378286182
NC_007778.1,DNABERT-S,24,0,0.7409963985594238,5.386336803436279,4.672906875610352,1.1526736883094302
NC_007778.1,DNABERT-S,24,100000,0.7248899559823929,5.260990619659424,4.666550159454346,1.1273832788448126
NC_007778.1,DNABERT-S,24,250000,0.7339935974389756,5.296637058258057,4.633152008056641,1.1432038165481457
NC_007778.1,DNABERT-S,24,1000000,0.739562491663332,5.266760349273682,4.579104900360107,1.1501724603119479
NC_007778.1,DNABERT-S,48,0,0.7332933173269308,7.832268238067627,6.717940330505371,1.1658734452436597
NC_007778.1,DNABERT-S,48,100000,0.7096505268774176,7.715858459472656,6.776010990142822,1.1387021760586054
NC_007778.1,DNABERT-S,48,250000,0.7198546085100707,7.736677646636963,6.70682954788208,1.153552150297318
NC_007778.1,DNABERT-S,48,1000000,0.7282913165266106,7.662705421447754,6.6053900718688965,1.1600685709814116
NC_007778.1,DNABERT-2,8,0,0.7419634520474857,3.526022434234619,2.4666237831115723,1.4294934064840026
NC_007778.1,DNABERT-2,8,100000,0.685407496331866,3.315295934677124,2.4736316204071045,1.3402545097363772
NC_007778.1,DNABERT-2,8,250000,0.7032479658530079,3.417457342147827,2.4715263843536377,1.3827314827721626
NC_007778.1,DNABERT-2,8,1000000,0.7644724556489262,3.432703733444214,2.4131665229797363,1.4224893726793337
NC_007778.1,DNABERT-2,16,0,0.7347272242230225,4.783909797668457,3.6575815677642822,1.3079434344898695
NC_007778.1,DNABERT-2,16,100000,0.7012138188608776,4.609428405761719,3.674091339111328,1.254576432734148
NC_007778.1,DNABERT-2,16,250000,0.7061157796451915,4.671980381011963,3.647751569747925,1.280783598246746
NC_007778.1,DNABERT-2,16,1000000,0.743297318927571,4.679310321807861,3.579469680786133,1.3072635722898982
NC_007778.1,DNABERT-2,24,0,0.7482326263838869,5.729575157165527,4.512773036956787,1.269635124621578
NC_007778.1,DNABERT-2,24,100000,0.7104508470054689,5.550881862640381,4.528955459594727,1.2256428468247955
NC_007778.1,DNABERT-2,24,250000,0.7106509270374817,5.59513521194458,4.5073652267456055,1.2413316717146445
NC_007778.1,DNABERT-2,24,1000000,0.7452981192476991,5.5983357429504395,4.432034015655518,1.263152702162287
NC_007778.1,DNABERT-2,48,0,0.7212218220621582,7.838310241699219,6.619597911834717,1.184106700451647
NC_007778.1,DNABERT-2,48,100000,0.6885420835000667,7.712429523468018,6.651135444641113,1.1595658497199903
NC_007778.1,DNABERT-2,48,250000,0.7052821128451381,7.747798919677734,6.607210636138916,1.1726278071566596
NC_007778.1,DNABERT-2,48,1000000,0.7151860744297719,7.683072566986084,6.530858993530273,1.176426037462643
NC_007778.1,NT-v2-50M,8,0,0.48679471788715484,2.668588638305664,2.617297649383545,1.0195969262167028
NC_007778.1,NT-v2-50M,8,100000,0.3696812058156596,2.530143976211548,2.654980421066284,0.9529802766663719
NC_007778.1,NT-v2-50M,8,250000,0.44017607042817125,2.6130332946777344,2.6312243938446045,0.9930864508517686
NC_007778.1,NT-v2-50M,8,1000000,0.48882886487928506,2.639090061187744,2.5980868339538574,1.0157820849934744
NC_007778.1,NT-v2-50M,16,0,0.5581232492997199,3.9783828258514404,3.7254955768585205,1.0678801635314688
NC_007778.1,NT-v2-50M,16,100000,0.47889155662264904,3.8319649696350098,3.7869575023651123,1.0118848619879648
NC_007778.1,NT-v2-50M,16,250000,0.5262438308656796,3.8964898586273193,3.7333638668060303,1.0436941047380004
NC_007778.1,NT-v2-50M,16,1000000,0.5680605575563559,3.9166829586029053,3.6816630363464355,1.0638352613849462
NC_007778.1,NT-v2-50M,24,0,0.6301520608243297,5.086577892303467,4.595376968383789,1.1068902349685656
NC_007778.1,NT-v2-50M,24,100000,0.5564892623716153,4.9413981437683105,4.663713455200195,1.0595415415710172
NC_007778.1,NT-v2-50M,24,250000,0.57953181272509,4.986328125,4.603426456451416,1.083177535727104
NC_007778.1,NT-v2-50M,24,1000000,0.6060090702947846,4.96775484085083,4.5565667152404785,1.0902407780478751
NC_007778.1,NT-v2-50M,48,0,0.6698012538348673,7.297524452209473,6.647813320159912,1.0977330590916672
NC_007778.1,NT-v2-50M,48,100000,0.5978391356542617,7.184670925140381,6.723799705505371,1.0685432701479274
NC_007778.1,NT-v2-50M,48,250000,0.6337868480725624,7.21431303024292,6.6438493728637695,1.08586342425359
NC_007778.1,NT-v2-50M,48,1000000,0.6572629051620649,7.166329860687256,6.554657459259033,1.0933187439969394
NC_007778.1,compositional,11,0,0.954281712685074,6.636943513750994,2.1648248066993125,3.0658109114475076
NC_008022.1,DNABERT-S,8,0,0.8636209813874789,3.29451584815979,2.769624710083008,1.1895170620647195
NC_008022.1,DNABERT-S,8,100000,0.6456852791878173,2.844852924346924,2.776322364807129,1.0246839345489895
NC_008022.1,DNABERT-S,8,250000,0.7986463620981388,3.214308738708496,2.8434841632843018,1.1304120417522854
NC_008022.1,DNABERT-S,8,1000000,0.57834179357022,2.962867021560669,2.9208853244781494,1.0143729357433846
NC_008022.1,DNABERT-S,16,0,0.754653130287648,4.475059986114502,4.074948787689209,1.0981880311315975
NC_008022.1,DNABERT-S,16,100000,0.49238578680203043,4.001981735229492,4.092451095581055,0.9778936001338538
NC_008022.1,DNABERT-S,16,250000,0.6145516074450085,4.300917625427246,4.228111267089844,1.017219593747237
NC_008022.1,DNABERT-S,16,1000000,0.4842639593908629,4.179261207580566,4.363536357879639,0.9577693102141088
NC_008022.1,DNABERT-S,24,0,0.7363790186125212,5.314366340637207,5.0306854248046875,1.0563901122566282
NC_008022.1,DNABERT-S,24,100000,0.5143824027072758,4.985482692718506,5.069045543670654,0.9835150719731671
NC_008022.1,DNABERT-S,24,250000,0.6375634517766497,5.225993633270264,5.166715621948242,1.0114730547720119
NC_008022.1,DNABERT-S,24,1000000,0.49238578680203043,5.042623996734619,5.395036220550537,0.9346784322830819
NC_008022.1,DNABERT-S,48,0,0.6385786802030456,7.352288722991943,7.417682647705078,0.9911840492753667
NC_008022.1,DNABERT-S,48,100000,0.5414551607445008,7.1002068519592285,7.543168067932129,0.94127650186451
NC_008022.1,DNABERT-S,48,250000,0.571912013536379,7.269904136657715,7.695625305175781,0.9446801069912093
NC_008022.1,DNABERT-S,48,1000000,0.4697123519458545,7.090687274932861,7.971999645233154,0.8894490203813202
NC_008022.1,DNABERT-2,8,0,0.4480541455160745,2.5832676887512207,2.9386816024780273,0.8790566785366929
NC_008022.1,DNABERT-2,8,100000,0.1485617597292724,2.3010380268096924,3.446124792098999,0.6677175568584544
NC_008022.1,DNABERT-2,8,250000,0.18781725888324874,2.3949649333953857,3.6321966648101807,0.6593709411713661
NC_008022.1,DNABERT-2,8,1000000,0.13908629441624365,2.4989562034606934,3.5970041751861572,0.6947326390944107
NC_008022.1,DNABERT-2,16,0,0.4402707275803722,3.747880697250366,4.249567985534668,0.8819439317144656
NC_008022.1,DNABERT-2,16,100000,0.1766497461928934,3.5727009773254395,4.671395778656006,0.7648037431658876
NC_008022.1,DNABERT-2,16,250000,0.2568527918781726,3.725762128829956,4.800690174102783,0.7760888525838425
NC_008022.1,DNABERT-2,16,1000000,0.1766497461928934,3.6417136192321777,4.829883098602295,0.7539962241086212
NC_008022.1,DNABERT-2,24,0,0.6054145516074451,5.1765594482421875,5.215165138244629,0.992597417535385
NC_008022.1,DNABERT-2,24,100000,0.34653130287648054,5.011417865753174,5.582414627075195,0.8977150929361933
NC_008022.1,DNABERT-2,24,250000,0.43519458544839257,5.273495197296143,5.7405266761779785,0.9186430957946904
NC_008022.1,DNABERT-2,24,1000000,0.3925549915397631,5.164711952209473,5.8109235763549805,0.8887936460264279
NC_008022.1,DNABERT-2,48,0,0.6575296108291032,7.318681240081787,7.241181373596191,1.0107026550623612
NC_008022.1,DNABERT-2,48,100000,0.44230118443316413,7.148039817810059,7.555997371673584,0.9460087750436622
NC_008022.1,DNABERT-2,48,250000,0.5231810490693739,7.397854328155518,7.767735958099365,0.9523823116621035
NC_008022.1,DNABERT-2,48,1000000,0.4307952622673435,7.222039699554443,7.964073657989502,0.9068273360718286
NC_008022.1,NT-v2-50M,8,0,0.366497461928934,2.571688413619995,2.8843133449554443,0.8916120081466813
NC_008022.1,NT-v2-50M,8,100000,0.23181049069373943,2.364983320236206,2.8852086067199707,0.8196923143539423
NC_008022.1,NT-v2-50M,8,250000,0.24060913705583756,2.4006106853485107,2.925722599029541,0.8205188988678526
NC_008022.1,NT-v2-50M,8,1000000,0.2879864636209814,2.6173324584960938,2.998476982116699,0.8728872938182283
NC_008022.1,NT-v2-50M,16,0,0.4812182741116751,4.078919887542725,4.221433639526367,0.9662404376917714
NC_008022.1,NT-v2-50M,16,100000,0.3164128595600677,3.8349151611328125,4.249949932098389,0.9023436093138502
NC_008022.1,NT-v2-50M,16,250000,0.40609137055837563,4.018319129943848,4.312864780426025,0.9317053361331948
NC_008022.1,NT-v2-50M,16,1000000,0.3634517766497462,3.946518898010254,4.323512077331543,0.9128039490631034
NC_008022.1,NT-v2-50M,24,0,0.7776649746192893,5.5066237449646,5.023246765136719,1.0962279980316127
NC_008022.1,NT-v2-50M,24,100000,0.5868020304568528,5.164212226867676,5.046702861785889,1.023284383547044
NC_008022.1,NT-v2-50M,24,250000,0.6565143824027073,5.336363315582275,5.155808925628662,1.0350196045970803
NC_008022.1,NT-v2-50M,24,1000000,0.5255499153976312,5.224924087524414,5.244148254394531,0.9963341679263152
NC_008022.1,NT-v2-50M,48,0,0.798984771573604,7.536489963531494,6.960679531097412,1.0827233073813556
NC_008022.1,NT-v2-50M,48,100000,0.7038917089678511,7.304051399230957,7.040825843811035,1.0373856080606367
NC_008022.1,NT-v2-50M,48,250000,0.6781725888324873,7.41292667388916,7.180628776550293,1.0323506345429636
NC_008022.1,NT-v2-50M,48,1000000,0.49915397631133673,7.146450996398926,7.378830432891846,0.968507280577005
NC_008022.1,compositional,11,0,0.604399323181049,2.830009383465834,3.072061693354643,0.9212085127025911
NC_007946.1,DNABERT-S,8,0,0.794075323389243,3.032155752182007,2.6214091777801514,1.1566892257353283
NC_007946.1,DNABERT-S,8,100000,0.580940149780281,2.7660727500915527,2.677219867706299,1.0331884890953609
NC_007946.1,DNABERT-S,8,250000,0.7345655133997648,2.9257779121398926,2.6285338401794434,1.1130836009857712
NC_007946.1,DNABERT-S,8,1000000,0.7572337067524911,2.984677314758301,2.623974084854126,1.1374644787790378
NC_007946.1,DNABERT-S,16,0,0.8545908893977843,4.593366622924805,3.8171560764312744,1.2033478670904185
NC_007946.1,DNABERT-S,16,100000,0.7185043634338057,4.310698509216309,3.8536620140075684,1.118597970851484
NC_007946.1,DNABERT-S,16,250000,0.8194049019001052,4.478120803833008,3.8231539726257324,1.1713158391989758
NC_007946.1,DNABERT-S,16,1000000,0.8433728414928514,4.64438533782959,3.824965000152588,1.2142294995233456
NC_007946.1,DNABERT-S,24,0,0.8481927337995915,5.674097537994385,4.7843852043151855,1.1859616848736887
NC_007946.1,DNABERT-S,24,100000,0.7578216871944049,5.431352138519287,4.815288066864014,1.127939193481417
NC_007946.1,DNABERT-S,24,250000,0.8255941697097233,5.569389343261719,4.778943061828613,1.1654019039788788
NC_007946.1,DNABERT-S,24,1000000,0.8665671226093953,5.729515075683594,4.7779741287231445,1.1991515486114064
NC_007946.1,DNABERT-S,48,0,0.8341276227022343,8.048660278320312,6.814438343048096,1.1811186591087637
NC_007946.1,DNABERT-S,48,100000,0.7710435105527016,7.848230838775635,6.868020057678223,1.142721013169082
NC_007946.1,DNABERT-S,48,250000,0.8299885498545522,7.985367298126221,6.804855823516846,1.173480747458257
NC_007946.1,DNABERT-S,48,1000000,0.8485486166986446,8.176454544067383,6.814052104949951,1.1999401263937706
NC_007946.1,DNABERT-2,8,0,0.8139273998885932,3.9680016040802,2.887467384338379,1.3742152121276376
NC_007946.1,DNABERT-2,8,100000,0.7808612366157084,3.672355890274048,2.8630104064941406,1.282690374419903
NC_007946.1,DNABERT-2,8,250000,0.8207897505725072,3.9345688819885254,2.845355987548828,1.38280373324324
NC_007946.1,DNABERT-2,8,1000000,0.8190180726620041,4.128443241119385,2.8693032264709473,1.4388312824633374
NC_007946.1,DNABERT-2,16,0,0.8069257906789626,5.267725467681885,4.045419216156006,1.3021457570192998
NC_007946.1,DNABERT-2,16,100000,0.7847914216748159,5.011928558349609,4.033401966094971,1.242605770632383
NC_007946.1,DNABERT-2,16,250000,0.8125734975552392,5.234659194946289,4.014035701751709,1.3040888482037927
NC_007946.1,DNABERT-2,16,1000000,0.8272807451878442,5.4594645500183105,4.045034885406494,1.3496705726110636
NC_007946.1,DNABERT-2,24,0,0.825501330692579,6.352233409881592,4.953535556793213,1.2823635435845864
NC_007946.1,DNABERT-2,24,100000,0.8042798786903509,6.093654155731201,4.939178466796875,1.233738403399507
NC_007946.1,DNABERT-2,24,250000,0.8310639351364734,6.276610374450684,4.906039714813232,1.2793639553098537
NC_007946.1,DNABERT-2,24,1000000,0.8376787151080027,6.5222625732421875,4.947262763977051,1.3183578241959018
NC_007946.1,DNABERT-2,48,0,0.8397134369004147,8.512866020202637,6.938204765319824,1.226955143029744
NC_007946.1,DNABERT-2,48,100000,0.8247431453859009,8.281036376953125,6.9623823165893555,1.1893969621894787
NC_007946.1,DNABERT-2,48,250000,0.8402704710032803,8.43327522277832,6.908326625823975,1.2207406626163193
NC_007946.1,DNABERT-2,48,1000000,0.8582116110664109,8.680171012878418,6.941596984863281,1.2504573561107393
NC_007946.1,NT-v2-50M,8,0,0.4628876028965773,2.885362386703491,2.987736463546753,0.9657352386690313
NC_007946.1,NT-v2-50M,8,100000,0.4112226898557901,2.789787530899048,3.000818967819214,0.9296753855586534
NC_007946.1,NT-v2-50M,8,250000,0.45968465680509996,2.8572099208831787,2.954821825027466,0.9669652148506857
NC_007946.1,NT-v2-50M,8,1000000,0.5158522621773844,2.996352195739746,2.9471099376678467,1.0167086600477708
NC_007946.1,NT-v2-50M,16,0,0.6725258401931051,4.597661972045898,4.168631076812744,1.1029188928757838
NC_007946.1,NT-v2-50M,16,100000,0.5699464628334469,4.368483066558838,4.175621509552002,1.0461875092284234
NC_007946.1,NT-v2-50M,16,250000,0.6494166615089435,4.522457599639893,4.132505893707275,1.0943620447163576
NC_007946.1,NT-v2-50M,16,1000000,0.6955731261991707,4.743565082550049,4.161216735839844,1.1399466511067637
NC_007946.1,NT-v2-50M,24,0,0.6990932722658909,5.563177585601807,5.057047367095947,1.1000841364071519
NC_007946.1,NT-v2-50M,24,100000,0.6090781085597574,5.331262111663818,5.081273078918457,1.0491981101709595
NC_007946.1,NT-v2-50M,24,250000,0.6686266014730458,5.467389106750488,5.029835224151611,1.086991693186665
NC_007946.1,NT-v2-50M,24,1000000,0.7037971158012007,5.6757049560546875,5.057897567749023,1.122147073963108
NC_007946.1,NT-v2-50M,48,0,0.6505616760537228,7.5171003341674805,7.072556495666504,1.0628547596294717
NC_007946.1,NT-v2-50M,48,100000,0.5767933403478368,7.351430892944336,7.124191761016846,1.0318968297808784
NC_007946.1,NT-v2-50M,48,250000,0.6225010831218667,7.4495086669921875,7.052690505981445,1.0562647915251913
NC_007946.1,NT-v2-50M,48,1000000,0.681337810237049,7.6889238357543945,7.079610824584961,1.086065890663581
NC_007946.1,compositional,11,0,0.8364872810546512,6.032684258784633,2.989442325720393,2.0179965363041026
NC_008023.1,DNABERT-S,8,0,0.9332758620689655,3.8344802856445312,2.827322483062744,1.3562231788610002
NC_008023.1,DNABERT-S,8,100000,0.02646551724137931,1.9463775157928467,2.883538007736206,0.6749963102865078
NC_008023.1,DNABERT-S,8,250000,0.8000862068965517,3.320768117904663,2.8975937366485596,1.146043379340528
NC_008023.1,DNABERT-S,8,1000000,0.8033620689655172,3.5255446434020996,2.9828929901123047,1.1819212606984484
NC_008023.1,DNABERT-S,16,0,0.9279310344827586,5.11494255065918,4.053445816040039,1.2618751508700703
NC_008023.1,DNABERT-S,16,100000,0.1696551724137931,3.5321052074432373,4.150040149688721,0.8511014544541617
NC_008023.1,DNABERT-S,16,250000,0.7094827586206897,4.489706516265869,4.232568264007568,1.0607522988925953
NC_008023.1,DNABERT-S,16,1000000,0.6689655172413793,4.769114017486572,4.4125447273254395,1.0808080851743023
NC_008023.1,DNABERT-S,24,0,0.9037068965517241,6.093562602996826,5.007890224456787,1.2167923676198
NC_008023.1,DNABERT-S,24,100000,0.22491379310344828,4.510794639587402,5.1212005615234375,0.880808042059096
NC_008023.1,DNABERT-S,24,250000,0.6812931034482759,5.482962608337402,5.213901996612549,1.0516044628187604
NC_008023.1,DNABERT-S,24,1000000,0.6503448275862069,5.80096435546875,5.410502910614014,1.0721673107482765
NC_008023.1,DNABERT-S,48,0,0.8156034482758621,8.22945499420166,7.45981502532959,1.1031714548227778
NC_008023.1,DNABERT-S,48,100000,0.41379310344827586,6.915842056274414,7.618078708648682,0.9078197168562948
NC_008023.1,DNABERT-S,48,250000,0.6333620689655173,7.6983642578125,7.734879016876221,0.9952792074725343
NC_008023.1,DNABERT-S,48,1000000,0.607844827586207,7.912423610687256,7.950338363647461,0.9952310516576793
NC_008023.1,DNABERT-2,8,0,0.9762931034482759,6.702493667602539,2.9374988079071045,2.2817008979070534
NC_008023.1,DNABERT-2,8,100000,0.733103448275862,4.157827854156494,3.302499294281006,1.2589943202581981
NC_008023.1,DNABERT-2,8,250000,0.9345689655172413,6.326140403747559,3.498150110244751,1.8084245113497845
NC_008023.1,DNABERT-2,8,1000000,0.9449137931034483,6.468757152557373,3.4994113445281982,1.8485272280642708
NC_008023.1,DNABERT-2,16,0,0.9444827586206896,7.377657890319824,4.233213424682617,1.7428031970471605
NC_008023.1,DNABERT-2,16,100000,0.6831034482758621,4.994518756866455,4.517025470733643,1.1057096731525091
NC_008023.1,DNABERT-2,16,250000,0.8856896551724138,7.037267208099365,4.738664627075195,1.4850739104621793
NC_008023.1,DNABERT-2,16,1000000,0.8883620689655173,7.161135673522949,4.864646911621094,1.4720771730453452
NC_008023.1,DNABERT-2,24,0,0.9318965517241379,7.908039569854736,5.094852447509766,1.5521626291100903
NC_008023.1,DNABERT-2,24,100000,0.636551724137931,5.717813014984131,5.414379119873047,1.056042232801422
NC_008023.1,DNABERT-2,24,250000,0.8518103448275862,7.590523719787598,5.640964508056641,1.3456074238628026
NC_008023.1,DNABERT-2,24,1000000,0.8379310344827586,7.687692642211914,5.801337718963623,1.3251586124838253
NC_008023.1,DNABERT-2,48,0,0.9128448275862069,9.498895645141602,7.153862476348877,1.3277995875019337
NC_008023.1,DNABERT-2,48,100000,0.6591379310344827,7.796727180480957,7.439835071563721,1.0479704328771127
NC_008023.1,DNABERT-2,48,250000,0.8194827586206896,9.217179298400879,7.689160346984863,1.1987237724877458
NC_008023.1,DNABERT-2,48,1000000,0.7398275862068966,9.202875137329102,8.027095794677734,1.1464763063411991
NC_008023.1,NT-v2-50M,8,0,0.47413793103448276,2.8207602500915527,2.855940341949463,0.9876817833547965
NC_008023.1,NT-v2-50M,8,100000,0.31862068965517243,2.516258478164673,2.9510717391967773,0.8526592033474415
NC_008023.1,NT-v2-50M,8,250000,0.37267241379310345,2.670342445373535,2.964334011077881,0.9008237382812858
NC_008023.1,NT-v2-50M,8,1000000,0.371551724137931,2.7115883827209473,2.988950729370117,0.9072041088119173
NC_008023.1,NT-v2-50M,16,0,0.8066379310344828,4.939573764801025,4.181731700897217,1.181226850049038
NC_008023.1,NT-v2-50M,16,100000,0.36758620689655175,3.880610466003418,4.265255928039551,0.9098189021888475
NC_008023.1,NT-v2-50M,16,250000,0.6102586206896552,4.486037254333496,4.3590803146362305,1.0291247076294947
NC_008023.1,NT-v2-50M,16,1000000,0.6707758620689656,4.673081874847412,4.391704082489014,1.064070298698023
NC_008023.1,NT-v2-50M,24,0,0.7988793103448276,5.756839275360107,5.035411834716797,1.1432707918088065
NC_008023.1,NT-v2-50M,24,100000,0.3475,4.7620344161987305,5.149612903594971,0.9247363841414818
NC_008023.1,NT-v2-50M,24,250000,0.579051724137931,5.345242500305176,5.24965763092041,1.0182078291776158
NC_008023.1,NT-v2-50M,24,1000000,0.5762931034482759,5.496948719024658,5.348033428192139,1.0278448691153486
NC_008023.1,NT-v2-50M,48,0,0.7903448275862069,7.741631984710693,7.073580265045166,1.094443223181728
NC_008023.1,NT-v2-50M,48,100000,0.39534482758620687,6.947219371795654,7.212057590484619,0.9632784104444223
NC_008023.1,NT-v2-50M,48,250000,0.5623275862068966,7.373805522918701,7.341760635375977,1.0043647415292072
NC_008023.1,NT-v2-50M,48,1000000,0.49232758620689654,7.444230079650879,7.552515983581543,0.9856622741128828
NC_008023.1,compositional,11,0,0.8418965517241379,5.743507842338397,3.2393492119116036,1.7730437401495964
NC_007958.1,DNABERT-S,8,0,0.7975432211101001,3.0936524868011475,2.7043297290802,1.1439627548129512
NC_007958.1,DNABERT-S,8,100000,0.564604185623294,2.8191452026367188,2.735067844390869,1.0307405018922207
NC_007958.1,DNABERT-S,8,250000,0.7684258416742493,3.120978832244873,2.7099149227142334,1.151688861552495
NC_007958.1,DNABERT-S,8,1000000,0.8794358507734303,3.35224986076355,2.6462414264678955,1.2667966827342765
NC_007958.1,DNABERT-S,16,0,0.8989990900818926,4.528170108795166,3.9210269451141357,1.154842895032275
NC_007958.1,DNABERT-S,16,100000,0.7415832575068244,4.361374855041504,4.034679889678955,1.0809717187721042
NC_007958.1,DNABERT-S,16,250000,0.8976342129208371,4.631904602050781,3.961690664291382,1.169173717625245
NC_007958.1,DNABERT-S,16,1000000,0.956778889899909,4.822984218597412,3.8890013694763184,1.2401600720564574
NC_007958.1,DNABERT-S,24,0,0.8780709736123748,5.678977012634277,4.819942951202393,1.1782249437656909
NC_007958.1,DNABERT-S,24,100000,0.8412192902638762,5.542931079864502,4.846172332763672,1.1437750660227723
NC_007958.1,DNABERT-S,24,250000,0.9317561419472248,5.839530944824219,4.823210716247559,1.2107144573122348
NC_007958.1,DNABERT-S,24,1000000,0.954049135577798,5.982285022735596,4.723878383636475,1.2663926834903805
NC_007958.1,DNABERT-S,48,0,0.9012738853503185,8.475688934326172,6.804429054260254,1.2456135359394396
NC_007958.1,DNABERT-S,48,100000,0.9044585987261147,8.416457176208496,6.784975528717041,1.2404550525770208
NC_007958.1,DNABERT-S,48,250000,0.9240218380345769,8.744686126708984,6.799190521240234,1.2861363568782411
NC_007958.1,DNABERT-S,48,1000000,0.9554140127388535,8.924099922180176,6.671789646148682,1.3375871236185706
NC_007958.1,DNABERT-2,8,0,0.7802547770700637,3.3708107471466064,2.591341733932495,1.3007974606387505
NC_007958.1,DNABERT-2,8,100000,0.5623293903548681,3.118680953979492,2.7106852531433105,1.1505138600518336
NC_007958.1,DNABERT-2,8,250000,0.8030027297543221,3.5434298515319824,2.6186790466308594,1.3531363670133187
NC_007958.1,DNABERT-2,8,1000000,0.8362147406733395,3.697968006134033,2.524379253387451,1.4649019164500539
NC_007958.1,DNABERT-2,16,0,0.8234758871701547,4.629960060119629,3.773672103881836,1.2269110650490702
NC_007958.1,DNABERT-2,16,100000,0.6023657870791629,4.406787872314453,3.877302408218384,1.1365602700923623
NC_007958.1,DNABERT-2,16,250000,0.8130118289353958,4.835545063018799,3.8592910766601562,1.2529619992290129
NC_007958.1,DNABERT-2,16,1000000,0.870336669699727,5.003085136413574,3.753734588623047,1.3328286852184765
NC_007958.1,DNABERT-2,24,0,0.8252957233848953,5.585021018981934,4.6015849113464355,1.213716822916942
NC_007958.1,DNABERT-2,24,100000,0.7515923566878981,5.430059909820557,4.604619026184082,1.1792636652332409
NC_007958.1,DNABERT-2,24,250000,0.8830755232029117,5.8538289070129395,4.614173412322998,1.2686625282394488
NC_007958.1,DNABERT-2,24,1000000,0.9021838034576888,6.013814449310303,4.537465572357178,1.3253686123696964
NC_007958.1,DNABERT-2,48,0,0.9103730664240218,7.687257289886475,6.4980950355529785,1.183001671694126
NC_007958.1,DNABERT-2,48,100000,0.8980891719745223,7.629319667816162,6.506222248077393,1.1726189756383818
NC_007958.1,DNABERT-2,48,250000,0.9499545040946314,8.08690357208252,6.4622602462768555,1.2514048125408879
NC_007958.1,DNABERT-2,48,1000000,0.9617834394904459,8.40086841583252,6.361413478851318,1.320597763965732
NC_007958.1,NT-v2-50M,8,0,0.16878980891719744,2.510713815689087,3.2696592807769775,0.7678823999950416
NC_007958.1,NT-v2-50M,8,100000,0.08462238398544131,2.3082101345062256,3.3671302795410156,0.6855125709067798
NC_007958.1,NT-v2-50M,8,250000,0.18289353958143767,2.522439479827881,3.290706157684326,0.7665344029388891
NC_007958.1,NT-v2-50M,8,1000000,0.1951774340309372,2.5541675090789795,3.2566707134246826,0.7842879228010873
NC_007958.1,NT-v2-50M,16,0,0.0732484076433121,3.825364828109741,4.455069541931152,0.858654346942371
NC_007958.1,NT-v2-50M,16,100000,0.06278434940855324,3.65704083442688,4.4820098876953125,0.8159376989476838
NC_007958.1,NT-v2-50M,16,250000,0.12147406733393995,3.850983142852783,4.475256443023682,0.860505580379856
NC_007958.1,NT-v2-50M,16,1000000,0.1710646041856233,3.9521398544311523,4.42933464050293,0.8922649054988552
NC_007958.1,NT-v2-50M,24,0,0.22929936305732485,4.847265243530273,5.254688262939453,0.922464854426727
NC_007958.1,NT-v2-50M,24,100000,0.16924476797088261,4.758771896362305,5.378264427185059,0.8848155312536407
NC_007958.1,NT-v2-50M,24,250000,0.30800727934485894,5.064606189727783,5.352532863616943,0.9462073972779692
NC_007958.1,NT-v2-50M,24,1000000,0.4695177434030937,5.354564666748047,5.2803521156311035,1.0140544701360457
NC_007958.1,NT-v2-50M,48,0,0.32302092811646954,6.941646575927734,7.092437744140625,0.9787391622383339
NC_007958.1,NT-v2-50M,48,100000,0.33166515013648773,6.9352707862854,7.146178245544434,0.9704866780519319
NC_007958.1,NT-v2-50M,48,250000,0.4986351228389445,7.279903411865234,7.145345211029053,1.0188315885184227
NC_007958.1,NT-v2-50M,48,1000000,0.5714285714285714,7.6167192459106445,7.052464962005615,1.0800080946087485
NC_007958.1,compositional,11,0,0.9945404913557779,6.4240908308571685,1.4749244743470147,4.355538837811523
NC_008024.1,DNABERT-S,8,0,0.8745273631840796,3.4466354846954346,2.8070735931396484,1.22783937447128
NC_008024.1,DNABERT-S,8,100000,0.32746268656716415,2.623784065246582,2.889066219329834,0.908177198463527
NC_008024.1,DNABERT-S,8,250000,0.7914427860696518,3.264782667160034,2.9063806533813477,1.1233155792451734
NC_008024.1,DNABERT-S,8,1000000,0.7391044776119403,3.323681116104126,2.965355634689331,1.1208372706541607
NC_008024.1,DNABERT-S,16,0,0.7924378109452737,4.554653167724609,4.068321704864502,1.1195410535697312
NC_008024.1,DNABERT-S,16,100000,0.2608955223880597,3.7885313034057617,4.172451972961426,0.9079867972013651
NC_008024.1,DNABERT-S,16,250000,0.6825870646766169,4.395378112792969,4.212366104125977,1.0434463681795687
NC_008024.1,DNABERT-S,16,1000000,0.5924378109452736,4.451110363006592,4.352585315704346,1.0226359830206573
NC_008024.1,DNABERT-S,24,0,0.7929353233830846,5.568736553192139,5.047682285308838,1.1032264390728033
NC_008024.1,DNABERT-S,24,100000,0.39880597014925373,4.862731456756592,5.149534225463867,0.9443051048599564
NC_008024.1,DNABERT-S,24,250000,0.6567164179104478,5.387796401977539,5.208525657653809,1.0344187119555217
NC_008024.1,DNABERT-S,24,1000000,0.5524378109452737,5.457273960113525,5.426962852478027,1.005585280102232
NC_008024.1,DNABERT-S,48,0,0.7701492537313432,8.122354507446289,7.491864204406738,1.0841566645947338
NC_008024.1,DNABERT-S,48,100000,0.6134328358208955,7.5778350830078125,7.608736038208008,0.9959387531588659
NC_008024.1,DNABERT-S,48,250000,0.6675621890547264,7.951755523681641,7.758267879486084,1.0249395415576155
NC_008024.1,DNABERT-S,48,1000000,0.5927363184079601,8.017051696777344,8.033536911010742,0.9979479506453995
NC_008024.1,DNABERT-2,8,0,0.7683582089552239,3.4950289726257324,2.9696037769317627,1.176934444849355
NC_008024.1,DNABERT-2,8,100000,0.42895522388059704,3.0334577560424805,3.419938802719116,0.8869918238392589
NC_008024.1,DNABERT-2,8,250000,0.7619900497512437,4.265810012817383,3.4091641902923584,1.2512773731943845
NC_008024.1,DNABERT-2,8,1000000,0.7172139303482588,3.9442145824432373,3.4180307388305664,1.1539435668716946
NC_008024.1,DNABERT-2,16,0,0.7191044776119403,4.699398994445801,4.384708404541016,1.0717700154425038
NC_008024.1,DNABERT-2,16,100000,0.38686567164179103,4.1863579750061035,4.730279445648193,0.8850128249521301
NC_008024.1,DNABERT-2,16,250000,0.7140298507462687,5.2310075759887695,4.76293420791626,1.0982741620269594
NC_008024.1,DNABERT-2,16,1000000,0.6816915422885572,5.1033124923706055,4.792150020599365,1.0649317050663456
NC_008024.1,DNABERT-2,24,0,0.6513432835820896,5.565367221832275,5.240615367889404,1.0619682673017197
NC_008024.1,DNABERT-2,24,100000,0.4002985074626866,5.124304294586182,5.5865583419799805,0.9172560243539912
NC_008024.1,DNABERT-2,24,250000,0.6887562189054727,6.025447368621826,5.6386237144470215,1.068602494822221
NC_008024.1,DNABERT-2,24,1000000,0.6119402985074627,5.849334239959717,5.714542388916016,1.0235875144272524
NC_008024.1,DNABERT-2,48,0,0.6227860696517413,7.6297407150268555,7.2716145515441895,1.0492498826696768
NC_008024.1,DNABERT-2,48,100000,0.3966169154228856,7.1514058113098145,7.575819492340088,0.9439778519723975
NC_008024.1,DNABERT-2,48,250000,0.6100497512437811,7.844478130340576,7.710957050323486,1.017315759787754
NC_008024.1,DNABERT-2,48,1000000,0.5283582089552239,7.730858325958252,7.909474849700928,0.977417397850449
NC_008024.1,NT-v2-50M,8,0,0.7611940298507462,3.586956739425659,2.875666856765747,1.2473478042098025
NC_008024.1,NT-v2-50M,8,100000,0.5638805970149253,3.121335029602051,2.9705989360809326,1.050742660576046
NC_008024.1,NT-v2-50M,8,250000,0.7655721393034826,3.830583095550537,3.0436830520629883,1.2585354749582724
NC_008024.1,NT-v2-50M,8,1000000,0.6232835820895523,3.411480188369751,3.0669989585876465,1.1123186653903325
NC_008024.1,NT-v2-50M,16,0,0.7696517412935323,4.986828804016113,4.182291507720947,1.1923675800239908
NC_008024.1,NT-v2-50M,16,100000,0.6301492537313432,4.4936604499816895,4.270087718963623,1.0523578778077958
NC_008024.1,NT-v2-50M,16,250000,0.7556218905472637,5.082236289978027,4.371400356292725,1.1626105768743051
NC_008024.1,NT-v2-50M,16,1000000,0.7145273631840796,5.0455193519592285,4.426824569702148,1.1397604021834342
NC_008024.1,NT-v2-50M,24,0,0.7647761194029851,5.899242401123047,5.073896884918213,1.162665015652587
NC_008024.1,NT-v2-50M,24,100000,0.6012935323383085,5.413396835327148,5.184131145477295,1.0442245158187922
NC_008024.1,NT-v2-50M,24,250000,0.7038805970149253,5.933267593383789,5.3151116371154785,1.1163015941098435
NC_008024.1,NT-v2-50M,24,1000000,0.6290547263681592,5.835219860076904,5.40903377532959,1.0787915369822858
NC_008024.1,NT-v2-50M,48,0,0.770049751243781,7.9006195068359375,7.044273853302002,1.1215662070168557
NC_008024.1,NT-v2-50M,48,100000,0.6181094527363185,7.432859897613525,7.175046920776367,1.0359318872313745
NC_008024.1,NT-v2-50M,48,250000,0.6722388059701493,7.863998889923096,7.376446723937988,1.0660958025227658
NC_008024.1,NT-v2-50M,48,1000000,0.5205970149253731,7.6637701988220215,7.628065586090088,1.0046806903177448
NC_008024.1,compositional,11,0,0.9930348258706467,12.742787752473888,3.19884233270068,3.983562310092214
NC_008060.1,DNABERT-S,8,0,0.4884926552238332,2.8289690017700195,2.779877185821533,1.017659706766498
NC_008060.1,DNABERT-S,8,100000,0.49004092769440655,2.7867887020111084,2.7482781410217285,1.0140126140853643
NC_008060.1,DNABERT-S,8,250000,0.47349217932040993,2.790804147720337,2.7710890769958496,1.0071145568318793
NC_008060.1,DNABERT-S,8,1000000,0.42366826358704274,2.723665714263916,2.8240089416503906,0.9644678081904965
NC_008060.1,DNABERT-S,16,0,0.4876677559567245,4.091896057128906,4.005528926849365,1.0215619789188428
NC_008060.1,DNABERT-S,16,100000,0.5016022081918843,4.0878825187683105,3.9811716079711914,1.0268038962659787
NC_008060.1,DNABERT-S,16,250000,0.48005330118341316,4.0688958168029785,4.006248950958252,1.015637287300816
NC_008060.1,DNABERT-S,16,1000000,0.43494400203052125,3.9942944049835205,4.093634605407715,0.9757330074616417
NC_008060.1,DNABERT-S,24,0,0.48280719565976077,5.065131187438965,4.915539264678955,1.0304324540411904
NC_008060.1,DNABERT-S,24,100000,0.4917668707763571,5.06466817855835,4.906285285949707,1.0322816312908278
NC_008060.1,DNABERT-S,24,250000,0.4788413337986611,5.0244669914245605,4.913234233856201,1.0226394167821014
NC_008060.1,DNABERT-S,24,1000000,0.44009010438148416,4.937864303588867,5.00863790512085,0.9858696909473884
NC_008060.1,DNABERT-S,48,0,0.4931247818775976,7.257265090942383,6.992552757263184,1.0378563227004962
NC_008060.1,DNABERT-S,48,100000,0.4914178749325803,7.234385013580322,6.988702297210693,1.0351542684065516
NC_008060.1,DNABERT-S,48,250000,0.48345442431549224,7.198330879211426,6.988182067871094,1.0300720286476956
NC_008060.1,DNABERT-S,48,1000000,0.4417335575367239,7.067378044128418,7.121462345123291,0.9924054501205206
NC_008060.1,DNABERT-2,8,0,0.5314952885561091,2.8320295810699463,2.763029098510742,1.0249727672417186
NC_008060.1,DNABERT-2,8,100000,0.5371363304673371,2.8062374591827393,2.734940528869629,1.0260689143184323
NC_008060.1,DNABERT-2,8,250000,0.5427266093467432,2.79824161529541,2.7095115184783936,1.032747635952788
NC_008060.1,DNABERT-2,8,1000000,0.49016783527396174,2.7760868072509766,2.767008066177368,1.0032810678019275
NC_008060.1,DNABERT-2,16,0,0.49554871664710176,3.9850518703460693,4.0473151206970215,0.9846161594800087
NC_008060.1,DNABERT-2,16,100000,0.48913353850058694,3.9706127643585205,4.008086204528809,0.9906505403681323
NC_008060.1,DNABERT-2,16,250000,0.4930549827088423,3.9660794734954834,4.001267433166504,0.9912057965985109
NC_008060.1,DNABERT-2,16,1000000,0.44642913798026584,3.9262006282806396,4.064155578613281,0.9660556916032942
NC_008060.1,DNABERT-2,24,0,0.4509660839493639,4.857439994812012,4.975158214569092,0.9763387987516944
NC_008060.1,DNABERT-2,24,100000,0.4412957263872585,4.836852073669434,4.942155838012695,0.9786927470936235
NC_008060.1,DNABERT-2,24,250000,0.4408832767537041,4.817742824554443,4.938323497772217,0.9755826702579995
NC_008060.1,DNABERT-2,24,1000000,0.4007614454773311,4.781342506408691,4.994933128356934,0.9572385422468104
NC_008060.1,DNABERT-2,48,0,0.5645356768933024,7.056927680969238,6.94509744644165,1.0161020396603484
NC_008060.1,DNABERT-2,48,100000,0.5309876582378883,7.0561933517456055,6.966698169708252,1.012846140288736
NC_008060.1,DNABERT-2,48,250000,0.5376693423014689,6.998353481292725,6.93403959274292,1.009275096816164
NC_008060.1,DNABERT-2,48,1000000,0.4847298454900219,6.879948616027832,6.983571529388428,0.9851619027707346
NC_008060.1,NT-v2-50M,8,0,0.39980329325168945,2.5215096473693848,2.675065040588379,0.9425975103823196
NC_008060.1,NT-v2-50M,8,100000,0.3654049938132555,2.511047601699829,2.7164952754974365,0.9243703180157431
NC_008060.1,NT-v2-50M,8,250000,0.38371775754306925,2.5013844966888428,2.6763768196105957,0.9346159622817187
NC_008060.1,NT-v2-50M,8,1000000,0.3740981630127859,2.4993226528167725,2.7027552127838135,0.9247314151852075
NC_008060.1,NT-v2-50M,16,0,0.44471588565627085,3.7607035636901855,3.8670196533203125,0.9725069694076053
NC_008060.1,NT-v2-50M,16,100000,0.41421364891018114,3.76293683052063,3.927368640899658,0.9581318115476521
NC_008060.1,NT-v2-50M,16,250000,0.4122465814270757,3.7247393131256104,3.88931941986084,0.9576840858339379
NC_008060.1,NT-v2-50M,16,1000000,0.39295028395570925,3.7280960083007812,3.9423887729644775,0.9456439288450593
NC_008060.1,NT-v2-50M,24,0,0.4846663917002443,4.773080348968506,4.802414894104004,0.9938917095289888
NC_008060.1,NT-v2-50M,24,100000,0.47663948729337857,4.8133344650268555,4.85567045211792,0.9912811243043484
NC_008060.1,NT-v2-50M,24,250000,0.4632761191662172,4.760352611541748,4.8261284828186035,0.9863708826834962
NC_008060.1,NT-v2-50M,24,1000000,0.421815412925537,4.732459545135498,4.896677017211914,0.966463487075176
NC_008060.1,NT-v2-50M,48,0,0.5001871886798439,6.846243858337402,6.848062515258789,0.9997344275235025
NC_008060.1,NT-v2-50M,48,100000,0.4897934579142739,6.8987531661987305,6.913859844207764,0.9978150152954447
NC_008060.1,NT-v2-50M,48,250000,0.468003426504648,6.821298122406006,6.893640518188477,0.9895059228006451
NC_008060.1,NT-v2-50M,48,1000000,0.42040673879247437,6.753533840179443,6.965601921081543,0.9695549525647925
NC_008060.1,compositional,11,0,0.6316570957200419,4.2058511356266255,3.106671980470132,1.3538124275966061
NC_008061.1,DNABERT-S,8,0,0.6691250903832249,3.185656785964966,2.637458324432373,1.207851042215264
NC_008061.1,DNABERT-S,8,100000,0.9373825018076645,3.496406078338623,2.701068639755249,1.2944528794556815
NC_008061.1,DNABERT-S,8,250000,0.7261026753434563,3.0710456371307373,2.6782491207122803,1.1466616803421157
NC_008061.1,DNABERT-S,8,1000000,0.6318148951554592,3.0605955123901367,2.7453718185424805,1.1148200370232577
NC_008061.1,DNABERT-S,16,0,0.7206073752711497,4.56406307220459,3.8304214477539062,1.1915302622589685
NC_008061.1,DNABERT-S,16,100000,0.9216196673897324,4.756515026092529,3.8647000789642334,1.2307591608421289
NC_008061.1,DNABERT-S,16,250000,0.7172812725958062,4.438583850860596,3.858043670654297,1.1504752744563524
NC_008061.1,DNABERT-S,16,1000000,0.6459869848156182,4.366308212280273,3.962862491607666,1.1018066414181675
NC_008061.1,DNABERT-S,24,0,0.7112075198843095,5.655309677124023,4.7634358406066895,1.1872333051942066
NC_008061.1,DNABERT-S,24,100000,0.8439624005784526,5.899068832397461,4.7880024909973145,1.2320521644441997
NC_008061.1,DNABERT-S,24,250000,0.6958785249457701,5.553100109100342,4.776998519897461,1.1624663658509025
NC_008061.1,DNABERT-S,24,1000000,0.6407809110629067,5.425353527069092,4.8736748695373535,1.113195621845843
NC_008061.1,DNABERT-S,48,0,0.7723788864786696,8.629955291748047,6.861717224121094,1.2576961436724674
NC_008061.1,DNABERT-S,48,100000,0.8472885032537961,8.751562118530273,6.891800880432129,1.2698512726011222
NC_008061.1,DNABERT-S,48,250000,0.7801879971077368,8.480591773986816,6.882252216339111,1.2322407705217628
NC_008061.1,DNABERT-S,48,1000000,0.7065798987707882,8.289424896240234,7.014956951141357,1.1816786551899676
NC_008061.1,DNABERT-2,8,0,0.3745480838756327,2.549370050430298,2.9649665355682373,0.8598309693710287
NC_008061.1,DNABERT-2,8,100000,0.4341287057122198,2.6396703720092773,2.9761462211608887,0.8869424335541
NC_008061.1,DNABERT-2,8,250000,0.30339840925524225,2.457742214202881,2.967299699783325,0.8282756926718078
NC_008061.1,DNABERT-2,8,1000000,0.31728127259580624,2.4327187538146973,3.0123727321624756,0.8075756123540312
NC_008061.1,DNABERT-2,16,0,0.4545191612436732,3.861773729324341,4.171436786651611,0.9257658516321818
NC_008061.1,DNABERT-2,16,100000,0.4462762111352133,3.8183963298797607,4.1718597412109375,0.9152743780334812
NC_008061.1,DNABERT-2,16,250000,0.3534345625451916,3.661320447921753,4.1641435623168945,0.8792493325769549
NC_008061.1,DNABERT-2,16,1000000,0.3582067968185105,3.6870996952056885,4.204516410827637,0.8769378770197028
NC_008061.1,DNABERT-2,24,0,0.6535068691250904,5.194774150848389,5.073607921600342,1.023881669833452
NC_008061.1,DNABERT-2,24,100000,0.6577006507592191,5.26246452331543,5.086292743682861,1.0346365788424925
NC_008061.1,DNABERT-2,24,250000,0.593058568329718,5.045947074890137,5.063503265380859,0.9965327976362227
NC_008061.1,DNABERT-2,24,1000000,0.5430224150397687,4.988940715789795,5.111607551574707,0.9760022978002052
NC_008061.1,DNABERT-2,48,0,0.720173535791757,7.394185543060303,7.1645050048828125,1.0320581167883833
NC_008061.1,DNABERT-2,48,100000,0.7414316702819956,7.4879150390625,7.217846393585205,1.0374167903763256
NC_008061.1,DNABERT-2,48,250000,0.6802603036876356,7.285487174987793,7.174161434173584,1.015517596284343
NC_008061.1,DNABERT-2,48,1000000,0.6017353579175705,7.188075542449951,7.263123512268066,0.9896672595899887
NC_008061.1,NT-v2-50M,8,0,0.32292118582791035,2.453674554824829,2.7853291034698486,0.8809280568562409
NC_008061.1,NT-v2-50M,8,100000,0.17512653651482285,2.2375800609588623,2.856184244155884,0.783415868754698
NC_008061.1,NT-v2-50M,8,250000,0.16080983369486623,2.201840877532959,2.8212244510650635,0.7804557615760505
NC_008061.1,NT-v2-50M,8,1000000,0.24916847433116412,2.386679172515869,2.829230785369873,0.8435788217976188
NC_008061.1,NT-v2-50M,16,0,0.16543745480838756,3.4393022060394287,4.059832572937012,0.8471537050483164
NC_008061.1,NT-v2-50M,16,100000,0.11193058568329718,3.3386430740356445,4.1171488761901855,0.8109114278920773
NC_008061.1,NT-v2-50M,16,250000,0.10455531453362256,3.289841651916504,4.103582382202148,0.8016999161964043
NC_008061.1,NT-v2-50M,16,1000000,0.11308749096167751,3.331073045730591,4.117303848266602,0.8090423171301733
NC_008061.1,NT-v2-50M,24,0,0.25249457700650757,4.492123603820801,4.961362838745117,0.9054213025381144
NC_008061.1,NT-v2-50M,24,100000,0.18770788141720895,4.42445707321167,5.011868953704834,0.8827958420463204
NC_008061.1,NT-v2-50M,24,250000,0.19436008676789587,4.400146484375,4.996374130249023,0.880667934319741
NC_008061.1,NT-v2-50M,24,1000000,0.2430947216196674,4.399972915649414,5.025730133056641,0.8754892919356492
NC_008061.1,NT-v2-50M,48,0,0.2953000723065799,6.619692802429199,7.057188987731934,0.9380070186495971
NC_008061.1,NT-v2-50M,48,100000,0.20853217642805497,6.5528364181518555,7.114250183105469,0.9210860244573873
NC_008061.1,NT-v2-50M,48,250000,0.20375994215473608,6.468581199645996,7.076350212097168,0.9141126436319986
NC_008061.1,NT-v2-50M,48,1000000,0.2501807664497469,6.396688461303711,7.140591144561768,0.8958205744877847
NC_008061.1,compositional,11,0,0.9691973969631237,8.366223369175694,2.968798718060728,2.8180500477447863
NC_008253.1,DNABERT-S,8,0,0.8903890921183905,3.197096586227417,2.651822328567505,1.2056224701729792
NC_008253.1,DNABERT-S,8,100000,0.4546724309943465,2.6503326892852783,2.6856343746185303,0.986855364353807
NC_008253.1,DNABERT-S,8,250000,0.7212005320917858,2.939345598220825,2.675118923187256,1.0987719359850956
NC_008253.1,DNABERT-S,8,1000000,0.8527768540073163,3.171520233154297,2.6852762699127197,1.1810778163460185
NC_008253.1,DNABERT-S,16,0,0.9013634852011972,4.646852970123291,3.861469030380249,1.203389936204073
NC_008253.1,DNABERT-S,16,100000,0.6951280345859661,4.227180480957031,3.9143247604370117,1.0799258466446435
NC_008253.1,DNABERT-S,16,250000,0.831958762886598,4.4667439460754395,3.906057357788086,1.1435428456188512
NC_008253.1,DNABERT-S,16,1000000,0.872264715663452,4.624553203582764,3.9169046878814697,1.180665237500083
NC_008253.1,DNABERT-S,24,0,0.9024941802460924,5.856856822967529,4.798243045806885,1.2206252928529229
NC_008253.1,DNABERT-S,24,100000,0.8040405719986697,5.583534240722656,4.848073482513428,1.1517016523907837
NC_008253.1,DNABERT-S,24,250000,0.8575324243431992,5.718196392059326,4.834635257720947,1.1827565239647242
NC_008253.1,DNABERT-S,24,1000000,0.8775690056534752,5.843499660491943,4.861422061920166,1.2020144694418644
NC_008253.1,DNABERT-S,48,0,0.8895743265713335,8.324312210083008,6.884541988372803,1.209130865080322
NC_008253.1,DNABERT-S,48,100000,0.8335051546391753,8.076857566833496,6.946041584014893,1.1628000594498282
NC_008253.1,DNABERT-S,48,250000,0.8593781177253076,8.206329345703125,6.928942680358887,1.1843552074640737
NC_008253.1,DNABERT-S,48,1000000,0.8554871965414034,8.262459754943848,6.967363357543945,1.1858804157239238
NC_008253.1,DNABERT-2,8,0,0.8825906218822747,4.355752944946289,2.9819939136505127,1.460684720048285
NC_008253.1,DNABERT-2,8,100000,0.8382773528433655,3.935262680053711,2.9825940132141113,1.3194094344114176
NC_008253.1,DNABERT-2,8,250000,0.8549551047555703,4.14494514465332,2.9967668056488037,1.38313903398831
NC_008253.1,DNABERT-2,8,1000000,0.8678915862986365,4.30038595199585,3.0180606842041016,1.4248838582017818
NC_008253.1,DNABERT-2,16,0,0.8791486531426671,5.726794242858887,4.13427734375,1.3851983712501477
NC_008253.1,DNABERT-2,16,100000,0.8439973395410708,5.368860721588135,4.152532577514648,1.2929123664579356
NC_008253.1,DNABERT-2,16,250000,0.8600266045892917,5.558252811431885,4.14448881149292,1.3411190292077786
NC_008253.1,DNABERT-2,16,1000000,0.8650814765547057,5.660174369812012,4.183950424194336,1.3528301714765032
NC_008253.1,DNABERT-2,24,0,0.8694213501829066,6.639464855194092,5.021796226501465,1.3221294842980136
NC_008253.1,DNABERT-2,24,100000,0.8459594280013303,6.350250720977783,5.042504787445068,1.2593445100515854
NC_008253.1,DNABERT-2,24,250000,0.8544230129697373,6.498407363891602,5.025530815124512,1.2930788016132377
NC_008253.1,DNABERT-2,24,1000000,0.8512138343864316,6.563737869262695,5.066070079803467,1.2956271361957412
NC_008253.1,DNABERT-2,48,0,0.9059195211173927,8.82254409790039,6.931502819061279,1.2728183668394166
NC_008253.1,DNABERT-2,48,100000,0.8899235118057865,8.604008674621582,6.969995975494385,1.2344352428426324
NC_008253.1,DNABERT-2,48,250000,0.8925673428666445,8.701959609985352,6.957913875579834,1.2506564130560152
NC_008253.1,DNABERT-2,48,1000000,0.8802793481875624,8.733145713806152,7.018325328826904,1.2443346959047104
NC_008253.1,NT-v2-50M,8,0,0.475440638510143,2.8584110736846924,2.9001502990722656,0.9856079095621613
NC_008253.1,NT-v2-50M,8,100000,0.4021283671433322,2.7070398330688477,2.9256551265716553,0.9252764649130105
NC_008253.1,NT-v2-50M,8,250000,0.4483039574326571,2.7967324256896973,2.9153339862823486,0.9593180194273752
NC_008253.1,NT-v2-50M,8,1000000,0.4817093448619887,2.8803985118865967,2.896963119506836,0.9942820785295122
NC_008253.1,NT-v2-50M,16,0,0.7136847356168939,4.638190269470215,4.110828876495361,1.1282859026290701
NC_008253.1,NT-v2-50M,16,100000,0.5856168939142002,4.330509662628174,4.135378360748291,1.047185840050818
NC_008253.1,NT-v2-50M,16,250000,0.6625207848353841,4.530388832092285,4.134160041809082,1.0958426346043961
NC_008253.1,NT-v2-50M,16,1000000,0.6969737279680744,4.640681743621826,4.141943454742432,1.1204116604509293
NC_008253.1,NT-v2-50M,24,0,0.7251247090123046,5.5525712966918945,4.9853596687316895,1.1137754676995066
NC_008253.1,NT-v2-50M,24,100000,0.5908879281676089,5.2383131980896,5.027814865112305,1.0418667629227818
NC_008253.1,NT-v2-50M,24,250000,0.6832557366145661,5.466550350189209,5.02268123626709,1.0883729412723009
NC_008253.1,NT-v2-50M,24,1000000,0.7121882274692385,5.579046726226807,5.03360652923584,1.1083597205746971
NC_008253.1,NT-v2-50M,48,0,0.6399401396740938,7.458425521850586,7.03751277923584,1.059809872581212
NC_008253.1,NT-v2-50M,48,100000,0.5443964083804457,7.25281286239624,7.1094441413879395,1.0201659536465972
NC_008253.1,NT-v2-50M,48,250000,0.6007482540738277,7.38613224029541,7.089245319366455,1.041878494473582
NC_008253.1,NT-v2-50M,48,1000000,0.6092284669105421,7.483573913574219,7.114557266235352,1.0518678300742854
NC_008253.1,compositional,11,0,0.944413036248753,8.22626527773995,2.9981355041142113,2.7437936899287583
NC_008258.1,DNABERT-S,8,0,0.7830291865753267,2.9574921131134033,2.5971312522888184,1.1387534266922412
NC_008258.1,DNABERT-S,8,100000,0.7200794427494099,2.8728315830230713,2.58772873878479,1.1101749344763883
NC_008258.1,DNABERT-S,8,250000,0.7406597202233608,2.8893158435821533,2.596165418624878,1.112916697393092
NC_008258.1,DNABERT-S,8,1000000,0.7207990328708768,2.9549028873443604,2.6635611057281494,1.1093805510936703
NC_008258.1,DNABERT-S,16,0,0.8460940648206782,4.425464153289795,3.8101987838745117,1.1614785485784112
NC_008258.1,DNABERT-S,16,100000,0.8366818260318922,4.335450172424316,3.802432060241699,1.1401782079832181
NC_008258.1,DNABERT-S,16,250000,0.8135973749352369,4.33388090133667,3.8165717124938965,1.1355428976086874
NC_008258.1,DNABERT-S,16,1000000,0.786252950319498,4.451797962188721,3.866802453994751,1.1512866289793566
NC_008258.1,DNABERT-S,24,0,0.7918657532669392,5.486349105834961,4.743392467498779,1.1566298052347221
NC_008258.1,DNABERT-S,24,100000,0.7908295434920269,5.4696245193481445,4.7384467124938965,1.1543074874992993
NC_008258.1,DNABERT-S,24,250000,0.7735018133671061,5.430578708648682,4.756057262420654,1.1418236596009195
NC_008258.1,DNABERT-S,24,1000000,0.7391917563755684,5.457686901092529,4.810046195983887,1.134643344101224
NC_008258.1,DNABERT-S,48,0,0.752863968683438,7.622598648071289,6.7797322273254395,1.1243214912454373
NC_008258.1,DNABERT-S,48,100000,0.7472799493408554,7.617685317993164,6.810447692871094,1.1185293040231488
NC_008258.1,DNABERT-S,48,250000,0.7405445858039261,7.594661235809326,6.812661170959473,1.1147862847169485
NC_008258.1,DNABERT-S,48,1000000,0.7029819814633584,7.608847618103027,6.903064250946045,1.1022420394044945
NC_008258.1,DNABERT-2,8,0,0.7095014679638478,3.33544659614563,3.0142698287963867,1.106552095728434
NC_008258.1,DNABERT-2,8,100000,0.7125237464740084,3.2704241275787354,2.916130781173706,1.1214943268979283
NC_008258.1,DNABERT-2,8,250000,0.7148264348627023,3.326369285583496,2.9536349773406982,1.1261951158834085
NC_008258.1,DNABERT-2,8,1000000,0.7147113004432675,3.4377501010894775,2.997171640396118,1.146998074703233
NC_008258.1,DNABERT-2,16,0,0.6491278567727822,4.477067947387695,4.185689449310303,1.0696130235188386
NC_008258.1,DNABERT-2,16,100000,0.6503511599792758,4.423630237579346,4.134951591491699,1.0698142746535768
NC_008258.1,DNABERT-2,16,250000,0.6592740774854643,4.466699123382568,4.15844202041626,1.074128027144034
NC_008258.1,DNABERT-2,16,1000000,0.6385786655920788,4.555866241455078,4.216605186462402,1.080458340297519
NC_008258.1,DNABERT-2,24,0,0.7034425191410972,5.572844505310059,5.076013088226318,1.0978782773898137
NC_008258.1,DNABERT-2,24,100000,0.7140348857290887,5.572510242462158,5.040029048919678,1.1056504215301333
NC_008258.1,DNABERT-2,24,250000,0.719187150998791,5.607926845550537,5.062358856201172,1.1077695210565857
NC_008258.1,DNABERT-2,24,1000000,0.6718669046111335,5.633812427520752,5.135406494140625,1.0970528689303944
NC_008258.1,DNABERT-2,48,0,0.7350037418686316,7.746354579925537,7.0449724197387695,1.0995578291011643
NC_008258.1,DNABERT-2,48,100000,0.7365004893212826,7.749307155609131,7.028530597686768,1.1025501060149878
NC_008258.1,DNABERT-2,48,250000,0.7347159058200449,7.740777969360352,7.020229816436768,1.1026388268994463
NC_008258.1,DNABERT-2,48,1000000,0.6841143284784986,7.779188632965088,7.129336833953857,1.0911517879077162
NC_008258.1,NT-v2-50M,8,0,0.27931610154855796,2.508549928665161,2.991920232772827,0.8384414467962964
NC_008258.1,NT-v2-50M,8,100000,0.271400610212423,2.5079472064971924,3.0177664756774902,0.8310607287577336
NC_008258.1,NT-v2-50M,8,250000,0.2843820160036843,2.5371110439300537,3.011759042739868,0.842401735306814
NC_008258.1,NT-v2-50M,8,1000000,0.2877784813770077,2.549238681793213,3.014801025390625,0.8455744376904312
NC_008258.1,NT-v2-50M,16,0,0.4732312474814346,4.110677719116211,4.159885406494141,0.9881709031452862
NC_008258.1,NT-v2-50M,16,100000,0.4587530942375223,4.123302459716797,4.179434776306152,0.9865694000280665
NC_008258.1,NT-v2-50M,16,250000,0.48362212883541533,4.143820762634277,4.1709065437316895,0.9935060206184388
NC_008258.1,NT-v2-50M,16,1000000,0.4840250993034368,4.158779621124268,4.193426132202148,0.9917378988002618
NC_008258.1,NT-v2-50M,24,0,0.48347821081112197,5.016324043273926,5.0451860427856445,0.9942792992633067
NC_008258.1,NT-v2-50M,24,100000,0.4837660468597087,5.038670539855957,5.06099271774292,0.9955893677126415
NC_008258.1,NT-v2-50M,24,250000,0.4854354959415117,5.032866477966309,5.0557990074157715,0.9954641137007572
NC_008258.1,NT-v2-50M,24,1000000,0.4859823844338265,5.044919013977051,5.089860439300537,0.9911704012596341
NC_008258.1,NT-v2-50M,48,0,0.5153128777848137,7.12335729598999,7.122296333312988,1.0001489635683984
NC_008258.1,NT-v2-50M,48,100000,0.4849173910540556,7.096412181854248,7.171309471130371,0.9895559814316147
NC_008258.1,NT-v2-50M,48,250000,0.4923723447124518,7.09340238571167,7.14306640625,0.9930472408187504
NC_008258.1,NT-v2-50M,48,1000000,0.5278337458983363,7.218780517578125,7.180543422698975,1.0053250976462695
NC_008258.1,compositional,11,0,0.48008174543779863,3.196235725150957,3.3351797296890737,0.9583398749694758
NC_008321.1,DNABERT-S,8,0,0.26440516005733394,2.9439055919647217,3.326272487640381,0.8850464304724157
NC_008321.1,DNABERT-S,8,100000,0.4040133779264214,2.904738426208496,3.064643621444702,0.9478225807016265
NC_008321.1,DNABERT-S,8,250000,0.29001433349259437,2.9168713092803955,3.285463571548462,0.8878111857760315
NC_008321.1,DNABERT-S,8,1000000,0.23631151457238414,2.920175552368164,3.4845383167266846,0.8380380087515659
NC_008321.1,DNABERT-S,16,0,0.2462494027711419,4.192877769470215,4.680099010467529,0.8958950996746878
NC_008321.1,DNABERT-S,16,100000,0.34381270903010036,4.163154602050781,4.5165324211120605,0.9217590429752145
NC_008321.1,DNABERT-S,16,250000,0.25934065934065936,4.169668197631836,4.790475368499756,0.8704080236065718
NC_008321.1,DNABERT-S,16,1000000,0.23755375059722886,4.137858867645264,4.902278900146484,0.8440684326470329
NC_008321.1,DNABERT-S,24,0,0.32345914954610605,5.386466979980469,5.837775707244873,0.9226916637608541
NC_008321.1,DNABERT-S,24,100000,0.3403726708074534,5.3308610916137695,5.760810375213623,0.9253665273466131
NC_008321.1,DNABERT-S,24,250000,0.29020544672718585,5.315119743347168,6.0736918449401855,0.8751052702443306
NC_008321.1,DNABERT-S,24,1000000,0.26860965121834685,5.25862979888916,6.243829727172852,0.8422122365066831
NC_008321.1,DNABERT-S,48,0,0.2792164357381749,7.750875949859619,8.702496528625488,0.8906497031471758
NC_008321.1,DNABERT-S,48,100000,0.2618251313903488,7.703607082366943,8.792387008666992,0.8761678796410125
NC_008321.1,DNABERT-S,48,250000,0.23879598662207357,7.684179306030273,9.099035263061523,0.8445048385761286
NC_008321.1,DNABERT-S,48,1000000,0.22006688963210702,7.590638160705566,9.437222480773926,0.8043296824006925
NC_008321.1,DNABERT-2,8,0,0.15183946488294314,3.0817370414733887,4.802118301391602,0.641745339880597
NC_008321.1,DNABERT-2,8,100000,0.11361681796464405,2.8769054412841797,4.321066856384277,0.6657859128084579
NC_008321.1,DNABERT-2,8,250000,0.09995222169135212,2.9610724449157715,4.737563133239746,0.6250201552228951
NC_008321.1,DNABERT-2,8,1000000,0.0965121834687052,2.9413559436798096,4.888607978820801,0.6016755600823007
NC_008321.1,DNABERT-2,16,0,0.20946010511227903,4.383490085601807,5.665806293487549,0.7736745413693942
NC_008321.1,DNABERT-2,16,100000,0.19608217869087435,4.284475326538086,5.317677021026611,0.8057043159253288
NC_008321.1,DNABERT-2,16,250000,0.1629240324892499,4.319728851318359,5.734164714813232,0.7533318392754013
NC_008321.1,DNABERT-2,16,1000000,0.15929288103201147,4.295384407043457,5.8624491691589355,0.7326945246093622
NC_008321.1,DNABERT-2,24,0,0.23994266602962255,5.378896236419678,6.614574909210205,0.8131884981648699
NC_008321.1,DNABERT-2,24,100000,0.22216913521261347,5.272989749908447,6.290257930755615,0.8382787809267197
NC_008321.1,DNABERT-2,24,250000,0.1912087912087912,5.307020664215088,6.6943769454956055,0.7927579679817676
NC_008321.1,DNABERT-2,24,1000000,0.17095078834209268,5.266690254211426,6.846258163452148,0.7692801130881919
NC_008321.1,DNABERT-2,48,0,0.242427138079312,7.365717887878418,8.59886646270752,0.8565917286682899
NC_008321.1,DNABERT-2,48,100000,0.20344003822264692,7.288256645202637,8.388608932495117,0.8688278001576609
NC_008321.1,DNABERT-2,48,250000,0.17505972288580984,7.302121639251709,8.798072814941406,0.8299683115660074
NC_008321.1,DNABERT-2,48,1000000,0.16521739130434782,7.223639488220215,8.927372932434082,0.8091562369906129
NC_008321.1,NT-v2-50M,8,0,0.2670807453416149,2.9498000144958496,3.7942240238189697,0.7774448730433189
NC_008321.1,NT-v2-50M,8,100000,0.2970855231724797,2.901327610015869,3.6104133129119873,0.8035998536898249
NC_008321.1,NT-v2-50M,8,250000,0.27539417104634495,2.9190454483032227,3.7294819355010986,0.7826946205360867
NC_008321.1,NT-v2-50M,8,1000000,0.26583850931677017,2.9176738262176514,3.6681153774261475,0.7954149545494755
NC_008321.1,NT-v2-50M,16,0,0.2798853320592451,4.476475238800049,5.228299140930176,0.8562010547092819
NC_008321.1,NT-v2-50M,16,100000,0.2976588628762542,4.412010669708252,5.081470012664795,0.8682547882230897
NC_008321.1,NT-v2-50M,16,250000,0.24290492116579074,4.4330668449401855,5.32284688949585,0.8328375654930892
NC_008321.1,NT-v2-50M,16,1000000,0.22092689918776875,4.4428815841674805,5.405435562133789,0.8219285075361547
NC_008321.1,NT-v2-50M,24,0,0.28858098423315814,5.383787631988525,6.024904251098633,0.8935889115593496
NC_008321.1,NT-v2-50M,24,100000,0.3026278069756331,5.319309711456299,5.867218494415283,0.9066152413651355
NC_008321.1,NT-v2-50M,24,250000,0.26679407548972767,5.338415145874023,6.073288917541504,0.8789990429164433
NC_008321.1,NT-v2-50M,24,1000000,0.25628284758719544,5.329550266265869,6.137919902801514,0.8682990900277662
NC_008321.1,NT-v2-50M,48,0,0.26841853798375537,7.335326194763184,8.07150650024414,0.9087927011570034
NC_008321.1,NT-v2-50M,48,100000,0.2597228858098423,7.308649063110352,8.071867942810059,0.9054470557363941
NC_008321.1,NT-v2-50M,48,250000,0.2236024844720497,7.294327259063721,8.273268699645996,0.8816741633661478
NC_008321.1,NT-v2-50M,48,1000000,0.20114667940754896,7.221230983734131,8.392290115356445,0.8604601228597332
NC_008321.1,compositional,11,0,0.548186736125025,5.777501259897215,4.103788661556514,1.4078457095073418
NC_008322.1,DNABERT-S,8,0,0.5012239902080783,3.131657361984253,3.1266093254089355,1.0016145402414987
NC_008322.1,DNABERT-S,8,100000,0.6313494492044064,3.0389537811279297,2.8536384105682373,1.0649400323017066
NC_008322.1,DNABERT-S,8,250000,0.5596695226438189,3.102067232131958,3.005464792251587,1.0321422630301385
NC_008322.1,DNABERT-S,8,1000000,0.4680997552019584,3.085413932800293,3.1371920108795166,0.9834954067523882
NC_008322.1,DNABERT-S,16,0,0.43214504283965727,4.364344120025635,4.49777364730835,0.9703343169875691
NC_008322.1,DNABERT-S,16,100000,0.5081854345165239,4.2901201248168945,4.321632385253906,0.992708250580374
NC_008322.1,DNABERT-S,16,250000,0.44866891064871484,4.329473972320557,4.4565019607543945,0.9714960321901587
NC_008322.1,DNABERT-S,16,1000000,0.3863219094247246,4.300106525421143,4.590964317321777,0.9366455995305335
NC_008322.1,DNABERT-S,24,0,0.4567013463892289,5.593388557434082,5.686056613922119,0.9837025793480243
NC_008322.1,DNABERT-S,24,100000,0.5010709914320686,5.512472152709961,5.486953258514404,1.0046508313435982
NC_008322.1,DNABERT-S,24,250000,0.44996940024479803,5.543768405914307,5.6647562980651855,0.9786419952095375
NC_008322.1,DNABERT-S,24,1000000,0.3883873929008568,5.482332706451416,5.868792533874512,0.9341500274217465
NC_008322.1,DNABERT-S,48,0,0.39114137086903306,7.944517612457275,8.397560119628906,0.9460506979744432
NC_008322.1,DNABERT-S,48,100000,0.3804314565483476,7.878727912902832,8.36453914642334,0.94192014347518
NC_008322.1,DNABERT-S,48,250000,0.3554161566707466,7.892818450927734,8.539772987365723,0.924242185665224
NC_008322.1,DNABERT-S,48,1000000,0.325734394124847,7.787951946258545,8.709704399108887,0.8941694906494589
NC_008322.1,DNABERT-2,8,0,0.23286413708690332,3.016883373260498,4.378512859344482,0.6890201011564833
NC_008322.1,DNABERT-2,8,100000,0.21756425948592412,2.8789925575256348,3.731574773788452,0.7715221406652292
NC_008322.1,DNABERT-2,8,250000,0.23416462668298654,2.9386067390441895,4.098744869232178,0.7169528313663206
NC_008322.1,DNABERT-2,8,1000000,0.24877600979192166,2.9495699405670166,4.293349266052246,0.6870090826035123
NC_008322.1,DNABERT-2,16,0,0.2443390452876377,4.186929702758789,5.350841045379639,0.7824806730848662
NC_008322.1,DNABERT-2,16,100000,0.22735618115055078,4.0687408447265625,4.910095691680908,0.8286479735252739
NC_008322.1,DNABERT-2,16,250000,0.21940024479804163,4.102865219116211,5.242173194885254,0.7826649495517133
NC_008322.1,DNABERT-2,16,1000000,0.2119798041615667,4.0910515785217285,5.505998611450195,0.7430171831162538
NC_008322.1,DNABERT-2,24,0,0.25298347613219097,5.076223850250244,6.224525451660156,0.8155198158754984
NC_008322.1,DNABERT-2,24,100000,0.23959608323133416,4.946292400360107,5.8414411544799805,0.8467589195119503
NC_008322.1,DNABERT-2,24,250000,0.22452570379436965,5.004039764404297,6.188918113708496,0.8085483880163666
NC_008322.1,DNABERT-2,24,1000000,0.23209914320685435,4.971673965454102,6.450150489807129,0.7707841814405114
NC_008322.1,DNABERT-2,48,0,0.25428396572827416,7.081592559814453,8.274947166442871,0.8557870421858654
NC_008322.1,DNABERT-2,48,100000,0.24694002447980415,6.996759414672852,7.990571975708008,0.875626855742439
NC_008322.1,DNABERT-2,48,250000,0.23362913096695226,7.0171732902526855,8.338260650634766,0.8415631969622454
NC_008322.1,DNABERT-2,48,1000000,0.22223072215422277,6.942540168762207,8.605281829833984,0.8067766176690281
NC_008322.1,NT-v2-50M,8,0,0.25665544675642593,2.897800922393799,3.755016565322876,0.7717145509169361
NC_008322.1,NT-v2-50M,8,100000,0.24900550795593634,2.786818742752075,3.6549713611602783,0.7624734826560703
NC_008322.1,NT-v2-50M,8,250000,0.24273255813953487,2.8243484497070312,3.763686180114746,0.7504208147399057
NC_008322.1,NT-v2-50M,8,1000000,0.23753059975520197,2.8067052364349365,3.6846561431884766,0.7617278593617111
NC_008322.1,NT-v2-50M,16,0,0.22597919216646267,4.221038818359375,5.068822860717773,0.8327453798142105
NC_008322.1,NT-v2-50M,16,100000,0.2591034271725826,4.121458530426025,4.842042922973633,0.85118174208479
NC_008322.1,NT-v2-50M,16,250000,0.2555844553243574,4.171504974365234,5.035760879516602,0.8283763018480874
NC_008322.1,NT-v2-50M,16,1000000,0.22031823745410037,4.142689228057861,5.129575729370117,0.8076085521729026
NC_008322.1,NT-v2-50M,24,0,0.3188494492044064,5.149742603302002,5.706499099731445,0.9024346649847637
NC_008322.1,NT-v2-50M,24,100000,0.31119951040391675,5.04250955581665,5.596263408660889,0.901049358758339
NC_008322.1,NT-v2-50M,24,250000,0.2951346389228886,5.084741592407227,5.787292957305908,0.8786044926217572
NC_008322.1,NT-v2-50M,24,1000000,0.29069767441860467,5.060123443603516,5.795309543609619,0.8731411852164516
NC_008322.1,NT-v2-50M,48,0,0.3296358629130967,7.221914768218994,7.723421096801758,0.9350668153015202
NC_008322.1,NT-v2-50M,48,100000,0.29467564259485923,7.1399407386779785,7.721938133239746,0.9246306581949278
NC_008322.1,NT-v2-50M,48,250000,0.27685128518971847,7.14154052734375,7.8723626136779785,0.9071661047390718
NC_008322.1,NT-v2-50M,48,1000000,0.2668298653610771,7.072450160980225,7.973930358886719,0.8869465674600707
NC_008322.1,compositional,11,0,0.551284083703234,4.546130882428511,3.636265934320722,1.2502195836448793
NC_008390.1,DNABERT-S,8,0,0.9934632611064036,4.461857795715332,2.724471092224121,1.6376968757164885
NC_008390.1,DNABERT-S,8,100000,0.6322479118750757,2.863661289215088,2.7435269355773926,1.0437882902040516
NC_008390.1,DNABERT-S,8,250000,0.9880159786950732,4.046375751495361,2.720587730407715,1.4873167684575863
NC_008390.1,DNABERT-S,8,1000000,0.9928580075051446,4.350587844848633,2.7387471199035645,1.5885321478683376
NC_008390.1,DNABERT-S,16,0,0.9985473913569786,6.349550247192383,3.9053173065185547,1.625873072232579
NC_008390.1,DNABERT-S,16,100000,0.8653915990800145,4.645414352416992,3.918473243713379,1.1855164150654556
NC_008390.1,DNABERT-S,16,250000,0.9939474639874107,5.922645568847656,3.897883653640747,1.519451603773683
NC_008390.1,DNABERT-S,16,1000000,0.9980631884759714,6.205130100250244,3.910306692123413,1.5868653251033549
NC_008390.1,DNABERT-S,24,0,0.998305289916475,8.315299034118652,4.801926612854004,1.7316589162066538
NC_008390.1,DNABERT-S,24,100000,0.9825686962837429,7.107120037078857,4.8324995040893555,1.4706923469034345
NC_008390.1,DNABERT-S,24,250000,0.9952790219101804,7.878625869750977,4.803013324737549,1.6403506168039808
NC_008390.1,DNABERT-S,24,1000000,0.9979421377557196,8.098917961120605,4.819938659667969,1.6802948197018166
NC_008390.1,DNABERT-S,48,0,0.9989105435177339,12.336023330688477,6.905847072601318,1.7863157409944934
NC_008390.1,DNABERT-S,48,100000,0.99661057983295,11.40177059173584,6.953879356384277,1.6396273227357625
NC_008390.1,DNABERT-S,48,250000,0.9990315942379857,12.009825706481934,6.906134128570557,1.7390084644891985
NC_008390.1,DNABERT-S,48,1000000,0.9989105435177339,11.971220970153809,6.888673305511475,1.7378122664890931
NC_008390.1,DNABERT-2,8,0,0.9002542065125287,3.6289098262786865,2.7536542415618896,1.317852391017816
NC_008390.1,DNABERT-2,8,100000,0.6663842149860791,3.042672634124756,2.7706971168518066,1.0981614033590146
NC_008390.1,DNABERT-2,8,250000,0.819997578985595,3.2675607204437256,2.7379252910614014,1.193444076473322
NC_008390.1,DNABERT-2,8,1000000,0.8500181576080378,3.382266044616699,2.7073991298675537,1.2492676115996832
NC_008390.1,DNABERT-2,16,0,0.8791913811887181,4.788625717163086,3.9361507892608643,1.216575780132219
NC_008390.1,DNABERT-2,16,100000,0.5793487471250454,4.034508228302002,3.963318109512329,1.0179622520379603
NC_008390.1,DNABERT-2,16,250000,0.7252148650284469,4.209827899932861,3.9175302982330322,1.0746127226716453
NC_008390.1,DNABERT-2,16,1000000,0.7976031957390146,4.4677839279174805,3.8967390060424805,1.1465443081996276
NC_008390.1,DNABERT-2,24,0,0.9416535528386394,6.290704727172852,4.839244842529297,1.299935203089441
NC_008390.1,DNABERT-2,24,100000,0.8478392446435056,5.6194658279418945,4.855409145355225,1.1573619564723152
NC_008390.1,DNABERT-2,24,250000,0.8912964532138966,5.765236854553223,4.813426494598389,1.1977407073781956
NC_008390.1,DNABERT-2,24,1000000,0.9048541338820966,5.936237812042236,4.787123203277588,1.240042831564871
NC_008390.1,DNABERT-2,48,0,0.934511560343784,8.248100280761719,6.847665309906006,1.2045127656618684
NC_008390.1,DNABERT-2,48,100000,0.8509865633700521,7.725083827972412,6.850628852844238,1.1276459422794622
NC_008390.1,DNABERT-2,48,250000,0.8710809829318484,7.749154567718506,6.832438945770264,1.1341710667631726
NC_008390.1,DNABERT-2,48,1000000,0.8653915990800145,7.861154079437256,6.823171138763428,1.152126177046461
NC_008390.1,NT-v2-50M,8,0,0.5041762498486866,2.6633944511413574,2.681495189666748,0.9932497590914418
NC_008390.1,NT-v2-50M,8,100000,0.24549086067062098,2.3473875522613525,2.734096050262451,0.8585607488208112
NC_008390.1,NT-v2-50M,8,250000,0.23943832465803172,2.3098807334899902,2.7074790000915527,0.8531481623354723
NC_008390.1,NT-v2-50M,8,1000000,0.4770608885122867,2.612783193588257,2.698076009750366,0.9683875413984349
NC_008390.1,NT-v2-50M,16,0,0.6471371504660453,4.1382975578308105,3.9058785438537598,1.0595049260665779
NC_008390.1,NT-v2-50M,16,100000,0.2888270185207602,3.6119813919067383,3.9435036182403564,0.9159320598058567
NC_008390.1,NT-v2-50M,16,250000,0.3660573780413994,3.72637939453125,3.8973569869995117,0.9561298610728771
NC_008390.1,NT-v2-50M,16,1000000,0.5450913932937901,3.9946563243865967,3.892530679702759,1.0262363107929662
NC_008390.1,NT-v2-50M,24,0,0.6160271153613364,5.079368591308594,4.82890510559082,1.0518675518033667
NC_008390.1,NT-v2-50M,24,100000,0.3579469797845297,4.532083511352539,4.8720526695251465,0.9302205494823309
NC_008390.1,NT-v2-50M,24,250000,0.45454545454545453,4.6815667152404785,4.8231425285339355,0.970646562390415
NC_008390.1,NT-v2-50M,24,1000000,0.5494492192228544,4.8785905838012695,4.826407432556152,1.0108120070620479
NC_008390.1,NT-v2-50M,48,0,0.6723157002784167,7.123704433441162,6.8617143630981445,1.0381814305404466
NC_008390.1,NT-v2-50M,48,100000,0.3155792276964048,6.552848815917969,6.9000654220581055,0.9496792298475669
NC_008390.1,NT-v2-50M,48,250000,0.4561191139087278,6.725200176239014,6.845782279968262,0.9823859277438477
NC_008390.1,NT-v2-50M,48,1000000,0.5452124440140419,6.828555583953857,6.843235015869141,0.9978548987604192
NC_008390.1,compositional,11,0,0.9918896017431303,9.57985226788834,3.0172564479322004,3.1750208950431267
NC_008543.1,DNABERT-S,8,0,0.8661926308985133,3.4894423484802246,2.607682228088379,1.3381394062873375
NC_008543.1,DNABERT-S,8,100000,0.9350355526826115,3.3084325790405273,2.658796787261963,1.2443345030695487
NC_008543.1,DNABERT-S,8,250000,0.8387201034259858,3.1662440299987793,2.6145336627960205,1.2110167388752424
NC_008543.1,DNABERT-S,8,1000000,0.9617000646412411,3.534520149230957,2.609130382537842,1.354673638729012
NC_008543.1,DNABERT-S,16,0,0.870071105365223,4.801848411560059,3.782137632369995,1.2696122876287512
NC_008543.1,DNABERT-S,16,100000,0.9426308985132514,4.806101322174072,3.8349571228027344,1.2532346955320295
NC_008543.1,DNABERT-S,16,250000,0.8645765998707176,4.603819370269775,3.7859959602355957,1.2160127529516138
NC_008543.1,DNABERT-S,16,1000000,0.9747899159663865,5.254232406616211,3.755779266357422,1.3989726323059657
NC_008543.1,DNABERT-S,24,0,0.8702327084680026,6.3369832038879395,4.6984453201293945,1.348740439042381
NC_008543.1,DNABERT-S,24,100000,0.9263089851325146,6.343297481536865,4.749661445617676,1.335526237852084
NC_008543.1,DNABERT-S,24,250000,0.8602133160956691,6.174868583679199,4.6932477951049805,1.3156920012021391
NC_008543.1,DNABERT-S,24,1000000,0.968164188752424,6.8831305503845215,4.652406215667725,1.4794775501770405
NC_008543.1,DNABERT-S,48,0,0.8842921784098254,9.109578132629395,6.691078186035156,1.3614514551095593
NC_008543.1,DNABERT-S,48,100000,0.916289592760181,9.058914184570312,6.750750541687012,1.3419121516385482
NC_008543.1,DNABERT-S,48,250000,0.8841305753070459,8.9501371383667,6.650726795196533,1.345738204857687
NC_008543.1,DNABERT-S,48,1000000,0.9794764059469941,9.987478256225586,6.592543601989746,1.5149658249072768
NC_008543.1,DNABERT-2,8,0,0.5698125404007757,2.759483814239502,2.8172519207000732,0.9794948736972673
NC_008543.1,DNABERT-2,8,100000,0.3938267614738203,2.569145441055298,2.816793918609619,0.9120814355930725
NC_008543.1,DNABERT-2,8,250000,0.47042663219133807,2.633521795272827,2.7837612628936768,0.9460300458866656
NC_008543.1,DNABERT-2,8,1000000,0.8411441499676794,3.3101792335510254,2.749166488647461,1.2040664860495853
NC_008543.1,DNABERT-2,16,0,0.6625727213962508,4.270473003387451,4.0742645263671875,1.048158011280434
NC_008543.1,DNABERT-2,16,100000,0.6792178409825469,4.356033802032471,4.091147422790527,1.0647462317701735
NC_008543.1,DNABERT-2,16,250000,0.5987394957983193,4.133002758026123,4.0510149002075195,1.020238843805389
NC_008543.1,DNABERT-2,16,1000000,0.8857466063348416,4.819765090942383,4.003842830657959,1.203784787463883
NC_008543.1,DNABERT-2,24,0,0.6874595992243051,5.34505558013916,4.923433303833008,1.0856358257108734
NC_008543.1,DNABERT-2,24,100000,0.6745313510019393,5.303706645965576,4.936537742614746,1.074377817509879
NC_008543.1,DNABERT-2,24,250000,0.6342921784098254,5.138969898223877,4.898321151733398,1.049128821699516
NC_008543.1,DNABERT-2,24,1000000,0.8904330963154492,6.002957820892334,4.843680381774902,1.2393381370660608
NC_008543.1,DNABERT-2,48,0,0.788623141564318,7.441741943359375,6.897859573364258,1.0788479910630961
NC_008543.1,DNABERT-2,48,100000,0.7603425985778927,7.440700054168701,6.917791366577148,1.0755889647262205
NC_008543.1,DNABERT-2,48,250000,0.7365869424692955,7.263029098510742,6.859011173248291,1.058903231830007
NC_008543.1,DNABERT-2,48,1000000,0.9479638009049773,8.288196563720703,6.767617225646973,1.2246845953862833
NC_008543.1,NT-v2-50M,8,0,0.2396574014221073,2.45363187789917,2.8664088249206543,0.8559950892444972
NC_008543.1,NT-v2-50M,8,100000,0.05914673561732385,2.09623122215271,2.910759449005127,0.7201664235322449
NC_008543.1,NT-v2-50M,8,250000,0.07207498383968972,2.078596591949463,2.87283992767334,0.723533731178987
NC_008543.1,NT-v2-50M,8,1000000,0.1401098901098901,2.2895522117614746,2.851609706878662,0.8028981687916861
NC_008543.1,NT-v2-50M,16,0,0.18277310924369747,3.589059591293335,4.051333427429199,0.8858958798586956
NC_008543.1,NT-v2-50M,16,100000,0.11700064641241112,3.445502996444702,4.089329242706299,0.8425594497166201
NC_008543.1,NT-v2-50M,16,250000,0.0892049127343245,3.3317689895629883,4.043621063232422,0.8239567796937957
NC_008543.1,NT-v2-50M,16,1000000,0.5095345830639948,3.9569814205169678,4.0019049644470215,0.9887744600810976
NC_008543.1,NT-v2-50M,24,0,0.16887524240465418,4.358611583709717,4.927239894866943,0.8845949612176165
NC_008543.1,NT-v2-50M,24,100000,0.11021331609566903,4.2447123527526855,4.967270851135254,0.8545361185171874
NC_008543.1,NT-v2-50M,24,250000,0.07449903038138332,4.115283012390137,4.910006523132324,0.8381420662074404
NC_008543.1,NT-v2-50M,24,1000000,0.5313510019392372,4.909062385559082,4.8686347007751465,1.0083037005790347
NC_008543.1,NT-v2-50M,48,0,0.37281835811247577,6.652531623840332,6.896661758422852,0.9646016952644713
NC_008543.1,NT-v2-50M,48,100000,0.332579185520362,6.635310173034668,6.961884498596191,0.9530911026134699
NC_008543.1,NT-v2-50M,48,250000,0.30284421460892047,6.49619722366333,6.878494739532471,0.9444213406645529
NC_008543.1,NT-v2-50M,48,1000000,0.832579185520362,7.367849349975586,6.807468414306641,1.0823185509742863
NC_008543.1,compositional,11,0,0.8018745959922431,5.220786376931656,2.696431377954317,1.9361836609735916
NC_008463.1,DNABERT-S,8,0,0.6642036124794746,3.0741846561431885,2.8048830032348633,1.0960117240532814
NC_008463.1,DNABERT-S,8,100000,0.6750738916256158,2.9194259643554688,2.6762490272521973,1.0908648390441267
NC_008463.1,DNABERT-S,8,250000,0.6761904761904762,3.0204126834869385,2.756664514541626,1.0956765567786795
NC_008463.1,DNABERT-S,8,1000000,0.6574384236453202,3.0438296794891357,2.785508394241333,1.092737571992907
NC_008463.1,DNABERT-S,16,0,0.6690968801313629,4.626066207885742,4.1182661056518555,1.1233043444028517
NC_008463.1,DNABERT-S,16,100000,0.6636781609195402,4.532139301300049,4.073751449584961,1.112522292385263
NC_008463.1,DNABERT-S,16,250000,0.6723152709359606,4.583470821380615,4.100564956665039,1.1177656907813796
NC_008463.1,DNABERT-S,16,1000000,0.6670935960591133,4.582666873931885,4.082287311553955,1.1225733330825889
NC_008463.1,DNABERT-S,24,0,0.6407224958949097,5.7685227394104,5.250828742980957,1.0985928168237196
NC_008463.1,DNABERT-S,24,100000,0.632512315270936,5.661031246185303,5.178472995758057,1.0931854333936921
NC_008463.1,DNABERT-S,24,250000,0.6432183908045978,5.725176811218262,5.211970806121826,1.0984667842908173
NC_008463.1,DNABERT-S,24,1000000,0.6424302134646962,5.707081317901611,5.18424129486084,1.1008517916708593
NC_008463.1,DNABERT-S,48,0,0.6034811165845648,8.369704246520996,7.667015075683594,1.0916509441941784
NC_008463.1,DNABERT-S,48,100000,0.6092282430213465,8.297416687011719,7.592573642730713,1.0928332180163753
NC_008463.1,DNABERT-S,48,250000,0.609392446633826,8.343291282653809,7.618957996368408,1.0950698621295267
NC_008463.1,DNABERT-S,48,1000000,0.6036781609195402,8.2652006149292,7.549206256866455,1.0948436608698437
NC_008463.1,DNABERT-2,8,0,0.5604926108374384,3.25126051902771,3.2416810989379883,1.0029550778739031
NC_008463.1,DNABERT-2,8,100000,0.5274548440065682,3.145010471343994,3.095559597015381,1.015974777024578
NC_008463.1,DNABERT-2,8,250000,0.5387848932676519,3.191004991531372,3.2087132930755615,0.9944811829768636
NC_008463.1,DNABERT-2,8,1000000,0.5573727422003284,3.216384172439575,3.204195022583008,1.0038041223367051
NC_008463.1,DNABERT-2,16,0,0.5547783251231527,4.641453266143799,4.527461051940918,1.0251779557891532
NC_008463.1,DNABERT-2,16,100000,0.5782594417077176,4.567373275756836,4.323514461517334,1.0564029139742763
NC_008463.1,DNABERT-2,16,250000,0.585287356321839,4.628846645355225,4.406329154968262,1.0504995161643946
NC_008463.1,DNABERT-2,16,1000000,0.5685057471264368,4.60012674331665,4.411504745483398,1.0427568389281157
NC_008463.1,DNABERT-2,24,0,0.6092610837438424,5.92839241027832,5.46472692489624,1.084846963398978
NC_008463.1,DNABERT-2,24,100000,0.6158949096880131,5.7790446281433105,5.269662380218506,1.0966631657156911
NC_008463.1,DNABERT-2,24,250000,0.6262725779967159,5.871668815612793,5.358403205871582,1.0957870451366536
NC_008463.1,DNABERT-2,24,1000000,0.6176683087027914,5.86849308013916,5.3518829345703125,1.0965286707285433
NC_008463.1,DNABERT-2,48,0,0.6617077175697865,8.418395042419434,7.577632427215576,1.1109532064638292
NC_008463.1,DNABERT-2,48,100000,0.6752709359605912,8.27646541595459,7.377270698547363,1.1218871794394483
NC_008463.1,DNABERT-2,48,250000,0.673136288998358,8.355813980102539,7.4757914543151855,1.117716302168834
NC_008463.1,DNABERT-2,48,1000000,0.6690968801313629,8.320201873779297,7.442000389099121,1.1180061057194441
NC_008463.1,NT-v2-50M,8,0,0.5642036124794746,2.924697160720825,2.7800562381744385,1.0520280563249926
NC_008463.1,NT-v2-50M,8,100000,0.543448275862069,2.7847509384155273,2.7423267364501953,1.0154701485426378
NC_008463.1,NT-v2-50M,8,250000,0.56752052545156,2.836766481399536,2.722452402114868,1.0419893766355166
NC_008463.1,NT-v2-50M,8,1000000,0.5557635467980295,2.873154401779175,2.7382097244262695,1.0492820824311329
NC_008463.1,NT-v2-50M,16,0,0.5133333333333333,4.386880874633789,4.310676574707031,1.0176780369870215
NC_008463.1,NT-v2-50M,16,100000,0.546863711001642,4.2852654457092285,4.1838483810424805,1.0242401386069058
NC_008463.1,NT-v2-50M,16,250000,0.5263382594417078,4.3083014488220215,4.236674785614014,1.016906339719825
NC_008463.1,NT-v2-50M,16,1000000,0.5299507389162561,4.329694747924805,4.214245319366455,1.0273950422458333
NC_008463.1,NT-v2-50M,24,0,0.5614778325123153,5.451984882354736,5.217655658721924,1.044910825658091
NC_008463.1,NT-v2-50M,24,100000,0.5622331691297209,5.30787992477417,5.104395866394043,1.0398644744072087
NC_008463.1,NT-v2-50M,24,250000,0.5545484400656815,5.356114864349365,5.170221328735352,1.0359546572176406
NC_008463.1,NT-v2-50M,24,1000000,0.554679802955665,5.367148399353027,5.138036251068115,1.0445913841571832
NC_008463.1,NT-v2-50M,48,0,0.6003940886699507,7.704782485961914,7.3251800537109375,1.0518215838337885
NC_008463.1,NT-v2-50M,48,100000,0.6102463054187192,7.619195938110352,7.204147815704346,1.0576123828971473
NC_008463.1,NT-v2-50M,48,250000,0.609688013136289,7.640291213989258,7.239388465881348,1.0553779853087497
NC_008463.1,NT-v2-50M,48,1000000,0.6161904761904762,7.635886192321777,7.217460632324219,1.0579740689022386
NC_008463.1,compositional,11,0,0.7148440065681445,6.9198907215113215,4.300347294882595,1.6091469472119095
NC_008563.1,DNABERT-S,8,0,0.8237234920043637,3.0929436683654785,2.6207683086395264,1.1801667694810702
NC_008563.1,DNABERT-S,8,100000,0.5652289599020834,2.766763210296631,2.667679786682129,1.0371421728009322
NC_008563.1,DNABERT-S,8,250000,0.7817896389324961,3.069934606552124,2.6540074348449707,1.156716656572384
NC_008563.1,DNABERT-S,8,1000000,0.8190671314157997,3.2207541465759277,2.6345324516296387,1.2225145090103828
NC_008563.1,DNABERT-S,16,0,0.8548811962855546,4.569725036621094,3.8230512142181396,1.1953083494215386
NC_008563.1,DNABERT-S,16,100000,0.6950882047734348,4.30501127243042,3.8689022064208984,1.1127216566202545
NC_008563.1,DNABERT-S,16,250000,0.8522071149189794,4.585809707641602,3.847759246826172,1.1918130562415545
NC_008563.1,DNABERT-S,16,1000000,0.8490540936061517,4.739758491516113,3.8548543453216553,1.2295557930141767
NC_008563.1,DNABERT-S,24,0,0.8782694303275417,5.778018474578857,4.756078720092773,1.214870235467034
NC_008563.1,DNABERT-S,24,100000,0.7682196737886811,5.478183269500732,4.80566930770874,1.1399417893181325
NC_008563.1,DNABERT-S,24,250000,0.8791075752334833,5.782209396362305,4.778071880340576,1.2101553809086176
NC_008563.1,DNABERT-S,24,1000000,0.8790144480217119,5.986259937286377,4.792566299438477,1.2490719091330589
NC_008563.1,DNABERT-S,48,0,0.8490807013809435,8.233721733093262,6.877383708953857,1.1972171513963297
NC_008563.1,DNABERT-S,48,100000,0.7694303275417077,8.010436058044434,6.9261298179626465,1.1565529767099776
NC_008563.1,DNABERT-S,48,250000,0.847843439853125,8.256935119628906,6.898847579956055,1.196857159682531
NC_008563.1,DNABERT-S,48,1000000,0.8398211957533992,8.417573928833008,6.918395042419434,1.2166946057895671
NC_008563.1,DNABERT-2,8,0,0.8509033339541814,3.884227752685547,2.8780009746551514,1.349626976116978
NC_008563.1,DNABERT-2,8,100000,0.7875236144001277,3.5402257442474365,2.856457471847534,1.23937631809293
NC_008563.1,DNABERT-2,8,250000,0.842561796556954,3.8827669620513916,2.861217737197876,1.3570330253348584
NC_008563.1,DNABERT-2,8,1000000,0.8511694117020994,4.06517219543457,2.864924669265747,1.4189455796324428
NC_008563.1,DNABERT-2,16,0,0.8180294281989198,5.149346828460693,4.041210651397705,1.2742089617822137
NC_008563.1,DNABERT-2,16,100000,0.7819359816938509,4.890502452850342,4.027040004730225,1.214416158544708
NC_008563.1,DNABERT-2,16,250000,0.833900965862225,5.178858280181885,4.03427791595459,1.283713811510297
NC_008563.1,DNABERT-2,16,1000000,0.8351648351648352,5.314037322998047,4.054045677185059,1.3107985815018908
NC_008563.1,DNABERT-2,24,0,0.8423090226964319,6.160068988800049,4.942810535430908,1.2462684832128654
NC_008563.1,DNABERT-2,24,100000,0.7969560705638188,5.864099502563477,4.9448466300964355,1.1859011899119536
NC_008563.1,DNABERT-2,24,250000,0.8467126094244738,6.15239143371582,4.929720401763916,1.2480203606505589
NC_008563.1,DNABERT-2,24,1000000,0.8432669025889364,6.282756328582764,4.95477819442749,1.2680196937269193
NC_008563.1,DNABERT-2,48,0,0.8567437405209802,8.366331100463867,6.926463603973389,1.2078791687672326
NC_008563.1,DNABERT-2,48,100000,0.8141713008541096,8.119772911071777,6.967774868011475,1.1653322710452427
NC_008563.1,DNABERT-2,48,250000,0.8625841470877791,8.393597602844238,6.950074195861816,1.2076989923131927
NC_008563.1,DNABERT-2,48,1000000,0.8488811430700051,8.569890975952148,6.961233615875244,1.2310879721675088
NC_008563.1,NT-v2-50M,8,0,0.5656679881861479,3.058361053466797,2.9744691848754883,1.0282039797278386
NC_008563.1,NT-v2-50M,8,100000,0.48470052949471837,2.927300214767456,2.9926557540893555,0.9781613574389258
NC_008563.1,NT-v2-50M,8,250000,0.5313173509299417,3.0207648277282715,2.981651782989502,1.0131179116763103
NC_008563.1,NT-v2-50M,8,1000000,0.5637522284011388,3.0752689838409424,2.9631147384643555,1.0378501189713332
NC_008563.1,NT-v2-50M,16,0,0.6950349892238512,4.64436674118042,4.169406414031982,1.113915574540773
NC_008563.1,NT-v2-50M,16,100000,0.6143336082803396,4.457912445068359,4.196633815765381,1.0622590964027978
NC_008563.1,NT-v2-50M,16,250000,0.669345182662374,4.608910083770752,4.18625020980835,1.1009638346442154
NC_008563.1,NT-v2-50M,16,1000000,0.6923875156320677,4.744011402130127,4.1852874755859375,1.1334971444144273
NC_008563.1,NT-v2-50M,24,0,0.7283479232631775,5.624052047729492,5.045727729797363,1.1146166319115587
NC_008563.1,NT-v2-50M,24,100000,0.6459303408455951,5.381719589233398,5.07432746887207,1.0605779036230896
NC_008563.1,NT-v2-50M,24,250000,0.6828752361440013,5.5241379737854,5.068782329559326,1.0898353124320614
NC_008563.1,NT-v2-50M,24,1000000,0.7023654311789905,5.667520999908447,5.077563762664795,1.1161890356910127
NC_008563.1,NT-v2-50M,48,0,0.7047069153606684,7.62421178817749,7.068809986114502,1.0785707641249351
NC_008563.1,NT-v2-50M,48,100000,0.6345422132347072,7.485790252685547,7.128883361816406,1.050064908170724
NC_008563.1,NT-v2-50M,48,250000,0.6879573211292339,7.639256954193115,7.107944011688232,1.0747491738301818
NC_008563.1,NT-v2-50M,48,1000000,0.7035627810446212,7.79674768447876,7.113988876342773,1.0959741180375566
NC_008563.1,compositional,11,0,0.9341723651651013,6.381245317028415,2.874854751584562,2.219675729186388
NC_008577.1,DNABERT-S,8,0,0.792022792022792,3.5652756690979004,2.8701887130737305,1.2421746531362359
NC_008577.1,DNABERT-S,8,100000,0.7855235042735043,3.112922430038452,2.7542483806610107,1.1302257457591245
NC_008577.1,DNABERT-S,8,250000,0.7907763532763533,3.4342119693756104,2.8337621688842773,1.2118913884462452
NC_008577.1,DNABERT-S,8,1000000,0.7376246438746439,3.4852757453918457,2.9654276371002197,1.1753029147593586
NC_008577.1,DNABERT-S,16,0,0.8135683760683761,5.225420951843262,4.165368556976318,1.2544918607722064
NC_008577.1,DNABERT-S,16,100000,0.8396545584045584,4.75089168548584,4.059784889221191,1.1702323682467883
NC_008577.1,DNABERT-S,16,250000,0.8110754985754985,5.071004390716553,4.137772560119629,1.2255396634390998
NC_008577.1,DNABERT-S,16,1000000,0.7843660968660968,5.129383087158203,4.171880722045898,1.2295133607373951
NC_008577.1,DNABERT-S,24,0,0.8426816239316239,6.580642223358154,5.184840202331543,1.269208300845789
NC_008577.1,DNABERT-S,24,100000,0.8567485754985755,6.088290691375732,5.077535629272461,1.1990641003632108
NC_008577.1,DNABERT-S,24,250000,0.8435719373219374,6.375479221343994,5.135346412658691,1.2414896112224016
NC_008577.1,DNABERT-S,24,1000000,0.8067129629629629,6.437437057495117,5.205682754516602,1.2366172433212166
NC_008577.1,DNABERT-S,48,0,0.7725249287749287,9.63497543334961,7.586951732635498,1.2699402570210743
NC_008577.1,DNABERT-S,48,100000,0.7813390313390314,9.253915786743164,7.514200687408447,1.2315236405982555
NC_008577.1,DNABERT-S,48,250000,0.7671830484330484,9.472492218017578,7.54001522064209,1.2562961666290806
NC_008577.1,DNABERT-S,48,1000000,0.7467948717948718,9.452616691589355,7.5702385902404785,1.2486550561002967
NC_008577.1,DNABERT-2,8,0,0.6116452991452992,4.2272419929504395,3.8107614517211914,1.109290635613294
NC_008577.1,DNABERT-2,8,100000,0.6012286324786325,3.692835569381714,3.2599194049835205,1.132799652573123
NC_008577.1,DNABERT-2,8,250000,0.6290954415954416,4.134902000427246,3.490854024887085,1.1844958199193085
NC_008577.1,DNABERT-2,8,1000000,0.6133368945868946,4.089334487915039,3.639517068862915,1.123592611475967
NC_008577.1,DNABERT-2,16,0,0.593482905982906,5.4273200035095215,4.895316123962402,1.1086761030493983
NC_008577.1,DNABERT-2,16,100000,0.6089743589743589,5.02199125289917,4.4285807609558105,1.1339956351649065
NC_008577.1,DNABERT-2,16,250000,0.6286502849002849,5.410538196563721,4.6228203773498535,1.1703976695857359
NC_008577.1,DNABERT-2,16,1000000,0.6066595441595442,5.351757526397705,4.7455267906188965,1.1277478270646841
NC_008577.1,DNABERT-2,24,0,0.6212606837606838,6.491204738616943,5.755300045013428,1.1278655652785863
NC_008577.1,DNABERT-2,24,100000,0.6428952991452992,6.0489420890808105,5.333242416381836,1.1341959762602574
NC_008577.1,DNABERT-2,24,250000,0.6379095441595442,6.418084621429443,5.538334846496582,1.1588473429860187
NC_008577.1,DNABERT-2,24,1000000,0.6262464387464387,6.378527641296387,5.610838890075684,1.1368224549413766
NC_008577.1,DNABERT-2,48,0,0.6199252136752137,8.442241668701172,7.750438213348389,1.089259914898916
NC_008577.1,DNABERT-2,48,100000,0.6337250712250713,8.026171684265137,7.400415420532227,1.0845569104129977
NC_008577.1,DNABERT-2,48,250000,0.6392450142450142,8.363285064697266,7.545267105102539,1.1084147119247159
NC_008577.1,DNABERT-2,48,1000000,0.614227207977208,8.297186851501465,7.637543201446533,1.0863685654740385
NC_008577.1,NT-v2-50M,8,0,0.5114850427350427,3.1887331008911133,3.3148679733276367,0.9619487492559462
NC_008577.1,NT-v2-50M,8,100000,0.5060541310541311,2.9862654209136963,3.1732523441314697,0.9410740455093077
NC_008577.1,NT-v2-50M,8,250000,0.48522079772079774,3.021965980529785,3.2312722206115723,0.9352248198877616
NC_008577.1,NT-v2-50M,8,1000000,0.5146011396011396,3.038708209991455,3.1845459938049316,0.954204528966709
NC_008577.1,NT-v2-50M,16,0,0.6240206552706553,4.933530330657959,4.516901016235352,1.0922378668306199
NC_008577.1,NT-v2-50M,16,100000,0.6148504273504274,4.607287883758545,4.35768985748291,1.0572776022247272
NC_008577.1,NT-v2-50M,16,250000,0.6293625356125356,4.846036434173584,4.4337005615234375,1.0930003880344292
NC_008577.1,NT-v2-50M,16,1000000,0.6056801994301995,4.825446605682373,4.51908016204834,1.067793982989487
NC_008577.1,NT-v2-50M,24,0,0.6351495726495726,5.9275689125061035,5.364363670349121,1.1049901305666565
NC_008577.1,NT-v2-50M,24,100000,0.6358618233618234,5.594613075256348,5.185912132263184,1.0788098472495335
NC_008577.1,NT-v2-50M,24,250000,0.6437856125356125,5.83881950378418,5.270784854888916,1.1077704107706812
NC_008577.1,NT-v2-50M,24,1000000,0.6138710826210826,5.840332508087158,5.343613624572754,1.0929556136376009
NC_008577.1,NT-v2-50M,48,0,0.6581196581196581,8.140111923217773,7.375206470489502,1.103713090038753
NC_008577.1,NT-v2-50M,48,100000,0.6879451566951567,7.881721019744873,7.243114948272705,1.088167325250645
NC_008577.1,NT-v2-50M,48,250000,0.6787749287749287,8.075462341308594,7.2976789474487305,1.1065795576183544
NC_008577.1,NT-v2-50M,48,1000000,0.6362179487179487,8.030863761901855,7.358635425567627,1.091352308880335
NC_008577.1,compositional,11,0,0.8783831908831908,10.620812711796269,3.649276694164202,2.910388441846766
NC_008595.1,DNABERT-S,8,0,0.7519688644688645,2.9330544471740723,2.6560323238372803,1.104299228910199
NC_008595.1,DNABERT-S,8,100000,0.42875457875457873,2.6625988483428955,2.723053216934204,0.9777990498990791
NC_008595.1,DNABERT-S,8,250000,0.598489010989011,2.8024685382843018,2.676511287689209,1.0470602351555331
NC_008595.1,DNABERT-S,8,1000000,0.7392399267399268,2.91983962059021,2.6605124473571777,1.0974726404646726
NC_008595.1,DNABERT-S,16,0,0.7588369963369963,4.229483604431152,3.7976248264312744,1.1137181258649256
NC_008595.1,DNABERT-S,16,100000,0.5939102564102564,4.039671421051025,3.8502159118652344,1.0492064636172598
NC_008595.1,DNABERT-S,16,250000,0.7027930402930402,4.153478145599365,3.7997419834136963,1.0930947847853267
NC_008595.1,DNABERT-S,16,1000000,0.7576923076923077,4.224645137786865,3.800117254257202,1.1117144169838633
NC_008595.1,DNABERT-S,24,0,0.8539835164835164,5.512296199798584,4.705381393432617,1.1714876518813526
NC_008595.1,DNABERT-S,24,100000,0.8163461538461538,5.391266822814941,4.752851486206055,1.1343225931762702
NC_008595.1,DNABERT-S,24,250000,0.8376831501831502,5.4386138916015625,4.714602470397949,1.1535678619246346
NC_008595.1,DNABERT-S,24,1000000,0.8554487179487179,5.535057544708252,4.713529586791992,1.174291460950686
NC_008595.1,DNABERT-S,48,0,0.8869505494505494,8.058703422546387,6.752549648284912,1.1934311989239836
NC_008595.1,DNABERT-S,48,100000,0.8685897435897436,8.005230903625488,6.843878269195557,1.1696921816475323
NC_008595.1,DNABERT-S,48,250000,0.8783882783882784,7.9987921714782715,6.773101806640625,1.180964408896959
NC_008595.1,DNABERT-S,48,1000000,0.8792124542124542,8.089783668518066,6.73974609375,1.2003098567793233
NC_008595.1,DNABERT-2,8,0,0.7522435897435897,3.2642123699188232,2.7436025142669678,1.1897541108614094
NC_008595.1,DNABERT-2,8,100000,0.5596611721611722,2.9597747325897217,2.8300981521606445,1.0458205240443958
NC_008595.1,DNABERT-2,8,250000,0.7684065934065935,3.3526718616485596,2.783968687057495,1.2042778631939834
NC_008595.1,DNABERT-2,8,1000000,0.7562728937728938,3.3346548080444336,2.7822368144989014,1.1985517518374964
NC_008595.1,DNABERT-2,16,0,0.7319139194139194,4.417250156402588,3.918118715286255,1.1273905864998444
NC_008595.1,DNABERT-2,16,100000,0.5614468864468865,4.159030437469482,4.022329330444336,1.0339855580671824
NC_008595.1,DNABERT-2,16,250000,0.7229395604395604,4.46550989151001,3.961641550064087,1.1271867570749232
NC_008595.1,DNABERT-2,16,1000000,0.7486263736263736,4.527234077453613,3.960862636566162,1.1429919421236134
NC_008595.1,DNABERT-2,24,0,0.7992216117216118,5.476483345031738,4.7712788581848145,1.1478019851296664
NC_008595.1,DNABERT-2,24,100000,0.6741300366300367,5.272926330566406,4.870535373687744,1.0826173974739024
NC_008595.1,DNABERT-2,24,250000,0.7966575091575091,5.5272650718688965,4.800453186035156,1.1514048481814354
NC_008595.1,DNABERT-2,24,1000000,0.8279304029304029,5.6153564453125,4.777802467346191,1.1753010895051768
NC_008595.1,DNABERT-2,48,0,0.7976190476190477,7.552511215209961,6.766942024230957,1.1160892450631394
NC_008595.1,DNABERT-2,48,100000,0.720054945054945,7.458829879760742,6.856493949890137,1.0878489697902025
NC_008595.1,DNABERT-2,48,250000,0.8032967032967033,7.621199607849121,6.792329788208008,1.1220302672994609
NC_008595.1,DNABERT-2,48,1000000,0.8258241758241758,7.681609630584717,6.775660991668701,1.1337063114624482
NC_008595.1,NT-v2-50M,8,0,0.26121794871794873,2.5636932849884033,2.9566025733947754,0.86710784467889
NC_008595.1,NT-v2-50M,8,100000,0.12431318681318682,2.285459041595459,2.945957660675049,0.7757949382992013
NC_008595.1,NT-v2-50M,8,250000,0.2342032967032967,2.4998157024383545,2.9278268814086914,0.8538126753025767
NC_008595.1,NT-v2-50M,8,1000000,0.16314102564102564,2.369163990020752,2.9487383365631104,0.8034500588418167
NC_008595.1,NT-v2-50M,16,0,0.27344322344322347,3.711331844329834,4.057774066925049,0.9146225943383423
NC_008595.1,NT-v2-50M,16,100000,0.186492673992674,3.5483739376068115,4.0644941329956055,0.8730173599713369
NC_008595.1,NT-v2-50M,16,250000,0.2504120879120879,3.6659066677093506,4.038223743438721,0.907801771426284
NC_008595.1,NT-v2-50M,16,1000000,0.2488095238095238,3.64575457572937,4.058420181274414,0.8983186592041192
NC_008595.1,NT-v2-50M,24,0,0.38392857142857145,4.719054698944092,4.943498134613037,0.9545982562231685
NC_008595.1,NT-v2-50M,24,100000,0.3249084249084249,4.6260085105896,4.950758457183838,0.9344040010429094
NC_008595.1,NT-v2-50M,24,250000,0.3631410256410256,4.692224502563477,4.937748908996582,0.9502760446190854
NC_008595.1,NT-v2-50M,24,1000000,0.38177655677655675,4.695626258850098,4.92351770401001,0.9537136943827167
NC_008595.1,NT-v2-50M,48,0,0.42115384615384616,6.818471431732178,6.986407279968262,0.975962488084885
NC_008595.1,NT-v2-50M,48,100000,0.39084249084249084,6.75883674621582,7.003161430358887,0.9651122301588091
NC_008595.1,NT-v2-50M,48,250000,0.41336996336996334,6.7895026206970215,6.973759651184082,0.97357852296275
NC_008595.1,NT-v2-50M,48,1000000,0.45132783882783883,6.821076393127441,6.96304178237915,0.9796115844642825
NC_008595.1,compositional,11,0,0.8807692307692307,6.202569493806651,2.617550033506374,2.369608761784743
NC_008600.1,DNABERT-S,8,0,0.9734450284713096,3.883512496948242,2.6167306900024414,1.4841085908403584
NC_008600.1,DNABERT-S,8,100000,0.9681887866841875,3.944355010986328,2.6578075885772705,1.4840634167568725
NC_008600.1,DNABERT-S,8,250000,0.9575394218134035,3.8991897106170654,2.6529297828674316,1.4697674004785033
NC_008600.1,DNABERT-S,8,1000000,0.9235107314936487,3.9222075939178467,2.7066235542297363,1.4491145574302249
NC_008600.1,DNABERT-S,16,0,0.9674496276828735,5.403353214263916,3.794473648071289,1.4240059927706736
NC_008600.1,DNABERT-S,16,100000,0.9765385457731056,5.648278713226318,3.851184844970703,1.4666340205930277
NC_008600.1,DNABERT-S,16,250000,0.9642466053438458,5.605440616607666,3.853019952774048,1.4548174380908494
NC_008600.1,DNABERT-S,16,1000000,0.9208826106000876,5.560966491699219,3.9345500469207764,1.4133678375882637
NC_008600.1,DNABERT-S,24,0,0.9613857862461673,6.6938700675964355,4.734930992126465,1.4137207234334388
NC_008600.1,DNABERT-S,24,100000,0.9592778142794569,6.79646635055542,4.792973041534424,1.4180063796852898
NC_008600.1,DNABERT-S,24,250000,0.9534466710468682,6.813236236572266,4.800044059753418,1.4194111870136181
NC_008600.1,DNABERT-S,24,1000000,0.9216902102496715,6.794414520263672,4.8841071128845215,1.3911272548342895
NC_008600.1,DNABERT-S,48,0,0.9650678931230836,10.02664852142334,6.820170879364014,1.4701462322243652
NC_008600.1,DNABERT-S,48,100000,0.9660397503285151,10.065303802490234,6.912574768066406,1.4560860663653572
NC_008600.1,DNABERT-S,48,250000,0.9587029128339903,10.09892749786377,6.91367769241333,1.460717138860226
NC_008600.1,DNABERT-S,48,1000000,0.9422497809899255,10.01998233795166,6.997840404510498,1.431867799027429
NC_008600.1,DNABERT-2,8,0,0.8988173455978975,3.7404909133911133,2.8014962673187256,1.335176118928435
NC_008600.1,DNABERT-2,8,100000,0.8817619360490583,4.4993062019348145,3.112495183944702,1.4455624622790584
NC_008600.1,DNABERT-2,8,250000,0.9054424003504161,4.619242191314697,3.113302707672119,1.4837112304985596
NC_008600.1,DNABERT-2,8,1000000,0.919951817783618,4.388596057891846,3.040024995803833,1.4436052545454245
NC_008600.1,DNABERT-2,16,0,0.8778745072273325,4.859870910644531,4.060844898223877,1.1967634894822332
NC_008600.1,DNABERT-2,16,100000,0.8439279456855016,5.479029178619385,4.333105087280273,1.2644579506513571
NC_008600.1,DNABERT-2,16,250000,0.8689772229522558,5.58056116104126,4.331921100616455,1.2882416441627058
NC_008600.1,DNABERT-2,16,1000000,0.8674989049496277,5.342887878417969,4.29445743560791,1.2441357164509061
NC_008600.1,DNABERT-2,24,0,0.9052507665352606,6.208797454833984,4.961963653564453,1.2512783019629459
NC_008600.1,DNABERT-2,24,100000,0.9156811213315813,6.726353168487549,5.209672451019287,1.2911278457000726
NC_008600.1,DNABERT-2,24,250000,0.9190484012264564,6.755653381347656,5.200522422790527,1.29903360318994
NC_008600.1,DNABERT-2,24,1000000,0.903964082347788,6.555625915527344,5.179623603820801,1.265656815427963
NC_008600.1,DNABERT-2,48,0,0.920376149802891,8.472044944763184,6.95948600769043,1.2173377366376386
NC_008600.1,DNABERT-2,48,100000,0.9199107533946561,8.834095001220703,7.18004846572876,1.2303670432570069
NC_008600.1,DNABERT-2,48,250000,0.9195685501533071,8.827296257019043,7.173986911773682,1.230458929682742
NC_008600.1,DNABERT-2,48,1000000,0.8838014673674989,8.669297218322754,7.2023749351501465,1.2036720243503995
NC_008600.1,NT-v2-50M,8,0,0.29860654840122647,2.4055252075195312,2.8545515537261963,0.8426981129065518
NC_008600.1,NT-v2-50M,8,100000,0.4457265659220324,2.7219650745391846,2.8906383514404297,0.941648433185288
NC_008600.1,NT-v2-50M,8,250000,0.5054341874726237,2.8123319149017334,2.881366014480591,0.9760411904520565
NC_008600.1,NT-v2-50M,8,1000000,0.449312855891371,2.7252070903778076,2.9144232273101807,0.935075957685457
NC_008600.1,NT-v2-50M,16,0,0.7929259745948314,5.000136852264404,4.07524299621582,1.226954283930411
NC_008600.1,NT-v2-50M,16,100000,0.8425317564607971,5.233813762664795,4.125629901885986,1.2686096152910407
NC_008600.1,NT-v2-50M,16,250000,0.8292268944371441,5.170598030090332,4.108400344848633,1.2585428867889052
NC_008600.1,NT-v2-50M,16,1000000,0.7976073149364871,5.080570220947266,4.152146339416504,1.2236009537325778
NC_008600.1,NT-v2-50M,24,0,0.8148954226894437,6.078731060028076,4.988966941833496,1.2184348244636956
NC_008600.1,NT-v2-50M,24,100000,0.8601757555847569,6.268190383911133,5.056354999542236,1.2396658036230856
NC_008600.1,NT-v2-50M,24,250000,0.8355918747262374,6.1985697746276855,5.046219825744629,1.2283590467074061
NC_008600.1,NT-v2-50M,24,1000000,0.7911328296101621,6.075891971588135,5.09923791885376,1.1915294144490347
NC_008600.1,NT-v2-50M,48,0,0.7748302671922909,8.032264709472656,7.041102886199951,1.1407679790072818
NC_008600.1,NT-v2-50M,48,100000,0.8171676522120017,8.219715118408203,7.132393836975098,1.152448295240837
NC_008600.1,NT-v2-50M,48,250000,0.7983190976784932,8.137921333312988,7.120128154754639,1.1429459072135792
NC_008600.1,NT-v2-50M,48,1000000,0.7334373631187034,7.998600006103516,7.188802719116211,1.1126470315889905
NC_008600.1,compositional,11,0,0.7404163912756113,4.33377238331744,2.884322307598739,1.5025270830170847
NC_008819.1,DNABERT-S,8,0,0.8040858318636096,3.0218677520751953,2.6080148220062256,1.1586850375913937
NC_008819.1,DNABERT-S,8,100000,0.5689300411522634,2.690086841583252,2.6720845699310303,1.0067371638812639
NC_008819.1,DNABERT-S,8,250000,0.6224279835390947,2.772091865539551,2.645547389984131,1.0478330027405705
NC_008819.1,DNABERT-S,8,1000000,0.6619635508524397,2.9340198040008545,2.7316410541534424,1.0740868751916348
NC_008819.1,DNABERT-S,16,0,0.7239858906525574,4.068634510040283,3.782762050628662,1.075572413909596
NC_008819.1,DNABERT-S,16,100000,0.6662257495590829,4.02880334854126,3.883610963821411,1.0373859240980672
NC_008819.1,DNABERT-S,16,250000,0.6425631981187536,3.9948043823242188,3.872832775115967,1.0314941579693173
NC_008819.1,DNABERT-S,16,1000000,0.5927395649617871,3.996515989303589,3.944819211959839,1.0131049801184846
NC_008819.1,DNABERT-S,24,0,0.7135508524397414,5.004231929779053,4.7109503746032715,1.062255284359789
NC_008819.1,DNABERT-S,24,100000,0.6525573192239859,4.950763702392578,4.811539173126221,1.0289355493651522
NC_008819.1,DNABERT-S,24,250000,0.6531452087007642,4.951935768127441,4.788456439971924,1.034140297652259
NC_008819.1,DNABERT-S,24,1000000,0.5584950029394474,4.866064071655273,4.879406929016113,0.9972654755885404
NC_008819.1,DNABERT-S,48,0,0.7304526748971193,7.450002193450928,6.835042953491211,1.0899715252916746
NC_008819.1,DNABERT-S,48,100000,0.7004703115814227,7.434690952301025,6.972989082336426,1.0662129059020264
NC_008819.1,DNABERT-S,48,250000,0.682392710170488,7.345911502838135,6.935530185699463,1.059170864541091
NC_008819.1,DNABERT-S,48,1000000,0.5774544385655497,7.1361565589904785,7.021736145019531,1.0162951742429263
NC_008819.1,DNABERT-2,8,0,0.6490299823633157,3.202432870864868,2.9057962894439697,1.1020844380930985
NC_008819.1,DNABERT-2,8,100000,0.5743680188124632,2.895559787750244,2.8574411869049072,1.0133401173819525
NC_008819.1,DNABERT-2,8,250000,0.6271310993533216,3.065070629119873,2.8949944972991943,1.0587483437289247
NC_008819.1,DNABERT-2,8,1000000,0.6031746031746031,3.172456979751587,2.9669713973999023,1.0692576890130323
NC_008819.1,DNABERT-2,16,0,0.49353321575543796,4.088281154632568,4.1659321784973145,0.981360468548781
NC_008819.1,DNABERT-2,16,100000,0.3533215755437978,3.8073647022247314,4.184291362762451,0.909918639057469
NC_008819.1,DNABERT-2,16,250000,0.4072604350382128,3.917726755142212,4.233593940734863,0.9253902972239649
NC_008819.1,DNABERT-2,16,1000000,0.42401528512639625,3.9892349243164062,4.315759181976318,0.9243414092650122
NC_008819.1,DNABERT-2,24,0,0.3852145796590241,4.735805511474609,5.091083526611328,0.9302156381289632
NC_008819.1,DNABERT-2,24,100000,0.23574368018812464,4.494843482971191,5.134273052215576,0.8754585970123943
NC_008819.1,DNABERT-2,24,250000,0.26278659611992944,4.5227460861206055,5.193871021270752,0.870785213494588
NC_008819.1,DNABERT-2,24,1000000,0.3211346266901822,4.5845866203308105,5.237575054168701,0.8753261906350798
NC_008819.1,DNABERT-2,48,0,0.4858906525573192,6.875611782073975,7.074642181396484,0.9718670719706671
NC_008819.1,DNABERT-2,48,100000,0.3592004703115814,6.687303066253662,7.159762382507324,0.9340118720408974
NC_008819.1,DNABERT-2,48,250000,0.3793356848912404,6.664040565490723,7.203805446624756,0.925072257276613
NC_008819.1,DNABERT-2,48,1000000,0.3497942386831276,6.600738525390625,7.267609596252441,0.908240658495788
NC_008819.1,NT-v2-50M,8,0,0.6910640799529688,3.117494821548462,2.8743555545806885,1.0845891408877015
NC_008819.1,NT-v2-50M,8,100000,0.5695179306290418,3.013427257537842,2.989989757537842,1.0078386556144259
NC_008819.1,NT-v2-50M,8,250000,0.5532039976484421,2.930706739425659,2.9606595039367676,0.9898830769052367
NC_008819.1,NT-v2-50M,8,1000000,0.5862727807172252,3.0068302154541016,2.972174644470215,1.0116600049221078
NC_008819.1,NT-v2-50M,16,0,0.5970017636684304,4.344316005706787,4.225096702575684,1.028216940705387
NC_008819.1,NT-v2-50M,16,100000,0.46164021164021163,4.200586318969727,4.353754043579102,0.9648193896402425
NC_008819.1,NT-v2-50M,16,250000,0.5060258671369783,4.201076984405518,4.312157154083252,0.9742402315804862
NC_008819.1,NT-v2-50M,16,1000000,0.48059964726631393,4.187648773193359,4.342303276062012,0.964384223524593
NC_008819.1,NT-v2-50M,24,0,0.4982363315696649,4.9893059730529785,5.075475692749023,0.9830223362473887
NC_008819.1,NT-v2-50M,24,100000,0.44767783656672544,4.973725318908691,5.183076858520508,0.959608636852903
NC_008819.1,NT-v2-50M,24,250000,0.4636978248089359,4.942580223083496,5.158211708068848,0.958196464746097
NC_008819.1,NT-v2-50M,24,1000000,0.3775720164609053,4.814327716827393,5.187077045440674,0.9281388486525528
NC_008819.1,NT-v2-50M,48,0,0.4260728982951205,6.9387526512146,7.139667987823486,0.9718592885619411
NC_008819.1,NT-v2-50M,48,100000,0.38080540858318634,6.884523868560791,7.286725044250488,0.9448035745486171
NC_008819.1,NT-v2-50M,48,250000,0.3713991769547325,6.8250041007995605,7.28221321105957,0.9372156380198204
NC_008819.1,NT-v2-50M,48,1000000,0.3422986478542034,6.710411548614502,7.265278339385986,0.923627593486201
NC_008819.1,compositional,11,0,0.8656672545561435,7.3149191845333394,2.855942969046469,2.5612973591610673
NC_008611.1,DNABERT-S,8,0,0.8727564102564103,3.2285208702087402,2.6965575218200684,1.1972749863795296
NC_008611.1,DNABERT-S,8,100000,0.7147435897435898,3.0147156715393066,2.723540782928467,1.10691041986078
NC_008611.1,DNABERT-S,8,250000,0.771474358974359,3.101585626602173,2.730087995529175,1.136075332253527
NC_008611.1,DNABERT-S,8,1000000,0.7798076923076923,3.1142818927764893,2.7371490001678467,1.1377831066505755
NC_008611.1,DNABERT-S,16,0,0.969551282051282,4.866095066070557,3.876908540725708,1.2551482747023188
NC_008611.1,DNABERT-S,16,100000,0.9246794871794872,4.749638080596924,3.9394993782043457,1.2056450895448156
NC_008611.1,DNABERT-S,16,250000,0.9310897435897436,4.788990020751953,3.9156694412231445,1.223032253523425
NC_008611.1,DNABERT-S,16,1000000,0.9259615384615385,4.759015083312988,3.9092204570770264,1.2173821189075031
NC_008611.1,DNABERT-S,24,0,0.9467948717948718,5.783595085144043,4.803192138671875,1.2041148715619063
NC_008611.1,DNABERT-S,24,100000,0.8673076923076923,5.608700275421143,4.86687707901001,1.152422833855921
NC_008611.1,DNABERT-S,24,250000,0.892948717948718,5.704539775848389,4.8555827140808105,1.1748414375283256
NC_008611.1,DNABERT-S,24,1000000,0.885576923076923,5.665121555328369,4.876558303833008,1.1617048751115198
NC_008611.1,DNABERT-S,48,0,0.9201923076923076,8.791290283203125,6.918128490447998,1.2707613475727488
NC_008611.1,DNABERT-S,48,100000,0.8772435897435897,8.670602798461914,6.987622261047363,1.2408516766563582
NC_008611.1,DNABERT-S,48,250000,0.8993589743589744,8.770296096801758,6.977272987365723,1.2569805012191437
NC_008611.1,DNABERT-S,48,1000000,0.8711538461538462,8.676451683044434,6.993705749511719,1.2406086263566636
NC_008611.1,DNABERT-2,8,0,0.9102564102564102,4.4829816818237305,2.7687153816223145,1.6191558408567623
NC_008611.1,DNABERT-2,8,100000,0.9099358974358974,4.497081279754639,2.8192427158355713,1.5951380328109803
NC_008611.1,DNABERT-2,8,250000,0.9266025641025641,4.710314750671387,2.814730405807495,1.6734514754780156
NC_008611.1,DNABERT-2,8,1000000,0.8740384615384615,4.431764602661133,2.8319876194000244,1.5648954721066302
NC_008611.1,DNABERT-2,16,0,0.9423076923076923,5.794342994689941,3.9694275856018066,1.459742713460147
NC_008611.1,DNABERT-2,16,100000,0.9435897435897436,5.723066329956055,4.016623020172119,1.4248452745537499
NC_008611.1,DNABERT-2,16,250000,0.9352564102564103,5.897473335266113,4.017171859741211,1.4680659780500485
NC_008611.1,DNABERT-2,16,1000000,0.9038461538461539,5.701727390289307,3.9970219135284424,1.4264939031209876
NC_008611.1,DNABERT-2,24,0,0.9352564102564103,6.816043853759766,4.880593299865723,1.3965605070898435
NC_008611.1,DNABERT-2,24,100000,0.9224358974358975,6.781064510345459,4.933325290679932,1.3745423443202271
NC_008611.1,DNABERT-2,24,250000,0.9166666666666666,6.906589508056641,4.940737247467041,1.397886421018934
NC_008611.1,DNABERT-2,24,1000000,0.8875,6.677620887756348,4.940800666809082,1.3515260659299086
NC_008611.1,DNABERT-2,48,0,0.9782051282051282,9.297599792480469,6.907200813293457,1.3460734737270847
NC_008611.1,DNABERT-2,48,100000,0.9839743589743589,9.240641593933105,6.981290340423584,1.3236294643738362
NC_008611.1,DNABERT-2,48,250000,0.9663461538461539,9.377424240112305,6.975351810455322,1.3443657746490332
NC_008611.1,DNABERT-2,48,1000000,0.9246794871794872,9.118595123291016,6.99857759475708,1.302921200748296
NC_008611.1,NT-v2-50M,8,0,0.7009615384615384,2.9894137382507324,2.761310577392578,1.0826068471709347
NC_008611.1,NT-v2-50M,8,100000,0.6647435897435897,2.9242477416992188,2.782773494720459,1.0508392965676754
NC_008611.1,NT-v2-50M,8,250000,0.7342948717948717,3.0517449378967285,2.792186737060547,1.0929587542950046
NC_008611.1,NT-v2-50M,8,1000000,0.6548076923076923,2.9042325019836426,2.8208179473876953,1.0295710521386876
NC_008611.1,NT-v2-50M,16,0,0.7022435897435897,4.450061321258545,3.9254565238952637,1.1336417291007752
NC_008611.1,NT-v2-50M,16,100000,0.5900641025641026,4.196562767028809,3.9904191493988037,1.0516596402312932
NC_008611.1,NT-v2-50M,16,250000,0.6368589743589743,4.380853176116943,3.9960553646087646,1.0962944144658648
NC_008611.1,NT-v2-50M,16,1000000,0.6278846153846154,4.290019989013672,4.016074180603027,1.0682123377435997
NC_008611.1,NT-v2-50M,24,0,0.6785256410256411,5.526490211486816,4.922652721405029,1.1226650597260575
NC_008611.1,NT-v2-50M,24,100000,0.6064102564102564,5.328062534332275,4.98272180557251,1.0693076479552899
NC_008611.1,NT-v2-50M,24,250000,0.6416666666666667,5.497262954711914,4.999809265136719,1.0994945333302815
NC_008611.1,NT-v2-50M,24,1000000,0.6294871794871795,5.358989715576172,5.023716926574707,1.0667379937806452
NC_008611.1,NT-v2-50M,48,0,0.6419871794871795,7.382006645202637,6.908166408538818,1.0685913176726793
NC_008611.1,NT-v2-50M,48,100000,0.569551282051282,7.249886989593506,7.006197452545166,1.0347819967534335
NC_008611.1,NT-v2-50M,48,250000,0.6009615384615384,7.330875396728516,6.995046615600586,1.0480095129572051
NC_008611.1,NT-v2-50M,48,1000000,0.5778846153846153,7.239017486572266,7.008203983306885,1.0329347581513273
NC_008611.1,compositional,11,0,0.9913461538461539,8.530076891765061,2.632678673912134,3.2400752041225953
NC_008750.1,DNABERT-S,8,0,0.6742321589882565,3.1182162761688232,2.7801411151885986,1.1216035974336829
NC_008750.1,DNABERT-S,8,100000,0.6254893104486601,2.89247727394104,2.664736747741699,1.0854645496942035
NC_008750.1,DNABERT-S,8,250000,0.6179990966576332,2.9789726734161377,2.7427096366882324,1.0861421980538881
NC_008750.1,DNABERT-S,8,1000000,0.6118262571514604,3.081101894378662,2.8967931270599365,1.0636251051540526
NC_008750.1,DNABERT-S,16,0,0.676001204456489,4.553161144256592,4.1053242683410645,1.1090868459208205
NC_008750.1,DNABERT-S,16,100000,0.6566922613670582,4.313202857971191,3.9957103729248047,1.0794583329156529
NC_008750.1,DNABERT-S,16,250000,0.648486901535682,4.415992736816406,4.062615394592285,1.086982721203316
NC_008750.1,DNABERT-S,16,1000000,0.6483363444745559,4.5077619552612305,4.166663646697998,1.0818636533893362
NC_008750.1,DNABERT-S,24,0,0.6775444143330323,5.685995578765869,5.034210681915283,1.1294711203073076
NC_008750.1,DNABERT-S,24,100000,0.6875940981632038,5.467006206512451,4.880392074584961,1.1201981568207053
NC_008750.1,DNABERT-S,24,250000,0.6830773863294188,5.568387985229492,4.945971488952637,1.125843122562896
NC_008750.1,DNABERT-S,24,1000000,0.6591388136103583,5.587120532989502,5.0444207191467285,1.1075841695326658
NC_008750.1,DNABERT-S,48,0,0.6690379403794038,8.32178020477295,7.346377372741699,1.132773308876076
NC_008750.1,DNABERT-S,48,100000,0.6755495332731105,8.181075096130371,7.181736469268799,1.139149999604945
NC_008750.1,DNABERT-S,48,250000,0.6749849442938873,8.235522270202637,7.268852710723877,1.132987914042145
NC_008750.1,DNABERT-S,48,1000000,0.6503688647997591,8.16905403137207,7.436641693115234,1.0984869741586307
NC_008750.1,DNABERT-2,8,0,0.5272884673291177,3.323225736618042,3.6170971393585205,0.9187549044390343
NC_008750.1,DNABERT-2,8,100000,0.43424420355314663,3.0725152492523193,3.411109685897827,0.9007377458293642
NC_008750.1,DNABERT-2,8,250000,0.4755344775669979,3.212235450744629,3.649184226989746,0.8802612449617099
NC_008750.1,DNABERT-2,8,1000000,0.5012044564890094,3.298968553543091,3.7129626274108887,0.8885003391061647
NC_008750.1,DNABERT-2,16,0,0.4923968684131286,4.590245723724365,4.775436878204346,0.9612200602367472
NC_008750.1,DNABERT-2,16,100000,0.47530864197530864,4.504781723022461,4.570295810699463,0.9856652412905905
NC_008750.1,DNABERT-2,16,250000,0.4746311352002409,4.596367359161377,4.8068766593933105,0.9562066357952894
NC_008750.1,DNABERT-2,16,1000000,0.49409063535079795,4.625828742980957,4.8585381507873535,0.9521029987654446
NC_008750.1,DNABERT-2,24,0,0.5109530261969286,5.58802604675293,5.607638359069824,0.9965025718384329
NC_008750.1,DNABERT-2,24,100000,0.4930367359229148,5.454043865203857,5.386773586273193,1.012488046481494
NC_008750.1,DNABERT-2,24,250000,0.49409063535079795,5.5534987449646,5.60194206237793,0.9913524065629542
NC_008750.1,DNABERT-2,24,1000000,0.5045919903643481,5.575220108032227,5.686019420623779,0.9805137294836398
NC_008750.1,DNABERT-2,48,0,0.5584537789822343,7.601292610168457,7.557833671569824,1.0057501845749943
NC_008750.1,DNABERT-2,48,100000,0.5355314664257753,7.460394859313965,7.336269378662109,1.016919427878818
NC_008750.1,DNABERT-2,48,250000,0.5427582053598313,7.558389186859131,7.529076099395752,1.0038933179949836
NC_008750.1,DNABERT-2,48,1000000,0.5394459500150557,7.5290985107421875,7.702291488647461,0.9775140971799697
NC_008750.1,NT-v2-50M,8,0,0.3260689551339958,2.7200050354003906,3.2662200927734375,0.8327684473616593
NC_008750.1,NT-v2-50M,8,100000,0.3398825654923216,2.8120388984680176,3.2910449504852295,0.8544516835157212
NC_008750.1,NT-v2-50M,8,250000,0.3477115326708823,2.7957258224487305,3.2710282802581787,0.8546932594016176
NC_008750.1,NT-v2-50M,8,1000000,0.36295543510990663,2.7319796085357666,3.13692307472229,0.8709106163776832
NC_008750.1,NT-v2-50M,16,0,0.4803523035230352,4.377799034118652,4.441838264465332,0.9855827190154597
NC_008750.1,NT-v2-50M,16,100000,0.44579945799457993,4.247592449188232,4.40756893157959,0.9637041451024965
NC_008750.1,NT-v2-50M,16,250000,0.4739912676904547,4.328075408935547,4.434587001800537,0.9759816206510901
NC_008750.1,NT-v2-50M,16,1000000,0.49488105992171033,4.3561482429504395,4.444662094116211,0.9800853587311069
NC_008750.1,NT-v2-50M,24,0,0.5100120445648901,5.386839866638184,5.332413673400879,1.0102066712319775
NC_008750.1,NT-v2-50M,24,100000,0.4760614272809395,5.228387832641602,5.26024866104126,0.9939430946229543
NC_008750.1,NT-v2-50M,24,250000,0.4999247214694369,5.292921543121338,5.283663272857666,1.0017522445669904
NC_008750.1,NT-v2-50M,24,1000000,0.4961984342065643,5.298278331756592,5.330716609954834,0.9939148372401442
NC_008750.1,NT-v2-50M,48,0,0.4945046672688949,7.4433465003967285,7.416544437408447,1.0036138208588212
NC_008750.1,NT-v2-50M,48,100000,0.47342667871123156,7.319148540496826,7.348000526428223,0.9960734915807877
NC_008750.1,NT-v2-50M,48,250000,0.48155676001204456,7.356657981872559,7.37230110168457,0.9978781225025607
NC_008750.1,NT-v2-50M,48,1000000,0.4674043962661849,7.317907810211182,7.4315266609191895,0.9847112368841379
NC_008750.1,compositional,11,0,0.48731556760012046,4.41569270546429,3.4677707202025214,1.2733519778973186
NC_009074.1,DNABERT-S,8,0,0.6849519949823901,3.2005937099456787,2.7221436500549316,1.1757622379263828
NC_009074.1,DNABERT-S,8,100000,0.6954455541081681,3.215895891189575,2.7414252758026123,1.1730744294126534
NC_009074.1,DNABERT-S,8,250000,0.6853620880976504,3.1961565017700195,2.7191643714904785,1.1754186452575808
NC_009074.1,DNABERT-S,8,1000000,0.662975828629324,3.066547393798828,2.7172677516937256,1.1285407527055034
NC_009074.1,DNABERT-S,16,0,0.7002219327447291,4.761115074157715,3.9396095275878906,1.208524611593375
NC_009074.1,DNABERT-S,16,100000,0.6947459834997829,4.646601676940918,3.9816715717315674,1.166997727770948
NC_009074.1,DNABERT-S,16,250000,0.6918270854441068,4.647250652313232,3.9466919898986816,1.1775052789038487
NC_009074.1,DNABERT-S,16,1000000,0.6836011000144738,4.571435451507568,3.9350273609161377,1.1617290128430682
NC_009074.1,DNABERT-S,24,0,0.7140686061658706,5.919160842895508,4.8785080909729,1.2133137288115217
NC_009074.1,DNABERT-S,24,100000,0.7080378250591016,5.85675048828125,4.9174113273620605,1.1910231010557129
NC_009074.1,DNABERT-S,24,250000,0.7025618758141554,5.835421085357666,4.8900251388549805,1.193331510505088
NC_009074.1,DNABERT-S,24,1000000,0.6957109084768659,5.7545857429504395,4.875824928283691,1.1802281311556597
NC_009074.1,DNABERT-S,48,0,0.690982776089159,8.453666687011719,6.977043628692627,1.211640221403601
NC_009074.1,DNABERT-S,48,100000,0.6871230761808269,8.462099075317383,7.025298118591309,1.204518147482427
NC_009074.1,DNABERT-S,48,250000,0.6853862112220774,8.391105651855469,6.979557991027832,1.202240265449785
NC_009074.1,DNABERT-S,48,1000000,0.6762917933130699,8.27304744720459,6.963445663452148,1.188068069608976
NC_009074.1,DNABERT-2,8,0,0.746321223524871,3.287280559539795,2.7743079662323,1.1849010994998321
NC_009074.1,DNABERT-2,8,100000,0.6404930766632895,3.1146602630615234,2.7524847984313965,1.1315812769743636
NC_009074.1,DNABERT-2,8,250000,0.634607034303083,3.1072428226470947,2.759554147720337,1.1259945108212437
NC_009074.1,DNABERT-2,8,1000000,0.705287788874415,3.1685330867767334,2.724303960800171,1.163061513094187
NC_009074.1,DNABERT-2,16,0,0.6017272157089786,4.221367359161377,3.981830358505249,1.0601575102627045
NC_009074.1,DNABERT-2,16,100000,0.5111931297341632,4.074702262878418,3.9553945064544678,1.030163301341816
NC_009074.1,DNABERT-2,16,250000,0.5362088097650408,4.079530715942383,3.9715142250061035,1.0271978104109933
NC_009074.1,DNABERT-2,16,1000000,0.5590051623486274,4.104133129119873,3.94547700881958,1.040212151774206
NC_009074.1,DNABERT-2,24,0,0.6039465431562696,5.17072057723999,4.881775379180908,1.0591885483488925
NC_009074.1,DNABERT-2,24,100000,0.5591740242196169,5.0739641189575195,4.8668365478515625,1.0425589742062311
NC_009074.1,DNABERT-2,24,250000,0.5726106045254982,5.096078872680664,4.872375011444092,1.045912693647583
NC_009074.1,DNABERT-2,24,1000000,0.5633955709943552,5.048795223236084,4.8551459312438965,1.0398853700248252
NC_009074.1,DNABERT-2,48,0,0.5990013026487191,7.144533157348633,6.9070281982421875,1.0343859837095915
NC_009074.1,DNABERT-2,48,100000,0.5591257779707628,7.056803226470947,6.917916774749756,1.0200763403555422
NC_009074.1,DNABERT-2,48,250000,0.5644811115935736,7.052149772644043,6.902050495147705,1.0217470558353436
NC_009074.1,DNABERT-2,48,1000000,0.5441694408259757,6.989445209503174,6.888920783996582,1.0145921877545925
NC_009074.1,NT-v2-50M,8,0,0.6726974477734357,2.970625877380371,2.722776412963867,1.0910282104826625
NC_009074.1,NT-v2-50M,8,100000,0.6237998745597529,2.9163644313812256,2.754488229751587,1.0587681587749016
NC_009074.1,NT-v2-50M,8,250000,0.6172625078400155,2.921189069747925,2.760106086730957,1.0583611564031414
NC_009074.1,NT-v2-50M,8,1000000,0.5940801852655956,2.838809013366699,2.7153220176696777,1.0454778456821852
NC_009074.1,NT-v2-50M,16,0,0.5742509769865393,4.058739185333252,3.98087477684021,1.0195596226603356
NC_009074.1,NT-v2-50M,16,100000,0.581777391807787,4.135631084442139,4.0236496925354,1.027830800507928
NC_009074.1,NT-v2-50M,16,250000,0.5745163313552372,4.091181755065918,4.0005879402160645,1.0226451252175102
NC_009074.1,NT-v2-50M,16,1000000,0.5303468905292613,3.977964401245117,3.956723690032959,1.0053682573958005
NC_009074.1,NT-v2-50M,24,0,0.5829835480291408,5.021168231964111,4.88376522064209,1.0281346471655237
NC_009074.1,NT-v2-50M,24,100000,0.5519370868914942,5.050938606262207,4.940925121307373,1.0222657664817483
NC_009074.1,NT-v2-50M,24,250000,0.5545665074540455,5.001353740692139,4.9035115242004395,1.019953499855933
NC_009074.1,NT-v2-50M,24,1000000,0.5026294205625512,4.8690972328186035,4.86190938949585,1.0014783992762768
NC_009074.1,NT-v2-50M,48,0,0.5783519081391422,7.143607139587402,6.936305046081543,1.0298865306713938
NC_009074.1,NT-v2-50M,48,100000,0.5704877695759155,7.2145209312438965,7.008830547332764,1.0293473187177296
NC_009074.1,NT-v2-50M,48,250000,0.5797751724803396,7.1623640060424805,6.9595112800598145,1.029147553300743
NC_009074.1,NT-v2-50M,48,1000000,0.5372943503642592,7.024147033691406,6.942410469055176,1.0117735136809556
NC_009074.1,compositional,11,0,0.8845000365737693,7.53861284969977,3.1277697912078883,2.4102198540604527
NC_009052.1,DNABERT-S,8,0,0.7518072289156627,3.1053237915039062,2.8297252655029297,1.0973940931159598
NC_009052.1,DNABERT-S,8,100000,0.7743373493975904,3.0732924938201904,2.7534260749816895,1.116170331117616
NC_009052.1,DNABERT-S,8,250000,0.7543373493975903,3.1339714527130127,2.831389904022217,1.1068667894382735
NC_009052.1,DNABERT-S,8,1000000,0.7948192771084337,3.104163885116577,2.7551403045654297,1.1266808735558023
NC_009052.1,DNABERT-S,16,0,0.7716867469879518,4.573507308959961,4.068768501281738,1.12405198465315
NC_009052.1,DNABERT-S,16,100000,0.7962650602409639,4.545018196105957,4.01234245300293,1.1327592919453724
NC_009052.1,DNABERT-S,16,250000,0.7691566265060241,4.562075614929199,4.039948463439941,1.1292410426059436
NC_009052.1,DNABERT-S,16,1000000,0.7513253012048193,4.522502422332764,4.024557590484619,1.1237266011611935
NC_009052.1,DNABERT-S,24,0,0.6869879518072289,5.76555061340332,5.233255863189697,1.1017138783444054
NC_009052.1,DNABERT-S,24,100000,0.7039759036144578,5.728554725646973,5.151739120483398,1.1119652202243988
NC_009052.1,DNABERT-S,24,250000,0.6896385542168675,5.721487998962402,5.189381122589111,1.102537636724552
NC_009052.1,DNABERT-S,24,1000000,0.6768674698795181,5.679820537567139,5.21270227432251,1.0896115370996016
NC_009052.1,DNABERT-S,48,0,0.6404819277108433,8.166971206665039,7.4716715812683105,1.0930581085951188
NC_009052.1,DNABERT-S,48,100000,0.6685542168674699,8.18946647644043,7.365860939025879,1.1118138862832605
NC_009052.1,DNABERT-S,48,250000,0.6465060240963856,8.145605087280273,7.4081130027771,1.0995519485497465
NC_009052.1,DNABERT-S,48,1000000,0.636144578313253,8.046838760375977,7.379697322845459,1.0904022764545147
NC_009052.1,DNABERT-2,8,0,0.43,2.9146859645843506,3.370276689529419,0.8648209726042757
NC_009052.1,DNABERT-2,8,100000,0.4367469879518072,2.9200711250305176,3.269763708114624,0.8930526440744727
NC_009052.1,DNABERT-2,8,250000,0.4672289156626506,2.9771902561187744,3.280459403991699,0.9075528422927888
NC_009052.1,DNABERT-2,8,1000000,0.4516867469879518,2.9218764305114746,3.299962043762207,0.8854272842424314
NC_009052.1,DNABERT-2,16,0,0.39518072289156625,3.9857614040374756,4.557165145874023,0.8746142122249209
NC_009052.1,DNABERT-2,16,100000,0.41759036144578315,4.084445476531982,4.545678615570068,0.898533711235491
NC_009052.1,DNABERT-2,16,250000,0.44072289156626504,4.102636337280273,4.540525436401367,0.9035598180751199
NC_009052.1,DNABERT-2,16,1000000,0.4360240963855422,4.024354457855225,4.507341384887695,0.8928443874582389
NC_009052.1,DNABERT-2,24,0,0.4640963855421687,5.016603946685791,5.306132793426514,0.9454350544902674
NC_009052.1,DNABERT-2,24,100000,0.49265060240963854,5.08688497543335,5.2946085929870605,0.960766954930559
NC_009052.1,DNABERT-2,24,250000,0.5097590361445783,5.107968807220459,5.270326137542725,0.9691940638804634
NC_009052.1,DNABERT-2,24,1000000,0.4944578313253012,5.006852626800537,5.260047912597656,0.9518644525669198
NC_009052.1,DNABERT-2,48,0,0.5246987951807229,7.169607639312744,7.283794403076172,0.9843231758827236
NC_009052.1,DNABERT-2,48,100000,0.5301204819277109,7.235018253326416,7.288211822509766,0.9927014238226364
NC_009052.1,DNABERT-2,48,250000,0.5380722891566265,7.2312164306640625,7.275947093963623,0.9938522555590501
NC_009052.1,DNABERT-2,48,1000000,0.5283132530120482,7.118057727813721,7.23041296005249,0.984460744792929
NC_009052.1,NT-v2-50M,8,0,0.2504819277108434,2.6127965450286865,3.2075507640838623,0.8145768336031156
NC_009052.1,NT-v2-50M,8,100000,0.316144578313253,2.6663849353790283,3.1288909912109375,0.8521821127258541
NC_009052.1,NT-v2-50M,8,250000,0.3091566265060241,2.6925950050354004,3.164713144302368,0.8508180306588129
NC_009052.1,NT-v2-50M,8,1000000,0.29096385542168673,2.625502109527588,3.142544984817505,0.8354700162486479
NC_009052.1,NT-v2-50M,16,0,0.4195180722891566,4.2782464027404785,4.44784688949585,0.9618690816098225
NC_009052.1,NT-v2-50M,16,100000,0.48036144578313256,4.31985330581665,4.369870662689209,0.9885540418164738
NC_009052.1,NT-v2-50M,16,250000,0.4680722891566265,4.355144023895264,4.411811351776123,0.987155541485688
NC_009052.1,NT-v2-50M,16,1000000,0.46686746987951805,4.289494514465332,4.366619110107422,0.9823376865035996
NC_009052.1,NT-v2-50M,24,0,0.44012048192771086,5.182815074920654,5.315346717834473,0.9750662280469611
NC_009052.1,NT-v2-50M,24,100000,0.4825301204819277,5.206462860107422,5.264625549316406,0.9889521697860284
NC_009052.1,NT-v2-50M,24,250000,0.4716867469879518,5.240503311157227,5.298656463623047,0.9890249249286003
NC_009052.1,NT-v2-50M,24,1000000,0.5033734939759036,5.17385721206665,5.200881481170654,0.994803905991351
NC_009052.1,NT-v2-50M,48,0,0.36939759036144576,7.263278961181641,7.509684085845947,0.9671883501559374
NC_009052.1,NT-v2-50M,48,100000,0.39,7.2571940422058105,7.465552806854248,0.9720906448539028
NC_009052.1,NT-v2-50M,48,250000,0.39397590361445783,7.278789520263672,7.470131874084473,0.9743856792562646
NC_009052.1,NT-v2-50M,48,1000000,0.41240963855421686,7.195096015930176,7.350351333618164,0.9788778371752246
NC_009052.1,compositional,11,0,0.7303614457831326,4.7138097759034725,3.0526113035278475,1.544189320944926
NC_009076.1,DNABERT-S,8,0,0.9947185076974941,4.194432258605957,2.6898539066314697,1.5593531857864673
NC_009076.1,DNABERT-S,8,100000,0.9030789976401843,3.617579460144043,2.708606481552124,1.3355869465656178
NC_009076.1,DNABERT-S,8,250000,0.9883694797168221,3.964785099029541,2.701244831085205,1.4677622159249881
NC_009076.1,DNABERT-S,8,1000000,0.984661197887403,3.991158962249756,2.6999871730804443,1.478214045623113
NC_009076.1,DNABERT-S,16,0,0.9664007191819306,5.925652027130127,3.9108667373657227,1.5151761553300895
NC_009076.1,DNABERT-S,16,100000,0.9675806270367457,5.548660755157471,3.9379005432128906,1.4090403488530916
NC_009076.1,DNABERT-S,16,250000,0.9578042476682773,5.739006996154785,3.927621603012085,1.4611914222473856
NC_009076.1,DNABERT-S,16,1000000,0.9560062928418923,5.705564975738525,3.9127180576324463,1.458210096331581
NC_009076.1,DNABERT-S,24,0,0.9699966288347005,7.9626617431640625,4.863106727600098,1.6373610922361084
NC_009076.1,DNABERT-S,24,100000,0.975559051578829,7.671783924102783,4.907010078430176,1.563433496463716
NC_009076.1,DNABERT-S,24,250000,0.9698842566580514,7.839777946472168,4.888195037841797,1.6038185640672664
NC_009076.1,DNABERT-S,24,1000000,0.9665130913585797,7.8206787109375,4.869955539703369,1.6059035133232162
NC_009076.1,DNABERT-S,48,0,0.9838745926508596,11.149384498596191,6.93399715423584,1.6079303539640561
NC_009076.1,DNABERT-S,48,100000,0.9848859422407013,10.923285484313965,7.006433963775635,1.5590363858118221
NC_009076.1,DNABERT-S,48,250000,0.9807843577930104,11.065814971923828,6.966654300689697,1.5883973130155626
NC_009076.1,DNABERT-S,48,1000000,0.9761770985503989,10.969644546508789,6.944400310516357,1.5796388537533965
NC_009076.1,DNABERT-2,8,0,0.7856500730419148,3.5675313472747803,2.745511293411255,1.299405089258321
NC_009076.1,DNABERT-2,8,100000,0.6492302505899539,3.0749566555023193,2.7161858081817627,1.1320862682662791
NC_009076.1,DNABERT-2,8,250000,0.7045735475896168,3.3025102615356445,2.732621908187866,1.2085500199058636
NC_009076.1,DNABERT-2,8,1000000,0.8055399483087987,3.3947510719299316,2.6867709159851074,1.2635059623924962
NC_009076.1,DNABERT-2,16,0,0.7208113271154062,4.675785064697266,3.963649034500122,1.1796667727133805
NC_009076.1,DNABERT-2,16,100000,0.609225755702888,4.223732948303223,3.9753382205963135,1.0624839231087233
NC_009076.1,DNABERT-2,16,250000,0.6674907292954264,4.446323871612549,3.967360496520996,1.1207259525600355
NC_009076.1,DNABERT-2,16,1000000,0.7438476233284639,4.5187482833862305,3.9264626502990723,1.1508445860403242
NC_009076.1,DNABERT-2,24,0,0.6407461512529498,5.46034574508667,4.86657190322876,1.1220106994543668
NC_009076.1,DNABERT-2,24,100000,0.552814923025059,5.047468662261963,4.89656925201416,1.0308173748764466
NC_009076.1,DNABERT-2,24,250000,0.5512978986402967,5.23539924621582,4.886714935302734,1.071353519804094
NC_009076.1,DNABERT-2,24,1000000,0.6417575008427914,5.294419765472412,4.83669900894165,1.0946349474475399
NC_009076.1,DNABERT-2,48,0,0.7839083043038544,7.83668851852417,6.848367214202881,1.1443148816949538
NC_009076.1,DNABERT-2,48,100000,0.7236206315316328,7.590438365936279,6.913422107696533,1.097927805896018
NC_009076.1,DNABERT-2,48,250000,0.7330037082818294,7.662879467010498,6.884978294372559,1.1129852759701155
NC_009076.1,DNABERT-2,48,1000000,0.7581188897628947,7.6188740730285645,6.828048229217529,1.11582019008405
NC_009076.1,NT-v2-50M,8,0,0.5307337903135184,2.7859110832214355,2.780245780944824,1.0020376983630153
NC_009076.1,NT-v2-50M,8,100000,0.29121249578604336,2.440014123916626,2.831805467605591,0.8616460953371063
NC_009076.1,NT-v2-50M,8,250000,0.32205865827621083,2.5301172733306885,2.8140907287597656,0.8990887349413106
NC_009076.1,NT-v2-50M,8,1000000,0.4240925946735588,2.6109044551849365,2.767418146133423,0.9434441480528832
NC_009076.1,NT-v2-50M,16,0,0.6041690077536802,4.142125129699707,3.979478359222412,1.0408713795616862
NC_009076.1,NT-v2-50M,16,100000,0.5243847623328464,4.052211284637451,4.049466133117676,1.0006779045507566
NC_009076.1,NT-v2-50M,16,250000,0.5515788290819194,4.084124565124512,4.036096096038818,1.0118997337880111
NC_009076.1,NT-v2-50M,16,1000000,0.5490504551073154,4.047443866729736,3.99068284034729,1.0142233869874526
NC_009076.1,NT-v2-50M,24,0,0.6582200247218789,5.168477535247803,4.890860080718994,1.0567625018804456
NC_009076.1,NT-v2-50M,24,100000,0.5570288796493988,5.044614791870117,4.9481401443481445,1.0194971534167576
NC_009076.1,NT-v2-50M,24,250000,0.5739408922350826,5.03330659866333,4.923295021057129,1.0223451117870608
NC_009076.1,NT-v2-50M,24,1000000,0.5751208000898977,4.969226360321045,4.8662428855896,1.021162830781918
NC_009076.1,NT-v2-50M,48,0,0.7799190920328126,7.500568866729736,6.951297283172607,1.0790171332316316
NC_009076.1,NT-v2-50M,48,100000,0.7320485447803124,7.4111409187316895,7.016495227813721,1.0562454157103356
NC_009076.1,NT-v2-50M,48,250000,0.7379480840543882,7.418287754058838,6.99143123626709,1.0610542395922438
NC_009076.1,NT-v2-50M,48,1000000,0.7384537588493089,7.402439594268799,6.950964450836182,1.0649514389874783
NC_009076.1,compositional,11,0,0.915,7.837425658487504,2.929346427269658,2.675486103496641
NC_009080.1,DNABERT-S,8,0,0.5181900303851523,2.797842264175415,2.7301313877105713,1.024801325229122
NC_009080.1,DNABERT-S,8,100000,0.4788946374312228,2.772242307662964,2.768669366836548,1.001290490251098
NC_009080.1,DNABERT-S,8,250000,0.44054364786072103,2.7622361183166504,2.8125417232513428,0.9821138280300644
NC_009080.1,DNABERT-S,8,1000000,0.3865894719553256,2.689789056777954,2.8637702465057373,0.9392475042507099
NC_009080.1,DNABERT-S,16,0,0.4121294243245463,3.83616304397583,3.944769859313965,0.9724681491667495
NC_009080.1,DNABERT-S,16,100000,0.4021105362568777,3.8553733825683594,4.005760192871094,0.9624573606352241
NC_009080.1,DNABERT-S,16,250000,0.37911636692124495,3.824970245361328,4.043310165405273,0.9459997103580946
NC_009080.1,DNABERT-S,16,1000000,0.2976513098464318,3.6888301372528076,4.100367546081543,0.8996340195839236
NC_009080.1,DNABERT-S,24,0,0.46817771208015113,4.803011417388916,4.869482517242432,0.9863494530233661
NC_009080.1,DNABERT-S,24,100000,0.4160712819249405,4.783919811248779,4.937151908874512,0.9689634630544184
NC_009080.1,DNABERT-S,24,250000,0.40978894637431224,4.750299453735352,4.962923526763916,0.9571574956007419
NC_009080.1,DNABERT-S,24,1000000,0.36146012975281266,4.646092891693115,5.0330610275268555,0.9231147538809223
NC_009080.1,DNABERT-S,48,0,0.4473597766280693,6.759109020233154,6.979320049285889,0.9684480683651603
NC_009080.1,DNABERT-S,48,100000,0.45290301387862364,6.862569332122803,7.0684494972229,0.9708733626545701
NC_009080.1,DNABERT-S,48,250000,0.41139032602447234,6.7305006980896,7.093873500823975,0.9487765319339049
NC_009080.1,DNABERT-S,48,1000000,0.34396813665106346,6.532016277313232,7.176879405975342,0.9101471416497249
NC_009080.1,DNABERT-2,8,0,0.6602200870493553,2.8060574531555176,2.662510633468628,1.0539140831523672
NC_009080.1,DNABERT-2,8,100000,0.5440584708877392,2.645667791366577,2.6292192935943604,1.0062560387459085
NC_009080.1,DNABERT-2,8,250000,0.5886917960088692,2.7206203937530518,2.6377134323120117,1.0314313755336078
NC_009080.1,DNABERT-2,8,1000000,0.57173359612384,2.7766525745391846,2.7297117710113525,1.017196249078869
NC_009080.1,DNABERT-2,16,0,0.4627987188962799,3.8178160190582275,3.8798537254333496,0.9840102976129099
NC_009080.1,DNABERT-2,16,100000,0.4453888478278722,3.8095219135284424,3.8854119777679443,0.9804679491714805
NC_009080.1,DNABERT-2,16,250000,0.4196025293586269,3.7575230598449707,3.893359422683716,0.9651107570373988
NC_009080.1,DNABERT-2,16,1000000,0.38683583805535027,3.7373039722442627,3.9611170291900635,0.9434974893959232
NC_009080.1,DNABERT-2,24,0,0.47101092223043445,4.715482711791992,4.798791885375977,0.9826395527095343
NC_009080.1,DNABERT-2,24,100000,0.4509731460950973,4.701783657073975,4.833765506744385,0.9726958518185749
NC_009080.1,DNABERT-2,24,250000,0.429703539459637,4.67203950881958,4.851279258728027,0.9630530958229268
NC_009080.1,DNABERT-2,24,1000000,0.36720867208672087,4.619280815124512,4.924992561340332,0.93792645523659
NC_009080.1,DNABERT-2,48,0,0.5314937997864827,6.905172348022461,6.802590370178223,1.0150798405110422
NC_009080.1,DNABERT-2,48,100000,0.5085817524841915,6.902343273162842,6.85544490814209,1.006841038860228
NC_009080.1,DNABERT-2,48,250000,0.4757740001642441,6.858355522155762,6.883686065673828,0.9963202064596787
NC_009080.1,DNABERT-2,48,1000000,0.42875913607620925,6.783119201660156,7.01090145111084,0.9675102765259106
NC_009080.1,NT-v2-50M,8,0,0.2504722016917139,2.333610773086548,2.696439266204834,0.8654416223403549
NC_009080.1,NT-v2-50M,8,100000,0.21150529687115052,2.314901113510132,2.7643003463745117,0.8374274946447897
NC_009080.1,NT-v2-50M,8,250000,0.23339081875667242,2.353567600250244,2.7622618675231934,0.8520436197313151
NC_009080.1,NT-v2-50M,8,1000000,0.221359940872136,2.3397653102874756,2.785170555114746,0.8400797236602553
NC_009080.1,NT-v2-50M,16,0,0.3602693602693603,3.6396985054016113,3.8660600185394287,0.94144904319842
NC_009080.1,NT-v2-50M,16,100000,0.3569434179190277,3.690540313720703,3.9588186740875244,0.9322327233316243
NC_009080.1,NT-v2-50M,16,250000,0.34129917056746323,3.6638360023498535,3.948906421661377,0.9278102874892666
NC_009080.1,NT-v2-50M,16,1000000,0.3179354520817935,3.630030393600464,3.9733853340148926,0.9135862969354933
NC_009080.1,NT-v2-50M,24,0,0.35320686540198737,4.568080902099609,4.802480220794678,0.9511920283023505
NC_009080.1,NT-v2-50M,24,100000,0.26849798801018315,4.51548957824707,4.882031440734863,0.9249202167299808
NC_009080.1,NT-v2-50M,24,250000,0.33390818756672414,4.5870466232299805,4.901780605316162,0.9357919075886748
NC_009080.1,NT-v2-50M,24,1000000,0.2891927404122526,4.497200012207031,4.928994178771973,0.9123971035663669
NC_009080.1,NT-v2-50M,48,0,0.3442966247844297,6.591011047363281,6.870482444763184,0.959322886035038
NC_009080.1,NT-v2-50M,48,100000,0.26352960499301964,6.510431289672852,6.951355934143066,0.9365699802099732
NC_009080.1,NT-v2-50M,48,250000,0.29046563192904656,6.550473690032959,6.981412410736084,0.9382734187081653
NC_009080.1,NT-v2-50M,48,1000000,0.22973638827297363,6.454233646392822,7.044443607330322,0.9162162416456371
NC_009080.1,compositional,11,0,0.48378089841504474,3.0152671639523096,2.919300457632416,1.032873185789764
NC_009085.1,DNABERT-S,8,0,0.8755331724675831,3.172308921813965,2.658548355102539,1.1932485319386301
NC_009085.1,DNABERT-S,8,100000,0.6209204689480355,2.870242118835449,2.6982009410858154,1.0637614401247673
NC_009085.1,DNABERT-S,8,250000,0.7144663400604465,2.937431812286377,2.6863977909088135,1.0934463325673887
NC_009085.1,DNABERT-S,8,1000000,0.8001090718533684,3.113563060760498,2.7153706550598145,1.1466438495086086
NC_009085.1,DNABERT-S,16,0,0.8851272301842644,4.615139007568359,3.8289098739624023,1.2053402037359309
NC_009085.1,DNABERT-S,16,100000,0.8144803548795945,4.43541955947876,3.86474871635437,1.14766052983199
NC_009085.1,DNABERT-S,16,250000,0.8125365603977771,4.445438385009766,3.8580572605133057,1.1522479022041032
NC_009085.1,DNABERT-S,16,1000000,0.8266305937408599,4.532016754150391,3.882150173187256,1.167398619829689
NC_009085.1,DNABERT-S,24,0,0.8738788144681681,5.778707027435303,4.7420806884765625,1.218601581680755
NC_009085.1,DNABERT-S,24,100000,0.8326264989763089,5.603774070739746,4.789943218231201,1.1699040709733237
NC_009085.1,DNABERT-S,24,250000,0.8327178999707516,5.637046813964844,4.781087398529053,1.1790302799524508
NC_009085.1,DNABERT-S,24,1000000,0.8200436287413474,5.659307479858398,4.797846794128418,1.1795515202328328
NC_009085.1,DNABERT-S,48,0,0.8662864385297845,8.401432991027832,6.773232936859131,1.240387429363049
NC_009085.1,DNABERT-S,48,100000,0.8284647070293458,8.168661117553711,6.845560073852539,1.1932787134181935
NC_009085.1,DNABERT-S,48,250000,0.8336014429170323,8.210586547851562,6.808506965637207,1.2059305497212096
NC_009085.1,DNABERT-S,48,1000000,0.807089061128985,8.197220802307129,6.839400768280029,1.198529093414797
NC_009085.1,DNABERT-2,8,0,0.7320366578921712,3.2164039611816406,2.641397714614868,1.21769014313341
NC_009085.1,DNABERT-2,8,100000,0.5577288680900848,2.985727310180664,2.8470330238342285,1.0487153767396944
NC_009085.1,DNABERT-2,8,250000,0.5982621624256605,3.0728962421417236,2.7863659858703613,1.1028329579546818
NC_009085.1,DNABERT-2,8,1000000,0.7147923369406259,3.3221259117126465,2.7953600883483887,1.1884429220979156
NC_009085.1,DNABERT-2,16,0,0.7307265769718241,4.90040922164917,3.8899588584899902,1.2597586246841226
NC_009085.1,DNABERT-2,16,100000,0.6437676708589256,4.732079982757568,4.032776832580566,1.1734048719302723
NC_009085.1,DNABERT-2,16,250000,0.6485570829677294,4.772087097167969,3.9851231575012207,1.1974754376625578
NC_009085.1,DNABERT-2,16,1000000,0.6936086331285951,4.925137042999268,4.022434234619141,1.224417045929801
NC_009085.1,DNABERT-2,24,0,0.749427220434825,5.895729064941406,4.81057596206665,1.2255765445617386
NC_009085.1,DNABERT-2,24,100000,0.6925697084917617,5.755648612976074,4.950870990753174,1.1625527354128187
NC_009085.1,DNABERT-2,24,250000,0.6930084332650872,5.798760414123535,4.904924392700195,1.1822323750297967
NC_009085.1,DNABERT-2,24,1000000,0.7113190991517988,5.910651206970215,4.930896282196045,1.198697126993274
NC_009085.1,DNABERT-2,48,0,0.7519072340840401,8.086865425109863,6.848151206970215,1.18088301217398
NC_009085.1,DNABERT-2,48,100000,0.68393536121673,7.954416751861572,6.980307579040527,1.1395510386599526
NC_009085.1,DNABERT-2,48,250000,0.6886882129277566,7.960017204284668,6.9311113357543945,1.1484474593883125
NC_009085.1,DNABERT-2,48,1000000,0.6957687432972605,8.01455020904541,6.964608192443848,1.1507539243543783
NC_009085.1,NT-v2-50M,8,0,0.504301940138442,3.047661304473877,3.079502582550049,0.9896602528419363
NC_009085.1,NT-v2-50M,8,100000,0.4816588671151409,3.0144543647766113,3.098660707473755,0.9728249232018066
NC_009085.1,NT-v2-50M,8,250000,0.48023910500146244,2.997328281402588,3.0871095657348633,0.9709173638251146
NC_009085.1,NT-v2-50M,8,1000000,0.47692124890318804,2.948615074157715,3.068392276763916,0.9609641819550777
NC_009085.1,NT-v2-50M,16,0,0.5673076923076923,4.577484130859375,4.292942523956299,1.0662812523846343
NC_009085.1,NT-v2-50M,16,100000,0.5304060641513113,4.458111763000488,4.330601692199707,1.029443961801071
NC_009085.1,NT-v2-50M,16,250000,0.5302598225602028,4.463048458099365,4.3017401695251465,1.0374983802408562
NC_009085.1,NT-v2-50M,16,1000000,0.5502492200448474,4.489929676055908,4.2879486083984375,1.0471043583082753
NC_009085.1,NT-v2-50M,24,0,0.5645047284781125,5.4841628074646,5.1934614181518555,1.0559744967579239
NC_009085.1,NT-v2-50M,24,100000,0.5304304377498293,5.396290302276611,5.242595195770264,1.0293166076660563
NC_009085.1,NT-v2-50M,24,250000,0.5310824315101882,5.377477645874023,5.201744079589844,1.0337835855811723
NC_009085.1,NT-v2-50M,24,1000000,0.5378765720971044,5.377867698669434,5.1932597160339355,1.0355476122377492
NC_009085.1,NT-v2-50M,48,0,0.5371270839426733,7.463574409484863,7.172540187835693,1.0405761716250472
NC_009085.1,NT-v2-50M,48,100000,0.4902261869942478,7.375633239746094,7.236158847808838,1.0192746448593357
NC_009085.1,NT-v2-50M,48,250000,0.5056607682558253,7.380630970001221,7.197044372558594,1.0255086099152895
NC_009085.1,NT-v2-50M,48,1000000,0.48605220824802575,7.328779220581055,7.209005355834961,1.0166144785353985
NC_009085.1,compositional,11,0,0.8676513600467973,6.556041969622876,2.8291851460955693,2.317289831197712
NC_009256.1,DNABERT-S,8,0,0.9900489467703872,5.005791664123535,2.631582260131836,1.9021984377842542
NC_009256.1,DNABERT-S,8,100000,0.6100340879293769,3.084597587585449,2.7649292945861816,1.1156153589985784
NC_009256.1,DNABERT-S,8,250000,0.7578839262302246,3.666501998901367,2.674832344055176,1.3707408642078749
NC_009256.1,DNABERT-S,8,1000000,0.9882964775806311,4.690107822418213,2.6002602577209473,1.8037070745099018
NC_009256.1,DNABERT-S,16,0,0.987002884363255,6.355016231536865,3.772451877593994,1.6845851021405174
NC_009256.1,DNABERT-S,16,100000,0.8135040643300411,4.781239032745361,3.9123833179473877,1.2220783712097552
NC_009256.1,DNABERT-S,16,250000,0.8711563674503977,5.270772933959961,3.8154449462890625,1.3814307395750434
NC_009256.1,DNABERT-S,16,1000000,0.9836727558779826,6.0536041259765625,3.7088778018951416,1.6321929298623228
NC_009256.1,DNABERT-S,24,0,0.987247618215191,7.603974342346191,4.647885322570801,1.6360073053911628
NC_009256.1,DNABERT-S,24,100000,0.8864959356699589,6.240248680114746,4.7699875831604,1.3082316402971033
NC_009256.1,DNABERT-S,24,250000,0.9136526527401451,6.658308029174805,4.680517673492432,1.4225580360231005
NC_009256.1,DNABERT-S,24,1000000,0.9824753081024385,7.334407329559326,4.583537578582764,1.6001630190249547
NC_009256.1,DNABERT-S,48,0,0.9833843195524866,10.338969230651855,6.599100112915039,1.5667241068850513
NC_009256.1,DNABERT-S,48,100000,0.9528887335023162,9.30640983581543,6.697914123535156,1.389448963389144
NC_009256.1,DNABERT-S,48,250000,0.9580237741456167,9.663289070129395,6.62723445892334,1.4581178816026514
NC_009256.1,DNABERT-S,48,1000000,0.9812254173586225,10.122000694274902,6.506985187530518,1.5555592033115306
NC_009256.1,DNABERT-2,8,0,0.763595839524517,3.63482666015625,2.6721370220184326,1.3602695633514472
NC_009256.1,DNABERT-2,8,100000,0.42291320688750983,2.8155550956726074,2.682551622390747,1.0495809557481413
NC_009256.1,DNABERT-2,8,250000,0.5295559828686304,3.1899635791778564,2.596466064453125,1.2285789607844289
NC_009256.1,DNABERT-2,8,1000000,0.7593129971156367,3.714003562927246,2.5397861003875732,1.4623292734614488
NC_009256.1,DNABERT-2,16,0,0.8139148675815051,5.166029930114746,3.8257720470428467,1.3503235076715718
NC_009256.1,DNABERT-2,16,100000,0.500179180141596,4.2418084144592285,3.9016754627227783,1.0871761259966735
NC_009256.1,DNABERT-2,16,250000,0.57608163622061,4.615196228027344,3.7964963912963867,1.2156461517013049
NC_009256.1,DNABERT-2,16,1000000,0.7792063630801503,5.1267900466918945,3.722839117050171,1.3771183458376677
NC_009256.1,DNABERT-2,24,0,0.812940302421117,6.126057147979736,4.77673864364624,1.2824769377173872
NC_009256.1,DNABERT-2,24,100000,0.5196573726072896,5.301364421844482,4.831308841705322,1.0972936310925723
NC_009256.1,DNABERT-2,24,250000,0.5920942225329954,5.657193660736084,4.743162155151367,1.1927050932871908
NC_009256.1,DNABERT-2,24,1000000,0.7813128223057425,6.142131328582764,4.654593467712402,1.3195849156728703
NC_009256.1,DNABERT-2,48,0,0.8436718818285115,8.356913566589355,6.741138458251953,1.2396887585596914
NC_009256.1,DNABERT-2,48,100000,0.649007953850188,7.68161678314209,6.806175708770752,1.1286245186475576
NC_009256.1,DNABERT-2,48,250000,0.7085482038283367,7.97482967376709,6.710539817810059,1.1884035994543318
NC_009256.1,DNABERT-2,48,1000000,0.8152783847565772,8.368769645690918,6.582909107208252,1.2712874368153066
NC_009256.1,NT-v2-50M,8,0,0.3535224193689363,2.5724143981933594,2.7667434215545654,0.9297625425446869
NC_009256.1,NT-v2-50M,8,100000,0.16796171663316142,2.154787063598633,2.8894598484039307,0.7457404416915107
NC_009256.1,NT-v2-50M,8,250000,0.24429245695306354,2.264045238494873,2.8071422576904297,0.8065302826361253
NC_009256.1,NT-v2-50M,8,1000000,0.3763001485884101,2.6004221439361572,2.703204870223999,0.9619774559375794
NC_009256.1,NT-v2-50M,16,0,0.6373525041517349,4.467702388763428,3.959348201751709,1.1283934024258868
NC_009256.1,NT-v2-50M,16,100000,0.2911808408355913,3.7384908199310303,4.080936431884766,0.9160865115961686
NC_009256.1,NT-v2-50M,16,250000,0.38244471637094657,3.9537622928619385,3.9958369731903076,0.9894703711360936
NC_009256.1,NT-v2-50M,16,1000000,0.5561183462984005,4.390247344970703,3.868398666381836,1.134900439069006
NC_009256.1,NT-v2-50M,24,0,0.6943274189319115,5.56264066696167,4.827317714691162,1.152325369020703
NC_009256.1,NT-v2-50M,24,100000,0.37428109430993795,4.88446569442749,4.931192398071289,0.9905242586636703
NC_009256.1,NT-v2-50M,24,250000,0.45939603181540073,5.09263277053833,4.844045639038086,1.051318082038056
NC_009256.1,NT-v2-50M,24,1000000,0.6393234857092911,5.498932361602783,4.734997272491455,1.1613380209423778
NC_009256.1,NT-v2-50M,48,0,0.6816974040730706,7.711551666259766,6.896953105926514,1.118109917208698
NC_009256.1,NT-v2-50M,48,100000,0.4277816624420942,7.1666412353515625,7.002309322357178,1.02346824532154
NC_009256.1,NT-v2-50M,48,250000,0.5079888121667686,7.364246368408203,6.90653133392334,1.0662727804095624
NC_009256.1,NT-v2-50M,48,1000000,0.6427978323573115,7.700774669647217,6.791689872741699,1.1338525188781234
NC_009256.1,compositional,11,0,0.7981207936369199,5.994074874021678,2.853882440610863,2.1003229806265837
NC_009342.1,DNABERT-S,8,0,0.652451989026063,2.8400235176086426,2.651207447052002,1.0712188971732837
NC_009342.1,DNABERT-S,8,100000,0.6068472793781435,2.791510581970215,2.6737687587738037,1.0440359035574969
NC_009342.1,DNABERT-S,8,250000,0.6424382716049383,2.7957775592803955,2.6493964195251465,1.0552507501997324
NC_009342.1,DNABERT-S,8,1000000,0.6503257887517147,2.8325181007385254,2.6339311599731445,1.075395645787267
NC_009342.1,DNABERT-S,16,0,0.7013803155006859,4.080571174621582,3.8142619132995605,1.069819343132535
NC_009342.1,DNABERT-S,16,100000,0.633990626428898,4.029293537139893,3.856311082839966,1.0448569761577777
NC_009342.1,DNABERT-S,16,250000,0.6628315043438501,4.031723976135254,3.8179681301116943,1.0559868073119054
NC_009342.1,DNABERT-S,16,1000000,0.6751914723365341,4.072073459625244,3.796344518661499,1.0726301155251738
NC_009342.1,DNABERT-S,24,0,0.8064757658893461,5.251245021820068,4.719019412994385,1.1127830937419194
NC_009342.1,DNABERT-S,24,100000,0.7045038866026521,5.117897033691406,4.771700859069824,1.0725519442325369
NC_009342.1,DNABERT-S,24,250000,0.7481652949245542,5.139357089996338,4.723886013031006,1.0879511224062648
NC_009342.1,DNABERT-S,24,1000000,0.7605395518975766,5.178191661834717,4.690115928649902,1.104064748208753
NC_009342.1,DNABERT-S,48,0,0.7711476909007773,7.594413757324219,6.781984329223633,1.119792289197694
NC_009342.1,DNABERT-S,48,100000,0.7218678555098308,7.476226806640625,6.848776817321777,1.0916148979671692
NC_009342.1,DNABERT-S,48,250000,0.7452303383630544,7.486809253692627,6.786229133605957,1.1032355533970022
NC_009342.1,DNABERT-S,48,1000000,0.7398433927754915,7.516892433166504,6.715944290161133,1.1192606889516283
NC_009342.1,DNABERT-2,8,0,0.6265117741197989,2.970790386199951,2.68241548538208,1.10750568000721
NC_009342.1,DNABERT-2,8,100000,0.48775434385002286,2.740708589553833,2.7233991622924805,1.0063558172085145
NC_009342.1,DNABERT-2,8,250000,0.5605081161408322,2.8253042697906494,2.672905206680298,1.057016261829812
NC_009342.1,DNABERT-2,8,1000000,0.5983339048925469,2.852551221847534,2.6531355381011963,1.075162267770555
NC_009342.1,DNABERT-2,16,0,0.6986254000914495,4.3932881355285645,3.9033291339874268,1.1255233634476072
NC_009342.1,DNABERT-2,16,100000,0.5942015317786923,4.156627178192139,3.9528214931488037,1.0515595468696421
NC_009342.1,DNABERT-2,16,250000,0.6488540237768633,4.243108749389648,3.89858078956604,1.088372661340169
NC_009342.1,DNABERT-2,16,1000000,0.6929841106538638,4.340056896209717,3.8473751544952393,1.1280565897346486
NC_009342.1,DNABERT-2,24,0,0.6834133516232281,5.318296432495117,4.8274431228637695,1.1016797706650472
NC_009342.1,DNABERT-2,24,100000,0.5958304755372656,5.119070529937744,4.8859944343566895,1.0477028982968424
NC_009342.1,DNABERT-2,24,250000,0.637028463648834,5.174868583679199,4.822068214416504,1.073163703534498
NC_009342.1,DNABERT-2,24,1000000,0.6716620941929584,5.266993045806885,4.765486717224121,1.1052371684869347
NC_009342.1,DNABERT-2,48,0,0.6430526977594879,7.337996959686279,6.852527141571045,1.0708453696111786
NC_009342.1,DNABERT-2,48,100000,0.577854938271605,7.194868087768555,6.929215908050537,1.0383379856022925
NC_009342.1,DNABERT-2,48,250000,0.6003972336534065,7.205873966217041,6.869171619415283,1.0490164412037821
NC_009342.1,DNABERT-2,48,1000000,0.6535065157750343,7.265244007110596,6.776864051818848,1.0720657743105635
NC_009342.1,NT-v2-50M,8,0,0.4422668038408779,2.7319178581237793,2.8467581272125244,0.9596592812044787
NC_009342.1,NT-v2-50M,8,100000,0.36106538637402835,2.6261963844299316,2.8996269702911377,0.9057014613732358
NC_009342.1,NT-v2-50M,8,250000,0.4055469821673525,2.66955828666687,2.863574504852295,0.9322468411921302
NC_009342.1,NT-v2-50M,8,1000000,0.4210048010973937,2.6613128185272217,2.827707052230835,0.9411557736957435
NC_009342.1,NT-v2-50M,16,0,0.6542724051211706,4.287630081176758,3.9541852474212646,1.0843270643359337
NC_009342.1,NT-v2-50M,16,100000,0.5482424554183813,4.106631755828857,4.016117095947266,1.0225378537824337
NC_009342.1,NT-v2-50M,16,250000,0.6023433927754915,4.1721391677856445,3.9676268100738525,1.051545260555386
NC_009342.1,NT-v2-50M,16,1000000,0.6089106081390032,4.1373186111450195,3.903634548187256,1.0598632018630638
NC_009342.1,NT-v2-50M,24,0,0.682804641060814,5.2433013916015625,4.873035430908203,1.0759826120583638
NC_009342.1,NT-v2-50M,24,100000,0.5988940329218106,5.087452411651611,4.922316551208496,1.0335484032213598
NC_009342.1,NT-v2-50M,24,250000,0.6360453818015547,5.123541831970215,4.8770856857299805,1.050533487029221
NC_009342.1,NT-v2-50M,24,1000000,0.6282750342935528,5.060413837432861,4.8028059005737305,1.053636966013629
NC_009342.1,NT-v2-50M,48,0,0.6230281207133059,7.174582481384277,6.912379741668701,1.0379323401657152
NC_009342.1,NT-v2-50M,48,100000,0.5360025148605395,7.045698165893555,6.988160610198975,1.0082335766024906
NC_009342.1,NT-v2-50M,48,250000,0.5866598079561043,7.086842060089111,6.92257833480835,1.0237286914407029
NC_009342.1,NT-v2-50M,48,1000000,0.5942558299039781,7.030369281768799,6.819511413574219,1.0309197910828138
NC_009342.1,compositional,11,0,0.8519530355097366,6.152513925072531,2.8971773734065516,2.123623490072442
NC_009438.1,DNABERT-S,8,0,0.6361425399175215,3.3604862689971924,2.900449752807617,1.1586086832720555
NC_009438.1,DNABERT-S,8,100000,0.6819816009305276,3.05419659614563,2.780972957611084,1.0982474992382705
NC_009438.1,DNABERT-S,8,250000,0.6723062281907581,3.2584784030914307,2.886401653289795,1.1289067823868375
NC_009438.1,DNABERT-S,8,1000000,0.7031828275351591,3.533125638961792,2.8931193351745605,1.221216697149693
NC_009438.1,DNABERT-S,16,0,0.6220260124775299,4.654870510101318,4.225855827331543,1.1015213723087853
NC_009438.1,DNABERT-S,16,100000,0.6656444961404251,4.391208648681641,4.06141996383667,1.0812003407137025
NC_009438.1,DNABERT-S,16,250000,0.6414824997356455,4.595273017883301,4.234550952911377,1.0851854350043697
NC_009438.1,DNABERT-S,16,1000000,0.7176694512001692,4.904130935668945,4.246847152709961,1.1547698231944996
NC_009438.1,DNABERT-S,24,0,0.6386803426033626,5.8815436363220215,5.182878494262695,1.134802531611098
NC_009438.1,DNABERT-S,24,100000,0.7280850163899757,5.699207305908203,4.978166103363037,1.1448407280058537
NC_009438.1,DNABERT-S,24,250000,0.6908110394416834,5.9076008796691895,5.150400161743164,1.1470178421378716
NC_009438.1,DNABERT-S,24,1000000,0.7257586972612879,6.181880950927734,5.216469764709473,1.1850698326192695
NC_009438.1,DNABERT-S,48,0,0.5816855239505129,8.279289245605469,7.627684116363525,1.0854263390173784
NC_009438.1,DNABERT-S,48,100000,0.6235063973776039,8.194682121276855,7.464288234710693,1.0978517795132372
NC_009438.1,DNABERT-S,48,250000,0.6210214655810511,8.376238822937012,7.581197261810303,1.1048701852320437
NC_009438.1,DNABERT-S,48,1000000,0.6413238870677804,8.69464111328125,7.686737060546875,1.1311224834146554
NC_009438.1,DNABERT-2,8,0,0.5005287088928836,3.5305562019348145,3.5793683528900146,0.9863629148657503
NC_009438.1,DNABERT-2,8,100000,0.5337316273659723,3.419976234436035,3.280398368835449,1.0425490595674625
NC_009438.1,DNABERT-2,8,250000,0.49503013640689436,3.514394760131836,3.5738096237182617,0.9833749220461807
NC_009438.1,DNABERT-2,8,1000000,0.5334672729195306,3.7358875274658203,3.660520076751709,1.02058927396486
NC_009438.1,DNABERT-2,16,0,0.515967008565084,4.882046699523926,4.799891948699951,1.0171159583803187
NC_009438.1,DNABERT-2,16,100000,0.548165380141694,4.804481506347656,4.526958465576172,1.0613045255179214
NC_009438.1,DNABERT-2,16,250000,0.5205139050438828,4.909946441650391,4.796826362609863,1.023582275131381
NC_009438.1,DNABERT-2,16,1000000,0.5606957809030347,5.144989967346191,4.849179744720459,1.0610021154501017
NC_009438.1,DNABERT-2,24,0,0.5489584434810193,5.959918022155762,5.656627655029297,1.0536168165243844
NC_009438.1,DNABERT-2,24,100000,0.5649254520461034,5.830490589141846,5.426178455352783,1.074511396393574
NC_009438.1,DNABERT-2,24,250000,0.5409749391984773,5.957156658172607,5.681323528289795,1.0485508576495104
NC_009438.1,DNABERT-2,24,1000000,0.5818970075076663,6.226943492889404,5.744256496429443,1.0840294991632065
NC_009438.1,DNABERT-2,48,0,0.5321455006873216,7.963301658630371,7.682980060577393,1.036486050444326
NC_009438.1,DNABERT-2,48,100000,0.5788833668182298,7.895083904266357,7.471252918243408,1.056728234294951
NC_009438.1,DNABERT-2,48,250000,0.5462620281273131,8.025915145874023,7.6963067054748535,1.04282683279302
NC_009438.1,DNABERT-2,48,1000000,0.5878714179972507,8.357499122619629,7.816686630249023,1.069186922535409
NC_009438.1,NT-v2-50M,8,0,0.3219837157660992,2.927478313446045,3.494532346725464,0.8377310675602203
NC_009438.1,NT-v2-50M,8,100000,0.34387226393147935,2.9453771114349365,3.4376518726348877,0.8567991235183937
NC_009438.1,NT-v2-50M,8,250000,0.3746431214973036,2.9718220233917236,3.4371073246002197,0.864628812176351
NC_009438.1,NT-v2-50M,8,1000000,0.41218145289203767,3.1220884323120117,3.470107316970825,0.8997094749903554
NC_009438.1,NT-v2-50M,16,0,0.45664587078354657,4.638028621673584,4.726619720458984,0.9812569861709125
NC_009438.1,NT-v2-50M,16,100000,0.4876282119065243,4.556714057922363,4.580327033996582,0.9948446964815053
NC_009438.1,NT-v2-50M,16,250000,0.46848894998413876,4.61410665512085,4.691414833068848,0.9835213510851635
NC_009438.1,NT-v2-50M,16,1000000,0.5592682668922492,4.84106969833374,4.653371810913086,1.040335888694831
NC_009438.1,NT-v2-50M,24,0,0.4719784286771703,5.5706586837768555,5.616889953613281,0.9917692405907498
NC_009438.1,NT-v2-50M,24,100000,0.48503753833139474,5.485721111297607,5.457481384277344,1.0051744980938682
NC_009438.1,NT-v2-50M,24,250000,0.48625356878502696,5.56599760055542,5.575855255126953,0.9982320820536958
NC_009438.1,NT-v2-50M,24,1000000,0.5844876810827958,5.856534004211426,5.5223259925842285,1.0605194282402008
NC_009438.1,NT-v2-50M,48,0,0.42270275986042083,7.494358062744141,7.763551712036133,0.9653259668671169
NC_009438.1,NT-v2-50M,48,100000,0.42011208628529134,7.4257612228393555,7.620861530303955,0.9743991795824142
NC_009438.1,NT-v2-50M,48,250000,0.4250290789891086,7.510839462280273,7.741334438323975,0.9702254207100753
NC_009438.1,NT-v2-50M,48,1000000,0.542243840541398,7.85646915435791,7.66426944732666,1.0250773682152172
NC_009438.1,compositional,11,0,0.49291530083536006,3.677980383467168,3.3438077217558377,1.099937762430866
NC_009487.1,DNABERT-S,8,0,0.8148854961832062,3.088395595550537,2.6696436405181885,1.1568568735829727
NC_009487.1,DNABERT-S,8,100000,0.5699745547073791,2.731241226196289,2.6497600078582764,1.0307504144135196
NC_009487.1,DNABERT-S,8,250000,0.6804495335029687,2.915680170059204,2.703721761703491,1.078395052093736
NC_009487.1,DNABERT-S,8,1000000,0.7536047497879559,3.00325870513916,2.657573699951172,1.1300754162318583
NC_009487.1,DNABERT-S,16,0,0.8301526717557252,4.377016067504883,3.8528969287872314,1.1360324837141769
NC_009487.1,DNABERT-S,16,100000,0.7512722646310432,4.2009758949279785,3.8422138690948486,1.0933737782581185
NC_009487.1,DNABERT-S,16,250000,0.7650551314673452,4.313384532928467,3.8720881938934326,1.1139685660391183
NC_009487.1,DNABERT-S,16,1000000,0.796225614927905,4.318351745605469,3.8079984188079834,1.1340214124766472
NC_009487.1,DNABERT-S,24,0,0.8611111111111112,5.54691743850708,4.804147243499756,1.1546102060073884
NC_009487.1,DNABERT-S,24,100000,0.8182782018659881,5.434608459472656,4.804696559906006,1.1311033676555369
NC_009487.1,DNABERT-S,24,250000,0.8273960983884648,5.53892707824707,4.847526550292969,1.1426295494786542
NC_009487.1,DNABERT-S,24,1000000,0.823579304495335,5.410683631896973,4.746734619140625,1.139874896329585
NC_009487.1,DNABERT-S,48,0,0.7968617472434266,7.6347784996032715,6.860642433166504,1.1128372559826687
NC_009487.1,DNABERT-S,48,100000,0.7504240882103478,7.548488140106201,6.877899169921875,1.0974990987243483
NC_009487.1,DNABERT-S,48,250000,0.7559372349448685,7.556282043457031,6.911128997802734,1.0933498775466948
NC_009487.1,DNABERT-S,48,1000000,0.7682357930449534,7.41615629196167,6.77675724029541,1.0943517716503575
NC_009487.1,DNABERT-2,8,0,0.6085665818490246,2.8452422618865967,2.7847063541412354,1.021738704210351
NC_009487.1,DNABERT-2,8,100000,0.337362171331637,2.3946244716644287,2.913212776184082,0.8219874947826727
NC_009487.1,DNABERT-2,8,250000,0.45250212044105176,2.5890297889709473,2.9196083545684814,0.8867729758752544
NC_009487.1,DNABERT-2,8,1000000,0.48452078032230705,2.611583709716797,2.838965654373169,0.9199067645266822
NC_009487.1,DNABERT-2,16,0,0.6885072094995759,4.450709819793701,4.106100082397461,1.083926287835398
NC_009487.1,DNABERT-2,16,100000,0.5254452926208651,4.21298885345459,4.210703372955322,1.0005427787941432
NC_009487.1,DNABERT-2,16,250000,0.6070822731128075,4.4260783195495605,4.267003059387207,1.0372803248435445
NC_009487.1,DNABERT-2,16,1000000,0.6556403731976251,4.447246551513672,4.128445148468018,1.0772206948574707
NC_009487.1,DNABERT-2,24,0,0.6783290924512299,5.339787483215332,4.95556640625,1.077533231414425
NC_009487.1,DNABERT-2,24,100000,0.4997879558948261,5.028414249420166,5.0801520347595215,0.9898157013834715
NC_009487.1,DNABERT-2,24,250000,0.5918150975402884,5.26814079284668,5.098410129547119,1.0332909002977047
NC_009487.1,DNABERT-2,24,1000000,0.6460983884648007,5.2768049240112305,4.952808380126953,1.0654167330971873
NC_009487.1,DNABERT-2,48,0,0.7451229855810009,7.7843451499938965,6.8874359130859375,1.1302239684297979
NC_009487.1,DNABERT-2,48,100000,0.6571246819338422,7.632936954498291,7.027231693267822,1.086194007493839
NC_009487.1,DNABERT-2,48,250000,0.683206106870229,7.686014652252197,7.043537139892578,1.0912151806115724
NC_009487.1,DNABERT-2,48,1000000,0.7133163698049194,7.597239017486572,6.878007888793945,1.1045696865024597
NC_009487.1,NT-v2-50M,8,0,0.6108990670059372,3.302414894104004,3.107191324234009,1.0628295941570711
NC_009487.1,NT-v2-50M,8,100000,0.563401187446989,3.236025333404541,3.1324825286865234,1.0330545513884906
NC_009487.1,NT-v2-50M,8,250000,0.5848176420695504,3.271150588989258,3.126734733581543,1.0461874344045465
NC_009487.1,NT-v2-50M,8,1000000,0.5453774385072095,3.1201694011688232,3.06451678276062,1.0181603242381558
NC_009487.1,NT-v2-50M,16,0,0.7222222222222222,4.965422630310059,4.304500102996826,1.1535422259260937
NC_009487.1,NT-v2-50M,16,100000,0.589058524173028,4.704819202423096,4.377567291259766,1.074756568977642
NC_009487.1,NT-v2-50M,16,250000,0.6868108566581849,4.921524524688721,4.3498854637146,1.1314147385586488
NC_009487.1,NT-v2-50M,16,1000000,0.71225614927905,4.892177104949951,4.264469623565674,1.1471947362259387
NC_009487.1,NT-v2-50M,24,0,0.7599660729431722,5.841572284698486,5.141506671905518,1.1361596235240348
NC_009487.1,NT-v2-50M,24,100000,0.664334181509754,5.7059550285339355,5.233486175537109,1.0902780359304831
NC_009487.1,NT-v2-50M,24,250000,0.7145886344359627,5.7865118980407715,5.187646389007568,1.1154406958620342
NC_009487.1,NT-v2-50M,24,1000000,0.7194656488549618,5.686911106109619,5.0659708976745605,1.1225708202785156
NC_009487.1,NT-v2-50M,48,0,0.8027989821882952,8.029387474060059,7.242369174957275,1.1086686248781878
NC_009487.1,NT-v2-50M,48,100000,0.7338846480067854,7.891265869140625,7.307621002197266,1.0798679716378106
NC_009487.1,NT-v2-50M,48,250000,0.7393977947413062,7.89381742477417,7.282973766326904,1.0838728351970075
NC_009487.1,NT-v2-50M,48,1000000,0.7644189991518235,7.7548980712890625,7.114403247833252,1.0900279055240336
NC_009487.1,compositional,11,0,0.6032654792196777,3.170690160691638,3.398798472269652,0.9328856025330363
NC_009445.1,DNABERT-S,8,0,0.5305064063453325,2.7835631370544434,2.707822799682617,1.0279709356833482
NC_009445.1,DNABERT-S,8,100000,0.4491559894244458,2.702610969543457,2.727708339691162,0.9907991005553963
NC_009445.1,DNABERT-S,8,250000,0.4548166226018575,2.7499454021453857,2.7965526580810547,0.9833340324198829
NC_009445.1,DNABERT-S,8,1000000,0.2897091722595078,2.9112536907196045,3.266376256942749,0.8912793449718708
NC_009445.1,DNABERT-S,16,0,0.6555826723611958,4.156263828277588,3.8926405906677246,1.067723498090699
NC_009445.1,DNABERT-S,16,100000,0.601654125144058,4.058929443359375,3.92659592628479,1.033701842399606
NC_009445.1,DNABERT-S,16,250000,0.5705036946647685,4.101946830749512,4.000044345855713,1.0254753387920252
NC_009445.1,DNABERT-S,16,1000000,0.32818114026167716,4.25941276550293,4.676841735839844,0.9107455428439991
NC_009445.1,DNABERT-S,24,0,0.7106975798250966,5.212562561035156,4.7324042320251465,1.101461816334429
NC_009445.1,DNABERT-S,24,100000,0.6974103450613518,5.131462574005127,4.720317363739014,1.0871011795572239
NC_009445.1,DNABERT-S,24,250000,0.6595485051860891,5.168478965759277,4.832952499389648,1.0694247391034781
NC_009445.1,DNABERT-S,24,1000000,0.39583757033421463,5.366926193237305,5.603062629699707,0.9578558277734158
NC_009445.1,DNABERT-S,48,0,0.6769032607958783,7.533235549926758,6.797905921936035,1.1081700212440277
NC_009445.1,DNABERT-S,48,100000,0.6809029896278218,7.479274272918701,6.785231590270996,1.1022872503928764
NC_009445.1,DNABERT-S,48,250000,0.6141617517456444,7.497222900390625,6.9929585456848145,1.0721103023007308
NC_009445.1,DNABERT-S,48,1000000,0.38160124737305945,7.6947760581970215,8.0406494140625,0.9569844003818184
NC_009445.1,DNABERT-2,8,0,0.6304657311368721,3.2031185626983643,2.792245626449585,1.1471478484402589
NC_009445.1,DNABERT-2,8,100000,0.6072130703003186,2.9585447311401367,2.5997841358184814,1.1379963014539698
NC_009445.1,DNABERT-2,8,250000,0.5237272049352586,3.0724480152130127,2.8157942295074463,1.0911479194807718
NC_009445.1,DNABERT-2,8,1000000,0.2682191037895736,3.170504093170166,3.621962308883667,0.8753553523717794
NC_009445.1,DNABERT-2,16,0,0.6049759338349943,4.366505146026611,3.9903903007507324,1.0942551522353887
NC_009445.1,DNABERT-2,16,100000,0.5789099044132601,4.171422958374023,3.838747978210449,1.0866623654514203
NC_009445.1,DNABERT-2,16,250000,0.5110500982984204,4.264513969421387,4.039729595184326,1.055643420912385
NC_009445.1,DNABERT-2,16,1000000,0.26049081418208936,4.358266830444336,4.927859306335449,0.8844138112549556
NC_009445.1,DNABERT-2,24,0,0.6788353331977494,5.478120803833008,4.779152870178223,1.146253520789495
NC_009445.1,DNABERT-2,24,100000,0.6491424310216256,5.285655498504639,4.667435169219971,1.132453972443282
NC_009445.1,DNABERT-2,24,250000,0.6017219171581588,5.379335403442383,4.847928524017334,1.1096152463453994
NC_009445.1,DNABERT-2,24,1000000,0.3759067181885974,5.524144172668457,5.69450569152832,0.9700831769975559
NC_009445.1,DNABERT-2,48,0,0.6981899532235103,7.5586113929748535,6.781731605529785,1.1145547822641058
NC_009445.1,DNABERT-2,48,100000,0.6645651142295438,7.440898895263672,6.750892639160156,1.1022096325604367
NC_009445.1,DNABERT-2,48,250000,0.6366348044200393,7.492957592010498,6.862591743469238,1.091855361954344
NC_009445.1,DNABERT-2,48,1000000,0.3663819402074436,7.675796031951904,7.947756767272949,0.9657814471070734
NC_009445.1,NT-v2-50M,8,0,0.4989492237814385,2.468750238418579,2.522883176803589,0.9785432243225807
NC_009445.1,NT-v2-50M,8,100000,0.37319503762456785,2.361790180206299,2.5748229026794434,0.9172631553605276
NC_009445.1,NT-v2-50M,8,250000,0.3878042166632771,2.4175219535827637,2.610260009765625,0.9261613573123824
NC_009445.1,NT-v2-50M,8,1000000,0.29852213409260386,2.4491472244262695,2.783513069152832,0.8798763158570951
NC_009445.1,NT-v2-50M,16,0,0.5448105213205884,3.9056718349456787,3.8064732551574707,1.026060495671105
NC_009445.1,NT-v2-50M,16,100000,0.45352857433394345,3.8036186695098877,3.850630283355713,0.9877911899127184
NC_009445.1,NT-v2-50M,16,250000,0.4412582197817097,3.8433549404144287,3.9060707092285156,0.9839440262394856
NC_009445.1,NT-v2-50M,16,1000000,0.2853026913429598,3.9287190437316895,4.264707565307617,0.9212165156858316
NC_009445.1,NT-v2-50M,24,0,0.5943325876211782,5.058919906616211,4.7690653800964355,1.0607780567927367
NC_009445.1,NT-v2-50M,24,100000,0.5476577859128194,4.957306385040283,4.7749552726745605,1.0381890723478093
NC_009445.1,NT-v2-50M,24,250000,0.518168259778998,5.002563953399658,4.879973411560059,1.0251211495433967
NC_009445.1,NT-v2-50M,24,1000000,0.3481119924072944,5.089956283569336,5.3382368087768555,0.9534901627445022
NC_009445.1,NT-v2-50M,48,0,0.5849094976611755,7.159987449645996,6.86574125289917,1.0428571636926423
NC_009445.1,NT-v2-50M,48,100000,0.5576232119856281,7.128677845001221,6.896492004394531,1.0336672384248018
NC_009445.1,NT-v2-50M,48,250000,0.5026099925428784,7.142251491546631,7.026677131652832,1.0164479394354373
NC_009445.1,NT-v2-50M,48,1000000,0.2975391498881432,7.255913257598877,7.724783897399902,0.9393030735838651
NC_009445.1,compositional,11,0,0.7564910853501458,6.188322569667548,3.351331043460691,1.8465267947022295
NC_009504.1,DNABERT-S,8,0,0.9382284382284383,3.3890130519866943,2.6312949657440186,1.287963947830693
NC_009504.1,DNABERT-S,8,100000,0.8527583527583528,3.102721929550171,2.6277225017547607,1.1807646840479584
NC_009504.1,DNABERT-S,8,250000,0.9417249417249417,3.2991044521331787,2.585585832595825,1.2759601365934965
NC_009504.1,DNABERT-S,8,1000000,0.9191919191919192,3.15537691116333,2.5602645874023438,1.232441727581285
NC_009504.1,DNABERT-S,16,0,0.98989898989899,4.851325988769531,3.732696294784546,1.2996840904383178
NC_009504.1,DNABERT-S,16,100000,0.9832944832944833,4.675121307373047,3.7394113540649414,1.2502292111540332
NC_009504.1,DNABERT-S,16,250000,0.993006993006993,4.781472206115723,3.678354501724243,1.2998943423953262
NC_009504.1,DNABERT-S,16,1000000,0.9444444444444444,4.5664801597595215,3.7168149948120117,1.2286003382286945
NC_009504.1,DNABERT-S,24,0,0.9728049728049728,5.961221694946289,4.597423076629639,1.2966441407686256
NC_009504.1,DNABERT-S,24,100000,0.972027972027972,5.862359046936035,4.6006622314453125,1.2742424355491875
NC_009504.1,DNABERT-S,24,250000,0.966977466977467,5.855794429779053,4.563589572906494,1.2831553618546747
NC_009504.1,DNABERT-S,24,1000000,0.9560994560994561,5.613476276397705,4.5631794929504395,1.2301677558530948
NC_009504.1,DNABERT-S,48,0,0.9568764568764568,9.261556625366211,6.697200298309326,1.3828997510652687
NC_009504.1,DNABERT-S,48,100000,0.9708624708624709,9.182735443115234,6.6461710929870605,1.38165799746033
NC_009504.1,DNABERT-S,48,250000,0.9685314685314685,9.112171173095703,6.583441734313965,1.3841044761741554
NC_009504.1,DNABERT-S,48,1000000,0.973970473970474,8.85863971710205,6.555439472198486,1.3513418520102884
NC_009504.1,DNABERT-2,8,0,0.6651126651126651,2.8571906089782715,2.6910603046417236,1.0617341439914947
NC_009504.1,DNABERT-2,8,100000,0.5563325563325563,2.6657540798187256,2.6176085472106934,1.0183929459809167
NC_009504.1,DNABERT-2,8,250000,0.6930846930846931,2.7258737087249756,2.535937786102295,1.0748977059546125
NC_009504.1,DNABERT-2,8,1000000,0.797979797979798,3.00295352935791,2.6409146785736084,1.1370884314141658
NC_009504.1,DNABERT-2,16,0,0.5104895104895105,3.981410026550293,3.9858241081237793,0.9988925548509555
NC_009504.1,DNABERT-2,16,100000,0.3679098679098679,3.719141721725464,3.9526453018188477,0.9409247321063858
NC_009504.1,DNABERT-2,16,250000,0.5357420357420357,3.9041619300842285,3.8692708015441895,1.0090174945951351
NC_009504.1,DNABERT-2,16,1000000,0.5007770007770008,3.879979133605957,3.884814739227295,0.9987552545112358
NC_009504.1,DNABERT-2,24,0,0.4160839160839161,4.792928218841553,4.951652526855469,0.9679451845312108
NC_009504.1,DNABERT-2,24,100000,0.3554778554778555,4.622601509094238,4.9361653327941895,0.9364762315360994
NC_009504.1,DNABERT-2,24,250000,0.4518259518259518,4.73800802230835,4.839076995849609,0.9791139976429504
NC_009504.1,DNABERT-2,24,1000000,0.44755244755244755,4.704596996307373,4.840665817260742,0.9718904741434168
NC_009504.1,DNABERT-2,48,0,0.5493395493395493,6.995271682739258,6.95164680480957,1.0062754738775717
NC_009504.1,DNABERT-2,48,100000,0.48096348096348096,6.870326519012451,6.939074516296387,0.9900926273204761
NC_009504.1,DNABERT-2,48,250000,0.5874125874125874,6.921074390411377,6.8246331214904785,1.0141313484848304
NC_009504.1,DNABERT-2,48,1000000,0.5971250971250971,6.88529634475708,6.7987847328186035,1.0127245699545206
NC_009504.1,NT-v2-50M,8,0,0.11188811188811189,2.129126787185669,2.634763717651367,0.8080902180798117
NC_009504.1,NT-v2-50M,8,100000,0.030691530691530692,1.8353272676467896,2.640880823135376,0.6949678499568959
NC_009504.1,NT-v2-50M,8,250000,0.0979020979020979,2.0367815494537354,2.602350950241089,0.7826698198661646
NC_009504.1,NT-v2-50M,8,1000000,0.17637917637917638,2.166889190673828,2.599194049835205,0.833677343486999
NC_009504.1,NT-v2-50M,16,0,0.2556332556332556,3.5244879722595215,3.8477611541748047,0.9159840829609361
NC_009504.1,NT-v2-50M,16,100000,0.054778554778554776,3.1231229305267334,3.878593921661377,0.8052203952273917
NC_009504.1,NT-v2-50M,16,250000,0.18142968142968144,3.3787851333618164,3.830289602279663,0.8821226288870884
NC_009504.1,NT-v2-50M,16,1000000,0.20473970473970474,3.3560702800750732,3.7991206645965576,0.8833808073930883
NC_009504.1,NT-v2-50M,24,0,0.2463092463092463,4.347143173217773,4.7451348304748535,0.9161263754401574
NC_009504.1,NT-v2-50M,24,100000,0.09867909867909867,4.104245185852051,4.75058126449585,0.8639458957424254
NC_009504.1,NT-v2-50M,24,250000,0.16705516705516704,4.191153049468994,4.697213172912598,0.8922637519706581
NC_009504.1,NT-v2-50M,24,1000000,0.21522921522921523,4.184353828430176,4.6709065437316895,0.8958333439673584
NC_009504.1,NT-v2-50M,48,0,0.24164724164724163,6.461637020111084,6.860086441040039,0.9419177259130065
NC_009504.1,NT-v2-50M,48,100000,0.19425019425019424,6.2994208335876465,6.8673996925354,0.9172934612259244
NC_009504.1,NT-v2-50M,48,250000,0.20435120435120435,6.243804454803467,6.778530597686768,0.9211147408457844
NC_009504.1,NT-v2-50M,48,1000000,0.23931623931623933,6.1866984367370605,6.6895751953125,0.9248268023165636
NC_009504.1,compositional,11,0,1.0,7.203043561909443,2.638701215450897,2.7297685390570448
NC_009567.1,DNABERT-S,8,0,0.49523809523809526,3.3306314945220947,3.462956190109253,0.9617885158451908
NC_009567.1,DNABERT-S,8,100000,0.7238095238095238,3.2670738697052,3.119107246398926,1.0474387738597655
NC_009567.1,DNABERT-S,8,250000,0.719047619047619,3.4187088012695312,3.2096028327941895,1.0651501071530711
NC_009567.1,DNABERT-S,8,1000000,0.6952380952380952,3.2928285598754883,3.0919384956359863,1.0649722057935633
NC_009567.1,DNABERT-S,16,0,0.6190476190476191,4.726114749908447,4.640359878540039,1.018480219985737
NC_009567.1,DNABERT-S,16,100000,0.8428571428571429,4.7169108390808105,4.254477500915527,1.1086933326279835
NC_009567.1,DNABERT-S,16,250000,0.7857142857142857,4.776495933532715,4.41213321685791,1.082581984442955
NC_009567.1,DNABERT-S,16,1000000,0.7571428571428571,4.603824615478516,4.389999866485596,1.0487072335981862
NC_009567.1,DNABERT-S,24,0,0.20952380952380953,5.582237243652344,5.950644493103027,0.9380895212480466
NC_009567.1,DNABERT-S,24,100000,0.4142857142857143,5.619572162628174,5.6411614418029785,0.9961729017335295
NC_009567.1,DNABERT-S,24,250000,0.4142857142857143,5.605947494506836,5.720813751220703,0.9799213430625394
NC_009567.1,DNABERT-S,24,1000000,0.2523809523809524,5.412125110626221,5.655228137969971,0.9570126931376078
NC_009567.1,DNABERT-S,48,0,0.19047619047619047,7.978956699371338,8.730912208557129,0.913874347694299
NC_009567.1,DNABERT-S,48,100000,0.19523809523809524,8.010580062866211,8.526376724243164,0.9395057621708901
NC_009567.1,DNABERT-S,48,250000,0.2,7.942030906677246,8.584115982055664,0.9252007921700219
NC_009567.1,DNABERT-S,48,1000000,0.18095238095238095,7.649103164672852,8.297590255737305,0.9218463347697771
NC_009567.1,DNABERT-2,8,0,0.11428571428571428,3.304365634918213,4.448653221130371,0.7427788750139075
NC_009567.1,DNABERT-2,8,100000,0.17142857142857143,3.070291519165039,4.192095756530762,0.7324001400449663
NC_009567.1,DNABERT-2,8,250000,0.1,3.217136859893799,4.322355270385742,0.7443018120087779
NC_009567.1,DNABERT-2,8,1000000,0.12857142857142856,3.2312004566192627,4.417555332183838,0.731445384074432
NC_009567.1,DNABERT-2,16,0,0.08571428571428572,4.228658676147461,5.522061347961426,0.7657753888787474
NC_009567.1,DNABERT-2,16,100000,0.08571428571428572,4.058838844299316,5.288855075836182,0.7674324189451539
NC_009567.1,DNABERT-2,16,250000,0.09047619047619047,4.164393424987793,5.471442222595215,0.7611143927994433
NC_009567.1,DNABERT-2,16,1000000,0.08095238095238096,4.192490577697754,5.465497970581055,0.7670829996213568
NC_009567.1,DNABERT-2,24,0,0.23333333333333334,5.44462776184082,6.217639923095703,0.8756743441537207
NC_009567.1,DNABERT-2,24,100000,0.23333333333333334,5.295754909515381,5.917639255523682,0.8949100614019657
NC_009567.1,DNABERT-2,24,250000,0.23809523809523808,5.3828864097595215,6.170660972595215,0.8723354651415282
NC_009567.1,DNABERT-2,24,1000000,0.19523809523809524,5.28952693939209,6.166978359222412,0.8577177721860922
NC_009567.1,DNABERT-2,48,0,0.2761904761904762,7.703958988189697,8.124245643615723,0.948267608604831
NC_009567.1,DNABERT-2,48,100000,0.2857142857142857,7.613020896911621,7.975495338439941,0.9545514822406977
NC_009567.1,DNABERT-2,48,250000,0.2761904761904762,7.665589809417725,8.027441024780273,0.9549232172188454
NC_009567.1,DNABERT-2,48,1000000,0.2761904761904762,7.4866251945495605,7.979968070983887,0.9381773370462246
NC_009567.1,NT-v2-50M,8,0,0.6904761904761905,2.663788318634033,2.38682222366333,1.1160396833181867
NC_009567.1,NT-v2-50M,8,100000,0.6714285714285714,2.6131060123443604,2.3175466060638428,1.1275311596785966
NC_009567.1,NT-v2-50M,8,250000,0.7761904761904762,2.587857484817505,2.274005651473999,1.138017173853578
NC_009567.1,NT-v2-50M,8,1000000,0.7333333333333333,2.479264497756958,2.2683677673339844,1.092972900364759
NC_009567.1,NT-v2-50M,16,0,0.1761904761904762,4.314725875854492,5.152795314788818,0.8373563497604846
NC_009567.1,NT-v2-50M,16,100000,0.26666666666666666,4.382530212402344,4.927545070648193,0.8893942418726257
NC_009567.1,NT-v2-50M,16,250000,0.23333333333333334,4.262190818786621,4.866105556488037,0.875893621564331
NC_009567.1,NT-v2-50M,16,1000000,0.20476190476190476,4.2895989418029785,4.882657527923584,0.878537746559339
NC_009567.1,NT-v2-50M,24,0,0.38095238095238093,5.483759880065918,5.7331767082214355,0.9564958763964398
NC_009567.1,NT-v2-50M,24,100000,0.5190476190476191,5.592962741851807,5.566836357116699,1.0046932194623805
NC_009567.1,NT-v2-50M,24,250000,0.44285714285714284,5.439075469970703,5.493945121765137,0.9900127047907598
NC_009567.1,NT-v2-50M,24,1000000,0.42857142857142855,5.377229690551758,5.457700252532959,0.9852555915023266
NC_009567.1,NT-v2-50M,48,0,0.18571428571428572,7.522330284118652,8.070886611938477,0.932032705426886
NC_009567.1,NT-v2-50M,48,100000,0.20952380952380953,7.571217060089111,7.868154048919678,0.9622609080879222
NC_009567.1,NT-v2-50M,48,250000,0.18571428571428572,7.44112491607666,7.883364200592041,0.9439022131589241
NC_009567.1,NT-v2-50M,48,1000000,0.2523809523809524,7.2630085945129395,7.591643333435059,0.9567109880577834
NC_009567.1,compositional,11,0,0.9761904761904762,7.03145469420436,3.8732120922021203,1.8154065738771914
NC_009485.1,DNABERT-S,8,0,0.6565996127366609,2.857149362564087,2.6613614559173584,1.0735668228046993
NC_009485.1,DNABERT-S,8,100000,0.46913188468158346,2.6632328033447266,2.7205958366394043,0.9789152682944869
NC_009485.1,DNABERT-S,8,250000,0.5637518825301204,2.7483654022216797,2.688991069793701,1.022080524214063
NC_009485.1,DNABERT-S,8,1000000,0.5617227839931154,2.8044321537017822,2.7444231510162354,1.0218657981599253
NC_009485.1,DNABERT-S,16,0,0.6841544750430293,4.144471645355225,3.8463423252105713,1.0775098249031518
NC_009485.1,DNABERT-S,16,100000,0.5464433627366609,3.9759395122528076,3.9103052616119385,1.0167849429263773
NC_009485.1,DNABERT-S,16,250000,0.6278560671256455,4.047671318054199,3.8631644248962402,1.0477605591853405
NC_009485.1,DNABERT-S,16,1000000,0.6073418674698795,4.100025177001953,3.9328761100769043,1.042500465879608
NC_009485.1,DNABERT-S,24,0,0.6930238812392426,5.176628589630127,4.774467945098877,1.0842315100144466
NC_009485.1,DNABERT-S,24,100000,0.6152135327022376,5.0276103019714355,4.8158063888549805,1.0439809859479867
NC_009485.1,DNABERT-S,24,250000,0.6599827882960413,5.084881782531738,4.7833757400512695,1.06303206330959
NC_009485.1,DNABERT-S,24,1000000,0.6207320352839931,5.153687477111816,4.889806747436523,1.0539654721147482
NC_009485.1,DNABERT-S,48,0,0.6725742254733219,7.39645528793335,6.819997787475586,1.0845245876056417
NC_009485.1,DNABERT-S,48,100000,0.6271998709122203,7.258511066436768,6.860757827758789,1.0579751171319092
NC_009485.1,DNABERT-S,48,250000,0.6510219449225473,7.3248748779296875,6.8503007888793945,1.0692778468677908
NC_009485.1,DNABERT-S,48,1000000,0.6019793459552496,7.37937593460083,6.9831695556640625,1.0567373276244458
NC_009485.1,DNABERT-2,8,0,0.49209740748709124,2.912811279296875,2.9268040657043457,0.995219090142919
NC_009485.1,DNABERT-2,8,100000,0.3594086166092943,2.635935068130493,2.9369211196899414,0.897516467316213
NC_009485.1,DNABERT-2,8,250000,0.4133256239242685,2.7448887825012207,2.9226865768432617,0.9391663150777949
NC_009485.1,DNABERT-2,8,1000000,0.4344005486230637,2.834118127822876,2.955522298812866,0.9589229385822079
NC_009485.1,DNABERT-2,16,0,0.4800317340791738,4.078892230987549,4.153256416320801,0.9820949688921138
NC_009485.1,DNABERT-2,16,100000,0.3619110370051635,3.8321735858917236,4.171326637268066,0.9186941995032868
NC_009485.1,DNABERT-2,16,250000,0.41922870051635114,3.9340953826904297,4.1600341796875,0.9456882354235746
NC_009485.1,DNABERT-2,16,1000000,0.4259305077452668,4.017150402069092,4.2170329093933105,0.952601150709783
NC_009485.1,DNABERT-2,24,0,0.47455895008605853,5.032097816467285,5.048466682434082,0.9967576559386335
NC_009485.1,DNABERT-2,24,100000,0.38720955249569705,4.798014163970947,5.06135892868042,0.9479695535487085
NC_009485.1,DNABERT-2,24,250000,0.42635811101549054,4.894845008850098,5.047156810760498,0.9698222568425707
NC_009485.1,DNABERT-2,24,1000000,0.42027484939759036,4.992967128753662,5.144965648651123,0.9704568445588532
NC_009485.1,DNABERT-2,48,0,0.5364081325301204,7.121811866760254,7.00093936920166,1.0172651827396668
NC_009485.1,DNABERT-2,48,100000,0.46127097676419965,6.950055122375488,7.049489974975586,0.9858947451584337
NC_009485.1,DNABERT-2,48,250000,0.4912139629948365,7.01236629486084,7.015275955200195,0.9995852393607982
NC_009485.1,DNABERT-2,48,1000000,0.47296955679862307,7.097014427185059,7.131584644317627,0.9951525195511612
NC_009485.1,NT-v2-50M,8,0,0.21861015490533564,2.4497179985046387,2.9406111240386963,0.8330642492911967
NC_009485.1,NT-v2-50M,8,100000,0.1717459122203098,2.343991756439209,2.9837000370025635,0.7855989970070826
NC_009485.1,NT-v2-50M,8,250000,0.18779044750430293,2.38204026222229,2.9587419033050537,0.8050855194775317
NC_009485.1,NT-v2-50M,8,1000000,0.20021514629948364,2.4298787117004395,2.98458194732666,0.8141437409272418
NC_009485.1,NT-v2-50M,16,0,0.3062311746987952,3.809568166732788,4.148081302642822,0.9183928396740052
NC_009485.1,NT-v2-50M,16,100000,0.21401409208261618,3.671217679977417,4.2056884765625,0.872917169313993
NC_009485.1,NT-v2-50M,16,250000,0.25628227194492254,3.7294251918792725,4.173075199127197,0.8936875119478521
NC_009485.1,NT-v2-50M,16,1000000,0.2813710197934596,3.790454626083374,4.217008590698242,0.8988491591988338
NC_009485.1,NT-v2-50M,24,0,0.37172305292598967,4.827479839324951,5.0509772300720215,0.9557516534787698
NC_009485.1,NT-v2-50M,24,100000,0.2841934703098107,4.686825275421143,5.102108478546143,0.9186055716237268
NC_009485.1,NT-v2-50M,24,250000,0.32495831540447506,4.74371862411499,5.0663018226623535,0.9363276784844522
NC_009485.1,NT-v2-50M,24,1000000,0.3312513446643718,4.794129848480225,5.1332502365112305,0.933936517331856
NC_009485.1,NT-v2-50M,48,0,0.42068766135972463,6.929431915283203,7.064754009246826,0.980845462731398
NC_009485.1,NT-v2-50M,48,100000,0.3441856712564544,6.8081374168396,7.103954792022705,0.958358775661792
NC_009485.1,NT-v2-50M,48,250000,0.38143556368330467,6.854996681213379,7.077682971954346,0.9685368373204378
NC_009485.1,NT-v2-50M,48,1000000,0.37205115103270225,6.905295372009277,7.176621437072754,0.9621930643210649
NC_009485.1,compositional,11,0,0.8190565834767642,5.980280755596589,2.8070193765546394,2.130473628200187
NC_009632.1,DNABERT-S,8,0,0.8849291541434092,3.2393033504486084,2.624379873275757,1.234311916287219
NC_009632.1,DNABERT-S,8,100000,0.7164018892228424,2.9237124919891357,2.6386635303497314,1.1080277793514748
NC_009632.1,DNABERT-S,8,250000,0.7908973808501503,3.07863187789917,2.6303234100341797,1.1704385347272428
NC_009632.1,DNABERT-S,8,1000000,0.8288965221124946,3.102673053741455,2.594089984893799,1.196054520779655
NC_009632.1,DNABERT-S,16,0,0.8383426363246028,4.441012859344482,3.8665852546691895,1.1485619912251073
NC_009632.1,DNABERT-S,16,100000,0.7256333190210391,4.2109270095825195,3.873969078063965,1.0869800260994729
NC_009632.1,DNABERT-S,16,250000,0.7756547874624302,4.335514068603516,3.8621015548706055,1.122578991517164
NC_009632.1,DNABERT-S,16,1000000,0.7973379132674968,4.340364933013916,3.7946715354919434,1.1438051732325307
NC_009632.1,DNABERT-S,24,0,0.8357664233576643,5.526752948760986,4.786108016967773,1.1547488960064145
NC_009632.1,DNABERT-S,24,100000,0.7709317303563761,5.342886447906494,4.789706230163574,1.115493558719577
NC_009632.1,DNABERT-S,24,250000,0.7692142550450837,5.421911239624023,4.799699306488037,1.1296356070254039
NC_009632.1,DNABERT-S,24,1000000,0.7683555173894375,5.3574299812316895,4.728878498077393,1.1329176639682845
NC_009632.1,DNABERT-S,48,0,0.8284671532846716,7.781423091888428,6.813490390777588,1.1420612117426607
NC_009632.1,DNABERT-S,48,100000,0.7597681408329755,7.617847919464111,6.861207962036133,1.1102779512899996
NC_009632.1,DNABERT-S,48,250000,0.7773722627737226,7.6567230224609375,6.85243034362793,1.1173733461706647
NC_009632.1,DNABERT-S,48,1000000,0.7904680120223272,7.5227556228637695,6.717185020446777,1.1199268145755812
NC_009632.1,DNABERT-2,8,0,0.7563331902103907,3.0134191513061523,2.6843678951263428,1.1225805362883474
NC_009632.1,DNABERT-2,8,100000,0.40382138256762556,2.5749142169952393,2.797170400619507,0.9205424940950887
NC_009632.1,DNABERT-2,8,250000,0.5622584800343495,2.8612592220306396,2.82011079788208,1.0145910664855657
NC_009632.1,DNABERT-2,8,1000000,0.5468012022327179,2.7790324687957764,2.7591285705566406,1.0072138349954167
NC_009632.1,DNABERT-2,16,0,0.7979819665092315,4.7047343254089355,3.965932607650757,1.1862870075837755
NC_009632.1,DNABERT-2,16,100000,0.6457707170459425,4.496718883514404,4.1117472648620605,1.0936272571863093
NC_009632.1,DNABERT-2,16,250000,0.6949334478316874,4.674465179443359,4.120345592498779,1.1344837646515313
NC_009632.1,DNABERT-2,16,1000000,0.7367969085444397,4.606757640838623,4.008677005767822,1.1491965140145395
NC_009632.1,DNABERT-2,24,0,0.8250322026620868,5.732554912567139,4.857848167419434,1.1800605360649556
NC_009632.1,DNABERT-2,24,100000,0.6554315156719622,5.439023971557617,5.001862525939941,1.0873997322698359
NC_009632.1,DNABERT-2,24,250000,0.7410905968226706,5.688510417938232,4.986684799194336,1.1407399198075012
NC_009632.1,DNABERT-2,24,1000000,0.7827393731215114,5.6475677490234375,4.850771427154541,1.1642617744073538
NC_009632.1,DNABERT-2,48,0,0.84349506225848,8.257206916809082,6.828310012817383,1.2092606957372358
NC_009632.1,DNABERT-2,48,100000,0.7687848862172606,8.06435775756836,6.981433391571045,1.1551149033814132
NC_009632.1,DNABERT-2,48,250000,0.8065693430656934,8.19644546508789,6.940505027770996,1.180958076147414
NC_009632.1,DNABERT-2,48,1000000,0.8243881494203521,8.079800605773926,6.795103073120117,1.1890622583395063
NC_009632.1,NT-v2-50M,8,0,0.5541004723057106,3.188872814178467,3.1081607341766357,1.025967794752163
NC_009632.1,NT-v2-50M,8,100000,0.4950622584800343,3.1057729721069336,3.166729211807251,0.9807510413353184
NC_009632.1,NT-v2-50M,8,250000,0.5070845856590811,3.1027727127075195,3.1499342918395996,0.9850277577998183
NC_009632.1,NT-v2-50M,8,1000000,0.45942464577071707,2.896519184112549,3.0346689224243164,0.9544761745536962
NC_009632.1,NT-v2-50M,16,0,0.6818376985830829,4.642547607421875,4.216699600219727,1.100990833489765
NC_009632.1,NT-v2-50M,16,100000,0.6195792185487333,4.509003639221191,4.3030619621276855,1.0478593334016684
NC_009632.1,NT-v2-50M,16,250000,0.6414770287677115,4.62450647354126,4.278110980987549,1.080969262857634
NC_009632.1,NT-v2-50M,16,1000000,0.6560755689136969,4.567823886871338,4.153061389923096,1.09986909848109
NC_009632.1,NT-v2-50M,24,0,0.6616573636753972,5.6978254318237305,5.155431270599365,1.1052083002866426
NC_009632.1,NT-v2-50M,24,100000,0.5817947617003005,5.559641361236572,5.239593982696533,1.061082476924162
NC_009632.1,NT-v2-50M,24,250000,0.6176470588235294,5.660861015319824,5.20430850982666,1.0877258726363188
NC_009632.1,NT-v2-50M,24,1000000,0.6303134392443108,5.526243209838867,5.063678741455078,1.091349489571068
NC_009632.1,NT-v2-50M,48,0,0.7136109918419923,7.794442653656006,7.140425682067871,1.0915935548815532
NC_009632.1,NT-v2-50M,48,100000,0.6238729068269644,7.718007564544678,7.2546892166137695,1.063864672089588
NC_009632.1,NT-v2-50M,48,250000,0.6633748389866896,7.729826927185059,7.193578720092773,1.074545400552087
NC_009632.1,NT-v2-50M,48,1000000,0.6805495920996135,7.580399513244629,7.025210857391357,1.0790280415952422
NC_009632.1,compositional,11,0,0.6477028767711465,3.2256721300687534,3.168529690722618,1.0180343708040505
NC_009512.1,DNABERT-S,8,0,0.6742506124801845,3.264772415161133,2.8324496746063232,1.1526320994970183
NC_009512.1,DNABERT-S,8,100000,0.6456802132872171,3.1032180786132812,2.822150707244873,1.0995933245686942
NC_009512.1,DNABERT-S,8,250000,0.6508682807320939,3.1760175228118896,2.8323960304260254,1.1213183074311044
NC_009512.1,DNABERT-S,8,1000000,0.6614425709756449,3.275665044784546,2.849175214767456,1.1496888741017282
NC_009512.1,DNABERT-S,16,0,0.6321155786136331,4.758392810821533,4.183292388916016,1.1374755499829021
NC_009512.1,DNABERT-S,16,100000,0.608048710188788,4.627047061920166,4.212767124176025,1.0983391499061723
NC_009512.1,DNABERT-S,16,250000,0.6095979247730221,4.690349102020264,4.220128536224365,1.1114232805374673
NC_009512.1,DNABERT-S,16,1000000,0.6081928231733679,4.712850570678711,4.22980260848999,1.114201064895831
NC_009512.1,DNABERT-S,24,0,0.6444912811644329,6.100570201873779,5.190190315246582,1.1754039507863299
NC_009512.1,DNABERT-S,24,100000,0.6438607868568959,6.030636310577393,5.21897029876709,1.1555222515832382
NC_009512.1,DNABERT-S,24,250000,0.6405822164577029,6.05399751663208,5.212358474731445,1.1614699077165829
NC_009512.1,DNABERT-S,24,1000000,0.6329262141518951,6.0416340827941895,5.197597026824951,1.1623898604707403
NC_009512.1,DNABERT-S,48,0,0.6253963107075947,8.910950660705566,7.576815128326416,1.1760813098621608
NC_009512.1,DNABERT-S,48,100000,0.6200641302781381,8.844230651855469,7.614427089691162,1.1615096641780553
NC_009512.1,DNABERT-S,48,250000,0.619397607724456,8.876811027526855,7.640086650848389,1.1618730824919552
NC_009512.1,DNABERT-S,48,1000000,0.616010952586828,8.791335105895996,7.572319030761719,1.160983190246232
NC_009512.1,DNABERT-2,8,0,0.5415765960513043,3.356531858444214,3.355393171310425,1.0003393602703627
NC_009512.1,DNABERT-2,8,100000,0.5394329154056781,3.1535227298736572,3.161146402359009,0.9975883203385764
NC_009512.1,DNABERT-2,8,250000,0.5328937887303646,3.287196397781372,3.309901237487793,0.9931403271344574
NC_009512.1,DNABERT-2,8,1000000,0.5537001008790892,3.3245275020599365,3.2556142807006836,1.021167501865246
NC_009512.1,DNABERT-2,16,0,0.5456658019887591,4.577349662780762,4.620572090148926,0.9906456545802381
NC_009512.1,DNABERT-2,16,100000,0.5275796224239804,4.400951862335205,4.44911527633667,0.989174608655876
NC_009512.1,DNABERT-2,16,250000,0.5364605850987174,4.524764537811279,4.579992771148682,0.9879414147364362
NC_009512.1,DNABERT-2,16,1000000,0.547683383772878,4.527447700500488,4.538303375244141,0.9976079883061876
NC_009512.1,DNABERT-2,24,0,0.5564742758322525,5.635716915130615,5.56156587600708,1.0133327628902908
NC_009512.1,DNABERT-2,24,100000,0.5500972762645915,5.486557483673096,5.391618728637695,1.0176085809872146
NC_009512.1,DNABERT-2,24,250000,0.5447831099582072,5.5756144523620605,5.519831657409668,1.0101058869934034
NC_009512.1,DNABERT-2,24,1000000,0.549971177403084,5.554885387420654,5.478419303894043,1.0139576909478725
NC_009512.1,DNABERT-2,48,0,0.6122820291108229,7.769833087921143,7.434794902801514,1.045063541025642
NC_009512.1,DNABERT-2,48,100000,0.6069318345582937,7.673754692077637,7.344902038574219,1.0447729121200444
NC_009512.1,DNABERT-2,48,250000,0.5989335639141087,7.718982696533203,7.447336673736572,1.0364755931814664
NC_009512.1,DNABERT-2,48,1000000,0.5998342700677332,7.671571731567383,7.389570713043213,1.038162029903363
NC_009512.1,NT-v2-50M,8,0,0.4093529326992362,2.7872891426086426,2.9305951595306396,0.9511000294749177
NC_009512.1,NT-v2-50M,8,100000,0.3641915261565067,2.7067577838897705,2.944612741470337,0.9192236879808521
NC_009512.1,NT-v2-50M,8,250000,0.39186121919584954,2.776397705078125,2.9800379276275635,0.9316652245726421
NC_009512.1,NT-v2-50M,8,1000000,0.4205937454964692,2.7859506607055664,2.9360408782958984,0.9488800654310217
NC_009512.1,NT-v2-50M,16,0,0.4388600662919729,4.083706855773926,4.224487781524658,0.9666750306708372
NC_009512.1,NT-v2-50M,16,100000,0.40283182014699526,4.007723808288574,4.200510501861572,0.9541039848638495
NC_009512.1,NT-v2-50M,16,250000,0.4175493586972186,4.054203510284424,4.240170955657959,0.9561415218116652
NC_009512.1,NT-v2-50M,16,1000000,0.4417783542297161,4.034605979919434,4.189898490905762,0.9629364502926758
NC_009512.1,NT-v2-50M,24,0,0.4757349762213575,5.117633819580078,5.182590007781982,0.9874664621155892
NC_009512.1,NT-v2-50M,24,100000,0.420990056204064,5.020752906799316,5.181193828582764,0.9690339857778814
NC_009512.1,NT-v2-50M,24,250000,0.44136402939904884,5.049868106842041,5.1977081298828125,0.9715566901129354
NC_009512.1,NT-v2-50M,24,1000000,0.470961233607148,5.033925533294678,5.148069858551025,0.9778277435247402
NC_009512.1,NT-v2-50M,48,0,0.45555915838017,7.111954689025879,7.2554121017456055,0.9802275307442272
NC_009512.1,NT-v2-50M,48,100000,0.41189292405245714,7.04310417175293,7.2611260414123535,0.9699740965222226
NC_009512.1,NT-v2-50M,48,250000,0.4268986885718403,7.047331809997559,7.289306163787842,0.9668041994185435
NC_009512.1,NT-v2-50M,48,1000000,0.4358697218619398,7.003393173217773,7.22508430480957,0.9693164643844747
NC_009512.1,compositional,11,0,0.706581083075107,6.268520029724873,3.3872218137937704,1.8506375945613018
NC_009665.1,DNABERT-S,8,0,0.5137235652636315,3.0745131969451904,3.0340940952301025,1.0133216375123735
NC_009665.1,DNABERT-S,8,100000,0.5062788890252383,2.946885585784912,2.9658312797546387,0.9936120122209737
NC_009665.1,DNABERT-S,8,250000,0.46169264122387205,3.0293121337890625,3.1295559406280518,0.96796868030457
NC_009665.1,DNABERT-S,8,1000000,0.49592997095758173,3.0484328269958496,3.0878074169158936,0.9872483660398188
NC_009665.1,DNABERT-S,16,0,0.6465414979343068,4.624300479888916,4.175878047943115,1.107383986504749
NC_009665.1,DNABERT-S,16,100000,0.6181126518591238,4.493224620819092,4.170420169830322,1.07740334015359
NC_009665.1,DNABERT-S,16,250000,0.5867386591401808,4.565073013305664,4.294032096862793,1.0631203750528304
NC_009665.1,DNABERT-S,16,1000000,0.6170900314967072,4.557689189910889,4.208792209625244,1.082897174036708
NC_009665.1,DNABERT-S,24,0,0.6311203828690637,5.855624198913574,5.365389347076416,1.0913698559647467
NC_009665.1,DNABERT-S,24,100000,0.6265799484599337,5.725103378295898,5.359560489654541,1.0682038927160087
NC_009665.1,DNABERT-S,24,250000,0.5968421483208574,5.792041778564453,5.541010856628418,1.0453041743521834
NC_009665.1,DNABERT-S,24,1000000,0.6059639219536139,5.779995441436768,5.513395309448242,1.048354982188862
NC_009665.1,DNABERT-S,48,0,0.6238802307031538,8.398921012878418,7.722648620605469,1.0875700068068004
NC_009665.1,DNABERT-S,48,100000,0.5938560968626008,8.338431358337402,7.796441555023193,1.069517586900271
NC_009665.1,DNABERT-S,48,250000,0.5742626907186976,8.359862327575684,7.965940952301025,1.049450702388256
NC_009665.1,DNABERT-S,48,1000000,0.5779032192089009,8.315351486206055,7.981841564178467,1.0417835808122702
NC_009665.1,DNABERT-2,8,0,0.37575162596637623,3.5671324729919434,3.8211982250213623,0.9335114963767684
NC_009665.1,DNABERT-2,8,100000,0.39006831104020945,3.482011556625366,3.575533151626587,0.9738440140154551
NC_009665.1,DNABERT-2,8,250000,0.37346095635456295,3.4919121265411377,3.7418622970581055,0.9332016651939646
NC_009665.1,DNABERT-2,8,1000000,0.3939951732318894,3.540299892425537,3.710735559463501,0.9540695734560494
NC_009665.1,DNABERT-2,16,0,0.3882684992023561,4.875842094421387,4.991196632385254,0.9768884004257833
NC_009665.1,DNABERT-2,16,100000,0.36908414120341965,4.8236823081970215,4.863284587860107,0.9918568862365278
NC_009665.1,DNABERT-2,16,250000,0.3590624616517364,4.834764003753662,5.014745712280273,0.9641095044787882
NC_009665.1,DNABERT-2,16,1000000,0.3786149629811429,4.857672214508057,5.015066146850586,0.9686157813807957
NC_009665.1,DNABERT-2,24,0,0.3947314598928294,5.933670520782471,5.9460601806640625,0.9979163245064553
NC_009665.1,DNABERT-2,24,100000,0.3723974311776496,5.896529674530029,5.857971668243408,1.0065821428423165
NC_009665.1,DNABERT-2,24,250000,0.36556632715670634,5.89486026763916,6.002901077270508,0.9820019007075703
NC_009665.1,DNABERT-2,24,1000000,0.38626416329201946,5.88114595413208,5.98045539855957,0.9833943340750589
NC_009665.1,DNABERT-2,48,0,0.3890047858632961,8.06031322479248,7.972833156585693,1.0109722687642757
NC_009665.1,DNABERT-2,48,100000,0.364502801979793,8.027732849121094,7.95058536529541,1.009703371548268
NC_009665.1,DNABERT-2,48,250000,0.3544811224281098,8.018153190612793,8.118617057800293,0.9876254950230747
NC_009665.1,DNABERT-2,48,1000000,0.3831144925757762,7.981568813323975,8.064199447631836,0.989753398977238
NC_009665.1,NT-v2-50M,8,0,0.32507056080500674,3.109463691711426,3.4563143253326416,0.8996472539898887
NC_009665.1,NT-v2-50M,8,100000,0.3295291855851434,3.032762289047241,3.4931817054748535,0.8681948277394221
NC_009665.1,NT-v2-50M,8,250000,0.30891315907882355,3.0415139198303223,3.5734243392944336,0.8511482631337491
NC_009665.1,NT-v2-50M,8,1000000,0.3273612304168201,3.0467145442962646,3.5787384510040283,0.8513375833435096
NC_009665.1,NT-v2-50M,16,0,0.39935370393095265,4.459122657775879,4.704046726226807,0.9479333257713226
NC_009665.1,NT-v2-50M,16,100000,0.40303513723565265,4.405276298522949,4.716980457305908,0.9339187088850082
NC_009665.1,NT-v2-50M,16,250000,0.3840553033091995,4.425954818725586,4.859150409698486,0.9108495200913568
NC_009665.1,NT-v2-50M,16,1000000,0.3822145866568495,4.431192398071289,4.90891695022583,0.9026822908192481
NC_009665.1,NT-v2-50M,24,0,0.3902319302981961,5.408941745758057,5.603222846984863,0.9653269008689613
NC_009665.1,NT-v2-50M,24,100000,0.40311694686464594,5.350958824157715,5.590563774108887,0.9571411829588933
NC_009665.1,NT-v2-50M,24,250000,0.3822554914713462,5.373495101928711,5.736963748931885,0.9366444232681713
NC_009665.1,NT-v2-50M,24,1000000,0.39051826399967277,5.373879909515381,5.770482540130615,0.931270456524723
NC_009665.1,NT-v2-50M,48,0,0.4101116701435759,7.5382161140441895,7.489163875579834,1.0065497616662258
NC_009665.1,NT-v2-50M,48,100000,0.3870413547674561,7.476624965667725,7.588487148284912,0.9852589613145132
NC_009665.1,NT-v2-50M,48,250000,0.37247924080664296,7.47529935836792,7.693006992340088,0.9717005802556868
NC_009665.1,NT-v2-50M,48,1000000,0.3885548329038328,7.46351432800293,7.700329303741455,0.9692461235880573
NC_009665.1,compositional,11,0,0.7523724792408066,7.243045651919824,3.0334375372507116,2.387735222161323
NC_009782.1,DNABERT-S,8,0,0.9367155502708416,3.596581220626831,2.6835668087005615,1.340224215386078
NC_009782.1,DNABERT-S,8,100000,0.8220372572334522,3.1929197311401367,2.701540231704712,1.1818886476938961
NC_009782.1,DNABERT-S,8,250000,0.9254855330955212,3.5742194652557373,2.712529420852661,1.3176703035103712
NC_009782.1,DNABERT-S,8,1000000,0.9096313912009513,3.495823860168457,2.6241464614868164,1.3321755898440808
NC_009782.1,DNABERT-S,16,0,0.9780684370458449,4.821847915649414,3.8301806449890137,1.2589087467604925
NC_009782.1,DNABERT-S,16,100000,0.8884925353415246,4.4985880851745605,3.8455777168273926,1.1698081319458815
NC_009782.1,DNABERT-S,16,250000,0.9589113489232395,4.906680107116699,3.8529176712036133,1.273497262552174
NC_009782.1,DNABERT-S,16,1000000,0.946360153256705,4.784511089324951,3.780916452407837,1.2654368721313547
NC_009782.1,DNABERT-S,24,0,0.9713304267406526,5.9092206954956055,4.730190753936768,1.249256320282131
NC_009782.1,DNABERT-S,24,100000,0.9154445765622936,5.668643474578857,4.791125774383545,1.1831548035927357
NC_009782.1,DNABERT-S,24,250000,0.9414717928392126,6.001018524169922,4.795095920562744,1.2514908197009857
NC_009782.1,DNABERT-S,24,1000000,0.9295811864182851,5.821208477020264,4.704719543457031,1.2373125376019407
NC_009782.1,DNABERT-S,48,0,0.9179548156956004,8.413531303405762,6.756617546081543,1.245228288566538
NC_009782.1,DNABERT-S,48,100000,0.8921918351169243,8.177644729614258,6.822274684906006,1.1986683485065401
NC_009782.1,DNABERT-S,48,250000,0.9147839873166865,8.470712661743164,6.833046913146973,1.2396684479723499
NC_009782.1,DNABERT-S,48,1000000,0.8880961817941604,8.187723159790039,6.704183101654053,1.221285730959521
NC_009782.1,DNABERT-2,8,0,0.7365570088518959,2.9224538803100586,2.591531276702881,1.1276938490312953
NC_009782.1,DNABERT-2,8,100000,0.8546703659664421,3.6287996768951416,2.712557077407837,1.3377781824826636
NC_009782.1,DNABERT-2,8,250000,0.9364513145725988,4.166418075561523,2.744840621948242,1.5179089241998573
NC_009782.1,DNABERT-2,8,1000000,0.8875677103976747,3.7067646980285645,2.6264736652374268,1.4113085339820006
NC_009782.1,DNABERT-2,16,0,0.638525564803805,3.995542526245117,3.8390636444091797,1.040759647749997
NC_009782.1,DNABERT-2,16,100000,0.7677368212445501,4.488312244415283,3.963608980178833,1.132380178483897
NC_009782.1,DNABERT-2,16,250000,0.8407979918086933,4.892476558685303,3.9910995960235596,1.225846772543539
NC_009782.1,DNABERT-2,16,1000000,0.8110714757563747,4.540322303771973,3.842242956161499,1.181685373771333
NC_009782.1,DNABERT-2,24,0,0.7335182983221034,5.196924209594727,4.800542831420898,1.082570115941764
NC_009782.1,DNABERT-2,24,100000,0.7549213898797728,5.36704683303833,4.886473178863525,1.0983477523735379
NC_009782.1,DNABERT-2,24,250000,0.8614083762716342,5.841711521148682,4.902687072753906,1.1915326094568204
NC_009782.1,DNABERT-2,24,1000000,0.8360417492403224,5.503523349761963,4.738373756408691,1.1614793666958838
NC_009782.1,DNABERT-2,48,0,0.7376139516448672,7.452683925628662,6.871874809265137,1.0845197464279237
NC_009782.1,DNABERT-2,48,100000,0.7092086140837627,7.450603008270264,6.960073947906494,1.0704775644677331
NC_009782.1,DNABERT-2,48,250000,0.7887435592548553,7.754603862762451,6.977120399475098,1.1114332874843103
NC_009782.1,DNABERT-2,48,1000000,0.7657550535077289,7.471993923187256,6.802404403686523,1.098434241742207
NC_009782.1,NT-v2-50M,8,0,0.3737613951644867,2.695751428604126,3.0139360427856445,0.8944288765041494
NC_009782.1,NT-v2-50M,8,100000,0.5139384330823095,2.9258830547332764,2.9928152561187744,0.9776357056291209
NC_009782.1,NT-v2-50M,8,250000,0.6608534813053244,3.2702019214630127,3.023458957672119,1.0816094966874863
NC_009782.1,NT-v2-50M,8,1000000,0.6435460430704188,3.0761475563049316,2.916264295578003,1.0548246813463935
NC_009782.1,NT-v2-50M,16,0,0.7037917822697847,4.630223751068115,4.16751766204834,1.1110267853771625
NC_009782.1,NT-v2-50M,16,100000,0.6070815167129079,4.438686370849609,4.188807487487793,1.0596539430633227
NC_009782.1,NT-v2-50M,16,250000,0.7623199894305721,4.856894493103027,4.220675468444824,1.1507386742749564
NC_009782.1,NT-v2-50M,16,1000000,0.7701149425287356,4.770657539367676,4.0984721183776855,1.164008782193708
NC_009782.1,NT-v2-50M,24,0,0.8038049940546967,5.663577079772949,4.993841171264648,1.1341123767335788
NC_009782.1,NT-v2-50M,24,100000,0.6792178623332012,5.424012660980225,5.037951946258545,1.076630487714038
NC_009782.1,NT-v2-50M,24,250000,0.8125247720967103,5.805630683898926,5.0566301345825195,1.1481224707723743
NC_009782.1,NT-v2-50M,24,1000000,0.8324745673140441,5.707243919372559,4.922616004943848,1.1593924680780907
NC_009782.1,NT-v2-50M,48,0,0.7043202536662703,7.625068187713623,7.099125862121582,1.074085505146244
NC_009782.1,NT-v2-50M,48,100000,0.6148764698110715,7.470472812652588,7.154263973236084,1.0441986542011077
NC_009782.1,NT-v2-50M,48,250000,0.7265160523186682,7.748244285583496,7.154353618621826,1.0830110864824813
NC_009782.1,NT-v2-50M,48,1000000,0.7290262914519752,7.600770950317383,6.999273300170898,1.085937157237709
NC_009782.1,compositional,11,0,0.7092086140837627,3.8237560034695774,3.2600291517290914,1.1729208008589402
NC_009708.1,DNABERT-S,8,0,0.4894521249359959,2.701585054397583,2.7119805812835693,0.9961668136719968
NC_009708.1,DNABERT-S,8,100000,0.4842805939580133,2.6743853092193604,2.689652442932129,0.9943237522182884
NC_009708.1,DNABERT-S,8,250000,0.4267793138760881,2.628618001937866,2.78096342086792,0.945218474365079
NC_009708.1,DNABERT-S,8,1000000,0.3833589349718382,2.5920655727386475,2.8208420276641846,0.9188978139569989
NC_009708.1,DNABERT-S,16,0,0.49539170506912444,4.069848537445068,3.9491729736328125,1.0305571735191046
NC_009708.1,DNABERT-S,16,100000,0.49979518689196106,4.057279109954834,3.9166243076324463,1.0359122528163576
NC_009708.1,DNABERT-S,16,250000,0.4297491039426523,4.025737285614014,4.0542120933532715,0.9929764878887464
NC_009708.1,DNABERT-S,16,1000000,0.3719406041986687,3.962303638458252,4.134402751922607,0.9583738876469341
NC_009708.1,DNABERT-S,24,0,0.4597030209933436,4.96982479095459,5.012836933135986,0.9914196007659701
NC_009708.1,DNABERT-S,24,100000,0.44649257552483357,4.977422714233398,4.955938339233398,1.004335077139665
NC_009708.1,DNABERT-S,24,250000,0.3926779313876088,4.929244518280029,5.096022605895996,0.9672728909359609
NC_009708.1,DNABERT-S,24,1000000,0.34121863799283153,4.862148761749268,5.163613796234131,0.9416174318256093
NC_009708.1,DNABERT-S,48,0,0.4931899641577061,7.227272033691406,7.2145490646362305,1.0017635154936488
NC_009708.1,DNABERT-S,48,100000,0.48397337429595494,7.198909759521484,7.162525177001953,1.0050798540487311
NC_009708.1,DNABERT-S,48,250000,0.42048131080389145,7.133039474487305,7.3839826583862305,0.9660151986389186
NC_009708.1,DNABERT-S,48,1000000,0.38218125960061444,7.056391716003418,7.506619930267334,0.9400225110041128
NC_009708.1,DNABERT-2,8,0,0.48540706605222733,3.541349411010742,3.3670032024383545,1.051780826476829
NC_009708.1,DNABERT-2,8,100000,0.4501280081925243,3.395672082901001,3.185515880584717,1.065972423367015
NC_009708.1,DNABERT-2,8,250000,0.44818228366615465,3.4508559703826904,3.37127685546875,1.0236050370009957
NC_009708.1,DNABERT-2,8,1000000,0.41295442908346136,3.4570271968841553,3.397139549255371,1.0176288453154394
NC_009708.1,DNABERT-2,16,0,0.47465437788018433,4.896852016448975,4.59036922454834,1.066766479319709
NC_009708.1,DNABERT-2,16,100000,0.4376856118791603,4.78743839263916,4.483948707580566,1.0676835764301928
NC_009708.1,DNABERT-2,16,250000,0.43870967741935485,4.826750755310059,4.668157577514648,1.0339733985329274
NC_009708.1,DNABERT-2,16,1000000,0.37214541730670764,4.769500255584717,4.731385231018066,1.0080557855058547
NC_009708.1,DNABERT-2,24,0,0.48509984639016895,5.812144756317139,5.426094055175781,1.0711470713953282
NC_009708.1,DNABERT-2,24,100000,0.44121863799283156,5.6629743576049805,5.342796325683594,1.0599270517541994
NC_009708.1,DNABERT-2,24,250000,0.4147465437788018,5.675254821777344,5.535612106323242,1.025226246487645
NC_009708.1,DNABERT-2,24,1000000,0.38146441372247825,5.650580406188965,5.639806747436523,1.0019102886384075
NC_009708.1,DNABERT-2,48,0,0.4430619559651818,7.866413593292236,7.494969844818115,1.0495590717727745
NC_009708.1,DNABERT-2,48,100000,0.41689708141321047,7.7416582107543945,7.431366443634033,1.0417543354205292
NC_009708.1,DNABERT-2,48,250000,0.3906810035842294,7.746325492858887,7.647319316864014,1.0129465204593384
NC_009708.1,DNABERT-2,48,1000000,0.3477726574500768,7.69187068939209,7.783771514892578,0.9881932781140023
NC_009708.1,NT-v2-50M,8,0,0.36630824372759857,3.0026979446411133,3.193439245223999,0.9402708847935178
NC_009708.1,NT-v2-50M,8,100000,0.3732206861239119,3.016582489013672,3.1822266578674316,0.9479470865331867
NC_009708.1,NT-v2-50M,8,250000,0.3625704045058884,3.0124318599700928,3.2345950603485107,0.9313165338370111
NC_009708.1,NT-v2-50M,8,1000000,0.33906810035842294,2.9581055641174316,3.2550625801086426,0.9087707198608453
NC_009708.1,NT-v2-50M,16,0,0.44265232974910396,4.469810962677002,4.4487833976745605,1.0047265877258562
NC_009708.1,NT-v2-50M,16,100000,0.47414234511008707,4.491870880126953,4.358682155609131,1.030557108722971
NC_009708.1,NT-v2-50M,16,250000,0.4266769073220686,4.456383228302002,4.498429775238037,0.9906530613932257
NC_009708.1,NT-v2-50M,16,1000000,0.37649769585253456,4.366537570953369,4.593350887298584,0.9506213825352656
NC_009708.1,NT-v2-50M,24,0,0.4626728110599078,5.428598403930664,5.376810073852539,1.009631794570906
NC_009708.1,NT-v2-50M,24,100000,0.4783410138248848,5.415768146514893,5.295424938201904,1.022725883138257
NC_009708.1,NT-v2-50M,24,250000,0.43604710701484894,5.415582180023193,5.453185081481934,0.9931044149617381
NC_009708.1,NT-v2-50M,24,1000000,0.38771121351766513,5.307337284088135,5.520973205566406,0.9613046625071686
NC_009708.1,NT-v2-50M,48,0,0.4781874039938556,7.6558837890625,7.407547950744629,1.0335247020969884
NC_009708.1,NT-v2-50M,48,100000,0.4954941116231439,7.623253345489502,7.335168838500977,1.0392744207163196
NC_009708.1,NT-v2-50M,48,250000,0.44178187403993857,7.600211143493652,7.517609596252441,1.0109877410077783
NC_009708.1,NT-v2-50M,48,1000000,0.3830005120327701,7.488239288330078,7.644790172576904,0.9795218860540608
NC_009708.1,compositional,11,0,0.5982078853046595,4.452648899936735,3.61286529190239,1.2324425463403172
NC_009783.1,DNABERT-S,8,0,0.6000479271507309,2.936248540878296,2.763643980026245,1.0624554255539136
NC_009783.1,DNABERT-S,8,100000,0.5708722741433022,2.8874385356903076,2.7619869709014893,1.0454207663216717
NC_009783.1,DNABERT-S,8,250000,0.5598190750059909,2.8881747722625732,2.781967878341675,1.0381768944018894
NC_009783.1,DNABERT-S,8,1000000,0.5570932183081716,2.860560894012451,2.771019220352173,1.032313624172155
NC_009783.1,DNABERT-S,16,0,0.6752036903906062,4.492434501647949,4.058948993682861,1.1067974760559303
NC_009783.1,DNABERT-S,16,100000,0.6739456026839205,4.472108840942383,4.05925989151001,1.1017054735263074
NC_009783.1,DNABERT-S,16,250000,0.6407560508027798,4.415816307067871,4.085801124572754,1.0807712300313261
NC_009783.1,DNABERT-S,16,1000000,0.6286244907740235,4.3197245597839355,4.041041851043701,1.0689630840294955
NC_009783.1,DNABERT-S,24,0,0.621135873472322,5.500589847564697,5.163018703460693,1.065382514279434
NC_009783.1,DNABERT-S,24,100000,0.6082854061826024,5.466206073760986,5.179294586181641,1.055395861889151
NC_009783.1,DNABERT-S,24,250000,0.5973520249221184,5.422554016113281,5.179764270782471,1.0468727402712739
NC_009783.1,DNABERT-S,24,1000000,0.5832734243949197,5.305667400360107,5.130173683166504,1.0342081434337098
NC_009783.1,DNABERT-S,48,0,0.6237419122933142,7.969944953918457,7.489438533782959,1.0641578695075813
NC_009783.1,DNABERT-S,48,100000,0.6254193625688953,7.991753578186035,7.498391151428223,1.0657957709586598
NC_009783.1,DNABERT-S,48,250000,0.6003774263120057,7.897367000579834,7.493156433105469,1.053943964880878
NC_009783.1,DNABERT-S,48,1000000,0.5749760364246346,7.6647162437438965,7.442726135253906,1.0298264512835547
NC_009783.1,DNABERT-2,8,0,0.2235202492211838,2.722766160964966,3.443861722946167,0.7906142522574002
NC_009783.1,DNABERT-2,8,100000,0.33653846153846156,2.7261264324188232,3.157362222671509,0.8634189681639353
NC_009783.1,DNABERT-2,8,250000,0.307033309369758,2.717888832092285,3.2431960105895996,0.8380279277656685
NC_009783.1,DNABERT-2,8,1000000,0.2656062784567457,2.6492760181427,3.324817419052124,0.7968184968478615
NC_009783.1,DNABERT-2,16,0,0.24760364246345554,3.9501919746398926,4.740773677825928,0.833237830592118
NC_009783.1,DNABERT-2,16,100000,0.3072429906542056,3.973674774169922,4.546847820281982,0.8739405696501815
NC_009783.1,DNABERT-2,16,250000,0.28774263120057514,3.951317310333252,4.605738162994385,0.8579118418152398
NC_009783.1,DNABERT-2,16,1000000,0.2678528636472562,3.8524324893951416,4.663066387176514,0.8261586195704559
NC_009783.1,DNABERT-2,24,0,0.2610531991373113,4.838771820068359,5.628738880157471,0.8596546976314859
NC_009783.1,DNABERT-2,24,100000,0.2993350107836089,4.861251354217529,5.49485445022583,0.8846915597587375
NC_009783.1,DNABERT-2,24,250000,0.2786963815001198,4.809737682342529,5.540633678436279,0.8680844036056127
NC_009783.1,DNABERT-2,24,1000000,0.2643781452192667,4.720613956451416,5.596630573272705,0.8434742823646788
NC_009783.1,DNABERT-2,48,0,0.31320393002635993,6.959028244018555,7.619922161102295,0.9132676288404322
NC_009783.1,DNABERT-2,48,100000,0.3267733045770429,6.958438873291016,7.550208568572998,0.9216220730980644
NC_009783.1,DNABERT-2,48,250000,0.316738557392763,6.908383369445801,7.57594633102417,0.9118838845459293
NC_009783.1,DNABERT-2,48,1000000,0.2877126767313683,6.789541721343994,7.623339653015137,0.890625635269791
NC_009783.1,NT-v2-50M,8,0,0.27033908459142103,2.73952317237854,3.304121732711792,0.8291229542956733
NC_009783.1,NT-v2-50M,8,100000,0.24161274862209442,2.661068916320801,3.293076276779175,0.8080799509823334
NC_009783.1,NT-v2-50M,8,250000,0.2494907740234843,2.677912950515747,3.291513204574585,0.8135811051263446
NC_009783.1,NT-v2-50M,8,1000000,0.25191708602923557,2.676682233810425,3.27008318901062,0.8185364344263879
NC_009783.1,NT-v2-50M,16,0,0.22573687994248742,3.980130434036255,4.641731262207031,0.8574667961591121
NC_009783.1,NT-v2-50M,16,100000,0.22163311766115504,3.9820640087127686,4.65187406539917,0.856012856911051
NC_009783.1,NT-v2-50M,16,250000,0.20159357776180206,3.9626481533050537,4.687385559082031,0.845385578668099
NC_009783.1,NT-v2-50M,16,1000000,0.19557272945123413,3.8920037746429443,4.658299922943115,0.8354987525543386
NC_009783.1,NT-v2-50M,24,0,0.2819913731128684,4.887463569641113,5.416327953338623,0.9023573926369215
NC_009783.1,NT-v2-50M,24,100000,0.26126288042175894,4.88505220413208,5.4447102546691895,0.8972106825965318
NC_009783.1,NT-v2-50M,24,250000,0.25512221423436376,4.85992956161499,5.471390724182129,0.8882439230916851
NC_009783.1,NT-v2-50M,24,1000000,0.24946081955427749,4.78902006149292,5.455346584320068,0.8778580769290946
NC_009783.1,NT-v2-50M,48,0,0.3493889288281812,6.994561672210693,7.462802886962891,0.9372566551944995
NC_009783.1,NT-v2-50M,48,100000,0.3354900551162233,7.009270668029785,7.482581615447998,0.9367449669454926
NC_009783.1,NT-v2-50M,48,250000,0.326294033069734,6.957325458526611,7.520390510559082,0.9251282162486252
NC_009783.1,NT-v2-50M,48,1000000,0.3033189551881141,6.852155685424805,7.554337024688721,0.9070492437696278
NC_009783.1,compositional,11,0,0.5455607476635514,4.336179107399696,4.094801390980244,1.058947356262783
NC_009879.1,DNABERT-S,8,0,0.5971428571428572,2.724757432937622,2.5881409645080566,1.0527855593273425
NC_009879.1,DNABERT-S,8,100000,0.4857142857142857,2.69598388671875,2.6941521167755127,1.000679905908739
NC_009879.1,DNABERT-S,8,250000,0.51,2.7200405597686768,2.6422412395477295,1.029444442489386
NC_009879.1,DNABERT-S,8,1000000,0.48,2.806201696395874,2.82942795753479,0.9917911812961824
NC_009879.1,DNABERT-S,16,0,0.31142857142857144,3.705047845840454,3.8740484714508057,0.9563762232569429
NC_009879.1,DNABERT-S,16,100000,0.2671428571428571,3.6668508052825928,3.9672019481658936,0.9242914409683232
NC_009879.1,DNABERT-S,16,250000,0.3157142857142857,3.684690475463867,3.879169225692749,0.949865876193078
NC_009879.1,DNABERT-S,16,1000000,0.12285714285714286,3.670947313308716,4.165277481079102,0.8813211916814917
NC_009879.1,DNABERT-S,24,0,0.24428571428571427,4.39229154586792,4.731619834899902,0.9282849635278949
NC_009879.1,DNABERT-S,24,100000,0.22714285714285715,4.3929033279418945,4.809279441833496,0.9134223496622476
NC_009879.1,DNABERT-S,24,250000,0.27285714285714285,4.404443740844727,4.715670108795166,0.9340016666199841
NC_009879.1,DNABERT-S,24,1000000,0.14142857142857143,4.412031173706055,5.123708248138428,0.8611011712677155
NC_009879.1,DNABERT-S,48,0,0.4685714285714286,6.885792255401611,6.991499900817871,0.9848805482491827
NC_009879.1,DNABERT-S,48,100000,0.46285714285714286,6.885260105133057,6.967133045196533,0.9882486900232337
NC_009879.1,DNABERT-S,48,250000,0.4642857142857143,6.816195487976074,6.877877235412598,0.9910318626917418
NC_009879.1,DNABERT-S,48,1000000,0.18857142857142858,6.643447399139404,7.2954254150390625,0.9106319400434625
NC_009879.1,DNABERT-2,8,0,0.08857142857142856,2.5928945541381836,3.10530424118042,0.83498889408419
NC_009879.1,DNABERT-2,8,100000,0.24857142857142858,2.5733449459075928,3.080029010772705,0.8354937362301021
NC_009879.1,DNABERT-2,8,250000,0.16714285714285715,2.524284839630127,3.0436224937438965,0.8293685714370762
NC_009879.1,DNABERT-2,8,1000000,0.05714285714285714,2.549496650695801,3.5577423572540283,0.7166051935991167
NC_009879.1,DNABERT-2,16,0,0.22,3.953299045562744,4.39155912399292,0.9002039899597895
NC_009879.1,DNABERT-2,16,100000,0.27285714285714285,3.966714859008789,4.382675647735596,0.905089762017474
NC_009879.1,DNABERT-2,16,250000,0.25142857142857145,3.8809549808502197,4.326969623565674,0.8969221692044346
NC_009879.1,DNABERT-2,16,1000000,0.12857142857142856,3.9386205673217773,4.657226085662842,0.8457009590852215
NC_009879.1,DNABERT-2,24,0,0.15142857142857144,4.813156604766846,5.48322057723999,0.8777973705353971
NC_009879.1,DNABERT-2,24,100000,0.16714285714285715,4.809965133666992,5.408111572265625,0.8893982806001817
NC_009879.1,DNABERT-2,24,250000,0.16857142857142857,4.728792667388916,5.375895023345947,0.8796289077173468
NC_009879.1,DNABERT-2,24,1000000,0.054285714285714284,4.713382244110107,5.6164140701293945,0.8392155893878952
NC_009879.1,DNABERT-2,48,0,0.28285714285714286,6.808962821960449,7.095895290374756,0.9595635988592565
NC_009879.1,DNABERT-2,48,100000,0.21857142857142858,6.8058085441589355,7.132021903991699,0.9542607462197801
NC_009879.1,DNABERT-2,48,250000,0.24,6.652507781982422,6.9889116287231445,0.9518660608959248
NC_009879.1,DNABERT-2,48,1000000,0.05285714285714286,6.561342239379883,7.5391154289245605,0.8703066428995961
NC_009879.1,NT-v2-50M,8,0,0.44,2.8877036571502686,3.0792460441589355,0.9377956862615748
NC_009879.1,NT-v2-50M,8,100000,0.42857142857142855,2.9642140865325928,3.1079905033111572,0.9537397502902955
NC_009879.1,NT-v2-50M,8,250000,0.44571428571428573,2.9399445056915283,3.0378146171569824,0.9677827241620661
NC_009879.1,NT-v2-50M,8,1000000,0.2857142857142857,2.7658090591430664,3.2245373725891113,0.8577382549988207
NC_009879.1,NT-v2-50M,16,0,0.32857142857142857,4.05772590637207,4.537261009216309,0.8943117660918817
NC_009879.1,NT-v2-50M,16,100000,0.2814285714285714,4.074774742126465,4.619864463806152,0.8820117503554192
NC_009879.1,NT-v2-50M,16,250000,0.35,4.08430290222168,4.507858753204346,0.9060405673355254
NC_009879.1,NT-v2-50M,16,1000000,0.18285714285714286,3.886662006378174,4.618399620056152,0.8415603512306972
NC_009879.1,NT-v2-50M,24,0,0.3842857142857143,5.1988325119018555,5.403939723968506,0.9620448741948541
NC_009879.1,NT-v2-50M,24,100000,0.34285714285714286,5.174248218536377,5.437190055847168,0.951640123922462
NC_009879.1,NT-v2-50M,24,250000,0.39571428571428574,5.114700794219971,5.321422576904297,0.9611529098287501
NC_009879.1,NT-v2-50M,24,1000000,0.18285714285714286,4.946262836456299,5.630943775177002,0.8784074275898482
NC_009879.1,NT-v2-50M,48,0,0.33714285714285713,7.1155829429626465,7.4673380851745605,0.9528941721668825
NC_009879.1,NT-v2-50M,48,100000,0.29,7.101667881011963,7.478752136230469,0.9495792548877589
NC_009879.1,NT-v2-50M,48,250000,0.33285714285714285,6.992692947387695,7.355438709259033,0.9506833275063915
NC_009879.1,NT-v2-50M,48,1000000,0.16,6.808061122894287,7.722291469573975,0.8816115203263464
NC_009879.1,compositional,11,0,0.8328571428571429,3.5080474418604815,2.292556312438927,1.530190304520136
NC_009800.1,DNABERT-S,8,0,0.8304214187494945,3.169935703277588,2.638273000717163,1.201519214431525
NC_009800.1,DNABERT-S,8,100000,0.8244762598074901,3.1169347763061523,2.6641030311584473,1.1699753124603434
NC_009800.1,DNABERT-S,8,250000,0.7699183046186201,3.0616602897644043,2.627293586730957,1.1653285743272845
NC_009800.1,DNABERT-S,8,1000000,0.800574294265146,3.1243464946746826,2.641653060913086,1.18272400751776
NC_009800.1,DNABERT-S,16,0,0.9109439456442611,4.6002068519592285,3.840890407562256,1.197692816983783
NC_009800.1,DNABERT-S,16,100000,0.8671438971123514,4.452849388122559,3.87803053855896,1.1482244257357488
NC_009800.1,DNABERT-S,16,250000,0.8732103858286824,4.457773685455322,3.849735736846924,1.157942775860871
NC_009800.1,DNABERT-S,16,1000000,0.8605516460406051,4.482137203216553,3.856851100921631,1.1621234748070788
NC_009800.1,DNABERT-S,24,0,0.8644341988190568,5.585020065307617,4.77816915512085,1.1688619393731698
NC_009800.1,DNABERT-S,24,100000,0.8245975895818167,5.484694957733154,4.821776390075684,1.1374843032999018
NC_009800.1,DNABERT-S,24,250000,0.8333333333333334,5.477662563323975,4.7855610847473145,1.1446228490913106
NC_009800.1,DNABERT-S,24,1000000,0.8183693278330503,5.508134365081787,4.809119701385498,1.1453518953780468
NC_009800.1,DNABERT-S,48,0,0.8019898082989566,7.932538986206055,6.861429691314697,1.1561058471891337
NC_009800.1,DNABERT-S,48,100000,0.7974601633907628,7.918957710266113,6.9104766845703125,1.1459350883778443
NC_009800.1,DNABERT-S,48,250000,0.7794224702742053,7.828611850738525,6.868268966674805,1.1398231328335209
NC_009800.1,DNABERT-S,48,1000000,0.7535792283426352,7.828531742095947,6.929708957672119,1.1297057048014565
NC_009800.1,DNABERT-2,8,0,0.5857397071908113,3.0112884044647217,2.9673686027526855,1.0148009255308874
NC_009800.1,DNABERT-2,8,100000,0.5773679527622745,2.9121575355529785,2.9215714931488037,0.9967777760640459
NC_009800.1,DNABERT-2,8,250000,0.5587640540321929,2.8923933506011963,2.9455981254577637,0.9819375309901451
NC_009800.1,DNABERT-2,8,1000000,0.5068753538785085,2.835947275161743,2.9488637447357178,0.9617084818599869
NC_009800.1,DNABERT-2,16,0,0.6199142602928092,4.268790245056152,4.099813461303711,1.0412157248975684
NC_009800.1,DNABERT-2,16,100000,0.605920892987139,4.187589168548584,4.078436374664307,1.026763392598778
NC_009800.1,DNABERT-2,16,250000,0.6037369570492599,4.192885398864746,4.0860137939453125,1.0261554684611678
NC_009800.1,DNABERT-2,16,1000000,0.5492598883766077,4.121777534484863,4.124256134033203,0.9993990190066309
NC_009800.1,DNABERT-2,24,0,0.6462428213216856,5.190083980560303,4.987449645996094,1.0406288481983739
NC_009800.1,DNABERT-2,24,100000,0.6085901480223247,5.066815376281738,4.977285385131836,1.017987715033851
NC_009800.1,DNABERT-2,24,250000,0.6230688344253013,5.121559143066406,4.984233379364014,1.027552033231621
NC_009800.1,DNABERT-2,24,1000000,0.565396748362048,4.997862815856934,5.023492813110352,0.9948979727438788
NC_009800.1,DNABERT-2,48,0,0.6970799967645394,7.300589561462402,6.992403030395508,1.0440744805079496
NC_009800.1,DNABERT-2,48,100000,0.622866618134757,7.118095874786377,7.0181965827941895,1.0142343251309176
NC_009800.1,DNABERT-2,48,250000,0.6341098438890237,7.159244060516357,6.996762275695801,1.0232224246613264
NC_009800.1,DNABERT-2,48,1000000,0.6100056620561353,7.134195804595947,7.041285037994385,1.013195143514319
NC_009800.1,NT-v2-50M,8,0,0.3865971042627194,2.6365997791290283,2.8712103366851807,0.9182886204613588
NC_009800.1,NT-v2-50M,8,100000,0.39921540079268786,2.6587624549865723,2.9003477096557617,0.9167047268626068
NC_009800.1,NT-v2-50M,8,250000,0.3658901561109763,2.5846333503723145,2.8770720958709717,0.8983554336652354
NC_009800.1,NT-v2-50M,8,1000000,0.35173501577287064,2.561918258666992,2.8732078075408936,0.8916578369107502
NC_009800.1,NT-v2-50M,16,0,0.4834991506915797,4.011501789093018,4.100971221923828,0.9781833551153672
NC_009800.1,NT-v2-50M,16,100000,0.4475450942327914,4.012495040893555,4.155666351318359,0.9655479294242705
NC_009800.1,NT-v2-50M,16,250000,0.4603656070533042,3.9603874683380127,4.103729248046875,0.965070361360442
NC_009800.1,NT-v2-50M,16,1000000,0.4381622583515328,3.9441630840301514,4.125366687774658,0.956075758239505
NC_009800.1,NT-v2-50M,24,0,0.6098034457655909,5.19019079208374,5.010222911834717,1.0359201343764404
NC_009800.1,NT-v2-50M,24,100000,0.5596942489686969,5.155804634094238,5.063122272491455,1.018305376922524
NC_009800.1,NT-v2-50M,24,250000,0.5830300088975168,5.148430824279785,5.015214443206787,1.0265624496383086
NC_009800.1,NT-v2-50M,24,1000000,0.5613928658092696,5.145349502563477,5.044134616851807,1.0200658573570824
NC_009800.1,NT-v2-50M,48,0,0.5586022809997574,7.112864017486572,7.057974338531494,1.0077769734377497
NC_009800.1,NT-v2-50M,48,100000,0.5050554072636092,7.084362506866455,7.126741886138916,0.9940534707234331
NC_009800.1,NT-v2-50M,48,250000,0.5189274447949527,7.054465293884277,7.079797744750977,0.9964218679996217
NC_009800.1,NT-v2-50M,48,1000000,0.5002831028067621,7.023796081542969,7.098660469055176,0.9894537303427091
NC_009800.1,compositional,11,0,0.6819137749737119,3.9228538041271896,3.2330519779513662,1.213359336899037
NC_009900.1,DNABERT-S,8,0,1.0,3.029506206512451,2.555251121520996,1.1856001866106836
NC_009900.1,DNABERT-S,8,100000,0.2755681818181818,2.3075075149536133,2.5260627269744873,0.9134798951399589
NC_009900.1,DNABERT-S,8,250000,0.8295454545454546,2.749000072479248,2.484438896179199,1.1064872944578816
NC_009900.1,DNABERT-S,8,1000000,0.7897727272727273,2.9858713150024414,2.641826868057251,1.1302297478707204
NC_009900.1,DNABERT-S,16,0,0.9147727272727273,4.224498748779297,3.784742832183838,1.1161917562419201
NC_009900.1,DNABERT-S,16,100000,0.5113636363636364,3.8059780597686768,3.769700527191162,1.009623452132561
NC_009900.1,DNABERT-S,16,250000,0.7130681818181818,3.9293975830078125,3.7436845302581787,1.0496070251776333
NC_009900.1,DNABERT-S,16,1000000,0.5482954545454546,4.103726387023926,4.103625774383545,1.000024517986267
NC_009900.1,DNABERT-S,24,0,0.8267045454545454,5.288039207458496,4.78590202331543,1.1049200718478585
NC_009900.1,DNABERT-S,24,100000,0.5142045454545454,4.802817344665527,4.749914646148682,1.0111376103483753
NC_009900.1,DNABERT-S,24,250000,0.7556818181818182,4.9848313331604,4.692346572875977,1.0623323012786665
NC_009900.1,DNABERT-S,24,1000000,0.4715909090909091,5.088371276855469,5.068597793579102,1.003901174265872
NC_009900.1,DNABERT-S,48,0,0.9886363636363636,7.864460468292236,6.509981155395508,1.2080619406669293
NC_009900.1,DNABERT-S,48,100000,0.9375,7.404609680175781,6.535676956176758,1.132952214411058
NC_009900.1,DNABERT-S,48,250000,0.9659090909090909,7.5678839683532715,6.391237258911133,1.1841031183440376
NC_009900.1,DNABERT-S,48,1000000,0.8892045454545454,7.631841659545898,6.73876953125,1.1325274776284326
NC_009900.1,DNABERT-2,8,0,0.29545454545454547,2.723583698272705,3.183583974838257,0.8555086719240939
NC_009900.1,DNABERT-2,8,100000,0.2556818181818182,2.476428508758545,2.895953893661499,0.8551339557507501
NC_009900.1,DNABERT-2,8,250000,0.2784090909090909,2.505018711090088,2.917250633239746,0.8586916333301623
NC_009900.1,DNABERT-2,8,1000000,0.13920454545454544,2.583214282989502,3.4227890968322754,0.7547103283051289
NC_009900.1,DNABERT-2,16,0,0.5568181818181818,4.615108966827393,4.540746688842773,1.0163766629324065
NC_009900.1,DNABERT-2,16,100000,0.48011363636363635,4.226150035858154,4.314976215362549,0.9794144451623747
NC_009900.1,DNABERT-2,16,250000,0.5482954545454546,4.362686634063721,4.315471172332764,1.0109409748890605
NC_009900.1,DNABERT-2,16,1000000,0.2528409090909091,4.306685447692871,4.763082504272461,0.9041803168074027
NC_009900.1,DNABERT-2,24,0,0.5681818181818182,5.5861334800720215,5.400845527648926,1.0343072119864452
NC_009900.1,DNABERT-2,24,100000,0.46875,5.067569732666016,5.22490119934082,0.9698881451203989
NC_009900.1,DNABERT-2,24,250000,0.5880681818181818,5.289254665374756,5.217023849487305,1.013845214814295
NC_009900.1,DNABERT-2,24,1000000,0.2897727272727273,5.209532260894775,5.639567852020264,0.9237467120869134
NC_009900.1,DNABERT-2,48,0,0.625,7.621573448181152,7.247804641723633,1.0515699339225888
NC_009900.1,DNABERT-2,48,100000,0.5028409090909091,7.215542793273926,7.2079267501831055,1.0010566204894669
NC_009900.1,DNABERT-2,48,250000,0.6732954545454546,7.347819805145264,7.096249103546143,1.0354512218960021
NC_009900.1,DNABERT-2,48,1000000,0.4147727272727273,7.332590103149414,7.524202346801758,0.9745338794970353
NC_009900.1,NT-v2-50M,8,0,0.35795454545454547,2.9337172508239746,3.1480906009674072,0.9319036910571901
NC_009900.1,NT-v2-50M,8,100000,0.3664772727272727,2.9425811767578125,3.176978826522827,0.9262199521733796
NC_009900.1,NT-v2-50M,8,250000,0.3352272727272727,2.8766565322875977,3.167984962463379,0.9080398317455243
NC_009900.1,NT-v2-50M,8,1000000,0.3806818181818182,2.8873000144958496,3.263070583343506,0.8848414218295508
NC_009900.1,NT-v2-50M,16,0,0.8835227272727273,5.3229660987854,4.500277042388916,1.1828085357073417
NC_009900.1,NT-v2-50M,16,100000,0.6022727272727273,4.831301689147949,4.5369439125061035,1.0648801885847536
NC_009900.1,NT-v2-50M,16,250000,0.8153409090909091,5.056928634643555,4.487769603729248,1.126824476559881
NC_009900.1,NT-v2-50M,16,1000000,0.7272727272727273,4.980541706085205,4.671972274780273,1.0660469311794971
NC_009900.1,NT-v2-50M,24,0,0.9431818181818182,6.312275409698486,5.194075107574463,1.2152838145319393
NC_009900.1,NT-v2-50M,24,100000,0.8125,5.768102645874023,5.192066192626953,1.1109455141510092
NC_009900.1,NT-v2-50M,24,250000,0.9232954545454546,6.021096229553223,5.151276588439941,1.1688551616632772
NC_009900.1,NT-v2-50M,24,1000000,0.8778409090909091,5.981480598449707,5.425882339477539,1.1023977713135715
NC_009900.1,NT-v2-50M,48,0,0.9147727272727273,8.409463882446289,7.44672966003418,1.1292828216363222
NC_009900.1,NT-v2-50M,48,100000,0.7954545454545454,8.046117782592773,7.3964996337890625,1.0878277808378565
NC_009900.1,NT-v2-50M,48,250000,0.8863636363636364,8.147661209106445,7.345927715301514,1.1091398561048902
NC_009900.1,NT-v2-50M,48,1000000,0.7130681818181818,7.948224067687988,7.549088001251221,1.0528720908235025
NC_009900.1,compositional,11,0,1.0,6.466589362674506,2.101845365194962,3.076624698351528
NC_009801.1,DNABERT-S,8,0,0.7768239790993681,3.0411465167999268,2.680987596511841,1.1343381523870826
NC_009801.1,DNABERT-S,8,100000,0.5890786476364526,2.7943716049194336,2.705446720123291,1.0328688360908065
NC_009801.1,DNABERT-S,8,250000,0.6765678691393933,2.920614242553711,2.6907131671905518,1.0854424314588704
NC_009801.1,DNABERT-S,8,1000000,0.7497844300588152,2.9993135929107666,2.700744152069092,1.1105508052708122
NC_009801.1,DNABERT-S,16,0,0.9018802846810209,4.718359470367432,3.8868017196655273,1.2139439597586323
NC_009801.1,DNABERT-S,16,100000,0.7591021994568925,4.406594753265381,3.9029736518859863,1.1290352296219155
NC_009801.1,DNABERT-S,16,250000,0.8491653904068158,4.560952663421631,3.89492130279541,1.170999953233511
NC_009801.1,DNABERT-S,16,1000000,0.8659605410483777,4.6314191818237305,3.916410446166992,1.182567365061678
NC_009801.1,DNABERT-S,24,0,0.9094348850079149,5.961065292358398,4.7535400390625,1.2540265241005624
NC_009801.1,DNABERT-S,24,100000,0.8188440303213601,5.70400857925415,4.804110050201416,1.1873184668230083
NC_009801.1,DNABERT-S,24,250000,0.8748664753349378,5.8365559577941895,4.778835296630859,1.2213344037843357
NC_009801.1,DNABERT-S,24,1000000,0.8824596852035367,5.867082595825195,4.800697326660156,1.2221313273059276
NC_009801.1,DNABERT-S,48,0,0.8913656194900966,8.386534690856934,6.841966152191162,1.2257492224177575
NC_009801.1,DNABERT-S,48,100000,0.8076215235325157,8.168928146362305,6.8983354568481445,1.1841883012883654
NC_009801.1,DNABERT-S,48,250000,0.8460894969176715,8.246824264526367,6.8715949058532715,1.200132484163417
NC_009801.1,DNABERT-S,48,1000000,0.8446480740273613,8.261530876159668,6.920189380645752,1.1938301716518558
NC_009801.1,DNABERT-2,8,0,0.701998687275582,3.7209038734436035,3.0572493076324463,1.2170757105592724
NC_009801.1,DNABERT-2,8,100000,0.648987786514974,3.3801331520080566,3.0136237144470215,1.1216175184061714
NC_009801.1,DNABERT-2,8,250000,0.676773786695152,3.562591791152954,3.0080251693725586,1.1843623608694978
NC_009801.1,DNABERT-2,8,1000000,0.6762203832640507,3.596067428588867,3.0345606803894043,1.185037245037858
NC_009801.1,DNABERT-2,16,0,0.6988198350085585,4.987773895263672,4.199229717254639,1.187783053346404
NC_009801.1,DNABERT-2,16,100000,0.6544960811315169,4.695700168609619,4.1676812171936035,1.126693699421562
NC_009801.1,DNABERT-2,16,250000,0.678395387446751,4.848827362060547,4.170764923095703,1.1625750795040157
NC_009801.1,DNABERT-2,16,1000000,0.6680222905754108,4.862975597381592,4.209542751312256,1.1552265613327335
NC_009801.1,DNABERT-2,24,0,0.6843026473275762,5.884579658508301,5.080690383911133,1.1582244171270148
NC_009801.1,DNABERT-2,24,100000,0.6386146896436339,5.605759620666504,5.073517799377441,1.104905874451524
NC_009801.1,DNABERT-2,24,250000,0.6583312956075211,5.736599445343018,5.083073139190674,1.1285691329352774
NC_009801.1,DNABERT-2,24,1000000,0.641716322827248,5.735104560852051,5.127954483032227,1.1184000520731627
NC_009801.1,DNABERT-2,48,0,0.782036267229508,8.254583358764648,6.986263751983643,1.1815447643843802
NC_009801.1,DNABERT-2,48,100000,0.7562193536762719,8.031696319580078,7.008939266204834,1.1459218027907154
NC_009801.1,DNABERT-2,48,250000,0.7575706876359377,8.132935523986816,7.006627082824707,1.1607490205841011
NC_009801.1,DNABERT-2,48,1000000,0.7323843965972124,8.098422050476074,7.0497541427612305,1.148752408449822
NC_009801.1,NT-v2-50M,8,0,0.3839204128646993,2.6807568073272705,2.959367513656616,0.9058546446010376
NC_009801.1,NT-v2-50M,8,100000,0.35076768638756256,2.6182053089141846,2.9975943565368652,0.8734354944339465
NC_009801.1,NT-v2-50M,8,250000,0.34908173639978896,2.601533889770508,2.9686734676361084,0.8763287435051097
NC_009801.1,NT-v2-50M,8,1000000,0.35218336958340307,2.6180942058563232,2.9804203510284424,0.8784311934230712
NC_009801.1,NT-v2-50M,16,0,0.5948700788921636,4.402893543243408,4.149875164031982,1.060970118186783
NC_009801.1,NT-v2-50M,16,100000,0.5029150203987078,4.224836826324463,4.18998908996582,1.0083169038416104
NC_009801.1,NT-v2-50M,16,250000,0.5607392440251734,4.303429126739502,4.149456024169922,1.037106816332722
NC_009801.1,NT-v2-50M,16,1000000,0.5508938108904647,4.3181376457214355,4.187867641448975,1.0311065237552226
NC_009801.1,NT-v2-50M,24,0,0.6423469453417588,5.459991455078125,5.052013397216797,1.080755537601323
NC_009801.1,NT-v2-50M,24,100000,0.5557328734507921,5.288784980773926,5.104560852050781,1.0360901033531869
NC_009801.1,NT-v2-50M,24,250000,0.6052560456107386,5.366269588470459,5.070355415344238,1.058361623374706
NC_009801.1,NT-v2-50M,24,1000000,0.5953591330870902,5.37636661529541,5.116678237915039,1.050753314026287
NC_009801.1,NT-v2-50M,48,0,0.6632218375567882,7.532930850982666,7.116179466247559,1.0585639227779151
NC_009801.1,NT-v2-50M,48,100000,0.5900696258735408,7.390843868255615,7.16202974319458,1.0319482232363606
NC_009801.1,NT-v2-50M,48,250000,0.6180358039150076,7.4195756912231445,7.1365742683410645,1.0396550799082296
NC_009801.1,NT-v2-50M,48,1000000,0.5993230460354435,7.42331075668335,7.1925835609436035,1.03207848665014
NC_009801.1,compositional,11,0,0.7728343264565449,4.645895448272535,2.999291416213828,1.548997680971363
NC_010084.1,DNABERT-S,8,0,0.9982927553444181,5.0074310302734375,2.727172374725342,1.8361256063902982
NC_010084.1,DNABERT-S,8,100000,0.8441706254948536,3.929194688796997,2.7820212841033936,1.4123524903452784
NC_010084.1,DNABERT-S,8,250000,0.9969319081551861,4.676898002624512,2.732076644897461,1.7118472907263709
NC_010084.1,DNABERT-S,8,1000000,0.9946060965954078,4.8338751792907715,2.7522780895233154,1.7563178654406906
NC_010084.1,DNABERT-S,16,0,0.9975752177355502,7.38528299331665,3.918516159057617,1.8847141860690382
NC_010084.1,DNABERT-S,16,100000,0.9915874901029296,6.580080032348633,3.9723572731018066,1.6564673265681844
NC_010084.1,DNABERT-S,16,250000,0.9973772763262074,7.07009744644165,3.9367194175720215,1.7959363359459704
NC_010084.1,DNABERT-S,16,1000000,0.9953483768804434,7.102243900299072,3.9431891441345215,1.8011420808620435
NC_010084.1,DNABERT-S,24,0,0.9994804038004751,9.056981086730957,4.787365436553955,1.8918507907452244
NC_010084.1,DNABERT-S,24,100000,0.997451504354711,8.296567916870117,4.8401618003845215,1.7141096225772876
NC_010084.1,DNABERT-S,24,250000,0.9993072050673001,8.780848503112793,4.806680679321289,1.8268008817162913
NC_010084.1,DNABERT-S,24,1000000,0.9991340063341251,8.70168685913086,4.811835289001465,1.8083925023411602
NC_010084.1,DNABERT-S,48,0,0.9985649247822644,12.788273811340332,6.803061008453369,1.8797823208479003
NC_010084.1,DNABERT-S,48,100000,0.9975257323832145,12.12261962890625,6.865075588226318,1.7658392064461284
NC_010084.1,DNABERT-S,48,250000,0.9985649247822644,12.490891456604004,6.81429386138916,1.8330426762748406
NC_010084.1,DNABERT-S,48,1000000,0.9981442992874109,12.271794319152832,6.808613300323486,1.802392613275567
NC_010084.1,DNABERT-2,8,0,0.9688737133808393,4.514637470245361,2.7447330951690674,1.64483660658716
NC_010084.1,DNABERT-2,8,100000,0.7961698337292161,3.9360885620117188,2.764673948287964,1.4237080522457841
NC_010084.1,DNABERT-2,8,250000,0.9448980601741884,4.340667247772217,2.727262258529663,1.5915841002076498
NC_010084.1,DNABERT-2,8,1000000,0.9536322248614411,4.374496936798096,2.70866322517395,1.6150021516673287
NC_010084.1,DNABERT-2,16,0,0.9319328978622328,5.702404499053955,3.9335219860076904,1.4496943246633747
NC_010084.1,DNABERT-2,16,100000,0.8100752177355502,5.152879238128662,3.9604289531707764,1.3010911946806147
NC_010084.1,DNABERT-2,16,250000,0.9023159144893111,5.485703945159912,3.9294936656951904,1.3960332836392046
NC_010084.1,DNABERT-2,16,1000000,0.9088479809976246,5.49736213684082,3.914853096008301,1.4042320368154024
NC_010084.1,DNABERT-2,24,0,0.9438093824228029,6.897054672241211,4.858111381530762,1.4196987534007486
NC_010084.1,DNABERT-2,24,100000,0.8916765637371338,6.3962531089782715,4.873766899108887,1.3123838791198148
NC_010084.1,DNABERT-2,24,250000,0.9346545922406968,6.697634220123291,4.841821193695068,1.383288219904698
NC_010084.1,DNABERT-2,24,1000000,0.9223822248614411,6.645556926727295,4.838719844818115,1.3734122122908519
NC_010084.1,DNABERT-2,48,0,0.9536074821852731,9.087939262390137,6.880919456481934,1.3207448975193505
NC_010084.1,DNABERT-2,48,100000,0.9021427157561361,8.631831169128418,6.9060378074646,1.2498963095450248
NC_010084.1,DNABERT-2,48,250000,0.9376237133808393,8.865979194641113,6.86478853225708,1.2915152670735015
NC_010084.1,DNABERT-2,48,1000000,0.9132026920031671,8.789650917053223,6.862266540527344,1.280867023328675
NC_010084.1,NT-v2-50M,8,0,0.6482333729216152,2.981823205947876,2.741283893585205,1.0877469542375926
NC_010084.1,NT-v2-50M,8,100000,0.4729562549485352,2.6822617053985596,2.7967021465301514,0.9590802183659146
NC_010084.1,NT-v2-50M,8,250000,0.5874901029295329,2.8897674083709717,2.7444052696228027,1.0529667175461108
NC_010084.1,NT-v2-50M,8,1000000,0.6155482977038796,2.8942806720733643,2.7379238605499268,1.0571078011979604
NC_010084.1,NT-v2-50M,16,0,0.8288549089469517,4.626650333404541,3.9507224559783936,1.1710896892803253
NC_010084.1,NT-v2-50M,16,100000,0.6174287410926366,4.26116943359375,4.01393985748291,1.0615927455041327
NC_010084.1,NT-v2-50M,16,250000,0.7553939034045922,4.480585098266602,3.9682459831237793,1.1291097168173814
NC_010084.1,NT-v2-50M,16,1000000,0.7689034045922407,4.450572490692139,3.9473142623901367,1.1274938337433702
NC_010084.1,NT-v2-50M,24,0,0.8448386777513855,5.64279317855835,4.880654335021973,1.1561550544703645
NC_010084.1,NT-v2-50M,24,100000,0.6704028107680127,5.264968395233154,4.919546127319336,1.0702142553345748
NC_010084.1,NT-v2-50M,24,250000,0.755938242280285,5.462013244628906,4.895185947418213,1.1157928020098289
NC_010084.1,NT-v2-50M,24,1000000,0.7873366983372921,5.44603967666626,4.869233131408691,1.1184594226012539
NC_010084.1,NT-v2-50M,48,0,0.8552553444180523,7.968719959259033,6.908796787261963,1.153416463768524
NC_010084.1,NT-v2-50M,48,100000,0.6802132818685669,7.551947116851807,6.9723968505859375,1.083120665487818
NC_010084.1,NT-v2-50M,48,250000,0.7765736342042755,7.771451950073242,6.9312825202941895,1.1212141371123034
NC_010084.1,NT-v2-50M,48,1000000,0.7873119556611243,7.748311519622803,6.913024425506592,1.120828025868721
NC_010084.1,compositional,11,0,0.9508857878068092,9.395946722440753,2.874880525792304,3.268291199632121
NC_009901.1,DNABERT-S,8,0,0.6038105413105413,2.9767444133758545,2.861647844314575,1.0402203818649276
NC_009901.1,DNABERT-S,8,100000,0.6105769230769231,2.9048850536346436,2.7629289627075195,1.051378842106753
NC_009901.1,DNABERT-S,8,250000,0.6130104463437797,2.9486684799194336,2.8087987899780273,1.0497969774269593
NC_009901.1,DNABERT-S,8,1000000,0.6212013295346629,2.9948387145996094,2.876009702682495,1.0413173195508627
NC_009901.1,DNABERT-S,16,0,0.5495607787274454,4.230929851531982,4.164852619171143,1.0158654431267702
NC_009901.1,DNABERT-S,16,100000,0.5325261158594492,4.169944763183594,4.119208812713623,1.0123169163732069
NC_009901.1,DNABERT-S,16,250000,0.5565645773979108,4.216892242431641,4.151482105255127,1.0157558518905128
NC_009901.1,DNABERT-S,16,1000000,0.5714031339031339,4.289663314819336,4.224992275238037,1.0153067829165807
NC_009901.1,DNABERT-S,24,0,0.5899216524216524,5.402316093444824,5.209694862365723,1.0369736109633938
NC_009901.1,DNABERT-S,24,100000,0.5629748338081672,5.297579288482666,5.153212547302246,1.0280149013562419
NC_009901.1,DNABERT-S,24,250000,0.5936609686609686,5.372025012969971,5.189069747924805,1.0352578157420862
NC_009901.1,DNABERT-S,24,1000000,0.6134259259259259,5.483527660369873,5.2830634117126465,1.0379446985650018
NC_009901.1,DNABERT-S,48,0,0.5668328584995251,7.63782262802124,7.4637064933776855,1.0233283737507688
NC_009901.1,DNABERT-S,48,100000,0.5415479582146249,7.559728145599365,7.433476448059082,1.016984206302725
NC_009901.1,DNABERT-S,48,250000,0.570275403608737,7.631513595581055,7.4549994468688965,1.0236772852862241
NC_009901.1,DNABERT-S,48,1000000,0.5972222222222222,7.70926570892334,7.527423858642578,1.0241572487076014
NC_009901.1,DNABERT-2,8,0,0.4442663817663818,2.933943510055542,3.277712345123291,0.8951192786703135
NC_009901.1,DNABERT-2,8,100000,0.38182573599240266,2.6702728271484375,3.0199177265167236,0.884220389086037
NC_009901.1,DNABERT-2,8,250000,0.46118233618233617,2.8641467094421387,3.1130712032318115,0.9200389334072238
NC_009901.1,DNABERT-2,8,1000000,0.5062321937321937,3.0221540927886963,3.1904525756835938,0.9472493387998919
NC_009901.1,DNABERT-2,16,0,0.44290123456790126,4.090575695037842,4.365527153015137,0.937017581533677
NC_009901.1,DNABERT-2,16,100000,0.3717355175688509,3.841169595718384,4.2142767906188965,0.9114659018764357
NC_009901.1,DNABERT-2,16,250000,0.42687559354226023,3.9850032329559326,4.287227630615234,0.9295058663316341
NC_009901.1,DNABERT-2,16,1000000,0.4594610636277303,4.135168075561523,4.347214221954346,0.9512225219263535
NC_009901.1,DNABERT-2,24,0,0.4716286799620133,5.051210880279541,5.265847206115723,0.959239925232372
NC_009901.1,DNABERT-2,24,100000,0.3984449192782526,4.821242332458496,5.154099464416504,0.9354189545126114
NC_009901.1,DNABERT-2,24,250000,0.45886752136752135,4.971460819244385,5.226062774658203,0.9512822623087474
NC_009901.1,DNABERT-2,24,1000000,0.47127255460588796,5.096307754516602,5.296854019165039,0.962138608328109
NC_009901.1,DNABERT-2,48,0,0.507775403608737,7.15321683883667,7.286345481872559,0.9817290240536776
NC_009901.1,DNABERT-2,48,100000,0.47851377018043684,7.024447917938232,7.1920294761657715,0.976698988959528
NC_009901.1,DNABERT-2,48,250000,0.5137108262108262,7.147410869598389,7.256199359893799,0.9850075108331916
NC_009901.1,DNABERT-2,48,1000000,0.5197649572649573,7.30286169052124,7.402406215667725,0.9865524098183384
NC_009901.1,NT-v2-50M,8,0,0.43316714150047486,3.097787618637085,3.3424649238586426,0.9267973454335925
NC_009901.1,NT-v2-50M,8,100000,0.3945275403608737,3.047799825668335,3.350774049758911,0.9095808253282923
NC_009901.1,NT-v2-50M,8,250000,0.39725783475783477,3.043290376663208,3.3964250087738037,0.8960275492029526
NC_009901.1,NT-v2-50M,8,1000000,0.4154202279202279,3.117969274520874,3.3963847160339355,0.9180259408780476
NC_009901.1,NT-v2-50M,16,0,0.511633428300095,4.544434547424316,4.553792476654053,0.9979450251021074
NC_009901.1,NT-v2-50M,16,100000,0.49632003798670465,4.5030927658081055,4.55344820022583,0.9889412523864383
NC_009901.1,NT-v2-50M,16,250000,0.46937321937321935,4.437290191650391,4.633120059967041,0.9577326152178229
NC_009901.1,NT-v2-50M,16,1000000,0.4997625830959164,4.53216552734375,4.639932155609131,0.9767740939627525
NC_009901.1,NT-v2-50M,24,0,0.4779202279202279,5.390642166137695,5.465982437133789,0.9862165179155606
NC_009901.1,NT-v2-50M,24,100000,0.45447530864197533,5.359455585479736,5.512003421783447,0.9723244300428331
NC_009901.1,NT-v2-50M,24,250000,0.4412986704653371,5.303200721740723,5.5410332679748535,0.9570779429156804
NC_009901.1,NT-v2-50M,24,1000000,0.469017094017094,5.382785797119141,5.518509864807129,0.9754056672882777
NC_009901.1,NT-v2-50M,48,0,0.4729938271604938,7.417055130004883,7.437420845031738,0.997261723458817
NC_009901.1,NT-v2-50M,48,100000,0.44764957264957267,7.407528400421143,7.5067877769470215,0.9867773834194834
NC_009901.1,NT-v2-50M,48,250000,0.452991452991453,7.391008377075195,7.509808540344238,0.984180666839797
NC_009901.1,NT-v2-50M,48,1000000,0.4595797720797721,7.43284273147583,7.574955463409424,0.9812391330061193
NC_009901.1,compositional,11,0,0.6459227467811158,5.109909354561574,3.271691787273219,1.561855360104202
NC_009997.1,DNABERT-S,8,0,0.5686488388458831,3.0263671875,2.9145960807800293,1.0383487466606547
NC_009997.1,DNABERT-S,8,100000,0.5983814215341309,2.8770124912261963,2.7658185958862305,1.0402028880366019
NC_009997.1,DNABERT-S,8,250000,0.5481703026038002,2.960071563720703,2.888808488845825,1.0246686740052298
NC_009997.1,DNABERT-S,8,1000000,0.532054890921886,3.013648271560669,2.966430902481079,1.0159172320650038
NC_009997.1,DNABERT-S,16,0,0.6009852216748769,4.42096471786499,4.222560405731201,1.0469867315253794
NC_009997.1,DNABERT-S,16,100000,0.5861013370865588,4.301581382751465,4.151296615600586,1.036201886077258
NC_009997.1,DNABERT-S,16,250000,0.5563335679099226,4.338374614715576,4.227382183074951,1.0262555943214697
NC_009997.1,DNABERT-S,16,1000000,0.5726600985221675,4.403369426727295,4.26844596862793,1.0316095035736708
NC_009997.1,DNABERT-S,24,0,0.5758620689655173,5.547053813934326,5.25585412979126,1.0554048261142726
NC_009997.1,DNABERT-S,24,100000,0.5880014074595356,5.477905750274658,5.18484354019165,1.0565228647328044
NC_009997.1,DNABERT-S,24,250000,0.5621393384940183,5.495327472686768,5.288758754730225,1.039058071569589
NC_009997.1,DNABERT-S,24,1000000,0.5513722730471499,5.514467239379883,5.35038423538208,1.030667517841564
NC_009997.1,DNABERT-S,48,0,0.5709007741027445,8.003449440002441,7.589996337890625,1.0544734257706798
NC_009997.1,DNABERT-S,48,100000,0.5763546798029556,7.9394659996032715,7.512121200561523,1.0568873674468677
NC_009997.1,DNABERT-S,48,250000,0.5555594651653765,7.945812702178955,7.6477861404418945,1.038968997859535
NC_009997.1,DNABERT-S,48,1000000,0.5273399014778325,7.943024158477783,7.836796283721924,1.013555012904509
NC_009997.1,DNABERT-2,8,0,0.3762491203377903,3.136519193649292,3.932485580444336,0.7975920393063192
NC_009997.1,DNABERT-2,8,100000,0.4242786769880366,2.9879744052886963,3.390901803970337,0.881173970237103
NC_009997.1,DNABERT-2,8,250000,0.43124560168895143,3.050489664077759,3.706490993499756,0.8230128359754666
NC_009997.1,DNABERT-2,8,1000000,0.42902885292047854,3.1322290897369385,3.718047857284546,0.8424391535467064
NC_009997.1,DNABERT-2,16,0,0.35182969739619985,4.210555076599121,5.087214946746826,0.8276739081551269
NC_009997.1,DNABERT-2,16,100000,0.37304714989444054,4.1013503074646,4.603533744812012,0.8909134883798013
NC_009997.1,DNABERT-2,16,250000,0.3629134412385644,4.175536632537842,4.967617511749268,0.8405511540818071
NC_009997.1,DNABERT-2,16,1000000,0.3665024630541872,4.223360061645508,5.030415058135986,0.8395649291035775
NC_009997.1,DNABERT-2,24,0,0.363652357494722,5.2008771896362305,5.969949722290039,0.8711760452885696
NC_009997.1,DNABERT-2,24,100000,0.36850809289232933,5.071304798126221,5.561201572418213,0.9119081069239202
NC_009997.1,DNABERT-2,24,250000,0.36199859254046446,5.1504011154174805,5.886040687561035,0.8750196250429969
NC_009997.1,DNABERT-2,24,1000000,0.362807881773399,5.184236526489258,5.958921432495117,0.8699957845086936
NC_009997.1,DNABERT-2,48,0,0.3414496833216045,7.258617401123047,8.081060409545898,0.898225855674668
NC_009997.1,DNABERT-2,48,100000,0.34099225897255453,7.146106719970703,7.741408348083496,0.9231016371510529
NC_009997.1,DNABERT-2,48,250000,0.3322308233638283,7.201988220214844,8.075531959533691,0.8918283348148264
NC_009997.1,DNABERT-2,48,1000000,0.33553835327234344,7.211104393005371,8.182538986206055,0.8812795643456992
NC_009997.1,NT-v2-50M,8,0,0.35337790288529203,2.8287930488586426,3.3475327491760254,0.8450382000160962
NC_009997.1,NT-v2-50M,8,100000,0.331210415200563,2.7686781883239746,3.338890314102173,0.8292210668407273
NC_009997.1,NT-v2-50M,8,250000,0.3346938775510204,2.7723944187164307,3.317749500274658,0.835624997754327
NC_009997.1,NT-v2-50M,8,1000000,0.3615411681914145,2.8217315673828125,3.3288660049438477,0.8476554968545242
NC_009997.1,NT-v2-50M,16,0,0.3757213230119634,4.186304092407227,4.731973171234131,0.8846846634414476
NC_009997.1,NT-v2-50M,16,100000,0.37065446868402535,4.1370768547058105,4.653157711029053,0.8890901859827334
NC_009997.1,NT-v2-50M,16,250000,0.36970443349753696,4.172423362731934,4.718160629272461,0.8843326225150838
NC_009997.1,NT-v2-50M,16,1000000,0.36678395496129484,4.228322505950928,4.8059892654418945,0.8798027362140077
NC_009997.1,NT-v2-50M,24,0,0.32821956368754396,5.065304279327393,5.651926040649414,0.8962085212893872
NC_009997.1,NT-v2-50M,24,100000,0.30876143560872626,4.997920513153076,5.59192419052124,0.8937747263500017
NC_009997.1,NT-v2-50M,24,250000,0.3181914144968332,5.036966800689697,5.645707130432129,0.8921764243736394
NC_009997.1,NT-v2-50M,24,1000000,0.3293807178043631,5.087446212768555,5.686123847961426,0.8947125227658368
NC_009997.1,NT-v2-50M,48,0,0.3248416608022519,7.038551330566406,7.550328731536865,0.9322178650536337
NC_009997.1,NT-v2-50M,48,100000,0.3116819141449683,7.001965045928955,7.562620162963867,0.9258649641323271
NC_009997.1,NT-v2-50M,48,250000,0.3060520760028149,7.002852439880371,7.646159648895264,0.9158653182048273
NC_009997.1,NT-v2-50M,48,1000000,0.3145320197044335,7.016326904296875,7.692038536071777,0.912154414124922
NC_009997.1,compositional,11,0,0.6847390283547047,5.076946110620004,2.8808522152775597,1.7623070297380246
NC_010167.1,DNABERT-S,8,0,0.6688778330569375,2.703204870223999,2.5059306621551514,1.0787229315831062
NC_010167.1,DNABERT-S,8,100000,0.7254775505190099,2.7255451679229736,2.4926750659942627,1.0934217640741013
NC_010167.1,DNABERT-S,8,250000,0.685737976782753,2.681014060974121,2.476301670074463,1.0826685994576348
NC_010167.1,DNABERT-S,8,1000000,0.660985197469443,2.7105958461761475,2.492486000061035,1.0875069493308172
NC_010167.1,DNABERT-S,16,0,0.6750813832074197,3.8690736293792725,3.606107711791992,1.0729223691037792
NC_010167.1,DNABERT-S,16,100000,0.6990971070573061,3.8828704357147217,3.5892486572265625,1.0818059172069296
NC_010167.1,DNABERT-S,16,250000,0.6798108224310546,3.821653366088867,3.553999423980713,1.0753106318200705
NC_010167.1,DNABERT-S,16,1000000,0.6885326454149008,3.8836164474487305,3.586815595626831,1.0827477309354205
NC_010167.1,DNABERT-S,24,0,0.6784595540814446,4.796380996704102,4.488387584686279,1.0686200570264142
NC_010167.1,DNABERT-S,24,100000,0.6919108162889257,4.8118181228637695,4.481927871704102,1.0736045426438865
NC_010167.1,DNABERT-S,24,250000,0.6689392543455561,4.733694553375244,4.434309005737305,1.0675157160339033
NC_010167.1,DNABERT-S,24,1000000,0.6982372090166452,4.819725036621094,4.455728054046631,1.0816919206377251
NC_010167.1,DNABERT-S,48,0,0.5791106197408021,6.835071086883545,6.5177226066589355,1.0486900869178424
NC_010167.1,DNABERT-S,48,100000,0.613322277501382,6.886090278625488,6.519820213317871,1.0561779394713133
NC_010167.1,DNABERT-S,48,250000,0.5893065536514956,6.747278213500977,6.432703495025635,1.0489024122934627
NC_010167.1,DNABERT-S,48,1000000,0.6604938271604939,6.9508748054504395,6.445204257965088,1.0784568692078975
NC_010167.1,DNABERT-2,8,0,0.48473680977826916,2.841359853744507,2.815357208251953,1.0092360022438143
NC_010167.1,DNABERT-2,8,100000,0.567102757815859,2.815886974334717,2.6367061138153076,1.0679563261072487
NC_010167.1,DNABERT-2,8,250000,0.570880167065905,2.738664388656616,2.565286636352539,1.0675861129306763
NC_010167.1,DNABERT-2,8,1000000,0.5062342607947915,2.7431371212005615,2.587855339050293,1.0600040426553576
NC_010167.1,DNABERT-2,16,0,0.492168785701124,4.078082084655762,4.033243179321289,1.0111173324644456
NC_010167.1,DNABERT-2,16,100000,0.5798169645599165,4.093632221221924,3.8901774883270264,1.052299601626247
NC_010167.1,DNABERT-2,16,250000,0.5354093728886432,3.9832229614257812,3.839501142501831,1.037432419887314
NC_010167.1,DNABERT-2,16,1000000,0.5695903200049137,4.068803310394287,3.8304686546325684,1.0622207560616577
NC_010167.1,DNABERT-2,24,0,0.5037159879614275,4.980648040771484,4.929570198059082,1.010361520509945
NC_010167.1,DNABERT-2,24,100000,0.56120631410847,4.983689308166504,4.8341875076293945,1.0309259415984926
NC_010167.1,DNABERT-2,24,250000,0.5406608930655366,4.894021034240723,4.758866786956787,1.0284005107380543
NC_010167.1,DNABERT-2,24,1000000,0.5472943922363491,4.903034210205078,4.712114334106445,1.0405168174118247
NC_010167.1,DNABERT-2,48,0,0.5057428904858424,6.992266654968262,6.917694091796875,1.0107799741043502
NC_010167.1,DNABERT-2,48,100000,0.5532829678766661,6.998250484466553,6.83825159072876,1.0233976319260787
NC_010167.1,DNABERT-2,48,250000,0.535010134512622,6.877031326293945,6.734119892120361,1.0212219913608616
NC_010167.1,DNABERT-2,48,1000000,0.6665745347337387,7.1031575202941895,6.684720516204834,1.0625960357018662
NC_010167.1,NT-v2-50M,8,0,0.47113199434924147,2.739544630050659,2.7356479167938232,1.0014244206035852
NC_010167.1,NT-v2-50M,8,100000,0.4858731036177139,2.790476083755493,2.754847288131714,1.012933129098398
NC_010167.1,NT-v2-50M,8,250000,0.460936060438548,2.750548839569092,2.73974609375,1.0039429733447691
NC_010167.1,NT-v2-50M,8,1000000,0.5292058227381611,2.807748794555664,2.7120792865753174,1.0352753359586155
NC_010167.1,NT-v2-50M,16,0,0.4746944290891223,3.9761698246002197,3.95927095413208,1.004268177314438
NC_010167.1,NT-v2-50M,16,100000,0.5208218168417174,4.0196919441223145,3.941993236541748,1.0197105126564678
NC_010167.1,NT-v2-50M,16,250000,0.5018733493028684,3.948878049850464,3.9001896381378174,1.0124836011143021
NC_010167.1,NT-v2-50M,16,1000000,0.6077022295927769,4.042245388031006,3.823105812072754,1.0573197778796088
NC_010167.1,NT-v2-50M,24,0,0.5228180087218229,4.961109638214111,4.88468074798584,1.0156466500415173
NC_010167.1,NT-v2-50M,24,100000,0.5316012529942878,5.002359390258789,4.901821136474609,1.020510388075173
NC_010167.1,NT-v2-50M,24,250000,0.5256126773539709,4.899657249450684,4.816872596740723,1.0171863903492022
NC_010167.1,NT-v2-50M,24,1000000,0.6515877403107917,5.073108673095703,4.7435832023620605,1.069467627461358
NC_010167.1,NT-v2-50M,48,0,0.558595909342178,7.052052974700928,6.889739513397217,1.023558722501495
NC_010167.1,NT-v2-50M,48,100000,0.6004238068914686,7.119653224945068,6.898637771606445,1.0320375501158046
NC_010167.1,NT-v2-50M,48,250000,0.5726613844358455,7.0169677734375,6.848733425140381,1.024564300850076
NC_010167.1,NT-v2-50M,48,1000000,0.6877648793071679,7.238102436065674,6.781398296356201,1.067346603126802
NC_010167.1,compositional,11,0,0.5699281370923162,3.3102307448496777,2.727400207407906,1.2136945417319918
NC_010159.1,DNABERT-S,8,0,0.8832716049382716,3.27581787109375,2.603679656982422,1.258149351172607
NC_010159.1,DNABERT-S,8,100000,0.9206172839506173,3.3329436779022217,2.6632168292999268,1.2514728959482975
NC_010159.1,DNABERT-S,8,250000,0.8680246913580247,3.33622670173645,2.6659975051879883,1.251399033661587
NC_010159.1,DNABERT-S,8,1000000,0.8522222222222222,3.3783183097839355,2.6671555042266846,1.2666371737344373
NC_010159.1,DNABERT-S,16,0,0.8872222222222222,5.0350494384765625,3.821887731552124,1.317424736710347
NC_010159.1,DNABERT-S,16,100000,0.924320987654321,5.143555641174316,3.8787670135498047,1.3260800721482344
NC_010159.1,DNABERT-S,16,250000,0.8938271604938272,5.106335163116455,3.8910577297210693,1.3123257267844501
NC_010159.1,DNABERT-S,16,1000000,0.8554320987654321,5.062727451324463,3.8886830806732178,1.3019131017609158
NC_010159.1,DNABERT-S,24,0,0.9567283950617284,6.6256103515625,4.7479376792907715,1.395471212788161
NC_010159.1,DNABERT-S,24,100000,0.9585802469135802,6.649724006652832,4.823315620422363,1.378662424349194
NC_010159.1,DNABERT-S,24,250000,0.9391358024691357,6.621685981750488,4.821950435638428,1.3732380849065644
NC_010159.1,DNABERT-S,24,1000000,0.9214197530864198,6.610995292663574,4.8196516036987305,1.3716749334308975
NC_010159.1,DNABERT-S,48,0,0.9395061728395062,9.667628288269043,6.782559394836426,1.4253658133283764
NC_010159.1,DNABERT-S,48,100000,0.9377777777777778,9.659219741821289,6.899767875671387,1.399934014574569
NC_010159.1,DNABERT-S,48,250000,0.9217901234567901,9.684514045715332,6.92371940612793,1.3987444432170264
NC_010159.1,DNABERT-S,48,1000000,0.9138888888888889,9.592289924621582,6.904568195343018,1.3892671711304663
NC_010159.1,DNABERT-2,8,0,0.8769135802469136,3.8338074684143066,2.6586763858795166,1.4419985406181899
NC_010159.1,DNABERT-2,8,100000,0.8793827160493827,3.890378475189209,2.733336925506592,1.4233073277156174
NC_010159.1,DNABERT-2,8,250000,0.8678395061728396,3.8577284812927246,2.7506654262542725,1.4024709964621174
NC_010159.1,DNABERT-2,8,1000000,0.8462345679012345,3.8887276649475098,2.726999521255493,1.4260096617681708
NC_010159.1,DNABERT-2,16,0,0.8266666666666667,5.494317054748535,3.9260401725769043,1.3994551286372277
NC_010159.1,DNABERT-2,16,100000,0.8187654320987654,5.462284564971924,3.9909348487854004,1.3686729480523376
NC_010159.1,DNABERT-2,16,250000,0.8041358024691359,5.456267356872559,3.9909534454345703,1.3671588585214458
NC_010159.1,DNABERT-2,16,1000000,0.8160493827160494,5.481659889221191,3.963279962539673,1.383111952986672
NC_010159.1,DNABERT-2,24,0,0.7834567901234568,6.314734935760498,4.850613117218018,1.301842629614254
NC_010159.1,DNABERT-2,24,100000,0.7908024691358024,6.311585903167725,4.931836128234863,1.279763913288555
NC_010159.1,DNABERT-2,24,250000,0.7388888888888889,6.265379905700684,4.934152126312256,1.2697986898882618
NC_010159.1,DNABERT-2,24,1000000,0.7514814814814815,6.255555152893066,4.914972305297852,1.272754913827327
NC_010159.1,DNABERT-2,48,0,0.8264197530864198,8.421732902526855,6.848002910614014,1.2298086044142373
NC_010159.1,DNABERT-2,48,100000,0.8151851851851852,8.400734901428223,6.953815937042236,1.2080755339925526
NC_010159.1,DNABERT-2,48,250000,0.7864814814814814,8.375418663024902,6.966094970703125,1.202311868880468
NC_010159.1,DNABERT-2,48,1000000,0.7901234567901234,8.312983512878418,6.927236557006836,1.2000432559892749
NC_010159.1,NT-v2-50M,8,0,0.6312345679012346,3.3155765533447266,2.8899269104003906,1.147287338448765
NC_010159.1,NT-v2-50M,8,100000,0.6016049382716049,3.2600855827331543,2.937819719314575,1.109695588636653
NC_010159.1,NT-v2-50M,8,250000,0.6104320987654321,3.291011095046997,2.931596517562866,1.1226002880447286
NC_010159.1,NT-v2-50M,8,1000000,0.6285185185185185,3.334761381149292,2.94089412689209,1.1339277230878888
NC_010159.1,NT-v2-50M,16,0,0.7319135802469136,4.9880051612854,4.055411338806152,1.2299628187047946
NC_010159.1,NT-v2-50M,16,100000,0.744567901234568,5.032164573669434,4.092869758605957,1.2294954079807814
NC_010159.1,NT-v2-50M,16,250000,0.7325925925925926,5.057406425476074,4.114278793334961,1.2292327961996545
NC_010159.1,NT-v2-50M,16,1000000,0.7398148148148148,5.088428020477295,4.100480556488037,1.2409345564207261
NC_010159.1,NT-v2-50M,24,0,0.73,5.782288551330566,4.986689567565918,1.159544518058499
NC_010159.1,NT-v2-50M,24,100000,0.7440740740740741,5.827269077301025,5.033577919006348,1.1576793229519244
NC_010159.1,NT-v2-50M,24,250000,0.7219135802469135,5.849538326263428,5.054633140563965,1.1572626862512068
NC_010159.1,NT-v2-50M,24,1000000,0.7196296296296296,5.835380554199219,5.046339511871338,1.156359087705393
NC_010159.1,NT-v2-50M,48,0,0.7000617283950618,7.620148658752441,7.061313629150391,1.0791403779737354
NC_010159.1,NT-v2-50M,48,100000,0.7037037037037037,7.709313869476318,7.151541233062744,1.077993346921486
NC_010159.1,NT-v2-50M,48,250000,0.6905555555555556,7.705373287200928,7.158457279205322,1.076401379049135
NC_010159.1,NT-v2-50M,48,1000000,0.6655555555555556,7.599719047546387,7.131216049194336,1.0656974904588652
NC_010159.1,compositional,11,0,0.9134328358208955,13.760280127613845,3.0023029471813674,4.583241721336722
NC_010102.1,DNABERT-S,8,0,0.8257602034917332,3.0659990310668945,2.6695303916931152,1.1485162486284055
NC_010102.1,DNABERT-S,8,100000,0.6736038848421783,2.8541553020477295,2.6854379177093506,1.0628267677408432
NC_010102.1,DNABERT-S,8,250000,0.6642964504567002,2.843909978866577,2.6777427196502686,1.0620549756318678
NC_010102.1,DNABERT-S,8,1000000,0.7391027864493005,2.962313175201416,2.697023391723633,1.0983639164168464
NC_010102.1,DNABERT-S,16,0,0.9405133541449878,4.679742813110352,3.8208253383636475,1.2247989370575507
NC_010102.1,DNABERT-S,16,100000,0.8954792461556249,4.454702377319336,3.8336825370788574,1.161990418933769
NC_010102.1,DNABERT-S,16,250000,0.8962307781246387,4.459499359130859,3.8056063652038574,1.1718236021218065
NC_010102.1,DNABERT-S,16,1000000,0.9004509191814083,4.570619583129883,3.8403303623199463,1.1901631244997288
NC_010102.1,DNABERT-S,24,0,0.9375072262689328,5.9243879318237305,4.7697672843933105,1.2420706459219386
NC_010102.1,DNABERT-S,24,100000,0.9254249046132501,5.731971263885498,4.757855415344238,1.204738430133817
NC_010102.1,DNABERT-S,24,250000,0.9179673950745751,5.739678382873535,4.749406814575195,1.2085042631554217
NC_010102.1,DNABERT-S,24,1000000,0.9168690021967858,5.858669281005859,4.802953243255615,1.2198056038194205
NC_010102.1,DNABERT-S,48,0,0.9443288241415192,8.657536506652832,6.887326717376709,1.2570242217215988
NC_010102.1,DNABERT-S,48,100000,0.9258295756734882,8.403889656066895,6.9003729820251465,1.2178891891725672
NC_010102.1,DNABERT-S,48,250000,0.9270435888542028,8.426161766052246,6.875787258148193,1.2254831991881034
NC_010102.1,DNABERT-S,48,1000000,0.9139206844721933,8.468459129333496,6.946193695068359,1.2191510201257287
NC_010102.1,DNABERT-2,8,0,0.8399236906000693,3.959794521331787,3.076857566833496,1.2869606198271157
NC_010102.1,DNABERT-2,8,100000,0.80743438547809,3.546994686126709,2.9986343383789062,1.1828700287759168
NC_010102.1,DNABERT-2,8,250000,0.8191120360735346,3.7587673664093018,3.0101401805877686,1.2487017683260697
NC_010102.1,DNABERT-2,8,1000000,0.8223494045554399,3.8007562160491943,3.004119873046875,1.2651812766027692
NC_010102.1,DNABERT-2,16,0,0.8592900913400393,5.605401515960693,4.245989799499512,1.3201636792960312
NC_010102.1,DNABERT-2,16,100000,0.823332177130304,5.176120758056641,4.221996307373047,1.2259889353804898
NC_010102.1,DNABERT-2,16,250000,0.8317146490923806,5.315066814422607,4.226232528686523,1.257637098371983
NC_010102.1,DNABERT-2,16,1000000,0.8377269048444906,5.432906627655029,4.235840797424316,1.2826040655160156
NC_010102.1,DNABERT-2,24,0,0.8481327321077581,6.407757759094238,5.2081804275512695,1.2303256095348014
NC_010102.1,DNABERT-2,24,100000,0.7978379003352989,6.013961315155029,5.176327228546143,1.161820157348157
NC_010102.1,DNABERT-2,24,250000,0.8240258989478553,6.192938804626465,5.173799991607666,1.1969807133387311
NC_010102.1,DNABERT-2,24,1000000,0.8268585963695225,6.303434371948242,5.1981658935546875,1.212626626588428
NC_010102.1,DNABERT-2,48,0,0.8705630708752456,8.652844429016113,7.178027153015137,1.2054627608062862
NC_010102.1,DNABERT-2,48,100000,0.8294600531853393,8.276137351989746,7.19928503036499,1.149577675711245
NC_010102.1,DNABERT-2,48,250000,0.8491733148340849,8.4449462890625,7.172628879547119,1.1773850886309505
NC_010102.1,DNABERT-2,48,1000000,0.8445485027170772,8.48483657836914,7.20412540435791,1.177774691878143
NC_010102.1,NT-v2-50M,8,0,0.3517169614984391,2.6445977687835693,2.989224672317505,0.8847102706178486
NC_010102.1,NT-v2-50M,8,100000,0.2897444791305353,2.560025691986084,2.9679062366485596,0.8625695988552976
NC_010102.1,NT-v2-50M,8,250000,0.2569083130997803,2.499523639678955,2.963308334350586,0.8434909086930132
NC_010102.1,NT-v2-50M,8,1000000,0.3144294138050642,2.5988142490386963,2.9809157848358154,0.8718173999611449
NC_010102.1,NT-v2-50M,16,0,0.536420395421436,4.243520736694336,4.171788215637207,1.0171946698512289
NC_010102.1,NT-v2-50M,16,100000,0.5067059775696612,4.119882106781006,4.165051460266113,0.9891551511629532
NC_010102.1,NT-v2-50M,16,250000,0.48265695456122093,4.081783771514893,4.154613494873047,0.9824701567430932
NC_010102.1,NT-v2-50M,16,1000000,0.4924268701583998,4.174963474273682,4.1897172927856445,0.9964785646665545
NC_010102.1,NT-v2-50M,24,0,0.6228465718580183,5.294549942016602,5.085249423980713,1.0411583583390978
NC_010102.1,NT-v2-50M,24,100000,0.6077581223262805,5.196085453033447,5.084033489227295,1.022039973584671
NC_010102.1,NT-v2-50M,24,250000,0.5760203491733148,5.155402183532715,5.072119235992432,1.016419753492642
NC_010102.1,NT-v2-50M,24,1000000,0.5702393340270552,5.216183662414551,5.099903583526611,1.0228004465150164
NC_010102.1,NT-v2-50M,48,0,0.7389871661463753,7.6026787757873535,7.102114677429199,1.0704809934918351
NC_010102.1,NT-v2-50M,48,100000,0.684819054225922,7.474287986755371,7.14380407333374,1.0462616149643935
NC_010102.1,NT-v2-50M,48,250000,0.6825644583188808,7.4601898193359375,7.111652851104736,1.049009277523587
NC_010102.1,NT-v2-50M,48,1000000,0.6698462249971094,7.497960090637207,7.161087989807129,1.0470420278747548
NC_010102.1,compositional,11,0,0.9510348017111805,5.832691614222385,2.987691535053493,1.9522402315599001
NC_010184.1,DNABERT-S,8,0,0.709359710699851,2.946005344390869,2.6284894943237305,1.1207978387407749
NC_010184.1,DNABERT-S,8,100000,0.6580195703041906,2.8702762126922607,2.6593310832977295,1.0793226276785914
NC_010184.1,DNABERT-S,8,250000,0.7250797702616465,2.9527406692504883,2.6476809978485107,1.1152176835690808
NC_010184.1,DNABERT-S,8,1000000,0.6925015954052329,2.921752452850342,2.6734066009521484,1.092894904878945
NC_010184.1,DNABERT-S,16,0,0.9074452244203361,4.701257228851318,3.822575807571411,1.2298663167227435
NC_010184.1,DNABERT-S,16,100000,0.8901935758349288,4.631082057952881,3.8577401638031006,1.200465003165841
NC_010184.1,DNABERT-S,16,250000,0.8735375452031483,4.642561912536621,3.8492400646209717,1.206098303716416
NC_010184.1,DNABERT-S,16,1000000,0.8387577111252925,4.61562442779541,3.8897931575775146,1.1865989374792176
NC_010184.1,DNABERT-S,24,0,0.9255477557966391,5.715475082397461,4.728969573974609,1.2086089777045683
NC_010184.1,DNABERT-S,24,100000,0.8773239736226335,5.674006938934326,4.772998332977295,1.1887720344949295
NC_010184.1,DNABERT-S,24,250000,0.8805360561582642,5.704538822174072,4.768947124481201,1.1961841205766464
NC_010184.1,DNABERT-S,24,1000000,0.848138693894916,5.64484167098999,4.798026084899902,1.1764924931848832
NC_010184.1,DNABERT-S,48,0,0.8607317592001702,7.954598903656006,6.758368015289307,1.1769999629585859
NC_010184.1,DNABERT-S,48,100000,0.8288661986811316,7.914621829986572,6.84417724609375,1.1564022300129309
NC_010184.1,DNABERT-S,48,250000,0.8197404807487768,7.911804676055908,6.834604740142822,1.1576096902262962
NC_010184.1,DNABERT-S,48,1000000,0.7889810678579026,7.84979248046875,6.883518695831299,1.1403749778761598
NC_010184.1,DNABERT-2,8,0,0.45079770261646457,2.635291337966919,2.786776542663574,0.9456414239256273
NC_010184.1,DNABERT-2,8,100000,0.3581152946181663,2.7365217208862305,3.1077334880828857,0.8805522517873146
NC_010184.1,DNABERT-2,8,250000,0.38462029355456284,2.746216297149658,3.1070034503936768,0.8838793844280074
NC_010184.1,DNABERT-2,8,1000000,0.4208466283769411,2.79533052444458,3.1017942428588867,0.9011979214546989
NC_010184.1,DNABERT-2,16,0,0.5443948096149756,4.057971954345703,4.062270641326904,0.9989418019229273
NC_010184.1,DNABERT-2,16,100000,0.4008083386513508,4.074926376342773,4.328005313873291,0.9415252710713453
NC_010184.1,DNABERT-2,16,250000,0.43809827696234843,4.104161262512207,4.319774627685547,0.9500868948598687
NC_010184.1,DNABERT-2,16,1000000,0.465645607317592,4.134688377380371,4.342737197875977,0.9520926984489502
NC_010184.1,DNABERT-2,24,0,0.4799191661348649,4.790785312652588,4.946114540100098,0.968595707562331
NC_010184.1,DNABERT-2,24,100000,0.4025951925122314,4.919857978820801,5.198274612426758,0.9464405683877518
NC_010184.1,DNABERT-2,24,250000,0.44550095724313976,4.923608303070068,5.1849775314331055,0.9495910586345789
NC_010184.1,DNABERT-2,24,1000000,0.4353541799617103,4.889151573181152,5.223294734954834,0.936028277413189
NC_010184.1,DNABERT-2,48,0,0.4858540736013614,6.800560474395752,6.967586517333984,0.9760281350618748
NC_010184.1,DNABERT-2,48,100000,0.4255690278664114,6.881227493286133,7.192445278167725,0.9567299057767911
NC_010184.1,DNABERT-2,48,250000,0.4383748138693895,6.851306438446045,7.185225486755371,0.9535269910561828
NC_010184.1,DNABERT-2,48,1000000,0.4251010423314188,6.797070503234863,7.250686168670654,0.9374382431009344
NC_010184.1,NT-v2-50M,8,0,0.4479472452669645,2.6784067153930664,2.851123809814453,0.9394213980372087
NC_010184.1,NT-v2-50M,8,100000,0.5126781535843438,2.8530261516571045,2.908644676208496,0.9808781990435862
NC_010184.1,NT-v2-50M,8,250000,0.4950010636034886,2.8150811195373535,2.911362886428833,0.966928970847196
NC_010184.1,NT-v2-50M,8,1000000,0.4317804722399489,2.6967108249664307,2.9156014919281006,0.9249243534935508
NC_010184.1,NT-v2-50M,16,0,0.4196979366092321,3.883925199508667,4.111405849456787,0.9446708356514656
NC_010184.1,NT-v2-50M,16,100000,0.4036162518613061,3.9253780841827393,4.169757843017578,0.9413923378682381
NC_010184.1,NT-v2-50M,16,250000,0.3827483514145926,3.868736743927002,4.166961193084717,0.9284311911393287
NC_010184.1,NT-v2-50M,16,1000000,0.36436928313124867,3.8141183853149414,4.19865083694458,0.9084152346639358
NC_010184.1,NT-v2-50M,24,0,0.5454371410338226,5.063032150268555,5.010619640350342,1.010460285090518
NC_010184.1,NT-v2-50M,24,100000,0.5757498404594767,5.131242752075195,5.067581653594971,1.0125624218477196
NC_010184.1,NT-v2-50M,24,250000,0.5225483939587322,5.033466815948486,5.083220481872559,0.9902121762962082
NC_010184.1,NT-v2-50M,24,1000000,0.48334396936821955,4.959915637969971,5.13727331161499,0.9654763017486285
NC_010184.1,NT-v2-50M,48,0,0.4535843437566475,6.870351314544678,7.021065711975098,0.9785339713922115
NC_010184.1,NT-v2-50M,48,100000,0.44684109763880026,6.933579921722412,7.123327255249023,0.9733625415866173
NC_010184.1,NT-v2-50M,48,250000,0.41993192937672835,6.861403465270996,7.140146732330322,0.9609611290203341
NC_010184.1,NT-v2-50M,48,1000000,0.4052116570942353,6.796365737915039,7.219514846801758,0.9413881517157384
NC_010184.1,compositional,11,0,0.6026529738981601,4.6521540451727255,2.9284507433872276,1.588605871441688
NC_010380.1,DNABERT-S,8,0,0.7357255107386066,3.118501901626587,2.675137758255005,1.1657350699056295
NC_010380.1,DNABERT-S,8,100000,0.5890518596123625,2.91504168510437,2.70756459236145,1.0766286770510487
NC_010380.1,DNABERT-S,8,250000,0.7268203247773704,3.2361273765563965,2.757946729660034,1.1733828437488736
NC_010380.1,DNABERT-S,8,1000000,0.7920377160817181,3.4495162963867188,2.866743564605713,1.2032873602565004
NC_010380.1,DNABERT-S,16,0,0.6385542168674698,4.3315253257751465,4.073645114898682,1.063304535275621
NC_010380.1,DNABERT-S,16,100000,0.5856469355683604,4.232944488525391,4.050638675689697,1.0450066834965606
NC_010380.1,DNABERT-S,16,250000,0.6668412781561027,4.467802047729492,4.123583793640137,1.0834755085176755
NC_010380.1,DNABERT-S,16,1000000,0.7975379779989523,4.751774311065674,4.152842998504639,1.1442219975030838
NC_010380.1,DNABERT-S,24,0,0.7446306966998428,5.406587600708008,4.9226179122924805,1.0983155095598596
NC_010380.1,DNABERT-S,24,100000,0.6126244106862232,5.171846866607666,4.930732727050781,1.0489002655191781
NC_010380.1,DNABERT-S,24,250000,0.7045573598742797,5.468519687652588,4.976562023162842,1.0988549247854211
NC_010380.1,DNABERT-S,24,1000000,0.8748035620743845,5.868404388427734,4.981754302978516,1.1779794890565165
NC_010380.1,DNABERT-S,48,0,0.7228915662650602,7.929738998413086,7.182795524597168,1.1039906358545282
NC_010380.1,DNABERT-S,48,100000,0.6529596647459402,7.725190162658691,7.1609601974487305,1.0787925012362143
NC_010380.1,DNABERT-S,48,250000,0.7585123101100052,8.134391784667969,7.147613048553467,1.1380571009386422
NC_010380.1,DNABERT-S,48,1000000,0.8473022524882137,8.549741744995117,7.274069309234619,1.1753725984080188
NC_010380.1,DNABERT-2,8,0,0.3755893137768465,3.022184371948242,3.4485068321228027,0.876374767130118
NC_010380.1,DNABERT-2,8,100000,0.29020429544264015,3.0141372680664062,3.7673754692077637,0.8000628800346903
NC_010380.1,DNABERT-2,8,250000,0.35882661079099004,3.1920058727264404,3.8605356216430664,0.8268297939879918
NC_010380.1,DNABERT-2,8,1000000,0.3488737558931378,3.145148277282715,3.727346658706665,0.8438035324500875
NC_010380.1,DNABERT-2,16,0,0.3674698795180723,4.234227657318115,4.631995677947998,0.9141259948657602
NC_010380.1,DNABERT-2,16,100000,0.33394447354635937,4.279653072357178,4.843132972717285,0.8836538448284723
NC_010380.1,DNABERT-2,16,250000,0.41513881613410164,4.507384300231934,4.959895133972168,0.9087660481688777
NC_010380.1,DNABERT-2,16,1000000,0.4751178627553693,4.640714168548584,4.917822360992432,0.9436522566081613
NC_010380.1,DNABERT-2,24,0,0.3991618648507072,5.201425075531006,5.588569164276123,0.9307257229238813
NC_010380.1,DNABERT-2,24,100000,0.35620743844944996,5.217026233673096,5.786322593688965,0.9016134425970668
NC_010380.1,DNABERT-2,24,250000,0.42692509167103193,5.475085258483887,5.877272129058838,0.9315691256516047
NC_010380.1,DNABERT-2,24,1000000,0.465688842325825,5.666877746582031,5.852484226226807,0.9682858641783236
NC_010380.1,DNABERT-2,48,0,0.31351492928234675,7.449341773986816,7.787102699279785,0.9566255976919108
NC_010380.1,DNABERT-2,48,100000,0.2881089575694081,7.408426761627197,7.929650783538818,0.9342689815554511
NC_010380.1,DNABERT-2,48,250000,0.44421162912519646,7.803382396697998,7.941275596618652,0.9826358878692778
NC_010380.1,DNABERT-2,48,1000000,0.5267155578837087,8.117018699645996,7.98628044128418,1.0163703565537192
NC_010380.1,NT-v2-50M,8,0,0.321110529072813,2.7108824253082275,3.091840982437134,0.8767858504713212
NC_010380.1,NT-v2-50M,8,100000,0.4235201676270299,2.9546642303466797,3.155940294265747,0.9362231078056894
NC_010380.1,NT-v2-50M,8,250000,0.45992666317443687,3.073446750640869,3.158820152282715,0.9729730096915613
NC_010380.1,NT-v2-50M,8,1000000,0.5460974332111053,3.3785483837127686,3.2330939769744873,1.044989229442194
NC_010380.1,NT-v2-50M,16,0,0.33865898376113146,4.109386920928955,4.437470436096191,0.926065194147893
NC_010380.1,NT-v2-50M,16,100000,0.34468308014667365,4.162672996520996,4.531897068023682,0.9185277013222851
NC_010380.1,NT-v2-50M,16,250000,0.4738082765845993,4.476088047027588,4.516516208648682,0.9910488173287904
NC_010380.1,NT-v2-50M,16,1000000,0.5770036668412781,4.846630096435547,4.528670787811279,1.0702102942611862
NC_010380.1,NT-v2-50M,24,0,0.3538501833420639,5.108242511749268,5.340373992919922,0.9565327294533293
NC_010380.1,NT-v2-50M,24,100000,0.37323205866946046,5.164366722106934,5.389621734619141,0.9582057844495232
NC_010380.1,NT-v2-50M,24,250000,0.5288108957569408,5.4551897048950195,5.337279319763184,1.0220918520593874
NC_010380.1,NT-v2-50M,24,1000000,0.6241487689889995,5.807097911834717,5.419668197631836,1.0714858733182542
NC_010380.1,NT-v2-50M,48,0,0.4785227867993714,7.2259955406188965,7.174529552459717,1.0071734303668085
NC_010380.1,NT-v2-50M,48,100000,0.44080670508119435,7.19145393371582,7.225188732147217,0.9953309457120062
NC_010380.1,NT-v2-50M,48,250000,0.6647459402828706,7.648399829864502,7.180281162261963,1.0651950330389388
NC_010380.1,NT-v2-50M,48,1000000,0.7564169722367732,8.255722999572754,7.33787727355957,1.1250832756934268
NC_010380.1,compositional,11,0,0.7291775798847564,4.170907888359057,3.0142285468793295,1.3837397607680588
NC_010334.1,DNABERT-S,8,0,0.36519774011299433,2.767195463180542,2.9744086265563965,0.930334668368766
NC_010334.1,DNABERT-S,8,100000,0.36203389830508476,2.6526131629943848,2.8412373065948486,0.9336119713891392
NC_010334.1,DNABERT-S,8,250000,0.3092655367231638,2.679797887802124,2.9423139095306396,0.910779056959836
NC_010334.1,DNABERT-S,8,1000000,0.37378531073446325,2.7078113555908203,2.914752244949341,0.9290022369080919
NC_010334.1,DNABERT-S,16,0,0.4607909604519774,4.120665550231934,4.249704360961914,0.9696358146897605
NC_010334.1,DNABERT-S,16,100000,0.4732203389830508,4.007913589477539,4.164827346801758,0.962324066699976
NC_010334.1,DNABERT-S,16,250000,0.44813559322033897,4.034585952758789,4.251055717468262,0.9490785868037522
NC_010334.1,DNABERT-S,16,1000000,0.42892655367231636,4.0288262367248535,4.252549648284912,0.9473907584711473
NC_010334.1,DNABERT-S,24,0,0.5322033898305085,5.290753364562988,5.264997959136963,1.004891816791938
NC_010334.1,DNABERT-S,24,100000,0.5333333333333333,5.242002964019775,5.192594528198242,1.0095151731091696
NC_010334.1,DNABERT-S,24,250000,0.4990960451977401,5.239880561828613,5.279723644256592,0.9924535666802711
NC_010334.1,DNABERT-S,24,1000000,0.5042937853107344,5.261041164398193,5.31840181350708,0.9892146830720446
NC_010334.1,DNABERT-S,48,0,0.48338983050847456,7.5653300285339355,7.565983295440674,0.9999136573686157
NC_010334.1,DNABERT-S,48,100000,0.4853107344632768,7.538251876831055,7.53952169418335,0.9998315785266226
NC_010334.1,DNABERT-S,48,250000,0.47209039548022597,7.5577874183654785,7.608859062194824,0.993287870965688
NC_010334.1,DNABERT-S,48,1000000,0.4393220338983051,7.502572059631348,7.725096225738525,0.9711946415158208
NC_010334.1,DNABERT-2,8,0,0.4488135593220339,2.9433376789093018,3.374606132507324,0.8722018402551793
NC_010334.1,DNABERT-2,8,100000,0.424406779661017,2.858659029006958,3.206988573074341,0.8913842266255845
NC_010334.1,DNABERT-2,8,250000,0.4527683615819209,2.895554304122925,3.299018383026123,0.8777017791173661
NC_010334.1,DNABERT-2,8,1000000,0.4264406779661017,2.8163657188415527,3.1392178535461426,0.8971552310904808
NC_010334.1,DNABERT-2,16,0,0.4506214689265537,4.13154411315918,4.520185947418213,0.9140208303861895
NC_010334.1,DNABERT-2,16,100000,0.43333333333333335,4.139159679412842,4.40109395980835,0.9404842789571086
NC_010334.1,DNABERT-2,16,250000,0.4464406779661017,4.1875,4.492433071136475,0.9321229573578635
NC_010334.1,DNABERT-2,16,1000000,0.4145762711864407,4.051070690155029,4.4294915199279785,0.9145678848078928
NC_010334.1,DNABERT-2,24,0,0.46790960451977404,5.130920886993408,5.523543357849121,0.9289183689854114
NC_010334.1,DNABERT-2,24,100000,0.41638418079096046,5.0848493576049805,5.463115692138672,0.9307599626568388
NC_010334.1,DNABERT-2,24,250000,0.43943502824858754,5.136495590209961,5.520304203033447,0.9304732857633858
NC_010334.1,DNABERT-2,24,1000000,0.39740112994350285,5.018856048583984,5.548007965087891,0.9046230791603552
NC_010334.1,DNABERT-2,48,0,0.4415819209039548,7.002252578735352,7.424764633178711,0.9430942157337489
NC_010334.1,DNABERT-2,48,100000,0.4187570621468927,7.028690814971924,7.3933210372924805,0.950681132270419
NC_010334.1,DNABERT-2,48,250000,0.42135593220338985,7.013757228851318,7.4836931228637695,0.9372053495116297
NC_010334.1,DNABERT-2,48,1000000,0.3854237288135593,6.883205413818359,7.504915714263916,0.9171595892457622
NC_010334.1,NT-v2-50M,8,0,0.4789830508474576,3.2235097885131836,3.309612989425659,0.9739839065209199
NC_010334.1,NT-v2-50M,8,100000,0.4901694915254237,3.2980945110321045,3.3532838821411133,0.9835416943364277
NC_010334.1,NT-v2-50M,8,250000,0.48903954802259886,3.2882158756256104,3.3548736572265625,0.9801310605371478
NC_010334.1,NT-v2-50M,8,1000000,0.42124293785310735,3.1848111152648926,3.4544003009796143,0.9219577459976858
NC_010334.1,NT-v2-50M,16,0,0.5022598870056497,4.374279022216797,4.473935604095459,0.9777250745881465
NC_010334.1,NT-v2-50M,16,100000,0.4807909604519774,4.401789665222168,4.526535987854004,0.9724411066284315
NC_010334.1,NT-v2-50M,16,250000,0.49005649717514127,4.402729511260986,4.55258321762085,0.9670838073250694
NC_010334.1,NT-v2-50M,16,1000000,0.45581920903954803,4.3360915184021,4.642943859100342,0.933909961005279
NC_010334.1,NT-v2-50M,24,0,0.4893785310734463,5.1907525062561035,5.2916765213012695,0.9809277807063785
NC_010334.1,NT-v2-50M,24,100000,0.45943502824858756,5.215550422668457,5.397107124328613,0.966360367234189
NC_010334.1,NT-v2-50M,24,250000,0.4787570621468927,5.2432708740234375,5.4304656982421875,0.9655287714496854
NC_010334.1,NT-v2-50M,24,1000000,0.42418079096045197,5.159460544586182,5.564764022827148,0.9271660978653584
NC_010334.1,NT-v2-50M,48,0,0.4136723163841808,7.087143421173096,7.332496166229248,0.9665389876115918
NC_010334.1,NT-v2-50M,48,100000,0.3763841807909605,7.106292724609375,7.4385151863098145,0.9553375299533061
NC_010334.1,NT-v2-50M,48,250000,0.4055367231638418,7.124105930328369,7.478850841522217,0.9525669225512132
NC_010334.1,NT-v2-50M,48,1000000,0.33796610169491526,7.024107456207275,7.64700984954834,0.918543011504313
NC_010334.1,compositional,11,0,0.4684090909090909,2.9625572275613723,3.0161599539642983,0.9822281552632933
NC_010322.1,DNABERT-S,8,0,0.7506096103275162,3.8459911346435547,2.92348313331604,1.3155509914918289
NC_010322.1,DNABERT-S,8,100000,0.7020639094748585,3.374424934387207,2.8503527641296387,1.1838622141275887
NC_010322.1,DNABERT-S,8,250000,0.733030520360188,3.6796724796295166,2.902806520462036,1.2676258144286612
NC_010322.1,DNABERT-S,8,1000000,0.7483464817913777,3.8368313312530518,2.9175214767456055,1.315099601437349
NC_010322.1,DNABERT-S,16,0,0.749605546258666,5.623407363891602,4.298788547515869,1.3081377001297696
NC_010322.1,DNABERT-S,16,100000,0.7375567774324647,5.278842926025391,4.248330116271973,1.242568910971947
NC_010322.1,DNABERT-S,16,250000,0.7461311658299467,5.496778964996338,4.2611918449401855,1.28996280031919
NC_010322.1,DNABERT-S,16,1000000,0.7434695991712487,5.573779106140137,4.257954120635986,1.3090275160850284
NC_010322.1,DNABERT-S,24,0,0.7475496055462587,7.124284267425537,5.373447895050049,1.3258310877059656
NC_010322.1,DNABERT-S,24,100000,0.7412542832098176,6.843028545379639,5.314296245574951,1.287664110008473
NC_010322.1,DNABERT-S,24,250000,0.7410470953860866,7.021066665649414,5.362196445465088,1.3093639401419663
NC_010322.1,DNABERT-S,24,1000000,0.7421945971790581,7.028586387634277,5.322327136993408,1.3205851889075608
NC_010322.1,DNABERT-S,48,0,0.7365527133636146,10.274474143981934,7.701128005981445,1.3341518458077541
NC_010322.1,DNABERT-S,48,100000,0.7343055223523787,10.089827537536621,7.669737815856934,1.3155374772624209
NC_010322.1,DNABERT-S,48,250000,0.7321858315403618,10.191559791564941,7.727643013000488,1.318844539585915
NC_010322.1,DNABERT-S,48,1000000,0.7310223922224879,10.113692283630371,7.650955677032471,1.321886142144416
NC_010322.1,DNABERT-2,8,0,0.6096262650410391,3.6988589763641357,3.3995091915130615,1.0880567658409062
NC_010322.1,DNABERT-2,8,100000,0.5629452546019603,3.2462611198425293,3.1415319442749023,1.0333369761712863
NC_010322.1,DNABERT-2,8,250000,0.6210694079209499,3.5203511714935303,3.2420010566711426,1.0858575028066755
NC_010322.1,DNABERT-2,8,1000000,0.6314287991074986,3.6464459896087646,3.256849527359009,1.1196237219364817
NC_010322.1,DNABERT-2,16,0,0.6397641246314447,4.950831890106201,4.599869251251221,1.0762983945162168
NC_010322.1,DNABERT-2,16,100000,0.6006215634711929,4.603427886962891,4.3504557609558105,1.058148419362734
NC_010322.1,DNABERT-2,16,250000,0.6458681966690573,4.806824207305908,4.443301677703857,1.0818136052805458
NC_010322.1,DNABERT-2,16,1000000,0.6547453980396845,4.926020622253418,4.464423656463623,1.1033945255445217
NC_010322.1,DNABERT-2,24,0,0.6898398278747311,6.2277703285217285,5.474764347076416,1.1375412590767355
NC_010322.1,DNABERT-2,24,100000,0.6619810343453661,5.904128551483154,5.271064758300781,1.1201016914439224
NC_010322.1,DNABERT-2,24,250000,0.6868595107179855,6.094124794006348,5.375574588775635,1.1336694698146441
NC_010322.1,DNABERT-2,24,1000000,0.6934576460275719,6.172121047973633,5.374731063842773,1.1483590480452335
NC_010322.1,DNABERT-2,48,0,0.713953303052036,8.4268798828125,7.541644096374512,1.117379682085972
NC_010322.1,DNABERT-2,48,100000,0.7092198581560284,8.197511672973633,7.377670764923096,1.111124626480819
NC_010322.1,DNABERT-2,48,250000,0.7119611124392382,8.33569049835205,7.480818748474121,1.1142751587254136
NC_010322.1,DNABERT-2,48,1000000,0.7082157940871783,8.345084190368652,7.460513114929199,1.1185670558864567
NC_010322.1,NT-v2-50M,8,0,0.6171806518447686,3.07464599609375,2.8693313598632812,1.0715548713203524
NC_010322.1,NT-v2-50M,8,100000,0.4425053789146546,2.680828094482422,2.799253463745117,0.957693945619253
NC_010322.1,NT-v2-50M,8,250000,0.5995218742529285,2.9760265350341797,2.8417787551879883,1.0472407570790325
NC_010322.1,NT-v2-50M,8,1000000,0.6352697426089728,3.0595855712890625,2.8498196601867676,1.0736067316935232
NC_010322.1,NT-v2-50M,16,0,0.585464977289027,4.338161468505859,4.157686710357666,1.0434074933300272
NC_010322.1,NT-v2-50M,16,100000,0.4617579089967328,4.030193328857422,4.109715461730957,0.9806502095792196
NC_010322.1,NT-v2-50M,16,250000,0.5452386644354131,4.236684322357178,4.1592254638671875,1.0186233853304913
NC_010322.1,NT-v2-50M,16,1000000,0.5793768427763168,4.287487983703613,4.155001163482666,1.0318861090546358
NC_010322.1,NT-v2-50M,24,0,0.5848115387680293,5.346836566925049,5.112473964691162,1.045841329237565
NC_010322.1,NT-v2-50M,24,100000,0.49616702526097695,5.066697120666504,5.035749912261963,1.0061455014533556
NC_010322.1,NT-v2-50M,24,250000,0.5418439716312057,5.249755382537842,5.110700607299805,1.0272085543495582
NC_010322.1,NT-v2-50M,24,1000000,0.5814487210136265,5.2791948318481445,5.068270206451416,1.0416166890881708
NC_010322.1,NT-v2-50M,48,0,0.5955693680771377,7.404331684112549,7.143810749053955,1.0364680622443831
NC_010322.1,NT-v2-50M,48,100000,0.5328711451111643,7.212594032287598,7.136964321136475,1.010596901952717
NC_010322.1,NT-v2-50M,48,250000,0.5639971312455175,7.309521675109863,7.176426410675049,1.0185461756058465
NC_010322.1,NT-v2-50M,48,1000000,0.583504661726034,7.296777725219727,7.124797821044922,1.0241382153563456
NC_010322.1,compositional,11,0,0.7441659464131374,9.00245013809695,3.7871558597056088,2.3771005133115244
NC_010400.1,DNABERT-S,8,0,0.49374512119453173,2.7275381088256836,2.757744073867798,0.9890468570566994
NC_010400.1,DNABERT-S,8,100000,0.5391805608374532,2.7793796062469482,2.7675914764404297,1.0042593460439762
NC_010400.1,DNABERT-S,8,250000,0.4763715698244631,2.6644575595855713,2.74188232421875,0.9717621854339648
NC_010400.1,DNABERT-S,8,1000000,0.4401833430075459,2.6152656078338623,2.724224805831909,0.960003595237518
NC_010400.1,DNABERT-S,16,0,0.5215868377334321,4.004147052764893,3.9861204624176025,1.004522339582371
NC_010400.1,DNABERT-S,16,100000,0.5201457136566522,4.043204307556152,4.017576217651367,1.006378992834582
NC_010400.1,DNABERT-S,16,250000,0.522827805688437,4.010666847229004,3.9913229942321777,1.004846476475289
NC_010400.1,DNABERT-S,16,1000000,0.42895458457596924,3.8397111892700195,3.9651472568511963,0.9683653444737919
NC_010400.1,DNABERT-S,24,0,0.657152579011629,5.14686918258667,4.890229225158691,1.0524801488052231
NC_010400.1,DNABERT-S,24,100000,0.6405996677408379,5.157657146453857,4.9323506355285645,1.0456793378196536
NC_010400.1,DNABERT-S,24,250000,0.6125177638558076,5.073507785797119,4.903707981109619,1.0346268181836304
NC_010400.1,DNABERT-S,24,1000000,0.5508696783491123,4.918998718261719,4.865428924560547,1.0110102921102706
NC_010400.1,DNABERT-S,48,0,0.6048918156161807,7.183446884155273,6.962673187255859,1.0317081803155013
NC_010400.1,DNABERT-S,48,100000,0.574027741638478,7.163360595703125,7.023158073425293,1.0199628886053895
NC_010400.1,DNABERT-S,48,250000,0.5671824022737736,7.1243462562561035,6.988767147064209,1.019399574537098
NC_010400.1,DNABERT-S,48,1000000,0.5149816857148576,6.929313659667969,6.947854042053223,0.9973314951245328
NC_010400.1,DNABERT-2,8,0,0.48169572266367766,2.7051620483398438,2.7777092456817627,0.9738823645942422
NC_010400.1,DNABERT-2,8,100000,0.4104401433117832,2.6588308811187744,2.922611951828003,0.9097447505666151
NC_010400.1,DNABERT-2,8,250000,0.4206481055223074,2.65402889251709,2.8781251907348633,0.9221380991559455
NC_010400.1,DNABERT-2,8,1000000,0.3835791917695803,2.5720512866973877,2.888935089111328,0.8903112071959298
NC_010400.1,DNABERT-2,16,0,0.464482296191029,3.93464994430542,4.0455780029296875,0.9725804177934682
NC_010400.1,DNABERT-2,16,100000,0.3910049838874322,3.889014482498169,4.1674723625183105,0.9331830289926925
NC_010400.1,DNABERT-2,16,250000,0.4102800184143632,3.871917486190796,4.115270137786865,0.9408659350545233
NC_010400.1,DNABERT-2,16,1000000,0.3820580052440904,3.7921934127807617,4.106668472290039,0.9234233146329648
NC_010400.1,DNABERT-2,24,0,0.4854186265286924,4.835817813873291,4.90345573425293,0.9862060709741589
NC_010400.1,DNABERT-2,24,100000,0.40077260263005143,4.753251552581787,5.015800476074219,0.9476556284994166
NC_010400.1,DNABERT-2,24,250000,0.42541182122055204,4.760063171386719,4.9690141677856445,0.957949204944199
NC_010400.1,DNABERT-2,24,1000000,0.3949480594863994,4.640326499938965,4.944960117340088,0.9383951315738849
NC_010400.1,DNABERT-2,48,0,0.4952663077200216,6.8695807456970215,6.942773818969727,0.9894576612775834
NC_010400.1,DNABERT-2,48,100000,0.37471227557494846,6.731682777404785,7.052633285522461,0.9544921031444357
NC_010400.1,DNABERT-2,48,250000,0.4171253577790677,6.741718769073486,6.999960422515869,0.9631081266385835
NC_010400.1,DNABERT-2,48,1000000,0.3791957727027081,6.605075836181641,6.968860626220703,0.9477985269686262
NC_010400.1,NT-v2-50M,8,0,0.42901463141250173,3.1084535121917725,3.298665761947632,0.942336610168242
NC_010400.1,NT-v2-50M,8,100000,0.3972498548868117,3.037397623062134,3.3215396404266357,0.9144547263846577
NC_010400.1,NT-v2-50M,8,250000,0.40091271191529393,3.0393247604370117,3.307339668273926,0.9189635977193752
NC_010400.1,NT-v2-50M,8,1000000,0.3766137587318108,2.9372646808624268,3.2696421146392822,0.8983443991350948
NC_010400.1,NT-v2-50M,16,0,0.4548748023458297,4.380392074584961,4.477311134338379,0.9783532890957466
NC_010400.1,NT-v2-50M,16,100000,0.4024939452773163,4.298288345336914,4.502069473266602,0.9547361209906366
NC_010400.1,NT-v2-50M,16,250000,0.4182462320610076,4.301649570465088,4.475213527679443,0.9612166087403756
NC_010400.1,NT-v2-50M,16,1000000,0.4039550849662737,4.199231147766113,4.4263434410095215,0.9486907655788204
NC_010400.1,NT-v2-50M,24,0,0.3926062328616321,5.075164318084717,5.371333122253418,0.9448612109083917
NC_010400.1,NT-v2-50M,24,100000,0.35829947358939973,5.012948989868164,5.396553039550781,0.9289168387911279
NC_010400.1,NT-v2-50M,24,250000,0.3767938992414083,5.045865535736084,5.372134208679199,0.9392664702203462
NC_010400.1,NT-v2-50M,24,1000000,0.3507335721863053,4.913175106048584,5.323507308959961,0.9229207026313744
NC_010400.1,NT-v2-50M,48,0,0.40949940953944075,7.097640514373779,7.331991195678711,0.9680372391277485
NC_010400.1,NT-v2-50M,48,100000,0.36216248673965695,7.0287957191467285,7.378720760345459,0.9525764624297359
NC_010400.1,NT-v2-50M,48,250000,0.37345129200776606,7.028450012207031,7.343782424926758,0.9570613078555535
NC_010400.1,NT-v2-50M,48,1000000,0.34891215147815297,6.878561973571777,7.29059362411499,0.9434844853812258
NC_010400.1,compositional,11,0,0.6717239446768479,4.084361297923988,3.2091749302586874,1.2727138241712344
NC_010410.1,DNABERT-S,8,0,0.843822520019611,3.2445647716522217,2.6202943325042725,1.238244395449774
NC_010410.1,DNABERT-S,8,100000,0.4815084164079098,2.655205488204956,2.6962802410125732,0.9847661410773119
NC_010410.1,DNABERT-S,8,250000,0.6557198888707305,2.885880947113037,2.6358911991119385,1.094840693001791
NC_010410.1,DNABERT-S,8,1000000,0.7886419349566923,3.1962850093841553,2.6755292415618896,1.1946365450740748
NC_010410.1,DNABERT-S,16,0,0.9006782153946723,5.555957317352295,3.8005664348602295,1.461876120988429
NC_010410.1,DNABERT-S,16,100000,0.8230307239745056,4.490130424499512,3.9035582542419434,1.1502660219352814
NC_010410.1,DNABERT-S,16,250000,0.8829261317208694,5.063940048217773,3.830698013305664,1.3219366367770387
NC_010410.1,DNABERT-S,16,1000000,0.879874162444844,5.466083526611328,3.8572874069213867,1.4170796598674944
NC_010410.1,DNABERT-S,24,0,0.9120117666285341,6.808769702911377,4.727567672729492,1.4402268088486798
NC_010410.1,DNABERT-S,24,100000,0.8905049844745874,5.924256324768066,4.832769393920898,1.2258512339157215
NC_010410.1,DNABERT-S,24,250000,0.9045268834776924,6.368919849395752,4.755706310272217,1.3392163926605456
NC_010410.1,DNABERT-S,24,1000000,0.8862886092498774,6.706153392791748,4.772464752197266,1.4051760968384739
NC_010410.1,DNABERT-S,48,0,0.8917143324072561,11.025200843811035,6.754311561584473,1.6323204435101109
NC_010410.1,DNABERT-S,48,100000,0.888486680830201,10.487558364868164,6.863595962524414,1.5279976301243212
NC_010410.1,DNABERT-S,48,250000,0.8874979571825462,10.74437427520752,6.797989368438721,1.5805223710838425
NC_010410.1,DNABERT-S,48,1000000,0.8767200522961268,10.884053230285645,6.797616481781006,1.6011572967461638
NC_010410.1,DNABERT-2,8,0,0.8637195620199379,5.717141151428223,2.6554317474365234,2.152998719303324
NC_010410.1,DNABERT-2,8,100000,0.723476058179441,3.777395009994507,2.8315861225128174,1.3340208796624402
NC_010410.1,DNABERT-2,8,250000,0.8280519692760255,5.3203325271606445,2.766859292984009,1.9228778784130942
NC_010410.1,DNABERT-2,8,1000000,0.8118156561529661,5.624075889587402,2.800567150115967,2.008191765498113
NC_010410.1,DNABERT-2,16,0,0.8567208694231083,6.917928695678711,3.8985133171081543,1.7745043130467755
NC_010410.1,DNABERT-2,16,100000,0.785038404968132,5.260178565979004,4.040035247802734,1.3020130378416557
NC_010410.1,DNABERT-2,16,250000,0.8384458244811244,6.563115119934082,3.990408420562744,1.6447226519756903
NC_010410.1,DNABERT-2,16,1000000,0.8318924660892303,6.867773532867432,3.9966065883636475,1.718401193868657
NC_010410.1,DNABERT-2,24,0,0.893945089066841,8.104974746704102,4.796284198760986,1.6898445569171738
NC_010410.1,DNABERT-2,24,100000,0.8412077136787057,6.6908769607543945,4.924346446990967,1.3587340031371817
NC_010410.1,DNABERT-2,24,250000,0.8824235986272266,7.804652214050293,4.866023063659668,1.6039077727224176
NC_010410.1,DNABERT-2,24,1000000,0.866277169472136,8.067310333251953,4.8812174797058105,1.6527250356683898
NC_010410.1,DNABERT-2,48,0,0.8943046249387154,10.391121864318848,6.780430793762207,1.5325164698795197
NC_010410.1,DNABERT-2,48,100000,0.8421719235169145,9.23263931274414,6.91646671295166,1.3348780086594292
NC_010410.1,DNABERT-2,48,250000,0.8747344337310018,10.08889389038086,6.84718132019043,1.4734375239387225
NC_010410.1,DNABERT-2,48,1000000,0.8532439941166857,10.279256820678711,6.859179973602295,1.498613079149207
NC_010410.1,NT-v2-50M,8,0,0.64193495669227,3.422855854034424,3.1540095806121826,1.085239523391067
NC_010410.1,NT-v2-50M,8,100000,0.39864356921065536,2.9428141117095947,3.2310705184936523,0.9107860985595434
NC_010410.1,NT-v2-50M,8,250000,0.5018793920575257,3.1471495628356934,3.213095188140869,0.9794759814310597
NC_010410.1,NT-v2-50M,8,1000000,0.5718254616767445,3.2492175102233887,3.1655263900756836,1.0264382948788824
NC_010410.1,NT-v2-50M,16,0,0.7984556300049027,5.301422119140625,4.331050872802734,1.224049837980762
NC_010410.1,NT-v2-50M,16,100000,0.5154804706651414,4.399975299835205,4.426504135131836,0.99400682017078
NC_010410.1,NT-v2-50M,16,250000,0.6861333551233861,4.835893154144287,4.385537624359131,1.1026910651236217
NC_010410.1,NT-v2-50M,16,1000000,0.7700277823173721,5.282161235809326,4.34270715713501,1.2163291340358526
NC_010410.1,NT-v2-50M,24,0,0.7791796045105409,6.278219699859619,5.219522953033447,1.2028340053971571
NC_010410.1,NT-v2-50M,24,100000,0.5666939042327178,5.4665727615356445,5.287364959716797,1.0338935941029588
NC_010410.1,NT-v2-50M,24,250000,0.6886664487661383,5.869530200958252,5.252834320068359,1.1174024999291938
NC_010410.1,NT-v2-50M,24,1000000,0.7617666285340742,6.292654991149902,5.205953121185303,1.2087421543506287
NC_010410.1,NT-v2-50M,48,0,0.7936182382742278,8.382599830627441,7.180025577545166,1.1674888536390748
NC_010410.1,NT-v2-50M,48,100000,0.6162444843928746,7.719113349914551,7.289525985717773,1.05893213976306
NC_010410.1,NT-v2-50M,48,250000,0.6969357738192515,8.008060455322266,7.21681547164917,1.1096390765125497
NC_010410.1,NT-v2-50M,48,1000000,0.7651985618565125,8.347700119018555,7.169018745422363,1.164413208481121
NC_010410.1,compositional,11,0,0.9104387971890832,11.18514572369756,2.6989652602908967,4.144234788146927
NC_010465.1,DNABERT-S,8,0,0.516015132408575,2.8619937896728516,2.8484418392181396,1.0047576714637894
NC_010465.1,DNABERT-S,8,100000,0.5898696931483817,2.8277201652526855,2.712674856185913,1.0424102832687177
NC_010465.1,DNABERT-S,8,250000,0.544640605296343,2.8166587352752686,2.7671730518341064,1.0178831184440607
NC_010465.1,DNABERT-S,8,1000000,0.49667927700714587,2.830024003982544,2.8417015075683594,0.9958906649573452
NC_010465.1,DNABERT-S,16,0,0.5706179066834804,4.185816287994385,4.041610240936279,1.0356803448282779
NC_010465.1,DNABERT-S,16,100000,0.6271542664985288,4.122884273529053,3.9010508060455322,1.0568650547026306
NC_010465.1,DNABERT-S,16,250000,0.5791509037410677,4.114845275878906,3.956469774246216,1.0400294986868348
NC_010465.1,DNABERT-S,16,1000000,0.5650693568726356,4.121413230895996,3.9957547187805176,1.0314480044345236
NC_010465.1,DNABERT-S,24,0,0.512610340479193,5.201870918273926,5.1484456062316895,1.0103769790201473
NC_010465.1,DNABERT-S,24,100000,0.5470365699873897,5.1569085121154785,5.012694358825684,1.0287697878558828
NC_010465.1,DNABERT-S,24,250000,0.5157629255989912,5.141833782196045,5.060213088989258,1.0161298925107303
NC_010465.1,DNABERT-S,24,1000000,0.5030685161832703,5.126623153686523,5.10768461227417,1.0037078525496352
NC_010465.1,DNABERT-S,48,0,0.5420765027322404,7.4163289070129395,7.367465972900391,1.0066322578607463
NC_010465.1,DNABERT-S,48,100000,0.5523329129886507,7.371125221252441,7.274547576904297,1.0132761031977804
NC_010465.1,DNABERT-S,48,250000,0.5466162253047498,7.366811275482178,7.2957048416137695,1.0097463419110415
NC_010465.1,DNABERT-S,48,1000000,0.5368642286675074,7.31300163269043,7.306424140930176,1.0009002340451887
NC_010465.1,DNABERT-2,8,0,0.383900798654897,3.256258249282837,3.843320846557617,0.8472512130230813
NC_010465.1,DNABERT-2,8,100000,0.3770491803278688,3.0372087955474854,3.5027718544006348,0.867087244557978
NC_010465.1,DNABERT-2,8,250000,0.39398907103825137,3.139669895172119,3.6968867778778076,0.8492740199564461
NC_010465.1,DNABERT-2,8,1000000,0.3815048339638504,3.1474802494049072,3.727385997772217,0.8444202589391312
NC_010465.1,DNABERT-2,16,0,0.39449348465741907,4.432788848876953,4.922656059265137,0.9004872157448043
NC_010465.1,DNABERT-2,16,100000,0.42152164775115597,4.311408042907715,4.567811012268066,0.9438674304449739
NC_010465.1,DNABERT-2,16,250000,0.42471626733921813,4.385339260101318,4.759667873382568,0.9213540475429802
NC_010465.1,DNABERT-2,16,1000000,0.41382934005884825,4.383797645568848,4.805405139923096,0.912263902401995
NC_010465.1,DNABERT-2,24,0,0.4004623791509037,5.34218168258667,5.841165065765381,0.9145746820093795
NC_010465.1,DNABERT-2,24,100000,0.410718789407314,5.213011264801025,5.5214385986328125,0.9441400409834932
NC_010465.1,DNABERT-2,24,250000,0.4119798234552333,5.280298233032227,5.698940753936768,0.9265402924893811
NC_010465.1,DNABERT-2,24,1000000,0.4085750315258512,5.260342597961426,5.729071617126465,0.9181841229277319
NC_010465.1,DNABERT-2,48,0,0.46654056326187476,7.4001665115356445,7.709454536437988,0.9598819834217163
NC_010465.1,DNABERT-2,48,100000,0.4707440100882724,7.304165840148926,7.423819541931152,0.9838824608940991
NC_010465.1,DNABERT-2,48,250000,0.473182009247583,7.353250026702881,7.575816631317139,0.9706214372066233
NC_010465.1,DNABERT-2,48,1000000,0.46654056326187476,7.284368991851807,7.611588954925537,0.9570102950893081
NC_010465.1,NT-v2-50M,8,0,0.4094577553593947,2.9722132682800293,3.208747625350952,0.9262845244661296
NC_010465.1,NT-v2-50M,8,100000,0.43329129886506934,2.9772162437438965,3.130342721939087,0.9510831586835525
NC_010465.1,NT-v2-50M,8,250000,0.42950819672131146,2.9486424922943115,3.117691993713379,0.9457773565317085
NC_010465.1,NT-v2-50M,8,1000000,0.44724674232870953,2.934882402420044,3.090083360671997,0.9497745076306933
NC_010465.1,NT-v2-50M,16,0,0.3958806221101303,4.316175937652588,4.592299461364746,0.9398724917581704
NC_010465.1,NT-v2-50M,16,100000,0.4681378730559058,4.326325416564941,4.363739013671875,0.9914262523515466
NC_010465.1,NT-v2-50M,16,250000,0.4179907524169819,4.296175956726074,4.467134475708008,0.961729712881581
NC_010465.1,NT-v2-50M,16,1000000,0.39827658680117695,4.234213352203369,4.505264759063721,0.9398367418218766
NC_010465.1,NT-v2-50M,24,0,0.47070197562000843,5.375953674316406,5.447534561157227,0.9868599481036401
NC_010465.1,NT-v2-50M,24,100000,0.5153846153846153,5.363482475280762,5.253040313720703,1.0210244268012922
NC_010465.1,NT-v2-50M,24,250000,0.49861286254728876,5.349416732788086,5.335598468780518,1.002589824569525
NC_010465.1,NT-v2-50M,24,1000000,0.5047078604455654,5.294620513916016,5.334342956542969,0.9925534516714508
NC_010465.1,NT-v2-50M,48,0,0.4674653215636822,7.359311103820801,7.4815497398376465,0.983661321481838
NC_010465.1,NT-v2-50M,48,100000,0.4726355611601513,7.362085819244385,7.368297576904297,0.9991569616190065
NC_010465.1,NT-v2-50M,48,250000,0.476712904581757,7.32396125793457,7.388540267944336,0.9912595712186958
NC_010465.1,NT-v2-50M,48,1000000,0.47692307692307695,7.243549823760986,7.354687213897705,0.9848889032389155
NC_010465.1,compositional,11,0,0.526860025220681,4.074468070863458,3.6518988789891504,1.1157121831345107
NC_010473.1,DNABERT-S,8,0,0.8809874361994503,3.23787784576416,2.689476251602173,1.2039064646268187
NC_010473.1,DNABERT-S,8,100000,0.8956370239497448,3.230678081512451,2.7066173553466797,1.193622022385446
NC_010473.1,DNABERT-S,8,250000,0.8598841774636827,3.232731819152832,2.708733320236206,1.1934477990143868
NC_010473.1,DNABERT-S,8,1000000,0.830290537887711,3.1861634254455566,2.7082347869873047,1.1764723799999295
NC_010473.1,DNABERT-S,16,0,0.9734491558696505,5.158227443695068,3.8426413536071777,1.3423650476391504
NC_010473.1,DNABERT-S,16,100000,0.9742834707499018,5.171578884124756,3.8747947216033936,1.3346717066819869
NC_010473.1,DNABERT-S,16,250000,0.9546525323910483,5.1113972663879395,3.871377468109131,1.3203045449568271
NC_010473.1,DNABERT-S,16,1000000,0.9317824892029839,5.03188943862915,3.8755314350128174,1.2983740483097148
NC_010473.1,DNABERT-S,24,0,0.9497447978013349,6.205774307250977,4.765668869018555,1.3021832774816766
NC_010473.1,DNABERT-S,24,100000,0.9582351786415391,6.24254035949707,4.802369594573975,1.2998875318864032
NC_010473.1,DNABERT-S,24,250000,0.9332057322340008,6.182425498962402,4.80231237411499,1.2873851214440732
NC_010473.1,DNABERT-S,24,1000000,0.9104829210836278,6.107861518859863,4.81385612487793,1.2688084895795981
NC_010473.1,DNABERT-S,48,0,0.9645661562622694,8.94326114654541,6.824498176574707,1.310464288384371
NC_010473.1,DNABERT-S,48,100000,0.9686395759717314,8.979686737060547,6.867903232574463,1.307485914255445
NC_010473.1,DNABERT-S,48,250000,0.9496466431095406,8.916752815246582,6.89564847946167,1.293098515941563
NC_010473.1,DNABERT-S,48,1000000,0.9223596387907342,8.777398109436035,6.925968647003174,1.2673170435494194
NC_010473.1,DNABERT-2,8,0,0.8633686690223793,3.9176411628723145,2.99731707572937,1.3070492923805839
NC_010473.1,DNABERT-2,8,100000,0.8471240675304279,3.7830777168273926,2.9516260623931885,1.2816927472716717
NC_010473.1,DNABERT-2,8,250000,0.8496270121711818,3.85125732421875,2.97428035736084,1.2948534978175614
NC_010473.1,DNABERT-2,8,1000000,0.8397624656458579,3.8187365531921387,2.990546226501465,1.2769361394087342
NC_010473.1,DNABERT-2,16,0,0.8217510797016098,5.187380313873291,4.155987739562988,1.2481702639524042
NC_010473.1,DNABERT-2,16,100000,0.8147820965842167,5.093579292297363,4.131377696990967,1.232900902768392
NC_010473.1,DNABERT-2,16,250000,0.7972124067530428,5.0991973876953125,4.1464972496032715,1.2297602242912842
NC_010473.1,DNABERT-2,16,1000000,0.7879367883784845,5.061607360839844,4.169673442840576,1.2139097774025298
NC_010473.1,DNABERT-2,24,0,0.8588044758539458,6.208840847015381,5.006137847900391,1.2402456815326035
NC_010473.1,DNABERT-2,24,100000,0.8427071063996859,6.1083149909973145,4.996565341949463,1.2225027739983665
NC_010473.1,DNABERT-2,24,250000,0.8243031016882607,6.079718589782715,5.004152774810791,1.2149346479559853
NC_010473.1,DNABERT-2,24,1000000,0.8020219866509619,6.009828567504883,5.033751010894775,1.1939066025509681
NC_010473.1,DNABERT-2,48,0,0.8890851982724775,8.365092277526855,6.987233638763428,1.1971965888072515
NC_010473.1,DNABERT-2,48,100000,0.8673439340400471,8.2291841506958,6.996391296386719,1.176204103241875
NC_010473.1,DNABERT-2,48,250000,0.8486454652532391,8.211023330688477,7.010864734649658,1.171185530096922
NC_010473.1,DNABERT-2,48,1000000,0.8187082842559874,8.133825302124023,7.043576717376709,1.154786215653425
NC_010473.1,NT-v2-50M,8,0,0.41583235178641537,2.8001928329467773,3.050816297531128,0.9178503586770638
NC_010473.1,NT-v2-50M,8,100000,0.4112190812720848,2.7949059009552,3.0432493686676025,0.9183952947565608
NC_010473.1,NT-v2-50M,8,250000,0.42240871613663133,2.81335186958313,3.0434398651123047,0.9243987048448928
NC_010473.1,NT-v2-50M,8,1000000,0.435855908912446,2.789685010910034,3.01086688041687,0.9265388081600565
NC_010473.1,NT-v2-50M,16,0,0.5068708284255987,4.1682329177856445,4.207147121429443,0.9907504533308127
NC_010473.1,NT-v2-50M,16,100000,0.5020121711817825,4.149488925933838,4.196285724639893,0.9888480428224247
NC_010473.1,NT-v2-50M,16,250000,0.48630742049469966,4.135270118713379,4.199001312255859,0.9848222973028218
NC_010473.1,NT-v2-50M,16,1000000,0.4597565763643502,4.06235408782959,4.2018351554870605,0.9668047263883434
NC_010473.1,NT-v2-50M,24,0,0.5306242638398115,5.082585334777832,5.069216251373291,1.002637307769405
NC_010473.1,NT-v2-50M,24,100000,0.5416175893207695,5.131546497344971,5.08959436416626,1.0082427262718772
NC_010473.1,NT-v2-50M,24,250000,0.5198763250883393,5.087095737457275,5.094888210296631,0.9984705311446075
NC_010473.1,NT-v2-50M,24,1000000,0.47124067530427954,4.982415676116943,5.109326362609863,0.975160974757523
NC_010473.1,NT-v2-50M,48,0,0.5112387122104437,7.058861255645752,7.104089260101318,0.9936335253120228
NC_010473.1,NT-v2-50M,48,100000,0.4943561052218296,7.082732200622559,7.140191555023193,0.9919526872692636
NC_010473.1,NT-v2-50M,48,250000,0.4885649784059678,7.036834716796875,7.14117431640625,0.985389013769113
NC_010473.1,NT-v2-50M,48,1000000,0.43968394189242244,6.943660736083984,7.171452045440674,0.9682363755745239
NC_010473.1,compositional,11,0,0.8213584609344327,5.381347095452647,3.1189476036532753,1.7253727151906575
NC_010498.1,DNABERT-S,8,0,0.7056406644362271,2.905207633972168,2.6209521293640137,1.10845505395672
NC_010498.1,DNABERT-S,8,100000,0.6240339652912289,2.80320143699646,2.647906541824341,1.0586481783700437
NC_010498.1,DNABERT-S,8,250000,0.6727514625031794,2.8511931896209717,2.624143362045288,1.0865234083090332
NC_010498.1,DNABERT-S,8,1000000,0.739566825145272,2.958142042160034,2.628739356994629,1.1253082335032267
NC_010498.1,DNABERT-S,16,0,0.7772103852399679,4.345310688018799,3.8288795948028564,1.1348778618990585
NC_010498.1,DNABERT-S,16,100000,0.7758016865254055,4.298285961151123,3.86140775680542,1.1131396195016547
NC_010498.1,DNABERT-S,16,250000,0.7777190819980043,4.30905294418335,3.835188865661621,1.1235569081784922
NC_010498.1,DNABERT-S,16,1000000,0.8473714073291464,4.501339912414551,3.8166940212249756,1.179381917277675
NC_010498.1,DNABERT-S,24,0,0.7425407446537927,5.399571895599365,4.741334915161133,1.138829463055525
NC_010498.1,DNABERT-S,24,100000,0.7423255267946235,5.345396995544434,4.7815680503845215,1.1179171642479437
NC_010498.1,DNABERT-S,24,250000,0.740055956643384,5.3358354568481445,4.741142749786377,1.1254323563846633
NC_010498.1,DNABERT-S,24,1000000,0.8539648999236955,5.72376823425293,4.739012718200684,1.2077976098840562
NC_010498.1,DNABERT-S,48,0,0.7197667821017002,7.7130279541015625,6.818857669830322,1.1311319765812755
NC_010498.1,DNABERT-S,48,100000,0.7224472227113538,7.699311256408691,6.882791042327881,1.1186321376109436
NC_010498.1,DNABERT-S,48,250000,0.7284146269883195,7.683332443237305,6.823280334472656,1.1260467204343756
NC_010498.1,DNABERT-S,48,1000000,0.853945334663771,8.177355766296387,6.81207275390625,1.2004210849931458
NC_010498.1,DNABERT-2,8,0,0.601162176439514,3.1266510486602783,2.9803059101104736,1.0491040661474849
NC_010498.1,DNABERT-2,8,100000,0.6528340279000606,3.074915647506714,2.906790018081665,1.057838931735428
NC_010498.1,DNABERT-2,8,250000,0.6262839701825439,3.0651769638061523,2.9309167861938477,1.045808252982391
NC_010498.1,DNABERT-2,8,1000000,0.6726927667234059,3.251352548599243,2.9175450801849365,1.1144138168357445
NC_010498.1,DNABERT-2,16,0,0.6031578329518108,4.453913688659668,4.132218360900879,1.0778505150653885
NC_010498.1,DNABERT-2,16,100000,0.631077458864041,4.409383773803711,4.08740234375,1.0787740973300681
NC_010498.1,DNABERT-2,16,250000,0.5976599949130325,4.3696208000183105,4.101952075958252,1.0652539861762107
NC_010498.1,DNABERT-2,16,1000000,0.6641231828764845,4.571050643920898,4.0970458984375,1.115694272711021
NC_010498.1,DNABERT-2,24,0,0.618066561014263,5.295940399169922,4.986834526062012,1.0619843853836481
NC_010498.1,DNABERT-2,24,100000,0.6129013323942009,5.210791110992432,4.980044364929199,1.046334275190039
NC_010498.1,DNABERT-2,24,250000,0.5974643423137876,5.2232136726379395,4.984489440917969,1.047893417079043
NC_010498.1,DNABERT-2,24,1000000,0.6986363013832638,5.528299808502197,4.977585315704346,1.1106388856983205
NC_010498.1,DNABERT-2,48,0,0.6870145369881239,7.548229694366455,7.008568286895752,1.077000235337613
NC_010498.1,DNABERT-2,48,100000,0.6945862925788969,7.527851104736328,7.003786087036133,1.0748259600147168
NC_010498.1,DNABERT-2,48,250000,0.6836101817612646,7.5011091232299805,6.994599342346191,1.0724144094740802
NC_010498.1,DNABERT-2,48,1000000,0.7528712018939172,7.808140754699707,7.007112979888916,1.1143163778163443
NC_010498.1,NT-v2-50M,8,0,0.5674903641094872,3.040125608444214,2.896918773651123,1.0494341905943743
NC_010498.1,NT-v2-50M,8,100000,0.5315294163682964,2.972968101501465,2.8999388217926025,1.0251830415042062
NC_010498.1,NT-v2-50M,8,250000,0.5469272759288607,3.0002424716949463,2.8976659774780273,1.0353996958290534
NC_010498.1,NT-v2-50M,8,1000000,0.5532272896245427,3.0447516441345215,2.896857738494873,1.0510532166196362
NC_010498.1,NT-v2-50M,16,0,0.5902643266615797,4.339629173278809,4.117728233337402,1.053889165910679
NC_010498.1,NT-v2-50M,16,100000,0.5450294457161864,4.238003730773926,4.126982688903809,1.0269012618271016
NC_010498.1,NT-v2-50M,16,250000,0.5659055780556045,4.2788987159729,4.1247148513793945,1.0373804905669888
NC_010498.1,NT-v2-50M,16,1000000,0.6308818062647962,4.458431243896484,4.112679958343506,1.0840695821350124
NC_010498.1,NT-v2-50M,24,0,0.6059360998610867,5.250545978546143,4.991271495819092,1.0519455779843334
NC_010498.1,NT-v2-50M,24,100000,0.5727534190291718,5.14849328994751,5.003157138824463,1.0290488879502184
NC_010498.1,NT-v2-50M,24,250000,0.5815969165150359,5.181111812591553,5.003933906555176,1.0354077230724956
NC_010498.1,NT-v2-50M,24,1000000,0.6590557805560446,5.4725847244262695,4.970039367675781,1.1011149650079133
NC_010498.1,NT-v2-50M,48,0,0.5523664181878656,7.228786945343018,7.030206680297852,1.0282467179239108
NC_010498.1,NT-v2-50M,48,100000,0.518577214298292,7.174070835113525,7.079661846160889,1.0133352398750277
NC_010498.1,NT-v2-50M,48,250000,0.5298468040147913,7.186489582061768,7.053102493286133,1.0189118319069665
NC_010498.1,NT-v2-50M,48,1000000,0.6425427011797852,7.6302571296691895,7.029125690460205,1.0855200868046546
NC_010498.1,compositional,11,0,0.7807908278061474,5.011690014712594,2.976703664820991,1.683637533000444
NC_010515.1,DNABERT-S,8,0,0.8384500351864884,3.778557777404785,2.628431558609009,1.4375713018011524
NC_010515.1,DNABERT-S,8,100000,0.6996466690124326,2.9861838817596436,2.650406837463379,1.1266888688747974
NC_010515.1,DNABERT-S,8,250000,0.795925697865353,3.379958391189575,2.621779441833496,1.2891848708775668
NC_010515.1,DNABERT-S,8,1000000,0.8930404058174994,3.6847927570343018,2.662692070007324,1.3838598907248656
NC_010515.1,DNABERT-S,16,0,0.8487567440769411,5.206323623657227,3.8238162994384766,1.3615517106357253
NC_010515.1,DNABERT-S,16,100000,0.7881040347173353,4.598017692565918,3.8548667430877686,1.1927825263508023
NC_010515.1,DNABERT-S,16,250000,0.8204316209242317,4.874979019165039,3.8250226974487305,1.2744967559059515
NC_010515.1,DNABERT-S,16,1000000,0.8712614356087263,5.104384899139404,3.86661434173584,1.3201174071184694
NC_010515.1,DNABERT-S,24,0,0.8580958245367112,6.620825290679932,4.681723594665527,1.4141854291064653
NC_010515.1,DNABERT-S,24,100000,0.8239502697630776,6.14878511428833,4.741980075836182,1.2966703815608247
NC_010515.1,DNABERT-S,24,250000,0.8408837673000235,6.359223365783691,4.700337886810303,1.3529289848775372
NC_010515.1,DNABERT-S,24,1000000,0.9022841895378841,6.557196140289307,4.718862056732178,1.3895714817377347
NC_010515.1,DNABERT-S,48,0,0.8301225662678865,9.270442962646484,6.806172847747803,1.3620639924997087
NC_010515.1,DNABERT-S,48,100000,0.8104474548440066,8.934046745300293,6.878218650817871,1.2988896106462053
NC_010515.1,DNABERT-S,48,250000,0.8178219563687544,9.050558090209961,6.819122314453125,1.327232108892857
NC_010515.1,DNABERT-S,48,1000000,0.8995279146141215,9.180377006530762,6.782549858093262,1.3535288643070273
NC_010515.1,DNABERT-2,8,0,0.6689244663382594,3.461629867553711,3.0448801517486572,1.136869004701455
NC_010515.1,DNABERT-2,8,100000,0.4528061224489796,2.931608200073242,3.0025651454925537,0.9763678914591305
NC_010515.1,DNABERT-2,8,250000,0.6310550082101807,3.247680425643921,2.9735469818115234,1.092190722228102
NC_010515.1,DNABERT-2,8,1000000,0.7588112831339432,3.444937229156494,2.919656753540039,1.1799117224925706
NC_010515.1,DNABERT-2,16,0,0.6526800375322542,4.755772113800049,4.1712646484375,1.1401271591773727
NC_010515.1,DNABERT-2,16,100000,0.4941502463054187,4.380496501922607,4.181093215942383,1.0476916623671306
NC_010515.1,DNABERT-2,16,250000,0.6090781140042224,4.587685585021973,4.147995471954346,1.106000625130978
NC_010515.1,DNABERT-2,16,1000000,0.7157518179685667,4.813859462738037,4.1243791580200195,1.1671719011035384
NC_010515.1,DNABERT-2,24,0,0.6605090311986864,5.816405296325684,5.067631721496582,1.1477561148835758
NC_010515.1,DNABERT-2,24,100000,0.529629955430448,5.389277458190918,5.075279712677002,1.061868067040643
NC_010515.1,DNABERT-2,24,250000,0.6171123621862538,5.6008524894714355,5.030605792999268,1.1133554724692878
NC_010515.1,DNABERT-2,24,1000000,0.7331104855735397,5.8905510902404785,5.006146430969238,1.1766637615312445
NC_010515.1,DNABERT-2,48,0,0.692895261552897,8.02182388305664,7.136404037475586,1.1240708683156708
NC_010515.1,DNABERT-2,48,100000,0.6183878723903354,7.725320339202881,7.178653240203857,1.0761517628317006
NC_010515.1,DNABERT-2,48,250000,0.6574008913910392,7.839870929718018,7.144993305206299,1.097253782450067
NC_010515.1,DNABERT-2,48,1000000,0.7786036828524513,8.127972602844238,7.104036331176758,1.144134436246312
NC_010515.1,NT-v2-50M,8,0,0.42190065681444994,2.6913154125213623,2.853348731994629,0.9432129281442589
NC_010515.1,NT-v2-50M,8,100000,0.16571369927281257,2.276723861694336,2.9839766025543213,0.7629831479728869
NC_010515.1,NT-v2-50M,8,250000,0.24092481820314332,2.4256904125213623,2.919987678527832,0.8307194000710033
NC_010515.1,NT-v2-50M,8,1000000,0.39033544452263663,2.6874473094940186,2.913130760192871,0.9225288978501224
NC_010515.1,NT-v2-50M,16,0,0.4735001759324419,4.066770076751709,4.07896614074707,0.9970100109747104
NC_010515.1,NT-v2-50M,16,100000,0.26454374853389634,3.7816362380981445,4.227259635925293,0.8945833858795836
NC_010515.1,NT-v2-50M,16,250000,0.3252404410039878,3.8633294105529785,4.1772637367248535,0.9248468983627037
NC_010515.1,NT-v2-50M,16,1000000,0.4735808116349988,4.123758316040039,4.143503665924072,0.9952346247340342
NC_010515.1,NT-v2-50M,24,0,0.5629838142153413,5.188015460968018,4.959639072418213,1.0460469774544408
NC_010515.1,NT-v2-50M,24,100000,0.3870220501993901,4.905130863189697,5.105475902557373,0.960758792482534
NC_010515.1,NT-v2-50M,24,250000,0.4424554304480413,4.977869987487793,5.055739879608154,0.9845977257583124
NC_010515.1,NT-v2-50M,24,1000000,0.5664584799437016,5.22849178314209,5.021310806274414,1.041260337163115
NC_010515.1,NT-v2-50M,48,0,0.6299261083743842,7.354924201965332,6.9470014572143555,1.0587192542369996
NC_010515.1,NT-v2-50M,48,100000,0.4948539760731879,7.136149883270264,7.079305648803711,1.008029634159977
NC_010515.1,NT-v2-50M,48,250000,0.5352597935726014,7.159485340118408,7.020412921905518,1.0198097205620127
NC_010515.1,NT-v2-50M,48,1000000,0.6604943701618579,7.42742395401001,6.984681606292725,1.0633876206065578
NC_010515.1,compositional,11,0,0.8985816548841759,8.023066291243035,2.812857821578092,2.8522829094653175
NC_010501.1,DNABERT-S,8,0,0.8934332833583208,3.559635877609253,2.5974960327148438,1.3704105156568045
NC_010501.1,DNABERT-S,8,100000,0.8419190404797601,3.3971054553985596,2.6330251693725586,1.2901910300417214
NC_010501.1,DNABERT-S,8,250000,0.8624587706146927,3.4806342124938965,2.613882541656494,1.3315954933032745
NC_010501.1,DNABERT-S,8,1000000,0.8919640179910044,3.5561347007751465,2.5789241790771484,1.3789217727400138
NC_010501.1,DNABERT-S,16,0,0.8864467766116941,5.400920391082764,3.8948848247528076,1.386670115829558
NC_010501.1,DNABERT-S,16,100000,0.8712743628185907,5.297679901123047,3.899423599243164,1.3585802532844262
NC_010501.1,DNABERT-S,16,250000,0.8743628185907046,5.358425140380859,3.912412166595459,1.3695962777469088
NC_010501.1,DNABERT-S,16,1000000,0.8832383808095952,5.366822719573975,3.8732192516326904,1.3856232686315604
NC_010501.1,DNABERT-S,24,0,0.8774512743628186,6.882436275482178,4.801742076873779,1.433320691802558
NC_010501.1,DNABERT-S,24,100000,0.8731334332833584,6.789433002471924,4.803296089172363,1.4134945829753718
NC_010501.1,DNABERT-S,24,250000,0.8717241379310345,6.847959518432617,4.8138651847839355,1.4225490859358123
NC_010501.1,DNABERT-S,24,1000000,0.8796701649175412,6.8545756340026855,4.743117809295654,1.4451624247175465
NC_010501.1,DNABERT-S,48,0,0.8919940029985007,9.819663047790527,6.860950946807861,1.4312393608293092
NC_010501.1,DNABERT-S,48,100000,0.8825787106446776,9.787308692932129,6.892334938049316,1.4200280138594301
NC_010501.1,DNABERT-S,48,250000,0.8875262368815592,9.8392915725708,6.876707077026367,1.4308144090420554
NC_010501.1,DNABERT-S,48,1000000,0.8924437781109446,9.76867961883545,6.776344299316406,1.441585490250386
NC_010501.1,DNABERT-2,8,0,0.6866866566716642,3.475093126296997,2.944087028503418,1.1803635873031606
NC_010501.1,DNABERT-2,8,100000,0.6013493253373313,3.224311351776123,2.932832956314087,1.099384588145231
NC_010501.1,DNABERT-2,8,250000,0.6245877061469265,3.2797939777374268,2.928462505340576,1.1199713063616608
NC_010501.1,DNABERT-2,8,1000000,0.6792503748125936,3.421508550643921,2.8960421085357666,1.1814429564264275
NC_010501.1,DNABERT-2,16,0,0.6058470764617692,4.546788215637207,4.2507195472717285,1.0696514237349548
NC_010501.1,DNABERT-2,16,100000,0.5456971514242879,4.335905075073242,4.2193169593811035,1.0276319880242513
NC_010501.1,DNABERT-2,16,250000,0.5911544227886057,4.417409896850586,4.205824851989746,1.0503076215265457
NC_010501.1,DNABERT-2,16,1000000,0.6259670164917541,4.504144668579102,4.15210485458374,1.0847858679692843
NC_010501.1,DNABERT-2,24,0,0.6697751124437781,5.628255844116211,5.078965187072754,1.108150112633483
NC_010501.1,DNABERT-2,24,100000,0.624767616191904,5.452612400054932,5.052640438079834,1.0791609786757554
NC_010501.1,DNABERT-2,24,250000,0.6474362818590704,5.516075611114502,5.044193744659424,1.0935495126361248
NC_010501.1,DNABERT-2,24,1000000,0.6810194902548725,5.572416305541992,4.985986232757568,1.1176156622598796
NC_010501.1,DNABERT-2,48,0,0.7133733133433283,7.808887481689453,7.077131271362305,1.1033972922458297
NC_010501.1,DNABERT-2,48,100000,0.6937331334332834,7.694118022918701,7.050192356109619,1.0913344819948159
NC_010501.1,DNABERT-2,48,250000,0.7048575712143929,7.744713306427002,7.043611526489258,1.0995372583086214
NC_010501.1,DNABERT-2,48,1000000,0.7253373313343329,7.753358840942383,6.964937686920166,1.1131985940811553
NC_010501.1,NT-v2-50M,8,0,0.363928035982009,2.7908754348754883,3.0265414714813232,0.9221335511750018
NC_010501.1,NT-v2-50M,8,100000,0.2334032983508246,2.5880722999572754,3.0764095783233643,0.8412638935312926
NC_010501.1,NT-v2-50M,8,250000,0.3035082458770615,2.6701319217681885,3.028519630432129,0.8816624118719009
NC_010501.1,NT-v2-50M,8,1000000,0.41466266866566714,2.8547041416168213,3.008880615234375,0.9487595244434301
NC_010501.1,NT-v2-50M,16,0,0.31454272863568217,3.9753754138946533,4.343310356140137,0.9152869788074587
NC_010501.1,NT-v2-50M,16,100000,0.2350824587706147,3.8699100017547607,4.393118381500244,0.8809027359816313
NC_010501.1,NT-v2-50M,16,250000,0.28206896551724137,3.9225761890411377,4.340610980987549,0.903692177488962
NC_010501.1,NT-v2-50M,16,1000000,0.3457271364317841,4.0203399658203125,4.313635349273682,0.9320073766775967
NC_010501.1,NT-v2-50M,24,0,0.35349325337331333,4.925546169281006,5.228910446166992,0.9419832716568391
NC_010501.1,NT-v2-50M,24,100000,0.2672863568215892,4.79836368560791,5.282966613769531,0.9082706813064934
NC_010501.1,NT-v2-50M,24,250000,0.3165217391304348,4.828352928161621,5.2235798835754395,0.9243379130361278
NC_010501.1,NT-v2-50M,24,1000000,0.3907946026986507,4.931921005249023,5.169571399688721,0.9540289946563061
NC_010501.1,NT-v2-50M,48,0,0.3971214392803598,7.038468837738037,7.2080888748168945,0.9764680985453074
NC_010501.1,NT-v2-50M,48,100000,0.37670164917541227,6.981917381286621,7.241670608520508,0.9641307591471694
NC_010501.1,NT-v2-50M,48,250000,0.4070164917541229,7.024007797241211,7.192368507385254,0.9765917569474969
NC_010501.1,NT-v2-50M,48,1000000,0.4380509745127436,7.0340070724487305,7.109806537628174,0.9893387443415964
NC_010501.1,compositional,11,0,0.8178110944527737,6.803516302233531,3.058929596664575,2.2241493591915336
NC_010551.1,DNABERT-S,8,0,0.7828660436137072,3.135523557662964,2.746436357498169,1.1416698403014258
NC_010551.1,DNABERT-S,8,100000,0.6135514018691589,2.807609796524048,2.7250144481658936,1.0303100588746406
NC_010551.1,DNABERT-S,8,250000,0.6085669781931464,2.7846572399139404,2.731774091720581,1.0193585364008089
NC_010551.1,DNABERT-S,8,1000000,0.6729750778816199,2.922595500946045,2.7309958934783936,1.070157413244447
NC_010551.1,DNABERT-S,16,0,0.8736760124610592,4.739642143249512,3.9696316719055176,1.1939752941799688
NC_010551.1,DNABERT-S,16,100000,0.765031152647975,4.450634956359863,3.9785430431365967,1.1186594962288203
NC_010551.1,DNABERT-S,16,250000,0.7737538940809969,4.475588321685791,3.9764816761016846,1.1255146348551521
NC_010551.1,DNABERT-S,16,1000000,0.7595794392523364,4.475331783294678,3.9488372802734375,1.1333289942463223
NC_010551.1,DNABERT-S,24,0,0.9189252336448598,6.2767791748046875,4.880414962768555,1.2861158779916544
NC_010551.1,DNABERT-S,24,100000,0.8890965732087227,5.924835681915283,4.8945698738098145,1.2104915926562378
NC_010551.1,DNABERT-S,24,250000,0.8828660436137071,5.955387592315674,4.887215614318848,1.218564528822349
NC_010551.1,DNABERT-S,24,1000000,0.8707165109034268,6.008367538452148,4.862699031829834,1.2356034167698016
NC_010551.1,DNABERT-S,48,0,0.9359034267912772,9.424545288085938,6.958308696746826,1.3544304656233683
NC_010551.1,DNABERT-S,48,100000,0.9200155763239876,9.178282737731934,7.00029182434082,1.311128588356558
NC_010551.1,DNABERT-S,48,250000,0.9199376947040498,9.14709186553955,6.968963146209717,1.3125470279627574
NC_010551.1,DNABERT-S,48,1000000,0.8964174454828661,8.9949312210083,6.928159236907959,1.2983147346109127
NC_010551.1,DNABERT-2,8,0,0.9493380062305296,4.518463611602783,2.68192458152771,1.6847839953161254
NC_010551.1,DNABERT-2,8,100000,0.9118769470404985,4.043390274047852,2.7755138874053955,1.456807797790445
NC_010551.1,DNABERT-2,8,250000,0.9121105919003115,4.1302876472473145,2.7276086807250977,1.514252273954977
NC_010551.1,DNABERT-2,8,1000000,0.9241043613707165,4.269822597503662,2.71439790725708,1.5730275160056952
NC_010551.1,DNABERT-2,16,0,0.8950545171339563,7.049426555633545,3.9237992763519287,1.7965818481386753
NC_010551.1,DNABERT-2,16,100000,0.8832165109034268,6.6646199226379395,3.9819540977478027,1.6737058637635867
NC_010551.1,DNABERT-2,16,250000,0.8586059190031152,6.683548450469971,3.952587604522705,1.6909298715662604
NC_010551.1,DNABERT-2,16,1000000,0.8782320872274143,6.813722610473633,3.9351272583007812,1.731512645772948
NC_010551.1,DNABERT-2,24,0,0.8805685358255452,8.841273307800293,4.873558521270752,1.8141309413260072
NC_010551.1,DNABERT-2,24,100000,0.8801791277258567,8.464244842529297,4.92953634262085,1.7170468486756658
NC_010551.1,DNABERT-2,24,250000,0.8438084112149533,8.449019432067871,4.902346611022949,1.7234643125947504
NC_010551.1,DNABERT-2,24,1000000,0.8604750778816199,8.59052562713623,4.872655868530273,1.7630068404004424
NC_010551.1,DNABERT-2,48,0,0.9349299065420561,11.298280715942383,6.902772426605225,1.6367743303249624
NC_010551.1,DNABERT-2,48,100000,0.9350077881619938,10.986801147460938,6.96156644821167,1.578208184780495
NC_010551.1,DNABERT-2,48,250000,0.9093847352024922,10.994240760803223,6.93534517288208,1.5852478120039137
NC_010551.1,DNABERT-2,48,1000000,0.9086059190031153,11.00510025024414,6.902472972869873,1.5943706398416362
NC_010551.1,NT-v2-50M,8,0,0.470404984423676,2.778904676437378,2.7643983364105225,1.0052475577907096
NC_010551.1,NT-v2-50M,8,100000,0.2742601246105919,2.469243288040161,2.8179233074188232,0.8762634815288681
NC_010551.1,NT-v2-50M,8,250000,0.24295171339563862,2.3834452629089355,2.795758008956909,0.8525220191708199
NC_010551.1,NT-v2-50M,8,1000000,0.33383956386292835,2.5947859287261963,2.7938482761383057,0.9287497645766019
NC_010551.1,NT-v2-50M,16,0,0.7720794392523365,4.640222549438477,3.9696524143218994,1.168924143760613
NC_010551.1,NT-v2-50M,16,100000,0.657126168224299,4.379478454589844,4.0283074378967285,1.0871758231234878
NC_010551.1,NT-v2-50M,16,250000,0.6194704049844236,4.306079387664795,3.995927095413208,1.0776171048284642
NC_010551.1,NT-v2-50M,16,1000000,0.6776869158878505,4.444997310638428,3.9847731590270996,1.1154956965539524
NC_010551.1,NT-v2-50M,24,0,0.8931853582554518,7.169204235076904,4.889993667602539,1.4660968341482157
NC_010551.1,NT-v2-50M,24,100000,0.854595015576324,6.925621509552002,4.9093451499938965,1.410701691968146
NC_010551.1,NT-v2-50M,24,250000,0.8422897196261683,6.97421407699585,4.896387577056885,1.424359074366393
NC_010551.1,NT-v2-50M,24,1000000,0.8566588785046729,6.958353519439697,4.894933700561523,1.4215419339880881
NC_010551.1,NT-v2-50M,48,0,0.8033489096573209,9.265103340148926,6.9200334548950195,1.3388812930658702
NC_010551.1,NT-v2-50M,48,100000,0.7807632398753894,9.101969718933105,6.937904357910156,1.3119191688705856
NC_010551.1,NT-v2-50M,48,250000,0.770404984423676,9.078533172607422,6.917551517486572,1.3123911183976296
NC_010551.1,NT-v2-50M,48,1000000,0.7758566978193147,9.025629997253418,6.906145095825195,1.3068984030916848
NC_010551.1,compositional,11,0,0.9738317757009346,8.34359046843942,3.033108586691752,2.7508380362800904
NC_010582.1,DNABERT-S,8,0,0.6915824915824916,3.1164824962615967,2.800206422805786,1.1129474137620556
NC_010582.1,DNABERT-S,8,100000,0.534006734006734,2.8758583068847656,2.7995595932006836,1.0272538273053338
NC_010582.1,DNABERT-S,8,250000,0.5824915824915825,3.0639801025390625,2.8888604640960693,1.0606189328350923
NC_010582.1,DNABERT-S,8,1000000,0.5885521885521886,3.078979969024658,2.9114599227905273,1.057538159781217
NC_010582.1,DNABERT-S,16,0,0.5737373737373738,4.275138854980469,4.161578178405762,1.0272878873606095
NC_010582.1,DNABERT-S,16,100000,0.48282828282828283,4.074358940124512,4.103318214416504,0.9929424741687721
NC_010582.1,DNABERT-S,16,250000,0.428956228956229,4.1924567222595215,4.2383012771606445,0.9891832713384086
NC_010582.1,DNABERT-S,16,1000000,0.44377104377104376,4.19560432434082,4.191420078277588,1.0009982884046669
NC_010582.1,DNABERT-S,24,0,0.6808080808080809,5.353721618652344,4.970611095428467,1.0770751354046242
NC_010582.1,DNABERT-S,24,100000,0.6861952861952862,5.2616376876831055,4.919637680053711,1.0695173160852895
NC_010582.1,DNABERT-S,24,250000,0.5313131313131313,5.281510353088379,5.116025447845459,1.0323463803942983
NC_010582.1,DNABERT-S,24,1000000,0.5070707070707071,5.220104694366455,5.126498222351074,1.0182593396028627
NC_010582.1,DNABERT-S,48,0,0.7212121212121212,7.7111616134643555,7.170046806335449,1.0754687970308336
NC_010582.1,DNABERT-S,48,100000,0.665993265993266,7.594145774841309,7.099976062774658,1.0696016025543513
NC_010582.1,DNABERT-S,48,250000,0.6289562289562289,7.674047470092773,7.332915782928467,1.0465206061630334
NC_010582.1,DNABERT-S,48,1000000,0.5764309764309764,7.531464576721191,7.318358898162842,1.0291193260024247
NC_010582.1,DNABERT-2,8,0,0.5367003367003367,3.2970094680786133,3.469583034515381,0.9502610069509773
NC_010582.1,DNABERT-2,8,100000,0.2983164983164983,2.916644811630249,3.758617401123047,0.7759887480856065
NC_010582.1,DNABERT-2,8,250000,0.4202020202020202,3.1954195499420166,3.8720312118530273,0.8252566611963836
NC_010582.1,DNABERT-2,8,1000000,0.4727272727272727,3.2619667053222656,3.7206685543060303,0.876715207955598
NC_010582.1,DNABERT-2,16,0,0.49696969696969695,4.250776290893555,4.605906009674072,0.9228968810838484
NC_010582.1,DNABERT-2,16,100000,0.2936026936026936,3.9087746143341064,4.801633834838867,0.8140509561502781
NC_010582.1,DNABERT-2,16,250000,0.362962962962963,4.114201068878174,4.923778057098389,0.8355780908822475
NC_010582.1,DNABERT-2,16,1000000,0.367003367003367,4.1822662353515625,4.924385070800781,0.8492971559333116
NC_010582.1,DNABERT-2,24,0,0.39730639730639733,4.989080429077148,5.4943976402282715,0.908030462256436
NC_010582.1,DNABERT-2,24,100000,0.23030303030303031,4.7314348220825195,5.732443809509277,0.825378316702166
NC_010582.1,DNABERT-2,24,250000,0.2956228956228956,4.903006076812744,5.796184539794922,0.845902341988963
NC_010582.1,DNABERT-2,24,1000000,0.298989898989899,4.937275409698486,5.829092025756836,0.847005912392924
NC_010582.1,DNABERT-2,48,0,0.3265993265993266,6.9456868171691895,7.662772178649902,0.9064195900957798
NC_010582.1,DNABERT-2,48,100000,0.2047138047138047,6.738879203796387,7.871573448181152,0.8561031981926699
NC_010582.1,DNABERT-2,48,250000,0.23030303030303031,6.8699951171875,7.96735143661499,0.8622683675801662
NC_010582.1,DNABERT-2,48,1000000,0.20202020202020202,6.841334342956543,8.047024726867676,0.8501694197750463
NC_010582.1,NT-v2-50M,8,0,0.5501683501683502,3.273509979248047,3.11124324798584,1.0521549484654584
NC_010582.1,NT-v2-50M,8,100000,0.5050505050505051,3.045726776123047,2.976919174194336,1.0231136950324937
NC_010582.1,NT-v2-50M,8,250000,0.49292929292929294,3.087872266769409,3.0900723934173584,0.9992880015844819
NC_010582.1,NT-v2-50M,8,1000000,0.48013468013468014,3.061974048614502,3.192854404449463,0.9590083545142021
NC_010582.1,NT-v2-50M,16,0,0.4417508417508417,4.483565807342529,4.611838340759277,0.9721862467981413
NC_010582.1,NT-v2-50M,16,100000,0.36632996632996634,4.21826171875,4.601387977600098,0.91673680621691
NC_010582.1,NT-v2-50M,16,250000,0.3872053872053872,4.37081241607666,4.727494239807129,0.9245516111416731
NC_010582.1,NT-v2-50M,16,1000000,0.36498316498316496,4.3207573890686035,4.794686317443848,0.9011553838984182
NC_010582.1,NT-v2-50M,24,0,0.4316498316498317,5.304213523864746,5.473175525665283,0.9691290730567244
NC_010582.1,NT-v2-50M,24,100000,0.3542087542087542,5.0926008224487305,5.4407782554626465,0.936005950497185
NC_010582.1,NT-v2-50M,24,250000,0.3373737373737374,5.122956275939941,5.618899345397949,0.9117366161997188
NC_010582.1,NT-v2-50M,24,1000000,0.32861952861952864,5.10743522644043,5.72580623626709,0.892002805489659
NC_010582.1,NT-v2-50M,48,0,0.21346801346801347,6.857272148132324,7.478756427764893,0.9169000507456952
NC_010582.1,NT-v2-50M,48,100000,0.19326599326599325,6.738801002502441,7.489331245422363,0.8997867475312082
NC_010582.1,NT-v2-50M,48,250000,0.19663299663299663,6.736936569213867,7.634757041931152,0.8824035306184166
NC_010582.1,NT-v2-50M,48,1000000,0.1595959595959596,6.647738456726074,7.777740955352783,0.8547132766296336
NC_010582.1,compositional,11,0,0.8202020202020202,8.658303188185952,3.083000468303311,2.8084015157321516
NC_010612.1,DNABERT-S,8,0,0.7385504960904133,2.8706352710723877,2.5599451065063477,1.1213659479558336
NC_010612.1,DNABERT-S,8,100000,0.5641426834877455,2.707759141921997,2.623281955718994,1.0322028617697137
NC_010612.1,DNABERT-S,8,250000,0.6212341481043433,2.7829337120056152,2.614640235900879,1.0643658250928547
NC_010612.1,DNABERT-S,8,1000000,0.6762558315263815,2.816138982772827,2.6031031608581543,1.0818391776084826
NC_010612.1,DNABERT-S,16,0,0.8020114659307445,4.313570022583008,3.7387702465057373,1.1537403312264185
NC_010612.1,DNABERT-S,16,100000,0.6610815428083316,4.089224338531494,3.8087663650512695,1.0736348587967142
NC_010612.1,DNABERT-S,16,250000,0.7083004796635785,4.206685543060303,3.8111424446105957,1.1037859655466438
NC_010612.1,DNABERT-S,16,1000000,0.7389570602536303,4.221986293792725,3.785914659500122,1.1151826370936158
NC_010612.1,DNABERT-S,24,0,0.8339863000197122,5.46674919128418,4.6551361083984375,1.1743478738294015
NC_010612.1,DNABERT-S,24,100000,0.7141484328799527,5.218530178070068,4.723104000091553,1.1048941920332291
NC_010612.1,DNABERT-S,24,250000,0.7688949668177936,5.352516174316406,4.731295585632324,1.1313003124494192
NC_010612.1,DNABERT-S,24,1000000,0.7814286418292923,5.367369174957275,4.70059871673584,1.141847985416728
NC_010612.1,DNABERT-S,48,0,0.8509757539917209,7.8501152992248535,6.623844146728516,1.1851298317612118
NC_010612.1,DNABERT-S,48,100000,0.7899582758394113,7.683708667755127,6.734572887420654,1.140934814456807
NC_010612.1,DNABERT-S,48,250000,0.8020894933964123,7.75390625,6.7205986976623535,1.1537523067248554
NC_010612.1,DNABERT-S,48,1000000,0.8034488139825219,7.740899562835693,6.689416408538818,1.1571860817267545
NC_010612.1,DNABERT-2,8,0,0.8315387016229713,3.7277328968048096,2.602931022644043,1.4321289593829494
NC_010612.1,DNABERT-2,8,100000,0.7487679873841908,3.3380701541900635,2.626140594482422,1.2710934674264665
NC_010612.1,DNABERT-2,8,250000,0.7983606018792299,3.6066834926605225,2.6204371452331543,1.3763671070002392
NC_010612.1,DNABERT-2,8,1000000,0.8120564754583087,3.6845896244049072,2.6102099418640137,1.4116066165059709
NC_010612.1,DNABERT-2,16,0,0.7451212300413956,4.819690704345703,3.8438405990600586,1.253873718260916
NC_010612.1,DNABERT-2,16,100000,0.6549543333990406,4.413445472717285,3.8762447834014893,1.1385879167425517
NC_010612.1,DNABERT-2,16,250000,0.7016352914120507,4.670163154602051,3.8879287242889404,1.2011956714705907
NC_010612.1,DNABERT-2,16,1000000,0.7288134897168014,4.73539924621582,3.8725194931030273,1.2228212807319847
NC_010612.1,DNABERT-2,24,0,0.7389118864577173,5.783888339996338,4.712629795074463,1.227316507237961
NC_010612.1,DNABERT-2,24,100000,0.6603053748603719,5.369472503662109,4.756749629974365,1.12881125166368
NC_010612.1,DNABERT-2,24,250000,0.7035366975491162,5.641112327575684,4.769289970397949,1.1827991928754522
NC_010612.1,DNABERT-2,24,1000000,0.7111669623496945,5.6711626052856445,4.759144306182861,1.1916349327583808
NC_010612.1,DNABERT-2,48,0,0.73140482291872,7.853579998016357,6.703348636627197,1.171590562230984
NC_010612.1,DNABERT-2,48,100000,0.6488517642420658,7.455014705657959,6.795835494995117,1.096997523137266
NC_010612.1,DNABERT-2,48,250000,0.6833234772324068,7.669363498687744,6.801902770996094,1.1275320681428407
NC_010612.1,DNABERT-2,48,1000000,0.6958858992049411,7.699833869934082,6.78751802444458,1.1344108173567844
NC_010612.1,NT-v2-50M,8,0,0.5779535449109665,2.8861641883850098,2.673527479171753,1.079534140146235
NC_010612.1,NT-v2-50M,8,100000,0.5306483671726132,2.8370931148529053,2.7411017417907715,1.035019266741782
NC_010612.1,NT-v2-50M,8,250000,0.5574200013141468,2.8917739391326904,2.734109878540039,1.0576655904834522
NC_010612.1,NT-v2-50M,8,1000000,0.5669845259215455,2.886213779449463,2.7243587970733643,1.0594103032794253
NC_010612.1,NT-v2-50M,16,0,0.6021831263552139,4.15379524230957,3.8940300941467285,1.0667085620507415
NC_010612.1,NT-v2-50M,16,100000,0.5279543662527104,4.067630290985107,3.9741854667663574,1.0235129500120643
NC_010612.1,NT-v2-50M,16,250000,0.5605452066495827,4.1194682121276855,3.9601078033447266,1.0402414319752513
NC_010612.1,NT-v2-50M,16,1000000,0.5758098429594586,4.122869491577148,3.9522318840026855,1.0431749989835228
NC_010612.1,NT-v2-50M,24,0,0.5963372264931993,5.127437591552734,4.839442729949951,1.0595099224587294
NC_010612.1,NT-v2-50M,24,100000,0.48230008541954134,4.942523002624512,4.935455322265625,1.0014320219508426
NC_010612.1,NT-v2-50M,24,250000,0.5501880872593469,5.054183006286621,4.915543079376221,1.028204396680416
NC_010612.1,NT-v2-50M,24,1000000,0.5687093435836783,5.0732221603393555,4.905535697937012,1.0341831091908806
NC_010612.1,NT-v2-50M,48,0,0.6026225441881858,7.2255635261535645,6.842900276184082,1.0559212080440945
NC_010612.1,NT-v2-50M,48,100000,0.5230838097115448,7.073129653930664,6.978732585906982,1.0135263913413604
NC_010612.1,NT-v2-50M,48,250000,0.553867698271897,7.1424336433410645,6.957502365112305,1.0265801243785526
NC_010612.1,NT-v2-50M,48,1000000,0.5696621000065707,7.137746810913086,6.933210372924805,1.0295009709768834
NC_010612.1,compositional,11,0,0.7997366759702286,5.52596744788883,2.6740066896678996,2.0665495973666137
