accession,method,genome_len,n_pred,pred_bp,precision,recall,f1,accuracy,mcc,TP,FP,TN,FN,n_matched,mabe,median_jaccard,median_signed_start,median_signed_end,within_1000,within_2500,within_5000
NC_000907.1,SSG-LUGIA-P,1830138,3,70600,0.0,0.0,0.0,49.976746889896525,0.0,0,0,8597,8605,0,,,,,,,
NC_000907.1,SSG-LUGIA-P+center,1830138,3,70600,0.0,0.0,0.0,49.976746889896525,0.0,0,0,8597,8605,0,,,,,,,
NC_000907.1,SSG-LUGIA-F,1830138,6,131100,0.0,0.0,0.0,0.0,-1.0,0,8597,0,8605,0,,,,,,,
NC_000907.1,SSG-LUGIA-F+center,1830138,6,131100,0.0,0.0,0.0,0.0,-1.0,0,8597,0,8605,0,,,,,,,
NC_000907.1,SSG-LUGIA-R,1830138,14,485300,49.62793695435636,98.43114468332365,65.9862885634154,49.23846064411115,-0.0888968384820936,8470,8597,0,135,1,34082.5,0.11052391205062961,-68030.0,-135.0,50.0,50.0,50.0
NC_000907.1,SSG-LUGIA-R+center,1830138,14,485300,50.02325311010347,100.0,66.687332894176,50.02325311010347,0.0,8605,8597,0,0,1,33947.5,0.11248366013071895,-63080.0,4815.0,0.0,0.0,50.0
AC_000091.1,SSG-LUGIA-P,4646332,10,286200,44.394225983076154,100.0,61.49030638978517,89.81681348812788,0.6282787411972707,22297,27928,224031,0,2,10236.0,0.3207564102564103,-6275.0,18326.5,0.0,0.0,0.0
AC_000091.1,SSG-LUGIA-P+center,4646332,10,286200,54.15968325681945,100.0,70.26439353354552,93.11883787410304,0.707835183851086,22297,18872,233087,0,2,10236.0,0.3207564102564103,-1325.0,23276.5,25.0,50.0,50.0
AC_000091.1,SSG-LUGIA-F,4646332,12,423800,41.5981045129755,100.0,58.75517141426651,88.58584680007002,0.6035714925681512,22297,31304,220655,0,2,19036.0,0.2755550449346405,-14625.0,20026.5,0.0,0.0,0.0
AC_000091.1,SSG-LUGIA-F+center,4646332,12,423800,41.5981045129755,100.0,58.75517141426651,88.58584680007002,0.6035714925681512,22297,31304,220655,0,2,19036.0,0.2755550449346405,-9675.0,24976.5,25.0,25.0,25.0
AC_000091.1,SSG-LUGIA-R,4646332,31,1390600,19.37875350906926,100.0,32.466000757156586,66.17685665947144,0.34991730514446906,22297,92762,159197,0,2,29736.0,0.15769989643716964,-25925.0,42626.5,0.0,0.0,0.0
AC_000091.1,SSG-LUGIA-R+center,4646332,31,1390600,19.199373137926877,100.0,32.213882728579584,65.78488711277055,0.34711608269277416,22297,93837,158122,0,2,29736.0,0.15769989643716964,-20975.0,47576.5,0.0,0.0,0.0
NC_000913.2,SSG-LUGIA-P,4639675,10,308400,74.48856799037304,100.0,85.37931034482759,94.80523170129727,0.8362248704940959,42711,14628,224252,0,4,15678.5,0.2807780612244898,-12635.5,16546.5,0.0,0.0,12.5
NC_000913.2,SSG-LUGIA-P+center,4639675,10,308400,68.41697720563326,99.29760483247875,81.01432664756446,92.94082552354301,0.7886994514682263,42411,19578,219302,300,4,16203.5,0.2807780612244898,-7685.5,21496.5,12.5,12.5,25.0
NC_000913.2,SSG-LUGIA-F,4639675,12,402300,72.09946150340147,100.0,83.7881314369789,94.13049422744335,0.8192126226896117,42711,16528,222352,0,4,21353.5,0.19480530973451327,-27334.0,17496.5,0.0,0.0,0.0
NC_000913.2,SSG-LUGIA-F+center,4639675,12,402300,66.53943822150212,100.0,79.90832553788587,92.37262554556077,0.7781824592573426,42711,21478,217402,0,4,22446.5,0.19480530973451327,-22384.0,22446.5,12.5,12.5,12.5
NC_000913.2,SSG-LUGIA-R,4639675,29,1361800,31.692946981783106,100.0,48.13157835425635,67.30932451676368,0.4413599284801323,42711,92054,146826,0,4,35728.5,0.11728160235707405,-35134.0,39155.0,0.0,0.0,0.0
NC_000913.2,SSG-LUGIA-R+center,4639675,29,1361800,30.349174317141802,100.0,46.565963269244406,65.19029372387611,0.4230345566847453,42711,98021,140859,0,4,34910.5,0.11728160235707405,-30184.0,44105.0,0.0,0.0,0.0
NC_002516.2,SSG-LUGIA-P,6264404,12,342600,22.056876980466086,22.65137992585473,22.35017578561606,59.56991295269536,-0.04974130173157749,16497,58296,152398,56333,2,14304.0,0.25978577270945324,-15951.5,-8657.5,0.0,0.0,25.0
NC_002516.2,SSG-LUGIA-P+center,6264404,12,342600,31.559180435564038,34.95949471371688,33.17242861889034,63.81787785161045,0.08475542578723602,25461,55216,155478,47369,2,9354.0,0.458910961062085,-11001.5,-3707.5,25.0,25.0,25.0
NC_002516.2,SSG-LUGIA-F,6264404,14,445200,23.748327978698136,26.084031305780584,24.861441013460016,59.49937218718697,-0.027823878162318506,18997,60996,149698,53833,2,13604.0,0.2872611029239927,-16851.5,-7407.5,0.0,0.0,25.0
NC_002516.2,SSG-LUGIA-F+center,6264404,14,445200,32.974513029587776,37.98022792805163,35.30079889736849,64.2379481102129,0.10811502531009277,27661,56225,154469,45169,2,8654.0,0.47566281575578284,-11901.5,-2457.5,0.0,25.0,25.0
NC_002516.2,SSG-LUGIA-R,6264404,47,1925200,34.7006160633883,100.0,51.52257959541723,51.661587731550064,0.34826372790352567,72830,137051,73643,0,5,16841.0,0.23793017456359103,-19683.0,13999.0,10.0,10.0,30.0
NC_002516.2,SSG-LUGIA-R+center,6264404,47,1925200,35.18105406749847,94.1946999862694,51.22859159084035,53.92876793498963,0.32249068771749595,68602,126395,84299,4228,5,16841.0,0.23793017456359103,-14733.0,18949.0,0.0,0.0,20.0
NC_002655.2,SSG-LUGIA-P,5528445,16,504700,100.0,63.395412585157416,77.59754277326164,86.48626191347269,0.7225688694949732,188718,0,508651,108966,12,8462.0,0.4522682302879566,-6209.5,7408.0,8.333333333333332,16.666666666666664,37.5
NC_002655.2,SSG-LUGIA-P+center,5528445,16,504700,100.0,61.44401445828463,76.11804583087977,85.76584174071571,0.7080391749989383,182909,0,508651,114775,12,8253.5,0.3820721626596194,-1259.5,12358.0,8.333333333333332,16.666666666666664,29.166666666666668
NC_002655.2,SSG-LUGIA-F,5528445,19,792600,97.98542053784739,80.59956195159968,88.44620485891598,92.22593587032685,0.8356729992744037,239932,4933,503718,57752,15,11116.5,0.30958656330749357,-8410.0,11145.0,3.3333333333333335,6.666666666666667,16.666666666666664
NC_002655.2,SSG-LUGIA-F+center,5528445,19,792600,96.09585171900245,81.7168541137582,88.32496709481232,92.02453074714604,0.8295229219567191,243258,9883,498768,54426,16,12787.0,0.2734647792382878,-12787.0,13086.0,6.25,15.625,21.875
NC_002655.2,SSG-LUGIA-R,5528445,27,1657700,89.43331347458944,92.7873180956988,91.07944840503056,93.28988571747475,0.857420825496095,276213,32635,476016,21471,18,26211.0,0.1360506411662888,-28014.0,25091.5,0.0,0.0,2.7777777777777777
NC_002655.2,SSG-LUGIA-R+center,5528445,27,1657700,87.5327353272309,96.11299230056034,91.62242133510955,93.51113370993446,0.8659759531835325,286113,40751,467900,11571,18,28823.0,0.1360506411662888,-23064.0,30041.5,5.555555555555555,8.333333333333332,8.333333333333332
NC_002695.1,SSG-LUGIA-P,5498450,15,511500,100.0,48.873188192553194,65.65747504425097,78.4826587642934,0.5969403657688863,182687,0,514374,191111,11,8235.5,0.5330376751028763,-7737.0,4660.0,4.545454545454546,4.545454545454546,31.818181818181817
NC_002695.1,SSG-LUGIA-P+center,5498450,15,511500,100.0,48.509087796082376,65.32810687341927,78.32942267939093,0.594139813702897,181326,0,514374,192472,12,10754.5,0.36250037479797026,-3021.5,9412.5,8.333333333333332,12.5,25.0
NC_002695.1,SSG-LUGIA-F,5498450,18,766500,100.0,72.95598157293512,84.36364086334852,88.61819557473102,0.7808518239405587,272708,0,514374,101090,16,9094.0,0.4049524691358025,-9094.0,6462.5,3.125,12.5,21.875
NC_002695.1,SSG-LUGIA-F+center,5498450,18,766500,100.0,74.90221991556936,85.65039363334205,89.43729367735078,0.795916610298843,279983,0,514374,93815,17,9418.0,0.2680222222222222,-4401.0,11110.0,8.823529411764707,11.76470588235294,35.294117647058826
NC_002695.1,SSG-LUGIA-R,5498450,27,1642300,92.65393911173196,89.43012001134304,91.01349051852054,92.56743063280535,0.8471866328008963,334288,26504,487870,39510,21,21483.0,0.1908386075949367,-22151.0,20245.0,0.0,0.0,7.142857142857142
NC_002695.1,SSG-LUGIA-R+center,5498450,27,1642300,91.85207635537526,94.85952305790828,93.33157856639929,94.29513652760951,0.883842353898681,354583,31454,482920,19215,21,18575.0,0.1908386075949367,-17201.0,25195.0,2.380952380952381,14.285714285714285,16.666666666666664
NC_002758.2,SSG-LUGIA-P,2878529,7,206600,100.0,100.0,100.0,100.0,1.0,28309,0,242693,0,1,14445.5,0.4949125874125874,-7302.0,21589.0,0.0,0.0,0.0
NC_002758.2,SSG-LUGIA-P+center,2878529,7,206600,100.0,100.0,100.0,100.0,1.0,28309,0,242693,0,1,14445.5,0.4949125874125874,-2352.0,26539.0,0.0,50.0,50.0
NC_002758.2,SSG-LUGIA-F,2878529,8,279600,82.41579085271769,100.0,90.36036898720036,97.7712341606335,0.8964634702069895,28309,6040,236653,0,1,16245.5,0.46560855263157896,-9402.0,23089.0,0.0,0.0,0.0
NC_002758.2,SSG-LUGIA-F+center,2878529,8,279600,96.29239089764958,100.0,98.1111804255909,99.59778894620705,0.9790807713764244,28309,1090,241603,0,1,16245.5,0.46560855263157896,-4452.0,28039.0,0.0,0.0,50.0
NC_002758.2,SSG-LUGIA-R,2878529,21,880100,24.34470778438994,100.0,39.15680565449226,67.53713994730666,0.39395269816676814,28309,87975,154718,0,1,53745.5,0.20846097201767305,-33302.0,74189.0,0.0,0.0,0.0
NC_002758.2,SSG-LUGIA-R+center,2878529,21,880100,22.591173888755886,100.0,36.8561180583131,64.20653722112752,0.3682634578720812,28309,97001,145692,0,1,53745.5,0.20846097201767305,-28352.0,79139.0,0.0,0.0,0.0
NC_003047.1,SSG-LUGIA-P,3654135,4,168200,68.61840704735064,55.08760793313638,61.113017099727344,88.89829667518524,0.5517724585677484,67690,30957,622119,55187,3,40853.0,0.21249727371864777,-28943.0,53486.0,16.666666666666664,16.666666666666664,16.666666666666664
NC_003047.1,SSG-LUGIA-P+center,3654135,4,168200,62.36008365040029,55.08760793313638,58.49868639380531,87.62244620486035,0.5139412199056727,67690,40857,612219,55187,3,35903.0,0.21249727371864777,-23993.0,58436.0,0.0,0.0,33.33333333333333
NC_003047.1,SSG-LUGIA-F,3654135,7,249000,66.71804348680848,69.04628205441213,67.86219915054271,89.64396039450843,0.6170472224002198,84842,42323,610753,38035,4,19950.5,0.31206730769230767,-19950.5,27845.0,0.0,12.5,25.0
NC_003047.1,SSG-LUGIA-F+center,3654135,7,249000,61.91122216607947,72.79230449962158,66.9122872638863,88.59982498940013,0.6036744310815993,89445,55028,598048,33432,4,15423.5,0.31206730769230767,-15000.5,32795.0,25.0,25.0,25.0
NC_003047.1,SSG-LUGIA-R,3654135,23,1122900,40.427070066921836,97.39088682178114,57.136650322038506,76.86045417699268,0.5290162148584698,119671,176346,476730,3206,7,27451.5,0.1817723880597015,-35143.0,19760.0,7.142857142857142,14.285714285714285,21.428571428571427
NC_003047.1,SSG-LUGIA-R+center,3654135,23,1122900,41.33245582949425,99.6655191777143,58.43233803784603,77.54503172228215,0.5489095519412839,122466,173829,479247,411,7,27451.5,0.18669432918395573,-30193.0,24710.0,7.142857142857142,7.142857142857142,21.428571428571427
NC_002944.2,SSG-LUGIA-P,4829781,5,143400,76.6535915156798,80.21283526984472,78.39283440166406,69.12016744270699,0.2447326138160185,36934,11249,8639,9111,2,20700.5,0.2841076923076923,-9544.0,36989.0,0.0,0.0,25.0
NC_002944.2,SSG-LUGIA-P+center,4829781,5,143400,83.76975986484855,75.38277771745032,79.35528120713306,72.60855717167428,0.394821956962845,34710,6725,13163,11335,2,20700.5,0.26417238532026105,-4594.0,41939.0,0.0,25.0,25.0
NC_002944.2,SSG-LUGIA-F,4829781,12,313400,75.3674665269912,100.0,85.95376100206275,77.1753143342484,0.42822716505312464,46045,15049,4839,0,3,14655.0,0.28207430340557277,-10941.0,27039.0,0.0,0.0,16.666666666666664
NC_002944.2,SSG-LUGIA-F+center,4829781,12,313400,81.51043573782498,96.69019437506788,88.45378234738986,82.37149833922315,0.5589039725125051,44521,10099,9789,1524,3,14655.0,0.28207430340557277,-5991.0,31989.0,0.0,16.666666666666664,16.666666666666664
NC_002944.2,SSG-LUGIA-R,4829781,30,1414100,69.83604568273853,100.0,82.23936844737358,69.83604568273853,0.0,46045,19888,0,0,3,24305.0,0.17140102827763495,-18241.0,35439.0,0.0,0.0,0.0
NC_002944.2,SSG-LUGIA-R+center,4829781,30,1414100,69.83604568273853,100.0,82.23936844737358,69.83604568273853,0.0,46045,19888,0,0,3,24305.0,0.17140102827763495,-13291.0,40389.0,16.666666666666664,16.666666666666664,16.666666666666664
NC_002947.3,SSG-LUGIA-P,6181863,13,573500,82.68724785125417,58.407545650254775,68.45836169729975,69.91385654300679,0.43581083021545985,188560,39480,215210,134275,11,11970.0,0.3008360655737705,-15418.0,5027.0,0.0,4.545454545454546,31.818181818181817
NC_002947.3,SSG-LUGIA-P+center,6181863,13,573500,82.01529711382265,61.148884104883294,70.06143373780465,70.78671918964548,0.44463955354181023,197410,43289,211401,125425,11,10222.5,0.37272727272727274,-10468.0,9977.0,4.545454545454546,27.27272727272727,36.36363636363637
NC_002947.3,SSG-LUGIA-F,6181863,16,714100,82.6265484282806,59.33929096907089,69.07296600040024,70.29617765464698,0.4408471085630123,191568,40280,214410,131267,11,16616.0,0.29694174757281555,-21010.0,5434.0,0.0,0.0,22.727272727272727
NC_002947.3,SSG-LUGIA-F+center,6181863,16,714100,80.93738113351084,63.27473786919015,71.02442721815517,71.14012380416432,0.444286285579301,204273,48111,206579,118562,11,13222.0,0.3106060606060606,-16060.0,10384.0,9.090909090909092,27.27272727272727,36.36363636363637
NC_002947.3,SSG-LUGIA-R,6181863,36,1991800,67.9686490462511,84.72253628014312,75.42644092288558,69.1409029912125,0.3684840144229006,273514,128898,125792,49321,16,29130.5,0.21750078946181262,-30018.0,25792.5,3.125,6.25,12.5
NC_002947.3,SSG-LUGIA-R+center,6181863,36,1991800,68.5891827624111,85.23704059349203,76.0122536697476,69.92718929916454,0.3855032433896864,275175,126018,128672,47660,16,26680.0,0.21143463679999572,-25068.0,30742.5,3.125,6.25,12.5
NC_003485.1,SSG-LUGIA-P,1895017,7,189300,28.55572810894756,100.0,44.42544650324308,83.12147929060882,0.4836038480658687,11952,29903,135311,0,1,7324.0,0.4493233082706767,-13181.0,1467.0,0.0,50.0,50.0
NC_003485.1,SSG-LUGIA-P+center,1895017,7,189300,26.359085195068698,100.0,41.72091805567676,81.15270424347787,0.45860347305744814,11952,33391,131823,0,1,7324.0,0.4493233082706767,-8231.0,6417.0,0.0,0.0,0.0
NC_003485.1,SSG-LUGIA-F,1895017,9,307400,17.91904047976012,100.0,30.39210700300056,69.09790817651242,0.34613719220742306,11952,54748,110466,0,1,9224.0,0.3931578947368421,-16681.0,1767.0,0.0,50.0,50.0
NC_003485.1,SSG-LUGIA-F+center,1895017,9,307400,16.68108862526169,100.0,28.592617401497574,66.3039183590531,0.32639833256156775,11952,59698,105516,0,1,9224.0,0.3931578947368421,-11731.0,6717.0,0.0,0.0,0.0
NC_003485.1,SSG-LUGIA-R,1895017,11,579300,14.99567143018456,100.0,26.080410234029785,61.75846381359854,0.2974263370665984,11952,67751,97463,0,1,16224.0,0.2691891891891892,-27481.0,4967.0,0.0,0.0,50.0
NC_003485.1,SSG-LUGIA-R+center,1895017,11,579300,14.351412687167542,100.0,25.10054287904403,59.73888895160471,0.28557619898645265,11952,71329,93885,0,1,16224.0,0.2691891891891892,-22531.0,9917.0,0.0,0.0,0.0
NC_003198.1,SSG-LUGIA-P,4809037,9,406200,100.0,89.26780734941809,94.32962594068172,97.6628360136501,0.9310103008874079,136378,0,548760,16396,10,14079.5,0.21040707730208574,-21166.0,10807.5,0.0,0.0,20.0
NC_003198.1,SSG-LUGIA-P+center,4809037,9,406200,100.0,92.39792111223115,96.0487728537699,98.34448508554111,0.9512251740006539,141160,0,548760,11614,10,16216.0,0.22819412113044188,-16216.0,15757.5,0.0,15.0,25.0
NC_003198.1,SSG-LUGIA-F,4809037,14,573600,91.5771657952522,95.27144671213689,93.38778548078189,97.06200982418528,0.915297353826905,145550,13387,535373,7224,11,16038.0,0.2015212981744422,-25623.0,13742.0,4.545454545454546,9.090909090909092,18.181818181818183
NC_003198.1,SSG-LUGIA-F+center,4809037,14,573600,92.8058038860056,99.13990600494849,95.8683440145581,98.13907807747023,0.9475504954682531,151460,11741,537019,1314,11,19574.5,0.2015212981744422,-20673.0,18692.0,4.545454545454546,9.090909090909092,22.727272727272727
NC_003198.1,SSG-LUGIA-R,4809037,33,1368300,60.91515881306868,100.0,75.71090164828085,86.02719183959722,0.7073471203460459,152774,98024,450736,0,11,28565.0,0.12418774966711052,-29523.0,27607.0,0.0,0.0,0.0
NC_003198.1,SSG-LUGIA-R+center,4809037,33,1368300,58.79224487596881,100.0,74.04926471301026,84.73630643703655,0.6878958113112125,152774,107080,441680,0,11,28558.5,0.12418774966711052,-24573.0,32557.0,0.0,0.0,0.0
NC_003197.1,SSG-LUGIA-P,4857432,11,345700,99.66537640632347,68.06205763553491,80.8863574642367,95.594820221773,0.803217401931957,55101,185,510003,25856,5,15148.5,0.27742686528553256,-18399.0,12885.0,0.0,0.0,20.0
NC_003197.1,SSG-LUGIA-P+center,4857432,11,345700,92.11891460494812,74.13935793075336,82.15696070849272,95.58974532475112,0.8028591830194753,60021,5135,505053,20936,5,15642.0,0.3313291139240506,-13449.0,17835.0,10.0,20.0,30.0
NC_003197.1,SSG-LUGIA-F,4857432,14,528000,79.22475731435392,86.89798287980038,82.88415657859856,95.084962234308,0.801383300032776,70350,18448,491740,10607,6,11638.5,0.28143424330989436,-16195.5,11599.5,0.0,0.0,16.666666666666664
NC_003197.1,SSG-LUGIA-F+center,4857432,14,528000,75.03798237617745,97.612312709216,84.84933080652173,95.2260443715163,0.8307347507320915,79024,26288,483900,1933,6,16156.5,0.321961917227624,-11245.5,16549.5,16.666666666666664,33.33333333333333,41.66666666666667
NC_003197.1,SSG-LUGIA-R,4857432,33,1293100,40.748046108654385,94.92693652185729,57.019903173749334,80.40159351766488,0.5386156281202076,76850,111748,398440,4107,6,23556.5,0.23028598012409596,-30441.0,20357.5,0.0,16.666666666666664,16.666666666666664
NC_003197.1,SSG-LUGIA-R+center,4857432,33,1293100,43.54423162775187,100.0,60.67012395269713,82.24428862630995,0.5880968420510204,80957,104962,405226,0,6,25307.5,0.23028598012409596,-25491.0,25307.5,0.0,0.0,16.666666666666664
NC_003923.1,SSG-LUGIA-P,2820462,6,159700,72.34341252699784,100.0,83.95262861081521,97.37305492206012,0.8384674589574771,20097,7683,264689,0,1,10951.5,0.4785,-10918.0,10985.0,0.0,0.0,0.0
NC_003923.1,SSG-LUGIA-P+center,2820462,6,159700,61.40238313473877,100.0,76.08609233914476,95.68056785505472,0.7652088175294076,20097,12633,259739,0,1,10951.5,0.4785,-5968.0,15935.0,0.0,0.0,0.0
NC_003923.1,SSG-LUGIA-F,2820462,10,244100,55.92442119323241,100.0,71.73272892759624,94.58438330216194,0.7257568424474642,20097,15839,256533,0,1,11601.5,0.46413394919168593,-11518.0,11685.0,0.0,0.0,0.0
NC_003923.1,SSG-LUGIA-F+center,2820462,10,244100,55.92442119323241,100.0,71.73272892759624,94.58438330216194,0.7257568424474642,20097,15839,256533,0,1,11601.5,0.46413394919168593,-6568.0,16635.0,0.0,0.0,0.0
NC_003923.1,SSG-LUGIA-R,2820462,18,793800,18.18815331010453,100.0,30.778301886792452,69.09142507411042,0.34859226320043785,20097,90398,181974,0,1,17951.5,0.358875,-16018.0,19885.0,0.0,0.0,0.0
NC_003923.1,SSG-LUGIA-R+center,2820462,18,793800,19.488188976377952,100.0,32.61943986820428,71.61169217934209,0.36807085658702676,20097,83027,189345,0,1,17951.5,0.358875,-11068.0,24835.0,0.0,0.0,0.0
NC_003909.8,SSG-LUGIA-P,5224283,7,317000,33.567157313707455,64.86039996135638,44.23922139708353,89.33363920771812,0.41591350689783796,67137,132871,1350327,36373,2,5999.0,0.6910611448208503,-7581.5,-5778.0,50.0,50.0,50.0
NC_003909.8,SSG-LUGIA-P+center,5224283,7,317000,33.651640411244884,66.1839435803304,44.617323429516716,89.28139266960272,0.4214614918457509,68507,135070,1348128,35003,2,5314.0,0.7182191942422068,-2631.5,-828.0,0.0,0.0,50.0
NC_003909.8,SSG-LUGIA-F,5224283,11,465900,26.598871092869235,67.24084629504395,38.118840349527225,85.75812310771737,0.36126856631188126,69601,192068,1291130,33909,2,5299.0,0.7052346040208578,-8531.5,-4478.0,25.0,50.0,50.0
NC_003909.8,SSG-LUGIA-F+center,5224283,11,465900,26.388409540456387,68.69577818568254,38.12983781667841,85.45674440413737,0.3638376630779871,71107,198356,1284842,32403,2,4614.0,0.7347333901486558,-3581.5,472.0,0.0,0.0,50.0
NC_003909.8,SSG-LUGIA-R,5224283,32,1424200,16.38056801603425,92.85286445754033,27.848299321698967,68.61237228273886,0.3057617295869885,96112,490632,992566,7398,3,6699.0,0.3460046884496281,-6906.0,5136.0,16.666666666666664,16.666666666666664,16.666666666666664
NC_003909.8,SSG-LUGIA-R+center,5224283,32,1424200,16.15623702493398,92.85286445754033,27.523442835849316,68.0989192718509,0.3021035197141811,96112,498779,984419,7398,3,7971.0,0.4237121141034062,-1956.0,10086.0,0.0,33.33333333333333,33.33333333333333
NC_004070.1,SSG-LUGIA-P,1900521,8,201300,4.035195268832714,10.506055769411322,5.830858214788182,82.46058435602917,-0.020186618753965338,1119,26612,168810,9532,1,19256.5,0.02823475979006863,-28981.0,-9532.0,0.0,0.0,0.0
NC_004070.1,SSG-LUGIA-P+center,1900521,8,201300,17.452192667145937,56.98056520514506,26.7203803988905,83.84650099721944,0.24999051564315733,6069,28706,166716,4582,1,14306.5,0.17498990830978606,-24031.0,-4582.0,0.0,0.0,50.0
NC_004070.1,SSG-LUGIA-F,1900521,9,289500,4.919350908825106,18.955966575908363,7.81150252451976,76.87469974232432,-0.005613437938123789,2019,39023,156399,8632,1,19556.5,0.04908586988233006,-30481.0,-8632.0,0.0,0.0,0.0
NC_004070.1,SSG-LUGIA-F+center,1900521,9,289500,13.097654488046912,65.4304760116421,21.826210870824788,75.77508941006343,0.21129897067296438,6969,46239,149183,3682,1,14606.5,0.1926095848764579,-25531.0,-3682.0,0.0,0.0,50.0
NC_004070.1,SSG-LUGIA-R,1900521,11,563300,14.309513253530021,100.0,25.036434582295144,69.04883220994502,0.31046999923711216,10651,63782,131640,0,1,19724.5,0.21259481037924152,-36681.0,2768.0,0.0,0.0,50.0
NC_004070.1,SSG-LUGIA-R+center,1900521,11,563300,12.78033093749625,100.0,22.664113203532292,64.72706273990285,0.2833131724793852,10651,72688,122734,0,1,19724.5,0.21259481037924152,-31731.0,7718.0,0.0,0.0,0.0
NC_003997.3,SSG-LUGIA-P,5227293,9,337100,6.6897850736587365,28.71830571099628,10.851717143102844,88.46873102451895,0.09414269699341199,10726,149608,1341331,26623,2,11618.0,0.17699936993524873,-18408.5,-1565.5,0.0,0.0,0.0
NC_003997.3,SSG-LUGIA-P+center,5227293,9,337100,9.577984566222879,41.97167260167608,15.596768416444462,88.89842752151426,0.16001174929130377,15676,147991,1342948,21673,2,10052.5,0.2631060817084494,-13458.5,3384.5,0.0,0.0,0.0
NC_003997.3,SSG-LUGIA-F,5227293,12,450600,6.8873656669621806,42.64103456585183,11.85923212104965,84.50998764630751,0.12150966954451786,15926,215309,1275630,21423,2,13652.5,0.21967950108862158,-19608.5,3634.5,0.0,0.0,25.0
NC_003997.3,SSG-LUGIA-F+center,5227293,12,450600,8.699815621364401,55.460654903745755,15.040334584637277,84.68757197596265,0.17405254926387995,20714,217383,1273556,16635,2,13652.5,0.3133139784946236,-14658.5,8584.5,25.0,25.0,25.0
NC_003997.3,SSG-LUGIA-R,5227293,36,1422900,5.274312181743208,73.62981605933224,9.84350614950675,67.03867333905652,0.13191238383115678,27500,493895,997044,9849,3,20581.0,0.18495327102803738,-19548.0,21614.0,16.666666666666664,16.666666666666664,16.666666666666664
NC_003997.3,SSG-LUGIA-R+center,5227293,36,1422900,4.142106394273423,60.376449168652435,7.752364385191092,64.88502167130802,0.08181481385075544,22550,521859,969080,14799,3,19709.0,0.18495327102803738,-14598.0,26564.0,0.0,0.0,0.0
NC_004116.1,SSG-LUGIA-P,2160267,6,211000,16.567376397113083,100.0,28.425408393292777,77.89634800520692,0.356893143199107,9205,46356,154160,0,1,10747.5,0.2998371335504886,-16331.0,5164.0,0.0,0.0,0.0
NC_004116.1,SSG-LUGIA-P+center,2160267,6,211000,15.779008176628897,100.0,27.2571140919724,76.57268466200333,0.3451479693103875,9205,49132,151384,0,1,10747.5,0.2998371335504886,-11381.0,10114.0,0.0,0.0,0.0
NC_004116.1,SSG-LUGIA-F,2160267,7,296200,14.291037245191038,100.0,25.008150402086503,73.67645586278914,0.3218141313247836,9205,55206,145310,0,1,11797.5,0.280640243902439,-17231.0,6364.0,0.0,0.0,0.0
NC_004116.1,SSG-LUGIA-F+center,2160267,7,296200,13.271146609766296,100.0,23.432528065575443,71.31617720686054,0.30479047237184814,9205,60156,140360,0,1,11797.5,0.280640243902439,-12281.0,11314.0,0.0,0.0,0.0
NC_004116.1,SSG-LUGIA-R,2160267,16,746200,8.772180608763604,100.0,16.129456189383117,54.35411809022463,0.21410803689667776,9205,95729,104787,0,1,17497.5,0.2082579185520362,-26431.0,8564.0,0.0,0.0,0.0
NC_004116.1,SSG-LUGIA-R+center,2160267,16,746200,9.871419532649144,100.0,17.969039764186856,59.925806190128796,0.23945618281959224,9205,84044,116472,0,1,17497.5,0.2082579185520362,-21481.0,13514.0,0.0,0.0,0.0
NC_004088.1,SSG-LUGIA-P,4600755,9,208700,0.0,0.0,0.0,97.11492669651969,-0.013746841830208488,0,17375,870747,8493,0,,,,,,,
NC_004088.1,SSG-LUGIA-P+center,4600755,9,208700,0.0,0.0,0.0,96.56285027575939,-0.015626518346713962,0,22325,865797,8493,0,,,,,,,
NC_004088.1,SSG-LUGIA-F,4600755,13,372300,0.0,0.0,0.0,94.74289410728127,-0.02075358403810172,0,38643,849479,8493,0,,,,,,,
NC_004088.1,SSG-LUGIA-F+center,4600755,13,372300,0.0,0.0,0.0,94.78851011861278,-0.02063854457869379,0,38234,849888,8493,0,,,,,,,
NC_004088.1,SSG-LUGIA-R,4600755,34,1472200,3.6181225637420917,100.0,6.983570970447481,74.76709624532269,0.16420824223596572,8493,226242,661880,0,1,49903.5,0.07842105263157895,-88341.0,11466.0,0.0,0.0,0.0
NC_004088.1,SSG-LUGIA-R+center,4600755,34,1472200,3.776529754678975,100.0,7.278196261922513,75.86522643498046,0.1690075945330327,8493,216396,671726,0,1,49903.5,0.07842105263157895,-83391.0,16416.0,0.0,0.0,0.0
NC_004337.1,SSG-LUGIA-P,4607203,8,237300,36.48601762542502,29.231410701876303,32.45829282219856,91.46306970574753,0.28156946624784707,10516,18306,458374,25459,1,17742.0,0.22860869565217393,-9472.0,26012.0,0.0,0.0,0.0
NC_004337.1,SSG-LUGIA-P+center,4607203,8,237300,31.160642926915905,29.261987491313413,30.181484560910576,90.49965376325208,0.2510420668717903,10527,23256,453424,25448,2,15343.5,0.11448351259252126,-10205.5,8082.0,0.0,0.0,25.0
NC_004337.1,SSG-LUGIA-F,4607203,11,351100,33.46699764496213,29.231410701876303,31.206136771666394,90.95590601866752,0.26458777782326465,10516,20906,455774,25459,1,20792.0,0.2018426103646833,-15172.0,26412.0,0.0,0.0,0.0
NC_004337.1,SSG-LUGIA-F+center,4607203,11,351100,34.67902887603264,38.15705350938152,36.33500092644062,90.61669153719363,0.3132419879286381,13727,25856,450824,22248,2,14793.5,0.1498724607406074,-14105.5,9882.0,0.0,0.0,0.0
NC_004337.1,SSG-LUGIA-R,4607203,32,1310700,18.89991750711834,98.71299513551077,31.725555009603784,70.18540734021906,0.35383151301188775,35512,152383,324297,463,3,25162.0,0.1995822102425876,-23072.0,27252.0,16.666666666666664,16.666666666666664,16.666666666666664
NC_004337.1,SSG-LUGIA-R+center,4607203,32,1310700,16.162075548528005,84.95343988881167,27.157531812042375,68.01981839638744,0.2736820800734659,30562,158535,318145,5413,3,22655.5,0.1995822102425876,-18122.0,32202.0,0.0,0.0,0.0
NC_004347.1,SSG-LUGIA-P,4969803,8,251200,0.0,0.0,0.0,40.46662209240947,-0.41340447075946796,0,32057,57497,52531,0,,,,,,,
NC_004347.1,SSG-LUGIA-P+center,4969803,8,251200,10.487811688493005,7.15006377186804,8.50312415104591,43.11011014533554,-0.31848413698328104,3756,32057,57497,48775,1,14640.5,0.11369071041559464,-22144.0,-7137.0,0.0,0.0,0.0
NC_004347.1,SSG-LUGIA-F,4969803,11,356400,36.676933908298864,39.668005558622525,38.11387705082947,52.373579195551955,-0.0049814975103952535,20838,35977,53577,31693,1,4455.5,0.7004605196813338,-6562.0,-2349.0,0.0,50.0,50.0
NC_004347.1,SSG-LUGIA-F+center,4969803,11,356400,40.40046599679627,52.81262492623403,45.780150328792665,53.749516134708095,0.0686986592821493,27743,40927,48627,24788,2,4469.0,0.48965664147870924,-12478.0,-1868.0,0.0,25.0,50.0
NC_004347.1,SSG-LUGIA-R,4969803,35,1597100,34.38263912189043,54.621080885572326,42.20086334321202,44.68311222155752,-0.06398219779517546,28693,54759,34795,23838,2,23122.5,0.16934811040722014,-52128.0,5282.0,0.0,0.0,0.0
NC_004347.1,SSG-LUGIA-R+center,4969803,35,1597100,38.05683129340965,64.04408825265081,47.743253886598595,48.1669423232572,0.028850970693485845,33643,54759,34795,18888,2,23122.5,0.24677906003279765,-47178.0,10232.0,25.0,25.0,25.0
NC_004368.1,SSG-LUGIA-P,2211485,8,196600,58.81329664421039,79.03461173370358,67.44079209835947,79.8790441574742,0.5455025782396792,55785,39066,158052,14798,3,6601.0,0.6105834464043419,1596.0,1389.0,0.0,50.0,50.0
NC_004368.1,SSG-LUGIA-P+center,2211485,8,196600,55.574383417876504,72.0215916013771,62.73795933479375,77.44311750796598,0.4775781117454389,50835,40637,156481,19748,3,6492.0,0.6105834464043419,6546.0,6339.0,0.0,0.0,0.0
NC_004368.1,SSG-LUGIA-F,2211485,10,329600,58.21757253481945,90.42970686992618,70.83342581289536,80.36466057280323,0.602039380657687,63828,45809,151309,6755,3,12529.5,0.41257391304347824,-18304.0,2489.0,0.0,33.33333333333333,33.33333333333333
NC_004368.1,SSG-LUGIA-F+center,2211485,10,329600,56.25732506032403,92.48827621381919,69.96029428312694,79.05835241556811,0.5933947301531807,65281,50759,146359,5302,3,10396.5,0.41257391304347824,-13354.0,7439.0,0.0,16.666666666666664,33.33333333333333
NC_004368.1,SSG-LUGIA-R,2211485,13,699000,41.95588314477675,99.35536885652353,58.998022967231734,63.5884811786284,0.45616224882332634,70128,97019,100099,455,3,19063.5,0.29072303921568626,-37704.0,7189.0,16.666666666666664,16.666666666666664,33.33333333333333
NC_004368.1,SSG-LUGIA-R+center,2211485,13,699000,43.250170347634196,98.02076987376563,60.01821730644112,65.56680774446117,0.4669239575132537,69186,90781,106337,1397,3,22446.5,0.29072303921568626,-32754.0,12139.0,0.0,16.666666666666664,33.33333333333333
NC_004459.2,SSG-LUGIA-P,3281944,5,291400,33.45835397353337,17.369900255331654,22.867921790546667,62.26061233545334,0.011993274948142939,9456,18806,95780,44983,1,9545.5,0.33124321294706977,-16444.0,-2647.0,0.0,0.0,50.0
NC_004459.2,SSG-LUGIA-P+center,3281944,5,291400,33.95998765397458,22.23222322232223,26.872266258131837,61.028250258837446,0.019384412670436026,12103,23536,91050,42336,1,6898.5,0.4672972972972973,-11494.0,2303.0,0.0,50.0,50.0
NC_004459.2,SSG-LUGIA-F,3281944,8,353000,36.29906313146776,21.77850438105035,27.22356804169872,62.49726371838486,0.042852416146943864,11856,20806,93780,42583,1,9345.5,0.3881232199561332,-18444.0,-247.0,50.0,50.0,50.0
NC_004459.2,SSG-LUGIA-F+center,3281944,8,353000,31.968620407300776,22.23222322232223,26.22592038830744,59.71483508356752,-0.0027483798360909287,12103,25756,88830,42336,1,9098.5,0.39943894389438944,-13494.0,4703.0,0.0,0.0,50.0
NC_004459.2,SSG-LUGIA-R,3281944,20,944600,60.72701961731324,78.52826098936424,68.48985869460732,76.72770300251443,0.5156402419606256,42750,27647,86939,11689,2,24466.5,0.25790732950435963,-52848.5,-5218.0,0.0,25.0,25.0
NC_004459.2,SSG-LUGIA-R+center,3281944,20,944600,63.58813021569307,87.62100699865904,73.69470000695233,79.85327614258246,0.5998896186536319,47700,27314,87272,6739,2,19516.5,0.2877606606566682,-47898.5,-268.0,0.0,0.0,0.0
NC_004431.1,SSG-LUGIA-P,5231428,12,569900,100.0,64.85252505282408,78.67944398430444,86.5662918748133,0.7298578506360294,209938,0,523243,113778,16,24535.0,0.15345809983161302,-23942.5,25547.5,3.125,3.125,9.375
NC_004431.1,SSG-LUGIA-P+center,5231428,12,569900,100.0,69.95669043235428,82.3229615196564,88.51715372290748,0.7680617688915106,226461,0,523243,97255,17,24918.0,0.13910698496905394,-22692.0,26378.0,2.941176470588235,14.705882352941178,23.52941176470588
NC_004431.1,SSG-LUGIA-F,5231428,14,796600,93.42047044473411,72.39771898824895,81.57644212779658,87.50128400548314,0.7369385388309816,234363,16506,506737,89353,18,33319.5,0.12762859117237363,-41957.0,27997.5,2.7777777777777777,5.555555555555555,8.333333333333332
NC_004431.1,SSG-LUGIA-F+center,5231428,14,796600,94.57432613765654,77.29089695906288,85.06356742532803,89.62558990458807,0.7816215535388512,250203,14354,508889,73513,19,33319.5,0.134240614334471,-44692.0,28578.0,7.894736842105263,7.894736842105263,13.157894736842104
NC_004431.1,SSG-LUGIA-R,5231428,26,1697800,79.3557718235972,100.0,88.48978877763291,90.05689767745547,0.8159887115264987,323716,84214,439029,0,22,58185.5,0.09373573916943807,-62997.0,50498.5,0.0,2.272727272727273,4.545454545454546
NC_004431.1,SSG-LUGIA-R+center,5231428,26,1697800,78.19567034315502,100.0,87.76382747411543,89.34234124674276,0.8043999844109033,323716,90266,432977,0,22,58047.0,0.09373573916943807,-58047.0,55448.5,0.0,0.0,2.272727272727273
NC_004606.1,SSG-LUGIA-P,1894275,7,199000,41.6068423041253,52.736296747790504,46.51511078683614,82.0701463044136,0.36288718923699376,12113,17000,115392,10856,1,8613.0,0.4128634241112512,-15887.0,-1339.0,0.0,50.0,50.0
NC_004606.1,SSG-LUGIA-P+center,1894275,7,199000,51.84350229074249,62.07497061256476,56.4997721463811,85.86839683060742,0.48423136951764284,14258,13244,119148,8711,2,9824.0,0.2503117525780576,-20665.5,-2550.0,0.0,0.0,25.0
NC_004606.1,SSG-LUGIA-F,1894275,10,316700,31.47844807413301,58.56589316034655,40.947901922286654,75.02655106493907,0.28971466345218605,13452,29282,103110,9517,1,8824.0,0.432540192926045,-17387.0,261.0,50.0,50.0,50.0
NC_004606.1,SSG-LUGIA-F+center,1894275,10,316700,29.72983171081428,68.60551177674256,41.48315849051637,71.38471044856817,0.30300353183747586,15758,37246,95146,7211,2,9824.0,0.2439791157127401,-22265.5,-1000.0,0.0,0.0,0.0
NC_004606.1,SSG-LUGIA-R,1894275,11,571300,28.721955839696918,84.49649527624189,42.87118542980529,66.70657372184783,0.34450370199907965,19408,48164,84228,3561,2,18424.0,0.18492038980162798,-36215.5,4750.0,0.0,0.0,25.0
NC_004606.1,SSG-LUGIA-R+center,1894275,11,571300,30.189398420146418,100.0,46.37766021887494,65.8125269533538,0.4251798757694778,22969,53114,79278,0,2,18424.0,0.2208697084889928,-31265.5,9700.0,0.0,25.0,25.0
NC_004603.1,SSG-LUGIA-P,3288558,5,193700,52.523869699522606,12.308540216836944,19.943487011342583,53.67755369606293,0.03975244429326992,14963,13525,124239,106603,2,9168.5,0.22107902000586463,-1753.5,21381.0,0.0,0.0,0.0
NC_004603.1,SSG-LUGIA-P+center,3288558,5,193700,52.631947606206,12.362009114390538,20.021449649944376,53.70261828558208,0.04056518125630267,15028,13525,124239,106538,1,3887.5,0.6590360917423146,-5972.0,-1803.0,0.0,50.0,50.0
NC_004603.1,SSG-LUGIA-F,3288558,8,274600,54.747724839400426,13.460178010298932,21.607880940747684,54.21740639339837,0.05692567148774248,16363,13525,124239,105203,2,9018.5,0.23208153028319195,-2503.5,22481.0,0.0,0.0,0.0
NC_004603.1,SSG-LUGIA-F+center,3288558,8,274600,54.747724839400426,13.460178010298932,21.607880940747684,54.21740639339837,0.05692567148774248,16363,13525,124239,105203,2,9018.5,0.3378503457242424,2446.5,27431.0,0.0,25.0,25.0
NC_004603.1,SSG-LUGIA-R,3288558,19,987800,67.82109715197048,71.36205847029598,69.54653497889602,70.70335094281418,0.41406929652852303,86752,41161,96603,34814,6,18165.5,0.23335668789808917,-18165.5,14400.5,8.333333333333332,8.333333333333332,16.666666666666664
NC_004603.1,SSG-LUGIA-R+center,3288558,19,987800,68.21544482626956,70.54192784166625,69.35918278213184,70.78317202020592,0.4147615102771077,85755,39957,97807,35811,6,13339.0,0.23335668789808917,-13215.5,19350.5,8.333333333333332,8.333333333333332,8.333333333333332
NC_004578.1,SSG-LUGIA-P,6397126,13,438600,82.06213952712216,38.73213090221715,52.625700192291625,67.2409746238439,0.37522272997793965,157364,34398,424181,248924,11,9031.5,0.20950372208436724,-4412.0,6053.0,4.545454545454546,18.181818181818183,40.909090909090914
NC_004578.1,SSG-LUGIA-P+center,6397126,13,438600,82.07738298411161,36.69490607647777,50.71590155290596,66.49704521041964,0.3626303771181502,149087,32555,426024,257201,12,10988.5,0.19431920228433297,-4792.5,10988.5,8.333333333333332,12.5,16.666666666666664
NC_004578.1,SSG-LUGIA-F,6397126,19,697600,83.43520393458822,54.86576024888748,66.19962373247289,73.6802306019307,0.48839750226860135,222913,44256,414323,183375,18,13942.0,0.16833967409996653,-14180.5,10629.5,8.333333333333332,16.666666666666664,19.444444444444446
NC_004578.1,SSG-LUGIA-F+center,6397126,19,697600,85.74603038466186,54.13598235734257,66.36944231961725,74.22690425233013,0.5044115526846689,219948,36563,422016,186340,16,14120.5,0.2061417453214927,-12645.0,15579.5,0.0,12.5,15.625
NC_004578.1,SSG-LUGIA-R,6397126,41,1855100,69.29043068193104,78.98387350844722,73.82029734970912,73.68265872093627,0.48003110849310365,320902,142224,316355,85386,23,22982.0,0.16582403965303594,-23488.0,22680.0,4.3478260869565215,6.521739130434782,13.043478260869565
NC_004578.1,SSG-LUGIA-R+center,6397126,41,1855100,71.90161417010123,80.21009727090143,75.82894718472083,75.97827180364149,0.5240382685404792,325884,127352,331227,80404,24,20601.5,0.16650607923245858,-19052.0,26007.5,2.083333333333333,6.25,8.333333333333332
NC_004631.1,SSG-LUGIA-P,4791961,11,427300,100.0,85.43110218033999,92.14322859091291,96.43262120548023,0.9032013787929251,147953,0,534086,25231,10,13760.5,0.2430620690614886,-18841.5,6433.0,0.0,5.0,20.0
NC_004631.1,SSG-LUGIA-P+center,4791961,11,427300,100.0,93.5825480413895,96.6849015969981,98.428605765832,0.9574698479746048,162070,0,534086,11114,11,11867.0,0.2642287234042553,-16932.0,9732.0,0.0,13.636363636363635,27.27272727272727
NC_004631.1,SSG-LUGIA-F,4791961,14,586600,92.77962866661714,93.74769031781227,93.26114741150283,96.68259646245423,0.9106310550191585,162356,12635,521451,10828,11,20324.5,0.20485772357723578,-25583.0,10084.0,0.0,13.636363636363635,18.181818181818183
NC_004631.1,SSG-LUGIA-F+center,4791961,14,586600,94.28657468243539,99.43470528455285,96.79223436305588,98.38618914982963,0.9577551607614084,172205,10435,523651,979,11,19182.0,0.20485772357723578,-20633.0,15034.0,4.545454545454546,4.545454545454546,18.181818181818183
NC_004631.1,SSG-LUGIA-R,4791961,30,1331000,63.868880272359085,98.25099316334072,77.41408608339002,85.96193815657386,0.711965838801624,170155,96258,437828,3029,11,29382.5,0.1615040650406504,-29482.0,24584.0,0.0,0.0,4.545454545454546
NC_004631.1,SSG-LUGIA-R+center,4791961,30,1331000,63.04362861979214,100.0,77.33344645659973,85.64607575607617,0.7145632757554303,173184,101521,432565,0,11,26707.5,0.1615040650406504,-24532.0,29534.0,0.0,4.545454545454546,4.545454545454546
NC_004741.1,SSG-LUGIA-P,4599354,7,219600,53.9427087432124,52.42948656659336,53.17533430951388,90.69636154848058,0.4801755268318047,27418,23410,443307,24877,2,18663.5,0.2832438016528926,-22063.0,12628.0,25.0,25.0,25.0
NC_004741.1,SSG-LUGIA-P+center,4599354,7,219600,49.312062732684666,52.42948656659336,50.82301475494921,89.77672963245551,0.45150799208428777,27418,28183,438534,24877,2,17113.0,0.2832438016528926,-17113.0,17578.0,0.0,0.0,0.0
NC_004741.1,SSG-LUGIA-F,4599354,11,356100,50.47589616810878,62.4686872549957,55.83557663547409,90.04281211224404,0.5065867292426827,32668,32052,434665,19627,3,20513.5,0.21253358925143953,-27350.0,997.0,16.666666666666664,16.666666666666664,16.666666666666664
NC_004741.1,SSG-LUGIA-F+center,4599354,11,356100,54.68288924745251,71.93421933263218,62.133324524312904,91.16552218445815,0.5792737864131338,37618,31175,435542,14677,3,16809.0,0.27848308624784995,-22400.0,5947.0,0.0,0.0,16.666666666666664
NC_004741.1,SSG-LUGIA-R,4599354,32,1289100,23.996166169688664,99.10125250980018,38.63688042137124,68.28262159641781,0.3904069797498625,51825,164147,302570,470,4,25963.5,0.21797904604356216,-30859.0,18989.5,12.5,12.5,25.0
NC_004741.1,SSG-LUGIA-R+center,4599354,32,1289100,22.53540763247214,89.6357204321637,36.01599686516764,67.90999052045039,0.33851335504550634,46875,161131,305586,5420,4,25909.0,0.18875643950158594,-25909.0,23939.5,0.0,0.0,0.0
NC_004722.1,SSG-LUGIA-P,5411809,12,379000,27.86895633990241,61.767494118886276,38.408383821843785,83.46421731185458,0.33627008628823934,35184,91064,534385,21778,3,7529.0,0.19731234866828087,-25246.0,7153.0,0.0,0.0,33.33333333333333
NC_004722.1,SSG-LUGIA-P+center,5411809,12,379000,28.42231016202494,66.82700747866998,39.882237076462076,83.18315501948238,0.35865277822480013,38066,95864,529585,18896,3,12479.0,0.26440677966101694,-20296.0,12103.0,16.666666666666664,33.33333333333333,33.33333333333333
NC_004722.1,SSG-LUGIA-F,5411809,15,523000,24.7812381288779,65.2786067904919,35.92466100835222,80.56259351036252,0.31543914638884624,37184,112865,512584,19778,3,10989.0,0.21456080419504342,-26846.0,8053.0,0.0,16.666666666666664,16.666666666666664
NC_004722.1,SSG-LUGIA-F+center,5411809,15,523000,25.333536480345526,67.13774095010709,36.78626394767218,80.73975947046574,0.32730572458914947,38243,112715,512734,18719,3,13929.0,0.24320712694877505,-21896.0,13003.0,0.0,0.0,16.666666666666664
NC_004722.1,SSG-LUGIA-R,5411809,41,1587400,25.02449203734212,100.0,40.03134366643592,74.99117100984597,0.4265699201121588,56962,170663,454786,0,4,15646.0,0.2542184305416155,-34959.5,13129.0,0.0,0.0,25.0
NC_004722.1,SSG-LUGIA-R+center,5411809,41,1587400,25.526771069719366,99.72613321161477,40.648736837962474,75.69133557343008,0.43206525270531104,56806,165729,459720,156,4,20239.0,0.2542184305416155,-30009.5,18079.0,12.5,12.5,12.5
NC_005071.1,SSG-LUGIA-P,2410873,7,226400,100.0,64.03667409681624,78.07604543240262,93.12515577137988,0.7682457937645061,30452,0,201208,17102,2,21354.0,0.28782608695652173,-12982.0,24692.0,0.0,0.0,25.0
NC_005071.1,SSG-LUGIA-P+center,2410873,7,226400,100.0,59.608024561551076,74.69301712779973,92.27856344618552,0.7376552341959759,28346,0,201208,19208,2,21354.0,0.26135106484688697,-8032.0,29642.0,0.0,25.0,25.0
NC_005071.1,SSG-LUGIA-F,2410873,2,400600,63.424489200841435,64.03667409681624,63.72911151338852,86.06579783085841,0.5510677226068537,30452,17561,183647,17102,2,125054.0,0.058494045332308876,-101582.0,143492.0,0.0,0.0,0.0
NC_005071.1,SSG-LUGIA-F+center,2410873,2,400600,63.424489200841435,64.03667409681624,63.72911151338852,86.06579783085841,0.5510677226068537,30452,17561,183647,17102,2,125054.0,0.058494045332308876,-96632.0,148442.0,0.0,0.0,0.0
NC_005071.1,SSG-LUGIA-R,2410873,11,752200,43.96362603012219,81.33280060562728,57.07560743457121,76.61419348614338,0.4674146874786191,38677,49298,151910,8877,3,101582.0,0.04738072965388213,-91444.0,305688.0,0.0,0.0,0.0
NC_005071.1,SSG-LUGIA-R+center,2410873,11,752200,49.53826448927314,81.33280060562728,61.573362838198186,80.5939009977408,0.5232526512197805,38677,39398,161810,8877,3,96632.0,0.04738072965388213,-86494.0,310638.0,0.0,0.0,0.0
NC_005139.1,SSG-LUGIA-P,3354505,5,320900,48.50686345734715,35.4407040089398,40.956931620068445,79.0305288806077,0.29102329141916833,12686,13467,125163,23109,1,17757.0,0.26319502074688794,-9979.0,25535.0,0.0,0.0,0.0
NC_005139.1,SSG-LUGIA-P+center,3354505,5,320900,49.83696719701434,35.4407040089398,41.42367346938776,79.43070087430128,0.30005421024323575,12686,12769,125861,23109,1,17757.0,0.26319502074688794,-5029.0,30485.0,0.0,0.0,0.0
NC_005139.1,SSG-LUGIA-F,3354505,6,375500,33.882642023450224,35.4407040089398,34.64416407231416,72.55897950408485,0.17295947264367154,12686,24755,113875,23109,1,18507.0,0.255251509054326,-10379.0,26635.0,0.0,0.0,0.0
NC_005139.1,SSG-LUGIA-F+center,3354505,6,375500,33.752826925635226,35.4407040089398,34.576178795312074,72.47642253117385,0.1716983219024994,12686,24899,113731,23109,1,18507.0,0.255251509054326,-5429.0,31585.0,0.0,0.0,0.0
NC_005139.1,SSG-LUGIA-R,3354505,22,975400,26.25142265907915,35.4407040089398,30.16167379933428,66.31904830156228,0.0878273641539103,12686,35639,102991,23109,1,25057.0,0.2020063694267516,-20279.0,29835.0,0.0,0.0,0.0
NC_005139.1,SSG-LUGIA-R+center,3354505,22,975400,29.247262247838616,35.4407040089398,32.047492737147905,69.15694424537767,0.12429763975645705,12686,30689,107941,23109,1,25057.0,0.2020063694267516,-15329.0,34785.0,0.0,0.0,0.0
NC_006086.1,SSG-LUGIA-P,1899877,5,164000,0.0,0.0,0.0,57.54823506308606,-0.23551217473775027,0,19459,105498,58364,0,,,,,,,
NC_006086.1,SSG-LUGIA-P+center,1899877,5,164000,0.0,0.0,0.0,57.99062846046007,-0.22998375519228909,0,18648,106309,58364,0,,,,,,,
NC_006086.1,SSG-LUGIA-F,1899877,8,246200,27.356182760344055,17.819203618669043,21.581017005426382,58.7712264279597,-0.049200746747215855,10400,27617,97340,47964,1,23982.0,0.17819203618669044,26363.0,-21601.0,0.0,0.0,0.0
NC_006086.1,SSG-LUGIA-F+center,1899877,8,246200,21.924276920482335,17.819203618669043,19.65973534971645,53.63324441826086,-0.12572535515537847,10400,37036,87921,47964,1,23982.0,0.17819203618669044,31313.0,-16651.0,0.0,0.0,0.0
NC_006086.1,SSG-LUGIA-R,1899877,11,548100,53.959874260355036,99.99828661503668,70.09560183517091,72.83562712400652,0.5696879262494031,58363,49797,75160,1,1,619.0,0.9792285364339525,-1237.0,-1.0,50.0,100.0,100.0
NC_006086.1,SSG-LUGIA-R+center,1899877,11,548100,52.32364430147059,93.63820163114248,67.13387219615261,70.81076363318986,0.5060751720923371,54651,49797,75160,3713,1,4331.0,0.8631876549839685,3713.0,4949.0,0.0,0.0,100.0
NC_005773.3,SSG-LUGIA-P,5928787,15,414400,63.43924458079767,49.38168293816829,55.53467305432722,75.79900674550399,0.3984395120935244,100909,58155,405204,103436,9,7407.0,0.38960861591290435,-11199.0,164.0,16.666666666666664,22.22222222222222,22.22222222222222
NC_005773.3,SSG-LUGIA-P+center,5928787,15,414400,70.51968144465862,54.426582495289836,61.43673509972187,79.08938691396187,0.4816549082985473,111218,46494,416865,93127,9,6666.5,0.3184059161873459,-7084.0,-304.0,16.666666666666664,22.22222222222222,33.33333333333333
NC_005773.3,SSG-LUGIA-F,5928787,15,540900,61.977786886065324,60.67875406787541,61.321391568395214,76.57360147610318,0.44528068808400556,123994,76068,387291,80351,10,10248.5,0.2835238943466755,-14066.5,3370.0,0.0,10.0,30.0
NC_005773.3,SSG-LUGIA-F+center,5928787,15,540900,65.07069983891176,60.48936846998948,62.69645424965066,77.97092723721889,0.4715975034913765,123607,66351,397008,80738,10,9636.5,0.34253523808631114,-9116.5,8320.0,5.0,10.0,20.0
NC_005773.3,SSG-LUGIA-R,5928787,45,1767000,44.48153467981587,81.38197655925029,57.522552437877025,63.216035848220166,0.3396655246180454,166300,207563,255796,38045,11,18420.0,0.25122201492537316,-20412.0,16638.0,0.0,0.0,0.0
NC_005773.3,SSG-LUGIA-R+center,5928787,45,1767000,45.2060471832343,83.80435048569821,58.73113315934055,63.95618417741994,0.36283492243356785,171250,207571,255788,33095,11,18919.0,0.3102824858757062,-15462.0,21588.0,0.0,9.090909090909092,9.090909090909092
NC_005945.1,SSG-LUGIA-P,5228663,9,335800,6.583641068153842,28.06768588181745,10.665540729586878,88.50923914465936,0.09143489117920903,10483,148745,1342186,26866,2,11689.5,0.17400704418871188,-18380.0,-1687.0,0.0,0.0,0.0
NC_005945.1,SSG-LUGIA-P+center,5228663,9,335800,9.477692142352687,41.32105277249726,15.418814690484753,88.92100923914465,0.15731261014659023,15433,147402,1343529,21916,2,10002.5,0.2593931282083047,-13430.0,3263.0,0.0,0.0,0.0
NC_005945.1,SSG-LUGIA-F,5228663,13,462300,6.611875323529162,41.72266995100271,11.414821027648873,84.17403878870364,0.11526450875843439,15583,220099,1270832,21766,2,13652.5,0.21464871431424792,-19630.0,3463.0,0.0,0.0,0.0
NC_005945.1,SSG-LUGIA-F+center,5228663,13,462300,8.288358837942463,54.97603684168251,14.404978216793761,84.03329232863088,0.16648542878171457,20533,227200,1263731,16816,2,13652.5,0.3110034026549039,-14680.0,8413.0,25.0,25.0,25.0
NC_005945.1,SSG-LUGIA-R,5228663,35,1419600,5.287442181170454,73.91362553214276,9.868907899487715,67.00591514643914,0.13266087367618926,27606,494499,996432,9743,3,20162.5,0.18811787072243347,-18648.0,21677.0,16.666666666666664,16.666666666666664,16.666666666666664
NC_005945.1,SSG-LUGIA-R+center,5228663,35,1419600,4.193017682967045,61.27874909636135,7.84896730882996,64.83556678095637,0.08443863404981884,22887,522949,967982,14462,3,19562.0,0.18811787072243347,-13698.0,26627.0,0.0,0.0,16.666666666666664
NC_006155.1,SSG-LUGIA-P,4744671,8,214500,34.155349517177704,5.220756004045821,9.057104236272284,56.17485908966887,-0.04049444625957683,8878,17115,219652,161174,1,7215.0,0.38089926205594643,508.0,13922.0,50.0,50.0,50.0
NC_006155.1,SSG-LUGIA-P+center,4744671,8,214500,15.111760858692724,2.3098816832498295,4.007243234971562,53.74134443081567,-0.14136478288520515,3928,22065,214702,166124,1,12165.0,0.13900488357279356,5458.0,18872.0,0.0,0.0,0.0
NC_006155.1,SSG-LUGIA-F,4744671,17,472000,69.493999871655,25.472796556347472,37.280535665106036,64.17325641132788,0.23883511351641995,43317,19015,217752,126735,4,6478.5,0.35938718369752853,-7802.0,3349.0,12.5,25.0,37.5
NC_006155.1,SSG-LUGIA-F+center,4744671,17,472000,64.03321705481096,26.6624326676546,37.64858278079707,63.084565863442954,0.20692111996374318,45340,25467,211300,124712,5,8747.5,0.2440674401486207,-5767.0,4870.0,10.0,20.0,40.0
NC_006155.1,SSG-LUGIA-R,4744671,38,1559200,69.50783199543008,81.57151929997883,75.05803288800871,77.33881652528521,0.5512375467832552,138714,60852,175915,31338,9,21870.5,0.22647959741822557,-40317.0,14778.0,5.555555555555555,16.666666666666664,27.77777777777778
NC_006155.1,SSG-LUGIA-R+center,4744671,38,1559200,70.14124861767367,82.0566650201115,75.63253403867834,77.89827908725994,0.5621060401847002,139539,59401,177366,30513,10,21870.5,0.19447080291970803,-44511.5,8133.0,0.0,5.0,10.0
NC_006350.1,SSG-LUGIA-P,4074542,8,365700,19.7420939514891,15.346306226033827,17.26885339826685,89.66099002280056,0.11953993581269579,9645,39210,791779,53204,1,22608.0,0.17580795100344507,-43455.0,-1761.0,0.0,50.0,50.0
NC_006350.1,SSG-LUGIA-P+center,4074542,8,365700,25.155484980812492,18.148260115514965,21.08493312752447,90.4480453952506,0.16386808884711523,11406,33936,797053,51443,1,20847.0,0.21480225988700566,-38505.0,3189.0,0.0,0.0,50.0
NC_006350.1,SSG-LUGIA-F,4074542,13,513900,25.629008658151538,37.066619993953765,30.304528247889383,88.01192162338141,0.2447388429044832,23296,67601,763388,39553,2,6614.0,0.3270632055682914,-30182.5,-1139.5,0.0,25.0,50.0
NC_006350.1,SSG-LUGIA-F+center,4074542,13,513900,28.020894520432993,42.505051790800174,33.77564244397382,88.28009102320554,0.28366462662007746,26714,68622,762367,36135,2,5474.5,0.44309924266214845,-25232.5,3810.5,0.0,25.0,50.0
NC_006350.1,SSG-LUGIA-R,4074542,30,1345500,17.816196476117035,77.93441423093445,29.002318124894526,73.17064165989811,0.2811360785873414,48981,225943,605046,13868,4,5820.5,0.14637812216147555,-54794.0,2842.0,0.0,12.5,50.0
NC_006350.1,SSG-LUGIA-R+center,4074542,30,1345500,16.991256863664553,71.49039761969163,27.456803703194467,73.43780416585555,0.2525008846424983,44931,219505,611484,17918,4,10737.0,0.20499136538293597,-49844.0,7792.0,12.5,12.5,12.5
NC_006511.1,SSG-LUGIA-P,4585229,9,342200,64.52114613866125,100.0,78.43507980947533,98.88909492422582,0.7986839062288624,10786,5931,517172,0,1,33457.0,0.13881595881595882,-55323.0,11591.0,0.0,0.0,0.0
NC_006511.1,SSG-LUGIA-P+center,4585229,9,342200,49.780772603498406,100.0,66.47151264906172,97.96193590802582,0.6981782651022975,10786,10881,512222,0,1,33457.0,0.13881595881595882,-50373.0,16541.0,0.0,0.0,0.0
NC_006511.1,SSG-LUGIA-F,4585229,14,509000,31.047783534830163,100.0,47.38391248956639,95.51329958099905,0.5442980748577011,10786,23954,499149,0,1,38107.0,0.12397701149425287,-57823.0,18391.0,0.0,0.0,0.0
NC_006511.1,SSG-LUGIA-F+center,4585229,14,509000,30.03536520843196,100.0,46.19568708910637,95.29396559959092,0.5347218508721854,10786,25125,497978,0,1,38107.0,0.12397701149425287,-52873.0,23341.0,0.0,0.0,0.0
NC_006511.1,SSG-LUGIA-R,4585229,30,1249900,8.581908452217085,100.0,15.807252929236675,78.4792344476099,0.25878435981187037,10786,114897,408206,0,1,49207.0,0.09877289377289378,-62823.0,35591.0,0.0,0.0,0.0
NC_006511.1,SSG-LUGIA-R+center,4585229,30,1249900,8.293669406617404,100.0,15.316997663966148,77.66108685513281,0.2530366014061541,10786,119265,403838,0,1,49207.0,0.09877289377289378,-57873.0,40541.0,0.0,0.0,0.0
NC_007146.2,SSG-LUGIA-P,1914490,5,110700,100.0,68.67708968234844,81.43025210084033,72.0801536362258,0.4386134537309909,48451,0,8599,22098,2,6271.0,0.518889275112962,-8956.5,-6271.0,0.0,50.0,50.0
NC_007146.2,SSG-LUGIA-P+center,1914490,5,110700,100.0,71.72036456930644,83.53157733992587,74.79279324809218,0.4647743609871207,50598,0,8599,19951,2,5915.5,0.5624719003060841,-4006.5,-1321.0,0.0,0.0,25.0
NC_007146.2,SSG-LUGIA-F,1914490,6,172000,86.12147391845016,74.60630200286326,79.95139178976949,66.64855713347147,-0.1783114907529905,52634,8482,117,17915,2,7074.0,0.4952534877307006,-12406.5,-2721.0,0.0,0.0,50.0
NC_007146.2,SSG-LUGIA-F+center,1914490,6,172000,86.58439552553162,78.66589179152079,82.43542325802476,70.11927022792742,-0.16917740911258405,55498,8599,0,15051,2,7074.0,0.5504308252688712,-7456.5,2229.0,0.0,25.0,50.0
NC_007146.2,SSG-LUGIA-R,1914490,13,532800,86.37954793847908,77.29946561964024,81.5876482996963,68.90129883256684,-0.17583843160657384,54534,8599,0,16015,2,22051.0,0.31077635340378323,-33356.5,3679.0,0.0,0.0,0.0
NC_007146.2,SSG-LUGIA-R+center,1914490,13,532800,87.36982800405387,84.3158655686119,85.81568469040337,75.15540506393087,-0.1407456270993783,59484,8599,0,11065,2,22051.0,0.3852891086103527,-28406.5,8629.0,0.0,0.0,25.0
NC_006905.1,SSG-LUGIA-P,4755700,9,375100,100.0,58.627677311786584,73.91859769408644,97.33776351668087,0.7550210497835178,22856,0,566859,16129,2,18342.0,0.2449695530594835,-26217.0,5337.0,0.0,0.0,0.0
NC_006905.1,SSG-LUGIA-P+center,4755700,9,375100,86.78255984519834,71.32486853918174,78.29808802410385,97.45578069602075,0.7737840639740339,27806,4235,562624,11179,2,18342.0,0.34657099122858637,-21267.0,10287.0,25.0,25.0,25.0
NC_006905.1,SSG-LUGIA-F,4755700,15,559400,61.96544888133673,67.3489803770681,64.54515284486891,95.23887337334364,0.6205980188514408,26256,16116,550743,12729,2,22892.0,0.25723976871565046,-30067.0,8287.0,0.0,25.0,25.0
NC_006905.1,SSG-LUGIA-F+center,4755700,15,559400,55.987176696416206,72.57150185968962,63.20963381666257,94.56394715471309,0.6091976138668792,28292,22241,544618,10693,2,22892.0,0.29016847470968776,-25117.0,13237.0,0.0,0.0,25.0
NC_006905.1,SSG-LUGIA-R,4755700,30,1238000,17.749058971141782,72.57150185968962,28.522317715553093,76.59446986352923,0.2755245773378826,28292,131108,435751,10693,2,32535.0,0.21527717638136223,-39817.0,14087.0,0.0,0.0,25.0
NC_006905.1,SSG-LUGIA-R+center,4755700,30,1238000,19.20875569466416,72.57150185968962,30.377082975433773,78.59382943463994,0.2950425312751317,28292,118995,447864,10693,2,32535.0,0.21527717638136223,-34867.0,19037.0,0.0,0.0,0.0
NC_007297.1,SSG-LUGIA-P,1838554,5,144700,16.036746507823317,64.86257210722769,25.71553492752161,77.75942885625243,0.24028626264111186,7646,40032,146799,4142,1,15248.0,0.20046143359026794,-26354.0,-4142.0,0.0,0.0,50.0
NC_007297.1,SSG-LUGIA-P+center,1838554,5,144700,21.87134719928753,100.0,35.892517317500186,78.79910783963267,0.41160493779841856,11788,42109,144722,0,1,11106.0,0.3467058823529412,-21404.0,808.0,50.0,50.0,50.0
NC_007297.1,SSG-LUGIA-F,1838554,6,234500,16.120882787549455,86.07058025110281,27.155570424891263,72.59426338869896,0.2936078354191145,10146,52791,134040,1642,1,14448.0,0.2598739818656831,-27254.0,-1642.0,0.0,50.0,50.0
NC_007297.1,SSG-LUGIA-F+center,1838554,6,234500,16.954076716190368,100.0,28.99270755192641,70.92876310926951,0.34226217291576294,11788,57741,129090,0,1,12806.0,0.31518716577540107,-22304.0,3308.0,0.0,0.0,50.0
NC_007297.1,SSG-LUGIA-R,1838554,12,526200,15.878446638559248,100.0,27.405349483301755,68.55738876945307,0.3251283305164914,11788,62451,124380,0,1,23006.0,0.2039446366782007,-37754.0,8258.0,0.0,0.0,0.0
NC_007297.1,SSG-LUGIA-R+center,1838554,12,526200,15.201299873623398,100.0,26.390847829493808,66.89239196652889,0.31386258394179695,11788,65758,121073,0,1,23006.0,0.2039446366782007,-32804.0,13208.0,0.0,0.0,0.0
NC_007335.2,SSG-LUGIA-P,1842899,4,70900,100.0,20.833791662083378,34.483386436049166,95.28415010516798,0.44540941752777213,3788,0,287044,14394,1,14753.0,0.11377425361927074,-15112.0,-14394.0,0.0,0.0,0.0
NC_007335.2,SSG-LUGIA-P+center,1842899,4,70900,100.0,48.05851941480585,64.91827637444278,96.90589923532072,0.6821122827338812,8738,0,287044,9444,1,9803.0,0.3082839401637031,-10162.0,-9444.0,0.0,0.0,0.0
NC_007335.2,SSG-LUGIA-F,1842899,5,148500,43.249286393910566,100.0,60.38324864667397,92.1834968187507,0.6297187549805779,18182,23858,263186,0,1,12109.0,0.4288207547169811,-17212.0,7006.0,0.0,0.0,0.0
NC_007335.2,SSG-LUGIA-F+center,1842899,5,148500,49.02129954165543,100.0,65.79099724996381,93.80524594890343,0.6766993145216881,18182,18908,268136,0,1,12109.0,0.4288207547169811,-12262.0,11956.0,0.0,0.0,0.0
NC_007335.2,SSG-LUGIA-R,1842899,12,536000,18.51640629773713,100.0,31.24699250704613,73.78598153499374,0.3654456973431108,18182,80012,207032,0,1,56709.0,0.138161094224924,-38612.0,74806.0,0.0,0.0,0.0
NC_007335.2,SSG-LUGIA-R+center,1842899,12,536000,19.024599512404393,100.0,31.967508549225077,74.64534476093124,0.3727658657160114,18182,77389,209655,0,1,56709.0,0.138161094224924,-33662.0,79756.0,0.0,0.0,0.0
NC_007005.1,SSG-LUGIA-P,6093698,12,466700,55.19547421463762,57.18305759060696,56.17168920174815,84.63606275822778,0.46871427797971865,58930,47836,447660,44125,4,6272.5,0.451316873594938,-10031.0,6272.5,12.5,25.0,37.5
NC_007005.1,SSG-LUGIA-P+center,6093698,12,466700,55.83952880120271,52.62044539323662,54.182216027456796,84.67749615321,0.45021021097922803,54228,42886,452610,48827,4,10265.5,0.33077819346382664,-5081.0,11222.5,12.5,12.5,25.0
NC_007005.1,SSG-LUGIA-F,6093698,16,605700,48.217956512927415,64.64121100383291,55.23462860317315,81.95993323877163,0.4498165489500108,66616,71540,423956,36439,5,11059.0,0.2806734006734007,-5798.0,12778.0,0.0,0.0,10.0
NC_007005.1,SSG-LUGIA-F+center,6093698,16,605700,49.64415323417789,58.007859880646265,53.50110975871698,82.63940750245176,0.4310413415427978,59780,60637,434859,43275,4,14321.0,0.3449057862224435,-5881.0,18272.5,12.5,25.0,25.0
NC_007005.1,SSG-LUGIA-R,6093698,41,1840400,31.66944895682834,82.10179030614721,45.70783396943987,66.4187345773376,0.34371599537959846,84610,182556,312940,18445,6,24989.0,0.16086909087029694,-17812.0,29033.5,0.0,8.333333333333332,8.333333333333332
NC_007005.1,SSG-LUGIA-R+center,6093698,41,1840400,31.744733452752815,83.23031391004804,45.95995724057003,66.30111719803325,0.3490596880627239,85773,184423,311073,17282,6,29939.0,0.1737593784078517,-12862.0,33983.5,0.0,0.0,8.333333333333332
NC_007432.1,SSG-LUGIA-P,2127839,5,220800,29.274502712477396,42.53941559806601,34.68186297613437,69.24569791603624,0.1591978516962567,20236,48889,151386,27334,2,16358.0,0.19212226581397454,-32271.0,5847.0,0.0,0.0,0.0
NC_007432.1,SSG-LUGIA-P+center,2127839,5,220800,34.000674991562605,52.945133487492114,41.40901804430926,71.24291391797293,0.24548354923415963,25186,48889,151386,22384,2,16358.0,0.23658410343416228,-27321.0,10797.0,0.0,0.0,25.0
NC_007432.1,SSG-LUGIA-F,2127839,6,260000,27.58010938072323,45.902879966365354,34.45712978231539,66.48268070770038,0.14590037318858526,21836,57337,142938,25734,2,18658.0,0.18926416934272516,-35271.0,7447.0,0.0,0.0,0.0
NC_007432.1,SSG-LUGIA-F+center,2127839,6,260000,30.071963445713067,56.30859785579146,39.20581368968773,66.48268070770038,0.2068978368510993,26786,62287,137988,20784,2,18658.0,0.232500568425405,-30321.0,12397.0,0.0,25.0,25.0
NC_007432.1,SSG-LUGIA-R,2127839,13,707900,24.273696255641966,72.24090813537944,36.33758584774483,51.41600597147411,0.14889015540501796,34365,107208,93067,13205,3,40385.5,0.09091794497199902,-42799.0,37972.0,0.0,0.0,0.0
NC_007432.1,SSG-LUGIA-R+center,2127839,13,707900,26.83196494748265,82.64662602480554,40.511507370178215,53.4132219734108,0.23324391052931578,39315,107208,93067,8255,3,40385.5,0.18200551977920884,-37849.0,42922.0,0.0,0.0,0.0
NC_007384.1,SSG-LUGIA-P,4825265,9,232100,37.25052863308519,30.336628057842468,33.439945913617805,91.00377639655503,0.28843768358117466,12860,21663,505007,29531,1,7620.0,0.4576512455516014,-8567.0,6673.0,0.0,0.0,0.0
NC_007384.1,SSG-LUGIA-P+center,4825265,9,232100,39.41677290111091,40.84593427850251,40.118629733894046,90.91679099428708,0.35212528613450955,17315,26613,500057,25076,2,8488.5,0.3275885916505014,-8181.0,3134.5,0.0,0.0,25.0
NC_007384.1,SSG-LUGIA-F,4825265,11,385300,36.68006577745295,56.82810030430988,44.58345285794923,89.47617215026156,0.4021112890771911,24090,41586,485084,18301,3,13621.0,0.23005366726296958,-15375.0,-3237.0,0.0,0.0,16.666666666666664
NC_007384.1,SSG-LUGIA-F+center,4825265,11,385300,46.522723014168555,76.14116203911207,57.75610628970207,91.70282272023562,0.5544998654962021,32277,37102,489568,10114,3,8671.0,0.33468596914528037,-10425.0,1713.0,16.666666666666664,33.33333333333333,33.33333333333333
NC_007384.1,SSG-LUGIA-R,4825265,42,1404700,20.388228108061313,100.0,33.870800207742406,70.91208148159863,0.3739034315051396,42391,165528,361142,0,4,24331.5,0.18924436392914654,-30287.5,11329.5,0.0,0.0,25.0
NC_007384.1,SSG-LUGIA-R+center,4825265,42,1404700,18.538230097783686,100.0,31.278061233901113,67.26589943784586,0.3461426816574215,42391,186277,340393,0,4,24331.5,0.18924436392914654,-25337.5,16279.5,0.0,0.0,0.0
NC_007434.1,SSG-LUGIA-P,4126292,7,408200,85.846914167685,71.27331004947072,77.88422859946039,90.28600301441381,0.7223841001267942,158767,26175,679274,63991,10,43116.0,0.09813223938223939,-50478.5,38778.5,0.0,10.0,10.0
NC_007434.1,SSG-LUGIA-P+center,4126292,7,408200,84.30266631538763,70.38669767191301,76.71873662063143,89.74786874048569,0.706831537949954,156792,29195,676254,65966,9,43728.5,0.10924710424710425,-58765.0,33517.0,5.555555555555555,5.555555555555555,22.22222222222222
NC_007434.1,SSG-LUGIA-F,4126292,11,552700,82.65496552174602,79.53070147873477,81.06274136574116,91.08237709907381,0.7525750211480643,177161,37177,668272,45597,11,52866.0,0.08701726844583987,-53242.0,52490.0,4.545454545454546,4.545454545454546,4.545454545454546
NC_007434.1,SSG-LUGIA-F+center,4126292,11,552700,81.39322805923321,77.33010711175356,79.30966215158519,90.31703057615381,0.7303539182505773,172259,39379,666070,50499,11,52866.0,0.08701726844583987,-48292.0,57440.0,0.0,4.545454545454546,13.636363636363635
NC_007434.1,SSG-LUGIA-R,4126292,24,1295100,55.792856266233194,100.0,71.62440897917581,80.98473724072325,0.6467895227934523,222758,176501,528948,0,14,64201.0,0.0895920469481403,-63753.5,70255.0,0.0,0.0,7.142857142857142
NC_007434.1,SSG-LUGIA-R+center,4126292,24,1295100,55.26054005780132,100.0,71.18426876169386,80.570390009987,0.6413521981913098,222758,180347,525102,0,14,64201.0,0.0895920469481403,-58803.5,75205.0,0.0,0.0,3.571428571428571
NC_007510.1,SSG-LUGIA-P,3694126,8,272600,59.43442817034808,86.77096605331516,70.54709269177955,92.15695498770448,0.6778301910830684,87853,59962,774091,13394,4,24819.5,0.27515384615384614,-12263.0,48118.0,0.0,12.5,12.5
NC_007510.1,SSG-LUGIA-P+center,3694126,8,272600,57.11343047087596,81.88193230416704,67.29084991193253,91.3828718058377,0.6385535265582244,82903,62252,771801,18344,4,24819.5,0.27515384615384614,-7313.0,53068.0,12.5,12.5,12.5
NC_007510.1,SSG-LUGIA-F,3694126,11,385400,52.94770105314238,90.52416367892381,66.81513989531544,90.26601090559178,0.6460914393367638,91653,81448,752605,9594,4,31669.5,0.24480273752012882,-14513.0,58018.0,0.0,12.5,25.0
NC_007510.1,SSG-LUGIA-F+center,3694126,11,385400,51.29930064965033,85.6351299297757,64.16242077103244,89.64449909120069,0.6117970617494314,86703,82311,751742,14544,4,30827.5,0.24480273752012882,-9563.0,62968.0,0.0,12.5,12.5
NC_007510.1,SSG-LUGIA-R,3694126,23,1029000,31.48822052793239,99.73431311545033,47.86458481461468,76.4807013792366,0.4803934118206549,100978,219707,614346,269,5,41169.5,0.17990921787709496,-18856.0,83767.0,10.0,10.0,10.0
NC_007510.1,SSG-LUGIA-R+center,3694126,23,1029000,30.82068235067561,94.84527936630222,46.52327786888621,76.39677108949,0.45485917355736794,96028,215542,618511,5219,5,41169.5,0.17990921787709496,-13906.0,88717.0,0.0,0.0,10.0
NC_007606.1,SSG-LUGIA-P,4369232,5,132300,19.0598423563576,23.965702735304664,21.233084444187693,87.7575529023033,0.1480284642853958,7351,31217,383601,23322,1,8870.0,0.292973576182695,-12749.0,-4991.0,0.0,0.0,50.0
NC_007606.1,SSG-LUGIA-P+center,4369232,5,132300,28.266464451491334,40.10367424118932,33.160356377458186,88.868686460557,0.27784409646234826,12301,31217,383601,18372,1,3920.0,0.6107442530162356,-7799.0,-41.0,50.0,50.0,50.0
NC_007606.1,SSG-LUGIA-F,4369232,8,220000,30.110256507407268,51.81755941707691,38.08816305012042,88.40133695181271,0.33629059844289744,15894,36892,377926,14779,2,5924.0,0.4010262754254415,-5994.5,1433.0,25.0,25.0,50.0
NC_007606.1,SSG-LUGIA-F+center,4369232,8,220000,27.200634417129262,50.32112933198578,35.31309341325585,87.30658980765044,0.3065410920280013,15435,41310,373508,15238,2,6954.5,0.36925425495433706,-1044.5,6383.0,25.0,25.0,25.0
NC_007606.1,SSG-LUGIA-R,4369232,33,1130900,13.850945783718894,69.58888925113291,23.103399755382135,68.10530403532282,0.20006582274320867,21345,132760,282058,9328,2,20329.0,0.2018514195696538,-11894.5,30283.0,0.0,0.0,0.0
NC_007606.1,SSG-LUGIA-R+center,4369232,33,1130900,16.998377430582817,84.70315913017964,28.314543066854842,70.46966156443115,0.2886498122773169,25981,126863,287955,4692,3,11681.5,0.19567786594631098,-8999.0,31659.0,0.0,0.0,33.33333333333333
NC_007613.1,SSG-LUGIA-P,4519823,8,171700,60.72040860061433,98.48225923244026,75.12289965864275,95.13285812472712,0.752058568099111,34001,21995,406154,524,3,3145.5,0.6500462962962963,-6198.0,2998.0,16.666666666666664,33.33333333333333,66.66666666666666
NC_007613.1,SSG-LUGIA-P+center,4519823,8,171700,51.88049146367598,84.1448225923244,64.18621093447929,92.99312258739415,0.6272305310127649,29051,26945,401204,5474,3,5892.5,0.4853694581280788,-1248.0,7948.0,0.0,33.33333333333333,33.33333333333333
NC_007613.1,SSG-LUGIA-F,4519823,10,296000,53.64440093848568,100.0,69.82929493143482,93.5518313110311,0.7064445250788545,34525,29834,398315,0,3,7821.0,0.4228755364806867,-7749.0,7893.0,0.0,0.0,0.0
NC_007613.1,SSG-LUGIA-F+center,4519823,10,296000,53.64440093848568,100.0,69.82929493143482,93.5518313110311,0.7064445250788545,34525,29834,398315,0,3,8148.0,0.4228755364806867,-2799.0,12843.0,16.666666666666664,16.666666666666664,33.33333333333333
NC_007613.1,SSG-LUGIA-R,4519823,38,1355100,18.6056412412024,100.0,31.373956662592516,67.35563269170085,0.3470184140631999,34525,151037,277112,0,3,20595.5,0.19549603174603175,-19349.0,21198.0,0.0,0.0,0.0
NC_007613.1,SSG-LUGIA-R+center,4519823,38,1355100,16.74483347317674,100.0,28.686209016733965,62.898714861868186,0.31672257148310284,34525,171658,256491,0,3,25545.5,0.19549603174603175,-14399.0,26148.0,0.0,0.0,0.0
NC_007530.2,SSG-LUGIA-P,5227419,9,336900,6.636272795403447,28.45056092532598,10.762195585129817,88.47056745245058,0.09289067529600449,10626,149494,1341567,26723,2,11631.5,0.1739125360715669,-18372.0,-1429.0,0.0,0.0,0.0
NC_007530.2,SSG-LUGIA-P+center,5227419,9,336900,9.546047914100278,41.70392781600578,15.535917333280139,88.91894190694906,0.1590262525508702,15576,147591,1343470,21773,2,10202.5,0.2597747584731977,-13422.0,3521.0,0.0,0.0,0.0
NC_007530.2,SSG-LUGIA-F,5227419,13,463100,6.734550621188928,42.64103456585183,11.631991995062648,84.16792614547144,0.11889975553680766,15926,220556,1270505,21423,2,13802.5,0.21861552259399794,-19672.0,3721.0,0.0,0.0,25.0
NC_007530.2,SSG-LUGIA-F+center,5227419,13,463100,8.338398740826916,55.460654903745755,14.497176011141985,84.01358274285042,0.16819178887778888,20714,227703,1263358,16635,2,13802.5,0.31225,-14722.0,8671.0,25.0,25.0,25.0
NC_007530.2,SSG-LUGIA-R,5227419,37,1439100,5.318163880145919,73.96717448927681,9.922882686139358,67.18406710241362,0.133586138487328,27626,491839,999222,9723,3,20731.5,0.18495327102803738,-19575.0,21888.0,16.666666666666664,16.666666666666664,16.666666666666664
NC_007530.2,SSG-LUGIA-R+center,5227419,37,1439100,4.1725625856786674,60.713807598597015,7.808486167450638,64.96673013131293,0.0831762167961367,22676,520779,970282,14673,3,19696.0,0.18495327102803738,-14625.0,26838.0,0.0,0.0,16.666666666666664
NC_007651.1,SSG-LUGIA-P,3809201,9,366300,46.47398843930636,80.23284823284823,58.85618423059326,93.36208826764233,0.579799239624672,38592,44448,720298,9508,3,31113.0,0.17196610169491525,-40361.0,25392.0,0.0,0.0,0.0
NC_007651.1,SSG-LUGIA-P+center,3809201,9,366300,46.49414486048865,80.23284823284823,58.87234561874543,93.36651715085023,0.579947338694455,38592,44412,720334,9508,3,32876.5,0.17196610169491525,-35411.0,30342.0,16.666666666666664,16.666666666666664,16.666666666666664
NC_007651.1,SSG-LUGIA-F,3809201,11,511000,30.23669427185759,80.23284823284823,43.92117587476455,87.87605524293654,0.4448313197607822,38592,89041,675705,9508,3,32613.0,0.16329399141630901,-44061.0,27392.0,0.0,0.0,0.0
NC_007651.1,SSG-LUGIA-F+center,3809201,11,511000,30.397214848888222,80.23284823284823,44.09027813480026,87.95897377855091,0.4463641397757501,38592,88367,676379,9508,3,35726.5,0.16329399141630901,-39111.0,32342.0,0.0,0.0,16.666666666666664
NC_007651.1,SSG-LUGIA-R,3809201,18,1305900,16.3857358932781,100.0,28.157635929377605,69.80387428861063,0.3335667036652892,48100,245448,519298,0,4,66326.5,0.11250899992147718,-64100.5,85626.5,0.0,0.0,0.0
NC_007651.1,SSG-LUGIA-R+center,3809201,18,1305900,15.56135736446899,100.0,26.931766326333502,67.89071976733601,0.32016316717118487,48100,260999,503747,0,4,66326.5,0.11250899992147718,-59150.5,90576.5,0.0,0.0,0.0
NC_007761.1,SSG-LUGIA-P,4381608,9,308400,78.54512484307435,73.0431962641069,75.69431375184837,90.7532512695677,0.700645627565825,112618,30762,597214,41562,5,9523.0,0.3804166388462309,-3646.0,13843.0,0.0,10.0,40.0
NC_007761.1,SSG-LUGIA-P+center,4381608,9,308400,75.07378791735754,70.77377091710987,72.86039081357731,89.606804780632,0.6648422965517474,109119,36230,591746,45061,5,7595.5,0.43869400067031616,1304.0,18793.0,0.0,30.0,30.0
NC_007761.1,SSG-LUGIA-F,4381608,10,400600,78.64579798281456,75.15371643533533,76.86011263158593,91.0797845954004,0.7136683633738644,115872,31462,596514,38308,5,13494.5,0.34256457430584136,-12546.0,14443.0,0.0,10.0,30.0
NC_007761.1,SSG-LUGIA-F+center,4381608,10,400600,75.71154327685502,76.48397976391232,76.0958013506145,90.52784866446079,0.701911278434241,117923,37830,590146,36257,5,8591.5,0.43970442808482585,-7596.0,19393.0,10.0,30.0,30.0
NC_007761.1,SSG-LUGIA-R,4381608,26,1226600,47.6010498687664,85.2808405759502,61.09873258907309,78.5934008049545,0.5179938412648584,131486,144739,483237,22694,6,20096.0,0.30373140433564727,-14102.0,26074.0,8.333333333333332,16.666666666666664,25.0
NC_007761.1,SSG-LUGIA-R+center,4381608,26,1226600,44.58253973750736,83.5004540147879,58.12890845467885,76.28759480205994,0.478269324619296,128741,160029,467947,25439,6,20606.0,0.2703293256802368,-9152.0,31024.0,8.333333333333332,16.666666666666664,25.0
NC_007778.1,SSG-LUGIA-P,5331656,11,320500,100.0,44.45825809140158,61.551701756326,57.696529506206474,0.4002724022268311,128022,0,90113,159938,8,6749.5,0.4611565686853566,-6749.5,-4072.5,6.25,12.5,31.25
NC_007778.1,SSG-LUGIA-P+center,5331656,11,320500,100.0,49.2495485484095,65.99624458151747,61.34582474813065,0.43341632555488163,141819,0,90113,146141,8,5218.0,0.5045171815204955,-1799.5,877.5,12.5,25.0,50.0
NC_007778.1,SSG-LUGIA-F,5331656,13,487100,100.0,52.38852618419225,68.7565232055203,63.73663287248759,0.4558199353716482,150858,0,90113,137102,8,7301.0,0.42424149118859633,-13030.0,727.5,0.0,18.75,31.25
NC_007778.1,SSG-LUGIA-F+center,5331656,13,487100,100.0,57.18398388665092,72.76057327556686,67.38910210462001,0.4913914724774283,164667,0,90113,123293,9,7577.5,0.3942247191011236,-11909.0,3841.0,0.0,16.666666666666664,38.88888888888889
NC_007778.1,SSG-LUGIA-R,5331656,33,1558200,91.86570377977274,96.30330601472427,94.03217876337249,90.68962872249539,0.7334217777477877,277315,24555,65558,10645,18,29223.5,0.13892091253670402,-33482.5,28814.0,0.0,5.555555555555555,11.11111111111111
NC_007778.1,SSG-LUGIA-R+center,5331656,33,1558200,89.66560794853001,95.58653979719406,92.53145301587568,88.24750775643857,0.6583942696843877,275251,31724,58389,12709,17,33073.0,0.1412140992167102,-36770.0,29376.0,0.0,2.941176470588235,14.705882352941178
NC_007793.1,SSG-LUGIA-P,2872769,6,174400,100.0,100.0,100.0,100.0,1.0,20096,0,288876,0,1,13152.0,0.43310344827586206,-14107.0,12197.0,0.0,0.0,0.0
NC_007793.1,SSG-LUGIA-P+center,2872769,6,174400,100.0,100.0,100.0,100.0,1.0,20096,0,288876,0,1,13152.0,0.43310344827586206,-9157.0,17147.0,0.0,0.0,0.0
NC_007793.1,SSG-LUGIA-F,2872769,8,241100,74.91519105312209,100.0,85.65887342554505,97.8221327498932,0.8553954448234963,20096,6729,282147,0,1,14252.0,0.4134979423868313,-16007.0,12497.0,0.0,0.0,0.0
NC_007793.1,SSG-LUGIA-F+center,2872769,8,241100,91.86742857142856,100.0,95.76135903361845,99.42421967039084,0.9555191083297097,20096,1779,287097,0,1,14252.0,0.4134979423868313,-11057.0,17447.0,0.0,0.0,0.0
NC_007793.1,SSG-LUGIA-R,2872769,20,877900,17.609688132563377,100.0,29.945982192750435,69.56908716647463,0.3446463232619322,20096,94023,194853,0,1,19152.0,0.3441095890410959,-18907.0,19397.0,0.0,0.0,0.0
NC_007793.1,SSG-LUGIA-R+center,2872769,20,877900,18.067555539572226,100.0,30.605453728592856,70.50509431275326,0.3516792332161952,20096,91131,197745,0,1,19152.0,0.3441095890410959,-13957.0,24347.0,0.0,0.0,0.0
NC_008022.1,SSG-LUGIA-P,1928252,6,167000,22.222514673755693,57.92795883361921,32.122203621975345,82.11042981695303,0.27799692130941006,8443,29550,155332,6132,1,11794.5,0.26358016983016985,-17457.0,-6132.0,0.0,0.0,0.0
NC_008022.1,SSG-LUGIA-P+center,1928252,6,167000,28.37800614471872,91.89022298456261,43.364092601586535,82.46037993151405,0.4507421724689419,13393,33802,151080,1182,1,6844.5,0.49453511557492064,-12507.0,-1182.0,0.0,50.0,50.0
NC_008022.1,SSG-LUGIA-F,1928252,6,236800,17.129484691002443,75.08061749571183,27.894824048229015,71.6364930787087,0.2590678290271113,10943,52941,131941,3632,1,10944.5,0.3333028752436647,-18257.0,-3632.0,0.0,0.0,50.0
NC_008022.1,SSG-LUGIA-F+center,1928252,6,236800,20.112880523279884,100.0,33.48996449948874,70.97569902284702,0.37168607699580697,14575,57891,126991,0,1,7312.5,0.4991438356164384,-13307.0,1318.0,0.0,50.0,50.0
NC_008022.1,SSG-LUGIA-R,1928252,14,677200,14.490664333578573,100.0,25.313267973288646,56.87942764605906,0.27838131447723286,14575,86007,98875,0,1,20412.5,0.263086642599278,-28657.0,12168.0,0.0,0.0,0.0
NC_008022.1,SSG-LUGIA-R+center,1928252,14,677200,14.63985455568167,100.0,25.540602109837735,57.39332287159639,0.2812573042446261,14575,84982,99900,0,1,20412.5,0.263086642599278,-23707.0,17118.0,0.0,0.0,0.0
NC_007946.1,SSG-LUGIA-P,5065741,15,526900,100.0,77.45037002821653,87.29243000834666,94.0696932845842,0.8466551170102876,154261,0,558173,44913,12,13678.5,0.33070046369803696,-13457.5,16097.0,4.166666666666666,8.333333333333332,25.0
NC_007946.1,SSG-LUGIA-P+center,5065741,15,526900,100.0,78.2632271280388,87.80636184918352,94.28346583534363,0.8522311147587367,155880,0,558173,43294,12,11846.5,0.33070046369803696,-11216.0,14269.0,12.5,16.666666666666664,29.166666666666668
NC_007946.1,SSG-LUGIA-F,5065741,14,749600,100.0,86.70358580939279,92.87832950129751,96.50318810267949,0.9098142537393001,172691,0,558173,26483,13,25203.0,0.12310704960835508,-25075.0,25570.0,0.0,3.8461538461538463,11.538461538461538
NC_007946.1,SSG-LUGIA-F+center,5065741,14,749600,100.0,91.28299878498197,95.4428771660901,97.70752376387574,0.9409000511566108,181812,0,558173,17362,13,25815.0,0.15272866290738793,-20125.0,30520.0,3.8461538461538463,15.384615384615385,23.076923076923077
NC_007946.1,SSG-LUGIA-R,5065741,25,1544700,62.32992550927333,98.80958358018617,76.44052062658521,83.98197919843876,0.6920257138717387,196803,118941,439232,2371,14,45064.0,0.11471076426192972,-43186.0,54231.0,3.571428571428571,7.142857142857142,10.714285714285714
NC_007946.1,SSG-LUGIA-R+center,5065741,25,1544700,60.83580740143435,100.0,75.64958125225516,83.06958369149147,0.6845492632501532,199174,128222,429951,0,14,40114.0,0.11471076426192972,-38236.0,59181.0,0.0,3.571428571428571,14.285714285714285
NC_008023.1,SSG-LUGIA-P,1860355,6,179400,59.285433843737735,79.33033290720277,67.8585605896055,82.2698463852186,0.5709947241000313,45300,31110,153821,11803,1,5901.5,0.7933033290720277,5543.0,-6260.0,0.0,0.0,0.0
NC_008023.1,SSG-LUGIA-P+center,1860355,6,179400,56.019291411611945,79.33033290720277,65.66740113649541,80.42919589809696,0.5409776580116477,45300,35565,149366,11803,1,5901.5,0.7933033290720277,10493.0,-1310.0,0.0,50.0,50.0
NC_008023.1,SSG-LUGIA-F,1860355,5,253400,49.49969505222231,90.9636971787822,64.11172618937417,75.9732103754018,0.5338279738589342,51943,52993,131938,5160,1,4408.5,0.8548880842659644,-3657.0,-5160.0,0.0,0.0,50.0
NC_008023.1,SSG-LUGIA-F+center,1860355,5,253400,48.9682322996574,97.36791412009876,65.1641409701956,75.4389879107894,0.5618190853577157,55600,57943,126988,1503,1,751.5,0.9736791412009876,1293.0,-210.0,50.0,100.0,100.0
NC_008023.1,SSG-LUGIA-R,1860355,11,589600,44.962638089463866,100.0,62.0334158953635,71.12058636389929,0.5288496926976212,57103,69898,115033,0,1,5798.5,0.8311935953420669,-9157.0,2440.0,0.0,50.0,50.0
NC_008023.1,SSG-LUGIA-R+center,1860355,11,589600,45.53704574996611,100.0,62.577944351294775,71.78247684209657,0.5359101885822498,57103,68296,116635,0,1,5798.5,0.8311935953420669,-4207.0,7390.0,0.0,0.0,50.0
NC_007958.1,SSG-LUGIA-P,4892717,9,302000,100.0,72.11595955524203,83.79927084227864,74.32509341053621,0.41237800982903006,107341,0,12807,41504,7,11294.5,0.22445056145410058,-20162.0,-962.0,7.142857142857142,7.142857142857142,14.285714285714285
NC_007958.1,SSG-LUGIA-P+center,4892717,9,302000,100.0,82.73909100070543,90.55434231134052,84.10659936159158,0.5246314877998896,123153,0,12807,25692,7,8606.0,0.32536144578313253,-15212.0,3988.0,0.0,21.428571428571427,28.57142857142857
NC_007958.1,SSG-LUGIA-F,4892717,13,438100,100.0,78.06980415868857,87.68449488394555,79.80724024447579,0.46903265876561306,116203,0,12807,32642,7,11526.5,0.23960459438908233,-21662.0,3938.0,0.0,0.0,7.142857142857142
NC_007958.1,SSG-LUGIA-F+center,4892717,13,438100,100.0,88.04662568443683,93.64339866665713,88.9936406601836,0.6070527715663997,131053,0,12807,17792,7,9478.5,0.3758884150675195,-16712.0,8888.0,7.142857142857142,14.285714285714285,28.57142857142857
NC_007958.1,SSG-LUGIA-R,4892717,30,1464800,100.0,94.13416641472672,96.97846407275772,94.59889144582189,0.7481602995456483,140114,0,12807,8731,7,19231.0,0.3206119402985075,-33462.0,6819.0,14.285714285714285,14.285714285714285,14.285714285714285
NC_007958.1,SSG-LUGIA-R+center,4892717,30,1464800,100.0,97.03113977627733,98.49320253281094,97.26634993690149,0.8493507013632114,144426,0,12807,4419,8,14591.5,0.29235975988030505,-24250.0,11663.0,0.0,0.0,12.5
NC_008024.1,SSG-LUGIA-P,1937111,6,196700,63.92104540281757,100.0,77.9900411759073,88.21171221225927,0.7375408493702317,48867,27582,157529,0,1,10266.5,0.7041354466858789,-15359.0,5174.0,0.0,0.0,0.0
NC_008024.1,SSG-LUGIA-P+center,1937111,6,196700,63.55525497795524,100.0,77.71716657654505,88.02366034413492,0.7343997270205941,48867,28022,157089,0,1,10266.5,0.7041354466858789,-10409.0,10124.0,0.0,0.0,0.0
NC_008024.1,SSG-LUGIA-F,1937111,8,288200,54.582314110511675,100.0,70.61909303737102,82.62144304165349,0.6526301428131002,48867,40662,144449,0,1,12166.5,0.6675819672131148,-16959.0,7374.0,0.0,0.0,0.0
NC_008024.1,SSG-LUGIA-F+center,1937111,8,288200,49.14763298434058,100.0,65.90467713222203,78.39027600885554,0.5976892255225208,48867,50562,134549,0,1,12166.5,0.6675819672131148,-12009.0,12324.0,0.0,0.0,0.0
NC_008024.1,SSG-LUGIA-R,1937111,11,643800,41.68294451315733,100.0,58.839749069848644,70.78015881835044,0.5127179313509839,48867,68368,116743,0,1,18716.5,0.5662456546929316,-25459.0,11974.0,0.0,0.0,0.0
NC_008024.1,SSG-LUGIA-R+center,1937111,11,643800,41.68294451315733,100.0,58.839749069848644,70.78015881835044,0.5127179313509839,48867,68368,116743,0,1,18716.5,0.5662456546929316,-20509.0,16924.0,0.0,0.0,0.0
NC_008061.1,SSG-LUGIA-P,2788459,5,259600,57.44689660883607,100.0,72.97304404996711,97.69028151730772,0.748847982843913,13874,10277,420795,0,1,47513.0,0.12740128558310376,-46014.0,49012.0,0.0,0.0,0.0
NC_008061.1,SSG-LUGIA-P+center,2788459,5,259600,59.58854099557617,100.0,74.67771886858465,97.8853613696943,0.7634651471569069,13874,9409,421663,0,1,47513.0,0.12740128558310376,-41064.0,53962.0,0.0,0.0,0.0
NC_008061.1,SSG-LUGIA-F,2788459,8,329800,57.44689660883607,100.0,72.97304404996711,97.69028151730772,0.748847982843913,13874,10277,420795,0,1,51113.0,0.11950043066322136,-48714.0,53512.0,0.0,0.0,0.0
NC_008061.1,SSG-LUGIA-F+center,2788459,8,329800,56.900299388918505,100.0,72.53051729095328,97.63814035860531,0.7450714110462207,13874,10509,420563,0,1,51113.0,0.11950043066322136,-43764.0,58462.0,0.0,0.0,0.0
NC_008061.1,SSG-LUGIA-R,2788459,18,699400,19.20755343891904,100.0,32.22539660418554,86.88425112260813,0.4075200406394538,13874,58358,372714,0,1,56713.0,0.10898664571877455,-49614.0,63812.0,0.0,0.0,0.0
NC_008061.1,SSG-LUGIA-R+center,2788459,18,699400,17.72151898734177,100.0,30.107526881720432,85.5229623370027,0.38824471744300215,13874,64415,366657,0,1,56713.0,0.10898664571877455,-44664.0,68762.0,0.0,0.0,0.0
NC_008060.1,SSG-LUGIA-P,3294563,7,207200,27.991635630990903,8.8791517381621,13.481783162290117,73.74949953215318,0.03305545409507138,18339,47177,642944,188201,2,5935.5,0.36186382057073374,444.0,1889.0,0.0,0.0,0.0
NC_008060.1,SSG-LUGIA-P+center,3294563,7,207200,28.68971568009212,10.1326619541009,14.976063201734613,73.49834552857769,0.03997024421130188,20928,52018,638103,185612,1,541.5,0.950797328608423,-172.0,-911.0,100.0,100.0,100.0
NC_008060.1,SSG-LUGIA-F,3294563,12,360500,36.99144774902245,25.695749007456183,30.32590404301579,72.8027649245367,0.14467336990374535,53072,90399,599722,153468,4,11064.5,0.353926739984297,-7856.0,3489.0,12.5,12.5,12.5
NC_008060.1,SSG-LUGIA-F+center,3294563,12,360500,39.61357540468777,28.459862496368743,33.12296084254183,73.52801114356485,0.17534514745291463,58781,89605,600516,147759,4,6573.5,0.35733039509176173,-2906.0,8439.0,25.0,25.0,50.0
NC_008060.1,SSG-LUGIA-R,3294563,22,912300,38.379582818409915,49.619928343178074,43.28188018666722,70.04442035507287,0.23734174756136123,102485,164545,525576,104055,6,18564.5,0.32388863371066984,-12924.5,22181.0,0.0,8.333333333333332,25.0
NC_008060.1,SSG-LUGIA-R+center,3294563,22,912300,37.72690004081167,49.68044930764017,42.886310109692154,69.52014194885247,0.2302509032933043,102610,169371,520750,103930,5,14223.5,0.4475204918032787,-11240.0,25889.0,0.0,10.0,20.0
NC_008253.1,SSG-LUGIA-P,4938920,11,533300,86.4869721473495,100.0,92.75390248602814,97.86955179771478,0.9184416388259141,91447,14288,564922,0,7,27163.5,0.18903973509933775,-24416.0,29911.0,0.0,0.0,14.285714285714285
NC_008253.1,SSG-LUGIA-P+center,4938920,11,533300,86.21727470916211,97.73748728771857,91.61665291395242,97.56104834513022,0.9043900264284356,89378,14288,564922,2069,7,28583.0,0.18500848896434635,-19466.0,34861.0,0.0,7.142857142857142,7.142857142857142
NC_008253.1,SSG-LUGIA-F,4938920,10,743200,82.11835488505747,100.0,90.18130537900566,97.03082201483024,0.8904782975576051,91447,19913,559297,0,7,33856.0,0.13072639225181598,-26816.0,49462.0,0.0,0.0,0.0
NC_008253.1,SSG-LUGIA-F+center,4938920,10,743200,78.6235061473648,100.0,88.03265353273295,96.29273980589184,0.8674591424942821,91447,24863,554347,0,7,33856.0,0.13072639225181598,-21866.0,54412.0,0.0,7.142857142857142,7.142857142857142
NC_008253.1,SSG-LUGIA-R,4938920,28,1464900,42.68696289449976,100.0,59.833024725688155,81.69257906798856,0.5799849090042636,91447,122780,456430,0,7,38556.0,0.11736956521739131,-36516.0,57062.0,0.0,0.0,0.0
NC_008253.1,SSG-LUGIA-R+center,4938920,28,1464900,37.86860467523863,100.0,54.93434094649958,77.62820637076777,0.5297089562034694,91447,150038,429172,0,7,39734.0,0.11736956521739131,-31566.0,62012.0,0.0,0.0,7.142857142857142
NC_008258.1,SSG-LUGIA-P,4574284,8,245700,34.43322042100169,21.73290573817432,26.647162083089526,89.67486022844454,0.22055236912835177,11385,21679,532997,41001,1,20357.5,0.21852207293666026,-832.0,39883.0,50.0,50.0,50.0
NC_008258.1,SSG-LUGIA-P+center,4574284,8,245700,18.70720280080317,13.872026877409995,15.930813749561556,87.36570564456349,0.0938397106145795,7267,31579,523097,45119,1,24475.5,0.12926464833327403,4118.0,44833.0,0.0,0.0,50.0
NC_008258.1,SSG-LUGIA-F,4574284,12,388000,30.389173606662396,21.73290573817432,25.342237061769612,88.9500578194649,0.19873864668634428,11385,26079,528597,41001,1,33507.5,0.14521683673469388,-24932.0,42083.0,0.0,0.0,0.0
NC_008258.1,SSG-LUGIA-F+center,4574284,12,388000,28.655598188794528,30.080555873706714,29.35079206906507,87.50358283008984,0.22508777477699968,15758,39233,515443,36628,2,15604.5,0.17753187918600427,-15604.5,20897.0,0.0,0.0,0.0
NC_008258.1,SSG-LUGIA-R,4574284,31,1282300,19.246074573419452,66.38033062268545,29.840346338177437,73.06387156501313,0.24612190934935385,34774,145907,408769,17612,3,18847.0,0.24709511568123393,-25877.0,5106.0,0.0,0.0,16.666666666666664
NC_008258.1,SSG-LUGIA-R+center,4574284,31,1282300,20.059273124317578,73.64563051196885,31.530427107340753,72.39886535477432,0.2771951923390058,38580,153750,400926,13806,4,9325.0,0.23696313683817344,-14760.5,9208.5,0.0,0.0,12.5
NC_008321.1,SSG-LUGIA-P,4706287,8,260800,68.93250261716248,45.29015025041736,54.66452270703114,46.74036549569169,-0.04039917436478099,67822,30567,30903,81928,4,7020.5,0.43663075005245555,-12683.5,-767.5,0.0,0.0,37.5
NC_008321.1,SSG-LUGIA-P+center,4706287,8,260800,71.7056057464455,51.72954924874791,60.10117075668588,51.30574756178392,0.018200082502746767,77465,30567,30903,72285,4,6073.0,0.43663075005245555,-7733.5,4182.5,25.0,25.0,50.0
NC_008321.1,SSG-LUGIA-F,4706287,11,347800,70.43495923163972,48.62904841402337,57.535188177246496,49.107565571442095,-0.009973990376433246,72822,30567,30903,76928,4,8157.0,0.39288403855383136,-13497.0,1732.5,0.0,12.5,12.5
NC_008321.1,SSG-LUGIA-F+center,4706287,11,347800,72.32052303680094,53.332220367278794,61.39164123575036,52.44200359814412,0.03278925737929982,79865,30567,30903,69885,4,7396.0,0.39288403855383136,-8547.0,6682.5,0.0,12.5,50.0
NC_008321.1,SSG-LUGIA-R,4706287,34,1281000,76.17927879287318,71.60801335559266,73.82294829164859,63.99583372786668,0.16435212909405572,107233,33531,27939,42517,7,12018.5,0.3098575498575499,-9507.0,10479.0,7.142857142857142,14.285714285714285,21.428571428571427
NC_008321.1,SSG-LUGIA-R+center,4706287,34,1281000,72.22310446382167,66.81469115191987,69.41370722130107,58.2539532241265,0.04028554780553021,100055,38481,22989,49695,7,13611.0,0.3098575498575499,-14865.0,12357.0,0.0,7.142857142857142,14.285714285714285
NC_008322.1,SSG-LUGIA-P,4792610,9,275600,68.58123734440687,46.84316575047214,55.66521779031062,52.36148650162931,0.08670215154590444,66722,30567,50097,75715,3,4351.0,0.695944055944056,-4160.0,-2289.0,0.0,16.666666666666664,66.66666666666666
NC_008322.1,SSG-LUGIA-P+center,4792610,9,275600,69.71345342131859,49.396575328039766,57.82226550461655,53.99168986243899,0.11103120742558086,70359,30567,50097,72078,3,2532.5,0.5818867924528301,790.0,2661.0,33.33333333333333,50.0,66.66666666666666
NC_008322.1,SSG-LUGIA-F,4792610,15,413200,70.04145798825847,50.17235690164774,58.46491156306756,54.48698123271522,0.11841293208606155,71464,30567,50097,70973,3,4948.0,0.6679194630872484,-7360.0,2058.0,0.0,33.33333333333333,50.0
NC_008322.1,SSG-LUGIA-F+center,4792610,15,413200,70.15407748789252,50.44265183905867,58.68745737238261,54.65954881421419,0.12098455072723416,71849,30567,50097,70588,3,4934.5,0.5777044184865414,-2410.0,7008.0,0.0,33.33333333333333,50.0
NC_008322.1,SSG-LUGIA-R,4792610,34,1367400,72.10465014935306,63.89070255621784,67.74962032101486,61.16557075046728,0.19622946403964825,91004,35207,45457,51433,5,15198.0,0.32878464818763325,-20122.0,8929.0,0.0,0.0,10.0
NC_008322.1,SSG-LUGIA-R+center,4792610,34,1367400,70.19136553935687,66.3865428224408,68.23595631293907,60.540293409711296,0.16309920882741125,94559,40157,40507,47878,6,14525.5,0.34389232409381665,-17184.0,11970.0,0.0,8.333333333333332,8.333333333333332
NC_008390.1,SSG-LUGIA-P,3556545,10,290500,16.294165981922763,100.0,28.022327421748038,92.90204445088565,0.3888625656850929,9915,50935,656751,0,1,22692.5,0.17929475587703436,-4120.0,41265.0,0.0,0.0,50.0
NC_008390.1,SSG-LUGIA-P+center,3556545,10,290500,15.743869682003291,91.62884518406455,26.87074829931973,93.10898396183951,0.3638361052167065,9085,48620,659066,830,1,23522.5,0.1618564047746303,830.0,46215.0,50.0,50.0,50.0
NC_008390.1,SSG-LUGIA-F,3556545,11,368800,12.719692110327133,100.0,22.568713367097253,90.51910462778062,0.3390701348781428,9915,68035,639651,0,1,23492.5,0.1742530755711775,-4920.0,42065.0,0.0,0.0,50.0
NC_008390.1,SSG-LUGIA-F+center,3556545,11,368800,14.345422090643911,99.69742813918305,25.081829945954176,91.77091447754393,0.36195805943499937,9885,59022,648664,30,1,23522.5,0.17363428772176356,30.0,47015.0,50.0,50.0,50.0
NC_008390.1,SSG-LUGIA-R,3556545,26,1085400,4.768064786050225,100.0,9.10213392943207,72.40374525676525,0.1853057588865149,9915,198031,509655,0,1,41342.5,0.10707343412526998,-7920.0,74765.0,0.0,0.0,0.0
NC_008390.1,SSG-LUGIA-R+center,3556545,26,1085400,4.632982725025583,100.0,8.855683178221181,71.55884676860819,0.18157223923370416,9915,204094,503592,0,1,41342.5,0.10707343412526998,-2970.0,79715.0,0.0,0.0,50.0
NC_008543.1,SSG-LUGIA-P,2998664,6,272100,70.066308809599,100.0,82.39881173412552,98.96276456068483,0.8325951749215313,11095,4740,441149,0,1,49802.5,0.10022583559168925,-59285.0,40320.0,0.0,0.0,0.0
NC_008543.1,SSG-LUGIA-P+center,2998664,6,272100,100.0,100.0,100.0,100.0,1.0,11095,0,445889,0,1,49802.5,0.10022583559168925,-54335.0,45270.0,0.0,0.0,0.0
NC_008543.1,SSG-LUGIA-F,2998664,8,340900,67.10009071666163,100.0,80.31125588128846,98.80958633125012,0.8141341806174445,11095,5440,440449,0,1,53302.5,0.09426508071367884,-64685.0,41920.0,0.0,0.0,0.0
NC_008543.1,SSG-LUGIA-F+center,2998664,8,340900,95.77039274924472,100.0,97.83950617283949,99.89277523939569,0.9780856197854298,11095,490,445399,0,1,53302.5,0.09426508071367884,-59735.0,46870.0,0.0,0.0,0.0
NC_008543.1,SSG-LUGIA-R,2998664,15,713000,14.499287777211483,100.0,25.326424397370346,85.68308737286206,0.3517354729149022,11095,65426,380463,0,1,62252.5,0.08182153392330384,-77185.0,47320.0,0.0,0.0,0.0
NC_008543.1,SSG-LUGIA-R+center,2998664,15,713000,17.07369619746703,100.0,29.167433423591575,88.2079022460305,0.38743065692320006,11095,53888,392001,0,1,62252.5,0.08182153392330384,-72235.0,52270.0,0.0,0.0,0.0
NC_008463.1,SSG-LUGIA-P,6537648,12,477900,56.78518547006903,42.23790827236514,48.442991719742615,61.9441299517464,0.19834854992784565,59060,44946,145565,80767,5,9610.5,0.392135593220339,-7908.0,9922.0,10.0,10.0,20.0
NC_008463.1,SSG-LUGIA-P+center,6537648,12,477900,56.447674418604656,41.66148168808599,47.940352306533846,61.70013743499083,0.19262309665022959,58254,44946,145565,81573,5,10535.0,0.392135593220339,-2958.0,14872.0,0.0,20.0,40.0
NC_008463.1,SSG-LUGIA-F,6537648,18,675200,58.997058295468676,61.10121793358937,60.0307053446271,65.55982054743929,0.298062403544787,85436,59378,131133,54391,7,10761.5,0.4325311324544425,-9489.0,10899.0,14.285714285714285,14.285714285714285,28.57142857142857
NC_008463.1,SSG-LUGIA-F+center,6537648,18,675200,59.2509168209366,60.20010441474108,59.721739377212714,65.62853804285308,0.29752344896626925,84176,57891,132620,55651,7,9219.5,0.3792786885245902,-4539.0,15849.0,14.285714285714285,14.285714285714285,35.714285714285715
NC_008463.1,SSG-LUGIA-R,6537648,42,1827900,55.49530891186891,82.78515594270063,66.44738730361007,64.61139802263136,0.3488125253950747,115756,92831,97680,24071,9,20033.5,0.266783114992722,-17108.0,20722.0,5.555555555555555,11.11111111111111,11.11111111111111
NC_008463.1,SSG-LUGIA-R+center,6537648,42,1827900,54.89057223524202,85.09300778819542,66.73359675370384,64.08981104202363,0.3512526827736354,118983,97781,92730,20844,10,17629.5,0.24647391043753747,-13688.0,25260.5,0.0,10.0,20.0
NC_008563.1,SSG-LUGIA-P,5082025,14,521800,86.1920879636876,80.3232658419407,83.15425378803967,94.88175372947089,0.8021040521479771,88109,14115,573677,21584,6,9277.0,0.4657624376431614,-9277.0,6982.5,16.666666666666664,16.666666666666664,25.0
NC_008563.1,SSG-LUGIA-P+center,5082025,14,521800,86.10268662538397,80.49191835395149,83.20281947624835,94.88877897015706,0.8025596057518247,88294,14251,573541,21399,6,6638.0,0.46673817503903514,-4327.0,11932.5,8.333333333333332,16.666666666666664,50.0
NC_008563.1,SSG-LUGIA-F,5082025,16,764900,87.98641084434853,95.1501007356896,91.42814595496613,97.19406152103629,0.8985195570441675,104373,14251,573541,5320,8,14961.5,0.33298064918851433,-15638.5,13183.5,0.0,6.25,12.5
NC_008563.1,SSG-LUGIA-F+center,5082025,16,764900,87.4632721642592,90.6375064954008,89.022102638259,96.48436883947326,0.8694952681830828,99423,14251,573541,10270,8,13860.5,0.2949053814311059,-10688.5,18133.5,0.0,6.25,6.25
NC_008563.1,SSG-LUGIA-R,5082025,28,1583300,50.53067504445325,100.0,67.13671486496825,84.60339648881337,0.6426412074901818,109693,107389,480403,0,8,33750.0,0.14143648593949393,-32571.0,37552.0,0.0,0.0,0.0
NC_008563.1,SSG-LUGIA-R+center,5082025,28,1583300,48.55240852133654,100.0,65.36737977474525,83.3352688588285,0.6241099585453728,109693,116234,471558,0,8,33750.0,0.14143648593949393,-27621.0,42502.0,0.0,6.25,6.25
NC_008577.1,SSG-LUGIA-P,4972204,10,331200,61.187689448414716,54.666034118088916,57.74330277911177,59.15063682053974,0.18562158864994924,55310,35084,61910,45868,4,14617.5,0.3326384838643647,-18460.0,6681.5,0.0,0.0,0.0
NC_008577.1,SSG-LUGIA-P+center,4972204,10,331200,60.083354936486735,59.55840202415544,59.81972681067344,59.15063682053974,0.18280967109796709,60260,40034,56960,40918,4,12294.0,0.33727881726334774,-13510.0,11631.5,0.0,0.0,12.5
NC_008577.1,SSG-LUGIA-F,4972204,13,474800,60.29899993889647,58.520627013777705,59.39650502578095,59.15063682053974,0.18325107257790624,59210,38984,58010,41968,4,15517.5,0.30992687244164174,-22610.0,8181.5,0.0,0.0,12.5
NC_008577.1,SSG-LUGIA-F+center,4972204,13,474800,58.902546257319784,62.234873193777304,60.52287581699346,58.54913913166341,0.16988447367355652,62968,43934,53060,38210,4,13394.0,0.30992687244164174,-17660.0,13131.5,0.0,12.5,12.5
NC_008577.1,SSG-LUGIA-R,4972204,36,1494900,61.43513454386349,97.1426594714266,75.2687019217883,67.40760551440164,0.4249956827964675,98287,61698,35296,2891,6,29493.0,0.23586781946610402,-29493.0,37143.0,0.0,0.0,8.333333333333332
NC_008577.1,SSG-LUGIA-R+center,4972204,36,1494900,61.23056626382072,100.0,75.95404231680173,67.67303150798296,0.45594678995470994,101178,64063,32931,0,6,24543.0,0.23586781946610402,-24543.0,42093.0,0.0,16.666666666666664,16.666666666666664
NC_008600.1,SSG-LUGIA-P,5257091,8,267500,0.0,0.0,0.0,90.48518487611038,-0.03646373315750946,0,118077,1333691,22165,0,,,,,,,
NC_008600.1,SSG-LUGIA-P+center,5257091,8,267500,0.0,0.0,0.0,89.96372291006443,-0.03773891178947002,0,125763,1326005,22165,0,,,,,,,
NC_008600.1,SSG-LUGIA-F,5257091,10,371900,0.0,0.0,0.0,87.25613715141733,-0.043970473406226875,0,165671,1286097,22165,0,,,,,,,
NC_008600.1,SSG-LUGIA-F+center,5257091,10,371900,0.0,0.0,0.0,86.63901276380949,-0.04531924338748119,0,174767,1277001,22165,0,,,,,,,
NC_008600.1,SSG-LUGIA-R,5257091,34,1510600,3.6904024561613817,100.0,7.118117721110445,60.754864705519175,0.14899620514843104,22165,578447,873321,0,2,17041.5,0.2574309517146363,-21147.0,10920.5,0.0,0.0,0.0
NC_008600.1,SSG-LUGIA-R+center,5257091,34,1510600,3.633398083716508,100.0,7.0120215121796905,60.115554777591655,0.14704122629306243,22165,587870,863898,0,2,16197.0,0.2574309517146363,-16197.0,15870.5,0.0,0.0,0.0
NC_008611.1,SSG-LUGIA-P,5631606,8,188800,88.68724190393392,100.0,94.00449231123655,99.64533449624552,0.9400196970702045,8161,1041,284314,0,1,12069.5,0.2526625386996904,-4933.0,19206.0,0.0,0.0,50.0
NC_008611.1,SSG-LUGIA-P+center,5631606,8,188800,57.615847187831626,99.79169219458399,73.05346250448511,97.95309284672726,0.7502016089985932,8144,5991,279364,17,1,12086.5,0.2520035894420893,17.0,24156.0,50.0,50.0,50.0
NC_008611.1,SSG-LUGIA-F,5631606,16,382000,58.703783628254925,100.0,73.9790599646467,98.04405892694095,0.758437433029188,8161,5741,279614,0,1,19469.5,0.1732696390658174,-10933.0,28006.0,0.0,0.0,0.0
NC_008611.1,SSG-LUGIA-F+center,5631606,16,382000,44.88998899889989,100.0,61.96423825974716,96.58655746194415,0.6581327543348428,8161,10019,275336,0,1,19469.5,0.1732696390658174,-5983.0,32956.0,0.0,0.0,0.0
NC_008611.1,SSG-LUGIA-R,5631606,44,1750700,8.024108705484435,100.0,14.85614424713517,68.12950571689449,0.23224227714963572,8161,93545,191810,0,1,30419.5,0.11827536231884057,-29533.0,31306.0,0.0,0.0,0.0
NC_008611.1,SSG-LUGIA-R+center,5631606,44,1750700,8.157818450804188,100.0,15.085027726432534,68.69744749860315,0.23518463601836317,8161,91878,193477,0,1,30419.5,0.11827536231884057,-24583.0,36256.0,0.0,0.0,0.0
NC_008595.1,SSG-LUGIA-P,5475491,11,445300,86.98424059273397,76.89342456765243,81.62816007960446,90.29600454633551,0.753322565918741,65627,9820,209253,19721,5,26090.0,0.16319502074688796,-17252.0,46446.0,0.0,0.0,0.0
NC_008595.1,SSG-LUGIA-P+center,5475491,11,445300,89.92915579796063,71.09364015559827,79.40976312001048,89.66365658085348,0.7352910282410839,60677,6795,212278,24671,5,26090.0,0.16319502074688796,-12302.0,51396.0,0.0,10.0,10.0
NC_008595.1,SSG-LUGIA-F,5475491,13,664600,88.03620813586579,84.66630735342363,86.3183797311099,92.47522345698884,0.8116102541430225,72261,9820,209253,13087,5,38480.0,0.1531840311587147,-22752.0,47246.0,0.0,0.0,10.0
NC_008595.1,SSG-LUGIA-F+center,5475491,13,664600,89.15456767948909,83.74771523644372,86.36660222329627,92.5872393823028,0.8135823943705939,71477,8695,210378,13871,5,38480.0,0.1531840311587147,-17802.0,52196.0,10.0,10.0,10.0
NC_008595.1,SSG-LUGIA-R,5475491,26,1688600,71.07890901519883,100.0,83.09488226732158,88.59244270270447,0.7733797708624292,85348,34727,184346,0,6,47005.5,0.12171818181818182,-37008.5,49370.5,0.0,0.0,0.0
NC_008595.1,SSG-LUGIA-R+center,5475491,26,1688600,77.11448629796615,100.0,87.07868894273689,91.6796147440551,0.8258243573818217,85348,25329,193744,0,6,47005.5,0.12171818181818182,-32058.5,54320.5,0.0,0.0,0.0
NC_008819.1,SSG-LUGIA-P,1864731,2,32400,100.0,1.1578337982211462,2.2891628947505334,94.16769922084859,0.10441548171126341,220,0,303016,18781,1,14053.0,0.007766716091223611,9226.0,18880.0,0.0,0.0,0.0
NC_008819.1,SSG-LUGIA-P+center,1864731,2,32400,100.0,14.093995052891954,24.705936620692835,94.93101295894316,0.36569907121641787,2678,0,303016,16323,1,11649.5,0.10309119605805135,-16422.0,-6877.0,0.0,0.0,0.0
NC_008819.1,SSG-LUGIA-F,1864731,3,83600,69.63144439710268,68.80690489974212,69.21671916774757,96.38869997546713,0.6729997513852112,13074,5702,297314,5927,2,18227.0,0.13789866470875348,-26973.0,9426.5,0.0,0.0,0.0
NC_008819.1,SSG-LUGIA-F+center,1864731,3,83600,95.99488708990201,94.8581653597179,95.42314106466897,99.46307182540052,0.9513986358891957,18024,752,302264,977,2,18227.0,0.19439236637595547,-22023.0,14376.5,25.0,25.0,25.0
NC_008819.1,SSG-LUGIA-R,1864731,11,512500,27.37225751617039,100.0,42.979936212083516,84.34368371856145,0.4776823571368248,19001,50416,252600,0,2,29477.0,0.13889619883040935,-34473.0,24426.5,0.0,0.0,0.0
NC_008819.1,SSG-LUGIA-R+center,1864731,11,512500,25.11233876083739,100.0,40.14366450113559,82.40372402699236,0.4518452569651844,19001,56663,246353,0,2,29477.0,0.13889619883040935,-29523.0,29376.5,0.0,0.0,0.0
NC_008750.1,SSG-LUGIA-P,4708380,7,278100,79.1786916396983,51.7194926670564,62.568962027003124,56.71454266910442,0.18463901962861404,122088,32105,69306,113970,5,20129.0,0.3048500517063082,-26403.0,380.0,20.0,30.0,30.0
NC_008750.1,SSG-LUGIA-P+center,4708380,7,278100,79.37253440588016,52.333324860839284,63.0773551187133,57.143915441122,0.19015393538330538,123537,32105,69306,112521,5,15179.0,0.3048500517063082,-21453.0,5330.0,0.0,0.0,20.0
NC_008750.1,SSG-LUGIA-F,4708380,11,417500,76.54582816609452,54.12568097670911,63.41237049444754,56.31035739579043,0.14233239058412106,127768,39149,62262,108290,6,27007.0,0.26982854494902686,-42533.5,4881.0,8.333333333333332,16.666666666666664,16.666666666666664
NC_008750.1,SSG-LUGIA-F+center,4708380,11,417500,79.79355738324824,57.21009243491007,66.64051358726493,59.93469029747918,0.21536553366930153,135049,34199,67212,101009,6,24292.5,0.26982854494902686,-37583.5,9831.0,0.0,0.0,8.333333333333332
NC_008750.1,SSG-LUGIA-R,4708380,30,1489100,75.4175321795114,72.74949376848063,74.05949133720742,64.35139227603128,0.17177990937364063,171731,55976,45435,64327,8,45292.0,0.1879616040310822,-36216.5,45292.0,6.25,6.25,6.25
NC_008750.1,SSG-LUGIA-R+center,4708380,30,1489100,77.1437002065506,71.98908742766609,74.47731202187828,65.48690398229171,0.21513973726189528,169936,50349,51062,66122,8,46372.0,0.1879616040310822,-31266.5,50242.0,12.5,12.5,18.75
NC_009052.1,SSG-LUGIA-P,5127376,9,253900,51.581245409287526,27.891659311562222,36.20571133961562,46.364927996917594,-0.03881232841085571,25281,23731,51733,65359,2,8471.0,0.45011141152509543,-5210.0,3738.5,25.0,25.0,25.0
NC_009052.1,SSG-LUGIA-P+center,5127376,9,253900,57.37597022377558,27.891659311562222,37.536190999391245,49.34498868178972,0.03388330684193449,25281,18781,56683,65359,2,5954.0,0.4853290696256969,-260.0,8688.5,25.0,25.0,25.0
NC_009052.1,SSG-LUGIA-F,5127376,17,513000,65.68472237928304,51.26654898499559,57.586873543845726,58.79208206906517,0.19230031308243734,46468,24276,51188,44172,5,7509.0,0.41922413793103447,-3456.0,7183.0,10.0,10.0,30.0
NC_009052.1,SSG-LUGIA-F+center,5127376,17,513000,68.6147863096776,55.67078552515446,61.4687448608548,61.914824447334205,0.25145853930063083,50460,23081,52383,40180,5,6245.5,0.36080343858489006,-7201.0,2172.0,10.0,30.0,30.0
NC_009052.1,SSG-LUGIA-R,5127376,35,1460100,62.713710015170264,74.34245366284202,68.03475240677076,61.879906564561956,0.22141372950621593,67384,40063,35401,23256,6,18658.0,0.21225229332899093,-14659.5,23589.0,0.0,8.333333333333332,16.666666666666664
NC_009052.1,SSG-LUGIA-R+center,5127376,35,1460100,60.901063684712945,78.83274492497793,68.7163409755347,60.8317680489332,0.1972634316574911,71454,45874,29590,19186,6,13708.0,0.24529347584057004,-9709.5,28539.0,16.666666666666664,16.666666666666664,25.0
NC_009074.1,SSG-LUGIA-P,3912947,7,195600,21.158592244497786,27.003645934459474,23.726436106187982,90.41421246032077,0.18850888060889795,12517,46641,746551,33836,2,15247.0,0.2869035465413582,8299.0,12684.0,0.0,25.0,25.0
NC_009074.1,SSG-LUGIA-P+center,3912947,7,195600,25.188466462113666,26.742605656591806,25.942280727455376,91.56995753652276,0.2148794693503455,12396,36817,756375,33957,1,4652.0,0.5712442396313364,-2265.0,7039.0,0.0,50.0,50.0
NC_009074.1,SSG-LUGIA-F,3912947,16,498300,19.637638392127027,59.579746726209734,29.539109879884062,84.30673757809289,0.2772510824563903,27617,113016,680176,18736,2,11364.0,0.36041085942418866,-2651.0,15434.0,0.0,25.0,25.0
NC_009074.1,SSG-LUGIA-F+center,3912947,16,498300,17.22874624710219,48.90082626798697,25.480277431176155,84.20763627917502,0.220974053513294,22667,108898,684294,23686,2,11364.0,0.30473468307096907,2299.0,20384.0,0.0,0.0,0.0
NC_009074.1,SSG-LUGIA-R,3912947,30,1249700,13.664984089490037,78.37680409035013,23.272424451099404,71.46609175207999,0.24273590681623405,36330,229532,563660,10023,2,30152.0,0.22456762525760898,-28201.0,32934.0,0.0,0.0,25.0
NC_009074.1,SSG-LUGIA-R+center,3912947,30,1249700,14.32598748641983,77.9474899143529,24.203591249970692,73.04528047930724,0.2526200491164733,36131,216075,577117,10222,3,12287.5,0.1705089408528198,-11636.0,12939.0,16.666666666666664,16.666666666666664,16.666666666666664
NC_009076.1,SSG-LUGIA-P,3988455,9,315000,23.37441081265262,59.54286816472176,33.57031196900701,93.8039015805636,0.3473755182556296,12348,40479,727489,8390,1,24576.0,0.20078048780487806,-14117.0,35035.0,0.0,0.0,0.0
NC_009076.1,SSG-LUGIA-P+center,3988455,9,315000,23.00426625929169,59.54286816472176,33.18685748840959,93.6961301169257,0.3441101092029169,12348,41329,726639,8390,1,24576.0,0.20078048780487806,-9167.0,39985.0,0.0,0.0,0.0
NC_009076.1,SSG-LUGIA-F,3988455,15,519700,12.179076212926706,59.54286816472176,20.221903787103376,87.64698125790852,0.2292250701215272,12348,89039,678929,8390,1,28276.0,0.17921625544267053,-20817.0,35735.0,0.0,0.0,0.0
NC_009076.1,SSG-LUGIA-F+center,3988455,15,519700,11.7341847934544,59.54286816472176,19.604823408933942,87.15960066235073,0.22327586941121913,12348,92883,675085,8390,1,28276.0,0.17921625544267053,-15867.0,40685.0,0.0,0.0,0.0
NC_009076.1,SSG-LUGIA-R,3988455,25,1277800,5.253730327230644,59.54286816472176,9.655512157359514,70.7020106351416,0.10686151788269807,12348,222685,545283,8390,1,38526.0,0.13812080536912752,-38217.0,38835.0,0.0,0.0,0.0
NC_009076.1,SSG-LUGIA-R+center,3988455,25,1277800,5.4017638412542865,59.54286816472176,9.904945253278786,71.51866474960251,0.11068973606938992,12348,216244,551724,8390,1,38526.0,0.13812080536912752,-33267.0,43785.0,0.0,0.0,0.0
NC_009080.1,SSG-LUGIA-P,3495687,8,216700,0.0,0.0,0.0,87.9174997688702,-0.06197400811676261,0,55465,637139,32097,0,,,,,,,
NC_009080.1,SSG-LUGIA-P+center,3495687,8,216700,0.0,0.0,0.0,88.60054008480739,-0.05892641732535028,0,50515,642089,32097,0,,,,,,,
NC_009080.1,SSG-LUGIA-F,3495687,10,278400,0.0,0.0,0.0,84.83484913088294,-0.07465798153078408,0,77805,614799,32097,0,,,,,,,
NC_009080.1,SSG-LUGIA-F+center,3495687,10,278400,0.0,0.0,0.0,85.80959595750524,-0.07080268512471859,0,70741,621863,32097,0,,,,,,,
NC_009080.1,SSG-LUGIA-R,3495687,25,941100,0.0,0.0,0.0,68.97299713950996,-0.12958666422970241,0,192756,499848,32097,0,,,,,,,
NC_009080.1,SSG-LUGIA-R+center,3495687,25,941100,0.0,0.0,0.0,70.87902459083125,-0.12326705639050886,0,178943,513661,32097,0,,,,,,,
NC_009085.1,SSG-LUGIA-P,3976747,6,221600,100.0,53.91065840981396,70.05448351246402,93.78232713894499,0.7091950783551985,82355,0,979607,70407,3,14423.5,0.32600467289719626,-3205.0,12101.0,0.0,0.0,16.666666666666664
NC_009085.1,SSG-LUGIA-P+center,3976747,6,221600,97.69387702399091,49.52802398502245,65.73185988323603,93.03336633199956,0.6678410310813899,75660,1786,977821,77102,3,14423.5,0.32600467289719626,1745.0,17051.0,0.0,16.666666666666664,16.666666666666664
NC_009085.1,SSG-LUGIA-F,3976747,8,316400,100.0,89.34879092968147,94.37482065873128,98.56310089732234,0.937491223475601,136491,0,979607,16271,4,16753.0,0.3926559335849743,-11584.5,3360.0,0.0,25.0,25.0
NC_009085.1,SSG-LUGIA-F+center,3976747,8,316400,98.32024160304502,87.59050025529909,92.64574022080436,98.12402140998209,0.9177556120930138,133805,2286,977321,18957,4,16753.0,0.3926559335849743,-6634.5,8310.0,12.5,12.5,25.0
NC_009085.1,SSG-LUGIA-R,3976747,25,1206700,37.753189657976584,98.76867283748577,54.62615832719361,77.86490092893747,0.5245244149189642,150881,248770,730837,1881,4,25753.0,0.4055666117322168,-15407.5,35369.5,0.0,12.5,12.5
NC_009085.1,SSG-LUGIA-R+center,3976747,25,1206700,38.33598506331528,100.0,55.42445813469171,78.30035968840546,0.5359101357935686,152762,245720,733887,0,4,25753.0,0.4055666117322168,-10457.5,40319.5,0.0,25.0,37.5
NC_009256.1,SSG-LUGIA-P,3652814,9,336900,79.15543986238602,31.641079002294063,45.21014832976854,73.7298425128738,0.37686344738088917,103996,27386,603447,224678,8,15356.5,0.19633869897011444,-23800.0,10342.0,6.25,12.5,12.5
NC_009256.1,SSG-LUGIA-P+center,3652814,9,336900,78.66520787746171,32.15739608244036,45.65256828901674,73.77340655148946,0.37762598741773556,105693,28665,602168,222981,8,15356.5,0.21641679457737906,-18850.0,15292.0,6.25,6.25,25.0
NC_009256.1,SSG-LUGIA-F,3652814,9,531400,91.56829782309444,91.47970329262431,91.5239791181529,94.19597772606141,0.871111115677209,300670,27686,603147,28004,14,31428.0,0.16066090608436998,-34935.0,20833.5,0.0,3.571428571428571,3.571428571428571
NC_009256.1,SSG-LUGIA-F+center,3652814,9,531400,91.56120000234696,94.95761757851244,93.22848522866445,95.27486511302158,0.8963681573197877,312101,28765,602068,16573,14,27299.5,0.1780398322851153,-29985.0,25783.5,3.571428571428571,3.571428571428571,10.714285714285714
NC_009256.1,SSG-LUGIA-R,3652814,22,1243000,71.32912152061715,99.4465640726069,83.07313806297807,86.11797516849798,0.746952180155474,326855,131380,499453,1819,15,38907.0,0.11671831372359141,-60064.0,34323.0,3.3333333333333335,6.666666666666667,10.0
NC_009256.1,SSG-LUGIA-R+center,3652814,22,1243000,71.19086813377231,100.0,83.17133841291371,86.13808966479661,0.749538881098367,328674,133006,497827,0,15,41156.0,0.12413891145410236,-55114.0,39273.0,0.0,0.0,6.666666666666667
NC_009342.1,SSG-LUGIA-P,3314179,7,238100,49.263514431771846,41.615005563503416,45.11740348021733,92.28626023535428,0.4116944049353459,47124,48533,1324499,66114,3,7333.5,0.5248884924174844,-8890.0,-5777.0,0.0,0.0,33.33333333333333
NC_009342.1,SSG-LUGIA-P+center,3314179,7,238100,55.456330995998385,53.35929634928205,54.387607226117716,93.18105054936183,0.5071516924777186,60423,48533,1324499,52815,3,2483.0,0.8108050847457627,-3940.0,-827.0,33.33333333333333,50.0,83.33333333333334
NC_009342.1,SSG-LUGIA-F,3314179,8,313600,51.402089203167556,57.838358148324765,54.430616442625336,92.62146178016107,0.5053540436307727,65495,61922,1311110,47743,4,5821.5,0.5378308379549344,-9104.5,-4651.0,0.0,0.0,12.5
NC_009342.1,SSG-LUGIA-F+center,3314179,8,313600,57.90906695552888,69.87053815856868,63.32994485043984,93.83517126767006,0.6031211988356483,79120,57508,1315524,34118,4,2201.5,0.6380409968054437,-4154.5,299.0,37.5,50.0,62.5
NC_009342.1,SSG-LUGIA-R,3314179,22,1001600,24.063460716248958,83.50023843586075,37.36027532034439,78.6669985937952,0.37159257290217973,94554,298382,1074650,18684,6,13091.0,0.17339249213010782,-15004.5,4297.5,8.333333333333332,16.666666666666664,16.666666666666664
NC_009342.1,SSG-LUGIA-R+center,3314179,22,1001600,26.377563179326707,89.92476023949557,40.79017469085607,80.10967051746991,0.41883187740099787,101829,284215,1088817,11409,6,10054.5,0.35630851467083424,-10054.5,9247.5,0.0,0.0,25.0
NC_009438.1,SSG-LUGIA-P,4659220,5,195600,61.93981116160104,25.20749242839504,35.83237246715018,39.47311764094493,-0.06649043273775061,45527,27975,60812,135082,2,13210.5,0.41921731123388584,-21614.0,9922.5,0.0,25.0,25.0
NC_009438.1,SSG-LUGIA-P+center,4659220,5,195600,59.1590108762036,25.20749242839504,35.35171567675858,38.190619014387735,-0.10605377164695648,45527,31430,57357,135082,2,14872.5,0.41921731123388584,-16664.0,14872.5,0.0,0.0,25.0
NC_009438.1,SSG-LUGIA-F,4659220,8,328800,68.21976399578796,34.79450082775499,46.08434839362584,45.41789781585472,0.018058148606660576,62842,29275,59512,117767,5,31560.5,0.09874725274725275,-51879.0,21473.0,0.0,0.0,20.0
NC_009438.1,SSG-LUGIA-F+center,4659220,8,328800,66.74813004517515,34.9323677114651,45.86268309526405,44.710389166877015,-0.004599333488159991,63091,31430,57357,117518,4,35272.5,0.14634065934065935,-59980.0,17703.0,12.5,12.5,12.5
NC_009438.1,SSG-LUGIA-R,4659220,32,1481700,68.95646746928826,71.57561361836896,70.24163356679833,59.34089593015487,0.06160287950983595,129272,58197,30590,51337,9,33787.5,0.14100306278713629,-36630.0,17433.0,5.555555555555555,11.11111111111111,16.666666666666664
NC_009438.1,SSG-LUGIA-R+center,4659220,32,1481700,70.53279382293356,71.51692329839598,71.02144950486338,60.87321266833955,0.10819383730737958,129166,53963,34824,51443,9,32125.0,0.1351301684532925,-32570.0,22383.0,0.0,0.0,5.555555555555555
NC_009487.1,SSG-LUGIA-P,2906700,8,201200,100.0,92.5741085923877,96.1438786024292,99.52017592254435,0.9596960721269172,15396,0,240755,1235,1,8819.5,0.4660511578628727,-16404.0,-1235.0,0.0,50.0,50.0
NC_009487.1,SSG-LUGIA-P+center,2906700,8,201200,100.0,100.0,100.0,100.0,1.0,16631,0,240755,0,1,7584.5,0.5229874213836478,-11454.0,3715.0,0.0,0.0,50.0
NC_009487.1,SSG-LUGIA-F,2906700,10,296900,67.18781561830889,100.0,80.37405760680456,96.84442821287871,0.8057369195849431,16631,8122,232633,0,1,13234.5,0.38587006960556847,-21804.0,4665.0,0.0,0.0,50.0
NC_009487.1,SSG-LUGIA-F+center,2906700,10,296900,55.990977342356,100.0,71.78745629559286,94.92124668785405,0.7276736838914991,16631,13072,227683,0,1,13234.5,0.38587006960556847,-16854.0,9615.0,0.0,0.0,0.0
NC_009487.1,SSG-LUGIA-R,2906700,22,931300,15.264660260116933,100.0,26.486279880874648,64.13169325448936,0.30677790136030875,16631,92320,148435,0,1,22084.5,0.27353618421052633,-27404.0,16765.0,0.0,0.0,0.0
NC_009487.1,SSG-LUGIA-R+center,2906700,22,931300,15.130645219986171,100.0,26.284305435924992,63.756769987489605,0.304433826554017,16631,93285,147470,0,1,22084.5,0.27353618421052633,-22454.0,21715.0,0.0,0.0,0.0
NC_009504.1,SSG-LUGIA-P,1164220,1,38000,100.0,100.0,100.0,100.0,1.0,12733,0,186362,0,1,12633.5,0.33507894736842103,-3957.0,21310.0,0.0,0.0,50.0
NC_009504.1,SSG-LUGIA-P+center,1164220,1,38000,80.79834824501032,92.20136652791957,86.12405091149176,98.09990205680705,0.8532265312677481,11740,2790,183572,993,1,13626.5,0.30107968096837895,993.0,26260.0,50.0,50.0,50.0
NC_009504.1,SSG-LUGIA-F,1164220,3,91500,47.39094834003275,100.0,64.30645690765385,92.90037419322434,0.6617891411079004,12733,14135,172227,0,1,12983.5,0.3290180878552972,-4557.0,21410.0,0.0,0.0,50.0
NC_009504.1,SSG-LUGIA-F+center,1164220,3,91500,42.02281627788183,96.91353176784733,58.62511283196351,91.25141264220599,0.6056697004530222,12340,17025,169337,393,1,13376.5,0.3156575345969867,393.0,26360.0,50.0,50.0,50.0
NC_009504.1,SSG-LUGIA-R,1164220,8,338100,17.130595057110952,100.0,29.250419241460108,69.0620055752279,0.33865357857035355,12733,61596,124766,0,1,17733.5,0.2641701244813278,-13757.0,21710.0,0.0,0.0,0.0
NC_009504.1,SSG-LUGIA-R+center,1164220,8,338100,15.439740993585469,100.0,26.749438037016027,64.97350511062558,0.3108415131008567,12733,69736,116626,0,1,17733.5,0.2641701244813278,-8807.0,26660.0,0.0,0.0,0.0
NC_009445.1,SSG-LUGIA-P,7456587,16,530700,98.64856579364188,45.269910643316535,62.060297873229494,51.5880291294192,0.2765705972944386,193073,2645,58479,233420,13,14630.5,0.2787728774706449,-8827.0,11035.0,3.8461538461538463,3.8461538461538463,15.384615384615385
NC_009445.1,SSG-LUGIA-P+center,7456587,16,530700,96.12729201085072,44.20260121502581,60.5583921851435,49.63936860281738,0.21458469387227036,188521,7595,53529,237972,13,14141.0,0.3233909205755443,-3877.0,15985.0,7.6923076923076925,7.6923076923076925,19.230769230769234
NC_009445.1,SSG-LUGIA-F,7456587,17,655000,98.859344554122,57.814079011847795,72.96019742244172,62.51873909236142,0.35213543405364883,246573,2845,58279,179920,14,12672.5,0.30679194625285133,-12471.5,12593.5,0.0,7.142857142857142,14.285714285714285
NC_009445.1,SSG-LUGIA-F+center,7456587,17,655000,96.91978804032134,57.509032973577526,72.18553181470362,61.23679034980323,0.29660620142963245,245272,7795,53329,181221,14,15872.5,0.31051648671441634,-13814.0,17189.5,3.571428571428571,3.571428571428571,17.857142857142858
NC_009445.1,SSG-LUGIA-R,7456587,47,2034100,96.46145106404308,81.21938695359596,88.18666106581635,80.96764468835171,0.454184379774917,346395,12707,48417,80098,18,25378.0,0.202389977104169,-30217.5,21126.5,2.7777777777777777,8.333333333333332,11.11111111111111
NC_009445.1,SSG-LUGIA-R+center,7456587,47,2034100,96.7970063814859,81.51599205614161,88.50172530760881,81.47377962622303,0.47127873181271024,347660,11504,49620,78833,18,25966.0,0.21447972895699907,-25267.5,26076.5,5.555555555555555,5.555555555555555,13.88888888888889
NC_009567.1,SSG-LUGIA-P,1887192,3,86500,100.0,80.55780113177042,89.23214685471233,86.42441347680368,0.7453919255773678,15944,0,8553,3848,2,8207.0,0.2808350303008066,-13045.0,4359.0,0.0,0.0,50.0
NC_009567.1,SSG-LUGIA-P+center,1887192,3,86500,100.0,93.84094583670169,96.82262478821843,95.69941788675251,0.9062827109521641,18573,0,8553,1219,2,9314.0,0.3325054622668494,-8095.0,9309.0,0.0,50.0,50.0
NC_009567.1,SSG-LUGIA-F,1887192,5,161300,69.54469043957224,98.24171382376717,81.43913216477141,68.73169871229494,-0.052040826727860846,19444,8515,38,348,2,10898.5,0.29505157394626313,-15045.0,7859.0,25.0,25.0,25.0
NC_009567.1,SSG-LUGIA-F+center,1887192,5,161300,69.8253660257541,100.0,82.2319629391113,69.8253660257541,0.0,19792,8553,0,0,2,12005.5,0.3017073170731707,-10095.0,12809.0,25.0,25.0,50.0
NC_009567.1,SSG-LUGIA-R,1887192,15,538400,69.8253660257541,100.0,82.2319629391113,69.8253660257541,0.0,19792,8553,0,0,2,16648.5,0.2233860045146727,-18645.0,15759.0,0.0,0.0,0.0
NC_009567.1,SSG-LUGIA-R+center,1887192,15,538400,69.8253660257541,100.0,82.2319629391113,69.8253660257541,0.0,19792,8553,0,0,2,17755.5,0.2233860045146727,-13695.0,20709.0,0.0,0.0,25.0
NC_009485.1,SSG-LUGIA-P,8264687,12,591100,88.53292983992992,32.43317361440131,47.474520582108504,50.684095560074674,0.24790716579475106,277927,35998,354128,578995,18,22090.0,0.19347178530546488,-25875.0,8545.0,0.0,8.333333333333332,16.666666666666664
NC_009485.1,SSG-LUGIA-P+center,8264687,12,591100,90.31641325536063,33.79269058327362,49.18308993186684,52.015239188868435,0.2740724380683649,289577,31048,359078,567345,18,18266.5,0.22079611650485437,-22677.0,10980.0,0.0,5.555555555555555,8.333333333333332
NC_009485.1,SSG-LUGIA-F,8264687,19,886300,90.51936568678612,43.724516350379616,58.966046346933155,58.1828446058211,0.33146787556809776,374685,39243,350883,482237,25,17066.0,0.22803738317757008,-26477.0,7177.0,2.0,10.0,18.0
NC_009485.1,SSG-LUGIA-F+center,8264687,19,886300,91.89687433112618,46.59595622472057,61.83746431256731,60.47954850174171,0.36560216077871543,399291,35208,354918,457631,26,16059.0,0.23820734892916706,-20393.0,11449.0,1.9230769230769231,5.769230769230769,19.230769230769234
NC_009485.1,SSG-LUGIA-R,8264687,52,2440900,82.93590243223069,79.22202954294556,81.0364369183352,74.52150999801131,0.423889747132836,678871,139678,250448,178051,44,34664.5,0.14014139179009066,-39532.5,19785.5,1.1363636363636365,5.681818181818182,7.954545454545454
NC_009485.1,SSG-LUGIA-R+center,8264687,52,2440900,83.21631461867055,81.590389790436,82.39533180405878,76.04190055234442,0.4494122644303689,699166,141013,249113,157756,43,32768.0,0.14121655191993754,-41802.0,20376.0,3.488372093023256,4.651162790697675,12.790697674418606
NC_009632.1,SSG-LUGIA-P,2906507,8,201100,100.0,92.12915639468463,95.90335805714643,99.51326166740415,0.9573590577237717,15322,0,252302,1309,1,8743.5,0.46700600444999846,-16178.0,-1309.0,0.0,50.0,50.0
NC_009632.1,SSG-LUGIA-P+center,2906507,8,201100,100.0,100.0,100.0,100.0,1.0,16631,0,252302,0,1,7434.5,0.527968253968254,-11228.0,3641.0,0.0,0.0,50.0
NC_009632.1,SSG-LUGIA-F,2906507,10,297900,66.8529163484343,100.0,80.13395008191193,96.93380879252453,0.8041639064537506,16631,8246,244056,0,1,13284.5,0.3849768518518519,-21978.0,4591.0,0.0,0.0,50.0
NC_009632.1,SSG-LUGIA-F+center,2906507,10,297900,55.75820565259664,100.0,71.59585001506737,95.09320165245619,0.7269244644724292,16631,13196,239106,0,1,13284.5,0.3849768518518519,-17028.0,9541.0,0.0,0.0,0.0
NC_009632.1,SSG-LUGIA-R,2906507,22,929000,16.00565890652218,100.0,27.594617465031774,67.54730732189802,0.3235583549606471,16631,87276,165026,0,1,22084.5,0.27353618421052633,-27378.0,16791.0,0.0,0.0,0.0
NC_009632.1,SSG-LUGIA-R+center,2906507,22,929000,14.840361929577215,100.0,25.845202296867843,64.5134661793086,0.30375797943160276,16631,95435,156867,0,1,22084.5,0.27353618421052633,-22428.0,21741.0,0.0,0.0,0.0
NC_009512.1,SSG-LUGIA-P,5959964,13,468900,77.93703804163559,46.000870517958184,57.8543181367722,69.57744111949603,0.3954443171832673,91947,26029,214431,107934,6,16989.0,0.26959508716584857,-16989.0,14012.0,0.0,8.333333333333332,33.33333333333333
NC_009512.1,SSG-LUGIA-P+center,5959964,13,468900,75.24234989490846,47.103026300648885,57.936678871419346,68.95360640957803,0.37774986551355916,94150,30979,209481,105731,6,13245.0,0.2946367851622875,-12039.0,18962.0,16.666666666666664,16.666666666666664,25.0
NC_009512.1,SSG-LUGIA-F,5959964,16,627300,73.42075382868536,53.054567467643245,61.59788799275086,69.97213523155918,0.39331665490018547,106046,38390,202070,93835,7,21619.5,0.2998983955955672,-24104.0,20501.0,0.0,7.142857142857142,14.285714285714285
NC_009512.1,SSG-LUGIA-F+center,5959964,16,627300,72.13407255997102,52.78990999644788,60.96429396810723,69.3133276256356,0.3788291022171058,105517,40762,199698,94364,7,19706.0,0.2108904208648701,-19154.0,25451.0,7.142857142857142,7.142857142857142,7.142857142857142
NC_009512.1,SSG-LUGIA-R,5959964,39,1747100,57.22304005105185,78.95697940274464,66.3556726279697,63.655666858184915,0.3076443473085103,157820,117978,122482,42061,11,22657.0,0.19107883817427385,-28304.0,21114.0,4.545454545454546,4.545454545454546,4.545454545454546
NC_009512.1,SSG-LUGIA-R+center,5959964,39,1747100,54.098450101451,79.36772379565842,64.3409595113622,60.06640308306517,0.24690047643090676,158641,134604,105856,41240,11,25297.0,0.19107883817427385,-23354.0,26064.0,0.0,4.545454545454546,9.090909090909092
NC_009665.1,SSG-LUGIA-P,5229686,9,324400,90.73011388717225,50.393792858921074,64.79744886205184,58.04634574923123,0.28693685088038734,133601,13650,67244,131513,10,8982.0,0.3473211774292281,-11077.5,3989.5,5.0,5.0,30.0
NC_009665.1,SSG-LUGIA-P+center,5229686,9,324400,91.31822980931908,54.15632520349737,67.99071837855757,60.929227069894345,0.31690987630586037,143576,13650,67244,121538,10,8468.0,0.42230338761214675,-8550.0,6220.5,10.0,25.0,40.0
NC_009665.1,SSG-LUGIA-F,5229686,18,517500,89.48043199548013,62.12874461552389,73.3373405463167,65.38634944856766,0.32394657436251595,164712,19364,61530,100402,14,8489.5,0.33877511284506295,-10395.0,3415.0,3.571428571428571,3.571428571428571,21.428571428571427
NC_009665.1,SSG-LUGIA-F+center,5229686,18,517500,88.1392229078758,68.15219113287114,76.86770514923134,68.57095789692724,0.32813140338544844,180681,24314,56580,84433,14,8365.0,0.3781454584208763,-7838.5,6693.5,10.714285714285714,17.857142857142858,35.714285714285715
NC_009665.1,SSG-LUGIA-R,5229686,39,1540300,85.69504300006524,84.22980302813129,84.95610572670465,77.14359205567501,0.37445290591191893,223305,37276,43618,41809,16,18227.5,0.1912018156323459,-27254.0,14343.5,3.125,9.375,18.75
NC_009665.1,SSG-LUGIA-R+center,5229686,39,1540300,82.3340081837494,87.12968760608643,84.66399105686587,75.81443203625349,0.27947448757469967,230993,49563,31331,34121,18,19293.5,0.20986355449017458,-22304.0,15868.0,2.7777777777777777,8.333333333333332,13.88888888888889
NC_009782.1,SSG-LUGIA-P,2880168,7,207700,100.0,100.0,100.0,100.0,1.0,28310,0,242694,0,1,15045.0,0.48476027397260274,-7305.0,22785.0,0.0,0.0,0.0
NC_009782.1,SSG-LUGIA-P+center,2880168,7,207700,100.0,100.0,100.0,100.0,1.0,28310,0,242694,0,1,15045.0,0.48476027397260274,-2355.0,27735.0,0.0,50.0,50.0
NC_009782.1,SSG-LUGIA-F,2880168,7,270100,100.0,100.0,100.0,100.0,1.0,28310,0,242694,0,1,16945.0,0.45514469453376205,-9505.0,24385.0,0.0,0.0,0.0
NC_009782.1,SSG-LUGIA-F+center,2880168,7,270100,100.0,100.0,100.0,100.0,1.0,28310,0,242694,0,1,16945.0,0.45514469453376205,-4555.0,29335.0,0.0,0.0,50.0
NC_009782.1,SSG-LUGIA-R,2880168,21,882400,24.342218400687877,100.0,39.153585505843296,67.53184454841995,0.3939139208301003,28310,87990,154704,0,1,54295.0,0.20679327976625275,-33305.0,75285.0,0.0,0.0,0.0
NC_009782.1,SSG-LUGIA-R+center,2880168,21,882400,22.643290195639306,100.0,36.925444774873476,64.31196587504243,0.3690489304683129,28310,96716,145978,0,1,54295.0,0.20679327976625275,-28355.0,80235.0,0.0,0.0,0.0
NC_009708.1,SSG-LUGIA-P,4723306,10,287100,32.52204459101011,7.4874562619660665,12.172478098125762,49.880374075052345,-0.0961323039887125,9073,18825,121230,112103,1,11601.0,0.2811154144074361,-16927.0,-6275.0,0.0,0.0,0.0
NC_009708.1,SSG-LUGIA-P+center,4723306,10,287100,39.40598751941863,12.35063048788539,18.806823536803748,50.53305312156674,-0.05773384031028402,14966,23013,117042,106210,2,9836.0,0.27616489851185655,-13717.0,-4510.0,0.0,25.0,25.0
NC_009708.1,SSG-LUGIA-F,4723306,12,448200,77.1648941047034,55.564633260711695,64.60716204805405,71.76062565315755,0.43708594115169075,67331,19925,120130,53845,5,16192.0,0.3177763505316492,-17127.0,10894.0,0.0,0.0,20.0
NC_009708.1,SSG-LUGIA-F+center,4723306,12,448200,74.53440892341399,55.58526440879382,63.68006807062328,70.58810018719065,0.41048731877046424,67356,23013,117042,53820,5,18025.5,0.17824673717557377,-12177.0,15844.0,0.0,20.0,20.0
NC_009708.1,SSG-LUGIA-R,4723306,32,1395500,71.07176332516796,74.46359014986466,72.72815201402462,74.09534090517587,0.4813304380897363,90232,36727,103328,30944,5,130090.0,0.05889309040907528,-115543.0,144347.0,0.0,0.0,0.0
NC_009708.1,SSG-LUGIA-R+center,4723306,32,1395500,68.07855682392618,74.46359014986466,71.12806788666113,71.95853478339095,0.4414382102754501,90232,42309,97746,30944,5,135040.0,0.05889309040907528,-110593.0,149297.0,0.0,0.0,0.0
NC_009783.1,SSG-LUGIA-P,3765351,6,252300,75.92944867173942,22.75434429303663,35.01537111922525,50.966747374105104,0.16623093657868826,45503,14425,130054,154472,3,31394.5,0.11270925110132159,-8777.0,71789.0,0.0,16.666666666666664,16.666666666666664
NC_009783.1,SSG-LUGIA-P+center,3765351,6,252300,68.4381064889039,20.27903487935992,31.287273849477305,48.28801523570637,0.09590245901305493,40553,18702,125777,159422,3,31394.5,0.11270925110132159,-3827.0,76739.0,0.0,0.0,16.666666666666664
NC_009783.1,SSG-LUGIA-F,3765351,7,350300,77.92567640986636,28.689586198274785,41.93874977613223,53.88208585181186,0.2099427274632575,57372,16252,128227,142603,4,25485.0,0.18802851524090464,-16581.0,57092.5,0.0,12.5,12.5
NC_009783.1,SSG-LUGIA-F+center,3765351,7,350300,73.44671684596791,29.326165770721342,41.915932271229565,52.81459933692162,0.1713319858570956,58645,21202,123277,141330,4,20535.0,0.18802851524090464,-11631.0,62042.5,0.0,12.5,25.0
NC_009783.1,SSG-LUGIA-R,3765351,27,1130500,65.39650300247263,59.251406425803225,62.17247920159304,58.14158058840948,0.1567091726034961,118488,62696,81783,81487,9,27990.0,0.11660377358490566,-28469.0,27511.0,0.0,5.555555555555555,5.555555555555555
NC_009783.1,SSG-LUGIA-R+center,3765351,27,1130500,68.18858256240316,66.67733466683336,67.42449142643318,62.59529574340841,0.23530655355453148,133338,62205,82274,66637,9,26273.0,0.17932886473685322,-23519.0,32461.0,5.555555555555555,11.11111111111111,11.11111111111111
NC_009879.1,SSG-LUGIA-P,1159772,3,52800,0.0,0.0,0.0,54.04620167008676,0.0,0,0,26601,22618,0,,,,,,,
NC_009879.1,SSG-LUGIA-P+center,1159772,3,52800,0.0,0.0,0.0,54.04620167008676,0.0,0,0,26601,22618,0,,,,,,,
NC_009879.1,SSG-LUGIA-F,1159772,4,102800,0.0,0.0,0.0,54.04620167008676,0.0,0,0,26601,22618,0,,,,,,,
NC_009879.1,SSG-LUGIA-F+center,1159772,4,102800,0.0,0.0,0.0,54.04620167008676,0.0,0,0,26601,22618,0,,,,,,,
NC_009879.1,SSG-LUGIA-R,1159772,9,356800,37.98426150121065,44.389424352285786,40.93781855249745,41.14061642861497,-0.17223096021726875,10040,16392,10209,12578,1,7280.0,0.408130081300813,-11491.0,3069.0,0.0,0.0,50.0
NC_009879.1,SSG-LUGIA-R+center,1159772,9,356800,46.736802904757475,44.389424352285786,45.532879818594104,51.19770820211706,0.013827020815948618,10040,11442,15159,12578,1,7280.0,0.408130081300813,-6541.0,8019.0,0.0,0.0,0.0
NC_009900.1,SSG-LUGIA-P,1360898,2,91500,100.0,100.0,100.0,100.0,1.0,15317,0,20813,0,1,24391.5,0.2389547581903276,-23356.0,25427.0,0.0,0.0,0.0
NC_009900.1,SSG-LUGIA-P+center,1360898,2,91500,100.0,100.0,100.0,100.0,1.0,15317,0,20813,0,1,24391.5,0.2389547581903276,-18406.0,30377.0,0.0,0.0,0.0
NC_009900.1,SSG-LUGIA-F,1360898,2,104000,100.0,100.0,100.0,100.0,1.0,15317,0,20813,0,1,28791.5,0.21010973936899863,-31056.0,26527.0,0.0,0.0,0.0
NC_009900.1,SSG-LUGIA-F+center,1360898,2,104000,100.0,100.0,100.0,100.0,1.0,15317,0,20813,0,1,28791.5,0.21010973936899863,-26106.0,31477.0,0.0,0.0,0.0
NC_009900.1,SSG-LUGIA-R,1360898,9,430700,45.02748625687156,100.0,62.09510682288077,48.242457791309164,0.21380667397430164,15317,18700,2113,0,1,34441.5,0.18191211401425178,-34956.0,33927.0,0.0,0.0,0.0
NC_009900.1,SSG-LUGIA-R+center,1360898,9,430700,52.69549661127739,100.0,69.0203677000721,61.94298367008027,0.4228769484696925,15317,13750,7063,0,1,34441.5,0.18191211401425178,-30006.0,38877.0,0.0,0.0,0.0
NC_009800.1,SSG-LUGIA-P,4643538,10,300500,56.712990525438435,92.13020531100611,70.20783760449788,95.44592030360532,0.7024167354133036,33341,25448,559696,2848,3,16100.5,0.2788975442763824,-12785.0,19416.0,0.0,33.33333333333333,33.33333333333333
NC_009800.1,SSG-LUGIA-P+center,4643538,10,300500,49.68051647078298,82.93127746000167,62.1372892058924,94.11346250722238,0.6145222155112345,30012,30398,554746,6177,3,16100.5,0.13327077747989277,-7835.0,24366.0,0.0,0.0,16.666666666666664
NC_009800.1,SSG-LUGIA-F,4643538,10,383500,55.303574430368144,100.0,71.21996339519416,95.29270133728612,0.7248397424689241,36189,29248,555896,0,3,25522.5,0.23826573426573427,-15385.0,29229.0,0.0,16.666666666666664,16.666666666666664
NC_009800.1,SSG-LUGIA-F+center,4643538,10,383500,49.04187155416481,90.94476222056426,63.72181724895691,93.96861264410549,0.6421187064714566,32912,34198,550946,3277,3,30472.5,0.1649387108430386,-10435.0,34179.0,0.0,0.0,16.666666666666664
NC_009800.1,SSG-LUGIA-R,4643538,32,1284700,18.42664018941419,100.0,31.119079558353107,74.21575869944135,0.36580908276155744,36189,160206,424938,0,3,74501.0,0.06500352858151023,-99673.0,49329.0,0.0,0.0,0.0
NC_009800.1,SSG-LUGIA-R+center,4643538,32,1284700,17.479062219259863,100.0,29.756897763854116,72.50218481876868,0.35178752575290984,36189,170853,414291,0,3,74501.0,0.06500352858151023,-94723.0,54279.0,0.0,0.0,0.0
NC_009801.1,SSG-LUGIA-P,4979619,11,412200,83.375404383287,70.315177878371,76.29037906709138,91.2651333392725,0.7137108912050594,91492,18243,502686,38625,7,17488.5,0.2830858468677494,-10494.0,17178.0,7.142857142857142,7.142857142857142,7.142857142857142
NC_009801.1,SSG-LUGIA-P+center,4979619,11,412200,80.77072952335155,74.87107756864975,77.70908945878035,91.4153531394095,0.7248244316177196,97420,23193,497736,32697,6,13190.5,0.28757509501564416,-9538.0,10832.0,16.666666666666664,16.666666666666664,25.0
NC_009801.1,SSG-LUGIA-F,4979619,13,534200,80.35565177052729,79.87580408401669,80.11500942352681,92.07536794635095,0.7516726249905292,103932,25408,495521,26185,7,16738.5,0.2547181628392484,-12094.0,18178.0,0.0,7.142857142857142,21.428571428571427
NC_009801.1,SSG-LUGIA-F+center,4979619,13,534200,80.16193159186867,85.06959121406119,82.54287844891873,92.80849586665151,0.7807400597277778,110690,27393,493536,19427,7,13390.5,0.26832512315270934,-7144.0,23128.0,7.142857142857142,14.285714285714285,21.428571428571427
NC_009801.1,SSG-LUGIA-R,4979619,31,1377300,64.03813384602391,99.06699355195708,77.79112151788732,88.69480804735763,0.7369671175723975,128903,72388,448541,1214,7,24894.0,0.19520435967302452,-26260.0,22301.0,0.0,7.142857142857142,7.142857142857142
NC_009801.1,SSG-LUGIA-R+center,4979619,31,1377300,63.49865552697974,100.0,77.67483508939499,88.51141086804927,0.7374374206867695,130117,74796,446133,0,7,25580.0,0.19520435967302452,-21310.0,27251.0,0.0,7.142857142857142,14.285714285714285
NC_010084.1,SSG-LUGIA-P,3448466,8,269300,42.291373426630074,95.09973585936788,58.54670601181756,92.92067919152986,0.6075946571197173,41764,56989,734500,2152,4,13947.0,0.248817741537404,-13947.0,12262.5,0.0,12.5,25.0
NC_010084.1,SSG-LUGIA-P+center,3448466,8,269300,44.14511313718197,100.0,61.25093272523136,93.34873504467893,0.640671431457477,43916,55565,735924,0,4,8997.0,0.2659385234271339,-8997.0,17212.5,0.0,0.0,12.5
NC_010084.1,SSG-LUGIA-F,3448466,12,402400,34.2608765645752,96.92139539120139,50.62592550743082,90.06194600223843,0.5431962719926132,42564,81671,709818,1352,4,18634.5,0.21092849175618114,-19347.0,13212.5,0.0,12.5,25.0
NC_010084.1,SSG-LUGIA-F+center,3448466,12,402400,36.600936775957194,100.0,53.5881197300826,90.89423692699948,0.5751801552787962,43916,76070,715419,0,4,14397.0,0.21092849175618114,-14397.0,18162.5,0.0,0.0,12.5
NC_010084.1,SSG-LUGIA-R,3448466,23,1029000,14.31813143103066,100.0,25.04962467772479,68.5422040806555,0.3092579465131964,43916,262800,528689,0,4,29197.0,0.16791110437699697,-29197.0,21804.0,0.0,0.0,0.0
NC_010084.1,SSG-LUGIA-R+center,3448466,23,1029000,14.381430807621017,100.0,25.146443275061408,68.70380234736444,0.31033625810203636,43916,261450,530039,0,4,24247.0,0.16791110437699697,-24247.0,26754.0,0.0,0.0,0.0
NC_009901.1,SSG-LUGIA-P,5174581,9,268500,48.80871860886261,65.83140826626253,56.05623038420337,75.48293518340527,0.40422219539991877,44741,46925,171227,23222,3,4954.0,0.5676207938609894,-4783.0,1887.0,0.0,33.33333333333333,50.0
NC_009901.1,SSG-LUGIA-P+center,5174581,9,268500,47.232730393870995,65.58568632932625,54.91640691413998,74.4207748632543,0.38704605695687383,44574,49797,168355,23389,3,6873.0,0.4422469135802469,167.0,6837.0,16.666666666666664,16.666666666666664,33.33333333333333
NC_009901.1,SSG-LUGIA-F,5174581,9,357500,40.27837112732617,69.36274149169401,50.962967767741794,68.29281932090242,0.3230560145919457,47141,69897,148255,20822,3,6754.0,0.5623254470161472,-6483.0,2887.0,16.666666666666664,16.666666666666664,33.33333333333333
NC_009901.1,SSG-LUGIA-F+center,5174581,9,357500,38.152005891826704,69.36274149169401,49.2272508928385,66.01296681404331,0.294969398335552,47141,76420,141732,20822,3,6573.0,0.39979910714285716,-1533.0,7837.0,0.0,33.33333333333333,33.33333333333333
NC_009901.1,SSG-LUGIA-R,5174581,40,1504100,33.712869797257305,98.89498697820873,50.284106849612265,53.54839837128428,0.3547640954596232,67212,132154,85998,751,4,8994.0,0.47855484088893896,-9989.0,7290.0,12.5,12.5,25.0
NC_009901.1,SSG-LUGIA-R+center,5174581,40,1504100,35.131376787062834,99.25106307843974,51.89407927129493,56.290302850252516,0.38186985911019744,67454,124551,93601,509,4,8285.0,0.4617577074664079,-5039.0,12240.0,12.5,12.5,37.5
NC_009997.1,SSG-LUGIA-P,5347283,10,434400,81.37394615826786,58.790117795667996,68.26263087969741,62.505896978669995,0.2730256490365122,135901,31107,74767,95262,8,12200.5,0.14249457480045996,-16881.0,10605.0,0.0,0.0,12.5
NC_009997.1,SSG-LUGIA-P+center,5347283,10,434400,82.37224167828363,62.88160302470551,71.31926334976167,65.3121170672656,0.311343934689757,145359,31107,74767,85804,7,17288.5,0.24508365130613444,-28115.0,-177.0,14.285714285714285,21.428571428571427,28.57142857142857
NC_009997.1,SSG-LUGIA-F,5347283,15,606100,78.7391082563841,65.43953833442202,71.47592261405543,64.17693012933297,0.2518306359014063,151272,40846,65028,79891,9,15505.0,0.19668067226890756,-31569.0,13608.0,11.11111111111111,11.11111111111111,27.77777777777778
NC_009997.1,SSG-LUGIA-F+center,5347283,15,606100,81.04695122907745,67.0500901960954,73.38708913741347,66.64639193916395,0.3074423317126341,154995,36246,69628,76168,9,20455.0,0.16570162349954345,-26619.0,18558.0,5.555555555555555,16.666666666666664,27.77777777777778
NC_009997.1,SSG-LUGIA-R,5347283,33,1389700,81.28597077034078,83.82656393973083,82.53672125072676,75.67062370006855,0.42529853720337163,193776,44612,61262,37387,12,18618.5,0.1549287824551268,-26731.0,10159.0,8.333333333333332,12.5,20.833333333333336
NC_009997.1,SSG-LUGIA-R+center,5347283,33,1389700,78.49022803230885,86.05053576913261,82.09669164988279,74.25861255589149,0.37146008652231366,198917,54512,51362,32246,12,15583.5,0.1549287824551268,-21781.0,15109.0,4.166666666666666,8.333333333333332,16.666666666666664
NC_010167.1,SSG-LUGIA-P,1400844,1,22100,100.0,11.009267294621422,19.8348616524106,59.2928174874535,0.2507996275096163,17380,0,187249,140487,1,29802.0,0.22576119713187157,54884.0,4720.0,0.0,0.0,50.0
NC_010167.1,SSG-LUGIA-P+center,1400844,1,22100,100.0,7.8737164828621555,14.598025801981246,57.85851713626723,0.21051467558199738,12430,0,187249,145437,1,34752.0,0.15170747186760075,59834.0,9670.0,0.0,0.0,0.0
NC_010167.1,SSG-LUGIA-F,1400844,4,105700,58.70830689436367,13.479701267522662,21.925260413983537,56.08606961137704,0.08915293157334606,21280,14967,172282,136587,1,40652.0,0.2074397566872027,50984.0,30320.0,0.0,0.0,0.0
NC_010167.1,SSG-LUGIA-F+center,1400844,4,105700,41.93092823212222,10.344150455763396,16.594516594516595,52.435702778196315,-0.027291912653165013,16330,22615,164634,141537,1,45602.0,0.15185894693771274,55934.0,35270.0,0.0,0.0,0.0
NC_010167.1,SSG-LUGIA-R,1400844,12,460100,34.69683077976736,19.896495150981522,25.290465953283896,46.228514470496876,-0.132220045184518,31410,59117,128132,126457,2,40802.0,0.13946481310565884,-2643.0,8010.5,0.0,0.0,0.0
NC_010167.1,SSG-LUGIA-R+center,1400844,12,460100,31.77027491756519,19.896495150981522,24.469000868606685,43.81222545462975,-0.17771800760813944,31410,67456,119793,126457,2,43445.0,0.15018126662145892,2307.0,12960.5,0.0,0.0,0.0
NC_010102.1,SSG-LUGIA-P,4858887,12,429700,81.65661282999287,87.13618273057622,84.30745533995211,98.29273890362253,0.8345491310826387,25178,5656,514457,3717,2,20996.5,0.25040933364131307,-37634.5,10318.0,0.0,0.0,25.0
NC_010102.1,SSG-LUGIA-P+center,4858887,12,429700,66.87573772768302,100.0,80.15034257024772,97.39311631160201,0.8064459780370948,28895,14312,505801,0,2,20996.5,0.3352350300087048,-32684.5,15268.0,0.0,25.0,25.0
NC_010102.1,SSG-LUGIA-F,4858887,14,615000,63.94679100383982,96.82644056065062,77.02451580932454,96.9597892926879,0.7733549871776917,27978,15774,504339,917,2,32896.5,0.20334163072776104,-48434.5,13018.0,25.0,25.0,25.0
NC_010102.1,SSG-LUGIA-F+center,4858887,14,615000,58.233741107237144,100.0,73.60470744071121,96.22519161833706,0.7477526781943721,28895,20724,499389,0,2,32896.5,0.21418513268433012,-43484.5,17968.0,0.0,0.0,25.0
NC_010102.1,SSG-LUGIA-R,4858887,32,1357800,23.285706226982246,100.0,37.775192176959685,82.66072625535512,0.436163107104932,28895,95194,424919,0,2,48491.0,0.09706739195485828,-120584.5,24218.0,0.0,0.0,0.0
NC_010102.1,SSG-LUGIA-R+center,4858887,32,1357800,21.128253875402166,100.0,34.88575654221122,80.35274531518667,0.4092250661399786,28895,107865,412248,0,2,48491.0,0.09706739195485828,-115634.5,29168.0,0.0,0.0,0.0
NC_010159.1,SSG-LUGIA-P,4504254,8,178600,27.27873495397687,62.08971259736772,37.904402721980816,95.09054915479244,0.39063067079875724,11558,30812,721922,7057,2,6630.5,0.2725543981159211,426.5,9119.0,0.0,0.0,25.0
NC_010159.1,SSG-LUGIA-P+center,4504254,8,178600,25.783599204933488,54.35401557883427,34.975888829355135,95.12270061930462,0.3525746718639854,10118,29124,723610,8497,1,5491.0,0.4795260663507109,-1254.0,9728.0,0.0,50.0,50.0
NC_010159.1,SSG-LUGIA-F,4504254,14,352800,27.7157405753082,100.0,43.40223131535691,93.70596189273598,0.5091970304085965,18615,48549,704185,0,2,10582.0,0.339384668250862,-11273.5,9969.0,0.0,0.0,0.0
NC_010159.1,SSG-LUGIA-F+center,4504254,14,352800,28.822928279450018,100.0,44.74813399199509,94.04044083806423,0.5202185105249891,18615,45969,706765,0,2,10660.5,0.339384668250862,-6323.5,14919.0,0.0,25.0,25.0
NC_010159.1,SSG-LUGIA-R,4504254,33,1338800,10.36579593609569,100.0,18.784435609194936,79.13188452957091,0.2854672553011782,18615,160966,591768,0,2,20710.5,0.1806852874197778,-17473.5,28419.0,0.0,0.0,0.0
NC_010159.1,SSG-LUGIA-R+center,4504254,33,1338800,11.097531894598783,100.0,19.977998980440557,80.6669873170251,0.2983117004908621,18615,149125,603609,0,2,20710.5,0.1806852874197778,-12523.5,33369.0,0.0,0.0,0.0
NC_010184.1,SSG-LUGIA-P,5262775,7,327800,12.121109378178613,63.03113649987658,20.332254633763487,90.83791070431121,0.24860434025750855,17875,129595,1370944,10484,1,34812.5,0.2042857142857143,-1359.0,68266.0,0.0,50.0,50.0
NC_010184.1,SSG-LUGIA-P+center,5262775,7,327800,10.269314276676205,50.3684897210762,17.060309459967872,90.91600616914928,0.19729337778587597,14284,124810,1375729,14075,1,38403.5,0.15681022274428869,3591.0,73216.0,0.0,0.0,50.0
NC_010184.1,SSG-LUGIA-F,5262775,12,463000,10.821462516875426,63.03113649987658,18.471633770796732,89.67949464254646,0.23128900481354175,17875,147306,1353233,10484,1,35512.5,0.20106861642294713,-2159.0,68866.0,0.0,50.0,50.0
NC_010184.1,SSG-LUGIA-F+center,5262775,12,463000,9.284689864028906,53.189463662329416,15.80966355727911,89.49230099064816,0.1898749708771433,15084,147377,1353162,13275,1,38303.5,0.16450905759562007,2791.0,73816.0,0.0,0.0,50.0
NC_010184.1,SSG-LUGIA-R,5262775,33,1566700,5.97063003315964,100.0,11.26846189607696,70.78837175534274,0.20478157458374077,28359,446616,1053923,0,2,51658.0,0.1405400130788409,-24104.5,65916.0,0.0,0.0,25.0
NC_010184.1,SSG-LUGIA-R+center,5262775,33,1566700,5.723648008473349,97.56338375824252,10.812944424795361,70.14706017013562,0.19497285243812376,27668,455730,1044809,691,2,51658.0,0.1362291817282143,-19154.5,70866.0,25.0,25.0,25.0
NC_010334.1,SSG-LUGIA-P,5226917,6,246000,0.0,0.0,0.0,56.04946772872776,-0.28147285902886815,0,45511,120466,48951,0,,,,,,,
NC_010334.1,SSG-LUGIA-P+center,5226917,6,246000,0.0,0.0,0.0,53.74637087768927,-0.300812147386318,0,50461,115516,48951,0,,,,,,,
NC_010334.1,SSG-LUGIA-F,5226917,11,457300,4.247198616229224,4.614818900533186,4.42338382008831,54.57967319288319,-0.25335108883063795,2259,50929,115048,46692,1,14623.5,0.07170062845172348,-22641.0,-6606.0,0.0,0.0,0.0
NC_010334.1,SSG-LUGIA-F+center,5226917,11,457300,12.399807354914168,14.726971869829011,13.463567686690508,56.88277004392168,-0.15065295296512696,7209,50929,115048,41742,1,9673.5,0.27146407591504745,-17691.0,-1656.0,0.0,50.0,50.0
NC_010334.1,SSG-LUGIA-R,5226917,40,1486300,9.512210824498906,18.109946681375252,12.473003299401325,42.11224223926152,-0.27671765703042056,8865,84331,81646,40086,1,18717.5,0.19146868250539956,-30141.0,7294.0,0.0,0.0,0.0
NC_010334.1,SSG-LUGIA-R+center,5226917,40,1486300,9.631158672388505,18.109946681375252,12.574824817725325,42.64777041613936,-0.2712579106112191,8865,83180,82797,40086,1,18717.5,0.19146868250539956,-25191.0,12244.0,0.0,0.0,0.0
NC_010380.1,SSG-LUGIA-P,2245615,5,177200,100.0,71.67832613377168,83.50305801318211,81.43703072670024,0.6825149776009654,56251,0,41256,22226,2,25327.5,0.36043839748092477,-29309.5,18006.5,0.0,0.0,25.0
NC_010380.1,SSG-LUGIA-P+center,2245615,5,177200,100.0,74.8856352816749,85.63954971037197,83.53920807129197,0.7118730132124517,58768,0,41256,19709,2,24359.5,0.383102998696219,-24359.5,22956.5,0.0,25.0,25.0
NC_010380.1,SSG-LUGIA-F,2245615,6,236500,79.62172634773536,74.8856352816749,77.18109346886779,70.97709069345962,0.37556661692844573,58768,15041,26215,19709,2,27177.5,0.3654726368159204,-29309.5,21706.5,0.0,25.0,25.0
NC_010380.1,SSG-LUGIA-F+center,2245615,6,236500,79.62172634773536,74.8856352816749,77.18109346886779,70.97709069345962,0.37556661692844573,58768,15041,26215,19709,2,24359.5,0.3654726368159204,-24359.5,26656.5,0.0,0.0,0.0
NC_010380.1,SSG-LUGIA-R,2245615,15,660900,67.76933261413231,88.05255042878805,76.59081588543687,64.72150534940242,0.11220967470597465,69101,32864,8392,9376,3,41354.0,0.2184445927903872,-32125.0,50583.0,16.666666666666664,16.666666666666664,16.666666666666664
NC_010380.1,SSG-LUGIA-R+center,2245615,15,660900,66.12482605782611,81.74496986378175,73.10988535089919,60.58730675753552,0.025285838150912204,64151,32864,8392,14326,3,41354.0,0.20872431174873982,-27175.0,55533.0,0.0,0.0,0.0
NC_010322.1,SSG-LUGIA-P,6078430,13,507000,80.27890119649093,53.49166366798609,64.20324212264016,68.25294141430479,0.401961688921439,133788,32866,186951,116322,10,10591.5,0.26780844466409465,-19323.5,-1622.5,0.0,10.0,20.0
NC_010322.1,SSG-LUGIA-P+center,6078430,13,507000,81.75526315789475,62.1066730638519,70.58917088909591,72.45529624814067,0.47111010568484946,155335,34665,185152,94775,10,8587.0,0.31106032255190236,-14373.5,3327.5,20.0,25.0,45.0
NC_010322.1,SSG-LUGIA-F,6078430,16,702200,73.20554878142107,57.36995721882372,64.3275194623832,66.13495287565941,0.338770473905515,143488,52519,167298,106622,10,14505.0,0.2468033739705746,-23342.0,-1372.5,0.0,10.0,30.0
NC_010322.1,SSG-LUGIA-F+center,6078430,16,702200,75.39949969197454,64.59437847347166,69.57995426139911,69.93916076326748,0.4068854956753069,161557,52711,167106,88553,10,12145.5,0.2537067362498754,-18392.0,3577.5,15.0,25.0,40.0
NC_010322.1,SSG-LUGIA-R,6078430,36,1828500,56.78511430216613,76.49314301707248,65.18200278012483,56.506010508015066,0.11361483355489153,191317,145597,74220,58793,12,22300.0,0.2220319765948952,-26611.0,11721.0,12.5,16.666666666666664,20.833333333333336
NC_010322.1,SSG-LUGIA-R+center,6078430,36,1828500,55.829371633752245,77.70820838830915,64.97647245647615,55.41371319375137,0.08830479274190484,194356,153769,66048,55754,12,20528.0,0.2220319765948952,-21661.0,16671.0,0.0,0.0,16.666666666666664
NC_010400.1,SSG-LUGIA-P,3421954,7,178900,62.814404727050125,52.472429740305934,57.179546197923614,96.60707995012416,0.5567113194600459,23600,13971,982840,21376,1,539.5,0.9562786174480328,845.0,-234.0,100.0,100.0,100.0
NC_010400.1,SSG-LUGIA-P+center,3421954,7,178900,62.78969243557773,41.98683742440413,50.3231136160744,96.42124541772934,0.4960301818044687,18884,11191,985620,26092,1,5255.5,0.6424221806429665,5795.0,4716.0,0.0,0.0,50.0
NC_010400.1,SSG-LUGIA-F,3421954,7,252500,45.007568435066474,54.87148701529705,49.45245418749812,95.15726343292823,0.4718960129075821,24679,30154,966657,20297,1,8660.5,0.5875952380952381,-6155.0,11166.0,0.0,0.0,0.0
NC_010400.1,SSG-LUGIA-F+center,3421954,7,252500,40.36209603558812,54.87148701529705,46.51149641914814,94.55147741332921,0.4428405441138272,24679,36465,960346,20297,1,8660.5,0.5875952380952381,-1205.0,16116.0,0.0,50.0,50.0
NC_010400.1,SSG-LUGIA-R,3421954,22,1016500,12.908447490550278,100.0,22.86533519403964,70.87245281425089,0.29964790095614013,44976,303447,693364,0,3,12862.0,0.30355473554735546,-14206.0,10825.0,0.0,0.0,0.0
NC_010400.1,SSG-LUGIA-R+center,3421954,22,1016500,13.650310937912574,100.0,24.021598929667284,72.69009883978202,0.31231750987187185,44976,284511,712300,0,3,12604.5,0.30355473554735546,-9256.0,15775.0,0.0,0.0,0.0
NC_010410.1,SSG-LUGIA-P,3936291,5,156200,73.42779460200269,60.05839864761027,66.07358637871276,93.7914396943814,0.6307804876734698,66436,24042,964225,44183,2,17651.5,0.44006483783127337,-26976.5,12638.5,0.0,0.0,25.0
NC_010410.1,SSG-LUGIA-P+center,3936291,5,156200,81.27518980223076,62.71074589356259,70.79618923208024,94.79190744080823,0.686786127105191,69370,15982,972285,41249,2,17651.5,0.46682368775235533,-22026.5,17588.5,0.0,50.0,50.0
NC_010410.1,SSG-LUGIA-F,3936291,8,261700,63.184847802977984,73.61484012692215,68.00223801451368,93.02621018012788,0.6435008125790043,81432,47447,940820,29187,3,11446.5,0.3918046336234729,-12504.0,-34.0,16.666666666666664,16.666666666666664,16.666666666666664
NC_010410.1,SSG-LUGIA-F+center,3936291,8,261700,71.58916751580222,78.12039523047578,74.71231573941989,94.6766088566057,0.7182922192625145,86416,34295,953972,24203,3,6496.5,0.5038372093023256,-7554.0,4916.0,0.0,16.666666666666664,33.33333333333333
NC_010410.1,SSG-LUGIA-R,3936291,28,1075300,27.93658639534367,90.94549760890986,42.74330774901165,75.47288799748108,0.4146589765976034,100603,259509,728758,10016,5,14448.0,0.33635658914728683,-20425.0,9566.0,0.0,0.0,10.0
NC_010410.1,SSG-LUGIA-R+center,3936291,28,1075300,30.23189125099953,99.1167882551822,46.331945175146686,76.88522740302452,0.47039335326171844,109642,253028,735239,977,5,14562.0,0.33635658914728683,-15475.0,14516.0,20.0,20.0,20.0
NC_010465.1,SSG-LUGIA-P,4689441,6,208400,22.833590932509015,5.083734801559991,8.315977108546768,33.78436520708055,-0.2867795991201573,8864,29956,90859,165496,1,14385.5,0.2355254417430583,-27936.0,-835.0,50.0,50.0,50.0
NC_010465.1,SSG-LUGIA-P+center,4689441,6,208400,24.45845416719203,5.562629043358569,9.063850664673037,34.06724824256796,-0.2773024959887447,9699,29956,90859,164661,1,13550.5,0.26355978260869567,-22986.0,4115.0,0.0,0.0,50.0
NC_010465.1,SSG-LUGIA-F,4689441,11,342500,69.81215736859077,39.73158981417757,50.64183163250389,54.25086812907597,0.15546995483109266,69276,29956,90859,105084,4,10863.0,0.2919857546114115,4538.5,8865.0,12.5,12.5,25.0
NC_010465.1,SSG-LUGIA-F+center,4689441,11,342500,69.84558394234061,39.7946776783666,50.7018582253692,54.28813415770306,0.15608396799265045,69386,29956,90859,104974,4,12689.0,0.30671155330645855,-17528.5,-2942.5,12.5,12.5,25.0
NC_010465.1,SSG-LUGIA-R,4689441,33,1443600,76.89716254251839,81.16540490938289,78.973654986914,74.47006013381892,0.4665533395387699,141520,42518,78297,32840,9,24272.0,0.19793877551020408,-33459.0,8351.0,0.0,5.555555555555555,11.11111111111111
NC_010465.1,SSG-LUGIA-R+center,4689441,33,1443600,77.8033930365904,83.03624684560678,80.334695530827,75.98610993478445,0.49760035743939957,144782,41305,79510,29578,9,24272.0,0.1622222222222222,-28509.0,13301.0,0.0,5.555555555555555,11.11111111111111
NC_010473.1,SSG-LUGIA-P,4686137,9,265800,53.5141397338403,54.42269349284031,53.964592756792385,94.45637842936733,0.5101746646289015,18015,15649,505688,15087,2,9164.5,0.31467855284434576,-9164.5,6845.0,0.0,0.0,50.0
NC_010473.1,SSG-LUGIA-P+center,4686137,9,265800,53.895255327704064,64.78762612530964,58.84160561911818,94.58876449888987,0.5624342004363891,21446,18346,502991,11656,2,4974.0,0.4195054844318002,-4214.5,11795.0,25.0,50.0,50.0
NC_010473.1,SSG-LUGIA-F,4686137,11,363200,49.2815628027123,55.32898314301251,52.130475621210834,93.93332720100858,0.4899684474778446,18315,18849,502488,14787,2,11064.5,0.29191591528080185,-11064.5,7895.0,0.0,0.0,25.0
NC_010473.1,SSG-LUGIA-F+center,4686137,11,363200,51.70318323165666,65.79964956800194,57.905860771776844,94.28846094881493,0.553488245454089,21781,20346,500991,11321,2,6424.0,0.38162014187002136,-6114.5,12845.0,25.0,50.0,50.0
NC_010473.1,SSG-LUGIA-R,4686137,30,1315000,14.749280514643642,65.79964956800194,24.097091997322668,75.25156058646668,0.22324964155801824,21781,125894,395443,11321,2,26335.5,0.14291367058401172,-48064.5,17895.0,0.0,25.0,25.0
NC_010473.1,SSG-LUGIA-R+center,4686137,30,1315000,13.752975570330802,65.79964956800194,22.750750750750754,73.32204264130048,0.20770635879726007,21781,136592,384745,11321,2,26335.5,0.14291367058401172,-43114.5,22845.0,0.0,0.0,0.0
NC_010498.1,SSG-LUGIA-P,5068389,8,449500,69.4390763589515,36.84030653154041,48.14022793050438,90.8406406470177,0.46278428656133547,28027,12335,570859,48050,4,36904.0,0.13056271800504904,-49097.5,507.5,0.0,0.0,25.0
NC_010498.1,SSG-LUGIA-P+center,5068389,8,449500,74.72646805720609,47.93958752316732,58.40827014085184,92.12144929778498,0.5591960030375335,36471,12335,570859,39606,4,31954.0,0.13056271800504904,-44147.5,5457.5,0.0,12.5,12.5
NC_010498.1,SSG-LUGIA-F,5068389,13,620500,59.548731114841516,47.5610236996727,52.88404621489489,90.22056180235441,0.4787795777201728,36183,24579,558615,39894,5,27385.0,0.0754826498422713,-46419.0,2906.0,0.0,0.0,10.0
NC_010498.1,SSG-LUGIA-F+center,5068389,13,620500,65.2160991763607,60.57415513230017,62.80947805286938,91.72222045259082,0.5820961759846934,46083,24579,558615,29994,5,22435.0,0.16105590062111802,-41469.0,7856.0,0.0,0.0,0.0
NC_010498.1,SSG-LUGIA-R,5068389,26,1270700,43.30021920619374,85.42397833773676,57.46980067561592,85.40994522737994,0.5397024316542554,64988,85099,498095,11089,5,41959.5,0.1303698224852071,-60219.0,16795.0,0.0,0.0,0.0
NC_010498.1,SSG-LUGIA-R+center,5068389,26,1270700,44.752873121912515,91.9305440540505,60.19978222790323,85.97283969718067,0.5794383218963954,69938,86338,496856,6139,5,37009.5,0.1303698224852071,-55269.0,21745.0,0.0,0.0,0.0
NC_010515.1,SSG-LUGIA-P,3213911,7,327900,89.88973234421934,67.12099062688107,76.85446914654008,90.11861099726417,0.7195941343708979,93666,10535,420859,45882,6,27298.0,0.16822740471485176,-42116.5,9021.5,0.0,8.333333333333332,16.666666666666664
NC_010515.1,SSG-LUGIA-P+center,3213911,7,327900,91.95032845048652,75.02938057155961,82.6325093916722,92.29133607266587,0.7840791902592852,104702,9166,422228,34846,6,24135.5,0.2259049460628906,-37166.5,13971.5,0.0,16.666666666666664,25.0
NC_010515.1,SSG-LUGIA-F,3213911,9,398100,90.11735349574582,68.84082896207757,78.05516171099617,90.53896893204563,0.7322503356705912,96066,10535,420859,43482,6,28998.0,0.17142712288431736,-45416.0,9521.5,0.0,8.333333333333332,16.666666666666664
NC_010515.1,SSG-LUGIA-F+center,3213911,9,398100,91.11731023344589,75.6026600166251,82.63810288444591,92.23546349716784,0.7825467563011158,105502,10285,421109,34046,6,25785.5,0.215235315893386,-40466.0,14471.5,0.0,16.666666666666664,25.0
NC_010515.1,SSG-LUGIA-R,3213911,16,922600,67.66752449509053,92.8927680798005,78.29860744087438,87.4143082835034,0.7147689928105311,129630,61939,369455,9918,7,30365.5,0.17851624231782265,-61014.0,22471.0,7.142857142857142,7.142857142857142,7.142857142857142
NC_010515.1,SSG-LUGIA-R+center,3213911,16,922600,65.7124240704542,89.61504285263851,75.82460225067909,86.03290702032781,0.6790626243297266,125056,65252,366142,14492,7,32462.0,0.17851624231782265,-56064.0,27421.0,0.0,0.0,7.142857142857142
NC_010501.1,SSG-LUGIA-P,5774330,14,454600,100.0,40.17162530568218,57.31777058028268,56.863042777657924,0.3972044499602357,108747,0,104747,161959,7,7914.0,0.3626637015072893,-22623.0,1063.0,7.142857142857142,21.428571428571427,35.714285714285715
NC_010501.1,SSG-LUGIA-P+center,5774330,14,454600,100.0,41.10658795889267,58.26317332663148,57.537161775242176,0.4037203615938666,111278,0,104747,159428,7,9264.0,0.38378016085790884,-17673.0,6013.0,7.142857142857142,21.428571428571427,35.714285714285715
NC_010501.1,SSG-LUGIA-F,5774330,17,680400,96.87026109934988,47.66684151810451,63.893620392560756,61.156789265234266,0.40952331183384316,129037,4169,100578,141669,9,14994.0,0.29610294117647057,-22923.0,6698.0,0.0,11.11111111111111,16.666666666666664
NC_010501.1,SSG-LUGIA-F+center,5774330,17,680400,93.83338855941086,51.257822139147265,66.2989180162596,62.42752088810051,0.39059530797759023,138758,9119,95628,131948,9,15659.0,0.3718181818181818,-17973.0,11648.0,0.0,11.11111111111111,27.77777777777778
NC_010501.1,SSG-LUGIA-R,5774330,39,1728000,90.59859365521484,78.34144791766714,84.02537302788498,78.52247817969227,0.5307022950545147,212075,22007,82740,58631,15,18609.0,0.19298097251585625,-18801.0,17951.0,10.0,10.0,16.666666666666664
NC_010501.1,SSG-LUGIA-R+center,5774330,39,1728000,88.08918073366108,75.7205233722193,81.43789655186113,75.11219779839287,0.45512015320317006,204980,27716,77031,65726,14,18993.0,0.18514042652077162,-16812.0,20557.0,0.0,7.142857142857142,14.285714285714285
NC_010551.1,SSG-LUGIA-P,3443583,6,203800,16.618331586771625,100.0,28.50037615982613,91.65490823545481,0.3899751370752736,13638,68428,737913,0,1,17181.0,0.284125,-8133.0,26229.0,0.0,0.0,0.0
NC_010551.1,SSG-LUGIA-P+center,3443583,6,203800,16.618331586771625,100.0,28.50037615982613,91.65490823545481,0.3899751370752736,13638,68428,737913,0,1,17181.0,0.284125,-3183.0,31179.0,0.0,0.0,50.0
NC_010551.1,SSG-LUGIA-F,3443583,8,282300,15.000989946542887,100.0,26.088453592470735,90.57585621095174,0.368284730920444,13638,77276,729065,0,1,19981.0,0.2544402985074627,-8433.0,31529.0,0.0,0.0,0.0
NC_010551.1,SSG-LUGIA-F+center,3443583,8,282300,15.441750925621895,100.0,26.752454466098452,90.89232773034432,0.37432045183639284,13638,74681,731660,0,1,19981.0,0.2544402985074627,-3483.0,36479.0,0.0,0.0,50.0
NC_010551.1,SSG-LUGIA-R,3443583,28,1081300,4.4554940639150065,100.0,8.530894624247807,64.33372074162875,0.16850839177959584,13638,292456,513885,0,1,50931.0,0.11807792207792207,-48133.0,53729.0,0.0,0.0,0.0
NC_010551.1,SSG-LUGIA-R+center,3443583,28,1081300,4.290838157563554,100.0,8.228600389769458,62.90124503188497,0.16346458350038784,13638,304202,502139,0,1,50931.0,0.11807792207792207,-43183.0,58679.0,0.0,0.0,0.0
NC_010582.1,SSG-LUGIA-P,2209198,5,138500,100.0,38.73800352549455,55.84339192019011,73.86466500480454,0.5158417676527557,11867,0,41173,18767,1,24716.5,0.1935889070146819,-19800.0,29633.0,0.0,0.0,0.0
NC_010582.1,SSG-LUGIA-P+center,2209198,5,138500,100.0,38.73800352549455,55.84339192019011,73.86466500480454,0.5158417676527557,11867,0,41173,18767,1,24716.5,0.1935889070146819,-14850.0,34583.0,0.0,0.0,0.0
NC_010582.1,SSG-LUGIA-F,2209198,6,182200,46.08006834155244,38.73800352549455,42.09126217035841,54.52671745094489,0.05168602630103498,11867,13886,27287,18767,1,26416.5,0.1834157650695518,-21800.0,31033.0,0.0,0.0,0.0
NC_010582.1,SSG-LUGIA-F+center,2209198,6,182200,57.044657020622026,38.73800352549455,46.14188230262262,61.42019580263762,0.18572543164393368,11867,8936,32237,18767,1,26416.5,0.1834157650695518,-16850.0,35983.0,0.0,0.0,0.0
NC_010582.1,SSG-LUGIA-R,2209198,14,651400,40.47502315193115,72.76229026571784,52.01563502712795,42.728424805381096,-0.08019640230819942,22290,32781,8392,8344,2,21992.5,0.2591976600985222,-21462.5,21992.5,0.0,0.0,0.0
NC_010582.1,SSG-LUGIA-R+center,2209198,14,651400,40.47502315193115,72.76229026571784,52.01563502712795,42.728424805381096,-0.08019640230819942,22290,32781,8392,8344,2,22626.0,0.2591976600985222,-16512.5,26942.5,0.0,0.0,25.0
NC_010612.1,SSG-LUGIA-P,6636827,15,427400,77.78467414657436,16.973131778261642,27.86576813874731,75.49039739332912,0.2832150230866976,48876,13959,730508,239085,5,12169.0,0.25605080277977477,-17554.0,8331.0,0.0,0.0,0.0
NC_010612.1,SSG-LUGIA-P+center,6636827,15,427400,70.9355092692005,17.20788579008963,27.696916851119013,74.94140027198023,0.258561301478306,49552,20303,724164,238409,4,14010.5,0.2620527596835548,-20181.5,14010.5,0.0,12.5,12.5
NC_010612.1,SSG-LUGIA-F,6636827,22,696700,80.43139808078806,29.601925260712385,43.27642140213534,78.35606938207798,0.3962434337800729,85242,20739,723728,202719,8,15837.0,0.19877389065413362,-22924.0,7634.5,0.0,0.0,18.75
NC_010612.1,SSG-LUGIA-F+center,6636827,22,696700,78.85542524717782,32.432864172578924,45.961840363387616,78.72878302409467,0.4090766698662444,93394,25043,719424,194567,8,16492.5,0.2645800895304156,-17974.0,12584.5,6.25,12.5,18.75
NC_010612.1,SSG-LUGIA-R,6636827,48,2196800,55.94287635557531,68.18145512760408,61.4588077674948,76.14874838729673,0.44887619398137274,196336,154622,589845,91625,15,26824.0,0.14155311355311356,-30494.0,21238.0,0.0,0.0,3.3333333333333335
NC_010612.1,SSG-LUGIA-R+center,6636827,48,2196800,54.846080208901924,69.4378752678314,61.28538896057524,75.5308844781428,0.4440704213248686,199954,164619,579848,88007,15,25866.0,0.14155311355311356,-25544.0,26188.0,3.3333333333333335,6.666666666666667,10.0
