accession,method,start,end
NC_000907.1,SSG-LUGIA-P,601101,625600
NC_000907.1,SSG-LUGIA-P,1553401,1587500
NC_000907.1,SSG-LUGIA-P,1808201,1820200
NC_000907.1,SSG-LUGIA-P+center,606051,630550
NC_000907.1,SSG-LUGIA-P+center,1558351,1592450
NC_000907.1,SSG-LUGIA-P+center,1813151,1825150
NC_000907.1,SSG-LUGIA-F,598601,627200
NC_000907.1,SSG-LUGIA-F,835201,855800
NC_000907.1,SSG-LUGIA-F,1052601,1075000
NC_000907.1,SSG-LUGIA-F,1445101,1457000
NC_000907.1,SSG-LUGIA-F,1552401,1587700
NC_000907.1,SSG-LUGIA-F,1807901,1820200
NC_000907.1,SSG-LUGIA-F+center,603551,632150
NC_000907.1,SSG-LUGIA-F+center,840151,860750
NC_000907.1,SSG-LUGIA-F+center,1057551,1079950
NC_000907.1,SSG-LUGIA-F+center,1450051,1461950
NC_000907.1,SSG-LUGIA-F+center,1557351,1592650
NC_000907.1,SSG-LUGIA-F+center,1812851,1825150
NC_000907.1,SSG-LUGIA-R,45501,63900
NC_000907.1,SSG-LUGIA-R,183101,201000
NC_000907.1,SSG-LUGIA-R,216701,243600
NC_000907.1,SSG-LUGIA-R,274401,296200
NC_000907.1,SSG-LUGIA-R,585901,645500
NC_000907.1,SSG-LUGIA-R,753401,766800
NC_000907.1,SSG-LUGIA-R,772901,787100
NC_000907.1,SSG-LUGIA-R,830201,863700
NC_000907.1,SSG-LUGIA-R,1034401,1110900
NC_000907.1,SSG-LUGIA-R,1369601,1382900
NC_000907.1,SSG-LUGIA-R,1391301,1406800
NC_000907.1,SSG-LUGIA-R,1438501,1490800
NC_000907.1,SSG-LUGIA-R,1545101,1589200
NC_000907.1,SSG-LUGIA-R,1742301,1820200
NC_000907.1,SSG-LUGIA-R+center,50451,68850
NC_000907.1,SSG-LUGIA-R+center,188051,205950
NC_000907.1,SSG-LUGIA-R+center,221651,248550
NC_000907.1,SSG-LUGIA-R+center,279351,301150
NC_000907.1,SSG-LUGIA-R+center,590851,650450
NC_000907.1,SSG-LUGIA-R+center,758351,771750
NC_000907.1,SSG-LUGIA-R+center,777851,792050
NC_000907.1,SSG-LUGIA-R+center,835151,868650
NC_000907.1,SSG-LUGIA-R+center,1039351,1115850
NC_000907.1,SSG-LUGIA-R+center,1374551,1387850
NC_000907.1,SSG-LUGIA-R+center,1396251,1411750
NC_000907.1,SSG-LUGIA-R+center,1443451,1495750
NC_000907.1,SSG-LUGIA-R+center,1550051,1594150
NC_000907.1,SSG-LUGIA-R+center,1747251,1825150
AC_000091.1,SSG-LUGIA-P,260101,316400
AC_000091.1,SSG-LUGIA-P,560101,582400
AC_000091.1,SSG-LUGIA-P,1198201,1217800
AC_000091.1,SSG-LUGIA-P,1571701,1595800
AC_000091.1,SSG-LUGIA-P,2049501,2090700
AC_000091.1,SSG-LUGIA-P,2468901,2489100
AC_000091.1,SSG-LUGIA-P,2749301,2781800
AC_000091.1,SSG-LUGIA-P,3447301,3464100
AC_000091.1,SSG-LUGIA-P,4189401,4203600
AC_000091.1,SSG-LUGIA-P,4507401,4546400
AC_000091.1,SSG-LUGIA-P+center,265051,321350
AC_000091.1,SSG-LUGIA-P+center,565051,587350
AC_000091.1,SSG-LUGIA-P+center,1203151,1222750
AC_000091.1,SSG-LUGIA-P+center,1576651,1600750
AC_000091.1,SSG-LUGIA-P+center,2054451,2095650
AC_000091.1,SSG-LUGIA-P+center,2473851,2494050
AC_000091.1,SSG-LUGIA-P+center,2754251,2786750
AC_000091.1,SSG-LUGIA-P+center,3452251,3469050
AC_000091.1,SSG-LUGIA-P+center,4194351,4208550
AC_000091.1,SSG-LUGIA-P+center,4512351,4551350
AC_000091.1,SSG-LUGIA-F,258701,317000
AC_000091.1,SSG-LUGIA-F,558601,582800
AC_000091.1,SSG-LUGIA-F,1193701,1224800
AC_000091.1,SSG-LUGIA-F,1571201,1596600
AC_000091.1,SSG-LUGIA-F,2040301,2091800
AC_000091.1,SSG-LUGIA-F,2103001,2119400
AC_000091.1,SSG-LUGIA-F,2467501,2491400
AC_000091.1,SSG-LUGIA-F,2749001,2783000
AC_000091.1,SSG-LUGIA-F,3430001,3466700
AC_000091.1,SSG-LUGIA-F,3992801,4020400
AC_000091.1,SSG-LUGIA-F,4167801,4204900
AC_000091.1,SSG-LUGIA-F,4491001,4548600
AC_000091.1,SSG-LUGIA-F+center,263651,321950
AC_000091.1,SSG-LUGIA-F+center,563551,587750
AC_000091.1,SSG-LUGIA-F+center,1198651,1229750
AC_000091.1,SSG-LUGIA-F+center,1576151,1601550
AC_000091.1,SSG-LUGIA-F+center,2045251,2096750
AC_000091.1,SSG-LUGIA-F+center,2107951,2124350
AC_000091.1,SSG-LUGIA-F+center,2472451,2496350
AC_000091.1,SSG-LUGIA-F+center,2753951,2787950
AC_000091.1,SSG-LUGIA-F+center,3434951,3471650
AC_000091.1,SSG-LUGIA-F+center,3997751,4025350
AC_000091.1,SSG-LUGIA-F+center,4172751,4209850
AC_000091.1,SSG-LUGIA-F+center,4495951,4553550
AC_000091.1,SSG-LUGIA-R,46301,91700
AC_000091.1,SSG-LUGIA-R,97801,113800
AC_000091.1,SSG-LUGIA-R,129101,167900
AC_000091.1,SSG-LUGIA-R,216501,331200
AC_000091.1,SSG-LUGIA-R,372301,383200
AC_000091.1,SSG-LUGIA-R,443501,463600
AC_000091.1,SSG-LUGIA-R,500001,587200
AC_000091.1,SSG-LUGIA-R,733601,754100
AC_000091.1,SSG-LUGIA-R,1076501,1133500
AC_000091.1,SSG-LUGIA-R,1189701,1225800
AC_000091.1,SSG-LUGIA-R,1376101,1484200
AC_000091.1,SSG-LUGIA-R,1569001,1657300
AC_000091.1,SSG-LUGIA-R,1783201,1825200
AC_000091.1,SSG-LUGIA-R,2021001,2125700
AC_000091.1,SSG-LUGIA-R,2155701,2207500
AC_000091.1,SSG-LUGIA-R,2327001,2346300
AC_000091.1,SSG-LUGIA-R,2375901,2402600
AC_000091.1,SSG-LUGIA-R,2460401,2506800
AC_000091.1,SSG-LUGIA-R,2633201,2656000
AC_000091.1,SSG-LUGIA-R,2735601,2795200
AC_000091.1,SSG-LUGIA-R,2964701,2976000
AC_000091.1,SSG-LUGIA-R,2987401,2997400
AC_000091.1,SSG-LUGIA-R,3424101,3469700
AC_000091.1,SSG-LUGIA-R,3572501,3589700
AC_000091.1,SSG-LUGIA-R,3664501,3675200
AC_000091.1,SSG-LUGIA-R,3695601,3740700
AC_000091.1,SSG-LUGIA-R,3845501,3856300
AC_000091.1,SSG-LUGIA-R,3983501,4040100
AC_000091.1,SSG-LUGIA-R,4152601,4208300
AC_000091.1,SSG-LUGIA-R,4302301,4313700
AC_000091.1,SSG-LUGIA-R,4481801,4581600
AC_000091.1,SSG-LUGIA-R+center,51251,96650
AC_000091.1,SSG-LUGIA-R+center,102751,118750
AC_000091.1,SSG-LUGIA-R+center,134051,172850
AC_000091.1,SSG-LUGIA-R+center,221451,336150
AC_000091.1,SSG-LUGIA-R+center,377251,388150
AC_000091.1,SSG-LUGIA-R+center,448451,468550
AC_000091.1,SSG-LUGIA-R+center,504951,592150
AC_000091.1,SSG-LUGIA-R+center,738551,759050
AC_000091.1,SSG-LUGIA-R+center,1081451,1138450
AC_000091.1,SSG-LUGIA-R+center,1194651,1230750
AC_000091.1,SSG-LUGIA-R+center,1381051,1489150
AC_000091.1,SSG-LUGIA-R+center,1573951,1662250
AC_000091.1,SSG-LUGIA-R+center,1788151,1830150
AC_000091.1,SSG-LUGIA-R+center,2025951,2130650
AC_000091.1,SSG-LUGIA-R+center,2160651,2212450
AC_000091.1,SSG-LUGIA-R+center,2331951,2351250
AC_000091.1,SSG-LUGIA-R+center,2380851,2407550
AC_000091.1,SSG-LUGIA-R+center,2465351,2511750
AC_000091.1,SSG-LUGIA-R+center,2638151,2660950
AC_000091.1,SSG-LUGIA-R+center,2740551,2800150
AC_000091.1,SSG-LUGIA-R+center,2969651,2980950
AC_000091.1,SSG-LUGIA-R+center,2992351,3002350
AC_000091.1,SSG-LUGIA-R+center,3429051,3474650
AC_000091.1,SSG-LUGIA-R+center,3577451,3594650
AC_000091.1,SSG-LUGIA-R+center,3669451,3680150
AC_000091.1,SSG-LUGIA-R+center,3700551,3745650
AC_000091.1,SSG-LUGIA-R+center,3850451,3861250
AC_000091.1,SSG-LUGIA-R+center,3988451,4045050
AC_000091.1,SSG-LUGIA-R+center,4157551,4213250
AC_000091.1,SSG-LUGIA-R+center,4307251,4318650
AC_000091.1,SSG-LUGIA-R+center,4486751,4586550
NC_000913.2,SSG-LUGIA-P,260001,316800
NC_000913.2,SSG-LUGIA-P,560001,582400
NC_000913.2,SSG-LUGIA-P,1194301,1221700
NC_000913.2,SSG-LUGIA-P,1568101,1592100
NC_000913.2,SSG-LUGIA-P,2044901,2086600
NC_000913.2,SSG-LUGIA-P,2461101,2481800
NC_000913.2,SSG-LUGIA-P,2749501,2780800
NC_000913.2,SSG-LUGIA-P,3424601,3434700
NC_000913.2,SSG-LUGIA-P,4157201,4192000
NC_000913.2,SSG-LUGIA-P,4499901,4539100
NC_000913.2,SSG-LUGIA-P+center,264951,321750
NC_000913.2,SSG-LUGIA-P+center,564951,587350
NC_000913.2,SSG-LUGIA-P+center,1199251,1226650
NC_000913.2,SSG-LUGIA-P+center,1573051,1597050
NC_000913.2,SSG-LUGIA-P+center,2049851,2091550
NC_000913.2,SSG-LUGIA-P+center,2466051,2486750
NC_000913.2,SSG-LUGIA-P+center,2754451,2785750
NC_000913.2,SSG-LUGIA-P+center,3429551,3439650
NC_000913.2,SSG-LUGIA-P+center,4162151,4196950
NC_000913.2,SSG-LUGIA-P+center,4504851,4544050
NC_000913.2,SSG-LUGIA-F,258301,317100
NC_000913.2,SSG-LUGIA-F,557801,582800
NC_000913.2,SSG-LUGIA-F,1189101,1222400
NC_000913.2,SSG-LUGIA-F,1567501,1592900
NC_000913.2,SSG-LUGIA-F,2034501,2087700
NC_000913.2,SSG-LUGIA-F,2101201,2113200
NC_000913.2,SSG-LUGIA-F,2459001,2484800
NC_000913.2,SSG-LUGIA-F,2748301,2782400
NC_000913.2,SSG-LUGIA-F,3422901,3436600
NC_000913.2,SSG-LUGIA-F,3609301,3635900
NC_000913.2,SSG-LUGIA-F,4156501,4194400
NC_000913.2,SSG-LUGIA-F,4484501,4541000
NC_000913.2,SSG-LUGIA-F+center,263251,322050
NC_000913.2,SSG-LUGIA-F+center,562751,587750
NC_000913.2,SSG-LUGIA-F+center,1194051,1227350
NC_000913.2,SSG-LUGIA-F+center,1572451,1597850
NC_000913.2,SSG-LUGIA-F+center,2039451,2092650
NC_000913.2,SSG-LUGIA-F+center,2106151,2118150
NC_000913.2,SSG-LUGIA-F+center,2463951,2489750
NC_000913.2,SSG-LUGIA-F+center,2753251,2787350
NC_000913.2,SSG-LUGIA-F+center,3427851,3441550
NC_000913.2,SSG-LUGIA-F+center,3614251,3640850
NC_000913.2,SSG-LUGIA-F+center,4161451,4199350
NC_000913.2,SSG-LUGIA-F+center,4489451,4545950
NC_000913.2,SSG-LUGIA-R,45101,93600
NC_000913.2,SSG-LUGIA-R,95401,115200
NC_000913.2,SSG-LUGIA-R,128101,166700
NC_000913.2,SSG-LUGIA-R,252001,331500
NC_000913.2,SSG-LUGIA-R,443501,473600
NC_000913.2,SSG-LUGIA-R,499701,587800
NC_000913.2,SSG-LUGIA-R,731601,753900
NC_000913.2,SSG-LUGIA-R,755801,767300
NC_000913.2,SSG-LUGIA-R,1075001,1130700
NC_000913.2,SSG-LUGIA-R,1187501,1223400
NC_000913.2,SSG-LUGIA-R,1372801,1481700
NC_000913.2,SSG-LUGIA-R,1564201,1654000
NC_000913.2,SSG-LUGIA-R,1780501,1820400
NC_000913.2,SSG-LUGIA-R,2017001,2121300
NC_000913.2,SSG-LUGIA-R,2150101,2201600
NC_000913.2,SSG-LUGIA-R,2370901,2395100
NC_000913.2,SSG-LUGIA-R,2454301,2499700
NC_000913.2,SSG-LUGIA-R,2633101,2653700
NC_000913.2,SSG-LUGIA-R,2735001,2794400
NC_000913.2,SSG-LUGIA-R,3415501,3466300
NC_000913.2,SSG-LUGIA-R,3587201,3646400
NC_000913.2,SSG-LUGIA-R,3771601,3783500
NC_000913.2,SSG-LUGIA-R,3797301,3808300
NC_000913.2,SSG-LUGIA-R,3882501,3933700
NC_000913.2,SSG-LUGIA-R,4155501,4208700
NC_000913.2,SSG-LUGIA-R,4295901,4308100
NC_000913.2,SSG-LUGIA-R,4343801,4362400
NC_000913.2,SSG-LUGIA-R,4386701,4406500
NC_000913.2,SSG-LUGIA-R,4475201,4575100
NC_000913.2,SSG-LUGIA-R+center,50051,98550
NC_000913.2,SSG-LUGIA-R+center,100351,120150
NC_000913.2,SSG-LUGIA-R+center,133051,171650
NC_000913.2,SSG-LUGIA-R+center,256951,336450
NC_000913.2,SSG-LUGIA-R+center,448451,478550
NC_000913.2,SSG-LUGIA-R+center,504651,592750
NC_000913.2,SSG-LUGIA-R+center,736551,758850
NC_000913.2,SSG-LUGIA-R+center,760751,772250
NC_000913.2,SSG-LUGIA-R+center,1079951,1135650
NC_000913.2,SSG-LUGIA-R+center,1192451,1228350
NC_000913.2,SSG-LUGIA-R+center,1377751,1486650
NC_000913.2,SSG-LUGIA-R+center,1569151,1658950
NC_000913.2,SSG-LUGIA-R+center,1785451,1825350
NC_000913.2,SSG-LUGIA-R+center,2021951,2126250
NC_000913.2,SSG-LUGIA-R+center,2155051,2206550
NC_000913.2,SSG-LUGIA-R+center,2375851,2400050
NC_000913.2,SSG-LUGIA-R+center,2459251,2504650
NC_000913.2,SSG-LUGIA-R+center,2638051,2658650
NC_000913.2,SSG-LUGIA-R+center,2739951,2799350
NC_000913.2,SSG-LUGIA-R+center,3420451,3471250
NC_000913.2,SSG-LUGIA-R+center,3592151,3651350
NC_000913.2,SSG-LUGIA-R+center,3776551,3788450
NC_000913.2,SSG-LUGIA-R+center,3802251,3813250
NC_000913.2,SSG-LUGIA-R+center,3887451,3938650
NC_000913.2,SSG-LUGIA-R+center,4160451,4213650
NC_000913.2,SSG-LUGIA-R+center,4300851,4313050
NC_000913.2,SSG-LUGIA-R+center,4348751,4367350
NC_000913.2,SSG-LUGIA-R+center,4391651,4411450
NC_000913.2,SSG-LUGIA-R+center,4480151,4580050
NC_002516.2,SSG-LUGIA-P,1034001,1073200
NC_002516.2,SSG-LUGIA-P,1367601,1381800
NC_002516.2,SSG-LUGIA-P,1480301,1503400
NC_002516.2,SSG-LUGIA-P,2442701,2457300
NC_002516.2,SSG-LUGIA-P,2646301,2682600
NC_002516.2,SSG-LUGIA-P,2750101,2775400
NC_002516.2,SSG-LUGIA-P,3072801,3098200
NC_002516.2,SSG-LUGIA-P,3332201,3350800
NC_002516.2,SSG-LUGIA-P,3519101,3548600
NC_002516.2,SSG-LUGIA-P,3963801,3985400
NC_002516.2,SSG-LUGIA-P,4728901,4801400
NC_002516.2,SSG-LUGIA-P,5319601,5341900
NC_002516.2,SSG-LUGIA-P+center,1038951,1078150
NC_002516.2,SSG-LUGIA-P+center,1372551,1386750
NC_002516.2,SSG-LUGIA-P+center,1485251,1508350
NC_002516.2,SSG-LUGIA-P+center,2447651,2462250
NC_002516.2,SSG-LUGIA-P+center,2651251,2687550
NC_002516.2,SSG-LUGIA-P+center,2755051,2780350
NC_002516.2,SSG-LUGIA-P+center,3077751,3103150
NC_002516.2,SSG-LUGIA-P+center,3337151,3355750
NC_002516.2,SSG-LUGIA-P+center,3524051,3553550
NC_002516.2,SSG-LUGIA-P+center,3968751,3990350
NC_002516.2,SSG-LUGIA-P+center,4733851,4806350
NC_002516.2,SSG-LUGIA-P+center,5324551,5346850
NC_002516.2,SSG-LUGIA-F,701201,713600
NC_002516.2,SSG-LUGIA-F,1025501,1074000
NC_002516.2,SSG-LUGIA-F,1360701,1385900
NC_002516.2,SSG-LUGIA-F,1479301,1505600
NC_002516.2,SSG-LUGIA-F,2440501,2460400
NC_002516.2,SSG-LUGIA-F,2646001,2684900
NC_002516.2,SSG-LUGIA-F,2749301,2775700
NC_002516.2,SSG-LUGIA-F,2969701,2992600
NC_002516.2,SSG-LUGIA-F,3072501,3098600
NC_002516.2,SSG-LUGIA-F,3329501,3353700
NC_002516.2,SSG-LUGIA-F,3518801,3549200
NC_002516.2,SSG-LUGIA-F,3961001,3987900
NC_002516.2,SSG-LUGIA-F,4716501,4806300
NC_002516.2,SSG-LUGIA-F,5318401,5345700
NC_002516.2,SSG-LUGIA-F+center,706151,718550
NC_002516.2,SSG-LUGIA-F+center,1030451,1078950
NC_002516.2,SSG-LUGIA-F+center,1365651,1390850
NC_002516.2,SSG-LUGIA-F+center,1484251,1510550
NC_002516.2,SSG-LUGIA-F+center,2445451,2465350
NC_002516.2,SSG-LUGIA-F+center,2650951,2689850
NC_002516.2,SSG-LUGIA-F+center,2754251,2780650
NC_002516.2,SSG-LUGIA-F+center,2974651,2997550
NC_002516.2,SSG-LUGIA-F+center,3077451,3103550
NC_002516.2,SSG-LUGIA-F+center,3334451,3358650
NC_002516.2,SSG-LUGIA-F+center,3523751,3554150
NC_002516.2,SSG-LUGIA-F+center,3965951,3992850
NC_002516.2,SSG-LUGIA-F+center,4721451,4811250
NC_002516.2,SSG-LUGIA-F+center,5323351,5350650
NC_002516.2,SSG-LUGIA-R,36901,73300
NC_002516.2,SSG-LUGIA-R,163801,195500
NC_002516.2,SSG-LUGIA-R,622301,667800
NC_002516.2,SSG-LUGIA-R,675501,719500
NC_002516.2,SSG-LUGIA-R,756401,804000
NC_002516.2,SSG-LUGIA-R,873801,890400
NC_002516.2,SSG-LUGIA-R,897101,907900
NC_002516.2,SSG-LUGIA-R,1000901,1084900
NC_002516.2,SSG-LUGIA-R,1141301,1183600
NC_002516.2,SSG-LUGIA-R,1237401,1254900
NC_002516.2,SSG-LUGIA-R,1310701,1393600
NC_002516.2,SSG-LUGIA-R,1434101,1448600
NC_002516.2,SSG-LUGIA-R,1455701,1530700
NC_002516.2,SSG-LUGIA-R,1579401,1592200
NC_002516.2,SSG-LUGIA-R,1610301,1732900
NC_002516.2,SSG-LUGIA-R,1784701,1795700
NC_002516.2,SSG-LUGIA-R,1830501,1870600
NC_002516.2,SSG-LUGIA-R,1887101,1897800
NC_002516.2,SSG-LUGIA-R,1907101,1972700
NC_002516.2,SSG-LUGIA-R,2062501,2140900
NC_002516.2,SSG-LUGIA-R,2205401,2222600
NC_002516.2,SSG-LUGIA-R,2225701,2248000
NC_002516.2,SSG-LUGIA-R,2285501,2312900
NC_002516.2,SSG-LUGIA-R,2350501,2396300
NC_002516.2,SSG-LUGIA-R,2434601,2469300
NC_002516.2,SSG-LUGIA-R,2513901,2554000
NC_002516.2,SSG-LUGIA-R,2566901,2579500
NC_002516.2,SSG-LUGIA-R,2586001,2606800
NC_002516.2,SSG-LUGIA-R,2645101,2782100
NC_002516.2,SSG-LUGIA-R,2960801,3041200
NC_002516.2,SSG-LUGIA-R,3071401,3102800
NC_002516.2,SSG-LUGIA-R,3317001,3368700
NC_002516.2,SSG-LUGIA-R,3424301,3452300
NC_002516.2,SSG-LUGIA-R,3515701,3552300
NC_002516.2,SSG-LUGIA-R,3664601,3680000
NC_002516.2,SSG-LUGIA-R,3958601,3992700
NC_002516.2,SSG-LUGIA-R,4065901,4086800
NC_002516.2,SSG-LUGIA-R,4304701,4320100
NC_002516.2,SSG-LUGIA-R,4708601,4812300
NC_002516.2,SSG-LUGIA-R,4843401,4861500
NC_002516.2,SSG-LUGIA-R,4936801,4961100
NC_002516.2,SSG-LUGIA-R,5029201,5067200
NC_002516.2,SSG-LUGIA-R,5078201,5098900
NC_002516.2,SSG-LUGIA-R,5311601,5353000
NC_002516.2,SSG-LUGIA-R,5619801,5691500
NC_002516.2,SSG-LUGIA-R,5903101,5936900
NC_002516.2,SSG-LUGIA-R,6242801,6254500
NC_002516.2,SSG-LUGIA-R+center,41851,78250
NC_002516.2,SSG-LUGIA-R+center,168751,200450
NC_002516.2,SSG-LUGIA-R+center,627251,672750
NC_002516.2,SSG-LUGIA-R+center,680451,724450
NC_002516.2,SSG-LUGIA-R+center,761351,808950
NC_002516.2,SSG-LUGIA-R+center,878751,895350
NC_002516.2,SSG-LUGIA-R+center,902051,912850
NC_002516.2,SSG-LUGIA-R+center,1005851,1089850
NC_002516.2,SSG-LUGIA-R+center,1146251,1188550
NC_002516.2,SSG-LUGIA-R+center,1242351,1259850
NC_002516.2,SSG-LUGIA-R+center,1315651,1398550
NC_002516.2,SSG-LUGIA-R+center,1439051,1453550
NC_002516.2,SSG-LUGIA-R+center,1460651,1535650
NC_002516.2,SSG-LUGIA-R+center,1584351,1597150
NC_002516.2,SSG-LUGIA-R+center,1615251,1737850
NC_002516.2,SSG-LUGIA-R+center,1789651,1800650
NC_002516.2,SSG-LUGIA-R+center,1835451,1875550
NC_002516.2,SSG-LUGIA-R+center,1892051,1902750
NC_002516.2,SSG-LUGIA-R+center,1912051,1977650
NC_002516.2,SSG-LUGIA-R+center,2067451,2145850
NC_002516.2,SSG-LUGIA-R+center,2210351,2227550
NC_002516.2,SSG-LUGIA-R+center,2230651,2252950
NC_002516.2,SSG-LUGIA-R+center,2290451,2317850
NC_002516.2,SSG-LUGIA-R+center,2355451,2401250
NC_002516.2,SSG-LUGIA-R+center,2439551,2474250
NC_002516.2,SSG-LUGIA-R+center,2518851,2558950
NC_002516.2,SSG-LUGIA-R+center,2571851,2584450
NC_002516.2,SSG-LUGIA-R+center,2590951,2611750
NC_002516.2,SSG-LUGIA-R+center,2650051,2787050
NC_002516.2,SSG-LUGIA-R+center,2965751,3046150
NC_002516.2,SSG-LUGIA-R+center,3076351,3107750
NC_002516.2,SSG-LUGIA-R+center,3321951,3373650
NC_002516.2,SSG-LUGIA-R+center,3429251,3457250
NC_002516.2,SSG-LUGIA-R+center,3520651,3557250
NC_002516.2,SSG-LUGIA-R+center,3669551,3684950
NC_002516.2,SSG-LUGIA-R+center,3963551,3997650
NC_002516.2,SSG-LUGIA-R+center,4070851,4091750
NC_002516.2,SSG-LUGIA-R+center,4309651,4325050
NC_002516.2,SSG-LUGIA-R+center,4713551,4817250
NC_002516.2,SSG-LUGIA-R+center,4848351,4866450
NC_002516.2,SSG-LUGIA-R+center,4941751,4966050
NC_002516.2,SSG-LUGIA-R+center,5034151,5072150
NC_002516.2,SSG-LUGIA-R+center,5083151,5103850
NC_002516.2,SSG-LUGIA-R+center,5316551,5357950
NC_002516.2,SSG-LUGIA-R+center,5624751,5696450
NC_002516.2,SSG-LUGIA-R+center,5908051,5941850
NC_002516.2,SSG-LUGIA-R+center,6247751,6259450
NC_002655.2,SSG-LUGIA-P,240101,263500
NC_002655.2,SSG-LUGIA-P,575401,606000
NC_002655.2,SSG-LUGIA-P,1097901,1138100
NC_002655.2,SSG-LUGIA-P,1263901,1289800
NC_002655.2,SSG-LUGIA-P,1347201,1380100
NC_002655.2,SSG-LUGIA-P,1493101,1531600
NC_002655.2,SSG-LUGIA-P,1638601,1673600
NC_002655.2,SSG-LUGIA-P,1711001,1738700
NC_002655.2,SSG-LUGIA-P,1893001,1920200
NC_002655.2,SSG-LUGIA-P,2113801,2145300
NC_002655.2,SSG-LUGIA-P,2273701,2313800
NC_002655.2,SSG-LUGIA-P,2735601,2771800
NC_002655.2,SSG-LUGIA-P,2962201,2991700
NC_002655.2,SSG-LUGIA-P,3549601,3571400
NC_002655.2,SSG-LUGIA-P,3770601,3799000
NC_002655.2,SSG-LUGIA-P,4653901,4689700
NC_002655.2,SSG-LUGIA-P+center,245051,268450
NC_002655.2,SSG-LUGIA-P+center,580351,610950
NC_002655.2,SSG-LUGIA-P+center,1102851,1143050
NC_002655.2,SSG-LUGIA-P+center,1268851,1294750
NC_002655.2,SSG-LUGIA-P+center,1352151,1385050
NC_002655.2,SSG-LUGIA-P+center,1498051,1536550
NC_002655.2,SSG-LUGIA-P+center,1643551,1678550
NC_002655.2,SSG-LUGIA-P+center,1715951,1743650
NC_002655.2,SSG-LUGIA-P+center,1897951,1925150
NC_002655.2,SSG-LUGIA-P+center,2118751,2150250
NC_002655.2,SSG-LUGIA-P+center,2278651,2318750
NC_002655.2,SSG-LUGIA-P+center,2740551,2776750
NC_002655.2,SSG-LUGIA-P+center,2967151,2996650
NC_002655.2,SSG-LUGIA-P+center,3554551,3576350
NC_002655.2,SSG-LUGIA-P+center,3775551,3803950
NC_002655.2,SSG-LUGIA-P+center,4658851,4694650
NC_002655.2,SSG-LUGIA-F,228401,270200
NC_002655.2,SSG-LUGIA-F,307701,324700
NC_002655.2,SSG-LUGIA-F,574901,607100
NC_002655.2,SSG-LUGIA-F,896201,923800
NC_002655.2,SSG-LUGIA-F,1061001,1140200
NC_002655.2,SSG-LUGIA-F,1253401,1292100
NC_002655.2,SSG-LUGIA-F,1339101,1381400
NC_002655.2,SSG-LUGIA-F,1427601,1533900
NC_002655.2,SSG-LUGIA-F,1633901,1675300
NC_002655.2,SSG-LUGIA-F,1708701,1740700
NC_002655.2,SSG-LUGIA-F,1871601,1924000
NC_002655.2,SSG-LUGIA-F,2112501,2150800
NC_002655.2,SSG-LUGIA-F,2267501,2314500
NC_002655.2,SSG-LUGIA-F,2732701,2775500
NC_002655.2,SSG-LUGIA-F,2958601,2999800
NC_002655.2,SSG-LUGIA-F,3545901,3572500
NC_002655.2,SSG-LUGIA-F,3770301,3799300
NC_002655.2,SSG-LUGIA-F,4651101,4690400
NC_002655.2,SSG-LUGIA-F,5040301,5057800
NC_002655.2,SSG-LUGIA-F+center,233351,275150
NC_002655.2,SSG-LUGIA-F+center,312651,329650
NC_002655.2,SSG-LUGIA-F+center,579851,612050
NC_002655.2,SSG-LUGIA-F+center,901151,928750
NC_002655.2,SSG-LUGIA-F+center,1065951,1145150
NC_002655.2,SSG-LUGIA-F+center,1258351,1297050
NC_002655.2,SSG-LUGIA-F+center,1344051,1386350
NC_002655.2,SSG-LUGIA-F+center,1432551,1538850
NC_002655.2,SSG-LUGIA-F+center,1638851,1680250
NC_002655.2,SSG-LUGIA-F+center,1713651,1745650
NC_002655.2,SSG-LUGIA-F+center,1876551,1928950
NC_002655.2,SSG-LUGIA-F+center,2117451,2155750
NC_002655.2,SSG-LUGIA-F+center,2272451,2319450
NC_002655.2,SSG-LUGIA-F+center,2737651,2780450
NC_002655.2,SSG-LUGIA-F+center,2963551,3004750
NC_002655.2,SSG-LUGIA-F+center,3550851,3577450
NC_002655.2,SSG-LUGIA-F+center,3775251,3804250
NC_002655.2,SSG-LUGIA-F+center,4656051,4695350
NC_002655.2,SSG-LUGIA-F+center,5045251,5062750
NC_002655.2,SSG-LUGIA-R,218601,275400
NC_002655.2,SSG-LUGIA-R,297901,392700
NC_002655.2,SSG-LUGIA-R,565901,629900
NC_002655.2,SSG-LUGIA-R,887101,926400
NC_002655.2,SSG-LUGIA-R,1051801,1151400
NC_002655.2,SSG-LUGIA-R,1242901,1296300
NC_002655.2,SSG-LUGIA-R,1325801,1385200
NC_002655.2,SSG-LUGIA-R,1407601,1543200
NC_002655.2,SSG-LUGIA-R,1622501,1758300
NC_002655.2,SSG-LUGIA-R,1839801,1927200
NC_002655.2,SSG-LUGIA-R,1959901,1989800
NC_002655.2,SSG-LUGIA-R,2020301,2035700
NC_002655.2,SSG-LUGIA-R,2091601,2163800
NC_002655.2,SSG-LUGIA-R,2265601,2330400
NC_002655.2,SSG-LUGIA-R,2652001,2684700
NC_002655.2,SSG-LUGIA-R,2724801,2870000
NC_002655.2,SSG-LUGIA-R,2908801,3009300
NC_002655.2,SSG-LUGIA-R,3257901,3290400
NC_002655.2,SSG-LUGIA-R,3527501,3574400
NC_002655.2,SSG-LUGIA-R,3769001,3801300
NC_002655.2,SSG-LUGIA-R,3914601,3939000
NC_002655.2,SSG-LUGIA-R,4225101,4249700
NC_002655.2,SSG-LUGIA-R,4566601,4598500
NC_002655.2,SSG-LUGIA-R,4643801,4701900
NC_002655.2,SSG-LUGIA-R,4735901,4761800
NC_002655.2,SSG-LUGIA-R,5035201,5086900
NC_002655.2,SSG-LUGIA-R,5364701,5407300
NC_002655.2,SSG-LUGIA-R+center,223551,280350
NC_002655.2,SSG-LUGIA-R+center,302851,397650
NC_002655.2,SSG-LUGIA-R+center,570851,634850
NC_002655.2,SSG-LUGIA-R+center,892051,931350
NC_002655.2,SSG-LUGIA-R+center,1056751,1156350
NC_002655.2,SSG-LUGIA-R+center,1247851,1301250
NC_002655.2,SSG-LUGIA-R+center,1330751,1390150
NC_002655.2,SSG-LUGIA-R+center,1412551,1548150
NC_002655.2,SSG-LUGIA-R+center,1627451,1763250
NC_002655.2,SSG-LUGIA-R+center,1844751,1932150
NC_002655.2,SSG-LUGIA-R+center,1964851,1994750
NC_002655.2,SSG-LUGIA-R+center,2025251,2040650
NC_002655.2,SSG-LUGIA-R+center,2096551,2168750
NC_002655.2,SSG-LUGIA-R+center,2270551,2335350
NC_002655.2,SSG-LUGIA-R+center,2656951,2689650
NC_002655.2,SSG-LUGIA-R+center,2729751,2874950
NC_002655.2,SSG-LUGIA-R+center,2913751,3014250
NC_002655.2,SSG-LUGIA-R+center,3262851,3295350
NC_002655.2,SSG-LUGIA-R+center,3532451,3579350
NC_002655.2,SSG-LUGIA-R+center,3773951,3806250
NC_002655.2,SSG-LUGIA-R+center,3919551,3943950
NC_002655.2,SSG-LUGIA-R+center,4230051,4254650
NC_002655.2,SSG-LUGIA-R+center,4571551,4603450
NC_002655.2,SSG-LUGIA-R+center,4648751,4706850
NC_002655.2,SSG-LUGIA-R+center,4740851,4766750
NC_002655.2,SSG-LUGIA-R+center,5040151,5091850
NC_002655.2,SSG-LUGIA-R+center,5369651,5412250
NC_002695.1,SSG-LUGIA-P,240501,263400
NC_002695.1,SSG-LUGIA-P,575401,605400
NC_002695.1,SSG-LUGIA-P,1182901,1205100
NC_002695.1,SSG-LUGIA-P,1270801,1295800
NC_002695.1,SSG-LUGIA-P,1409701,1449400
NC_002695.1,SSG-LUGIA-P,1551501,1589300
NC_002695.1,SSG-LUGIA-P,1769401,1803300
NC_002695.1,SSG-LUGIA-P,1928001,1964500
NC_002695.1,SSG-LUGIA-P,2155301,2238000
NC_002695.1,SSG-LUGIA-P,2659801,2696400
NC_002695.1,SSG-LUGIA-P,2891501,2918900
NC_002695.1,SSG-LUGIA-P,3481301,3504200
NC_002695.1,SSG-LUGIA-P,3703201,3731700
NC_002695.1,SSG-LUGIA-P,4585101,4621200
NC_002695.1,SSG-LUGIA-P,5041601,5070900
NC_002695.1,SSG-LUGIA-P+center,245451,268350
NC_002695.1,SSG-LUGIA-P+center,580351,610350
NC_002695.1,SSG-LUGIA-P+center,1187851,1210050
NC_002695.1,SSG-LUGIA-P+center,1275751,1300750
NC_002695.1,SSG-LUGIA-P+center,1414651,1454350
NC_002695.1,SSG-LUGIA-P+center,1556451,1594250
NC_002695.1,SSG-LUGIA-P+center,1774351,1808250
NC_002695.1,SSG-LUGIA-P+center,1932951,1969450
NC_002695.1,SSG-LUGIA-P+center,2160251,2242950
NC_002695.1,SSG-LUGIA-P+center,2664751,2701350
NC_002695.1,SSG-LUGIA-P+center,2896451,2923850
NC_002695.1,SSG-LUGIA-P+center,3486251,3509150
NC_002695.1,SSG-LUGIA-P+center,3708151,3736650
NC_002695.1,SSG-LUGIA-P+center,4590051,4626150
NC_002695.1,SSG-LUGIA-P+center,5046551,5075850
NC_002695.1,SSG-LUGIA-F,227801,270200
NC_002695.1,SSG-LUGIA-F,308101,324400
NC_002695.1,SSG-LUGIA-F,574901,607300
NC_002695.1,SSG-LUGIA-F,894701,921800
NC_002695.1,SSG-LUGIA-F,1166601,1206600
NC_002695.1,SSG-LUGIA-F,1256301,1297400
NC_002695.1,SSG-LUGIA-F,1343401,1451500
NC_002695.1,SSG-LUGIA-F,1545401,1591300
NC_002695.1,SSG-LUGIA-F,1624601,1648800
NC_002695.1,SSG-LUGIA-F,1765101,1810100
NC_002695.1,SSG-LUGIA-F,1922501,1970900
NC_002695.1,SSG-LUGIA-F,2154201,2239200
NC_002695.1,SSG-LUGIA-F,2657501,2698900
NC_002695.1,SSG-LUGIA-F,2887501,2927800
NC_002695.1,SSG-LUGIA-F,3474801,3505200
NC_002695.1,SSG-LUGIA-F,3703001,3732000
NC_002695.1,SSG-LUGIA-F,4583101,4621500
NC_002695.1,SSG-LUGIA-F,5040901,5072000
NC_002695.1,SSG-LUGIA-F+center,232751,275150
NC_002695.1,SSG-LUGIA-F+center,313051,329350
NC_002695.1,SSG-LUGIA-F+center,579851,612250
NC_002695.1,SSG-LUGIA-F+center,899651,926750
NC_002695.1,SSG-LUGIA-F+center,1171551,1211550
NC_002695.1,SSG-LUGIA-F+center,1261251,1302350
NC_002695.1,SSG-LUGIA-F+center,1348351,1456450
NC_002695.1,SSG-LUGIA-F+center,1550351,1596250
NC_002695.1,SSG-LUGIA-F+center,1629551,1653750
NC_002695.1,SSG-LUGIA-F+center,1770051,1815050
NC_002695.1,SSG-LUGIA-F+center,1927451,1975850
NC_002695.1,SSG-LUGIA-F+center,2159151,2244150
NC_002695.1,SSG-LUGIA-F+center,2662451,2703850
NC_002695.1,SSG-LUGIA-F+center,2892451,2932750
NC_002695.1,SSG-LUGIA-F+center,3479751,3510150
NC_002695.1,SSG-LUGIA-F+center,3707951,3736950
NC_002695.1,SSG-LUGIA-F+center,4588051,4626450
NC_002695.1,SSG-LUGIA-F+center,5045851,5076950
NC_002695.1,SSG-LUGIA-R,10901,21200
NC_002695.1,SSG-LUGIA-R,218701,275300
NC_002695.1,SSG-LUGIA-R,298201,391800
NC_002695.1,SSG-LUGIA-R,565501,629600
NC_002695.1,SSG-LUGIA-R,886301,924600
NC_002695.1,SSG-LUGIA-R,1153801,1211800
NC_002695.1,SSG-LUGIA-R,1241001,1301400
NC_002695.1,SSG-LUGIA-R,1323301,1459000
NC_002695.1,SSG-LUGIA-R,1537401,1661500
NC_002695.1,SSG-LUGIA-R,1748601,1811800
NC_002695.1,SSG-LUGIA-R,1900501,1987300
NC_002695.1,SSG-LUGIA-R,2090401,2118800
NC_002695.1,SSG-LUGIA-R,2150901,2255400
NC_002695.1,SSG-LUGIA-R,2576101,2609100
NC_002695.1,SSG-LUGIA-R,2649201,2800600
NC_002695.1,SSG-LUGIA-R,2838301,2937400
NC_002695.1,SSG-LUGIA-R,3187901,3225300
NC_002695.1,SSG-LUGIA-R,3457401,3507000
NC_002695.1,SSG-LUGIA-R,3701701,3735200
NC_002695.1,SSG-LUGIA-R,3847301,3871600
NC_002695.1,SSG-LUGIA-R,4157001,4182900
NC_002695.1,SSG-LUGIA-R,4500501,4532000
NC_002695.1,SSG-LUGIA-R,4575901,4635700
NC_002695.1,SSG-LUGIA-R,4665501,4694900
NC_002695.1,SSG-LUGIA-R,4966401,5017000
NC_002695.1,SSG-LUGIA-R,5025401,5075700
NC_002695.1,SSG-LUGIA-R,5334801,5377300
NC_002695.1,SSG-LUGIA-R+center,15851,26150
NC_002695.1,SSG-LUGIA-R+center,223651,280250
NC_002695.1,SSG-LUGIA-R+center,303151,396750
NC_002695.1,SSG-LUGIA-R+center,570451,634550
NC_002695.1,SSG-LUGIA-R+center,891251,929550
NC_002695.1,SSG-LUGIA-R+center,1158751,1216750
NC_002695.1,SSG-LUGIA-R+center,1245951,1306350
NC_002695.1,SSG-LUGIA-R+center,1328251,1463950
NC_002695.1,SSG-LUGIA-R+center,1542351,1666450
NC_002695.1,SSG-LUGIA-R+center,1753551,1816750
NC_002695.1,SSG-LUGIA-R+center,1905451,1992250
NC_002695.1,SSG-LUGIA-R+center,2095351,2123750
NC_002695.1,SSG-LUGIA-R+center,2155851,2260350
NC_002695.1,SSG-LUGIA-R+center,2581051,2614050
NC_002695.1,SSG-LUGIA-R+center,2654151,2805550
NC_002695.1,SSG-LUGIA-R+center,2843251,2942350
NC_002695.1,SSG-LUGIA-R+center,3192851,3230250
NC_002695.1,SSG-LUGIA-R+center,3462351,3511950
NC_002695.1,SSG-LUGIA-R+center,3706651,3740150
NC_002695.1,SSG-LUGIA-R+center,3852251,3876550
NC_002695.1,SSG-LUGIA-R+center,4161951,4187850
NC_002695.1,SSG-LUGIA-R+center,4505451,4536950
NC_002695.1,SSG-LUGIA-R+center,4580851,4640650
NC_002695.1,SSG-LUGIA-R+center,4670451,4699850
NC_002695.1,SSG-LUGIA-R+center,4971351,5021950
NC_002695.1,SSG-LUGIA-R+center,5030351,5080650
NC_002695.1,SSG-LUGIA-R+center,5339751,5382250
NC_002758.2,SSG-LUGIA-P,40801,53000
NC_002758.2,SSG-LUGIA-P,428701,485900
NC_002758.2,SSG-LUGIA-P,915801,944500
NC_002758.2,SSG-LUGIA-P,1507801,1538600
NC_002758.2,SSG-LUGIA-P,2086301,2119600
NC_002758.2,SSG-LUGIA-P,2280901,2304200
NC_002758.2,SSG-LUGIA-P,2614601,2635700
NC_002758.2,SSG-LUGIA-P+center,45751,57950
NC_002758.2,SSG-LUGIA-P+center,433651,490850
NC_002758.2,SSG-LUGIA-P+center,920751,949450
NC_002758.2,SSG-LUGIA-P+center,1512751,1543550
NC_002758.2,SSG-LUGIA-P+center,2091251,2124550
NC_002758.2,SSG-LUGIA-P+center,2285851,2309150
NC_002758.2,SSG-LUGIA-P+center,2619551,2640650
NC_002758.2,SSG-LUGIA-F,37301,87300
NC_002758.2,SSG-LUGIA-F,426601,487400
NC_002758.2,SSG-LUGIA-F,611501,621600
NC_002758.2,SSG-LUGIA-F,915001,950500
NC_002758.2,SSG-LUGIA-F,1507501,1539000
NC_002758.2,SSG-LUGIA-F,2083501,2120000
NC_002758.2,SSG-LUGIA-F,2280501,2306500
NC_002758.2,SSG-LUGIA-F,2611001,2640200
NC_002758.2,SSG-LUGIA-F+center,42251,92250
NC_002758.2,SSG-LUGIA-F+center,431551,492350
NC_002758.2,SSG-LUGIA-F+center,616451,626550
NC_002758.2,SSG-LUGIA-F+center,919951,955450
NC_002758.2,SSG-LUGIA-F+center,1512451,1543950
NC_002758.2,SSG-LUGIA-F+center,2088451,2124950
NC_002758.2,SSG-LUGIA-F+center,2285451,2311450
NC_002758.2,SSG-LUGIA-F+center,2615951,2645150
NC_002758.2,SSG-LUGIA-R,18601,102300
NC_002758.2,SSG-LUGIA-R,201801,218300
NC_002758.2,SSG-LUGIA-R,318501,347900
NC_002758.2,SSG-LUGIA-R,402701,538500
NC_002758.2,SSG-LUGIA-R,556201,572200
NC_002758.2,SSG-LUGIA-R,575401,626900
NC_002758.2,SSG-LUGIA-R,681301,701300
NC_002758.2,SSG-LUGIA-R,862501,956800
NC_002758.2,SSG-LUGIA-R,1002701,1030900
NC_002758.2,SSG-LUGIA-R,1188201,1203400
NC_002758.2,SSG-LUGIA-R,1292301,1337000
NC_002758.2,SSG-LUGIA-R,1394601,1410500
NC_002758.2,SSG-LUGIA-R,1414401,1433000
NC_002758.2,SSG-LUGIA-R,1505201,1554500
NC_002758.2,SSG-LUGIA-R,1696001,1706700
NC_002758.2,SSG-LUGIA-R,1722901,1766500
NC_002758.2,SSG-LUGIA-R,1924301,1961500
NC_002758.2,SSG-LUGIA-R,2071801,2140100
NC_002758.2,SSG-LUGIA-R,2273201,2309300
NC_002758.2,SSG-LUGIA-R,2347501,2372400
NC_002758.2,SSG-LUGIA-R,2605601,2645800
NC_002758.2,SSG-LUGIA-R+center,23551,107250
NC_002758.2,SSG-LUGIA-R+center,206751,223250
NC_002758.2,SSG-LUGIA-R+center,323451,352850
NC_002758.2,SSG-LUGIA-R+center,407651,543450
NC_002758.2,SSG-LUGIA-R+center,561151,577150
NC_002758.2,SSG-LUGIA-R+center,580351,631850
NC_002758.2,SSG-LUGIA-R+center,686251,706250
NC_002758.2,SSG-LUGIA-R+center,867451,961750
NC_002758.2,SSG-LUGIA-R+center,1007651,1035850
NC_002758.2,SSG-LUGIA-R+center,1193151,1208350
NC_002758.2,SSG-LUGIA-R+center,1297251,1341950
NC_002758.2,SSG-LUGIA-R+center,1399551,1415450
NC_002758.2,SSG-LUGIA-R+center,1419351,1437950
NC_002758.2,SSG-LUGIA-R+center,1510151,1559450
NC_002758.2,SSG-LUGIA-R+center,1700951,1711650
NC_002758.2,SSG-LUGIA-R+center,1727851,1771450
NC_002758.2,SSG-LUGIA-R+center,1929251,1966450
NC_002758.2,SSG-LUGIA-R+center,2076751,2145050
NC_002758.2,SSG-LUGIA-R+center,2278151,2314250
NC_002758.2,SSG-LUGIA-R+center,2352451,2377350
NC_002758.2,SSG-LUGIA-R+center,2610551,2650750
NC_003047.1,SSG-LUGIA-P,1366001,1383300
NC_003047.1,SSG-LUGIA-P,1453801,1489100
NC_003047.1,SSG-LUGIA-P,2784901,2808800
NC_003047.1,SSG-LUGIA-P,3346901,3438600
NC_003047.1,SSG-LUGIA-P+center,1370951,1388250
NC_003047.1,SSG-LUGIA-P+center,1458751,1494050
NC_003047.1,SSG-LUGIA-P+center,2789851,2813750
NC_003047.1,SSG-LUGIA-P+center,3351851,3443550
NC_003047.1,SSG-LUGIA-F,533801,556800
NC_003047.1,SSG-LUGIA-F,650101,670700
NC_003047.1,SSG-LUGIA-F,1362901,1386200
NC_003047.1,SSG-LUGIA-F,1453501,1492100
NC_003047.1,SSG-LUGIA-F,2778301,2809500
NC_003047.1,SSG-LUGIA-F,3346101,3439700
NC_003047.1,SSG-LUGIA-F,3582001,3600700
NC_003047.1,SSG-LUGIA-F+center,538751,561750
NC_003047.1,SSG-LUGIA-F+center,655051,675650
NC_003047.1,SSG-LUGIA-F+center,1367851,1391150
NC_003047.1,SSG-LUGIA-F+center,1458451,1497050
NC_003047.1,SSG-LUGIA-F+center,2783251,2814450
NC_003047.1,SSG-LUGIA-F+center,3351051,3444650
NC_003047.1,SSG-LUGIA-F+center,3586951,3605650
NC_003047.1,SSG-LUGIA-R,65101,102900
NC_003047.1,SSG-LUGIA-R,209701,228200
NC_003047.1,SSG-LUGIA-R,488601,560600
NC_003047.1,SSG-LUGIA-R,648901,686000
NC_003047.1,SSG-LUGIA-R,693301,754500
NC_003047.1,SSG-LUGIA-R,1068401,1128200
NC_003047.1,SSG-LUGIA-R,1340701,1404800
NC_003047.1,SSG-LUGIA-R,1451501,1505400
NC_003047.1,SSG-LUGIA-R,1550401,1574600
NC_003047.1,SSG-LUGIA-R,1714601,1745200
NC_003047.1,SSG-LUGIA-R,1817901,1865300
NC_003047.1,SSG-LUGIA-R,2157101,2221500
NC_003047.1,SSG-LUGIA-R,2221701,2243300
NC_003047.1,SSG-LUGIA-R,2422001,2494300
NC_003047.1,SSG-LUGIA-R,2648401,2817400
NC_003047.1,SSG-LUGIA-R,3042601,3055100
NC_003047.1,SSG-LUGIA-R,3128001,3163700
NC_003047.1,SSG-LUGIA-R,3189401,3222200
NC_003047.1,SSG-LUGIA-R,3249701,3273000
NC_003047.1,SSG-LUGIA-R,3315901,3330600
NC_003047.1,SSG-LUGIA-R,3340701,3447900
NC_003047.1,SSG-LUGIA-R,3501001,3528000
NC_003047.1,SSG-LUGIA-R,3567201,3603000
NC_003047.1,SSG-LUGIA-R+center,70051,107850
NC_003047.1,SSG-LUGIA-R+center,214651,233150
NC_003047.1,SSG-LUGIA-R+center,493551,565550
NC_003047.1,SSG-LUGIA-R+center,653851,690950
NC_003047.1,SSG-LUGIA-R+center,698251,759450
NC_003047.1,SSG-LUGIA-R+center,1073351,1133150
NC_003047.1,SSG-LUGIA-R+center,1345651,1409750
NC_003047.1,SSG-LUGIA-R+center,1456451,1510350
NC_003047.1,SSG-LUGIA-R+center,1555351,1579550
NC_003047.1,SSG-LUGIA-R+center,1719551,1750150
NC_003047.1,SSG-LUGIA-R+center,1822851,1870250
NC_003047.1,SSG-LUGIA-R+center,2162051,2226450
NC_003047.1,SSG-LUGIA-R+center,2226651,2248250
NC_003047.1,SSG-LUGIA-R+center,2426951,2499250
NC_003047.1,SSG-LUGIA-R+center,2653351,2822350
NC_003047.1,SSG-LUGIA-R+center,3047551,3060050
NC_003047.1,SSG-LUGIA-R+center,3132951,3168650
NC_003047.1,SSG-LUGIA-R+center,3194351,3227150
NC_003047.1,SSG-LUGIA-R+center,3254651,3277950
NC_003047.1,SSG-LUGIA-R+center,3320851,3335550
NC_003047.1,SSG-LUGIA-R+center,3345651,3452850
NC_003047.1,SSG-LUGIA-R+center,3505951,3532950
NC_003047.1,SSG-LUGIA-R+center,3572151,3607950
NC_002944.2,SSG-LUGIA-P,86801,118700
NC_002944.2,SSG-LUGIA-P,223801,240900
NC_002944.2,SSG-LUGIA-P,1291801,1308000
NC_002944.2,SSG-LUGIA-P,2070101,2083300
NC_002944.2,SSG-LUGIA-P,4143601,4208600
NC_002944.2,SSG-LUGIA-P+center,91751,123650
NC_002944.2,SSG-LUGIA-P+center,228751,245850
NC_002944.2,SSG-LUGIA-P+center,1296751,1312950
NC_002944.2,SSG-LUGIA-P+center,2075051,2088250
NC_002944.2,SSG-LUGIA-P+center,4148551,4213550
NC_002944.2,SSG-LUGIA-F,84601,119600
NC_002944.2,SSG-LUGIA-F,220001,246900
NC_002944.2,SSG-LUGIA-F,866101,886300
NC_002944.2,SSG-LUGIA-F,1290901,1309900
NC_002944.2,SSG-LUGIA-F,1866301,1898600
NC_002944.2,SSG-LUGIA-F,2037701,2058700
NC_002944.2,SSG-LUGIA-F,2069301,2086000
NC_002944.2,SSG-LUGIA-F,2739101,2760000
NC_002944.2,SSG-LUGIA-F,4142901,4210600
NC_002944.2,SSG-LUGIA-F,4267701,4288000
NC_002944.2,SSG-LUGIA-F,4477601,4496800
NC_002944.2,SSG-LUGIA-F,4597501,4611700
NC_002944.2,SSG-LUGIA-F+center,89551,124550
NC_002944.2,SSG-LUGIA-F+center,224951,251850
NC_002944.2,SSG-LUGIA-F+center,871051,891250
NC_002944.2,SSG-LUGIA-F+center,1295851,1314850
NC_002944.2,SSG-LUGIA-F+center,1871251,1903550
NC_002944.2,SSG-LUGIA-F+center,2042651,2063650
NC_002944.2,SSG-LUGIA-F+center,2074251,2090950
NC_002944.2,SSG-LUGIA-F+center,2744051,2764950
NC_002944.2,SSG-LUGIA-F+center,4147851,4215550
NC_002944.2,SSG-LUGIA-F+center,4272651,4292950
NC_002944.2,SSG-LUGIA-F+center,4482551,4501750
NC_002944.2,SSG-LUGIA-F+center,4602451,4616650
NC_002944.2,SSG-LUGIA-R,13001,46100
NC_002944.2,SSG-LUGIA-R,69701,120900
NC_002944.2,SSG-LUGIA-R,202801,261400
NC_002944.2,SSG-LUGIA-R,436601,454000
NC_002944.2,SSG-LUGIA-R,768801,808600
NC_002944.2,SSG-LUGIA-R,857301,889300
NC_002944.2,SSG-LUGIA-R,1126501,1175800
NC_002944.2,SSG-LUGIA-R,1276601,1338300
NC_002944.2,SSG-LUGIA-R,1380501,1409700
NC_002944.2,SSG-LUGIA-R,1450101,1478000
NC_002944.2,SSG-LUGIA-R,1513401,1546500
NC_002944.2,SSG-LUGIA-R,1645201,1663000
NC_002944.2,SSG-LUGIA-R,1859001,1916200
NC_002944.2,SSG-LUGIA-R,1957801,2105700
NC_002944.2,SSG-LUGIA-R,2272801,2333500
NC_002944.2,SSG-LUGIA-R,2383901,2457800
NC_002944.2,SSG-LUGIA-R,2470701,2488500
NC_002944.2,SSG-LUGIA-R,2528701,2569700
NC_002944.2,SSG-LUGIA-R,2738801,2765500
NC_002944.2,SSG-LUGIA-R,3246801,3290800
NC_002944.2,SSG-LUGIA-R,3399001,3417900
NC_002944.2,SSG-LUGIA-R,3524801,3565200
NC_002944.2,SSG-LUGIA-R,3646801,3669500
NC_002944.2,SSG-LUGIA-R,3721801,3736900
NC_002944.2,SSG-LUGIA-R,3868901,3892000
NC_002944.2,SSG-LUGIA-R,4141201,4219000
NC_002944.2,SSG-LUGIA-R,4248701,4306800
NC_002944.2,SSG-LUGIA-R,4454601,4510800
NC_002944.2,SSG-LUGIA-R,4541401,4660100
NC_002944.2,SSG-LUGIA-R,4678801,4741600
NC_002944.2,SSG-LUGIA-R+center,17951,51050
NC_002944.2,SSG-LUGIA-R+center,74651,125850
NC_002944.2,SSG-LUGIA-R+center,207751,266350
NC_002944.2,SSG-LUGIA-R+center,441551,458950
NC_002944.2,SSG-LUGIA-R+center,773751,813550
NC_002944.2,SSG-LUGIA-R+center,862251,894250
NC_002944.2,SSG-LUGIA-R+center,1131451,1180750
NC_002944.2,SSG-LUGIA-R+center,1281551,1343250
NC_002944.2,SSG-LUGIA-R+center,1385451,1414650
NC_002944.2,SSG-LUGIA-R+center,1455051,1482950
NC_002944.2,SSG-LUGIA-R+center,1518351,1551450
NC_002944.2,SSG-LUGIA-R+center,1650151,1667950
NC_002944.2,SSG-LUGIA-R+center,1863951,1921150
NC_002944.2,SSG-LUGIA-R+center,1962751,2110650
NC_002944.2,SSG-LUGIA-R+center,2277751,2338450
NC_002944.2,SSG-LUGIA-R+center,2388851,2462750
NC_002944.2,SSG-LUGIA-R+center,2475651,2493450
NC_002944.2,SSG-LUGIA-R+center,2533651,2574650
NC_002944.2,SSG-LUGIA-R+center,2743751,2770450
NC_002944.2,SSG-LUGIA-R+center,3251751,3295750
NC_002944.2,SSG-LUGIA-R+center,3403951,3422850
NC_002944.2,SSG-LUGIA-R+center,3529751,3570150
NC_002944.2,SSG-LUGIA-R+center,3651751,3674450
NC_002944.2,SSG-LUGIA-R+center,3726751,3741850
NC_002944.2,SSG-LUGIA-R+center,3873851,3896950
NC_002944.2,SSG-LUGIA-R+center,4146151,4223950
NC_002944.2,SSG-LUGIA-R+center,4253651,4311750
NC_002944.2,SSG-LUGIA-R+center,4459551,4515750
NC_002944.2,SSG-LUGIA-R+center,4546351,4665050
NC_002944.2,SSG-LUGIA-R+center,4683751,4746550
NC_002947.3,SSG-LUGIA-P,6201,51600
NC_002947.3,SSG-LUGIA-P,171601,221400
NC_002947.3,SSG-LUGIA-P,517301,559100
NC_002947.3,SSG-LUGIA-P,920101,943500
NC_002947.3,SSG-LUGIA-P,1975401,2024500
NC_002947.3,SSG-LUGIA-P,2147201,2224200
NC_002947.3,SSG-LUGIA-P,2582401,2627800
NC_002947.3,SSG-LUGIA-P,3488401,3516900
NC_002947.3,SSG-LUGIA-P,4167601,4228600
NC_002947.3,SSG-LUGIA-P,4475801,4497800
NC_002947.3,SSG-LUGIA-P,4607001,4629200
NC_002947.3,SSG-LUGIA-P,4994101,5073200
NC_002947.3,SSG-LUGIA-P,6140401,6169200
NC_002947.3,SSG-LUGIA-P+center,11151,56550
NC_002947.3,SSG-LUGIA-P+center,176551,226350
NC_002947.3,SSG-LUGIA-P+center,522251,564050
NC_002947.3,SSG-LUGIA-P+center,925051,948450
NC_002947.3,SSG-LUGIA-P+center,1980351,2029450
NC_002947.3,SSG-LUGIA-P+center,2152151,2229150
NC_002947.3,SSG-LUGIA-P+center,2587351,2632750
NC_002947.3,SSG-LUGIA-P+center,3493351,3521850
NC_002947.3,SSG-LUGIA-P+center,4172551,4233550
NC_002947.3,SSG-LUGIA-P+center,4480751,4502750
NC_002947.3,SSG-LUGIA-P+center,4611951,4634150
NC_002947.3,SSG-LUGIA-P+center,4999051,5078150
NC_002947.3,SSG-LUGIA-P+center,6145351,6174150
NC_002947.3,SSG-LUGIA-F,5501,53800
NC_002947.3,SSG-LUGIA-F,159101,223700
NC_002947.3,SSG-LUGIA-F,517101,559900
NC_002947.3,SSG-LUGIA-F,919501,946000
NC_002947.3,SSG-LUGIA-F,1970701,2030300
NC_002947.3,SSG-LUGIA-F,2136001,2224600
NC_002947.3,SSG-LUGIA-F,2581501,2628200
NC_002947.3,SSG-LUGIA-F,2816401,2835800
NC_002947.3,SSG-LUGIA-F,3404401,3438000
NC_002947.3,SSG-LUGIA-F,3481001,3519300
NC_002947.3,SSG-LUGIA-F,4167101,4228900
NC_002947.3,SSG-LUGIA-F,4472101,4498500
NC_002947.3,SSG-LUGIA-F,4597701,4629800
NC_002947.3,SSG-LUGIA-F,4816201,4828900
NC_002947.3,SSG-LUGIA-F,4993901,5073900
NC_002947.3,SSG-LUGIA-F,6137601,6170300
NC_002947.3,SSG-LUGIA-F+center,10451,58750
NC_002947.3,SSG-LUGIA-F+center,164051,228650
NC_002947.3,SSG-LUGIA-F+center,522051,564850
NC_002947.3,SSG-LUGIA-F+center,924451,950950
NC_002947.3,SSG-LUGIA-F+center,1975651,2035250
NC_002947.3,SSG-LUGIA-F+center,2140951,2229550
NC_002947.3,SSG-LUGIA-F+center,2586451,2633150
NC_002947.3,SSG-LUGIA-F+center,2821351,2840750
NC_002947.3,SSG-LUGIA-F+center,3409351,3442950
NC_002947.3,SSG-LUGIA-F+center,3485951,3524250
NC_002947.3,SSG-LUGIA-F+center,4172051,4233850
NC_002947.3,SSG-LUGIA-F+center,4477051,4503450
NC_002947.3,SSG-LUGIA-F+center,4602651,4634750
NC_002947.3,SSG-LUGIA-F+center,4821151,4833850
NC_002947.3,SSG-LUGIA-F+center,4998851,5078850
NC_002947.3,SSG-LUGIA-F+center,6142551,6175250
NC_002947.3,SSG-LUGIA-R,3301,58100
NC_002947.3,SSG-LUGIA-R,151101,240600
NC_002947.3,SSG-LUGIA-R,515401,564200
NC_002947.3,SSG-LUGIA-R,689201,709600
NC_002947.3,SSG-LUGIA-R,738001,761200
NC_002947.3,SSG-LUGIA-R,906501,990200
NC_002947.3,SSG-LUGIA-R,1306401,1317600
NC_002947.3,SSG-LUGIA-R,1732301,1806500
NC_002947.3,SSG-LUGIA-R,1851901,1867300
NC_002947.3,SSG-LUGIA-R,1965901,2038100
NC_002947.3,SSG-LUGIA-R,2115701,2226200
NC_002947.3,SSG-LUGIA-R,2284601,2306800
NC_002947.3,SSG-LUGIA-R,2523701,2548400
NC_002947.3,SSG-LUGIA-R,2579001,2635100
NC_002947.3,SSG-LUGIA-R,2809101,2853600
NC_002947.3,SSG-LUGIA-R,2971001,2983700
NC_002947.3,SSG-LUGIA-R,2985501,3028700
NC_002947.3,SSG-LUGIA-R,3127101,3154800
NC_002947.3,SSG-LUGIA-R,3351001,3537400
NC_002947.3,SSG-LUGIA-R,3712401,3759100
NC_002947.3,SSG-LUGIA-R,3933701,3952200
NC_002947.3,SSG-LUGIA-R,4074801,4112700
NC_002947.3,SSG-LUGIA-R,4160001,4242100
NC_002947.3,SSG-LUGIA-R,4286701,4319600
NC_002947.3,SSG-LUGIA-R,4358701,4421600
NC_002947.3,SSG-LUGIA-R,4464401,4515100
NC_002947.3,SSG-LUGIA-R,4590201,4687500
NC_002947.3,SSG-LUGIA-R,4734701,4852800
NC_002947.3,SSG-LUGIA-R,4864801,4882700
NC_002947.3,SSG-LUGIA-R,4887201,4900100
NC_002947.3,SSG-LUGIA-R,4910301,5086600
NC_002947.3,SSG-LUGIA-R,5302301,5326700
NC_002947.3,SSG-LUGIA-R,5333101,5410400
NC_002947.3,SSG-LUGIA-R,5485901,5498400
NC_002947.3,SSG-LUGIA-R,5679501,5718500
NC_002947.3,SSG-LUGIA-R,6108901,6171900
NC_002947.3,SSG-LUGIA-R+center,8251,63050
NC_002947.3,SSG-LUGIA-R+center,156051,245550
NC_002947.3,SSG-LUGIA-R+center,520351,569150
NC_002947.3,SSG-LUGIA-R+center,694151,714550
NC_002947.3,SSG-LUGIA-R+center,742951,766150
NC_002947.3,SSG-LUGIA-R+center,911451,995150
NC_002947.3,SSG-LUGIA-R+center,1311351,1322550
NC_002947.3,SSG-LUGIA-R+center,1737251,1811450
NC_002947.3,SSG-LUGIA-R+center,1856851,1872250
NC_002947.3,SSG-LUGIA-R+center,1970851,2043050
NC_002947.3,SSG-LUGIA-R+center,2120651,2231150
NC_002947.3,SSG-LUGIA-R+center,2289551,2311750
NC_002947.3,SSG-LUGIA-R+center,2528651,2553350
NC_002947.3,SSG-LUGIA-R+center,2583951,2640050
NC_002947.3,SSG-LUGIA-R+center,2814051,2858550
NC_002947.3,SSG-LUGIA-R+center,2975951,2988650
NC_002947.3,SSG-LUGIA-R+center,2990451,3033650
NC_002947.3,SSG-LUGIA-R+center,3132051,3159750
NC_002947.3,SSG-LUGIA-R+center,3355951,3542350
NC_002947.3,SSG-LUGIA-R+center,3717351,3764050
NC_002947.3,SSG-LUGIA-R+center,3938651,3957150
NC_002947.3,SSG-LUGIA-R+center,4079751,4117650
NC_002947.3,SSG-LUGIA-R+center,4164951,4247050
NC_002947.3,SSG-LUGIA-R+center,4291651,4324550
NC_002947.3,SSG-LUGIA-R+center,4363651,4426550
NC_002947.3,SSG-LUGIA-R+center,4469351,4520050
NC_002947.3,SSG-LUGIA-R+center,4595151,4692450
NC_002947.3,SSG-LUGIA-R+center,4739651,4857750
NC_002947.3,SSG-LUGIA-R+center,4869751,4887650
NC_002947.3,SSG-LUGIA-R+center,4892151,4905050
NC_002947.3,SSG-LUGIA-R+center,4915251,5091550
NC_002947.3,SSG-LUGIA-R+center,5307251,5331650
NC_002947.3,SSG-LUGIA-R+center,5338051,5415350
NC_002947.3,SSG-LUGIA-R+center,5490851,5503350
NC_002947.3,SSG-LUGIA-R+center,5684451,5723450
NC_002947.3,SSG-LUGIA-R+center,6113851,6176850
NC_003485.1,SSG-LUGIA-P,10701,26900
NC_003485.1,SSG-LUGIA-P,59301,88000
NC_003485.1,SSG-LUGIA-P,298201,324800
NC_003485.1,SSG-LUGIA-P,580501,607800
NC_003485.1,SSG-LUGIA-P,1041601,1075300
NC_003485.1,SSG-LUGIA-P,1450401,1482800
NC_003485.1,SSG-LUGIA-P,1728201,1752600
NC_003485.1,SSG-LUGIA-P+center,15651,31850
NC_003485.1,SSG-LUGIA-P+center,64251,92950
NC_003485.1,SSG-LUGIA-P+center,303151,329750
NC_003485.1,SSG-LUGIA-P+center,585451,612750
NC_003485.1,SSG-LUGIA-P+center,1046551,1080250
NC_003485.1,SSG-LUGIA-P+center,1455351,1487750
NC_003485.1,SSG-LUGIA-P+center,1733151,1757550
NC_003485.1,SSG-LUGIA-F,10101,92100
NC_003485.1,SSG-LUGIA-F,294701,325100
NC_003485.1,SSG-LUGIA-F,476701,497400
NC_003485.1,SSG-LUGIA-F,576701,610900
NC_003485.1,SSG-LUGIA-F,1037701,1077100
NC_003485.1,SSG-LUGIA-F,1206501,1229500
NC_003485.1,SSG-LUGIA-F,1449201,1484200
NC_003485.1,SSG-LUGIA-F,1631701,1647400
NC_003485.1,SSG-LUGIA-F,1726001,1753000
NC_003485.1,SSG-LUGIA-F+center,15051,97050
NC_003485.1,SSG-LUGIA-F+center,299651,330050
NC_003485.1,SSG-LUGIA-F+center,481651,502350
NC_003485.1,SSG-LUGIA-F+center,581651,615850
NC_003485.1,SSG-LUGIA-F+center,1042651,1082050
NC_003485.1,SSG-LUGIA-F+center,1211451,1234450
NC_003485.1,SSG-LUGIA-F+center,1454151,1489150
NC_003485.1,SSG-LUGIA-F+center,1636651,1652350
NC_003485.1,SSG-LUGIA-F+center,1730951,1757950
NC_003485.1,SSG-LUGIA-R,1,103900
NC_003485.1,SSG-LUGIA-R,283901,328300
NC_003485.1,SSG-LUGIA-R,364201,435600
NC_003485.1,SSG-LUGIA-R,471401,501700
NC_003485.1,SSG-LUGIA-R,574601,627600
NC_003485.1,SSG-LUGIA-R,1028001,1089900
NC_003485.1,SSG-LUGIA-R,1200901,1236800
NC_003485.1,SSG-LUGIA-R,1323501,1336300
NC_003485.1,SSG-LUGIA-R,1438501,1493300
NC_003485.1,SSG-LUGIA-R,1616201,1655800
NC_003485.1,SSG-LUGIA-R,1688201,1759500
NC_003485.1,SSG-LUGIA-R+center,4951,108850
NC_003485.1,SSG-LUGIA-R+center,288851,333250
NC_003485.1,SSG-LUGIA-R+center,369151,440550
NC_003485.1,SSG-LUGIA-R+center,476351,506650
NC_003485.1,SSG-LUGIA-R+center,579551,632550
NC_003485.1,SSG-LUGIA-R+center,1032951,1094850
NC_003485.1,SSG-LUGIA-R+center,1205851,1241750
NC_003485.1,SSG-LUGIA-R+center,1328451,1341250
NC_003485.1,SSG-LUGIA-R+center,1443451,1498250
NC_003485.1,SSG-LUGIA-R+center,1621151,1660750
NC_003485.1,SSG-LUGIA-R+center,1693151,1764450
NC_003198.1,SSG-LUGIA-P,299101,353300
NC_003198.1,SSG-LUGIA-P,1536201,1565200
NC_003198.1,SSG-LUGIA-P,1623601,1643900
NC_003198.1,SSG-LUGIA-P,1871401,1928700
NC_003198.1,SSG-LUGIA-P,2860201,2885500
NC_003198.1,SSG-LUGIA-P,3516201,3553300
NC_003198.1,SSG-LUGIA-P,4317001,4341700
NC_003198.1,SSG-LUGIA-P,4400801,4532800
NC_003198.1,SSG-LUGIA-P,4686901,4713200
NC_003198.1,SSG-LUGIA-P+center,304051,358250
NC_003198.1,SSG-LUGIA-P+center,1541151,1570150
NC_003198.1,SSG-LUGIA-P+center,1628551,1648850
NC_003198.1,SSG-LUGIA-P+center,1876351,1933650
NC_003198.1,SSG-LUGIA-P+center,2865151,2890450
NC_003198.1,SSG-LUGIA-P+center,3521151,3558250
NC_003198.1,SSG-LUGIA-P+center,4321951,4346650
NC_003198.1,SSG-LUGIA-P+center,4405751,4537750
NC_003198.1,SSG-LUGIA-P+center,4691851,4718150
NC_003198.1,SSG-LUGIA-F,291501,354800
NC_003198.1,SSG-LUGIA-F,1010701,1046500
NC_003198.1,SSG-LUGIA-F,1535101,1566300
NC_003198.1,SSG-LUGIA-F,1621801,1644600
NC_003198.1,SSG-LUGIA-F,1869901,1929700
NC_003198.1,SSG-LUGIA-F,2111301,2134400
NC_003198.1,SSG-LUGIA-F,2750001,2764700
NC_003198.1,SSG-LUGIA-F,2854601,2892900
NC_003198.1,SSG-LUGIA-F,3035901,3057500
NC_003198.1,SSG-LUGIA-F,3513501,3562800
NC_003198.1,SSG-LUGIA-F,4234801,4249500
NC_003198.1,SSG-LUGIA-F,4316401,4344700
NC_003198.1,SSG-LUGIA-F,4399301,4534500
NC_003198.1,SSG-LUGIA-F,4680101,4715600
NC_003198.1,SSG-LUGIA-F+center,296451,359750
NC_003198.1,SSG-LUGIA-F+center,1015651,1051450
NC_003198.1,SSG-LUGIA-F+center,1540051,1571250
NC_003198.1,SSG-LUGIA-F+center,1626751,1649550
NC_003198.1,SSG-LUGIA-F+center,1874851,1934650
NC_003198.1,SSG-LUGIA-F+center,2116251,2139350
NC_003198.1,SSG-LUGIA-F+center,2754951,2769650
NC_003198.1,SSG-LUGIA-F+center,2859551,2897850
NC_003198.1,SSG-LUGIA-F+center,3040851,3062450
NC_003198.1,SSG-LUGIA-F+center,3518451,3567750
NC_003198.1,SSG-LUGIA-F+center,4239751,4254450
NC_003198.1,SSG-LUGIA-F+center,4321351,4349650
NC_003198.1,SSG-LUGIA-F+center,4404251,4539450
NC_003198.1,SSG-LUGIA-F+center,4685051,4720550
NC_003198.1,SSG-LUGIA-R,3501,16000
NC_003198.1,SSG-LUGIA-R,20001,34400
NC_003198.1,SSG-LUGIA-R,69301,80300
NC_003198.1,SSG-LUGIA-R,210401,225400
NC_003198.1,SSG-LUGIA-R,278301,372800
NC_003198.1,SSG-LUGIA-R,578701,595000
NC_003198.1,SSG-LUGIA-R,609001,623700
NC_003198.1,SSG-LUGIA-R,739201,780400
NC_003198.1,SSG-LUGIA-R,942401,961700
NC_003198.1,SSG-LUGIA-R,989001,1049400
NC_003198.1,SSG-LUGIA-R,1342501,1357100
NC_003198.1,SSG-LUGIA-R,1452801,1468000
NC_003198.1,SSG-LUGIA-R,1526801,1569400
NC_003198.1,SSG-LUGIA-R,1618701,1648600
NC_003198.1,SSG-LUGIA-R,1758101,1796300
NC_003198.1,SSG-LUGIA-R,1862401,1932000
NC_003198.1,SSG-LUGIA-R,2033201,2075400
NC_003198.1,SSG-LUGIA-R,2107801,2202900
NC_003198.1,SSG-LUGIA-R,2287901,2322900
NC_003198.1,SSG-LUGIA-R,2364501,2385700
NC_003198.1,SSG-LUGIA-R,2531801,2549200
NC_003198.1,SSG-LUGIA-R,2575201,2632200
NC_003198.1,SSG-LUGIA-R,2740301,2786200
NC_003198.1,SSG-LUGIA-R,2835001,2899600
NC_003198.1,SSG-LUGIA-R,3033701,3059500
NC_003198.1,SSG-LUGIA-R,3509601,3600400
NC_003198.1,SSG-LUGIA-R,3835701,3852000
NC_003198.1,SSG-LUGIA-R,3864801,3901300
NC_003198.1,SSG-LUGIA-R,4082201,4116500
NC_003198.1,SSG-LUGIA-R,4220601,4257600
NC_003198.1,SSG-LUGIA-R,4314901,4348300
NC_003198.1,SSG-LUGIA-R,4396401,4546600
NC_003198.1,SSG-LUGIA-R,4673901,4730100
NC_003198.1,SSG-LUGIA-R+center,8451,20950
NC_003198.1,SSG-LUGIA-R+center,24951,39350
NC_003198.1,SSG-LUGIA-R+center,74251,85250
NC_003198.1,SSG-LUGIA-R+center,215351,230350
NC_003198.1,SSG-LUGIA-R+center,283251,377750
NC_003198.1,SSG-LUGIA-R+center,583651,599950
NC_003198.1,SSG-LUGIA-R+center,613951,628650
NC_003198.1,SSG-LUGIA-R+center,744151,785350
NC_003198.1,SSG-LUGIA-R+center,947351,966650
NC_003198.1,SSG-LUGIA-R+center,993951,1054350
NC_003198.1,SSG-LUGIA-R+center,1347451,1362050
NC_003198.1,SSG-LUGIA-R+center,1457751,1472950
NC_003198.1,SSG-LUGIA-R+center,1531751,1574350
NC_003198.1,SSG-LUGIA-R+center,1623651,1653550
NC_003198.1,SSG-LUGIA-R+center,1763051,1801250
NC_003198.1,SSG-LUGIA-R+center,1867351,1936950
NC_003198.1,SSG-LUGIA-R+center,2038151,2080350
NC_003198.1,SSG-LUGIA-R+center,2112751,2207850
NC_003198.1,SSG-LUGIA-R+center,2292851,2327850
NC_003198.1,SSG-LUGIA-R+center,2369451,2390650
NC_003198.1,SSG-LUGIA-R+center,2536751,2554150
NC_003198.1,SSG-LUGIA-R+center,2580151,2637150
NC_003198.1,SSG-LUGIA-R+center,2745251,2791150
NC_003198.1,SSG-LUGIA-R+center,2839951,2904550
NC_003198.1,SSG-LUGIA-R+center,3038651,3064450
NC_003198.1,SSG-LUGIA-R+center,3514551,3605350
NC_003198.1,SSG-LUGIA-R+center,3840651,3856950
NC_003198.1,SSG-LUGIA-R+center,3869751,3906250
NC_003198.1,SSG-LUGIA-R+center,4087151,4121450
NC_003198.1,SSG-LUGIA-R+center,4225551,4262550
NC_003198.1,SSG-LUGIA-R+center,4319851,4353250
NC_003198.1,SSG-LUGIA-R+center,4401351,4551550
NC_003198.1,SSG-LUGIA-R+center,4678851,4735050
NC_003197.1,SSG-LUGIA-P,299601,343800
NC_003197.1,SSG-LUGIA-P,965501,997100
NC_003197.1,SSG-LUGIA-P,1095401,1134700
NC_003197.1,SSG-LUGIA-P,1472601,1493400
NC_003197.1,SSG-LUGIA-P,2327401,2351700
NC_003197.1,SSG-LUGIA-P,2723801,2767200
NC_003197.1,SSG-LUGIA-P,2830301,2874800
NC_003197.1,SSG-LUGIA-P,2878901,2900000
NC_003197.1,SSG-LUGIA-P,3004901,3042900
NC_003197.1,SSG-LUGIA-P,3570901,3581500
NC_003197.1,SSG-LUGIA-P,4471301,4499200
NC_003197.1,SSG-LUGIA-P+center,304551,348750
NC_003197.1,SSG-LUGIA-P+center,970451,1002050
NC_003197.1,SSG-LUGIA-P+center,1100351,1139650
NC_003197.1,SSG-LUGIA-P+center,1477551,1498350
NC_003197.1,SSG-LUGIA-P+center,2332351,2356650
NC_003197.1,SSG-LUGIA-P+center,2728751,2772150
NC_003197.1,SSG-LUGIA-P+center,2835251,2879750
NC_003197.1,SSG-LUGIA-P+center,2883851,2904950
NC_003197.1,SSG-LUGIA-P+center,3009851,3047850
NC_003197.1,SSG-LUGIA-P+center,3575851,3586450
NC_003197.1,SSG-LUGIA-P+center,4476251,4504150
NC_003197.1,SSG-LUGIA-F,294501,345600
NC_003197.1,SSG-LUGIA-F,955901,997900
NC_003197.1,SSG-LUGIA-F,1091201,1135300
NC_003197.1,SSG-LUGIA-F,1472001,1494900
NC_003197.1,SSG-LUGIA-F,2161101,2179200
NC_003197.1,SSG-LUGIA-F,2325601,2352300
NC_003197.1,SSG-LUGIA-F,2621201,2651000
NC_003197.1,SSG-LUGIA-F,2723001,2780300
NC_003197.1,SSG-LUGIA-F,2828001,2914300
NC_003197.1,SSG-LUGIA-F,3000101,3045500
NC_003197.1,SSG-LUGIA-F,3568301,3584100
NC_003197.1,SSG-LUGIA-F,4344301,4378400
NC_003197.1,SSG-LUGIA-F,4470501,4499700
NC_003197.1,SSG-LUGIA-F,4731101,4756300
NC_003197.1,SSG-LUGIA-F+center,299451,350550
NC_003197.1,SSG-LUGIA-F+center,960851,1002850
NC_003197.1,SSG-LUGIA-F+center,1096151,1140250
NC_003197.1,SSG-LUGIA-F+center,1476951,1499850
NC_003197.1,SSG-LUGIA-F+center,2166051,2184150
NC_003197.1,SSG-LUGIA-F+center,2330551,2357250
NC_003197.1,SSG-LUGIA-F+center,2626151,2655950
NC_003197.1,SSG-LUGIA-F+center,2727951,2785250
NC_003197.1,SSG-LUGIA-F+center,2832951,2919250
NC_003197.1,SSG-LUGIA-F+center,3005051,3050450
NC_003197.1,SSG-LUGIA-F+center,3573251,3589050
NC_003197.1,SSG-LUGIA-F+center,4349251,4383350
NC_003197.1,SSG-LUGIA-F+center,4475451,4504650
NC_003197.1,SSG-LUGIA-F+center,4736051,4761250
NC_003197.1,SSG-LUGIA-R,3401,16300
NC_003197.1,SSG-LUGIA-R,20001,52500
NC_003197.1,SSG-LUGIA-R,61601,82700
NC_003197.1,SSG-LUGIA-R,127601,137800
NC_003197.1,SSG-LUGIA-R,207701,219900
NC_003197.1,SSG-LUGIA-R,280101,353600
NC_003197.1,SSG-LUGIA-R,372701,388500
NC_003197.1,SSG-LUGIA-R,585901,601300
NC_003197.1,SSG-LUGIA-R,763201,849200
NC_003197.1,SSG-LUGIA-R,937901,999600
NC_003197.1,SSG-LUGIA-R,1024001,1051300
NC_003197.1,SSG-LUGIA-R,1077601,1140100
NC_003197.1,SSG-LUGIA-R,1323401,1340700
NC_003197.1,SSG-LUGIA-R,1388701,1399700
NC_003197.1,SSG-LUGIA-R,1465001,1498000
NC_003197.1,SSG-LUGIA-R,1608601,1642600
NC_003197.1,SSG-LUGIA-R,1939201,1957900
NC_003197.1,SSG-LUGIA-R,2069201,2123100
NC_003197.1,SSG-LUGIA-R,2148201,2235100
NC_003197.1,SSG-LUGIA-R,2322601,2363800
NC_003197.1,SSG-LUGIA-R,2619101,2667700
NC_003197.1,SSG-LUGIA-R,2713701,2787000
NC_003197.1,SSG-LUGIA-R,2823001,2933100
NC_003197.1,SSG-LUGIA-R,2980201,3061800
NC_003197.1,SSG-LUGIA-R,3563101,3594600
NC_003197.1,SSG-LUGIA-R,3721601,3734400
NC_003197.1,SSG-LUGIA-R,3959001,3971200
NC_003197.1,SSG-LUGIA-R,3985801,4004900
NC_003197.1,SSG-LUGIA-R,4047601,4088700
NC_003197.1,SSG-LUGIA-R,4342901,4383300
NC_003197.1,SSG-LUGIA-R,4469701,4507100
NC_003197.1,SSG-LUGIA-R,4563001,4573100
NC_003197.1,SSG-LUGIA-R,4723801,4771600
NC_003197.1,SSG-LUGIA-R+center,8351,21250
NC_003197.1,SSG-LUGIA-R+center,24951,57450
NC_003197.1,SSG-LUGIA-R+center,66551,87650
NC_003197.1,SSG-LUGIA-R+center,132551,142750
NC_003197.1,SSG-LUGIA-R+center,212651,224850
NC_003197.1,SSG-LUGIA-R+center,285051,358550
NC_003197.1,SSG-LUGIA-R+center,377651,393450
NC_003197.1,SSG-LUGIA-R+center,590851,606250
NC_003197.1,SSG-LUGIA-R+center,768151,854150
NC_003197.1,SSG-LUGIA-R+center,942851,1004550
NC_003197.1,SSG-LUGIA-R+center,1028951,1056250
NC_003197.1,SSG-LUGIA-R+center,1082551,1145050
NC_003197.1,SSG-LUGIA-R+center,1328351,1345650
NC_003197.1,SSG-LUGIA-R+center,1393651,1404650
NC_003197.1,SSG-LUGIA-R+center,1469951,1502950
NC_003197.1,SSG-LUGIA-R+center,1613551,1647550
NC_003197.1,SSG-LUGIA-R+center,1944151,1962850
NC_003197.1,SSG-LUGIA-R+center,2074151,2128050
NC_003197.1,SSG-LUGIA-R+center,2153151,2240050
NC_003197.1,SSG-LUGIA-R+center,2327551,2368750
NC_003197.1,SSG-LUGIA-R+center,2624051,2672650
NC_003197.1,SSG-LUGIA-R+center,2718651,2791950
NC_003197.1,SSG-LUGIA-R+center,2827951,2938050
NC_003197.1,SSG-LUGIA-R+center,2985151,3066750
NC_003197.1,SSG-LUGIA-R+center,3568051,3599550
NC_003197.1,SSG-LUGIA-R+center,3726551,3739350
NC_003197.1,SSG-LUGIA-R+center,3963951,3976150
NC_003197.1,SSG-LUGIA-R+center,3990751,4009850
NC_003197.1,SSG-LUGIA-R+center,4052551,4093650
NC_003197.1,SSG-LUGIA-R+center,4347851,4388250
NC_003197.1,SSG-LUGIA-R+center,4474651,4512050
NC_003197.1,SSG-LUGIA-R+center,4567951,4578050
NC_003197.1,SSG-LUGIA-R+center,4728751,4776550
NC_003923.1,SSG-LUGIA-P,544901,558300
NC_003923.1,SSG-LUGIA-P,1435101,1463900
NC_003923.1,SSG-LUGIA-P,1525301,1567300
NC_003923.1,SSG-LUGIA-P,2048801,2081600
NC_003923.1,SSG-LUGIA-P,2231301,2254700
NC_003923.1,SSG-LUGIA-P,2555101,2574400
NC_003923.1,SSG-LUGIA-P+center,549851,563250
NC_003923.1,SSG-LUGIA-P+center,1440051,1468850
NC_003923.1,SSG-LUGIA-P+center,1530251,1572250
NC_003923.1,SSG-LUGIA-P+center,2053751,2086550
NC_003923.1,SSG-LUGIA-P+center,2236251,2259650
NC_003923.1,SSG-LUGIA-P+center,2560051,2579350
NC_003923.1,SSG-LUGIA-F,37001,51200
NC_003923.1,SSG-LUGIA-F,53201,68800
NC_003923.1,SSG-LUGIA-F,421101,448700
NC_003923.1,SSG-LUGIA-F,543901,559500
NC_003923.1,SSG-LUGIA-F,576901,588300
NC_003923.1,SSG-LUGIA-F,1434801,1465500
NC_003923.1,SSG-LUGIA-F,1524701,1568000
NC_003923.1,SSG-LUGIA-F,2046301,2083900
NC_003923.1,SSG-LUGIA-F,2230901,2257500
NC_003923.1,SSG-LUGIA-F,2553801,2575300
NC_003923.1,SSG-LUGIA-F+center,41951,56150
NC_003923.1,SSG-LUGIA-F+center,58151,73750
NC_003923.1,SSG-LUGIA-F+center,426051,453650
NC_003923.1,SSG-LUGIA-F+center,548851,564450
NC_003923.1,SSG-LUGIA-F+center,581851,593250
NC_003923.1,SSG-LUGIA-F+center,1439751,1470450
NC_003923.1,SSG-LUGIA-F+center,1529651,1572950
NC_003923.1,SSG-LUGIA-F+center,2051251,2088850
NC_003923.1,SSG-LUGIA-F+center,2235851,2262450
NC_003923.1,SSG-LUGIA-F+center,2558751,2580250
NC_003923.1,SSG-LUGIA-R,18601,100000
NC_003923.1,SSG-LUGIA-R,181601,195900
NC_003923.1,SSG-LUGIA-R,296101,328000
NC_003923.1,SSG-LUGIA-R,384401,499600
NC_003923.1,SSG-LUGIA-R,517601,593700
NC_003923.1,SSG-LUGIA-R,644001,662900
NC_003923.1,SSG-LUGIA-R,832701,864200
NC_003923.1,SSG-LUGIA-R,926901,954700
NC_003923.1,SSG-LUGIA-R,1215801,1262800
NC_003923.1,SSG-LUGIA-R,1318801,1359200
NC_003923.1,SSG-LUGIA-R,1434001,1469500
NC_003923.1,SSG-LUGIA-R,1520201,1576200
NC_003923.1,SSG-LUGIA-R,1663601,1675700
NC_003923.1,SSG-LUGIA-R,1881401,1925300
NC_003923.1,SSG-LUGIA-R,2033001,2094700
NC_003923.1,SSG-LUGIA-R,2120601,2143500
NC_003923.1,SSG-LUGIA-R,2222501,2264200
NC_003923.1,SSG-LUGIA-R,2549301,2584800
NC_003923.1,SSG-LUGIA-R+center,23551,104950
NC_003923.1,SSG-LUGIA-R+center,186551,200850
NC_003923.1,SSG-LUGIA-R+center,301051,332950
NC_003923.1,SSG-LUGIA-R+center,389351,504550
NC_003923.1,SSG-LUGIA-R+center,522551,598650
NC_003923.1,SSG-LUGIA-R+center,648951,667850
NC_003923.1,SSG-LUGIA-R+center,837651,869150
NC_003923.1,SSG-LUGIA-R+center,931851,959650
NC_003923.1,SSG-LUGIA-R+center,1220751,1267750
NC_003923.1,SSG-LUGIA-R+center,1323751,1364150
NC_003923.1,SSG-LUGIA-R+center,1438951,1474450
NC_003923.1,SSG-LUGIA-R+center,1525151,1581150
NC_003923.1,SSG-LUGIA-R+center,1668551,1680650
NC_003923.1,SSG-LUGIA-R+center,1886351,1930250
NC_003923.1,SSG-LUGIA-R+center,2037951,2099650
NC_003923.1,SSG-LUGIA-R+center,2125551,2148450
NC_003923.1,SSG-LUGIA-R+center,2227451,2269150
NC_003923.1,SSG-LUGIA-R+center,2554251,2589750
NC_003909.8,SSG-LUGIA-P,801,13200
NC_003909.8,SSG-LUGIA-P,75501,193800
NC_003909.8,SSG-LUGIA-P,276501,340500
NC_003909.8,SSG-LUGIA-P,383201,433700
NC_003909.8,SSG-LUGIA-P,1698101,1723900
NC_003909.8,SSG-LUGIA-P,4242501,4274300
NC_003909.8,SSG-LUGIA-P,4976101,4990300
NC_003909.8,SSG-LUGIA-P+center,5751,18150
NC_003909.8,SSG-LUGIA-P+center,80451,198750
NC_003909.8,SSG-LUGIA-P+center,281451,345450
NC_003909.8,SSG-LUGIA-P+center,388151,438650
NC_003909.8,SSG-LUGIA-P+center,1703051,1728850
NC_003909.8,SSG-LUGIA-P+center,4247451,4279250
NC_003909.8,SSG-LUGIA-P+center,4981051,4995250
NC_003909.8,SSG-LUGIA-F,301,13400
NC_003909.8,SSG-LUGIA-F,66701,194200
NC_003909.8,SSG-LUGIA-F,271601,340900
NC_003909.8,SSG-LUGIA-F,382601,434300
NC_003909.8,SSG-LUGIA-F,796201,837700
NC_003909.8,SSG-LUGIA-F,1125501,1136000
NC_003909.8,SSG-LUGIA-F,1693701,1726900
NC_003909.8,SSG-LUGIA-F,3605801,3634500
NC_003909.8,SSG-LUGIA-F,4241201,4276300
NC_003909.8,SSG-LUGIA-F,4916501,4930200
NC_003909.8,SSG-LUGIA-F,4950101,4991700
NC_003909.8,SSG-LUGIA-F+center,5251,18350
NC_003909.8,SSG-LUGIA-F+center,71651,199150
NC_003909.8,SSG-LUGIA-F+center,276551,345850
NC_003909.8,SSG-LUGIA-F+center,387551,439250
NC_003909.8,SSG-LUGIA-F+center,801151,842650
NC_003909.8,SSG-LUGIA-F+center,1130451,1140950
NC_003909.8,SSG-LUGIA-F+center,1698651,1731850
NC_003909.8,SSG-LUGIA-F+center,3610751,3639450
NC_003909.8,SSG-LUGIA-F+center,4246151,4281250
NC_003909.8,SSG-LUGIA-F+center,4921451,4935150
NC_003909.8,SSG-LUGIA-F+center,4955051,4996650
NC_003909.8,SSG-LUGIA-R,1,13800
NC_003909.8,SSG-LUGIA-R,19901,41500
NC_003909.8,SSG-LUGIA-R,60801,202700
NC_003909.8,SSG-LUGIA-R,259901,351300
NC_003909.8,SSG-LUGIA-R,377201,439300
NC_003909.8,SSG-LUGIA-R,587801,642600
NC_003909.8,SSG-LUGIA-R,779801,853800
NC_003909.8,SSG-LUGIA-R,860201,928400
NC_003909.8,SSG-LUGIA-R,962201,1000900
NC_003909.8,SSG-LUGIA-R,1035401,1057900
NC_003909.8,SSG-LUGIA-R,1094201,1167500
NC_003909.8,SSG-LUGIA-R,1182901,1194000
NC_003909.8,SSG-LUGIA-R,1204201,1273000
NC_003909.8,SSG-LUGIA-R,1274001,1304800
NC_003909.8,SSG-LUGIA-R,1684401,1731200
NC_003909.8,SSG-LUGIA-R,2258201,2303800
NC_003909.8,SSG-LUGIA-R,2317101,2329500
NC_003909.8,SSG-LUGIA-R,2432401,2464900
NC_003909.8,SSG-LUGIA-R,2715101,2727900
NC_003909.8,SSG-LUGIA-R,2791901,2811300
NC_003909.8,SSG-LUGIA-R,2951501,2966700
NC_003909.8,SSG-LUGIA-R,3110401,3131100
NC_003909.8,SSG-LUGIA-R,3581001,3647200
NC_003909.8,SSG-LUGIA-R,3666601,3677400
NC_003909.8,SSG-LUGIA-R,4105701,4130800
NC_003909.8,SSG-LUGIA-R,4216501,4278900
NC_003909.8,SSG-LUGIA-R,4313801,4356900
NC_003909.8,SSG-LUGIA-R,4471701,4507400
NC_003909.8,SSG-LUGIA-R,4624801,4638500
NC_003909.8,SSG-LUGIA-R,4819001,4877700
NC_003909.8,SSG-LUGIA-R,4903701,5020500
NC_003909.8,SSG-LUGIA-R,5049201,5062500
NC_003909.8,SSG-LUGIA-R+center,4951,18750
NC_003909.8,SSG-LUGIA-R+center,24851,46450
NC_003909.8,SSG-LUGIA-R+center,65751,207650
NC_003909.8,SSG-LUGIA-R+center,264851,356250
NC_003909.8,SSG-LUGIA-R+center,382151,444250
NC_003909.8,SSG-LUGIA-R+center,592751,647550
NC_003909.8,SSG-LUGIA-R+center,784751,858750
NC_003909.8,SSG-LUGIA-R+center,865151,933350
NC_003909.8,SSG-LUGIA-R+center,967151,1005850
NC_003909.8,SSG-LUGIA-R+center,1040351,1062850
NC_003909.8,SSG-LUGIA-R+center,1099151,1172450
NC_003909.8,SSG-LUGIA-R+center,1187851,1198950
NC_003909.8,SSG-LUGIA-R+center,1209151,1277950
NC_003909.8,SSG-LUGIA-R+center,1278951,1309750
NC_003909.8,SSG-LUGIA-R+center,1689351,1736150
NC_003909.8,SSG-LUGIA-R+center,2263151,2308750
NC_003909.8,SSG-LUGIA-R+center,2322051,2334450
NC_003909.8,SSG-LUGIA-R+center,2437351,2469850
NC_003909.8,SSG-LUGIA-R+center,2720051,2732850
NC_003909.8,SSG-LUGIA-R+center,2796851,2816250
NC_003909.8,SSG-LUGIA-R+center,2956451,2971650
NC_003909.8,SSG-LUGIA-R+center,3115351,3136050
NC_003909.8,SSG-LUGIA-R+center,3585951,3652150
NC_003909.8,SSG-LUGIA-R+center,3671551,3682350
NC_003909.8,SSG-LUGIA-R+center,4110651,4135750
NC_003909.8,SSG-LUGIA-R+center,4221451,4283850
NC_003909.8,SSG-LUGIA-R+center,4318751,4361850
NC_003909.8,SSG-LUGIA-R+center,4476651,4512350
NC_003909.8,SSG-LUGIA-R+center,4629751,4643450
NC_003909.8,SSG-LUGIA-R+center,4823951,4882650
NC_003909.8,SSG-LUGIA-R+center,4908651,5025450
NC_003909.8,SSG-LUGIA-R+center,5054151,5067450
NC_004070.1,SSG-LUGIA-P,10901,24400
NC_004070.1,SSG-LUGIA-P,60501,87400
NC_004070.1,SSG-LUGIA-P,756301,782600
NC_004070.1,SSG-LUGIA-P,977801,1003900
NC_004070.1,SSG-LUGIA-P,1230901,1261000
NC_004070.1,SSG-LUGIA-P,1316801,1350700
NC_004070.1,SSG-LUGIA-P,1414801,1435800
NC_004070.1,SSG-LUGIA-P,1736401,1759900
NC_004070.1,SSG-LUGIA-P+center,15851,29350
NC_004070.1,SSG-LUGIA-P+center,65451,92350
NC_004070.1,SSG-LUGIA-P+center,761251,787550
NC_004070.1,SSG-LUGIA-P+center,982751,1008850
NC_004070.1,SSG-LUGIA-P+center,1235851,1265950
NC_004070.1,SSG-LUGIA-P+center,1321751,1355650
NC_004070.1,SSG-LUGIA-P+center,1419751,1440750
NC_004070.1,SSG-LUGIA-P+center,1741351,1764850
NC_004070.1,SSG-LUGIA-F,10201,34200
NC_004070.1,SSG-LUGIA-F,51601,91100
NC_004070.1,SSG-LUGIA-F,749201,790100
NC_004070.1,SSG-LUGIA-F,974701,1006600
NC_004070.1,SSG-LUGIA-F,1137801,1159100
NC_004070.1,SSG-LUGIA-F,1229401,1261900
NC_004070.1,SSG-LUGIA-F,1313501,1354100
NC_004070.1,SSG-LUGIA-F,1408401,1441400
NC_004070.1,SSG-LUGIA-F,1734501,1760300
NC_004070.1,SSG-LUGIA-F+center,15151,39150
NC_004070.1,SSG-LUGIA-F+center,56551,96050
NC_004070.1,SSG-LUGIA-F+center,754151,795050
NC_004070.1,SSG-LUGIA-F+center,979651,1011550
NC_004070.1,SSG-LUGIA-F+center,1142751,1164050
NC_004070.1,SSG-LUGIA-F+center,1234351,1266850
NC_004070.1,SSG-LUGIA-F+center,1318451,1359050
NC_004070.1,SSG-LUGIA-F+center,1413351,1446350
NC_004070.1,SSG-LUGIA-F+center,1739451,1765250
NC_004070.1,SSG-LUGIA-R,1,103600
NC_004070.1,SSG-LUGIA-R,338001,357900
NC_004070.1,SSG-LUGIA-R,410101,432000
NC_004070.1,SSG-LUGIA-R,725601,792200
NC_004070.1,SSG-LUGIA-R,970601,1019900
NC_004070.1,SSG-LUGIA-R,1133601,1164400
NC_004070.1,SSG-LUGIA-R,1223201,1273300
NC_004070.1,SSG-LUGIA-R,1300801,1368000
NC_004070.1,SSG-LUGIA-R,1394201,1445400
NC_004070.1,SSG-LUGIA-R,1626001,1665800
NC_004070.1,SSG-LUGIA-R,1704201,1767100
NC_004070.1,SSG-LUGIA-R+center,4951,108550
NC_004070.1,SSG-LUGIA-R+center,342951,362850
NC_004070.1,SSG-LUGIA-R+center,415051,436950
NC_004070.1,SSG-LUGIA-R+center,730551,797150
NC_004070.1,SSG-LUGIA-R+center,975551,1024850
NC_004070.1,SSG-LUGIA-R+center,1138551,1169350
NC_004070.1,SSG-LUGIA-R+center,1228151,1278250
NC_004070.1,SSG-LUGIA-R+center,1305751,1372950
NC_004070.1,SSG-LUGIA-R+center,1399151,1450350
NC_004070.1,SSG-LUGIA-R+center,1630951,1670750
NC_004070.1,SSG-LUGIA-R+center,1709151,1772050
NC_003997.3,SSG-LUGIA-P,201,13500
NC_003997.3,SSG-LUGIA-P,67101,154800
NC_003997.3,SSG-LUGIA-P,242901,299100
NC_003997.3,SSG-LUGIA-P,448801,473200
NC_003997.3,SSG-LUGIA-P,532201,549400
NC_003997.3,SSG-LUGIA-P,1510301,1530700
NC_003997.3,SSG-LUGIA-P,1564901,1605900
NC_003997.3,SSG-LUGIA-P,3454001,3500900
NC_003997.3,SSG-LUGIA-P,3749201,3779200
NC_003997.3,SSG-LUGIA-P+center,5151,18450
NC_003997.3,SSG-LUGIA-P+center,72051,159750
NC_003997.3,SSG-LUGIA-P+center,247851,304050
NC_003997.3,SSG-LUGIA-P+center,453751,478150
NC_003997.3,SSG-LUGIA-P+center,537151,554350
NC_003997.3,SSG-LUGIA-P+center,1515251,1535650
NC_003997.3,SSG-LUGIA-P+center,1569851,1610850
NC_003997.3,SSG-LUGIA-P+center,3458951,3505850
NC_003997.3,SSG-LUGIA-P+center,3754151,3784150
NC_003997.3,SSG-LUGIA-F,101,13800
NC_003997.3,SSG-LUGIA-F,65401,159000
NC_003997.3,SSG-LUGIA-F,239501,300300
NC_003997.3,SSG-LUGIA-F,448401,478400
NC_003997.3,SSG-LUGIA-F,531801,551500
NC_003997.3,SSG-LUGIA-F,737401,763600
NC_003997.3,SSG-LUGIA-F,1509501,1531600
NC_003997.3,SSG-LUGIA-F,1564101,1611600
NC_003997.3,SSG-LUGIA-F,2034601,2046300
NC_003997.3,SSG-LUGIA-F,3453601,3501800
NC_003997.3,SSG-LUGIA-F,3623701,3663600
NC_003997.3,SSG-LUGIA-F,3747201,3784400
NC_003997.3,SSG-LUGIA-F+center,5051,18750
NC_003997.3,SSG-LUGIA-F+center,70351,163950
NC_003997.3,SSG-LUGIA-F+center,244451,305250
NC_003997.3,SSG-LUGIA-F+center,453351,483350
NC_003997.3,SSG-LUGIA-F+center,536751,556450
NC_003997.3,SSG-LUGIA-F+center,742351,768550
NC_003997.3,SSG-LUGIA-F+center,1514451,1536550
NC_003997.3,SSG-LUGIA-F+center,1569051,1616550
NC_003997.3,SSG-LUGIA-F+center,2039551,2051250
NC_003997.3,SSG-LUGIA-F+center,3458551,3506750
NC_003997.3,SSG-LUGIA-F+center,3628651,3668550
NC_003997.3,SSG-LUGIA-F+center,3752151,3789350
NC_003997.3,SSG-LUGIA-R,1,14300
NC_003997.3,SSG-LUGIA-R,19301,41800
NC_003997.3,SSG-LUGIA-R,59201,179900
NC_003997.3,SSG-LUGIA-R,225901,309800
NC_003997.3,SSG-LUGIA-R,357901,373300
NC_003997.3,SSG-LUGIA-R,442801,483300
NC_003997.3,SSG-LUGIA-R,522901,571900
NC_003997.3,SSG-LUGIA-R,714101,775100
NC_003997.3,SSG-LUGIA-R,785101,801200
NC_003997.3,SSG-LUGIA-R,806701,832600
NC_003997.3,SSG-LUGIA-R,889701,908400
NC_003997.3,SSG-LUGIA-R,943101,956000
NC_003997.3,SSG-LUGIA-R,976001,992000
NC_003997.3,SSG-LUGIA-R,998001,1015200
NC_003997.3,SSG-LUGIA-R,1025301,1044500
NC_003997.3,SSG-LUGIA-R,1052901,1063200
NC_003997.3,SSG-LUGIA-R,1077701,1148300
NC_003997.3,SSG-LUGIA-R,1342601,1362000
NC_003997.3,SSG-LUGIA-R,1508301,1613600
NC_003997.3,SSG-LUGIA-R,2028601,2065300
NC_003997.3,SSG-LUGIA-R,2158301,2197600
NC_003997.3,SSG-LUGIA-R,2328901,2406800
NC_003997.3,SSG-LUGIA-R,2486701,2501800
NC_003997.3,SSG-LUGIA-R,2504701,2526000
NC_003997.3,SSG-LUGIA-R,2869401,2903900
NC_003997.3,SSG-LUGIA-R,3001401,3038700
NC_003997.3,SSG-LUGIA-R,3450801,3507900
NC_003997.3,SSG-LUGIA-R,3608901,3671300
NC_003997.3,SSG-LUGIA-R,3688201,3701800
NC_003997.3,SSG-LUGIA-R,3742901,3796400
NC_003997.3,SSG-LUGIA-R,4157601,4195000
NC_003997.3,SSG-LUGIA-R,4460401,4472500
NC_003997.3,SSG-LUGIA-R,4491801,4505000
NC_003997.3,SSG-LUGIA-R,4605301,4644700
NC_003997.3,SSG-LUGIA-R,4851601,4880000
NC_003997.3,SSG-LUGIA-R,4949301,5054100
NC_003997.3,SSG-LUGIA-R+center,4951,19250
NC_003997.3,SSG-LUGIA-R+center,24251,46750
NC_003997.3,SSG-LUGIA-R+center,64151,184850
NC_003997.3,SSG-LUGIA-R+center,230851,314750
NC_003997.3,SSG-LUGIA-R+center,362851,378250
NC_003997.3,SSG-LUGIA-R+center,447751,488250
NC_003997.3,SSG-LUGIA-R+center,527851,576850
NC_003997.3,SSG-LUGIA-R+center,719051,780050
NC_003997.3,SSG-LUGIA-R+center,790051,806150
NC_003997.3,SSG-LUGIA-R+center,811651,837550
NC_003997.3,SSG-LUGIA-R+center,894651,913350
NC_003997.3,SSG-LUGIA-R+center,948051,960950
NC_003997.3,SSG-LUGIA-R+center,980951,996950
NC_003997.3,SSG-LUGIA-R+center,1002951,1020150
NC_003997.3,SSG-LUGIA-R+center,1030251,1049450
NC_003997.3,SSG-LUGIA-R+center,1057851,1068150
NC_003997.3,SSG-LUGIA-R+center,1082651,1153250
NC_003997.3,SSG-LUGIA-R+center,1347551,1366950
NC_003997.3,SSG-LUGIA-R+center,1513251,1618550
NC_003997.3,SSG-LUGIA-R+center,2033551,2070250
NC_003997.3,SSG-LUGIA-R+center,2163251,2202550
NC_003997.3,SSG-LUGIA-R+center,2333851,2411750
NC_003997.3,SSG-LUGIA-R+center,2491651,2506750
NC_003997.3,SSG-LUGIA-R+center,2509651,2530950
NC_003997.3,SSG-LUGIA-R+center,2874351,2908850
NC_003997.3,SSG-LUGIA-R+center,3006351,3043650
NC_003997.3,SSG-LUGIA-R+center,3455751,3512850
NC_003997.3,SSG-LUGIA-R+center,3613851,3676250
NC_003997.3,SSG-LUGIA-R+center,3693151,3706750
NC_003997.3,SSG-LUGIA-R+center,3747851,3801350
NC_003997.3,SSG-LUGIA-R+center,4162551,4199950
NC_003997.3,SSG-LUGIA-R+center,4465351,4477450
NC_003997.3,SSG-LUGIA-R+center,4496751,4509950
NC_003997.3,SSG-LUGIA-R+center,4610251,4649650
NC_003997.3,SSG-LUGIA-R+center,4856551,4884950
NC_003997.3,SSG-LUGIA-R+center,4954251,5059050
NC_004116.1,SSG-LUGIA-P,8301,43500
NC_004116.1,SSG-LUGIA-P,52301,95700
NC_004116.1,SSG-LUGIA-P,560001,599300
NC_004116.1,SSG-LUGIA-P,1276701,1303800
NC_004116.1,SSG-LUGIA-P,1826701,1857400
NC_004116.1,SSG-LUGIA-P,1966801,2002100
NC_004116.1,SSG-LUGIA-P+center,13251,48450
NC_004116.1,SSG-LUGIA-P+center,57251,100650
NC_004116.1,SSG-LUGIA-P+center,564951,604250
NC_004116.1,SSG-LUGIA-P+center,1281651,1308750
NC_004116.1,SSG-LUGIA-P+center,1831651,1862350
NC_004116.1,SSG-LUGIA-P+center,1971751,2007050
NC_004116.1,SSG-LUGIA-F,7401,96300
NC_004116.1,SSG-LUGIA-F,161601,178600
NC_004116.1,SSG-LUGIA-F,238801,263600
NC_004116.1,SSG-LUGIA-F,558901,603400
NC_004116.1,SSG-LUGIA-F,1273701,1309200
NC_004116.1,SSG-LUGIA-F,1825801,1858600
NC_004116.1,SSG-LUGIA-F,1957201,2009900
NC_004116.1,SSG-LUGIA-F+center,12351,101250
NC_004116.1,SSG-LUGIA-F+center,166551,183550
NC_004116.1,SSG-LUGIA-F+center,243751,268550
NC_004116.1,SSG-LUGIA-F+center,563851,608350
NC_004116.1,SSG-LUGIA-F+center,1278651,1314150
NC_004116.1,SSG-LUGIA-F+center,1830751,1863550
NC_004116.1,SSG-LUGIA-F+center,1962151,2014850
NC_004116.1,SSG-LUGIA-R,601,99400
NC_004116.1,SSG-LUGIA-R,149401,192400
NC_004116.1,SSG-LUGIA-R,233301,271900
NC_004116.1,SSG-LUGIA-R,336001,406200
NC_004116.1,SSG-LUGIA-R,409101,448800
NC_004116.1,SSG-LUGIA-R,550701,619400
NC_004116.1,SSG-LUGIA-R,630401,663200
NC_004116.1,SSG-LUGIA-R,912101,950400
NC_004116.1,SSG-LUGIA-R,989301,1048500
NC_004116.1,SSG-LUGIA-R,1119301,1135200
NC_004116.1,SSG-LUGIA-R,1145601,1156100
NC_004116.1,SSG-LUGIA-R,1244001,1312100
NC_004116.1,SSG-LUGIA-R,1450801,1479400
NC_004116.1,SSG-LUGIA-R,1816601,1860800
NC_004116.1,SSG-LUGIA-R,1944401,2023800
NC_004116.1,SSG-LUGIA-R,2033901,2044100
NC_004116.1,SSG-LUGIA-R+center,5551,104350
NC_004116.1,SSG-LUGIA-R+center,154351,197350
NC_004116.1,SSG-LUGIA-R+center,238251,276850
NC_004116.1,SSG-LUGIA-R+center,340951,411150
NC_004116.1,SSG-LUGIA-R+center,414051,453750
NC_004116.1,SSG-LUGIA-R+center,555651,624350
NC_004116.1,SSG-LUGIA-R+center,635351,668150
NC_004116.1,SSG-LUGIA-R+center,917051,955350
NC_004116.1,SSG-LUGIA-R+center,994251,1053450
NC_004116.1,SSG-LUGIA-R+center,1124251,1140150
NC_004116.1,SSG-LUGIA-R+center,1150551,1161050
NC_004116.1,SSG-LUGIA-R+center,1248951,1317050
NC_004116.1,SSG-LUGIA-R+center,1455751,1484350
NC_004116.1,SSG-LUGIA-R+center,1821551,1865750
NC_004116.1,SSG-LUGIA-R+center,1949351,2028750
NC_004116.1,SSG-LUGIA-R+center,2038851,2049050
NC_004088.1,SSG-LUGIA-P,264001,290500
NC_004088.1,SSG-LUGIA-P,520001,539000
NC_004088.1,SSG-LUGIA-P,1197501,1218900
NC_004088.1,SSG-LUGIA-P,2416201,2442900
NC_004088.1,SSG-LUGIA-P,2640901,2671200
NC_004088.1,SSG-LUGIA-P,2948901,2990500
NC_004088.1,SSG-LUGIA-P,3679201,3689200
NC_004088.1,SSG-LUGIA-P,3947301,3958200
NC_004088.1,SSG-LUGIA-P,4429401,4451700
NC_004088.1,SSG-LUGIA-P+center,268951,295450
NC_004088.1,SSG-LUGIA-P+center,524951,543950
NC_004088.1,SSG-LUGIA-P+center,1202451,1223850
NC_004088.1,SSG-LUGIA-P+center,2421151,2447850
NC_004088.1,SSG-LUGIA-P+center,2645851,2676150
NC_004088.1,SSG-LUGIA-P+center,2953851,2995450
NC_004088.1,SSG-LUGIA-P+center,3684151,3694150
NC_004088.1,SSG-LUGIA-P+center,3952251,3963150
NC_004088.1,SSG-LUGIA-P+center,4434351,4456650
NC_004088.1,SSG-LUGIA-F,261601,291200
NC_004088.1,SSG-LUGIA-F,518301,552800
NC_004088.1,SSG-LUGIA-F,1196701,1219200
NC_004088.1,SSG-LUGIA-F,1484201,1507100
NC_004088.1,SSG-LUGIA-F,2414701,2444800
NC_004088.1,SSG-LUGIA-F,2640501,2673200
NC_004088.1,SSG-LUGIA-F,2944401,2992300
NC_004088.1,SSG-LUGIA-F,3505901,3528400
NC_004088.1,SSG-LUGIA-F,3674601,3711200
NC_004088.1,SSG-LUGIA-F,3741801,3777700
NC_004088.1,SSG-LUGIA-F,3785701,3805500
NC_004088.1,SSG-LUGIA-F,3945601,3960000
NC_004088.1,SSG-LUGIA-F,4429001,4451900
NC_004088.1,SSG-LUGIA-F+center,266551,296150
NC_004088.1,SSG-LUGIA-F+center,523251,557750
NC_004088.1,SSG-LUGIA-F+center,1201651,1224150
NC_004088.1,SSG-LUGIA-F+center,1489151,1512050
NC_004088.1,SSG-LUGIA-F+center,2419651,2449750
NC_004088.1,SSG-LUGIA-F+center,2645451,2678150
NC_004088.1,SSG-LUGIA-F+center,2949351,2997250
NC_004088.1,SSG-LUGIA-F+center,3510851,3533350
NC_004088.1,SSG-LUGIA-F+center,3679551,3716150
NC_004088.1,SSG-LUGIA-F+center,3746751,3782650
NC_004088.1,SSG-LUGIA-F+center,3790651,3810450
NC_004088.1,SSG-LUGIA-F+center,3950551,3964950
NC_004088.1,SSG-LUGIA-F+center,4433951,4456850
NC_004088.1,SSG-LUGIA-R,4401,16300
NC_004088.1,SSG-LUGIA-R,18701,39300
NC_004088.1,SSG-LUGIA-R,184701,200300
NC_004088.1,SSG-LUGIA-R,252901,292900
NC_004088.1,SSG-LUGIA-R,469301,491800
NC_004088.1,SSG-LUGIA-R,497601,563400
NC_004088.1,SSG-LUGIA-R,566501,599400
NC_004088.1,SSG-LUGIA-R,757801,796200
NC_004088.1,SSG-LUGIA-R,860201,873300
NC_004088.1,SSG-LUGIA-R,1029601,1045500
NC_004088.1,SSG-LUGIA-R,1051101,1116400
NC_004088.1,SSG-LUGIA-R,1132101,1159600
NC_004088.1,SSG-LUGIA-R,1190601,1234200
NC_004088.1,SSG-LUGIA-R,1259601,1315600
NC_004088.1,SSG-LUGIA-R,1387301,1401400
NC_004088.1,SSG-LUGIA-R,1476601,1527000
NC_004088.1,SSG-LUGIA-R,1812501,1824000
NC_004088.1,SSG-LUGIA-R,1836501,1888700
NC_004088.1,SSG-LUGIA-R,1997501,2040400
NC_004088.1,SSG-LUGIA-R,2045101,2067900
NC_004088.1,SSG-LUGIA-R,2073901,2103800
NC_004088.1,SSG-LUGIA-R,2403601,2448700
NC_004088.1,SSG-LUGIA-R,2548101,2572000
NC_004088.1,SSG-LUGIA-R,2634601,2689500
NC_004088.1,SSG-LUGIA-R,2937101,3017700
NC_004088.1,SSG-LUGIA-R,3055101,3088400
NC_004088.1,SSG-LUGIA-R,3168301,3208000
NC_004088.1,SSG-LUGIA-R,3301901,3410200
NC_004088.1,SSG-LUGIA-R,3488101,3543300
NC_004088.1,SSG-LUGIA-R,3669401,3871400
NC_004088.1,SSG-LUGIA-R,3934601,3968800
NC_004088.1,SSG-LUGIA-R,4216801,4248600
NC_004088.1,SSG-LUGIA-R,4426301,4476000
NC_004088.1,SSG-LUGIA-R,4570201,4590800
NC_004088.1,SSG-LUGIA-R+center,9351,21250
NC_004088.1,SSG-LUGIA-R+center,23651,44250
NC_004088.1,SSG-LUGIA-R+center,189651,205250
NC_004088.1,SSG-LUGIA-R+center,257851,297850
NC_004088.1,SSG-LUGIA-R+center,474251,496750
NC_004088.1,SSG-LUGIA-R+center,502551,568350
NC_004088.1,SSG-LUGIA-R+center,571451,604350
NC_004088.1,SSG-LUGIA-R+center,762751,801150
NC_004088.1,SSG-LUGIA-R+center,865151,878250
NC_004088.1,SSG-LUGIA-R+center,1034551,1050450
NC_004088.1,SSG-LUGIA-R+center,1056051,1121350
NC_004088.1,SSG-LUGIA-R+center,1137051,1164550
NC_004088.1,SSG-LUGIA-R+center,1195551,1239150
NC_004088.1,SSG-LUGIA-R+center,1264551,1320550
NC_004088.1,SSG-LUGIA-R+center,1392251,1406350
NC_004088.1,SSG-LUGIA-R+center,1481551,1531950
NC_004088.1,SSG-LUGIA-R+center,1817451,1828950
NC_004088.1,SSG-LUGIA-R+center,1841451,1893650
NC_004088.1,SSG-LUGIA-R+center,2002451,2045350
NC_004088.1,SSG-LUGIA-R+center,2050051,2072850
NC_004088.1,SSG-LUGIA-R+center,2078851,2108750
NC_004088.1,SSG-LUGIA-R+center,2408551,2453650
NC_004088.1,SSG-LUGIA-R+center,2553051,2576950
NC_004088.1,SSG-LUGIA-R+center,2639551,2694450
NC_004088.1,SSG-LUGIA-R+center,2942051,3022650
NC_004088.1,SSG-LUGIA-R+center,3060051,3093350
NC_004088.1,SSG-LUGIA-R+center,3173251,3212950
NC_004088.1,SSG-LUGIA-R+center,3306851,3415150
NC_004088.1,SSG-LUGIA-R+center,3493051,3548250
NC_004088.1,SSG-LUGIA-R+center,3674351,3876350
NC_004088.1,SSG-LUGIA-R+center,3939551,3973750
NC_004088.1,SSG-LUGIA-R+center,4221751,4253550
NC_004088.1,SSG-LUGIA-R+center,4431251,4480950
NC_004088.1,SSG-LUGIA-R+center,4575151,4595750
NC_004337.1,SSG-LUGIA-P,217101,233000
NC_004337.1,SSG-LUGIA-P,700301,746300
NC_004337.1,SSG-LUGIA-P,1394701,1417000
NC_004337.1,SSG-LUGIA-P,1911301,1935800
NC_004337.1,SSG-LUGIA-P,2033901,2064500
NC_004337.1,SSG-LUGIA-P,3051301,3101100
NC_004337.1,SSG-LUGIA-P,3412001,3425800
NC_004337.1,SSG-LUGIA-P,4179401,4213800
NC_004337.1,SSG-LUGIA-P+center,222051,237950
NC_004337.1,SSG-LUGIA-P+center,705251,751250
NC_004337.1,SSG-LUGIA-P+center,1399651,1421950
NC_004337.1,SSG-LUGIA-P+center,1916251,1940750
NC_004337.1,SSG-LUGIA-P+center,2038851,2069450
NC_004337.1,SSG-LUGIA-P+center,3056251,3106050
NC_004337.1,SSG-LUGIA-P+center,3416951,3430750
NC_004337.1,SSG-LUGIA-P+center,4184351,4218750
NC_004337.1,SSG-LUGIA-F,215001,236200
NC_004337.1,SSG-LUGIA-F,694601,746700
NC_004337.1,SSG-LUGIA-F,894101,918900
NC_004337.1,SSG-LUGIA-F,1389301,1420500
NC_004337.1,SSG-LUGIA-F,1910801,1938100
NC_004337.1,SSG-LUGIA-F,2031001,2077000
NC_004337.1,SSG-LUGIA-F,2104001,2120500
NC_004337.1,SSG-LUGIA-F,3050901,3103700
NC_004337.1,SSG-LUGIA-F,3410501,3428400
NC_004337.1,SSG-LUGIA-F,3804201,3829800
NC_004337.1,SSG-LUGIA-F,4179101,4214800
NC_004337.1,SSG-LUGIA-F+center,219951,241150
NC_004337.1,SSG-LUGIA-F+center,699551,751650
NC_004337.1,SSG-LUGIA-F+center,899051,923850
NC_004337.1,SSG-LUGIA-F+center,1394251,1425450
NC_004337.1,SSG-LUGIA-F+center,1915751,1943050
NC_004337.1,SSG-LUGIA-F+center,2035951,2081950
NC_004337.1,SSG-LUGIA-F+center,2108951,2125450
NC_004337.1,SSG-LUGIA-F+center,3055851,3108650
NC_004337.1,SSG-LUGIA-F+center,3415451,3433350
NC_004337.1,SSG-LUGIA-F+center,3809151,3834750
NC_004337.1,SSG-LUGIA-F+center,4184051,4219750
NC_004337.1,SSG-LUGIA-R,61201,88900
NC_004337.1,SSG-LUGIA-R,95801,112100
NC_004337.1,SSG-LUGIA-R,129401,145000
NC_004337.1,SSG-LUGIA-R,205801,280000
NC_004337.1,SSG-LUGIA-R,286401,336500
NC_004337.1,SSG-LUGIA-R,368301,413500
NC_004337.1,SSG-LUGIA-R,508101,545200
NC_004337.1,SSG-LUGIA-R,567501,607300
NC_004337.1,SSG-LUGIA-R,686701,748500
NC_004337.1,SSG-LUGIA-R,822101,833200
NC_004337.1,SSG-LUGIA-R,882801,959100
NC_004337.1,SSG-LUGIA-R,1073001,1120400
NC_004337.1,SSG-LUGIA-R,1176901,1197400
NC_004337.1,SSG-LUGIA-R,1366301,1428900
NC_004337.1,SSG-LUGIA-R,1524101,1564800
NC_004337.1,SSG-LUGIA-R,1732901,1756900
NC_004337.1,SSG-LUGIA-R,1791001,1814300
NC_004337.1,SSG-LUGIA-R,1820301,1831100
NC_004337.1,SSG-LUGIA-R,1851701,1866100
NC_004337.1,SSG-LUGIA-R,1909301,1955300
NC_004337.1,SSG-LUGIA-R,2017601,2126000
NC_004337.1,SSG-LUGIA-R,2160101,2223300
NC_004337.1,SSG-LUGIA-R,2465501,2509700
NC_004337.1,SSG-LUGIA-R,3045501,3111100
NC_004337.1,SSG-LUGIA-R,3406001,3446000
NC_004337.1,SSG-LUGIA-R,3572201,3599200
NC_004337.1,SSG-LUGIA-R,3797401,3838900
NC_004337.1,SSG-LUGIA-R,3892401,3953300
NC_004337.1,SSG-LUGIA-R,3955601,3971400
NC_004337.1,SSG-LUGIA-R,4175201,4225300
NC_004337.1,SSG-LUGIA-R,4364301,4402600
NC_004337.1,SSG-LUGIA-R,4513201,4524000
NC_004337.1,SSG-LUGIA-R+center,66151,93850
NC_004337.1,SSG-LUGIA-R+center,100751,117050
NC_004337.1,SSG-LUGIA-R+center,134351,149950
NC_004337.1,SSG-LUGIA-R+center,210751,284950
NC_004337.1,SSG-LUGIA-R+center,291351,341450
NC_004337.1,SSG-LUGIA-R+center,373251,418450
NC_004337.1,SSG-LUGIA-R+center,513051,550150
NC_004337.1,SSG-LUGIA-R+center,572451,612250
NC_004337.1,SSG-LUGIA-R+center,691651,753450
NC_004337.1,SSG-LUGIA-R+center,827051,838150
NC_004337.1,SSG-LUGIA-R+center,887751,964050
NC_004337.1,SSG-LUGIA-R+center,1077951,1125350
NC_004337.1,SSG-LUGIA-R+center,1181851,1202350
NC_004337.1,SSG-LUGIA-R+center,1371251,1433850
NC_004337.1,SSG-LUGIA-R+center,1529051,1569750
NC_004337.1,SSG-LUGIA-R+center,1737851,1761850
NC_004337.1,SSG-LUGIA-R+center,1795951,1819250
NC_004337.1,SSG-LUGIA-R+center,1825251,1836050
NC_004337.1,SSG-LUGIA-R+center,1856651,1871050
NC_004337.1,SSG-LUGIA-R+center,1914251,1960250
NC_004337.1,SSG-LUGIA-R+center,2022551,2130950
NC_004337.1,SSG-LUGIA-R+center,2165051,2228250
NC_004337.1,SSG-LUGIA-R+center,2470451,2514650
NC_004337.1,SSG-LUGIA-R+center,3050451,3116050
NC_004337.1,SSG-LUGIA-R+center,3410951,3450950
NC_004337.1,SSG-LUGIA-R+center,3577151,3604150
NC_004337.1,SSG-LUGIA-R+center,3802351,3843850
NC_004337.1,SSG-LUGIA-R+center,3897351,3958250
NC_004337.1,SSG-LUGIA-R+center,3960551,3976350
NC_004337.1,SSG-LUGIA-R+center,4180151,4230250
NC_004337.1,SSG-LUGIA-R+center,4369251,4407550
NC_004337.1,SSG-LUGIA-R+center,4518151,4528950
NC_004347.1,SSG-LUGIA-P,196201,267800
NC_004347.1,SSG-LUGIA-P,1033901,1054800
NC_004347.1,SSG-LUGIA-P,2785001,2810900
NC_004347.1,SSG-LUGIA-P,3077801,3111200
NC_004347.1,SSG-LUGIA-P,3302801,3328400
NC_004347.1,SSG-LUGIA-P,4300301,4322100
NC_004347.1,SSG-LUGIA-P,4543901,4565600
NC_004347.1,SSG-LUGIA-P,4672201,4702500
NC_004347.1,SSG-LUGIA-P+center,201151,272750
NC_004347.1,SSG-LUGIA-P+center,1038851,1059750
NC_004347.1,SSG-LUGIA-P+center,2789951,2815850
NC_004347.1,SSG-LUGIA-P+center,3082751,3116150
NC_004347.1,SSG-LUGIA-P+center,3307751,3333350
NC_004347.1,SSG-LUGIA-P+center,4305251,4327050
NC_004347.1,SSG-LUGIA-P+center,4548851,4570550
NC_004347.1,SSG-LUGIA-P+center,4677151,4707450
NC_004347.1,SSG-LUGIA-F,188601,269700
NC_004347.1,SSG-LUGIA-F,1030001,1062800
NC_004347.1,SSG-LUGIA-F,1507001,1534400
NC_004347.1,SSG-LUGIA-F,2783801,2811700
NC_004347.1,SSG-LUGIA-F,3072501,3121700
NC_004347.1,SSG-LUGIA-F,3191201,3203200
NC_004347.1,SSG-LUGIA-F,3302601,3332300
NC_004347.1,SSG-LUGIA-F,4299101,4322500
NC_004347.1,SSG-LUGIA-F,4374501,4389700
NC_004347.1,SSG-LUGIA-F,4542101,4568000
NC_004347.1,SSG-LUGIA-F,4671701,4703500
NC_004347.1,SSG-LUGIA-F+center,193551,274650
NC_004347.1,SSG-LUGIA-F+center,1034951,1067750
NC_004347.1,SSG-LUGIA-F+center,1511951,1539350
NC_004347.1,SSG-LUGIA-F+center,2788751,2816650
NC_004347.1,SSG-LUGIA-F+center,3077451,3126650
NC_004347.1,SSG-LUGIA-F+center,3196151,3208150
NC_004347.1,SSG-LUGIA-F+center,3307551,3337250
NC_004347.1,SSG-LUGIA-F+center,4304051,4327450
NC_004347.1,SSG-LUGIA-F+center,4379451,4394650
NC_004347.1,SSG-LUGIA-F+center,4547051,4572950
NC_004347.1,SSG-LUGIA-F+center,4676651,4708450
NC_004347.1,SSG-LUGIA-R,39501,78000
NC_004347.1,SSG-LUGIA-R,85401,96200
NC_004347.1,SSG-LUGIA-R,171401,282400
NC_004347.1,SSG-LUGIA-R,374501,396800
NC_004347.1,SSG-LUGIA-R,430501,460900
NC_004347.1,SSG-LUGIA-R,467101,540300
NC_004347.1,SSG-LUGIA-R,661001,708600
NC_004347.1,SSG-LUGIA-R,849301,862800
NC_004347.1,SSG-LUGIA-R,1027001,1070100
NC_004347.1,SSG-LUGIA-R,1099301,1131800
NC_004347.1,SSG-LUGIA-R,1234001,1269200
NC_004347.1,SSG-LUGIA-R,1439601,1552700
NC_004347.1,SSG-LUGIA-R,1565201,1602400
NC_004347.1,SSG-LUGIA-R,1665501,1685300
NC_004347.1,SSG-LUGIA-R,1758901,1781400
NC_004347.1,SSG-LUGIA-R,1862601,1880300
NC_004347.1,SSG-LUGIA-R,1892801,1932900
NC_004347.1,SSG-LUGIA-R,2027401,2045300
NC_004347.1,SSG-LUGIA-R,2203401,2255000
NC_004347.1,SSG-LUGIA-R,2666801,2688100
NC_004347.1,SSG-LUGIA-R,2781801,2817600
NC_004347.1,SSG-LUGIA-R,2943101,3033500
NC_004347.1,SSG-LUGIA-R,3069801,3128800
NC_004347.1,SSG-LUGIA-R,3176801,3216400
NC_004347.1,SSG-LUGIA-R,3298901,3395200
NC_004347.1,SSG-LUGIA-R,3430501,3465100
NC_004347.1,SSG-LUGIA-R,3655601,3700000
NC_004347.1,SSG-LUGIA-R,4148101,4266400
NC_004347.1,SSG-LUGIA-R,4294501,4323300
NC_004347.1,SSG-LUGIA-R,4367101,4400100
NC_004347.1,SSG-LUGIA-R,4443201,4519100
NC_004347.1,SSG-LUGIA-R,4528801,4580300
NC_004347.1,SSG-LUGIA-R,4663301,4707900
NC_004347.1,SSG-LUGIA-R,4912901,4945900
NC_004347.1,SSG-LUGIA-R,4947301,4959900
NC_004347.1,SSG-LUGIA-R+center,44451,82950
NC_004347.1,SSG-LUGIA-R+center,90351,101150
NC_004347.1,SSG-LUGIA-R+center,176351,287350
NC_004347.1,SSG-LUGIA-R+center,379451,401750
NC_004347.1,SSG-LUGIA-R+center,435451,465850
NC_004347.1,SSG-LUGIA-R+center,472051,545250
NC_004347.1,SSG-LUGIA-R+center,665951,713550
NC_004347.1,SSG-LUGIA-R+center,854251,867750
NC_004347.1,SSG-LUGIA-R+center,1031951,1075050
NC_004347.1,SSG-LUGIA-R+center,1104251,1136750
NC_004347.1,SSG-LUGIA-R+center,1238951,1274150
NC_004347.1,SSG-LUGIA-R+center,1444551,1557650
NC_004347.1,SSG-LUGIA-R+center,1570151,1607350
NC_004347.1,SSG-LUGIA-R+center,1670451,1690250
NC_004347.1,SSG-LUGIA-R+center,1763851,1786350
NC_004347.1,SSG-LUGIA-R+center,1867551,1885250
NC_004347.1,SSG-LUGIA-R+center,1897751,1937850
NC_004347.1,SSG-LUGIA-R+center,2032351,2050250
NC_004347.1,SSG-LUGIA-R+center,2208351,2259950
NC_004347.1,SSG-LUGIA-R+center,2671751,2693050
NC_004347.1,SSG-LUGIA-R+center,2786751,2822550
NC_004347.1,SSG-LUGIA-R+center,2948051,3038450
NC_004347.1,SSG-LUGIA-R+center,3074751,3133750
NC_004347.1,SSG-LUGIA-R+center,3181751,3221350
NC_004347.1,SSG-LUGIA-R+center,3303851,3400150
NC_004347.1,SSG-LUGIA-R+center,3435451,3470050
NC_004347.1,SSG-LUGIA-R+center,3660551,3704950
NC_004347.1,SSG-LUGIA-R+center,4153051,4271350
NC_004347.1,SSG-LUGIA-R+center,4299451,4328250
NC_004347.1,SSG-LUGIA-R+center,4372051,4405050
NC_004347.1,SSG-LUGIA-R+center,4448151,4524050
NC_004347.1,SSG-LUGIA-R+center,4533751,4585250
NC_004347.1,SSG-LUGIA-R+center,4668251,4712850
NC_004347.1,SSG-LUGIA-R+center,4917851,4950850
NC_004347.1,SSG-LUGIA-R+center,4952251,4964850
NC_004368.1,SSG-LUGIA-P,8001,44600
NC_004368.1,SSG-LUGIA-P,51401,95700
NC_004368.1,SSG-LUGIA-P,245301,255500
NC_004368.1,SSG-LUGIA-P,400801,417000
NC_004368.1,SSG-LUGIA-P,726901,743900
NC_004368.1,SSG-LUGIA-P,1166001,1186700
NC_004368.1,SSG-LUGIA-P,1383901,1420400
NC_004368.1,SSG-LUGIA-P,2031201,2046300
NC_004368.1,SSG-LUGIA-P+center,12951,49550
NC_004368.1,SSG-LUGIA-P+center,56351,100650
NC_004368.1,SSG-LUGIA-P+center,250251,260450
NC_004368.1,SSG-LUGIA-P+center,405751,421950
NC_004368.1,SSG-LUGIA-P+center,731851,748850
NC_004368.1,SSG-LUGIA-P+center,1170951,1191650
NC_004368.1,SSG-LUGIA-P+center,1388851,1425350
NC_004368.1,SSG-LUGIA-P+center,2036151,2051250
NC_004368.1,SSG-LUGIA-F,7501,47700
NC_004368.1,SSG-LUGIA-F,48501,95900
NC_004368.1,SSG-LUGIA-F,162201,177600
NC_004368.1,SSG-LUGIA-F,240901,265000
NC_004368.1,SSG-LUGIA-F,391801,423100
NC_004368.1,SSG-LUGIA-F,718301,750500
NC_004368.1,SSG-LUGIA-F,1018001,1048300
NC_004368.1,SSG-LUGIA-F,1162101,1190700
NC_004368.1,SSG-LUGIA-F,1364001,1421500
NC_004368.1,SSG-LUGIA-F,2027001,2049600
NC_004368.1,SSG-LUGIA-F+center,12451,52650
NC_004368.1,SSG-LUGIA-F+center,53451,100850
NC_004368.1,SSG-LUGIA-F+center,167151,182550
NC_004368.1,SSG-LUGIA-F+center,245851,269950
NC_004368.1,SSG-LUGIA-F+center,396751,428050
NC_004368.1,SSG-LUGIA-F+center,723251,755450
NC_004368.1,SSG-LUGIA-F+center,1022951,1053250
NC_004368.1,SSG-LUGIA-F+center,1167051,1195650
NC_004368.1,SSG-LUGIA-F+center,1368951,1426450
NC_004368.1,SSG-LUGIA-F+center,2031951,2054550
NC_004368.1,SSG-LUGIA-R,1801,98300
NC_004368.1,SSG-LUGIA-R,149801,195800
NC_004368.1,SSG-LUGIA-R,219901,270700
NC_004368.1,SSG-LUGIA-R,346601,454800
NC_004368.1,SSG-LUGIA-R,470701,488000
NC_004368.1,SSG-LUGIA-R,706101,763500
NC_004368.1,SSG-LUGIA-R,1011701,1118600
NC_004368.1,SSG-LUGIA-R,1160001,1197000
NC_004368.1,SSG-LUGIA-R,1229301,1239400
NC_004368.1,SSG-LUGIA-R,1251701,1262500
NC_004368.1,SSG-LUGIA-R,1344601,1426200
NC_004368.1,SSG-LUGIA-R,1561601,1595800
NC_004368.1,SSG-LUGIA-R,2019001,2061200
NC_004368.1,SSG-LUGIA-R+center,6751,103250
NC_004368.1,SSG-LUGIA-R+center,154751,200750
NC_004368.1,SSG-LUGIA-R+center,224851,275650
NC_004368.1,SSG-LUGIA-R+center,351551,459750
NC_004368.1,SSG-LUGIA-R+center,475651,492950
NC_004368.1,SSG-LUGIA-R+center,711051,768450
NC_004368.1,SSG-LUGIA-R+center,1016651,1123550
NC_004368.1,SSG-LUGIA-R+center,1164951,1201950
NC_004368.1,SSG-LUGIA-R+center,1234251,1244350
NC_004368.1,SSG-LUGIA-R+center,1256651,1267450
NC_004368.1,SSG-LUGIA-R+center,1349551,1431150
NC_004368.1,SSG-LUGIA-R+center,1566551,1600750
NC_004368.1,SSG-LUGIA-R+center,2023951,2066150
NC_004459.2,SSG-LUGIA-P,348601,388100
NC_004459.2,SSG-LUGIA-P,747201,799000
NC_004459.2,SSG-LUGIA-P,1166701,1187400
NC_004459.2,SSG-LUGIA-P,2014201,2040100
NC_004459.2,SSG-LUGIA-P,2434101,2587600
NC_004459.2,SSG-LUGIA-P+center,353551,393050
NC_004459.2,SSG-LUGIA-P+center,752151,803950
NC_004459.2,SSG-LUGIA-P+center,1171651,1192350
NC_004459.2,SSG-LUGIA-P+center,2019151,2045050
NC_004459.2,SSG-LUGIA-P+center,2439051,2592550
NC_004459.2,SSG-LUGIA-F,347601,388600
NC_004459.2,SSG-LUGIA-F,746701,799500
NC_004459.2,SSG-LUGIA-F,1164701,1189400
NC_004459.2,SSG-LUGIA-F,1669101,1690800
NC_004459.2,SSG-LUGIA-F,1795401,1807000
NC_004459.2,SSG-LUGIA-F,2012201,2042500
NC_004459.2,SSG-LUGIA-F,2432601,2591500
NC_004459.2,SSG-LUGIA-F,3246301,3258300
NC_004459.2,SSG-LUGIA-F+center,352551,393550
NC_004459.2,SSG-LUGIA-F+center,751651,804450
NC_004459.2,SSG-LUGIA-F+center,1169651,1194350
NC_004459.2,SSG-LUGIA-F+center,1674051,1695750
NC_004459.2,SSG-LUGIA-F+center,1800351,1811950
NC_004459.2,SSG-LUGIA-F+center,2017151,2047450
NC_004459.2,SSG-LUGIA-F+center,2437551,2596450
NC_004459.2,SSG-LUGIA-F+center,3251251,3263250
NC_004459.2,SSG-LUGIA-R,1,99100
NC_004459.2,SSG-LUGIA-R,185001,212100
NC_004459.2,SSG-LUGIA-R,341801,417300
NC_004459.2,SSG-LUGIA-R,566301,593700
NC_004459.2,SSG-LUGIA-R,742701,809300
NC_004459.2,SSG-LUGIA-R,851201,872300
NC_004459.2,SSG-LUGIA-R,915901,944500
NC_004459.2,SSG-LUGIA-R,1066001,1080100
NC_004459.2,SSG-LUGIA-R,1152801,1211200
NC_004459.2,SSG-LUGIA-R,1456701,1479400
NC_004459.2,SSG-LUGIA-R,1651501,1694000
NC_004459.2,SSG-LUGIA-R,1716901,1755300
NC_004459.2,SSG-LUGIA-R,1779901,1819800
NC_004459.2,SSG-LUGIA-R,1920101,1936100
NC_004459.2,SSG-LUGIA-R,1993401,2044000
NC_004459.2,SSG-LUGIA-R,2087701,2109700
NC_004459.2,SSG-LUGIA-R,2422801,2600900
NC_004459.2,SSG-LUGIA-R,2641601,2679300
NC_004459.2,SSG-LUGIA-R,2750801,2797400
NC_004459.2,SSG-LUGIA-R,3239801,3272000
NC_004459.2,SSG-LUGIA-R+center,4951,104050
NC_004459.2,SSG-LUGIA-R+center,189951,217050
NC_004459.2,SSG-LUGIA-R+center,346751,422250
NC_004459.2,SSG-LUGIA-R+center,571251,598650
NC_004459.2,SSG-LUGIA-R+center,747651,814250
NC_004459.2,SSG-LUGIA-R+center,856151,877250
NC_004459.2,SSG-LUGIA-R+center,920851,949450
NC_004459.2,SSG-LUGIA-R+center,1070951,1085050
NC_004459.2,SSG-LUGIA-R+center,1157751,1216150
NC_004459.2,SSG-LUGIA-R+center,1461651,1484350
NC_004459.2,SSG-LUGIA-R+center,1656451,1698950
NC_004459.2,SSG-LUGIA-R+center,1721851,1760250
NC_004459.2,SSG-LUGIA-R+center,1784851,1824750
NC_004459.2,SSG-LUGIA-R+center,1925051,1941050
NC_004459.2,SSG-LUGIA-R+center,1998351,2048950
NC_004459.2,SSG-LUGIA-R+center,2092651,2114650
NC_004459.2,SSG-LUGIA-R+center,2427751,2605850
NC_004459.2,SSG-LUGIA-R+center,2646551,2684250
NC_004459.2,SSG-LUGIA-R+center,2755751,2802350
NC_004459.2,SSG-LUGIA-R+center,3244751,3276950
NC_004431.1,SSG-LUGIA-P,240301,255000
NC_004431.1,SSG-LUGIA-P,257401,341800
NC_004431.1,SSG-LUGIA-P,1155101,1234600
NC_004431.1,SSG-LUGIA-P,1335901,1367600
NC_004431.1,SSG-LUGIA-P,1409601,1449900
NC_004431.1,SSG-LUGIA-P,2185001,2240000
NC_004431.1,SSG-LUGIA-P,2322401,2353900
NC_004431.1,SSG-LUGIA-P,2742501,2766600
NC_004431.1,SSG-LUGIA-P,3019201,3051300
NC_004431.1,SSG-LUGIA-P,3219801,3243100
NC_004431.1,SSG-LUGIA-P,3404401,3517500
NC_004431.1,SSG-LUGIA-P,4916501,4956700
NC_004431.1,SSG-LUGIA-P+center,245251,259950
NC_004431.1,SSG-LUGIA-P+center,262351,346750
NC_004431.1,SSG-LUGIA-P+center,1160051,1239550
NC_004431.1,SSG-LUGIA-P+center,1340851,1372550
NC_004431.1,SSG-LUGIA-P+center,1414551,1454850
NC_004431.1,SSG-LUGIA-P+center,2189951,2244950
NC_004431.1,SSG-LUGIA-P+center,2327351,2358850
NC_004431.1,SSG-LUGIA-P+center,2747451,2771550
NC_004431.1,SSG-LUGIA-P+center,3024151,3056250
NC_004431.1,SSG-LUGIA-P+center,3224751,3248050
NC_004431.1,SSG-LUGIA-P+center,3409351,3522450
NC_004431.1,SSG-LUGIA-P+center,4921451,4961650
NC_004431.1,SSG-LUGIA-F,237401,342800
NC_004431.1,SSG-LUGIA-F,1133101,1235700
NC_004431.1,SSG-LUGIA-F,1328401,1372000
NC_004431.1,SSG-LUGIA-F,1389301,1456800
NC_004431.1,SSG-LUGIA-F,2183701,2242700
NC_004431.1,SSG-LUGIA-F,2280001,2363800
NC_004431.1,SSG-LUGIA-F,2741301,2768600
NC_004431.1,SSG-LUGIA-F,3014201,3057300
NC_004431.1,SSG-LUGIA-F,3219001,3243800
NC_004431.1,SSG-LUGIA-F,3402501,3519700
NC_004431.1,SSG-LUGIA-F,4274701,4296800
NC_004431.1,SSG-LUGIA-F,4692201,4723700
NC_004431.1,SSG-LUGIA-F,4914401,4961400
NC_004431.1,SSG-LUGIA-F,5112701,5134400
NC_004431.1,SSG-LUGIA-F+center,242351,347750
NC_004431.1,SSG-LUGIA-F+center,1138051,1240650
NC_004431.1,SSG-LUGIA-F+center,1333351,1376950
NC_004431.1,SSG-LUGIA-F+center,1394251,1461750
NC_004431.1,SSG-LUGIA-F+center,2188651,2247650
NC_004431.1,SSG-LUGIA-F+center,2284951,2368750
NC_004431.1,SSG-LUGIA-F+center,2746251,2773550
NC_004431.1,SSG-LUGIA-F+center,3019151,3062250
NC_004431.1,SSG-LUGIA-F+center,3223951,3248750
NC_004431.1,SSG-LUGIA-F+center,3407451,3524650
NC_004431.1,SSG-LUGIA-F+center,4279651,4301750
NC_004431.1,SSG-LUGIA-F+center,4697151,4728650
NC_004431.1,SSG-LUGIA-F+center,4919351,4966350
NC_004431.1,SSG-LUGIA-F+center,5117651,5139350
NC_004431.1,SSG-LUGIA-R,108101,121300
NC_004431.1,SSG-LUGIA-R,136501,182500
NC_004431.1,SSG-LUGIA-R,226801,421500
NC_004431.1,SSG-LUGIA-R,772401,783700
NC_004431.1,SSG-LUGIA-R,893801,942000
NC_004431.1,SSG-LUGIA-R,1119401,1264100
NC_004431.1,SSG-LUGIA-R,1321501,1467600
NC_004431.1,SSG-LUGIA-R,1514201,1539800
NC_004431.1,SSG-LUGIA-R,1642201,1664300
NC_004431.1,SSG-LUGIA-R,1753701,1788300
NC_004431.1,SSG-LUGIA-R,2171601,2411200
NC_004431.1,SSG-LUGIA-R,2440701,2484900
NC_004431.1,SSG-LUGIA-R,2739501,2773400
NC_004431.1,SSG-LUGIA-R,2892001,2911200
NC_004431.1,SSG-LUGIA-R,2998501,3063700
NC_004431.1,SSG-LUGIA-R,3217601,3259700
NC_004431.1,SSG-LUGIA-R,3401301,3533900
NC_004431.1,SSG-LUGIA-R,3845701,3893100
NC_004431.1,SSG-LUGIA-R,4210601,4222700
NC_004431.1,SSG-LUGIA-R,4266101,4347500
NC_004431.1,SSG-LUGIA-R,4388701,4445700
NC_004431.1,SSG-LUGIA-R,4448501,4460800
NC_004431.1,SSG-LUGIA-R,4515201,4551000
NC_004431.1,SSG-LUGIA-R,4687201,4739300
NC_004431.1,SSG-LUGIA-R,4904901,4975300
NC_004431.1,SSG-LUGIA-R,5106101,5172100
NC_004431.1,SSG-LUGIA-R+center,113051,126250
NC_004431.1,SSG-LUGIA-R+center,141451,187450
NC_004431.1,SSG-LUGIA-R+center,231751,426450
NC_004431.1,SSG-LUGIA-R+center,777351,788650
NC_004431.1,SSG-LUGIA-R+center,898751,946950
NC_004431.1,SSG-LUGIA-R+center,1124351,1269050
NC_004431.1,SSG-LUGIA-R+center,1326451,1472550
NC_004431.1,SSG-LUGIA-R+center,1519151,1544750
NC_004431.1,SSG-LUGIA-R+center,1647151,1669250
NC_004431.1,SSG-LUGIA-R+center,1758651,1793250
NC_004431.1,SSG-LUGIA-R+center,2176551,2416150
NC_004431.1,SSG-LUGIA-R+center,2445651,2489850
NC_004431.1,SSG-LUGIA-R+center,2744451,2778350
NC_004431.1,SSG-LUGIA-R+center,2896951,2916150
NC_004431.1,SSG-LUGIA-R+center,3003451,3068650
NC_004431.1,SSG-LUGIA-R+center,3222551,3264650
NC_004431.1,SSG-LUGIA-R+center,3406251,3538850
NC_004431.1,SSG-LUGIA-R+center,3850651,3898050
NC_004431.1,SSG-LUGIA-R+center,4215551,4227650
NC_004431.1,SSG-LUGIA-R+center,4271051,4352450
NC_004431.1,SSG-LUGIA-R+center,4393651,4450650
NC_004431.1,SSG-LUGIA-R+center,4453451,4465750
NC_004431.1,SSG-LUGIA-R+center,4520151,4555950
NC_004431.1,SSG-LUGIA-R+center,4692151,4744250
NC_004431.1,SSG-LUGIA-R+center,4909851,4980250
NC_004431.1,SSG-LUGIA-R+center,5111051,5177050
NC_004606.1,SSG-LUGIA-P,56301,80500
NC_004606.1,SSG-LUGIA-P,450301,473100
NC_004606.1,SSG-LUGIA-P,534401,572100
NC_004606.1,SSG-LUGIA-P,625801,657000
NC_004606.1,SSG-LUGIA-P,882001,911600
NC_004606.1,SSG-LUGIA-P,1106601,1134600
NC_004606.1,SSG-LUGIA-P,1728401,1753900
NC_004606.1,SSG-LUGIA-P+center,61251,85450
NC_004606.1,SSG-LUGIA-P+center,455251,478050
NC_004606.1,SSG-LUGIA-P+center,539351,577050
NC_004606.1,SSG-LUGIA-P+center,630751,661950
NC_004606.1,SSG-LUGIA-P+center,886951,916550
NC_004606.1,SSG-LUGIA-P+center,1111551,1139550
NC_004606.1,SSG-LUGIA-P+center,1733351,1758850
NC_004606.1,SSG-LUGIA-F,1,30600
NC_004606.1,SSG-LUGIA-F,45301,86600
NC_004606.1,SSG-LUGIA-F,444701,479600
NC_004606.1,SSG-LUGIA-F,529601,574300
NC_004606.1,SSG-LUGIA-F,624101,658500
NC_004606.1,SSG-LUGIA-F,729201,747400
NC_004606.1,SSG-LUGIA-F,877401,916000
NC_004606.1,SSG-LUGIA-F,1105101,1136200
NC_004606.1,SSG-LUGIA-F,1633301,1648600
NC_004606.1,SSG-LUGIA-F,1727301,1754900
NC_004606.1,SSG-LUGIA-F+center,4951,35550
NC_004606.1,SSG-LUGIA-F+center,50251,91550
NC_004606.1,SSG-LUGIA-F+center,449651,484550
NC_004606.1,SSG-LUGIA-F+center,534551,579250
NC_004606.1,SSG-LUGIA-F+center,629051,663450
NC_004606.1,SSG-LUGIA-F+center,734151,752350
NC_004606.1,SSG-LUGIA-F+center,882351,920950
NC_004606.1,SSG-LUGIA-F+center,1110051,1141150
NC_004606.1,SSG-LUGIA-F+center,1638251,1653550
NC_004606.1,SSG-LUGIA-F+center,1732251,1759850
NC_004606.1,SSG-LUGIA-R,1,96300
NC_004606.1,SSG-LUGIA-R,442601,493800
NC_004606.1,SSG-LUGIA-R,519401,589300
NC_004606.1,SSG-LUGIA-R,612501,667100
NC_004606.1,SSG-LUGIA-R,716601,752800
NC_004606.1,SSG-LUGIA-R,866801,919300
NC_004606.1,SSG-LUGIA-R,1098701,1149000
NC_004606.1,SSG-LUGIA-R,1455201,1477900
NC_004606.1,SSG-LUGIA-R,1528001,1563000
NC_004606.1,SSG-LUGIA-R,1620501,1663500
NC_004606.1,SSG-LUGIA-R,1701501,1761100
NC_004606.1,SSG-LUGIA-R+center,4951,101250
NC_004606.1,SSG-LUGIA-R+center,447551,498750
NC_004606.1,SSG-LUGIA-R+center,524351,594250
NC_004606.1,SSG-LUGIA-R+center,617451,672050
NC_004606.1,SSG-LUGIA-R+center,721551,757750
NC_004606.1,SSG-LUGIA-R+center,871751,924250
NC_004606.1,SSG-LUGIA-R+center,1103651,1153950
NC_004606.1,SSG-LUGIA-R+center,1460151,1482850
NC_004606.1,SSG-LUGIA-R+center,1532951,1567950
NC_004606.1,SSG-LUGIA-R+center,1625451,1668450
NC_004606.1,SSG-LUGIA-R+center,1706451,1766050
NC_004603.1,SSG-LUGIA-P,214801,233000
NC_004603.1,SSG-LUGIA-P,247201,258500
NC_004603.1,SSG-LUGIA-P,1116501,1137500
NC_004603.1,SSG-LUGIA-P,1896601,1951000
NC_004603.1,SSG-LUGIA-P,3045501,3134300
NC_004603.1,SSG-LUGIA-P+center,219751,237950
NC_004603.1,SSG-LUGIA-P+center,252151,263450
NC_004603.1,SSG-LUGIA-P+center,1121451,1142450
NC_004603.1,SSG-LUGIA-P+center,1901551,1955950
NC_004603.1,SSG-LUGIA-P+center,3050451,3139250
NC_004603.1,SSG-LUGIA-F,212701,235200
NC_004603.1,SSG-LUGIA-F,244501,262000
NC_004603.1,SSG-LUGIA-F,371701,397100
NC_004603.1,SSG-LUGIA-F,1115901,1138000
NC_004603.1,SSG-LUGIA-F,1668301,1691300
NC_004603.1,SSG-LUGIA-F,1895701,1952700
NC_004603.1,SSG-LUGIA-F,2340501,2352600
NC_004603.1,SSG-LUGIA-F,3040801,3135800
NC_004603.1,SSG-LUGIA-F+center,217651,240150
NC_004603.1,SSG-LUGIA-F+center,249451,266950
NC_004603.1,SSG-LUGIA-F+center,376651,402050
NC_004603.1,SSG-LUGIA-F+center,1120851,1142950
NC_004603.1,SSG-LUGIA-F+center,1673251,1696250
NC_004603.1,SSG-LUGIA-F+center,1900651,1957650
NC_004603.1,SSG-LUGIA-F+center,2345451,2357550
NC_004603.1,SSG-LUGIA-F+center,3045751,3140750
NC_004603.1,SSG-LUGIA-R,11801,37900
NC_004603.1,SSG-LUGIA-R,200501,298600
NC_004603.1,SSG-LUGIA-R,362501,483500
NC_004603.1,SSG-LUGIA-R,627201,667600
NC_004603.1,SSG-LUGIA-R,920901,955700
NC_004603.1,SSG-LUGIA-R,1110101,1140300
NC_004603.1,SSG-LUGIA-R,1450301,1528800
NC_004603.1,SSG-LUGIA-R,1550601,1574900
NC_004603.1,SSG-LUGIA-R,1617101,1744000
NC_004603.1,SSG-LUGIA-R,1774401,1799000
NC_004603.1,SSG-LUGIA-R,1890101,1958000
NC_004603.1,SSG-LUGIA-R,2099301,2123300
NC_004603.1,SSG-LUGIA-R,2224101,2261800
NC_004603.1,SSG-LUGIA-R,2327401,2369900
NC_004603.1,SSG-LUGIA-R,2585101,2601400
NC_004603.1,SSG-LUGIA-R,2773901,2787000
NC_004603.1,SSG-LUGIA-R,3030901,3155100
NC_004603.1,SSG-LUGIA-R,3169101,3183400
NC_004603.1,SSG-LUGIA-R,3200101,3243000
NC_004603.1,SSG-LUGIA-R+center,16751,42850
NC_004603.1,SSG-LUGIA-R+center,205451,303550
NC_004603.1,SSG-LUGIA-R+center,367451,488450
NC_004603.1,SSG-LUGIA-R+center,632151,672550
NC_004603.1,SSG-LUGIA-R+center,925851,960650
NC_004603.1,SSG-LUGIA-R+center,1115051,1145250
NC_004603.1,SSG-LUGIA-R+center,1455251,1533750
NC_004603.1,SSG-LUGIA-R+center,1555551,1579850
NC_004603.1,SSG-LUGIA-R+center,1622051,1748950
NC_004603.1,SSG-LUGIA-R+center,1779351,1803950
NC_004603.1,SSG-LUGIA-R+center,1895051,1962950
NC_004603.1,SSG-LUGIA-R+center,2104251,2128250
NC_004603.1,SSG-LUGIA-R+center,2229051,2266750
NC_004603.1,SSG-LUGIA-R+center,2332351,2374850
NC_004603.1,SSG-LUGIA-R+center,2590051,2606350
NC_004603.1,SSG-LUGIA-R+center,2778851,2791950
NC_004603.1,SSG-LUGIA-R+center,3035851,3160050
NC_004603.1,SSG-LUGIA-R+center,3174051,3188350
NC_004603.1,SSG-LUGIA-R+center,3205051,3247950
NC_004578.1,SSG-LUGIA-P,501,11100
NC_004578.1,SSG-LUGIA-P,17701,59500
NC_004578.1,SSG-LUGIA-P,655001,698400
NC_004578.1,SSG-LUGIA-P,1192301,1211200
NC_004578.1,SSG-LUGIA-P,2318001,2348700
NC_004578.1,SSG-LUGIA-P,2866601,2888200
NC_004578.1,SSG-LUGIA-P,3153101,3176900
NC_004578.1,SSG-LUGIA-P,3598201,3638500
NC_004578.1,SSG-LUGIA-P,3809701,3866000
NC_004578.1,SSG-LUGIA-P,5199201,5213600
NC_004578.1,SSG-LUGIA-P,5273701,5310900
NC_004578.1,SSG-LUGIA-P,5347901,5410700
NC_004578.1,SSG-LUGIA-P,6148101,6184900
NC_004578.1,SSG-LUGIA-P+center,5451,16050
NC_004578.1,SSG-LUGIA-P+center,22651,64450
NC_004578.1,SSG-LUGIA-P+center,659951,703350
NC_004578.1,SSG-LUGIA-P+center,1197251,1216150
NC_004578.1,SSG-LUGIA-P+center,2322951,2353650
NC_004578.1,SSG-LUGIA-P+center,2871551,2893150
NC_004578.1,SSG-LUGIA-P+center,3158051,3181850
NC_004578.1,SSG-LUGIA-P+center,3603151,3643450
NC_004578.1,SSG-LUGIA-P+center,3814651,3870950
NC_004578.1,SSG-LUGIA-P+center,5204151,5218550
NC_004578.1,SSG-LUGIA-P+center,5278651,5315850
NC_004578.1,SSG-LUGIA-P+center,5352851,5415650
NC_004578.1,SSG-LUGIA-P+center,6153051,6189850
NC_004578.1,SSG-LUGIA-F,1,11600
NC_004578.1,SSG-LUGIA-F,17001,69600
NC_004578.1,SSG-LUGIA-F,652601,699200
NC_004578.1,SSG-LUGIA-F,905301,940100
NC_004578.1,SSG-LUGIA-F,1181701,1213400
NC_004578.1,SSG-LUGIA-F,2317101,2349000
NC_004578.1,SSG-LUGIA-F,2457101,2477400
NC_004578.1,SSG-LUGIA-F,2866001,2889900
NC_004578.1,SSG-LUGIA-F,3152801,3213000
NC_004578.1,SSG-LUGIA-F,3597401,3641200
NC_004578.1,SSG-LUGIA-F,3808601,3877100
NC_004578.1,SSG-LUGIA-F,4073601,4085200
NC_004578.1,SSG-LUGIA-F,4192101,4209400
NC_004578.1,SSG-LUGIA-F,4784201,4811500
NC_004578.1,SSG-LUGIA-F,5191201,5221400
NC_004578.1,SSG-LUGIA-F,5272101,5313800
NC_004578.1,SSG-LUGIA-F,5327701,5414100
NC_004578.1,SSG-LUGIA-F,6076501,6094400
NC_004578.1,SSG-LUGIA-F,6147001,6186300
NC_004578.1,SSG-LUGIA-F+center,4951,16550
NC_004578.1,SSG-LUGIA-F+center,21951,74550
NC_004578.1,SSG-LUGIA-F+center,657551,704150
NC_004578.1,SSG-LUGIA-F+center,910251,945050
NC_004578.1,SSG-LUGIA-F+center,1186651,1218350
NC_004578.1,SSG-LUGIA-F+center,2322051,2353950
NC_004578.1,SSG-LUGIA-F+center,2462051,2482350
NC_004578.1,SSG-LUGIA-F+center,2870951,2894850
NC_004578.1,SSG-LUGIA-F+center,3157751,3217950
NC_004578.1,SSG-LUGIA-F+center,3602351,3646150
NC_004578.1,SSG-LUGIA-F+center,3813551,3882050
NC_004578.1,SSG-LUGIA-F+center,4078551,4090150
NC_004578.1,SSG-LUGIA-F+center,4197051,4214350
NC_004578.1,SSG-LUGIA-F+center,4789151,4816450
NC_004578.1,SSG-LUGIA-F+center,5196151,5226350
NC_004578.1,SSG-LUGIA-F+center,5277051,5318750
NC_004578.1,SSG-LUGIA-F+center,5332651,5419050
NC_004578.1,SSG-LUGIA-F+center,6081451,6099350
NC_004578.1,SSG-LUGIA-F+center,6151951,6191250
NC_004578.1,SSG-LUGIA-R,1,76700
NC_004578.1,SSG-LUGIA-R,295901,309700
NC_004578.1,SSG-LUGIA-R,523101,533300
NC_004578.1,SSG-LUGIA-R,569001,603300
NC_004578.1,SSG-LUGIA-R,644801,707700
NC_004578.1,SSG-LUGIA-R,806001,851900
NC_004578.1,SSG-LUGIA-R,895801,1000200
NC_004578.1,SSG-LUGIA-R,1064401,1084700
NC_004578.1,SSG-LUGIA-R,1111201,1125300
NC_004578.1,SSG-LUGIA-R,1155301,1216000
NC_004578.1,SSG-LUGIA-R,1325601,1358600
NC_004578.1,SSG-LUGIA-R,1494301,1509400
NC_004578.1,SSG-LUGIA-R,1514501,1536900
NC_004578.1,SSG-LUGIA-R,1704401,1715100
NC_004578.1,SSG-LUGIA-R,1798001,1839200
NC_004578.1,SSG-LUGIA-R,2162201,2195800
NC_004578.1,SSG-LUGIA-R,2310501,2366300
NC_004578.1,SSG-LUGIA-R,2422801,2494000
NC_004578.1,SSG-LUGIA-R,2554501,2586500
NC_004578.1,SSG-LUGIA-R,2663001,2704000
NC_004578.1,SSG-LUGIA-R,2863501,2891300
NC_004578.1,SSG-LUGIA-R,3142301,3220800
NC_004578.1,SSG-LUGIA-R,3594501,3645000
NC_004578.1,SSG-LUGIA-R,3798501,3886600
NC_004578.1,SSG-LUGIA-R,3912601,3948800
NC_004578.1,SSG-LUGIA-R,4069101,4113000
NC_004578.1,SSG-LUGIA-R,4186401,4221600
NC_004578.1,SSG-LUGIA-R,4255501,4295300
NC_004578.1,SSG-LUGIA-R,4337401,4349000
NC_004578.1,SSG-LUGIA-R,4517401,4576400
NC_004578.1,SSG-LUGIA-R,4773201,4829900
NC_004578.1,SSG-LUGIA-R,4871301,4904800
NC_004578.1,SSG-LUGIA-R,5042601,5092100
NC_004578.1,SSG-LUGIA-R,5179801,5236700
NC_004578.1,SSG-LUGIA-R,5265601,5427000
NC_004578.1,SSG-LUGIA-R,5475201,5520000
NC_004578.1,SSG-LUGIA-R,5783301,5797700
NC_004578.1,SSG-LUGIA-R,5840801,5871200
NC_004578.1,SSG-LUGIA-R,6063801,6100300
NC_004578.1,SSG-LUGIA-R,6138901,6204500
NC_004578.1,SSG-LUGIA-R,6330201,6365700
NC_004578.1,SSG-LUGIA-R+center,4951,81650
NC_004578.1,SSG-LUGIA-R+center,300851,314650
NC_004578.1,SSG-LUGIA-R+center,528051,538250
NC_004578.1,SSG-LUGIA-R+center,573951,608250
NC_004578.1,SSG-LUGIA-R+center,649751,712650
NC_004578.1,SSG-LUGIA-R+center,810951,856850
NC_004578.1,SSG-LUGIA-R+center,900751,1005150
NC_004578.1,SSG-LUGIA-R+center,1069351,1089650
NC_004578.1,SSG-LUGIA-R+center,1116151,1130250
NC_004578.1,SSG-LUGIA-R+center,1160251,1220950
NC_004578.1,SSG-LUGIA-R+center,1330551,1363550
NC_004578.1,SSG-LUGIA-R+center,1499251,1514350
NC_004578.1,SSG-LUGIA-R+center,1519451,1541850
NC_004578.1,SSG-LUGIA-R+center,1709351,1720050
NC_004578.1,SSG-LUGIA-R+center,1802951,1844150
NC_004578.1,SSG-LUGIA-R+center,2167151,2200750
NC_004578.1,SSG-LUGIA-R+center,2315451,2371250
NC_004578.1,SSG-LUGIA-R+center,2427751,2498950
NC_004578.1,SSG-LUGIA-R+center,2559451,2591450
NC_004578.1,SSG-LUGIA-R+center,2667951,2708950
NC_004578.1,SSG-LUGIA-R+center,2868451,2896250
NC_004578.1,SSG-LUGIA-R+center,3147251,3225750
NC_004578.1,SSG-LUGIA-R+center,3599451,3649950
NC_004578.1,SSG-LUGIA-R+center,3803451,3891550
NC_004578.1,SSG-LUGIA-R+center,3917551,3953750
NC_004578.1,SSG-LUGIA-R+center,4074051,4117950
NC_004578.1,SSG-LUGIA-R+center,4191351,4226550
NC_004578.1,SSG-LUGIA-R+center,4260451,4300250
NC_004578.1,SSG-LUGIA-R+center,4342351,4353950
NC_004578.1,SSG-LUGIA-R+center,4522351,4581350
NC_004578.1,SSG-LUGIA-R+center,4778151,4834850
NC_004578.1,SSG-LUGIA-R+center,4876251,4909750
NC_004578.1,SSG-LUGIA-R+center,5047551,5097050
NC_004578.1,SSG-LUGIA-R+center,5184751,5241650
NC_004578.1,SSG-LUGIA-R+center,5270551,5431950
NC_004578.1,SSG-LUGIA-R+center,5480151,5524950
NC_004578.1,SSG-LUGIA-R+center,5788251,5802650
NC_004578.1,SSG-LUGIA-R+center,5845751,5876150
NC_004578.1,SSG-LUGIA-R+center,6068751,6105250
NC_004578.1,SSG-LUGIA-R+center,6143851,6209450
NC_004578.1,SSG-LUGIA-R+center,6335151,6370650
NC_004631.1,SSG-LUGIA-P,947701,976700
NC_004631.1,SSG-LUGIA-P,1327301,1347500
NC_004631.1,SSG-LUGIA-P,1405601,1434700
NC_004631.1,SSG-LUGIA-P,1926801,1953600
NC_004631.1,SSG-LUGIA-P,2617701,2675800
NC_004631.1,SSG-LUGIA-P,2723601,2740900
NC_004631.1,SSG-LUGIA-P,2846301,2870800
NC_004631.1,SSG-LUGIA-P,3501901,3539500
NC_004631.1,SSG-LUGIA-P,4301601,4326800
NC_004631.1,SSG-LUGIA-P,4385301,4515600
NC_004631.1,SSG-LUGIA-P,4667201,4696400
NC_004631.1,SSG-LUGIA-P+center,952651,981650
NC_004631.1,SSG-LUGIA-P+center,1332251,1352450
NC_004631.1,SSG-LUGIA-P+center,1410551,1439650
NC_004631.1,SSG-LUGIA-P+center,1931751,1958550
NC_004631.1,SSG-LUGIA-P+center,2622651,2680750
NC_004631.1,SSG-LUGIA-P+center,2728551,2745850
NC_004631.1,SSG-LUGIA-P+center,2851251,2875750
NC_004631.1,SSG-LUGIA-P+center,3506851,3544450
NC_004631.1,SSG-LUGIA-P+center,4306551,4331750
NC_004631.1,SSG-LUGIA-P+center,4390251,4520550
NC_004631.1,SSG-LUGIA-P+center,4672151,4701350
NC_004631.1,SSG-LUGIA-F,860101,882800
NC_004631.1,SSG-LUGIA-F,930201,977100
NC_004631.1,SSG-LUGIA-F,1326701,1348700
NC_004631.1,SSG-LUGIA-F,1404701,1436000
NC_004631.1,SSG-LUGIA-F,1925901,1964900
NC_004631.1,SSG-LUGIA-F,2616401,2681900
NC_004631.1,SSG-LUGIA-F,2720801,2758900
NC_004631.1,SSG-LUGIA-F,2839201,2878700
NC_004631.1,SSG-LUGIA-F,3021801,3042500
NC_004631.1,SSG-LUGIA-F,3499201,3548400
NC_004631.1,SSG-LUGIA-F,4220201,4234400
NC_004631.1,SSG-LUGIA-F,4300601,4329300
NC_004631.1,SSG-LUGIA-F,4384001,4517100
NC_004631.1,SSG-LUGIA-F,4662701,4698400
NC_004631.1,SSG-LUGIA-F+center,865051,887750
NC_004631.1,SSG-LUGIA-F+center,935151,982050
NC_004631.1,SSG-LUGIA-F+center,1331651,1353650
NC_004631.1,SSG-LUGIA-F+center,1409651,1440950
NC_004631.1,SSG-LUGIA-F+center,1930851,1969850
NC_004631.1,SSG-LUGIA-F+center,2621351,2686850
NC_004631.1,SSG-LUGIA-F+center,2725751,2763850
NC_004631.1,SSG-LUGIA-F+center,2844151,2883650
NC_004631.1,SSG-LUGIA-F+center,3026751,3047450
NC_004631.1,SSG-LUGIA-F+center,3504151,3553350
NC_004631.1,SSG-LUGIA-F+center,4225151,4239350
NC_004631.1,SSG-LUGIA-F+center,4305551,4334250
NC_004631.1,SSG-LUGIA-F+center,4388951,4522050
NC_004631.1,SSG-LUGIA-F+center,4667651,4703350
NC_004631.1,SSG-LUGIA-R,3501,16100
NC_004631.1,SSG-LUGIA-R,20001,36000
NC_004631.1,SSG-LUGIA-R,211401,225400
NC_004631.1,SSG-LUGIA-R,368401,423800
NC_004631.1,SSG-LUGIA-R,609801,633900
NC_004631.1,SSG-LUGIA-R,667101,710100
NC_004631.1,SSG-LUGIA-R,790501,884700
NC_004631.1,SSG-LUGIA-R,920001,985500
NC_004631.1,SSG-LUGIA-R,1094301,1110800
NC_004631.1,SSG-LUGIA-R,1171301,1210700
NC_004631.1,SSG-LUGIA-R,1321701,1352300
NC_004631.1,SSG-LUGIA-R,1401701,1438900
NC_004631.1,SSG-LUGIA-R,1501101,1524600
NC_004631.1,SSG-LUGIA-R,1605401,1629800
NC_004631.1,SSG-LUGIA-R,1920701,1980800
NC_004631.1,SSG-LUGIA-R,2010301,2034900
NC_004631.1,SSG-LUGIA-R,2192501,2228600
NC_004631.1,SSG-LUGIA-R,2344601,2392900
NC_004631.1,SSG-LUGIA-R,2598501,2687000
NC_004631.1,SSG-LUGIA-R,2716001,2772100
NC_004631.1,SSG-LUGIA-R,2824801,2885700
NC_004631.1,SSG-LUGIA-R,3019001,3043900
NC_004631.1,SSG-LUGIA-R,3495501,3591900
NC_004631.1,SSG-LUGIA-R,3822301,3836200
NC_004631.1,SSG-LUGIA-R,3851801,3869800
NC_004631.1,SSG-LUGIA-R,4067001,4100600
NC_004631.1,SSG-LUGIA-R,4205501,4242500
NC_004631.1,SSG-LUGIA-R,4299401,4330500
NC_004631.1,SSG-LUGIA-R,4381801,4529400
NC_004631.1,SSG-LUGIA-R,4655401,4712900
NC_004631.1,SSG-LUGIA-R+center,8451,21050
NC_004631.1,SSG-LUGIA-R+center,24951,40950
NC_004631.1,SSG-LUGIA-R+center,216351,230350
NC_004631.1,SSG-LUGIA-R+center,373351,428750
NC_004631.1,SSG-LUGIA-R+center,614751,638850
NC_004631.1,SSG-LUGIA-R+center,672051,715050
NC_004631.1,SSG-LUGIA-R+center,795451,889650
NC_004631.1,SSG-LUGIA-R+center,924951,990450
NC_004631.1,SSG-LUGIA-R+center,1099251,1115750
NC_004631.1,SSG-LUGIA-R+center,1176251,1215650
NC_004631.1,SSG-LUGIA-R+center,1326651,1357250
NC_004631.1,SSG-LUGIA-R+center,1406651,1443850
NC_004631.1,SSG-LUGIA-R+center,1506051,1529550
NC_004631.1,SSG-LUGIA-R+center,1610351,1634750
NC_004631.1,SSG-LUGIA-R+center,1925651,1985750
NC_004631.1,SSG-LUGIA-R+center,2015251,2039850
NC_004631.1,SSG-LUGIA-R+center,2197451,2233550
NC_004631.1,SSG-LUGIA-R+center,2349551,2397850
NC_004631.1,SSG-LUGIA-R+center,2603451,2691950
NC_004631.1,SSG-LUGIA-R+center,2720951,2777050
NC_004631.1,SSG-LUGIA-R+center,2829751,2890650
NC_004631.1,SSG-LUGIA-R+center,3023951,3048850
NC_004631.1,SSG-LUGIA-R+center,3500451,3596850
NC_004631.1,SSG-LUGIA-R+center,3827251,3841150
NC_004631.1,SSG-LUGIA-R+center,3856751,3874750
NC_004631.1,SSG-LUGIA-R+center,4071951,4105550
NC_004631.1,SSG-LUGIA-R+center,4210451,4247450
NC_004631.1,SSG-LUGIA-R+center,4304351,4335450
NC_004631.1,SSG-LUGIA-R+center,4386751,4534350
NC_004631.1,SSG-LUGIA-R+center,4660351,4717850
NC_004741.1,SSG-LUGIA-P,216501,236300
NC_004741.1,SSG-LUGIA-P,693901,742300
NC_004741.1,SSG-LUGIA-P,1889301,1905900
NC_004741.1,SSG-LUGIA-P,2010601,2045500
NC_004741.1,SSG-LUGIA-P,3043701,3089800
NC_004741.1,SSG-LUGIA-P,3551001,3583900
NC_004741.1,SSG-LUGIA-P,4323001,4343900
NC_004741.1,SSG-LUGIA-P+center,221451,241250
NC_004741.1,SSG-LUGIA-P+center,698851,747250
NC_004741.1,SSG-LUGIA-P+center,1894251,1910850
NC_004741.1,SSG-LUGIA-P+center,2015551,2050450
NC_004741.1,SSG-LUGIA-P+center,3048651,3094750
NC_004741.1,SSG-LUGIA-P+center,3555951,3588850
NC_004741.1,SSG-LUGIA-P+center,4327951,4348850
NC_004741.1,SSG-LUGIA-F,214501,247100
NC_004741.1,SSG-LUGIA-F,690501,742600
NC_004741.1,SSG-LUGIA-F,888901,918100
NC_004741.1,SSG-LUGIA-F,1882801,1910500
NC_004741.1,SSG-LUGIA-F,2008101,2058900
NC_004741.1,SSG-LUGIA-F,2087201,2103100
NC_004741.1,SSG-LUGIA-F,3043101,3090400
NC_004741.1,SSG-LUGIA-F,3549901,3584300
NC_004741.1,SSG-LUGIA-F,3842601,3861600
NC_004741.1,SSG-LUGIA-F,3936201,3961400
NC_004741.1,SSG-LUGIA-F,4322701,4344600
NC_004741.1,SSG-LUGIA-F+center,219451,252050
NC_004741.1,SSG-LUGIA-F+center,695451,747550
NC_004741.1,SSG-LUGIA-F+center,893851,923050
NC_004741.1,SSG-LUGIA-F+center,1887751,1915450
NC_004741.1,SSG-LUGIA-F+center,2013051,2063850
NC_004741.1,SSG-LUGIA-F+center,2092151,2108050
NC_004741.1,SSG-LUGIA-F+center,3048051,3095350
NC_004741.1,SSG-LUGIA-F+center,3554851,3589250
NC_004741.1,SSG-LUGIA-F+center,3847551,3866550
NC_004741.1,SSG-LUGIA-F+center,3941151,3966350
NC_004741.1,SSG-LUGIA-F+center,4327651,4349550
NC_004741.1,SSG-LUGIA-R,64201,87600
NC_004741.1,SSG-LUGIA-R,97701,111000
NC_004741.1,SSG-LUGIA-R,131801,143800
NC_004741.1,SSG-LUGIA-R,204501,285100
NC_004741.1,SSG-LUGIA-R,290901,305800
NC_004741.1,SSG-LUGIA-R,317901,337400
NC_004741.1,SSG-LUGIA-R,352901,363300
NC_004741.1,SSG-LUGIA-R,363601,414000
NC_004741.1,SSG-LUGIA-R,516501,538300
NC_004741.1,SSG-LUGIA-R,561801,604300
NC_004741.1,SSG-LUGIA-R,682301,745300
NC_004741.1,SSG-LUGIA-R,877001,964000
NC_004741.1,SSG-LUGIA-R,1076401,1122900
NC_004741.1,SSG-LUGIA-R,1179801,1200400
NC_004741.1,SSG-LUGIA-R,1370401,1394300
NC_004741.1,SSG-LUGIA-R,1399601,1424700
NC_004741.1,SSG-LUGIA-R,1585801,1604500
NC_004741.1,SSG-LUGIA-R,1648601,1662500
NC_004741.1,SSG-LUGIA-R,1826901,1846500
NC_004741.1,SSG-LUGIA-R,1878301,1932900
NC_004741.1,SSG-LUGIA-R,1992901,2110100
NC_004741.1,SSG-LUGIA-R,2148001,2203400
NC_004741.1,SSG-LUGIA-R,2450901,2489700
NC_004741.1,SSG-LUGIA-R,2579301,2626000
NC_004741.1,SSG-LUGIA-R,3037301,3099300
NC_004741.1,SSG-LUGIA-R,3545301,3586300
NC_004741.1,SSG-LUGIA-R,3695701,3712700
NC_004741.1,SSG-LUGIA-R,3791001,3805400
NC_004741.1,SSG-LUGIA-R,3812201,3869300
NC_004741.1,SSG-LUGIA-R,3923101,3966800
NC_004741.1,SSG-LUGIA-R,4142001,4195000
NC_004741.1,SSG-LUGIA-R,4315301,4396400
NC_004741.1,SSG-LUGIA-R+center,69151,92550
NC_004741.1,SSG-LUGIA-R+center,102651,115950
NC_004741.1,SSG-LUGIA-R+center,136751,148750
NC_004741.1,SSG-LUGIA-R+center,209451,290050
NC_004741.1,SSG-LUGIA-R+center,295851,310750
NC_004741.1,SSG-LUGIA-R+center,322851,342350
NC_004741.1,SSG-LUGIA-R+center,357851,368250
NC_004741.1,SSG-LUGIA-R+center,368551,418950
NC_004741.1,SSG-LUGIA-R+center,521451,543250
NC_004741.1,SSG-LUGIA-R+center,566751,609250
NC_004741.1,SSG-LUGIA-R+center,687251,750250
NC_004741.1,SSG-LUGIA-R+center,881951,968950
NC_004741.1,SSG-LUGIA-R+center,1081351,1127850
NC_004741.1,SSG-LUGIA-R+center,1184751,1205350
NC_004741.1,SSG-LUGIA-R+center,1375351,1399250
NC_004741.1,SSG-LUGIA-R+center,1404551,1429650
NC_004741.1,SSG-LUGIA-R+center,1590751,1609450
NC_004741.1,SSG-LUGIA-R+center,1653551,1667450
NC_004741.1,SSG-LUGIA-R+center,1831851,1851450
NC_004741.1,SSG-LUGIA-R+center,1883251,1937850
NC_004741.1,SSG-LUGIA-R+center,1997851,2115050
NC_004741.1,SSG-LUGIA-R+center,2152951,2208350
NC_004741.1,SSG-LUGIA-R+center,2455851,2494650
NC_004741.1,SSG-LUGIA-R+center,2584251,2630950
NC_004741.1,SSG-LUGIA-R+center,3042251,3104250
NC_004741.1,SSG-LUGIA-R+center,3550251,3591250
NC_004741.1,SSG-LUGIA-R+center,3700651,3717650
NC_004741.1,SSG-LUGIA-R+center,3795951,3810350
NC_004741.1,SSG-LUGIA-R+center,3817151,3874250
NC_004741.1,SSG-LUGIA-R+center,3928051,3971750
NC_004741.1,SSG-LUGIA-R+center,4146951,4199950
NC_004741.1,SSG-LUGIA-R+center,4320251,4401350
NC_004722.1,SSG-LUGIA-P,1001,12900
NC_004722.1,SSG-LUGIA-P,83001,152000
NC_004722.1,SSG-LUGIA-P,242501,301400
NC_004722.1,SSG-LUGIA-P,509801,524300
NC_004722.1,SSG-LUGIA-P,914701,926100
NC_004722.1,SSG-LUGIA-P,1589101,1612500
NC_004722.1,SSG-LUGIA-P,1802501,1844600
NC_004722.1,SSG-LUGIA-P,2387701,2418800
NC_004722.1,SSG-LUGIA-P,2533001,2555000
NC_004722.1,SSG-LUGIA-P,3241501,3264300
NC_004722.1,SSG-LUGIA-P,3465201,3495800
NC_004722.1,SSG-LUGIA-P,4984901,5026200
NC_004722.1,SSG-LUGIA-P+center,5951,17850
NC_004722.1,SSG-LUGIA-P+center,87951,156950
NC_004722.1,SSG-LUGIA-P+center,247451,306350
NC_004722.1,SSG-LUGIA-P+center,514751,529250
NC_004722.1,SSG-LUGIA-P+center,919651,931050
NC_004722.1,SSG-LUGIA-P+center,1594051,1617450
NC_004722.1,SSG-LUGIA-P+center,1807451,1849550
NC_004722.1,SSG-LUGIA-P+center,2392651,2423750
NC_004722.1,SSG-LUGIA-P+center,2537951,2559950
NC_004722.1,SSG-LUGIA-P+center,3246451,3269250
NC_004722.1,SSG-LUGIA-P+center,3470151,3500750
NC_004722.1,SSG-LUGIA-P+center,4989851,5031150
NC_004722.1,SSG-LUGIA-F,301,13100
NC_004722.1,SSG-LUGIA-F,68001,155500
NC_004722.1,SSG-LUGIA-F,240501,302800
NC_004722.1,SSG-LUGIA-F,509001,527200
NC_004722.1,SSG-LUGIA-F,698601,713100
NC_004722.1,SSG-LUGIA-F,909601,943800
NC_004722.1,SSG-LUGIA-F,1528901,1550100
NC_004722.1,SSG-LUGIA-F,1585701,1614300
NC_004722.1,SSG-LUGIA-F,1801601,1852600
NC_004722.1,SSG-LUGIA-F,2380401,2419700
NC_004722.1,SSG-LUGIA-F,2530901,2557300
NC_004722.1,SSG-LUGIA-F,2604601,2622300
NC_004722.1,SSG-LUGIA-F,3238001,3267400
NC_004722.1,SSG-LUGIA-F,3462201,3497200
NC_004722.1,SSG-LUGIA-F,4983301,5028200
NC_004722.1,SSG-LUGIA-F+center,5251,18050
NC_004722.1,SSG-LUGIA-F+center,72951,160450
NC_004722.1,SSG-LUGIA-F+center,245451,307750
NC_004722.1,SSG-LUGIA-F+center,513951,532150
NC_004722.1,SSG-LUGIA-F+center,703551,718050
NC_004722.1,SSG-LUGIA-F+center,914551,948750
NC_004722.1,SSG-LUGIA-F+center,1533851,1555050
NC_004722.1,SSG-LUGIA-F+center,1590651,1619250
NC_004722.1,SSG-LUGIA-F+center,1806551,1857550
NC_004722.1,SSG-LUGIA-F+center,2385351,2424650
NC_004722.1,SSG-LUGIA-F+center,2535851,2562250
NC_004722.1,SSG-LUGIA-F+center,2609551,2627250
NC_004722.1,SSG-LUGIA-F+center,3242951,3272350
NC_004722.1,SSG-LUGIA-F+center,3467151,3502150
NC_004722.1,SSG-LUGIA-F+center,4988251,5033150
NC_004722.1,SSG-LUGIA-R,1,13600
NC_004722.1,SSG-LUGIA-R,19801,30600
NC_004722.1,SSG-LUGIA-R,65201,173000
NC_004722.1,SSG-LUGIA-R,230701,311300
NC_004722.1,SSG-LUGIA-R,330001,358900
NC_004722.1,SSG-LUGIA-R,504601,548900
NC_004722.1,SSG-LUGIA-R,680701,756900
NC_004722.1,SSG-LUGIA-R,765501,811900
NC_004722.1,SSG-LUGIA-R,871601,987000
NC_004722.1,SSG-LUGIA-R,995901,1007300
NC_004722.1,SSG-LUGIA-R,1009601,1056000
NC_004722.1,SSG-LUGIA-R,1129301,1149600
NC_004722.1,SSG-LUGIA-R,1198701,1243900
NC_004722.1,SSG-LUGIA-R,1365801,1380800
NC_004722.1,SSG-LUGIA-R,1525601,1552300
NC_004722.1,SSG-LUGIA-R,1577901,1617800
NC_004722.1,SSG-LUGIA-R,1794401,1862200
NC_004722.1,SSG-LUGIA-R,2002201,2040800
NC_004722.1,SSG-LUGIA-R,2194101,2207800
NC_004722.1,SSG-LUGIA-R,2214301,2268100
NC_004722.1,SSG-LUGIA-R,2367501,2422400
NC_004722.1,SSG-LUGIA-R,2457901,2471700
NC_004722.1,SSG-LUGIA-R,2528101,2561700
NC_004722.1,SSG-LUGIA-R,2593401,2644500
NC_004722.1,SSG-LUGIA-R,3161101,3176500
NC_004722.1,SSG-LUGIA-R,3225401,3269000
NC_004722.1,SSG-LUGIA-R,3447701,3499900
NC_004722.1,SSG-LUGIA-R,3770701,3831700
NC_004722.1,SSG-LUGIA-R,4283101,4312100
NC_004722.1,SSG-LUGIA-R,4381901,4421200
NC_004722.1,SSG-LUGIA-R,4476201,4514400
NC_004722.1,SSG-LUGIA-R,4649501,4668200
NC_004722.1,SSG-LUGIA-R,4750301,4771800
NC_004722.1,SSG-LUGIA-R,4779701,4790100
NC_004722.1,SSG-LUGIA-R,4965201,5033800
NC_004722.1,SSG-LUGIA-R,5046001,5056300
NC_004722.1,SSG-LUGIA-R,5114401,5144800
NC_004722.1,SSG-LUGIA-R,5149901,5165500
NC_004722.1,SSG-LUGIA-R,5178101,5208000
NC_004722.1,SSG-LUGIA-R,5208601,5235500
NC_004722.1,SSG-LUGIA-R,5242701,5262900
NC_004722.1,SSG-LUGIA-R+center,4951,18550
NC_004722.1,SSG-LUGIA-R+center,24751,35550
NC_004722.1,SSG-LUGIA-R+center,70151,177950
NC_004722.1,SSG-LUGIA-R+center,235651,316250
NC_004722.1,SSG-LUGIA-R+center,334951,363850
NC_004722.1,SSG-LUGIA-R+center,509551,553850
NC_004722.1,SSG-LUGIA-R+center,685651,761850
NC_004722.1,SSG-LUGIA-R+center,770451,816850
NC_004722.1,SSG-LUGIA-R+center,876551,991950
NC_004722.1,SSG-LUGIA-R+center,1000851,1012250
NC_004722.1,SSG-LUGIA-R+center,1014551,1060950
NC_004722.1,SSG-LUGIA-R+center,1134251,1154550
NC_004722.1,SSG-LUGIA-R+center,1203651,1248850
NC_004722.1,SSG-LUGIA-R+center,1370751,1385750
NC_004722.1,SSG-LUGIA-R+center,1530551,1557250
NC_004722.1,SSG-LUGIA-R+center,1582851,1622750
NC_004722.1,SSG-LUGIA-R+center,1799351,1867150
NC_004722.1,SSG-LUGIA-R+center,2007151,2045750
NC_004722.1,SSG-LUGIA-R+center,2199051,2212750
NC_004722.1,SSG-LUGIA-R+center,2219251,2273050
NC_004722.1,SSG-LUGIA-R+center,2372451,2427350
NC_004722.1,SSG-LUGIA-R+center,2462851,2476650
NC_004722.1,SSG-LUGIA-R+center,2533051,2566650
NC_004722.1,SSG-LUGIA-R+center,2598351,2649450
NC_004722.1,SSG-LUGIA-R+center,3166051,3181450
NC_004722.1,SSG-LUGIA-R+center,3230351,3273950
NC_004722.1,SSG-LUGIA-R+center,3452651,3504850
NC_004722.1,SSG-LUGIA-R+center,3775651,3836650
NC_004722.1,SSG-LUGIA-R+center,4288051,4317050
NC_004722.1,SSG-LUGIA-R+center,4386851,4426150
NC_004722.1,SSG-LUGIA-R+center,4481151,4519350
NC_004722.1,SSG-LUGIA-R+center,4654451,4673150
NC_004722.1,SSG-LUGIA-R+center,4755251,4776750
NC_004722.1,SSG-LUGIA-R+center,4784651,4795050
NC_004722.1,SSG-LUGIA-R+center,4970151,5038750
NC_004722.1,SSG-LUGIA-R+center,5050951,5061250
NC_004722.1,SSG-LUGIA-R+center,5119351,5149750
NC_004722.1,SSG-LUGIA-R+center,5154851,5170450
NC_004722.1,SSG-LUGIA-R+center,5183051,5212950
NC_004722.1,SSG-LUGIA-R+center,5213551,5240450
NC_004722.1,SSG-LUGIA-R+center,5247651,5267850
NC_005071.1,SSG-LUGIA-P,1,17500
NC_005071.1,SSG-LUGIA-P,88601,141500
NC_005071.1,SSG-LUGIA-P,150501,176900
NC_005071.1,SSG-LUGIA-P,185301,200800
NC_005071.1,SSG-LUGIA-P,211301,238100
NC_005071.1,SSG-LUGIA-P,282201,347100
NC_005071.1,SSG-LUGIA-P,908101,930500
NC_005071.1,SSG-LUGIA-P+center,4951,22450
NC_005071.1,SSG-LUGIA-P+center,93551,146450
NC_005071.1,SSG-LUGIA-P+center,155451,181850
NC_005071.1,SSG-LUGIA-P+center,190251,205750
NC_005071.1,SSG-LUGIA-P+center,216251,243050
NC_005071.1,SSG-LUGIA-P+center,287151,352050
NC_005071.1,SSG-LUGIA-P+center,913051,935450
NC_005071.1,SSG-LUGIA-F,1,260300
NC_005071.1,SSG-LUGIA-F,281901,422200
NC_005071.1,SSG-LUGIA-F+center,4951,265250
NC_005071.1,SSG-LUGIA-F+center,286851,427150
NC_005071.1,SSG-LUGIA-R,1,427600
NC_005071.1,SSG-LUGIA-R,468301,490400
NC_005071.1,SSG-LUGIA-R,521001,544800
NC_005071.1,SSG-LUGIA-R,661001,736500
NC_005071.1,SSG-LUGIA-R,903301,936300
NC_005071.1,SSG-LUGIA-R,1005101,1029400
NC_005071.1,SSG-LUGIA-R,1100701,1117800
NC_005071.1,SSG-LUGIA-R,1591001,1608200
NC_005071.1,SSG-LUGIA-R,1651301,1686000
NC_005071.1,SSG-LUGIA-R,1835501,1850500
NC_005071.1,SSG-LUGIA-R,2170501,2232400
NC_005071.1,SSG-LUGIA-R+center,4951,432550
NC_005071.1,SSG-LUGIA-R+center,473251,495350
NC_005071.1,SSG-LUGIA-R+center,525951,549750
NC_005071.1,SSG-LUGIA-R+center,665951,741450
NC_005071.1,SSG-LUGIA-R+center,908251,941250
NC_005071.1,SSG-LUGIA-R+center,1010051,1034350
NC_005071.1,SSG-LUGIA-R+center,1105651,1122750
NC_005071.1,SSG-LUGIA-R+center,1595951,1613150
NC_005071.1,SSG-LUGIA-R+center,1656251,1690950
NC_005071.1,SSG-LUGIA-R+center,1840451,1855450
NC_005071.1,SSG-LUGIA-R+center,2175451,2237350
NC_005139.1,SSG-LUGIA-P,133201,181400
NC_005139.1,SSG-LUGIA-P,315801,382100
NC_005139.1,SSG-LUGIA-P,1785601,1925800
NC_005139.1,SSG-LUGIA-P,2201301,2247400
NC_005139.1,SSG-LUGIA-P,3236601,3256700
NC_005139.1,SSG-LUGIA-P+center,138151,186350
NC_005139.1,SSG-LUGIA-P+center,320751,387050
NC_005139.1,SSG-LUGIA-P+center,1790551,1930750
NC_005139.1,SSG-LUGIA-P+center,2206251,2252350
NC_005139.1,SSG-LUGIA-P+center,3241551,3261650
NC_005139.1,SSG-LUGIA-F,132801,182500
NC_005139.1,SSG-LUGIA-F,309301,395100
NC_005139.1,SSG-LUGIA-F,794801,818500
NC_005139.1,SSG-LUGIA-F,1784301,1926600
NC_005139.1,SSG-LUGIA-F,2198501,2249500
NC_005139.1,SSG-LUGIA-F,3235101,3258100
NC_005139.1,SSG-LUGIA-F+center,137751,187450
NC_005139.1,SSG-LUGIA-F+center,314251,400050
NC_005139.1,SSG-LUGIA-F+center,799751,823450
NC_005139.1,SSG-LUGIA-F+center,1789251,1931550
NC_005139.1,SSG-LUGIA-F+center,2203451,2254450
NC_005139.1,SSG-LUGIA-F+center,3240051,3263050
NC_005139.1,SSG-LUGIA-R,34901,52800
NC_005139.1,SSG-LUGIA-R,68001,101900
NC_005139.1,SSG-LUGIA-R,122901,185700
NC_005139.1,SSG-LUGIA-R,221601,272400
NC_005139.1,SSG-LUGIA-R,287601,298000
NC_005139.1,SSG-LUGIA-R,305401,427000
NC_005139.1,SSG-LUGIA-R,498501,543200
NC_005139.1,SSG-LUGIA-R,783601,828500
NC_005139.1,SSG-LUGIA-R,958101,983700
NC_005139.1,SSG-LUGIA-R,1072001,1108000
NC_005139.1,SSG-LUGIA-R,1314201,1344900
NC_005139.1,SSG-LUGIA-R,1562701,1586200
NC_005139.1,SSG-LUGIA-R,1776301,1934100
NC_005139.1,SSG-LUGIA-R,2181401,2272600
NC_005139.1,SSG-LUGIA-R,2348201,2369400
NC_005139.1,SSG-LUGIA-R,2425701,2445300
NC_005139.1,SSG-LUGIA-R,2497401,2510700
NC_005139.1,SSG-LUGIA-R,2614301,2631200
NC_005139.1,SSG-LUGIA-R,2684901,2697000
NC_005139.1,SSG-LUGIA-R,2721701,2768900
NC_005139.1,SSG-LUGIA-R,2930101,2958600
NC_005139.1,SSG-LUGIA-R,3197301,3262100
NC_005139.1,SSG-LUGIA-R+center,39851,57750
NC_005139.1,SSG-LUGIA-R+center,72951,106850
NC_005139.1,SSG-LUGIA-R+center,127851,190650
NC_005139.1,SSG-LUGIA-R+center,226551,277350
NC_005139.1,SSG-LUGIA-R+center,292551,302950
NC_005139.1,SSG-LUGIA-R+center,310351,431950
NC_005139.1,SSG-LUGIA-R+center,503451,548150
NC_005139.1,SSG-LUGIA-R+center,788551,833450
NC_005139.1,SSG-LUGIA-R+center,963051,988650
NC_005139.1,SSG-LUGIA-R+center,1076951,1112950
NC_005139.1,SSG-LUGIA-R+center,1319151,1349850
NC_005139.1,SSG-LUGIA-R+center,1567651,1591150
NC_005139.1,SSG-LUGIA-R+center,1781251,1939050
NC_005139.1,SSG-LUGIA-R+center,2186351,2277550
NC_005139.1,SSG-LUGIA-R+center,2353151,2374350
NC_005139.1,SSG-LUGIA-R+center,2430651,2450250
NC_005139.1,SSG-LUGIA-R+center,2502351,2515650
NC_005139.1,SSG-LUGIA-R+center,2619251,2636150
NC_005139.1,SSG-LUGIA-R+center,2689851,2701950
NC_005139.1,SSG-LUGIA-R+center,2726651,2773850
NC_005139.1,SSG-LUGIA-R+center,2935051,2963550
NC_005139.1,SSG-LUGIA-R+center,3202251,3267050
NC_006086.1,SSG-LUGIA-P,11201,65500
NC_006086.1,SSG-LUGIA-P,100501,130100
NC_006086.1,SSG-LUGIA-P,983901,1008500
NC_006086.1,SSG-LUGIA-P,1329201,1359700
NC_006086.1,SSG-LUGIA-P,1717901,1742900
NC_006086.1,SSG-LUGIA-P+center,16151,70450
NC_006086.1,SSG-LUGIA-P+center,105451,135050
NC_006086.1,SSG-LUGIA-P+center,988851,1013450
NC_006086.1,SSG-LUGIA-P+center,1334151,1364650
NC_006086.1,SSG-LUGIA-P+center,1722851,1747850
NC_006086.1,SSG-LUGIA-F,10801,76600
NC_006086.1,SSG-LUGIA-F,90801,132700
NC_006086.1,SSG-LUGIA-F,981101,1009500
NC_006086.1,SSG-LUGIA-F,1145901,1156300
NC_006086.1,SSG-LUGIA-F,1202701,1224500
NC_006086.1,SSG-LUGIA-F,1328601,1360500
NC_006086.1,SSG-LUGIA-F,1622201,1639600
NC_006086.1,SSG-LUGIA-F,1714601,1743200
NC_006086.1,SSG-LUGIA-F+center,15751,81550
NC_006086.1,SSG-LUGIA-F+center,95751,137650
NC_006086.1,SSG-LUGIA-F+center,986051,1014450
NC_006086.1,SSG-LUGIA-F+center,1150851,1161250
NC_006086.1,SSG-LUGIA-F+center,1207651,1229450
NC_006086.1,SSG-LUGIA-F+center,1333551,1365450
NC_006086.1,SSG-LUGIA-F+center,1627151,1644550
NC_006086.1,SSG-LUGIA-F+center,1719551,1748150
NC_006086.1,SSG-LUGIA-R,1,152100
NC_006086.1,SSG-LUGIA-R,363101,398600
NC_006086.1,SSG-LUGIA-R,456801,481100
NC_006086.1,SSG-LUGIA-R,736601,749200
NC_006086.1,SSG-LUGIA-R,971601,1022700
NC_006086.1,SSG-LUGIA-R,1118301,1177900
NC_006086.1,SSG-LUGIA-R,1198001,1231400
NC_006086.1,SSG-LUGIA-R,1316001,1370200
NC_006086.1,SSG-LUGIA-R,1537401,1554600
NC_006086.1,SSG-LUGIA-R,1609801,1647500
NC_006086.1,SSG-LUGIA-R,1678901,1749300
NC_006086.1,SSG-LUGIA-R+center,4951,157050
NC_006086.1,SSG-LUGIA-R+center,368051,403550
NC_006086.1,SSG-LUGIA-R+center,461751,486050
NC_006086.1,SSG-LUGIA-R+center,741551,754150
NC_006086.1,SSG-LUGIA-R+center,976551,1027650
NC_006086.1,SSG-LUGIA-R+center,1123251,1182850
NC_006086.1,SSG-LUGIA-R+center,1202951,1236350
NC_006086.1,SSG-LUGIA-R+center,1320951,1375150
NC_006086.1,SSG-LUGIA-R+center,1542351,1559550
NC_006086.1,SSG-LUGIA-R+center,1614751,1652450
NC_006086.1,SSG-LUGIA-R+center,1683851,1754250
NC_005773.3,SSG-LUGIA-P,109201,132800
NC_005773.3,SSG-LUGIA-P,703901,716500
NC_005773.3,SSG-LUGIA-P,873901,919900
NC_005773.3,SSG-LUGIA-P,955701,980200
NC_005773.3,SSG-LUGIA-P,1129501,1161500
NC_005773.3,SSG-LUGIA-P,2177301,2193800
NC_005773.3,SSG-LUGIA-P,2194601,2209300
NC_005773.3,SSG-LUGIA-P,2226801,2243900
NC_005773.3,SSG-LUGIA-P,3613201,3631700
NC_005773.3,SSG-LUGIA-P,4285201,4309900
NC_005773.3,SSG-LUGIA-P,4782501,4808300
NC_005773.3,SSG-LUGIA-P,4902601,4926400
NC_005773.3,SSG-LUGIA-P,5166801,5253900
NC_005773.3,SSG-LUGIA-P,5629001,5642600
NC_005773.3,SSG-LUGIA-P,5733901,5767800
NC_005773.3,SSG-LUGIA-P+center,114151,137750
NC_005773.3,SSG-LUGIA-P+center,708851,721450
NC_005773.3,SSG-LUGIA-P+center,878851,924850
NC_005773.3,SSG-LUGIA-P+center,960651,985150
NC_005773.3,SSG-LUGIA-P+center,1134451,1166450
NC_005773.3,SSG-LUGIA-P+center,2182251,2198750
NC_005773.3,SSG-LUGIA-P+center,2199551,2214250
NC_005773.3,SSG-LUGIA-P+center,2231751,2248850
NC_005773.3,SSG-LUGIA-P+center,3618151,3636650
NC_005773.3,SSG-LUGIA-P+center,4290151,4314850
NC_005773.3,SSG-LUGIA-P+center,4787451,4813250
NC_005773.3,SSG-LUGIA-P+center,4907551,4931350
NC_005773.3,SSG-LUGIA-P+center,5171751,5258850
NC_005773.3,SSG-LUGIA-P+center,5633951,5647550
NC_005773.3,SSG-LUGIA-P+center,5738851,5772750
NC_005773.3,SSG-LUGIA-F,106901,138200
NC_005773.3,SSG-LUGIA-F,703001,718200
NC_005773.3,SSG-LUGIA-F,871601,923300
NC_005773.3,SSG-LUGIA-F,955101,981800
NC_005773.3,SSG-LUGIA-F,1126801,1162900
NC_005773.3,SSG-LUGIA-F,2171401,2211600
NC_005773.3,SSG-LUGIA-F,2224601,2259000
NC_005773.3,SSG-LUGIA-F,3236001,3248700
NC_005773.3,SSG-LUGIA-F,3608101,3637000
NC_005773.3,SSG-LUGIA-F,4281201,4311400
NC_005773.3,SSG-LUGIA-F,4768001,4818000
NC_005773.3,SSG-LUGIA-F,4895201,4928900
NC_005773.3,SSG-LUGIA-F,5162901,5256400
NC_005773.3,SSG-LUGIA-F,5626901,5645400
NC_005773.3,SSG-LUGIA-F,5731201,5769000
NC_005773.3,SSG-LUGIA-F+center,111851,143150
NC_005773.3,SSG-LUGIA-F+center,707951,723150
NC_005773.3,SSG-LUGIA-F+center,876551,928250
NC_005773.3,SSG-LUGIA-F+center,960051,986750
NC_005773.3,SSG-LUGIA-F+center,1131751,1167850
NC_005773.3,SSG-LUGIA-F+center,2176351,2216550
NC_005773.3,SSG-LUGIA-F+center,2229551,2263950
NC_005773.3,SSG-LUGIA-F+center,3240951,3253650
NC_005773.3,SSG-LUGIA-F+center,3613051,3641950
NC_005773.3,SSG-LUGIA-F+center,4286151,4316350
NC_005773.3,SSG-LUGIA-F+center,4772951,4822950
NC_005773.3,SSG-LUGIA-F+center,4900151,4933850
NC_005773.3,SSG-LUGIA-F+center,5167851,5261350
NC_005773.3,SSG-LUGIA-F+center,5631851,5650350
NC_005773.3,SSG-LUGIA-F+center,5736151,5773950
NC_005773.3,SSG-LUGIA-R,103601,156700
NC_005773.3,SSG-LUGIA-R,178501,221200
NC_005773.3,SSG-LUGIA-R,413601,445000
NC_005773.3,SSG-LUGIA-R,540701,551800
NC_005773.3,SSG-LUGIA-R,567901,579800
NC_005773.3,SSG-LUGIA-R,587501,604600
NC_005773.3,SSG-LUGIA-R,700601,741600
NC_005773.3,SSG-LUGIA-R,784501,802900
NC_005773.3,SSG-LUGIA-R,866101,931900
NC_005773.3,SSG-LUGIA-R,946401,1002300
NC_005773.3,SSG-LUGIA-R,1039701,1058500
NC_005773.3,SSG-LUGIA-R,1113501,1173100
NC_005773.3,SSG-LUGIA-R,1314101,1349100
NC_005773.3,SSG-LUGIA-R,1467001,1515900
NC_005773.3,SSG-LUGIA-R,1672501,1691000
NC_005773.3,SSG-LUGIA-R,1837401,1856200
NC_005773.3,SSG-LUGIA-R,1882101,1911600
NC_005773.3,SSG-LUGIA-R,1944701,1974100
NC_005773.3,SSG-LUGIA-R,2014401,2064300
NC_005773.3,SSG-LUGIA-R,2150901,2277600
NC_005773.3,SSG-LUGIA-R,2335101,2390800
NC_005773.3,SSG-LUGIA-R,2619401,2662000
NC_005773.3,SSG-LUGIA-R,2846801,2872100
NC_005773.3,SSG-LUGIA-R,3210301,3254900
NC_005773.3,SSG-LUGIA-R,3338201,3365700
NC_005773.3,SSG-LUGIA-R,3593601,3664600
NC_005773.3,SSG-LUGIA-R,3674401,3690300
NC_005773.3,SSG-LUGIA-R,3812201,3828600
NC_005773.3,SSG-LUGIA-R,3879601,3922500
NC_005773.3,SSG-LUGIA-R,4106001,4142100
NC_005773.3,SSG-LUGIA-R,4186401,4201800
NC_005773.3,SSG-LUGIA-R,4210501,4227900
NC_005773.3,SSG-LUGIA-R,4271101,4325600
NC_005773.3,SSG-LUGIA-R,4365101,4395100
NC_005773.3,SSG-LUGIA-R,4533501,4570700
NC_005773.3,SSG-LUGIA-R,4686901,4713300
NC_005773.3,SSG-LUGIA-R,4760401,4832400
NC_005773.3,SSG-LUGIA-R,4889701,4934600
NC_005773.3,SSG-LUGIA-R,5049801,5077500
NC_005773.3,SSG-LUGIA-R,5155701,5262900
NC_005773.3,SSG-LUGIA-R,5298501,5317600
NC_005773.3,SSG-LUGIA-R,5361701,5394300
NC_005773.3,SSG-LUGIA-R,5603301,5661100
NC_005773.3,SSG-LUGIA-R,5693701,5709700
NC_005773.3,SSG-LUGIA-R,5724701,5772000
NC_005773.3,SSG-LUGIA-R+center,108551,161650
NC_005773.3,SSG-LUGIA-R+center,183451,226150
NC_005773.3,SSG-LUGIA-R+center,418551,449950
NC_005773.3,SSG-LUGIA-R+center,545651,556750
NC_005773.3,SSG-LUGIA-R+center,572851,584750
NC_005773.3,SSG-LUGIA-R+center,592451,609550
NC_005773.3,SSG-LUGIA-R+center,705551,746550
NC_005773.3,SSG-LUGIA-R+center,789451,807850
NC_005773.3,SSG-LUGIA-R+center,871051,936850
NC_005773.3,SSG-LUGIA-R+center,951351,1007250
NC_005773.3,SSG-LUGIA-R+center,1044651,1063450
NC_005773.3,SSG-LUGIA-R+center,1118451,1178050
NC_005773.3,SSG-LUGIA-R+center,1319051,1354050
NC_005773.3,SSG-LUGIA-R+center,1471951,1520850
NC_005773.3,SSG-LUGIA-R+center,1677451,1695950
NC_005773.3,SSG-LUGIA-R+center,1842351,1861150
NC_005773.3,SSG-LUGIA-R+center,1887051,1916550
NC_005773.3,SSG-LUGIA-R+center,1949651,1979050
NC_005773.3,SSG-LUGIA-R+center,2019351,2069250
NC_005773.3,SSG-LUGIA-R+center,2155851,2282550
NC_005773.3,SSG-LUGIA-R+center,2340051,2395750
NC_005773.3,SSG-LUGIA-R+center,2624351,2666950
NC_005773.3,SSG-LUGIA-R+center,2851751,2877050
NC_005773.3,SSG-LUGIA-R+center,3215251,3259850
NC_005773.3,SSG-LUGIA-R+center,3343151,3370650
NC_005773.3,SSG-LUGIA-R+center,3598551,3669550
NC_005773.3,SSG-LUGIA-R+center,3679351,3695250
NC_005773.3,SSG-LUGIA-R+center,3817151,3833550
NC_005773.3,SSG-LUGIA-R+center,3884551,3927450
NC_005773.3,SSG-LUGIA-R+center,4110951,4147050
NC_005773.3,SSG-LUGIA-R+center,4191351,4206750
NC_005773.3,SSG-LUGIA-R+center,4215451,4232850
NC_005773.3,SSG-LUGIA-R+center,4276051,4330550
NC_005773.3,SSG-LUGIA-R+center,4370051,4400050
NC_005773.3,SSG-LUGIA-R+center,4538451,4575650
NC_005773.3,SSG-LUGIA-R+center,4691851,4718250
NC_005773.3,SSG-LUGIA-R+center,4765351,4837350
NC_005773.3,SSG-LUGIA-R+center,4894651,4939550
NC_005773.3,SSG-LUGIA-R+center,5054751,5082450
NC_005773.3,SSG-LUGIA-R+center,5160651,5267850
NC_005773.3,SSG-LUGIA-R+center,5303451,5322550
NC_005773.3,SSG-LUGIA-R+center,5366651,5399250
NC_005773.3,SSG-LUGIA-R+center,5608251,5666050
NC_005773.3,SSG-LUGIA-R+center,5698651,5714650
NC_005773.3,SSG-LUGIA-R+center,5729651,5776950
NC_005945.1,SSG-LUGIA-P,301,13500
NC_005945.1,SSG-LUGIA-P,67001,154000
NC_005945.1,SSG-LUGIA-P,243001,299100
NC_005945.1,SSG-LUGIA-P,448801,473000
NC_005945.1,SSG-LUGIA-P,532301,549300
NC_005945.1,SSG-LUGIA-P,1510501,1530700
NC_005945.1,SSG-LUGIA-P,1565301,1606600
NC_005945.1,SSG-LUGIA-P,3454601,3501500
NC_005945.1,SSG-LUGIA-P,3749801,3779700
NC_005945.1,SSG-LUGIA-P+center,5251,18450
NC_005945.1,SSG-LUGIA-P+center,71951,158950
NC_005945.1,SSG-LUGIA-P+center,247951,304050
NC_005945.1,SSG-LUGIA-P+center,453751,477950
NC_005945.1,SSG-LUGIA-P+center,537251,554250
NC_005945.1,SSG-LUGIA-P+center,1515451,1535650
NC_005945.1,SSG-LUGIA-P+center,1570251,1611550
NC_005945.1,SSG-LUGIA-P+center,3459551,3506450
NC_005945.1,SSG-LUGIA-P+center,3754751,3784650
NC_005945.1,SSG-LUGIA-F,201,13800
NC_005945.1,SSG-LUGIA-F,65401,159000
NC_005945.1,SSG-LUGIA-F,239801,300400
NC_005945.1,SSG-LUGIA-F,448401,478100
NC_005945.1,SSG-LUGIA-F,531701,551700
NC_005945.1,SSG-LUGIA-F,737701,762900
NC_005945.1,SSG-LUGIA-F,1509601,1531700
NC_005945.1,SSG-LUGIA-F,1564001,1611800
NC_005945.1,SSG-LUGIA-F,2034501,2047000
NC_005945.1,SSG-LUGIA-F,3454201,3502400
NC_005945.1,SSG-LUGIA-F,3624801,3664200
NC_005945.1,SSG-LUGIA-F,3747701,3784900
NC_005945.1,SSG-LUGIA-F,5009301,5021700
NC_005945.1,SSG-LUGIA-F+center,5151,18750
NC_005945.1,SSG-LUGIA-F+center,70351,163950
NC_005945.1,SSG-LUGIA-F+center,244751,305350
NC_005945.1,SSG-LUGIA-F+center,453351,483050
NC_005945.1,SSG-LUGIA-F+center,536651,556650
NC_005945.1,SSG-LUGIA-F+center,742651,767850
NC_005945.1,SSG-LUGIA-F+center,1514551,1536650
NC_005945.1,SSG-LUGIA-F+center,1568951,1616750
NC_005945.1,SSG-LUGIA-F+center,2039451,2051950
NC_005945.1,SSG-LUGIA-F+center,3459151,3507350
NC_005945.1,SSG-LUGIA-F+center,3629751,3669150
NC_005945.1,SSG-LUGIA-F+center,3752651,3789850
NC_005945.1,SSG-LUGIA-F+center,5014251,5026650
NC_005945.1,SSG-LUGIA-R,1,14300
NC_005945.1,SSG-LUGIA-R,19401,41800
NC_005945.1,SSG-LUGIA-R,59201,180000
NC_005945.1,SSG-LUGIA-R,228201,310000
NC_005945.1,SSG-LUGIA-R,358201,373300
NC_005945.1,SSG-LUGIA-R,442801,483000
NC_005945.1,SSG-LUGIA-R,522701,572000
NC_005945.1,SSG-LUGIA-R,714301,775000
NC_005945.1,SSG-LUGIA-R,785101,801000
NC_005945.1,SSG-LUGIA-R,806701,832500
NC_005945.1,SSG-LUGIA-R,889901,908400
NC_005945.1,SSG-LUGIA-R,943001,956000
NC_005945.1,SSG-LUGIA-R,975701,992000
NC_005945.1,SSG-LUGIA-R,997701,1015200
NC_005945.1,SSG-LUGIA-R,1025201,1044300
NC_005945.1,SSG-LUGIA-R,1077501,1149600
NC_005945.1,SSG-LUGIA-R,1342801,1362200
NC_005945.1,SSG-LUGIA-R,1508201,1613600
NC_005945.1,SSG-LUGIA-R,2028601,2064900
NC_005945.1,SSG-LUGIA-R,2150401,2197700
NC_005945.1,SSG-LUGIA-R,2328701,2406800
NC_005945.1,SSG-LUGIA-R,2486301,2502200
NC_005945.1,SSG-LUGIA-R,2504501,2526100
NC_005945.1,SSG-LUGIA-R,2869601,2905100
NC_005945.1,SSG-LUGIA-R,3002001,3039400
NC_005945.1,SSG-LUGIA-R,3451501,3508300
NC_005945.1,SSG-LUGIA-R,3609501,3671900
NC_005945.1,SSG-LUGIA-R,3689001,3702400
NC_005945.1,SSG-LUGIA-R,3744301,3796900
NC_005945.1,SSG-LUGIA-R,4158101,4195200
NC_005945.1,SSG-LUGIA-R,4461601,4472700
NC_005945.1,SSG-LUGIA-R,4492501,4506200
NC_005945.1,SSG-LUGIA-R,4607001,4646000
NC_005945.1,SSG-LUGIA-R,4852601,4881400
NC_005945.1,SSG-LUGIA-R,4950201,5055200
NC_005945.1,SSG-LUGIA-R+center,4951,19250
NC_005945.1,SSG-LUGIA-R+center,24351,46750
NC_005945.1,SSG-LUGIA-R+center,64151,184950
NC_005945.1,SSG-LUGIA-R+center,233151,314950
NC_005945.1,SSG-LUGIA-R+center,363151,378250
NC_005945.1,SSG-LUGIA-R+center,447751,487950
NC_005945.1,SSG-LUGIA-R+center,527651,576950
NC_005945.1,SSG-LUGIA-R+center,719251,779950
NC_005945.1,SSG-LUGIA-R+center,790051,805950
NC_005945.1,SSG-LUGIA-R+center,811651,837450
NC_005945.1,SSG-LUGIA-R+center,894851,913350
NC_005945.1,SSG-LUGIA-R+center,947951,960950
NC_005945.1,SSG-LUGIA-R+center,980651,996950
NC_005945.1,SSG-LUGIA-R+center,1002651,1020150
NC_005945.1,SSG-LUGIA-R+center,1030151,1049250
NC_005945.1,SSG-LUGIA-R+center,1082451,1154550
NC_005945.1,SSG-LUGIA-R+center,1347751,1367150
NC_005945.1,SSG-LUGIA-R+center,1513151,1618550
NC_005945.1,SSG-LUGIA-R+center,2033551,2069850
NC_005945.1,SSG-LUGIA-R+center,2155351,2202650
NC_005945.1,SSG-LUGIA-R+center,2333651,2411750
NC_005945.1,SSG-LUGIA-R+center,2491251,2507150
NC_005945.1,SSG-LUGIA-R+center,2509451,2531050
NC_005945.1,SSG-LUGIA-R+center,2874551,2910050
NC_005945.1,SSG-LUGIA-R+center,3006951,3044350
NC_005945.1,SSG-LUGIA-R+center,3456451,3513250
NC_005945.1,SSG-LUGIA-R+center,3614451,3676850
NC_005945.1,SSG-LUGIA-R+center,3693951,3707350
NC_005945.1,SSG-LUGIA-R+center,3749251,3801850
NC_005945.1,SSG-LUGIA-R+center,4163051,4200150
NC_005945.1,SSG-LUGIA-R+center,4466551,4477650
NC_005945.1,SSG-LUGIA-R+center,4497451,4511150
NC_005945.1,SSG-LUGIA-R+center,4611951,4650950
NC_005945.1,SSG-LUGIA-R+center,4857551,4886350
NC_005945.1,SSG-LUGIA-R+center,4955151,5060150
NC_006155.1,SSG-LUGIA-P,314501,347600
NC_006155.1,SSG-LUGIA-P,1767901,1813700
NC_006155.1,SSG-LUGIA-P,1914401,1944200
NC_006155.1,SSG-LUGIA-P,2102201,2122900
NC_006155.1,SSG-LUGIA-P,3690301,3710400
NC_006155.1,SSG-LUGIA-P,4088201,4116100
NC_006155.1,SSG-LUGIA-P,4294401,4317200
NC_006155.1,SSG-LUGIA-P,4372401,4386700
NC_006155.1,SSG-LUGIA-P+center,319451,352550
NC_006155.1,SSG-LUGIA-P+center,1772851,1818650
NC_006155.1,SSG-LUGIA-P+center,1919351,1949150
NC_006155.1,SSG-LUGIA-P+center,2107151,2127850
NC_006155.1,SSG-LUGIA-P+center,3695251,3715350
NC_006155.1,SSG-LUGIA-P+center,4093151,4121050
NC_006155.1,SSG-LUGIA-P+center,4299351,4322150
NC_006155.1,SSG-LUGIA-P+center,4377351,4391650
NC_006155.1,SSG-LUGIA-F,5501,15500
NC_006155.1,SSG-LUGIA-F,309901,349200
NC_006155.1,SSG-LUGIA-F,366601,378400
NC_006155.1,SSG-LUGIA-F,1193501,1215300
NC_006155.1,SSG-LUGIA-F,1764701,1814800
NC_006155.1,SSG-LUGIA-F,1913301,1944800
NC_006155.1,SSG-LUGIA-F,2099401,2126200
NC_006155.1,SSG-LUGIA-F,2199201,2226500
NC_006155.1,SSG-LUGIA-F,3328401,3366200
NC_006155.1,SSG-LUGIA-F,3597001,3618300
NC_006155.1,SSG-LUGIA-F,3689301,3711200
NC_006155.1,SSG-LUGIA-F,3794701,3829300
NC_006155.1,SSG-LUGIA-F,3848701,3875700
NC_006155.1,SSG-LUGIA-F,3937101,3971800
NC_006155.1,SSG-LUGIA-F,4085301,4116900
NC_006155.1,SSG-LUGIA-F,4292401,4318500
NC_006155.1,SSG-LUGIA-F,4370201,4388600
NC_006155.1,SSG-LUGIA-F+center,10451,20450
NC_006155.1,SSG-LUGIA-F+center,314851,354150
NC_006155.1,SSG-LUGIA-F+center,371551,383350
NC_006155.1,SSG-LUGIA-F+center,1198451,1220250
NC_006155.1,SSG-LUGIA-F+center,1769651,1819750
NC_006155.1,SSG-LUGIA-F+center,1918251,1949750
NC_006155.1,SSG-LUGIA-F+center,2104351,2131150
NC_006155.1,SSG-LUGIA-F+center,2204151,2231450
NC_006155.1,SSG-LUGIA-F+center,3333351,3371150
NC_006155.1,SSG-LUGIA-F+center,3601951,3623250
NC_006155.1,SSG-LUGIA-F+center,3694251,3716150
NC_006155.1,SSG-LUGIA-F+center,3799651,3834250
NC_006155.1,SSG-LUGIA-F+center,3853651,3880650
NC_006155.1,SSG-LUGIA-F+center,3942051,3976750
NC_006155.1,SSG-LUGIA-F+center,4090251,4121850
NC_006155.1,SSG-LUGIA-F+center,4297351,4323450
NC_006155.1,SSG-LUGIA-F+center,4375151,4393550
NC_006155.1,SSG-LUGIA-R,4601,16500
NC_006155.1,SSG-LUGIA-R,151801,172600
NC_006155.1,SSG-LUGIA-R,184801,199900
NC_006155.1,SSG-LUGIA-R,300301,360400
NC_006155.1,SSG-LUGIA-R,361701,393800
NC_006155.1,SSG-LUGIA-R,553901,588100
NC_006155.1,SSG-LUGIA-R,634601,647100
NC_006155.1,SSG-LUGIA-R,711301,734900
NC_006155.1,SSG-LUGIA-R,807401,871300
NC_006155.1,SSG-LUGIA-R,888401,898800
NC_006155.1,SSG-LUGIA-R,1023601,1041900
NC_006155.1,SSG-LUGIA-R,1048201,1157300
NC_006155.1,SSG-LUGIA-R,1188001,1220500
NC_006155.1,SSG-LUGIA-R,1255701,1304500
NC_006155.1,SSG-LUGIA-R,1372801,1394200
NC_006155.1,SSG-LUGIA-R,1437801,1467600
NC_006155.1,SSG-LUGIA-R,1497201,1521000
NC_006155.1,SSG-LUGIA-R,1560601,1594400
NC_006155.1,SSG-LUGIA-R,1677901,1713300
NC_006155.1,SSG-LUGIA-R,1758101,1818100
NC_006155.1,SSG-LUGIA-R,1908501,1948800
NC_006155.1,SSG-LUGIA-R,2030301,2048600
NC_006155.1,SSG-LUGIA-R,2086601,2145100
NC_006155.1,SSG-LUGIA-R,2169601,2234500
NC_006155.1,SSG-LUGIA-R,2314201,2335100
NC_006155.1,SSG-LUGIA-R,2455401,2485800
NC_006155.1,SSG-LUGIA-R,2967001,3010000
NC_006155.1,SSG-LUGIA-R,3316601,3378800
NC_006155.1,SSG-LUGIA-R,3593701,3635100
NC_006155.1,SSG-LUGIA-R,3677201,3721900
NC_006155.1,SSG-LUGIA-R,3784801,3921800
NC_006155.1,SSG-LUGIA-R,3930101,4009400
NC_006155.1,SSG-LUGIA-R,4070001,4127100
NC_006155.1,SSG-LUGIA-R,4280701,4321500
NC_006155.1,SSG-LUGIA-R,4349201,4400900
NC_006155.1,SSG-LUGIA-R,4503701,4524100
NC_006155.1,SSG-LUGIA-R,4600101,4633900
NC_006155.1,SSG-LUGIA-R,4717701,4734700
NC_006155.1,SSG-LUGIA-R+center,9551,21450
NC_006155.1,SSG-LUGIA-R+center,156751,177550
NC_006155.1,SSG-LUGIA-R+center,189751,204850
NC_006155.1,SSG-LUGIA-R+center,305251,365350
NC_006155.1,SSG-LUGIA-R+center,366651,398750
NC_006155.1,SSG-LUGIA-R+center,558851,593050
NC_006155.1,SSG-LUGIA-R+center,639551,652050
NC_006155.1,SSG-LUGIA-R+center,716251,739850
NC_006155.1,SSG-LUGIA-R+center,812351,876250
NC_006155.1,SSG-LUGIA-R+center,893351,903750
NC_006155.1,SSG-LUGIA-R+center,1028551,1046850
NC_006155.1,SSG-LUGIA-R+center,1053151,1162250
NC_006155.1,SSG-LUGIA-R+center,1192951,1225450
NC_006155.1,SSG-LUGIA-R+center,1260651,1309450
NC_006155.1,SSG-LUGIA-R+center,1377751,1399150
NC_006155.1,SSG-LUGIA-R+center,1442751,1472550
NC_006155.1,SSG-LUGIA-R+center,1502151,1525950
NC_006155.1,SSG-LUGIA-R+center,1565551,1599350
NC_006155.1,SSG-LUGIA-R+center,1682851,1718250
NC_006155.1,SSG-LUGIA-R+center,1763051,1823050
NC_006155.1,SSG-LUGIA-R+center,1913451,1953750
NC_006155.1,SSG-LUGIA-R+center,2035251,2053550
NC_006155.1,SSG-LUGIA-R+center,2091551,2150050
NC_006155.1,SSG-LUGIA-R+center,2174551,2239450
NC_006155.1,SSG-LUGIA-R+center,2319151,2340050
NC_006155.1,SSG-LUGIA-R+center,2460351,2490750
NC_006155.1,SSG-LUGIA-R+center,2971951,3014950
NC_006155.1,SSG-LUGIA-R+center,3321551,3383750
NC_006155.1,SSG-LUGIA-R+center,3598651,3640050
NC_006155.1,SSG-LUGIA-R+center,3682151,3726850
NC_006155.1,SSG-LUGIA-R+center,3789751,3926750
NC_006155.1,SSG-LUGIA-R+center,3935051,4014350
NC_006155.1,SSG-LUGIA-R+center,4074951,4132050
NC_006155.1,SSG-LUGIA-R+center,4285651,4326450
NC_006155.1,SSG-LUGIA-R+center,4354151,4405850
NC_006155.1,SSG-LUGIA-R+center,4508651,4529050
NC_006155.1,SSG-LUGIA-R+center,4605051,4638850
NC_006155.1,SSG-LUGIA-R+center,4722651,4739650
NC_006350.1,SSG-LUGIA-P,594801,651900
NC_006350.1,SSG-LUGIA-P,841701,894800
NC_006350.1,SSG-LUGIA-P,1084601,1108400
NC_006350.1,SSG-LUGIA-P,1408601,1419500
NC_006350.1,SSG-LUGIA-P,1879601,1996500
NC_006350.1,SSG-LUGIA-P,2080301,2120900
NC_006350.1,SSG-LUGIA-P,3334201,3354400
NC_006350.1,SSG-LUGIA-P,3790901,3834000
NC_006350.1,SSG-LUGIA-P+center,599751,656850
NC_006350.1,SSG-LUGIA-P+center,846651,899750
NC_006350.1,SSG-LUGIA-P+center,1089551,1113350
NC_006350.1,SSG-LUGIA-P+center,1413551,1424450
NC_006350.1,SSG-LUGIA-P+center,1884551,2001450
NC_006350.1,SSG-LUGIA-P+center,2085251,2125850
NC_006350.1,SSG-LUGIA-P+center,3339151,3359350
NC_006350.1,SSG-LUGIA-P+center,3795851,3838950
NC_006350.1,SSG-LUGIA-F,98101,109700
NC_006350.1,SSG-LUGIA-F,594201,654100
NC_006350.1,SSG-LUGIA-F,834601,897700
NC_006350.1,SSG-LUGIA-F,1084001,1109400
NC_006350.1,SSG-LUGIA-F,1402801,1421300
NC_006350.1,SSG-LUGIA-F,1872601,2015300
NC_006350.1,SSG-LUGIA-F,2078201,2121800
NC_006350.1,SSG-LUGIA-F,3203701,3217200
NC_006350.1,SSG-LUGIA-F,3329601,3355400
NC_006350.1,SSG-LUGIA-F,3703301,3723600
NC_006350.1,SSG-LUGIA-F,3788801,3836400
NC_006350.1,SSG-LUGIA-F,3863001,3884700
NC_006350.1,SSG-LUGIA-F,4029701,4049900
NC_006350.1,SSG-LUGIA-F+center,103051,114650
NC_006350.1,SSG-LUGIA-F+center,599151,659050
NC_006350.1,SSG-LUGIA-F+center,839551,902650
NC_006350.1,SSG-LUGIA-F+center,1088951,1114350
NC_006350.1,SSG-LUGIA-F+center,1407751,1426250
NC_006350.1,SSG-LUGIA-F+center,1877551,2020250
NC_006350.1,SSG-LUGIA-F+center,2083151,2126750
NC_006350.1,SSG-LUGIA-F+center,3208651,3222150
NC_006350.1,SSG-LUGIA-F+center,3334551,3360350
NC_006350.1,SSG-LUGIA-F+center,3708251,3728550
NC_006350.1,SSG-LUGIA-F+center,3793751,3841350
NC_006350.1,SSG-LUGIA-F+center,3867951,3889650
NC_006350.1,SSG-LUGIA-F+center,4034651,4054850
NC_006350.1,SSG-LUGIA-R,72001,119700
NC_006350.1,SSG-LUGIA-R,126401,143000
NC_006350.1,SSG-LUGIA-R,153801,167300
NC_006350.1,SSG-LUGIA-R,500001,534100
NC_006350.1,SSG-LUGIA-R,584901,665300
NC_006350.1,SSG-LUGIA-R,812501,903700
NC_006350.1,SSG-LUGIA-R,1082901,1121500
NC_006350.1,SSG-LUGIA-R,1202901,1231200
NC_006350.1,SSG-LUGIA-R,1285501,1329500
NC_006350.1,SSG-LUGIA-R,1330401,1345800
NC_006350.1,SSG-LUGIA-R,1369801,1455100
NC_006350.1,SSG-LUGIA-R,1466201,1483400
NC_006350.1,SSG-LUGIA-R,1531801,1549000
NC_006350.1,SSG-LUGIA-R,1562401,1572400
NC_006350.1,SSG-LUGIA-R,1590201,1604000
NC_006350.1,SSG-LUGIA-R,1605501,1632900
NC_006350.1,SSG-LUGIA-R,1863901,2032200
NC_006350.1,SSG-LUGIA-R,2054901,2128600
NC_006350.1,SSG-LUGIA-R,2147901,2173600
NC_006350.1,SSG-LUGIA-R,2248001,2318400
NC_006350.1,SSG-LUGIA-R,2368101,2382000
NC_006350.1,SSG-LUGIA-R,2421301,2496700
NC_006350.1,SSG-LUGIA-R,3200601,3224700
NC_006350.1,SSG-LUGIA-R,3232201,3242200
NC_006350.1,SSG-LUGIA-R,3291501,3362700
NC_006350.1,SSG-LUGIA-R,3603801,3625400
NC_006350.1,SSG-LUGIA-R,3687901,3727000
NC_006350.1,SSG-LUGIA-R,3787801,3891900
NC_006350.1,SSG-LUGIA-R,3942201,3981900
NC_006350.1,SSG-LUGIA-R,4026401,4054000
NC_006350.1,SSG-LUGIA-R+center,76951,124650
NC_006350.1,SSG-LUGIA-R+center,131351,147950
NC_006350.1,SSG-LUGIA-R+center,158751,172250
NC_006350.1,SSG-LUGIA-R+center,504951,539050
NC_006350.1,SSG-LUGIA-R+center,589851,670250
NC_006350.1,SSG-LUGIA-R+center,817451,908650
NC_006350.1,SSG-LUGIA-R+center,1087851,1126450
NC_006350.1,SSG-LUGIA-R+center,1207851,1236150
NC_006350.1,SSG-LUGIA-R+center,1290451,1334450
NC_006350.1,SSG-LUGIA-R+center,1335351,1350750
NC_006350.1,SSG-LUGIA-R+center,1374751,1460050
NC_006350.1,SSG-LUGIA-R+center,1471151,1488350
NC_006350.1,SSG-LUGIA-R+center,1536751,1553950
NC_006350.1,SSG-LUGIA-R+center,1567351,1577350
NC_006350.1,SSG-LUGIA-R+center,1595151,1608950
NC_006350.1,SSG-LUGIA-R+center,1610451,1637850
NC_006350.1,SSG-LUGIA-R+center,1868851,2037150
NC_006350.1,SSG-LUGIA-R+center,2059851,2133550
NC_006350.1,SSG-LUGIA-R+center,2152851,2178550
NC_006350.1,SSG-LUGIA-R+center,2252951,2323350
NC_006350.1,SSG-LUGIA-R+center,2373051,2386950
NC_006350.1,SSG-LUGIA-R+center,2426251,2501650
NC_006350.1,SSG-LUGIA-R+center,3205551,3229650
NC_006350.1,SSG-LUGIA-R+center,3237151,3247150
NC_006350.1,SSG-LUGIA-R+center,3296451,3367650
NC_006350.1,SSG-LUGIA-R+center,3608751,3630350
NC_006350.1,SSG-LUGIA-R+center,3692851,3731950
NC_006350.1,SSG-LUGIA-R+center,3792751,3896850
NC_006350.1,SSG-LUGIA-R+center,3947151,3986850
NC_006350.1,SSG-LUGIA-R+center,4031351,4058950
NC_006511.1,SSG-LUGIA-P,855501,881100
NC_006511.1,SSG-LUGIA-P,1508601,1529900
NC_006511.1,SSG-LUGIA-P,2471201,2518600
NC_006511.1,SSG-LUGIA-P,2541801,2604300
NC_006511.1,SSG-LUGIA-P,2648201,2725900
NC_006511.1,SSG-LUGIA-P,2818101,2853900
NC_006511.1,SSG-LUGIA-P,4120401,4139300
NC_006511.1,SSG-LUGIA-P,4226301,4251400
NC_006511.1,SSG-LUGIA-P,4463301,4491200
NC_006511.1,SSG-LUGIA-P+center,860451,886050
NC_006511.1,SSG-LUGIA-P+center,1513551,1534850
NC_006511.1,SSG-LUGIA-P+center,2476151,2523550
NC_006511.1,SSG-LUGIA-P+center,2546751,2609250
NC_006511.1,SSG-LUGIA-P+center,2653151,2730850
NC_006511.1,SSG-LUGIA-P+center,2823051,2858850
NC_006511.1,SSG-LUGIA-P+center,4125351,4144250
NC_006511.1,SSG-LUGIA-P+center,4231251,4256350
NC_006511.1,SSG-LUGIA-P+center,4468251,4496150
NC_006511.1,SSG-LUGIA-F,384701,416200
NC_006511.1,SSG-LUGIA-F,799801,814000
NC_006511.1,SSG-LUGIA-F,847601,881600
NC_006511.1,SSG-LUGIA-F,922601,940100
NC_006511.1,SSG-LUGIA-F,1064201,1085200
NC_006511.1,SSG-LUGIA-F,1505101,1530500
NC_006511.1,SSG-LUGIA-F,2465301,2519600
NC_006511.1,SSG-LUGIA-F,2540301,2609600
NC_006511.1,SSG-LUGIA-F,2645701,2732700
NC_006511.1,SSG-LUGIA-F,2811701,2856800
NC_006511.1,SSG-LUGIA-F,3374901,3389900
NC_006511.1,SSG-LUGIA-F,4118001,4153100
NC_006511.1,SSG-LUGIA-F,4225301,4251700
NC_006511.1,SSG-LUGIA-F,4459601,4492800
NC_006511.1,SSG-LUGIA-F+center,389651,421150
NC_006511.1,SSG-LUGIA-F+center,804751,818950
NC_006511.1,SSG-LUGIA-F+center,852551,886550
NC_006511.1,SSG-LUGIA-F+center,927551,945050
NC_006511.1,SSG-LUGIA-F+center,1069151,1090150
NC_006511.1,SSG-LUGIA-F+center,1510051,1535450
NC_006511.1,SSG-LUGIA-F+center,2470251,2524550
NC_006511.1,SSG-LUGIA-F+center,2545251,2614550
NC_006511.1,SSG-LUGIA-F+center,2650651,2737650
NC_006511.1,SSG-LUGIA-F+center,2816651,2861750
NC_006511.1,SSG-LUGIA-F+center,3379851,3394850
NC_006511.1,SSG-LUGIA-F+center,4122951,4158050
NC_006511.1,SSG-LUGIA-F+center,4230251,4256650
NC_006511.1,SSG-LUGIA-F+center,4464551,4497750
NC_006511.1,SSG-LUGIA-R,3401,16600
NC_006511.1,SSG-LUGIA-R,20001,47900
NC_006511.1,SSG-LUGIA-R,60801,81900
NC_006511.1,SSG-LUGIA-R,371301,433200
NC_006511.1,SSG-LUGIA-R,606201,633800
NC_006511.1,SSG-LUGIA-R,665001,686000
NC_006511.1,SSG-LUGIA-R,784801,885300
NC_006511.1,SSG-LUGIA-R,908601,959800
NC_006511.1,SSG-LUGIA-R,1063101,1094700
NC_006511.1,SSG-LUGIA-R,1177801,1197300
NC_006511.1,SSG-LUGIA-R,1504001,1535400
NC_006511.1,SSG-LUGIA-R,1644101,1673500
NC_006511.1,SSG-LUGIA-R,1813501,1829700
NC_006511.1,SSG-LUGIA-R,1889701,1917300
NC_006511.1,SSG-LUGIA-R,2075101,2115800
NC_006511.1,SSG-LUGIA-R,2228601,2293700
NC_006511.1,SSG-LUGIA-R,2354801,2378600
NC_006511.1,SSG-LUGIA-R,2454301,2614000
NC_006511.1,SSG-LUGIA-R,2640701,2749900
NC_006511.1,SSG-LUGIA-R,2799201,2863300
NC_006511.1,SSG-LUGIA-R,3370901,3397300
NC_006511.1,SSG-LUGIA-R,3509801,3539600
NC_006511.1,SSG-LUGIA-R,3676501,3689700
NC_006511.1,SSG-LUGIA-R,3702601,3760500
NC_006511.1,SSG-LUGIA-R,3776901,3790800
NC_006511.1,SSG-LUGIA-R,3848401,3864500
NC_006511.1,SSG-LUGIA-R,3979401,3989600
NC_006511.1,SSG-LUGIA-R,4109501,4157100
NC_006511.1,SSG-LUGIA-R,4224501,4257300
NC_006511.1,SSG-LUGIA-R,4449801,4509100
NC_006511.1,SSG-LUGIA-R+center,8351,21550
NC_006511.1,SSG-LUGIA-R+center,24951,52850
NC_006511.1,SSG-LUGIA-R+center,65751,86850
NC_006511.1,SSG-LUGIA-R+center,376251,438150
NC_006511.1,SSG-LUGIA-R+center,611151,638750
NC_006511.1,SSG-LUGIA-R+center,669951,690950
NC_006511.1,SSG-LUGIA-R+center,789751,890250
NC_006511.1,SSG-LUGIA-R+center,913551,964750
NC_006511.1,SSG-LUGIA-R+center,1068051,1099650
NC_006511.1,SSG-LUGIA-R+center,1182751,1202250
NC_006511.1,SSG-LUGIA-R+center,1508951,1540350
NC_006511.1,SSG-LUGIA-R+center,1649051,1678450
NC_006511.1,SSG-LUGIA-R+center,1818451,1834650
NC_006511.1,SSG-LUGIA-R+center,1894651,1922250
NC_006511.1,SSG-LUGIA-R+center,2080051,2120750
NC_006511.1,SSG-LUGIA-R+center,2233551,2298650
NC_006511.1,SSG-LUGIA-R+center,2359751,2383550
NC_006511.1,SSG-LUGIA-R+center,2459251,2618950
NC_006511.1,SSG-LUGIA-R+center,2645651,2754850
NC_006511.1,SSG-LUGIA-R+center,2804151,2868250
NC_006511.1,SSG-LUGIA-R+center,3375851,3402250
NC_006511.1,SSG-LUGIA-R+center,3514751,3544550
NC_006511.1,SSG-LUGIA-R+center,3681451,3694650
NC_006511.1,SSG-LUGIA-R+center,3707551,3765450
NC_006511.1,SSG-LUGIA-R+center,3781851,3795750
NC_006511.1,SSG-LUGIA-R+center,3853351,3869450
NC_006511.1,SSG-LUGIA-R+center,3984351,3994550
NC_006511.1,SSG-LUGIA-R+center,4114451,4162050
NC_006511.1,SSG-LUGIA-R+center,4229451,4262250
NC_006511.1,SSG-LUGIA-R+center,4454751,4514050
NC_007146.2,SSG-LUGIA-P,122101,136500
NC_007146.2,SSG-LUGIA-P,674301,691700
NC_007146.2,SSG-LUGIA-P,1409701,1454400
NC_007146.2,SSG-LUGIA-P,1695301,1718400
NC_007146.2,SSG-LUGIA-P,1893401,1904500
NC_007146.2,SSG-LUGIA-P+center,127051,141450
NC_007146.2,SSG-LUGIA-P+center,679251,696650
NC_007146.2,SSG-LUGIA-P+center,1414651,1459350
NC_007146.2,SSG-LUGIA-P+center,1700251,1723350
NC_007146.2,SSG-LUGIA-P+center,1898351,1909450
NC_007146.2,SSG-LUGIA-F,101601,140700
NC_007146.2,SSG-LUGIA-F,671501,695400
NC_007146.2,SSG-LUGIA-F,902801,918700
NC_007146.2,SSG-LUGIA-F,1405401,1460900
NC_007146.2,SSG-LUGIA-F,1692701,1719000
NC_007146.2,SSG-LUGIA-F,1893201,1904500
NC_007146.2,SSG-LUGIA-F+center,106551,145650
NC_007146.2,SSG-LUGIA-F+center,676451,700350
NC_007146.2,SSG-LUGIA-F+center,907751,923650
NC_007146.2,SSG-LUGIA-F+center,1410351,1465850
NC_007146.2,SSG-LUGIA-F+center,1697651,1723950
NC_007146.2,SSG-LUGIA-F+center,1898151,1909450
NC_007146.2,SSG-LUGIA-R,45401,65800
NC_007146.2,SSG-LUGIA-R,74901,146600
NC_007146.2,SSG-LUGIA-R,276501,310400
NC_007146.2,SSG-LUGIA-R,668601,706900
NC_007146.2,SSG-LUGIA-R,801901,846700
NC_007146.2,SSG-LUGIA-R,896901,925100
NC_007146.2,SSG-LUGIA-R,1099201,1131200
NC_007146.2,SSG-LUGIA-R,1370401,1471800
NC_007146.2,SSG-LUGIA-R,1523601,1539700
NC_007146.2,SSG-LUGIA-R,1610701,1650100
NC_007146.2,SSG-LUGIA-R,1685801,1720900
NC_007146.2,SSG-LUGIA-R,1825401,1884500
NC_007146.2,SSG-LUGIA-R,1892101,1904500
NC_007146.2,SSG-LUGIA-R+center,50351,70750
NC_007146.2,SSG-LUGIA-R+center,79851,151550
NC_007146.2,SSG-LUGIA-R+center,281451,315350
NC_007146.2,SSG-LUGIA-R+center,673551,711850
NC_007146.2,SSG-LUGIA-R+center,806851,851650
NC_007146.2,SSG-LUGIA-R+center,901851,930050
NC_007146.2,SSG-LUGIA-R+center,1104151,1136150
NC_007146.2,SSG-LUGIA-R+center,1375351,1476750
NC_007146.2,SSG-LUGIA-R+center,1528551,1544650
NC_007146.2,SSG-LUGIA-R+center,1615651,1655050
NC_007146.2,SSG-LUGIA-R+center,1690751,1725850
NC_007146.2,SSG-LUGIA-R+center,1830351,1889450
NC_007146.2,SSG-LUGIA-R+center,1897051,1909450
NC_006905.1,SSG-LUGIA-P,292901,420700
NC_006905.1,SSG-LUGIA-P,1082201,1112900
NC_006905.1,SSG-LUGIA-P,1303101,1363800
NC_006905.1,SSG-LUGIA-P,1510201,1531600
NC_006905.1,SSG-LUGIA-P,2744301,2785400
NC_006905.1,SSG-LUGIA-P,2960901,2994900
NC_006905.1,SSG-LUGIA-P,3524901,3536500
NC_006905.1,SSG-LUGIA-P,4405901,4433400
NC_006905.1,SSG-LUGIA-P,4639201,4659500
NC_006905.1,SSG-LUGIA-P+center,297851,425650
NC_006905.1,SSG-LUGIA-P+center,1087151,1117850
NC_006905.1,SSG-LUGIA-P+center,1308051,1368750
NC_006905.1,SSG-LUGIA-P+center,1515151,1536550
NC_006905.1,SSG-LUGIA-P+center,2749251,2790350
NC_006905.1,SSG-LUGIA-P+center,2965851,2999850
NC_006905.1,SSG-LUGIA-P+center,3529851,3541450
NC_006905.1,SSG-LUGIA-P+center,4410851,4438350
NC_006905.1,SSG-LUGIA-P+center,4644151,4664450
NC_006905.1,SSG-LUGIA-F,289501,425500
NC_006905.1,SSG-LUGIA-F,1075601,1116300
NC_006905.1,SSG-LUGIA-F,1302001,1366300
NC_006905.1,SSG-LUGIA-F,1509401,1534200
NC_006905.1,SSG-LUGIA-F,1963701,1984500
NC_006905.1,SSG-LUGIA-F,2124001,2135300
NC_006905.1,SSG-LUGIA-F,2225801,2248100
NC_006905.1,SSG-LUGIA-F,2640801,2668500
NC_006905.1,SSG-LUGIA-F,2743301,2797600
NC_006905.1,SSG-LUGIA-F,2852301,2866300
NC_006905.1,SSG-LUGIA-F,2954201,2995900
NC_006905.1,SSG-LUGIA-F,3522601,3538700
NC_006905.1,SSG-LUGIA-F,4278701,4311800
NC_006905.1,SSG-LUGIA-F,4405101,4434400
NC_006905.1,SSG-LUGIA-F,4638701,4661700
NC_006905.1,SSG-LUGIA-F+center,294451,430450
NC_006905.1,SSG-LUGIA-F+center,1080551,1121250
NC_006905.1,SSG-LUGIA-F+center,1306951,1371250
NC_006905.1,SSG-LUGIA-F+center,1514351,1539150
NC_006905.1,SSG-LUGIA-F+center,1968651,1989450
NC_006905.1,SSG-LUGIA-F+center,2128951,2140250
NC_006905.1,SSG-LUGIA-F+center,2230751,2253050
NC_006905.1,SSG-LUGIA-F+center,2645751,2673450
NC_006905.1,SSG-LUGIA-F+center,2748251,2802550
NC_006905.1,SSG-LUGIA-F+center,2857251,2871250
NC_006905.1,SSG-LUGIA-F+center,2959151,3000850
NC_006905.1,SSG-LUGIA-F+center,3527551,3543650
NC_006905.1,SSG-LUGIA-F+center,4283651,4316750
NC_006905.1,SSG-LUGIA-F+center,4410051,4439350
NC_006905.1,SSG-LUGIA-F+center,4643651,4666650
NC_006905.1,SSG-LUGIA-R,3401,16500
NC_006905.1,SSG-LUGIA-R,20001,51300
NC_006905.1,SSG-LUGIA-R,54001,85700
NC_006905.1,SSG-LUGIA-R,115201,133600
NC_006905.1,SSG-LUGIA-R,202401,218000
NC_006905.1,SSG-LUGIA-R,275601,434700
NC_006905.1,SSG-LUGIA-R,632901,649800
NC_006905.1,SSG-LUGIA-R,809101,876000
NC_006905.1,SSG-LUGIA-R,1014601,1036800
NC_006905.1,SSG-LUGIA-R,1062701,1121000
NC_006905.1,SSG-LUGIA-R,1183801,1196200
NC_006905.1,SSG-LUGIA-R,1295401,1373200
NC_006905.1,SSG-LUGIA-R,1503501,1535900
NC_006905.1,SSG-LUGIA-R,1955101,1986100
NC_006905.1,SSG-LUGIA-R,2092101,2145600
NC_006905.1,SSG-LUGIA-R,2168501,2260300
NC_006905.1,SSG-LUGIA-R,2341701,2378300
NC_006905.1,SSG-LUGIA-R,2624201,2684600
NC_006905.1,SSG-LUGIA-R,2734501,2804800
NC_006905.1,SSG-LUGIA-R,2839901,2887900
NC_006905.1,SSG-LUGIA-R,2937201,3003100
NC_006905.1,SSG-LUGIA-R,3514901,3546300
NC_006905.1,SSG-LUGIA-R,3926901,3941900
NC_006905.1,SSG-LUGIA-R,3999201,4023400
NC_006905.1,SSG-LUGIA-R,4135001,4145200
NC_006905.1,SSG-LUGIA-R,4277601,4317200
NC_006905.1,SSG-LUGIA-R,4333701,4347800
NC_006905.1,SSG-LUGIA-R,4404301,4442300
NC_006905.1,SSG-LUGIA-R,4497601,4508300
NC_006905.1,SSG-LUGIA-R,4635501,4676700
NC_006905.1,SSG-LUGIA-R+center,8351,21450
NC_006905.1,SSG-LUGIA-R+center,24951,56250
NC_006905.1,SSG-LUGIA-R+center,58951,90650
NC_006905.1,SSG-LUGIA-R+center,120151,138550
NC_006905.1,SSG-LUGIA-R+center,207351,222950
NC_006905.1,SSG-LUGIA-R+center,280551,439650
NC_006905.1,SSG-LUGIA-R+center,637851,654750
NC_006905.1,SSG-LUGIA-R+center,814051,880950
NC_006905.1,SSG-LUGIA-R+center,1019551,1041750
NC_006905.1,SSG-LUGIA-R+center,1067651,1125950
NC_006905.1,SSG-LUGIA-R+center,1188751,1201150
NC_006905.1,SSG-LUGIA-R+center,1300351,1378150
NC_006905.1,SSG-LUGIA-R+center,1508451,1540850
NC_006905.1,SSG-LUGIA-R+center,1960051,1991050
NC_006905.1,SSG-LUGIA-R+center,2097051,2150550
NC_006905.1,SSG-LUGIA-R+center,2173451,2265250
NC_006905.1,SSG-LUGIA-R+center,2346651,2383250
NC_006905.1,SSG-LUGIA-R+center,2629151,2689550
NC_006905.1,SSG-LUGIA-R+center,2739451,2809750
NC_006905.1,SSG-LUGIA-R+center,2844851,2892850
NC_006905.1,SSG-LUGIA-R+center,2942151,3008050
NC_006905.1,SSG-LUGIA-R+center,3519851,3551250
NC_006905.1,SSG-LUGIA-R+center,3931851,3946850
NC_006905.1,SSG-LUGIA-R+center,4004151,4028350
NC_006905.1,SSG-LUGIA-R+center,4139951,4150150
NC_006905.1,SSG-LUGIA-R+center,4282551,4322150
NC_006905.1,SSG-LUGIA-R+center,4338651,4352750
NC_006905.1,SSG-LUGIA-R+center,4409251,4447250
NC_006905.1,SSG-LUGIA-R+center,4502551,4513250
NC_006905.1,SSG-LUGIA-R+center,4640451,4681650
NC_007297.1,SSG-LUGIA-P,10101,31500
NC_007297.1,SSG-LUGIA-P,53801,91700
NC_007297.1,SSG-LUGIA-P,984801,1010100
NC_007297.1,SSG-LUGIA-P,1383701,1417700
NC_007297.1,SSG-LUGIA-P,1669501,1695600
NC_007297.1,SSG-LUGIA-P+center,15051,36450
NC_007297.1,SSG-LUGIA-P+center,58751,96650
NC_007297.1,SSG-LUGIA-P+center,989751,1015050
NC_007297.1,SSG-LUGIA-P+center,1388651,1422650
NC_007297.1,SSG-LUGIA-P+center,1674451,1700550
NC_007297.1,SSG-LUGIA-F,1,93400
NC_007297.1,SSG-LUGIA-F,429001,452500
NC_007297.1,SSG-LUGIA-F,983001,1013000
NC_007297.1,SSG-LUGIA-F,1382801,1420200
NC_007297.1,SSG-LUGIA-F,1572101,1588500
NC_007297.1,SSG-LUGIA-F,1662101,1695900
NC_007297.1,SSG-LUGIA-F+center,4951,98350
NC_007297.1,SSG-LUGIA-F+center,433951,457450
NC_007297.1,SSG-LUGIA-F+center,987951,1017950
NC_007297.1,SSG-LUGIA-F+center,1387751,1425150
NC_007297.1,SSG-LUGIA-F+center,1577051,1593450
NC_007297.1,SSG-LUGIA-F+center,1667051,1700850
NC_007297.1,SSG-LUGIA-R,1,105200
NC_007297.1,SSG-LUGIA-R,334401,390500
NC_007297.1,SSG-LUGIA-R,424801,455200
NC_007297.1,SSG-LUGIA-R,539801,564900
NC_007297.1,SSG-LUGIA-R,802601,824600
NC_007297.1,SSG-LUGIA-R,975201,1021600
NC_007297.1,SSG-LUGIA-R,1137401,1172500
NC_007297.1,SSG-LUGIA-R,1264301,1279000
NC_007297.1,SSG-LUGIA-R,1372301,1430100
NC_007297.1,SSG-LUGIA-R,1561501,1597000
NC_007297.1,SSG-LUGIA-R,1625401,1702400
NC_007297.1,SSG-LUGIA-R,1724801,1745700
NC_007297.1,SSG-LUGIA-R+center,4951,110150
NC_007297.1,SSG-LUGIA-R+center,339351,395450
NC_007297.1,SSG-LUGIA-R+center,429751,460150
NC_007297.1,SSG-LUGIA-R+center,544751,569850
NC_007297.1,SSG-LUGIA-R+center,807551,829550
NC_007297.1,SSG-LUGIA-R+center,980151,1026550
NC_007297.1,SSG-LUGIA-R+center,1142351,1177450
NC_007297.1,SSG-LUGIA-R+center,1269251,1283950
NC_007297.1,SSG-LUGIA-R+center,1377251,1435050
NC_007297.1,SSG-LUGIA-R+center,1566451,1601950
NC_007297.1,SSG-LUGIA-R+center,1630351,1707350
NC_007297.1,SSG-LUGIA-R+center,1729751,1750650
NC_007335.2,SSG-LUGIA-P,916801,927900
NC_007335.2,SSG-LUGIA-P,1211401,1230300
NC_007335.2,SSG-LUGIA-P,1585401,1598500
NC_007335.2,SSG-LUGIA-P,1708201,1736000
NC_007335.2,SSG-LUGIA-P+center,921751,932850
NC_007335.2,SSG-LUGIA-P+center,1216351,1235250
NC_007335.2,SSG-LUGIA-P+center,1590351,1603450
NC_007335.2,SSG-LUGIA-P+center,1713151,1740950
NC_007335.2,SSG-LUGIA-F,911101,932500
NC_007335.2,SSG-LUGIA-F,1209301,1251700
NC_007335.2,SSG-LUGIA-F,1504701,1516800
NC_007335.2,SSG-LUGIA-F,1575201,1612100
NC_007335.2,SSG-LUGIA-F,1707801,1743500
NC_007335.2,SSG-LUGIA-F+center,916051,937450
NC_007335.2,SSG-LUGIA-F+center,1214251,1256650
NC_007335.2,SSG-LUGIA-F+center,1509651,1521750
NC_007335.2,SSG-LUGIA-F+center,1580151,1617050
NC_007335.2,SSG-LUGIA-F+center,1712751,1748450
NC_007335.2,SSG-LUGIA-R,1,18600
NC_007335.2,SSG-LUGIA-R,19501,33400
NC_007335.2,SSG-LUGIA-R,52701,88000
NC_007335.2,SSG-LUGIA-R,223901,238800
NC_007335.2,SSG-LUGIA-R,732401,747900
NC_007335.2,SSG-LUGIA-R,801001,850200
NC_007335.2,SSG-LUGIA-R,862801,959100
NC_007335.2,SSG-LUGIA-R,1106101,1129400
NC_007335.2,SSG-LUGIA-R,1187901,1319500
NC_007335.2,SSG-LUGIA-R,1497001,1525200
NC_007335.2,SSG-LUGIA-R,1571701,1622100
NC_007335.2,SSG-LUGIA-R,1706201,1765000
NC_007335.2,SSG-LUGIA-R+center,4951,23550
NC_007335.2,SSG-LUGIA-R+center,24451,38350
NC_007335.2,SSG-LUGIA-R+center,57651,92950
NC_007335.2,SSG-LUGIA-R+center,228851,243750
NC_007335.2,SSG-LUGIA-R+center,737351,752850
NC_007335.2,SSG-LUGIA-R+center,805951,855150
NC_007335.2,SSG-LUGIA-R+center,867751,964050
NC_007335.2,SSG-LUGIA-R+center,1111051,1134350
NC_007335.2,SSG-LUGIA-R+center,1192851,1324450
NC_007335.2,SSG-LUGIA-R+center,1501951,1530150
NC_007335.2,SSG-LUGIA-R+center,1576651,1627050
NC_007335.2,SSG-LUGIA-R+center,1711151,1769950
NC_007005.1,SSG-LUGIA-P,99801,123000
NC_007005.1,SSG-LUGIA-P,1037801,1057900
NC_007005.1,SSG-LUGIA-P,1600001,1738100
NC_007005.1,SSG-LUGIA-P,2231201,2242900
NC_007005.1,SSG-LUGIA-P,3202401,3240300
NC_007005.1,SSG-LUGIA-P,3354601,3406100
NC_007005.1,SSG-LUGIA-P,3830801,3850300
NC_007005.1,SSG-LUGIA-P,4410201,4430000
NC_007005.1,SSG-LUGIA-P,4517901,4543300
NC_007005.1,SSG-LUGIA-P,5137701,5158700
NC_007005.1,SSG-LUGIA-P,5376901,5426200
NC_007005.1,SSG-LUGIA-P,5885001,5934200
NC_007005.1,SSG-LUGIA-P+center,104751,127950
NC_007005.1,SSG-LUGIA-P+center,1042751,1062850
NC_007005.1,SSG-LUGIA-P+center,1604951,1743050
NC_007005.1,SSG-LUGIA-P+center,2236151,2247850
NC_007005.1,SSG-LUGIA-P+center,3207351,3245250
NC_007005.1,SSG-LUGIA-P+center,3359551,3411050
NC_007005.1,SSG-LUGIA-P+center,3835751,3855250
NC_007005.1,SSG-LUGIA-P+center,4415151,4434950
NC_007005.1,SSG-LUGIA-P+center,4522851,4548250
NC_007005.1,SSG-LUGIA-P+center,5142651,5163650
NC_007005.1,SSG-LUGIA-P+center,5381851,5431150
NC_007005.1,SSG-LUGIA-P+center,5889951,5939150
NC_007005.1,SSG-LUGIA-F,99401,129100
NC_007005.1,SSG-LUGIA-F,834001,848600
NC_007005.1,SSG-LUGIA-F,1035701,1058200
NC_007005.1,SSG-LUGIA-F,1595401,1739300
NC_007005.1,SSG-LUGIA-F,2202001,2215600
NC_007005.1,SSG-LUGIA-F,2228401,2245300
NC_007005.1,SSG-LUGIA-F,2699901,2711800
NC_007005.1,SSG-LUGIA-F,3201201,3249100
NC_007005.1,SSG-LUGIA-F,3351701,3411500
NC_007005.1,SSG-LUGIA-F,3828401,3852300
NC_007005.1,SSG-LUGIA-F,4403801,4434300
NC_007005.1,SSG-LUGIA-F,4517601,4546300
NC_007005.1,SSG-LUGIA-F,4968701,4993400
NC_007005.1,SSG-LUGIA-F,5132501,5164000
NC_007005.1,SSG-LUGIA-F,5375501,5428400
NC_007005.1,SSG-LUGIA-F,5882901,5935600
NC_007005.1,SSG-LUGIA-F+center,104351,134050
NC_007005.1,SSG-LUGIA-F+center,838951,853550
NC_007005.1,SSG-LUGIA-F+center,1040651,1063150
NC_007005.1,SSG-LUGIA-F+center,1600351,1744250
NC_007005.1,SSG-LUGIA-F+center,2206951,2220550
NC_007005.1,SSG-LUGIA-F+center,2233351,2250250
NC_007005.1,SSG-LUGIA-F+center,2704851,2716750
NC_007005.1,SSG-LUGIA-F+center,3206151,3254050
NC_007005.1,SSG-LUGIA-F+center,3356651,3416450
NC_007005.1,SSG-LUGIA-F+center,3833351,3857250
NC_007005.1,SSG-LUGIA-F+center,4408751,4439250
NC_007005.1,SSG-LUGIA-F+center,4522551,4551250
NC_007005.1,SSG-LUGIA-F+center,4973651,4998350
NC_007005.1,SSG-LUGIA-F+center,5137451,5168950
NC_007005.1,SSG-LUGIA-F+center,5380451,5433350
NC_007005.1,SSG-LUGIA-F+center,5887851,5940550
NC_007005.1,SSG-LUGIA-R,95801,149500
NC_007005.1,SSG-LUGIA-R,398301,432300
NC_007005.1,SSG-LUGIA-R,747001,805000
NC_007005.1,SSG-LUGIA-R,810801,857900
NC_007005.1,SSG-LUGIA-R,1025201,1066200
NC_007005.1,SSG-LUGIA-R,1280401,1298900
NC_007005.1,SSG-LUGIA-R,1353001,1392900
NC_007005.1,SSG-LUGIA-R,1420501,1442200
NC_007005.1,SSG-LUGIA-R,1580601,1743400
NC_007005.1,SSG-LUGIA-R,1915001,1940600
NC_007005.1,SSG-LUGIA-R,1969501,1998600
NC_007005.1,SSG-LUGIA-R,2034401,2074300
NC_007005.1,SSG-LUGIA-R,2176501,2264000
NC_007005.1,SSG-LUGIA-R,2339401,2405000
NC_007005.1,SSG-LUGIA-R,2673701,2717700
NC_007005.1,SSG-LUGIA-R,2988901,3017200
NC_007005.1,SSG-LUGIA-R,3031501,3070500
NC_007005.1,SSG-LUGIA-R,3103701,3173300
NC_007005.1,SSG-LUGIA-R,3193601,3267400
NC_007005.1,SSG-LUGIA-R,3342401,3434600
NC_007005.1,SSG-LUGIA-R,3677601,3692400
NC_007005.1,SSG-LUGIA-R,3820501,3867200
NC_007005.1,SSG-LUGIA-R,4054101,4069500
NC_007005.1,SSG-LUGIA-R,4075701,4099400
NC_007005.1,SSG-LUGIA-R,4113901,4127800
NC_007005.1,SSG-LUGIA-R,4393401,4452700
NC_007005.1,SSG-LUGIA-R,4514301,4549200
NC_007005.1,SSG-LUGIA-R,4724401,4739600
NC_007005.1,SSG-LUGIA-R,4797601,4818900
NC_007005.1,SSG-LUGIA-R,4877101,4927800
NC_007005.1,SSG-LUGIA-R,4956501,5008900
NC_007005.1,SSG-LUGIA-R,5122201,5175300
NC_007005.1,SSG-LUGIA-R,5233701,5282900
NC_007005.1,SSG-LUGIA-R,5288701,5300100
NC_007005.1,SSG-LUGIA-R,5370201,5441000
NC_007005.1,SSG-LUGIA-R,5474701,5521700
NC_007005.1,SSG-LUGIA-R,5603201,5616300
NC_007005.1,SSG-LUGIA-R,5645901,5660500
NC_007005.1,SSG-LUGIA-R,5762501,5832700
NC_007005.1,SSG-LUGIA-R,5867501,5937700
NC_007005.1,SSG-LUGIA-R,6050601,6071800
NC_007005.1,SSG-LUGIA-R+center,100751,154450
NC_007005.1,SSG-LUGIA-R+center,403251,437250
NC_007005.1,SSG-LUGIA-R+center,751951,809950
NC_007005.1,SSG-LUGIA-R+center,815751,862850
NC_007005.1,SSG-LUGIA-R+center,1030151,1071150
NC_007005.1,SSG-LUGIA-R+center,1285351,1303850
NC_007005.1,SSG-LUGIA-R+center,1357951,1397850
NC_007005.1,SSG-LUGIA-R+center,1425451,1447150
NC_007005.1,SSG-LUGIA-R+center,1585551,1748350
NC_007005.1,SSG-LUGIA-R+center,1919951,1945550
NC_007005.1,SSG-LUGIA-R+center,1974451,2003550
NC_007005.1,SSG-LUGIA-R+center,2039351,2079250
NC_007005.1,SSG-LUGIA-R+center,2181451,2268950
NC_007005.1,SSG-LUGIA-R+center,2344351,2409950
NC_007005.1,SSG-LUGIA-R+center,2678651,2722650
NC_007005.1,SSG-LUGIA-R+center,2993851,3022150
NC_007005.1,SSG-LUGIA-R+center,3036451,3075450
NC_007005.1,SSG-LUGIA-R+center,3108651,3178250
NC_007005.1,SSG-LUGIA-R+center,3198551,3272350
NC_007005.1,SSG-LUGIA-R+center,3347351,3439550
NC_007005.1,SSG-LUGIA-R+center,3682551,3697350
NC_007005.1,SSG-LUGIA-R+center,3825451,3872150
NC_007005.1,SSG-LUGIA-R+center,4059051,4074450
NC_007005.1,SSG-LUGIA-R+center,4080651,4104350
NC_007005.1,SSG-LUGIA-R+center,4118851,4132750
NC_007005.1,SSG-LUGIA-R+center,4398351,4457650
NC_007005.1,SSG-LUGIA-R+center,4519251,4554150
NC_007005.1,SSG-LUGIA-R+center,4729351,4744550
NC_007005.1,SSG-LUGIA-R+center,4802551,4823850
NC_007005.1,SSG-LUGIA-R+center,4882051,4932750
NC_007005.1,SSG-LUGIA-R+center,4961451,5013850
NC_007005.1,SSG-LUGIA-R+center,5127151,5180250
NC_007005.1,SSG-LUGIA-R+center,5238651,5287850
NC_007005.1,SSG-LUGIA-R+center,5293651,5305050
NC_007005.1,SSG-LUGIA-R+center,5375151,5445950
NC_007005.1,SSG-LUGIA-R+center,5479651,5526650
NC_007005.1,SSG-LUGIA-R+center,5608151,5621250
NC_007005.1,SSG-LUGIA-R+center,5650851,5665450
NC_007005.1,SSG-LUGIA-R+center,5767451,5837650
NC_007005.1,SSG-LUGIA-R+center,5872451,5942650
NC_007005.1,SSG-LUGIA-R+center,6055551,6076750
NC_007432.1,SSG-LUGIA-P,8301,95400
NC_007432.1,SSG-LUGIA-P,252901,271900
NC_007432.1,SSG-LUGIA-P,547801,582200
NC_007432.1,SSG-LUGIA-P,641301,693800
NC_007432.1,SSG-LUGIA-P,1931701,1959500
NC_007432.1,SSG-LUGIA-P+center,13251,100350
NC_007432.1,SSG-LUGIA-P+center,257851,276850
NC_007432.1,SSG-LUGIA-P+center,552751,587150
NC_007432.1,SSG-LUGIA-P+center,646251,698750
NC_007432.1,SSG-LUGIA-P+center,1936651,1964450
NC_007432.1,SSG-LUGIA-F,7401,96000
NC_007432.1,SSG-LUGIA-F,170501,190900
NC_007432.1,SSG-LUGIA-F,250601,273700
NC_007432.1,SSG-LUGIA-F,546701,583700
NC_007432.1,SSG-LUGIA-F,638301,695400
NC_007432.1,SSG-LUGIA-F,1929201,1963000
NC_007432.1,SSG-LUGIA-F+center,12351,100950
NC_007432.1,SSG-LUGIA-F+center,175451,195850
NC_007432.1,SSG-LUGIA-F+center,255551,278650
NC_007432.1,SSG-LUGIA-F+center,551651,588650
NC_007432.1,SSG-LUGIA-F+center,643251,700350
NC_007432.1,SSG-LUGIA-F+center,1934151,1967950
NC_007432.1,SSG-LUGIA-R,601,103200
NC_007432.1,SSG-LUGIA-R,153301,203100
NC_007432.1,SSG-LUGIA-R,239801,283500
NC_007432.1,SSG-LUGIA-R,347301,417100
NC_007432.1,SSG-LUGIA-R,422401,470800
NC_007432.1,SSG-LUGIA-R,544801,587300
NC_007432.1,SSG-LUGIA-R,631601,740300
NC_007432.1,SSG-LUGIA-R,1045601,1097400
NC_007432.1,SSG-LUGIA-R,1291601,1319800
NC_007432.1,SSG-LUGIA-R,1447001,1490200
NC_007432.1,SSG-LUGIA-R,1723701,1774300
NC_007432.1,SSG-LUGIA-R,1921401,1976900
NC_007432.1,SSG-LUGIA-R,1984301,1997400
NC_007432.1,SSG-LUGIA-R+center,5551,108150
NC_007432.1,SSG-LUGIA-R+center,158251,208050
NC_007432.1,SSG-LUGIA-R+center,244751,288450
NC_007432.1,SSG-LUGIA-R+center,352251,422050
NC_007432.1,SSG-LUGIA-R+center,427351,475750
NC_007432.1,SSG-LUGIA-R+center,549751,592250
NC_007432.1,SSG-LUGIA-R+center,636551,745250
NC_007432.1,SSG-LUGIA-R+center,1050551,1102350
NC_007432.1,SSG-LUGIA-R+center,1296551,1324750
NC_007432.1,SSG-LUGIA-R+center,1451951,1495150
NC_007432.1,SSG-LUGIA-R+center,1728651,1779250
NC_007432.1,SSG-LUGIA-R+center,1926351,1981850
NC_007432.1,SSG-LUGIA-R+center,1989251,2002350
NC_007384.1,SSG-LUGIA-P,243801,285600
NC_007384.1,SSG-LUGIA-P,1753701,1765900
NC_007384.1,SSG-LUGIA-P,1990101,2022600
NC_007384.1,SSG-LUGIA-P,2539901,2568000
NC_007384.1,SSG-LUGIA-P,2810601,2827800
NC_007384.1,SSG-LUGIA-P,2870501,2891400
NC_007384.1,SSG-LUGIA-P,3598201,3615700
NC_007384.1,SSG-LUGIA-P,3744201,3771300
NC_007384.1,SSG-LUGIA-P,4378601,4413400
NC_007384.1,SSG-LUGIA-P+center,248751,290550
NC_007384.1,SSG-LUGIA-P+center,1758651,1770850
NC_007384.1,SSG-LUGIA-P+center,1995051,2027550
NC_007384.1,SSG-LUGIA-P+center,2544851,2572950
NC_007384.1,SSG-LUGIA-P+center,2815551,2832750
NC_007384.1,SSG-LUGIA-P+center,2875451,2896350
NC_007384.1,SSG-LUGIA-P+center,3603151,3620650
NC_007384.1,SSG-LUGIA-P+center,3749151,3776250
NC_007384.1,SSG-LUGIA-P+center,4383551,4418350
NC_007384.1,SSG-LUGIA-F,237301,285800
NC_007384.1,SSG-LUGIA-F,1319801,1351400
NC_007384.1,SSG-LUGIA-F,1751001,1778600
NC_007384.1,SSG-LUGIA-F,1984501,2025300
NC_007384.1,SSG-LUGIA-F,2536601,2592500
NC_007384.1,SSG-LUGIA-F,2805801,2832500
NC_007384.1,SSG-LUGIA-F,2869101,2893000
NC_007384.1,SSG-LUGIA-F,3596701,3630700
NC_007384.1,SSG-LUGIA-F,3739401,3776300
NC_007384.1,SSG-LUGIA-F,4087501,4109900
NC_007384.1,SSG-LUGIA-F,4377901,4414900
NC_007384.1,SSG-LUGIA-F+center,242251,290750
NC_007384.1,SSG-LUGIA-F+center,1324751,1356350
NC_007384.1,SSG-LUGIA-F+center,1755951,1783550
NC_007384.1,SSG-LUGIA-F+center,1989451,2030250
NC_007384.1,SSG-LUGIA-F+center,2541551,2597450
NC_007384.1,SSG-LUGIA-F+center,2810751,2837450
NC_007384.1,SSG-LUGIA-F+center,2874051,2897950
NC_007384.1,SSG-LUGIA-F+center,3601651,3635650
NC_007384.1,SSG-LUGIA-F+center,3744351,3781250
NC_007384.1,SSG-LUGIA-F+center,4092451,4114850
NC_007384.1,SSG-LUGIA-F+center,4382851,4419850
NC_007384.1,SSG-LUGIA-R,12801,33000
NC_007384.1,SSG-LUGIA-R,73301,100900
NC_007384.1,SSG-LUGIA-R,106001,123500
NC_007384.1,SSG-LUGIA-R,141101,152500
NC_007384.1,SSG-LUGIA-R,163201,178400
NC_007384.1,SSG-LUGIA-R,223001,288100
NC_007384.1,SSG-LUGIA-R,317501,346800
NC_007384.1,SSG-LUGIA-R,379601,390400
NC_007384.1,SSG-LUGIA-R,434001,453900
NC_007384.1,SSG-LUGIA-R,696601,713500
NC_007384.1,SSG-LUGIA-R,715901,787700
NC_007384.1,SSG-LUGIA-R,927801,944700
NC_007384.1,SSG-LUGIA-R,1084901,1167800
NC_007384.1,SSG-LUGIA-R,1226701,1242800
NC_007384.1,SSG-LUGIA-R,1307701,1357700
NC_007384.1,SSG-LUGIA-R,1494201,1508100
NC_007384.1,SSG-LUGIA-R,1695001,1710700
NC_007384.1,SSG-LUGIA-R,1743601,1779300
NC_007384.1,SSG-LUGIA-R,1837601,1878400
NC_007384.1,SSG-LUGIA-R,1981401,2035900
NC_007384.1,SSG-LUGIA-R,2103301,2157000
NC_007384.1,SSG-LUGIA-R,2227601,2250100
NC_007384.1,SSG-LUGIA-R,2455801,2465900
NC_007384.1,SSG-LUGIA-R,2531101,2610300
NC_007384.1,SSG-LUGIA-R,2736201,2760800
NC_007384.1,SSG-LUGIA-R,2794801,2840800
NC_007384.1,SSG-LUGIA-R,2863901,2898400
NC_007384.1,SSG-LUGIA-R,2921801,2960300
NC_007384.1,SSG-LUGIA-R,3159101,3176200
NC_007384.1,SSG-LUGIA-R,3378601,3411100
NC_007384.1,SSG-LUGIA-R,3436801,3447900
NC_007384.1,SSG-LUGIA-R,3587801,3633800
NC_007384.1,SSG-LUGIA-R,3737301,3788900
NC_007384.1,SSG-LUGIA-R,3872201,3912000
NC_007384.1,SSG-LUGIA-R,3969501,4006200
NC_007384.1,SSG-LUGIA-R,4042801,4061900
NC_007384.1,SSG-LUGIA-R,4071001,4133100
NC_007384.1,SSG-LUGIA-R,4254001,4272600
NC_007384.1,SSG-LUGIA-R,4377001,4426800
NC_007384.1,SSG-LUGIA-R,4509501,4533600
NC_007384.1,SSG-LUGIA-R,4561001,4591500
NC_007384.1,SSG-LUGIA-R,4732701,4757100
NC_007384.1,SSG-LUGIA-R+center,17751,37950
NC_007384.1,SSG-LUGIA-R+center,78251,105850
NC_007384.1,SSG-LUGIA-R+center,110951,128450
NC_007384.1,SSG-LUGIA-R+center,146051,157450
NC_007384.1,SSG-LUGIA-R+center,168151,183350
NC_007384.1,SSG-LUGIA-R+center,227951,293050
NC_007384.1,SSG-LUGIA-R+center,322451,351750
NC_007384.1,SSG-LUGIA-R+center,384551,395350
NC_007384.1,SSG-LUGIA-R+center,438951,458850
NC_007384.1,SSG-LUGIA-R+center,701551,718450
NC_007384.1,SSG-LUGIA-R+center,720851,792650
NC_007384.1,SSG-LUGIA-R+center,932751,949650
NC_007384.1,SSG-LUGIA-R+center,1089851,1172750
NC_007384.1,SSG-LUGIA-R+center,1231651,1247750
NC_007384.1,SSG-LUGIA-R+center,1312651,1362650
NC_007384.1,SSG-LUGIA-R+center,1499151,1513050
NC_007384.1,SSG-LUGIA-R+center,1699951,1715650
NC_007384.1,SSG-LUGIA-R+center,1748551,1784250
NC_007384.1,SSG-LUGIA-R+center,1842551,1883350
NC_007384.1,SSG-LUGIA-R+center,1986351,2040850
NC_007384.1,SSG-LUGIA-R+center,2108251,2161950
NC_007384.1,SSG-LUGIA-R+center,2232551,2255050
NC_007384.1,SSG-LUGIA-R+center,2460751,2470850
NC_007384.1,SSG-LUGIA-R+center,2536051,2615250
NC_007384.1,SSG-LUGIA-R+center,2741151,2765750
NC_007384.1,SSG-LUGIA-R+center,2799751,2845750
NC_007384.1,SSG-LUGIA-R+center,2868851,2903350
NC_007384.1,SSG-LUGIA-R+center,2926751,2965250
NC_007384.1,SSG-LUGIA-R+center,3164051,3181150
NC_007384.1,SSG-LUGIA-R+center,3383551,3416050
NC_007384.1,SSG-LUGIA-R+center,3441751,3452850
NC_007384.1,SSG-LUGIA-R+center,3592751,3638750
NC_007384.1,SSG-LUGIA-R+center,3742251,3793850
NC_007384.1,SSG-LUGIA-R+center,3877151,3916950
NC_007384.1,SSG-LUGIA-R+center,3974451,4011150
NC_007384.1,SSG-LUGIA-R+center,4047751,4066850
NC_007384.1,SSG-LUGIA-R+center,4075951,4138050
NC_007384.1,SSG-LUGIA-R+center,4258951,4277550
NC_007384.1,SSG-LUGIA-R+center,4381951,4431750
NC_007384.1,SSG-LUGIA-R+center,4514451,4538550
NC_007384.1,SSG-LUGIA-R+center,4565951,4596450
NC_007384.1,SSG-LUGIA-R+center,4737651,4762050
NC_007434.1,SSG-LUGIA-P,1316301,1351200
NC_007434.1,SSG-LUGIA-P,1711501,1858900
NC_007434.1,SSG-LUGIA-P,1915201,1934600
NC_007434.1,SSG-LUGIA-P,2245901,2271100
NC_007434.1,SSG-LUGIA-P,2382101,2485700
NC_007434.1,SSG-LUGIA-P,3970401,4016800
NC_007434.1,SSG-LUGIA-P,4085001,4116300
NC_007434.1,SSG-LUGIA-P+center,1321251,1356150
NC_007434.1,SSG-LUGIA-P+center,1716451,1863850
NC_007434.1,SSG-LUGIA-P+center,1920151,1939550
NC_007434.1,SSG-LUGIA-P+center,2250851,2276050
NC_007434.1,SSG-LUGIA-P+center,2387051,2490650
NC_007434.1,SSG-LUGIA-P+center,3975351,4021750
NC_007434.1,SSG-LUGIA-P+center,4089951,4121250
NC_007434.1,SSG-LUGIA-F,300401,336600
NC_007434.1,SSG-LUGIA-F,1314501,1351900
NC_007434.1,SSG-LUGIA-F,1518201,1533100
NC_007434.1,SSG-LUGIA-F,1710501,1862400
NC_007434.1,SSG-LUGIA-F,1910601,1939700
NC_007434.1,SSG-LUGIA-F,2243001,2278500
NC_007434.1,SSG-LUGIA-F,2366101,2493500
NC_007434.1,SSG-LUGIA-F,3463501,3475300
NC_007434.1,SSG-LUGIA-F,3591501,3613900
NC_007434.1,SSG-LUGIA-F,3966101,4018200
NC_007434.1,SSG-LUGIA-F,4082301,4116300
NC_007434.1,SSG-LUGIA-F+center,305351,341550
NC_007434.1,SSG-LUGIA-F+center,1319451,1356850
NC_007434.1,SSG-LUGIA-F+center,1523151,1538050
NC_007434.1,SSG-LUGIA-F+center,1715451,1867350
NC_007434.1,SSG-LUGIA-F+center,1915551,1944650
NC_007434.1,SSG-LUGIA-F+center,2247951,2283450
NC_007434.1,SSG-LUGIA-F+center,2371051,2498450
NC_007434.1,SSG-LUGIA-F+center,3468451,3480250
NC_007434.1,SSG-LUGIA-F+center,3596451,3618850
NC_007434.1,SSG-LUGIA-F+center,3971051,4023150
NC_007434.1,SSG-LUGIA-F+center,4087251,4121250
NC_007434.1,SSG-LUGIA-R,97001,131600
NC_007434.1,SSG-LUGIA-R,174501,207600
NC_007434.1,SSG-LUGIA-R,292001,347000
NC_007434.1,SSG-LUGIA-R,693301,704600
NC_007434.1,SSG-LUGIA-R,777401,822800
NC_007434.1,SSG-LUGIA-R,971101,1025300
NC_007434.1,SSG-LUGIA-R,1304201,1362300
NC_007434.1,SSG-LUGIA-R,1482501,1567500
NC_007434.1,SSG-LUGIA-R,1581701,1594900
NC_007434.1,SSG-LUGIA-R,1646501,1664400
NC_007434.1,SSG-LUGIA-R,1673101,1688000
NC_007434.1,SSG-LUGIA-R,1693201,1948300
NC_007434.1,SSG-LUGIA-R,2045601,2115900
NC_007434.1,SSG-LUGIA-R,2191701,2215200
NC_007434.1,SSG-LUGIA-R,2235501,2315000
NC_007434.1,SSG-LUGIA-R,2345201,2513000
NC_007434.1,SSG-LUGIA-R,2741201,2756800
NC_007434.1,SSG-LUGIA-R,2822301,2834200
NC_007434.1,SSG-LUGIA-R,3459001,3484800
NC_007434.1,SSG-LUGIA-R,3490401,3501600
NC_007434.1,SSG-LUGIA-R,3550101,3621100
NC_007434.1,SSG-LUGIA-R,3860301,3889700
NC_007434.1,SSG-LUGIA-R,3945301,4021500
NC_007434.1,SSG-LUGIA-R,4081201,4116300
NC_007434.1,SSG-LUGIA-R+center,101951,136550
NC_007434.1,SSG-LUGIA-R+center,179451,212550
NC_007434.1,SSG-LUGIA-R+center,296951,351950
NC_007434.1,SSG-LUGIA-R+center,698251,709550
NC_007434.1,SSG-LUGIA-R+center,782351,827750
NC_007434.1,SSG-LUGIA-R+center,976051,1030250
NC_007434.1,SSG-LUGIA-R+center,1309151,1367250
NC_007434.1,SSG-LUGIA-R+center,1487451,1572450
NC_007434.1,SSG-LUGIA-R+center,1586651,1599850
NC_007434.1,SSG-LUGIA-R+center,1651451,1669350
NC_007434.1,SSG-LUGIA-R+center,1678051,1692950
NC_007434.1,SSG-LUGIA-R+center,1698151,1953250
NC_007434.1,SSG-LUGIA-R+center,2050551,2120850
NC_007434.1,SSG-LUGIA-R+center,2196651,2220150
NC_007434.1,SSG-LUGIA-R+center,2240451,2319950
NC_007434.1,SSG-LUGIA-R+center,2350151,2517950
NC_007434.1,SSG-LUGIA-R+center,2746151,2761750
NC_007434.1,SSG-LUGIA-R+center,2827251,2839150
NC_007434.1,SSG-LUGIA-R+center,3463951,3489750
NC_007434.1,SSG-LUGIA-R+center,3495351,3506550
NC_007434.1,SSG-LUGIA-R+center,3555051,3626050
NC_007434.1,SSG-LUGIA-R+center,3865251,3894650
NC_007434.1,SSG-LUGIA-R+center,3950251,4026450
NC_007434.1,SSG-LUGIA-R+center,4086151,4121250
NC_007510.1,SSG-LUGIA-P,1,27400
NC_007510.1,SSG-LUGIA-P,284601,332300
NC_007510.1,SSG-LUGIA-P,414401,428700
NC_007510.1,SSG-LUGIA-P,765801,780400
NC_007510.1,SSG-LUGIA-P,1623401,1637600
NC_007510.1,SSG-LUGIA-P,1916701,2027200
NC_007510.1,SSG-LUGIA-P,2640801,2658900
NC_007510.1,SSG-LUGIA-P,3340001,3365800
NC_007510.1,SSG-LUGIA-P+center,4951,32350
NC_007510.1,SSG-LUGIA-P+center,289551,337250
NC_007510.1,SSG-LUGIA-P+center,419351,433650
NC_007510.1,SSG-LUGIA-P+center,770751,785350
NC_007510.1,SSG-LUGIA-P+center,1628351,1642550
NC_007510.1,SSG-LUGIA-P+center,1921651,2032150
NC_007510.1,SSG-LUGIA-P+center,2645751,2663850
NC_007510.1,SSG-LUGIA-P+center,3344951,3370750
NC_007510.1,SSG-LUGIA-F,1,27900
NC_007510.1,SSG-LUGIA-F,97101,116600
NC_007510.1,SSG-LUGIA-F,284001,333500
NC_007510.1,SSG-LUGIA-F,396701,433900
NC_007510.1,SSG-LUGIA-F,508001,519800
NC_007510.1,SSG-LUGIA-F,758701,782000
NC_007510.1,SSG-LUGIA-F,1621301,1640100
NC_007510.1,SSG-LUGIA-F,1777401,1798300
NC_007510.1,SSG-LUGIA-F,1912901,2037100
NC_007510.1,SSG-LUGIA-F,2639101,2662400
NC_007510.1,SSG-LUGIA-F,3339301,3368300
NC_007510.1,SSG-LUGIA-F+center,4951,32850
NC_007510.1,SSG-LUGIA-F+center,102051,121550
NC_007510.1,SSG-LUGIA-F+center,288951,338450
NC_007510.1,SSG-LUGIA-F+center,401651,438850
NC_007510.1,SSG-LUGIA-F+center,512951,524750
NC_007510.1,SSG-LUGIA-F+center,763651,786950
NC_007510.1,SSG-LUGIA-F+center,1626251,1645050
NC_007510.1,SSG-LUGIA-F+center,1782351,1803250
NC_007510.1,SSG-LUGIA-F+center,1917851,2042050
NC_007510.1,SSG-LUGIA-F+center,2644051,2667350
NC_007510.1,SSG-LUGIA-F+center,3344251,3373250
NC_007510.1,SSG-LUGIA-R,1,63600
NC_007510.1,SSG-LUGIA-R,91601,136400
NC_007510.1,SSG-LUGIA-R,279901,345600
NC_007510.1,SSG-LUGIA-R,389501,446500
NC_007510.1,SSG-LUGIA-R,504101,531600
NC_007510.1,SSG-LUGIA-R,744301,794800
NC_007510.1,SSG-LUGIA-R,853301,919000
NC_007510.1,SSG-LUGIA-R,1087301,1103000
NC_007510.1,SSG-LUGIA-R,1238401,1272900
NC_007510.1,SSG-LUGIA-R,1378201,1389900
NC_007510.1,SSG-LUGIA-R,1592001,1660500
NC_007510.1,SSG-LUGIA-R,1747501,1807300
NC_007510.1,SSG-LUGIA-R,1902101,2045300
NC_007510.1,SSG-LUGIA-R,2348501,2360200
NC_007510.1,SSG-LUGIA-R,2603001,2679000
NC_007510.1,SSG-LUGIA-R,2709001,2760600
NC_007510.1,SSG-LUGIA-R,2801001,2821900
NC_007510.1,SSG-LUGIA-R,2899501,2912300
NC_007510.1,SSG-LUGIA-R,2962101,2985800
NC_007510.1,SSG-LUGIA-R,3022401,3050900
NC_007510.1,SSG-LUGIA-R,3239501,3251300
NC_007510.1,SSG-LUGIA-R,3326601,3371900
NC_007510.1,SSG-LUGIA-R,3504601,3543100
NC_007510.1,SSG-LUGIA-R+center,4951,68550
NC_007510.1,SSG-LUGIA-R+center,96551,141350
NC_007510.1,SSG-LUGIA-R+center,284851,350550
NC_007510.1,SSG-LUGIA-R+center,394451,451450
NC_007510.1,SSG-LUGIA-R+center,509051,536550
NC_007510.1,SSG-LUGIA-R+center,749251,799750
NC_007510.1,SSG-LUGIA-R+center,858251,923950
NC_007510.1,SSG-LUGIA-R+center,1092251,1107950
NC_007510.1,SSG-LUGIA-R+center,1243351,1277850
NC_007510.1,SSG-LUGIA-R+center,1383151,1394850
NC_007510.1,SSG-LUGIA-R+center,1596951,1665450
NC_007510.1,SSG-LUGIA-R+center,1752451,1812250
NC_007510.1,SSG-LUGIA-R+center,1907051,2050250
NC_007510.1,SSG-LUGIA-R+center,2353451,2365150
NC_007510.1,SSG-LUGIA-R+center,2607951,2683950
NC_007510.1,SSG-LUGIA-R+center,2713951,2765550
NC_007510.1,SSG-LUGIA-R+center,2805951,2826850
NC_007510.1,SSG-LUGIA-R+center,2904451,2917250
NC_007510.1,SSG-LUGIA-R+center,2967051,2990750
NC_007510.1,SSG-LUGIA-R+center,3027351,3055850
NC_007510.1,SSG-LUGIA-R+center,3244451,3256250
NC_007510.1,SSG-LUGIA-R+center,3331551,3376850
NC_007510.1,SSG-LUGIA-R+center,3509551,3548050
NC_007606.1,SSG-LUGIA-P,393401,413500
NC_007606.1,SSG-LUGIA-P,2347301,2362800
NC_007606.1,SSG-LUGIA-P,3207001,3228900
NC_007606.1,SSG-LUGIA-P,3454101,3489600
NC_007606.1,SSG-LUGIA-P,3742801,3782100
NC_007606.1,SSG-LUGIA-P+center,398351,418450
NC_007606.1,SSG-LUGIA-P+center,2352251,2367750
NC_007606.1,SSG-LUGIA-P+center,3211951,3233850
NC_007606.1,SSG-LUGIA-P+center,3459051,3494550
NC_007606.1,SSG-LUGIA-P+center,3747751,3787050
NC_007606.1,SSG-LUGIA-F,149201,160100
NC_007606.1,SSG-LUGIA-F,393201,414000
NC_007606.1,SSG-LUGIA-F,953201,968600
NC_007606.1,SSG-LUGIA-F,2345401,2374400
NC_007606.1,SSG-LUGIA-F,3206201,3229600
NC_007606.1,SSG-LUGIA-F,3452701,3491300
NC_007606.1,SSG-LUGIA-F,3727101,3783900
NC_007606.1,SSG-LUGIA-F,4179101,4204200
NC_007606.1,SSG-LUGIA-F+center,154151,165050
NC_007606.1,SSG-LUGIA-F+center,398151,418950
NC_007606.1,SSG-LUGIA-F+center,958151,973550
NC_007606.1,SSG-LUGIA-F+center,2350351,2379350
NC_007606.1,SSG-LUGIA-F+center,3211151,3234550
NC_007606.1,SSG-LUGIA-F+center,3457651,3496250
NC_007606.1,SSG-LUGIA-F+center,3732051,3788850
NC_007606.1,SSG-LUGIA-F+center,4184051,4209150
NC_007606.1,SSG-LUGIA-R,90601,165300
NC_007606.1,SSG-LUGIA-R,169901,187800
NC_007606.1,SSG-LUGIA-R,200101,254500
NC_007606.1,SSG-LUGIA-R,255701,279200
NC_007606.1,SSG-LUGIA-R,392201,445200
NC_007606.1,SSG-LUGIA-R,601001,612600
NC_007606.1,SSG-LUGIA-R,622801,641300
NC_007606.1,SSG-LUGIA-R,942401,995100
NC_007606.1,SSG-LUGIA-R,1067101,1106500
NC_007606.1,SSG-LUGIA-R,1177801,1214000
NC_007606.1,SSG-LUGIA-R,1262301,1292700
NC_007606.1,SSG-LUGIA-R,1309801,1320500
NC_007606.1,SSG-LUGIA-R,1329001,1343200
NC_007606.1,SSG-LUGIA-R,1496301,1541200
NC_007606.1,SSG-LUGIA-R,1728701,1747700
NC_007606.1,SSG-LUGIA-R,1791901,1825700
NC_007606.1,SSG-LUGIA-R,2013801,2031400
NC_007606.1,SSG-LUGIA-R,2035801,2059400
NC_007606.1,SSG-LUGIA-R,2127801,2169800
NC_007606.1,SSG-LUGIA-R,2202401,2258500
NC_007606.1,SSG-LUGIA-R,2341001,2398100
NC_007606.1,SSG-LUGIA-R,2609901,2650400
NC_007606.1,SSG-LUGIA-R,3200701,3239000
NC_007606.1,SSG-LUGIA-R,3340901,3356400
NC_007606.1,SSG-LUGIA-R,3424201,3440100
NC_007606.1,SSG-LUGIA-R,3443201,3495400
NC_007606.1,SSG-LUGIA-R,3591801,3624200
NC_007606.1,SSG-LUGIA-R,3722101,3788100
NC_007606.1,SSG-LUGIA-R,3791701,3803300
NC_007606.1,SSG-LUGIA-R,3836001,3869000
NC_007606.1,SSG-LUGIA-R,4002201,4029300
NC_007606.1,SSG-LUGIA-R,4162101,4207500
NC_007606.1,SSG-LUGIA-R,4289701,4311400
NC_007606.1,SSG-LUGIA-R+center,95551,170250
NC_007606.1,SSG-LUGIA-R+center,174851,192750
NC_007606.1,SSG-LUGIA-R+center,205051,259450
NC_007606.1,SSG-LUGIA-R+center,260651,284150
NC_007606.1,SSG-LUGIA-R+center,397151,450150
NC_007606.1,SSG-LUGIA-R+center,605951,617550
NC_007606.1,SSG-LUGIA-R+center,627751,646250
NC_007606.1,SSG-LUGIA-R+center,947351,1000050
NC_007606.1,SSG-LUGIA-R+center,1072051,1111450
NC_007606.1,SSG-LUGIA-R+center,1182751,1218950
NC_007606.1,SSG-LUGIA-R+center,1267251,1297650
NC_007606.1,SSG-LUGIA-R+center,1314751,1325450
NC_007606.1,SSG-LUGIA-R+center,1333951,1348150
NC_007606.1,SSG-LUGIA-R+center,1501251,1546150
NC_007606.1,SSG-LUGIA-R+center,1733651,1752650
NC_007606.1,SSG-LUGIA-R+center,1796851,1830650
NC_007606.1,SSG-LUGIA-R+center,2018751,2036350
NC_007606.1,SSG-LUGIA-R+center,2040751,2064350
NC_007606.1,SSG-LUGIA-R+center,2132751,2174750
NC_007606.1,SSG-LUGIA-R+center,2207351,2263450
NC_007606.1,SSG-LUGIA-R+center,2345951,2403050
NC_007606.1,SSG-LUGIA-R+center,2614851,2655350
NC_007606.1,SSG-LUGIA-R+center,3205651,3243950
NC_007606.1,SSG-LUGIA-R+center,3345851,3361350
NC_007606.1,SSG-LUGIA-R+center,3429151,3445050
NC_007606.1,SSG-LUGIA-R+center,3448151,3500350
NC_007606.1,SSG-LUGIA-R+center,3596751,3629150
NC_007606.1,SSG-LUGIA-R+center,3727051,3793050
NC_007606.1,SSG-LUGIA-R+center,3796651,3808250
NC_007606.1,SSG-LUGIA-R+center,3840951,3873950
NC_007606.1,SSG-LUGIA-R+center,4007151,4034250
NC_007606.1,SSG-LUGIA-R+center,4167051,4212450
NC_007606.1,SSG-LUGIA-R+center,4294651,4316350
NC_007613.1,SSG-LUGIA-P,640601,660700
NC_007613.1,SSG-LUGIA-P,869401,886600
NC_007613.1,SSG-LUGIA-P,1180801,1201100
NC_007613.1,SSG-LUGIA-P,1360801,1374200
NC_007613.1,SSG-LUGIA-P,3273001,3293800
NC_007613.1,SSG-LUGIA-P,4017801,4051800
NC_007613.1,SSG-LUGIA-P,4195301,4216900
NC_007613.1,SSG-LUGIA-P,4385701,4410000
NC_007613.1,SSG-LUGIA-P+center,645551,665650
NC_007613.1,SSG-LUGIA-P+center,874351,891550
NC_007613.1,SSG-LUGIA-P+center,1185751,1206050
NC_007613.1,SSG-LUGIA-P+center,1365751,1379150
NC_007613.1,SSG-LUGIA-P+center,3277951,3298750
NC_007613.1,SSG-LUGIA-P+center,4022751,4056750
NC_007613.1,SSG-LUGIA-P+center,4200251,4221850
NC_007613.1,SSG-LUGIA-P+center,4390651,4414950
NC_007613.1,SSG-LUGIA-F,216601,253700
NC_007613.1,SSG-LUGIA-F,639901,661100
NC_007613.1,SSG-LUGIA-F,763201,784500
NC_007613.1,SSG-LUGIA-F,868601,890500
NC_007613.1,SSG-LUGIA-F,1180501,1203800
NC_007613.1,SSG-LUGIA-F,1355001,1378800
NC_007613.1,SSG-LUGIA-F,3271501,3305400
NC_007613.1,SSG-LUGIA-F,4017001,4053500
NC_007613.1,SSG-LUGIA-F,4190901,4227100
NC_007613.1,SSG-LUGIA-F,4375101,4415900
NC_007613.1,SSG-LUGIA-F+center,221551,258650
NC_007613.1,SSG-LUGIA-F+center,644851,666050
NC_007613.1,SSG-LUGIA-F+center,768151,789450
NC_007613.1,SSG-LUGIA-F+center,873551,895450
NC_007613.1,SSG-LUGIA-F+center,1185451,1208750
NC_007613.1,SSG-LUGIA-F+center,1359951,1383750
NC_007613.1,SSG-LUGIA-F+center,3276451,3310350
NC_007613.1,SSG-LUGIA-F+center,4021951,4058450
NC_007613.1,SSG-LUGIA-F+center,4195851,4232050
NC_007613.1,SSG-LUGIA-F+center,4380051,4420850
NC_007613.1,SSG-LUGIA-R,33901,77300
NC_007613.1,SSG-LUGIA-R,89101,99100
NC_007613.1,SSG-LUGIA-R,191301,268400
NC_007613.1,SSG-LUGIA-R,335101,354200
NC_007613.1,SSG-LUGIA-R,413401,423900
NC_007613.1,SSG-LUGIA-R,578201,598900
NC_007613.1,SSG-LUGIA-R,633001,667100
NC_007613.1,SSG-LUGIA-R,745101,790700
NC_007613.1,SSG-LUGIA-R,859401,908700
NC_007613.1,SSG-LUGIA-R,932701,1001800
NC_007613.1,SSG-LUGIA-R,1032501,1065700
NC_007613.1,SSG-LUGIA-R,1168901,1219300
NC_007613.1,SSG-LUGIA-R,1341001,1390900
NC_007613.1,SSG-LUGIA-R,1528901,1549500
NC_007613.1,SSG-LUGIA-R,1596501,1622100
NC_007613.1,SSG-LUGIA-R,1676901,1695900
NC_007613.1,SSG-LUGIA-R,1980301,1992500
NC_007613.1,SSG-LUGIA-R,2029901,2056300
NC_007613.1,SSG-LUGIA-R,2172601,2198900
NC_007613.1,SSG-LUGIA-R,2291001,2304900
NC_007613.1,SSG-LUGIA-R,2363301,2409100
NC_007613.1,SSG-LUGIA-R,2521001,2553300
NC_007613.1,SSG-LUGIA-R,2703701,2721800
NC_007613.1,SSG-LUGIA-R,2825201,2835600
NC_007613.1,SSG-LUGIA-R,2967201,2978900
NC_007613.1,SSG-LUGIA-R,2989101,3003200
NC_007613.1,SSG-LUGIA-R,3251101,3325300
NC_007613.1,SSG-LUGIA-R,3443201,3493500
NC_007613.1,SSG-LUGIA-R,3593001,3682900
NC_007613.1,SSG-LUGIA-R,3689701,3711100
NC_007613.1,SSG-LUGIA-R,3750001,3793300
NC_007613.1,SSG-LUGIA-R,3799301,3809900
NC_007613.1,SSG-LUGIA-R,3891501,3904800
NC_007613.1,SSG-LUGIA-R,4016001,4062900
NC_007613.1,SSG-LUGIA-R,4124901,4135800
NC_007613.1,SSG-LUGIA-R,4143501,4238200
NC_007613.1,SSG-LUGIA-R,4319501,4336400
NC_007613.1,SSG-LUGIA-R,4369401,4463300
NC_007613.1,SSG-LUGIA-R+center,38851,82250
NC_007613.1,SSG-LUGIA-R+center,94051,104050
NC_007613.1,SSG-LUGIA-R+center,196251,273350
NC_007613.1,SSG-LUGIA-R+center,340051,359150
NC_007613.1,SSG-LUGIA-R+center,418351,428850
NC_007613.1,SSG-LUGIA-R+center,583151,603850
NC_007613.1,SSG-LUGIA-R+center,637951,672050
NC_007613.1,SSG-LUGIA-R+center,750051,795650
NC_007613.1,SSG-LUGIA-R+center,864351,913650
NC_007613.1,SSG-LUGIA-R+center,937651,1006750
NC_007613.1,SSG-LUGIA-R+center,1037451,1070650
NC_007613.1,SSG-LUGIA-R+center,1173851,1224250
NC_007613.1,SSG-LUGIA-R+center,1345951,1395850
NC_007613.1,SSG-LUGIA-R+center,1533851,1554450
NC_007613.1,SSG-LUGIA-R+center,1601451,1627050
NC_007613.1,SSG-LUGIA-R+center,1681851,1700850
NC_007613.1,SSG-LUGIA-R+center,1985251,1997450
NC_007613.1,SSG-LUGIA-R+center,2034851,2061250
NC_007613.1,SSG-LUGIA-R+center,2177551,2203850
NC_007613.1,SSG-LUGIA-R+center,2295951,2309850
NC_007613.1,SSG-LUGIA-R+center,2368251,2414050
NC_007613.1,SSG-LUGIA-R+center,2525951,2558250
NC_007613.1,SSG-LUGIA-R+center,2708651,2726750
NC_007613.1,SSG-LUGIA-R+center,2830151,2840550
NC_007613.1,SSG-LUGIA-R+center,2972151,2983850
NC_007613.1,SSG-LUGIA-R+center,2994051,3008150
NC_007613.1,SSG-LUGIA-R+center,3256051,3330250
NC_007613.1,SSG-LUGIA-R+center,3448151,3498450
NC_007613.1,SSG-LUGIA-R+center,3597951,3687850
NC_007613.1,SSG-LUGIA-R+center,3694651,3716050
NC_007613.1,SSG-LUGIA-R+center,3754951,3798250
NC_007613.1,SSG-LUGIA-R+center,3804251,3814850
NC_007613.1,SSG-LUGIA-R+center,3896451,3909750
NC_007613.1,SSG-LUGIA-R+center,4020951,4067850
NC_007613.1,SSG-LUGIA-R+center,4129851,4140750
NC_007613.1,SSG-LUGIA-R+center,4148451,4243150
NC_007613.1,SSG-LUGIA-R+center,4324451,4341350
NC_007613.1,SSG-LUGIA-R+center,4374351,4468250
NC_007530.2,SSG-LUGIA-P,201,13500
NC_007530.2,SSG-LUGIA-P,67101,154800
NC_007530.2,SSG-LUGIA-P,243001,299100
NC_007530.2,SSG-LUGIA-P,448801,473100
NC_007530.2,SSG-LUGIA-P,532301,549300
NC_007530.2,SSG-LUGIA-P,1510501,1530900
NC_007530.2,SSG-LUGIA-P,1565301,1606000
NC_007530.2,SSG-LUGIA-P,3454101,3501200
NC_007530.2,SSG-LUGIA-P,3749401,3779700
NC_007530.2,SSG-LUGIA-P+center,5151,18450
NC_007530.2,SSG-LUGIA-P+center,72051,159750
NC_007530.2,SSG-LUGIA-P+center,247951,304050
NC_007530.2,SSG-LUGIA-P+center,453751,478050
NC_007530.2,SSG-LUGIA-P+center,537251,554250
NC_007530.2,SSG-LUGIA-P+center,1515451,1535850
NC_007530.2,SSG-LUGIA-P+center,1570251,1610950
NC_007530.2,SSG-LUGIA-P+center,3459051,3506150
NC_007530.2,SSG-LUGIA-P+center,3754351,3784650
NC_007530.2,SSG-LUGIA-F,101,13800
NC_007530.2,SSG-LUGIA-F,65401,159000
NC_007530.2,SSG-LUGIA-F,239501,300300
NC_007530.2,SSG-LUGIA-F,448401,478400
NC_007530.2,SSG-LUGIA-F,531801,551500
NC_007530.2,SSG-LUGIA-F,737701,763100
NC_007530.2,SSG-LUGIA-F,1509601,1531800
NC_007530.2,SSG-LUGIA-F,1564101,1611700
NC_007530.2,SSG-LUGIA-F,2034601,2047000
NC_007530.2,SSG-LUGIA-F,3453701,3501800
NC_007530.2,SSG-LUGIA-F,3623801,3663600
NC_007530.2,SSG-LUGIA-F,3747201,3784700
NC_007530.2,SSG-LUGIA-F,5008101,5020400
NC_007530.2,SSG-LUGIA-F+center,5051,18750
NC_007530.2,SSG-LUGIA-F+center,70351,163950
NC_007530.2,SSG-LUGIA-F+center,244451,305250
NC_007530.2,SSG-LUGIA-F+center,453351,483350
NC_007530.2,SSG-LUGIA-F+center,536751,556450
NC_007530.2,SSG-LUGIA-F+center,742651,768050
NC_007530.2,SSG-LUGIA-F+center,1514551,1536750
NC_007530.2,SSG-LUGIA-F+center,1569051,1616650
NC_007530.2,SSG-LUGIA-F+center,2039551,2051950
NC_007530.2,SSG-LUGIA-F+center,3458651,3506750
NC_007530.2,SSG-LUGIA-F+center,3628751,3668550
NC_007530.2,SSG-LUGIA-F+center,3752151,3789650
NC_007530.2,SSG-LUGIA-F+center,5013051,5025350
NC_007530.2,SSG-LUGIA-R,1,14300
NC_007530.2,SSG-LUGIA-R,19301,42000
NC_007530.2,SSG-LUGIA-R,59001,179900
NC_007530.2,SSG-LUGIA-R,225901,309800
NC_007530.2,SSG-LUGIA-R,357901,373300
NC_007530.2,SSG-LUGIA-R,442701,483200
NC_007530.2,SSG-LUGIA-R,522901,571900
NC_007530.2,SSG-LUGIA-R,714101,775200
NC_007530.2,SSG-LUGIA-R,785101,801200
NC_007530.2,SSG-LUGIA-R,806801,832500
NC_007530.2,SSG-LUGIA-R,889801,908500
NC_007530.2,SSG-LUGIA-R,942901,955800
NC_007530.2,SSG-LUGIA-R,976101,992100
NC_007530.2,SSG-LUGIA-R,997901,1015200
NC_007530.2,SSG-LUGIA-R,1025301,1044600
NC_007530.2,SSG-LUGIA-R,1052601,1063300
NC_007530.2,SSG-LUGIA-R,1077601,1149900
NC_007530.2,SSG-LUGIA-R,1343001,1361000
NC_007530.2,SSG-LUGIA-R,1508401,1613600
NC_007530.2,SSG-LUGIA-R,2028701,2065300
NC_007530.2,SSG-LUGIA-R,2158401,2197700
NC_007530.2,SSG-LUGIA-R,2328801,2407200
NC_007530.2,SSG-LUGIA-R,2486801,2502100
NC_007530.2,SSG-LUGIA-R,2504601,2526500
NC_007530.2,SSG-LUGIA-R,2869201,2904300
NC_007530.2,SSG-LUGIA-R,3001301,3038800
NC_007530.2,SSG-LUGIA-R,3451001,3507900
NC_007530.2,SSG-LUGIA-R,3608801,3671300
NC_007530.2,SSG-LUGIA-R,3688501,3701700
NC_007530.2,SSG-LUGIA-R,3743001,3796500
NC_007530.2,SSG-LUGIA-R,4157601,4195000
NC_007530.2,SSG-LUGIA-R,4460201,4472900
NC_007530.2,SSG-LUGIA-R,4492501,4504000
NC_007530.2,SSG-LUGIA-R,4605301,4644900
NC_007530.2,SSG-LUGIA-R,4851601,4880400
NC_007530.2,SSG-LUGIA-R,4949401,5053600
NC_007530.2,SSG-LUGIA-R,5150201,5164900
NC_007530.2,SSG-LUGIA-R+center,4951,19250
NC_007530.2,SSG-LUGIA-R+center,24251,46950
NC_007530.2,SSG-LUGIA-R+center,63951,184850
NC_007530.2,SSG-LUGIA-R+center,230851,314750
NC_007530.2,SSG-LUGIA-R+center,362851,378250
NC_007530.2,SSG-LUGIA-R+center,447651,488150
NC_007530.2,SSG-LUGIA-R+center,527851,576850
NC_007530.2,SSG-LUGIA-R+center,719051,780150
NC_007530.2,SSG-LUGIA-R+center,790051,806150
NC_007530.2,SSG-LUGIA-R+center,811751,837450
NC_007530.2,SSG-LUGIA-R+center,894751,913450
NC_007530.2,SSG-LUGIA-R+center,947851,960750
NC_007530.2,SSG-LUGIA-R+center,981051,997050
NC_007530.2,SSG-LUGIA-R+center,1002851,1020150
NC_007530.2,SSG-LUGIA-R+center,1030251,1049550
NC_007530.2,SSG-LUGIA-R+center,1057551,1068250
NC_007530.2,SSG-LUGIA-R+center,1082551,1154850
NC_007530.2,SSG-LUGIA-R+center,1347951,1365950
NC_007530.2,SSG-LUGIA-R+center,1513351,1618550
NC_007530.2,SSG-LUGIA-R+center,2033651,2070250
NC_007530.2,SSG-LUGIA-R+center,2163351,2202650
NC_007530.2,SSG-LUGIA-R+center,2333751,2412150
NC_007530.2,SSG-LUGIA-R+center,2491751,2507050
NC_007530.2,SSG-LUGIA-R+center,2509551,2531450
NC_007530.2,SSG-LUGIA-R+center,2874151,2909250
NC_007530.2,SSG-LUGIA-R+center,3006251,3043750
NC_007530.2,SSG-LUGIA-R+center,3455951,3512850
NC_007530.2,SSG-LUGIA-R+center,3613751,3676250
NC_007530.2,SSG-LUGIA-R+center,3693451,3706650
NC_007530.2,SSG-LUGIA-R+center,3747951,3801450
NC_007530.2,SSG-LUGIA-R+center,4162551,4199950
NC_007530.2,SSG-LUGIA-R+center,4465151,4477850
NC_007530.2,SSG-LUGIA-R+center,4497451,4508950
NC_007530.2,SSG-LUGIA-R+center,4610251,4649850
NC_007530.2,SSG-LUGIA-R+center,4856551,4885350
NC_007530.2,SSG-LUGIA-R+center,4954351,5058550
NC_007530.2,SSG-LUGIA-R+center,5155151,5169850
NC_007651.1,SSG-LUGIA-P,82601,147000
NC_007651.1,SSG-LUGIA-P,1217201,1229800
NC_007651.1,SSG-LUGIA-P,1619701,1662700
NC_007651.1,SSG-LUGIA-P,2640701,2673900
NC_007651.1,SSG-LUGIA-P,2747701,2777100
NC_007651.1,SSG-LUGIA-P,3067901,3156400
NC_007651.1,SSG-LUGIA-P,3483101,3528700
NC_007651.1,SSG-LUGIA-P,3561001,3586100
NC_007651.1,SSG-LUGIA-P,3659601,3684100
NC_007651.1,SSG-LUGIA-P+center,87551,151950
NC_007651.1,SSG-LUGIA-P+center,1222151,1234750
NC_007651.1,SSG-LUGIA-P+center,1624651,1667650
NC_007651.1,SSG-LUGIA-P+center,2645651,2678850
NC_007651.1,SSG-LUGIA-P+center,2752651,2782050
NC_007651.1,SSG-LUGIA-P+center,3072851,3161350
NC_007651.1,SSG-LUGIA-P+center,3488051,3533650
NC_007651.1,SSG-LUGIA-P+center,3565951,3591050
NC_007651.1,SSG-LUGIA-P+center,3664551,3689050
NC_007651.1,SSG-LUGIA-F,81301,147700
NC_007651.1,SSG-LUGIA-F,1211401,1232000
NC_007651.1,SSG-LUGIA-F,1616201,1664700
NC_007651.1,SSG-LUGIA-F,2637301,2679300
NC_007651.1,SSG-LUGIA-F,2736201,2791800
NC_007651.1,SSG-LUGIA-F,2914901,2950600
NC_007651.1,SSG-LUGIA-F,3064201,3157400
NC_007651.1,SSG-LUGIA-F,3481101,3535300
NC_007651.1,SSG-LUGIA-F,3554501,3587900
NC_007651.1,SSG-LUGIA-F,3650601,3689800
NC_007651.1,SSG-LUGIA-F,3763201,3785400
NC_007651.1,SSG-LUGIA-F+center,86251,152650
NC_007651.1,SSG-LUGIA-F+center,1216351,1236950
NC_007651.1,SSG-LUGIA-F+center,1621151,1669650
NC_007651.1,SSG-LUGIA-F+center,2642251,2684250
NC_007651.1,SSG-LUGIA-F+center,2741151,2796750
NC_007651.1,SSG-LUGIA-F+center,2919851,2955550
NC_007651.1,SSG-LUGIA-F+center,3069151,3162350
NC_007651.1,SSG-LUGIA-F+center,3486051,3540250
NC_007651.1,SSG-LUGIA-F+center,3559451,3592850
NC_007651.1,SSG-LUGIA-F+center,3655551,3694750
NC_007651.1,SSG-LUGIA-F+center,3768151,3790350
NC_007651.1,SSG-LUGIA-R,78001,149300
NC_007651.1,SSG-LUGIA-R,557301,571900
NC_007651.1,SSG-LUGIA-R,714801,732100
NC_007651.1,SSG-LUGIA-R,1026101,1058300
NC_007651.1,SSG-LUGIA-R,1175901,1254800
NC_007651.1,SSG-LUGIA-R,1505901,1548200
NC_007651.1,SSG-LUGIA-R,1598201,1668800
NC_007651.1,SSG-LUGIA-R,2173501,2224900
NC_007651.1,SSG-LUGIA-R,2631701,2691700
NC_007651.1,SSG-LUGIA-R,2714501,2829800
NC_007651.1,SSG-LUGIA-R,2889801,2957600
NC_007651.1,SSG-LUGIA-R,3007101,3288500
NC_007651.1,SSG-LUGIA-R,3296001,3341700
NC_007651.1,SSG-LUGIA-R,3377501,3446800
NC_007651.1,SSG-LUGIA-R,3463301,3600900
NC_007651.1,SSG-LUGIA-R,3620901,3712500
NC_007651.1,SSG-LUGIA-R,3717501,3738000
NC_007651.1,SSG-LUGIA-R,3752901,3791000
NC_007651.1,SSG-LUGIA-R+center,82951,154250
NC_007651.1,SSG-LUGIA-R+center,562251,576850
NC_007651.1,SSG-LUGIA-R+center,719751,737050
NC_007651.1,SSG-LUGIA-R+center,1031051,1063250
NC_007651.1,SSG-LUGIA-R+center,1180851,1259750
NC_007651.1,SSG-LUGIA-R+center,1510851,1553150
NC_007651.1,SSG-LUGIA-R+center,1603151,1673750
NC_007651.1,SSG-LUGIA-R+center,2178451,2229850
NC_007651.1,SSG-LUGIA-R+center,2636651,2696650
NC_007651.1,SSG-LUGIA-R+center,2719451,2834750
NC_007651.1,SSG-LUGIA-R+center,2894751,2962550
NC_007651.1,SSG-LUGIA-R+center,3012051,3293450
NC_007651.1,SSG-LUGIA-R+center,3300951,3346650
NC_007651.1,SSG-LUGIA-R+center,3382451,3451750
NC_007651.1,SSG-LUGIA-R+center,3468251,3605850
NC_007651.1,SSG-LUGIA-R+center,3625851,3717450
NC_007651.1,SSG-LUGIA-R+center,3722451,3742950
NC_007651.1,SSG-LUGIA-R+center,3757851,3795950
NC_007761.1,SSG-LUGIA-P,679401,700700
NC_007761.1,SSG-LUGIA-P,780701,815200
NC_007761.1,SSG-LUGIA-P,1097801,1143000
NC_007761.1,SSG-LUGIA-P,1411801,1439100
NC_007761.1,SSG-LUGIA-P,1743501,1776200
NC_007761.1,SSG-LUGIA-P,2046901,2106500
NC_007761.1,SSG-LUGIA-P,2732901,2752300
NC_007761.1,SSG-LUGIA-P,3362701,3401500
NC_007761.1,SSG-LUGIA-P,3944601,3974200
NC_007761.1,SSG-LUGIA-P+center,684351,705650
NC_007761.1,SSG-LUGIA-P+center,785651,820150
NC_007761.1,SSG-LUGIA-P+center,1102751,1147950
NC_007761.1,SSG-LUGIA-P+center,1416751,1444050
NC_007761.1,SSG-LUGIA-P+center,1748451,1781150
NC_007761.1,SSG-LUGIA-P+center,2051851,2111450
NC_007761.1,SSG-LUGIA-P+center,2737851,2757250
NC_007761.1,SSG-LUGIA-P+center,3367651,3406450
NC_007761.1,SSG-LUGIA-P+center,3949551,3979150
NC_007761.1,SSG-LUGIA-F,678401,701000
NC_007761.1,SSG-LUGIA-F,780401,815800
NC_007761.1,SSG-LUGIA-F,1095801,1160700
NC_007761.1,SSG-LUGIA-F,1396601,1440700
NC_007761.1,SSG-LUGIA-F,1743101,1776900
NC_007761.1,SSG-LUGIA-F,2046601,2106900
NC_007761.1,SSG-LUGIA-F,2719701,2758400
NC_007761.1,SSG-LUGIA-F,3360801,3401700
NC_007761.1,SSG-LUGIA-F,3555901,3585000
NC_007761.1,SSG-LUGIA-F,3943901,3974700
NC_007761.1,SSG-LUGIA-F+center,683351,705950
NC_007761.1,SSG-LUGIA-F+center,785351,820750
NC_007761.1,SSG-LUGIA-F+center,1100751,1165650
NC_007761.1,SSG-LUGIA-F+center,1401551,1445650
NC_007761.1,SSG-LUGIA-F+center,1748051,1781850
NC_007761.1,SSG-LUGIA-F+center,2051551,2111850
NC_007761.1,SSG-LUGIA-F+center,2724651,2763350
NC_007761.1,SSG-LUGIA-F+center,3365751,3406650
NC_007761.1,SSG-LUGIA-F+center,3560851,3589950
NC_007761.1,SSG-LUGIA-F+center,3948851,3979650
NC_007761.1,SSG-LUGIA-R,334801,390300
NC_007761.1,SSG-LUGIA-R,663901,706300
NC_007761.1,SSG-LUGIA-R,779501,819400
NC_007761.1,SSG-LUGIA-R,1031301,1162500
NC_007761.1,SSG-LUGIA-R,1336801,1457300
NC_007761.1,SSG-LUGIA-R,1662401,1704000
NC_007761.1,SSG-LUGIA-R,1732701,1833000
NC_007761.1,SSG-LUGIA-R,1889901,1926500
NC_007761.1,SSG-LUGIA-R,1964601,2007100
NC_007761.1,SSG-LUGIA-R,2043601,2118100
NC_007761.1,SSG-LUGIA-R,2156701,2172300
NC_007761.1,SSG-LUGIA-R,2176601,2188900
NC_007761.1,SSG-LUGIA-R,2444901,2461300
NC_007761.1,SSG-LUGIA-R,2504801,2514800
NC_007761.1,SSG-LUGIA-R,2616901,2636000
NC_007761.1,SSG-LUGIA-R,2662401,2686000
NC_007761.1,SSG-LUGIA-R,2693801,2777700
NC_007761.1,SSG-LUGIA-R,2795501,2806600
NC_007761.1,SSG-LUGIA-R,3052501,3116200
NC_007761.1,SSG-LUGIA-R,3348101,3402200
NC_007761.1,SSG-LUGIA-R,3554101,3597600
NC_007761.1,SSG-LUGIA-R,3682401,3700200
NC_007761.1,SSG-LUGIA-R,3765501,3799600
NC_007761.1,SSG-LUGIA-R,3930501,3979600
NC_007761.1,SSG-LUGIA-R,4077601,4130800
NC_007761.1,SSG-LUGIA-R,4285701,4319800
NC_007761.1,SSG-LUGIA-R+center,339751,395250
NC_007761.1,SSG-LUGIA-R+center,668851,711250
NC_007761.1,SSG-LUGIA-R+center,784451,824350
NC_007761.1,SSG-LUGIA-R+center,1036251,1167450
NC_007761.1,SSG-LUGIA-R+center,1341751,1462250
NC_007761.1,SSG-LUGIA-R+center,1667351,1708950
NC_007761.1,SSG-LUGIA-R+center,1737651,1837950
NC_007761.1,SSG-LUGIA-R+center,1894851,1931450
NC_007761.1,SSG-LUGIA-R+center,1969551,2012050
NC_007761.1,SSG-LUGIA-R+center,2048551,2123050
NC_007761.1,SSG-LUGIA-R+center,2161651,2177250
NC_007761.1,SSG-LUGIA-R+center,2181551,2193850
NC_007761.1,SSG-LUGIA-R+center,2449851,2466250
NC_007761.1,SSG-LUGIA-R+center,2509751,2519750
NC_007761.1,SSG-LUGIA-R+center,2621851,2640950
NC_007761.1,SSG-LUGIA-R+center,2667351,2690950
NC_007761.1,SSG-LUGIA-R+center,2698751,2782650
NC_007761.1,SSG-LUGIA-R+center,2800451,2811550
NC_007761.1,SSG-LUGIA-R+center,3057451,3121150
NC_007761.1,SSG-LUGIA-R+center,3353051,3407150
NC_007761.1,SSG-LUGIA-R+center,3559051,3602550
NC_007761.1,SSG-LUGIA-R+center,3687351,3705150
NC_007761.1,SSG-LUGIA-R+center,3770451,3804550
NC_007761.1,SSG-LUGIA-R+center,3935451,3984550
NC_007761.1,SSG-LUGIA-R+center,4082551,4135750
NC_007761.1,SSG-LUGIA-R+center,4290651,4324750
NC_007778.1,SSG-LUGIA-P,896401,919900
NC_007778.1,SSG-LUGIA-P,1719801,1732300
NC_007778.1,SSG-LUGIA-P,1835301,1866200
NC_007778.1,SSG-LUGIA-P,2340801,2362700
NC_007778.1,SSG-LUGIA-P,2484301,2518000
NC_007778.1,SSG-LUGIA-P,2560201,2582700
NC_007778.1,SSG-LUGIA-P,2620601,2664400
NC_007778.1,SSG-LUGIA-P,2876601,2908700
NC_007778.1,SSG-LUGIA-P,3465201,3500900
NC_007778.1,SSG-LUGIA-P,3767601,3803100
NC_007778.1,SSG-LUGIA-P,3956201,3984600
NC_007778.1,SSG-LUGIA-P+center,901351,924850
NC_007778.1,SSG-LUGIA-P+center,1724751,1737250
NC_007778.1,SSG-LUGIA-P+center,1840251,1871150
NC_007778.1,SSG-LUGIA-P+center,2345751,2367650
NC_007778.1,SSG-LUGIA-P+center,2489251,2522950
NC_007778.1,SSG-LUGIA-P+center,2565151,2587650
NC_007778.1,SSG-LUGIA-P+center,2625551,2669350
NC_007778.1,SSG-LUGIA-P+center,2881551,2913650
NC_007778.1,SSG-LUGIA-P+center,3470151,3505850
NC_007778.1,SSG-LUGIA-P+center,3772551,3808050
NC_007778.1,SSG-LUGIA-P+center,3961151,3989550
NC_007778.1,SSG-LUGIA-F,832501,842700
NC_007778.1,SSG-LUGIA-F,896001,920200
NC_007778.1,SSG-LUGIA-F,1712701,1739300
NC_007778.1,SSG-LUGIA-F,1832501,1866600
NC_007778.1,SSG-LUGIA-F,2340001,2364600
NC_007778.1,SSG-LUGIA-F,2475601,2591100
NC_007778.1,SSG-LUGIA-F,2617201,2670300
NC_007778.1,SSG-LUGIA-F,2873901,2910400
NC_007778.1,SSG-LUGIA-F,2945801,2959500
NC_007778.1,SSG-LUGIA-F,3464101,3508600
NC_007778.1,SSG-LUGIA-F,3763301,3803400
NC_007778.1,SSG-LUGIA-F,3955001,3987500
NC_007778.1,SSG-LUGIA-F,4959201,4990700
NC_007778.1,SSG-LUGIA-F+center,837451,847650
NC_007778.1,SSG-LUGIA-F+center,900951,925150
NC_007778.1,SSG-LUGIA-F+center,1717651,1744250
NC_007778.1,SSG-LUGIA-F+center,1837451,1871550
NC_007778.1,SSG-LUGIA-F+center,2344951,2369550
NC_007778.1,SSG-LUGIA-F+center,2480551,2596050
NC_007778.1,SSG-LUGIA-F+center,2622151,2675250
NC_007778.1,SSG-LUGIA-F+center,2878851,2915350
NC_007778.1,SSG-LUGIA-F+center,2950751,2964450
NC_007778.1,SSG-LUGIA-F+center,3469051,3513550
NC_007778.1,SSG-LUGIA-F+center,3768251,3808350
NC_007778.1,SSG-LUGIA-F+center,3959951,3992450
NC_007778.1,SSG-LUGIA-F+center,4964151,4995650
NC_007778.1,SSG-LUGIA-R,147601,175700
NC_007778.1,SSG-LUGIA-R,198401,254000
NC_007778.1,SSG-LUGIA-R,307301,325100
NC_007778.1,SSG-LUGIA-R,665901,720700
NC_007778.1,SSG-LUGIA-R,808001,867300
NC_007778.1,SSG-LUGIA-R,883301,920700
NC_007778.1,SSG-LUGIA-R,1034701,1111300
NC_007778.1,SSG-LUGIA-R,1119701,1134300
NC_007778.1,SSG-LUGIA-R,1340901,1352400
NC_007778.1,SSG-LUGIA-R,1523101,1562200
NC_007778.1,SSG-LUGIA-R,1664701,1754500
NC_007778.1,SSG-LUGIA-R,1828801,1871900
NC_007778.1,SSG-LUGIA-R,2023301,2051500
NC_007778.1,SSG-LUGIA-R,2126401,2152600
NC_007778.1,SSG-LUGIA-R,2216601,2232800
NC_007778.1,SSG-LUGIA-R,2332801,2372200
NC_007778.1,SSG-LUGIA-R,2461401,2698000
NC_007778.1,SSG-LUGIA-R,2868201,2928000
NC_007778.1,SSG-LUGIA-R,2938001,2966000
NC_007778.1,SSG-LUGIA-R,3330501,3345500
NC_007778.1,SSG-LUGIA-R,3385801,3401300
NC_007778.1,SSG-LUGIA-R,3451701,3580100
NC_007778.1,SSG-LUGIA-R,3620701,3684500
NC_007778.1,SSG-LUGIA-R,3726101,3807200
NC_007778.1,SSG-LUGIA-R,3940801,4002100
NC_007778.1,SSG-LUGIA-R,4022301,4033300
NC_007778.1,SSG-LUGIA-R,4293801,4314900
NC_007778.1,SSG-LUGIA-R,4320201,4375200
NC_007778.1,SSG-LUGIA-R,4511301,4523000
NC_007778.1,SSG-LUGIA-R,4529701,4554500
NC_007778.1,SSG-LUGIA-R,4672201,4695700
NC_007778.1,SSG-LUGIA-R,4949901,5019600
NC_007778.1,SSG-LUGIA-R,5086701,5100900
NC_007778.1,SSG-LUGIA-R+center,152551,180650
NC_007778.1,SSG-LUGIA-R+center,203351,258950
NC_007778.1,SSG-LUGIA-R+center,312251,330050
NC_007778.1,SSG-LUGIA-R+center,670851,725650
NC_007778.1,SSG-LUGIA-R+center,812951,872250
NC_007778.1,SSG-LUGIA-R+center,888251,925650
NC_007778.1,SSG-LUGIA-R+center,1039651,1116250
NC_007778.1,SSG-LUGIA-R+center,1124651,1139250
NC_007778.1,SSG-LUGIA-R+center,1345851,1357350
NC_007778.1,SSG-LUGIA-R+center,1528051,1567150
NC_007778.1,SSG-LUGIA-R+center,1669651,1759450
NC_007778.1,SSG-LUGIA-R+center,1833751,1876850
NC_007778.1,SSG-LUGIA-R+center,2028251,2056450
NC_007778.1,SSG-LUGIA-R+center,2131351,2157550
NC_007778.1,SSG-LUGIA-R+center,2221551,2237750
NC_007778.1,SSG-LUGIA-R+center,2337751,2377150
NC_007778.1,SSG-LUGIA-R+center,2466351,2702950
NC_007778.1,SSG-LUGIA-R+center,2873151,2932950
NC_007778.1,SSG-LUGIA-R+center,2942951,2970950
NC_007778.1,SSG-LUGIA-R+center,3335451,3350450
NC_007778.1,SSG-LUGIA-R+center,3390751,3406250
NC_007778.1,SSG-LUGIA-R+center,3456651,3585050
NC_007778.1,SSG-LUGIA-R+center,3625651,3689450
NC_007778.1,SSG-LUGIA-R+center,3731051,3812150
NC_007778.1,SSG-LUGIA-R+center,3945751,4007050
NC_007778.1,SSG-LUGIA-R+center,4027251,4038250
NC_007778.1,SSG-LUGIA-R+center,4298751,4319850
NC_007778.1,SSG-LUGIA-R+center,4325151,4380150
NC_007778.1,SSG-LUGIA-R+center,4516251,4527950
NC_007778.1,SSG-LUGIA-R+center,4534651,4559450
NC_007778.1,SSG-LUGIA-R+center,4677151,4700650
NC_007778.1,SSG-LUGIA-R+center,4954851,5024550
NC_007778.1,SSG-LUGIA-R+center,5091651,5105850
NC_007793.1,SSG-LUGIA-P,444401,468100
NC_007793.1,SSG-LUGIA-P,1450501,1480600
NC_007793.1,SSG-LUGIA-P,1538901,1585300
NC_007793.1,SSG-LUGIA-P,2085801,2118900
NC_007793.1,SSG-LUGIA-P,2272401,2295500
NC_007793.1,SSG-LUGIA-P,2607801,2625800
NC_007793.1,SSG-LUGIA-P+center,449351,473050
NC_007793.1,SSG-LUGIA-P+center,1455451,1485550
NC_007793.1,SSG-LUGIA-P+center,1543851,1590250
NC_007793.1,SSG-LUGIA-P+center,2090751,2123850
NC_007793.1,SSG-LUGIA-P+center,2277351,2300450
NC_007793.1,SSG-LUGIA-P+center,2612751,2630750
NC_007793.1,SSG-LUGIA-F,35101,69200
NC_007793.1,SSG-LUGIA-F,443301,470400
NC_007793.1,SSG-LUGIA-F,592501,603800
NC_007793.1,SSG-LUGIA-F,1450101,1480900
NC_007793.1,SSG-LUGIA-F,1537001,1585600
NC_007793.1,SSG-LUGIA-F,2083001,2121500
NC_007793.1,SSG-LUGIA-F,2271701,2298400
NC_007793.1,SSG-LUGIA-F,2604801,2628800
NC_007793.1,SSG-LUGIA-F+center,40051,74150
NC_007793.1,SSG-LUGIA-F+center,448251,475350
NC_007793.1,SSG-LUGIA-F+center,597451,608750
NC_007793.1,SSG-LUGIA-F+center,1455051,1485850
NC_007793.1,SSG-LUGIA-F+center,1541951,1590550
NC_007793.1,SSG-LUGIA-F+center,2087951,2126450
NC_007793.1,SSG-LUGIA-F+center,2276651,2303350
NC_007793.1,SSG-LUGIA-F+center,2609751,2633750
NC_007793.1,SSG-LUGIA-R,18501,107600
NC_007793.1,SSG-LUGIA-R,325701,354900
NC_007793.1,SSG-LUGIA-R,407401,520600
NC_007793.1,SSG-LUGIA-R,538301,609200
NC_007793.1,SSG-LUGIA-R,661001,676900
NC_007793.1,SSG-LUGIA-R,844401,863900
NC_007793.1,SSG-LUGIA-R,941701,972500
NC_007793.1,SSG-LUGIA-R,1230901,1278000
NC_007793.1,SSG-LUGIA-R,1332801,1376000
NC_007793.1,SSG-LUGIA-R,1449101,1496700
NC_007793.1,SSG-LUGIA-R,1534101,1592500
NC_007793.1,SSG-LUGIA-R,1614701,1643900
NC_007793.1,SSG-LUGIA-R,1689401,1711700
NC_007793.1,SSG-LUGIA-R,1718401,1730900
NC_007793.1,SSG-LUGIA-R,1913301,1962900
NC_007793.1,SSG-LUGIA-R,2070101,2131400
NC_007793.1,SSG-LUGIA-R,2156901,2182500
NC_007793.1,SSG-LUGIA-R,2260401,2306700
NC_007793.1,SSG-LUGIA-R,2336901,2368100
NC_007793.1,SSG-LUGIA-R,2599401,2634400
NC_007793.1,SSG-LUGIA-R+center,23451,112550
NC_007793.1,SSG-LUGIA-R+center,330651,359850
NC_007793.1,SSG-LUGIA-R+center,412351,525550
NC_007793.1,SSG-LUGIA-R+center,543251,614150
NC_007793.1,SSG-LUGIA-R+center,665951,681850
NC_007793.1,SSG-LUGIA-R+center,849351,868850
NC_007793.1,SSG-LUGIA-R+center,946651,977450
NC_007793.1,SSG-LUGIA-R+center,1235851,1282950
NC_007793.1,SSG-LUGIA-R+center,1337751,1380950
NC_007793.1,SSG-LUGIA-R+center,1454051,1501650
NC_007793.1,SSG-LUGIA-R+center,1539051,1597450
NC_007793.1,SSG-LUGIA-R+center,1619651,1648850
NC_007793.1,SSG-LUGIA-R+center,1694351,1716650
NC_007793.1,SSG-LUGIA-R+center,1723351,1735850
NC_007793.1,SSG-LUGIA-R+center,1918251,1967850
NC_007793.1,SSG-LUGIA-R+center,2075051,2136350
NC_007793.1,SSG-LUGIA-R+center,2161851,2187450
NC_007793.1,SSG-LUGIA-R+center,2265351,2311650
NC_007793.1,SSG-LUGIA-R+center,2341851,2373050
NC_007793.1,SSG-LUGIA-R+center,2604351,2639350
NC_008022.1,SSG-LUGIA-P,10401,25500
NC_008022.1,SSG-LUGIA-P,59601,90100
NC_008022.1,SSG-LUGIA-P,530101,563600
NC_008022.1,SSG-LUGIA-P,773601,799500
NC_008022.1,SSG-LUGIA-P,1255101,1285400
NC_008022.1,SSG-LUGIA-P,1725201,1756900
NC_008022.1,SSG-LUGIA-P+center,15351,30450
NC_008022.1,SSG-LUGIA-P+center,64551,95050
NC_008022.1,SSG-LUGIA-P+center,535051,568550
NC_008022.1,SSG-LUGIA-P+center,778551,804450
NC_008022.1,SSG-LUGIA-P+center,1260051,1290350
NC_008022.1,SSG-LUGIA-P+center,1730151,1761850
NC_008022.1,SSG-LUGIA-F,9601,92800
NC_008022.1,SSG-LUGIA-F,529501,564600
NC_008022.1,SSG-LUGIA-F,772801,802000
NC_008022.1,SSG-LUGIA-F,1253601,1286500
NC_008022.1,SSG-LUGIA-F,1626101,1645600
NC_008022.1,SSG-LUGIA-F,1721601,1758500
NC_008022.1,SSG-LUGIA-F+center,14551,97750
NC_008022.1,SSG-LUGIA-F+center,534451,569550
NC_008022.1,SSG-LUGIA-F+center,777751,806950
NC_008022.1,SSG-LUGIA-F+center,1258551,1291450
NC_008022.1,SSG-LUGIA-F+center,1631051,1650550
NC_008022.1,SSG-LUGIA-F+center,1726551,1763450
NC_008022.1,SSG-LUGIA-R,1,110900
NC_008022.1,SSG-LUGIA-R,335901,382200
NC_008022.1,SSG-LUGIA-R,426901,449500
NC_008022.1,SSG-LUGIA-R,525001,578600
NC_008022.1,SSG-LUGIA-R,762401,817800
NC_008022.1,SSG-LUGIA-R,825601,841600
NC_008022.1,SSG-LUGIA-R,853901,870000
NC_008022.1,SSG-LUGIA-R,871201,896700
NC_008022.1,SSG-LUGIA-R,1247901,1294500
NC_008022.1,SSG-LUGIA-R,1309501,1393600
NC_008022.1,SSG-LUGIA-R,1608701,1652400
NC_008022.1,SSG-LUGIA-R,1682301,1765000
NC_008022.1,SSG-LUGIA-R,1786101,1822900
NC_008022.1,SSG-LUGIA-R,1845101,1882000
NC_008022.1,SSG-LUGIA-R+center,4951,115850
NC_008022.1,SSG-LUGIA-R+center,340851,387150
NC_008022.1,SSG-LUGIA-R+center,431851,454450
NC_008022.1,SSG-LUGIA-R+center,529951,583550
NC_008022.1,SSG-LUGIA-R+center,767351,822750
NC_008022.1,SSG-LUGIA-R+center,830551,846550
NC_008022.1,SSG-LUGIA-R+center,858851,874950
NC_008022.1,SSG-LUGIA-R+center,876151,901650
NC_008022.1,SSG-LUGIA-R+center,1252851,1299450
NC_008022.1,SSG-LUGIA-R+center,1314451,1398550
NC_008022.1,SSG-LUGIA-R+center,1613651,1657350
NC_008022.1,SSG-LUGIA-R+center,1687251,1769950
NC_008022.1,SSG-LUGIA-R+center,1791051,1827850
NC_008022.1,SSG-LUGIA-R+center,1850051,1886950
NC_007946.1,SSG-LUGIA-P,233401,266900
NC_007946.1,SSG-LUGIA-P,299001,312800
NC_007946.1,SSG-LUGIA-P,917901,938600
NC_007946.1,SSG-LUGIA-P,1079301,1138300
NC_007946.1,SSG-LUGIA-P,1244201,1287100
NC_007946.1,SSG-LUGIA-P,1398101,1427600
NC_007946.1,SSG-LUGIA-P,1631501,1656300
NC_007946.1,SSG-LUGIA-P,2066501,2092100
NC_007946.1,SSG-LUGIA-P,2166001,2209300
NC_007946.1,SSG-LUGIA-P,2592901,2641200
NC_007946.1,SSG-LUGIA-P,2900501,2927800
NC_007946.1,SSG-LUGIA-P,3099001,3125200
NC_007946.1,SSG-LUGIA-P,4778201,4855000
NC_007946.1,SSG-LUGIA-P,4878801,4904400
NC_007946.1,SSG-LUGIA-P,4992101,5021700
NC_007946.1,SSG-LUGIA-P+center,238351,271850
NC_007946.1,SSG-LUGIA-P+center,303951,317750
NC_007946.1,SSG-LUGIA-P+center,922851,943550
NC_007946.1,SSG-LUGIA-P+center,1084251,1143250
NC_007946.1,SSG-LUGIA-P+center,1249151,1292050
NC_007946.1,SSG-LUGIA-P+center,1403051,1432550
NC_007946.1,SSG-LUGIA-P+center,1636451,1661250
NC_007946.1,SSG-LUGIA-P+center,2071451,2097050
NC_007946.1,SSG-LUGIA-P+center,2170951,2214250
NC_007946.1,SSG-LUGIA-P+center,2597851,2646150
NC_007946.1,SSG-LUGIA-P+center,2905451,2932750
NC_007946.1,SSG-LUGIA-P+center,3103951,3130150
NC_007946.1,SSG-LUGIA-P+center,4783151,4859950
NC_007946.1,SSG-LUGIA-P+center,4883751,4909350
NC_007946.1,SSG-LUGIA-P+center,4997051,5026650
NC_007946.1,SSG-LUGIA-F,231101,268100
NC_007946.1,SSG-LUGIA-F,289201,340700
NC_007946.1,SSG-LUGIA-F,913801,939700
NC_007946.1,SSG-LUGIA-F,1077301,1138800
NC_007946.1,SSG-LUGIA-F,1238901,1294200
NC_007946.1,SSG-LUGIA-F,1390401,1428100
NC_007946.1,SSG-LUGIA-F,1629701,1665700
NC_007946.1,SSG-LUGIA-F,2063601,2099300
NC_007946.1,SSG-LUGIA-F,2113601,2228500
NC_007946.1,SSG-LUGIA-F,2592201,2644700
NC_007946.1,SSG-LUGIA-F,2898401,2932600
NC_007946.1,SSG-LUGIA-F,3098201,3128700
NC_007946.1,SSG-LUGIA-F,4777001,4915400
NC_007946.1,SSG-LUGIA-F,4984101,5022600
NC_007946.1,SSG-LUGIA-F+center,236051,273050
NC_007946.1,SSG-LUGIA-F+center,294151,345650
NC_007946.1,SSG-LUGIA-F+center,918751,944650
NC_007946.1,SSG-LUGIA-F+center,1082251,1143750
NC_007946.1,SSG-LUGIA-F+center,1243851,1299150
NC_007946.1,SSG-LUGIA-F+center,1395351,1433050
NC_007946.1,SSG-LUGIA-F+center,1634651,1670650
NC_007946.1,SSG-LUGIA-F+center,2068551,2104250
NC_007946.1,SSG-LUGIA-F+center,2118551,2233450
NC_007946.1,SSG-LUGIA-F+center,2597151,2649650
NC_007946.1,SSG-LUGIA-F+center,2903351,2937550
NC_007946.1,SSG-LUGIA-F+center,3103151,3133650
NC_007946.1,SSG-LUGIA-F+center,4781951,4920350
NC_007946.1,SSG-LUGIA-F+center,4989051,5027550
NC_007946.1,SSG-LUGIA-R,104301,116900
NC_007946.1,SSG-LUGIA-R,132801,177900
NC_007946.1,SSG-LUGIA-R,223801,362300
NC_007946.1,SSG-LUGIA-R,462301,476600
NC_007946.1,SSG-LUGIA-R,712501,725200
NC_007946.1,SSG-LUGIA-R,897301,946300
NC_007946.1,SSG-LUGIA-R,1067501,1175700
NC_007946.1,SSG-LUGIA-R,1235001,1303300
NC_007946.1,SSG-LUGIA-R,1365001,1430200
NC_007946.1,SSG-LUGIA-R,1500901,1548600
NC_007946.1,SSG-LUGIA-R,1626001,1671700
NC_007946.1,SSG-LUGIA-R,2047901,2262100
NC_007946.1,SSG-LUGIA-R,2289101,2333300
NC_007946.1,SSG-LUGIA-R,2591001,2654800
NC_007946.1,SSG-LUGIA-R,2768201,2791900
NC_007946.1,SSG-LUGIA-R,2879701,2938600
NC_007946.1,SSG-LUGIA-R,3097101,3144600
NC_007946.1,SSG-LUGIA-R,3288001,3311600
NC_007946.1,SSG-LUGIA-R,3629201,3687900
NC_007946.1,SSG-LUGIA-R,3690601,3729600
NC_007946.1,SSG-LUGIA-R,3823501,3868800
NC_007946.1,SSG-LUGIA-R,4148001,4196500
NC_007946.1,SSG-LUGIA-R,4295601,4311100
NC_007946.1,SSG-LUGIA-R,4767701,4956700
NC_007946.1,SSG-LUGIA-R,4964101,5029600
NC_007946.1,SSG-LUGIA-R+center,109251,121850
NC_007946.1,SSG-LUGIA-R+center,137751,182850
NC_007946.1,SSG-LUGIA-R+center,228751,367250
NC_007946.1,SSG-LUGIA-R+center,467251,481550
NC_007946.1,SSG-LUGIA-R+center,717451,730150
NC_007946.1,SSG-LUGIA-R+center,902251,951250
NC_007946.1,SSG-LUGIA-R+center,1072451,1180650
NC_007946.1,SSG-LUGIA-R+center,1239951,1308250
NC_007946.1,SSG-LUGIA-R+center,1369951,1435150
NC_007946.1,SSG-LUGIA-R+center,1505851,1553550
NC_007946.1,SSG-LUGIA-R+center,1630951,1676650
NC_007946.1,SSG-LUGIA-R+center,2052851,2267050
NC_007946.1,SSG-LUGIA-R+center,2294051,2338250
NC_007946.1,SSG-LUGIA-R+center,2595951,2659750
NC_007946.1,SSG-LUGIA-R+center,2773151,2796850
NC_007946.1,SSG-LUGIA-R+center,2884651,2943550
NC_007946.1,SSG-LUGIA-R+center,3102051,3149550
NC_007946.1,SSG-LUGIA-R+center,3292951,3316550
NC_007946.1,SSG-LUGIA-R+center,3634151,3692850
NC_007946.1,SSG-LUGIA-R+center,3695551,3734550
NC_007946.1,SSG-LUGIA-R+center,3828451,3873750
NC_007946.1,SSG-LUGIA-R+center,4152951,4201450
NC_007946.1,SSG-LUGIA-R+center,4300551,4316050
NC_007946.1,SSG-LUGIA-R+center,4772651,4961650
NC_007946.1,SSG-LUGIA-R+center,4969051,5034550
NC_008023.1,SSG-LUGIA-P,10401,25300
NC_008023.1,SSG-LUGIA-P,56901,89800
NC_008023.1,SSG-LUGIA-P,534901,562500
NC_008023.1,SSG-LUGIA-P,1069301,1114600
NC_008023.1,SSG-LUGIA-P,1403401,1434000
NC_008023.1,SSG-LUGIA-P,1689801,1717900
NC_008023.1,SSG-LUGIA-P+center,15351,30250
NC_008023.1,SSG-LUGIA-P+center,61851,94750
NC_008023.1,SSG-LUGIA-P+center,539851,567450
NC_008023.1,SSG-LUGIA-P+center,1074251,1119550
NC_008023.1,SSG-LUGIA-P+center,1408351,1438950
NC_008023.1,SSG-LUGIA-P+center,1694751,1722850
NC_008023.1,SSG-LUGIA-F,9701,93100
NC_008023.1,SSG-LUGIA-F,533401,578900
NC_008023.1,SSG-LUGIA-F,1060101,1115700
NC_008023.1,SSG-LUGIA-F,1401601,1436100
NC_008023.1,SSG-LUGIA-F,1685701,1720100
NC_008023.1,SSG-LUGIA-F+center,14651,98050
NC_008023.1,SSG-LUGIA-F+center,538351,583850
NC_008023.1,SSG-LUGIA-F+center,1065051,1120650
NC_008023.1,SSG-LUGIA-F+center,1406551,1441050
NC_008023.1,SSG-LUGIA-F+center,1690651,1725050
NC_008023.1,SSG-LUGIA-R,1,109700
NC_008023.1,SSG-LUGIA-R,341401,375400
NC_008023.1,SSG-LUGIA-R,429601,452000
NC_008023.1,SSG-LUGIA-R,529501,605400
NC_008023.1,SSG-LUGIA-R,840801,881800
NC_008023.1,SSG-LUGIA-R,1054601,1123300
NC_008023.1,SSG-LUGIA-R,1281701,1319300
NC_008023.1,SSG-LUGIA-R,1390301,1446200
NC_008023.1,SSG-LUGIA-R,1574401,1615400
NC_008023.1,SSG-LUGIA-R,1645401,1726900
NC_008023.1,SSG-LUGIA-R,1747801,1769700
NC_008023.1,SSG-LUGIA-R+center,4951,114650
NC_008023.1,SSG-LUGIA-R+center,346351,380350
NC_008023.1,SSG-LUGIA-R+center,434551,456950
NC_008023.1,SSG-LUGIA-R+center,534451,610350
NC_008023.1,SSG-LUGIA-R+center,845751,886750
NC_008023.1,SSG-LUGIA-R+center,1059551,1128250
NC_008023.1,SSG-LUGIA-R+center,1286651,1324250
NC_008023.1,SSG-LUGIA-R+center,1395251,1451150
NC_008023.1,SSG-LUGIA-R+center,1579351,1620350
NC_008023.1,SSG-LUGIA-R+center,1650351,1731850
NC_008023.1,SSG-LUGIA-R+center,1752751,1774650
NC_007958.1,SSG-LUGIA-P,4701,56100
NC_007958.1,SSG-LUGIA-P,828001,850700
NC_007958.1,SSG-LUGIA-P,1666401,1678000
NC_007958.1,SSG-LUGIA-P,2365901,2432300
NC_007958.1,SSG-LUGIA-P,2533901,2557400
NC_007958.1,SSG-LUGIA-P,2801301,2825300
NC_007958.1,SSG-LUGIA-P,3508201,3548700
NC_007958.1,SSG-LUGIA-P,4045501,4084200
NC_007958.1,SSG-LUGIA-P,4373301,4396500
NC_007958.1,SSG-LUGIA-P+center,9651,61050
NC_007958.1,SSG-LUGIA-P+center,832951,855650
NC_007958.1,SSG-LUGIA-P+center,1671351,1682950
NC_007958.1,SSG-LUGIA-P+center,2370851,2437250
NC_007958.1,SSG-LUGIA-P+center,2538851,2562350
NC_007958.1,SSG-LUGIA-P+center,2806251,2830250
NC_007958.1,SSG-LUGIA-P+center,3513151,3553650
NC_007958.1,SSG-LUGIA-P+center,4050451,4089150
NC_007958.1,SSG-LUGIA-P+center,4378251,4401450
NC_007958.1,SSG-LUGIA-F,4401,59000
NC_007958.1,SSG-LUGIA-F,237901,264400
NC_007958.1,SSG-LUGIA-F,711201,740300
NC_007958.1,SSG-LUGIA-F,825101,855600
NC_007958.1,SSG-LUGIA-F,1175201,1187300
NC_007958.1,SSG-LUGIA-F,1663701,1681300
NC_007958.1,SSG-LUGIA-F,2364401,2432700
NC_007958.1,SSG-LUGIA-F,2532201,2568800
NC_007958.1,SSG-LUGIA-F,2801001,2826400
NC_007958.1,SSG-LUGIA-F,3197001,3216400
NC_007958.1,SSG-LUGIA-F,3508001,3548900
NC_007958.1,SSG-LUGIA-F,4041301,4085900
NC_007958.1,SSG-LUGIA-F,4368601,4401100
NC_007958.1,SSG-LUGIA-F+center,9351,63950
NC_007958.1,SSG-LUGIA-F+center,242851,269350
NC_007958.1,SSG-LUGIA-F+center,716151,745250
NC_007958.1,SSG-LUGIA-F+center,830051,860550
NC_007958.1,SSG-LUGIA-F+center,1180151,1192250
NC_007958.1,SSG-LUGIA-F+center,1668651,1686250
NC_007958.1,SSG-LUGIA-F+center,2369351,2437650
NC_007958.1,SSG-LUGIA-F+center,2537151,2573750
NC_007958.1,SSG-LUGIA-F+center,2805951,2831350
NC_007958.1,SSG-LUGIA-F+center,3201951,3221350
NC_007958.1,SSG-LUGIA-F+center,3512951,3553850
NC_007958.1,SSG-LUGIA-F+center,4046251,4090850
NC_007958.1,SSG-LUGIA-F+center,4373551,4406050
NC_007958.1,SSG-LUGIA-R,1901,68900
NC_007958.1,SSG-LUGIA-R,224601,275400
NC_007958.1,SSG-LUGIA-R,390701,415000
NC_007958.1,SSG-LUGIA-R,526501,550300
NC_007958.1,SSG-LUGIA-R,642801,747100
NC_007958.1,SSG-LUGIA-R,816501,861300
NC_007958.1,SSG-LUGIA-R,1148801,1217600
NC_007958.1,SSG-LUGIA-R,1305801,1345500
NC_007958.1,SSG-LUGIA-R,1492501,1520800
NC_007958.1,SSG-LUGIA-R,1600101,1614700
NC_007958.1,SSG-LUGIA-R,1657201,1697100
NC_007958.1,SSG-LUGIA-R,1717401,1777300
NC_007958.1,SSG-LUGIA-R,1817301,1911300
NC_007958.1,SSG-LUGIA-R,2193001,2232500
NC_007958.1,SSG-LUGIA-R,2274201,2284500
NC_007958.1,SSG-LUGIA-R,2352601,2434400
NC_007958.1,SSG-LUGIA-R,2463801,2501700
NC_007958.1,SSG-LUGIA-R,2523901,2599500
NC_007958.1,SSG-LUGIA-R,2632501,2715100
NC_007958.1,SSG-LUGIA-R,2799201,2834900
NC_007958.1,SSG-LUGIA-R,3107401,3125600
NC_007958.1,SSG-LUGIA-R,3178301,3260700
NC_007958.1,SSG-LUGIA-R,3492801,3549500
NC_007958.1,SSG-LUGIA-R,3857701,3907800
NC_007958.1,SSG-LUGIA-R,3915701,3955900
NC_007958.1,SSG-LUGIA-R,4024201,4091800
NC_007958.1,SSG-LUGIA-R,4283901,4303500
NC_007958.1,SSG-LUGIA-R,4358301,4414300
NC_007958.1,SSG-LUGIA-R,4543701,4555900
NC_007958.1,SSG-LUGIA-R,4744501,4782700
NC_007958.1,SSG-LUGIA-R+center,6851,73850
NC_007958.1,SSG-LUGIA-R+center,229551,280350
NC_007958.1,SSG-LUGIA-R+center,395651,419950
NC_007958.1,SSG-LUGIA-R+center,531451,555250
NC_007958.1,SSG-LUGIA-R+center,647751,752050
NC_007958.1,SSG-LUGIA-R+center,821451,866250
NC_007958.1,SSG-LUGIA-R+center,1153751,1222550
NC_007958.1,SSG-LUGIA-R+center,1310751,1350450
NC_007958.1,SSG-LUGIA-R+center,1497451,1525750
NC_007958.1,SSG-LUGIA-R+center,1605051,1619650
NC_007958.1,SSG-LUGIA-R+center,1662151,1702050
NC_007958.1,SSG-LUGIA-R+center,1722351,1782250
NC_007958.1,SSG-LUGIA-R+center,1822251,1916250
NC_007958.1,SSG-LUGIA-R+center,2197951,2237450
NC_007958.1,SSG-LUGIA-R+center,2279151,2289450
NC_007958.1,SSG-LUGIA-R+center,2357551,2439350
NC_007958.1,SSG-LUGIA-R+center,2468751,2506650
NC_007958.1,SSG-LUGIA-R+center,2528851,2604450
NC_007958.1,SSG-LUGIA-R+center,2637451,2720050
NC_007958.1,SSG-LUGIA-R+center,2804151,2839850
NC_007958.1,SSG-LUGIA-R+center,3112351,3130550
NC_007958.1,SSG-LUGIA-R+center,3183251,3265650
NC_007958.1,SSG-LUGIA-R+center,3497751,3554450
NC_007958.1,SSG-LUGIA-R+center,3862651,3912750
NC_007958.1,SSG-LUGIA-R+center,3920651,3960850
NC_007958.1,SSG-LUGIA-R+center,4029151,4096750
NC_007958.1,SSG-LUGIA-R+center,4288851,4308450
NC_007958.1,SSG-LUGIA-R+center,4363251,4419250
NC_007958.1,SSG-LUGIA-R+center,4548651,4560850
NC_007958.1,SSG-LUGIA-R+center,4749451,4787650
NC_008024.1,SSG-LUGIA-P,10701,25000
NC_008024.1,SSG-LUGIA-P,60601,84900
NC_008024.1,SSG-LUGIA-P,548701,579700
NC_008024.1,SSG-LUGIA-P,805201,830600
NC_008024.1,SSG-LUGIA-P,1606101,1675500
NC_008024.1,SSG-LUGIA-P,1752801,1785100
NC_008024.1,SSG-LUGIA-P+center,15651,29950
NC_008024.1,SSG-LUGIA-P+center,65551,89850
NC_008024.1,SSG-LUGIA-P+center,553651,584650
NC_008024.1,SSG-LUGIA-P+center,810151,835550
NC_008024.1,SSG-LUGIA-P+center,1611051,1680450
NC_008024.1,SSG-LUGIA-P+center,1757751,1790050
NC_008024.1,SSG-LUGIA-F,10001,36300
NC_008024.1,SSG-LUGIA-F,49501,93900
NC_008024.1,SSG-LUGIA-F,444201,467700
NC_008024.1,SSG-LUGIA-F,547501,581600
NC_008024.1,SSG-LUGIA-F,804501,831700
NC_008024.1,SSG-LUGIA-F,1223301,1241200
NC_008024.1,SSG-LUGIA-F,1604501,1677700
NC_008024.1,SSG-LUGIA-F,1745401,1787000
NC_008024.1,SSG-LUGIA-F+center,14951,41250
NC_008024.1,SSG-LUGIA-F+center,54451,98850
NC_008024.1,SSG-LUGIA-F+center,449151,472650
NC_008024.1,SSG-LUGIA-F+center,552451,586550
NC_008024.1,SSG-LUGIA-F+center,809451,836650
NC_008024.1,SSG-LUGIA-F+center,1228251,1246150
NC_008024.1,SSG-LUGIA-F+center,1609451,1682650
NC_008024.1,SSG-LUGIA-F+center,1750351,1791950
NC_008024.1,SSG-LUGIA-R,1,117500
NC_008024.1,SSG-LUGIA-R,334301,407100
NC_008024.1,SSG-LUGIA-R,438701,470000
NC_008024.1,SSG-LUGIA-R,542601,622800
NC_008024.1,SSG-LUGIA-R,792201,847800
NC_008024.1,SSG-LUGIA-R,904401,928200
NC_008024.1,SSG-LUGIA-R,1215001,1251600
NC_008024.1,SSG-LUGIA-R,1340701,1377800
NC_008024.1,SSG-LUGIA-R,1596001,1682300
NC_008024.1,SSG-LUGIA-R,1714301,1793600
NC_008024.1,SSG-LUGIA-R,1815101,1838400
NC_008024.1,SSG-LUGIA-R+center,4951,122450
NC_008024.1,SSG-LUGIA-R+center,339251,412050
NC_008024.1,SSG-LUGIA-R+center,443651,474950
NC_008024.1,SSG-LUGIA-R+center,547551,627750
NC_008024.1,SSG-LUGIA-R+center,797151,852750
NC_008024.1,SSG-LUGIA-R+center,909351,933150
NC_008024.1,SSG-LUGIA-R+center,1219951,1256550
NC_008024.1,SSG-LUGIA-R+center,1345651,1382750
NC_008024.1,SSG-LUGIA-R+center,1600951,1687250
NC_008024.1,SSG-LUGIA-R+center,1719251,1798550
NC_008024.1,SSG-LUGIA-R+center,1820051,1843350
NC_008061.1,SSG-LUGIA-P,182701,246900
NC_008061.1,SSG-LUGIA-P,1863701,1890500
NC_008061.1,SSG-LUGIA-P,2098901,2207800
NC_008061.1,SSG-LUGIA-P,2356701,2385100
NC_008061.1,SSG-LUGIA-P,2559001,2590300
NC_008061.1,SSG-LUGIA-P+center,187651,251850
NC_008061.1,SSG-LUGIA-P+center,1868651,1895450
NC_008061.1,SSG-LUGIA-P+center,2103851,2212750
NC_008061.1,SSG-LUGIA-P+center,2361651,2390050
NC_008061.1,SSG-LUGIA-P+center,2563951,2595250
NC_008061.1,SSG-LUGIA-F,182201,247500
NC_008061.1,SSG-LUGIA-F,440401,458600
NC_008061.1,SSG-LUGIA-F,466301,476400
NC_008061.1,SSG-LUGIA-F,621001,648400
NC_008061.1,SSG-LUGIA-F,1863301,1891000
NC_008061.1,SSG-LUGIA-F,2096201,2212300
NC_008061.1,SSG-LUGIA-F,2355701,2385700
NC_008061.1,SSG-LUGIA-F,2557001,2592000
NC_008061.1,SSG-LUGIA-F+center,187151,252450
NC_008061.1,SSG-LUGIA-F+center,445351,463550
NC_008061.1,SSG-LUGIA-F+center,471251,481350
NC_008061.1,SSG-LUGIA-F+center,625951,653350
NC_008061.1,SSG-LUGIA-F+center,1868251,1895950
NC_008061.1,SSG-LUGIA-F+center,2101151,2217250
NC_008061.1,SSG-LUGIA-F+center,2360651,2390650
NC_008061.1,SSG-LUGIA-F+center,2561951,2596950
NC_008061.1,SSG-LUGIA-R,83001,117600
NC_008061.1,SSG-LUGIA-R,179301,252900
NC_008061.1,SSG-LUGIA-R,416001,482900
NC_008061.1,SSG-LUGIA-R,516501,546100
NC_008061.1,SSG-LUGIA-R,613301,666100
NC_008061.1,SSG-LUGIA-R,845601,869900
NC_008061.1,SSG-LUGIA-R,872101,885800
NC_008061.1,SSG-LUGIA-R,1340301,1350600
NC_008061.1,SSG-LUGIA-R,1587401,1631700
NC_008061.1,SSG-LUGIA-R,1708901,1719100
NC_008061.1,SSG-LUGIA-R,1862501,1893400
NC_008061.1,SSG-LUGIA-R,2095301,2222600
NC_008061.1,SSG-LUGIA-R,2240001,2254300
NC_008061.1,SSG-LUGIA-R,2347101,2391800
NC_008061.1,SSG-LUGIA-R,2423201,2442700
NC_008061.1,SSG-LUGIA-R,2488901,2525800
NC_008061.1,SSG-LUGIA-R,2550601,2603200
NC_008061.1,SSG-LUGIA-R,2765601,2778500
NC_008061.1,SSG-LUGIA-R+center,87951,122550
NC_008061.1,SSG-LUGIA-R+center,184251,257850
NC_008061.1,SSG-LUGIA-R+center,420951,487850
NC_008061.1,SSG-LUGIA-R+center,521451,551050
NC_008061.1,SSG-LUGIA-R+center,618251,671050
NC_008061.1,SSG-LUGIA-R+center,850551,874850
NC_008061.1,SSG-LUGIA-R+center,877051,890750
NC_008061.1,SSG-LUGIA-R+center,1345251,1355550
NC_008061.1,SSG-LUGIA-R+center,1592351,1636650
NC_008061.1,SSG-LUGIA-R+center,1713851,1724050
NC_008061.1,SSG-LUGIA-R+center,1867451,1898350
NC_008061.1,SSG-LUGIA-R+center,2100251,2227550
NC_008061.1,SSG-LUGIA-R+center,2244951,2259250
NC_008061.1,SSG-LUGIA-R+center,2352051,2396750
NC_008061.1,SSG-LUGIA-R+center,2428151,2447650
NC_008061.1,SSG-LUGIA-R+center,2493851,2530750
NC_008061.1,SSG-LUGIA-R+center,2555551,2608150
NC_008061.1,SSG-LUGIA-R+center,2770551,2783450
NC_008060.1,SSG-LUGIA-P,322801,334800
NC_008060.1,SSG-LUGIA-P,1109801,1123900
NC_008060.1,SSG-LUGIA-P,1545001,1566100
NC_008060.1,SSG-LUGIA-P,1785401,1802800
NC_008060.1,SSG-LUGIA-P,2886801,2934100
NC_008060.1,SSG-LUGIA-P,3000501,3047300
NC_008060.1,SSG-LUGIA-P,3146101,3194600
NC_008060.1,SSG-LUGIA-P+center,327751,339750
NC_008060.1,SSG-LUGIA-P+center,1114751,1128850
NC_008060.1,SSG-LUGIA-P+center,1549951,1571050
NC_008060.1,SSG-LUGIA-P+center,1790351,1807750
NC_008060.1,SSG-LUGIA-P+center,2891751,2939050
NC_008060.1,SSG-LUGIA-P+center,3005451,3052250
NC_008060.1,SSG-LUGIA-P+center,3151051,3199550
NC_008060.1,SSG-LUGIA-F,55201,71600
NC_008060.1,SSG-LUGIA-F,307001,337500
NC_008060.1,SSG-LUGIA-F,416901,430400
NC_008060.1,SSG-LUGIA-F,1107101,1125700
NC_008060.1,SSG-LUGIA-F,1254501,1275300
NC_008060.1,SSG-LUGIA-F,1544201,1566600
NC_008060.1,SSG-LUGIA-F,1671501,1701100
NC_008060.1,SSG-LUGIA-F,1782901,1807500
NC_008060.1,SSG-LUGIA-F,2883101,2935300
NC_008060.1,SSG-LUGIA-F,2999401,3047800
NC_008060.1,SSG-LUGIA-F,3136401,3198200
NC_008060.1,SSG-LUGIA-F,3251801,3273500
NC_008060.1,SSG-LUGIA-F+center,60151,76550
NC_008060.1,SSG-LUGIA-F+center,311951,342450
NC_008060.1,SSG-LUGIA-F+center,421851,435350
NC_008060.1,SSG-LUGIA-F+center,1112051,1130650
NC_008060.1,SSG-LUGIA-F+center,1259451,1280250
NC_008060.1,SSG-LUGIA-F+center,1549151,1571550
NC_008060.1,SSG-LUGIA-F+center,1676451,1706050
NC_008060.1,SSG-LUGIA-F+center,1787851,1812450
NC_008060.1,SSG-LUGIA-F+center,2888051,2940250
NC_008060.1,SSG-LUGIA-F+center,3004351,3052750
NC_008060.1,SSG-LUGIA-F+center,3141351,3203150
NC_008060.1,SSG-LUGIA-F+center,3256751,3278450
NC_008060.1,SSG-LUGIA-R,29201,81100
NC_008060.1,SSG-LUGIA-R,300601,346100
NC_008060.1,SSG-LUGIA-R,413601,450200
NC_008060.1,SSG-LUGIA-R,469701,483300
NC_008060.1,SSG-LUGIA-R,752701,767400
NC_008060.1,SSG-LUGIA-R,774701,786900
NC_008060.1,SSG-LUGIA-R,807501,841900
NC_008060.1,SSG-LUGIA-R,896601,930100
NC_008060.1,SSG-LUGIA-R,1007101,1028200
NC_008060.1,SSG-LUGIA-R,1095301,1138900
NC_008060.1,SSG-LUGIA-R,1234501,1276100
NC_008060.1,SSG-LUGIA-R,1425701,1485200
NC_008060.1,SSG-LUGIA-R,1525601,1574400
NC_008060.1,SSG-LUGIA-R,1662601,1709200
NC_008060.1,SSG-LUGIA-R,1742601,1824200
NC_008060.1,SSG-LUGIA-R,1930201,1961100
NC_008060.1,SSG-LUGIA-R,2099601,2128900
NC_008060.1,SSG-LUGIA-R,2624001,2656400
NC_008060.1,SSG-LUGIA-R,2878501,2941600
NC_008060.1,SSG-LUGIA-R,2984501,3055300
NC_008060.1,SSG-LUGIA-R,3128101,3203100
NC_008060.1,SSG-LUGIA-R,3248801,3274400
NC_008060.1,SSG-LUGIA-R+center,34151,86050
NC_008060.1,SSG-LUGIA-R+center,305551,351050
NC_008060.1,SSG-LUGIA-R+center,418551,455150
NC_008060.1,SSG-LUGIA-R+center,474651,488250
NC_008060.1,SSG-LUGIA-R+center,757651,772350
NC_008060.1,SSG-LUGIA-R+center,779651,791850
NC_008060.1,SSG-LUGIA-R+center,812451,846850
NC_008060.1,SSG-LUGIA-R+center,901551,935050
NC_008060.1,SSG-LUGIA-R+center,1012051,1033150
NC_008060.1,SSG-LUGIA-R+center,1100251,1143850
NC_008060.1,SSG-LUGIA-R+center,1239451,1281050
NC_008060.1,SSG-LUGIA-R+center,1430651,1490150
NC_008060.1,SSG-LUGIA-R+center,1530551,1579350
NC_008060.1,SSG-LUGIA-R+center,1667551,1714150
NC_008060.1,SSG-LUGIA-R+center,1747551,1829150
NC_008060.1,SSG-LUGIA-R+center,1935151,1966050
NC_008060.1,SSG-LUGIA-R+center,2104551,2133850
NC_008060.1,SSG-LUGIA-R+center,2628951,2661350
NC_008060.1,SSG-LUGIA-R+center,2883451,2946550
NC_008060.1,SSG-LUGIA-R+center,2989451,3060250
NC_008060.1,SSG-LUGIA-R+center,3133051,3208050
NC_008060.1,SSG-LUGIA-R+center,3253751,3279350
NC_008253.1,SSG-LUGIA-P,232501,266400
NC_008253.1,SSG-LUGIA-P,293101,369600
NC_008253.1,SSG-LUGIA-P,1197001,1235800
NC_008253.1,SSG-LUGIA-P,1937201,1993400
NC_008253.1,SSG-LUGIA-P,2064601,2112100
NC_008253.1,SSG-LUGIA-P,2938201,2965300
NC_008253.1,SSG-LUGIA-P,3126601,3187000
NC_008253.1,SSG-LUGIA-P,3942101,4020700
NC_008253.1,SSG-LUGIA-P,4372701,4402000
NC_008253.1,SSG-LUGIA-P,4734901,4793800
NC_008253.1,SSG-LUGIA-P,4818001,4844100
NC_008253.1,SSG-LUGIA-P+center,237451,271350
NC_008253.1,SSG-LUGIA-P+center,298051,374550
NC_008253.1,SSG-LUGIA-P+center,1201951,1240750
NC_008253.1,SSG-LUGIA-P+center,1942151,1998350
NC_008253.1,SSG-LUGIA-P+center,2069551,2117050
NC_008253.1,SSG-LUGIA-P+center,2943151,2970250
NC_008253.1,SSG-LUGIA-P+center,3131551,3191950
NC_008253.1,SSG-LUGIA-P+center,3947051,4025650
NC_008253.1,SSG-LUGIA-P+center,4377651,4406950
NC_008253.1,SSG-LUGIA-P+center,4739851,4798750
NC_008253.1,SSG-LUGIA-P+center,4822951,4849050
NC_008253.1,SSG-LUGIA-F,230101,267600
NC_008253.1,SSG-LUGIA-F,290901,400200
NC_008253.1,SSG-LUGIA-F,1186001,1242400
NC_008253.1,SSG-LUGIA-F,1935801,2129700
NC_008253.1,SSG-LUGIA-F,2937101,2971200
NC_008253.1,SSG-LUGIA-F,3123301,3191900
NC_008253.1,SSG-LUGIA-F,3535101,3546700
NC_008253.1,SSG-LUGIA-F,3940801,4023400
NC_008253.1,SSG-LUGIA-F,4370101,4405800
NC_008253.1,SSG-LUGIA-F,4732501,4846000
NC_008253.1,SSG-LUGIA-F+center,235051,272550
NC_008253.1,SSG-LUGIA-F+center,295851,405150
NC_008253.1,SSG-LUGIA-F+center,1190951,1247350
NC_008253.1,SSG-LUGIA-F+center,1940751,2134650
NC_008253.1,SSG-LUGIA-F+center,2942051,2976150
NC_008253.1,SSG-LUGIA-F+center,3128251,3196850
NC_008253.1,SSG-LUGIA-F+center,3540051,3551650
NC_008253.1,SSG-LUGIA-F+center,3945751,4028350
NC_008253.1,SSG-LUGIA-F+center,4375051,4410750
NC_008253.1,SSG-LUGIA-F+center,4737451,4850950
NC_008253.1,SSG-LUGIA-R,4101,16700
NC_008253.1,SSG-LUGIA-R,103501,116500
NC_008253.1,SSG-LUGIA-R,132401,178400
NC_008253.1,SSG-LUGIA-R,221701,414600
NC_008253.1,SSG-LUGIA-R,515401,527000
NC_008253.1,SSG-LUGIA-R,762601,777900
NC_008253.1,SSG-LUGIA-R,1083001,1121400
NC_008253.1,SSG-LUGIA-R,1180701,1251000
NC_008253.1,SSG-LUGIA-R,1402201,1449500
NC_008253.1,SSG-LUGIA-R,1759801,1770900
NC_008253.1,SSG-LUGIA-R,1923901,2161900
NC_008253.1,SSG-LUGIA-R,2190701,2242100
NC_008253.1,SSG-LUGIA-R,2632601,2651400
NC_008253.1,SSG-LUGIA-R,2815201,2845700
NC_008253.1,SSG-LUGIA-R,2935801,2983000
NC_008253.1,SSG-LUGIA-R,3121901,3207200
NC_008253.1,SSG-LUGIA-R,3518301,3571600
NC_008253.1,SSG-LUGIA-R,3668101,3695200
NC_008253.1,SSG-LUGIA-R,3699801,3718200
NC_008253.1,SSG-LUGIA-R,3884701,3895900
NC_008253.1,SSG-LUGIA-R,3939001,4031000
NC_008253.1,SSG-LUGIA-R,4072301,4129000
NC_008253.1,SSG-LUGIA-R,4131101,4143400
NC_008253.1,SSG-LUGIA-R,4213601,4232000
NC_008253.1,SSG-LUGIA-R,4247101,4259100
NC_008253.1,SSG-LUGIA-R,4366301,4419300
NC_008253.1,SSG-LUGIA-R,4576501,4595900
NC_008253.1,SSG-LUGIA-R,4722801,4884200
NC_008253.1,SSG-LUGIA-R+center,9051,21650
NC_008253.1,SSG-LUGIA-R+center,108451,121450
NC_008253.1,SSG-LUGIA-R+center,137351,183350
NC_008253.1,SSG-LUGIA-R+center,226651,419550
NC_008253.1,SSG-LUGIA-R+center,520351,531950
NC_008253.1,SSG-LUGIA-R+center,767551,782850
NC_008253.1,SSG-LUGIA-R+center,1087951,1126350
NC_008253.1,SSG-LUGIA-R+center,1185651,1255950
NC_008253.1,SSG-LUGIA-R+center,1407151,1454450
NC_008253.1,SSG-LUGIA-R+center,1764751,1775850
NC_008253.1,SSG-LUGIA-R+center,1928851,2166850
NC_008253.1,SSG-LUGIA-R+center,2195651,2247050
NC_008253.1,SSG-LUGIA-R+center,2637551,2656350
NC_008253.1,SSG-LUGIA-R+center,2820151,2850650
NC_008253.1,SSG-LUGIA-R+center,2940751,2987950
NC_008253.1,SSG-LUGIA-R+center,3126851,3212150
NC_008253.1,SSG-LUGIA-R+center,3523251,3576550
NC_008253.1,SSG-LUGIA-R+center,3673051,3700150
NC_008253.1,SSG-LUGIA-R+center,3704751,3723150
NC_008253.1,SSG-LUGIA-R+center,3889651,3900850
NC_008253.1,SSG-LUGIA-R+center,3943951,4035950
NC_008253.1,SSG-LUGIA-R+center,4077251,4133950
NC_008253.1,SSG-LUGIA-R+center,4136051,4148350
NC_008253.1,SSG-LUGIA-R+center,4218551,4236950
NC_008253.1,SSG-LUGIA-R+center,4252051,4264050
NC_008253.1,SSG-LUGIA-R+center,4371251,4424250
NC_008253.1,SSG-LUGIA-R+center,4581451,4600850
NC_008253.1,SSG-LUGIA-R+center,4727751,4889150
NC_008258.1,SSG-LUGIA-P,216001,231700
NC_008258.1,SSG-LUGIA-P,237501,289600
NC_008258.1,SSG-LUGIA-P,742901,773000
NC_008258.1,SSG-LUGIA-P,1407301,1430600
NC_008258.1,SSG-LUGIA-P,1911601,1948600
NC_008258.1,SSG-LUGIA-P,2761001,2800400
NC_008258.1,SSG-LUGIA-P,3373901,3387200
NC_008258.1,SSG-LUGIA-P,4150501,4185300
NC_008258.1,SSG-LUGIA-P+center,220951,236650
NC_008258.1,SSG-LUGIA-P+center,242451,294550
NC_008258.1,SSG-LUGIA-P+center,747851,777950
NC_008258.1,SSG-LUGIA-P+center,1412251,1435550
NC_008258.1,SSG-LUGIA-P+center,1916551,1953550
NC_008258.1,SSG-LUGIA-P+center,2765951,2805350
NC_008258.1,SSG-LUGIA-P+center,3378851,3392150
NC_008258.1,SSG-LUGIA-P+center,4155451,4190250
NC_008258.1,SSG-LUGIA-F,213401,291800
NC_008258.1,SSG-LUGIA-F,407201,424000
NC_008258.1,SSG-LUGIA-F,739801,775200
NC_008258.1,SSG-LUGIA-F,1076501,1104400
NC_008258.1,SSG-LUGIA-F,1401201,1433100
NC_008258.1,SSG-LUGIA-F,1911301,1949000
NC_008258.1,SSG-LUGIA-F,2044901,2076000
NC_008258.1,SSG-LUGIA-F,2106401,2122100
NC_008258.1,SSG-LUGIA-F,2758501,2801300
NC_008258.1,SSG-LUGIA-F,3372001,3390200
NC_008258.1,SSG-LUGIA-F,3941301,3956900
NC_008258.1,SSG-LUGIA-F,4150201,4186700
NC_008258.1,SSG-LUGIA-F+center,218351,296750
NC_008258.1,SSG-LUGIA-F+center,412151,428950
NC_008258.1,SSG-LUGIA-F+center,744751,780150
NC_008258.1,SSG-LUGIA-F+center,1081451,1109350
NC_008258.1,SSG-LUGIA-F+center,1406151,1438050
NC_008258.1,SSG-LUGIA-F+center,1916251,1953950
NC_008258.1,SSG-LUGIA-F+center,2049851,2080950
NC_008258.1,SSG-LUGIA-F+center,2111351,2127050
NC_008258.1,SSG-LUGIA-F+center,2763451,2806250
NC_008258.1,SSG-LUGIA-F+center,3376951,3395150
NC_008258.1,SSG-LUGIA-F+center,3946251,3961850
NC_008258.1,SSG-LUGIA-F+center,4155151,4191650
NC_008258.1,SSG-LUGIA-R,60301,91000
NC_008258.1,SSG-LUGIA-R,93701,111000
NC_008258.1,SSG-LUGIA-R,132101,143500
NC_008258.1,SSG-LUGIA-R,204401,293500
NC_008258.1,SSG-LUGIA-R,402501,451400
NC_008258.1,SSG-LUGIA-R,545901,585600
NC_008258.1,SSG-LUGIA-R,613301,652900
NC_008258.1,SSG-LUGIA-R,732001,785600
NC_008258.1,SSG-LUGIA-R,930201,956500
NC_008258.1,SSG-LUGIA-R,1071601,1139000
NC_008258.1,SSG-LUGIA-R,1182701,1213400
NC_008258.1,SSG-LUGIA-R,1380601,1440200
NC_008258.1,SSG-LUGIA-R,1515301,1580400
NC_008258.1,SSG-LUGIA-R,1610401,1625300
NC_008258.1,SSG-LUGIA-R,1738301,1774700
NC_008258.1,SSG-LUGIA-R,1788101,1828400
NC_008258.1,SSG-LUGIA-R,1851001,1883700
NC_008258.1,SSG-LUGIA-R,1909901,1960800
NC_008258.1,SSG-LUGIA-R,2024801,2133600
NC_008258.1,SSG-LUGIA-R,2162901,2217300
NC_008258.1,SSG-LUGIA-R,2457701,2507200
NC_008258.1,SSG-LUGIA-R,2753501,2802700
NC_008258.1,SSG-LUGIA-R,3368301,3408600
NC_008258.1,SSG-LUGIA-R,3531601,3581600
NC_008258.1,SSG-LUGIA-R,3709701,3722600
NC_008258.1,SSG-LUGIA-R,3800001,3814300
NC_008258.1,SSG-LUGIA-R,3818101,3847600
NC_008258.1,SSG-LUGIA-R,3850301,3862700
NC_008258.1,SSG-LUGIA-R,3931601,3970500
NC_008258.1,SSG-LUGIA-R,4146601,4196400
NC_008258.1,SSG-LUGIA-R,4350801,4368500
NC_008258.1,SSG-LUGIA-R+center,65251,95950
NC_008258.1,SSG-LUGIA-R+center,98651,115950
NC_008258.1,SSG-LUGIA-R+center,137051,148450
NC_008258.1,SSG-LUGIA-R+center,209351,298450
NC_008258.1,SSG-LUGIA-R+center,407451,456350
NC_008258.1,SSG-LUGIA-R+center,550851,590550
NC_008258.1,SSG-LUGIA-R+center,618251,657850
NC_008258.1,SSG-LUGIA-R+center,736951,790550
NC_008258.1,SSG-LUGIA-R+center,935151,961450
NC_008258.1,SSG-LUGIA-R+center,1076551,1143950
NC_008258.1,SSG-LUGIA-R+center,1187651,1218350
NC_008258.1,SSG-LUGIA-R+center,1385551,1445150
NC_008258.1,SSG-LUGIA-R+center,1520251,1585350
NC_008258.1,SSG-LUGIA-R+center,1615351,1630250
NC_008258.1,SSG-LUGIA-R+center,1743251,1779650
NC_008258.1,SSG-LUGIA-R+center,1793051,1833350
NC_008258.1,SSG-LUGIA-R+center,1855951,1888650
NC_008258.1,SSG-LUGIA-R+center,1914851,1965750
NC_008258.1,SSG-LUGIA-R+center,2029751,2138550
NC_008258.1,SSG-LUGIA-R+center,2167851,2222250
NC_008258.1,SSG-LUGIA-R+center,2462651,2512150
NC_008258.1,SSG-LUGIA-R+center,2758451,2807650
NC_008258.1,SSG-LUGIA-R+center,3373251,3413550
NC_008258.1,SSG-LUGIA-R+center,3536551,3586550
NC_008258.1,SSG-LUGIA-R+center,3714651,3727550
NC_008258.1,SSG-LUGIA-R+center,3804951,3819250
NC_008258.1,SSG-LUGIA-R+center,3823051,3852550
NC_008258.1,SSG-LUGIA-R+center,3855251,3867650
NC_008258.1,SSG-LUGIA-R+center,3936551,3975450
NC_008258.1,SSG-LUGIA-R+center,4151551,4201350
NC_008258.1,SSG-LUGIA-R+center,4355751,4373450
NC_008321.1,SSG-LUGIA-P,191601,250000
NC_008321.1,SSG-LUGIA-P,407601,428400
NC_008321.1,SSG-LUGIA-P,1511201,1545500
NC_008321.1,SSG-LUGIA-P,1994301,2041000
NC_008321.1,SSG-LUGIA-P,2649001,2682900
NC_008321.1,SSG-LUGIA-P,3817301,3841200
NC_008321.1,SSG-LUGIA-P,4247101,4269000
NC_008321.1,SSG-LUGIA-P,4426101,4447000
NC_008321.1,SSG-LUGIA-P+center,196551,254950
NC_008321.1,SSG-LUGIA-P+center,412551,433350
NC_008321.1,SSG-LUGIA-P+center,1516151,1550450
NC_008321.1,SSG-LUGIA-P+center,1999251,2045950
NC_008321.1,SSG-LUGIA-P+center,2653951,2687850
NC_008321.1,SSG-LUGIA-P+center,3822251,3846150
NC_008321.1,SSG-LUGIA-P+center,4252051,4273950
NC_008321.1,SSG-LUGIA-P+center,4431051,4451950
NC_008321.1,SSG-LUGIA-F,190501,251000
NC_008321.1,SSG-LUGIA-F,397701,428700
NC_008321.1,SSG-LUGIA-F,976201,989700
NC_008321.1,SSG-LUGIA-F,1507201,1547800
NC_008321.1,SSG-LUGIA-F,1990401,2043600
NC_008321.1,SSG-LUGIA-F,2647901,2685500
NC_008321.1,SSG-LUGIA-F,2907901,2926600
NC_008321.1,SSG-LUGIA-F,3519401,3533600
NC_008321.1,SSG-LUGIA-F,3817001,3843600
NC_008321.1,SSG-LUGIA-F,4242101,4271700
NC_008321.1,SSG-LUGIA-F,4425401,4447700
NC_008321.1,SSG-LUGIA-F+center,195451,255950
NC_008321.1,SSG-LUGIA-F+center,402651,433650
NC_008321.1,SSG-LUGIA-F+center,981151,994650
NC_008321.1,SSG-LUGIA-F+center,1512151,1552750
NC_008321.1,SSG-LUGIA-F+center,1995351,2048550
NC_008321.1,SSG-LUGIA-F+center,2652851,2690450
NC_008321.1,SSG-LUGIA-F+center,2912851,2931550
NC_008321.1,SSG-LUGIA-F+center,3524351,3538550
NC_008321.1,SSG-LUGIA-F+center,3821951,3848550
NC_008321.1,SSG-LUGIA-F+center,4247051,4276650
NC_008321.1,SSG-LUGIA-F+center,4430351,4452650
NC_008321.1,SSG-LUGIA-R,51201,64400
NC_008321.1,SSG-LUGIA-R,182101,253500
NC_008321.1,SSG-LUGIA-R,340401,435000
NC_008321.1,SSG-LUGIA-R,456401,479900
NC_008321.1,SSG-LUGIA-R,568101,589700
NC_008321.1,SSG-LUGIA-R,720801,744600
NC_008321.1,SSG-LUGIA-R,963901,994400
NC_008321.1,SSG-LUGIA-R,1175201,1216300
NC_008321.1,SSG-LUGIA-R,1416501,1556000
NC_008321.1,SSG-LUGIA-R,1636801,1656100
NC_008321.1,SSG-LUGIA-R,1702301,1714200
NC_008321.1,SSG-LUGIA-R,1763001,1788500
NC_008321.1,SSG-LUGIA-R,1977101,2053100
NC_008321.1,SSG-LUGIA-R,2221101,2232600
NC_008321.1,SSG-LUGIA-R,2358101,2373800
NC_008321.1,SSG-LUGIA-R,2462301,2510100
NC_008321.1,SSG-LUGIA-R,2556301,2572900
NC_008321.1,SSG-LUGIA-R,2640701,2694000
NC_008321.1,SSG-LUGIA-R,2866901,2877600
NC_008321.1,SSG-LUGIA-R,2896601,2932800
NC_008321.1,SSG-LUGIA-R,2964301,2980500
NC_008321.1,SSG-LUGIA-R,3136701,3193300
NC_008321.1,SSG-LUGIA-R,3226601,3251500
NC_008321.1,SSG-LUGIA-R,3302401,3336400
NC_008321.1,SSG-LUGIA-R,3425201,3451700
NC_008321.1,SSG-LUGIA-R,3504601,3559000
NC_008321.1,SSG-LUGIA-R,3816501,3851600
NC_008321.1,SSG-LUGIA-R,4120901,4167700
NC_008321.1,SSG-LUGIA-R,4241301,4274700
NC_008321.1,SSG-LUGIA-R,4318701,4343300
NC_008321.1,SSG-LUGIA-R,4421801,4455200
NC_008321.1,SSG-LUGIA-R,4487201,4522700
NC_008321.1,SSG-LUGIA-R,4615001,4678600
NC_008321.1,SSG-LUGIA-R,4679001,4691300
NC_008321.1,SSG-LUGIA-R+center,56151,69350
NC_008321.1,SSG-LUGIA-R+center,187051,258450
NC_008321.1,SSG-LUGIA-R+center,345351,439950
NC_008321.1,SSG-LUGIA-R+center,461351,484850
NC_008321.1,SSG-LUGIA-R+center,573051,594650
NC_008321.1,SSG-LUGIA-R+center,725751,749550
NC_008321.1,SSG-LUGIA-R+center,968851,999350
NC_008321.1,SSG-LUGIA-R+center,1180151,1221250
NC_008321.1,SSG-LUGIA-R+center,1421451,1560950
NC_008321.1,SSG-LUGIA-R+center,1641751,1661050
NC_008321.1,SSG-LUGIA-R+center,1707251,1719150
NC_008321.1,SSG-LUGIA-R+center,1767951,1793450
NC_008321.1,SSG-LUGIA-R+center,1982051,2058050
NC_008321.1,SSG-LUGIA-R+center,2226051,2237550
NC_008321.1,SSG-LUGIA-R+center,2363051,2378750
NC_008321.1,SSG-LUGIA-R+center,2467251,2515050
NC_008321.1,SSG-LUGIA-R+center,2561251,2577850
NC_008321.1,SSG-LUGIA-R+center,2645651,2698950
NC_008321.1,SSG-LUGIA-R+center,2871851,2882550
NC_008321.1,SSG-LUGIA-R+center,2901551,2937750
NC_008321.1,SSG-LUGIA-R+center,2969251,2985450
NC_008321.1,SSG-LUGIA-R+center,3141651,3198250
NC_008321.1,SSG-LUGIA-R+center,3231551,3256450
NC_008321.1,SSG-LUGIA-R+center,3307351,3341350
NC_008321.1,SSG-LUGIA-R+center,3430151,3456650
NC_008321.1,SSG-LUGIA-R+center,3509551,3563950
NC_008321.1,SSG-LUGIA-R+center,3821451,3856550
NC_008321.1,SSG-LUGIA-R+center,4125851,4172650
NC_008321.1,SSG-LUGIA-R+center,4246251,4279650
NC_008321.1,SSG-LUGIA-R+center,4323651,4348250
NC_008321.1,SSG-LUGIA-R+center,4426751,4460150
NC_008321.1,SSG-LUGIA-R+center,4492151,4527650
NC_008321.1,SSG-LUGIA-R+center,4619951,4683550
NC_008321.1,SSG-LUGIA-R+center,4683951,4696250
NC_008322.1,SSG-LUGIA-P,187701,244800
NC_008322.1,SSG-LUGIA-P,424101,446400
NC_008322.1,SSG-LUGIA-P,818501,848000
NC_008322.1,SSG-LUGIA-P,1172101,1200700
NC_008322.1,SSG-LUGIA-P,1588201,1616300
NC_008322.1,SSG-LUGIA-P,2080501,2120600
NC_008322.1,SSG-LUGIA-P,2718001,2744500
NC_008322.1,SSG-LUGIA-P,4000301,4023000
NC_008322.1,SSG-LUGIA-P,4485301,4506000
NC_008322.1,SSG-LUGIA-P+center,192651,249750
NC_008322.1,SSG-LUGIA-P+center,429051,451350
NC_008322.1,SSG-LUGIA-P+center,823451,852950
NC_008322.1,SSG-LUGIA-P+center,1177051,1205650
NC_008322.1,SSG-LUGIA-P+center,1593151,1621250
NC_008322.1,SSG-LUGIA-P+center,2085451,2125550
NC_008322.1,SSG-LUGIA-P+center,2722951,2749450
NC_008322.1,SSG-LUGIA-P+center,4005251,4027950
NC_008322.1,SSG-LUGIA-P+center,4490251,4510950
NC_008322.1,SSG-LUGIA-F,186101,247300
NC_008322.1,SSG-LUGIA-F,419801,450900
NC_008322.1,SSG-LUGIA-F,543901,556800
NC_008322.1,SSG-LUGIA-F,817901,848200
NC_008322.1,SSG-LUGIA-F,1171401,1201200
NC_008322.1,SSG-LUGIA-F,1249601,1267900
NC_008322.1,SSG-LUGIA-F,1586001,1619200
NC_008322.1,SSG-LUGIA-F,2077301,2120800
NC_008322.1,SSG-LUGIA-F,2716101,2751100
NC_008322.1,SSG-LUGIA-F,2970201,2988300
NC_008322.1,SSG-LUGIA-F,3589901,3602300
NC_008322.1,SSG-LUGIA-F,3998401,4024500
NC_008322.1,SSG-LUGIA-F,4315001,4335200
NC_008322.1,SSG-LUGIA-F,4484701,4506400
NC_008322.1,SSG-LUGIA-F,4606201,4625600
NC_008322.1,SSG-LUGIA-F+center,191051,252250
NC_008322.1,SSG-LUGIA-F+center,424751,455850
NC_008322.1,SSG-LUGIA-F+center,548851,561750
NC_008322.1,SSG-LUGIA-F+center,822851,853150
NC_008322.1,SSG-LUGIA-F+center,1176351,1206150
NC_008322.1,SSG-LUGIA-F+center,1254551,1272850
NC_008322.1,SSG-LUGIA-F+center,1590951,1624150
NC_008322.1,SSG-LUGIA-F+center,2082251,2125750
NC_008322.1,SSG-LUGIA-F+center,2721051,2756050
NC_008322.1,SSG-LUGIA-F+center,2975151,2993250
NC_008322.1,SSG-LUGIA-F+center,3594851,3607250
NC_008322.1,SSG-LUGIA-F+center,4003351,4029450
NC_008322.1,SSG-LUGIA-F+center,4319951,4340150
NC_008322.1,SSG-LUGIA-F+center,4489651,4511350
NC_008322.1,SSG-LUGIA-F+center,4611151,4630550
NC_008322.1,SSG-LUGIA-R,35801,72600
NC_008322.1,SSG-LUGIA-R,111301,125000
NC_008322.1,SSG-LUGIA-R,180501,255100
NC_008322.1,SSG-LUGIA-R,352601,385500
NC_008322.1,SSG-LUGIA-R,419201,453000
NC_008322.1,SSG-LUGIA-R,527001,585300
NC_008322.1,SSG-LUGIA-R,632201,665200
NC_008322.1,SSG-LUGIA-R,813701,852400
NC_008322.1,SSG-LUGIA-R,1099201,1110200
NC_008322.1,SSG-LUGIA-R,1160501,1210800
NC_008322.1,SSG-LUGIA-R,1239501,1310000
NC_008322.1,SSG-LUGIA-R,1490701,1623000
NC_008322.1,SSG-LUGIA-R,1690801,1727300
NC_008322.1,SSG-LUGIA-R,1818601,1861000
NC_008322.1,SSG-LUGIA-R,2058201,2128000
NC_008322.1,SSG-LUGIA-R,2168901,2235800
NC_008322.1,SSG-LUGIA-R,2453101,2485200
NC_008322.1,SSG-LUGIA-R,2620101,2642500
NC_008322.1,SSG-LUGIA-R,2713501,2760400
NC_008322.1,SSG-LUGIA-R,2963401,2993200
NC_008322.1,SSG-LUGIA-R,3025501,3038200
NC_008322.1,SSG-LUGIA-R,3215801,3247200
NC_008322.1,SSG-LUGIA-R,3372101,3406300
NC_008322.1,SSG-LUGIA-R,3575701,3628900
NC_008322.1,SSG-LUGIA-R,3749601,3773000
NC_008322.1,SSG-LUGIA-R,3993001,4034000
NC_008322.1,SSG-LUGIA-R,4143001,4176000
NC_008322.1,SSG-LUGIA-R,4307901,4341900
NC_008322.1,SSG-LUGIA-R,4373701,4393900
NC_008322.1,SSG-LUGIA-R,4483901,4510100
NC_008322.1,SSG-LUGIA-R,4554801,4582400
NC_008322.1,SSG-LUGIA-R,4588401,4650000
NC_008322.1,SSG-LUGIA-R,4739101,4762700
NC_008322.1,SSG-LUGIA-R,4766701,4779300
NC_008322.1,SSG-LUGIA-R+center,40751,77550
NC_008322.1,SSG-LUGIA-R+center,116251,129950
NC_008322.1,SSG-LUGIA-R+center,185451,260050
NC_008322.1,SSG-LUGIA-R+center,357551,390450
NC_008322.1,SSG-LUGIA-R+center,424151,457950
NC_008322.1,SSG-LUGIA-R+center,531951,590250
NC_008322.1,SSG-LUGIA-R+center,637151,670150
NC_008322.1,SSG-LUGIA-R+center,818651,857350
NC_008322.1,SSG-LUGIA-R+center,1104151,1115150
NC_008322.1,SSG-LUGIA-R+center,1165451,1215750
NC_008322.1,SSG-LUGIA-R+center,1244451,1314950
NC_008322.1,SSG-LUGIA-R+center,1495651,1627950
NC_008322.1,SSG-LUGIA-R+center,1695751,1732250
NC_008322.1,SSG-LUGIA-R+center,1823551,1865950
NC_008322.1,SSG-LUGIA-R+center,2063151,2132950
NC_008322.1,SSG-LUGIA-R+center,2173851,2240750
NC_008322.1,SSG-LUGIA-R+center,2458051,2490150
NC_008322.1,SSG-LUGIA-R+center,2625051,2647450
NC_008322.1,SSG-LUGIA-R+center,2718451,2765350
NC_008322.1,SSG-LUGIA-R+center,2968351,2998150
NC_008322.1,SSG-LUGIA-R+center,3030451,3043150
NC_008322.1,SSG-LUGIA-R+center,3220751,3252150
NC_008322.1,SSG-LUGIA-R+center,3377051,3411250
NC_008322.1,SSG-LUGIA-R+center,3580651,3633850
NC_008322.1,SSG-LUGIA-R+center,3754551,3777950
NC_008322.1,SSG-LUGIA-R+center,3997951,4038950
NC_008322.1,SSG-LUGIA-R+center,4147951,4180950
NC_008322.1,SSG-LUGIA-R+center,4312851,4346850
NC_008322.1,SSG-LUGIA-R+center,4378651,4398850
NC_008322.1,SSG-LUGIA-R+center,4488851,4515050
NC_008322.1,SSG-LUGIA-R+center,4559751,4587350
NC_008322.1,SSG-LUGIA-R+center,4593351,4654950
NC_008322.1,SSG-LUGIA-R+center,4744051,4767650
NC_008322.1,SSG-LUGIA-R+center,4771651,4784250
NC_008390.1,SSG-LUGIA-P,1,16100
NC_008390.1,SSG-LUGIA-P,282501,329700
NC_008390.1,SSG-LUGIA-P,397601,417100
NC_008390.1,SSG-LUGIA-P,820801,842400
NC_008390.1,SSG-LUGIA-P,1301701,1321700
NC_008390.1,SSG-LUGIA-P,1518501,1531800
NC_008390.1,SSG-LUGIA-P,2018801,2069400
NC_008390.1,SSG-LUGIA-P,2156401,2211700
NC_008390.1,SSG-LUGIA-P,2489901,2508700
NC_008390.1,SSG-LUGIA-P,2646501,2674600
NC_008390.1,SSG-LUGIA-P+center,4951,21050
NC_008390.1,SSG-LUGIA-P+center,287451,334650
NC_008390.1,SSG-LUGIA-P+center,402551,422050
NC_008390.1,SSG-LUGIA-P+center,825751,847350
NC_008390.1,SSG-LUGIA-P+center,1306651,1326650
NC_008390.1,SSG-LUGIA-P+center,1523451,1536750
NC_008390.1,SSG-LUGIA-P+center,2023751,2074350
NC_008390.1,SSG-LUGIA-P+center,2161351,2216650
NC_008390.1,SSG-LUGIA-P+center,2494851,2513650
NC_008390.1,SSG-LUGIA-P+center,2651451,2679550
NC_008390.1,SSG-LUGIA-F,1,16800
NC_008390.1,SSG-LUGIA-F,282001,330700
NC_008390.1,SSG-LUGIA-F,393501,425500
NC_008390.1,SSG-LUGIA-F,819401,846200
NC_008390.1,SSG-LUGIA-F,1298601,1334400
NC_008390.1,SSG-LUGIA-F,1516501,1535800
NC_008390.1,SSG-LUGIA-F,1674001,1702400
NC_008390.1,SSG-LUGIA-F,2018301,2069700
NC_008390.1,SSG-LUGIA-F,2155601,2212500
NC_008390.1,SSG-LUGIA-F,2488801,2511300
NC_008390.1,SSG-LUGIA-F,2645501,2675700
NC_008390.1,SSG-LUGIA-F+center,4951,21750
NC_008390.1,SSG-LUGIA-F+center,286951,335650
NC_008390.1,SSG-LUGIA-F+center,398451,430450
NC_008390.1,SSG-LUGIA-F+center,824351,851150
NC_008390.1,SSG-LUGIA-F+center,1303551,1339350
NC_008390.1,SSG-LUGIA-F+center,1521451,1540750
NC_008390.1,SSG-LUGIA-F+center,1678951,1707350
NC_008390.1,SSG-LUGIA-F+center,2023251,2074650
NC_008390.1,SSG-LUGIA-F+center,2160551,2217450
NC_008390.1,SSG-LUGIA-F+center,2493751,2516250
NC_008390.1,SSG-LUGIA-F+center,2650451,2680650
NC_008390.1,SSG-LUGIA-R,1,37400
NC_008390.1,SSG-LUGIA-R,78601,106900
NC_008390.1,SSG-LUGIA-R,224801,244500
NC_008390.1,SSG-LUGIA-R,280701,362400
NC_008390.1,SSG-LUGIA-R,363501,442200
NC_008390.1,SSG-LUGIA-R,501501,521400
NC_008390.1,SSG-LUGIA-R,811801,853700
NC_008390.1,SSG-LUGIA-R,973101,1014100
NC_008390.1,SSG-LUGIA-R,1178401,1192100
NC_008390.1,SSG-LUGIA-R,1279401,1336200
NC_008390.1,SSG-LUGIA-R,1371501,1407700
NC_008390.1,SSG-LUGIA-R,1503901,1548000
NC_008390.1,SSG-LUGIA-R,1646901,1711300
NC_008390.1,SSG-LUGIA-R,1745701,1785500
NC_008390.1,SSG-LUGIA-R,1860401,1891800
NC_008390.1,SSG-LUGIA-R,2000901,2071500
NC_008390.1,SSG-LUGIA-R,2152601,2245200
NC_008390.1,SSG-LUGIA-R,2292801,2305400
NC_008390.1,SSG-LUGIA-R,2457201,2523600
NC_008390.1,SSG-LUGIA-R,2582201,2601200
NC_008390.1,SSG-LUGIA-R,2609401,2681100
NC_008390.1,SSG-LUGIA-R,2752201,2762600
NC_008390.1,SSG-LUGIA-R,2828701,2841500
NC_008390.1,SSG-LUGIA-R,3098301,3139700
NC_008390.1,SSG-LUGIA-R,3350501,3379300
NC_008390.1,SSG-LUGIA-R,3458701,3482800
NC_008390.1,SSG-LUGIA-R+center,4951,42350
NC_008390.1,SSG-LUGIA-R+center,83551,111850
NC_008390.1,SSG-LUGIA-R+center,229751,249450
NC_008390.1,SSG-LUGIA-R+center,285651,367350
NC_008390.1,SSG-LUGIA-R+center,368451,447150
NC_008390.1,SSG-LUGIA-R+center,506451,526350
NC_008390.1,SSG-LUGIA-R+center,816751,858650
NC_008390.1,SSG-LUGIA-R+center,978051,1019050
NC_008390.1,SSG-LUGIA-R+center,1183351,1197050
NC_008390.1,SSG-LUGIA-R+center,1284351,1341150
NC_008390.1,SSG-LUGIA-R+center,1376451,1412650
NC_008390.1,SSG-LUGIA-R+center,1508851,1552950
NC_008390.1,SSG-LUGIA-R+center,1651851,1716250
NC_008390.1,SSG-LUGIA-R+center,1750651,1790450
NC_008390.1,SSG-LUGIA-R+center,1865351,1896750
NC_008390.1,SSG-LUGIA-R+center,2005851,2076450
NC_008390.1,SSG-LUGIA-R+center,2157551,2250150
NC_008390.1,SSG-LUGIA-R+center,2297751,2310350
NC_008390.1,SSG-LUGIA-R+center,2462151,2528550
NC_008390.1,SSG-LUGIA-R+center,2587151,2606150
NC_008390.1,SSG-LUGIA-R+center,2614351,2686050
NC_008390.1,SSG-LUGIA-R+center,2757151,2767550
NC_008390.1,SSG-LUGIA-R+center,2833651,2846450
NC_008390.1,SSG-LUGIA-R+center,3103251,3144650
NC_008390.1,SSG-LUGIA-R+center,3355451,3384250
NC_008390.1,SSG-LUGIA-R+center,3463651,3487750
NC_008543.1,SSG-LUGIA-P,51701,162400
NC_008543.1,SSG-LUGIA-P,312901,323700
NC_008543.1,SSG-LUGIA-P,580901,607200
NC_008543.1,SSG-LUGIA-P,2223001,2287200
NC_008543.1,SSG-LUGIA-P,2666901,2698100
NC_008543.1,SSG-LUGIA-P,2872201,2901100
NC_008543.1,SSG-LUGIA-P+center,56651,167350
NC_008543.1,SSG-LUGIA-P+center,317851,328650
NC_008543.1,SSG-LUGIA-P+center,585851,612150
NC_008543.1,SSG-LUGIA-P+center,2227951,2292150
NC_008543.1,SSG-LUGIA-P+center,2671851,2703050
NC_008543.1,SSG-LUGIA-P+center,2877151,2906050
NC_008543.1,SSG-LUGIA-F,46301,164000
NC_008543.1,SSG-LUGIA-F,305501,330700
NC_008543.1,SSG-LUGIA-F,580301,608100
NC_008543.1,SSG-LUGIA-F,1824501,1846800
NC_008543.1,SSG-LUGIA-F,2013101,2029900
NC_008543.1,SSG-LUGIA-F,2222401,2287500
NC_008543.1,SSG-LUGIA-F,2664601,2699900
NC_008543.1,SSG-LUGIA-F,2871501,2902200
NC_008543.1,SSG-LUGIA-F+center,51251,168950
NC_008543.1,SSG-LUGIA-F+center,310451,335650
NC_008543.1,SSG-LUGIA-F+center,585251,613050
NC_008543.1,SSG-LUGIA-F+center,1829451,1851750
NC_008543.1,SSG-LUGIA-F+center,2018051,2034850
NC_008543.1,SSG-LUGIA-F+center,2227351,2292450
NC_008543.1,SSG-LUGIA-F+center,2669551,2704850
NC_008543.1,SSG-LUGIA-F+center,2876451,2907150
NC_008543.1,SSG-LUGIA-R,33801,169400
NC_008543.1,SSG-LUGIA-R,300901,334500
NC_008543.1,SSG-LUGIA-R,575601,608500
NC_008543.1,SSG-LUGIA-R,812701,828600
NC_008543.1,SSG-LUGIA-R,831301,887100
NC_008543.1,SSG-LUGIA-R,1101901,1134700
NC_008543.1,SSG-LUGIA-R,1602501,1625300
NC_008543.1,SSG-LUGIA-R,1801101,1868900
NC_008543.1,SSG-LUGIA-R,1924001,1947800
NC_008543.1,SSG-LUGIA-R,1986001,2056500
NC_008543.1,SSG-LUGIA-R,2221301,2300400
NC_008543.1,SSG-LUGIA-R,2352001,2373100
NC_008543.1,SSG-LUGIA-R,2466701,2495300
NC_008543.1,SSG-LUGIA-R,2655101,2707200
NC_008543.1,SSG-LUGIA-R,2869701,2910300
NC_008543.1,SSG-LUGIA-R+center,38751,174350
NC_008543.1,SSG-LUGIA-R+center,305851,339450
NC_008543.1,SSG-LUGIA-R+center,580551,613450
NC_008543.1,SSG-LUGIA-R+center,817651,833550
NC_008543.1,SSG-LUGIA-R+center,836251,892050
NC_008543.1,SSG-LUGIA-R+center,1106851,1139650
NC_008543.1,SSG-LUGIA-R+center,1607451,1630250
NC_008543.1,SSG-LUGIA-R+center,1806051,1873850
NC_008543.1,SSG-LUGIA-R+center,1928951,1952750
NC_008543.1,SSG-LUGIA-R+center,1990951,2061450
NC_008543.1,SSG-LUGIA-R+center,2226251,2305350
NC_008543.1,SSG-LUGIA-R+center,2356951,2378050
NC_008543.1,SSG-LUGIA-R+center,2471651,2500250
NC_008543.1,SSG-LUGIA-R+center,2660051,2712150
NC_008543.1,SSG-LUGIA-R+center,2874651,2915250
NC_008463.1,SSG-LUGIA-P,282101,307200
NC_008463.1,SSG-LUGIA-P,719901,783600
NC_008463.1,SSG-LUGIA-P,1298701,1323900
NC_008463.1,SSG-LUGIA-P,1912501,1940500
NC_008463.1,SSG-LUGIA-P,2017701,2040600
NC_008463.1,SSG-LUGIA-P,2466801,2496300
NC_008463.1,SSG-LUGIA-P,2671701,2712700
NC_008463.1,SSG-LUGIA-P,2844501,2871700
NC_008463.1,SSG-LUGIA-P,2955201,2987500
NC_008463.1,SSG-LUGIA-P,3160801,3193600
NC_008463.1,SSG-LUGIA-P,4566901,4589000
NC_008463.1,SSG-LUGIA-P,5237501,5365600
NC_008463.1,SSG-LUGIA-P+center,287051,312150
NC_008463.1,SSG-LUGIA-P+center,724851,788550
NC_008463.1,SSG-LUGIA-P+center,1303651,1328850
NC_008463.1,SSG-LUGIA-P+center,1917451,1945450
NC_008463.1,SSG-LUGIA-P+center,2022651,2045550
NC_008463.1,SSG-LUGIA-P+center,2471751,2501250
NC_008463.1,SSG-LUGIA-P+center,2676651,2717650
NC_008463.1,SSG-LUGIA-P+center,2849451,2876650
NC_008463.1,SSG-LUGIA-P+center,2960151,2992450
NC_008463.1,SSG-LUGIA-P+center,3165751,3198550
NC_008463.1,SSG-LUGIA-P+center,4571851,4593950
NC_008463.1,SSG-LUGIA-P+center,5242451,5370550
NC_008463.1,SSG-LUGIA-F,278801,308800
NC_008463.1,SSG-LUGIA-F,640601,653400
NC_008463.1,SSG-LUGIA-F,716901,787200
NC_008463.1,SSG-LUGIA-F,1293701,1325200
NC_008463.1,SSG-LUGIA-F,1564901,1589000
NC_008463.1,SSG-LUGIA-F,1908501,1940900
NC_008463.1,SSG-LUGIA-F,2016101,2041000
NC_008463.1,SSG-LUGIA-F,2206501,2230400
NC_008463.1,SSG-LUGIA-F,2466401,2496900
NC_008463.1,SSG-LUGIA-F,2582301,2601800
NC_008463.1,SSG-LUGIA-F,2667301,2713300
NC_008463.1,SSG-LUGIA-F,2843801,2872400
NC_008463.1,SSG-LUGIA-F,2950301,2988300
NC_008463.1,SSG-LUGIA-F,3159401,3198100
NC_008463.1,SSG-LUGIA-F,4564601,4607100
NC_008463.1,SSG-LUGIA-F,4860901,4887600
NC_008463.1,SSG-LUGIA-F,5233601,5367700
NC_008463.1,SSG-LUGIA-F,5592301,5613000
NC_008463.1,SSG-LUGIA-F+center,283751,313750
NC_008463.1,SSG-LUGIA-F+center,645551,658350
NC_008463.1,SSG-LUGIA-F+center,721851,792150
NC_008463.1,SSG-LUGIA-F+center,1298651,1330150
NC_008463.1,SSG-LUGIA-F+center,1569851,1593950
NC_008463.1,SSG-LUGIA-F+center,1913451,1945850
NC_008463.1,SSG-LUGIA-F+center,2021051,2045950
NC_008463.1,SSG-LUGIA-F+center,2211451,2235350
NC_008463.1,SSG-LUGIA-F+center,2471351,2501850
NC_008463.1,SSG-LUGIA-F+center,2587251,2606750
NC_008463.1,SSG-LUGIA-F+center,2672251,2718250
NC_008463.1,SSG-LUGIA-F+center,2848751,2877350
NC_008463.1,SSG-LUGIA-F+center,2955251,2993250
NC_008463.1,SSG-LUGIA-F+center,3164351,3203050
NC_008463.1,SSG-LUGIA-F+center,4569551,4612050
NC_008463.1,SSG-LUGIA-F+center,4865851,4892550
NC_008463.1,SSG-LUGIA-F+center,5238551,5372650
NC_008463.1,SSG-LUGIA-F+center,5597251,5617950
NC_008463.1,SSG-LUGIA-R,36601,69600
NC_008463.1,SSG-LUGIA-R,182101,192400
NC_008463.1,SSG-LUGIA-R,275301,317800
NC_008463.1,SSG-LUGIA-R,633201,809100
NC_008463.1,SSG-LUGIA-R,1284501,1330500
NC_008463.1,SSG-LUGIA-R,1556301,1591600
NC_008463.1,SSG-LUGIA-R,1858501,1871500
NC_008463.1,SSG-LUGIA-R,1894701,1942600
NC_008463.1,SSG-LUGIA-R,2011401,2042200
NC_008463.1,SSG-LUGIA-R,2114901,2125100
NC_008463.1,SSG-LUGIA-R,2185001,2241100
NC_008463.1,SSG-LUGIA-R,2457601,2499700
NC_008463.1,SSG-LUGIA-R,2533701,2555400
NC_008463.1,SSG-LUGIA-R,2568301,2614500
NC_008463.1,SSG-LUGIA-R,2656301,2716900
NC_008463.1,SSG-LUGIA-R,2841501,2886400
NC_008463.1,SSG-LUGIA-R,2897801,2990200
NC_008463.1,SSG-LUGIA-R,3024501,3047200
NC_008463.1,SSG-LUGIA-R,3061501,3105700
NC_008463.1,SSG-LUGIA-R,3153101,3203000
NC_008463.1,SSG-LUGIA-R,3242401,3283500
NC_008463.1,SSG-LUGIA-R,3379801,3396800
NC_008463.1,SSG-LUGIA-R,3510101,3557400
NC_008463.1,SSG-LUGIA-R,3659501,3670800
NC_008463.1,SSG-LUGIA-R,3771001,3793600
NC_008463.1,SSG-LUGIA-R,3817401,3834000
NC_008463.1,SSG-LUGIA-R,3951401,3969900
NC_008463.1,SSG-LUGIA-R,3982601,3996800
NC_008463.1,SSG-LUGIA-R,4109901,4155200
NC_008463.1,SSG-LUGIA-R,4234101,4284200
NC_008463.1,SSG-LUGIA-R,4291701,4311000
NC_008463.1,SSG-LUGIA-R,4447001,4499100
NC_008463.1,SSG-LUGIA-R,4556401,4628000
NC_008463.1,SSG-LUGIA-R,4742601,4770000
NC_008463.1,SSG-LUGIA-R,4853301,4922000
NC_008463.1,SSG-LUGIA-R,4926601,4972000
NC_008463.1,SSG-LUGIA-R,5097201,5125500
NC_008463.1,SSG-LUGIA-R,5206901,5376400
NC_008463.1,SSG-LUGIA-R,5377901,5389200
NC_008463.1,SSG-LUGIA-R,5586101,5624800
NC_008463.1,SSG-LUGIA-R,5890101,5964100
NC_008463.1,SSG-LUGIA-R,6515801,6527700
NC_008463.1,SSG-LUGIA-R+center,41551,74550
NC_008463.1,SSG-LUGIA-R+center,187051,197350
NC_008463.1,SSG-LUGIA-R+center,280251,322750
NC_008463.1,SSG-LUGIA-R+center,638151,814050
NC_008463.1,SSG-LUGIA-R+center,1289451,1335450
NC_008463.1,SSG-LUGIA-R+center,1561251,1596550
NC_008463.1,SSG-LUGIA-R+center,1863451,1876450
NC_008463.1,SSG-LUGIA-R+center,1899651,1947550
NC_008463.1,SSG-LUGIA-R+center,2016351,2047150
NC_008463.1,SSG-LUGIA-R+center,2119851,2130050
NC_008463.1,SSG-LUGIA-R+center,2189951,2246050
NC_008463.1,SSG-LUGIA-R+center,2462551,2504650
NC_008463.1,SSG-LUGIA-R+center,2538651,2560350
NC_008463.1,SSG-LUGIA-R+center,2573251,2619450
NC_008463.1,SSG-LUGIA-R+center,2661251,2721850
NC_008463.1,SSG-LUGIA-R+center,2846451,2891350
NC_008463.1,SSG-LUGIA-R+center,2902751,2995150
NC_008463.1,SSG-LUGIA-R+center,3029451,3052150
NC_008463.1,SSG-LUGIA-R+center,3066451,3110650
NC_008463.1,SSG-LUGIA-R+center,3158051,3207950
NC_008463.1,SSG-LUGIA-R+center,3247351,3288450
NC_008463.1,SSG-LUGIA-R+center,3384751,3401750
NC_008463.1,SSG-LUGIA-R+center,3515051,3562350
NC_008463.1,SSG-LUGIA-R+center,3664451,3675750
NC_008463.1,SSG-LUGIA-R+center,3775951,3798550
NC_008463.1,SSG-LUGIA-R+center,3822351,3838950
NC_008463.1,SSG-LUGIA-R+center,3956351,3974850
NC_008463.1,SSG-LUGIA-R+center,3987551,4001750
NC_008463.1,SSG-LUGIA-R+center,4114851,4160150
NC_008463.1,SSG-LUGIA-R+center,4239051,4289150
NC_008463.1,SSG-LUGIA-R+center,4296651,4315950
NC_008463.1,SSG-LUGIA-R+center,4451951,4504050
NC_008463.1,SSG-LUGIA-R+center,4561351,4632950
NC_008463.1,SSG-LUGIA-R+center,4747551,4774950
NC_008463.1,SSG-LUGIA-R+center,4858251,4926950
NC_008463.1,SSG-LUGIA-R+center,4931551,4976950
NC_008463.1,SSG-LUGIA-R+center,5102151,5130450
NC_008463.1,SSG-LUGIA-R+center,5211851,5381350
NC_008463.1,SSG-LUGIA-R+center,5382851,5394150
NC_008463.1,SSG-LUGIA-R+center,5591051,5629750
NC_008463.1,SSG-LUGIA-R+center,5895051,5969050
NC_008463.1,SSG-LUGIA-R+center,6520751,6532650
NC_008563.1,SSG-LUGIA-P,233001,266800
NC_008563.1,SSG-LUGIA-P,289401,313600
NC_008563.1,SSG-LUGIA-P,925001,941600
NC_008563.1,SSG-LUGIA-P,1181101,1226400
NC_008563.1,SSG-LUGIA-P,1336801,1365600
NC_008563.1,SSG-LUGIA-P,1466101,1523100
NC_008563.1,SSG-LUGIA-P,2042501,2113100
NC_008563.1,SSG-LUGIA-P,2137701,2162900
NC_008563.1,SSG-LUGIA-P,2565401,2612000
NC_008563.1,SSG-LUGIA-P,2915601,2943500
NC_008563.1,SSG-LUGIA-P,3114801,3140700
NC_008563.1,SSG-LUGIA-P,3309301,3368900
NC_008563.1,SSG-LUGIA-P,4483301,4510800
NC_008563.1,SSG-LUGIA-P,5005701,5038500
NC_008563.1,SSG-LUGIA-P+center,237951,271750
NC_008563.1,SSG-LUGIA-P+center,294351,318550
NC_008563.1,SSG-LUGIA-P+center,929951,946550
NC_008563.1,SSG-LUGIA-P+center,1186051,1231350
NC_008563.1,SSG-LUGIA-P+center,1341751,1370550
NC_008563.1,SSG-LUGIA-P+center,1471051,1528050
NC_008563.1,SSG-LUGIA-P+center,2047451,2118050
NC_008563.1,SSG-LUGIA-P+center,2142651,2167850
NC_008563.1,SSG-LUGIA-P+center,2570351,2616950
NC_008563.1,SSG-LUGIA-P+center,2920551,2948450
NC_008563.1,SSG-LUGIA-P+center,3119751,3145650
NC_008563.1,SSG-LUGIA-P+center,3314251,3373850
NC_008563.1,SSG-LUGIA-P+center,4488251,4515750
NC_008563.1,SSG-LUGIA-P+center,5010651,5043450
NC_008563.1,SSG-LUGIA-F,231301,267900
NC_008563.1,SSG-LUGIA-F,288601,342000
NC_008563.1,SSG-LUGIA-F,921601,943700
NC_008563.1,SSG-LUGIA-F,1175901,1232900
NC_008563.1,SSG-LUGIA-F,1328001,1366100
NC_008563.1,SSG-LUGIA-F,1460601,1528300
NC_008563.1,SSG-LUGIA-F,2040401,2177200
NC_008563.1,SSG-LUGIA-F,2247901,2283500
NC_008563.1,SSG-LUGIA-F,2564601,2615600
NC_008563.1,SSG-LUGIA-F,2745801,2756500
NC_008563.1,SSG-LUGIA-F,2913801,2948400
NC_008563.1,SSG-LUGIA-F,3112801,3144900
NC_008563.1,SSG-LUGIA-F,3303001,3372700
NC_008563.1,SSG-LUGIA-F,4479801,4514700
NC_008563.1,SSG-LUGIA-F,4718401,4764000
NC_008563.1,SSG-LUGIA-F,5000701,5039700
NC_008563.1,SSG-LUGIA-F+center,236251,272850
NC_008563.1,SSG-LUGIA-F+center,293551,346950
NC_008563.1,SSG-LUGIA-F+center,926551,948650
NC_008563.1,SSG-LUGIA-F+center,1180851,1237850
NC_008563.1,SSG-LUGIA-F+center,1332951,1371050
NC_008563.1,SSG-LUGIA-F+center,1465551,1533250
NC_008563.1,SSG-LUGIA-F+center,2045351,2182150
NC_008563.1,SSG-LUGIA-F+center,2252851,2288450
NC_008563.1,SSG-LUGIA-F+center,2569551,2620550
NC_008563.1,SSG-LUGIA-F+center,2750751,2761450
NC_008563.1,SSG-LUGIA-F+center,2918751,2953350
NC_008563.1,SSG-LUGIA-F+center,3117751,3149850
NC_008563.1,SSG-LUGIA-F+center,3307951,3377650
NC_008563.1,SSG-LUGIA-F+center,4484751,4519650
NC_008563.1,SSG-LUGIA-F+center,4723351,4768950
NC_008563.1,SSG-LUGIA-F+center,5005651,5044650
NC_008563.1,SSG-LUGIA-R,134301,177100
NC_008563.1,SSG-LUGIA-R,224101,363000
NC_008563.1,SSG-LUGIA-R,463901,477100
NC_008563.1,SSG-LUGIA-R,715301,725400
NC_008563.1,SSG-LUGIA-R,906201,962700
NC_008563.1,SSG-LUGIA-R,1076201,1104800
NC_008563.1,SSG-LUGIA-R,1172301,1241700
NC_008563.1,SSG-LUGIA-R,1302501,1367900
NC_008563.1,SSG-LUGIA-R,1439301,1537500
NC_008563.1,SSG-LUGIA-R,1613301,1651600
NC_008563.1,SSG-LUGIA-R,2026801,2211100
NC_008563.1,SSG-LUGIA-R,2239801,2307700
NC_008563.1,SSG-LUGIA-R,2563001,2626100
NC_008563.1,SSG-LUGIA-R,2733201,2803100
NC_008563.1,SSG-LUGIA-R,2891901,2953400
NC_008563.1,SSG-LUGIA-R,3111501,3161900
NC_008563.1,SSG-LUGIA-R,3301801,3384700
NC_008563.1,SSG-LUGIA-R,3467501,3479600
NC_008563.1,SSG-LUGIA-R,3710201,3752700
NC_008563.1,SSG-LUGIA-R,3860001,3900900
NC_008563.1,SSG-LUGIA-R,4072201,4083600
NC_008563.1,SSG-LUGIA-R,4181401,4229900
NC_008563.1,SSG-LUGIA-R,4328101,4342600
NC_008563.1,SSG-LUGIA-R,4476001,4531500
NC_008563.1,SSG-LUGIA-R,4691501,4773900
NC_008563.1,SSG-LUGIA-R,4899101,4909800
NC_008563.1,SSG-LUGIA-R,4914901,4973300
NC_008563.1,SSG-LUGIA-R,4980801,5045800
NC_008563.1,SSG-LUGIA-R+center,139251,182050
NC_008563.1,SSG-LUGIA-R+center,229051,367950
NC_008563.1,SSG-LUGIA-R+center,468851,482050
NC_008563.1,SSG-LUGIA-R+center,720251,730350
NC_008563.1,SSG-LUGIA-R+center,911151,967650
NC_008563.1,SSG-LUGIA-R+center,1081151,1109750
NC_008563.1,SSG-LUGIA-R+center,1177251,1246650
NC_008563.1,SSG-LUGIA-R+center,1307451,1372850
NC_008563.1,SSG-LUGIA-R+center,1444251,1542450
NC_008563.1,SSG-LUGIA-R+center,1618251,1656550
NC_008563.1,SSG-LUGIA-R+center,2031751,2216050
NC_008563.1,SSG-LUGIA-R+center,2244751,2312650
NC_008563.1,SSG-LUGIA-R+center,2567951,2631050
NC_008563.1,SSG-LUGIA-R+center,2738151,2808050
NC_008563.1,SSG-LUGIA-R+center,2896851,2958350
NC_008563.1,SSG-LUGIA-R+center,3116451,3166850
NC_008563.1,SSG-LUGIA-R+center,3306751,3389650
NC_008563.1,SSG-LUGIA-R+center,3472451,3484550
NC_008563.1,SSG-LUGIA-R+center,3715151,3757650
NC_008563.1,SSG-LUGIA-R+center,3864951,3905850
NC_008563.1,SSG-LUGIA-R+center,4077151,4088550
NC_008563.1,SSG-LUGIA-R+center,4186351,4234850
NC_008563.1,SSG-LUGIA-R+center,4333051,4347550
NC_008563.1,SSG-LUGIA-R+center,4480951,4536450
NC_008563.1,SSG-LUGIA-R+center,4696451,4778850
NC_008563.1,SSG-LUGIA-R+center,4904051,4914750
NC_008563.1,SSG-LUGIA-R+center,4919851,4978250
NC_008563.1,SSG-LUGIA-R+center,4985751,5050750
NC_008577.1,SSG-LUGIA-P,191401,260300
NC_008577.1,SSG-LUGIA-P,418701,440200
NC_008577.1,SSG-LUGIA-P,1452001,1511100
NC_008577.1,SSG-LUGIA-P,1580401,1592800
NC_008577.1,SSG-LUGIA-P,2114801,2163900
NC_008577.1,SSG-LUGIA-P,2403601,2441500
NC_008577.1,SSG-LUGIA-P,2602801,2627000
NC_008577.1,SSG-LUGIA-P,3124901,3136500
NC_008577.1,SSG-LUGIA-P,4474901,4495000
NC_008577.1,SSG-LUGIA-P,4611901,4638300
NC_008577.1,SSG-LUGIA-P+center,196351,265250
NC_008577.1,SSG-LUGIA-P+center,423651,445150
NC_008577.1,SSG-LUGIA-P+center,1456951,1516050
NC_008577.1,SSG-LUGIA-P+center,1585351,1597750
NC_008577.1,SSG-LUGIA-P+center,2119751,2168850
NC_008577.1,SSG-LUGIA-P+center,2408551,2446450
NC_008577.1,SSG-LUGIA-P+center,2607751,2631950
NC_008577.1,SSG-LUGIA-P+center,3129851,3141450
NC_008577.1,SSG-LUGIA-P+center,4479851,4499950
NC_008577.1,SSG-LUGIA-P+center,4616851,4643250
NC_008577.1,SSG-LUGIA-F,178501,266100
NC_008577.1,SSG-LUGIA-F,417501,440500
NC_008577.1,SSG-LUGIA-F,1444001,1513000
NC_008577.1,SSG-LUGIA-F,1522501,1539200
NC_008577.1,SSG-LUGIA-F,1577001,1603600
NC_008577.1,SSG-LUGIA-F,2113301,2168800
NC_008577.1,SSG-LUGIA-F,2403301,2442600
NC_008577.1,SSG-LUGIA-F,2601301,2630900
NC_008577.1,SSG-LUGIA-F,3117701,3146900
NC_008577.1,SSG-LUGIA-F,3537901,3559800
NC_008577.1,SSG-LUGIA-F,4470501,4498900
NC_008577.1,SSG-LUGIA-F,4611301,4639700
NC_008577.1,SSG-LUGIA-F,4685701,4705300
NC_008577.1,SSG-LUGIA-F+center,183451,271050
NC_008577.1,SSG-LUGIA-F+center,422451,445450
NC_008577.1,SSG-LUGIA-F+center,1448951,1517950
NC_008577.1,SSG-LUGIA-F+center,1527451,1544150
NC_008577.1,SSG-LUGIA-F+center,1581951,1608550
NC_008577.1,SSG-LUGIA-F+center,2118251,2173750
NC_008577.1,SSG-LUGIA-F+center,2408251,2447550
NC_008577.1,SSG-LUGIA-F+center,2606251,2635850
NC_008577.1,SSG-LUGIA-F+center,3122651,3151850
NC_008577.1,SSG-LUGIA-F+center,3542851,3564750
NC_008577.1,SSG-LUGIA-F+center,4475451,4503850
NC_008577.1,SSG-LUGIA-F+center,4616251,4644650
NC_008577.1,SSG-LUGIA-F+center,4690651,4710250
NC_008577.1,SSG-LUGIA-R,54701,70000
NC_008577.1,SSG-LUGIA-R,171801,271100
NC_008577.1,SSG-LUGIA-R,345801,386200
NC_008577.1,SSG-LUGIA-R,401201,446400
NC_008577.1,SSG-LUGIA-R,486801,502800
NC_008577.1,SSG-LUGIA-R,577001,607200
NC_008577.1,SSG-LUGIA-R,737101,751800
NC_008577.1,SSG-LUGIA-R,1192401,1220200
NC_008577.1,SSG-LUGIA-R,1418301,1605600
NC_008577.1,SSG-LUGIA-R,1643701,1656900
NC_008577.1,SSG-LUGIA-R,1675401,1718300
NC_008577.1,SSG-LUGIA-R,1812501,1851400
NC_008577.1,SSG-LUGIA-R,1879501,1908700
NC_008577.1,SSG-LUGIA-R,2017401,2046600
NC_008577.1,SSG-LUGIA-R,2104301,2187100
NC_008577.1,SSG-LUGIA-R,2189901,2204300
NC_008577.1,SSG-LUGIA-R,2394101,2446700
NC_008577.1,SSG-LUGIA-R,2480101,2535100
NC_008577.1,SSG-LUGIA-R,2598701,2697800
NC_008577.1,SSG-LUGIA-R,2808401,2834800
NC_008577.1,SSG-LUGIA-R,2914801,2930900
NC_008577.1,SSG-LUGIA-R,3108201,3193300
NC_008577.1,SSG-LUGIA-R,3197701,3210200
NC_008577.1,SSG-LUGIA-R,3373801,3395800
NC_008577.1,SSG-LUGIA-R,3492801,3510200
NC_008577.1,SSG-LUGIA-R,3522901,3563100
NC_008577.1,SSG-LUGIA-R,3737601,3764800
NC_008577.1,SSG-LUGIA-R,4085701,4113900
NC_008577.1,SSG-LUGIA-R,4250301,4267600
NC_008577.1,SSG-LUGIA-R,4373001,4387000
NC_008577.1,SSG-LUGIA-R,4468601,4501700
NC_008577.1,SSG-LUGIA-R,4543101,4563400
NC_008577.1,SSG-LUGIA-R,4570601,4641800
NC_008577.1,SSG-LUGIA-R,4678501,4710000
NC_008577.1,SSG-LUGIA-R,4747901,4791900
NC_008577.1,SSG-LUGIA-R,4896101,4951000
NC_008577.1,SSG-LUGIA-R+center,59651,74950
NC_008577.1,SSG-LUGIA-R+center,176751,276050
NC_008577.1,SSG-LUGIA-R+center,350751,391150
NC_008577.1,SSG-LUGIA-R+center,406151,451350
NC_008577.1,SSG-LUGIA-R+center,491751,507750
NC_008577.1,SSG-LUGIA-R+center,581951,612150
NC_008577.1,SSG-LUGIA-R+center,742051,756750
NC_008577.1,SSG-LUGIA-R+center,1197351,1225150
NC_008577.1,SSG-LUGIA-R+center,1423251,1610550
NC_008577.1,SSG-LUGIA-R+center,1648651,1661850
NC_008577.1,SSG-LUGIA-R+center,1680351,1723250
NC_008577.1,SSG-LUGIA-R+center,1817451,1856350
NC_008577.1,SSG-LUGIA-R+center,1884451,1913650
NC_008577.1,SSG-LUGIA-R+center,2022351,2051550
NC_008577.1,SSG-LUGIA-R+center,2109251,2192050
NC_008577.1,SSG-LUGIA-R+center,2194851,2209250
NC_008577.1,SSG-LUGIA-R+center,2399051,2451650
NC_008577.1,SSG-LUGIA-R+center,2485051,2540050
NC_008577.1,SSG-LUGIA-R+center,2603651,2702750
NC_008577.1,SSG-LUGIA-R+center,2813351,2839750
NC_008577.1,SSG-LUGIA-R+center,2919751,2935850
NC_008577.1,SSG-LUGIA-R+center,3113151,3198250
NC_008577.1,SSG-LUGIA-R+center,3202651,3215150
NC_008577.1,SSG-LUGIA-R+center,3378751,3400750
NC_008577.1,SSG-LUGIA-R+center,3497751,3515150
NC_008577.1,SSG-LUGIA-R+center,3527851,3568050
NC_008577.1,SSG-LUGIA-R+center,3742551,3769750
NC_008577.1,SSG-LUGIA-R+center,4090651,4118850
NC_008577.1,SSG-LUGIA-R+center,4255251,4272550
NC_008577.1,SSG-LUGIA-R+center,4377951,4391950
NC_008577.1,SSG-LUGIA-R+center,4473551,4506650
NC_008577.1,SSG-LUGIA-R+center,4548051,4568350
NC_008577.1,SSG-LUGIA-R+center,4575551,4646750
NC_008577.1,SSG-LUGIA-R+center,4683451,4714950
NC_008577.1,SSG-LUGIA-R+center,4752851,4796850
NC_008577.1,SSG-LUGIA-R+center,4901051,4955950
NC_008600.1,SSG-LUGIA-P,301,13400
NC_008600.1,SSG-LUGIA-P,69001,158400
NC_008600.1,SSG-LUGIA-P,265501,328200
NC_008600.1,SSG-LUGIA-P,539501,555500
NC_008600.1,SSG-LUGIA-P,1621101,1647300
NC_008600.1,SSG-LUGIA-P,2090101,2115300
NC_008600.1,SSG-LUGIA-P,3097401,3117900
NC_008600.1,SSG-LUGIA-P,5026601,5041000
NC_008600.1,SSG-LUGIA-P+center,5251,18350
NC_008600.1,SSG-LUGIA-P+center,73951,163350
NC_008600.1,SSG-LUGIA-P+center,270451,333150
NC_008600.1,SSG-LUGIA-P+center,544451,560450
NC_008600.1,SSG-LUGIA-P+center,1626051,1652250
NC_008600.1,SSG-LUGIA-P+center,2095051,2120250
NC_008600.1,SSG-LUGIA-P+center,3102351,3122850
NC_008600.1,SSG-LUGIA-P+center,5031551,5045950
NC_008600.1,SSG-LUGIA-F,201,13500
NC_008600.1,SSG-LUGIA-F,65601,161800
NC_008600.1,SSG-LUGIA-F,264101,329100
NC_008600.1,SSG-LUGIA-F,538601,558200
NC_008600.1,SSG-LUGIA-F,1062601,1076800
NC_008600.1,SSG-LUGIA-F,1612901,1648000
NC_008600.1,SSG-LUGIA-F,2086101,2117300
NC_008600.1,SSG-LUGIA-F,3095401,3118800
NC_008600.1,SSG-LUGIA-F,3653701,3694400
NC_008600.1,SSG-LUGIA-F,5009101,5042300
NC_008600.1,SSG-LUGIA-F+center,5151,18450
NC_008600.1,SSG-LUGIA-F+center,70551,166750
NC_008600.1,SSG-LUGIA-F+center,269051,334050
NC_008600.1,SSG-LUGIA-F+center,543551,563150
NC_008600.1,SSG-LUGIA-F+center,1067551,1081750
NC_008600.1,SSG-LUGIA-F+center,1617851,1652950
NC_008600.1,SSG-LUGIA-F+center,2091051,2122250
NC_008600.1,SSG-LUGIA-F+center,3100351,3123750
NC_008600.1,SSG-LUGIA-F+center,3658651,3699350
NC_008600.1,SSG-LUGIA-F+center,5014051,5047250
NC_008600.1,SSG-LUGIA-R,1,14000
NC_008600.1,SSG-LUGIA-R,19601,42100
NC_008600.1,SSG-LUGIA-R,59801,186000
NC_008600.1,SSG-LUGIA-R,232601,339600
NC_008600.1,SSG-LUGIA-R,524201,582900
NC_008600.1,SSG-LUGIA-R,735701,795300
NC_008600.1,SSG-LUGIA-R,805601,825700
NC_008600.1,SSG-LUGIA-R,829001,848400
NC_008600.1,SSG-LUGIA-R,908301,992600
NC_008600.1,SSG-LUGIA-R,1058201,1090600
NC_008600.1,SSG-LUGIA-R,1131301,1190600
NC_008600.1,SSG-LUGIA-R,1254801,1277300
NC_008600.1,SSG-LUGIA-R,1402901,1424900
NC_008600.1,SSG-LUGIA-R,1431501,1449600
NC_008600.1,SSG-LUGIA-R,1571901,1651500
NC_008600.1,SSG-LUGIA-R,2082801,2123200
NC_008600.1,SSG-LUGIA-R,2226901,2277200
NC_008600.1,SSG-LUGIA-R,2339601,2380800
NC_008600.1,SSG-LUGIA-R,2415401,2449500
NC_008600.1,SSG-LUGIA-R,2789501,2805700
NC_008600.1,SSG-LUGIA-R,2951001,2982100
NC_008600.1,SSG-LUGIA-R,3080601,3121900
NC_008600.1,SSG-LUGIA-R,3635301,3702000
NC_008600.1,SSG-LUGIA-R,3717401,3745700
NC_008600.1,SSG-LUGIA-R,3979301,3989800
NC_008600.1,SSG-LUGIA-R,4151301,4186200
NC_008600.1,SSG-LUGIA-R,4229801,4274900
NC_008600.1,SSG-LUGIA-R,4358101,4373700
NC_008600.1,SSG-LUGIA-R,4494601,4530900
NC_008600.1,SSG-LUGIA-R,4612801,4657900
NC_008600.1,SSG-LUGIA-R,4674401,4690300
NC_008600.1,SSG-LUGIA-R,4878201,4928500
NC_008600.1,SSG-LUGIA-R,4937201,5082800
NC_008600.1,SSG-LUGIA-R,5096101,5112100
NC_008600.1,SSG-LUGIA-R+center,4951,18950
NC_008600.1,SSG-LUGIA-R+center,24551,47050
NC_008600.1,SSG-LUGIA-R+center,64751,190950
NC_008600.1,SSG-LUGIA-R+center,237551,344550
NC_008600.1,SSG-LUGIA-R+center,529151,587850
NC_008600.1,SSG-LUGIA-R+center,740651,800250
NC_008600.1,SSG-LUGIA-R+center,810551,830650
NC_008600.1,SSG-LUGIA-R+center,833951,853350
NC_008600.1,SSG-LUGIA-R+center,913251,997550
NC_008600.1,SSG-LUGIA-R+center,1063151,1095550
NC_008600.1,SSG-LUGIA-R+center,1136251,1195550
NC_008600.1,SSG-LUGIA-R+center,1259751,1282250
NC_008600.1,SSG-LUGIA-R+center,1407851,1429850
NC_008600.1,SSG-LUGIA-R+center,1436451,1454550
NC_008600.1,SSG-LUGIA-R+center,1576851,1656450
NC_008600.1,SSG-LUGIA-R+center,2087751,2128150
NC_008600.1,SSG-LUGIA-R+center,2231851,2282150
NC_008600.1,SSG-LUGIA-R+center,2344551,2385750
NC_008600.1,SSG-LUGIA-R+center,2420351,2454450
NC_008600.1,SSG-LUGIA-R+center,2794451,2810650
NC_008600.1,SSG-LUGIA-R+center,2955951,2987050
NC_008600.1,SSG-LUGIA-R+center,3085551,3126850
NC_008600.1,SSG-LUGIA-R+center,3640251,3706950
NC_008600.1,SSG-LUGIA-R+center,3722351,3750650
NC_008600.1,SSG-LUGIA-R+center,3984251,3994750
NC_008600.1,SSG-LUGIA-R+center,4156251,4191150
NC_008600.1,SSG-LUGIA-R+center,4234751,4279850
NC_008600.1,SSG-LUGIA-R+center,4363051,4378650
NC_008600.1,SSG-LUGIA-R+center,4499551,4535850
NC_008600.1,SSG-LUGIA-R+center,4617751,4662850
NC_008600.1,SSG-LUGIA-R+center,4679351,4695250
NC_008600.1,SSG-LUGIA-R+center,4883151,4933450
NC_008600.1,SSG-LUGIA-R+center,4942151,5087750
NC_008600.1,SSG-LUGIA-R+center,5101051,5117050
NC_008611.1,SSG-LUGIA-P,576501,598700
NC_008611.1,SSG-LUGIA-P,1005801,1026100
NC_008611.1,SSG-LUGIA-P,1209001,1228800
NC_008611.1,SSG-LUGIA-P,2614601,2640900
NC_008611.1,SSG-LUGIA-P,3584001,3616300
NC_008611.1,SSG-LUGIA-P,4840901,4867400
NC_008611.1,SSG-LUGIA-P,5019701,5035800
NC_008611.1,SSG-LUGIA-P,5499701,5525000
NC_008611.1,SSG-LUGIA-P+center,581451,603650
NC_008611.1,SSG-LUGIA-P+center,1010751,1031050
NC_008611.1,SSG-LUGIA-P+center,1213951,1233750
NC_008611.1,SSG-LUGIA-P+center,2619551,2645850
NC_008611.1,SSG-LUGIA-P+center,3588951,3621250
NC_008611.1,SSG-LUGIA-P+center,4845851,4872350
NC_008611.1,SSG-LUGIA-P+center,5024651,5040750
NC_008611.1,SSG-LUGIA-P+center,5504651,5529950
NC_008611.1,SSG-LUGIA-F,572501,610500
NC_008611.1,SSG-LUGIA-F,752701,779800
NC_008611.1,SSG-LUGIA-F,780801,794900
NC_008611.1,SSG-LUGIA-F,1004201,1028500
NC_008611.1,SSG-LUGIA-F,1201701,1234300
NC_008611.1,SSG-LUGIA-F,1422901,1434100
NC_008611.1,SSG-LUGIA-F,1446301,1456900
NC_008611.1,SSG-LUGIA-F,1469601,1480400
NC_008611.1,SSG-LUGIA-F,2611801,2641200
NC_008611.1,SSG-LUGIA-F,2869701,2884400
NC_008611.1,SSG-LUGIA-F,3578001,3625100
NC_008611.1,SSG-LUGIA-F,4120801,4132200
NC_008611.1,SSG-LUGIA-F,4840601,4871700
NC_008611.1,SSG-LUGIA-F,4883501,4895900
NC_008611.1,SSG-LUGIA-F,5006701,5042800
NC_008611.1,SSG-LUGIA-F,5498601,5529700
NC_008611.1,SSG-LUGIA-F+center,577451,615450
NC_008611.1,SSG-LUGIA-F+center,757651,784750
NC_008611.1,SSG-LUGIA-F+center,785751,799850
NC_008611.1,SSG-LUGIA-F+center,1009151,1033450
NC_008611.1,SSG-LUGIA-F+center,1206651,1239250
NC_008611.1,SSG-LUGIA-F+center,1427851,1439050
NC_008611.1,SSG-LUGIA-F+center,1451251,1461850
NC_008611.1,SSG-LUGIA-F+center,1474551,1485350
NC_008611.1,SSG-LUGIA-F+center,2616751,2646150
NC_008611.1,SSG-LUGIA-F+center,2874651,2889350
NC_008611.1,SSG-LUGIA-F+center,3582951,3630050
NC_008611.1,SSG-LUGIA-F+center,4125751,4137150
NC_008611.1,SSG-LUGIA-F+center,4845551,4876650
NC_008611.1,SSG-LUGIA-F+center,4888451,4900850
NC_008611.1,SSG-LUGIA-F+center,5011651,5047750
NC_008611.1,SSG-LUGIA-F+center,5503551,5534650
NC_008611.1,SSG-LUGIA-R,70801,102200
NC_008611.1,SSG-LUGIA-R,195901,214900
NC_008611.1,SSG-LUGIA-R,565701,616800
NC_008611.1,SSG-LUGIA-R,643501,676100
NC_008611.1,SSG-LUGIA-R,718501,825100
NC_008611.1,SSG-LUGIA-R,831001,849900
NC_008611.1,SSG-LUGIA-R,863801,942200
NC_008611.1,SSG-LUGIA-R,997101,1043500
NC_008611.1,SSG-LUGIA-R,1120801,1142300
NC_008611.1,SSG-LUGIA-R,1185601,1242200
NC_008611.1,SSG-LUGIA-R,1322201,1333800
NC_008611.1,SSG-LUGIA-R,1404101,1485900
NC_008611.1,SSG-LUGIA-R,1545301,1557500
NC_008611.1,SSG-LUGIA-R,1715301,1742700
NC_008611.1,SSG-LUGIA-R,1785701,1846500
NC_008611.1,SSG-LUGIA-R,1875601,1896900
NC_008611.1,SSG-LUGIA-R,1950501,1962100
NC_008611.1,SSG-LUGIA-R,2024301,2092700
NC_008611.1,SSG-LUGIA-R,2209601,2278800
NC_008611.1,SSG-LUGIA-R,2284001,2295000
NC_008611.1,SSG-LUGIA-R,2346301,2362800
NC_008611.1,SSG-LUGIA-R,2505701,2540400
NC_008611.1,SSG-LUGIA-R,2590401,2647700
NC_008611.1,SSG-LUGIA-R,2662701,2688300
NC_008611.1,SSG-LUGIA-R,2743401,2770100
NC_008611.1,SSG-LUGIA-R,2850701,2894300
NC_008611.1,SSG-LUGIA-R,2935101,2954300
NC_008611.1,SSG-LUGIA-R,3371601,3412500
NC_008611.1,SSG-LUGIA-R,3444801,3476800
NC_008611.1,SSG-LUGIA-R,3523801,3543000
NC_008611.1,SSG-LUGIA-R,3559401,3628400
NC_008611.1,SSG-LUGIA-R,3666601,3693800
NC_008611.1,SSG-LUGIA-R,3856701,3899100
NC_008611.1,SSG-LUGIA-R,4075301,4145800
NC_008611.1,SSG-LUGIA-R,4457001,4480200
NC_008611.1,SSG-LUGIA-R,4531401,4547200
NC_008611.1,SSG-LUGIA-R,4563701,4602000
NC_008611.1,SSG-LUGIA-R,4683001,4702400
NC_008611.1,SSG-LUGIA-R,4736601,4760900
NC_008611.1,SSG-LUGIA-R,4839501,4872600
NC_008611.1,SSG-LUGIA-R,4882601,4925200
NC_008611.1,SSG-LUGIA-R,5001201,5104400
NC_008611.1,SSG-LUGIA-R,5428801,5463500
NC_008611.1,SSG-LUGIA-R,5493101,5546600
NC_008611.1,SSG-LUGIA-R+center,75751,107150
NC_008611.1,SSG-LUGIA-R+center,200851,219850
NC_008611.1,SSG-LUGIA-R+center,570651,621750
NC_008611.1,SSG-LUGIA-R+center,648451,681050
NC_008611.1,SSG-LUGIA-R+center,723451,830050
NC_008611.1,SSG-LUGIA-R+center,835951,854850
NC_008611.1,SSG-LUGIA-R+center,868751,947150
NC_008611.1,SSG-LUGIA-R+center,1002051,1048450
NC_008611.1,SSG-LUGIA-R+center,1125751,1147250
NC_008611.1,SSG-LUGIA-R+center,1190551,1247150
NC_008611.1,SSG-LUGIA-R+center,1327151,1338750
NC_008611.1,SSG-LUGIA-R+center,1409051,1490850
NC_008611.1,SSG-LUGIA-R+center,1550251,1562450
NC_008611.1,SSG-LUGIA-R+center,1720251,1747650
NC_008611.1,SSG-LUGIA-R+center,1790651,1851450
NC_008611.1,SSG-LUGIA-R+center,1880551,1901850
NC_008611.1,SSG-LUGIA-R+center,1955451,1967050
NC_008611.1,SSG-LUGIA-R+center,2029251,2097650
NC_008611.1,SSG-LUGIA-R+center,2214551,2283750
NC_008611.1,SSG-LUGIA-R+center,2288951,2299950
NC_008611.1,SSG-LUGIA-R+center,2351251,2367750
NC_008611.1,SSG-LUGIA-R+center,2510651,2545350
NC_008611.1,SSG-LUGIA-R+center,2595351,2652650
NC_008611.1,SSG-LUGIA-R+center,2667651,2693250
NC_008611.1,SSG-LUGIA-R+center,2748351,2775050
NC_008611.1,SSG-LUGIA-R+center,2855651,2899250
NC_008611.1,SSG-LUGIA-R+center,2940051,2959250
NC_008611.1,SSG-LUGIA-R+center,3376551,3417450
NC_008611.1,SSG-LUGIA-R+center,3449751,3481750
NC_008611.1,SSG-LUGIA-R+center,3528751,3547950
NC_008611.1,SSG-LUGIA-R+center,3564351,3633350
NC_008611.1,SSG-LUGIA-R+center,3671551,3698750
NC_008611.1,SSG-LUGIA-R+center,3861651,3904050
NC_008611.1,SSG-LUGIA-R+center,4080251,4150750
NC_008611.1,SSG-LUGIA-R+center,4461951,4485150
NC_008611.1,SSG-LUGIA-R+center,4536351,4552150
NC_008611.1,SSG-LUGIA-R+center,4568651,4606950
NC_008611.1,SSG-LUGIA-R+center,4687951,4707350
NC_008611.1,SSG-LUGIA-R+center,4741551,4765850
NC_008611.1,SSG-LUGIA-R+center,4844451,4877550
NC_008611.1,SSG-LUGIA-R+center,4887551,4930150
NC_008611.1,SSG-LUGIA-R+center,5006151,5109350
NC_008611.1,SSG-LUGIA-R+center,5433751,5468450
NC_008611.1,SSG-LUGIA-R+center,5498051,5551550
NC_008595.1,SSG-LUGIA-P,205901,218300
NC_008595.1,SSG-LUGIA-P,248601,288200
NC_008595.1,SSG-LUGIA-P,760901,774900
NC_008595.1,SSG-LUGIA-P,1428801,1449900
NC_008595.1,SSG-LUGIA-P,1461401,1472200
NC_008595.1,SSG-LUGIA-P,1816901,1956500
NC_008595.1,SSG-LUGIA-P,2548401,2576000
NC_008595.1,SSG-LUGIA-P,2688401,2724300
NC_008595.1,SSG-LUGIA-P,3093801,3113900
NC_008595.1,SSG-LUGIA-P,3345901,3373700
NC_008595.1,SSG-LUGIA-P,5167001,5263400
NC_008595.1,SSG-LUGIA-P+center,210851,223250
NC_008595.1,SSG-LUGIA-P+center,253551,293150
NC_008595.1,SSG-LUGIA-P+center,765851,779850
NC_008595.1,SSG-LUGIA-P+center,1433751,1454850
NC_008595.1,SSG-LUGIA-P+center,1466351,1477150
NC_008595.1,SSG-LUGIA-P+center,1821851,1961450
NC_008595.1,SSG-LUGIA-P+center,2553351,2580950
NC_008595.1,SSG-LUGIA-P+center,2693351,2729250
NC_008595.1,SSG-LUGIA-P+center,3098751,3118850
NC_008595.1,SSG-LUGIA-P+center,3350851,3378650
NC_008595.1,SSG-LUGIA-P+center,5171951,5268350
NC_008595.1,SSG-LUGIA-F,204001,220600
NC_008595.1,SSG-LUGIA-F,247401,288400
NC_008595.1,SSG-LUGIA-F,755301,787300
NC_008595.1,SSG-LUGIA-F,1418001,1478900
NC_008595.1,SSG-LUGIA-F,1800601,1961900
NC_008595.1,SSG-LUGIA-F,2544601,2579300
NC_008595.1,SSG-LUGIA-F,2603601,2663100
NC_008595.1,SSG-LUGIA-F,2672301,2732600
NC_008595.1,SSG-LUGIA-F,3093701,3114200
NC_008595.1,SSG-LUGIA-F,3341401,3382400
NC_008595.1,SSG-LUGIA-F,3909501,3924300
NC_008595.1,SSG-LUGIA-F,4729501,4748800
NC_008595.1,SSG-LUGIA-F,5161501,5264200
NC_008595.1,SSG-LUGIA-F+center,208951,225550
NC_008595.1,SSG-LUGIA-F+center,252351,293350
NC_008595.1,SSG-LUGIA-F+center,760251,792250
NC_008595.1,SSG-LUGIA-F+center,1422951,1483850
NC_008595.1,SSG-LUGIA-F+center,1805551,1966850
NC_008595.1,SSG-LUGIA-F+center,2549551,2584250
NC_008595.1,SSG-LUGIA-F+center,2608551,2668050
NC_008595.1,SSG-LUGIA-F+center,2677251,2737550
NC_008595.1,SSG-LUGIA-F+center,3098651,3119150
NC_008595.1,SSG-LUGIA-F+center,3346351,3387350
NC_008595.1,SSG-LUGIA-F+center,3914451,3929250
NC_008595.1,SSG-LUGIA-F+center,4734451,4753750
NC_008595.1,SSG-LUGIA-F+center,5166451,5269150
NC_008595.1,SSG-LUGIA-R,24401,38200
NC_008595.1,SSG-LUGIA-R,72701,101700
NC_008595.1,SSG-LUGIA-R,190601,290700
NC_008595.1,SSG-LUGIA-R,644701,689900
NC_008595.1,SSG-LUGIA-R,735701,792900
NC_008595.1,SSG-LUGIA-R,876601,915600
NC_008595.1,SSG-LUGIA-R,1404901,1491500
NC_008595.1,SSG-LUGIA-R,1658501,1698300
NC_008595.1,SSG-LUGIA-R,1777601,2001100
NC_008595.1,SSG-LUGIA-R,2098901,2120600
NC_008595.1,SSG-LUGIA-R,2207601,2271400
NC_008595.1,SSG-LUGIA-R,2321801,2465000
NC_008595.1,SSG-LUGIA-R,2531301,2741000
NC_008595.1,SSG-LUGIA-R,2936401,2971900
NC_008595.1,SSG-LUGIA-R,3084401,3128900
NC_008595.1,SSG-LUGIA-R,3168701,3201700
NC_008595.1,SSG-LUGIA-R,3245801,3272000
NC_008595.1,SSG-LUGIA-R,3325301,3412300
NC_008595.1,SSG-LUGIA-R,3849001,3868300
NC_008595.1,SSG-LUGIA-R,3904301,3937800
NC_008595.1,SSG-LUGIA-R,4127001,4164000
NC_008595.1,SSG-LUGIA-R,4510501,4545400
NC_008595.1,SSG-LUGIA-R,4601101,4673800
NC_008595.1,SSG-LUGIA-R,4719101,4770500
NC_008595.1,SSG-LUGIA-R,4921201,4952200
NC_008595.1,SSG-LUGIA-R,5155601,5265600
NC_008595.1,SSG-LUGIA-R+center,29351,43150
NC_008595.1,SSG-LUGIA-R+center,77651,106650
NC_008595.1,SSG-LUGIA-R+center,195551,295650
NC_008595.1,SSG-LUGIA-R+center,649651,694850
NC_008595.1,SSG-LUGIA-R+center,740651,797850
NC_008595.1,SSG-LUGIA-R+center,881551,920550
NC_008595.1,SSG-LUGIA-R+center,1409851,1496450
NC_008595.1,SSG-LUGIA-R+center,1663451,1703250
NC_008595.1,SSG-LUGIA-R+center,1782551,2006050
NC_008595.1,SSG-LUGIA-R+center,2103851,2125550
NC_008595.1,SSG-LUGIA-R+center,2212551,2276350
NC_008595.1,SSG-LUGIA-R+center,2326751,2469950
NC_008595.1,SSG-LUGIA-R+center,2536251,2745950
NC_008595.1,SSG-LUGIA-R+center,2941351,2976850
NC_008595.1,SSG-LUGIA-R+center,3089351,3133850
NC_008595.1,SSG-LUGIA-R+center,3173651,3206650
NC_008595.1,SSG-LUGIA-R+center,3250751,3276950
NC_008595.1,SSG-LUGIA-R+center,3330251,3417250
NC_008595.1,SSG-LUGIA-R+center,3853951,3873250
NC_008595.1,SSG-LUGIA-R+center,3909251,3942750
NC_008595.1,SSG-LUGIA-R+center,4131951,4168950
NC_008595.1,SSG-LUGIA-R+center,4515451,4550350
NC_008595.1,SSG-LUGIA-R+center,4606051,4678750
NC_008595.1,SSG-LUGIA-R+center,4724051,4775450
NC_008595.1,SSG-LUGIA-R+center,4926151,4957150
NC_008595.1,SSG-LUGIA-R+center,5160551,5270550
NC_008819.1,SSG-LUGIA-P,793301,812400
NC_008819.1,SSG-LUGIA-P,969001,982300
NC_008819.1,SSG-LUGIA-P+center,798251,817350
NC_008819.1,SSG-LUGIA-P+center,973951,987250
NC_008819.1,SSG-LUGIA-F,20001,34400
NC_008819.1,SSG-LUGIA-F,772401,818300
NC_008819.1,SSG-LUGIA-F,963001,986300
NC_008819.1,SSG-LUGIA-F+center,24951,39350
NC_008819.1,SSG-LUGIA-F+center,777351,823250
NC_008819.1,SSG-LUGIA-F+center,967951,991250
NC_008819.1,SSG-LUGIA-R,1,101900
NC_008819.1,SSG-LUGIA-R,364001,377500
NC_008819.1,SSG-LUGIA-R,764901,833300
NC_008819.1,SSG-LUGIA-R,878701,1010100
NC_008819.1,SSG-LUGIA-R,1163101,1200800
NC_008819.1,SSG-LUGIA-R,1308401,1320900
NC_008819.1,SSG-LUGIA-R,1323601,1350700
NC_008819.1,SSG-LUGIA-R,1533301,1558700
NC_008819.1,SSG-LUGIA-R,1613101,1638400
NC_008819.1,SSG-LUGIA-R,1739101,1785900
NC_008819.1,SSG-LUGIA-R,1812601,1835100
NC_008819.1,SSG-LUGIA-R+center,4951,106850
NC_008819.1,SSG-LUGIA-R+center,368951,382450
NC_008819.1,SSG-LUGIA-R+center,769851,838250
NC_008819.1,SSG-LUGIA-R+center,883651,1015050
NC_008819.1,SSG-LUGIA-R+center,1168051,1205750
NC_008819.1,SSG-LUGIA-R+center,1313351,1325850
NC_008819.1,SSG-LUGIA-R+center,1328551,1355650
NC_008819.1,SSG-LUGIA-R+center,1538251,1563650
NC_008819.1,SSG-LUGIA-R+center,1618051,1643350
NC_008819.1,SSG-LUGIA-R+center,1744051,1790850
NC_008819.1,SSG-LUGIA-R+center,1817551,1840050
NC_008750.1,SSG-LUGIA-P,165501,206900
NC_008750.1,SSG-LUGIA-P,427901,473700
NC_008750.1,SSG-LUGIA-P,1217401,1314100
NC_008750.1,SSG-LUGIA-P,2523801,2539000
NC_008750.1,SSG-LUGIA-P,2827501,2869300
NC_008750.1,SSG-LUGIA-P,3307101,3329000
NC_008750.1,SSG-LUGIA-P,4196001,4211300
NC_008750.1,SSG-LUGIA-P+center,170451,211850
NC_008750.1,SSG-LUGIA-P+center,432851,478650
NC_008750.1,SSG-LUGIA-P+center,1222351,1319050
NC_008750.1,SSG-LUGIA-P+center,2528751,2543950
NC_008750.1,SSG-LUGIA-P+center,2832451,2874250
NC_008750.1,SSG-LUGIA-P+center,3312051,3333950
NC_008750.1,SSG-LUGIA-P+center,4200951,4216250
NC_008750.1,SSG-LUGIA-F,163901,208100
NC_008750.1,SSG-LUGIA-F,414501,474300
NC_008750.1,SSG-LUGIA-F,550101,566300
NC_008750.1,SSG-LUGIA-F,1215401,1323300
NC_008750.1,SSG-LUGIA-F,1562901,1595200
NC_008750.1,SSG-LUGIA-F,2515701,2543100
NC_008750.1,SSG-LUGIA-F,2825701,2875700
NC_008750.1,SSG-LUGIA-F,3305801,3332400
NC_008750.1,SSG-LUGIA-F,4195401,4216700
NC_008750.1,SSG-LUGIA-F,4417201,4436300
NC_008750.1,SSG-LUGIA-F,4685401,4698100
NC_008750.1,SSG-LUGIA-F+center,168851,213050
NC_008750.1,SSG-LUGIA-F+center,419451,479250
NC_008750.1,SSG-LUGIA-F+center,555051,571250
NC_008750.1,SSG-LUGIA-F+center,1220351,1328250
NC_008750.1,SSG-LUGIA-F+center,1567851,1600150
NC_008750.1,SSG-LUGIA-F+center,2520651,2548050
NC_008750.1,SSG-LUGIA-F+center,2830651,2880650
NC_008750.1,SSG-LUGIA-F+center,3310751,3337350
NC_008750.1,SSG-LUGIA-F+center,4200351,4221650
NC_008750.1,SSG-LUGIA-F+center,4422151,4441250
NC_008750.1,SSG-LUGIA-F+center,4690351,4703050
NC_008750.1,SSG-LUGIA-R,24701,53000
NC_008750.1,SSG-LUGIA-R,157501,229400
NC_008750.1,SSG-LUGIA-R,296301,336200
NC_008750.1,SSG-LUGIA-R,348701,515100
NC_008750.1,SSG-LUGIA-R,544401,592200
NC_008750.1,SSG-LUGIA-R,594901,648200
NC_008750.1,SSG-LUGIA-R,1209701,1343600
NC_008750.1,SSG-LUGIA-R,1521501,1537500
NC_008750.1,SSG-LUGIA-R,1541601,1631500
NC_008750.1,SSG-LUGIA-R,1645501,1665100
NC_008750.1,SSG-LUGIA-R,1741201,1782000
NC_008750.1,SSG-LUGIA-R,1877501,1898000
NC_008750.1,SSG-LUGIA-R,1902001,1914300
NC_008750.1,SSG-LUGIA-R,2081901,2100300
NC_008750.1,SSG-LUGIA-R,2175901,2205800
NC_008750.1,SSG-LUGIA-R,2330401,2397600
NC_008750.1,SSG-LUGIA-R,2502601,2549200
NC_008750.1,SSG-LUGIA-R,2817201,2894700
NC_008750.1,SSG-LUGIA-R,2914501,2942000
NC_008750.1,SSG-LUGIA-R,2978201,2988600
NC_008750.1,SSG-LUGIA-R,2999501,3014700
NC_008750.1,SSG-LUGIA-R,3078401,3123700
NC_008750.1,SSG-LUGIA-R,3152001,3181100
NC_008750.1,SSG-LUGIA-R,3302601,3342800
NC_008750.1,SSG-LUGIA-R,3527401,3548500
NC_008750.1,SSG-LUGIA-R,4043401,4111900
NC_008750.1,SSG-LUGIA-R,4189001,4283800
NC_008750.1,SSG-LUGIA-R,4408301,4485000
NC_008750.1,SSG-LUGIA-R,4569801,4589800
NC_008750.1,SSG-LUGIA-R,4638301,4698400
NC_008750.1,SSG-LUGIA-R+center,29651,57950
NC_008750.1,SSG-LUGIA-R+center,162451,234350
NC_008750.1,SSG-LUGIA-R+center,301251,341150
NC_008750.1,SSG-LUGIA-R+center,353651,520050
NC_008750.1,SSG-LUGIA-R+center,549351,597150
NC_008750.1,SSG-LUGIA-R+center,599851,653150
NC_008750.1,SSG-LUGIA-R+center,1214651,1348550
NC_008750.1,SSG-LUGIA-R+center,1526451,1542450
NC_008750.1,SSG-LUGIA-R+center,1546551,1636450
NC_008750.1,SSG-LUGIA-R+center,1650451,1670050
NC_008750.1,SSG-LUGIA-R+center,1746151,1786950
NC_008750.1,SSG-LUGIA-R+center,1882451,1902950
NC_008750.1,SSG-LUGIA-R+center,1906951,1919250
NC_008750.1,SSG-LUGIA-R+center,2086851,2105250
NC_008750.1,SSG-LUGIA-R+center,2180851,2210750
NC_008750.1,SSG-LUGIA-R+center,2335351,2402550
NC_008750.1,SSG-LUGIA-R+center,2507551,2554150
NC_008750.1,SSG-LUGIA-R+center,2822151,2899650
NC_008750.1,SSG-LUGIA-R+center,2919451,2946950
NC_008750.1,SSG-LUGIA-R+center,2983151,2993550
NC_008750.1,SSG-LUGIA-R+center,3004451,3019650
NC_008750.1,SSG-LUGIA-R+center,3083351,3128650
NC_008750.1,SSG-LUGIA-R+center,3156951,3186050
NC_008750.1,SSG-LUGIA-R+center,3307551,3347750
NC_008750.1,SSG-LUGIA-R+center,3532351,3553450
NC_008750.1,SSG-LUGIA-R+center,4048351,4116850
NC_008750.1,SSG-LUGIA-R+center,4193951,4288750
NC_008750.1,SSG-LUGIA-R+center,4413251,4489950
NC_008750.1,SSG-LUGIA-R+center,4574751,4594750
NC_008750.1,SSG-LUGIA-R+center,4643251,4703350
NC_009052.1,SSG-LUGIA-P,1447301,1474400
NC_009052.1,SSG-LUGIA-P,1902601,1928600
NC_009052.1,SSG-LUGIA-P,2246501,2261800
NC_009052.1,SSG-LUGIA-P,2514301,2536900
NC_009052.1,SSG-LUGIA-P,3381701,3408000
NC_009052.1,SSG-LUGIA-P,3454201,3466700
NC_009052.1,SSG-LUGIA-P,4210601,4236300
NC_009052.1,SSG-LUGIA-P,4842001,4893400
NC_009052.1,SSG-LUGIA-P,5047701,5094700
NC_009052.1,SSG-LUGIA-P+center,1452251,1479350
NC_009052.1,SSG-LUGIA-P+center,1907551,1933550
NC_009052.1,SSG-LUGIA-P+center,2251451,2266750
NC_009052.1,SSG-LUGIA-P+center,2519251,2541850
NC_009052.1,SSG-LUGIA-P+center,3386651,3412950
NC_009052.1,SSG-LUGIA-P+center,3459151,3471650
NC_009052.1,SSG-LUGIA-P+center,4215551,4241250
NC_009052.1,SSG-LUGIA-P+center,4846951,4898350
NC_009052.1,SSG-LUGIA-P+center,5052651,5099650
NC_009052.1,SSG-LUGIA-F,442601,460400
NC_009052.1,SSG-LUGIA-F,1203901,1232400
NC_009052.1,SSG-LUGIA-F,1443101,1477900
NC_009052.1,SSG-LUGIA-F,1900001,1932500
NC_009052.1,SSG-LUGIA-F,2240101,2278900
NC_009052.1,SSG-LUGIA-F,2510901,2539900
NC_009052.1,SSG-LUGIA-F,2677001,2689700
NC_009052.1,SSG-LUGIA-F,2697801,2712400
NC_009052.1,SSG-LUGIA-F,3089001,3105200
NC_009052.1,SSG-LUGIA-F,3105801,3121000
NC_009052.1,SSG-LUGIA-F,3380201,3430700
NC_009052.1,SSG-LUGIA-F,3449901,3481500
NC_009052.1,SSG-LUGIA-F,4164901,4182300
NC_009052.1,SSG-LUGIA-F,4208601,4242900
NC_009052.1,SSG-LUGIA-F,4638001,4660500
NC_009052.1,SSG-LUGIA-F,4835401,4895500
NC_009052.1,SSG-LUGIA-F,5043201,5099700
NC_009052.1,SSG-LUGIA-F+center,447551,465350
NC_009052.1,SSG-LUGIA-F+center,1208851,1237350
NC_009052.1,SSG-LUGIA-F+center,1448051,1482850
NC_009052.1,SSG-LUGIA-F+center,1904951,1937450
NC_009052.1,SSG-LUGIA-F+center,2245051,2283850
NC_009052.1,SSG-LUGIA-F+center,2515851,2544850
NC_009052.1,SSG-LUGIA-F+center,2681951,2694650
NC_009052.1,SSG-LUGIA-F+center,2702751,2717350
NC_009052.1,SSG-LUGIA-F+center,3093951,3110150
NC_009052.1,SSG-LUGIA-F+center,3110751,3125950
NC_009052.1,SSG-LUGIA-F+center,3385151,3435650
NC_009052.1,SSG-LUGIA-F+center,3454851,3486450
NC_009052.1,SSG-LUGIA-F+center,4169851,4187250
NC_009052.1,SSG-LUGIA-F+center,4213551,4247850
NC_009052.1,SSG-LUGIA-F+center,4642951,4665450
NC_009052.1,SSG-LUGIA-F+center,4840351,4900450
NC_009052.1,SSG-LUGIA-F+center,5048151,5104650
NC_009052.1,SSG-LUGIA-R,49101,64300
NC_009052.1,SSG-LUGIA-R,120701,156500
NC_009052.1,SSG-LUGIA-R,174001,189700
NC_009052.1,SSG-LUGIA-R,348801,382800
NC_009052.1,SSG-LUGIA-R,433301,464500
NC_009052.1,SSG-LUGIA-R,932001,965200
NC_009052.1,SSG-LUGIA-R,1195501,1239500
NC_009052.1,SSG-LUGIA-R,1300201,1316600
NC_009052.1,SSG-LUGIA-R,1438501,1488400
NC_009052.1,SSG-LUGIA-R,1623801,1657300
NC_009052.1,SSG-LUGIA-R,1815601,1869800
NC_009052.1,SSG-LUGIA-R,1898101,1935600
NC_009052.1,SSG-LUGIA-R,2026401,2048100
NC_009052.1,SSG-LUGIA-R,2230301,2300800
NC_009052.1,SSG-LUGIA-R,2410701,2463200
NC_009052.1,SSG-LUGIA-R,2502901,2544100
NC_009052.1,SSG-LUGIA-R,2617901,2658700
NC_009052.1,SSG-LUGIA-R,2670201,2719700
NC_009052.1,SSG-LUGIA-R,2803001,2821300
NC_009052.1,SSG-LUGIA-R,2918901,2949700
NC_009052.1,SSG-LUGIA-R,3083401,3125500
NC_009052.1,SSG-LUGIA-R,3222901,3236800
NC_009052.1,SSG-LUGIA-R,3376301,3492800
NC_009052.1,SSG-LUGIA-R,3543301,3554100
NC_009052.1,SSG-LUGIA-R,3562801,3581000
NC_009052.1,SSG-LUGIA-R,3764301,3800100
NC_009052.1,SSG-LUGIA-R,3916101,3952300
NC_009052.1,SSG-LUGIA-R,4159501,4254500
NC_009052.1,SSG-LUGIA-R,4324301,4356100
NC_009052.1,SSG-LUGIA-R,4473301,4511400
NC_009052.1,SSG-LUGIA-R,4577901,4599600
NC_009052.1,SSG-LUGIA-R,4627001,4694300
NC_009052.1,SSG-LUGIA-R,4738001,4757000
NC_009052.1,SSG-LUGIA-R,4830901,4916600
NC_009052.1,SSG-LUGIA-R,5010701,5112800
NC_009052.1,SSG-LUGIA-R+center,54051,69250
NC_009052.1,SSG-LUGIA-R+center,125651,161450
NC_009052.1,SSG-LUGIA-R+center,178951,194650
NC_009052.1,SSG-LUGIA-R+center,353751,387750
NC_009052.1,SSG-LUGIA-R+center,438251,469450
NC_009052.1,SSG-LUGIA-R+center,936951,970150
NC_009052.1,SSG-LUGIA-R+center,1200451,1244450
NC_009052.1,SSG-LUGIA-R+center,1305151,1321550
NC_009052.1,SSG-LUGIA-R+center,1443451,1493350
NC_009052.1,SSG-LUGIA-R+center,1628751,1662250
NC_009052.1,SSG-LUGIA-R+center,1820551,1874750
NC_009052.1,SSG-LUGIA-R+center,1903051,1940550
NC_009052.1,SSG-LUGIA-R+center,2031351,2053050
NC_009052.1,SSG-LUGIA-R+center,2235251,2305750
NC_009052.1,SSG-LUGIA-R+center,2415651,2468150
NC_009052.1,SSG-LUGIA-R+center,2507851,2549050
NC_009052.1,SSG-LUGIA-R+center,2622851,2663650
NC_009052.1,SSG-LUGIA-R+center,2675151,2724650
NC_009052.1,SSG-LUGIA-R+center,2807951,2826250
NC_009052.1,SSG-LUGIA-R+center,2923851,2954650
NC_009052.1,SSG-LUGIA-R+center,3088351,3130450
NC_009052.1,SSG-LUGIA-R+center,3227851,3241750
NC_009052.1,SSG-LUGIA-R+center,3381251,3497750
NC_009052.1,SSG-LUGIA-R+center,3548251,3559050
NC_009052.1,SSG-LUGIA-R+center,3567751,3585950
NC_009052.1,SSG-LUGIA-R+center,3769251,3805050
NC_009052.1,SSG-LUGIA-R+center,3921051,3957250
NC_009052.1,SSG-LUGIA-R+center,4164451,4259450
NC_009052.1,SSG-LUGIA-R+center,4329251,4361050
NC_009052.1,SSG-LUGIA-R+center,4478251,4516350
NC_009052.1,SSG-LUGIA-R+center,4582851,4604550
NC_009052.1,SSG-LUGIA-R+center,4631951,4699250
NC_009052.1,SSG-LUGIA-R+center,4742951,4761950
NC_009052.1,SSG-LUGIA-R+center,4835851,4921550
NC_009052.1,SSG-LUGIA-R+center,5015651,5117750
NC_009074.1,SSG-LUGIA-P,1270001,1284100
NC_009074.1,SSG-LUGIA-P,1477301,1496200
NC_009074.1,SSG-LUGIA-P,1870201,1913000
NC_009074.1,SSG-LUGIA-P,1989801,2013200
NC_009074.1,SSG-LUGIA-P,2969901,2998500
NC_009074.1,SSG-LUGIA-P,3167301,3189000
NC_009074.1,SSG-LUGIA-P,3638601,3684700
NC_009074.1,SSG-LUGIA-P+center,1274951,1289050
NC_009074.1,SSG-LUGIA-P+center,1482251,1501150
NC_009074.1,SSG-LUGIA-P+center,1875151,1917950
NC_009074.1,SSG-LUGIA-P+center,1994751,2018150
NC_009074.1,SSG-LUGIA-P+center,2974851,3003450
NC_009074.1,SSG-LUGIA-P+center,3172251,3193950
NC_009074.1,SSG-LUGIA-P+center,3643551,3689650
NC_009074.1,SSG-LUGIA-F,80801,115900
NC_009074.1,SSG-LUGIA-F,1080701,1104100
NC_009074.1,SSG-LUGIA-F,1251501,1285800
NC_009074.1,SSG-LUGIA-F,1475301,1501100
NC_009074.1,SSG-LUGIA-F,1540801,1567800
NC_009074.1,SSG-LUGIA-F,1676101,1731200
NC_009074.1,SSG-LUGIA-F,1867801,1914900
NC_009074.1,SSG-LUGIA-F,1974701,2018400
NC_009074.1,SSG-LUGIA-F,2969301,2999000
NC_009074.1,SSG-LUGIA-F,3038601,3051800
NC_009074.1,SSG-LUGIA-F,3160501,3189300
NC_009074.1,SSG-LUGIA-F,3407801,3428500
NC_009074.1,SSG-LUGIA-F,3548101,3574600
NC_009074.1,SSG-LUGIA-F,3637601,3687800
NC_009074.1,SSG-LUGIA-F,3797501,3814200
NC_009074.1,SSG-LUGIA-F,3867601,3888600
NC_009074.1,SSG-LUGIA-F+center,85751,120850
NC_009074.1,SSG-LUGIA-F+center,1085651,1109050
NC_009074.1,SSG-LUGIA-F+center,1256451,1290750
NC_009074.1,SSG-LUGIA-F+center,1480251,1506050
NC_009074.1,SSG-LUGIA-F+center,1545751,1572750
NC_009074.1,SSG-LUGIA-F+center,1681051,1736150
NC_009074.1,SSG-LUGIA-F+center,1872751,1919850
NC_009074.1,SSG-LUGIA-F+center,1979651,2023350
NC_009074.1,SSG-LUGIA-F+center,2974251,3003950
NC_009074.1,SSG-LUGIA-F+center,3043551,3056750
NC_009074.1,SSG-LUGIA-F+center,3165451,3194250
NC_009074.1,SSG-LUGIA-F+center,3412751,3433450
NC_009074.1,SSG-LUGIA-F+center,3553051,3579550
NC_009074.1,SSG-LUGIA-F+center,3642551,3692750
NC_009074.1,SSG-LUGIA-F+center,3802451,3819150
NC_009074.1,SSG-LUGIA-F+center,3872551,3893550
NC_009074.1,SSG-LUGIA-R,74201,124000
NC_009074.1,SSG-LUGIA-R,466501,478100
NC_009074.1,SSG-LUGIA-R,556301,587400
NC_009074.1,SSG-LUGIA-R,733001,794900
NC_009074.1,SSG-LUGIA-R,910701,929700
NC_009074.1,SSG-LUGIA-R,1072901,1114400
NC_009074.1,SSG-LUGIA-R,1163401,1178700
NC_009074.1,SSG-LUGIA-R,1229701,1318300
NC_009074.1,SSG-LUGIA-R,1333201,1343400
NC_009074.1,SSG-LUGIA-R,1392201,1410900
NC_009074.1,SSG-LUGIA-R,1424101,1436400
NC_009074.1,SSG-LUGIA-R,1445301,1572700
NC_009074.1,SSG-LUGIA-R,1669501,1746000
NC_009074.1,SSG-LUGIA-R,1819601,1842300
NC_009074.1,SSG-LUGIA-R,1846701,1936300
NC_009074.1,SSG-LUGIA-R,1961901,2047800
NC_009074.1,SSG-LUGIA-R,2102701,2138000
NC_009074.1,SSG-LUGIA-R,2294301,2310000
NC_009074.1,SSG-LUGIA-R,2371601,2383900
NC_009074.1,SSG-LUGIA-R,2386101,2399000
NC_009074.1,SSG-LUGIA-R,2903901,2916200
NC_009074.1,SSG-LUGIA-R,2968801,3005400
NC_009074.1,SSG-LUGIA-R,3035401,3080100
NC_009074.1,SSG-LUGIA-R,3122201,3194900
NC_009074.1,SSG-LUGIA-R,3399701,3438500
NC_009074.1,SSG-LUGIA-R,3451201,3473300
NC_009074.1,SSG-LUGIA-R,3531301,3578200
NC_009074.1,SSG-LUGIA-R,3636501,3699000
NC_009074.1,SSG-LUGIA-R,3775401,3822200
NC_009074.1,SSG-LUGIA-R,3865201,3893200
NC_009074.1,SSG-LUGIA-R+center,79151,128950
NC_009074.1,SSG-LUGIA-R+center,471451,483050
NC_009074.1,SSG-LUGIA-R+center,561251,592350
NC_009074.1,SSG-LUGIA-R+center,737951,799850
NC_009074.1,SSG-LUGIA-R+center,915651,934650
NC_009074.1,SSG-LUGIA-R+center,1077851,1119350
NC_009074.1,SSG-LUGIA-R+center,1168351,1183650
NC_009074.1,SSG-LUGIA-R+center,1234651,1323250
NC_009074.1,SSG-LUGIA-R+center,1338151,1348350
NC_009074.1,SSG-LUGIA-R+center,1397151,1415850
NC_009074.1,SSG-LUGIA-R+center,1429051,1441350
NC_009074.1,SSG-LUGIA-R+center,1450251,1577650
NC_009074.1,SSG-LUGIA-R+center,1674451,1750950
NC_009074.1,SSG-LUGIA-R+center,1824551,1847250
NC_009074.1,SSG-LUGIA-R+center,1851651,1941250
NC_009074.1,SSG-LUGIA-R+center,1966851,2052750
NC_009074.1,SSG-LUGIA-R+center,2107651,2142950
NC_009074.1,SSG-LUGIA-R+center,2299251,2314950
NC_009074.1,SSG-LUGIA-R+center,2376551,2388850
NC_009074.1,SSG-LUGIA-R+center,2391051,2403950
NC_009074.1,SSG-LUGIA-R+center,2908851,2921150
NC_009074.1,SSG-LUGIA-R+center,2973751,3010350
NC_009074.1,SSG-LUGIA-R+center,3040351,3085050
NC_009074.1,SSG-LUGIA-R+center,3127151,3199850
NC_009074.1,SSG-LUGIA-R+center,3404651,3443450
NC_009074.1,SSG-LUGIA-R+center,3456151,3478250
NC_009074.1,SSG-LUGIA-R+center,3536251,3583150
NC_009074.1,SSG-LUGIA-R+center,3641451,3703950
NC_009074.1,SSG-LUGIA-R+center,3780351,3827150
NC_009074.1,SSG-LUGIA-R+center,3870151,3898150
NC_009076.1,SSG-LUGIA-P,73401,105700
NC_009076.1,SSG-LUGIA-P,1281801,1293800
NC_009076.1,SSG-LUGIA-P,1877201,1918200
NC_009076.1,SSG-LUGIA-P,2026901,2079400
NC_009076.1,SSG-LUGIA-P,3055701,3066000
NC_009076.1,SSG-LUGIA-P,3184201,3204700
NC_009076.1,SSG-LUGIA-P,3559201,3620700
NC_009076.1,SSG-LUGIA-P,3687101,3733600
NC_009076.1,SSG-LUGIA-P,3764901,3803300
NC_009076.1,SSG-LUGIA-P+center,78351,110650
NC_009076.1,SSG-LUGIA-P+center,1286751,1298750
NC_009076.1,SSG-LUGIA-P+center,1882151,1923150
NC_009076.1,SSG-LUGIA-P+center,2031851,2084350
NC_009076.1,SSG-LUGIA-P+center,3060651,3070950
NC_009076.1,SSG-LUGIA-P+center,3189151,3209650
NC_009076.1,SSG-LUGIA-P+center,3564151,3625650
NC_009076.1,SSG-LUGIA-P+center,3692051,3738550
NC_009076.1,SSG-LUGIA-P+center,3769851,3808250
NC_009076.1,SSG-LUGIA-F,72601,116200
NC_009076.1,SSG-LUGIA-F,765301,788000
NC_009076.1,SSG-LUGIA-F,1090201,1114200
NC_009076.1,SSG-LUGIA-F,1277001,1295300
NC_009076.1,SSG-LUGIA-F,1554301,1574200
NC_009076.1,SSG-LUGIA-F,1684201,1736100
NC_009076.1,SSG-LUGIA-F,1875301,1920100
NC_009076.1,SSG-LUGIA-F,1981501,1995300
NC_009076.1,SSG-LUGIA-F,2025101,2082900
NC_009076.1,SSG-LUGIA-F,3053801,3068600
NC_009076.1,SSG-LUGIA-F,3180301,3205500
NC_009076.1,SSG-LUGIA-F,3552501,3621400
NC_009076.1,SSG-LUGIA-F,3685201,3736300
NC_009076.1,SSG-LUGIA-F,3761801,3804000
NC_009076.1,SSG-LUGIA-F,3943301,3964000
NC_009076.1,SSG-LUGIA-F+center,77551,121150
NC_009076.1,SSG-LUGIA-F+center,770251,792950
NC_009076.1,SSG-LUGIA-F+center,1095151,1119150
NC_009076.1,SSG-LUGIA-F+center,1281951,1300250
NC_009076.1,SSG-LUGIA-F+center,1559251,1579150
NC_009076.1,SSG-LUGIA-F+center,1689151,1741050
NC_009076.1,SSG-LUGIA-F+center,1880251,1925050
NC_009076.1,SSG-LUGIA-F+center,1986451,2000250
NC_009076.1,SSG-LUGIA-F+center,2030051,2087850
NC_009076.1,SSG-LUGIA-F+center,3058751,3073550
NC_009076.1,SSG-LUGIA-F+center,3185251,3210450
NC_009076.1,SSG-LUGIA-F+center,3557451,3626350
NC_009076.1,SSG-LUGIA-F+center,3690151,3741250
NC_009076.1,SSG-LUGIA-F+center,3766751,3808950
NC_009076.1,SSG-LUGIA-F+center,3948251,3968950
NC_009076.1,SSG-LUGIA-R,68801,130900
NC_009076.1,SSG-LUGIA-R,470601,512900
NC_009076.1,SSG-LUGIA-R,568001,602600
NC_009076.1,SSG-LUGIA-R,693401,711200
NC_009076.1,SSG-LUGIA-R,748301,802700
NC_009076.1,SSG-LUGIA-R,918701,932400
NC_009076.1,SSG-LUGIA-R,1082901,1125300
NC_009076.1,SSG-LUGIA-R,1242601,1330500
NC_009076.1,SSG-LUGIA-R,1340501,1357200
NC_009076.1,SSG-LUGIA-R,1421601,1434800
NC_009076.1,SSG-LUGIA-R,1444601,1459800
NC_009076.1,SSG-LUGIA-R,1474401,1581400
NC_009076.1,SSG-LUGIA-R,1677201,1751600
NC_009076.1,SSG-LUGIA-R,1824801,1847600
NC_009076.1,SSG-LUGIA-R,1868401,1942800
NC_009076.1,SSG-LUGIA-R,1967001,2101700
NC_009076.1,SSG-LUGIA-R,2323701,2344300
NC_009076.1,SSG-LUGIA-R,2407501,2421700
NC_009076.1,SSG-LUGIA-R,3051001,3096400
NC_009076.1,SSG-LUGIA-R,3137801,3212000
NC_009076.1,SSG-LUGIA-R,3451301,3480600
NC_009076.1,SSG-LUGIA-R,3535101,3624500
NC_009076.1,SSG-LUGIA-R,3684201,3810600
NC_009076.1,SSG-LUGIA-R,3862901,3897900
NC_009076.1,SSG-LUGIA-R,3939001,3968700
NC_009076.1,SSG-LUGIA-R+center,73751,135850
NC_009076.1,SSG-LUGIA-R+center,475551,517850
NC_009076.1,SSG-LUGIA-R+center,572951,607550
NC_009076.1,SSG-LUGIA-R+center,698351,716150
NC_009076.1,SSG-LUGIA-R+center,753251,807650
NC_009076.1,SSG-LUGIA-R+center,923651,937350
NC_009076.1,SSG-LUGIA-R+center,1087851,1130250
NC_009076.1,SSG-LUGIA-R+center,1247551,1335450
NC_009076.1,SSG-LUGIA-R+center,1345451,1362150
NC_009076.1,SSG-LUGIA-R+center,1426551,1439750
NC_009076.1,SSG-LUGIA-R+center,1449551,1464750
NC_009076.1,SSG-LUGIA-R+center,1479351,1586350
NC_009076.1,SSG-LUGIA-R+center,1682151,1756550
NC_009076.1,SSG-LUGIA-R+center,1829751,1852550
NC_009076.1,SSG-LUGIA-R+center,1873351,1947750
NC_009076.1,SSG-LUGIA-R+center,1971951,2106650
NC_009076.1,SSG-LUGIA-R+center,2328651,2349250
NC_009076.1,SSG-LUGIA-R+center,2412451,2426650
NC_009076.1,SSG-LUGIA-R+center,3055951,3101350
NC_009076.1,SSG-LUGIA-R+center,3142751,3216950
NC_009076.1,SSG-LUGIA-R+center,3456251,3485550
NC_009076.1,SSG-LUGIA-R+center,3540051,3629450
NC_009076.1,SSG-LUGIA-R+center,3689151,3815550
NC_009076.1,SSG-LUGIA-R+center,3867851,3902850
NC_009076.1,SSG-LUGIA-R+center,3943951,3973650
NC_009080.1,SSG-LUGIA-P,411401,424300
NC_009080.1,SSG-LUGIA-P,435801,455000
NC_009080.1,SSG-LUGIA-P,806701,873500
NC_009080.1,SSG-LUGIA-P,1824301,1839800
NC_009080.1,SSG-LUGIA-P,2125001,2151000
NC_009080.1,SSG-LUGIA-P,2950301,2972000
NC_009080.1,SSG-LUGIA-P,3399901,3443300
NC_009080.1,SSG-LUGIA-P,3474501,3485700
NC_009080.1,SSG-LUGIA-P+center,416351,429250
NC_009080.1,SSG-LUGIA-P+center,440751,459950
NC_009080.1,SSG-LUGIA-P+center,811651,878450
NC_009080.1,SSG-LUGIA-P+center,1829251,1844750
NC_009080.1,SSG-LUGIA-P+center,2129951,2155950
NC_009080.1,SSG-LUGIA-P+center,2955251,2976950
NC_009080.1,SSG-LUGIA-P+center,3404851,3448250
NC_009080.1,SSG-LUGIA-P+center,3479451,3490650
NC_009080.1,SSG-LUGIA-F,408101,425100
NC_009080.1,SSG-LUGIA-F,435301,455800
NC_009080.1,SSG-LUGIA-F,780901,799100
NC_009080.1,SSG-LUGIA-F,804901,876100
NC_009080.1,SSG-LUGIA-F,972201,986800
NC_009080.1,SSG-LUGIA-F,1823301,1841800
NC_009080.1,SSG-LUGIA-F,2120601,2154600
NC_009080.1,SSG-LUGIA-F,2948701,2972300
NC_009080.1,SSG-LUGIA-F,3399301,3448600
NC_009080.1,SSG-LUGIA-F,3474201,3485700
NC_009080.1,SSG-LUGIA-F+center,413051,430050
NC_009080.1,SSG-LUGIA-F+center,440251,460750
NC_009080.1,SSG-LUGIA-F+center,785851,804050
NC_009080.1,SSG-LUGIA-F+center,809851,881050
NC_009080.1,SSG-LUGIA-F+center,977151,991750
NC_009080.1,SSG-LUGIA-F+center,1828251,1846750
NC_009080.1,SSG-LUGIA-F+center,2125551,2159550
NC_009080.1,SSG-LUGIA-F+center,2953651,2977250
NC_009080.1,SSG-LUGIA-F+center,3404251,3453550
NC_009080.1,SSG-LUGIA-F+center,3479151,3490650
NC_009080.1,SSG-LUGIA-R,3801,16300
NC_009080.1,SSG-LUGIA-R,83601,100000
NC_009080.1,SSG-LUGIA-R,372101,468200
NC_009080.1,SSG-LUGIA-R,503801,525300
NC_009080.1,SSG-LUGIA-R,529501,546400
NC_009080.1,SSG-LUGIA-R,582001,635500
NC_009080.1,SSG-LUGIA-R,775201,894600
NC_009080.1,SSG-LUGIA-R,909401,919500
NC_009080.1,SSG-LUGIA-R,926001,990200
NC_009080.1,SSG-LUGIA-R,1204201,1220600
NC_009080.1,SSG-LUGIA-R,1293901,1310200
NC_009080.1,SSG-LUGIA-R,1783201,1869600
NC_009080.1,SSG-LUGIA-R,1900901,1934000
NC_009080.1,SSG-LUGIA-R,2113401,2163400
NC_009080.1,SSG-LUGIA-R,2215301,2228700
NC_009080.1,SSG-LUGIA-R,2378901,2414200
NC_009080.1,SSG-LUGIA-R,2447001,2475600
NC_009080.1,SSG-LUGIA-R,2741401,2755200
NC_009080.1,SSG-LUGIA-R,2809201,2853000
NC_009080.1,SSG-LUGIA-R,2943701,2988000
NC_009080.1,SSG-LUGIA-R,3024201,3064800
NC_009080.1,SSG-LUGIA-R,3116301,3133200
NC_009080.1,SSG-LUGIA-R,3338401,3349100
NC_009080.1,SSG-LUGIA-R,3396901,3465700
NC_009080.1,SSG-LUGIA-R,3473601,3485700
NC_009080.1,SSG-LUGIA-R+center,8751,21250
NC_009080.1,SSG-LUGIA-R+center,88551,104950
NC_009080.1,SSG-LUGIA-R+center,377051,473150
NC_009080.1,SSG-LUGIA-R+center,508751,530250
NC_009080.1,SSG-LUGIA-R+center,534451,551350
NC_009080.1,SSG-LUGIA-R+center,586951,640450
NC_009080.1,SSG-LUGIA-R+center,780151,899550
NC_009080.1,SSG-LUGIA-R+center,914351,924450
NC_009080.1,SSG-LUGIA-R+center,930951,995150
NC_009080.1,SSG-LUGIA-R+center,1209151,1225550
NC_009080.1,SSG-LUGIA-R+center,1298851,1315150
NC_009080.1,SSG-LUGIA-R+center,1788151,1874550
NC_009080.1,SSG-LUGIA-R+center,1905851,1938950
NC_009080.1,SSG-LUGIA-R+center,2118351,2168350
NC_009080.1,SSG-LUGIA-R+center,2220251,2233650
NC_009080.1,SSG-LUGIA-R+center,2383851,2419150
NC_009080.1,SSG-LUGIA-R+center,2451951,2480550
NC_009080.1,SSG-LUGIA-R+center,2746351,2760150
NC_009080.1,SSG-LUGIA-R+center,2814151,2857950
NC_009080.1,SSG-LUGIA-R+center,2948651,2992950
NC_009080.1,SSG-LUGIA-R+center,3029151,3069750
NC_009080.1,SSG-LUGIA-R+center,3121251,3138150
NC_009080.1,SSG-LUGIA-R+center,3343351,3354050
NC_009080.1,SSG-LUGIA-R+center,3401851,3470650
NC_009080.1,SSG-LUGIA-R+center,3478551,3490650
NC_009085.1,SSG-LUGIA-P,679401,723800
NC_009085.1,SSG-LUGIA-P,766701,809500
NC_009085.1,SSG-LUGIA-P,1337401,1358600
NC_009085.1,SSG-LUGIA-P,2331301,2357600
NC_009085.1,SSG-LUGIA-P,2950701,2985700
NC_009085.1,SSG-LUGIA-P,3390401,3442300
NC_009085.1,SSG-LUGIA-P+center,684351,728750
NC_009085.1,SSG-LUGIA-P+center,771651,814450
NC_009085.1,SSG-LUGIA-P+center,1342351,1363550
NC_009085.1,SSG-LUGIA-P+center,2336251,2362550
NC_009085.1,SSG-LUGIA-P+center,2955651,2990650
NC_009085.1,SSG-LUGIA-P+center,3395351,3447250
NC_009085.1,SSG-LUGIA-F,676301,732400
NC_009085.1,SSG-LUGIA-F,734401,748600
NC_009085.1,SSG-LUGIA-F,754901,810000
NC_009085.1,SSG-LUGIA-F,1235001,1253700
NC_009085.1,SSG-LUGIA-F,1335201,1361000
NC_009085.1,SSG-LUGIA-F,2330901,2362600
NC_009085.1,SSG-LUGIA-F,2945001,2987900
NC_009085.1,SSG-LUGIA-F,3372701,3444600
NC_009085.1,SSG-LUGIA-F+center,681251,737350
NC_009085.1,SSG-LUGIA-F+center,739351,753550
NC_009085.1,SSG-LUGIA-F+center,759851,814950
NC_009085.1,SSG-LUGIA-F+center,1239951,1258650
NC_009085.1,SSG-LUGIA-F+center,1340151,1365950
NC_009085.1,SSG-LUGIA-F+center,2335851,2367550
NC_009085.1,SSG-LUGIA-F+center,2949951,2992850
NC_009085.1,SSG-LUGIA-F+center,3377651,3449550
NC_009085.1,SSG-LUGIA-R,66801,89300
NC_009085.1,SSG-LUGIA-R,90701,137400
NC_009085.1,SSG-LUGIA-R,174001,188000
NC_009085.1,SSG-LUGIA-R,291201,316400
NC_009085.1,SSG-LUGIA-R,362001,382600
NC_009085.1,SSG-LUGIA-R,529401,608800
NC_009085.1,SSG-LUGIA-R,667501,824800
NC_009085.1,SSG-LUGIA-R,866901,905400
NC_009085.1,SSG-LUGIA-R,1018001,1065700
NC_009085.1,SSG-LUGIA-R,1230701,1257700
NC_009085.1,SSG-LUGIA-R,1323101,1386000
NC_009085.1,SSG-LUGIA-R,1460301,1538300
NC_009085.1,SSG-LUGIA-R,1539201,1587700
NC_009085.1,SSG-LUGIA-R,1736101,1773200
NC_009085.1,SSG-LUGIA-R,1785901,1858600
NC_009085.1,SSG-LUGIA-R,1918901,1959600
NC_009085.1,SSG-LUGIA-R,2258101,2276900
NC_009085.1,SSG-LUGIA-R,2320201,2374000
NC_009085.1,SSG-LUGIA-R,2935201,2993100
NC_009085.1,SSG-LUGIA-R,3006701,3051900
NC_009085.1,SSG-LUGIA-R,3111601,3142200
NC_009085.1,SSG-LUGIA-R,3148901,3166200
NC_009085.1,SSG-LUGIA-R,3369501,3448000
NC_009085.1,SSG-LUGIA-R,3500601,3561600
NC_009085.1,SSG-LUGIA-R,3856501,3881300
NC_009085.1,SSG-LUGIA-R+center,71751,94250
NC_009085.1,SSG-LUGIA-R+center,95651,142350
NC_009085.1,SSG-LUGIA-R+center,178951,192950
NC_009085.1,SSG-LUGIA-R+center,296151,321350
NC_009085.1,SSG-LUGIA-R+center,366951,387550
NC_009085.1,SSG-LUGIA-R+center,534351,613750
NC_009085.1,SSG-LUGIA-R+center,672451,829750
NC_009085.1,SSG-LUGIA-R+center,871851,910350
NC_009085.1,SSG-LUGIA-R+center,1022951,1070650
NC_009085.1,SSG-LUGIA-R+center,1235651,1262650
NC_009085.1,SSG-LUGIA-R+center,1328051,1390950
NC_009085.1,SSG-LUGIA-R+center,1465251,1543250
NC_009085.1,SSG-LUGIA-R+center,1544151,1592650
NC_009085.1,SSG-LUGIA-R+center,1741051,1778150
NC_009085.1,SSG-LUGIA-R+center,1790851,1863550
NC_009085.1,SSG-LUGIA-R+center,1923851,1964550
NC_009085.1,SSG-LUGIA-R+center,2263051,2281850
NC_009085.1,SSG-LUGIA-R+center,2325151,2378950
NC_009085.1,SSG-LUGIA-R+center,2940151,2998050
NC_009085.1,SSG-LUGIA-R+center,3011651,3056850
NC_009085.1,SSG-LUGIA-R+center,3116551,3147150
NC_009085.1,SSG-LUGIA-R+center,3153851,3171150
NC_009085.1,SSG-LUGIA-R+center,3374451,3452950
NC_009085.1,SSG-LUGIA-R+center,3505551,3566550
NC_009085.1,SSG-LUGIA-R+center,3861451,3886250
NC_009256.1,SSG-LUGIA-P,101,30900
NC_009256.1,SSG-LUGIA-P,176901,214400
NC_009256.1,SSG-LUGIA-P,276801,300600
NC_009256.1,SSG-LUGIA-P,340201,383400
NC_009256.1,SSG-LUGIA-P,1248701,1296500
NC_009256.1,SSG-LUGIA-P,1384601,1407500
NC_009256.1,SSG-LUGIA-P,1696201,1721700
NC_009256.1,SSG-LUGIA-P,2944501,2981200
NC_009256.1,SSG-LUGIA-P,3542001,3610700
NC_009256.1,SSG-LUGIA-P+center,5051,35850
NC_009256.1,SSG-LUGIA-P+center,181851,219350
NC_009256.1,SSG-LUGIA-P+center,281751,305550
NC_009256.1,SSG-LUGIA-P+center,345151,388350
NC_009256.1,SSG-LUGIA-P+center,1253651,1301450
NC_009256.1,SSG-LUGIA-P+center,1389551,1412450
NC_009256.1,SSG-LUGIA-P+center,1701151,1726650
NC_009256.1,SSG-LUGIA-P+center,2949451,2986150
NC_009256.1,SSG-LUGIA-P+center,3546951,3615650
NC_009256.1,SSG-LUGIA-F,101,30900
NC_009256.1,SSG-LUGIA-F,176701,215600
NC_009256.1,SSG-LUGIA-F,276501,301000
NC_009256.1,SSG-LUGIA-F,340601,383500
NC_009256.1,SSG-LUGIA-F,1248801,1296500
NC_009256.1,SSG-LUGIA-F,1698201,1718700
NC_009256.1,SSG-LUGIA-F,2172201,2392400
NC_009256.1,SSG-LUGIA-F,2944501,2981200
NC_009256.1,SSG-LUGIA-F,3541801,3611000
NC_009256.1,SSG-LUGIA-F+center,5051,35850
NC_009256.1,SSG-LUGIA-F+center,181651,220550
NC_009256.1,SSG-LUGIA-F+center,281451,305950
NC_009256.1,SSG-LUGIA-F+center,345551,388450
NC_009256.1,SSG-LUGIA-F+center,1253751,1301450
NC_009256.1,SSG-LUGIA-F+center,1703151,1723650
NC_009256.1,SSG-LUGIA-F+center,2177151,2397350
NC_009256.1,SSG-LUGIA-F+center,2949451,2986150
NC_009256.1,SSG-LUGIA-F+center,3546751,3615950
NC_009256.1,SSG-LUGIA-R,1,41500
NC_009256.1,SSG-LUGIA-R,99601,121200
NC_009256.1,SSG-LUGIA-R,164301,231100
NC_009256.1,SSG-LUGIA-R,263601,305100
NC_009256.1,SSG-LUGIA-R,336601,388600
NC_009256.1,SSG-LUGIA-R,443901,501000
NC_009256.1,SSG-LUGIA-R,565901,579200
NC_009256.1,SSG-LUGIA-R,864301,900700
NC_009256.1,SSG-LUGIA-R,1245101,1309500
NC_009256.1,SSG-LUGIA-R,1359401,1462500
NC_009256.1,SSG-LUGIA-R,1547001,1591300
NC_009256.1,SSG-LUGIA-R,1686801,1740200
NC_009256.1,SSG-LUGIA-R,1752501,1808500
NC_009256.1,SSG-LUGIA-R,2156001,2402200
NC_009256.1,SSG-LUGIA-R,2518101,2543800
NC_009256.1,SSG-LUGIA-R,2553301,2593700
NC_009256.1,SSG-LUGIA-R,2662401,2692600
NC_009256.1,SSG-LUGIA-R,2707501,2743000
NC_009256.1,SSG-LUGIA-R,2885601,2987300
NC_009256.1,SSG-LUGIA-R,3180101,3198700
NC_009256.1,SSG-LUGIA-R,3416701,3433500
NC_009256.1,SSG-LUGIA-R,3539701,3616200
NC_009256.1,SSG-LUGIA-R+center,4951,46450
NC_009256.1,SSG-LUGIA-R+center,104551,126150
NC_009256.1,SSG-LUGIA-R+center,169251,236050
NC_009256.1,SSG-LUGIA-R+center,268551,310050
NC_009256.1,SSG-LUGIA-R+center,341551,393550
NC_009256.1,SSG-LUGIA-R+center,448851,505950
NC_009256.1,SSG-LUGIA-R+center,570851,584150
NC_009256.1,SSG-LUGIA-R+center,869251,905650
NC_009256.1,SSG-LUGIA-R+center,1250051,1314450
NC_009256.1,SSG-LUGIA-R+center,1364351,1467450
NC_009256.1,SSG-LUGIA-R+center,1551951,1596250
NC_009256.1,SSG-LUGIA-R+center,1691751,1745150
NC_009256.1,SSG-LUGIA-R+center,1757451,1813450
NC_009256.1,SSG-LUGIA-R+center,2160951,2407150
NC_009256.1,SSG-LUGIA-R+center,2523051,2548750
NC_009256.1,SSG-LUGIA-R+center,2558251,2598650
NC_009256.1,SSG-LUGIA-R+center,2667351,2697550
NC_009256.1,SSG-LUGIA-R+center,2712451,2747950
NC_009256.1,SSG-LUGIA-R+center,2890551,2992250
NC_009256.1,SSG-LUGIA-R+center,3185051,3203650
NC_009256.1,SSG-LUGIA-R+center,3421651,3438450
NC_009256.1,SSG-LUGIA-R+center,3544651,3621150
NC_009342.1,SSG-LUGIA-P,134701,178800
NC_009342.1,SSG-LUGIA-P,462801,486400
NC_009342.1,SSG-LUGIA-P,783101,832500
NC_009342.1,SSG-LUGIA-P,945901,994800
NC_009342.1,SSG-LUGIA-P,1002301,1018400
NC_009342.1,SSG-LUGIA-P,2068001,2103800
NC_009342.1,SSG-LUGIA-P,2691501,2711700
NC_009342.1,SSG-LUGIA-P+center,139651,183750
NC_009342.1,SSG-LUGIA-P+center,467751,491350
NC_009342.1,SSG-LUGIA-P+center,788051,837450
NC_009342.1,SSG-LUGIA-P+center,950851,999750
NC_009342.1,SSG-LUGIA-P+center,1007251,1023350
NC_009342.1,SSG-LUGIA-P+center,2072951,2108750
NC_009342.1,SSG-LUGIA-P+center,2696451,2716650
NC_009342.1,SSG-LUGIA-F,132501,180000
NC_009342.1,SSG-LUGIA-F,459401,487100
NC_009342.1,SSG-LUGIA-F,658701,669800
NC_009342.1,SSG-LUGIA-F,776301,834700
NC_009342.1,SSG-LUGIA-F,940701,1021300
NC_009342.1,SSG-LUGIA-F,2066201,2104000
NC_009342.1,SSG-LUGIA-F,2519601,2547400
NC_009342.1,SSG-LUGIA-F,2690601,2713300
NC_009342.1,SSG-LUGIA-F+center,137451,184950
NC_009342.1,SSG-LUGIA-F+center,464351,492050
NC_009342.1,SSG-LUGIA-F+center,663651,674750
NC_009342.1,SSG-LUGIA-F+center,781251,839650
NC_009342.1,SSG-LUGIA-F+center,945651,1026250
NC_009342.1,SSG-LUGIA-F+center,2071151,2108950
NC_009342.1,SSG-LUGIA-F+center,2524551,2552350
NC_009342.1,SSG-LUGIA-F+center,2695551,2718250
NC_009342.1,SSG-LUGIA-R,115601,196000
NC_009342.1,SSG-LUGIA-R,287501,383900
NC_009342.1,SSG-LUGIA-R,457901,488500
NC_009342.1,SSG-LUGIA-R,519801,546300
NC_009342.1,SSG-LUGIA-R,587201,676500
NC_009342.1,SSG-LUGIA-R,741601,758300
NC_009342.1,SSG-LUGIA-R,768301,842600
NC_009342.1,SSG-LUGIA-R,932801,1035800
NC_009342.1,SSG-LUGIA-R,1150701,1168600
NC_009342.1,SSG-LUGIA-R,1216301,1249800
NC_009342.1,SSG-LUGIA-R,1267101,1280000
NC_009342.1,SSG-LUGIA-R,1341101,1363700
NC_009342.1,SSG-LUGIA-R,1522701,1537900
NC_009342.1,SSG-LUGIA-R,1547201,1573400
NC_009342.1,SSG-LUGIA-R,1620201,1639500
NC_009342.1,SSG-LUGIA-R,1815401,1856500
NC_009342.1,SSG-LUGIA-R,2050501,2110300
NC_009342.1,SSG-LUGIA-R,2509301,2586600
NC_009342.1,SSG-LUGIA-R,2681901,2719300
NC_009342.1,SSG-LUGIA-R,2832801,2912200
NC_009342.1,SSG-LUGIA-R,3092601,3124300
NC_009342.1,SSG-LUGIA-R,3159301,3169400
NC_009342.1,SSG-LUGIA-R+center,120551,200950
NC_009342.1,SSG-LUGIA-R+center,292451,388850
NC_009342.1,SSG-LUGIA-R+center,462851,493450
NC_009342.1,SSG-LUGIA-R+center,524751,551250
NC_009342.1,SSG-LUGIA-R+center,592151,681450
NC_009342.1,SSG-LUGIA-R+center,746551,763250
NC_009342.1,SSG-LUGIA-R+center,773251,847550
NC_009342.1,SSG-LUGIA-R+center,937751,1040750
NC_009342.1,SSG-LUGIA-R+center,1155651,1173550
NC_009342.1,SSG-LUGIA-R+center,1221251,1254750
NC_009342.1,SSG-LUGIA-R+center,1272051,1284950
NC_009342.1,SSG-LUGIA-R+center,1346051,1368650
NC_009342.1,SSG-LUGIA-R+center,1527651,1542850
NC_009342.1,SSG-LUGIA-R+center,1552151,1578350
NC_009342.1,SSG-LUGIA-R+center,1625151,1644450
NC_009342.1,SSG-LUGIA-R+center,1820351,1861450
NC_009342.1,SSG-LUGIA-R+center,2055451,2115250
NC_009342.1,SSG-LUGIA-R+center,2514251,2591550
NC_009342.1,SSG-LUGIA-R+center,2686851,2724250
NC_009342.1,SSG-LUGIA-R+center,2837751,2917150
NC_009342.1,SSG-LUGIA-R+center,3097551,3129250
NC_009342.1,SSG-LUGIA-R+center,3164251,3174350
NC_009438.1,SSG-LUGIA-P,208301,262600
NC_009438.1,SSG-LUGIA-P,3012401,3043800
NC_009438.1,SSG-LUGIA-P,4163901,4182200
NC_009438.1,SSG-LUGIA-P,4336701,4377000
NC_009438.1,SSG-LUGIA-P,4544001,4595300
NC_009438.1,SSG-LUGIA-P+center,213251,267550
NC_009438.1,SSG-LUGIA-P+center,3017351,3048750
NC_009438.1,SSG-LUGIA-P+center,4168851,4187150
NC_009438.1,SSG-LUGIA-P+center,4341651,4381950
NC_009438.1,SSG-LUGIA-P+center,4548951,4600250
NC_009438.1,SSG-LUGIA-F,192001,283000
NC_009438.1,SSG-LUGIA-F,517701,538200
NC_009438.1,SSG-LUGIA-F,3009301,3047200
NC_009438.1,SSG-LUGIA-F,3273001,3293200
NC_009438.1,SSG-LUGIA-F,3346801,3376300
NC_009438.1,SSG-LUGIA-F,4161601,4192000
NC_009438.1,SSG-LUGIA-F,4335701,4378300
NC_009438.1,SSG-LUGIA-F,4541101,4597800
NC_009438.1,SSG-LUGIA-F+center,196951,287950
NC_009438.1,SSG-LUGIA-F+center,522651,543150
NC_009438.1,SSG-LUGIA-F+center,3014251,3052150
NC_009438.1,SSG-LUGIA-F+center,3277951,3298150
NC_009438.1,SSG-LUGIA-F+center,3351751,3381250
NC_009438.1,SSG-LUGIA-F+center,4166551,4196950
NC_009438.1,SSG-LUGIA-F+center,4340651,4383250
NC_009438.1,SSG-LUGIA-F+center,4546051,4602750
NC_009438.1,SSG-LUGIA-R,165801,296400
NC_009438.1,SSG-LUGIA-R,304901,386600
NC_009438.1,SSG-LUGIA-R,451401,484800
NC_009438.1,SSG-LUGIA-R,502301,546400
NC_009438.1,SSG-LUGIA-R,623701,671600
NC_009438.1,SSG-LUGIA-R,1119301,1130700
NC_009438.1,SSG-LUGIA-R,1173501,1200500
NC_009438.1,SSG-LUGIA-R,1483301,1513100
NC_009438.1,SSG-LUGIA-R,1585901,1606400
NC_009438.1,SSG-LUGIA-R,1619201,1631100
NC_009438.1,SSG-LUGIA-R,1640701,1695500
NC_009438.1,SSG-LUGIA-R,1713801,1749800
NC_009438.1,SSG-LUGIA-R,2058701,2084900
NC_009438.1,SSG-LUGIA-R,2087501,2098000
NC_009438.1,SSG-LUGIA-R,2217501,2272300
NC_009438.1,SSG-LUGIA-R,2407701,2429200
NC_009438.1,SSG-LUGIA-R,2482601,2523100
NC_009438.1,SSG-LUGIA-R,2607901,2632100
NC_009438.1,SSG-LUGIA-R,2689101,2731300
NC_009438.1,SSG-LUGIA-R,2822301,2863700
NC_009438.1,SSG-LUGIA-R,2935301,3067800
NC_009438.1,SSG-LUGIA-R,3270101,3294900
NC_009438.1,SSG-LUGIA-R,3333901,3396500
NC_009438.1,SSG-LUGIA-R,3888401,3909100
NC_009438.1,SSG-LUGIA-R,3915401,3954100
NC_009438.1,SSG-LUGIA-R,3977501,4022600
NC_009438.1,SSG-LUGIA-R,4026101,4037800
NC_009438.1,SSG-LUGIA-R,4060701,4200500
NC_009438.1,SSG-LUGIA-R,4316701,4385000
NC_009438.1,SSG-LUGIA-R,4416201,4452300
NC_009438.1,SSG-LUGIA-R,4457501,4474600
NC_009438.1,SSG-LUGIA-R,4524301,4618200
NC_009438.1,SSG-LUGIA-R+center,170751,301350
NC_009438.1,SSG-LUGIA-R+center,309851,391550
NC_009438.1,SSG-LUGIA-R+center,456351,489750
NC_009438.1,SSG-LUGIA-R+center,507251,551350
NC_009438.1,SSG-LUGIA-R+center,628651,676550
NC_009438.1,SSG-LUGIA-R+center,1124251,1135650
NC_009438.1,SSG-LUGIA-R+center,1178451,1205450
NC_009438.1,SSG-LUGIA-R+center,1488251,1518050
NC_009438.1,SSG-LUGIA-R+center,1590851,1611350
NC_009438.1,SSG-LUGIA-R+center,1624151,1636050
NC_009438.1,SSG-LUGIA-R+center,1645651,1700450
NC_009438.1,SSG-LUGIA-R+center,1718751,1754750
NC_009438.1,SSG-LUGIA-R+center,2063651,2089850
NC_009438.1,SSG-LUGIA-R+center,2092451,2102950
NC_009438.1,SSG-LUGIA-R+center,2222451,2277250
NC_009438.1,SSG-LUGIA-R+center,2412651,2434150
NC_009438.1,SSG-LUGIA-R+center,2487551,2528050
NC_009438.1,SSG-LUGIA-R+center,2612851,2637050
NC_009438.1,SSG-LUGIA-R+center,2694051,2736250
NC_009438.1,SSG-LUGIA-R+center,2827251,2868650
NC_009438.1,SSG-LUGIA-R+center,2940251,3072750
NC_009438.1,SSG-LUGIA-R+center,3275051,3299850
NC_009438.1,SSG-LUGIA-R+center,3338851,3401450
NC_009438.1,SSG-LUGIA-R+center,3893351,3914050
NC_009438.1,SSG-LUGIA-R+center,3920351,3959050
NC_009438.1,SSG-LUGIA-R+center,3982451,4027550
NC_009438.1,SSG-LUGIA-R+center,4031051,4042750
NC_009438.1,SSG-LUGIA-R+center,4065651,4205450
NC_009438.1,SSG-LUGIA-R+center,4321651,4389950
NC_009438.1,SSG-LUGIA-R+center,4421151,4457250
NC_009438.1,SSG-LUGIA-R+center,4462451,4479550
NC_009438.1,SSG-LUGIA-R+center,4529251,4623150
NC_009487.1,SSG-LUGIA-P,362801,395900
NC_009487.1,SSG-LUGIA-P,474701,496600
NC_009487.1,SSG-LUGIA-P,928501,944000
NC_009487.1,SSG-LUGIA-P,1081001,1112800
NC_009487.1,SSG-LUGIA-P,1556201,1586900
NC_009487.1,SSG-LUGIA-P,2132201,2163200
NC_009487.1,SSG-LUGIA-P,2311001,2333700
NC_009487.1,SSG-LUGIA-P,2647301,2661800
NC_009487.1,SSG-LUGIA-P+center,367751,400850
NC_009487.1,SSG-LUGIA-P+center,479651,501550
NC_009487.1,SSG-LUGIA-P+center,933451,948950
NC_009487.1,SSG-LUGIA-P+center,1085951,1117750
NC_009487.1,SSG-LUGIA-P+center,1561151,1591850
NC_009487.1,SSG-LUGIA-P+center,2137151,2168150
NC_009487.1,SSG-LUGIA-P+center,2315951,2338650
NC_009487.1,SSG-LUGIA-P+center,2652251,2666750
NC_009487.1,SSG-LUGIA-F,49001,76700
NC_009487.1,SSG-LUGIA-F,362101,397900
NC_009487.1,SSG-LUGIA-F,473901,497300
NC_009487.1,SSG-LUGIA-F,594401,608700
NC_009487.1,SSG-LUGIA-F,918001,952100
NC_009487.1,SSG-LUGIA-F,1075601,1118700
NC_009487.1,SSG-LUGIA-F,1555901,1587200
NC_009487.1,SSG-LUGIA-F,2129301,2167200
NC_009487.1,SSG-LUGIA-F,2310401,2336300
NC_009487.1,SSG-LUGIA-F,2643001,2666400
NC_009487.1,SSG-LUGIA-F+center,53951,81650
NC_009487.1,SSG-LUGIA-F+center,367051,402850
NC_009487.1,SSG-LUGIA-F+center,478851,502250
NC_009487.1,SSG-LUGIA-F+center,599351,613650
NC_009487.1,SSG-LUGIA-F+center,922951,957050
NC_009487.1,SSG-LUGIA-F+center,1080551,1123650
NC_009487.1,SSG-LUGIA-F+center,1560851,1592150
NC_009487.1,SSG-LUGIA-F+center,2134251,2172150
NC_009487.1,SSG-LUGIA-F+center,2315351,2341250
NC_009487.1,SSG-LUGIA-F+center,2647951,2671350
NC_009487.1,SSG-LUGIA-R,18701,95000
NC_009487.1,SSG-LUGIA-R,194901,213000
NC_009487.1,SSG-LUGIA-R,312801,399500
NC_009487.1,SSG-LUGIA-R,439101,548700
NC_009487.1,SSG-LUGIA-R,567201,643000
NC_009487.1,SSG-LUGIA-R,699201,715500
NC_009487.1,SSG-LUGIA-R,876401,890900
NC_009487.1,SSG-LUGIA-R,900201,958400
NC_009487.1,SSG-LUGIA-R,1006201,1033400
NC_009487.1,SSG-LUGIA-R,1070001,1130800
NC_009487.1,SSG-LUGIA-R,1236801,1251300
NC_009487.1,SSG-LUGIA-R,1340501,1385000
NC_009487.1,SSG-LUGIA-R,1443001,1458600
NC_009487.1,SSG-LUGIA-R,1462801,1481400
NC_009487.1,SSG-LUGIA-R,1554901,1602800
NC_009487.1,SSG-LUGIA-R,1743301,1756200
NC_009487.1,SSG-LUGIA-R,1770601,1816600
NC_009487.1,SSG-LUGIA-R,1975001,2005300
NC_009487.1,SSG-LUGIA-R,2117301,2176300
NC_009487.1,SSG-LUGIA-R,2303201,2340500
NC_009487.1,SSG-LUGIA-R,2379001,2401900
NC_009487.1,SSG-LUGIA-R,2635301,2673600
NC_009487.1,SSG-LUGIA-R+center,23651,99950
NC_009487.1,SSG-LUGIA-R+center,199851,217950
NC_009487.1,SSG-LUGIA-R+center,317751,404450
NC_009487.1,SSG-LUGIA-R+center,444051,553650
NC_009487.1,SSG-LUGIA-R+center,572151,647950
NC_009487.1,SSG-LUGIA-R+center,704151,720450
NC_009487.1,SSG-LUGIA-R+center,881351,895850
NC_009487.1,SSG-LUGIA-R+center,905151,963350
NC_009487.1,SSG-LUGIA-R+center,1011151,1038350
NC_009487.1,SSG-LUGIA-R+center,1074951,1135750
NC_009487.1,SSG-LUGIA-R+center,1241751,1256250
NC_009487.1,SSG-LUGIA-R+center,1345451,1389950
NC_009487.1,SSG-LUGIA-R+center,1447951,1463550
NC_009487.1,SSG-LUGIA-R+center,1467751,1486350
NC_009487.1,SSG-LUGIA-R+center,1559851,1607750
NC_009487.1,SSG-LUGIA-R+center,1748251,1761150
NC_009487.1,SSG-LUGIA-R+center,1775551,1821550
NC_009487.1,SSG-LUGIA-R+center,1979951,2010250
NC_009487.1,SSG-LUGIA-R+center,2122251,2181250
NC_009487.1,SSG-LUGIA-R+center,2308151,2345450
NC_009487.1,SSG-LUGIA-R+center,2383951,2406850
NC_009487.1,SSG-LUGIA-R+center,2640251,2678550
NC_009504.1,SSG-LUGIA-P,503101,541100
NC_009504.1,SSG-LUGIA-P+center,508051,546050
NC_009504.1,SSG-LUGIA-F,502501,541200
NC_009504.1,SSG-LUGIA-F,796701,813700
NC_009504.1,SSG-LUGIA-F,1060501,1096300
NC_009504.1,SSG-LUGIA-F+center,507451,546150
NC_009504.1,SSG-LUGIA-F+center,801651,818650
NC_009504.1,SSG-LUGIA-F+center,1065451,1101250
NC_009504.1,SSG-LUGIA-R,16601,74000
NC_009504.1,SSG-LUGIA-R,156301,193300
NC_009504.1,SSG-LUGIA-R,275001,300900
NC_009504.1,SSG-LUGIA-R,431301,456000
NC_009504.1,SSG-LUGIA-R,493301,541500
NC_009504.1,SSG-LUGIA-R,584901,609200
NC_009504.1,SSG-LUGIA-R,778501,840900
NC_009504.1,SSG-LUGIA-R,1053001,1111200
NC_009504.1,SSG-LUGIA-R+center,21551,78950
NC_009504.1,SSG-LUGIA-R+center,161251,198250
NC_009504.1,SSG-LUGIA-R+center,279951,305850
NC_009504.1,SSG-LUGIA-R+center,436251,460950
NC_009504.1,SSG-LUGIA-R+center,498251,546450
NC_009504.1,SSG-LUGIA-R+center,589851,614150
NC_009504.1,SSG-LUGIA-R+center,783451,845850
NC_009504.1,SSG-LUGIA-R+center,1057951,1116150
NC_009445.1,SSG-LUGIA-P,453601,497500
NC_009445.1,SSG-LUGIA-P,829501,877700
NC_009445.1,SSG-LUGIA-P,1314801,1363100
NC_009445.1,SSG-LUGIA-P,2335501,2358800
NC_009445.1,SSG-LUGIA-P,3241501,3280900
NC_009445.1,SSG-LUGIA-P,4102601,4121500
NC_009445.1,SSG-LUGIA-P,5039601,5056100
NC_009445.1,SSG-LUGIA-P,5085201,5101300
NC_009445.1,SSG-LUGIA-P,5228901,5268700
NC_009445.1,SSG-LUGIA-P,5372201,5388700
NC_009445.1,SSG-LUGIA-P,5398501,5412200
NC_009445.1,SSG-LUGIA-P,5503601,5523600
NC_009445.1,SSG-LUGIA-P,6423101,6442400
NC_009445.1,SSG-LUGIA-P,6621301,6681900
NC_009445.1,SSG-LUGIA-P,7190501,7228300
NC_009445.1,SSG-LUGIA-P,7312501,7380900
NC_009445.1,SSG-LUGIA-P+center,458551,502450
NC_009445.1,SSG-LUGIA-P+center,834451,882650
NC_009445.1,SSG-LUGIA-P+center,1319751,1368050
NC_009445.1,SSG-LUGIA-P+center,2340451,2363750
NC_009445.1,SSG-LUGIA-P+center,3246451,3285850
NC_009445.1,SSG-LUGIA-P+center,4107551,4126450
NC_009445.1,SSG-LUGIA-P+center,5044551,5061050
NC_009445.1,SSG-LUGIA-P+center,5090151,5106250
NC_009445.1,SSG-LUGIA-P+center,5233851,5273650
NC_009445.1,SSG-LUGIA-P+center,5377151,5393650
NC_009445.1,SSG-LUGIA-P+center,5403451,5417150
NC_009445.1,SSG-LUGIA-P+center,5508551,5528550
NC_009445.1,SSG-LUGIA-P+center,6428051,6447350
NC_009445.1,SSG-LUGIA-P+center,6626251,6686850
NC_009445.1,SSG-LUGIA-P+center,7195451,7233250
NC_009445.1,SSG-LUGIA-P+center,7317451,7385850
NC_009445.1,SSG-LUGIA-F,451001,499900
NC_009445.1,SSG-LUGIA-F,827201,880100
NC_009445.1,SSG-LUGIA-F,1312001,1364000
NC_009445.1,SSG-LUGIA-F,2324401,2364700
NC_009445.1,SSG-LUGIA-F,3240601,3281100
NC_009445.1,SSG-LUGIA-F,3794301,3822400
NC_009445.1,SSG-LUGIA-F,4100401,4123900
NC_009445.1,SSG-LUGIA-F,5035901,5071100
NC_009445.1,SSG-LUGIA-F,5084301,5103600
NC_009445.1,SSG-LUGIA-F,5224801,5270500
NC_009445.1,SSG-LUGIA-F,5370201,5390500
NC_009445.1,SSG-LUGIA-F,5396801,5415600
NC_009445.1,SSG-LUGIA-F,5502601,5525700
NC_009445.1,SSG-LUGIA-F,6422001,6444600
NC_009445.1,SSG-LUGIA-F,6620801,6684100
NC_009445.1,SSG-LUGIA-F,7190301,7231000
NC_009445.1,SSG-LUGIA-F,7304301,7384100
NC_009445.1,SSG-LUGIA-F+center,455951,504850
NC_009445.1,SSG-LUGIA-F+center,832151,885050
NC_009445.1,SSG-LUGIA-F+center,1316951,1368950
NC_009445.1,SSG-LUGIA-F+center,2329351,2369650
NC_009445.1,SSG-LUGIA-F+center,3245551,3286050
NC_009445.1,SSG-LUGIA-F+center,3799251,3827350
NC_009445.1,SSG-LUGIA-F+center,4105351,4128850
NC_009445.1,SSG-LUGIA-F+center,5040851,5076050
NC_009445.1,SSG-LUGIA-F+center,5089251,5108550
NC_009445.1,SSG-LUGIA-F+center,5229751,5275450
NC_009445.1,SSG-LUGIA-F+center,5375151,5395450
NC_009445.1,SSG-LUGIA-F+center,5401751,5420550
NC_009445.1,SSG-LUGIA-F+center,5507551,5530650
NC_009445.1,SSG-LUGIA-F+center,6426951,6449550
NC_009445.1,SSG-LUGIA-F+center,6625751,6689050
NC_009445.1,SSG-LUGIA-F+center,7195251,7235950
NC_009445.1,SSG-LUGIA-F+center,7309251,7389050
NC_009445.1,SSG-LUGIA-R,403401,500600
NC_009445.1,SSG-LUGIA-R,689701,703000
NC_009445.1,SSG-LUGIA-R,822801,886800
NC_009445.1,SSG-LUGIA-R,936501,961100
NC_009445.1,SSG-LUGIA-R,1072801,1114000
NC_009445.1,SSG-LUGIA-R,1300401,1372300
NC_009445.1,SSG-LUGIA-R,1443901,1480000
NC_009445.1,SSG-LUGIA-R,1709001,1744600
NC_009445.1,SSG-LUGIA-R,1784101,1854100
NC_009445.1,SSG-LUGIA-R,1925601,1956400
NC_009445.1,SSG-LUGIA-R,2103101,2128800
NC_009445.1,SSG-LUGIA-R,2308701,2378900
NC_009445.1,SSG-LUGIA-R,2548601,2569500
NC_009445.1,SSG-LUGIA-R,2800601,2812000
NC_009445.1,SSG-LUGIA-R,2917301,2938500
NC_009445.1,SSG-LUGIA-R,3234801,3284000
NC_009445.1,SSG-LUGIA-R,3373301,3416400
NC_009445.1,SSG-LUGIA-R,3785101,3828700
NC_009445.1,SSG-LUGIA-R,3894501,3911500
NC_009445.1,SSG-LUGIA-R,4056401,4073200
NC_009445.1,SSG-LUGIA-R,4085201,4147100
NC_009445.1,SSG-LUGIA-R,4190801,4218300
NC_009445.1,SSG-LUGIA-R,4235701,4269800
NC_009445.1,SSG-LUGIA-R,4318401,4344100
NC_009445.1,SSG-LUGIA-R,4370701,4395900
NC_009445.1,SSG-LUGIA-R,4547101,4579300
NC_009445.1,SSG-LUGIA-R,4944701,5000300
NC_009445.1,SSG-LUGIA-R,5023901,5116100
NC_009445.1,SSG-LUGIA-R,5202201,5275600
NC_009445.1,SSG-LUGIA-R,5346201,5433300
NC_009445.1,SSG-LUGIA-R,5497601,5546700
NC_009445.1,SSG-LUGIA-R,5550401,5568400
NC_009445.1,SSG-LUGIA-R,5606101,5633900
NC_009445.1,SSG-LUGIA-R,5667401,5702700
NC_009445.1,SSG-LUGIA-R,6011901,6076800
NC_009445.1,SSG-LUGIA-R,6093901,6106200
NC_009445.1,SSG-LUGIA-R,6109101,6150400
NC_009445.1,SSG-LUGIA-R,6168901,6183000
NC_009445.1,SSG-LUGIA-R,6263001,6311600
NC_009445.1,SSG-LUGIA-R,6330201,6356600
NC_009445.1,SSG-LUGIA-R,6414801,6447600
NC_009445.1,SSG-LUGIA-R,6605801,6688500
NC_009445.1,SSG-LUGIA-R,6696001,6707500
NC_009445.1,SSG-LUGIA-R,6768801,6805300
NC_009445.1,SSG-LUGIA-R,6941301,6982700
NC_009445.1,SSG-LUGIA-R,7170801,7234200
NC_009445.1,SSG-LUGIA-R,7286701,7396000
NC_009445.1,SSG-LUGIA-R+center,408351,505550
NC_009445.1,SSG-LUGIA-R+center,694651,707950
NC_009445.1,SSG-LUGIA-R+center,827751,891750
NC_009445.1,SSG-LUGIA-R+center,941451,966050
NC_009445.1,SSG-LUGIA-R+center,1077751,1118950
NC_009445.1,SSG-LUGIA-R+center,1305351,1377250
NC_009445.1,SSG-LUGIA-R+center,1448851,1484950
NC_009445.1,SSG-LUGIA-R+center,1713951,1749550
NC_009445.1,SSG-LUGIA-R+center,1789051,1859050
NC_009445.1,SSG-LUGIA-R+center,1930551,1961350
NC_009445.1,SSG-LUGIA-R+center,2108051,2133750
NC_009445.1,SSG-LUGIA-R+center,2313651,2383850
NC_009445.1,SSG-LUGIA-R+center,2553551,2574450
NC_009445.1,SSG-LUGIA-R+center,2805551,2816950
NC_009445.1,SSG-LUGIA-R+center,2922251,2943450
NC_009445.1,SSG-LUGIA-R+center,3239751,3288950
NC_009445.1,SSG-LUGIA-R+center,3378251,3421350
NC_009445.1,SSG-LUGIA-R+center,3790051,3833650
NC_009445.1,SSG-LUGIA-R+center,3899451,3916450
NC_009445.1,SSG-LUGIA-R+center,4061351,4078150
NC_009445.1,SSG-LUGIA-R+center,4090151,4152050
NC_009445.1,SSG-LUGIA-R+center,4195751,4223250
NC_009445.1,SSG-LUGIA-R+center,4240651,4274750
NC_009445.1,SSG-LUGIA-R+center,4323351,4349050
NC_009445.1,SSG-LUGIA-R+center,4375651,4400850
NC_009445.1,SSG-LUGIA-R+center,4552051,4584250
NC_009445.1,SSG-LUGIA-R+center,4949651,5005250
NC_009445.1,SSG-LUGIA-R+center,5028851,5121050
NC_009445.1,SSG-LUGIA-R+center,5207151,5280550
NC_009445.1,SSG-LUGIA-R+center,5351151,5438250
NC_009445.1,SSG-LUGIA-R+center,5502551,5551650
NC_009445.1,SSG-LUGIA-R+center,5555351,5573350
NC_009445.1,SSG-LUGIA-R+center,5611051,5638850
NC_009445.1,SSG-LUGIA-R+center,5672351,5707650
NC_009445.1,SSG-LUGIA-R+center,6016851,6081750
NC_009445.1,SSG-LUGIA-R+center,6098851,6111150
NC_009445.1,SSG-LUGIA-R+center,6114051,6155350
NC_009445.1,SSG-LUGIA-R+center,6173851,6187950
NC_009445.1,SSG-LUGIA-R+center,6267951,6316550
NC_009445.1,SSG-LUGIA-R+center,6335151,6361550
NC_009445.1,SSG-LUGIA-R+center,6419751,6452550
NC_009445.1,SSG-LUGIA-R+center,6610751,6693450
NC_009445.1,SSG-LUGIA-R+center,6700951,6712450
NC_009445.1,SSG-LUGIA-R+center,6773751,6810250
NC_009445.1,SSG-LUGIA-R+center,6946251,6987650
NC_009445.1,SSG-LUGIA-R+center,7175751,7239150
NC_009445.1,SSG-LUGIA-R+center,7291651,7400950
NC_009567.1,SSG-LUGIA-P,735701,763000
NC_009567.1,SSG-LUGIA-P,878101,919400
NC_009567.1,SSG-LUGIA-P,1130801,1148700
NC_009567.1,SSG-LUGIA-P+center,740651,767950
NC_009567.1,SSG-LUGIA-P+center,883051,924350
NC_009567.1,SSG-LUGIA-P+center,1135751,1153650
NC_009567.1,SSG-LUGIA-F,101101,139200
NC_009567.1,SSG-LUGIA-F,733701,766500
NC_009567.1,SSG-LUGIA-F,875501,919700
NC_009567.1,SSG-LUGIA-F,1128001,1156600
NC_009567.1,SSG-LUGIA-F,1366901,1384500
NC_009567.1,SSG-LUGIA-F+center,106051,144150
NC_009567.1,SSG-LUGIA-F+center,738651,771450
NC_009567.1,SSG-LUGIA-F+center,880451,924650
NC_009567.1,SSG-LUGIA-F+center,1132951,1161550
NC_009567.1,SSG-LUGIA-F+center,1371851,1389450
NC_009567.1,SSG-LUGIA-R,9701,20000
NC_009567.1,SSG-LUGIA-R,20301,33900
NC_009567.1,SSG-LUGIA-R,79701,162800
NC_009567.1,SSG-LUGIA-R,196801,226800
NC_009567.1,SSG-LUGIA-R,332401,344800
NC_009567.1,SSG-LUGIA-R,370301,456500
NC_009567.1,SSG-LUGIA-R,500301,515500
NC_009567.1,SSG-LUGIA-R,676801,701700
NC_009567.1,SSG-LUGIA-R,730101,774400
NC_009567.1,SSG-LUGIA-R,859801,925900
NC_009567.1,SSG-LUGIA-R,1124601,1168400
NC_009567.1,SSG-LUGIA-R,1277801,1290400
NC_009567.1,SSG-LUGIA-R,1362501,1395400
NC_009567.1,SSG-LUGIA-R,1570401,1621200
NC_009567.1,SSG-LUGIA-R,1736401,1748600
NC_009567.1,SSG-LUGIA-R+center,14651,24950
NC_009567.1,SSG-LUGIA-R+center,25251,38850
NC_009567.1,SSG-LUGIA-R+center,84651,167750
NC_009567.1,SSG-LUGIA-R+center,201751,231750
NC_009567.1,SSG-LUGIA-R+center,337351,349750
NC_009567.1,SSG-LUGIA-R+center,375251,461450
NC_009567.1,SSG-LUGIA-R+center,505251,520450
NC_009567.1,SSG-LUGIA-R+center,681751,706650
NC_009567.1,SSG-LUGIA-R+center,735051,779350
NC_009567.1,SSG-LUGIA-R+center,864751,930850
NC_009567.1,SSG-LUGIA-R+center,1129551,1173350
NC_009567.1,SSG-LUGIA-R+center,1282751,1295350
NC_009567.1,SSG-LUGIA-R+center,1367451,1400350
NC_009567.1,SSG-LUGIA-R+center,1575351,1626150
NC_009567.1,SSG-LUGIA-R+center,1741351,1753550
NC_009485.1,SSG-LUGIA-P,585601,610400
NC_009485.1,SSG-LUGIA-P,1277101,1323200
NC_009485.1,SSG-LUGIA-P,1572701,1640400
NC_009485.1,SSG-LUGIA-P,5172701,5216700
NC_009485.1,SSG-LUGIA-P,5275401,5307300
NC_009485.1,SSG-LUGIA-P,5991301,6027700
NC_009485.1,SSG-LUGIA-P,6845001,6896600
NC_009485.1,SSG-LUGIA-P,7014401,7047100
NC_009485.1,SSG-LUGIA-P,7083101,7134600
NC_009485.1,SSG-LUGIA-P,7604801,7664500
NC_009485.1,SSG-LUGIA-P,7805401,7835600
NC_009485.1,SSG-LUGIA-P,8091401,8205900
NC_009485.1,SSG-LUGIA-P+center,590551,615350
NC_009485.1,SSG-LUGIA-P+center,1282051,1328150
NC_009485.1,SSG-LUGIA-P+center,1577651,1645350
NC_009485.1,SSG-LUGIA-P+center,5177651,5221650
NC_009485.1,SSG-LUGIA-P+center,5280351,5312250
NC_009485.1,SSG-LUGIA-P+center,5996251,6032650
NC_009485.1,SSG-LUGIA-P+center,6849951,6901550
NC_009485.1,SSG-LUGIA-P+center,7019351,7052050
NC_009485.1,SSG-LUGIA-P+center,7088051,7139550
NC_009485.1,SSG-LUGIA-P+center,7609751,7669450
NC_009485.1,SSG-LUGIA-P+center,7810351,7840550
NC_009485.1,SSG-LUGIA-P+center,8096351,8210850
NC_009485.1,SSG-LUGIA-F,584901,625000
NC_009485.1,SSG-LUGIA-F,1119401,1142100
NC_009485.1,SSG-LUGIA-F,1275701,1323700
NC_009485.1,SSG-LUGIA-F,1485301,1523800
NC_009485.1,SSG-LUGIA-F,1530101,1549300
NC_009485.1,SSG-LUGIA-F,1560001,1647900
NC_009485.1,SSG-LUGIA-F,3297601,3308900
NC_009485.1,SSG-LUGIA-F,3459501,3499200
NC_009485.1,SSG-LUGIA-F,3507801,3532700
NC_009485.1,SSG-LUGIA-F,5172501,5217600
NC_009485.1,SSG-LUGIA-F,5273501,5309500
NC_009485.1,SSG-LUGIA-F,5750301,5766100
NC_009485.1,SSG-LUGIA-F,5988701,6032800
NC_009485.1,SSG-LUGIA-F,6844701,6898000
NC_009485.1,SSG-LUGIA-F,7011601,7047500
NC_009485.1,SSG-LUGIA-F,7081801,7135300
NC_009485.1,SSG-LUGIA-F,7600201,7681300
NC_009485.1,SSG-LUGIA-F,7771601,7837200
NC_009485.1,SSG-LUGIA-F,8084501,8208100
NC_009485.1,SSG-LUGIA-F+center,589851,629950
NC_009485.1,SSG-LUGIA-F+center,1124351,1147050
NC_009485.1,SSG-LUGIA-F+center,1280651,1328650
NC_009485.1,SSG-LUGIA-F+center,1490251,1528750
NC_009485.1,SSG-LUGIA-F+center,1535051,1554250
NC_009485.1,SSG-LUGIA-F+center,1564951,1652850
NC_009485.1,SSG-LUGIA-F+center,3302551,3313850
NC_009485.1,SSG-LUGIA-F+center,3464451,3504150
NC_009485.1,SSG-LUGIA-F+center,3512751,3537650
NC_009485.1,SSG-LUGIA-F+center,5177451,5222550
NC_009485.1,SSG-LUGIA-F+center,5278451,5314450
NC_009485.1,SSG-LUGIA-F+center,5755251,5771050
NC_009485.1,SSG-LUGIA-F+center,5993651,6037750
NC_009485.1,SSG-LUGIA-F+center,6849651,6902950
NC_009485.1,SSG-LUGIA-F+center,7016551,7052450
NC_009485.1,SSG-LUGIA-F+center,7086751,7140250
NC_009485.1,SSG-LUGIA-F+center,7605151,7686250
NC_009485.1,SSG-LUGIA-F+center,7776551,7842150
NC_009485.1,SSG-LUGIA-F+center,8089451,8213050
NC_009485.1,SSG-LUGIA-R,368901,380600
NC_009485.1,SSG-LUGIA-R,384501,476700
NC_009485.1,SSG-LUGIA-R,493001,533900
NC_009485.1,SSG-LUGIA-R,583101,650200
NC_009485.1,SSG-LUGIA-R,1023901,1158900
NC_009485.1,SSG-LUGIA-R,1271401,1325400
NC_009485.1,SSG-LUGIA-R,1477801,1666100
NC_009485.1,SSG-LUGIA-R,1778301,1790600
NC_009485.1,SSG-LUGIA-R,1933001,1966400
NC_009485.1,SSG-LUGIA-R,2074901,2127100
NC_009485.1,SSG-LUGIA-R,2206701,2221000
NC_009485.1,SSG-LUGIA-R,2395101,2411900
NC_009485.1,SSG-LUGIA-R,2602901,2670700
NC_009485.1,SSG-LUGIA-R,2715901,2742000
NC_009485.1,SSG-LUGIA-R,2994601,3010100
NC_009485.1,SSG-LUGIA-R,3240901,3260300
NC_009485.1,SSG-LUGIA-R,3287901,3381800
NC_009485.1,SSG-LUGIA-R,3446501,3597900
NC_009485.1,SSG-LUGIA-R,3790301,3814600
NC_009485.1,SSG-LUGIA-R,3853701,3880300
NC_009485.1,SSG-LUGIA-R,3913301,3923800
NC_009485.1,SSG-LUGIA-R,3978601,3999900
NC_009485.1,SSG-LUGIA-R,4075001,4106800
NC_009485.1,SSG-LUGIA-R,4297001,4318900
NC_009485.1,SSG-LUGIA-R,4376201,4401200
NC_009485.1,SSG-LUGIA-R,4504901,4518400
NC_009485.1,SSG-LUGIA-R,4524701,4546100
NC_009485.1,SSG-LUGIA-R,4638401,4671400
NC_009485.1,SSG-LUGIA-R,4759101,4794900
NC_009485.1,SSG-LUGIA-R,5037601,5058900
NC_009485.1,SSG-LUGIA-R,5084701,5111200
NC_009485.1,SSG-LUGIA-R,5168501,5219900
NC_009485.1,SSG-LUGIA-R,5270501,5318400
NC_009485.1,SSG-LUGIA-R,5468601,5501800
NC_009485.1,SSG-LUGIA-R,5723801,5771600
NC_009485.1,SSG-LUGIA-R,5865501,5917400
NC_009485.1,SSG-LUGIA-R,5985001,6052700
NC_009485.1,SSG-LUGIA-R,6178201,6189700
NC_009485.1,SSG-LUGIA-R,6228101,6239800
NC_009485.1,SSG-LUGIA-R,6325301,6336300
NC_009485.1,SSG-LUGIA-R,6600501,6635000
NC_009485.1,SSG-LUGIA-R,6687701,6719900
NC_009485.1,SSG-LUGIA-R,6795101,6810100
NC_009485.1,SSG-LUGIA-R,6842101,6908200
NC_009485.1,SSG-LUGIA-R,7008601,7051400
NC_009485.1,SSG-LUGIA-R,7064801,7143500
NC_009485.1,SSG-LUGIA-R,7320901,7370500
NC_009485.1,SSG-LUGIA-R,7377201,7416300
NC_009485.1,SSG-LUGIA-R,7593101,7690300
NC_009485.1,SSG-LUGIA-R,7760601,7845800
NC_009485.1,SSG-LUGIA-R,7905501,7922300
NC_009485.1,SSG-LUGIA-R,8068501,8212900
NC_009485.1,SSG-LUGIA-R+center,373851,385550
NC_009485.1,SSG-LUGIA-R+center,389451,481650
NC_009485.1,SSG-LUGIA-R+center,497951,538850
NC_009485.1,SSG-LUGIA-R+center,588051,655150
NC_009485.1,SSG-LUGIA-R+center,1028851,1163850
NC_009485.1,SSG-LUGIA-R+center,1276351,1330350
NC_009485.1,SSG-LUGIA-R+center,1482751,1671050
NC_009485.1,SSG-LUGIA-R+center,1783251,1795550
NC_009485.1,SSG-LUGIA-R+center,1937951,1971350
NC_009485.1,SSG-LUGIA-R+center,2079851,2132050
NC_009485.1,SSG-LUGIA-R+center,2211651,2225950
NC_009485.1,SSG-LUGIA-R+center,2400051,2416850
NC_009485.1,SSG-LUGIA-R+center,2607851,2675650
NC_009485.1,SSG-LUGIA-R+center,2720851,2746950
NC_009485.1,SSG-LUGIA-R+center,2999551,3015050
NC_009485.1,SSG-LUGIA-R+center,3245851,3265250
NC_009485.1,SSG-LUGIA-R+center,3292851,3386750
NC_009485.1,SSG-LUGIA-R+center,3451451,3602850
NC_009485.1,SSG-LUGIA-R+center,3795251,3819550
NC_009485.1,SSG-LUGIA-R+center,3858651,3885250
NC_009485.1,SSG-LUGIA-R+center,3918251,3928750
NC_009485.1,SSG-LUGIA-R+center,3983551,4004850
NC_009485.1,SSG-LUGIA-R+center,4079951,4111750
NC_009485.1,SSG-LUGIA-R+center,4301951,4323850
NC_009485.1,SSG-LUGIA-R+center,4381151,4406150
NC_009485.1,SSG-LUGIA-R+center,4509851,4523350
NC_009485.1,SSG-LUGIA-R+center,4529651,4551050
NC_009485.1,SSG-LUGIA-R+center,4643351,4676350
NC_009485.1,SSG-LUGIA-R+center,4764051,4799850
NC_009485.1,SSG-LUGIA-R+center,5042551,5063850
NC_009485.1,SSG-LUGIA-R+center,5089651,5116150
NC_009485.1,SSG-LUGIA-R+center,5173451,5224850
NC_009485.1,SSG-LUGIA-R+center,5275451,5323350
NC_009485.1,SSG-LUGIA-R+center,5473551,5506750
NC_009485.1,SSG-LUGIA-R+center,5728751,5776550
NC_009485.1,SSG-LUGIA-R+center,5870451,5922350
NC_009485.1,SSG-LUGIA-R+center,5989951,6057650
NC_009485.1,SSG-LUGIA-R+center,6183151,6194650
NC_009485.1,SSG-LUGIA-R+center,6233051,6244750
NC_009485.1,SSG-LUGIA-R+center,6330251,6341250
NC_009485.1,SSG-LUGIA-R+center,6605451,6639950
NC_009485.1,SSG-LUGIA-R+center,6692651,6724850
NC_009485.1,SSG-LUGIA-R+center,6800051,6815050
NC_009485.1,SSG-LUGIA-R+center,6847051,6913150
NC_009485.1,SSG-LUGIA-R+center,7013551,7056350
NC_009485.1,SSG-LUGIA-R+center,7069751,7148450
NC_009485.1,SSG-LUGIA-R+center,7325851,7375450
NC_009485.1,SSG-LUGIA-R+center,7382151,7421250
NC_009485.1,SSG-LUGIA-R+center,7598051,7695250
NC_009485.1,SSG-LUGIA-R+center,7765551,7850750
NC_009485.1,SSG-LUGIA-R+center,7910451,7927250
NC_009485.1,SSG-LUGIA-R+center,8073451,8217850
NC_009632.1,SSG-LUGIA-P,362901,395500
NC_009632.1,SSG-LUGIA-P,474701,496700
NC_009632.1,SSG-LUGIA-P,928301,943900
NC_009632.1,SSG-LUGIA-P,1081101,1112600
NC_009632.1,SSG-LUGIA-P,1556101,1586800
NC_009632.1,SSG-LUGIA-P,2132001,2163000
NC_009632.1,SSG-LUGIA-P,2310901,2333700
NC_009632.1,SSG-LUGIA-P,2647001,2661900
NC_009632.1,SSG-LUGIA-P+center,367851,400450
NC_009632.1,SSG-LUGIA-P+center,479651,501650
NC_009632.1,SSG-LUGIA-P+center,933251,948850
NC_009632.1,SSG-LUGIA-P+center,1086051,1117550
NC_009632.1,SSG-LUGIA-P+center,1561051,1591750
NC_009632.1,SSG-LUGIA-P+center,2136951,2167950
NC_009632.1,SSG-LUGIA-P+center,2315851,2338650
NC_009632.1,SSG-LUGIA-P+center,2651951,2666850
NC_009632.1,SSG-LUGIA-F,48801,76700
NC_009632.1,SSG-LUGIA-F,362201,398000
NC_009632.1,SSG-LUGIA-F,473801,497400
NC_009632.1,SSG-LUGIA-F,594401,608700
NC_009632.1,SSG-LUGIA-F,917801,952000
NC_009632.1,SSG-LUGIA-F,1075301,1118500
NC_009632.1,SSG-LUGIA-F,1555801,1587100
NC_009632.1,SSG-LUGIA-F,2129201,2167300
NC_009632.1,SSG-LUGIA-F,2310401,2336100
NC_009632.1,SSG-LUGIA-F,2642801,2666600
NC_009632.1,SSG-LUGIA-F+center,53751,81650
NC_009632.1,SSG-LUGIA-F+center,367151,402950
NC_009632.1,SSG-LUGIA-F+center,478751,502350
NC_009632.1,SSG-LUGIA-F+center,599351,613650
NC_009632.1,SSG-LUGIA-F+center,922751,956950
NC_009632.1,SSG-LUGIA-F+center,1080251,1123450
NC_009632.1,SSG-LUGIA-F+center,1560751,1592050
NC_009632.1,SSG-LUGIA-F+center,2134151,2172250
NC_009632.1,SSG-LUGIA-F+center,2315351,2341050
NC_009632.1,SSG-LUGIA-F+center,2647751,2671550
NC_009632.1,SSG-LUGIA-R,18801,95100
NC_009632.1,SSG-LUGIA-R,195301,212700
NC_009632.1,SSG-LUGIA-R,312901,399600
NC_009632.1,SSG-LUGIA-R,438901,548600
NC_009632.1,SSG-LUGIA-R,567401,643100
NC_009632.1,SSG-LUGIA-R,699301,715200
NC_009632.1,SSG-LUGIA-R,876501,890600
NC_009632.1,SSG-LUGIA-R,900101,958200
NC_009632.1,SSG-LUGIA-R,1006301,1033100
NC_009632.1,SSG-LUGIA-R,1069901,1130700
NC_009632.1,SSG-LUGIA-R,1236701,1251300
NC_009632.1,SSG-LUGIA-R,1340601,1384700
NC_009632.1,SSG-LUGIA-R,1443001,1458400
NC_009632.1,SSG-LUGIA-R,1462701,1481100
NC_009632.1,SSG-LUGIA-R,1554801,1602300
NC_009632.1,SSG-LUGIA-R,1742801,1756200
NC_009632.1,SSG-LUGIA-R,1770701,1816000
NC_009632.1,SSG-LUGIA-R,1974701,2005400
NC_009632.1,SSG-LUGIA-R,2117201,2176200
NC_009632.1,SSG-LUGIA-R,2302701,2340400
NC_009632.1,SSG-LUGIA-R,2378701,2402000
NC_009632.1,SSG-LUGIA-R,2635201,2673300
NC_009632.1,SSG-LUGIA-R+center,23751,100050
NC_009632.1,SSG-LUGIA-R+center,200251,217650
NC_009632.1,SSG-LUGIA-R+center,317851,404550
NC_009632.1,SSG-LUGIA-R+center,443851,553550
NC_009632.1,SSG-LUGIA-R+center,572351,648050
NC_009632.1,SSG-LUGIA-R+center,704251,720150
NC_009632.1,SSG-LUGIA-R+center,881451,895550
NC_009632.1,SSG-LUGIA-R+center,905051,963150
NC_009632.1,SSG-LUGIA-R+center,1011251,1038050
NC_009632.1,SSG-LUGIA-R+center,1074851,1135650
NC_009632.1,SSG-LUGIA-R+center,1241651,1256250
NC_009632.1,SSG-LUGIA-R+center,1345551,1389650
NC_009632.1,SSG-LUGIA-R+center,1447951,1463350
NC_009632.1,SSG-LUGIA-R+center,1467651,1486050
NC_009632.1,SSG-LUGIA-R+center,1559751,1607250
NC_009632.1,SSG-LUGIA-R+center,1747751,1761150
NC_009632.1,SSG-LUGIA-R+center,1775651,1820950
NC_009632.1,SSG-LUGIA-R+center,1979651,2010350
NC_009632.1,SSG-LUGIA-R+center,2122151,2181150
NC_009632.1,SSG-LUGIA-R+center,2307651,2345350
NC_009632.1,SSG-LUGIA-R+center,2383651,2406950
NC_009632.1,SSG-LUGIA-R+center,2640151,2678250
NC_009512.1,SSG-LUGIA-P,1,17300
NC_009512.1,SSG-LUGIA-P,20001,65800
NC_009512.1,SSG-LUGIA-P,182701,231600
NC_009512.1,SSG-LUGIA-P,532001,574900
NC_009512.1,SSG-LUGIA-P,921701,951600
NC_009512.1,SSG-LUGIA-P,1518901,1541100
NC_009512.1,SSG-LUGIA-P,1873401,1907100
NC_009512.1,SSG-LUGIA-P,3264301,3303700
NC_009512.1,SSG-LUGIA-P,3786501,3818000
NC_009512.1,SSG-LUGIA-P,4274701,4308600
NC_009512.1,SSG-LUGIA-P,4375101,4439800
NC_009512.1,SSG-LUGIA-P,5159101,5181100
NC_009512.1,SSG-LUGIA-P,5634001,5670700
NC_009512.1,SSG-LUGIA-P+center,4951,22250
NC_009512.1,SSG-LUGIA-P+center,24951,70750
NC_009512.1,SSG-LUGIA-P+center,187651,236550
NC_009512.1,SSG-LUGIA-P+center,536951,579850
NC_009512.1,SSG-LUGIA-P+center,926651,956550
NC_009512.1,SSG-LUGIA-P+center,1523851,1546050
NC_009512.1,SSG-LUGIA-P+center,1878351,1912050
NC_009512.1,SSG-LUGIA-P+center,3269251,3308650
NC_009512.1,SSG-LUGIA-P+center,3791451,3822950
NC_009512.1,SSG-LUGIA-P+center,4279651,4313550
NC_009512.1,SSG-LUGIA-P+center,4380051,4444750
NC_009512.1,SSG-LUGIA-P+center,5164051,5186050
NC_009512.1,SSG-LUGIA-P+center,5638951,5675650
NC_009512.1,SSG-LUGIA-F,1,66100
NC_009512.1,SSG-LUGIA-F,167801,233300
NC_009512.1,SSG-LUGIA-F,531501,575900
NC_009512.1,SSG-LUGIA-F,920901,953000
NC_009512.1,SSG-LUGIA-F,1518601,1541400
NC_009512.1,SSG-LUGIA-F,1872401,1908800
NC_009512.1,SSG-LUGIA-F,2970401,2993100
NC_009512.1,SSG-LUGIA-F,3253301,3309500
NC_009512.1,SSG-LUGIA-F,3354901,3389100
NC_009512.1,SSG-LUGIA-F,3776901,3820300
NC_009512.1,SSG-LUGIA-F,4272801,4309100
NC_009512.1,SSG-LUGIA-F,4369701,4442300
NC_009512.1,SSG-LUGIA-F,4619601,4631100
NC_009512.1,SSG-LUGIA-F,5114101,5132900
NC_009512.1,SSG-LUGIA-F,5156001,5182400
NC_009512.1,SSG-LUGIA-F,5633201,5671100
NC_009512.1,SSG-LUGIA-F+center,4951,71050
NC_009512.1,SSG-LUGIA-F+center,172751,238250
NC_009512.1,SSG-LUGIA-F+center,536451,580850
NC_009512.1,SSG-LUGIA-F+center,925851,957950
NC_009512.1,SSG-LUGIA-F+center,1523551,1546350
NC_009512.1,SSG-LUGIA-F+center,1877351,1913750
NC_009512.1,SSG-LUGIA-F+center,2975351,2998050
NC_009512.1,SSG-LUGIA-F+center,3258251,3314450
NC_009512.1,SSG-LUGIA-F+center,3359851,3394050
NC_009512.1,SSG-LUGIA-F+center,3781851,3825250
NC_009512.1,SSG-LUGIA-F+center,4277751,4314050
NC_009512.1,SSG-LUGIA-F+center,4374651,4447250
NC_009512.1,SSG-LUGIA-F+center,4624551,4636050
NC_009512.1,SSG-LUGIA-F+center,5119051,5137850
NC_009512.1,SSG-LUGIA-F+center,5160951,5187350
NC_009512.1,SSG-LUGIA-F+center,5638151,5676050
NC_009512.1,SSG-LUGIA-R,1,70300
NC_009512.1,SSG-LUGIA-R,162501,243900
NC_009512.1,SSG-LUGIA-R,401201,417100
NC_009512.1,SSG-LUGIA-R,472601,500500
NC_009512.1,SSG-LUGIA-R,526001,579600
NC_009512.1,SSG-LUGIA-R,708401,730200
NC_009512.1,SSG-LUGIA-R,911501,957700
NC_009512.1,SSG-LUGIA-R,970601,1003500
NC_009512.1,SSG-LUGIA-R,1025501,1056500
NC_009512.1,SSG-LUGIA-R,1226001,1242100
NC_009512.1,SSG-LUGIA-R,1321501,1339000
NC_009512.1,SSG-LUGIA-R,1343701,1357200
NC_009512.1,SSG-LUGIA-R,1517501,1542500
NC_009512.1,SSG-LUGIA-R,1593401,1606600
NC_009512.1,SSG-LUGIA-R,1629501,1723000
NC_009512.1,SSG-LUGIA-R,1756001,1832500
NC_009512.1,SSG-LUGIA-R,1866901,1914300
NC_009512.1,SSG-LUGIA-R,1958101,1998900
NC_009512.1,SSG-LUGIA-R,2095901,2144100
NC_009512.1,SSG-LUGIA-R,2349301,2360000
NC_009512.1,SSG-LUGIA-R,2395401,2444000
NC_009512.1,SSG-LUGIA-R,2588501,2613600
NC_009512.1,SSG-LUGIA-R,2750701,2812400
NC_009512.1,SSG-LUGIA-R,2940001,3008400
NC_009512.1,SSG-LUGIA-R,3244201,3391400
NC_009512.1,SSG-LUGIA-R,3763201,3824400
NC_009512.1,SSG-LUGIA-R,3860401,3872400
NC_009512.1,SSG-LUGIA-R,3902401,3926700
NC_009512.1,SSG-LUGIA-R,4005601,4019200
NC_009512.1,SSG-LUGIA-R,4149701,4169200
NC_009512.1,SSG-LUGIA-R,4253301,4316800
NC_009512.1,SSG-LUGIA-R,4365501,4452100
NC_009512.1,SSG-LUGIA-R,4601801,4682000
NC_009512.1,SSG-LUGIA-R,4771301,4790700
NC_009512.1,SSG-LUGIA-R,5065001,5091100
NC_009512.1,SSG-LUGIA-R,5098301,5193300
NC_009512.1,SSG-LUGIA-R,5459101,5484400
NC_009512.1,SSG-LUGIA-R,5627901,5674700
NC_009512.1,SSG-LUGIA-R,5910601,5949800
NC_009512.1,SSG-LUGIA-R+center,4951,75250
NC_009512.1,SSG-LUGIA-R+center,167451,248850
NC_009512.1,SSG-LUGIA-R+center,406151,422050
NC_009512.1,SSG-LUGIA-R+center,477551,505450
NC_009512.1,SSG-LUGIA-R+center,530951,584550
NC_009512.1,SSG-LUGIA-R+center,713351,735150
NC_009512.1,SSG-LUGIA-R+center,916451,962650
NC_009512.1,SSG-LUGIA-R+center,975551,1008450
NC_009512.1,SSG-LUGIA-R+center,1030451,1061450
NC_009512.1,SSG-LUGIA-R+center,1230951,1247050
NC_009512.1,SSG-LUGIA-R+center,1326451,1343950
NC_009512.1,SSG-LUGIA-R+center,1348651,1362150
NC_009512.1,SSG-LUGIA-R+center,1522451,1547450
NC_009512.1,SSG-LUGIA-R+center,1598351,1611550
NC_009512.1,SSG-LUGIA-R+center,1634451,1727950
NC_009512.1,SSG-LUGIA-R+center,1760951,1837450
NC_009512.1,SSG-LUGIA-R+center,1871851,1919250
NC_009512.1,SSG-LUGIA-R+center,1963051,2003850
NC_009512.1,SSG-LUGIA-R+center,2100851,2149050
NC_009512.1,SSG-LUGIA-R+center,2354251,2364950
NC_009512.1,SSG-LUGIA-R+center,2400351,2448950
NC_009512.1,SSG-LUGIA-R+center,2593451,2618550
NC_009512.1,SSG-LUGIA-R+center,2755651,2817350
NC_009512.1,SSG-LUGIA-R+center,2944951,3013350
NC_009512.1,SSG-LUGIA-R+center,3249151,3396350
NC_009512.1,SSG-LUGIA-R+center,3768151,3829350
NC_009512.1,SSG-LUGIA-R+center,3865351,3877350
NC_009512.1,SSG-LUGIA-R+center,3907351,3931650
NC_009512.1,SSG-LUGIA-R+center,4010551,4024150
NC_009512.1,SSG-LUGIA-R+center,4154651,4174150
NC_009512.1,SSG-LUGIA-R+center,4258251,4321750
NC_009512.1,SSG-LUGIA-R+center,4370451,4457050
NC_009512.1,SSG-LUGIA-R+center,4606751,4686950
NC_009512.1,SSG-LUGIA-R+center,4776251,4795650
NC_009512.1,SSG-LUGIA-R+center,5069951,5096050
NC_009512.1,SSG-LUGIA-R+center,5103251,5198250
NC_009512.1,SSG-LUGIA-R+center,5464051,5489350
NC_009512.1,SSG-LUGIA-R+center,5632851,5679650
NC_009512.1,SSG-LUGIA-R+center,5915551,5954750
NC_009665.1,SSG-LUGIA-P,199001,265300
NC_009665.1,SSG-LUGIA-P,638701,715600
NC_009665.1,SSG-LUGIA-P,1957701,1982800
NC_009665.1,SSG-LUGIA-P,2215001,2233100
NC_009665.1,SSG-LUGIA-P,2341501,2367600
NC_009665.1,SSG-LUGIA-P,2487801,2506500
NC_009665.1,SSG-LUGIA-P,3461201,3491700
NC_009665.1,SSG-LUGIA-P,3857301,3895500
NC_009665.1,SSG-LUGIA-P,4725901,4750400
NC_009665.1,SSG-LUGIA-P+center,203951,270250
NC_009665.1,SSG-LUGIA-P+center,643651,720550
NC_009665.1,SSG-LUGIA-P+center,1962651,1987750
NC_009665.1,SSG-LUGIA-P+center,2219951,2238050
NC_009665.1,SSG-LUGIA-P+center,2346451,2372550
NC_009665.1,SSG-LUGIA-P+center,2492751,2511450
NC_009665.1,SSG-LUGIA-P+center,3466151,3496650
NC_009665.1,SSG-LUGIA-P+center,3862251,3900450
NC_009665.1,SSG-LUGIA-P+center,4730851,4755350
NC_009665.1,SSG-LUGIA-F,194601,266800
NC_009665.1,SSG-LUGIA-F,444701,460900
NC_009665.1,SSG-LUGIA-F,637301,717400
NC_009665.1,SSG-LUGIA-F,873301,891500
NC_009665.1,SSG-LUGIA-F,1327601,1345800
NC_009665.1,SSG-LUGIA-F,1956601,1983900
NC_009665.1,SSG-LUGIA-F,2211101,2237800
NC_009665.1,SSG-LUGIA-F,2340101,2369100
NC_009665.1,SSG-LUGIA-F,2484301,2508900
NC_009665.1,SSG-LUGIA-F,2596001,2619200
NC_009665.1,SSG-LUGIA-F,3033701,3045800
NC_009665.1,SSG-LUGIA-F,3191901,3202800
NC_009665.1,SSG-LUGIA-F,3460301,3495200
NC_009665.1,SSG-LUGIA-F,3533001,3545300
NC_009665.1,SSG-LUGIA-F,3852801,3901000
NC_009665.1,SSG-LUGIA-F,4725701,4751000
NC_009665.1,SSG-LUGIA-F,4879001,4898000
NC_009665.1,SSG-LUGIA-F,5077001,5096100
NC_009665.1,SSG-LUGIA-F+center,199551,271750
NC_009665.1,SSG-LUGIA-F+center,449651,465850
NC_009665.1,SSG-LUGIA-F+center,642251,722350
NC_009665.1,SSG-LUGIA-F+center,878251,896450
NC_009665.1,SSG-LUGIA-F+center,1332551,1350750
NC_009665.1,SSG-LUGIA-F+center,1961551,1988850
NC_009665.1,SSG-LUGIA-F+center,2216051,2242750
NC_009665.1,SSG-LUGIA-F+center,2345051,2374050
NC_009665.1,SSG-LUGIA-F+center,2489251,2513850
NC_009665.1,SSG-LUGIA-F+center,2600951,2624150
NC_009665.1,SSG-LUGIA-F+center,3038651,3050750
NC_009665.1,SSG-LUGIA-F+center,3196851,3207750
NC_009665.1,SSG-LUGIA-F+center,3465251,3500150
NC_009665.1,SSG-LUGIA-F+center,3537951,3550250
NC_009665.1,SSG-LUGIA-F+center,3857751,3905950
NC_009665.1,SSG-LUGIA-F+center,4730651,4755950
NC_009665.1,SSG-LUGIA-F+center,4883951,4902950
NC_009665.1,SSG-LUGIA-F+center,5081951,5101050
NC_009665.1,SSG-LUGIA-R,47901,90100
NC_009665.1,SSG-LUGIA-R,179901,274000
NC_009665.1,SSG-LUGIA-R,343801,384400
NC_009665.1,SSG-LUGIA-R,435501,467300
NC_009665.1,SSG-LUGIA-R,548101,587600
NC_009665.1,SSG-LUGIA-R,632601,720100
NC_009665.1,SSG-LUGIA-R,856001,902700
NC_009665.1,SSG-LUGIA-R,949301,980600
NC_009665.1,SSG-LUGIA-R,1125701,1138400
NC_009665.1,SSG-LUGIA-R,1146901,1158100
NC_009665.1,SSG-LUGIA-R,1266301,1352700
NC_009665.1,SSG-LUGIA-R,1685901,1699300
NC_009665.1,SSG-LUGIA-R,1706301,1718000
NC_009665.1,SSG-LUGIA-R,1814701,1842000
NC_009665.1,SSG-LUGIA-R,1886601,1932600
NC_009665.1,SSG-LUGIA-R,1938801,1987000
NC_009665.1,SSG-LUGIA-R,2017301,2041100
NC_009665.1,SSG-LUGIA-R,2207001,2241300
NC_009665.1,SSG-LUGIA-R,2335901,2376700
NC_009665.1,SSG-LUGIA-R,2424001,2515500
NC_009665.1,SSG-LUGIA-R,2581401,2621100
NC_009665.1,SSG-LUGIA-R,2745901,2758700
NC_009665.1,SSG-LUGIA-R,2862401,2873400
NC_009665.1,SSG-LUGIA-R,2972601,2994500
NC_009665.1,SSG-LUGIA-R,3002401,3067600
NC_009665.1,SSG-LUGIA-R,3184001,3219900
NC_009665.1,SSG-LUGIA-R,3303901,3329000
NC_009665.1,SSG-LUGIA-R,3458501,3576700
NC_009665.1,SSG-LUGIA-R,3844201,3905500
NC_009665.1,SSG-LUGIA-R,3974101,4011800
NC_009665.1,SSG-LUGIA-R,4573401,4587200
NC_009665.1,SSG-LUGIA-R,4652201,4691900
NC_009665.1,SSG-LUGIA-R,4717201,4762500
NC_009665.1,SSG-LUGIA-R,4807001,4822000
NC_009665.1,SSG-LUGIA-R,4875801,4901300
NC_009665.1,SSG-LUGIA-R,4970701,4983800
NC_009665.1,SSG-LUGIA-R,5026001,5037200
NC_009665.1,SSG-LUGIA-R,5070201,5114600
NC_009665.1,SSG-LUGIA-R,5171601,5214100
NC_009665.1,SSG-LUGIA-R+center,52851,95050
NC_009665.1,SSG-LUGIA-R+center,184851,278950
NC_009665.1,SSG-LUGIA-R+center,348751,389350
NC_009665.1,SSG-LUGIA-R+center,440451,472250
NC_009665.1,SSG-LUGIA-R+center,553051,592550
NC_009665.1,SSG-LUGIA-R+center,637551,725050
NC_009665.1,SSG-LUGIA-R+center,860951,907650
NC_009665.1,SSG-LUGIA-R+center,954251,985550
NC_009665.1,SSG-LUGIA-R+center,1130651,1143350
NC_009665.1,SSG-LUGIA-R+center,1151851,1163050
NC_009665.1,SSG-LUGIA-R+center,1271251,1357650
NC_009665.1,SSG-LUGIA-R+center,1690851,1704250
NC_009665.1,SSG-LUGIA-R+center,1711251,1722950
NC_009665.1,SSG-LUGIA-R+center,1819651,1846950
NC_009665.1,SSG-LUGIA-R+center,1891551,1937550
NC_009665.1,SSG-LUGIA-R+center,1943751,1991950
NC_009665.1,SSG-LUGIA-R+center,2022251,2046050
NC_009665.1,SSG-LUGIA-R+center,2211951,2246250
NC_009665.1,SSG-LUGIA-R+center,2340851,2381650
NC_009665.1,SSG-LUGIA-R+center,2428951,2520450
NC_009665.1,SSG-LUGIA-R+center,2586351,2626050
NC_009665.1,SSG-LUGIA-R+center,2750851,2763650
NC_009665.1,SSG-LUGIA-R+center,2867351,2878350
NC_009665.1,SSG-LUGIA-R+center,2977551,2999450
NC_009665.1,SSG-LUGIA-R+center,3007351,3072550
NC_009665.1,SSG-LUGIA-R+center,3188951,3224850
NC_009665.1,SSG-LUGIA-R+center,3308851,3333950
NC_009665.1,SSG-LUGIA-R+center,3463451,3581650
NC_009665.1,SSG-LUGIA-R+center,3849151,3910450
NC_009665.1,SSG-LUGIA-R+center,3979051,4016750
NC_009665.1,SSG-LUGIA-R+center,4578351,4592150
NC_009665.1,SSG-LUGIA-R+center,4657151,4696850
NC_009665.1,SSG-LUGIA-R+center,4722151,4767450
NC_009665.1,SSG-LUGIA-R+center,4811951,4826950
NC_009665.1,SSG-LUGIA-R+center,4880751,4906250
NC_009665.1,SSG-LUGIA-R+center,4975651,4988750
NC_009665.1,SSG-LUGIA-R+center,5030951,5042150
NC_009665.1,SSG-LUGIA-R+center,5075151,5119550
NC_009665.1,SSG-LUGIA-R+center,5176551,5219050
NC_009782.1,SSG-LUGIA-P,40801,53000
NC_009782.1,SSG-LUGIA-P,428701,487100
NC_009782.1,SSG-LUGIA-P,917301,945900
NC_009782.1,SSG-LUGIA-P,1509201,1540000
NC_009782.1,SSG-LUGIA-P,2087801,2121100
NC_009782.1,SSG-LUGIA-P,2282601,2305800
NC_009782.1,SSG-LUGIA-P,2616301,2637500
NC_009782.1,SSG-LUGIA-P+center,45751,57950
NC_009782.1,SSG-LUGIA-P+center,433651,492050
NC_009782.1,SSG-LUGIA-P+center,922251,950850
NC_009782.1,SSG-LUGIA-P+center,1514151,1544950
NC_009782.1,SSG-LUGIA-P+center,2092751,2126050
NC_009782.1,SSG-LUGIA-P+center,2287551,2310750
NC_009782.1,SSG-LUGIA-P+center,2621251,2642450
NC_009782.1,SSG-LUGIA-F,37401,87200
NC_009782.1,SSG-LUGIA-F,426501,488700
NC_009782.1,SSG-LUGIA-F,916401,952600
NC_009782.1,SSG-LUGIA-F,1508901,1540400
NC_009782.1,SSG-LUGIA-F,2085201,2121400
NC_009782.1,SSG-LUGIA-F,2282201,2307800
NC_009782.1,SSG-LUGIA-F,2613001,2641600
NC_009782.1,SSG-LUGIA-F+center,42351,92150
NC_009782.1,SSG-LUGIA-F+center,431451,493650
NC_009782.1,SSG-LUGIA-F+center,921351,957550
NC_009782.1,SSG-LUGIA-F+center,1513851,1545350
NC_009782.1,SSG-LUGIA-F+center,2090151,2126350
NC_009782.1,SSG-LUGIA-F+center,2287151,2312750
NC_009782.1,SSG-LUGIA-F+center,2617951,2646550
NC_009782.1,SSG-LUGIA-R,18601,102400
NC_009782.1,SSG-LUGIA-R,201701,218200
NC_009782.1,SSG-LUGIA-R,318401,348000
NC_009782.1,SSG-LUGIA-R,402701,539600
NC_009782.1,SSG-LUGIA-R,557801,573700
NC_009782.1,SSG-LUGIA-R,576701,628200
NC_009782.1,SSG-LUGIA-R,682901,702900
NC_009782.1,SSG-LUGIA-R,864001,958300
NC_009782.1,SSG-LUGIA-R,1004001,1032300
NC_009782.1,SSG-LUGIA-R,1189601,1204700
NC_009782.1,SSG-LUGIA-R,1293701,1338400
NC_009782.1,SSG-LUGIA-R,1396001,1411900
NC_009782.1,SSG-LUGIA-R,1415801,1434500
NC_009782.1,SSG-LUGIA-R,1506501,1556200
NC_009782.1,SSG-LUGIA-R,1697001,1708500
NC_009782.1,SSG-LUGIA-R,1723901,1767900
NC_009782.1,SSG-LUGIA-R,1925601,1962900
NC_009782.1,SSG-LUGIA-R,2073001,2140200
NC_009782.1,SSG-LUGIA-R,2275201,2310900
NC_009782.1,SSG-LUGIA-R,2349201,2374100
NC_009782.1,SSG-LUGIA-R,2607101,2648000
NC_009782.1,SSG-LUGIA-R+center,23551,107350
NC_009782.1,SSG-LUGIA-R+center,206651,223150
NC_009782.1,SSG-LUGIA-R+center,323351,352950
NC_009782.1,SSG-LUGIA-R+center,407651,544550
NC_009782.1,SSG-LUGIA-R+center,562751,578650
NC_009782.1,SSG-LUGIA-R+center,581651,633150
NC_009782.1,SSG-LUGIA-R+center,687851,707850
NC_009782.1,SSG-LUGIA-R+center,868951,963250
NC_009782.1,SSG-LUGIA-R+center,1008951,1037250
NC_009782.1,SSG-LUGIA-R+center,1194551,1209650
NC_009782.1,SSG-LUGIA-R+center,1298651,1343350
NC_009782.1,SSG-LUGIA-R+center,1400951,1416850
NC_009782.1,SSG-LUGIA-R+center,1420751,1439450
NC_009782.1,SSG-LUGIA-R+center,1511451,1561150
NC_009782.1,SSG-LUGIA-R+center,1701951,1713450
NC_009782.1,SSG-LUGIA-R+center,1728851,1772850
NC_009782.1,SSG-LUGIA-R+center,1930551,1967850
NC_009782.1,SSG-LUGIA-R+center,2077951,2145150
NC_009782.1,SSG-LUGIA-R+center,2280151,2315850
NC_009782.1,SSG-LUGIA-R+center,2354151,2379050
NC_009782.1,SSG-LUGIA-R+center,2612051,2652950
NC_009708.1,SSG-LUGIA-P,370401,398700
NC_009708.1,SSG-LUGIA-P,469701,488400
NC_009708.1,SSG-LUGIA-P,586401,615000
NC_009708.1,SSG-LUGIA-P,692201,718200
NC_009708.1,SSG-LUGIA-P,892901,909300
NC_009708.1,SSG-LUGIA-P,923301,940500
NC_009708.1,SSG-LUGIA-P,1378201,1407100
NC_009708.1,SSG-LUGIA-P,2795301,2843200
NC_009708.1,SSG-LUGIA-P,3411001,3432300
NC_009708.1,SSG-LUGIA-P,4332201,4386000
NC_009708.1,SSG-LUGIA-P+center,375351,403650
NC_009708.1,SSG-LUGIA-P+center,474651,493350
NC_009708.1,SSG-LUGIA-P+center,591351,619950
NC_009708.1,SSG-LUGIA-P+center,697151,723150
NC_009708.1,SSG-LUGIA-P+center,897851,914250
NC_009708.1,SSG-LUGIA-P+center,928251,945450
NC_009708.1,SSG-LUGIA-P+center,1383151,1412050
NC_009708.1,SSG-LUGIA-P+center,2800251,2848150
NC_009708.1,SSG-LUGIA-P+center,3415951,3437250
NC_009708.1,SSG-LUGIA-P+center,4337151,4390950
NC_009708.1,SSG-LUGIA-F,369501,399400
NC_009708.1,SSG-LUGIA-F,467901,489900
NC_009708.1,SSG-LUGIA-F,585501,618800
NC_009708.1,SSG-LUGIA-F,692001,721500
NC_009708.1,SSG-LUGIA-F,792801,812600
NC_009708.1,SSG-LUGIA-F,822301,862700
NC_009708.1,SSG-LUGIA-F,864701,955700
NC_009708.1,SSG-LUGIA-F,1131201,1151600
NC_009708.1,SSG-LUGIA-F,1377201,1409300
NC_009708.1,SSG-LUGIA-F,2793801,2845700
NC_009708.1,SSG-LUGIA-F,3410701,3433200
NC_009708.1,SSG-LUGIA-F,4331701,4387100
NC_009708.1,SSG-LUGIA-F+center,374451,404350
NC_009708.1,SSG-LUGIA-F+center,472851,494850
NC_009708.1,SSG-LUGIA-F+center,590451,623750
NC_009708.1,SSG-LUGIA-F+center,696951,726450
NC_009708.1,SSG-LUGIA-F+center,797751,817550
NC_009708.1,SSG-LUGIA-F+center,827251,867650
NC_009708.1,SSG-LUGIA-F+center,869651,960650
NC_009708.1,SSG-LUGIA-F+center,1136151,1156550
NC_009708.1,SSG-LUGIA-F+center,1382151,1414250
NC_009708.1,SSG-LUGIA-F+center,2798751,2850650
NC_009708.1,SSG-LUGIA-F+center,3415651,3438150
NC_009708.1,SSG-LUGIA-F+center,4336651,4392050
NC_009708.1,SSG-LUGIA-R,4301,15500
NC_009708.1,SSG-LUGIA-R,145401,158500
NC_009708.1,SSG-LUGIA-R,365301,414400
NC_009708.1,SSG-LUGIA-R,460601,494200
NC_009708.1,SSG-LUGIA-R,570401,635100
NC_009708.1,SSG-LUGIA-R,691501,982400
NC_009708.1,SSG-LUGIA-R,1121701,1168300
NC_009708.1,SSG-LUGIA-R,1227401,1242900
NC_009708.1,SSG-LUGIA-R,1369501,1418300
NC_009708.1,SSG-LUGIA-R,1598501,1630900
NC_009708.1,SSG-LUGIA-R,1733901,1785800
NC_009708.1,SSG-LUGIA-R,2253301,2278900
NC_009708.1,SSG-LUGIA-R,2399001,2420500
NC_009708.1,SSG-LUGIA-R,2791001,2855200
NC_009708.1,SSG-LUGIA-R,2906601,2934400
NC_009708.1,SSG-LUGIA-R,3018601,3046000
NC_009708.1,SSG-LUGIA-R,3164801,3178600
NC_009708.1,SSG-LUGIA-R,3218001,3248100
NC_009708.1,SSG-LUGIA-R,3307401,3356100
NC_009708.1,SSG-LUGIA-R,3397501,3440300
NC_009708.1,SSG-LUGIA-R,3468901,3494200
NC_009708.1,SSG-LUGIA-R,3513901,3578400
NC_009708.1,SSG-LUGIA-R,3586501,3602900
NC_009708.1,SSG-LUGIA-R,3722601,3739900
NC_009708.1,SSG-LUGIA-R,3754201,3764300
NC_009708.1,SSG-LUGIA-R,3778101,3814300
NC_009708.1,SSG-LUGIA-R,3888101,3911500
NC_009708.1,SSG-LUGIA-R,4028701,4063600
NC_009708.1,SSG-LUGIA-R,4138901,4174100
NC_009708.1,SSG-LUGIA-R,4266901,4400400
NC_009708.1,SSG-LUGIA-R,4502501,4523300
NC_009708.1,SSG-LUGIA-R,4695201,4713400
NC_009708.1,SSG-LUGIA-R+center,9251,20450
NC_009708.1,SSG-LUGIA-R+center,150351,163450
NC_009708.1,SSG-LUGIA-R+center,370251,419350
NC_009708.1,SSG-LUGIA-R+center,465551,499150
NC_009708.1,SSG-LUGIA-R+center,575351,640050
NC_009708.1,SSG-LUGIA-R+center,696451,987350
NC_009708.1,SSG-LUGIA-R+center,1126651,1173250
NC_009708.1,SSG-LUGIA-R+center,1232351,1247850
NC_009708.1,SSG-LUGIA-R+center,1374451,1423250
NC_009708.1,SSG-LUGIA-R+center,1603451,1635850
NC_009708.1,SSG-LUGIA-R+center,1738851,1790750
NC_009708.1,SSG-LUGIA-R+center,2258251,2283850
NC_009708.1,SSG-LUGIA-R+center,2403951,2425450
NC_009708.1,SSG-LUGIA-R+center,2795951,2860150
NC_009708.1,SSG-LUGIA-R+center,2911551,2939350
NC_009708.1,SSG-LUGIA-R+center,3023551,3050950
NC_009708.1,SSG-LUGIA-R+center,3169751,3183550
NC_009708.1,SSG-LUGIA-R+center,3222951,3253050
NC_009708.1,SSG-LUGIA-R+center,3312351,3361050
NC_009708.1,SSG-LUGIA-R+center,3402451,3445250
NC_009708.1,SSG-LUGIA-R+center,3473851,3499150
NC_009708.1,SSG-LUGIA-R+center,3518851,3583350
NC_009708.1,SSG-LUGIA-R+center,3591451,3607850
NC_009708.1,SSG-LUGIA-R+center,3727551,3744850
NC_009708.1,SSG-LUGIA-R+center,3759151,3769250
NC_009708.1,SSG-LUGIA-R+center,3783051,3819250
NC_009708.1,SSG-LUGIA-R+center,3893051,3916450
NC_009708.1,SSG-LUGIA-R+center,4033651,4068550
NC_009708.1,SSG-LUGIA-R+center,4143851,4179050
NC_009708.1,SSG-LUGIA-R+center,4271851,4405350
NC_009708.1,SSG-LUGIA-R+center,4507451,4528250
NC_009708.1,SSG-LUGIA-R+center,4700151,4718350
NC_009783.1,SSG-LUGIA-P,168401,190700
NC_009783.1,SSG-LUGIA-P,196901,246300
NC_009783.1,SSG-LUGIA-P,657201,721100
NC_009783.1,SSG-LUGIA-P,1413101,1427300
NC_009783.1,SSG-LUGIA-P,1634801,1725600
NC_009783.1,SSG-LUGIA-P,3175701,3187400
NC_009783.1,SSG-LUGIA-P+center,173351,195650
NC_009783.1,SSG-LUGIA-P+center,201851,251250
NC_009783.1,SSG-LUGIA-P+center,662151,726050
NC_009783.1,SSG-LUGIA-P+center,1418051,1432250
NC_009783.1,SSG-LUGIA-P+center,1639751,1730550
NC_009783.1,SSG-LUGIA-P+center,3180651,3192350
NC_009783.1,SSG-LUGIA-F,165001,247200
NC_009783.1,SSG-LUGIA-F,630701,642600
NC_009783.1,SSG-LUGIA-F,655001,723600
NC_009783.1,SSG-LUGIA-F,1113701,1138700
NC_009783.1,SSG-LUGIA-F,1409001,1432300
NC_009783.1,SSG-LUGIA-F,1625601,1727300
NC_009783.1,SSG-LUGIA-F,3162301,3199900
NC_009783.1,SSG-LUGIA-F+center,169951,252150
NC_009783.1,SSG-LUGIA-F+center,635651,647550
NC_009783.1,SSG-LUGIA-F+center,659951,728550
NC_009783.1,SSG-LUGIA-F+center,1118651,1143650
NC_009783.1,SSG-LUGIA-F+center,1413951,1437250
NC_009783.1,SSG-LUGIA-F+center,1630551,1732250
NC_009783.1,SSG-LUGIA-F+center,3167251,3204850
NC_009783.1,SSG-LUGIA-R,56701,93400
NC_009783.1,SSG-LUGIA-R,144001,258800
NC_009783.1,SSG-LUGIA-R,271201,329300
NC_009783.1,SSG-LUGIA-R,337401,377300
NC_009783.1,SSG-LUGIA-R,625001,738600
NC_009783.1,SSG-LUGIA-R,878401,918200
NC_009783.1,SSG-LUGIA-R,1104401,1141800
NC_009783.1,SSG-LUGIA-R,1290101,1316000
NC_009783.1,SSG-LUGIA-R,1390201,1441500
NC_009783.1,SSG-LUGIA-R,1529201,1540600
NC_009783.1,SSG-LUGIA-R,1609601,1752400
NC_009783.1,SSG-LUGIA-R,1927901,1990600
NC_009783.1,SSG-LUGIA-R,2036601,2054000
NC_009783.1,SSG-LUGIA-R,2119901,2151900
NC_009783.1,SSG-LUGIA-R,2285801,2302100
NC_009783.1,SSG-LUGIA-R,2305501,2331300
NC_009783.1,SSG-LUGIA-R,2497901,2520800
NC_009783.1,SSG-LUGIA-R,2817401,2829300
NC_009783.1,SSG-LUGIA-R,2833201,2845900
NC_009783.1,SSG-LUGIA-R,2979401,3048300
NC_009783.1,SSG-LUGIA-R,3102401,3112900
NC_009783.1,SSG-LUGIA-R,3150801,3201600
NC_009783.1,SSG-LUGIA-R,3368701,3392000
NC_009783.1,SSG-LUGIA-R,3436901,3460200
NC_009783.1,SSG-LUGIA-R,3466501,3477900
NC_009783.1,SSG-LUGIA-R,3507301,3542400
NC_009783.1,SSG-LUGIA-R,3633701,3667500
NC_009783.1,SSG-LUGIA-R+center,61651,98350
NC_009783.1,SSG-LUGIA-R+center,148951,263750
NC_009783.1,SSG-LUGIA-R+center,276151,334250
NC_009783.1,SSG-LUGIA-R+center,342351,382250
NC_009783.1,SSG-LUGIA-R+center,629951,743550
NC_009783.1,SSG-LUGIA-R+center,883351,923150
NC_009783.1,SSG-LUGIA-R+center,1109351,1146750
NC_009783.1,SSG-LUGIA-R+center,1295051,1320950
NC_009783.1,SSG-LUGIA-R+center,1395151,1446450
NC_009783.1,SSG-LUGIA-R+center,1534151,1545550
NC_009783.1,SSG-LUGIA-R+center,1614551,1757350
NC_009783.1,SSG-LUGIA-R+center,1932851,1995550
NC_009783.1,SSG-LUGIA-R+center,2041551,2058950
NC_009783.1,SSG-LUGIA-R+center,2124851,2156850
NC_009783.1,SSG-LUGIA-R+center,2290751,2307050
NC_009783.1,SSG-LUGIA-R+center,2310451,2336250
NC_009783.1,SSG-LUGIA-R+center,2502851,2525750
NC_009783.1,SSG-LUGIA-R+center,2822351,2834250
NC_009783.1,SSG-LUGIA-R+center,2838151,2850850
NC_009783.1,SSG-LUGIA-R+center,2984351,3053250
NC_009783.1,SSG-LUGIA-R+center,3107351,3117850
NC_009783.1,SSG-LUGIA-R+center,3155751,3206550
NC_009783.1,SSG-LUGIA-R+center,3373651,3396950
NC_009783.1,SSG-LUGIA-R+center,3441851,3465150
NC_009783.1,SSG-LUGIA-R+center,3471451,3482850
NC_009783.1,SSG-LUGIA-R+center,3512251,3547350
NC_009783.1,SSG-LUGIA-R+center,3638651,3672450
NC_009879.1,SSG-LUGIA-P,143301,168400
NC_009879.1,SSG-LUGIA-P,560801,574800
NC_009879.1,SSG-LUGIA-P,1052701,1066400
NC_009879.1,SSG-LUGIA-P+center,148251,173350
NC_009879.1,SSG-LUGIA-P+center,565751,579750
NC_009879.1,SSG-LUGIA-P+center,1057651,1071350
NC_009879.1,SSG-LUGIA-F,142901,178300
NC_009879.1,SSG-LUGIA-F,274801,285500
NC_009879.1,SSG-LUGIA-F,555801,579100
NC_009879.1,SSG-LUGIA-F,1043701,1077100
NC_009879.1,SSG-LUGIA-F+center,147851,183250
NC_009879.1,SSG-LUGIA-F+center,279751,290450
NC_009879.1,SSG-LUGIA-F+center,560751,584050
NC_009879.1,SSG-LUGIA-F+center,1048651,1082050
NC_009879.1,SSG-LUGIA-R,8001,20000
NC_009879.1,SSG-LUGIA-R,95201,202000
NC_009879.1,SSG-LUGIA-R,260301,303200
NC_009879.1,SSG-LUGIA-R,324501,340600
NC_009879.1,SSG-LUGIA-R,484201,508800
NC_009879.1,SSG-LUGIA-R,547001,597200
NC_009879.1,SSG-LUGIA-R,681001,691700
NC_009879.1,SSG-LUGIA-R,836401,870200
NC_009879.1,SSG-LUGIA-R,1020001,1079700
NC_009879.1,SSG-LUGIA-R+center,12951,24950
NC_009879.1,SSG-LUGIA-R+center,100151,206950
NC_009879.1,SSG-LUGIA-R+center,265251,308150
NC_009879.1,SSG-LUGIA-R+center,329451,345550
NC_009879.1,SSG-LUGIA-R+center,489151,513750
NC_009879.1,SSG-LUGIA-R+center,551951,602150
NC_009879.1,SSG-LUGIA-R+center,685951,696650
NC_009879.1,SSG-LUGIA-R+center,841351,875150
NC_009879.1,SSG-LUGIA-R+center,1024951,1084650
NC_009900.1,SSG-LUGIA-P,165801,193200
NC_009900.1,SSG-LUGIA-P,692901,757000
NC_009900.1,SSG-LUGIA-P+center,170751,198150
NC_009900.1,SSG-LUGIA-P+center,697851,761950
NC_009900.1,SSG-LUGIA-F,164001,195100
NC_009900.1,SSG-LUGIA-F,685201,758100
NC_009900.1,SSG-LUGIA-F+center,168951,200050
NC_009900.1,SSG-LUGIA-F+center,690151,763050
NC_009900.1,SSG-LUGIA-R,12001,36400
NC_009900.1,SSG-LUGIA-R,83701,105400
NC_009900.1,SSG-LUGIA-R,111501,204000
NC_009900.1,SSG-LUGIA-R,265101,305400
NC_009900.1,SSG-LUGIA-R,622901,640400
NC_009900.1,SSG-LUGIA-R,681301,765500
NC_009900.1,SSG-LUGIA-R,802301,854900
NC_009900.1,SSG-LUGIA-R,994101,1023400
NC_009900.1,SSG-LUGIA-R,1195701,1263900
NC_009900.1,SSG-LUGIA-R+center,16951,41350
NC_009900.1,SSG-LUGIA-R+center,88651,110350
NC_009900.1,SSG-LUGIA-R+center,116451,208950
NC_009900.1,SSG-LUGIA-R+center,270051,310350
NC_009900.1,SSG-LUGIA-R+center,627851,645350
NC_009900.1,SSG-LUGIA-R+center,686251,770450
NC_009900.1,SSG-LUGIA-R+center,807251,859850
NC_009900.1,SSG-LUGIA-R+center,999051,1028350
NC_009900.1,SSG-LUGIA-R+center,1200651,1268850
NC_009800.1,SSG-LUGIA-P,225301,265300
NC_009800.1,SSG-LUGIA-P,305401,380000
NC_009800.1,SSG-LUGIA-P,1586801,1610500
NC_009800.1,SSG-LUGIA-P,1644601,1658100
NC_009800.1,SSG-LUGIA-P,2052001,2080200
NC_009800.1,SSG-LUGIA-P,2096501,2120400
NC_009800.1,SSG-LUGIA-P,2144301,2171700
NC_009800.1,SSG-LUGIA-P,2998101,3021500
NC_009800.1,SSG-LUGIA-P,3470301,3481900
NC_009800.1,SSG-LUGIA-P,4188801,4223000
NC_009800.1,SSG-LUGIA-P+center,230251,270250
NC_009800.1,SSG-LUGIA-P+center,310351,384950
NC_009800.1,SSG-LUGIA-P+center,1591751,1615450
NC_009800.1,SSG-LUGIA-P+center,1649551,1663050
NC_009800.1,SSG-LUGIA-P+center,2056951,2085150
NC_009800.1,SSG-LUGIA-P+center,2101451,2125350
NC_009800.1,SSG-LUGIA-P+center,2149251,2176650
NC_009800.1,SSG-LUGIA-P+center,3003051,3026450
NC_009800.1,SSG-LUGIA-P+center,3475251,3486850
NC_009800.1,SSG-LUGIA-P+center,4193751,4227950
NC_009800.1,SSG-LUGIA-F,218801,265700
NC_009800.1,SSG-LUGIA-F,290001,384600
NC_009800.1,SSG-LUGIA-F,1476401,1495800
NC_009800.1,SSG-LUGIA-F,1586001,1610800
NC_009800.1,SSG-LUGIA-F,1641801,1660600
NC_009800.1,SSG-LUGIA-F,2049401,2120900
NC_009800.1,SSG-LUGIA-F,2141401,2174100
NC_009800.1,SSG-LUGIA-F,2997801,3022000
NC_009800.1,SSG-LUGIA-F,3469301,3482900
NC_009800.1,SSG-LUGIA-F,4188101,4225100
NC_009800.1,SSG-LUGIA-F+center,223751,270650
NC_009800.1,SSG-LUGIA-F+center,294951,389550
NC_009800.1,SSG-LUGIA-F+center,1481351,1500750
NC_009800.1,SSG-LUGIA-F+center,1590951,1615750
NC_009800.1,SSG-LUGIA-F+center,1646751,1665550
NC_009800.1,SSG-LUGIA-F+center,2054351,2125850
NC_009800.1,SSG-LUGIA-F+center,2146351,2179050
NC_009800.1,SSG-LUGIA-F+center,3002751,3026950
NC_009800.1,SSG-LUGIA-F+center,3474251,3487850
NC_009800.1,SSG-LUGIA-F+center,4193051,4230050
NC_009800.1,SSG-LUGIA-R,10301,38100
NC_009800.1,SSG-LUGIA-R,70901,90600
NC_009800.1,SSG-LUGIA-R,99601,115400
NC_009800.1,SSG-LUGIA-R,210201,404700
NC_009800.1,SSG-LUGIA-R,457901,468900
NC_009800.1,SSG-LUGIA-R,512001,528900
NC_009800.1,SSG-LUGIA-R,600301,616300
NC_009800.1,SSG-LUGIA-R,755001,773500
NC_009800.1,SSG-LUGIA-R,908401,947400
NC_009800.1,SSG-LUGIA-R,1139501,1198700
NC_009800.1,SSG-LUGIA-R,1248801,1275000
NC_009800.1,SSG-LUGIA-R,1425801,1437300
NC_009800.1,SSG-LUGIA-R,1461001,1502500
NC_009800.1,SSG-LUGIA-R,1584301,1674800
NC_009800.1,SSG-LUGIA-R,1825801,1839100
NC_009800.1,SSG-LUGIA-R,2043401,2185100
NC_009800.1,SSG-LUGIA-R,2205101,2245300
NC_009800.1,SSG-LUGIA-R,2413801,2440200
NC_009800.1,SSG-LUGIA-R,2499201,2535600
NC_009800.1,SSG-LUGIA-R,2649801,2693400
NC_009800.1,SSG-LUGIA-R,2985001,3026500
NC_009800.1,SSG-LUGIA-R,3462001,3513200
NC_009800.1,SSG-LUGIA-R,3635501,3660600
NC_009800.1,SSG-LUGIA-R,3669001,3681600
NC_009800.1,SSG-LUGIA-R,3783201,3800700
NC_009800.1,SSG-LUGIA-R,3800801,3819700
NC_009800.1,SSG-LUGIA-R,3912901,3963200
NC_009800.1,SSG-LUGIA-R,4072601,4085500
NC_009800.1,SSG-LUGIA-R,4187301,4238200
NC_009800.1,SSG-LUGIA-R,4367801,4389300
NC_009800.1,SSG-LUGIA-R,4410301,4435900
NC_009800.1,SSG-LUGIA-R,4518001,4585000
NC_009800.1,SSG-LUGIA-R+center,15251,43050
NC_009800.1,SSG-LUGIA-R+center,75851,95550
NC_009800.1,SSG-LUGIA-R+center,104551,120350
NC_009800.1,SSG-LUGIA-R+center,215151,409650
NC_009800.1,SSG-LUGIA-R+center,462851,473850
NC_009800.1,SSG-LUGIA-R+center,516951,533850
NC_009800.1,SSG-LUGIA-R+center,605251,621250
NC_009800.1,SSG-LUGIA-R+center,759951,778450
NC_009800.1,SSG-LUGIA-R+center,913351,952350
NC_009800.1,SSG-LUGIA-R+center,1144451,1203650
NC_009800.1,SSG-LUGIA-R+center,1253751,1279950
NC_009800.1,SSG-LUGIA-R+center,1430751,1442250
NC_009800.1,SSG-LUGIA-R+center,1465951,1507450
NC_009800.1,SSG-LUGIA-R+center,1589251,1679750
NC_009800.1,SSG-LUGIA-R+center,1830751,1844050
NC_009800.1,SSG-LUGIA-R+center,2048351,2190050
NC_009800.1,SSG-LUGIA-R+center,2210051,2250250
NC_009800.1,SSG-LUGIA-R+center,2418751,2445150
NC_009800.1,SSG-LUGIA-R+center,2504151,2540550
NC_009800.1,SSG-LUGIA-R+center,2654751,2698350
NC_009800.1,SSG-LUGIA-R+center,2989951,3031450
NC_009800.1,SSG-LUGIA-R+center,3466951,3518150
NC_009800.1,SSG-LUGIA-R+center,3640451,3665550
NC_009800.1,SSG-LUGIA-R+center,3673951,3686550
NC_009800.1,SSG-LUGIA-R+center,3788151,3805650
NC_009800.1,SSG-LUGIA-R+center,3805751,3824650
NC_009800.1,SSG-LUGIA-R+center,3917851,3968150
NC_009800.1,SSG-LUGIA-R+center,4077551,4090450
NC_009800.1,SSG-LUGIA-R+center,4192251,4243150
NC_009800.1,SSG-LUGIA-R+center,4372751,4394250
NC_009800.1,SSG-LUGIA-R+center,4415251,4440850
NC_009800.1,SSG-LUGIA-R+center,4522951,4589950
NC_009801.1,SSG-LUGIA-P,230001,267300
NC_009801.1,SSG-LUGIA-P,1400801,1442900
NC_009801.1,SSG-LUGIA-P,1682701,1703900
NC_009801.1,SSG-LUGIA-P,1744301,1754300
NC_009801.1,SSG-LUGIA-P,2162501,2203300
NC_009801.1,SSG-LUGIA-P,2899801,2944200
NC_009801.1,SSG-LUGIA-P,3176901,3197600
NC_009801.1,SSG-LUGIA-P,3337201,3423400
NC_009801.1,SSG-LUGIA-P,3757101,3769000
NC_009801.1,SSG-LUGIA-P,4497701,4527800
NC_009801.1,SSG-LUGIA-P,4828101,4895600
NC_009801.1,SSG-LUGIA-P+center,234951,272250
NC_009801.1,SSG-LUGIA-P+center,1405751,1447850
NC_009801.1,SSG-LUGIA-P+center,1687651,1708850
NC_009801.1,SSG-LUGIA-P+center,1749251,1759250
NC_009801.1,SSG-LUGIA-P+center,2167451,2208250
NC_009801.1,SSG-LUGIA-P+center,2904751,2949150
NC_009801.1,SSG-LUGIA-P+center,3181851,3202550
NC_009801.1,SSG-LUGIA-P+center,3342151,3428350
NC_009801.1,SSG-LUGIA-P+center,3762051,3773950
NC_009801.1,SSG-LUGIA-P+center,4502651,4532750
NC_009801.1,SSG-LUGIA-P+center,4833051,4900550
NC_009801.1,SSG-LUGIA-F,227701,268300
NC_009801.1,SSG-LUGIA-F,308101,348200
NC_009801.1,SSG-LUGIA-F,1285001,1295400
NC_009801.1,SSG-LUGIA-F,1392701,1443700
NC_009801.1,SSG-LUGIA-F,1679801,1707300
NC_009801.1,SSG-LUGIA-F,1739801,1772000
NC_009801.1,SSG-LUGIA-F,2160901,2205800
NC_009801.1,SSG-LUGIA-F,2899501,2944600
NC_009801.1,SSG-LUGIA-F,3176401,3198400
NC_009801.1,SSG-LUGIA-F,3332301,3428100
NC_009801.1,SSG-LUGIA-F,3754901,3773200
NC_009801.1,SSG-LUGIA-F,4496201,4531100
NC_009801.1,SSG-LUGIA-F,4825701,4897100
NC_009801.1,SSG-LUGIA-F+center,232651,273250
NC_009801.1,SSG-LUGIA-F+center,313051,353150
NC_009801.1,SSG-LUGIA-F+center,1289951,1300350
NC_009801.1,SSG-LUGIA-F+center,1397651,1448650
NC_009801.1,SSG-LUGIA-F+center,1684751,1712250
NC_009801.1,SSG-LUGIA-F+center,1744751,1776950
NC_009801.1,SSG-LUGIA-F+center,2165851,2210750
NC_009801.1,SSG-LUGIA-F+center,2904451,2949550
NC_009801.1,SSG-LUGIA-F+center,3181351,3203350
NC_009801.1,SSG-LUGIA-F+center,3337251,3433050
NC_009801.1,SSG-LUGIA-F+center,3759851,3778150
NC_009801.1,SSG-LUGIA-F+center,4501151,4536050
NC_009801.1,SSG-LUGIA-F+center,4830651,4902050
NC_009801.1,SSG-LUGIA-R,11201,31600
NC_009801.1,SSG-LUGIA-R,131901,169400
NC_009801.1,SSG-LUGIA-R,215701,270300
NC_009801.1,SSG-LUGIA-R,291801,373000
NC_009801.1,SSG-LUGIA-R,556001,575800
NC_009801.1,SSG-LUGIA-R,582601,603900
NC_009801.1,SSG-LUGIA-R,818501,853400
NC_009801.1,SSG-LUGIA-R,981501,1029400
NC_009801.1,SSG-LUGIA-R,1158901,1200300
NC_009801.1,SSG-LUGIA-R,1254401,1298800
NC_009801.1,SSG-LUGIA-R,1373701,1447100
NC_009801.1,SSG-LUGIA-R,1548801,1580100
NC_009801.1,SSG-LUGIA-R,1670201,1723100
NC_009801.1,SSG-LUGIA-R,1731101,1779800
NC_009801.1,SSG-LUGIA-R,1911801,1923300
NC_009801.1,SSG-LUGIA-R,2151701,2243400
NC_009801.1,SSG-LUGIA-R,2279201,2306000
NC_009801.1,SSG-LUGIA-R,2345201,2383700
NC_009801.1,SSG-LUGIA-R,2630201,2664100
NC_009801.1,SSG-LUGIA-R,2886701,2955000
NC_009801.1,SSG-LUGIA-R,3001901,3033400
NC_009801.1,SSG-LUGIA-R,3128501,3149900
NC_009801.1,SSG-LUGIA-R,3166201,3203600
NC_009801.1,SSG-LUGIA-R,3321901,3434900
NC_009801.1,SSG-LUGIA-R,3749901,3784500
NC_009801.1,SSG-LUGIA-R,3917801,3931500
NC_009801.1,SSG-LUGIA-R,3937301,3959400
NC_009801.1,SSG-LUGIA-R,4066901,4105600
NC_009801.1,SSG-LUGIA-R,4209701,4253800
NC_009801.1,SSG-LUGIA-R,4491301,4544800
NC_009801.1,SSG-LUGIA-R,4815901,4902800
NC_009801.1,SSG-LUGIA-R+center,16151,36550
NC_009801.1,SSG-LUGIA-R+center,136851,174350
NC_009801.1,SSG-LUGIA-R+center,220651,275250
NC_009801.1,SSG-LUGIA-R+center,296751,377950
NC_009801.1,SSG-LUGIA-R+center,560951,580750
NC_009801.1,SSG-LUGIA-R+center,587551,608850
NC_009801.1,SSG-LUGIA-R+center,823451,858350
NC_009801.1,SSG-LUGIA-R+center,986451,1034350
NC_009801.1,SSG-LUGIA-R+center,1163851,1205250
NC_009801.1,SSG-LUGIA-R+center,1259351,1303750
NC_009801.1,SSG-LUGIA-R+center,1378651,1452050
NC_009801.1,SSG-LUGIA-R+center,1553751,1585050
NC_009801.1,SSG-LUGIA-R+center,1675151,1728050
NC_009801.1,SSG-LUGIA-R+center,1736051,1784750
NC_009801.1,SSG-LUGIA-R+center,1916751,1928250
NC_009801.1,SSG-LUGIA-R+center,2156651,2248350
NC_009801.1,SSG-LUGIA-R+center,2284151,2310950
NC_009801.1,SSG-LUGIA-R+center,2350151,2388650
NC_009801.1,SSG-LUGIA-R+center,2635151,2669050
NC_009801.1,SSG-LUGIA-R+center,2891651,2959950
NC_009801.1,SSG-LUGIA-R+center,3006851,3038350
NC_009801.1,SSG-LUGIA-R+center,3133451,3154850
NC_009801.1,SSG-LUGIA-R+center,3171151,3208550
NC_009801.1,SSG-LUGIA-R+center,3326851,3439850
NC_009801.1,SSG-LUGIA-R+center,3754851,3789450
NC_009801.1,SSG-LUGIA-R+center,3922751,3936450
NC_009801.1,SSG-LUGIA-R+center,3942251,3964350
NC_009801.1,SSG-LUGIA-R+center,4071851,4110550
NC_009801.1,SSG-LUGIA-R+center,4214651,4258750
NC_009801.1,SSG-LUGIA-R+center,4496251,4549750
NC_009801.1,SSG-LUGIA-R+center,4820851,4907750
NC_010084.1,SSG-LUGIA-P,4001,16900
NC_010084.1,SSG-LUGIA-P,253501,297300
NC_010084.1,SSG-LUGIA-P,535901,556600
NC_010084.1,SSG-LUGIA-P,1136301,1146300
NC_010084.1,SSG-LUGIA-P,1903101,1928500
NC_010084.1,SSG-LUGIA-P,1982901,2021900
NC_010084.1,SSG-LUGIA-P,2477001,2564800
NC_010084.1,SSG-LUGIA-P,2816501,2846200
NC_010084.1,SSG-LUGIA-P+center,8951,21850
NC_010084.1,SSG-LUGIA-P+center,258451,302250
NC_010084.1,SSG-LUGIA-P+center,540851,561550
NC_010084.1,SSG-LUGIA-P+center,1141251,1151250
NC_010084.1,SSG-LUGIA-P+center,1908051,1933450
NC_010084.1,SSG-LUGIA-P+center,1987851,2026850
NC_010084.1,SSG-LUGIA-P+center,2481951,2569750
NC_010084.1,SSG-LUGIA-P+center,2821451,2851150
NC_010084.1,SSG-LUGIA-F,2101,18200
NC_010084.1,SSG-LUGIA-F,252901,299200
NC_010084.1,SSG-LUGIA-F,535301,557400
NC_010084.1,SSG-LUGIA-F,1133401,1148600
NC_010084.1,SSG-LUGIA-F,1746001,1766800
NC_010084.1,SSG-LUGIA-F,1897301,1935400
NC_010084.1,SSG-LUGIA-F,1979501,2024200
NC_010084.1,SSG-LUGIA-F,2476001,2566100
NC_010084.1,SSG-LUGIA-F,2665001,2685100
NC_010084.1,SSG-LUGIA-F,2729201,2744400
NC_010084.1,SSG-LUGIA-F,2806701,2846800
NC_010084.1,SSG-LUGIA-F,3175601,3209200
NC_010084.1,SSG-LUGIA-F+center,7051,23150
NC_010084.1,SSG-LUGIA-F+center,257851,304150
NC_010084.1,SSG-LUGIA-F+center,540251,562350
NC_010084.1,SSG-LUGIA-F+center,1138351,1153550
NC_010084.1,SSG-LUGIA-F+center,1750951,1771750
NC_010084.1,SSG-LUGIA-F+center,1902251,1940350
NC_010084.1,SSG-LUGIA-F+center,1984451,2029150
NC_010084.1,SSG-LUGIA-F+center,2480951,2571050
NC_010084.1,SSG-LUGIA-F+center,2669951,2690050
NC_010084.1,SSG-LUGIA-F+center,2734151,2749350
NC_010084.1,SSG-LUGIA-F+center,2811651,2851750
NC_010084.1,SSG-LUGIA-F+center,3180551,3214150
NC_010084.1,SSG-LUGIA-R,1,19800
NC_010084.1,SSG-LUGIA-R,20001,33100
NC_010084.1,SSG-LUGIA-R,87001,109100
NC_010084.1,SSG-LUGIA-R,164501,182000
NC_010084.1,SSG-LUGIA-R,248701,315400
NC_010084.1,SSG-LUGIA-R,362501,386000
NC_010084.1,SSG-LUGIA-R,530301,571300
NC_010084.1,SSG-LUGIA-R,909601,928900
NC_010084.1,SSG-LUGIA-R,989901,1008300
NC_010084.1,SSG-LUGIA-R,1037601,1057800
NC_010084.1,SSG-LUGIA-R,1126201,1174000
NC_010084.1,SSG-LUGIA-R,1307601,1325600
NC_010084.1,SSG-LUGIA-R,1738301,1793800
NC_010084.1,SSG-LUGIA-R,1854601,1956400
NC_010084.1,SSG-LUGIA-R,1968501,2046500
NC_010084.1,SSG-LUGIA-R,2110501,2223800
NC_010084.1,SSG-LUGIA-R,2462801,2574100
NC_010084.1,SSG-LUGIA-R,2662401,2688800
NC_010084.1,SSG-LUGIA-R,2724501,2750800
NC_010084.1,SSG-LUGIA-R,2800201,2850900
NC_010084.1,SSG-LUGIA-R,3033901,3105800
NC_010084.1,SSG-LUGIA-R,3167601,3216400
NC_010084.1,SSG-LUGIA-R,3272501,3290100
NC_010084.1,SSG-LUGIA-R+center,4951,24750
NC_010084.1,SSG-LUGIA-R+center,24951,38050
NC_010084.1,SSG-LUGIA-R+center,91951,114050
NC_010084.1,SSG-LUGIA-R+center,169451,186950
NC_010084.1,SSG-LUGIA-R+center,253651,320350
NC_010084.1,SSG-LUGIA-R+center,367451,390950
NC_010084.1,SSG-LUGIA-R+center,535251,576250
NC_010084.1,SSG-LUGIA-R+center,914551,933850
NC_010084.1,SSG-LUGIA-R+center,994851,1013250
NC_010084.1,SSG-LUGIA-R+center,1042551,1062750
NC_010084.1,SSG-LUGIA-R+center,1131151,1178950
NC_010084.1,SSG-LUGIA-R+center,1312551,1330550
NC_010084.1,SSG-LUGIA-R+center,1743251,1798750
NC_010084.1,SSG-LUGIA-R+center,1859551,1961350
NC_010084.1,SSG-LUGIA-R+center,1973451,2051450
NC_010084.1,SSG-LUGIA-R+center,2115451,2228750
NC_010084.1,SSG-LUGIA-R+center,2467751,2579050
NC_010084.1,SSG-LUGIA-R+center,2667351,2693750
NC_010084.1,SSG-LUGIA-R+center,2729451,2755750
NC_010084.1,SSG-LUGIA-R+center,2805151,2855850
NC_010084.1,SSG-LUGIA-R+center,3038851,3110750
NC_010084.1,SSG-LUGIA-R+center,3172551,3221350
NC_010084.1,SSG-LUGIA-R+center,3277451,3295050
NC_009901.1,SSG-LUGIA-P,52301,94400
NC_009901.1,SSG-LUGIA-P,171701,241100
NC_009901.1,SSG-LUGIA-P,420501,445700
NC_009901.1,SSG-LUGIA-P,1519701,1560200
NC_009901.1,SSG-LUGIA-P,1644201,1660300
NC_009901.1,SSG-LUGIA-P,1690801,1717300
NC_009901.1,SSG-LUGIA-P,2793201,2814700
NC_009901.1,SSG-LUGIA-P,4685501,4700700
NC_009901.1,SSG-LUGIA-P,5108201,5120200
NC_009901.1,SSG-LUGIA-P+center,57251,99350
NC_009901.1,SSG-LUGIA-P+center,176651,246050
NC_009901.1,SSG-LUGIA-P+center,425451,450650
NC_009901.1,SSG-LUGIA-P+center,1524651,1565150
NC_009901.1,SSG-LUGIA-P+center,1649151,1665250
NC_009901.1,SSG-LUGIA-P+center,1695751,1722250
NC_009901.1,SSG-LUGIA-P+center,2798151,2819650
NC_009901.1,SSG-LUGIA-P+center,4690451,4705650
NC_009901.1,SSG-LUGIA-P+center,5113151,5125150
NC_009901.1,SSG-LUGIA-F,49301,98900
NC_009901.1,SSG-LUGIA-F,169201,241700
NC_009901.1,SSG-LUGIA-F,419001,448900
NC_009901.1,SSG-LUGIA-F,1517301,1562100
NC_009901.1,SSG-LUGIA-F,1639101,1719600
NC_009901.1,SSG-LUGIA-F,2791501,2815500
NC_009901.1,SSG-LUGIA-F,4612101,4632400
NC_009901.1,SSG-LUGIA-F,4682301,4703600
NC_009901.1,SSG-LUGIA-F,5106601,5121200
NC_009901.1,SSG-LUGIA-F+center,54251,103850
NC_009901.1,SSG-LUGIA-F+center,174151,246650
NC_009901.1,SSG-LUGIA-F+center,423951,453850
NC_009901.1,SSG-LUGIA-F+center,1522251,1567050
NC_009901.1,SSG-LUGIA-F+center,1644051,1724550
NC_009901.1,SSG-LUGIA-F+center,2796451,2820450
NC_009901.1,SSG-LUGIA-F+center,4617051,4637350
NC_009901.1,SSG-LUGIA-F+center,4687251,4708550
NC_009901.1,SSG-LUGIA-F+center,5111551,5126150
NC_009901.1,SSG-LUGIA-R,37901,108100
NC_009901.1,SSG-LUGIA-R,158901,247000
NC_009901.1,SSG-LUGIA-R,299701,344900
NC_009901.1,SSG-LUGIA-R,400301,480800
NC_009901.1,SSG-LUGIA-R,489801,507900
NC_009901.1,SSG-LUGIA-R,519501,553900
NC_009901.1,SSG-LUGIA-R,603201,660700
NC_009901.1,SSG-LUGIA-R,1019701,1039600
NC_009901.1,SSG-LUGIA-R,1512301,1568000
NC_009901.1,SSG-LUGIA-R,1628601,1732100
NC_009901.1,SSG-LUGIA-R,1824001,1855300
NC_009901.1,SSG-LUGIA-R,1899001,1942200
NC_009901.1,SSG-LUGIA-R,2053901,2075600
NC_009901.1,SSG-LUGIA-R,2080901,2096700
NC_009901.1,SSG-LUGIA-R,2159601,2173600
NC_009901.1,SSG-LUGIA-R,2188701,2226900
NC_009901.1,SSG-LUGIA-R,2281101,2312200
NC_009901.1,SSG-LUGIA-R,2342901,2372900
NC_009901.1,SSG-LUGIA-R,2523901,2550800
NC_009901.1,SSG-LUGIA-R,2591501,2631100
NC_009901.1,SSG-LUGIA-R,2661101,2683900
NC_009901.1,SSG-LUGIA-R,2737201,2766200
NC_009901.1,SSG-LUGIA-R,2787601,2821900
NC_009901.1,SSG-LUGIA-R,2921101,2962300
NC_009901.1,SSG-LUGIA-R,3151201,3171200
NC_009901.1,SSG-LUGIA-R,3263701,3311600
NC_009901.1,SSG-LUGIA-R,3545901,3566500
NC_009901.1,SSG-LUGIA-R,3734901,3768800
NC_009901.1,SSG-LUGIA-R,3843301,3882600
NC_009901.1,SSG-LUGIA-R,4008401,4038600
NC_009901.1,SSG-LUGIA-R,4210001,4228600
NC_009901.1,SSG-LUGIA-R,4302401,4315200
NC_009901.1,SSG-LUGIA-R,4539501,4574500
NC_009901.1,SSG-LUGIA-R,4604901,4637000
NC_009901.1,SSG-LUGIA-R,4673601,4745100
NC_009901.1,SSG-LUGIA-R,4812801,4881000
NC_009901.1,SSG-LUGIA-R,5003901,5033500
NC_009901.1,SSG-LUGIA-R,5086701,5097100
NC_009901.1,SSG-LUGIA-R,5101801,5124500
NC_009901.1,SSG-LUGIA-R,5132501,5151600
NC_009901.1,SSG-LUGIA-R+center,42851,113050
NC_009901.1,SSG-LUGIA-R+center,163851,251950
NC_009901.1,SSG-LUGIA-R+center,304651,349850
NC_009901.1,SSG-LUGIA-R+center,405251,485750
NC_009901.1,SSG-LUGIA-R+center,494751,512850
NC_009901.1,SSG-LUGIA-R+center,524451,558850
NC_009901.1,SSG-LUGIA-R+center,608151,665650
NC_009901.1,SSG-LUGIA-R+center,1024651,1044550
NC_009901.1,SSG-LUGIA-R+center,1517251,1572950
NC_009901.1,SSG-LUGIA-R+center,1633551,1737050
NC_009901.1,SSG-LUGIA-R+center,1828951,1860250
NC_009901.1,SSG-LUGIA-R+center,1903951,1947150
NC_009901.1,SSG-LUGIA-R+center,2058851,2080550
NC_009901.1,SSG-LUGIA-R+center,2085851,2101650
NC_009901.1,SSG-LUGIA-R+center,2164551,2178550
NC_009901.1,SSG-LUGIA-R+center,2193651,2231850
NC_009901.1,SSG-LUGIA-R+center,2286051,2317150
NC_009901.1,SSG-LUGIA-R+center,2347851,2377850
NC_009901.1,SSG-LUGIA-R+center,2528851,2555750
NC_009901.1,SSG-LUGIA-R+center,2596451,2636050
NC_009901.1,SSG-LUGIA-R+center,2666051,2688850
NC_009901.1,SSG-LUGIA-R+center,2742151,2771150
NC_009901.1,SSG-LUGIA-R+center,2792551,2826850
NC_009901.1,SSG-LUGIA-R+center,2926051,2967250
NC_009901.1,SSG-LUGIA-R+center,3156151,3176150
NC_009901.1,SSG-LUGIA-R+center,3268651,3316550
NC_009901.1,SSG-LUGIA-R+center,3550851,3571450
NC_009901.1,SSG-LUGIA-R+center,3739851,3773750
NC_009901.1,SSG-LUGIA-R+center,3848251,3887550
NC_009901.1,SSG-LUGIA-R+center,4013351,4043550
NC_009901.1,SSG-LUGIA-R+center,4214951,4233550
NC_009901.1,SSG-LUGIA-R+center,4307351,4320150
NC_009901.1,SSG-LUGIA-R+center,4544451,4579450
NC_009901.1,SSG-LUGIA-R+center,4609851,4641950
NC_009901.1,SSG-LUGIA-R+center,4678551,4750050
NC_009901.1,SSG-LUGIA-R+center,4817751,4885950
NC_009901.1,SSG-LUGIA-R+center,5008851,5038450
NC_009901.1,SSG-LUGIA-R+center,5091651,5102050
NC_009901.1,SSG-LUGIA-R+center,5106751,5129450
NC_009901.1,SSG-LUGIA-R+center,5137451,5156550
NC_009997.1,SSG-LUGIA-P,202401,268000
NC_009997.1,SSG-LUGIA-P,673401,749700
NC_009997.1,SSG-LUGIA-P,911401,921900
NC_009997.1,SSG-LUGIA-P,1994901,2020600
NC_009997.1,SSG-LUGIA-P,2350301,2418300
NC_009997.1,SSG-LUGIA-P,2530001,2553200
NC_009997.1,SSG-LUGIA-P,2642101,2719800
NC_009997.1,SSG-LUGIA-P,3585001,3611300
NC_009997.1,SSG-LUGIA-P,3980801,4018100
NC_009997.1,SSG-LUGIA-P,4825201,4849000
NC_009997.1,SSG-LUGIA-P+center,207351,272950
NC_009997.1,SSG-LUGIA-P+center,678351,754650
NC_009997.1,SSG-LUGIA-P+center,916351,926850
NC_009997.1,SSG-LUGIA-P+center,1999851,2025550
NC_009997.1,SSG-LUGIA-P+center,2355251,2423250
NC_009997.1,SSG-LUGIA-P+center,2534951,2558150
NC_009997.1,SSG-LUGIA-P+center,2647051,2724750
NC_009997.1,SSG-LUGIA-P+center,3589951,3616250
NC_009997.1,SSG-LUGIA-P+center,3985751,4023050
NC_009997.1,SSG-LUGIA-P+center,4830151,4853950
NC_009997.1,SSG-LUGIA-F,198001,269900
NC_009997.1,SSG-LUGIA-F,465501,481700
NC_009997.1,SSG-LUGIA-F,671601,752100
NC_009997.1,SSG-LUGIA-F,904801,930700
NC_009997.1,SSG-LUGIA-F,1364601,1386400
NC_009997.1,SSG-LUGIA-F,1992701,2021400
NC_009997.1,SSG-LUGIA-F,2346401,2420100
NC_009997.1,SSG-LUGIA-F,2529301,2554600
NC_009997.1,SSG-LUGIA-F,2632501,2720800
NC_009997.1,SSG-LUGIA-F,3583101,3617600
NC_009997.1,SSG-LUGIA-F,3622201,3632800
NC_009997.1,SSG-LUGIA-F,3651101,3686200
NC_009997.1,SSG-LUGIA-F,3975801,4023400
NC_009997.1,SSG-LUGIA-F,4824901,4849900
NC_009997.1,SSG-LUGIA-F,5192201,5213200
NC_009997.1,SSG-LUGIA-F+center,202951,274850
NC_009997.1,SSG-LUGIA-F+center,470451,486650
NC_009997.1,SSG-LUGIA-F+center,676551,757050
NC_009997.1,SSG-LUGIA-F+center,909751,935650
NC_009997.1,SSG-LUGIA-F+center,1369551,1391350
NC_009997.1,SSG-LUGIA-F+center,1997651,2026350
NC_009997.1,SSG-LUGIA-F+center,2351351,2425050
NC_009997.1,SSG-LUGIA-F+center,2534251,2559550
NC_009997.1,SSG-LUGIA-F+center,2637451,2725750
NC_009997.1,SSG-LUGIA-F+center,3588051,3622550
NC_009997.1,SSG-LUGIA-F+center,3627151,3637750
NC_009997.1,SSG-LUGIA-F+center,3656051,3691150
NC_009997.1,SSG-LUGIA-F+center,3980751,4028350
NC_009997.1,SSG-LUGIA-F+center,4829851,4854850
NC_009997.1,SSG-LUGIA-F+center,5197151,5218150
NC_009997.1,SSG-LUGIA-R,50901,89500
NC_009997.1,SSG-LUGIA-R,181201,281300
NC_009997.1,SSG-LUGIA-R,350801,406900
NC_009997.1,SSG-LUGIA-R,458101,488600
NC_009997.1,SSG-LUGIA-R,578601,602700
NC_009997.1,SSG-LUGIA-R,666001,754600
NC_009997.1,SSG-LUGIA-R,891401,943100
NC_009997.1,SSG-LUGIA-R,989201,1014900
NC_009997.1,SSG-LUGIA-R,1164001,1174500
NC_009997.1,SSG-LUGIA-R,1185801,1198800
NC_009997.1,SSG-LUGIA-R,1351601,1391500
NC_009997.1,SSG-LUGIA-R,1726401,1737900
NC_009997.1,SSG-LUGIA-R,1745101,1756000
NC_009997.1,SSG-LUGIA-R,1934101,1964800
NC_009997.1,SSG-LUGIA-R,1989901,2023600
NC_009997.1,SSG-LUGIA-R,2060801,2089300
NC_009997.1,SSG-LUGIA-R,2342101,2427100
NC_009997.1,SSG-LUGIA-R,2485601,2561900
NC_009997.1,SSG-LUGIA-R,2629801,2735600
NC_009997.1,SSG-LUGIA-R,2782401,2801800
NC_009997.1,SSG-LUGIA-R,2972501,2991700
NC_009997.1,SSG-LUGIA-R,3261901,3296700
NC_009997.1,SSG-LUGIA-R,3376501,3398300
NC_009997.1,SSG-LUGIA-R,3440001,3460500
NC_009997.1,SSG-LUGIA-R,3467101,3483200
NC_009997.1,SSG-LUGIA-R,3578201,3693600
NC_009997.1,SSG-LUGIA-R,3965501,4028100
NC_009997.1,SSG-LUGIA-R,4093101,4117900
NC_009997.1,SSG-LUGIA-R,4762501,4779400
NC_009997.1,SSG-LUGIA-R,4814401,4867800
NC_009997.1,SSG-LUGIA-R,4973301,5002000
NC_009997.1,SSG-LUGIA-R,5185501,5230700
NC_009997.1,SSG-LUGIA-R,5282301,5332000
NC_009997.1,SSG-LUGIA-R+center,55851,94450
NC_009997.1,SSG-LUGIA-R+center,186151,286250
NC_009997.1,SSG-LUGIA-R+center,355751,411850
NC_009997.1,SSG-LUGIA-R+center,463051,493550
NC_009997.1,SSG-LUGIA-R+center,583551,607650
NC_009997.1,SSG-LUGIA-R+center,670951,759550
NC_009997.1,SSG-LUGIA-R+center,896351,948050
NC_009997.1,SSG-LUGIA-R+center,994151,1019850
NC_009997.1,SSG-LUGIA-R+center,1168951,1179450
NC_009997.1,SSG-LUGIA-R+center,1190751,1203750
NC_009997.1,SSG-LUGIA-R+center,1356551,1396450
NC_009997.1,SSG-LUGIA-R+center,1731351,1742850
NC_009997.1,SSG-LUGIA-R+center,1750051,1760950
NC_009997.1,SSG-LUGIA-R+center,1939051,1969750
NC_009997.1,SSG-LUGIA-R+center,1994851,2028550
NC_009997.1,SSG-LUGIA-R+center,2065751,2094250
NC_009997.1,SSG-LUGIA-R+center,2347051,2432050
NC_009997.1,SSG-LUGIA-R+center,2490551,2566850
NC_009997.1,SSG-LUGIA-R+center,2634751,2740550
NC_009997.1,SSG-LUGIA-R+center,2787351,2806750
NC_009997.1,SSG-LUGIA-R+center,2977451,2996650
NC_009997.1,SSG-LUGIA-R+center,3266851,3301650
NC_009997.1,SSG-LUGIA-R+center,3381451,3403250
NC_009997.1,SSG-LUGIA-R+center,3444951,3465450
NC_009997.1,SSG-LUGIA-R+center,3472051,3488150
NC_009997.1,SSG-LUGIA-R+center,3583151,3698550
NC_009997.1,SSG-LUGIA-R+center,3970451,4033050
NC_009997.1,SSG-LUGIA-R+center,4098051,4122850
NC_009997.1,SSG-LUGIA-R+center,4767451,4784350
NC_009997.1,SSG-LUGIA-R+center,4819351,4872750
NC_009997.1,SSG-LUGIA-R+center,4978251,5006950
NC_009997.1,SSG-LUGIA-R+center,5190451,5235650
NC_009997.1,SSG-LUGIA-R+center,5287251,5336950
NC_010167.1,SSG-LUGIA-P,1280201,1302300
NC_010167.1,SSG-LUGIA-P+center,1285151,1307250
NC_010167.1,SSG-LUGIA-F,334001,360500
NC_010167.1,SSG-LUGIA-F,464401,480800
NC_010167.1,SSG-LUGIA-F,1074001,1085200
NC_010167.1,SSG-LUGIA-F,1276301,1327900
NC_010167.1,SSG-LUGIA-F+center,338951,365450
NC_010167.1,SSG-LUGIA-F+center,469351,485750
NC_010167.1,SSG-LUGIA-F+center,1078951,1090150
NC_010167.1,SSG-LUGIA-F+center,1281251,1332850
NC_010167.1,SSG-LUGIA-R,14201,72400
NC_010167.1,SSG-LUGIA-R,152201,192800
NC_010167.1,SSG-LUGIA-R,271401,316900
NC_010167.1,SSG-LUGIA-R,327301,377300
NC_010167.1,SSG-LUGIA-R,388201,410500
NC_010167.1,SSG-LUGIA-R,456601,484600
NC_010167.1,SSG-LUGIA-R,514801,540400
NC_010167.1,SSG-LUGIA-R,652001,669000
NC_010167.1,SSG-LUGIA-R,761501,803900
NC_010167.1,SSG-LUGIA-R,812801,825000
NC_010167.1,SSG-LUGIA-R,1052201,1098600
NC_010167.1,SSG-LUGIA-R,1266301,1338200
NC_010167.1,SSG-LUGIA-R+center,19151,77350
NC_010167.1,SSG-LUGIA-R+center,157151,197750
NC_010167.1,SSG-LUGIA-R+center,276351,321850
NC_010167.1,SSG-LUGIA-R+center,332251,382250
NC_010167.1,SSG-LUGIA-R+center,393151,415450
NC_010167.1,SSG-LUGIA-R+center,461551,489550
NC_010167.1,SSG-LUGIA-R+center,519751,545350
NC_010167.1,SSG-LUGIA-R+center,656951,673950
NC_010167.1,SSG-LUGIA-R+center,766451,808850
NC_010167.1,SSG-LUGIA-R+center,817751,829950
NC_010167.1,SSG-LUGIA-R+center,1057151,1103550
NC_010167.1,SSG-LUGIA-R+center,1271251,1343150
NC_010102.1,SSG-LUGIA-P,684601,707400
NC_010102.1,SSG-LUGIA-P,987001,1016900
NC_010102.1,SSG-LUGIA-P,1139501,1161200
NC_010102.1,SSG-LUGIA-P,1618201,1639500
NC_010102.1,SSG-LUGIA-P,1780401,1872800
NC_010102.1,SSG-LUGIA-P,2762101,2804600
NC_010102.1,SSG-LUGIA-P,2848101,2861900
NC_010102.1,SSG-LUGIA-P,2970801,3005700
NC_010102.1,SSG-LUGIA-P,3529801,3540300
NC_010102.1,SSG-LUGIA-P,4288001,4306700
NC_010102.1,SSG-LUGIA-P,4397501,4423800
NC_010102.1,SSG-LUGIA-P,4479901,4574800
NC_010102.1,SSG-LUGIA-P+center,689551,712350
NC_010102.1,SSG-LUGIA-P+center,991951,1021850
NC_010102.1,SSG-LUGIA-P+center,1144451,1166150
NC_010102.1,SSG-LUGIA-P+center,1623151,1644450
NC_010102.1,SSG-LUGIA-P+center,1785351,1877750
NC_010102.1,SSG-LUGIA-P+center,2767051,2809550
NC_010102.1,SSG-LUGIA-P+center,2853051,2866850
NC_010102.1,SSG-LUGIA-P+center,2975751,3010650
NC_010102.1,SSG-LUGIA-P+center,3534751,3545250
NC_010102.1,SSG-LUGIA-P+center,4292951,4311650
NC_010102.1,SSG-LUGIA-P+center,4402451,4428750
NC_010102.1,SSG-LUGIA-P+center,4484851,4579750
NC_010102.1,SSG-LUGIA-F,682801,710300
NC_010102.1,SSG-LUGIA-F,857901,872700
NC_010102.1,SSG-LUGIA-F,879601,950000
NC_010102.1,SSG-LUGIA-F,965801,1019700
NC_010102.1,SSG-LUGIA-F,1138501,1161900
NC_010102.1,SSG-LUGIA-F,1615001,1640100
NC_010102.1,SSG-LUGIA-F,1779501,1876600
NC_010102.1,SSG-LUGIA-F,2760901,2807000
NC_010102.1,SSG-LUGIA-F,2843301,2877100
NC_010102.1,SSG-LUGIA-F,2962501,3009200
NC_010102.1,SSG-LUGIA-F,3527101,3542800
NC_010102.1,SSG-LUGIA-F,4285701,4319400
NC_010102.1,SSG-LUGIA-F,4396601,4425500
NC_010102.1,SSG-LUGIA-F,4479501,4577400
NC_010102.1,SSG-LUGIA-F+center,687751,715250
NC_010102.1,SSG-LUGIA-F+center,862851,877650
NC_010102.1,SSG-LUGIA-F+center,884551,954950
NC_010102.1,SSG-LUGIA-F+center,970751,1024650
NC_010102.1,SSG-LUGIA-F+center,1143451,1166850
NC_010102.1,SSG-LUGIA-F+center,1619951,1645050
NC_010102.1,SSG-LUGIA-F+center,1784451,1881550
NC_010102.1,SSG-LUGIA-F+center,2765851,2811950
NC_010102.1,SSG-LUGIA-F+center,2848251,2882050
NC_010102.1,SSG-LUGIA-F+center,2967451,3014150
NC_010102.1,SSG-LUGIA-F+center,3532051,3547750
NC_010102.1,SSG-LUGIA-F+center,4290651,4324350
NC_010102.1,SSG-LUGIA-F+center,4401551,4430450
NC_010102.1,SSG-LUGIA-F+center,4484451,4582350
NC_010102.1,SSG-LUGIA-R,3501,19900
NC_010102.1,SSG-LUGIA-R,20001,48000
NC_010102.1,SSG-LUGIA-R,55401,90600
NC_010102.1,SSG-LUGIA-R,202901,224600
NC_010102.1,SSG-LUGIA-R,369101,429000
NC_010102.1,SSG-LUGIA-R,607301,632100
NC_010102.1,SSG-LUGIA-R,664501,716100
NC_010102.1,SSG-LUGIA-R,801001,817800
NC_010102.1,SSG-LUGIA-R,823501,1032100
NC_010102.1,SSG-LUGIA-R,1137401,1171000
NC_010102.1,SSG-LUGIA-R,1257501,1275300
NC_010102.1,SSG-LUGIA-R,1471601,1499200
NC_010102.1,SSG-LUGIA-R,1501301,1512100
NC_010102.1,SSG-LUGIA-R,1613001,1643900
NC_010102.1,SSG-LUGIA-R,1771301,1877800
NC_010102.1,SSG-LUGIA-R,2102501,2124700
NC_010102.1,SSG-LUGIA-R,2268801,2346600
NC_010102.1,SSG-LUGIA-R,2476301,2488300
NC_010102.1,SSG-LUGIA-R,2752901,2811600
NC_010102.1,SSG-LUGIA-R,2837501,2898000
NC_010102.1,SSG-LUGIA-R,2948301,3016500
NC_010102.1,SSG-LUGIA-R,3521101,3553400
NC_010102.1,SSG-LUGIA-R,3669201,3684400
NC_010102.1,SSG-LUGIA-R,3869701,3883200
NC_010102.1,SSG-LUGIA-R,3885601,3898000
NC_010102.1,SSG-LUGIA-R,3906101,3918400
NC_010102.1,SSG-LUGIA-R,3936301,3951600
NC_010102.1,SSG-LUGIA-R,4000201,4042800
NC_010102.1,SSG-LUGIA-R,4284101,4324900
NC_010102.1,SSG-LUGIA-R,4395701,4431600
NC_010102.1,SSG-LUGIA-R,4477501,4587400
NC_010102.1,SSG-LUGIA-R,4740001,4778000
NC_010102.1,SSG-LUGIA-R+center,8451,24850
NC_010102.1,SSG-LUGIA-R+center,24951,52950
NC_010102.1,SSG-LUGIA-R+center,60351,95550
NC_010102.1,SSG-LUGIA-R+center,207851,229550
NC_010102.1,SSG-LUGIA-R+center,374051,433950
NC_010102.1,SSG-LUGIA-R+center,612251,637050
NC_010102.1,SSG-LUGIA-R+center,669451,721050
NC_010102.1,SSG-LUGIA-R+center,805951,822750
NC_010102.1,SSG-LUGIA-R+center,828451,1037050
NC_010102.1,SSG-LUGIA-R+center,1142351,1175950
NC_010102.1,SSG-LUGIA-R+center,1262451,1280250
NC_010102.1,SSG-LUGIA-R+center,1476551,1504150
NC_010102.1,SSG-LUGIA-R+center,1506251,1517050
NC_010102.1,SSG-LUGIA-R+center,1617951,1648850
NC_010102.1,SSG-LUGIA-R+center,1776251,1882750
NC_010102.1,SSG-LUGIA-R+center,2107451,2129650
NC_010102.1,SSG-LUGIA-R+center,2273751,2351550
NC_010102.1,SSG-LUGIA-R+center,2481251,2493250
NC_010102.1,SSG-LUGIA-R+center,2757851,2816550
NC_010102.1,SSG-LUGIA-R+center,2842451,2902950
NC_010102.1,SSG-LUGIA-R+center,2953251,3021450
NC_010102.1,SSG-LUGIA-R+center,3526051,3558350
NC_010102.1,SSG-LUGIA-R+center,3674151,3689350
NC_010102.1,SSG-LUGIA-R+center,3874651,3888150
NC_010102.1,SSG-LUGIA-R+center,3890551,3902950
NC_010102.1,SSG-LUGIA-R+center,3911051,3923350
NC_010102.1,SSG-LUGIA-R+center,3941251,3956550
NC_010102.1,SSG-LUGIA-R+center,4005151,4047750
NC_010102.1,SSG-LUGIA-R+center,4289051,4329850
NC_010102.1,SSG-LUGIA-R+center,4400651,4436550
NC_010102.1,SSG-LUGIA-R+center,4482451,4592350
NC_010102.1,SSG-LUGIA-R+center,4744951,4782950
NC_010159.1,SSG-LUGIA-P,5401,15400
NC_010159.1,SSG-LUGIA-P,603901,625700
NC_010159.1,SSG-LUGIA-P,1092501,1103900
NC_010159.1,SSG-LUGIA-P,1289201,1310300
NC_010159.1,SSG-LUGIA-P,1427301,1442200
NC_010159.1,SSG-LUGIA-P,2162501,2192800
NC_010159.1,SSG-LUGIA-P,3131101,3170000
NC_010159.1,SSG-LUGIA-P,3450501,3480700
NC_010159.1,SSG-LUGIA-P+center,10351,20350
NC_010159.1,SSG-LUGIA-P+center,608851,630650
NC_010159.1,SSG-LUGIA-P+center,1097451,1108850
NC_010159.1,SSG-LUGIA-P+center,1294151,1315250
NC_010159.1,SSG-LUGIA-P+center,1432251,1447150
NC_010159.1,SSG-LUGIA-P+center,2167451,2197750
NC_010159.1,SSG-LUGIA-P+center,3136051,3174950
NC_010159.1,SSG-LUGIA-P+center,3455451,3485650
NC_010159.1,SSG-LUGIA-F,5001,15700
NC_010159.1,SSG-LUGIA-F,128801,142900
NC_010159.1,SSG-LUGIA-F,153201,186000
NC_010159.1,SSG-LUGIA-F,211801,236600
NC_010159.1,SSG-LUGIA-F,247101,257200
NC_010159.1,SSG-LUGIA-F,418901,435700
NC_010159.1,SSG-LUGIA-F,593601,629000
NC_010159.1,SSG-LUGIA-F,1091101,1105600
NC_010159.1,SSG-LUGIA-F,1288901,1310800
NC_010159.1,SSG-LUGIA-F,1404201,1443400
NC_010159.1,SSG-LUGIA-F,2160501,2193200
NC_010159.1,SSG-LUGIA-F,3125801,3171000
NC_010159.1,SSG-LUGIA-F,3450101,3482500
NC_010159.1,SSG-LUGIA-F,4234201,4256400
NC_010159.1,SSG-LUGIA-F+center,9951,20650
NC_010159.1,SSG-LUGIA-F+center,133751,147850
NC_010159.1,SSG-LUGIA-F+center,158151,190950
NC_010159.1,SSG-LUGIA-F+center,216751,241550
NC_010159.1,SSG-LUGIA-F+center,252051,262150
NC_010159.1,SSG-LUGIA-F+center,423851,440650
NC_010159.1,SSG-LUGIA-F+center,598551,633950
NC_010159.1,SSG-LUGIA-F+center,1096051,1110550
NC_010159.1,SSG-LUGIA-F+center,1293851,1315750
NC_010159.1,SSG-LUGIA-F+center,1409151,1448350
NC_010159.1,SSG-LUGIA-F+center,2165451,2198150
NC_010159.1,SSG-LUGIA-F+center,3130751,3175950
NC_010159.1,SSG-LUGIA-F+center,3455051,3487450
NC_010159.1,SSG-LUGIA-F+center,4239151,4261350
NC_010159.1,SSG-LUGIA-R,4301,16600
NC_010159.1,SSG-LUGIA-R,122501,271800
NC_010159.1,SSG-LUGIA-R,411201,452300
NC_010159.1,SSG-LUGIA-R,481001,508100
NC_010159.1,SSG-LUGIA-R,591601,649000
NC_010159.1,SSG-LUGIA-R,1080901,1113900
NC_010159.1,SSG-LUGIA-R,1210001,1231100
NC_010159.1,SSG-LUGIA-R,1282201,1325200
NC_010159.1,SSG-LUGIA-R,1398501,1465900
NC_010159.1,SSG-LUGIA-R,1495901,1517400
NC_010159.1,SSG-LUGIA-R,1544801,1588300
NC_010159.1,SSG-LUGIA-R,1786601,1832200
NC_010159.1,SSG-LUGIA-R,1902701,1957200
NC_010159.1,SSG-LUGIA-R,2001201,2056800
NC_010159.1,SSG-LUGIA-R,2072201,2104100
NC_010159.1,SSG-LUGIA-R,2141901,2202300
NC_010159.1,SSG-LUGIA-R,2240101,2251300
NC_010159.1,SSG-LUGIA-R,2260701,2296900
NC_010159.1,SSG-LUGIA-R,2600001,2624300
NC_010159.1,SSG-LUGIA-R,2938601,2950100
NC_010159.1,SSG-LUGIA-R,3034701,3058800
NC_010159.1,SSG-LUGIA-R,3099801,3175200
NC_010159.1,SSG-LUGIA-R,3214501,3239000
NC_010159.1,SSG-LUGIA-R,3329201,3344200
NC_010159.1,SSG-LUGIA-R,3433801,3534000
NC_010159.1,SSG-LUGIA-R,3720201,3800700
NC_010159.1,SSG-LUGIA-R,3807001,3818300
NC_010159.1,SSG-LUGIA-R,3869501,3890000
NC_010159.1,SSG-LUGIA-R,4065201,4092900
NC_010159.1,SSG-LUGIA-R,4156601,4187900
NC_010159.1,SSG-LUGIA-R,4226701,4275600
NC_010159.1,SSG-LUGIA-R,4372001,4386400
NC_010159.1,SSG-LUGIA-R,4477201,4494300
NC_010159.1,SSG-LUGIA-R+center,9251,21550
NC_010159.1,SSG-LUGIA-R+center,127451,276750
NC_010159.1,SSG-LUGIA-R+center,416151,457250
NC_010159.1,SSG-LUGIA-R+center,485951,513050
NC_010159.1,SSG-LUGIA-R+center,596551,653950
NC_010159.1,SSG-LUGIA-R+center,1085851,1118850
NC_010159.1,SSG-LUGIA-R+center,1214951,1236050
NC_010159.1,SSG-LUGIA-R+center,1287151,1330150
NC_010159.1,SSG-LUGIA-R+center,1403451,1470850
NC_010159.1,SSG-LUGIA-R+center,1500851,1522350
NC_010159.1,SSG-LUGIA-R+center,1549751,1593250
NC_010159.1,SSG-LUGIA-R+center,1791551,1837150
NC_010159.1,SSG-LUGIA-R+center,1907651,1962150
NC_010159.1,SSG-LUGIA-R+center,2006151,2061750
NC_010159.1,SSG-LUGIA-R+center,2077151,2109050
NC_010159.1,SSG-LUGIA-R+center,2146851,2207250
NC_010159.1,SSG-LUGIA-R+center,2245051,2256250
NC_010159.1,SSG-LUGIA-R+center,2265651,2301850
NC_010159.1,SSG-LUGIA-R+center,2604951,2629250
NC_010159.1,SSG-LUGIA-R+center,2943551,2955050
NC_010159.1,SSG-LUGIA-R+center,3039651,3063750
NC_010159.1,SSG-LUGIA-R+center,3104751,3180150
NC_010159.1,SSG-LUGIA-R+center,3219451,3243950
NC_010159.1,SSG-LUGIA-R+center,3334151,3349150
NC_010159.1,SSG-LUGIA-R+center,3438751,3538950
NC_010159.1,SSG-LUGIA-R+center,3725151,3805650
NC_010159.1,SSG-LUGIA-R+center,3811951,3823250
NC_010159.1,SSG-LUGIA-R+center,3874451,3894950
NC_010159.1,SSG-LUGIA-R+center,4070151,4097850
NC_010159.1,SSG-LUGIA-R+center,4161551,4192850
NC_010159.1,SSG-LUGIA-R+center,4231651,4280550
NC_010159.1,SSG-LUGIA-R+center,4376951,4391350
NC_010159.1,SSG-LUGIA-R+center,4482151,4499250
NC_010184.1,SSG-LUGIA-P,101,12800
NC_010184.1,SSG-LUGIA-P,68401,156300
NC_010184.1,SSG-LUGIA-P,244901,316200
NC_010184.1,SSG-LUGIA-P,517201,533200
NC_010184.1,SSG-LUGIA-P,1608601,1625000
NC_010184.1,SSG-LUGIA-P,1817501,1853500
NC_010184.1,SSG-LUGIA-P,3434501,3522000
NC_010184.1,SSG-LUGIA-P+center,5051,17750
NC_010184.1,SSG-LUGIA-P+center,73351,161250
NC_010184.1,SSG-LUGIA-P+center,249851,321150
NC_010184.1,SSG-LUGIA-P+center,522151,538150
NC_010184.1,SSG-LUGIA-P+center,1613551,1629950
NC_010184.1,SSG-LUGIA-P+center,1822451,1858450
NC_010184.1,SSG-LUGIA-P+center,3439451,3526950
NC_010184.1,SSG-LUGIA-F,1,13000
NC_010184.1,SSG-LUGIA-F,65801,159100
NC_010184.1,SSG-LUGIA-F,242101,317300
NC_010184.1,SSG-LUGIA-F,516901,534900
NC_010184.1,SSG-LUGIA-F,1242201,1261500
NC_010184.1,SSG-LUGIA-F,1555401,1570600
NC_010184.1,SSG-LUGIA-F,1585901,1628600
NC_010184.1,SSG-LUGIA-F,1816501,1855500
NC_010184.1,SSG-LUGIA-F,2091501,2101700
NC_010184.1,SSG-LUGIA-F,3301601,3332300
NC_010184.1,SSG-LUGIA-F,3433701,3522600
NC_010184.1,SSG-LUGIA-F,3634201,3651700
NC_010184.1,SSG-LUGIA-F+center,4951,17950
NC_010184.1,SSG-LUGIA-F+center,70751,164050
NC_010184.1,SSG-LUGIA-F+center,247051,322250
NC_010184.1,SSG-LUGIA-F+center,521851,539850
NC_010184.1,SSG-LUGIA-F+center,1247151,1266450
NC_010184.1,SSG-LUGIA-F+center,1560351,1575550
NC_010184.1,SSG-LUGIA-F+center,1590851,1633550
NC_010184.1,SSG-LUGIA-F+center,1821451,1860450
NC_010184.1,SSG-LUGIA-F+center,2096451,2106650
NC_010184.1,SSG-LUGIA-F+center,3306551,3337250
NC_010184.1,SSG-LUGIA-F+center,3438651,3527550
NC_010184.1,SSG-LUGIA-F+center,3639151,3656650
NC_010184.1,SSG-LUGIA-R,1,13400
NC_010184.1,SSG-LUGIA-R,19501,39900
NC_010184.1,SSG-LUGIA-R,60901,165500
NC_010184.1,SSG-LUGIA-R,236401,321600
NC_010184.1,SSG-LUGIA-R,369001,390800
NC_010184.1,SSG-LUGIA-R,509701,553300
NC_010184.1,SSG-LUGIA-R,706201,749700
NC_010184.1,SSG-LUGIA-R,797801,809200
NC_010184.1,SSG-LUGIA-R,898701,937100
NC_010184.1,SSG-LUGIA-R,972901,1125800
NC_010184.1,SSG-LUGIA-R,1225801,1267800
NC_010184.1,SSG-LUGIA-R,1379701,1395900
NC_010184.1,SSG-LUGIA-R,1488001,1505900
NC_010184.1,SSG-LUGIA-R,1550301,1634800
NC_010184.1,SSG-LUGIA-R,1746001,1759100
NC_010184.1,SSG-LUGIA-R,1811501,1860900
NC_010184.1,SSG-LUGIA-R,2068201,2107700
NC_010184.1,SSG-LUGIA-R,2159801,2183000
NC_010184.1,SSG-LUGIA-R,2213701,2229000
NC_010184.1,SSG-LUGIA-R,2363101,2417500
NC_010184.1,SSG-LUGIA-R,2435001,2472600
NC_010184.1,SSG-LUGIA-R,2765901,2798200
NC_010184.1,SSG-LUGIA-R,2959401,2969700
NC_010184.1,SSG-LUGIA-R,3149201,3207700
NC_010184.1,SSG-LUGIA-R,3292201,3336000
NC_010184.1,SSG-LUGIA-R,3431601,3526200
NC_010184.1,SSG-LUGIA-R,3619501,3733300
NC_010184.1,SSG-LUGIA-R,4008301,4026100
NC_010184.1,SSG-LUGIA-R,4026501,4045200
NC_010184.1,SSG-LUGIA-R,4532301,4554400
NC_010184.1,SSG-LUGIA-R,4638801,4682400
NC_010184.1,SSG-LUGIA-R,4894901,4934900
NC_010184.1,SSG-LUGIA-R,4977601,5120500
NC_010184.1,SSG-LUGIA-R+center,4951,18350
NC_010184.1,SSG-LUGIA-R+center,24451,44850
NC_010184.1,SSG-LUGIA-R+center,65851,170450
NC_010184.1,SSG-LUGIA-R+center,241351,326550
NC_010184.1,SSG-LUGIA-R+center,373951,395750
NC_010184.1,SSG-LUGIA-R+center,514651,558250
NC_010184.1,SSG-LUGIA-R+center,711151,754650
NC_010184.1,SSG-LUGIA-R+center,802751,814150
NC_010184.1,SSG-LUGIA-R+center,903651,942050
NC_010184.1,SSG-LUGIA-R+center,977851,1130750
NC_010184.1,SSG-LUGIA-R+center,1230751,1272750
NC_010184.1,SSG-LUGIA-R+center,1384651,1400850
NC_010184.1,SSG-LUGIA-R+center,1492951,1510850
NC_010184.1,SSG-LUGIA-R+center,1555251,1639750
NC_010184.1,SSG-LUGIA-R+center,1750951,1764050
NC_010184.1,SSG-LUGIA-R+center,1816451,1865850
NC_010184.1,SSG-LUGIA-R+center,2073151,2112650
NC_010184.1,SSG-LUGIA-R+center,2164751,2187950
NC_010184.1,SSG-LUGIA-R+center,2218651,2233950
NC_010184.1,SSG-LUGIA-R+center,2368051,2422450
NC_010184.1,SSG-LUGIA-R+center,2439951,2477550
NC_010184.1,SSG-LUGIA-R+center,2770851,2803150
NC_010184.1,SSG-LUGIA-R+center,2964351,2974650
NC_010184.1,SSG-LUGIA-R+center,3154151,3212650
NC_010184.1,SSG-LUGIA-R+center,3297151,3340950
NC_010184.1,SSG-LUGIA-R+center,3436551,3531150
NC_010184.1,SSG-LUGIA-R+center,3624451,3738250
NC_010184.1,SSG-LUGIA-R+center,4013251,4031050
NC_010184.1,SSG-LUGIA-R+center,4031451,4050150
NC_010184.1,SSG-LUGIA-R+center,4537251,4559350
NC_010184.1,SSG-LUGIA-R+center,4643751,4687350
NC_010184.1,SSG-LUGIA-R+center,4899851,4939850
NC_010184.1,SSG-LUGIA-R+center,4982551,5125450
NC_010334.1,SSG-LUGIA-P,1560401,1615600
NC_010334.1,SSG-LUGIA-P,1755801,1797700
NC_010334.1,SSG-LUGIA-P,2619901,2649400
NC_010334.1,SSG-LUGIA-P,4752201,4773400
NC_010334.1,SSG-LUGIA-P,4993801,5052200
NC_010334.1,SSG-LUGIA-P,5132101,5171900
NC_010334.1,SSG-LUGIA-P+center,1565351,1620550
NC_010334.1,SSG-LUGIA-P+center,1760751,1802650
NC_010334.1,SSG-LUGIA-P+center,2624851,2654350
NC_010334.1,SSG-LUGIA-P+center,4757151,4778350
NC_010334.1,SSG-LUGIA-P+center,4998751,5057150
NC_010334.1,SSG-LUGIA-P+center,5137051,5176850
NC_010334.1,SSG-LUGIA-F,427901,447600
NC_010334.1,SSG-LUGIA-F,523701,555900
NC_010334.1,SSG-LUGIA-F,606401,631300
NC_010334.1,SSG-LUGIA-F,1560101,1616100
NC_010334.1,SSG-LUGIA-F,1711501,1802600
NC_010334.1,SSG-LUGIA-F,2084301,2105400
NC_010334.1,SSG-LUGIA-F,2127101,2148400
NC_010334.1,SSG-LUGIA-F,2619601,2651600
NC_010334.1,SSG-LUGIA-F,4752101,4785000
NC_010334.1,SSG-LUGIA-F,4992501,5058000
NC_010334.1,SSG-LUGIA-F,5131301,5191900
NC_010334.1,SSG-LUGIA-F+center,432851,452550
NC_010334.1,SSG-LUGIA-F+center,528651,560850
NC_010334.1,SSG-LUGIA-F+center,611351,636250
NC_010334.1,SSG-LUGIA-F+center,1565051,1621050
NC_010334.1,SSG-LUGIA-F+center,1716451,1807550
NC_010334.1,SSG-LUGIA-F+center,2089251,2110350
NC_010334.1,SSG-LUGIA-F+center,2132051,2153350
NC_010334.1,SSG-LUGIA-F+center,2624551,2656550
NC_010334.1,SSG-LUGIA-F+center,4757051,4789950
NC_010334.1,SSG-LUGIA-F+center,4997451,5062950
NC_010334.1,SSG-LUGIA-F+center,5136251,5196850
NC_010334.1,SSG-LUGIA-R,100601,141000
NC_010334.1,SSG-LUGIA-R,184601,221400
NC_010334.1,SSG-LUGIA-R,287201,310600
NC_010334.1,SSG-LUGIA-R,343201,357200
NC_010334.1,SSG-LUGIA-R,422301,450200
NC_010334.1,SSG-LUGIA-R,486901,560200
NC_010334.1,SSG-LUGIA-R,598901,645200
NC_010334.1,SSG-LUGIA-R,688301,732600
NC_010334.1,SSG-LUGIA-R,814401,850400
NC_010334.1,SSG-LUGIA-R,936501,951700
NC_010334.1,SSG-LUGIA-R,1559501,1623900
NC_010334.1,SSG-LUGIA-R,1686201,1697000
NC_010334.1,SSG-LUGIA-R,1702401,1805300
NC_010334.1,SSG-LUGIA-R,1956201,1989000
NC_010334.1,SSG-LUGIA-R,2079401,2150500
NC_010334.1,SSG-LUGIA-R,2210901,2253800
NC_010334.1,SSG-LUGIA-R,2541301,2553800
NC_010334.1,SSG-LUGIA-R,2559201,2570700
NC_010334.1,SSG-LUGIA-R,2609601,2665000
NC_010334.1,SSG-LUGIA-R,2743001,2778900
NC_010334.1,SSG-LUGIA-R,2986301,3031700
NC_010334.1,SSG-LUGIA-R,3073401,3109300
NC_010334.1,SSG-LUGIA-R,3110901,3134200
NC_010334.1,SSG-LUGIA-R,3212901,3245600
NC_010334.1,SSG-LUGIA-R,3279401,3291700
NC_010334.1,SSG-LUGIA-R,3362201,3405700
NC_010334.1,SSG-LUGIA-R,3642901,3656600
NC_010334.1,SSG-LUGIA-R,3817301,3854900
NC_010334.1,SSG-LUGIA-R,3949301,3969700
NC_010334.1,SSG-LUGIA-R,4059301,4097700
NC_010334.1,SSG-LUGIA-R,4195801,4223400
NC_010334.1,SSG-LUGIA-R,4409801,4424100
NC_010334.1,SSG-LUGIA-R,4631601,4663300
NC_010334.1,SSG-LUGIA-R,4693601,4705000
NC_010334.1,SSG-LUGIA-R,4714101,4725200
NC_010334.1,SSG-LUGIA-R,4741901,4794200
NC_010334.1,SSG-LUGIA-R,4851301,4890200
NC_010334.1,SSG-LUGIA-R,4923101,4947600
NC_010334.1,SSG-LUGIA-R,4979101,5061600
NC_010334.1,SSG-LUGIA-R,5116901,5207900
NC_010334.1,SSG-LUGIA-R+center,105551,145950
NC_010334.1,SSG-LUGIA-R+center,189551,226350
NC_010334.1,SSG-LUGIA-R+center,292151,315550
NC_010334.1,SSG-LUGIA-R+center,348151,362150
NC_010334.1,SSG-LUGIA-R+center,427251,455150
NC_010334.1,SSG-LUGIA-R+center,491851,565150
NC_010334.1,SSG-LUGIA-R+center,603851,650150
NC_010334.1,SSG-LUGIA-R+center,693251,737550
NC_010334.1,SSG-LUGIA-R+center,819351,855350
NC_010334.1,SSG-LUGIA-R+center,941451,956650
NC_010334.1,SSG-LUGIA-R+center,1564451,1628850
NC_010334.1,SSG-LUGIA-R+center,1691151,1701950
NC_010334.1,SSG-LUGIA-R+center,1707351,1810250
NC_010334.1,SSG-LUGIA-R+center,1961151,1993950
NC_010334.1,SSG-LUGIA-R+center,2084351,2155450
NC_010334.1,SSG-LUGIA-R+center,2215851,2258750
NC_010334.1,SSG-LUGIA-R+center,2546251,2558750
NC_010334.1,SSG-LUGIA-R+center,2564151,2575650
NC_010334.1,SSG-LUGIA-R+center,2614551,2669950
NC_010334.1,SSG-LUGIA-R+center,2747951,2783850
NC_010334.1,SSG-LUGIA-R+center,2991251,3036650
NC_010334.1,SSG-LUGIA-R+center,3078351,3114250
NC_010334.1,SSG-LUGIA-R+center,3115851,3139150
NC_010334.1,SSG-LUGIA-R+center,3217851,3250550
NC_010334.1,SSG-LUGIA-R+center,3284351,3296650
NC_010334.1,SSG-LUGIA-R+center,3367151,3410650
NC_010334.1,SSG-LUGIA-R+center,3647851,3661550
NC_010334.1,SSG-LUGIA-R+center,3822251,3859850
NC_010334.1,SSG-LUGIA-R+center,3954251,3974650
NC_010334.1,SSG-LUGIA-R+center,4064251,4102650
NC_010334.1,SSG-LUGIA-R+center,4200751,4228350
NC_010334.1,SSG-LUGIA-R+center,4414751,4429050
NC_010334.1,SSG-LUGIA-R+center,4636551,4668250
NC_010334.1,SSG-LUGIA-R+center,4698551,4709950
NC_010334.1,SSG-LUGIA-R+center,4719051,4730150
NC_010334.1,SSG-LUGIA-R+center,4746851,4799150
NC_010334.1,SSG-LUGIA-R+center,4856251,4895150
NC_010334.1,SSG-LUGIA-R+center,4928051,4952550
NC_010334.1,SSG-LUGIA-R+center,4984051,5066550
NC_010334.1,SSG-LUGIA-R+center,5121851,5212850
NC_010380.1,SSG-LUGIA-P,7901,17900
NC_010380.1,SSG-LUGIA-P,20001,96700
NC_010380.1,SSG-LUGIA-P,1146401,1176100
NC_010380.1,SSG-LUGIA-P,1342101,1362200
NC_010380.1,SSG-LUGIA-P,1727001,1767700
NC_010380.1,SSG-LUGIA-P+center,12851,22850
NC_010380.1,SSG-LUGIA-P+center,24951,101650
NC_010380.1,SSG-LUGIA-P+center,1151351,1181050
NC_010380.1,SSG-LUGIA-P+center,1347051,1367150
NC_010380.1,SSG-LUGIA-P+center,1731951,1772650
NC_010380.1,SSG-LUGIA-F,7401,19100
NC_010380.1,SSG-LUGIA-F,20001,100400
NC_010380.1,SSG-LUGIA-F,268601,302900
NC_010380.1,SSG-LUGIA-F,1138501,1179900
NC_010380.1,SSG-LUGIA-F,1341301,1362900
NC_010380.1,SSG-LUGIA-F,1724901,1772000
NC_010380.1,SSG-LUGIA-F+center,12351,24050
NC_010380.1,SSG-LUGIA-F+center,24951,105350
NC_010380.1,SSG-LUGIA-F+center,273551,307850
NC_010380.1,SSG-LUGIA-F+center,1143451,1184850
NC_010380.1,SSG-LUGIA-F+center,1346251,1367850
NC_010380.1,SSG-LUGIA-F+center,1729851,1776950
NC_010380.1,SSG-LUGIA-R,1,149800
NC_010380.1,SSG-LUGIA-R,182601,214100
NC_010380.1,SSG-LUGIA-R,258201,329500
NC_010380.1,SSG-LUGIA-R,562201,584500
NC_010380.1,SSG-LUGIA-R,683201,705000
NC_010380.1,SSG-LUGIA-R,1017201,1059000
NC_010380.1,SSG-LUGIA-R,1126301,1184400
NC_010380.1,SSG-LUGIA-R,1289901,1364000
NC_010380.1,SSG-LUGIA-R,1411101,1434000
NC_010380.1,SSG-LUGIA-R,1712501,1775300
NC_010380.1,SSG-LUGIA-R,1782501,1796200
NC_010380.1,SSG-LUGIA-R,1859501,1895600
NC_010380.1,SSG-LUGIA-R,2044701,2065000
NC_010380.1,SSG-LUGIA-R,2199301,2215700
NC_010380.1,SSG-LUGIA-R,2217701,2235700
NC_010380.1,SSG-LUGIA-R+center,4951,154750
NC_010380.1,SSG-LUGIA-R+center,187551,219050
NC_010380.1,SSG-LUGIA-R+center,263151,334450
NC_010380.1,SSG-LUGIA-R+center,567151,589450
NC_010380.1,SSG-LUGIA-R+center,688151,709950
NC_010380.1,SSG-LUGIA-R+center,1022151,1063950
NC_010380.1,SSG-LUGIA-R+center,1131251,1189350
NC_010380.1,SSG-LUGIA-R+center,1294851,1368950
NC_010380.1,SSG-LUGIA-R+center,1416051,1438950
NC_010380.1,SSG-LUGIA-R+center,1717451,1780250
NC_010380.1,SSG-LUGIA-R+center,1787451,1801150
NC_010380.1,SSG-LUGIA-R+center,1864451,1900550
NC_010380.1,SSG-LUGIA-R+center,2049651,2069950
NC_010380.1,SSG-LUGIA-R+center,2204251,2220650
NC_010380.1,SSG-LUGIA-R+center,2222651,2240650
NC_010322.1,SSG-LUGIA-P,1,66500
NC_010322.1,SSG-LUGIA-P,183501,231800
NC_010322.1,SSG-LUGIA-P,534501,596800
NC_010322.1,SSG-LUGIA-P,959301,975900
NC_010322.1,SSG-LUGIA-P,1520401,1559200
NC_010322.1,SSG-LUGIA-P,1634901,1652900
NC_010322.1,SSG-LUGIA-P,1818301,1858000
NC_010322.1,SSG-LUGIA-P,3316001,3347600
NC_010322.1,SSG-LUGIA-P,3815801,3868000
NC_010322.1,SSG-LUGIA-P,4623801,4671500
NC_010322.1,SSG-LUGIA-P,5287001,5317500
NC_010322.1,SSG-LUGIA-P,5349001,5387700
NC_010322.1,SSG-LUGIA-P,6040301,6056400
NC_010322.1,SSG-LUGIA-P+center,4951,71450
NC_010322.1,SSG-LUGIA-P+center,188451,236750
NC_010322.1,SSG-LUGIA-P+center,539451,601750
NC_010322.1,SSG-LUGIA-P+center,964251,980850
NC_010322.1,SSG-LUGIA-P+center,1525351,1564150
NC_010322.1,SSG-LUGIA-P+center,1639851,1657850
NC_010322.1,SSG-LUGIA-P+center,1823251,1862950
NC_010322.1,SSG-LUGIA-P+center,3320951,3352550
NC_010322.1,SSG-LUGIA-P+center,3820751,3872950
NC_010322.1,SSG-LUGIA-P+center,4628751,4676450
NC_010322.1,SSG-LUGIA-P+center,5291951,5322450
NC_010322.1,SSG-LUGIA-P+center,5353951,5392650
NC_010322.1,SSG-LUGIA-P+center,6045251,6061350
NC_010322.1,SSG-LUGIA-F,1,67000
NC_010322.1,SSG-LUGIA-F,172201,234300
NC_010322.1,SSG-LUGIA-F,533901,603600
NC_010322.1,SSG-LUGIA-F,956601,978200
NC_010322.1,SSG-LUGIA-F,1326201,1370400
NC_010322.1,SSG-LUGIA-F,1515301,1559500
NC_010322.1,SSG-LUGIA-F,1621401,1653600
NC_010322.1,SSG-LUGIA-F,1817801,1858200
NC_010322.1,SSG-LUGIA-F,2070501,2081500
NC_010322.1,SSG-LUGIA-F,3307301,3347900
NC_010322.1,SSG-LUGIA-F,3807301,3873500
NC_010322.1,SSG-LUGIA-F,4535501,4559400
NC_010322.1,SSG-LUGIA-F,4623301,4672200
NC_010322.1,SSG-LUGIA-F,5257201,5318900
NC_010322.1,SSG-LUGIA-F,5348501,5388000
NC_010322.1,SSG-LUGIA-F,6037201,6066200
NC_010322.1,SSG-LUGIA-F+center,4951,71950
NC_010322.1,SSG-LUGIA-F+center,177151,239250
NC_010322.1,SSG-LUGIA-F+center,538851,608550
NC_010322.1,SSG-LUGIA-F+center,961551,983150
NC_010322.1,SSG-LUGIA-F+center,1331151,1375350
NC_010322.1,SSG-LUGIA-F+center,1520251,1564450
NC_010322.1,SSG-LUGIA-F+center,1626351,1658550
NC_010322.1,SSG-LUGIA-F+center,1822751,1863150
NC_010322.1,SSG-LUGIA-F+center,2075451,2086450
NC_010322.1,SSG-LUGIA-F+center,3312251,3352850
NC_010322.1,SSG-LUGIA-F+center,3812251,3878450
NC_010322.1,SSG-LUGIA-F+center,4540451,4564350
NC_010322.1,SSG-LUGIA-F+center,4628251,4677150
NC_010322.1,SSG-LUGIA-F+center,5262151,5323850
NC_010322.1,SSG-LUGIA-F+center,5353451,5392950
NC_010322.1,SSG-LUGIA-F+center,6042151,6071150
NC_010322.1,SSG-LUGIA-R,1,70700
NC_010322.1,SSG-LUGIA-R,160901,240800
NC_010322.1,SSG-LUGIA-R,473601,509100
NC_010322.1,SSG-LUGIA-R,530801,607500
NC_010322.1,SSG-LUGIA-R,721201,744900
NC_010322.1,SSG-LUGIA-R,762901,788600
NC_010322.1,SSG-LUGIA-R,853401,885100
NC_010322.1,SSG-LUGIA-R,939201,1026400
NC_010322.1,SSG-LUGIA-R,1295201,1384800
NC_010322.1,SSG-LUGIA-R,1420401,1437100
NC_010322.1,SSG-LUGIA-R,1510001,1561300
NC_010322.1,SSG-LUGIA-R,1619601,1672300
NC_010322.1,SSG-LUGIA-R,1739701,1767500
NC_010322.1,SSG-LUGIA-R,1810301,1858700
NC_010322.1,SSG-LUGIA-R,1931101,1998000
NC_010322.1,SSG-LUGIA-R,2053201,2096000
NC_010322.1,SSG-LUGIA-R,2726501,2752000
NC_010322.1,SSG-LUGIA-R,2915301,2927000
NC_010322.1,SSG-LUGIA-R,3079501,3123400
NC_010322.1,SSG-LUGIA-R,3301601,3391500
NC_010322.1,SSG-LUGIA-R,3460301,3479500
NC_010322.1,SSG-LUGIA-R,3552701,3568100
NC_010322.1,SSG-LUGIA-R,3606201,3624900
NC_010322.1,SSG-LUGIA-R,3729801,3778500
NC_010322.1,SSG-LUGIA-R,3803801,3882500
NC_010322.1,SSG-LUGIA-R,4089601,4124700
NC_010322.1,SSG-LUGIA-R,4218501,4395800
NC_010322.1,SSG-LUGIA-R,4528901,4561900
NC_010322.1,SSG-LUGIA-R,4622401,4682600
NC_010322.1,SSG-LUGIA-R,4742101,4756500
NC_010322.1,SSG-LUGIA-R,4762901,4777200
NC_010322.1,SSG-LUGIA-R,4857601,4911400
NC_010322.1,SSG-LUGIA-R,5245901,5389600
NC_010322.1,SSG-LUGIA-R,5637301,5690900
NC_010322.1,SSG-LUGIA-R,5828301,5854400
NC_010322.1,SSG-LUGIA-R,6030501,6068500
NC_010322.1,SSG-LUGIA-R+center,4951,75650
NC_010322.1,SSG-LUGIA-R+center,165851,245750
NC_010322.1,SSG-LUGIA-R+center,478551,514050
NC_010322.1,SSG-LUGIA-R+center,535751,612450
NC_010322.1,SSG-LUGIA-R+center,726151,749850
NC_010322.1,SSG-LUGIA-R+center,767851,793550
NC_010322.1,SSG-LUGIA-R+center,858351,890050
NC_010322.1,SSG-LUGIA-R+center,944151,1031350
NC_010322.1,SSG-LUGIA-R+center,1300151,1389750
NC_010322.1,SSG-LUGIA-R+center,1425351,1442050
NC_010322.1,SSG-LUGIA-R+center,1514951,1566250
NC_010322.1,SSG-LUGIA-R+center,1624551,1677250
NC_010322.1,SSG-LUGIA-R+center,1744651,1772450
NC_010322.1,SSG-LUGIA-R+center,1815251,1863650
NC_010322.1,SSG-LUGIA-R+center,1936051,2002950
NC_010322.1,SSG-LUGIA-R+center,2058151,2100950
NC_010322.1,SSG-LUGIA-R+center,2731451,2756950
NC_010322.1,SSG-LUGIA-R+center,2920251,2931950
NC_010322.1,SSG-LUGIA-R+center,3084451,3128350
NC_010322.1,SSG-LUGIA-R+center,3306551,3396450
NC_010322.1,SSG-LUGIA-R+center,3465251,3484450
NC_010322.1,SSG-LUGIA-R+center,3557651,3573050
NC_010322.1,SSG-LUGIA-R+center,3611151,3629850
NC_010322.1,SSG-LUGIA-R+center,3734751,3783450
NC_010322.1,SSG-LUGIA-R+center,3808751,3887450
NC_010322.1,SSG-LUGIA-R+center,4094551,4129650
NC_010322.1,SSG-LUGIA-R+center,4223451,4400750
NC_010322.1,SSG-LUGIA-R+center,4533851,4566850
NC_010322.1,SSG-LUGIA-R+center,4627351,4687550
NC_010322.1,SSG-LUGIA-R+center,4747051,4761450
NC_010322.1,SSG-LUGIA-R+center,4767851,4782150
NC_010322.1,SSG-LUGIA-R+center,4862551,4916350
NC_010322.1,SSG-LUGIA-R+center,5250851,5394550
NC_010322.1,SSG-LUGIA-R+center,5642251,5695850
NC_010322.1,SSG-LUGIA-R+center,5833251,5859350
NC_010322.1,SSG-LUGIA-R+center,6035451,6073450
NC_010400.1,SSG-LUGIA-P,707401,730200
NC_010400.1,SSG-LUGIA-P,921001,950300
NC_010400.1,SSG-LUGIA-P,1639401,1674500
NC_010400.1,SSG-LUGIA-P,2120601,2133500
NC_010400.1,SSG-LUGIA-P,2136801,2151800
NC_010400.1,SSG-LUGIA-P,2272901,2296500
NC_010400.1,SSG-LUGIA-P,3261201,3301400
NC_010400.1,SSG-LUGIA-P+center,712351,735150
NC_010400.1,SSG-LUGIA-P+center,925951,955250
NC_010400.1,SSG-LUGIA-P+center,1644351,1679450
NC_010400.1,SSG-LUGIA-P+center,2125551,2138450
NC_010400.1,SSG-LUGIA-P+center,2141751,2156750
NC_010400.1,SSG-LUGIA-P+center,2277851,2301450
NC_010400.1,SSG-LUGIA-P+center,3266151,3306350
NC_010400.1,SSG-LUGIA-F,703101,733800
NC_010400.1,SSG-LUGIA-F,919501,951200
NC_010400.1,SSG-LUGIA-F,1637501,1679300
NC_010400.1,SSG-LUGIA-F,2117401,2152800
NC_010400.1,SSG-LUGIA-F,2265901,2307900
NC_010400.1,SSG-LUGIA-F,2471101,2497600
NC_010400.1,SSG-LUGIA-F,3260601,3305000
NC_010400.1,SSG-LUGIA-F+center,708051,738750
NC_010400.1,SSG-LUGIA-F+center,924451,956150
NC_010400.1,SSG-LUGIA-F+center,1642451,1684250
NC_010400.1,SSG-LUGIA-F+center,2122351,2157750
NC_010400.1,SSG-LUGIA-F+center,2270851,2312850
NC_010400.1,SSG-LUGIA-F+center,2476051,2502550
NC_010400.1,SSG-LUGIA-F+center,3265551,3309950
NC_010400.1,SSG-LUGIA-R,12001,24800
NC_010400.1,SSG-LUGIA-R,64101,112300
NC_010400.1,SSG-LUGIA-R,154901,175400
NC_010400.1,SSG-LUGIA-R,380301,391300
NC_010400.1,SSG-LUGIA-R,395901,412700
NC_010400.1,SSG-LUGIA-R,686401,745900
NC_010400.1,SSG-LUGIA-R,786701,809300
NC_010400.1,SSG-LUGIA-R,909601,954200
NC_010400.1,SSG-LUGIA-R,1207201,1218900
NC_010400.1,SSG-LUGIA-R,1282501,1310800
NC_010400.1,SSG-LUGIA-R,1452601,1485300
NC_010400.1,SSG-LUGIA-R,1594901,1687800
NC_010400.1,SSG-LUGIA-R,2060401,2161200
NC_010400.1,SSG-LUGIA-R,2252301,2333600
NC_010400.1,SSG-LUGIA-R,2365901,2399900
NC_010400.1,SSG-LUGIA-R,2463901,2563500
NC_010400.1,SSG-LUGIA-R,2591201,2654000
NC_010400.1,SSG-LUGIA-R,2708401,2770900
NC_010400.1,SSG-LUGIA-R,2909201,2936300
NC_010400.1,SSG-LUGIA-R,2972401,3010400
NC_010400.1,SSG-LUGIA-R,3049501,3092500
NC_010400.1,SSG-LUGIA-R,3259501,3325300
NC_010400.1,SSG-LUGIA-R+center,16951,29750
NC_010400.1,SSG-LUGIA-R+center,69051,117250
NC_010400.1,SSG-LUGIA-R+center,159851,180350
NC_010400.1,SSG-LUGIA-R+center,385251,396250
NC_010400.1,SSG-LUGIA-R+center,400851,417650
NC_010400.1,SSG-LUGIA-R+center,691351,750850
NC_010400.1,SSG-LUGIA-R+center,791651,814250
NC_010400.1,SSG-LUGIA-R+center,914551,959150
NC_010400.1,SSG-LUGIA-R+center,1212151,1223850
NC_010400.1,SSG-LUGIA-R+center,1287451,1315750
NC_010400.1,SSG-LUGIA-R+center,1457551,1490250
NC_010400.1,SSG-LUGIA-R+center,1599851,1692750
NC_010400.1,SSG-LUGIA-R+center,2065351,2166150
NC_010400.1,SSG-LUGIA-R+center,2257251,2338550
NC_010400.1,SSG-LUGIA-R+center,2370851,2404850
NC_010400.1,SSG-LUGIA-R+center,2468851,2568450
NC_010400.1,SSG-LUGIA-R+center,2596151,2658950
NC_010400.1,SSG-LUGIA-R+center,2713351,2775850
NC_010400.1,SSG-LUGIA-R+center,2914151,2941250
NC_010400.1,SSG-LUGIA-R+center,2977351,3015350
NC_010400.1,SSG-LUGIA-R+center,3054451,3097450
NC_010400.1,SSG-LUGIA-R+center,3264451,3330250
NC_010410.1,SSG-LUGIA-P,437401,448200
NC_010410.1,SSG-LUGIA-P,796301,834100
NC_010410.1,SSG-LUGIA-P,2492501,2503400
NC_010410.1,SSG-LUGIA-P,2734101,2756500
NC_010410.1,SSG-LUGIA-P,3606901,3681200
NC_010410.1,SSG-LUGIA-P+center,442351,453150
NC_010410.1,SSG-LUGIA-P+center,801251,839050
NC_010410.1,SSG-LUGIA-P+center,2497451,2508350
NC_010410.1,SSG-LUGIA-P+center,2739051,2761450
NC_010410.1,SSG-LUGIA-P+center,3611851,3686150
NC_010410.1,SSG-LUGIA-F,436201,449400
NC_010410.1,SSG-LUGIA-F,549301,576300
NC_010410.1,SSG-LUGIA-F,792401,834300
NC_010410.1,SSG-LUGIA-F,1305801,1330400
NC_010410.1,SSG-LUGIA-F,2486701,2510100
NC_010410.1,SSG-LUGIA-F,2729501,2765700
NC_010410.1,SSG-LUGIA-F,3077201,3095200
NC_010410.1,SSG-LUGIA-F,3606701,3684100
NC_010410.1,SSG-LUGIA-F+center,441151,454350
NC_010410.1,SSG-LUGIA-F+center,554251,581250
NC_010410.1,SSG-LUGIA-F+center,797351,839250
NC_010410.1,SSG-LUGIA-F+center,1310751,1335350
NC_010410.1,SSG-LUGIA-F+center,2491651,2515050
NC_010410.1,SSG-LUGIA-F+center,2734451,2770650
NC_010410.1,SSG-LUGIA-F+center,3082151,3100150
NC_010410.1,SSG-LUGIA-F+center,3611651,3689050
NC_010410.1,SSG-LUGIA-R,8601,20000
NC_010410.1,SSG-LUGIA-R,162301,178300
NC_010410.1,SSG-LUGIA-R,347701,375100
NC_010410.1,SSG-LUGIA-R,415301,459500
NC_010410.1,SSG-LUGIA-R,466101,479100
NC_010410.1,SSG-LUGIA-R,496001,507600
NC_010410.1,SSG-LUGIA-R,544901,583200
NC_010410.1,SSG-LUGIA-R,772401,861600
NC_010410.1,SSG-LUGIA-R,1121101,1160900
NC_010410.1,SSG-LUGIA-R,1300001,1336700
NC_010410.1,SSG-LUGIA-R,1651101,1661500
NC_010410.1,SSG-LUGIA-R,1878301,1917300
NC_010410.1,SSG-LUGIA-R,2127301,2147400
NC_010410.1,SSG-LUGIA-R,2374901,2432400
NC_010410.1,SSG-LUGIA-R,2445801,2516900
NC_010410.1,SSG-LUGIA-R,2542901,2571700
NC_010410.1,SSG-LUGIA-R,2671201,2682700
NC_010410.1,SSG-LUGIA-R,2726501,2774700
NC_010410.1,SSG-LUGIA-R,2842701,2853400
NC_010410.1,SSG-LUGIA-R,2889801,2954300
NC_010410.1,SSG-LUGIA-R,3060201,3122100
NC_010410.1,SSG-LUGIA-R,3224701,3314600
NC_010410.1,SSG-LUGIA-R,3467401,3484200
NC_010410.1,SSG-LUGIA-R,3525201,3553900
NC_010410.1,SSG-LUGIA-R,3603401,3693700
NC_010410.1,SSG-LUGIA-R,3729601,3743400
NC_010410.1,SSG-LUGIA-R,3782101,3843800
NC_010410.1,SSG-LUGIA-R,3883401,3906200
NC_010410.1,SSG-LUGIA-R+center,13551,24950
NC_010410.1,SSG-LUGIA-R+center,167251,183250
NC_010410.1,SSG-LUGIA-R+center,352651,380050
NC_010410.1,SSG-LUGIA-R+center,420251,464450
NC_010410.1,SSG-LUGIA-R+center,471051,484050
NC_010410.1,SSG-LUGIA-R+center,500951,512550
NC_010410.1,SSG-LUGIA-R+center,549851,588150
NC_010410.1,SSG-LUGIA-R+center,777351,866550
NC_010410.1,SSG-LUGIA-R+center,1126051,1165850
NC_010410.1,SSG-LUGIA-R+center,1304951,1341650
NC_010410.1,SSG-LUGIA-R+center,1656051,1666450
NC_010410.1,SSG-LUGIA-R+center,1883251,1922250
NC_010410.1,SSG-LUGIA-R+center,2132251,2152350
NC_010410.1,SSG-LUGIA-R+center,2379851,2437350
NC_010410.1,SSG-LUGIA-R+center,2450751,2521850
NC_010410.1,SSG-LUGIA-R+center,2547851,2576650
NC_010410.1,SSG-LUGIA-R+center,2676151,2687650
NC_010410.1,SSG-LUGIA-R+center,2731451,2779650
NC_010410.1,SSG-LUGIA-R+center,2847651,2858350
NC_010410.1,SSG-LUGIA-R+center,2894751,2959250
NC_010410.1,SSG-LUGIA-R+center,3065151,3127050
NC_010410.1,SSG-LUGIA-R+center,3229651,3319550
NC_010410.1,SSG-LUGIA-R+center,3472351,3489150
NC_010410.1,SSG-LUGIA-R+center,3530151,3558850
NC_010410.1,SSG-LUGIA-R+center,3608351,3698650
NC_010410.1,SSG-LUGIA-R+center,3734551,3748350
NC_010410.1,SSG-LUGIA-R+center,3787051,3848750
NC_010410.1,SSG-LUGIA-R+center,3888351,3911150
NC_010465.1,SSG-LUGIA-P,307201,370700
NC_010465.1,SSG-LUGIA-P,1025201,1048600
NC_010465.1,SSG-LUGIA-P,1329201,1366000
NC_010465.1,SSG-LUGIA-P,1417601,1452000
NC_010465.1,SSG-LUGIA-P,2825601,2855800
NC_010465.1,SSG-LUGIA-P,3466701,3486800
NC_010465.1,SSG-LUGIA-P+center,312151,375650
NC_010465.1,SSG-LUGIA-P+center,1030151,1053550
NC_010465.1,SSG-LUGIA-P+center,1334151,1370950
NC_010465.1,SSG-LUGIA-P+center,1422551,1456950
NC_010465.1,SSG-LUGIA-P+center,2830551,2860750
NC_010465.1,SSG-LUGIA-P+center,3471651,3491750
NC_010465.1,SSG-LUGIA-F,306801,372200
NC_010465.1,SSG-LUGIA-F,633101,645700
NC_010465.1,SSG-LUGIA-F,798601,834000
NC_010465.1,SSG-LUGIA-F,845201,870200
NC_010465.1,SSG-LUGIA-F,876001,895000
NC_010465.1,SSG-LUGIA-F,1022601,1052000
NC_010465.1,SSG-LUGIA-F,1119501,1140200
NC_010465.1,SSG-LUGIA-F,1327301,1366600
NC_010465.1,SSG-LUGIA-F,1411501,1453000
NC_010465.1,SSG-LUGIA-F,2824401,2857600
NC_010465.1,SSG-LUGIA-F,3466501,3487500
NC_010465.1,SSG-LUGIA-F+center,311751,377150
NC_010465.1,SSG-LUGIA-F+center,638051,650650
NC_010465.1,SSG-LUGIA-F+center,803551,838950
NC_010465.1,SSG-LUGIA-F+center,850151,875150
NC_010465.1,SSG-LUGIA-F+center,880951,899950
NC_010465.1,SSG-LUGIA-F+center,1027551,1056950
NC_010465.1,SSG-LUGIA-F+center,1124451,1145150
NC_010465.1,SSG-LUGIA-F+center,1332251,1371550
NC_010465.1,SSG-LUGIA-F+center,1416451,1457950
NC_010465.1,SSG-LUGIA-F+center,2829351,2862550
NC_010465.1,SSG-LUGIA-F+center,3471451,3492450
NC_010465.1,SSG-LUGIA-R,53701,89800
NC_010465.1,SSG-LUGIA-R,159301,183800
NC_010465.1,SSG-LUGIA-R,304201,377900
NC_010465.1,SSG-LUGIA-R,422101,456800
NC_010465.1,SSG-LUGIA-R,610301,688200
NC_010465.1,SSG-LUGIA-R,734101,771900
NC_010465.1,SSG-LUGIA-R,793201,939000
NC_010465.1,SSG-LUGIA-R,997801,1072400
NC_010465.1,SSG-LUGIA-R,1108701,1155600
NC_010465.1,SSG-LUGIA-R,1215601,1228400
NC_010465.1,SSG-LUGIA-R,1319401,1368400
NC_010465.1,SSG-LUGIA-R,1402301,1456300
NC_010465.1,SSG-LUGIA-R,1636101,1648100
NC_010465.1,SSG-LUGIA-R,1767301,1818500
NC_010465.1,SSG-LUGIA-R,2000401,2017100
NC_010465.1,SSG-LUGIA-R,2290101,2318000
NC_010465.1,SSG-LUGIA-R,2553101,2584100
NC_010465.1,SSG-LUGIA-R,2822101,2881800
NC_010465.1,SSG-LUGIA-R,2918101,2946100
NC_010465.1,SSG-LUGIA-R,3028201,3063700
NC_010465.1,SSG-LUGIA-R,3162701,3194900
NC_010465.1,SSG-LUGIA-R,3233701,3257700
NC_010465.1,SSG-LUGIA-R,3320001,3431700
NC_010465.1,SSG-LUGIA-R,3461401,3493400
NC_010465.1,SSG-LUGIA-R,3522701,3549200
NC_010465.1,SSG-LUGIA-R,3577601,3634300
NC_010465.1,SSG-LUGIA-R,3639801,3658700
NC_010465.1,SSG-LUGIA-R,3778801,3793100
NC_010465.1,SSG-LUGIA-R,3809701,3823500
NC_010465.1,SSG-LUGIA-R,3833701,3873300
NC_010465.1,SSG-LUGIA-R,4090901,4126100
NC_010465.1,SSG-LUGIA-R,4274001,4340300
NC_010465.1,SSG-LUGIA-R,4630101,4672700
NC_010465.1,SSG-LUGIA-R+center,58651,94750
NC_010465.1,SSG-LUGIA-R+center,164251,188750
NC_010465.1,SSG-LUGIA-R+center,309151,382850
NC_010465.1,SSG-LUGIA-R+center,427051,461750
NC_010465.1,SSG-LUGIA-R+center,615251,693150
NC_010465.1,SSG-LUGIA-R+center,739051,776850
NC_010465.1,SSG-LUGIA-R+center,798151,943950
NC_010465.1,SSG-LUGIA-R+center,1002751,1077350
NC_010465.1,SSG-LUGIA-R+center,1113651,1160550
NC_010465.1,SSG-LUGIA-R+center,1220551,1233350
NC_010465.1,SSG-LUGIA-R+center,1324351,1373350
NC_010465.1,SSG-LUGIA-R+center,1407251,1461250
NC_010465.1,SSG-LUGIA-R+center,1641051,1653050
NC_010465.1,SSG-LUGIA-R+center,1772251,1823450
NC_010465.1,SSG-LUGIA-R+center,2005351,2022050
NC_010465.1,SSG-LUGIA-R+center,2295051,2322950
NC_010465.1,SSG-LUGIA-R+center,2558051,2589050
NC_010465.1,SSG-LUGIA-R+center,2827051,2886750
NC_010465.1,SSG-LUGIA-R+center,2923051,2951050
NC_010465.1,SSG-LUGIA-R+center,3033151,3068650
NC_010465.1,SSG-LUGIA-R+center,3167651,3199850
NC_010465.1,SSG-LUGIA-R+center,3238651,3262650
NC_010465.1,SSG-LUGIA-R+center,3324951,3436650
NC_010465.1,SSG-LUGIA-R+center,3466351,3498350
NC_010465.1,SSG-LUGIA-R+center,3527651,3554150
NC_010465.1,SSG-LUGIA-R+center,3582551,3639250
NC_010465.1,SSG-LUGIA-R+center,3644751,3663650
NC_010465.1,SSG-LUGIA-R+center,3783751,3798050
NC_010465.1,SSG-LUGIA-R+center,3814651,3828450
NC_010465.1,SSG-LUGIA-R+center,3838651,3878250
NC_010465.1,SSG-LUGIA-R+center,4095851,4131050
NC_010465.1,SSG-LUGIA-R+center,4278951,4345250
NC_010465.1,SSG-LUGIA-R+center,4635051,4677650
NC_010473.1,SSG-LUGIA-P,234601,292300
NC_010473.1,SSG-LUGIA-P,499401,521900
NC_010473.1,SSG-LUGIA-P,1658701,1681600
NC_010473.1,SSG-LUGIA-P,2135801,2177600
NC_010473.1,SSG-LUGIA-P,2553001,2573500
NC_010473.1,SSG-LUGIA-P,2841301,2872600
NC_010473.1,SSG-LUGIA-P,3522401,3532400
NC_010473.1,SSG-LUGIA-P,4256901,4291400
NC_010473.1,SSG-LUGIA-P,4602901,4627500
NC_010473.1,SSG-LUGIA-P+center,239551,297250
NC_010473.1,SSG-LUGIA-P+center,504351,526850
NC_010473.1,SSG-LUGIA-P+center,1663651,1686550
NC_010473.1,SSG-LUGIA-P+center,2140751,2182550
NC_010473.1,SSG-LUGIA-P+center,2557951,2578450
NC_010473.1,SSG-LUGIA-P+center,2846251,2877550
NC_010473.1,SSG-LUGIA-P+center,3527351,3537350
NC_010473.1,SSG-LUGIA-P+center,4261851,4296350
NC_010473.1,SSG-LUGIA-P+center,4607851,4632450
NC_010473.1,SSG-LUGIA-F,232601,292500
NC_010473.1,SSG-LUGIA-F,496801,522200
NC_010473.1,SSG-LUGIA-F,1658101,1682200
NC_010473.1,SSG-LUGIA-F,2126301,2178700
NC_010473.1,SSG-LUGIA-F,2190901,2205000
NC_010473.1,SSG-LUGIA-F,2551301,2576200
NC_010473.1,SSG-LUGIA-F,2840101,2874400
NC_010473.1,SSG-LUGIA-F,3520601,3534400
NC_010473.1,SSG-LUGIA-F,3707301,3733400
NC_010473.1,SSG-LUGIA-F,4256301,4294000
NC_010473.1,SSG-LUGIA-F,4587001,4637500
NC_010473.1,SSG-LUGIA-F+center,237551,297450
NC_010473.1,SSG-LUGIA-F+center,501751,527150
NC_010473.1,SSG-LUGIA-F+center,1663051,1687150
NC_010473.1,SSG-LUGIA-F+center,2131251,2183650
NC_010473.1,SSG-LUGIA-F+center,2195851,2209950
NC_010473.1,SSG-LUGIA-F+center,2556251,2581150
NC_010473.1,SSG-LUGIA-F+center,2845051,2879350
NC_010473.1,SSG-LUGIA-F+center,3525551,3539350
NC_010473.1,SSG-LUGIA-F+center,3712251,3738350
NC_010473.1,SSG-LUGIA-F+center,4261251,4298950
NC_010473.1,SSG-LUGIA-F+center,4591951,4642450
NC_010473.1,SSG-LUGIA-R,75901,89700
NC_010473.1,SSG-LUGIA-R,102201,141300
NC_010473.1,SSG-LUGIA-R,182601,196300
NC_010473.1,SSG-LUGIA-R,226801,298300
NC_010473.1,SSG-LUGIA-R,383001,415900
NC_010473.1,SSG-LUGIA-R,435901,527700
NC_010473.1,SSG-LUGIA-R,784801,805600
NC_010473.1,SSG-LUGIA-R,812701,823800
NC_010473.1,SSG-LUGIA-R,1127501,1184300
NC_010473.1,SSG-LUGIA-R,1243201,1256600
NC_010473.1,SSG-LUGIA-R,1324501,1381900
NC_010473.1,SSG-LUGIA-R,1460901,1571600
NC_010473.1,SSG-LUGIA-R,1656201,1741000
NC_010473.1,SSG-LUGIA-R,1870701,1911500
NC_010473.1,SSG-LUGIA-R,2107701,2212400
NC_010473.1,SSG-LUGIA-R,2241101,2293300
NC_010473.1,SSG-LUGIA-R,2461301,2487200
NC_010473.1,SSG-LUGIA-R,2546101,2591700
NC_010473.1,SSG-LUGIA-R,2724001,2746800
NC_010473.1,SSG-LUGIA-R,2827001,2888900
NC_010473.1,SSG-LUGIA-R,3058701,3068700
NC_010473.1,SSG-LUGIA-R,3513601,3562700
NC_010473.1,SSG-LUGIA-R,3683901,3744400
NC_010473.1,SSG-LUGIA-R,3869401,3880900
NC_010473.1,SSG-LUGIA-R,3895001,3905600
NC_010473.1,SSG-LUGIA-R,3980701,4031500
NC_010473.1,SSG-LUGIA-R,4255001,4307700
NC_010473.1,SSG-LUGIA-R,4393801,4408900
NC_010473.1,SSG-LUGIA-R,4487201,4506900
NC_010473.1,SSG-LUGIA-R,4577301,4640600
NC_010473.1,SSG-LUGIA-R+center,80851,94650
NC_010473.1,SSG-LUGIA-R+center,107151,146250
NC_010473.1,SSG-LUGIA-R+center,187551,201250
NC_010473.1,SSG-LUGIA-R+center,231751,303250
NC_010473.1,SSG-LUGIA-R+center,387951,420850
NC_010473.1,SSG-LUGIA-R+center,440851,532650
NC_010473.1,SSG-LUGIA-R+center,789751,810550
NC_010473.1,SSG-LUGIA-R+center,817651,828750
NC_010473.1,SSG-LUGIA-R+center,1132451,1189250
NC_010473.1,SSG-LUGIA-R+center,1248151,1261550
NC_010473.1,SSG-LUGIA-R+center,1329451,1386850
NC_010473.1,SSG-LUGIA-R+center,1465851,1576550
NC_010473.1,SSG-LUGIA-R+center,1661151,1745950
NC_010473.1,SSG-LUGIA-R+center,1875651,1916450
NC_010473.1,SSG-LUGIA-R+center,2112651,2217350
NC_010473.1,SSG-LUGIA-R+center,2246051,2298250
NC_010473.1,SSG-LUGIA-R+center,2466251,2492150
NC_010473.1,SSG-LUGIA-R+center,2551051,2596650
NC_010473.1,SSG-LUGIA-R+center,2728951,2751750
NC_010473.1,SSG-LUGIA-R+center,2831951,2893850
NC_010473.1,SSG-LUGIA-R+center,3063651,3073650
NC_010473.1,SSG-LUGIA-R+center,3518551,3567650
NC_010473.1,SSG-LUGIA-R+center,3688851,3749350
NC_010473.1,SSG-LUGIA-R+center,3874351,3885850
NC_010473.1,SSG-LUGIA-R+center,3899951,3910550
NC_010473.1,SSG-LUGIA-R+center,3985651,4036450
NC_010473.1,SSG-LUGIA-R+center,4259951,4312650
NC_010473.1,SSG-LUGIA-R+center,4398751,4413850
NC_010473.1,SSG-LUGIA-R+center,4492151,4511850
NC_010473.1,SSG-LUGIA-R+center,4582251,4645550
NC_010498.1,SSG-LUGIA-P,1069501,1210700
NC_010498.1,SSG-LUGIA-P,2265601,2288400
NC_010498.1,SSG-LUGIA-P,2548901,2577100
NC_010498.1,SSG-LUGIA-P,3193601,3300700
NC_010498.1,SSG-LUGIA-P,4074001,4107800
NC_010498.1,SSG-LUGIA-P,4415201,4439100
NC_010498.1,SSG-LUGIA-P,4505201,4538900
NC_010498.1,SSG-LUGIA-P,4852501,4911300
NC_010498.1,SSG-LUGIA-P+center,1074451,1215650
NC_010498.1,SSG-LUGIA-P+center,2270551,2293350
NC_010498.1,SSG-LUGIA-P+center,2553851,2582050
NC_010498.1,SSG-LUGIA-P+center,3198551,3305650
NC_010498.1,SSG-LUGIA-P+center,4078951,4112750
NC_010498.1,SSG-LUGIA-P+center,4420151,4444050
NC_010498.1,SSG-LUGIA-P+center,4510151,4543850
NC_010498.1,SSG-LUGIA-P+center,4857451,4916250
NC_010498.1,SSG-LUGIA-F,287101,336100
NC_010498.1,SSG-LUGIA-F,944601,957200
NC_010498.1,SSG-LUGIA-F,1027801,1043400
NC_010498.1,SSG-LUGIA-F,1055801,1214300
NC_010498.1,SSG-LUGIA-F,1649901,1669800
NC_010498.1,SSG-LUGIA-F,2255101,2294800
NC_010498.1,SSG-LUGIA-F,2548101,2578300
NC_010498.1,SSG-LUGIA-F,3192701,3305000
NC_010498.1,SSG-LUGIA-F,3653201,3669200
NC_010498.1,SSG-LUGIA-F,4073501,4109300
NC_010498.1,SSG-LUGIA-F,4408301,4439800
NC_010498.1,SSG-LUGIA-F,4504901,4539900
NC_010498.1,SSG-LUGIA-F,4850001,4914400
NC_010498.1,SSG-LUGIA-F+center,292051,341050
NC_010498.1,SSG-LUGIA-F+center,949551,962150
NC_010498.1,SSG-LUGIA-F+center,1032751,1048350
NC_010498.1,SSG-LUGIA-F+center,1060751,1219250
NC_010498.1,SSG-LUGIA-F+center,1654851,1674750
NC_010498.1,SSG-LUGIA-F+center,2260051,2299750
NC_010498.1,SSG-LUGIA-F+center,2553051,2583250
NC_010498.1,SSG-LUGIA-F+center,3197651,3309950
NC_010498.1,SSG-LUGIA-F+center,3658151,3674150
NC_010498.1,SSG-LUGIA-F+center,4078451,4114250
NC_010498.1,SSG-LUGIA-F+center,4413251,4444750
NC_010498.1,SSG-LUGIA-F+center,4509851,4544850
NC_010498.1,SSG-LUGIA-F+center,4854951,4919350
NC_010498.1,SSG-LUGIA-R,7501,18100
NC_010498.1,SSG-LUGIA-R,138701,178400
NC_010498.1,SSG-LUGIA-R,235801,359500
NC_010498.1,SSG-LUGIA-R,737201,758500
NC_010498.1,SSG-LUGIA-R,921701,987100
NC_010498.1,SSG-LUGIA-R,1020101,1227000
NC_010498.1,SSG-LUGIA-R,1645501,1674400
NC_010498.1,SSG-LUGIA-R,1774901,1789200
NC_010498.1,SSG-LUGIA-R,1977401,1992300
NC_010498.1,SSG-LUGIA-R,1993501,2008600
NC_010498.1,SSG-LUGIA-R,2233101,2300700
NC_010498.1,SSG-LUGIA-R,2544201,2586500
NC_010498.1,SSG-LUGIA-R,2719801,2739300
NC_010498.1,SSG-LUGIA-R,2958001,2971400
NC_010498.1,SSG-LUGIA-R,3191101,3319600
NC_010498.1,SSG-LUGIA-R,3647201,3681800
NC_010498.1,SSG-LUGIA-R,3916101,3926800
NC_010498.1,SSG-LUGIA-R,3983701,4029100
NC_010498.1,SSG-LUGIA-R,4070001,4124900
NC_010498.1,SSG-LUGIA-R,4160001,4215100
NC_010498.1,SSG-LUGIA-R,4306201,4319200
NC_010498.1,SSG-LUGIA-R,4403701,4442300
NC_010498.1,SSG-LUGIA-R,4503601,4552800
NC_010498.1,SSG-LUGIA-R,4641601,4653800
NC_010498.1,SSG-LUGIA-R,4836201,4930100
NC_010498.1,SSG-LUGIA-R,4942501,4993500
NC_010498.1,SSG-LUGIA-R+center,12451,23050
NC_010498.1,SSG-LUGIA-R+center,143651,183350
NC_010498.1,SSG-LUGIA-R+center,240751,364450
NC_010498.1,SSG-LUGIA-R+center,742151,763450
NC_010498.1,SSG-LUGIA-R+center,926651,992050
NC_010498.1,SSG-LUGIA-R+center,1025051,1231950
NC_010498.1,SSG-LUGIA-R+center,1650451,1679350
NC_010498.1,SSG-LUGIA-R+center,1779851,1794150
NC_010498.1,SSG-LUGIA-R+center,1982351,1997250
NC_010498.1,SSG-LUGIA-R+center,1998451,2013550
NC_010498.1,SSG-LUGIA-R+center,2238051,2305650
NC_010498.1,SSG-LUGIA-R+center,2549151,2591450
NC_010498.1,SSG-LUGIA-R+center,2724751,2744250
NC_010498.1,SSG-LUGIA-R+center,2962951,2976350
NC_010498.1,SSG-LUGIA-R+center,3196051,3324550
NC_010498.1,SSG-LUGIA-R+center,3652151,3686750
NC_010498.1,SSG-LUGIA-R+center,3921051,3931750
NC_010498.1,SSG-LUGIA-R+center,3988651,4034050
NC_010498.1,SSG-LUGIA-R+center,4074951,4129850
NC_010498.1,SSG-LUGIA-R+center,4164951,4220050
NC_010498.1,SSG-LUGIA-R+center,4311151,4324150
NC_010498.1,SSG-LUGIA-R+center,4408651,4447250
NC_010498.1,SSG-LUGIA-R+center,4508551,4557750
NC_010498.1,SSG-LUGIA-R+center,4646551,4658750
NC_010498.1,SSG-LUGIA-R+center,4841151,4935050
NC_010498.1,SSG-LUGIA-R+center,4947451,4998450
NC_010515.1,SSG-LUGIA-P,677401,699000
NC_010515.1,SSG-LUGIA-P,1137201,1154300
NC_010515.1,SSG-LUGIA-P,1199601,1231000
NC_010515.1,SSG-LUGIA-P,1370101,1440100
NC_010515.1,SSG-LUGIA-P,1618301,1718500
NC_010515.1,SSG-LUGIA-P,2104601,2169600
NC_010515.1,SSG-LUGIA-P,2689401,2712000
NC_010515.1,SSG-LUGIA-P+center,682351,703950
NC_010515.1,SSG-LUGIA-P+center,1142151,1159250
NC_010515.1,SSG-LUGIA-P+center,1204551,1235950
NC_010515.1,SSG-LUGIA-P+center,1375051,1445050
NC_010515.1,SSG-LUGIA-P+center,1623251,1723450
NC_010515.1,SSG-LUGIA-P+center,2109551,2174550
NC_010515.1,SSG-LUGIA-P+center,2694351,2716950
NC_010515.1,SSG-LUGIA-F,676301,699800
NC_010515.1,SSG-LUGIA-F,1114301,1157200
NC_010515.1,SSG-LUGIA-F,1196801,1231800
NC_010515.1,SSG-LUGIA-F,1365201,1441200
NC_010515.1,SSG-LUGIA-F,1500301,1512600
NC_010515.1,SSG-LUGIA-F,1617701,1719000
NC_010515.1,SSG-LUGIA-F,2104201,2172000
NC_010515.1,SSG-LUGIA-F,2372601,2386800
NC_010515.1,SSG-LUGIA-F,2687701,2712800
NC_010515.1,SSG-LUGIA-F+center,681251,704750
NC_010515.1,SSG-LUGIA-F+center,1119251,1162150
NC_010515.1,SSG-LUGIA-F+center,1201751,1236750
NC_010515.1,SSG-LUGIA-F+center,1370151,1446150
NC_010515.1,SSG-LUGIA-F+center,1505251,1517550
NC_010515.1,SSG-LUGIA-F+center,1622651,1723950
NC_010515.1,SSG-LUGIA-F+center,2109151,2176950
NC_010515.1,SSG-LUGIA-F+center,2377551,2391750
NC_010515.1,SSG-LUGIA-F+center,2692651,2717750
NC_010515.1,SSG-LUGIA-R,395901,446700
NC_010515.1,SSG-LUGIA-R,675501,702600
NC_010515.1,SSG-LUGIA-R,950101,979600
NC_010515.1,SSG-LUGIA-R,1113101,1260900
NC_010515.1,SSG-LUGIA-R,1355801,1443500
NC_010515.1,SSG-LUGIA-R,1477201,1520700
NC_010515.1,SSG-LUGIA-R,1616801,1730700
NC_010515.1,SSG-LUGIA-R,1888301,1916500
NC_010515.1,SSG-LUGIA-R,1996801,2049700
NC_010515.1,SSG-LUGIA-R,2096501,2177400
NC_010515.1,SSG-LUGIA-R,2345801,2414300
NC_010515.1,SSG-LUGIA-R,2449901,2477800
NC_010515.1,SSG-LUGIA-R,2546301,2599600
NC_010515.1,SSG-LUGIA-R,2679501,2721800
NC_010515.1,SSG-LUGIA-R,2791401,2819300
NC_010515.1,SSG-LUGIA-R,3090501,3130900
NC_010515.1,SSG-LUGIA-R+center,400851,451650
NC_010515.1,SSG-LUGIA-R+center,680451,707550
NC_010515.1,SSG-LUGIA-R+center,955051,984550
NC_010515.1,SSG-LUGIA-R+center,1118051,1265850
NC_010515.1,SSG-LUGIA-R+center,1360751,1448450
NC_010515.1,SSG-LUGIA-R+center,1482151,1525650
NC_010515.1,SSG-LUGIA-R+center,1621751,1735650
NC_010515.1,SSG-LUGIA-R+center,1893251,1921450
NC_010515.1,SSG-LUGIA-R+center,2001751,2054650
NC_010515.1,SSG-LUGIA-R+center,2101451,2182350
NC_010515.1,SSG-LUGIA-R+center,2350751,2419250
NC_010515.1,SSG-LUGIA-R+center,2454851,2482750
NC_010515.1,SSG-LUGIA-R+center,2551251,2604550
NC_010515.1,SSG-LUGIA-R+center,2684451,2726750
NC_010515.1,SSG-LUGIA-R+center,2796351,2824250
NC_010515.1,SSG-LUGIA-R+center,3095451,3135850
NC_010501.1,SSG-LUGIA-P,1,16400
NC_010501.1,SSG-LUGIA-P,20001,67000
NC_010501.1,SSG-LUGIA-P,724201,757000
NC_010501.1,SSG-LUGIA-P,908001,931000
NC_010501.1,SSG-LUGIA-P,1629201,1659900
NC_010501.1,SSG-LUGIA-P,2511901,2549200
NC_010501.1,SSG-LUGIA-P,2782901,2832400
NC_010501.1,SSG-LUGIA-P,3571901,3613700
NC_010501.1,SSG-LUGIA-P,3674501,3711500
NC_010501.1,SSG-LUGIA-P,3906801,3923500
NC_010501.1,SSG-LUGIA-P,3973701,3995200
NC_010501.1,SSG-LUGIA-P,5212501,5254400
NC_010501.1,SSG-LUGIA-P,5584901,5613600
NC_010501.1,SSG-LUGIA-P,5722401,5752700
NC_010501.1,SSG-LUGIA-P+center,4951,21350
NC_010501.1,SSG-LUGIA-P+center,24951,71950
NC_010501.1,SSG-LUGIA-P+center,729151,761950
NC_010501.1,SSG-LUGIA-P+center,912951,935950
NC_010501.1,SSG-LUGIA-P+center,1634151,1664850
NC_010501.1,SSG-LUGIA-P+center,2516851,2554150
NC_010501.1,SSG-LUGIA-P+center,2787851,2837350
NC_010501.1,SSG-LUGIA-P+center,3576851,3618650
NC_010501.1,SSG-LUGIA-P+center,3679451,3716450
NC_010501.1,SSG-LUGIA-P+center,3911751,3928450
NC_010501.1,SSG-LUGIA-P+center,3978651,4000150
NC_010501.1,SSG-LUGIA-P+center,5217451,5259350
NC_010501.1,SSG-LUGIA-P+center,5589851,5618550
NC_010501.1,SSG-LUGIA-P+center,5727351,5757650
NC_010501.1,SSG-LUGIA-F,1,17500
NC_010501.1,SSG-LUGIA-F,20001,70500
NC_010501.1,SSG-LUGIA-F,718301,793000
NC_010501.1,SSG-LUGIA-F,907701,931100
NC_010501.1,SSG-LUGIA-F,1625401,1661300
NC_010501.1,SSG-LUGIA-F,2511601,2550100
NC_010501.1,SSG-LUGIA-F,2596501,2627800
NC_010501.1,SSG-LUGIA-F,2778001,2834000
NC_010501.1,SSG-LUGIA-F,3569301,3631900
NC_010501.1,SSG-LUGIA-F,3671001,3711800
NC_010501.1,SSG-LUGIA-F,3767001,3790300
NC_010501.1,SSG-LUGIA-F,3905101,3924200
NC_010501.1,SSG-LUGIA-F,3969801,4016100
NC_010501.1,SSG-LUGIA-F,4352501,4375700
NC_010501.1,SSG-LUGIA-F,5211301,5255000
NC_010501.1,SSG-LUGIA-F,5578101,5625200
NC_010501.1,SSG-LUGIA-F,5714001,5760500
NC_010501.1,SSG-LUGIA-F+center,4951,22450
NC_010501.1,SSG-LUGIA-F+center,24951,75450
NC_010501.1,SSG-LUGIA-F+center,723251,797950
NC_010501.1,SSG-LUGIA-F+center,912651,936050
NC_010501.1,SSG-LUGIA-F+center,1630351,1666250
NC_010501.1,SSG-LUGIA-F+center,2516551,2555050
NC_010501.1,SSG-LUGIA-F+center,2601451,2632750
NC_010501.1,SSG-LUGIA-F+center,2782951,2838950
NC_010501.1,SSG-LUGIA-F+center,3574251,3636850
NC_010501.1,SSG-LUGIA-F+center,3675951,3716750
NC_010501.1,SSG-LUGIA-F+center,3771951,3795250
NC_010501.1,SSG-LUGIA-F+center,3910051,3929150
NC_010501.1,SSG-LUGIA-F+center,3974751,4021050
NC_010501.1,SSG-LUGIA-F+center,4357451,4380650
NC_010501.1,SSG-LUGIA-F+center,5216251,5259950
NC_010501.1,SSG-LUGIA-F+center,5583051,5630150
NC_010501.1,SSG-LUGIA-F+center,5718951,5765450
NC_010501.1,SSG-LUGIA-R,1,76100
NC_010501.1,SSG-LUGIA-R,276201,298500
NC_010501.1,SSG-LUGIA-R,715401,797000
NC_010501.1,SSG-LUGIA-R,836801,852500
NC_010501.1,SSG-LUGIA-R,906701,933400
NC_010501.1,SSG-LUGIA-R,964301,975200
NC_010501.1,SSG-LUGIA-R,1275101,1306000
NC_010501.1,SSG-LUGIA-R,1366001,1378100
NC_010501.1,SSG-LUGIA-R,1434501,1491400
NC_010501.1,SSG-LUGIA-R,1498101,1545400
NC_010501.1,SSG-LUGIA-R,1623001,1666700
NC_010501.1,SSG-LUGIA-R,1749301,1763600
NC_010501.1,SSG-LUGIA-R,1823701,1840500
NC_010501.1,SSG-LUGIA-R,1868501,1897100
NC_010501.1,SSG-LUGIA-R,2509801,2633600
NC_010501.1,SSG-LUGIA-R,2713701,2737200
NC_010501.1,SSG-LUGIA-R,2765601,2857900
NC_010501.1,SSG-LUGIA-R,2889401,2900900
NC_010501.1,SSG-LUGIA-R,3008201,3023300
NC_010501.1,SSG-LUGIA-R,3027401,3039400
NC_010501.1,SSG-LUGIA-R,3050201,3067300
NC_010501.1,SSG-LUGIA-R,3258501,3280900
NC_010501.1,SSG-LUGIA-R,3428701,3483300
NC_010501.1,SSG-LUGIA-R,3553001,3648500
NC_010501.1,SSG-LUGIA-R,3661701,3723700
NC_010501.1,SSG-LUGIA-R,3752001,3805000
NC_010501.1,SSG-LUGIA-R,3876601,3947100
NC_010501.1,SSG-LUGIA-R,3955301,4049300
NC_010501.1,SSG-LUGIA-R,4061701,4127800
NC_010501.1,SSG-LUGIA-R,4347201,4393200
NC_010501.1,SSG-LUGIA-R,4472501,4505000
NC_010501.1,SSG-LUGIA-R,4767501,4846200
NC_010501.1,SSG-LUGIA-R,4948001,4960200
NC_010501.1,SSG-LUGIA-R,5004401,5041800
NC_010501.1,SSG-LUGIA-R,5083301,5109800
NC_010501.1,SSG-LUGIA-R,5209701,5258200
NC_010501.1,SSG-LUGIA-R,5286301,5307500
NC_010501.1,SSG-LUGIA-R,5577001,5632000
NC_010501.1,SSG-LUGIA-R,5691501,5764200
NC_010501.1,SSG-LUGIA-R+center,4951,81050
NC_010501.1,SSG-LUGIA-R+center,281151,303450
NC_010501.1,SSG-LUGIA-R+center,720351,801950
NC_010501.1,SSG-LUGIA-R+center,841751,857450
NC_010501.1,SSG-LUGIA-R+center,911651,938350
NC_010501.1,SSG-LUGIA-R+center,969251,980150
NC_010501.1,SSG-LUGIA-R+center,1280051,1310950
NC_010501.1,SSG-LUGIA-R+center,1370951,1383050
NC_010501.1,SSG-LUGIA-R+center,1439451,1496350
NC_010501.1,SSG-LUGIA-R+center,1503051,1550350
NC_010501.1,SSG-LUGIA-R+center,1627951,1671650
NC_010501.1,SSG-LUGIA-R+center,1754251,1768550
NC_010501.1,SSG-LUGIA-R+center,1828651,1845450
NC_010501.1,SSG-LUGIA-R+center,1873451,1902050
NC_010501.1,SSG-LUGIA-R+center,2514751,2638550
NC_010501.1,SSG-LUGIA-R+center,2718651,2742150
NC_010501.1,SSG-LUGIA-R+center,2770551,2862850
NC_010501.1,SSG-LUGIA-R+center,2894351,2905850
NC_010501.1,SSG-LUGIA-R+center,3013151,3028250
NC_010501.1,SSG-LUGIA-R+center,3032351,3044350
NC_010501.1,SSG-LUGIA-R+center,3055151,3072250
NC_010501.1,SSG-LUGIA-R+center,3263451,3285850
NC_010501.1,SSG-LUGIA-R+center,3433651,3488250
NC_010501.1,SSG-LUGIA-R+center,3557951,3653450
NC_010501.1,SSG-LUGIA-R+center,3666651,3728650
NC_010501.1,SSG-LUGIA-R+center,3756951,3809950
NC_010501.1,SSG-LUGIA-R+center,3881551,3952050
NC_010501.1,SSG-LUGIA-R+center,3960251,4054250
NC_010501.1,SSG-LUGIA-R+center,4066651,4132750
NC_010501.1,SSG-LUGIA-R+center,4352151,4398150
NC_010501.1,SSG-LUGIA-R+center,4477451,4509950
NC_010501.1,SSG-LUGIA-R+center,4772451,4851150
NC_010501.1,SSG-LUGIA-R+center,4952951,4965150
NC_010501.1,SSG-LUGIA-R+center,5009351,5046750
NC_010501.1,SSG-LUGIA-R+center,5088251,5114750
NC_010501.1,SSG-LUGIA-R+center,5214651,5263150
NC_010501.1,SSG-LUGIA-R+center,5291251,5312450
NC_010501.1,SSG-LUGIA-R+center,5581951,5636950
NC_010501.1,SSG-LUGIA-R+center,5696451,5769150
NC_010551.1,SSG-LUGIA-P,1,25100
NC_010551.1,SSG-LUGIA-P,290701,338800
NC_010551.1,SSG-LUGIA-P,403501,451500
NC_010551.1,SSG-LUGIA-P,1576101,1605300
NC_010551.1,SSG-LUGIA-P,1716001,1748500
NC_010551.1,SSG-LUGIA-P,2382101,2403000
NC_010551.1,SSG-LUGIA-P+center,4951,30050
NC_010551.1,SSG-LUGIA-P+center,295651,343750
NC_010551.1,SSG-LUGIA-P+center,408451,456450
NC_010551.1,SSG-LUGIA-P+center,1581051,1610250
NC_010551.1,SSG-LUGIA-P+center,1720951,1753450
NC_010551.1,SSG-LUGIA-P+center,2387051,2407950
NC_010551.1,SSG-LUGIA-F,1,28700
NC_010551.1,SSG-LUGIA-F,290301,339100
NC_010551.1,SSG-LUGIA-F,403201,456800
NC_010551.1,SSG-LUGIA-F,1575101,1607200
NC_010551.1,SSG-LUGIA-F,1694501,1750400
NC_010551.1,SSG-LUGIA-F,2377201,2404300
NC_010551.1,SSG-LUGIA-F,3227501,3242000
NC_010551.1,SSG-LUGIA-F,3332001,3353600
NC_010551.1,SSG-LUGIA-F+center,4951,33650
NC_010551.1,SSG-LUGIA-F+center,295251,344050
NC_010551.1,SSG-LUGIA-F+center,408151,461750
NC_010551.1,SSG-LUGIA-F+center,1580051,1612150
NC_010551.1,SSG-LUGIA-F+center,1699451,1755350
NC_010551.1,SSG-LUGIA-F+center,2382151,2409250
NC_010551.1,SSG-LUGIA-F+center,3232451,3246950
NC_010551.1,SSG-LUGIA-F+center,3336951,3358550
NC_010551.1,SSG-LUGIA-R,1,55800
NC_010551.1,SSG-LUGIA-R,78801,116200
NC_010551.1,SSG-LUGIA-R,284501,360500
NC_010551.1,SSG-LUGIA-R,363501,479000
NC_010551.1,SSG-LUGIA-R,531001,551300
NC_010551.1,SSG-LUGIA-R,830801,867400
NC_010551.1,SSG-LUGIA-R,993901,1009700
NC_010551.1,SSG-LUGIA-R,1183201,1195600
NC_010551.1,SSG-LUGIA-R,1220401,1272100
NC_010551.1,SSG-LUGIA-R,1305901,1383500
NC_010551.1,SSG-LUGIA-R,1414301,1439000
NC_010551.1,SSG-LUGIA-R,1443401,1481800
NC_010551.1,SSG-LUGIA-R,1565801,1616100
NC_010551.1,SSG-LUGIA-R,1673701,1766900
NC_010551.1,SSG-LUGIA-R,1779401,1806600
NC_010551.1,SSG-LUGIA-R,2180501,2195100
NC_010551.1,SSG-LUGIA-R,2197501,2209800
NC_010551.1,SSG-LUGIA-R,2344901,2417800
NC_010551.1,SSG-LUGIA-R,2451201,2465500
NC_010551.1,SSG-LUGIA-R,2478401,2493500
NC_010551.1,SSG-LUGIA-R,2528001,2559400
NC_010551.1,SSG-LUGIA-R,2631301,2650200
NC_010551.1,SSG-LUGIA-R,2702101,2724900
NC_010551.1,SSG-LUGIA-R,2909201,2921300
NC_010551.1,SSG-LUGIA-R,2980601,2999400
NC_010551.1,SSG-LUGIA-R,3041301,3077900
NC_010551.1,SSG-LUGIA-R,3222001,3258800
NC_010551.1,SSG-LUGIA-R,3328801,3370600
NC_010551.1,SSG-LUGIA-R+center,4951,60750
NC_010551.1,SSG-LUGIA-R+center,83751,121150
NC_010551.1,SSG-LUGIA-R+center,289451,365450
NC_010551.1,SSG-LUGIA-R+center,368451,483950
NC_010551.1,SSG-LUGIA-R+center,535951,556250
NC_010551.1,SSG-LUGIA-R+center,835751,872350
NC_010551.1,SSG-LUGIA-R+center,998851,1014650
NC_010551.1,SSG-LUGIA-R+center,1188151,1200550
NC_010551.1,SSG-LUGIA-R+center,1225351,1277050
NC_010551.1,SSG-LUGIA-R+center,1310851,1388450
NC_010551.1,SSG-LUGIA-R+center,1419251,1443950
NC_010551.1,SSG-LUGIA-R+center,1448351,1486750
NC_010551.1,SSG-LUGIA-R+center,1570751,1621050
NC_010551.1,SSG-LUGIA-R+center,1678651,1771850
NC_010551.1,SSG-LUGIA-R+center,1784351,1811550
NC_010551.1,SSG-LUGIA-R+center,2185451,2200050
NC_010551.1,SSG-LUGIA-R+center,2202451,2214750
NC_010551.1,SSG-LUGIA-R+center,2349851,2422750
NC_010551.1,SSG-LUGIA-R+center,2456151,2470450
NC_010551.1,SSG-LUGIA-R+center,2483351,2498450
NC_010551.1,SSG-LUGIA-R+center,2532951,2564350
NC_010551.1,SSG-LUGIA-R+center,2636251,2655150
NC_010551.1,SSG-LUGIA-R+center,2707051,2729850
NC_010551.1,SSG-LUGIA-R+center,2914151,2926250
NC_010551.1,SSG-LUGIA-R+center,2985551,3004350
NC_010551.1,SSG-LUGIA-R+center,3046251,3082850
NC_010551.1,SSG-LUGIA-R+center,3226951,3263750
NC_010551.1,SSG-LUGIA-R+center,3333751,3375550
NC_010582.1,SSG-LUGIA-P,7501,19100
NC_010582.1,SSG-LUGIA-P,120801,131300
NC_010582.1,SSG-LUGIA-P,141801,162100
NC_010582.1,SSG-LUGIA-P,1246301,1307600
NC_010582.1,SSG-LUGIA-P,1701701,1736500
NC_010582.1,SSG-LUGIA-P+center,12451,24050
NC_010582.1,SSG-LUGIA-P+center,125751,136250
NC_010582.1,SSG-LUGIA-P+center,146751,167050
NC_010582.1,SSG-LUGIA-P+center,1251251,1312550
NC_010582.1,SSG-LUGIA-P+center,1706651,1741450
NC_010582.1,SSG-LUGIA-F,7201,19200
NC_010582.1,SSG-LUGIA-F,117101,133800
NC_010582.1,SSG-LUGIA-F,139701,164100
NC_010582.1,SSG-LUGIA-F,218201,234100
NC_010582.1,SSG-LUGIA-F,1244301,1309000
NC_010582.1,SSG-LUGIA-F,1701301,1749800
NC_010582.1,SSG-LUGIA-F+center,12151,24150
NC_010582.1,SSG-LUGIA-F+center,122051,138750
NC_010582.1,SSG-LUGIA-F+center,144651,169050
NC_010582.1,SSG-LUGIA-F+center,223151,239050
NC_010582.1,SSG-LUGIA-F+center,1249251,1313950
NC_010582.1,SSG-LUGIA-F+center,1706251,1754750
NC_010582.1,SSG-LUGIA-R,1,78300
NC_010582.1,SSG-LUGIA-R,107001,179800
NC_010582.1,SSG-LUGIA-R,205101,269200
NC_010582.1,SSG-LUGIA-R,336301,364300
NC_010582.1,SSG-LUGIA-R,475801,512900
NC_010582.1,SSG-LUGIA-R,597501,615400
NC_010582.1,SSG-LUGIA-R,822801,853000
NC_010582.1,SSG-LUGIA-R,957901,1009300
NC_010582.1,SSG-LUGIA-R,1105101,1128300
NC_010582.1,SSG-LUGIA-R,1230801,1312000
NC_010582.1,SSG-LUGIA-R,1370701,1412300
NC_010582.1,SSG-LUGIA-R,1688701,1779600
NC_010582.1,SSG-LUGIA-R,1839701,1856300
NC_010582.1,SSG-LUGIA-R,2181101,2199200
NC_010582.1,SSG-LUGIA-R+center,4951,83250
NC_010582.1,SSG-LUGIA-R+center,111951,184750
NC_010582.1,SSG-LUGIA-R+center,210051,274150
NC_010582.1,SSG-LUGIA-R+center,341251,369250
NC_010582.1,SSG-LUGIA-R+center,480751,517850
NC_010582.1,SSG-LUGIA-R+center,602451,620350
NC_010582.1,SSG-LUGIA-R+center,827751,857950
NC_010582.1,SSG-LUGIA-R+center,962851,1014250
NC_010582.1,SSG-LUGIA-R+center,1110051,1133250
NC_010582.1,SSG-LUGIA-R+center,1235751,1316950
NC_010582.1,SSG-LUGIA-R+center,1375651,1417250
NC_010582.1,SSG-LUGIA-R+center,1693651,1784550
NC_010582.1,SSG-LUGIA-R+center,1844651,1861250
NC_010582.1,SSG-LUGIA-R+center,2186051,2204150
NC_010612.1,SSG-LUGIA-P,749301,771300
NC_010612.1,SSG-LUGIA-P,999401,1034900
NC_010612.1,SSG-LUGIA-P,1438601,1467700
NC_010612.1,SSG-LUGIA-P,1905001,1927600
NC_010612.1,SSG-LUGIA-P,2517801,2545800
NC_010612.1,SSG-LUGIA-P,3741801,3784200
NC_010612.1,SSG-LUGIA-P,3971701,4043600
NC_010612.1,SSG-LUGIA-P,4065301,4075700
NC_010612.1,SSG-LUGIA-P,4077801,4093000
NC_010612.1,SSG-LUGIA-P,4396001,4406900
NC_010612.1,SSG-LUGIA-P,4637101,4648200
NC_010612.1,SSG-LUGIA-P,4675401,4713500
NC_010612.1,SSG-LUGIA-P,5643301,5655400
NC_010612.1,SSG-LUGIA-P,6383601,6441800
NC_010612.1,SSG-LUGIA-P,6454501,6474400
NC_010612.1,SSG-LUGIA-P+center,754251,776250
NC_010612.1,SSG-LUGIA-P+center,1004351,1039850
NC_010612.1,SSG-LUGIA-P+center,1443551,1472650
NC_010612.1,SSG-LUGIA-P+center,1909951,1932550
NC_010612.1,SSG-LUGIA-P+center,2522751,2550750
NC_010612.1,SSG-LUGIA-P+center,3746751,3789150
NC_010612.1,SSG-LUGIA-P+center,3976651,4048550
NC_010612.1,SSG-LUGIA-P+center,4070251,4080650
NC_010612.1,SSG-LUGIA-P+center,4082751,4097950
NC_010612.1,SSG-LUGIA-P+center,4400951,4411850
NC_010612.1,SSG-LUGIA-P+center,4642051,4653150
NC_010612.1,SSG-LUGIA-P+center,4680351,4718450
NC_010612.1,SSG-LUGIA-P+center,5648251,5660350
NC_010612.1,SSG-LUGIA-P+center,6388551,6446750
NC_010612.1,SSG-LUGIA-P+center,6459451,6479350
NC_010612.1,SSG-LUGIA-F,97001,123400
NC_010612.1,SSG-LUGIA-F,555201,581100
NC_010612.1,SSG-LUGIA-F,748901,772200
NC_010612.1,SSG-LUGIA-F,995401,1035300
NC_010612.1,SSG-LUGIA-F,1125601,1138600
NC_010612.1,SSG-LUGIA-F,1438101,1468000
NC_010612.1,SSG-LUGIA-F,1904701,1928000
NC_010612.1,SSG-LUGIA-F,1980701,1992400
NC_010612.1,SSG-LUGIA-F,2229601,2240600
NC_010612.1,SSG-LUGIA-F,2456101,2472000
NC_010612.1,SSG-LUGIA-F,2512301,2548700
NC_010612.1,SSG-LUGIA-F,3741301,3786300
NC_010612.1,SSG-LUGIA-F,3971001,4045800
NC_010612.1,SSG-LUGIA-F,4063301,4096600
NC_010612.1,SSG-LUGIA-F,4386601,4416700
NC_010612.1,SSG-LUGIA-F,4620201,4652100
NC_010612.1,SSG-LUGIA-F,4670501,4716300
NC_010612.1,SSG-LUGIA-F,4824701,4850400
NC_010612.1,SSG-LUGIA-F,5299101,5319800
NC_010612.1,SSG-LUGIA-F,5642001,5656500
NC_010612.1,SSG-LUGIA-F,6058501,6075900
NC_010612.1,SSG-LUGIA-F,6382701,6483500
NC_010612.1,SSG-LUGIA-F+center,101951,128350
NC_010612.1,SSG-LUGIA-F+center,560151,586050
NC_010612.1,SSG-LUGIA-F+center,753851,777150
NC_010612.1,SSG-LUGIA-F+center,1000351,1040250
NC_010612.1,SSG-LUGIA-F+center,1130551,1143550
NC_010612.1,SSG-LUGIA-F+center,1443051,1472950
NC_010612.1,SSG-LUGIA-F+center,1909651,1932950
NC_010612.1,SSG-LUGIA-F+center,1985651,1997350
NC_010612.1,SSG-LUGIA-F+center,2234551,2245550
NC_010612.1,SSG-LUGIA-F+center,2461051,2476950
NC_010612.1,SSG-LUGIA-F+center,2517251,2553650
NC_010612.1,SSG-LUGIA-F+center,3746251,3791250
NC_010612.1,SSG-LUGIA-F+center,3975951,4050750
NC_010612.1,SSG-LUGIA-F+center,4068251,4101550
NC_010612.1,SSG-LUGIA-F+center,4391551,4421650
NC_010612.1,SSG-LUGIA-F+center,4625151,4657050
NC_010612.1,SSG-LUGIA-F+center,4675451,4721250
NC_010612.1,SSG-LUGIA-F+center,4829651,4855350
NC_010612.1,SSG-LUGIA-F+center,5304051,5324750
NC_010612.1,SSG-LUGIA-F+center,5646951,5661450
NC_010612.1,SSG-LUGIA-F+center,6063451,6080850
NC_010612.1,SSG-LUGIA-F+center,6387651,6488450
NC_010612.1,SSG-LUGIA-R,81701,124800
NC_010612.1,SSG-LUGIA-R,193101,225300
NC_010612.1,SSG-LUGIA-R,424001,440600
NC_010612.1,SSG-LUGIA-R,479101,492600
NC_010612.1,SSG-LUGIA-R,549101,582300
NC_010612.1,SSG-LUGIA-R,667101,778000
NC_010612.1,SSG-LUGIA-R,825501,839300
NC_010612.1,SSG-LUGIA-R,939501,960700
NC_010612.1,SSG-LUGIA-R,991001,1045300
NC_010612.1,SSG-LUGIA-R,1104801,1151700
NC_010612.1,SSG-LUGIA-R,1177901,1227500
NC_010612.1,SSG-LUGIA-R,1234201,1257600
NC_010612.1,SSG-LUGIA-R,1302201,1365100
NC_010612.1,SSG-LUGIA-R,1427101,1468700
NC_010612.1,SSG-LUGIA-R,1683201,1703300
NC_010612.1,SSG-LUGIA-R,1749001,1787700
NC_010612.1,SSG-LUGIA-R,1904201,1932200
NC_010612.1,SSG-LUGIA-R,1976201,1997700
NC_010612.1,SSG-LUGIA-R,2227601,2242900
NC_010612.1,SSG-LUGIA-R,2433601,2445800
NC_010612.1,SSG-LUGIA-R,2448301,2487800
NC_010612.1,SSG-LUGIA-R,2500101,2563100
NC_010612.1,SSG-LUGIA-R,2961501,3034800
NC_010612.1,SSG-LUGIA-R,3132801,3171700
NC_010612.1,SSG-LUGIA-R,3216101,3238700
NC_010612.1,SSG-LUGIA-R,3266401,3306200
NC_010612.1,SSG-LUGIA-R,3547001,3583900
NC_010612.1,SSG-LUGIA-R,3632201,3647100
NC_010612.1,SSG-LUGIA-R,3725201,3892200
NC_010612.1,SSG-LUGIA-R,3968401,4104900
NC_010612.1,SSG-LUGIA-R,4381701,4434200
NC_010612.1,SSG-LUGIA-R,4600401,4736900
NC_010612.1,SSG-LUGIA-R,4794001,4866900
NC_010612.1,SSG-LUGIA-R,5088201,5101400
NC_010612.1,SSG-LUGIA-R,5183901,5208000
NC_010612.1,SSG-LUGIA-R,5231801,5276800
NC_010612.1,SSG-LUGIA-R,5279301,5320800
NC_010612.1,SSG-LUGIA-R,5364201,5420600
NC_010612.1,SSG-LUGIA-R,5444201,5465700
NC_010612.1,SSG-LUGIA-R,5570601,5624700
NC_010612.1,SSG-LUGIA-R,5634501,5671500
NC_010612.1,SSG-LUGIA-R,5849401,5862400
NC_010612.1,SSG-LUGIA-R,6045701,6082300
NC_010612.1,SSG-LUGIA-R,6093301,6129700
NC_010612.1,SSG-LUGIA-R,6210401,6230800
NC_010612.1,SSG-LUGIA-R,6269001,6292300
NC_010612.1,SSG-LUGIA-R,6380801,6504800
NC_010612.1,SSG-LUGIA-R,6548001,6605000
NC_010612.1,SSG-LUGIA-R+center,86651,129750
NC_010612.1,SSG-LUGIA-R+center,198051,230250
NC_010612.1,SSG-LUGIA-R+center,428951,445550
NC_010612.1,SSG-LUGIA-R+center,484051,497550
NC_010612.1,SSG-LUGIA-R+center,554051,587250
NC_010612.1,SSG-LUGIA-R+center,672051,782950
NC_010612.1,SSG-LUGIA-R+center,830451,844250
NC_010612.1,SSG-LUGIA-R+center,944451,965650
NC_010612.1,SSG-LUGIA-R+center,995951,1050250
NC_010612.1,SSG-LUGIA-R+center,1109751,1156650
NC_010612.1,SSG-LUGIA-R+center,1182851,1232450
NC_010612.1,SSG-LUGIA-R+center,1239151,1262550
NC_010612.1,SSG-LUGIA-R+center,1307151,1370050
NC_010612.1,SSG-LUGIA-R+center,1432051,1473650
NC_010612.1,SSG-LUGIA-R+center,1688151,1708250
NC_010612.1,SSG-LUGIA-R+center,1753951,1792650
NC_010612.1,SSG-LUGIA-R+center,1909151,1937150
NC_010612.1,SSG-LUGIA-R+center,1981151,2002650
NC_010612.1,SSG-LUGIA-R+center,2232551,2247850
NC_010612.1,SSG-LUGIA-R+center,2438551,2450750
NC_010612.1,SSG-LUGIA-R+center,2453251,2492750
NC_010612.1,SSG-LUGIA-R+center,2505051,2568050
NC_010612.1,SSG-LUGIA-R+center,2966451,3039750
NC_010612.1,SSG-LUGIA-R+center,3137751,3176650
NC_010612.1,SSG-LUGIA-R+center,3221051,3243650
NC_010612.1,SSG-LUGIA-R+center,3271351,3311150
NC_010612.1,SSG-LUGIA-R+center,3551951,3588850
NC_010612.1,SSG-LUGIA-R+center,3637151,3652050
NC_010612.1,SSG-LUGIA-R+center,3730151,3897150
NC_010612.1,SSG-LUGIA-R+center,3973351,4109850
NC_010612.1,SSG-LUGIA-R+center,4386651,4439150
NC_010612.1,SSG-LUGIA-R+center,4605351,4741850
NC_010612.1,SSG-LUGIA-R+center,4798951,4871850
NC_010612.1,SSG-LUGIA-R+center,5093151,5106350
NC_010612.1,SSG-LUGIA-R+center,5188851,5212950
NC_010612.1,SSG-LUGIA-R+center,5236751,5281750
NC_010612.1,SSG-LUGIA-R+center,5284251,5325750
NC_010612.1,SSG-LUGIA-R+center,5369151,5425550
NC_010612.1,SSG-LUGIA-R+center,5449151,5470650
NC_010612.1,SSG-LUGIA-R+center,5575551,5629650
NC_010612.1,SSG-LUGIA-R+center,5639451,5676450
NC_010612.1,SSG-LUGIA-R+center,5854351,5867350
NC_010612.1,SSG-LUGIA-R+center,6050651,6087250
NC_010612.1,SSG-LUGIA-R+center,6098251,6134650
NC_010612.1,SSG-LUGIA-R+center,6215351,6235750
NC_010612.1,SSG-LUGIA-R+center,6273951,6297250
NC_010612.1,SSG-LUGIA-R+center,6385751,6509750
NC_010612.1,SSG-LUGIA-R+center,6552951,6609950
