accession,method,true_start,true_end,matched,start_err,end_err,mean_err,signed_start_err,signed_end_err,jaccard
NC_000907.1,SSG-LUGIA-P,1102430,1111034,False,,,,,,0.0
NC_000907.1,SSG-LUGIA-P+center,1102430,1111034,False,,,,,,0.0
NC_000907.1,SSG-LUGIA-F,1102430,1111034,False,,,,,,0.0
NC_000907.1,SSG-LUGIA-F+center,1102430,1111034,False,,,,,,0.0
NC_000907.1,SSG-LUGIA-R,1102430,1111034,True,68030.0,135.0,34082.5,-68030.0,-135.0,0.11052391205062961
NC_000907.1,SSG-LUGIA-R+center,1102430,1111034,True,63080.0,4815.0,33947.5,-63080.0,4815.0,0.11248366013071895
AC_000091.1,SSG-LUGIA-P,2754784,2768393,True,5484.0,13406.0,9445.0,-5484.0,13406.0,0.4187692307692308
AC_000091.1,SSG-LUGIA-P,4514466,4523152,True,7066.0,23247.0,15156.5,-7066.0,23247.0,0.22274358974358974
AC_000091.1,SSG-LUGIA-P+center,2754784,2768393,True,534.0,18356.0,9445.0,-534.0,18356.0,0.4187692307692308
AC_000091.1,SSG-LUGIA-P+center,4514466,4523152,True,2116.0,28197.0,15156.5,-2116.0,28197.0,0.22274358974358974
AC_000091.1,SSG-LUGIA-F,2754784,2768393,True,5784.0,14606.0,10195.0,-5784.0,14606.0,0.4002941176470588
AC_000091.1,SSG-LUGIA-F,4514466,4523152,True,23466.0,25447.0,24456.5,-23466.0,25447.0,0.15081597222222223
AC_000091.1,SSG-LUGIA-F+center,2754784,2768393,True,834.0,19556.0,10195.0,-834.0,19556.0,0.4002941176470588
AC_000091.1,SSG-LUGIA-F+center,4514466,4523152,True,18516.0,30397.0,24456.5,-18516.0,30397.0,0.15081597222222223
AC_000091.1,SSG-LUGIA-R,2754784,2768393,True,19184.0,26806.0,22995.0,-19184.0,26806.0,0.22835570469798658
AC_000091.1,SSG-LUGIA-R,4514466,4523152,True,32666.0,58447.0,45556.5,-32666.0,58447.0,0.0870440881763527
AC_000091.1,SSG-LUGIA-R+center,2754784,2768393,True,14234.0,31756.0,22995.0,-14234.0,31756.0,0.22835570469798658
AC_000091.1,SSG-LUGIA-R+center,4514466,4523152,True,27716.0,63397.0,45556.5,-27716.0,63397.0,0.0870440881763527
NC_000913.2,SSG-LUGIA-P,289659,297701,True,29659.0,19098.0,24378.5,-29659.0,19098.0,0.14160211267605632
NC_000913.2,SSG-LUGIA-P,2754150,2766804,True,4650.0,13995.0,9322.5,-4650.0,13995.0,0.40431309904153356
NC_000913.2,SSG-LUGIA-P,4507809,4516495,True,7909.0,22604.0,15256.5,-7909.0,22604.0,0.22160714285714286
NC_000913.2,SSG-LUGIA-P,4517262,4530587,True,17362.0,8512.0,12937.0,-17362.0,8512.0,0.33994897959183673
NC_000913.2,SSG-LUGIA-P+center,289659,297701,True,24709.0,24048.0,24378.5,-24709.0,24048.0,0.14160211267605632
NC_000913.2,SSG-LUGIA-P+center,2754150,2766804,True,300.0,18945.0,9622.5,300.0,18945.0,0.3909810126582278
NC_000913.2,SSG-LUGIA-P+center,4507809,4516495,True,2959.0,27554.0,15256.5,-2959.0,27554.0,0.22160714285714286
NC_000913.2,SSG-LUGIA-P+center,4517262,4530587,True,12412.0,13462.0,12937.0,-12412.0,13462.0,0.33994897959183673
NC_000913.2,SSG-LUGIA-F,289659,297701,True,31359.0,19398.0,25378.5,-31359.0,19398.0,0.1367857142857143
NC_000913.2,SSG-LUGIA-F,2754150,2766804,True,5850.0,15595.0,10722.5,-5850.0,15595.0,0.37111436950146626
NC_000913.2,SSG-LUGIA-F,4507809,4516495,True,23309.0,24504.0,23906.5,-23309.0,24504.0,0.15375221238938053
NC_000913.2,SSG-LUGIA-F,4517262,4530587,True,32762.0,10412.0,21587.0,-32762.0,10412.0,0.235858407079646
NC_000913.2,SSG-LUGIA-F+center,289659,297701,True,26409.0,24348.0,25378.5,-26409.0,24348.0,0.1367857142857143
NC_000913.2,SSG-LUGIA-F+center,2754150,2766804,True,900.0,20545.0,10722.5,-900.0,20545.0,0.37111436950146626
NC_000913.2,SSG-LUGIA-F+center,4507809,4516495,True,18359.0,29454.0,23906.5,-18359.0,29454.0,0.15375221238938053
NC_000913.2,SSG-LUGIA-F+center,4517262,4530587,True,27812.0,15362.0,21587.0,-27812.0,15362.0,0.235858407079646
NC_000913.2,SSG-LUGIA-R,289659,297701,True,37659.0,33798.0,35728.5,-37659.0,33798.0,0.10116981132075471
NC_000913.2,SSG-LUGIA-R,2754150,2766804,True,19150.0,27595.0,23372.5,-19150.0,27595.0,0.21304713804713804
NC_000913.2,SSG-LUGIA-R,4507809,4516495,True,32609.0,58604.0,45606.5,-32609.0,58604.0,0.08695695695695696
NC_000913.2,SSG-LUGIA-R,4517262,4530587,True,42062.0,44512.0,43287.0,-42062.0,44512.0,0.1333933933933934
NC_000913.2,SSG-LUGIA-R+center,289659,297701,True,32709.0,38748.0,35728.5,-32709.0,38748.0,0.10116981132075471
NC_000913.2,SSG-LUGIA-R+center,2754150,2766804,True,14200.0,32545.0,23372.5,-14200.0,32545.0,0.21304713804713804
NC_000913.2,SSG-LUGIA-R+center,4507809,4516495,True,27659.0,63554.0,45606.5,-27659.0,63554.0,0.08695695695695696
NC_000913.2,SSG-LUGIA-R+center,4517262,4530587,True,37112.0,49462.0,43287.0,-37112.0,49462.0,0.1333933933933934
NC_002516.2,SSG-LUGIA-P,2765407,2779413,True,15307.0,4014.0,9660.5,-15307.0,-4014.0,0.34089513543016986
NC_002516.2,SSG-LUGIA-P,1496896,1516700,True,16596.0,13301.0,14948.5,-16596.0,-13301.0,0.17867640998873657
NC_002516.2,SSG-LUGIA-P,1840402,1849942,False,,,,,,0.0
NC_002516.2,SSG-LUGIA-P,1850183,1866277,False,,,,,,0.0
NC_002516.2,SSG-LUGIA-P,1311422,1324803,False,,,,,,0.0
NC_002516.2,SSG-LUGIA-P+center,2765407,2779413,True,10357.0,936.0,5646.5,-10357.0,936.0,0.5536363636363636
NC_002516.2,SSG-LUGIA-P+center,1496896,1516700,True,11646.0,8351.0,9998.5,-11646.0,-8351.0,0.3641855584878064
NC_002516.2,SSG-LUGIA-P+center,1840402,1849942,False,,,,,,0.0
NC_002516.2,SSG-LUGIA-P+center,1850183,1866277,False,,,,,,0.0
NC_002516.2,SSG-LUGIA-P+center,1311422,1324803,False,,,,,,0.0
NC_002516.2,SSG-LUGIA-F,2765407,2779413,True,16107.0,3714.0,9910.5,-16107.0,-3714.0,0.341801155608687
NC_002516.2,SSG-LUGIA-F,1496896,1516700,True,17596.0,11101.0,14348.5,-17596.0,-11101.0,0.23272105023929843
NC_002516.2,SSG-LUGIA-F,1840402,1849942,False,,,,,,0.0
NC_002516.2,SSG-LUGIA-F,1850183,1866277,False,,,,,,0.0
NC_002516.2,SSG-LUGIA-F,1311422,1324803,False,,,,,,0.0
NC_002516.2,SSG-LUGIA-F+center,2765407,2779413,True,11157.0,1236.0,6196.5,-11157.0,1236.0,0.5305681818181818
NC_002516.2,SSG-LUGIA-F+center,1496896,1516700,True,12646.0,6151.0,9398.5,-12646.0,-6151.0,0.42075744969338386
NC_002516.2,SSG-LUGIA-F+center,1840402,1849942,False,,,,,,0.0
NC_002516.2,SSG-LUGIA-F+center,1850183,1866277,False,,,,,,0.0
NC_002516.2,SSG-LUGIA-F+center,1311422,1324803,False,,,,,,0.0
NC_002516.2,SSG-LUGIA-R,2765407,2779413,True,120307.0,2686.0,61496.5,-120307.0,2686.0,0.10224087591240875
NC_002516.2,SSG-LUGIA-R,1496896,1516700,True,41196.0,13999.0,27597.5,-41196.0,13999.0,0.26406666666666667
NC_002516.2,SSG-LUGIA-R,1840402,1849942,True,9902.0,20657.0,15279.5,-9902.0,20657.0,0.23793017456359103
NC_002516.2,SSG-LUGIA-R,1850183,1866277,True,19683.0,4322.0,12002.5,-19683.0,4322.0,0.4013715710723192
NC_002516.2,SSG-LUGIA-R,1311422,1324803,True,722.0,68796.0,34759.0,-722.0,68796.0,0.16142340168878166
NC_002516.2,SSG-LUGIA-R+center,2765407,2779413,True,115357.0,7636.0,61496.5,-115357.0,7636.0,0.10224087591240875
NC_002516.2,SSG-LUGIA-R+center,1496896,1516700,True,36246.0,18949.0,27597.5,-36246.0,18949.0,0.26406666666666667
NC_002516.2,SSG-LUGIA-R+center,1840402,1849942,True,4952.0,25607.0,15279.5,-4952.0,25607.0,0.23793017456359103
NC_002516.2,SSG-LUGIA-R+center,1850183,1866277,True,14733.0,9272.0,12002.5,-14733.0,9272.0,0.4013715710723192
NC_002516.2,SSG-LUGIA-R+center,1311422,1324803,True,4228.0,73746.0,38987.0,4228.0,73746.0,0.10506381415847948
NC_002655.2,SSG-LUGIA-P,579581,596828,True,4181.0,9171.0,6676.0,-4181.0,9171.0,0.5636601307189543
NC_002655.2,SSG-LUGIA-P,665139,673823,False,,,,,,0.0
NC_002655.2,SSG-LUGIA-P,904610,918372,False,,,,,,0.0
NC_002655.2,SSG-LUGIA-P,1109625,1118395,True,11725.0,19704.0,15714.5,-11725.0,19704.0,0.21818407960199004
NC_002655.2,SSG-LUGIA-P,1261802,1273782,True,2098.0,16017.0,9057.5,2098.0,16017.0,0.35298949924994644
NC_002655.2,SSG-LUGIA-P,1344386,1392487,True,2814.0,12388.0,7601.0,2814.0,-12388.0,0.6839632447715271
NC_002655.2,SSG-LUGIA-P,1433835,1452085,False,,,,,,0.0
NC_002655.2,SSG-LUGIA-P,1500853,1513854,True,7753.0,17745.0,12749.0,-7753.0,17745.0,0.3377142857142857
NC_002655.2,SSG-LUGIA-P,1652293,1662118,True,13693.0,11481.0,12587.0,-13693.0,11481.0,0.2807428571428571
NC_002655.2,SSG-LUGIA-P,1711725,1734698,True,725.0,4001.0,2363.0,-725.0,4001.0,0.8293862815884476
NC_002655.2,SSG-LUGIA-P,1865987,1874593,False,,,,,,0.0
NC_002655.2,SSG-LUGIA-P,1897666,1923762,True,4666.0,3563.0,4114.5,-4666.0,-3563.0,0.7325033319247147
NC_002655.2,SSG-LUGIA-P,2131479,2139654,True,17679.0,5645.0,11662.0,-17679.0,5645.0,0.25955555555555554
NC_002655.2,SSG-LUGIA-P,2749781,2769746,True,14181.0,2053.0,8117.0,-14181.0,2053.0,0.5515469613259668
NC_002655.2,SSG-LUGIA-P,2777420,2787074,False,,,,,,0.0
NC_002655.2,SSG-LUGIA-P,2989368,2998130,True,27168.0,6431.0,16799.5,-27168.0,-6431.0,0.0649021736105313
NC_002655.2,SSG-LUGIA-P,3002922,3014797,False,,,,,,0.0
NC_002655.2,SSG-LUGIA-P,3262945,3273779,False,,,,,,0.0
NC_002655.2,SSG-LUGIA-P,4654756,4675861,True,856.0,13838.0,7347.0,-856.0,13838.0,0.5895530726256983
NC_002655.2,SSG-LUGIA-P+center,579581,596828,True,769.0,14121.0,7445.0,769.0,14121.0,0.5253275526793969
NC_002655.2,SSG-LUGIA-P+center,665139,673823,False,,,,,,0.0
NC_002655.2,SSG-LUGIA-P+center,904610,918372,False,,,,,,0.0
NC_002655.2,SSG-LUGIA-P+center,1109625,1118395,True,6775.0,24654.0,15714.5,-6775.0,24654.0,0.21818407960199004
NC_002655.2,SSG-LUGIA-P+center,1261802,1273782,True,7048.0,20967.0,14007.5,7048.0,20967.0,0.14972077212577395
NC_002655.2,SSG-LUGIA-P+center,1344386,1392487,True,7764.0,7438.0,7601.0,7764.0,-7438.0,0.6839632447715271
NC_002655.2,SSG-LUGIA-P+center,1433835,1452085,False,,,,,,0.0
NC_002655.2,SSG-LUGIA-P+center,1500853,1513854,True,2803.0,22695.0,12749.0,-2803.0,22695.0,0.3377142857142857
NC_002655.2,SSG-LUGIA-P+center,1652293,1662118,True,8743.0,16431.0,12587.0,-8743.0,16431.0,0.2807428571428571
NC_002655.2,SSG-LUGIA-P+center,1711725,1734698,True,4225.0,8951.0,6588.0,4225.0,8951.0,0.5872826938136256
NC_002655.2,SSG-LUGIA-P+center,1865987,1874593,False,,,,,,0.0
NC_002655.2,SSG-LUGIA-P+center,1897666,1923762,True,284.0,1387.0,835.5,284.0,1387.0,0.9392009896667152
NC_002655.2,SSG-LUGIA-P+center,2131479,2139654,True,12729.0,10595.0,11662.0,-12729.0,10595.0,0.25955555555555554
NC_002655.2,SSG-LUGIA-P+center,2749781,2769746,True,9231.0,7003.0,8117.0,-9231.0,7003.0,0.5515469613259668
NC_002655.2,SSG-LUGIA-P+center,2777420,2787074,False,,,,,,0.0
NC_002655.2,SSG-LUGIA-P+center,2989368,2998130,True,22218.0,1481.0,11849.5,-22218.0,-1481.0,0.2350472870468997
NC_002655.2,SSG-LUGIA-P+center,3002922,3014797,False,,,,,,0.0
NC_002655.2,SSG-LUGIA-P+center,3262945,3273779,False,,,,,,0.0
NC_002655.2,SSG-LUGIA-P+center,4654756,4675861,True,4094.0,18788.0,11441.0,4094.0,18788.0,0.4264300396049531
NC_002655.2,SSG-LUGIA-F,579581,596828,True,4681.0,10271.0,7476.0,-4681.0,10271.0,0.5356521739130434
NC_002655.2,SSG-LUGIA-F,665139,673823,False,,,,,,0.0
NC_002655.2,SSG-LUGIA-F,904610,918372,True,8410.0,5427.0,6918.5,-8410.0,5427.0,0.49865942028985505
NC_002655.2,SSG-LUGIA-F,1109625,1118395,True,48625.0,21804.0,35214.5,-48625.0,21804.0,0.1107449494949495
NC_002655.2,SSG-LUGIA-F,1261802,1273782,True,8402.0,18317.0,13359.5,-8402.0,18317.0,0.30958656330749357
NC_002655.2,SSG-LUGIA-F,1344386,1392487,True,5286.0,11088.0,8187.0,-5286.0,-11088.0,0.6933018655877725
NC_002655.2,SSG-LUGIA-F,1433835,1452085,True,6235.0,81814.0,44024.5,-6235.0,81814.0,0.17169332079021637
NC_002655.2,SSG-LUGIA-F,1500853,1513854,True,73253.0,20045.0,46649.0,-73253.0,20045.0,0.12231420507996237
NC_002655.2,SSG-LUGIA-F,1652293,1662118,True,18393.0,13181.0,15787.0,-18393.0,13181.0,0.23734299516908214
NC_002655.2,SSG-LUGIA-F,1711725,1734698,True,3025.0,6001.0,4513.0,-3025.0,6001.0,0.7179375
NC_002655.2,SSG-LUGIA-F,1865987,1874593,True,5613.0,49406.0,27509.5,5613.0,49406.0,0.05160912209332391
NC_002655.2,SSG-LUGIA-F,1897666,1923762,True,26066.0,237.0,13151.5,-26066.0,237.0,0.4980343511450382
NC_002655.2,SSG-LUGIA-F,2131479,2139654,True,18979.0,11145.0,15062.0,-18979.0,11145.0,0.21347258485639686
NC_002655.2,SSG-LUGIA-F,2749781,2769746,True,17081.0,5753.0,11417.0,-17081.0,5753.0,0.4664953271028037
NC_002655.2,SSG-LUGIA-F,2777420,2787074,False,,,,,,0.0
NC_002655.2,SSG-LUGIA-F,2989368,2998130,True,30768.0,1669.0,16218.5,-30768.0,1669.0,0.21269417475728156
NC_002655.2,SSG-LUGIA-F,3002922,3014797,False,,,,,,0.0
NC_002655.2,SSG-LUGIA-F,3262945,3273779,False,,,,,,0.0
NC_002655.2,SSG-LUGIA-F,4654756,4675861,True,3656.0,14538.0,9097.0,-3656.0,14538.0,0.5370483460559796
NC_002655.2,SSG-LUGIA-F+center,579581,596828,True,269.0,15221.0,7745.0,269.0,15221.0,0.522929563583726
NC_002655.2,SSG-LUGIA-F+center,665139,673823,False,,,,,,0.0
NC_002655.2,SSG-LUGIA-F+center,904610,918372,True,3460.0,10377.0,6918.5,-3460.0,10377.0,0.49865942028985505
NC_002655.2,SSG-LUGIA-F+center,1109625,1118395,True,43675.0,26754.0,35214.5,-43675.0,26754.0,0.1107449494949495
NC_002655.2,SSG-LUGIA-F+center,1261802,1273782,True,3452.0,23267.0,13359.5,-3452.0,23267.0,0.30958656330749357
NC_002655.2,SSG-LUGIA-F+center,1344386,1392487,True,336.0,6138.0,3237.0,-336.0,-6138.0,0.8663446054750402
NC_002655.2,SSG-LUGIA-F+center,1433835,1452085,True,1285.0,86764.0,44024.5,-1285.0,86764.0,0.17169332079021637
NC_002655.2,SSG-LUGIA-F+center,1500853,1513854,True,68303.0,24995.0,46649.0,-68303.0,24995.0,0.12231420507996237
NC_002655.2,SSG-LUGIA-F+center,1652293,1662118,True,13443.0,18131.0,15787.0,-13443.0,18131.0,0.23734299516908214
NC_002655.2,SSG-LUGIA-F+center,1711725,1734698,True,1925.0,10951.0,6438.0,1925.0,10951.0,0.6204568901989683
NC_002655.2,SSG-LUGIA-F+center,1865987,1874593,False,,,,,,0.0
NC_002655.2,SSG-LUGIA-F+center,1897666,1923762,True,21116.0,5187.0,13151.5,-21116.0,5187.0,0.4980343511450382
NC_002655.2,SSG-LUGIA-F+center,2131479,2139654,True,14029.0,16095.0,15062.0,-14029.0,16095.0,0.21347258485639686
NC_002655.2,SSG-LUGIA-F+center,2749781,2769746,True,12131.0,10703.0,11417.0,-12131.0,10703.0,0.4664953271028037
NC_002655.2,SSG-LUGIA-F+center,2777420,2787074,True,39770.0,6625.0,23197.5,-39770.0,-6625.0,0.061305007587253414
NC_002655.2,SSG-LUGIA-F+center,2989368,2998130,True,25818.0,6619.0,16218.5,-25818.0,6619.0,0.21269417475728156
NC_002655.2,SSG-LUGIA-F+center,3002922,3014797,True,39372.0,10048.0,24710.0,-39372.0,-10048.0,0.035669684670621295
NC_002655.2,SSG-LUGIA-F+center,3262945,3273779,False,,,,,,0.0
NC_002655.2,SSG-LUGIA-F+center,4654756,4675861,True,1294.0,19488.0,10391.0,1294.0,19488.0,0.48805242154012907
NC_002655.2,SSG-LUGIA-R,579581,596828,True,13681.0,33071.0,23376.0,-13681.0,33071.0,0.2695
NC_002655.2,SSG-LUGIA-R,665139,673823,False,,,,,,0.0
NC_002655.2,SSG-LUGIA-R,904610,918372,True,17510.0,8027.0,12768.5,-17510.0,8027.0,0.35020356234096695
NC_002655.2,SSG-LUGIA-R,1109625,1118395,True,57825.0,33004.0,45414.5,-57825.0,33004.0,0.08806224899598393
NC_002655.2,SSG-LUGIA-R,1261802,1273782,True,18902.0,22517.0,20709.5,-18902.0,22517.0,0.2243632958801498
NC_002655.2,SSG-LUGIA-R,1344386,1392487,True,18586.0,7288.0,12937.0,-18586.0,-7288.0,0.6120141554702495
NC_002655.2,SSG-LUGIA-R,1433835,1452085,True,26235.0,91114.0,58674.5,-26235.0,91114.0,0.13459439528023598
NC_002655.2,SSG-LUGIA-R,1500853,1513854,True,93253.0,29345.0,61299.0,-93253.0,29345.0,0.09588495575221238
NC_002655.2,SSG-LUGIA-R,1652293,1662118,True,29793.0,96181.0,62987.0,-29793.0,96181.0,0.07235640648011782
NC_002655.2,SSG-LUGIA-R,1711725,1734698,True,89225.0,23601.0,56413.0,-89225.0,23601.0,0.16917525773195877
NC_002655.2,SSG-LUGIA-R,1865987,1874593,True,26187.0,52606.0,39396.5,-26187.0,52606.0,0.09847826086956522
NC_002655.2,SSG-LUGIA-R,1897666,1923762,True,57866.0,3437.0,30651.5,-57866.0,3437.0,0.29859267734553774
NC_002655.2,SSG-LUGIA-R,2131479,2139654,True,39879.0,24145.0,32012.0,-39879.0,24145.0,0.1132409972299169
NC_002655.2,SSG-LUGIA-R,2749781,2769746,True,24981.0,100253.0,62617.0,-24981.0,100253.0,0.1375068870523416
NC_002655.2,SSG-LUGIA-R,2777420,2787074,True,52620.0,82925.0,67772.5,-52620.0,82925.0,0.06649449035812673
NC_002655.2,SSG-LUGIA-R,2989368,2998130,True,80568.0,11169.0,45868.5,-80568.0,11169.0,0.08719402985074627
NC_002655.2,SSG-LUGIA-R,3002922,3014797,True,94122.0,5498.0,49810.0,-94122.0,-5498.0,0.06017094662163437
NC_002655.2,SSG-LUGIA-R,3262945,3273779,True,5045.0,16620.0,10832.5,-5045.0,16620.0,0.3333846153846154
NC_002655.2,SSG-LUGIA-R,4654756,4675861,True,10956.0,26038.0,18497.0,-10956.0,26038.0,0.36327022375215146
NC_002655.2,SSG-LUGIA-R+center,579581,596828,True,8731.0,38021.0,23376.0,-8731.0,38021.0,0.2695
NC_002655.2,SSG-LUGIA-R+center,665139,673823,False,,,,,,0.0
NC_002655.2,SSG-LUGIA-R+center,904610,918372,True,12560.0,12977.0,12768.5,-12560.0,12977.0,0.35020356234096695
NC_002655.2,SSG-LUGIA-R+center,1109625,1118395,True,52875.0,37954.0,45414.5,-52875.0,37954.0,0.08806224899598393
NC_002655.2,SSG-LUGIA-R+center,1261802,1273782,True,13952.0,27467.0,20709.5,-13952.0,27467.0,0.2243632958801498
NC_002655.2,SSG-LUGIA-R+center,1344386,1392487,True,13636.0,2338.0,7987.0,-13636.0,-2338.0,0.7412614597168681
NC_002655.2,SSG-LUGIA-R+center,1433835,1452085,True,21285.0,96064.0,58674.5,-21285.0,96064.0,0.13459439528023598
NC_002655.2,SSG-LUGIA-R+center,1500853,1513854,True,88303.0,34295.0,61299.0,-88303.0,34295.0,0.09588495575221238
NC_002655.2,SSG-LUGIA-R+center,1652293,1662118,True,24843.0,101131.0,62987.0,-24843.0,101131.0,0.07235640648011782
NC_002655.2,SSG-LUGIA-R+center,1711725,1734698,True,84275.0,28551.0,56413.0,-84275.0,28551.0,0.16917525773195877
NC_002655.2,SSG-LUGIA-R+center,1865987,1874593,True,21237.0,57556.0,39396.5,-21237.0,57556.0,0.09847826086956522
NC_002655.2,SSG-LUGIA-R+center,1897666,1923762,True,52916.0,8387.0,30651.5,-52916.0,8387.0,0.29859267734553774
NC_002655.2,SSG-LUGIA-R+center,2131479,2139654,True,34929.0,29095.0,32012.0,-34929.0,29095.0,0.1132409972299169
NC_002655.2,SSG-LUGIA-R+center,2749781,2769746,True,20031.0,105203.0,62617.0,-20031.0,105203.0,0.1375068870523416
NC_002655.2,SSG-LUGIA-R+center,2777420,2787074,True,47670.0,87875.0,67772.5,-47670.0,87875.0,0.06649449035812673
NC_002655.2,SSG-LUGIA-R+center,2989368,2998130,True,75618.0,16119.0,45868.5,-75618.0,16119.0,0.08719402985074627
NC_002655.2,SSG-LUGIA-R+center,3002922,3014797,True,89172.0,548.0,44860.0,-89172.0,-548.0,0.1121051381521653
NC_002655.2,SSG-LUGIA-R+center,3262945,3273779,True,95.0,21570.0,10832.5,-95.0,21570.0,0.3333846153846154
NC_002655.2,SSG-LUGIA-R+center,4654756,4675861,True,6006.0,30988.0,18497.0,-6006.0,30988.0,0.36327022375215146
NC_002695.1,SSG-LUGIA-P,579578,597134,True,4178.0,8265.0,6221.5,-4178.0,8265.0,0.5852333333333334
NC_002695.1,SSG-LUGIA-P,665643,674041,False,,,,,,0.0
NC_002695.1,SSG-LUGIA-P,902900,928837,False,,,,,,0.0
NC_002695.1,SSG-LUGIA-P,1167197,1175766,False,,,,,,0.0
NC_002695.1,SSG-LUGIA-P,1175951,1200439,True,6949.0,4660.0,5804.5,6949.0,4660.0,0.6017359086074994
NC_002695.1,SSG-LUGIA-P,1261815,1308715,True,8985.0,12916.0,10950.5,8985.0,-12916.0,0.5330376751028763
NC_002695.1,SSG-LUGIA-P,1370469,1384331,False,,,,,,0.0
NC_002695.1,SSG-LUGIA-P,1576222,1586030,True,24722.0,3269.0,13995.5,-24722.0,3269.0,0.2594973544973545
NC_002695.1,SSG-LUGIA-P,1632953,1649856,False,,,,,,0.0
NC_002695.1,SSG-LUGIA-P,1794372,1806432,True,24972.0,3133.0,14052.5,-24972.0,-3133.0,0.24108227796829854
NC_002695.1,SSG-LUGIA-P,1806490,1814622,False,,,,,,0.0
NC_002695.1,SSG-LUGIA-P,2163037,2176998,True,7737.0,61001.0,34369.0,-7737.0,61001.0,0.16882708585247883
NC_002695.1,SSG-LUGIA-P,2186819,2199650,True,31519.0,38349.0,34934.0,-31519.0,38349.0,0.15516324062877873
NC_002695.1,SSG-LUGIA-P,2209427,2217595,True,54127.0,20404.0,37265.5,-54127.0,20404.0,0.09877871825876662
NC_002695.1,SSG-LUGIA-P,2668006,2692134,True,8206.0,4265.0,6235.5,-8206.0,4265.0,0.6592622950819672
NC_002695.1,SSG-LUGIA-P,2703533,2712021,False,,,,,,0.0
NC_002695.1,SSG-LUGIA-P,2895918,2926516,True,4418.0,7617.0,6017.5,-4418.0,-7617.0,0.6563097923865551
NC_002695.1,SSG-LUGIA-P,3194298,3205054,False,,,,,,0.0
NC_002695.1,SSG-LUGIA-P,3853554,3863174,False,,,,,,0.0
NC_002695.1,SSG-LUGIA-P,3866045,3874933,False,,,,,,0.0
NC_002695.1,SSG-LUGIA-P,4584153,4606878,True,947.0,14321.0,7634.0,947.0,14321.0,0.5878748616622128
NC_002695.1,SSG-LUGIA-P,5359699,5390699,False,,,,,,0.0
NC_002695.1,SSG-LUGIA-P+center,579578,597134,True,772.0,13215.0,6993.5,772.0,13215.0,0.5454634082932536
NC_002695.1,SSG-LUGIA-P+center,665643,674041,False,,,,,,0.0
NC_002695.1,SSG-LUGIA-P+center,902900,928837,False,,,,,,0.0
NC_002695.1,SSG-LUGIA-P+center,1167197,1175766,False,,,,,,0.0
NC_002695.1,SSG-LUGIA-P+center,1175951,1200439,True,11899.0,9610.0,10754.5,11899.0,9610.0,0.36921903868148626
NC_002695.1,SSG-LUGIA-P+center,1261815,1308715,True,13935.0,7966.0,10950.5,13935.0,-7966.0,0.5330376751028763
NC_002695.1,SSG-LUGIA-P+center,1370469,1384331,False,,,,,,0.0
NC_002695.1,SSG-LUGIA-P+center,1576222,1586030,True,19772.0,8219.0,13995.5,-19772.0,8219.0,0.2594973544973545
NC_002695.1,SSG-LUGIA-P+center,1632953,1649856,False,,,,,,0.0
NC_002695.1,SSG-LUGIA-P+center,1794372,1806432,True,20022.0,1817.0,10919.5,-20022.0,1817.0,0.35578171091445426
NC_002695.1,SSG-LUGIA-P+center,1806490,1814622,True,32140.0,6373.0,19256.5,-32140.0,-6373.0,0.043701735654160356
NC_002695.1,SSG-LUGIA-P+center,2163037,2176998,True,2787.0,65951.0,34369.0,-2787.0,65951.0,0.16882708585247883
NC_002695.1,SSG-LUGIA-P+center,2186819,2199650,True,26569.0,43299.0,34934.0,-26569.0,43299.0,0.15516324062877873
NC_002695.1,SSG-LUGIA-P+center,2209427,2217595,True,49177.0,25354.0,37265.5,-49177.0,25354.0,0.09877871825876662
NC_002695.1,SSG-LUGIA-P+center,2668006,2692134,True,3256.0,9215.0,6235.5,-3256.0,9215.0,0.6592622950819672
NC_002695.1,SSG-LUGIA-P+center,2703533,2712021,False,,,,,,0.0
NC_002695.1,SSG-LUGIA-P+center,2895918,2926516,True,532.0,2667.0,1599.5,532.0,-2667.0,0.8954540998071833
NC_002695.1,SSG-LUGIA-P+center,3194298,3205054,False,,,,,,0.0
NC_002695.1,SSG-LUGIA-P+center,3853554,3863174,False,,,,,,0.0
NC_002695.1,SSG-LUGIA-P+center,3866045,3874933,False,,,,,,0.0
NC_002695.1,SSG-LUGIA-P+center,4584153,4606878,True,5897.0,19271.0,12584.0,5897.0,19271.0,0.4007190989832607
NC_002695.1,SSG-LUGIA-P+center,5359699,5390699,False,,,,,,0.0
NC_002695.1,SSG-LUGIA-F,579578,597134,True,4678.0,10165.0,7421.5,-4678.0,10165.0,0.5418827160493828
NC_002695.1,SSG-LUGIA-F,665643,674041,False,,,,,,0.0
NC_002695.1,SSG-LUGIA-F,902900,928837,True,8200.0,7038.0,7619.0,-8200.0,-7038.0,0.5536352451813229
NC_002695.1,SSG-LUGIA-F,1167197,1175766,True,597.0,30833.0,15715.0,-597.0,30833.0,0.21425
NC_002695.1,SSG-LUGIA-F,1175951,1200439,True,9351.0,6160.0,7755.5,-9351.0,6160.0,0.612225
NC_002695.1,SSG-LUGIA-F,1261815,1308715,True,5515.0,11316.0,8415.5,-5515.0,-11316.0,0.678895757020757
NC_002695.1,SSG-LUGIA-F,1370469,1384331,True,27069.0,67168.0,47118.5,-27069.0,67168.0,0.1282423681776133
NC_002695.1,SSG-LUGIA-F,1576222,1586030,True,30822.0,5269.0,18045.5,-30822.0,5269.0,0.2137037037037037
NC_002695.1,SSG-LUGIA-F,1632953,1649856,True,8353.0,1057.0,4705.0,-8353.0,-1057.0,0.6274300194005622
NC_002695.1,SSG-LUGIA-F,1794372,1806432,True,29272.0,3667.0,16469.5,-29272.0,3667.0,0.2680222222222222
NC_002695.1,SSG-LUGIA-F,1806490,1814622,True,41390.0,4523.0,22956.5,-41390.0,-4523.0,0.07289542232901884
NC_002695.1,SSG-LUGIA-F,2163037,2176998,True,8837.0,62201.0,35519.0,-8837.0,62201.0,0.16425882352941176
NC_002695.1,SSG-LUGIA-F,2186819,2199650,True,32619.0,39549.0,36084.0,-32619.0,39549.0,0.15096470588235295
NC_002695.1,SSG-LUGIA-F,2209427,2217595,True,55227.0,21604.0,38415.5,-55227.0,21604.0,0.09610588235294118
NC_002695.1,SSG-LUGIA-F,2668006,2692134,True,10506.0,6765.0,8635.5,-10506.0,6765.0,0.5828260869565217
NC_002695.1,SSG-LUGIA-F,2703533,2712021,False,,,,,,0.0
NC_002695.1,SSG-LUGIA-F,2895918,2926516,True,8418.0,1283.0,4850.5,-8418.0,1283.0,0.7592803970223325
NC_002695.1,SSG-LUGIA-F,3194298,3205054,False,,,,,,0.0
NC_002695.1,SSG-LUGIA-F,3853554,3863174,False,,,,,,0.0
NC_002695.1,SSG-LUGIA-F,3866045,3874933,False,,,,,,0.0
NC_002695.1,SSG-LUGIA-F,4584153,4606878,True,1053.0,14621.0,7837.0,-1053.0,14621.0,0.5918229166666666
NC_002695.1,SSG-LUGIA-F,5359699,5390699,False,,,,,,0.0
NC_002695.1,SSG-LUGIA-F+center,579578,597134,True,272.0,15115.0,7693.5,272.0,15115.0,0.529046278158668
NC_002695.1,SSG-LUGIA-F+center,665643,674041,False,,,,,,0.0
NC_002695.1,SSG-LUGIA-F+center,902900,928837,True,3250.0,2088.0,2669.0,-3250.0,-2088.0,0.8171166232698369
NC_002695.1,SSG-LUGIA-F+center,1167197,1175766,True,4353.0,35783.0,20068.0,4353.0,35783.0,0.09507812323856335
NC_002695.1,SSG-LUGIA-F+center,1175951,1200439,True,4401.0,11110.0,7755.5,-4401.0,11110.0,0.612225
NC_002695.1,SSG-LUGIA-F+center,1261815,1308715,True,565.0,6366.0,3465.5,-565.0,-6366.0,0.8539796907259933
NC_002695.1,SSG-LUGIA-F+center,1370469,1384331,True,22119.0,72118.0,47118.5,-22119.0,72118.0,0.1282423681776133
NC_002695.1,SSG-LUGIA-F+center,1576222,1586030,True,25872.0,10219.0,18045.5,-25872.0,10219.0,0.2137037037037037
NC_002695.1,SSG-LUGIA-F+center,1632953,1649856,True,3403.0,3893.0,3648.0,-3403.0,3893.0,0.6985123966942148
NC_002695.1,SSG-LUGIA-F+center,1794372,1806432,True,24322.0,8617.0,16469.5,-24322.0,8617.0,0.2680222222222222
NC_002695.1,SSG-LUGIA-F+center,1806490,1814622,True,36440.0,427.0,18433.5,-36440.0,427.0,0.18073333333333333
NC_002695.1,SSG-LUGIA-F+center,2163037,2176998,True,3887.0,67151.0,35519.0,-3887.0,67151.0,0.16425882352941176
NC_002695.1,SSG-LUGIA-F+center,2186819,2199650,True,27669.0,44499.0,36084.0,-27669.0,44499.0,0.15096470588235295
NC_002695.1,SSG-LUGIA-F+center,2209427,2217595,True,50277.0,26554.0,38415.5,-50277.0,26554.0,0.09610588235294118
NC_002695.1,SSG-LUGIA-F+center,2668006,2692134,True,5556.0,11715.0,8635.5,-5556.0,11715.0,0.5828260869565217
NC_002695.1,SSG-LUGIA-F+center,2703533,2712021,True,41083.0,8172.0,24627.5,-41083.0,-8172.0,0.006394738965545065
NC_002695.1,SSG-LUGIA-F+center,2895918,2926516,True,3468.0,6233.0,4850.5,-3468.0,6233.0,0.7592803970223325
NC_002695.1,SSG-LUGIA-F+center,3194298,3205054,False,,,,,,0.0
NC_002695.1,SSG-LUGIA-F+center,3853554,3863174,False,,,,,,0.0
NC_002695.1,SSG-LUGIA-F+center,3866045,3874933,False,,,,,,0.0
NC_002695.1,SSG-LUGIA-F+center,4584153,4606878,True,3897.0,19571.0,11734.0,3897.0,19571.0,0.4451615953850155
NC_002695.1,SSG-LUGIA-F+center,5359699,5390699,False,,,,,,0.0
NC_002695.1,SSG-LUGIA-R,579578,597134,True,14078.0,32465.0,23271.5,-14078.0,32465.0,0.27390015600624024
NC_002695.1,SSG-LUGIA-R,665643,674041,False,,,,,,0.0
NC_002695.1,SSG-LUGIA-R,902900,928837,True,16600.0,4238.0,10419.0,-16600.0,-4238.0,0.5101321171658282
NC_002695.1,SSG-LUGIA-R,1167197,1175766,True,13397.0,36033.0,24715.0,-13397.0,36033.0,0.14775862068965517
NC_002695.1,SSG-LUGIA-R,1175951,1200439,True,22151.0,11360.0,16755.5,-22151.0,11360.0,0.42222413793103447
NC_002695.1,SSG-LUGIA-R,1261815,1308715,True,20815.0,7316.0,14065.5,-20815.0,-7316.0,0.5845738082580187
NC_002695.1,SSG-LUGIA-R,1370469,1384331,True,47169.0,74668.0,60918.5,-47169.0,74668.0,0.10215917464996316
NC_002695.1,SSG-LUGIA-R,1576222,1586030,True,38822.0,75469.0,57145.5,-38822.0,75469.0,0.07904109589041096
NC_002695.1,SSG-LUGIA-R,1632953,1649856,True,95553.0,11643.0,53598.0,-95553.0,11643.0,0.13621273166800968
NC_002695.1,SSG-LUGIA-R,1794372,1806432,True,45772.0,5367.0,25569.5,-45772.0,5367.0,0.1908386075949367
NC_002695.1,SSG-LUGIA-R,1806490,1814622,True,57890.0,2823.0,30356.5,-57890.0,-2823.0,0.08042651803159505
NC_002695.1,SSG-LUGIA-R,2163037,2176998,True,12137.0,78401.0,45269.0,-12137.0,78401.0,0.13360765550239234
NC_002695.1,SSG-LUGIA-R,2186819,2199650,True,35919.0,55749.0,45834.0,-35919.0,55749.0,0.12279425837320575
NC_002695.1,SSG-LUGIA-R,2209427,2217595,True,58527.0,37804.0,48165.5,-58527.0,37804.0,0.07817224880382775
NC_002695.1,SSG-LUGIA-R,2668006,2692134,True,18806.0,108465.0,63635.5,-18806.0,108465.0,0.15937252311756936
NC_002695.1,SSG-LUGIA-R,2703533,2712021,True,54333.0,88578.0,71455.5,-54333.0,88578.0,0.05607001321003963
NC_002695.1,SSG-LUGIA-R,2895918,2926516,True,57618.0,10883.0,34250.5,-57618.0,10883.0,0.3087689202825429
NC_002695.1,SSG-LUGIA-R,3194298,3205054,True,6398.0,20245.0,13321.5,-6398.0,20245.0,0.28762032085561495
NC_002695.1,SSG-LUGIA-R,3853554,3863174,True,6254.0,8425.0,7339.5,-6254.0,8425.0,0.3959259259259259
NC_002695.1,SSG-LUGIA-R,3866045,3874933,True,18745.0,3334.0,11039.5,-18745.0,-3334.0,0.20102048201490916
NC_002695.1,SSG-LUGIA-R,4584153,4606878,True,8253.0,28821.0,18537.0,-8253.0,28821.0,0.3800334448160535
NC_002695.1,SSG-LUGIA-R,5359699,5390699,True,24899.0,13400.0,19149.5,-24899.0,-13400.0,0.31486583184257605
NC_002695.1,SSG-LUGIA-R+center,579578,597134,True,9128.0,37415.0,23271.5,-9128.0,37415.0,0.27390015600624024
NC_002695.1,SSG-LUGIA-R+center,665643,674041,False,,,,,,0.0
NC_002695.1,SSG-LUGIA-R+center,902900,928837,True,11650.0,712.0,6181.0,-11650.0,712.0,0.6772323759791122
NC_002695.1,SSG-LUGIA-R+center,1167197,1175766,True,8447.0,40983.0,24715.0,-8447.0,40983.0,0.14775862068965517
NC_002695.1,SSG-LUGIA-R+center,1175951,1200439,True,17201.0,16310.0,16755.5,-17201.0,16310.0,0.42222413793103447
NC_002695.1,SSG-LUGIA-R+center,1261815,1308715,True,15865.0,2366.0,9115.5,-15865.0,-2366.0,0.7095401969219004
NC_002695.1,SSG-LUGIA-R+center,1370469,1384331,True,42219.0,79618.0,60918.5,-42219.0,79618.0,0.10215917464996316
NC_002695.1,SSG-LUGIA-R+center,1576222,1586030,True,33872.0,80419.0,57145.5,-33872.0,80419.0,0.07904109589041096
NC_002695.1,SSG-LUGIA-R+center,1632953,1649856,True,90603.0,16593.0,53598.0,-90603.0,16593.0,0.13621273166800968
NC_002695.1,SSG-LUGIA-R+center,1794372,1806432,True,40822.0,10317.0,25569.5,-40822.0,10317.0,0.1908386075949367
NC_002695.1,SSG-LUGIA-R+center,1806490,1814622,True,52940.0,2127.0,27533.5,-52940.0,2127.0,0.1286867088607595
NC_002695.1,SSG-LUGIA-R+center,2163037,2176998,True,7187.0,83351.0,45269.0,-7187.0,83351.0,0.13360765550239234
NC_002695.1,SSG-LUGIA-R+center,2186819,2199650,True,30969.0,60699.0,45834.0,-30969.0,60699.0,0.12279425837320575
NC_002695.1,SSG-LUGIA-R+center,2209427,2217595,True,53577.0,42754.0,48165.5,-53577.0,42754.0,0.07817224880382775
NC_002695.1,SSG-LUGIA-R+center,2668006,2692134,True,13856.0,113415.0,63635.5,-13856.0,113415.0,0.15937252311756936
NC_002695.1,SSG-LUGIA-R+center,2703533,2712021,True,49383.0,93528.0,71455.5,-49383.0,93528.0,0.05607001321003963
NC_002695.1,SSG-LUGIA-R+center,2895918,2926516,True,52668.0,15833.0,34250.5,-52668.0,15833.0,0.3087689202825429
NC_002695.1,SSG-LUGIA-R+center,3194298,3205054,True,1448.0,25195.0,13321.5,-1448.0,25195.0,0.28762032085561495
NC_002695.1,SSG-LUGIA-R+center,3853554,3863174,True,1304.0,13375.0,7339.5,-1304.0,13375.0,0.3959259259259259
NC_002695.1,SSG-LUGIA-R+center,3866045,3874933,True,13795.0,1616.0,7705.5,-13795.0,1616.0,0.36580246913580244
NC_002695.1,SSG-LUGIA-R+center,4584153,4606878,True,3303.0,33771.0,18537.0,-3303.0,33771.0,0.3800334448160535
NC_002695.1,SSG-LUGIA-R+center,5359699,5390699,True,19949.0,8450.0,14199.5,-19949.0,-8450.0,0.44261040235525023
NC_002758.2,SSG-LUGIA-P,436002,464310,True,7302.0,21589.0,14445.5,-7302.0,21589.0,0.4949125874125874
NC_002758.2,SSG-LUGIA-P+center,436002,464310,True,2352.0,26539.0,14445.5,-2352.0,26539.0,0.4949125874125874
NC_002758.2,SSG-LUGIA-F,436002,464310,True,9402.0,23089.0,16245.5,-9402.0,23089.0,0.46560855263157896
NC_002758.2,SSG-LUGIA-F+center,436002,464310,True,4452.0,28039.0,16245.5,-4452.0,28039.0,0.46560855263157896
NC_002758.2,SSG-LUGIA-R,436002,464310,True,33302.0,74189.0,53745.5,-33302.0,74189.0,0.20846097201767305
NC_002758.2,SSG-LUGIA-R+center,436002,464310,True,28352.0,79139.0,53745.5,-28352.0,79139.0,0.20846097201767305
NC_003047.1,SSG-LUGIA-P,493139,503966,False,,,,,,0.0
NC_003047.1,SSG-LUGIA-P,539648,561402,False,,,,,,0.0
NC_003047.1,SSG-LUGIA-P,1836434,1845539,False,,,,,,0.0
NC_003047.1,SSG-LUGIA-P,2483205,2496702,False,,,,,,0.0
NC_003047.1,SSG-LUGIA-P,3356258,3375743,True,9358.0,62856.0,36107.0,-9358.0,62856.0,0.21249727371864777
NC_003047.1,SSG-LUGIA-P,3375843,3385113,True,28943.0,53486.0,41214.5,-28943.0,53486.0,0.10110141766630316
NC_003047.1,SSG-LUGIA-P,3399663,3438595,True,52763.0,4.0,26383.5,-52763.0,4.0,0.4245692475463468
NC_003047.1,SSG-LUGIA-P+center,493139,503966,False,,,,,,0.0
NC_003047.1,SSG-LUGIA-P+center,539648,561402,False,,,,,,0.0
NC_003047.1,SSG-LUGIA-P+center,1836434,1845539,False,,,,,,0.0
NC_003047.1,SSG-LUGIA-P+center,2483205,2496702,False,,,,,,0.0
NC_003047.1,SSG-LUGIA-P+center,3356258,3375743,True,4408.0,67806.0,36107.0,-4408.0,67806.0,0.21249727371864777
NC_003047.1,SSG-LUGIA-P+center,3375843,3385113,True,23993.0,58436.0,41214.5,-23993.0,58436.0,0.10110141766630316
NC_003047.1,SSG-LUGIA-P+center,3399663,3438595,True,47813.0,4954.0,26383.5,-47813.0,4954.0,0.4245692475463468
NC_003047.1,SSG-LUGIA-F,493139,503966,False,,,,,,0.0
NC_003047.1,SSG-LUGIA-F,539648,561402,True,5848.0,4603.0,5225.5,-5848.0,-4603.0,0.6213817338695069
NC_003047.1,SSG-LUGIA-F,1836434,1845539,False,,,,,,0.0
NC_003047.1,SSG-LUGIA-F,2483205,2496702,False,,,,,,0.0
NC_003047.1,SSG-LUGIA-F,3356258,3375743,True,10158.0,63956.0,37057.0,-10158.0,63956.0,0.20818376068376068
NC_003047.1,SSG-LUGIA-F,3375843,3385113,True,29743.0,54586.0,42164.5,-29743.0,54586.0,0.0990491452991453
NC_003047.1,SSG-LUGIA-F,3399663,3438595,True,53563.0,1104.0,27333.5,-53563.0,1104.0,0.4159508547008547
NC_003047.1,SSG-LUGIA-F+center,493139,503966,False,,,,,,0.0
NC_003047.1,SSG-LUGIA-F+center,539648,561402,True,898.0,347.0,622.5,-898.0,347.0,0.9458695652173913
NC_003047.1,SSG-LUGIA-F+center,1836434,1845539,False,,,,,,0.0
NC_003047.1,SSG-LUGIA-F+center,2483205,2496702,False,,,,,,0.0
NC_003047.1,SSG-LUGIA-F+center,3356258,3375743,True,5208.0,68906.0,37057.0,-5208.0,68906.0,0.20818376068376068
NC_003047.1,SSG-LUGIA-F+center,3375843,3385113,True,24793.0,59536.0,42164.5,-24793.0,59536.0,0.0990491452991453
NC_003047.1,SSG-LUGIA-F+center,3399663,3438595,True,48613.0,6054.0,27333.5,-48613.0,6054.0,0.4159508547008547
NC_003047.1,SSG-LUGIA-R,493139,503966,True,4539.0,56633.0,30586.0,-4539.0,56633.0,0.15038888888888888
NC_003047.1,SSG-LUGIA-R,539648,561402,True,51048.0,803.0,25925.5,-51048.0,-803.0,0.2877903383102345
NC_003047.1,SSG-LUGIA-R,1836434,1845539,True,18534.0,19760.0,19147.0,-18534.0,19760.0,0.19210970464135022
NC_003047.1,SSG-LUGIA-R,2483205,2496702,True,61205.0,2403.0,31804.0,-61205.0,-2403.0,0.14852147838774882
NC_003047.1,SSG-LUGIA-R,3356258,3375743,True,15558.0,72156.0,43857.0,-15558.0,72156.0,0.1817723880597015
NC_003047.1,SSG-LUGIA-R,3375843,3385113,True,35143.0,62786.0,48964.5,-35143.0,62786.0,0.08648320895522388
NC_003047.1,SSG-LUGIA-R,3399663,3438595,True,58963.0,9304.0,34133.5,-58963.0,9304.0,0.3631809701492537
NC_003047.1,SSG-LUGIA-R+center,493139,503966,True,411.0,61583.0,30997.0,411.0,61583.0,0.1438593583847758
NC_003047.1,SSG-LUGIA-R+center,539648,561402,True,46098.0,4147.0,25122.5,-46098.0,4147.0,0.30215277777777777
NC_003047.1,SSG-LUGIA-R+center,1836434,1845539,True,13584.0,24710.0,19147.0,-13584.0,24710.0,0.19210970464135022
NC_003047.1,SSG-LUGIA-R+center,2483205,2496702,True,56255.0,2547.0,29401.0,-56255.0,2547.0,0.18669432918395573
NC_003047.1,SSG-LUGIA-R+center,3356258,3375743,True,10608.0,77106.0,43857.0,-10608.0,77106.0,0.1817723880597015
NC_003047.1,SSG-LUGIA-R+center,3375843,3385113,True,30193.0,67736.0,48964.5,-30193.0,67736.0,0.08648320895522388
NC_003047.1,SSG-LUGIA-R+center,3399663,3438595,True,54013.0,14254.0,34133.5,-54013.0,14254.0,0.3631809701492537
NC_002944.2,SSG-LUGIA-P,1877241,1886351,False,,,,,,0.0
NC_002944.2,SSG-LUGIA-P,4146326,4159660,True,2726.0,48939.0,25832.5,-2726.0,48939.0,0.20515384615384616
NC_002944.2,SSG-LUGIA-P,4159962,4183560,True,16362.0,25039.0,20700.5,-16362.0,25039.0,0.36306153846153844
NC_002944.2,SSG-LUGIA-P+center,1877241,1886351,False,,,,,,0.0
NC_002944.2,SSG-LUGIA-P+center,4146326,4159660,True,2224.0,53889.0,28056.5,2224.0,53889.0,0.1652832321789837
NC_002944.2,SSG-LUGIA-P+center,4159962,4183560,True,11412.0,29989.0,20700.5,-11412.0,29989.0,0.36306153846153844
NC_002944.2,SSG-LUGIA-F,1877241,1886351,True,10941.0,12248.0,11594.5,-10941.0,12248.0,0.28207430340557277
NC_002944.2,SSG-LUGIA-F,4146326,4159660,True,3426.0,50939.0,27182.5,-3426.0,50939.0,0.19697193500738552
NC_002944.2,SSG-LUGIA-F,4159962,4183560,True,17062.0,27039.0,22050.5,-17062.0,27039.0,0.34858197932053175
NC_002944.2,SSG-LUGIA-F+center,1877241,1886351,True,5991.0,17198.0,11594.5,-5991.0,17198.0,0.28207430340557277
NC_002944.2,SSG-LUGIA-F+center,4146326,4159660,True,1524.0,55889.0,28706.5,1524.0,55889.0,0.17062001617935976
NC_002944.2,SSG-LUGIA-F+center,4159962,4183560,True,12112.0,31989.0,22050.5,-12112.0,31989.0,0.34858197932053175
NC_002944.2,SSG-LUGIA-R,1877241,1886351,True,18241.0,29848.0,24044.5,-18241.0,29848.0,0.15928321678321677
NC_002944.2,SSG-LUGIA-R,4146326,4159660,True,5126.0,59339.0,32232.5,-5126.0,59339.0,0.17140102827763495
NC_002944.2,SSG-LUGIA-R,4159962,4183560,True,18762.0,35439.0,27100.5,-18762.0,35439.0,0.3033290488431877
NC_002944.2,SSG-LUGIA-R+center,1877241,1886351,True,13291.0,34798.0,24044.5,-13291.0,34798.0,0.15928321678321677
NC_002944.2,SSG-LUGIA-R+center,4146326,4159660,True,176.0,64289.0,32232.5,-176.0,64289.0,0.17140102827763495
NC_002944.2,SSG-LUGIA-R+center,4159962,4183560,True,13812.0,40389.0,27100.5,-13812.0,40389.0,0.3033290488431877
NC_002947.3,SSG-LUGIA-P,1763626,1772776,False,,,,,,0.0
NC_002947.3,SSG-LUGIA-P,2162618,2173663,True,15418.0,50536.0,32977.0,-15418.0,50536.0,0.14345454545454545
NC_002947.3,SSG-LUGIA-P,2179370,2193933,True,32170.0,30266.0,31218.0,-32170.0,30266.0,0.18914285714285714
NC_002947.3,SSG-LUGIA-P,2193986,2227516,True,46786.0,3317.0,25051.5,-46786.0,-3317.0,0.3761843694361094
NC_002947.3,SSG-LUGIA-P,2586092,2622772,True,3692.0,5027.0,4359.5,-3692.0,5027.0,0.8079515418502202
NC_002947.3,SSG-LUGIA-P,2910052,2921966,False,,,,,,0.0
NC_002947.3,SSG-LUGIA-P,2990013,2999148,False,,,,,,0.0
NC_002947.3,SSG-LUGIA-P,3008954,3029480,False,,,,,,0.0
NC_002947.3,SSG-LUGIA-P,3161333,3178191,False,,,,,,0.0
NC_002947.3,SSG-LUGIA-P,3192694,3200992,False,,,,,,0.0
NC_002947.3,SSG-LUGIA-P,3621849,3631998,False,,,,,,0.0
NC_002947.3,SSG-LUGIA-P,4174318,4192668,True,6718.0,35931.0,21324.5,-6718.0,35931.0,0.3008360655737705
NC_002947.3,SSG-LUGIA-P,4192862,4201782,True,25262.0,26817.0,26039.5,-25262.0,26817.0,0.14624590163934426
NC_002947.3,SSG-LUGIA-P,4207858,4233554,True,40258.0,4955.0,22606.5,-40258.0,-4955.0,0.3144871503297703
NC_002947.3,SSG-LUGIA-P,4301439,4310593,False,,,,,,0.0
NC_002947.3,SSG-LUGIA-P,4394933,4417944,False,,,,,,0.0
NC_002947.3,SSG-LUGIA-P,4484322,4493065,True,8522.0,4734.0,6628.0,-8522.0,4734.0,0.39745454545454545
NC_002947.3,SSG-LUGIA-P,4493110,4501309,True,17310.0,3510.0,10410.0,-17310.0,-3510.0,0.18384947079576636
NC_002947.3,SSG-LUGIA-P,4605992,4632480,True,1008.0,3281.0,2144.5,1008.0,-3281.0,0.8380837328702481
NC_002947.3,SSG-LUGIA-P,5001720,5014126,True,7620.0,59073.0,33346.5,-7620.0,59073.0,0.1568520859671302
NC_002947.3,SSG-LUGIA-P+center,1763626,1772776,False,,,,,,0.0
NC_002947.3,SSG-LUGIA-P+center,2162618,2173663,True,10468.0,55486.0,32977.0,-10468.0,55486.0,0.14345454545454545
NC_002947.3,SSG-LUGIA-P+center,2179370,2193933,True,27220.0,35216.0,31218.0,-27220.0,35216.0,0.18914285714285714
NC_002947.3,SSG-LUGIA-P+center,2193986,2227516,True,41836.0,1633.0,21734.5,-41836.0,1633.0,0.43546753246753245
NC_002947.3,SSG-LUGIA-P+center,2586092,2622772,True,1258.0,9977.0,5617.5,1258.0,9977.0,0.7592052809807536
NC_002947.3,SSG-LUGIA-P+center,2910052,2921966,False,,,,,,0.0
NC_002947.3,SSG-LUGIA-P+center,2990013,2999148,False,,,,,,0.0
NC_002947.3,SSG-LUGIA-P+center,3008954,3029480,False,,,,,,0.0
NC_002947.3,SSG-LUGIA-P+center,3161333,3178191,False,,,,,,0.0
NC_002947.3,SSG-LUGIA-P+center,3192694,3200992,False,,,,,,0.0
NC_002947.3,SSG-LUGIA-P+center,3621849,3631998,False,,,,,,0.0
NC_002947.3,SSG-LUGIA-P+center,4174318,4192668,True,1768.0,40881.0,21324.5,-1768.0,40881.0,0.3008360655737705
NC_002947.3,SSG-LUGIA-P+center,4192862,4201782,True,20312.0,31767.0,26039.5,-20312.0,31767.0,0.14624590163934426
NC_002947.3,SSG-LUGIA-P+center,4207858,4233554,True,35308.0,5.0,17656.5,-35308.0,-5.0,0.4211458077206786
NC_002947.3,SSG-LUGIA-P+center,4301439,4310593,False,,,,,,0.0
NC_002947.3,SSG-LUGIA-P+center,4394933,4417944,False,,,,,,0.0
NC_002947.3,SSG-LUGIA-P+center,4484322,4493065,True,3572.0,9684.0,6628.0,-3572.0,9684.0,0.39745454545454545
NC_002947.3,SSG-LUGIA-P+center,4493110,4501309,True,12360.0,1440.0,6900.0,-12360.0,1440.0,0.37272727272727274
NC_002947.3,SSG-LUGIA-P+center,4605992,4632480,True,5958.0,1669.0,3813.5,5958.0,1669.0,0.7291355920164785
NC_002947.3,SSG-LUGIA-P+center,5001720,5014126,True,2670.0,64023.0,33346.5,-2670.0,64023.0,0.1568520859671302
NC_002947.3,SSG-LUGIA-F,1763626,1772776,False,,,,,,0.0
NC_002947.3,SSG-LUGIA-F,2162618,2173663,True,26618.0,50936.0,38777.0,-26618.0,50936.0,0.12467268623024831
NC_002947.3,SSG-LUGIA-F,2179370,2193933,True,43370.0,30666.0,37018.0,-43370.0,30666.0,0.16437923250564335
NC_002947.3,SSG-LUGIA-F,2193986,2227516,True,57986.0,2917.0,30451.5,-57986.0,-2917.0,0.33451708425756965
NC_002947.3,SSG-LUGIA-F,2586092,2622772,True,4592.0,5427.0,5009.5,-4592.0,5427.0,0.7854603854389721
NC_002947.3,SSG-LUGIA-F,2910052,2921966,False,,,,,,0.0
NC_002947.3,SSG-LUGIA-F,2990013,2999148,False,,,,,,0.0
NC_002947.3,SSG-LUGIA-F,3008954,3029480,False,,,,,,0.0
NC_002947.3,SSG-LUGIA-F,3161333,3178191,False,,,,,,0.0
NC_002947.3,SSG-LUGIA-F,3192694,3200992,False,,,,,,0.0
NC_002947.3,SSG-LUGIA-F,3621849,3631998,False,,,,,,0.0
NC_002947.3,SSG-LUGIA-F,4174318,4192668,True,7218.0,36231.0,21724.5,-7218.0,36231.0,0.29694174757281555
NC_002947.3,SSG-LUGIA-F,4192862,4201782,True,25762.0,27117.0,26439.5,-25762.0,27117.0,0.1443527508090615
NC_002947.3,SSG-LUGIA-F,4207858,4233554,True,40758.0,4655.0,22706.5,-40758.0,-4655.0,0.31663531713189375
NC_002947.3,SSG-LUGIA-F,4301439,4310593,False,,,,,,0.0
NC_002947.3,SSG-LUGIA-F,4394933,4417944,False,,,,,,0.0
NC_002947.3,SSG-LUGIA-F,4484322,4493065,True,12222.0,5434.0,8828.0,-12222.0,5434.0,0.33121212121212124
NC_002947.3,SSG-LUGIA-F,4493110,4501309,True,21010.0,2810.0,11910.0,-21010.0,-2810.0,0.1845258473125642
NC_002947.3,SSG-LUGIA-F,4605992,4632480,True,8292.0,2681.0,5486.5,-8292.0,-2681.0,0.6845116586642133
NC_002947.3,SSG-LUGIA-F,5001720,5014126,True,7820.0,59773.0,33796.5,-7820.0,59773.0,0.1550875
NC_002947.3,SSG-LUGIA-F+center,1763626,1772776,False,,,,,,0.0
NC_002947.3,SSG-LUGIA-F+center,2162618,2173663,True,21668.0,55886.0,38777.0,-21668.0,55886.0,0.12467268623024831
NC_002947.3,SSG-LUGIA-F+center,2179370,2193933,True,38420.0,35616.0,37018.0,-38420.0,35616.0,0.16437923250564335
NC_002947.3,SSG-LUGIA-F+center,2193986,2227516,True,53036.0,2033.0,27534.5,-53036.0,2033.0,0.3784537246049661
NC_002947.3,SSG-LUGIA-F+center,2586092,2622772,True,358.0,10377.0,5367.5,358.0,10377.0,0.7718772578520124
NC_002947.3,SSG-LUGIA-F+center,2910052,2921966,False,,,,,,0.0
NC_002947.3,SSG-LUGIA-F+center,2990013,2999148,False,,,,,,0.0
NC_002947.3,SSG-LUGIA-F+center,3008954,3029480,False,,,,,,0.0
NC_002947.3,SSG-LUGIA-F+center,3161333,3178191,False,,,,,,0.0
NC_002947.3,SSG-LUGIA-F+center,3192694,3200992,False,,,,,,0.0
NC_002947.3,SSG-LUGIA-F+center,3621849,3631998,False,,,,,,0.0
NC_002947.3,SSG-LUGIA-F+center,4174318,4192668,True,2268.0,41181.0,21724.5,-2268.0,41181.0,0.29694174757281555
NC_002947.3,SSG-LUGIA-F+center,4192862,4201782,True,20812.0,32067.0,26439.5,-20812.0,32067.0,0.1443527508090615
NC_002947.3,SSG-LUGIA-F+center,4207858,4233554,True,35808.0,295.0,18051.5,-35808.0,295.0,0.41580906148867314
NC_002947.3,SSG-LUGIA-F+center,4301439,4310593,False,,,,,,0.0
NC_002947.3,SSG-LUGIA-F+center,4394933,4417944,False,,,,,,0.0
NC_002947.3,SSG-LUGIA-F+center,4484322,4493065,True,7272.0,10384.0,8828.0,-7272.0,10384.0,0.33121212121212124
NC_002947.3,SSG-LUGIA-F+center,4493110,4501309,True,16060.0,2140.0,9100.0,-16060.0,2140.0,0.3106060606060606
NC_002947.3,SSG-LUGIA-F+center,4605992,4632480,True,3342.0,2269.0,2805.5,-3342.0,2269.0,0.8252024922118381
NC_002947.3,SSG-LUGIA-F+center,5001720,5014126,True,2870.0,64723.0,33796.5,-2870.0,64723.0,0.1550875
NC_002947.3,SSG-LUGIA-R,1763626,1772776,True,31326.0,33723.0,32524.5,-31326.0,33723.0,0.1233288409703504
NC_002947.3,SSG-LUGIA-R,2162618,2173663,True,46918.0,52536.0,49727.0,-46918.0,52536.0,0.09996380090497738
NC_002947.3,SSG-LUGIA-R,2179370,2193933,True,63670.0,32266.0,47968.0,-63670.0,32266.0,0.13180090497737557
NC_002947.3,SSG-LUGIA-R,2193986,2227516,True,78286.0,1317.0,39801.5,-78286.0,-1317.0,0.28809572784102594
NC_002947.3,SSG-LUGIA-R,2586092,2622772,True,7092.0,12327.0,9709.5,-7092.0,12327.0,0.6538502673796791
NC_002947.3,SSG-LUGIA-R,2910052,2921966,False,,,,,,0.0
NC_002947.3,SSG-LUGIA-R,2990013,2999148,True,4513.0,29551.0,17032.0,-4513.0,29551.0,0.2114814814814815
NC_002947.3,SSG-LUGIA-R,3008954,3029480,True,23454.0,781.0,12117.5,-23454.0,-781.0,0.4489665992132966
NC_002947.3,SSG-LUGIA-R,3161333,3178191,False,,,,,,0.0
NC_002947.3,SSG-LUGIA-R,3192694,3200992,False,,,,,,0.0
NC_002947.3,SSG-LUGIA-R,3621849,3631998,False,,,,,,0.0
NC_002947.3,SSG-LUGIA-R,4174318,4192668,True,14318.0,49431.0,31874.5,-14318.0,49431.0,0.22352009744214374
NC_002947.3,SSG-LUGIA-R,4192862,4201782,True,32862.0,40317.0,36589.5,-32862.0,40317.0,0.10866017052375153
NC_002947.3,SSG-LUGIA-R,4207858,4233554,True,47858.0,8545.0,28201.5,-47858.0,8545.0,0.31299634591961023
NC_002947.3,SSG-LUGIA-R,4301439,4310593,True,14739.0,9006.0,11872.5,-14739.0,9006.0,0.2782674772036474
NC_002947.3,SSG-LUGIA-R,4394933,4417944,True,36233.0,3655.0,19944.0,-36233.0,3655.0,0.3658505564387917
NC_002947.3,SSG-LUGIA-R,4484322,4493065,True,19922.0,22034.0,20978.0,-19922.0,22034.0,0.172465483234714
NC_002947.3,SSG-LUGIA-R,4493110,4501309,True,28710.0,13790.0,21250.0,-28710.0,13790.0,0.16173570019723865
NC_002947.3,SSG-LUGIA-R,4605992,4632480,True,15792.0,55019.0,35405.5,-15792.0,55019.0,0.27224049331963
NC_002947.3,SSG-LUGIA-R,5001720,5014126,True,91420.0,72473.0,81946.5,-91420.0,72473.0,0.07037436188315371
NC_002947.3,SSG-LUGIA-R+center,1763626,1772776,True,26376.0,38673.0,32524.5,-26376.0,38673.0,0.1233288409703504
NC_002947.3,SSG-LUGIA-R+center,2162618,2173663,True,41968.0,57486.0,49727.0,-41968.0,57486.0,0.09996380090497738
NC_002947.3,SSG-LUGIA-R+center,2179370,2193933,True,58720.0,37216.0,47968.0,-58720.0,37216.0,0.13180090497737557
NC_002947.3,SSG-LUGIA-R+center,2193986,2227516,True,73336.0,3633.0,38484.5,-73336.0,3633.0,0.303447963800905
NC_002947.3,SSG-LUGIA-R+center,2586092,2622772,True,2142.0,17277.0,9709.5,-2142.0,17277.0,0.6538502673796791
NC_002947.3,SSG-LUGIA-R+center,2910052,2921966,False,,,,,,0.0
NC_002947.3,SSG-LUGIA-R+center,2990013,2999148,True,437.0,34501.0,17469.0,437.0,34501.0,0.1993491761578477
NC_002947.3,SSG-LUGIA-R+center,3008954,3029480,True,18504.0,4169.0,11336.5,-18504.0,4169.0,0.475162037037037
NC_002947.3,SSG-LUGIA-R+center,3161333,3178191,False,,,,,,0.0
NC_002947.3,SSG-LUGIA-R+center,3192694,3200992,False,,,,,,0.0
NC_002947.3,SSG-LUGIA-R+center,3621849,3631998,False,,,,,,0.0
NC_002947.3,SSG-LUGIA-R+center,4174318,4192668,True,9368.0,54381.0,31874.5,-9368.0,54381.0,0.22352009744214374
NC_002947.3,SSG-LUGIA-R+center,4192862,4201782,True,27912.0,45267.0,36589.5,-27912.0,45267.0,0.10866017052375153
NC_002947.3,SSG-LUGIA-R+center,4207858,4233554,True,42908.0,13495.0,28201.5,-42908.0,13495.0,0.31299634591961023
NC_002947.3,SSG-LUGIA-R+center,4301439,4310593,True,9789.0,13956.0,11872.5,-9789.0,13956.0,0.2782674772036474
NC_002947.3,SSG-LUGIA-R+center,4394933,4417944,True,31283.0,8605.0,19944.0,-31283.0,8605.0,0.3658505564387917
NC_002947.3,SSG-LUGIA-R+center,4484322,4493065,True,14972.0,26984.0,20978.0,-14972.0,26984.0,0.172465483234714
NC_002947.3,SSG-LUGIA-R+center,4493110,4501309,True,23760.0,18740.0,21250.0,-23760.0,18740.0,0.16173570019723865
NC_002947.3,SSG-LUGIA-R+center,4605992,4632480,True,10842.0,59969.0,35405.5,-10842.0,59969.0,0.27224049331963
NC_002947.3,SSG-LUGIA-R+center,5001720,5014126,True,86470.0,77423.0,81946.5,-86470.0,77423.0,0.07037436188315371
NC_003485.1,SSG-LUGIA-P,311381,323332,True,13181.0,1467.0,7324.0,-13181.0,1467.0,0.4493233082706767
NC_003485.1,SSG-LUGIA-P+center,311381,323332,True,8231.0,6417.0,7324.0,-8231.0,6417.0,0.4493233082706767
NC_003485.1,SSG-LUGIA-F,311381,323332,True,16681.0,1767.0,9224.0,-16681.0,1767.0,0.3931578947368421
NC_003485.1,SSG-LUGIA-F+center,311381,323332,True,11731.0,6717.0,9224.0,-11731.0,6717.0,0.3931578947368421
NC_003485.1,SSG-LUGIA-R,311381,323332,True,27481.0,4967.0,16224.0,-27481.0,4967.0,0.2691891891891892
NC_003485.1,SSG-LUGIA-R+center,311381,323332,True,22531.0,9917.0,16224.0,-22531.0,9917.0,0.2691891891891892
NC_003198.1,SSG-LUGIA-P,1538736,1559414,True,2536.0,5785.0,4160.5,-2536.0,5785.0,0.7130689655172414
NC_003198.1,SSG-LUGIA-P,2759628,2768827,False,,,,,,0.0
NC_003198.1,SSG-LUGIA-P,3528869,3538947,True,12669.0,14352.0,13510.5,-12669.0,14352.0,0.2716711590296496
NC_003198.1,SSG-LUGIA-P,3539123,3549057,True,22923.0,4242.0,13582.5,-22923.0,4242.0,0.2677897574123989
NC_003198.1,SSG-LUGIA-P,4409568,4428220,True,8768.0,104579.0,56673.5,-8768.0,104579.0,0.14131060606060605
NC_003198.1,SSG-LUGIA-P,4436016,4460910,True,35216.0,71889.0,53552.5,-35216.0,71889.0,0.18859848484848485
NC_003198.1,SSG-LUGIA-P,4460927,4474850,True,60127.0,57949.0,59038.0,-60127.0,57949.0,0.10548484848484849
NC_003198.1,SSG-LUGIA-P,4510150,4518992,True,109350.0,13807.0,61578.5,-109350.0,13807.0,0.06699242424242424
NC_003198.1,SSG-LUGIA-P,4519044,4536620,True,118244.0,3821.0,61032.5,-118244.0,-3821.0,0.10128036165246906
NC_003198.1,SSG-LUGIA-P,4696669,4705391,True,9769.0,7808.0,8788.5,-9769.0,7808.0,0.3316730038022814
NC_003198.1,SSG-LUGIA-P,4706309,4716574,True,19409.0,3375.0,11392.0,-19409.0,-3375.0,0.2322156697556866
NC_003198.1,SSG-LUGIA-P+center,1538736,1559414,True,2414.0,10735.0,6574.5,2414.0,10735.0,0.5814286623798306
NC_003198.1,SSG-LUGIA-P+center,2759628,2768827,False,,,,,,0.0
NC_003198.1,SSG-LUGIA-P+center,3528869,3538947,True,7719.0,19302.0,13510.5,-7719.0,19302.0,0.2716711590296496
NC_003198.1,SSG-LUGIA-P+center,3539123,3549057,True,17973.0,9192.0,13582.5,-17973.0,9192.0,0.2677897574123989
NC_003198.1,SSG-LUGIA-P+center,4409568,4428220,True,3818.0,109529.0,56673.5,-3818.0,109529.0,0.14131060606060605
NC_003198.1,SSG-LUGIA-P+center,4436016,4460910,True,30266.0,76839.0,53552.5,-30266.0,76839.0,0.18859848484848485
NC_003198.1,SSG-LUGIA-P+center,4460927,4474850,True,55177.0,62899.0,59038.0,-55177.0,62899.0,0.10548484848484849
NC_003198.1,SSG-LUGIA-P+center,4510150,4518992,True,104400.0,18757.0,61578.5,-104400.0,18757.0,0.06699242424242424
NC_003198.1,SSG-LUGIA-P+center,4519044,4536620,True,113294.0,1129.0,57211.5,-113294.0,1129.0,0.13315909090909092
NC_003198.1,SSG-LUGIA-P+center,4696669,4705391,True,4819.0,12758.0,8788.5,-4819.0,12758.0,0.3316730038022814
NC_003198.1,SSG-LUGIA-P+center,4706309,4716574,True,14459.0,1575.0,8017.0,-14459.0,1575.0,0.3903422053231939
NC_003198.1,SSG-LUGIA-F,1538736,1559414,True,3636.0,6885.0,5260.5,-3636.0,6885.0,0.6627884615384615
NC_003198.1,SSG-LUGIA-F,2759628,2768827,True,9628.0,4128.0,6878.0,-9628.0,-4128.0,0.26938602082005525
NC_003198.1,SSG-LUGIA-F,3528869,3538947,True,15369.0,23852.0,19610.5,-15369.0,23852.0,0.2044421906693712
NC_003198.1,SSG-LUGIA-F,3539123,3549057,True,25623.0,13742.0,19682.5,-25623.0,13742.0,0.2015212981744422
NC_003198.1,SSG-LUGIA-F,4409568,4428220,True,10268.0,106279.0,58273.5,-10268.0,106279.0,0.13796597633136096
NC_003198.1,SSG-LUGIA-F,4436016,4460910,True,36716.0,73589.0,55152.5,-36716.0,73589.0,0.1841346153846154
NC_003198.1,SSG-LUGIA-F,4460927,4474850,True,61627.0,59649.0,60638.0,-61627.0,59649.0,0.10298816568047338
NC_003198.1,SSG-LUGIA-F,4510150,4518992,True,110850.0,15507.0,63178.5,-110850.0,15507.0,0.06540680473372781
NC_003198.1,SSG-LUGIA-F,4519044,4536620,True,119744.0,2121.0,60932.5,-119744.0,-2121.0,0.11255379730703971
NC_003198.1,SSG-LUGIA-F,4696669,4705391,True,16569.0,10208.0,13388.5,-16569.0,10208.0,0.24571830985915494
NC_003198.1,SSG-LUGIA-F,4706309,4716574,True,26209.0,975.0,13592.0,-26209.0,-975.0,0.2547224126113777
NC_003198.1,SSG-LUGIA-F+center,1538736,1559414,True,1314.0,11835.0,6574.5,1314.0,11835.0,0.5955895921756782
NC_003198.1,SSG-LUGIA-F+center,2759628,2768827,True,4678.0,822.0,2750.0,-4678.0,822.0,0.6258503401360545
NC_003198.1,SSG-LUGIA-F+center,3528869,3538947,True,10419.0,28802.0,19610.5,-10419.0,28802.0,0.2044421906693712
NC_003198.1,SSG-LUGIA-F+center,3539123,3549057,True,20673.0,18692.0,19682.5,-20673.0,18692.0,0.2015212981744422
NC_003198.1,SSG-LUGIA-F+center,4409568,4428220,True,5318.0,111229.0,58273.5,-5318.0,111229.0,0.13796597633136096
NC_003198.1,SSG-LUGIA-F+center,4436016,4460910,True,31766.0,78539.0,55152.5,-31766.0,78539.0,0.1841346153846154
NC_003198.1,SSG-LUGIA-F+center,4460927,4474850,True,56677.0,64599.0,60638.0,-56677.0,64599.0,0.10298816568047338
NC_003198.1,SSG-LUGIA-F+center,4510150,4518992,True,105900.0,20457.0,63178.5,-105900.0,20457.0,0.06540680473372781
NC_003198.1,SSG-LUGIA-F+center,4519044,4536620,True,114794.0,2829.0,58811.5,-114794.0,2829.0,0.13000739644970413
NC_003198.1,SSG-LUGIA-F+center,4696669,4705391,True,11619.0,15158.0,13388.5,-11619.0,15158.0,0.24571830985915494
NC_003198.1,SSG-LUGIA-F+center,4706309,4716574,True,21259.0,3975.0,12617.0,-21259.0,3975.0,0.2891830985915493
NC_003198.1,SSG-LUGIA-R,1538736,1559414,True,11936.0,9985.0,10960.5,-11936.0,9985.0,0.4854225352112676
NC_003198.1,SSG-LUGIA-R,2759628,2768827,True,19328.0,17372.0,18350.0,-19328.0,17372.0,0.20043572984749455
NC_003198.1,SSG-LUGIA-R,3528869,3538947,True,19269.0,61452.0,40360.5,-19269.0,61452.0,0.1110022026431718
NC_003198.1,SSG-LUGIA-R,3539123,3549057,True,29523.0,51342.0,40432.5,-29523.0,51342.0,0.10941629955947137
NC_003198.1,SSG-LUGIA-R,4409568,4428220,True,13168.0,118379.0,65773.5,-13168.0,118379.0,0.12418774966711052
NC_003198.1,SSG-LUGIA-R,4436016,4460910,True,39616.0,85689.0,62652.5,-39616.0,85689.0,0.165745672436751
NC_003198.1,SSG-LUGIA-R,4460927,4474850,True,64527.0,71749.0,68138.0,-64527.0,71749.0,0.09270306258322238
NC_003198.1,SSG-LUGIA-R,4510150,4518992,True,113750.0,27607.0,70678.5,-113750.0,27607.0,0.05887483355525965
NC_003198.1,SSG-LUGIA-R,4519044,4536620,True,122644.0,9979.0,66311.5,-122644.0,9979.0,0.11702396804260985
NC_003198.1,SSG-LUGIA-R,4696669,4705391,True,22769.0,24708.0,23738.5,-22769.0,24708.0,0.1552135231316726
NC_003198.1,SSG-LUGIA-R,4706309,4716574,True,32409.0,13525.0,22967.0,-32409.0,13525.0,0.18266903914590749
NC_003198.1,SSG-LUGIA-R+center,1538736,1559414,True,6986.0,14935.0,10960.5,-6986.0,14935.0,0.4854225352112676
NC_003198.1,SSG-LUGIA-R+center,2759628,2768827,True,14378.0,22322.0,18350.0,-14378.0,22322.0,0.20043572984749455
NC_003198.1,SSG-LUGIA-R+center,3528869,3538947,True,14319.0,66402.0,40360.5,-14319.0,66402.0,0.1110022026431718
NC_003198.1,SSG-LUGIA-R+center,3539123,3549057,True,24573.0,56292.0,40432.5,-24573.0,56292.0,0.10941629955947137
NC_003198.1,SSG-LUGIA-R+center,4409568,4428220,True,8218.0,123329.0,65773.5,-8218.0,123329.0,0.12418774966711052
NC_003198.1,SSG-LUGIA-R+center,4436016,4460910,True,34666.0,90639.0,62652.5,-34666.0,90639.0,0.165745672436751
NC_003198.1,SSG-LUGIA-R+center,4460927,4474850,True,59577.0,76699.0,68138.0,-59577.0,76699.0,0.09270306258322238
NC_003198.1,SSG-LUGIA-R+center,4510150,4518992,True,108800.0,32557.0,70678.5,-108800.0,32557.0,0.05887483355525965
NC_003198.1,SSG-LUGIA-R+center,4519044,4536620,True,117694.0,14929.0,66311.5,-117694.0,14929.0,0.11702396804260985
NC_003198.1,SSG-LUGIA-R+center,4696669,4705391,True,17819.0,29658.0,23738.5,-17819.0,29658.0,0.1552135231316726
NC_003198.1,SSG-LUGIA-R+center,4706309,4716574,True,27459.0,18475.0,22967.0,-27459.0,18475.0,0.18266903914590749
NC_003197.1,SSG-LUGIA-P,962583,977169,True,2917.0,19930.0,11423.5,2917.0,19930.0,0.3380942723875192
NC_003197.1,SSG-LUGIA-P,991550,1002019,True,26050.0,4920.0,15485.0,-26050.0,-4920.0,0.15197152245345016
NC_003197.1,SSG-LUGIA-P,1113799,1121814,True,18399.0,12885.0,15642.0,-18399.0,12885.0,0.20396946564885496
NC_003197.1,SSG-LUGIA-P,1121831,1141786,True,26431.0,7087.0,16759.0,-26431.0,-7087.0,0.27742686528553256
NC_003197.1,SSG-LUGIA-P,2732792,2749787,True,8992.0,17412.0,13202.0,-8992.0,17412.0,0.39161290322580644
NC_003197.1,SSG-LUGIA-P,4735654,4746585,False,,,,,,0.0
NC_003197.1,SSG-LUGIA-P+center,962583,977169,True,7867.0,24880.0,16373.5,7867.0,24880.0,0.17026883218891734
NC_003197.1,SSG-LUGIA-P+center,991550,1002019,True,21100.0,30.0,10565.0,-21100.0,30.0,0.3313291139240506
NC_003197.1,SSG-LUGIA-P+center,1113799,1121814,True,13449.0,17835.0,15642.0,-13449.0,17835.0,0.20396946564885496
NC_003197.1,SSG-LUGIA-P+center,1121831,1141786,True,21481.0,2137.0,11809.0,-21481.0,-2137.0,0.4300263049931221
NC_003197.1,SSG-LUGIA-P+center,2732792,2749787,True,4042.0,22362.0,13202.0,-4042.0,22362.0,0.39161290322580644
NC_003197.1,SSG-LUGIA-P+center,4735654,4746585,False,,,,,,0.0
NC_003197.1,SSG-LUGIA-F,962583,977169,True,6683.0,20730.0,13706.5,-6683.0,20730.0,0.3473095238095238
NC_003197.1,SSG-LUGIA-F,991550,1002019,True,35650.0,4120.0,19885.0,-35650.0,-4120.0,0.13768430182133565
NC_003197.1,SSG-LUGIA-F,1113799,1121814,True,22599.0,13485.0,18042.0,-22599.0,13485.0,0.1817687074829932
NC_003197.1,SSG-LUGIA-F,1121831,1141786,True,30631.0,6487.0,18559.0,-30631.0,-6487.0,0.2662541759740645
NC_003197.1,SSG-LUGIA-F,2732792,2749787,True,9792.0,30512.0,20152.0,-9792.0,30512.0,0.29661431064572424
NC_003197.1,SSG-LUGIA-F,4735654,4746585,True,4554.0,9714.0,7134.0,-4554.0,9714.0,0.4338095238095238
NC_003197.1,SSG-LUGIA-F+center,962583,977169,True,1733.0,25680.0,13706.5,-1733.0,25680.0,0.3473095238095238
NC_003197.1,SSG-LUGIA-F+center,991550,1002019,True,30700.0,830.0,15765.0,-30700.0,830.0,0.24928571428571428
NC_003197.1,SSG-LUGIA-F+center,1113799,1121814,True,17649.0,18435.0,18042.0,-17649.0,18435.0,0.1817687074829932
NC_003197.1,SSG-LUGIA-F+center,1121831,1141786,True,25681.0,1537.0,13609.0,-25681.0,-1537.0,0.4035979577974012
NC_003197.1,SSG-LUGIA-F+center,2732792,2749787,True,4842.0,35462.0,20152.0,-4842.0,35462.0,0.29661431064572424
NC_003197.1,SSG-LUGIA-F+center,4735654,4746585,True,396.0,14664.0,7530.0,396.0,14664.0,0.4116268166901078
NC_003197.1,SSG-LUGIA-R,962583,977169,True,24683.0,22430.0,23556.5,-24683.0,22430.0,0.23641815235008104
NC_003197.1,SSG-LUGIA-R,991550,1002019,True,53650.0,2420.0,28035.0,-53650.0,-2420.0,0.12554585152838427
NC_003197.1,SSG-LUGIA-R,1113799,1121814,True,36199.0,18285.0,27242.0,-36199.0,18285.0,0.128256
NC_003197.1,SSG-LUGIA-R,1121831,1141786,True,44231.0,1687.0,22959.0,-44231.0,-1687.0,0.28462149656472496
NC_003197.1,SSG-LUGIA-R,2732792,2749787,True,19092.0,37212.0,28152.0,-19092.0,37212.0,0.23186903137789905
NC_003197.1,SSG-LUGIA-R,4735654,4746585,True,11854.0,25014.0,18434.0,-11854.0,25014.0,0.2287029288702929
NC_003197.1,SSG-LUGIA-R+center,962583,977169,True,19733.0,27380.0,23556.5,-19733.0,27380.0,0.23641815235008104
NC_003197.1,SSG-LUGIA-R+center,991550,1002019,True,48700.0,2530.0,25615.0,-48700.0,2530.0,0.16969205834683954
NC_003197.1,SSG-LUGIA-R+center,1113799,1121814,True,31249.0,23235.0,27242.0,-31249.0,23235.0,0.128256
NC_003197.1,SSG-LUGIA-R+center,1121831,1141786,True,39281.0,3263.0,21272.0,-39281.0,3263.0,0.319296
NC_003197.1,SSG-LUGIA-R+center,2732792,2749787,True,14142.0,42162.0,28152.0,-14142.0,42162.0,0.23186903137789905
NC_003197.1,SSG-LUGIA-R+center,4735654,4746585,True,6904.0,29964.0,18434.0,-6904.0,29964.0,0.2287029288702929
NC_003923.1,SSG-LUGIA-P,1536218,1556314,True,10918.0,10985.0,10951.5,-10918.0,10985.0,0.4785
NC_003923.1,SSG-LUGIA-P+center,1536218,1556314,True,5968.0,15935.0,10951.5,-5968.0,15935.0,0.4785
NC_003923.1,SSG-LUGIA-F,1536218,1556314,True,11518.0,11685.0,11601.5,-11518.0,11685.0,0.46413394919168593
NC_003923.1,SSG-LUGIA-F+center,1536218,1556314,True,6568.0,16635.0,11601.5,-6568.0,16635.0,0.46413394919168593
NC_003923.1,SSG-LUGIA-R,1536218,1556314,True,16018.0,19885.0,17951.5,-16018.0,19885.0,0.358875
NC_003923.1,SSG-LUGIA-R+center,1536218,1556314,True,11068.0,24835.0,17951.5,-11068.0,24835.0,0.358875
NC_003909.8,SSG-LUGIA-P,384106,434163,True,906.0,464.0,685.0,-906.0,-464.0,0.9731182795698925
NC_003909.8,SSG-LUGIA-P,859294,884110,False,,,,,,0.0
NC_003909.8,SSG-LUGIA-P,4256757,4285391,True,14257.0,11092.0,12674.5,-14257.0,-11092.0,0.40900401007180825
NC_003909.8,SSG-LUGIA-P+center,384106,434163,True,4044.0,4486.0,4265.0,4044.0,4486.0,0.8436124963332355
NC_003909.8,SSG-LUGIA-P+center,859294,884110,False,,,,,,0.0
NC_003909.8,SSG-LUGIA-P+center,4256757,4285391,True,9307.0,6142.0,7724.5,-9307.0,-6142.0,0.5928258921511781
NC_003909.8,SSG-LUGIA-F,384106,434163,True,1506.0,136.0,821.0,-1506.0,136.0,0.9682398452611218
NC_003909.8,SSG-LUGIA-F,859294,884110,False,,,,,,0.0
NC_003909.8,SSG-LUGIA-F,4256757,4285391,True,15557.0,9092.0,12324.5,-15557.0,-9092.0,0.44222936278059377
NC_003909.8,SSG-LUGIA-F+center,384106,434163,True,3444.0,5086.0,4265.0,3444.0,5086.0,0.8453140867546787
NC_003909.8,SSG-LUGIA-F+center,859294,884110,False,,,,,,0.0
NC_003909.8,SSG-LUGIA-F+center,4256757,4285391,True,10607.0,4142.0,7374.5,-10607.0,-4142.0,0.6241526935426329
NC_003909.8,SSG-LUGIA-R,384106,434163,True,6906.0,5136.0,6021.0,-6906.0,5136.0,0.8060869565217391
NC_003909.8,SSG-LUGIA-R,859294,884110,True,906.0,44289.0,22597.5,906.0,44289.0,0.3460046884496281
NC_003909.8,SSG-LUGIA-R,4256757,4285391,True,40257.0,6492.0,23374.5,-40257.0,-6492.0,0.32141612959414734
NC_003909.8,SSG-LUGIA-R+center,384106,434163,True,1956.0,10086.0,6021.0,-1956.0,10086.0,0.8060869565217391
NC_003909.8,SSG-LUGIA-R+center,859294,884110,True,5856.0,49239.0,27547.5,5856.0,49239.0,0.2560359727773577
NC_003909.8,SSG-LUGIA-R+center,4256757,4285391,True,35307.0,1542.0,18424.5,-35307.0,-1542.0,0.4237121141034062
NC_004070.1,SSG-LUGIA-P,1259881,1270531,True,28981.0,9532.0,19256.5,-28981.0,-9532.0,0.02823475979006863
NC_004070.1,SSG-LUGIA-P+center,1259881,1270531,True,24031.0,4582.0,14306.5,-24031.0,-4582.0,0.17498990830978606
NC_004070.1,SSG-LUGIA-F,1259881,1270531,True,30481.0,8632.0,19556.5,-30481.0,-8632.0,0.04908586988233006
NC_004070.1,SSG-LUGIA-F+center,1259881,1270531,True,25531.0,3682.0,14606.5,-25531.0,-3682.0,0.1926095848764579
NC_004070.1,SSG-LUGIA-R,1259881,1270531,True,36681.0,2768.0,19724.5,-36681.0,2768.0,0.21259481037924152
NC_004070.1,SSG-LUGIA-R+center,1259881,1270531,True,31731.0,7718.0,19724.5,-31731.0,7718.0,0.21259481037924152
NC_003997.3,SSG-LUGIA-P,472369,483187,True,23569.0,9988.0,16778.5,-23569.0,-9988.0,0.024165406537164126
NC_003997.3,SSG-LUGIA-P,3762448,3772342,True,13248.0,6857.0,10052.5,-13248.0,6857.0,0.3298333333333333
NC_003997.3,SSG-LUGIA-P,4841751,4858385,False,,,,,,0.0
NC_003997.3,SSG-LUGIA-P+center,472369,483187,True,18619.0,5038.0,11828.5,-18619.0,-5038.0,0.19637883008356546
NC_003997.3,SSG-LUGIA-P+center,3762448,3772342,True,8298.0,11807.0,10052.5,-8298.0,11807.0,0.3298333333333333
NC_003997.3,SSG-LUGIA-P+center,4841751,4858385,False,,,,,,0.0
NC_003997.3,SSG-LUGIA-F,472369,483187,True,23969.0,4788.0,14378.5,-23969.0,-4788.0,0.1733643785213292
NC_003997.3,SSG-LUGIA-F,3762448,3772342,True,15248.0,12057.0,13652.5,-15248.0,12057.0,0.265994623655914
NC_003997.3,SSG-LUGIA-F,4841751,4858385,False,,,,,,0.0
NC_003997.3,SSG-LUGIA-F+center,472369,483187,True,19019.0,162.0,9590.5,-19019.0,162.0,0.3606333333333333
NC_003997.3,SSG-LUGIA-F+center,3762448,3772342,True,10298.0,17007.0,13652.5,-10298.0,17007.0,0.265994623655914
NC_003997.3,SSG-LUGIA-F+center,4841751,4858385,False,,,,,,0.0
NC_003997.3,SSG-LUGIA-R,472369,483187,True,29569.0,112.0,14840.5,-29569.0,112.0,0.2671358024691358
NC_003997.3,SSG-LUGIA-R,3762448,3772342,True,19548.0,24057.0,21802.5,-19548.0,24057.0,0.18495327102803738
NC_003997.3,SSG-LUGIA-R,4841751,4858385,True,9849.0,21614.0,15731.5,9849.0,21614.0,0.17741640304321682
NC_003997.3,SSG-LUGIA-R+center,472369,483187,True,24619.0,5062.0,14840.5,-24619.0,5062.0,0.2671358024691358
NC_003997.3,SSG-LUGIA-R+center,3762448,3772342,True,14598.0,29007.0,21802.5,-14598.0,29007.0,0.18495327102803738
NC_003997.3,SSG-LUGIA-R+center,4841751,4858385,True,14799.0,26564.0,20681.5,14799.0,26564.0,0.04250098381906989
NC_004116.1,SSG-LUGIA-P,1843031,1852235,True,16331.0,5164.0,10747.5,-16331.0,5164.0,0.2998371335504886
NC_004116.1,SSG-LUGIA-P+center,1843031,1852235,True,11381.0,10114.0,10747.5,-11381.0,10114.0,0.2998371335504886
NC_004116.1,SSG-LUGIA-F,1843031,1852235,True,17231.0,6364.0,11797.5,-17231.0,6364.0,0.280640243902439
NC_004116.1,SSG-LUGIA-F+center,1843031,1852235,True,12281.0,11314.0,11797.5,-12281.0,11314.0,0.280640243902439
NC_004116.1,SSG-LUGIA-R,1843031,1852235,True,26431.0,8564.0,17497.5,-26431.0,8564.0,0.2082579185520362
NC_004116.1,SSG-LUGIA-R+center,1843031,1852235,True,21481.0,13514.0,17497.5,-21481.0,13514.0,0.2082579185520362
NC_004088.1,SSG-LUGIA-P,3390241,3398733,False,,,,,,0.0
NC_004088.1,SSG-LUGIA-P+center,3390241,3398733,False,,,,,,0.0
NC_004088.1,SSG-LUGIA-F,3390241,3398733,False,,,,,,0.0
NC_004088.1,SSG-LUGIA-F+center,3390241,3398733,False,,,,,,0.0
NC_004088.1,SSG-LUGIA-R,3390241,3398733,True,88341.0,11466.0,49903.5,-88341.0,11466.0,0.07842105263157895
NC_004088.1,SSG-LUGIA-R+center,3390241,3398733,True,83391.0,16416.0,49903.5,-83391.0,16416.0,0.07842105263157895
NC_004337.1,SSG-LUGIA-P,237939,252747,False,,,,,,0.0
NC_004337.1,SSG-LUGIA-P,709772,720287,True,9472.0,26012.0,17742.0,-9472.0,26012.0,0.22860869565217393
NC_004337.1,SSG-LUGIA-P,1176437,1187086,False,,,,,,0.0
NC_004337.1,SSG-LUGIA-P+center,237939,252747,True,15889.0,14798.0,15343.5,-15889.0,-14798.0,0.0003583295328685908
NC_004337.1,SSG-LUGIA-P+center,709772,720287,True,4522.0,30962.0,17742.0,-4522.0,30962.0,0.22860869565217393
NC_004337.1,SSG-LUGIA-P+center,1176437,1187086,False,,,,,,0.0
NC_004337.1,SSG-LUGIA-F,237939,252747,False,,,,,,0.0
NC_004337.1,SSG-LUGIA-F,709772,720287,True,15172.0,26412.0,20792.0,-15172.0,26412.0,0.2018426103646833
NC_004337.1,SSG-LUGIA-F,1176437,1187086,False,,,,,,0.0
NC_004337.1,SSG-LUGIA-F+center,237939,252747,True,17989.0,11598.0,14793.5,-17989.0,-11598.0,0.0979023111165315
NC_004337.1,SSG-LUGIA-F+center,709772,720287,True,10222.0,31362.0,20792.0,-10222.0,31362.0,0.2018426103646833
NC_004337.1,SSG-LUGIA-F+center,1176437,1187086,False,,,,,,0.0
NC_004337.1,SSG-LUGIA-R,237939,252747,True,32139.0,27252.0,29695.5,-32139.0,27252.0,0.1995822102425876
NC_004337.1,SSG-LUGIA-R,709772,720287,True,23072.0,28212.0,25642.0,-23072.0,28212.0,0.17016181229773464
NC_004337.1,SSG-LUGIA-R,1176437,1187086,True,463.0,10313.0,5388.0,463.0,10313.0,0.4859514382483423
NC_004337.1,SSG-LUGIA-R+center,237939,252747,True,27189.0,32202.0,29695.5,-27189.0,32202.0,0.1995822102425876
NC_004337.1,SSG-LUGIA-R+center,709772,720287,True,18122.0,33162.0,25642.0,-18122.0,33162.0,0.17016181229773464
NC_004337.1,SSG-LUGIA-R+center,1176437,1187086,True,5413.0,15263.0,10338.0,5413.0,15263.0,0.20209933238143016
NC_004347.1,SSG-LUGIA-P,1513562,1536748,False,,,,,,0.0
NC_004347.1,SSG-LUGIA-P,1964626,1973281,False,,,,,,0.0
NC_004347.1,SSG-LUGIA-P,2428052,2437846,False,,,,,,0.0
NC_004347.1,SSG-LUGIA-P,2812094,2822986,False,,,,,,0.0
NC_004347.1,SSG-LUGIA-P+center,1513562,1536748,False,,,,,,0.0
NC_004347.1,SSG-LUGIA-P+center,1964626,1973281,False,,,,,,0.0
NC_004347.1,SSG-LUGIA-P+center,2428052,2437846,False,,,,,,0.0
NC_004347.1,SSG-LUGIA-P+center,2812094,2822986,True,22144.0,7137.0,14640.5,-22144.0,-7137.0,0.11369071041559464
NC_004347.1,SSG-LUGIA-F,1513562,1536748,True,6562.0,2349.0,4455.5,-6562.0,-2349.0,0.7004605196813338
NC_004347.1,SSG-LUGIA-F,1964626,1973281,False,,,,,,0.0
NC_004347.1,SSG-LUGIA-F,2428052,2437846,False,,,,,,0.0
NC_004347.1,SSG-LUGIA-F,2812094,2822986,False,,,,,,0.0
NC_004347.1,SSG-LUGIA-F+center,1513562,1536748,True,1612.0,2601.0,2106.5,-1612.0,2601.0,0.8462408759124087
NC_004347.1,SSG-LUGIA-F+center,1964626,1973281,False,,,,,,0.0
NC_004347.1,SSG-LUGIA-F+center,2428052,2437846,False,,,,,,0.0
NC_004347.1,SSG-LUGIA-F+center,2812094,2822986,True,23344.0,6337.0,14840.5,-23344.0,-6337.0,0.13307240704500978
NC_004347.1,SSG-LUGIA-R,1513562,1536748,True,73962.0,15951.0,44956.5,-73962.0,15951.0,0.2050132625994695
NC_004347.1,SSG-LUGIA-R,1964626,1973281,False,,,,,,0.0
NC_004347.1,SSG-LUGIA-R,2428052,2437846,False,,,,,,0.0
NC_004347.1,SSG-LUGIA-R,2812094,2822986,True,30294.0,5387.0,17840.5,-30294.0,-5387.0,0.13368295821497075
NC_004347.1,SSG-LUGIA-R+center,1513562,1536748,True,69012.0,20901.0,44956.5,-69012.0,20901.0,0.2050132625994695
NC_004347.1,SSG-LUGIA-R+center,1964626,1973281,False,,,,,,0.0
NC_004347.1,SSG-LUGIA-R+center,2428052,2437846,False,,,,,,0.0
NC_004347.1,SSG-LUGIA-R+center,2812094,2822986,True,25344.0,437.0,12890.5,-25344.0,-437.0,0.2885448574661258
NC_004368.1,SSG-LUGIA-P,1395288,1419010,True,11388.0,1389.0,6388.5,-11388.0,1389.0,0.649945205479452
NC_004368.1,SSG-LUGIA-P,1382304,1395261,True,1596.0,25138.0,13367.0,1596.0,25138.0,0.2982465350692986
NC_004368.1,SSG-LUGIA-P,1163553,1197454,True,2447.0,10755.0,6601.0,2447.0,-10755.0,0.6105834464043419
NC_004368.1,SSG-LUGIA-P+center,1395288,1419010,True,6438.0,6339.0,6388.5,-6438.0,6339.0,0.649945205479452
NC_004368.1,SSG-LUGIA-P+center,1382304,1395261,True,6546.0,30088.0,18317.0,6546.0,30088.0,0.14895692979603214
NC_004368.1,SSG-LUGIA-P+center,1163553,1197454,True,7397.0,5805.0,6601.0,7397.0,-5805.0,0.6105834464043419
NC_004368.1,SSG-LUGIA-F,1395288,1419010,True,31288.0,2489.0,16888.5,-31288.0,2489.0,0.41257391304347824
NC_004368.1,SSG-LUGIA-F,1382304,1395261,True,18304.0,26238.0,22271.0,-18304.0,26238.0,0.22535652173913043
NC_004368.1,SSG-LUGIA-F,1163553,1197454,True,1453.0,6755.0,4104.0,-1453.0,-6755.0,0.767840475180314
NC_004368.1,SSG-LUGIA-F+center,1395288,1419010,True,26338.0,7439.0,16888.5,-26338.0,7439.0,0.41257391304347824
NC_004368.1,SSG-LUGIA-F+center,1382304,1395261,True,13354.0,31188.0,22271.0,-13354.0,31188.0,0.22535652173913043
NC_004368.1,SSG-LUGIA-F+center,1163553,1197454,True,3497.0,1805.0,2651.0,3497.0,-1805.0,0.8436080467229072
NC_004368.1,SSG-LUGIA-R,1395288,1419010,True,50688.0,7189.0,28938.5,-50688.0,7189.0,0.29072303921568626
NC_004368.1,SSG-LUGIA-R,1382304,1395261,True,37704.0,30938.0,34321.0,-37704.0,30938.0,0.15879901960784315
NC_004368.1,SSG-LUGIA-R,1163553,1197454,True,3553.0,455.0,2004.0,-3553.0,-455.0,0.8929915899078895
NC_004368.1,SSG-LUGIA-R+center,1395288,1419010,True,45738.0,12139.0,28938.5,-45738.0,12139.0,0.29072303921568626
NC_004368.1,SSG-LUGIA-R+center,1382304,1395261,True,32754.0,35888.0,34321.0,-32754.0,35888.0,0.15879901960784315
NC_004368.1,SSG-LUGIA-R+center,1163553,1197454,True,1397.0,4495.0,2946.0,1397.0,4495.0,0.8465505117587312
NC_004459.2,SSG-LUGIA-P,68453,110788,False,,,,,,0.0
NC_004459.2,SSG-LUGIA-P,2030644,2042746,True,16444.0,2647.0,9545.5,-16444.0,-2647.0,0.33124321294706977
NC_004459.2,SSG-LUGIA-P+center,68453,110788,False,,,,,,0.0
NC_004459.2,SSG-LUGIA-P+center,2030644,2042746,True,11494.0,2303.0,6898.5,-11494.0,2303.0,0.4672972972972973
NC_004459.2,SSG-LUGIA-F,68453,110788,False,,,,,,0.0
NC_004459.2,SSG-LUGIA-F,2030644,2042746,True,18444.0,247.0,9345.5,-18444.0,-247.0,0.3881232199561332
NC_004459.2,SSG-LUGIA-F+center,68453,110788,False,,,,,,0.0
NC_004459.2,SSG-LUGIA-F+center,2030644,2042746,True,13494.0,4703.0,9098.5,-13494.0,4703.0,0.39943894389438944
NC_004459.2,SSG-LUGIA-R,68453,110788,True,68453.0,11689.0,40071.0,-68453.0,-11689.0,0.2766249356885611
NC_004459.2,SSG-LUGIA-R,2030644,2042746,True,37244.0,1253.0,19248.5,-37244.0,1253.0,0.23918972332015812
NC_004459.2,SSG-LUGIA-R+center,68453,110788,True,63503.0,6739.0,35121.0,-63503.0,-6739.0,0.3363315979931783
NC_004459.2,SSG-LUGIA-R+center,2030644,2042746,True,32294.0,6203.0,19248.5,-32294.0,6203.0,0.23918972332015812
NC_004431.1,SSG-LUGIA-P,258072,270992,True,672.0,70807.0,35739.5,-672.0,70807.0,0.15309241706161136
NC_004431.1,SSG-LUGIA-P,271672,289383,True,14272.0,52416.0,33344.0,-14272.0,52416.0,0.20985781990521327
NC_004431.1,SSG-LUGIA-P,289556,300230,True,32156.0,41569.0,36862.5,-32156.0,41569.0,0.12648104265402843
NC_004431.1,SSG-LUGIA-P,327266,348600,True,69866.0,6801.0,38333.5,-69866.0,-6801.0,0.15936228769421387
NC_004431.1,SSG-LUGIA-P,386936,401285,False,,,,,,0.0
NC_004431.1,SSG-LUGIA-P,1127537,1138420,False,,,,,,0.0
NC_004431.1,SSG-LUGIA-P,1158635,1174406,True,3535.0,60193.0,31864.0,-3535.0,60193.0,0.19838993710691824
NC_004431.1,SSG-LUGIA-P,1182742,1191602,True,27642.0,42997.0,35319.5,-27642.0,42997.0,0.11145911949685534
NC_004431.1,SSG-LUGIA-P,1211249,1221027,True,56149.0,13572.0,34860.5,-56149.0,13572.0,0.1230062893081761
NC_004431.1,SSG-LUGIA-P,1221377,1241061,True,66277.0,6462.0,36369.5,-66277.0,-6462.0,0.15382378260161467
NC_004431.1,SSG-LUGIA-P,1355965,1373083,True,20065.0,5484.0,12774.5,-20065.0,-5484.0,0.3129033993115318
NC_004431.1,SSG-LUGIA-P,2194346,2210332,True,9346.0,29667.0,19506.5,-9346.0,29667.0,0.29067272727272725
NC_004431.1,SSG-LUGIA-P,2342643,2363817,True,20243.0,9918.0,15080.5,-20243.0,-9918.0,0.2717900429764837
NC_004431.1,SSG-LUGIA-P,3415399,3425880,True,10999.0,91619.0,51309.0,-10999.0,91619.0,0.0926790450928382
NC_004431.1,SSG-LUGIA-P,3470572,3480284,True,66172.0,37215.0,51693.5,-66172.0,37215.0,0.08587975243147657
NC_004431.1,SSG-LUGIA-P,3480339,3496071,True,75939.0,21428.0,48683.5,-75939.0,21428.0,0.13910698496905394
NC_004431.1,SSG-LUGIA-P,3498116,3510911,True,93716.0,6588.0,50152.0,-93716.0,6588.0,0.11313881520778073
NC_004431.1,SSG-LUGIA-P,3519796,3532819,False,,,,,,0.0
NC_004431.1,SSG-LUGIA-P,4294096,4311801,False,,,,,,0.0
NC_004431.1,SSG-LUGIA-P,4313541,4328984,False,,,,,,0.0
NC_004431.1,SSG-LUGIA-P,4329338,4343042,False,,,,,,0.0
NC_004431.1,SSG-LUGIA-P,4919334,4938191,True,2834.0,18508.0,10671.0,-2834.0,18508.0,0.4691044776119403
NC_004431.1,SSG-LUGIA-P+center,258072,270992,True,4278.0,75757.0,40017.5,4278.0,75757.0,0.0974649856785223
NC_004431.1,SSG-LUGIA-P+center,271672,289383,True,9322.0,57366.0,33344.0,-9322.0,57366.0,0.20985781990521327
NC_004431.1,SSG-LUGIA-P+center,289556,300230,True,27206.0,46519.0,36862.5,-27206.0,46519.0,0.12648104265402843
NC_004431.1,SSG-LUGIA-P+center,327266,348600,True,64916.0,1851.0,33383.5,-64916.0,-1851.0,0.2258988301584909
NC_004431.1,SSG-LUGIA-P+center,386936,401285,False,,,,,,0.0
NC_004431.1,SSG-LUGIA-P+center,1127537,1138420,False,,,,,,0.0
NC_004431.1,SSG-LUGIA-P+center,1158635,1174406,True,1415.0,65143.0,33279.0,1415.0,65143.0,0.1774331088178953
NC_004431.1,SSG-LUGIA-P+center,1182742,1191602,True,22692.0,47947.0,35319.5,-22692.0,47947.0,0.11145911949685534
NC_004431.1,SSG-LUGIA-P+center,1211249,1221027,True,51199.0,18522.0,34860.5,-51199.0,18522.0,0.1230062893081761
NC_004431.1,SSG-LUGIA-P+center,1221377,1241061,True,61327.0,1512.0,31419.5,-61327.0,-1512.0,0.22432479138893002
NC_004431.1,SSG-LUGIA-P+center,1355965,1373083,True,15115.0,534.0,7824.5,-15115.0,-534.0,0.5145188310479618
NC_004431.1,SSG-LUGIA-P+center,2194346,2210332,True,4396.0,34617.0,19506.5,-4396.0,34617.0,0.29067272727272725
NC_004431.1,SSG-LUGIA-P+center,2342643,2363817,True,15293.0,4968.0,10130.5,-15293.0,-4968.0,0.44441702314357795
NC_004431.1,SSG-LUGIA-P+center,3415399,3425880,True,6049.0,96569.0,51309.0,-6049.0,96569.0,0.0926790450928382
NC_004431.1,SSG-LUGIA-P+center,3470572,3480284,True,61222.0,42165.0,51693.5,-61222.0,42165.0,0.08587975243147657
NC_004431.1,SSG-LUGIA-P+center,3480339,3496071,True,70989.0,26378.0,48683.5,-70989.0,26378.0,0.13910698496905394
NC_004431.1,SSG-LUGIA-P+center,3498116,3510911,True,88766.0,11538.0,50152.0,-88766.0,11538.0,0.11313881520778073
NC_004431.1,SSG-LUGIA-P+center,3519796,3532819,True,110446.0,10370.0,60408.0,-110446.0,-10370.0,0.0214951000242974
NC_004431.1,SSG-LUGIA-P+center,4294096,4311801,False,,,,,,0.0
NC_004431.1,SSG-LUGIA-P+center,4313541,4328984,False,,,,,,0.0
NC_004431.1,SSG-LUGIA-P+center,4329338,4343042,False,,,,,,0.0
NC_004431.1,SSG-LUGIA-P+center,4919334,4938191,True,2116.0,23458.0,12787.0,2116.0,23458.0,0.3956423102372625
NC_004431.1,SSG-LUGIA-F,258072,270992,True,20672.0,71807.0,46239.5,-20672.0,71807.0,0.12259013282732448
NC_004431.1,SSG-LUGIA-F,271672,289383,True,34272.0,53416.0,43844.0,-34272.0,53416.0,0.16804554079696396
NC_004431.1,SSG-LUGIA-F,289556,300230,True,52156.0,42569.0,47362.5,-52156.0,42569.0,0.10128083491461101
NC_004431.1,SSG-LUGIA-F,327266,348600,True,89866.0,5801.0,47833.5,-89866.0,-5801.0,0.13969298837240673
NC_004431.1,SSG-LUGIA-F,386936,401285,False,,,,,,0.0
NC_004431.1,SSG-LUGIA-F,1127537,1138420,True,5563.0,97279.0,51421.0,5563.0,97279.0,0.04919427160859074
NC_004431.1,SSG-LUGIA-F,1158635,1174406,True,25535.0,61293.0,43414.0,-25535.0,61293.0,0.15372319688109162
NC_004431.1,SSG-LUGIA-F,1182742,1191602,True,49642.0,44097.0,46869.5,-49642.0,44097.0,0.08636452241715399
NC_004431.1,SSG-LUGIA-F,1211249,1221027,True,78149.0,14672.0,46410.5,-78149.0,14672.0,0.09531189083820663
NC_004431.1,SSG-LUGIA-F,1221377,1241061,True,88277.0,5362.0,46819.5,-88277.0,-5362.0,0.1326670495174228
NC_004431.1,SSG-LUGIA-F,1355965,1373083,True,27565.0,1084.0,14324.5,-27565.0,-1084.0,0.3588532808163996
NC_004431.1,SSG-LUGIA-F,2194346,2210332,True,10646.0,32367.0,21506.5,-10646.0,32367.0,0.27096610169491525
NC_004431.1,SSG-LUGIA-F,2342643,2363817,True,62643.0,18.0,31330.5,-62643.0,-18.0,0.2524159488415376
NC_004431.1,SSG-LUGIA-F,3415399,3425880,True,12899.0,93819.0,53359.0,-12899.0,93819.0,0.08943686006825939
NC_004431.1,SSG-LUGIA-F,3470572,3480284,True,68072.0,39415.0,53743.5,-68072.0,39415.0,0.0828754266211604
NC_004431.1,SSG-LUGIA-F,3480339,3496071,True,77839.0,23628.0,50733.5,-77839.0,23628.0,0.134240614334471
NC_004431.1,SSG-LUGIA-F,3498116,3510911,True,95616.0,8788.0,52202.0,-95616.0,8788.0,0.10918088737201365
NC_004431.1,SSG-LUGIA-F,3519796,3532819,False,,,,,,0.0
NC_004431.1,SSG-LUGIA-F,4294096,4311801,True,19396.0,15002.0,17199.0,-19396.0,-15002.0,0.07288016818500351
NC_004431.1,SSG-LUGIA-F,4313541,4328984,False,,,,,,0.0
NC_004431.1,SSG-LUGIA-F,4329338,4343042,False,,,,,,0.0
NC_004431.1,SSG-LUGIA-F,4919334,4938191,True,4934.0,23208.0,14071.0,-4934.0,23208.0,0.4012340425531915
NC_004431.1,SSG-LUGIA-F+center,258072,270992,True,15722.0,76757.0,46239.5,-15722.0,76757.0,0.12259013282732448
NC_004431.1,SSG-LUGIA-F+center,271672,289383,True,29322.0,58366.0,43844.0,-29322.0,58366.0,0.16804554079696396
NC_004431.1,SSG-LUGIA-F+center,289556,300230,True,47206.0,47519.0,47362.5,-47206.0,47519.0,0.10128083491461101
NC_004431.1,SSG-LUGIA-F+center,327266,348600,True,84916.0,851.0,42883.5,-84916.0,-851.0,0.19278877375271763
NC_004431.1,SSG-LUGIA-F+center,386936,401285,False,,,,,,0.0
NC_004431.1,SSG-LUGIA-F+center,1127537,1138420,True,10513.0,102229.0,56371.0,10513.0,102229.0,0.003279905934773191
NC_004431.1,SSG-LUGIA-F+center,1158635,1174406,True,20585.0,66243.0,43414.0,-20585.0,66243.0,0.15372319688109162
NC_004431.1,SSG-LUGIA-F+center,1182742,1191602,True,44692.0,49047.0,46869.5,-44692.0,49047.0,0.08636452241715399
NC_004431.1,SSG-LUGIA-F+center,1211249,1221027,True,73199.0,19622.0,46410.5,-73199.0,19622.0,0.09531189083820663
NC_004431.1,SSG-LUGIA-F+center,1221377,1241061,True,83327.0,412.0,41869.5,-83327.0,-412.0,0.1870947074127286
NC_004431.1,SSG-LUGIA-F+center,1355965,1373083,True,22615.0,3866.0,13240.5,-22615.0,3866.0,0.39263761467889907
NC_004431.1,SSG-LUGIA-F+center,2194346,2210332,True,5696.0,37317.0,21506.5,-5696.0,37317.0,0.27096610169491525
NC_004431.1,SSG-LUGIA-F+center,2342643,2363817,True,57693.0,4932.0,31312.5,-57693.0,4932.0,0.2526849642004773
NC_004431.1,SSG-LUGIA-F+center,3415399,3425880,True,7949.0,98769.0,53359.0,-7949.0,98769.0,0.08943686006825939
NC_004431.1,SSG-LUGIA-F+center,3470572,3480284,True,63122.0,44365.0,53743.5,-63122.0,44365.0,0.0828754266211604
NC_004431.1,SSG-LUGIA-F+center,3480339,3496071,True,72889.0,28578.0,50733.5,-72889.0,28578.0,0.134240614334471
NC_004431.1,SSG-LUGIA-F+center,3498116,3510911,True,90666.0,13738.0,52202.0,-90666.0,13738.0,0.10918088737201365
NC_004431.1,SSG-LUGIA-F+center,3519796,3532819,True,112346.0,8170.0,60258.0,-112346.0,-8170.0,0.03871739650634123
NC_004431.1,SSG-LUGIA-F+center,4294096,4311801,True,14446.0,10052.0,12249.0,-14446.0,-10052.0,0.23805673052998258
NC_004431.1,SSG-LUGIA-F+center,4313541,4328984,False,,,,,,0.0
NC_004431.1,SSG-LUGIA-F+center,4329338,4343042,False,,,,,,0.0
NC_004431.1,SSG-LUGIA-F+center,4919334,4938191,True,16.0,28158.0,14087.0,16.0,28158.0,0.40075718904202823
NC_004431.1,SSG-LUGIA-R,258072,270992,True,31272.0,150507.0,90889.5,-31272.0,150507.0,0.06636363636363636
NC_004431.1,SSG-LUGIA-R,271672,289383,True,44872.0,132116.0,88494.0,-44872.0,132116.0,0.09097072419106317
NC_004431.1,SSG-LUGIA-R,289556,300230,True,62756.0,121269.0,92012.5,-62756.0,121269.0,0.05482794042116076
NC_004431.1,SSG-LUGIA-R,327266,348600,True,100466.0,72899.0,86682.5,-100466.0,72899.0,0.10957883923985619
NC_004431.1,SSG-LUGIA-R,386936,401285,True,160136.0,20214.0,90175.0,-160136.0,20214.0,0.07370313302516693
NC_004431.1,SSG-LUGIA-R,1127537,1138420,True,8137.0,125679.0,66908.0,-8137.0,125679.0,0.07521769177608846
NC_004431.1,SSG-LUGIA-R,1158635,1174406,True,39235.0,89693.0,64464.0,-39235.0,89693.0,0.10899792674498963
NC_004431.1,SSG-LUGIA-R,1182742,1191602,True,63342.0,72497.0,67919.5,-63342.0,72497.0,0.06123704215618521
NC_004431.1,SSG-LUGIA-R,1211249,1221027,True,91849.0,43072.0,67460.5,-91849.0,43072.0,0.06758120248790601
NC_004431.1,SSG-LUGIA-R,1221377,1241061,True,101977.0,23038.0,62507.5,-101977.0,23038.0,0.13604008293020042
NC_004431.1,SSG-LUGIA-R,1355965,1373083,True,34465.0,94516.0,64490.5,-34465.0,94516.0,0.1171731690622861
NC_004431.1,SSG-LUGIA-R,2194346,2210332,True,22746.0,200867.0,111806.5,-22746.0,200867.0,0.0667237061769616
NC_004431.1,SSG-LUGIA-R,2342643,2363817,True,171043.0,47382.0,109212.5,-171043.0,47382.0,0.08837646076794657
NC_004431.1,SSG-LUGIA-R,3415399,3425880,True,14099.0,108019.0,61059.0,-14099.0,108019.0,0.07904977375565611
NC_004431.1,SSG-LUGIA-R,3470572,3480284,True,69272.0,53615.0,61443.5,-69272.0,53615.0,0.07325037707390648
NC_004431.1,SSG-LUGIA-R,3480339,3496071,True,79039.0,37828.0,58433.5,-79039.0,37828.0,0.1186500754147813
NC_004431.1,SSG-LUGIA-R,3498116,3510911,True,96816.0,22988.0,59902.0,-96816.0,22988.0,0.09650075414781298
NC_004431.1,SSG-LUGIA-R,3519796,3532819,True,118496.0,1080.0,59788.0,-118496.0,1080.0,0.09822021116138763
NC_004431.1,SSG-LUGIA-R,4294096,4311801,True,27996.0,35698.0,31847.0,-27996.0,35698.0,0.2175184275184275
NC_004431.1,SSG-LUGIA-R,4313541,4328984,True,47441.0,18515.0,32978.0,-47441.0,18515.0,0.18972972972972973
NC_004431.1,SSG-LUGIA-R,4329338,4343042,True,63238.0,4457.0,33847.5,-63238.0,4457.0,0.16836609336609337
NC_004431.1,SSG-LUGIA-R,4919334,4938191,True,14434.0,37108.0,25771.0,-14434.0,37108.0,0.2678693181818182
NC_004431.1,SSG-LUGIA-R+center,258072,270992,True,26322.0,155457.0,90889.5,-26322.0,155457.0,0.06636363636363636
NC_004431.1,SSG-LUGIA-R+center,271672,289383,True,39922.0,137066.0,88494.0,-39922.0,137066.0,0.09097072419106317
NC_004431.1,SSG-LUGIA-R+center,289556,300230,True,57806.0,126219.0,92012.5,-57806.0,126219.0,0.05482794042116076
NC_004431.1,SSG-LUGIA-R+center,327266,348600,True,95516.0,77849.0,86682.5,-95516.0,77849.0,0.10957883923985619
NC_004431.1,SSG-LUGIA-R+center,386936,401285,True,155186.0,25164.0,90175.0,-155186.0,25164.0,0.07370313302516693
NC_004431.1,SSG-LUGIA-R+center,1127537,1138420,True,3187.0,130629.0,66908.0,-3187.0,130629.0,0.07521769177608846
NC_004431.1,SSG-LUGIA-R+center,1158635,1174406,True,34285.0,94643.0,64464.0,-34285.0,94643.0,0.10899792674498963
NC_004431.1,SSG-LUGIA-R+center,1182742,1191602,True,58392.0,77447.0,67919.5,-58392.0,77447.0,0.06123704215618521
NC_004431.1,SSG-LUGIA-R+center,1211249,1221027,True,86899.0,48022.0,67460.5,-86899.0,48022.0,0.06758120248790601
NC_004431.1,SSG-LUGIA-R+center,1221377,1241061,True,97027.0,27988.0,62507.5,-97027.0,27988.0,0.13604008293020042
NC_004431.1,SSG-LUGIA-R+center,1355965,1373083,True,29515.0,99466.0,64490.5,-29515.0,99466.0,0.1171731690622861
NC_004431.1,SSG-LUGIA-R+center,2194346,2210332,True,17796.0,205817.0,111806.5,-17796.0,205817.0,0.0667237061769616
NC_004431.1,SSG-LUGIA-R+center,2342643,2363817,True,166093.0,52332.0,109212.5,-166093.0,52332.0,0.08837646076794657
NC_004431.1,SSG-LUGIA-R+center,3415399,3425880,True,9149.0,112969.0,61059.0,-9149.0,112969.0,0.07904977375565611
NC_004431.1,SSG-LUGIA-R+center,3470572,3480284,True,64322.0,58565.0,61443.5,-64322.0,58565.0,0.07325037707390648
NC_004431.1,SSG-LUGIA-R+center,3480339,3496071,True,74089.0,42778.0,58433.5,-74089.0,42778.0,0.1186500754147813
NC_004431.1,SSG-LUGIA-R+center,3498116,3510911,True,91866.0,27938.0,59902.0,-91866.0,27938.0,0.09650075414781298
NC_004431.1,SSG-LUGIA-R+center,3519796,3532819,True,113546.0,6030.0,59788.0,-113546.0,6030.0,0.09822021116138763
NC_004431.1,SSG-LUGIA-R+center,4294096,4311801,True,23046.0,40648.0,31847.0,-23046.0,40648.0,0.2175184275184275
NC_004431.1,SSG-LUGIA-R+center,4313541,4328984,True,42491.0,23465.0,32978.0,-42491.0,23465.0,0.18972972972972973
NC_004431.1,SSG-LUGIA-R+center,4329338,4343042,True,58288.0,9407.0,33847.5,-58288.0,9407.0,0.16836609336609337
NC_004431.1,SSG-LUGIA-R+center,4919334,4938191,True,9484.0,42058.0,25771.0,-9484.0,42058.0,0.2678693181818182
NC_004606.1,SSG-LUGIA-P,661144,670660,False,,,,,,0.0
NC_004606.1,SSG-LUGIA-P,1122487,1135938,True,15887.0,1339.0,8613.0,-15887.0,-1339.0,0.4128634241112512
NC_004606.1,SSG-LUGIA-P+center,661144,670660,True,30394.0,8711.0,19552.5,-30394.0,-8711.0,0.020194933727543784
NC_004606.1,SSG-LUGIA-P+center,1122487,1135938,True,10937.0,3611.0,7274.0,-10937.0,3611.0,0.4804285714285714
NC_004606.1,SSG-LUGIA-F,661144,670660,False,,,,,,0.0
NC_004606.1,SSG-LUGIA-F,1122487,1135938,True,17387.0,261.0,8824.0,-17387.0,261.0,0.432540192926045
NC_004606.1,SSG-LUGIA-F+center,661144,670660,True,32094.0,7211.0,19652.5,-32094.0,-7211.0,0.055418038499435246
NC_004606.1,SSG-LUGIA-F+center,1122487,1135938,True,12437.0,5211.0,8824.0,-12437.0,5211.0,0.432540192926045
NC_004606.1,SSG-LUGIA-R,661144,670660,True,48644.0,3561.0,26102.5,-48644.0,-3561.0,0.1024053919292997
NC_004606.1,SSG-LUGIA-R,1122487,1135938,True,23787.0,13061.0,18424.0,-23787.0,13061.0,0.26743538767395625
NC_004606.1,SSG-LUGIA-R+center,661144,670660,True,43694.0,1389.0,22541.5,-43694.0,1389.0,0.1743040293040293
NC_004606.1,SSG-LUGIA-R+center,1122487,1135938,True,18837.0,18011.0,18424.0,-18837.0,18011.0,0.26743538767395625
NC_004603.1,SSG-LUGIA-P,1127422,1144252,True,10922.0,6753.0,8837.5,-10922.0,-6753.0,0.36313191366699094
NC_004603.1,SSG-LUGIA-P,1404417,1424622,False,,,,,,0.0
NC_004603.1,SSG-LUGIA-P,1469309,1491870,False,,,,,,0.0
NC_004603.1,SSG-LUGIA-P,1496016,1507667,False,,,,,,0.0
NC_004603.1,SSG-LUGIA-P,1508132,1522206,False,,,,,,0.0
NC_004603.1,SSG-LUGIA-P,1879115,1888854,False,,,,,,0.0
NC_004603.1,SSG-LUGIA-P,1889185,1901484,True,7415.0,49515.0,28465.0,7415.0,49515.0,0.07902612634473834
NC_004603.1,SSG-LUGIA-P,2239931,2254130,False,,,,,,0.0
NC_004603.1,SSG-LUGIA-P+center,1127422,1144252,True,5972.0,1803.0,3887.5,-5972.0,-1803.0,0.6590360917423146
NC_004603.1,SSG-LUGIA-P+center,1404417,1424622,False,,,,,,0.0
NC_004603.1,SSG-LUGIA-P+center,1469309,1491870,False,,,,,,0.0
NC_004603.1,SSG-LUGIA-P+center,1496016,1507667,False,,,,,,0.0
NC_004603.1,SSG-LUGIA-P+center,1508132,1522206,False,,,,,,0.0
NC_004603.1,SSG-LUGIA-P+center,1879115,1888854,False,,,,,,0.0
NC_004603.1,SSG-LUGIA-P+center,1889185,1901484,False,,,,,,0.0
NC_004603.1,SSG-LUGIA-P+center,2239931,2254130,False,,,,,,0.0
NC_004603.1,SSG-LUGIA-F,1127422,1144252,True,11522.0,6253.0,8887.5,-11522.0,-6253.0,0.3730822135223786
NC_004603.1,SSG-LUGIA-F,1404417,1424622,False,,,,,,0.0
NC_004603.1,SSG-LUGIA-F,1469309,1491870,False,,,,,,0.0
NC_004603.1,SSG-LUGIA-F,1496016,1507667,False,,,,,,0.0
NC_004603.1,SSG-LUGIA-F,1508132,1522206,False,,,,,,0.0
NC_004603.1,SSG-LUGIA-F,1879115,1888854,False,,,,,,0.0
NC_004603.1,SSG-LUGIA-F,1889185,1901484,True,6515.0,51215.0,28865.0,6515.0,51215.0,0.09108084704400535
NC_004603.1,SSG-LUGIA-F,2239931,2254130,False,,,,,,0.0
NC_004603.1,SSG-LUGIA-F+center,1127422,1144252,True,6572.0,1303.0,3937.5,-6572.0,-1303.0,0.6635046788873221
NC_004603.1,SSG-LUGIA-F+center,1404417,1424622,False,,,,,,0.0
NC_004603.1,SSG-LUGIA-F+center,1469309,1491870,False,,,,,,0.0
NC_004603.1,SSG-LUGIA-F+center,1496016,1507667,False,,,,,,0.0
NC_004603.1,SSG-LUGIA-F+center,1508132,1522206,False,,,,,,0.0
NC_004603.1,SSG-LUGIA-F+center,1879115,1888854,False,,,,,,0.0
NC_004603.1,SSG-LUGIA-F+center,1889185,1901484,True,11465.0,56165.0,33815.0,11465.0,56165.0,0.012196012561162638
NC_004603.1,SSG-LUGIA-F+center,2239931,2254130,False,,,,,,0.0
NC_004603.1,SSG-LUGIA-R,1127422,1144252,True,17322.0,3953.0,10637.5,-17322.0,-3953.0,0.37706790033086407
NC_004603.1,SSG-LUGIA-R,1404417,1424622,False,,,,,,0.0
NC_004603.1,SSG-LUGIA-R,1469309,1491870,True,19009.0,36929.0,27969.0,-19009.0,36929.0,0.28741401273885353
NC_004603.1,SSG-LUGIA-R,1496016,1507667,True,45716.0,21132.0,33424.0,-45716.0,21132.0,0.14843312101910827
NC_004603.1,SSG-LUGIA-R,1508132,1522206,True,57832.0,6593.0,32212.5,-57832.0,6593.0,0.17929936305732483
NC_004603.1,SSG-LUGIA-R,1879115,1888854,False,,,,,,0.0
NC_004603.1,SSG-LUGIA-R,1889185,1901484,True,915.0,56515.0,28715.0,915.0,56515.0,0.16544358061469155
NC_004603.1,SSG-LUGIA-R,2239931,2254130,True,15831.0,7669.0,11750.0,-15831.0,7669.0,0.376657824933687
NC_004603.1,SSG-LUGIA-R+center,1127422,1144252,True,12372.0,997.0,6684.5,-12372.0,997.0,0.557317880794702
NC_004603.1,SSG-LUGIA-R+center,1404417,1424622,False,,,,,,0.0
NC_004603.1,SSG-LUGIA-R+center,1469309,1491870,True,14059.0,41879.0,27969.0,-14059.0,41879.0,0.28741401273885353
NC_004603.1,SSG-LUGIA-R+center,1496016,1507667,True,40766.0,26082.0,33424.0,-40766.0,26082.0,0.14843312101910827
NC_004603.1,SSG-LUGIA-R+center,1508132,1522206,True,52882.0,11543.0,32212.5,-52882.0,11543.0,0.17929936305732483
NC_004603.1,SSG-LUGIA-R+center,1879115,1888854,False,,,,,,0.0
NC_004603.1,SSG-LUGIA-R+center,1889185,1901484,True,5865.0,61465.0,33665.0,5865.0,61465.0,0.08723649427235139
NC_004603.1,SSG-LUGIA-R+center,2239931,2254130,True,10881.0,12619.0,11750.0,-10881.0,12619.0,0.376657824933687
NC_004578.1,SSG-LUGIA-P,16494,57264,True,1206.0,2235.0,1720.5,1206.0,2235.0,0.9199879086639073
NC_004578.1,SSG-LUGIA-P,61683,80563,False,,,,,,0.0
NC_004578.1,SSG-LUGIA-P,221575,232226,False,,,,,,0.0
NC_004578.1,SSG-LUGIA-P,308877,323981,False,,,,,,0.0
NC_004578.1,SSG-LUGIA-P,1166304,1181871,False,,,,,,0.0
NC_004578.1,SSG-LUGIA-P,1188997,1215892,True,3303.0,4693.0,3998.0,3303.0,-4693.0,0.7027067221891731
NC_004578.1,SSG-LUGIA-P,1819648,1829940,False,,,,,,0.0
NC_004578.1,SSG-LUGIA-P,2249813,2264824,False,,,,,,0.0
NC_004578.1,SSG-LUGIA-P,2566661,2581181,False,,,,,,0.0
NC_004578.1,SSG-LUGIA-P,2642871,2654377,False,,,,,,0.0
NC_004578.1,SSG-LUGIA-P,2815101,2823741,False,,,,,,0.0
NC_004578.1,SSG-LUGIA-P,2868433,2882146,True,1833.0,6053.0,3943.0,-1833.0,6053.0,0.6349074074074074
NC_004578.1,SSG-LUGIA-P,2888016,2900209,True,21416.0,12010.0,16713.0,-21416.0,-12010.0,0.005474561142517108
NC_004578.1,SSG-LUGIA-P,3183992,3193936,False,,,,,,0.0
NC_004578.1,SSG-LUGIA-P,3206993,3219688,False,,,,,,0.0
NC_004578.1,SSG-LUGIA-P,3613273,3621715,True,15073.0,16784.0,15928.5,-15073.0,16784.0,0.20950372208436724
NC_004578.1,SSG-LUGIA-P,4065729,4076424,False,,,,,,0.0
NC_004578.1,SSG-LUGIA-P,4516460,4529928,False,,,,,,0.0
NC_004578.1,SSG-LUGIA-P,4543987,4563567,False,,,,,,0.0
NC_004578.1,SSG-LUGIA-P,4580215,4588421,False,,,,,,0.0
NC_004578.1,SSG-LUGIA-P,4796688,4807219,False,,,,,,0.0
NC_004578.1,SSG-LUGIA-P,5278112,5304875,True,4412.0,6024.0,5218.0,-4412.0,6024.0,0.7194623655913979
NC_004578.1,SSG-LUGIA-P,5327343,5343196,False,,,,,,0.0
NC_004578.1,SSG-LUGIA-P,5347017,5356019,True,883.0,54680.0,27781.5,883.0,54680.0,0.12750655590974044
NC_004578.1,SSG-LUGIA-P,5366133,5374482,True,18233.0,36217.0,27225.0,-18233.0,36217.0,0.13296178343949044
NC_004578.1,SSG-LUGIA-P,5383278,5392212,True,35378.0,18487.0,26932.5,-35378.0,18487.0,0.14227707006369428
NC_004578.1,SSG-LUGIA-P,5392259,5413467,True,44359.0,2768.0,23563.5,-44359.0,-2768.0,0.28125
NC_004578.1,SSG-LUGIA-P,6145199,6154047,True,2901.0,30852.0,16876.5,2901.0,30852.0,0.14981990378076118
NC_004578.1,SSG-LUGIA-P+center,16494,57264,True,6156.0,7185.0,6670.5,6156.0,7185.0,0.7218074901993494
NC_004578.1,SSG-LUGIA-P+center,61683,80563,True,39033.0,16114.0,27573.5,-39033.0,-16114.0,0.047777739406706494
NC_004578.1,SSG-LUGIA-P+center,221575,232226,False,,,,,,0.0
NC_004578.1,SSG-LUGIA-P+center,308877,323981,False,,,,,,0.0
NC_004578.1,SSG-LUGIA-P+center,1166304,1181871,False,,,,,,0.0
NC_004578.1,SSG-LUGIA-P+center,1188997,1215892,True,8253.0,257.0,4255.0,8253.0,257.0,0.6865908002798954
NC_004578.1,SSG-LUGIA-P+center,1819648,1829940,False,,,,,,0.0
NC_004578.1,SSG-LUGIA-P+center,2249813,2264824,False,,,,,,0.0
NC_004578.1,SSG-LUGIA-P+center,2566661,2581181,False,,,,,,0.0
NC_004578.1,SSG-LUGIA-P+center,2642871,2654377,False,,,,,,0.0
NC_004578.1,SSG-LUGIA-P+center,2815101,2823741,False,,,,,,0.0
NC_004578.1,SSG-LUGIA-P+center,2868433,2882146,True,3117.0,11003.0,7060.0,3117.0,11003.0,0.42873326050896143
NC_004578.1,SSG-LUGIA-P+center,2888016,2900209,True,16466.0,7060.0,11763.0,-16466.0,-7060.0,0.17913468248429867
NC_004578.1,SSG-LUGIA-P+center,3183992,3193936,False,,,,,,0.0
NC_004578.1,SSG-LUGIA-P+center,3206993,3219688,False,,,,,,0.0
NC_004578.1,SSG-LUGIA-P+center,3613273,3621715,True,10123.0,21734.0,15928.5,-10123.0,21734.0,0.20950372208436724
NC_004578.1,SSG-LUGIA-P+center,4065729,4076424,False,,,,,,0.0
NC_004578.1,SSG-LUGIA-P+center,4516460,4529928,False,,,,,,0.0
NC_004578.1,SSG-LUGIA-P+center,4543987,4563567,False,,,,,,0.0
NC_004578.1,SSG-LUGIA-P+center,4580215,4588421,False,,,,,,0.0
NC_004578.1,SSG-LUGIA-P+center,4796688,4807219,False,,,,,,0.0
NC_004578.1,SSG-LUGIA-P+center,5278112,5304875,True,538.0,10974.0,5756.0,538.0,10974.0,0.6949493878848906
NC_004578.1,SSG-LUGIA-P+center,5327343,5343196,False,,,,,,0.0
NC_004578.1,SSG-LUGIA-P+center,5347017,5356019,True,5833.0,59630.0,32731.5,5833.0,59630.0,0.04618769396645928
NC_004578.1,SSG-LUGIA-P+center,5366133,5374482,True,13283.0,41167.0,27225.0,-13283.0,41167.0,0.13296178343949044
NC_004578.1,SSG-LUGIA-P+center,5383278,5392212,True,30428.0,23437.0,26932.5,-30428.0,23437.0,0.14227707006369428
NC_004578.1,SSG-LUGIA-P+center,5392259,5413467,True,39409.0,2182.0,20795.5,-39409.0,2182.0,0.33772292993630576
NC_004578.1,SSG-LUGIA-P+center,6145199,6154047,True,7851.0,35802.0,21826.5,7851.0,35802.0,0.0223511231551365
NC_004578.1,SSG-LUGIA-F,16494,57264,True,506.0,12335.0,6420.5,506.0,12335.0,0.7582005799721312
NC_004578.1,SSG-LUGIA-F,61683,80563,True,44683.0,10964.0,27823.5,-44683.0,-10964.0,0.12455163299981122
NC_004578.1,SSG-LUGIA-F,221575,232226,False,,,,,,0.0
NC_004578.1,SSG-LUGIA-F,308877,323981,False,,,,,,0.0
NC_004578.1,SSG-LUGIA-F,1166304,1181871,True,15396.0,31528.0,23462.0,15396.0,31528.0,0.003652114829284865
NC_004578.1,SSG-LUGIA-F,1188997,1215892,True,7297.0,2493.0,4895.0,-7297.0,-2493.0,0.7136840873863072
NC_004578.1,SSG-LUGIA-F,1819648,1829940,False,,,,,,0.0
NC_004578.1,SSG-LUGIA-F,2249813,2264824,False,,,,,,0.0
NC_004578.1,SSG-LUGIA-F,2566661,2581181,False,,,,,,0.0
NC_004578.1,SSG-LUGIA-F,2642871,2654377,False,,,,,,0.0
NC_004578.1,SSG-LUGIA-F,2815101,2823741,False,,,,,,0.0
NC_004578.1,SSG-LUGIA-F,2868433,2882146,True,2433.0,7753.0,5093.0,-2433.0,7753.0,0.5738075313807531
NC_004578.1,SSG-LUGIA-F,2888016,2900209,True,22016.0,10310.0,16163.0,-22016.0,-10310.0,0.05507161648640748
NC_004578.1,SSG-LUGIA-F,3183992,3193936,True,31192.0,19063.0,25127.5,-31192.0,19063.0,0.16519933554817276
NC_004578.1,SSG-LUGIA-F,3206993,3219688,True,54193.0,6689.0,30441.0,-54193.0,-6689.0,0.08980549866196236
NC_004578.1,SSG-LUGIA-F,3613273,3621715,True,15873.0,19484.0,17678.5,-15873.0,19484.0,0.19276255707762557
NC_004578.1,SSG-LUGIA-F,4065729,4076424,True,7871.0,8775.0,8323.0,7871.0,8775.0,0.14508756612397924
NC_004578.1,SSG-LUGIA-F,4516460,4529928,False,,,,,,0.0
NC_004578.1,SSG-LUGIA-F,4543987,4563567,False,,,,,,0.0
NC_004578.1,SSG-LUGIA-F,4580215,4588421,False,,,,,,0.0
NC_004578.1,SSG-LUGIA-F,4796688,4807219,True,12488.0,4280.0,8384.0,-12488.0,4280.0,0.38578754578754576
NC_004578.1,SSG-LUGIA-F,5278112,5304875,True,6012.0,8924.0,7468.0,-6012.0,8924.0,0.6418225419664269
NC_004578.1,SSG-LUGIA-F,5327343,5343196,True,357.0,70903.0,35630.0,357.0,70903.0,0.1786253558790645
NC_004578.1,SSG-LUGIA-F,5347017,5356019,True,19317.0,58080.0,38698.5,-19317.0,58080.0,0.10420138888888889
NC_004578.1,SSG-LUGIA-F,5366133,5374482,True,38433.0,39617.0,39025.0,-38433.0,39617.0,0.09664351851851852
NC_004578.1,SSG-LUGIA-F,5383278,5392212,True,55578.0,21887.0,38732.5,-55578.0,21887.0,0.10341435185185185
NC_004578.1,SSG-LUGIA-F,5392259,5413467,True,64559.0,632.0,32595.5,-64559.0,632.0,0.24547453703703703
NC_004578.1,SSG-LUGIA-F,6145199,6154047,True,1801.0,32252.0,17026.5,1801.0,32252.0,0.1714800126517603
NC_004578.1,SSG-LUGIA-F+center,16494,57264,True,5456.0,17285.0,11370.5,5456.0,17285.0,0.6082919939368885
NC_004578.1,SSG-LUGIA-F+center,61683,80563,True,39733.0,6014.0,22873.5,-39733.0,-6014.0,0.21952093356535982
NC_004578.1,SSG-LUGIA-F+center,221575,232226,False,,,,,,0.0
NC_004578.1,SSG-LUGIA-F+center,308877,323981,False,,,,,,0.0
NC_004578.1,SSG-LUGIA-F+center,1166304,1181871,False,,,,,,0.0
NC_004578.1,SSG-LUGIA-F+center,1188997,1215892,True,2347.0,2457.0,2402.0,-2347.0,2457.0,0.8484542586750788
NC_004578.1,SSG-LUGIA-F+center,1819648,1829940,False,,,,,,0.0
NC_004578.1,SSG-LUGIA-F+center,2249813,2264824,False,,,,,,0.0
NC_004578.1,SSG-LUGIA-F+center,2566661,2581181,False,,,,,,0.0
NC_004578.1,SSG-LUGIA-F+center,2642871,2654377,False,,,,,,0.0
NC_004578.1,SSG-LUGIA-F+center,2815101,2823741,False,,,,,,0.0
NC_004578.1,SSG-LUGIA-F+center,2868433,2882146,True,2517.0,12703.0,7610.0,2517.0,12703.0,0.423855850399364
NC_004578.1,SSG-LUGIA-F+center,2888016,2900209,True,17066.0,5360.0,11213.0,-17066.0,-5360.0,0.23356117566643883
NC_004578.1,SSG-LUGIA-F+center,3183992,3193936,True,26242.0,24013.0,25127.5,-26242.0,24013.0,0.16519933554817276
NC_004578.1,SSG-LUGIA-F+center,3206993,3219688,True,49243.0,1739.0,25491.0,-49243.0,-1739.0,0.17689985308125736
NC_004578.1,SSG-LUGIA-F+center,3613273,3621715,True,10923.0,24434.0,17678.5,-10923.0,24434.0,0.19276255707762557
NC_004578.1,SSG-LUGIA-F+center,4065729,4076424,False,,,,,,0.0
NC_004578.1,SSG-LUGIA-F+center,4516460,4529928,False,,,,,,0.0
NC_004578.1,SSG-LUGIA-F+center,4543987,4563567,False,,,,,,0.0
NC_004578.1,SSG-LUGIA-F+center,4580215,4588421,False,,,,,,0.0
NC_004578.1,SSG-LUGIA-F+center,4796688,4807219,True,7538.0,9230.0,8384.0,-7538.0,9230.0,0.38578754578754576
NC_004578.1,SSG-LUGIA-F+center,5278112,5304875,True,1062.0,13874.0,7468.0,-1062.0,13874.0,0.6418225419664269
NC_004578.1,SSG-LUGIA-F+center,5327343,5343196,True,5307.0,75853.0,40580.0,5307.0,75853.0,0.11500757848364901
NC_004578.1,SSG-LUGIA-F+center,5347017,5356019,True,14367.0,63030.0,38698.5,-14367.0,63030.0,0.10420138888888889
NC_004578.1,SSG-LUGIA-F+center,5366133,5374482,True,33483.0,44567.0,39025.0,-33483.0,44567.0,0.09664351851851852
NC_004578.1,SSG-LUGIA-F+center,5383278,5392212,True,50628.0,26837.0,38732.5,-50628.0,26837.0,0.10341435185185185
NC_004578.1,SSG-LUGIA-F+center,5392259,5413467,True,59609.0,5582.0,32595.5,-59609.0,5582.0,0.24547453703703703
NC_004578.1,SSG-LUGIA-F+center,6145199,6154047,True,6751.0,37202.0,21976.5,6751.0,37202.0,0.045558185490000215
NC_004578.1,SSG-LUGIA-R,16494,57264,True,16494.0,19435.0,17964.5,-16494.0,19435.0,0.5315645371577575
NC_004578.1,SSG-LUGIA-R,61683,80563,True,61683.0,3864.0,32773.5,-61683.0,-3864.0,0.18639839134104563
NC_004578.1,SSG-LUGIA-R,221575,232226,False,,,,,,0.0
NC_004578.1,SSG-LUGIA-R,308877,323981,True,12977.0,14282.0,13629.5,-12977.0,-14282.0,0.02930702941385941
NC_004578.1,SSG-LUGIA-R,1166304,1181871,True,11004.0,34128.0,22566.0,-11004.0,34128.0,0.25647446457990114
NC_004578.1,SSG-LUGIA-R,1188997,1215892,True,33697.0,107.0,16902.0,-33697.0,107.0,0.44309719934102143
NC_004578.1,SSG-LUGIA-R,1819648,1829940,True,21648.0,9259.0,15453.5,-21648.0,9259.0,0.24983009708737863
NC_004578.1,SSG-LUGIA-R,2249813,2264824,False,,,,,,0.0
NC_004578.1,SSG-LUGIA-R,2566661,2581181,True,12161.0,5318.0,8739.5,-12161.0,5318.0,0.45378125
NC_004578.1,SSG-LUGIA-R,2642871,2654377,False,,,,,,0.0
NC_004578.1,SSG-LUGIA-R,2815101,2823741,False,,,,,,0.0
NC_004578.1,SSG-LUGIA-R,2868433,2882146,True,4933.0,9153.0,7043.0,-4933.0,9153.0,0.49330935251798563
NC_004578.1,SSG-LUGIA-R,2888016,2900209,True,24516.0,8910.0,16713.0,-24516.0,-8910.0,0.08945791337510216
NC_004578.1,SSG-LUGIA-R,3183992,3193936,True,41692.0,26863.0,34277.5,-41692.0,26863.0,0.12668789808917197
NC_004578.1,SSG-LUGIA-R,3206993,3219688,True,64693.0,1111.0,32902.0,-64693.0,1111.0,0.16173248407643312
NC_004578.1,SSG-LUGIA-R,3613273,3621715,True,18773.0,23284.0,21028.5,-18773.0,23284.0,0.1671881188118812
NC_004578.1,SSG-LUGIA-R,4065729,4076424,True,3371.0,36575.0,19973.0,3371.0,36575.0,0.15495758498868228
NC_004578.1,SSG-LUGIA-R,4516460,4529928,True,940.0,46471.0,23705.5,940.0,46471.0,0.20902569235902568
NC_004578.1,SSG-LUGIA-R,4543987,4563567,True,26587.0,12832.0,19709.5,-26587.0,12832.0,0.3318813559322034
NC_004578.1,SSG-LUGIA-R,4580215,4588421,False,,,,,,0.0
NC_004578.1,SSG-LUGIA-R,4796688,4807219,True,23488.0,22680.0,23084.0,-23488.0,22680.0,0.18574955908289242
NC_004578.1,SSG-LUGIA-R,5278112,5304875,True,12512.0,122124.0,67318.0,-12512.0,122124.0,0.16582403965303594
NC_004578.1,SSG-LUGIA-R,5327343,5343196,True,61743.0,83803.0,72773.0,-61743.0,83803.0,0.09822800495662949
NC_004578.1,SSG-LUGIA-R,5347017,5356019,True,81417.0,70980.0,76198.5,-81417.0,70980.0,0.055780669144981414
NC_004578.1,SSG-LUGIA-R,5366133,5374482,True,100533.0,52517.0,76525.0,-100533.0,52517.0,0.051734820322180915
NC_004578.1,SSG-LUGIA-R,5383278,5392212,True,117678.0,34787.0,76232.5,-117678.0,34787.0,0.05535935563816605
NC_004578.1,SSG-LUGIA-R,5392259,5413467,True,126659.0,13532.0,70095.5,-126659.0,13532.0,0.13140644361833953
NC_004578.1,SSG-LUGIA-R,6145199,6154047,True,6299.0,50452.0,28375.5,-6299.0,50452.0,0.13489329268292682
NC_004578.1,SSG-LUGIA-R+center,16494,57264,True,11544.0,24385.0,17964.5,-11544.0,24385.0,0.5315645371577575
NC_004578.1,SSG-LUGIA-R+center,61683,80563,True,56733.0,1086.0,28909.5,-56733.0,1086.0,0.24616688396349412
NC_004578.1,SSG-LUGIA-R+center,221575,232226,False,,,,,,0.0
NC_004578.1,SSG-LUGIA-R+center,308877,323981,True,8027.0,9332.0,8679.5,-8027.0,-9332.0,0.24956769842642226
NC_004578.1,SSG-LUGIA-R+center,1166304,1181871,True,6054.0,39078.0,22566.0,-6054.0,39078.0,0.25647446457990114
NC_004578.1,SSG-LUGIA-R+center,1188997,1215892,True,28747.0,5057.0,16902.0,-28747.0,5057.0,0.44309719934102143
NC_004578.1,SSG-LUGIA-R+center,1819648,1829940,True,16698.0,14209.0,15453.5,-16698.0,14209.0,0.24983009708737863
NC_004578.1,SSG-LUGIA-R+center,2249813,2264824,False,,,,,,0.0
NC_004578.1,SSG-LUGIA-R+center,2566661,2581181,True,7211.0,10268.0,8739.5,-7211.0,10268.0,0.45378125
NC_004578.1,SSG-LUGIA-R+center,2642871,2654377,False,,,,,,0.0
NC_004578.1,SSG-LUGIA-R+center,2815101,2823741,False,,,,,,0.0
NC_004578.1,SSG-LUGIA-R+center,2868433,2882146,True,17.0,14103.0,7060.0,17.0,14103.0,0.49239673580903764
NC_004578.1,SSG-LUGIA-R+center,2888016,2900209,True,19566.0,3960.0,11763.0,-19566.0,-3960.0,0.25925692695214103
NC_004578.1,SSG-LUGIA-R+center,3183992,3193936,True,36742.0,31813.0,34277.5,-36742.0,31813.0,0.12668789808917197
NC_004578.1,SSG-LUGIA-R+center,3206993,3219688,True,59743.0,6061.0,32902.0,-59743.0,6061.0,0.16173248407643312
NC_004578.1,SSG-LUGIA-R+center,3613273,3621715,True,13823.0,28234.0,21028.5,-13823.0,28234.0,0.1671881188118812
NC_004578.1,SSG-LUGIA-R+center,4065729,4076424,True,8321.0,41525.0,24923.0,8321.0,41525.0,0.045479787824821434
NC_004578.1,SSG-LUGIA-R+center,4516460,4529928,True,5890.0,51421.0,28655.5,5890.0,51421.0,0.1167976575743566
NC_004578.1,SSG-LUGIA-R+center,4543987,4563567,True,21637.0,17782.0,19709.5,-21637.0,17782.0,0.3318813559322034
NC_004578.1,SSG-LUGIA-R+center,4580215,4588421,True,57865.0,7072.0,32468.5,-57865.0,-7072.0,0.017178229809904348
NC_004578.1,SSG-LUGIA-R+center,4796688,4807219,True,18538.0,27630.0,23084.0,-18538.0,27630.0,0.18574955908289242
NC_004578.1,SSG-LUGIA-R+center,5278112,5304875,True,7562.0,127074.0,67318.0,-7562.0,127074.0,0.16582403965303594
NC_004578.1,SSG-LUGIA-R+center,5327343,5343196,True,56793.0,88753.0,72773.0,-56793.0,88753.0,0.09822800495662949
NC_004578.1,SSG-LUGIA-R+center,5347017,5356019,True,76467.0,75930.0,76198.5,-76467.0,75930.0,0.055780669144981414
NC_004578.1,SSG-LUGIA-R+center,5366133,5374482,True,95583.0,57467.0,76525.0,-95583.0,57467.0,0.051734820322180915
NC_004578.1,SSG-LUGIA-R+center,5383278,5392212,True,112728.0,39737.0,76232.5,-112728.0,39737.0,0.05535935563816605
NC_004578.1,SSG-LUGIA-R+center,5392259,5413467,True,121709.0,18482.0,70095.5,-121709.0,18482.0,0.13140644361833953
NC_004578.1,SSG-LUGIA-R+center,6145199,6154047,True,1349.0,55402.0,28375.5,-1349.0,55402.0,0.13489329268292682
NC_004631.1,SSG-LUGIA-P,956415,978569,True,8715.0,1870.0,5292.5,-8715.0,-1870.0,0.6571104632329122
NC_004631.1,SSG-LUGIA-P,1421250,1441928,True,15650.0,7229.0,11439.5,-15650.0,-7229.0,0.370227641828842
NC_004631.1,SSG-LUGIA-P,2745482,2754684,False,,,,,,0.0
NC_004631.1,SSG-LUGIA-P,3514529,3524607,True,12629.0,14892.0,13760.5,-12629.0,14892.0,0.2680585106382979
NC_004631.1,SSG-LUGIA-P,3524783,3534717,True,22883.0,4782.0,13832.5,-22883.0,4782.0,0.2642287234042553
NC_004631.1,SSG-LUGIA-P,4394218,4412870,True,8918.0,102729.0,55823.5,-8918.0,102729.0,0.14315425940138143
NC_004631.1,SSG-LUGIA-P,4420666,4444503,True,35366.0,71096.0,53231.0,-35366.0,71096.0,0.1829470452801228
NC_004631.1,SSG-LUGIA-P,4444520,4458442,True,59220.0,57157.0,58188.5,-59220.0,57157.0,0.10685341519570223
NC_004631.1,SSG-LUGIA-P,4493736,4519429,True,108436.0,3830.0,56133.0,-108436.0,-3830.0,0.16300603891746812
NC_004631.1,SSG-LUGIA-P,4679557,4688315,True,12357.0,8084.0,10220.5,-12357.0,8084.0,0.29996575342465753
NC_004631.1,SSG-LUGIA-P,4689233,4699498,True,22033.0,3099.0,12566.0,-22033.0,-3099.0,0.22189541471872193
NC_004631.1,SSG-LUGIA-P+center,956415,978569,True,3765.0,3080.0,3422.5,-3765.0,3080.0,0.7639655172413793
NC_004631.1,SSG-LUGIA-P+center,1421250,1441928,True,10700.0,2279.0,6489.5,-10700.0,-2279.0,0.5863794257305841
NC_004631.1,SSG-LUGIA-P+center,2745482,2754684,True,16932.0,8835.0,12883.5,-16932.0,-8835.0,0.014080734647025063
NC_004631.1,SSG-LUGIA-P+center,3514529,3524607,True,7679.0,19842.0,13760.5,-7679.0,19842.0,0.2680585106382979
NC_004631.1,SSG-LUGIA-P+center,3524783,3534717,True,17933.0,9732.0,13832.5,-17933.0,9732.0,0.2642287234042553
NC_004631.1,SSG-LUGIA-P+center,4394218,4412870,True,3968.0,107679.0,55823.5,-3968.0,107679.0,0.14315425940138143
NC_004631.1,SSG-LUGIA-P+center,4420666,4444503,True,30416.0,76046.0,53231.0,-30416.0,76046.0,0.1829470452801228
NC_004631.1,SSG-LUGIA-P+center,4444520,4458442,True,54270.0,62107.0,58188.5,-54270.0,62107.0,0.10685341519570223
NC_004631.1,SSG-LUGIA-P+center,4493736,4519429,True,103486.0,1120.0,52303.0,-103486.0,1120.0,0.19719109746738298
NC_004631.1,SSG-LUGIA-P+center,4679557,4688315,True,7407.0,13034.0,10220.5,-7407.0,13034.0,0.29996575342465753
NC_004631.1,SSG-LUGIA-P+center,4689233,4699498,True,17083.0,1851.0,9467.0,-17083.0,1851.0,0.35157534246575345
NC_004631.1,SSG-LUGIA-F,956415,978569,True,26215.0,1470.0,13842.5,-26215.0,-1470.0,0.4276410998552822
NC_004631.1,SSG-LUGIA-F,1421250,1441928,True,16550.0,5929.0,11239.5,-16550.0,-5929.0,0.39619651347068147
NC_004631.1,SSG-LUGIA-F,2745482,2754684,True,24682.0,4215.0,14448.5,-24682.0,4215.0,0.2415485564304462
NC_004631.1,SSG-LUGIA-F,3514529,3524607,True,15329.0,23792.0,19560.5,-15329.0,23792.0,0.20485772357723578
NC_004631.1,SSG-LUGIA-F,3524783,3534717,True,25583.0,13682.0,19632.5,-25583.0,13682.0,0.2019308943089431
NC_004631.1,SSG-LUGIA-F,4394218,4412870,True,10218.0,104229.0,57223.5,-10218.0,104229.0,0.1401427498121713
NC_004631.1,SSG-LUGIA-F,4420666,4444503,True,36666.0,72596.0,54631.0,-36666.0,72596.0,0.17909842223891811
NC_004631.1,SSG-LUGIA-F,4444520,4458442,True,60520.0,58657.0,59588.5,-60520.0,58657.0,0.10460555972952668
NC_004631.1,SSG-LUGIA-F,4493736,4519429,True,109736.0,2330.0,56033.0,-109736.0,-2330.0,0.17251716754042679
NC_004631.1,SSG-LUGIA-F,4679557,4688315,True,16857.0,10084.0,13470.5,-16857.0,10084.0,0.2453501400560224
NC_004631.1,SSG-LUGIA-F,4689233,4699498,True,26533.0,1099.0,13816.0,-26533.0,-1099.0,0.24911003016386316
NC_004631.1,SSG-LUGIA-F+center,956415,978569,True,21265.0,3480.0,12372.5,-21265.0,3480.0,0.47238805970149256
NC_004631.1,SSG-LUGIA-F+center,1421250,1441928,True,11600.0,979.0,6289.5,-11600.0,-979.0,0.6103039127606184
NC_004631.1,SSG-LUGIA-F+center,2745482,2754684,True,19732.0,9165.0,14448.5,-19732.0,9165.0,0.2415485564304462
NC_004631.1,SSG-LUGIA-F+center,3514529,3524607,True,10379.0,28742.0,19560.5,-10379.0,28742.0,0.20485772357723578
NC_004631.1,SSG-LUGIA-F+center,3524783,3534717,True,20633.0,18632.0,19632.5,-20633.0,18632.0,0.2019308943089431
NC_004631.1,SSG-LUGIA-F+center,4394218,4412870,True,5268.0,109179.0,57223.5,-5268.0,109179.0,0.1401427498121713
NC_004631.1,SSG-LUGIA-F+center,4420666,4444503,True,31716.0,77546.0,54631.0,-31716.0,77546.0,0.17909842223891811
NC_004631.1,SSG-LUGIA-F+center,4444520,4458442,True,55570.0,63607.0,59588.5,-55570.0,63607.0,0.10460555972952668
NC_004631.1,SSG-LUGIA-F+center,4493736,4519429,True,104786.0,2620.0,53703.0,-104786.0,2620.0,0.19304282494365138
NC_004631.1,SSG-LUGIA-F+center,4679557,4688315,True,11907.0,15034.0,13470.5,-11907.0,15034.0,0.2453501400560224
NC_004631.1,SSG-LUGIA-F+center,4689233,4699498,True,21583.0,3851.0,12717.0,-21583.0,3851.0,0.28756302521008403
NC_004631.1,SSG-LUGIA-R,956415,978569,True,36415.0,6930.0,21672.5,-36415.0,6930.0,0.3382442748091603
NC_004631.1,SSG-LUGIA-R,1421250,1441928,True,19550.0,3029.0,11289.5,-19550.0,-3029.0,0.43873822366949217
NC_004631.1,SSG-LUGIA-R,2745482,2754684,True,29482.0,17415.0,23448.5,-29482.0,17415.0,0.16404634581105168
NC_004631.1,SSG-LUGIA-R,3514529,3524607,True,19029.0,67292.0,43160.5,-19029.0,67292.0,0.1045539419087137
NC_004631.1,SSG-LUGIA-R,3524783,3534717,True,29283.0,57182.0,43232.5,-29283.0,57182.0,0.10306016597510373
NC_004631.1,SSG-LUGIA-R,4394218,4412870,True,12418.0,116529.0,64473.5,-12418.0,116529.0,0.12637533875338752
NC_004631.1,SSG-LUGIA-R,4420666,4444503,True,38866.0,84896.0,61881.0,-38866.0,84896.0,0.1615040650406504
NC_004631.1,SSG-LUGIA-R,4444520,4458442,True,62720.0,70957.0,66838.5,-62720.0,70957.0,0.09432926829268293
NC_004631.1,SSG-LUGIA-R,4493736,4519429,True,111936.0,9970.0,60953.0,-111936.0,9970.0,0.17407859078590787
NC_004631.1,SSG-LUGIA-R,4679557,4688315,True,24157.0,24584.0,24370.5,-24157.0,24584.0,0.1523304347826087
NC_004631.1,SSG-LUGIA-R,4689233,4699498,True,33833.0,13401.0,23617.0,-33833.0,13401.0,0.17853913043478262
NC_004631.1,SSG-LUGIA-R+center,956415,978569,True,31465.0,11880.0,21672.5,-31465.0,11880.0,0.3382442748091603
NC_004631.1,SSG-LUGIA-R+center,1421250,1441928,True,14600.0,1921.0,8260.5,-14600.0,1921.0,0.5558870967741936
NC_004631.1,SSG-LUGIA-R+center,2745482,2754684,True,24532.0,22365.0,23448.5,-24532.0,22365.0,0.16404634581105168
NC_004631.1,SSG-LUGIA-R+center,3514529,3524607,True,14079.0,72242.0,43160.5,-14079.0,72242.0,0.1045539419087137
NC_004631.1,SSG-LUGIA-R+center,3524783,3534717,True,24333.0,62132.0,43232.5,-24333.0,62132.0,0.10306016597510373
NC_004631.1,SSG-LUGIA-R+center,4394218,4412870,True,7468.0,121479.0,64473.5,-7468.0,121479.0,0.12637533875338752
NC_004631.1,SSG-LUGIA-R+center,4420666,4444503,True,33916.0,89846.0,61881.0,-33916.0,89846.0,0.1615040650406504
NC_004631.1,SSG-LUGIA-R+center,4444520,4458442,True,57770.0,75907.0,66838.5,-57770.0,75907.0,0.09432926829268293
NC_004631.1,SSG-LUGIA-R+center,4493736,4519429,True,106986.0,14920.0,60953.0,-106986.0,14920.0,0.17407859078590787
NC_004631.1,SSG-LUGIA-R+center,4679557,4688315,True,19207.0,29534.0,24370.5,-19207.0,29534.0,0.1523304347826087
NC_004631.1,SSG-LUGIA-R+center,4689233,4699498,True,28883.0,18351.0,23617.0,-28883.0,18351.0,0.17853913043478262
NC_004741.1,SSG-LUGIA-P,241850,256076,False,,,,,,0.0
NC_004741.1,SSG-LUGIA-P,706668,717740,True,12768.0,24559.0,18663.5,-12768.0,24559.0,0.2287809917355372
NC_004741.1,SSG-LUGIA-P,725258,741602,True,31358.0,697.0,16027.5,-31358.0,697.0,0.33770661157024795
NC_004741.1,SSG-LUGIA-P,1179330,1189979,False,,,,,,0.0
NC_004741.1,SSG-LUGIA-P+center,241850,256076,False,,,,,,0.0
NC_004741.1,SSG-LUGIA-P+center,706668,717740,True,7818.0,29509.0,18663.5,-7818.0,29509.0,0.2287809917355372
NC_004741.1,SSG-LUGIA-P+center,725258,741602,True,26408.0,5647.0,16027.5,-26408.0,5647.0,0.33770661157024795
NC_004741.1,SSG-LUGIA-P+center,1179330,1189979,False,,,,,,0.0
NC_004741.1,SSG-LUGIA-F,241850,256076,True,27350.0,8977.0,18163.5,-27350.0,-8977.0,0.12627173677754527
NC_004741.1,SSG-LUGIA-F,706668,717740,True,16168.0,24859.0,20513.5,-16168.0,24859.0,0.21253358925143953
NC_004741.1,SSG-LUGIA-F,725258,741602,True,34758.0,997.0,17877.5,-34758.0,997.0,0.3137236084452975
NC_004741.1,SSG-LUGIA-F,1179330,1189979,False,,,,,,0.0
NC_004741.1,SSG-LUGIA-F+center,241850,256076,True,22400.0,4027.0,13213.5,-22400.0,-4027.0,0.27848308624784995
NC_004741.1,SSG-LUGIA-F+center,706668,717740,True,11218.0,29809.0,20513.5,-11218.0,29809.0,0.21253358925143953
NC_004741.1,SSG-LUGIA-F+center,725258,741602,True,29808.0,5947.0,17877.5,-29808.0,5947.0,0.3137236084452975
NC_004741.1,SSG-LUGIA-F+center,1179330,1189979,False,,,,,,0.0
NC_004741.1,SSG-LUGIA-R,241850,256076,True,37350.0,29023.0,33186.5,-37350.0,29023.0,0.1765136476426799
NC_004741.1,SSG-LUGIA-R,706668,717740,True,24368.0,27559.0,25963.5,-24368.0,27559.0,0.17576190476190476
NC_004741.1,SSG-LUGIA-R,725258,741602,True,42958.0,3697.0,23327.5,-42958.0,3697.0,0.2594444444444444
NC_004741.1,SSG-LUGIA-R,1179330,1189979,True,470.0,10420.0,5445.0,470.0,10420.0,0.4831514000949217
NC_004741.1,SSG-LUGIA-R+center,241850,256076,True,32400.0,33973.0,33186.5,-32400.0,33973.0,0.1765136476426799
NC_004741.1,SSG-LUGIA-R+center,706668,717740,True,19418.0,32509.0,25963.5,-19418.0,32509.0,0.17576190476190476
NC_004741.1,SSG-LUGIA-R+center,725258,741602,True,38008.0,8647.0,23327.5,-38008.0,8647.0,0.2594444444444444
NC_004741.1,SSG-LUGIA-R+center,1179330,1189979,True,5420.0,15370.0,10395.0,5420.0,15370.0,0.20099923136049194
NC_004722.1,SSG-LUGIA-P,2392473,2411646,True,4773.0,7153.0,5963.0,-4773.0,7153.0,0.6165273311897106
NC_004722.1,SSG-LUGIA-P,4386694,4405412,False,,,,,,0.0
NC_004722.1,SSG-LUGIA-P,5010146,5018294,True,25246.0,7905.0,16575.5,-25246.0,7905.0,0.19731234866828087
NC_004722.1,SSG-LUGIA-P,5018339,5029258,True,33439.0,3059.0,18249.0,-33439.0,-3059.0,0.17721319236231656
NC_004722.1,SSG-LUGIA-P+center,2392473,2411646,True,177.0,12103.0,6140.0,177.0,12103.0,0.6073792243501615
NC_004722.1,SSG-LUGIA-P+center,4386694,4405412,False,,,,,,0.0
NC_004722.1,SSG-LUGIA-P+center,5010146,5018294,True,20296.0,12855.0,16575.5,-20296.0,12855.0,0.19731234866828087
NC_004722.1,SSG-LUGIA-P+center,5018339,5029258,True,28489.0,1891.0,15190.0,-28489.0,1891.0,0.26440677966101694
NC_004722.1,SSG-LUGIA-F,2392473,2411646,True,12073.0,8053.0,10063.0,-12073.0,8053.0,0.4878880407124682
NC_004722.1,SSG-LUGIA-F,4386694,4405412,False,,,,,,0.0
NC_004722.1,SSG-LUGIA-F,5010146,5018294,True,26846.0,9905.0,18375.5,-26846.0,9905.0,0.18149220489977727
NC_004722.1,SSG-LUGIA-F,5018339,5029258,True,35039.0,1059.0,18049.0,-35039.0,-1059.0,0.21456080419504342
NC_004722.1,SSG-LUGIA-F+center,2392473,2411646,True,7123.0,13003.0,10063.0,-7123.0,13003.0,0.4878880407124682
NC_004722.1,SSG-LUGIA-F+center,4386694,4405412,False,,,,,,0.0
NC_004722.1,SSG-LUGIA-F+center,5010146,5018294,True,21896.0,14855.0,18375.5,-21896.0,14855.0,0.18149220489977727
NC_004722.1,SSG-LUGIA-F+center,5018339,5029258,True,30089.0,3891.0,16990.0,-30089.0,3891.0,0.24320712694877505
NC_004722.1,SSG-LUGIA-R,2392473,2411646,True,24973.0,10753.0,17863.0,-24973.0,10753.0,0.34925318761384333
NC_004722.1,SSG-LUGIA-R,4386694,4405412,True,4794.0,15787.0,10290.5,-4794.0,15787.0,0.4763104325699746
NC_004722.1,SSG-LUGIA-R,5010146,5018294,True,44946.0,15505.0,30225.5,-44946.0,15505.0,0.11879008746355685
NC_004722.1,SSG-LUGIA-R,5018339,5029258,True,53139.0,4541.0,28840.0,-53139.0,4541.0,0.15918367346938775
NC_004722.1,SSG-LUGIA-R+center,2392473,2411646,True,20023.0,15703.0,17863.0,-20023.0,15703.0,0.34925318761384333
NC_004722.1,SSG-LUGIA-R+center,4386694,4405412,True,156.0,20737.0,10446.5,156.0,20737.0,0.4704734387672344
NC_004722.1,SSG-LUGIA-R+center,5010146,5018294,True,39996.0,20455.0,30225.5,-39996.0,20455.0,0.11879008746355685
NC_004722.1,SSG-LUGIA-R+center,5018339,5029258,True,48189.0,9491.0,28840.0,-48189.0,9491.0,0.15918367346938775
NC_005071.1,SSG-LUGIA-P,91444,111703,True,2844.0,29796.0,16320.0,-2844.0,29796.0,0.38298676748582233
NC_005071.1,SSG-LUGIA-P,111720,121911,True,23120.0,19588.0,21354.0,-23120.0,19588.0,0.19266540642722116
NC_005071.1,SSG-LUGIA-P,1053338,1062214,False,,,,,,0.0
NC_005071.1,SSG-LUGIA-P,1669419,1677643,False,,,,,,0.0
NC_005071.1,SSG-LUGIA-P+center,91444,111703,True,2106.0,34746.0,18426.0,2106.0,34746.0,0.33003672326655276
NC_005071.1,SSG-LUGIA-P+center,111720,121911,True,18170.0,24538.0,21354.0,-18170.0,24538.0,0.19266540642722116
NC_005071.1,SSG-LUGIA-P+center,1053338,1062214,False,,,,,,0.0
NC_005071.1,SSG-LUGIA-P+center,1669419,1677643,False,,,,,,0.0
NC_005071.1,SSG-LUGIA-F,91444,111703,True,91444.0,148596.0,120020.0,-91444.0,148596.0,0.07783326930464848
NC_005071.1,SSG-LUGIA-F,111720,121911,True,111720.0,138388.0,125054.0,-111720.0,138388.0,0.03915482135996927
NC_005071.1,SSG-LUGIA-F,1053338,1062214,False,,,,,,0.0
NC_005071.1,SSG-LUGIA-F,1669419,1677643,False,,,,,,0.0
NC_005071.1,SSG-LUGIA-F+center,91444,111703,True,86494.0,153546.0,120020.0,-86494.0,153546.0,0.07783326930464848
NC_005071.1,SSG-LUGIA-F+center,111720,121911,True,106770.0,143338.0,125054.0,-106770.0,143338.0,0.03915482135996927
NC_005071.1,SSG-LUGIA-F+center,1053338,1062214,False,,,,,,0.0
NC_005071.1,SSG-LUGIA-F+center,1669419,1677643,False,,,,,,0.0
NC_005071.1,SSG-LUGIA-R,91444,111703,True,91444.0,315896.0,203670.0,-91444.0,315896.0,0.04738072965388213
NC_005071.1,SSG-LUGIA-R,111720,121911,True,111720.0,305688.0,208704.0,-111720.0,305688.0,0.02383536014967259
NC_005071.1,SSG-LUGIA-R,1053338,1062214,False,,,,,,0.0
NC_005071.1,SSG-LUGIA-R,1669419,1677643,True,18119.0,8356.0,13237.5,-18119.0,8356.0,0.23703170028818443
NC_005071.1,SSG-LUGIA-R+center,91444,111703,True,86494.0,320846.0,203670.0,-86494.0,320846.0,0.04738072965388213
NC_005071.1,SSG-LUGIA-R+center,111720,121911,True,106770.0,310638.0,208704.0,-106770.0,310638.0,0.02383536014967259
NC_005071.1,SSG-LUGIA-R+center,1053338,1062214,False,,,,,,0.0
NC_005071.1,SSG-LUGIA-R+center,1669419,1677643,True,13169.0,13306.0,13237.5,-13169.0,13306.0,0.23703170028818443
NC_005139.1,SSG-LUGIA-P,143179,155864,True,9979.0,25535.0,17757.0,-9979.0,25535.0,0.26319502074688794
NC_005139.1,SSG-LUGIA-P,1608281,1631389,False,,,,,,0.0
NC_005139.1,SSG-LUGIA-P+center,143179,155864,True,5029.0,30485.0,17757.0,-5029.0,30485.0,0.26319502074688794
NC_005139.1,SSG-LUGIA-P+center,1608281,1631389,False,,,,,,0.0
NC_005139.1,SSG-LUGIA-F,143179,155864,True,10379.0,26635.0,18507.0,-10379.0,26635.0,0.255251509054326
NC_005139.1,SSG-LUGIA-F,1608281,1631389,False,,,,,,0.0
NC_005139.1,SSG-LUGIA-F+center,143179,155864,True,5429.0,31585.0,18507.0,-5429.0,31585.0,0.255251509054326
NC_005139.1,SSG-LUGIA-F+center,1608281,1631389,False,,,,,,0.0
NC_005139.1,SSG-LUGIA-R,143179,155864,True,20279.0,29835.0,25057.0,-20279.0,29835.0,0.2020063694267516
NC_005139.1,SSG-LUGIA-R,1608281,1631389,False,,,,,,0.0
NC_005139.1,SSG-LUGIA-R+center,143179,155864,True,15329.0,34785.0,25057.0,-15329.0,34785.0,0.2020063694267516
NC_005139.1,SSG-LUGIA-R+center,1608281,1631389,False,,,,,,0.0
NC_006086.1,SSG-LUGIA-P,1119537,1177900,False,,,,,,0.0
NC_006086.1,SSG-LUGIA-P+center,1119537,1177900,False,,,,,,0.0
NC_006086.1,SSG-LUGIA-F,1119537,1177900,True,26363.0,21601.0,23982.0,26363.0,-21601.0,0.17819203618669044
NC_006086.1,SSG-LUGIA-F+center,1119537,1177900,True,31313.0,16651.0,23982.0,31313.0,-16651.0,0.17819203618669044
NC_006086.1,SSG-LUGIA-R,1119537,1177900,True,1237.0,1.0,619.0,-1237.0,-1.0,0.9792285364339525
NC_006086.1,SSG-LUGIA-R+center,1119537,1177900,True,3713.0,4949.0,4331.0,3713.0,4949.0,0.8631876549839685
NC_005773.3,SSG-LUGIA-P,109609,126084,True,409.0,6715.0,3562.0,-409.0,6715.0,0.698135593220339
NC_005773.3,SSG-LUGIA-P,715934,732173,True,12034.0,15674.0,13854.0,-12034.0,-15674.0,0.020018391455047038
NC_005773.3,SSG-LUGIA-P,899931,925153,True,26031.0,5254.0,15642.5,-26031.0,-5254.0,0.38960861591290435
NC_005773.3,SSG-LUGIA-P,1773783,1785606,False,,,,,,0.0
NC_005773.3,SSG-LUGIA-P,2193045,2201200,True,1555.0,8099.0,4827.0,1555.0,8099.0,0.40609043371270376
NC_005773.3,SSG-LUGIA-P,2900977,2920079,False,,,,,,0.0
NC_005773.3,SSG-LUGIA-P,3225902,3242360,False,,,,,,0.0
NC_005773.3,SSG-LUGIA-P,3358612,3372817,False,,,,,,0.0
NC_005773.3,SSG-LUGIA-P,4296399,4308961,True,11199.0,938.0,6068.5,-11199.0,938.0,0.5086234817813765
NC_005773.3,SSG-LUGIA-P,4804725,4814223,True,22225.0,5924.0,14074.5,-22225.0,-5924.0,0.11269070735090153
NC_005773.3,SSG-LUGIA-P,5172262,5199192,True,5462.0,54707.0,30084.5,-5462.0,54707.0,0.3091963260619977
NC_005773.3,SSG-LUGIA-P,5623009,5642435,True,5991.0,164.0,3077.5,5991.0,164.0,0.6858251237813282
NC_005773.3,SSG-LUGIA-P,5642563,5650800,True,13563.0,8201.0,10882.0,-13563.0,-8201.0,0.001697169854593826
NC_005773.3,SSG-LUGIA-P+center,109609,126084,True,4541.0,11665.0,8103.0,4541.0,11665.0,0.424114281653104
NC_005773.3,SSG-LUGIA-P+center,715934,732173,True,7084.0,10724.0,8904.0,-7084.0,-10724.0,0.23649459783913565
NC_005773.3,SSG-LUGIA-P+center,899931,925153,True,21081.0,304.0,10692.5,-21081.0,-304.0,0.5381608500345543
NC_005773.3,SSG-LUGIA-P+center,1773783,1785606,False,,,,,,0.0
NC_005773.3,SSG-LUGIA-P+center,2193045,2201200,True,10795.0,2451.0,6623.0,-10795.0,-2451.0,0.30103952298031766
NC_005773.3,SSG-LUGIA-P+center,2900977,2920079,False,,,,,,0.0
NC_005773.3,SSG-LUGIA-P+center,3225902,3242360,False,,,,,,0.0
NC_005773.3,SSG-LUGIA-P+center,3358612,3372817,False,,,,,,0.0
NC_005773.3,SSG-LUGIA-P+center,4296399,4308961,True,6249.0,5888.0,6068.5,-6249.0,5888.0,0.5086234817813765
NC_005773.3,SSG-LUGIA-P+center,4804725,4814223,True,17275.0,974.0,9124.5,-17275.0,-974.0,0.3184059161873459
NC_005773.3,SSG-LUGIA-P+center,5172262,5199192,True,512.0,59657.0,30084.5,-512.0,59657.0,0.3091963260619977
NC_005773.3,SSG-LUGIA-P+center,5623009,5642435,True,10941.0,5114.0,8027.5,10941.0,5114.0,0.34578868016788233
NC_005773.3,SSG-LUGIA-P+center,5642563,5650800,True,8613.0,3251.0,5932.0,-8613.0,-3251.0,0.2959468280814195
NC_005773.3,SSG-LUGIA-F,109609,126084,True,2709.0,12115.0,7412.0,-2709.0,12115.0,0.5263897763578275
NC_005773.3,SSG-LUGIA-F,715934,732173,True,12934.0,13974.0,13454.0,-12934.0,-13974.0,0.07767189963666278
NC_005773.3,SSG-LUGIA-F,899931,925153,True,28331.0,1854.0,15092.5,-28331.0,-1854.0,0.43636329685924485
NC_005773.3,SSG-LUGIA-F,1773783,1785606,False,,,,,,0.0
NC_005773.3,SSG-LUGIA-F,2193045,2201200,True,21645.0,10399.0,16022.0,-21645.0,10399.0,0.20288557213930347
NC_005773.3,SSG-LUGIA-F,2900977,2920079,False,,,,,,0.0
NC_005773.3,SSG-LUGIA-F,3225902,3242360,True,10098.0,6339.0,8218.5,10098.0,6339.0,0.2790157031318537
NC_005773.3,SSG-LUGIA-F,3358612,3372817,False,,,,,,0.0
NC_005773.3,SSG-LUGIA-F,4296399,4308961,True,15199.0,2438.0,8818.5,-15199.0,2438.0,0.4159933774834437
NC_005773.3,SSG-LUGIA-F,4804725,4814223,True,36725.0,3776.0,20250.5,-36725.0,3776.0,0.18998
NC_005773.3,SSG-LUGIA-F,5172262,5199192,True,9362.0,57207.0,33284.5,-9362.0,57207.0,0.28803208556149734
NC_005773.3,SSG-LUGIA-F,5623009,5642435,True,3891.0,2964.0,3427.5,3891.0,2964.0,0.6938502076727256
NC_005773.3,SSG-LUGIA-F,5642563,5650800,True,15663.0,5401.0,10532.0,-15663.0,-5401.0,0.11869796242835028
NC_005773.3,SSG-LUGIA-F+center,109609,126084,True,2241.0,17065.0,9653.0,2241.0,17065.0,0.4244059509257327
NC_005773.3,SSG-LUGIA-F+center,715934,732173,True,7984.0,9024.0,8504.0,-7984.0,-9024.0,0.29788639365918096
NC_005773.3,SSG-LUGIA-F+center,899931,925153,True,23381.0,3096.0,13238.5,-23381.0,3096.0,0.4878723404255319
NC_005773.3,SSG-LUGIA-F+center,1773783,1785606,False,,,,,,0.0
NC_005773.3,SSG-LUGIA-F+center,2193045,2201200,True,16695.0,15349.0,16022.0,-16695.0,15349.0,0.20288557213930347
NC_005773.3,SSG-LUGIA-F+center,2900977,2920079,False,,,,,,0.0
NC_005773.3,SSG-LUGIA-F+center,3225902,3242360,True,15048.0,11289.0,13168.5,15048.0,11289.0,0.05085051174859449
NC_005773.3,SSG-LUGIA-F+center,3358612,3372817,False,,,,,,0.0
NC_005773.3,SSG-LUGIA-F+center,4296399,4308961,True,10249.0,7388.0,8818.5,-10249.0,7388.0,0.4159933774834437
NC_005773.3,SSG-LUGIA-F+center,4804725,4814223,True,31775.0,8726.0,20250.5,-31775.0,8726.0,0.18998
NC_005773.3,SSG-LUGIA-F+center,5172262,5199192,True,4412.0,62157.0,33284.5,-4412.0,62157.0,0.28803208556149734
NC_005773.3,SSG-LUGIA-F+center,5623009,5642435,True,8841.0,7914.0,8377.5,8841.0,7914.0,0.38718408251344133
NC_005773.3,SSG-LUGIA-F+center,5642563,5650800,True,10713.0,451.0,5582.0,-10713.0,-451.0,0.41090179937734156
NC_005773.3,SSG-LUGIA-R,109609,126084,True,6009.0,30615.0,18312.0,-6009.0,30615.0,0.3102824858757062
NC_005773.3,SSG-LUGIA-R,715934,732173,True,15334.0,9426.0,12380.0,-15334.0,9426.0,0.3960975609756098
NC_005773.3,SSG-LUGIA-R,899931,925153,True,33831.0,6746.0,20288.5,-33831.0,6746.0,0.38332826747720367
NC_005773.3,SSG-LUGIA-R,1773783,1785606,False,,,,,,0.0
NC_005773.3,SSG-LUGIA-R,2193045,2201200,True,42145.0,76399.0,59272.0,-42145.0,76399.0,0.06437253354380426
NC_005773.3,SSG-LUGIA-R,2900977,2920079,False,,,,,,0.0
NC_005773.3,SSG-LUGIA-R,3225902,3242360,True,15602.0,12539.0,14070.5,-15602.0,12539.0,0.3690358744394619
NC_005773.3,SSG-LUGIA-R,3358612,3372817,True,20412.0,7118.0,13765.0,-20412.0,-7118.0,0.204748974521925
NC_005773.3,SSG-LUGIA-R,4296399,4308961,True,25299.0,16638.0,20968.5,-25299.0,16638.0,0.2305137614678899
NC_005773.3,SSG-LUGIA-R,4804725,4814223,True,44325.0,18176.0,31250.5,-44325.0,18176.0,0.13193055555555555
NC_005773.3,SSG-LUGIA-R,5172262,5199192,True,16562.0,63707.0,40134.5,-16562.0,63707.0,0.25122201492537316
NC_005773.3,SSG-LUGIA-R,5623009,5642435,True,19709.0,18664.0,19186.5,-19709.0,18664.0,0.33610726643598615
NC_005773.3,SSG-LUGIA-R,5642563,5650800,True,39263.0,10299.0,24781.0,-39263.0,10299.0,0.14252595155709344
NC_005773.3,SSG-LUGIA-R+center,109609,126084,True,1059.0,35565.0,18312.0,-1059.0,35565.0,0.3102824858757062
NC_005773.3,SSG-LUGIA-R+center,715934,732173,True,10384.0,14376.0,12380.0,-10384.0,14376.0,0.3960975609756098
NC_005773.3,SSG-LUGIA-R+center,899931,925153,True,28881.0,11696.0,20288.5,-28881.0,11696.0,0.38332826747720367
NC_005773.3,SSG-LUGIA-R+center,1773783,1785606,False,,,,,,0.0
NC_005773.3,SSG-LUGIA-R+center,2193045,2201200,True,37195.0,81349.0,59272.0,-37195.0,81349.0,0.06437253354380426
NC_005773.3,SSG-LUGIA-R+center,2900977,2920079,False,,,,,,0.0
NC_005773.3,SSG-LUGIA-R+center,3225902,3242360,True,10652.0,17489.0,14070.5,-10652.0,17489.0,0.3690358744394619
NC_005773.3,SSG-LUGIA-R+center,3358612,3372817,True,15462.0,2168.0,8815.0,-15462.0,-2168.0,0.40575704462720774
NC_005773.3,SSG-LUGIA-R+center,4296399,4308961,True,20349.0,21588.0,20968.5,-20349.0,21588.0,0.2305137614678899
NC_005773.3,SSG-LUGIA-R+center,4804725,4814223,True,39375.0,23126.0,31250.5,-39375.0,23126.0,0.13193055555555555
NC_005773.3,SSG-LUGIA-R+center,5172262,5199192,True,11612.0,68657.0,40134.5,-11612.0,68657.0,0.25122201492537316
NC_005773.3,SSG-LUGIA-R+center,5623009,5642435,True,14759.0,23614.0,19186.5,-14759.0,23614.0,0.33610726643598615
NC_005773.3,SSG-LUGIA-R+center,5642563,5650800,True,34313.0,15249.0,24781.0,-34313.0,15249.0,0.14252595155709344
NC_005945.1,SSG-LUGIA-P,472412,483230,True,23612.0,10231.0,16921.5,-23612.0,-10231.0,0.017077633527925417
NC_005945.1,SSG-LUGIA-P,3762948,3772842,True,13148.0,6857.0,10002.5,-13148.0,6857.0,0.33093645484949835
NC_005945.1,SSG-LUGIA-P,4843088,4859722,False,,,,,,0.0
NC_005945.1,SSG-LUGIA-P+center,472412,483230,True,18662.0,5281.0,11971.5,-18662.0,-5281.0,0.187849801567111
NC_005945.1,SSG-LUGIA-P+center,3762948,3772842,True,8198.0,11807.0,10002.5,-8198.0,11807.0,0.33093645484949835
NC_005945.1,SSG-LUGIA-P+center,4843088,4859722,False,,,,,,0.0
NC_005945.1,SSG-LUGIA-F,472412,483230,True,24012.0,5131.0,14571.5,-24012.0,-5131.0,0.1633028049725819
NC_005945.1,SSG-LUGIA-F,3762948,3772842,True,15248.0,12057.0,13652.5,-15248.0,12057.0,0.265994623655914
NC_005945.1,SSG-LUGIA-F,4843088,4859722,False,,,,,,0.0
NC_005945.1,SSG-LUGIA-F+center,472412,483230,True,19062.0,181.0,9621.5,-19062.0,-181.0,0.35601218165389376
NC_005945.1,SSG-LUGIA-F+center,3762948,3772842,True,10298.0,17007.0,13652.5,-10298.0,17007.0,0.265994623655914
NC_005945.1,SSG-LUGIA-F+center,4843088,4859722,False,,,,,,0.0
NC_005945.1,SSG-LUGIA-R,472412,483230,True,29612.0,231.0,14921.5,-29612.0,-231.0,0.26187826172986073
NC_005945.1,SSG-LUGIA-R,3762948,3772842,True,18648.0,24057.0,21352.5,-18648.0,24057.0,0.18811787072243347
NC_005945.1,SSG-LUGIA-R,4843088,4859722,True,9512.0,21677.0,15594.5,9512.0,21677.0,0.18592086030486532
NC_005945.1,SSG-LUGIA-R+center,472412,483230,True,24662.0,4719.0,14690.5,-24662.0,4719.0,0.26912935323383086
NC_005945.1,SSG-LUGIA-R+center,3762948,3772842,True,13698.0,29007.0,21352.5,-13698.0,29007.0,0.18811787072243347
NC_005945.1,SSG-LUGIA-R+center,4843088,4859722,True,14462.0,26627.0,20544.5,14462.0,26627.0,0.05022883824141279
NC_006155.1,SSG-LUGIA-P,4625619,4636663,False,,,,,,0.0
NC_006155.1,SSG-LUGIA-P,3918394,3936987,False,,,,,,0.0
NC_006155.1,SSG-LUGIA-P,4293892,4303277,True,508.0,13922.0,7215.0,508.0,13922.0,0.38089926205594643
NC_006155.1,SSG-LUGIA-P,2130636,2146271,False,,,,,,0.0
NC_006155.1,SSG-LUGIA-P,2148211,2166585,False,,,,,,0.0
NC_006155.1,SSG-LUGIA-P,2168873,2194606,False,,,,,,0.0
NC_006155.1,SSG-LUGIA-P,2209917,2219721,False,,,,,,0.0
NC_006155.1,SSG-LUGIA-P,2224487,2232678,False,,,,,,0.0
NC_006155.1,SSG-LUGIA-P,3853587,3875779,False,,,,,,0.0
NC_006155.1,SSG-LUGIA-P,3886163,3917254,False,,,,,,0.0
NC_006155.1,SSG-LUGIA-P+center,4625619,4636663,False,,,,,,0.0
NC_006155.1,SSG-LUGIA-P+center,3918394,3936987,False,,,,,,0.0
NC_006155.1,SSG-LUGIA-P+center,4293892,4303277,True,5458.0,18872.0,12165.0,5458.0,18872.0,0.13900488357279356
NC_006155.1,SSG-LUGIA-P+center,2130636,2146271,False,,,,,,0.0
NC_006155.1,SSG-LUGIA-P+center,2148211,2166585,False,,,,,,0.0
NC_006155.1,SSG-LUGIA-P+center,2168873,2194606,False,,,,,,0.0
NC_006155.1,SSG-LUGIA-P+center,2209917,2219721,False,,,,,,0.0
NC_006155.1,SSG-LUGIA-P+center,2224487,2232678,False,,,,,,0.0
NC_006155.1,SSG-LUGIA-P+center,3853587,3875779,False,,,,,,0.0
NC_006155.1,SSG-LUGIA-P+center,3886163,3917254,False,,,,,,0.0
NC_006155.1,SSG-LUGIA-F,4625619,4636663,False,,,,,,0.0
NC_006155.1,SSG-LUGIA-F,3918394,3936987,False,,,,,,0.0
NC_006155.1,SSG-LUGIA-F,4293892,4303277,True,1492.0,15222.0,8357.0,-1492.0,15222.0,0.3596168582375479
NC_006155.1,SSG-LUGIA-F,2130636,2146271,False,,,,,,0.0
NC_006155.1,SSG-LUGIA-F,2148211,2166585,False,,,,,,0.0
NC_006155.1,SSG-LUGIA-F,2168873,2194606,False,,,,,,0.0
NC_006155.1,SSG-LUGIA-F,2209917,2219721,True,10717.0,6778.0,8747.5,-10717.0,6778.0,0.35915750915750916
NC_006155.1,SSG-LUGIA-F,2224487,2232678,True,25287.0,6179.0,15733.0,-25287.0,-6179.0,0.060127243943964875
NC_006155.1,SSG-LUGIA-F,3853587,3875779,True,4887.0,80.0,2483.5,-4887.0,-80.0,0.8165805022156574
NC_006155.1,SSG-LUGIA-F,3886163,3917254,False,,,,,,0.0
NC_006155.1,SSG-LUGIA-F+center,4625619,4636663,False,,,,,,0.0
NC_006155.1,SSG-LUGIA-F+center,3918394,3936987,False,,,,,,0.0
NC_006155.1,SSG-LUGIA-F+center,4293892,4303277,True,3458.0,20172.0,11815.0,3458.0,20172.0,0.20055484132891266
NC_006155.1,SSG-LUGIA-F+center,2130636,2146271,True,26286.0,15122.0,20704.0,-26286.0,-15122.0,0.012260865416726302
NC_006155.1,SSG-LUGIA-F+center,2148211,2166585,False,,,,,,0.0
NC_006155.1,SSG-LUGIA-F+center,2168873,2194606,False,,,,,,0.0
NC_006155.1,SSG-LUGIA-F+center,2209917,2219721,True,5767.0,11728.0,8747.5,-5767.0,11728.0,0.35915750915750916
NC_006155.1,SSG-LUGIA-F+center,2224487,2232678,True,20337.0,1229.0,10783.0,-20337.0,-1229.0,0.2440674401486207
NC_006155.1,SSG-LUGIA-F+center,3853587,3875779,True,63.0,4870.0,2466.5,63.0,4870.0,0.8177216125337177
NC_006155.1,SSG-LUGIA-F+center,3886163,3917254,False,,,,,,0.0
NC_006155.1,SSG-LUGIA-R,4625619,4636663,True,25519.0,2764.0,14141.5,-25519.0,-2764.0,0.22647959741822557
NC_006155.1,SSG-LUGIA-R,3918394,3936987,True,11706.0,72412.0,42059.0,11706.0,72412.0,0.07568731731973716
NC_006155.1,SSG-LUGIA-R,4293892,4303277,True,13192.0,18222.0,15707.0,-13192.0,18222.0,0.23004901960784313
NC_006155.1,SSG-LUGIA-R,2130636,2146271,True,44036.0,1172.0,22604.0,-44036.0,-1172.0,0.24239174152031104
NC_006155.1,SSG-LUGIA-R,2148211,2166585,False,,,,,,0.0
NC_006155.1,SSG-LUGIA-R,2168873,2194606,True,727.0,39893.0,20310.0,727.0,39893.0,0.38104743474484587
NC_006155.1,SSG-LUGIA-R,2209917,2219721,True,40317.0,14778.0,27547.5,-40317.0,14778.0,0.15107858243451464
NC_006155.1,SSG-LUGIA-R,2224487,2232678,True,54887.0,1821.0,28354.0,-54887.0,1821.0,0.12622496147919876
NC_006155.1,SSG-LUGIA-R,3853587,3875779,True,68787.0,46020.0,57403.5,-68787.0,46020.0,0.161992700729927
NC_006155.1,SSG-LUGIA-R,3886163,3917254,True,101363.0,4545.0,52954.0,-101363.0,4545.0,0.22694890510948906
NC_006155.1,SSG-LUGIA-R+center,4625619,4636663,True,20569.0,2186.0,11377.5,-20569.0,2186.0,0.3267751479289941
NC_006155.1,SSG-LUGIA-R+center,3918394,3936987,True,128644.0,10238.0,69441.0,-128644.0,-10238.0,0.05675165378502832
NC_006155.1,SSG-LUGIA-R+center,4293892,4303277,True,8242.0,23172.0,15707.0,-8242.0,23172.0,0.23004901960784313
NC_006155.1,SSG-LUGIA-R+center,2130636,2146271,True,39086.0,3778.0,21432.0,-39086.0,3778.0,0.2672820512820513
NC_006155.1,SSG-LUGIA-R+center,2148211,2166585,True,56661.0,16536.0,36598.5,-56661.0,-16536.0,0.024508236046697586
NC_006155.1,SSG-LUGIA-R+center,2168873,2194606,True,5677.0,44843.0,25260.0,5677.0,44843.0,0.2841860662822166
NC_006155.1,SSG-LUGIA-R+center,2209917,2219721,True,35367.0,19728.0,27547.5,-35367.0,19728.0,0.15107858243451464
NC_006155.1,SSG-LUGIA-R+center,2224487,2232678,True,49937.0,6771.0,28354.0,-49937.0,6771.0,0.12622496147919876
NC_006155.1,SSG-LUGIA-R+center,3853587,3875779,True,63837.0,50970.0,57403.5,-63837.0,50970.0,0.161992700729927
NC_006155.1,SSG-LUGIA-R+center,3886163,3917254,True,96413.0,9495.0,52954.0,-96413.0,9495.0,0.22694890510948906
NC_006350.1,SSG-LUGIA-P,149365,165397,False,,,,,,0.0
NC_006350.1,SSG-LUGIA-P,885155,896560,True,43455.0,1761.0,22608.0,-43455.0,-1761.0,0.17580795100344507
NC_006350.1,SSG-LUGIA-P,1322433,1334001,False,,,,,,0.0
NC_006350.1,SSG-LUGIA-P,3098598,3107130,False,,,,,,0.0
NC_006350.1,SSG-LUGIA-P,3872810,3888117,False,,,,,,0.0
NC_006350.1,SSG-LUGIA-P+center,149365,165397,False,,,,,,0.0
NC_006350.1,SSG-LUGIA-P+center,885155,896560,True,38505.0,3189.0,20847.0,-38505.0,3189.0,0.21480225988700566
NC_006350.1,SSG-LUGIA-P+center,1322433,1334001,False,,,,,,0.0
NC_006350.1,SSG-LUGIA-P+center,3098598,3107130,False,,,,,,0.0
NC_006350.1,SSG-LUGIA-P+center,3872810,3888117,False,,,,,,0.0
NC_006350.1,SSG-LUGIA-F,149365,165397,False,,,,,,0.0
NC_006350.1,SSG-LUGIA-F,885155,896560,True,50555.0,1139.0,25847.0,-50555.0,1139.0,0.18076069730586372
NC_006350.1,SSG-LUGIA-F,1322433,1334001,False,,,,,,0.0
NC_006350.1,SSG-LUGIA-F,3098598,3107130,False,,,,,,0.0
NC_006350.1,SSG-LUGIA-F,3872810,3888117,True,9810.0,3418.0,6614.0,-9810.0,-3418.0,0.473365713830719
NC_006350.1,SSG-LUGIA-F+center,149365,165397,False,,,,,,0.0
NC_006350.1,SSG-LUGIA-F+center,885155,896560,True,45605.0,6089.0,25847.0,-45605.0,6089.0,0.18076069730586372
NC_006350.1,SSG-LUGIA-F+center,1322433,1334001,False,,,,,,0.0
NC_006350.1,SSG-LUGIA-F+center,3098598,3107130,False,,,,,,0.0
NC_006350.1,SSG-LUGIA-F+center,3872810,3888117,True,4860.0,1532.0,3196.0,-4860.0,1532.0,0.7054377880184332
NC_006350.1,SSG-LUGIA-R,149365,165397,True,4435.0,1902.0,3168.5,4435.0,1902.0,0.6466685252299972
NC_006350.1,SSG-LUGIA-R,885155,896560,True,72655.0,7139.0,39897.0,-72655.0,7139.0,0.1250657894736842
NC_006350.1,SSG-LUGIA-R,1322433,1334001,True,36933.0,4502.0,20717.5,-36933.0,-4502.0,0.14570533173889735
NC_006350.1,SSG-LUGIA-R,3098598,3107130,False,,,,,,0.0
NC_006350.1,SSG-LUGIA-R,3872810,3888117,True,85010.0,3782.0,44396.0,-85010.0,3782.0,0.14705091258405378
NC_006350.1,SSG-LUGIA-R+center,149365,165397,True,9385.0,6852.0,8118.5,9385.0,6852.0,0.2904959580511252
NC_006350.1,SSG-LUGIA-R+center,885155,896560,True,67705.0,12089.0,39897.0,-67705.0,12089.0,0.1250657894736842
NC_006350.1,SSG-LUGIA-R+center,1322433,1334001,True,31983.0,448.0,16215.5,-31983.0,448.0,0.26293181818181816
NC_006350.1,SSG-LUGIA-R+center,3098598,3107130,False,,,,,,0.0
NC_006350.1,SSG-LUGIA-R+center,3872810,3888117,True,80060.0,8732.0,44396.0,-80060.0,8732.0,0.14705091258405378
NC_006511.1,SSG-LUGIA-P,2703523,2714308,True,55323.0,11591.0,33457.0,-55323.0,11591.0,0.13881595881595882
NC_006511.1,SSG-LUGIA-P+center,2703523,2714308,True,50373.0,16541.0,33457.0,-50373.0,16541.0,0.13881595881595882
NC_006511.1,SSG-LUGIA-F,2703523,2714308,True,57823.0,18391.0,38107.0,-57823.0,18391.0,0.12397701149425287
NC_006511.1,SSG-LUGIA-F+center,2703523,2714308,True,52873.0,23341.0,38107.0,-52873.0,23341.0,0.12397701149425287
NC_006511.1,SSG-LUGIA-R,2703523,2714308,True,62823.0,35591.0,49207.0,-62823.0,35591.0,0.09877289377289378
NC_006511.1,SSG-LUGIA-R+center,2703523,2714308,True,57873.0,40541.0,49207.0,-57873.0,40541.0,0.09877289377289378
NC_007146.2,SSG-LUGIA-P,1408264,1456546,True,1436.0,2147.0,1791.5,1436.0,-2147.0,0.9257916865149224
NC_007146.2,SSG-LUGIA-P,1590346,1598465,False,,,,,,0.0
NC_007146.2,SSG-LUGIA-P,1714649,1728794,True,19349.0,10395.0,14872.0,-19349.0,-10395.0,0.11198686371100164
NC_007146.2,SSG-LUGIA-P+center,1408264,1456546,True,6386.0,2803.0,4594.5,6386.0,2803.0,0.8201268449281603
NC_007146.2,SSG-LUGIA-P+center,1590346,1598465,False,,,,,,0.0
NC_007146.2,SSG-LUGIA-P+center,1714649,1728794,True,14399.0,5445.0,9922.0,-14399.0,-5445.0,0.3048169556840077
NC_007146.2,SSG-LUGIA-F,1408264,1456546,True,2864.0,4353.0,3608.5,-2864.0,4353.0,0.8699639639639639
NC_007146.2,SSG-LUGIA-F,1590346,1598465,False,,,,,,0.0
NC_007146.2,SSG-LUGIA-F,1714649,1728794,True,21949.0,9795.0,15872.0,-21949.0,-9795.0,0.12054301149743732
NC_007146.2,SSG-LUGIA-F+center,1408264,1456546,True,2086.0,9303.0,5694.5,2086.0,9303.0,0.8022262355433613
NC_007146.2,SSG-LUGIA-F+center,1590346,1598465,False,,,,,,0.0
NC_007146.2,SSG-LUGIA-F+center,1714649,1728794,True,16999.0,4845.0,10922.0,-16999.0,-4845.0,0.2986354149943811
NC_007146.2,SSG-LUGIA-R,1408264,1456546,True,37864.0,15253.0,26558.5,-37864.0,15253.0,0.476163708086785
NC_007146.2,SSG-LUGIA-R,1590346,1598465,False,,,,,,0.0
NC_007146.2,SSG-LUGIA-R,1714649,1728794,True,28849.0,7895.0,18372.0,-28849.0,-7895.0,0.14538899872078148
NC_007146.2,SSG-LUGIA-R+center,1408264,1456546,True,32914.0,20203.0,26558.5,-32914.0,20203.0,0.476163708086785
NC_007146.2,SSG-LUGIA-R+center,1590346,1598465,False,,,,,,0.0
NC_007146.2,SSG-LUGIA-R+center,1714649,1728794,True,23899.0,2945.0,13422.0,-23899.0,-2945.0,0.29441450913392037
NC_006905.1,SSG-LUGIA-P,1102774,1118335,True,20574.0,5436.0,13005.0,-20574.0,-5436.0,0.28021917201682534
NC_006905.1,SSG-LUGIA-P,1334960,1347689,True,31860.0,16110.0,23985.0,-31860.0,16110.0,0.20971993410214168
NC_006905.1,SSG-LUGIA-P,4361766,4372458,False,,,,,,0.0
NC_006905.1,SSG-LUGIA-P+center,1102774,1118335,True,15624.0,486.0,8055.0,-15624.0,-486.0,0.4834220483550311
NC_006905.1,SSG-LUGIA-P+center,1334960,1347689,True,26910.0,21060.0,23985.0,-26910.0,21060.0,0.20971993410214168
NC_006905.1,SSG-LUGIA-P+center,4361766,4372458,False,,,,,,0.0
NC_006905.1,SSG-LUGIA-F,1102774,1118335,True,27174.0,2036.0,14605.0,-27174.0,-2036.0,0.3165013103706477
NC_006905.1,SSG-LUGIA-F,1334960,1347689,True,32960.0,18610.0,25785.0,-32960.0,18610.0,0.19797822706065318
NC_006905.1,SSG-LUGIA-F,4361766,4372458,False,,,,,,0.0
NC_006905.1,SSG-LUGIA-F+center,1102774,1118335,True,22224.0,2914.0,12569.0,-22224.0,2914.0,0.38235872235872237
NC_006905.1,SSG-LUGIA-F+center,1334960,1347689,True,28010.0,23560.0,25785.0,-28010.0,23560.0,0.19797822706065318
NC_006905.1,SSG-LUGIA-F+center,4361766,4372458,False,,,,,,0.0
NC_006905.1,SSG-LUGIA-R,1102774,1118335,True,40074.0,2664.0,21369.0,-40074.0,2664.0,0.2669296740994854
NC_006905.1,SSG-LUGIA-R,1334960,1347689,True,39560.0,25510.0,32535.0,-39560.0,25510.0,0.16362467866323907
NC_006905.1,SSG-LUGIA-R,4361766,4372458,False,,,,,,0.0
NC_006905.1,SSG-LUGIA-R+center,1102774,1118335,True,35124.0,7614.0,21369.0,-35124.0,7614.0,0.2669296740994854
NC_006905.1,SSG-LUGIA-R+center,1334960,1347689,True,34610.0,30460.0,32535.0,-34610.0,30460.0,0.16362467866323907
NC_006905.1,SSG-LUGIA-R+center,4361766,4372458,False,,,,,,0.0
NC_007297.1,SSG-LUGIA-P,1410054,1421841,True,26354.0,4142.0,15248.0,-26354.0,-4142.0,0.20046143359026794
NC_007297.1,SSG-LUGIA-P+center,1410054,1421841,True,21404.0,808.0,11106.0,-21404.0,808.0,0.3467058823529412
NC_007297.1,SSG-LUGIA-F,1410054,1421841,True,27254.0,1642.0,14448.0,-27254.0,-1642.0,0.2598739818656831
NC_007297.1,SSG-LUGIA-F+center,1410054,1421841,True,22304.0,3308.0,12806.0,-22304.0,3308.0,0.31518716577540107
NC_007297.1,SSG-LUGIA-R,1410054,1421841,True,37754.0,8258.0,23006.0,-37754.0,8258.0,0.2039446366782007
NC_007297.1,SSG-LUGIA-R+center,1410054,1421841,True,32804.0,13208.0,23006.0,-32804.0,13208.0,0.2039446366782007
NC_007335.2,SSG-LUGIA-P,1226512,1244693,True,15112.0,14394.0,14753.0,-15112.0,-14394.0,0.11377425361927074
NC_007335.2,SSG-LUGIA-P+center,1226512,1244693,True,10162.0,9444.0,9803.0,-10162.0,-9444.0,0.3082839401637031
NC_007335.2,SSG-LUGIA-F,1226512,1244693,True,17212.0,7006.0,12109.0,-17212.0,7006.0,0.4288207547169811
NC_007335.2,SSG-LUGIA-F+center,1226512,1244693,True,12262.0,11956.0,12109.0,-12262.0,11956.0,0.4288207547169811
NC_007335.2,SSG-LUGIA-R,1226512,1244693,True,38612.0,74806.0,56709.0,-38612.0,74806.0,0.138161094224924
NC_007335.2,SSG-LUGIA-R+center,1226512,1244693,True,33662.0,79756.0,56709.0,-33662.0,79756.0,0.138161094224924
NC_007005.1,SSG-LUGIA-P,115264,123599,True,15464.0,600.0,8032.0,-15464.0,-600.0,0.3250420168067227
NC_007005.1,SSG-LUGIA-P,1669426,1678862,True,69426.0,59237.0,64331.5,-69426.0,59237.0,0.06833454018826937
NC_007005.1,SSG-LUGIA-P,2192660,2206674,False,,,,,,0.0
NC_007005.1,SSG-LUGIA-P,3093376,3101901,False,,,,,,0.0
NC_007005.1,SSG-LUGIA-P,3206998,3235232,True,4598.0,5067.0,4832.5,-4598.0,5067.0,0.7449868073878628
NC_007005.1,SSG-LUGIA-P,3534777,3543532,False,,,,,,0.0
NC_007005.1,SSG-LUGIA-P,5000246,5010062,False,,,,,,0.0
NC_007005.1,SSG-LUGIA-P,5135289,5151221,True,2411.0,7478.0,4944.5,2411.0,7478.0,0.5775917303831533
NC_007005.1,SSG-LUGIA-P+center,115264,123599,True,10514.0,4350.0,7432.0,-10514.0,4350.0,0.3593103448275862
NC_007005.1,SSG-LUGIA-P+center,1669426,1678862,True,64476.0,64187.0,64331.5,-64476.0,64187.0,0.06833454018826937
NC_007005.1,SSG-LUGIA-P+center,2192660,2206674,False,,,,,,0.0
NC_007005.1,SSG-LUGIA-P+center,3093376,3101901,False,,,,,,0.0
NC_007005.1,SSG-LUGIA-P+center,3206998,3235232,True,352.0,10017.0,5184.5,352.0,10017.0,0.7289292063160097
NC_007005.1,SSG-LUGIA-P+center,3534777,3543532,False,,,,,,0.0
NC_007005.1,SSG-LUGIA-P+center,5000246,5010062,False,,,,,,0.0
NC_007005.1,SSG-LUGIA-P+center,5135289,5151221,True,7361.0,12428.0,9894.5,7361.0,12428.0,0.302246042100067
NC_007005.1,SSG-LUGIA-F,115264,123599,True,15864.0,5500.0,10682.0,-15864.0,5500.0,0.2806734006734007
NC_007005.1,SSG-LUGIA-F,1669426,1678862,True,74026.0,60437.0,67231.5,-74026.0,60437.0,0.06558026407227241
NC_007005.1,SSG-LUGIA-F,2192660,2206674,True,9340.0,8925.0,9132.5,9340.0,8925.0,0.20379250217959896
NC_007005.1,SSG-LUGIA-F,3093376,3101901,False,,,,,,0.0
NC_007005.1,SSG-LUGIA-F,3206998,3235232,True,5798.0,13867.0,9832.5,-5798.0,13867.0,0.5894572025052192
NC_007005.1,SSG-LUGIA-F,3534777,3543532,False,,,,,,0.0
NC_007005.1,SSG-LUGIA-F,5000246,5010062,False,,,,,,0.0
NC_007005.1,SSG-LUGIA-F,5135289,5151221,True,2789.0,12778.0,7783.5,-2789.0,12778.0,0.5058095238095238
NC_007005.1,SSG-LUGIA-F+center,115264,123599,True,10914.0,10450.0,10682.0,-10914.0,10450.0,0.2806734006734007
NC_007005.1,SSG-LUGIA-F+center,1669426,1678862,True,69076.0,65387.0,67231.5,-69076.0,65387.0,0.06558026407227241
NC_007005.1,SSG-LUGIA-F+center,2192660,2206674,False,,,,,,0.0
NC_007005.1,SSG-LUGIA-F+center,3093376,3101901,False,,,,,,0.0
NC_007005.1,SSG-LUGIA-F+center,3206998,3235232,True,848.0,18817.0,9832.5,-848.0,18817.0,0.5894572025052192
NC_007005.1,SSG-LUGIA-F+center,3534777,3543532,False,,,,,,0.0
NC_007005.1,SSG-LUGIA-F+center,5000246,5010062,False,,,,,,0.0
NC_007005.1,SSG-LUGIA-F+center,5135289,5151221,True,2161.0,17728.0,9944.5,2161.0,17728.0,0.4091381717714863
NC_007005.1,SSG-LUGIA-R,115264,123599,True,19464.0,25900.0,22682.0,-19464.0,25900.0,0.15523277467411545
NC_007005.1,SSG-LUGIA-R,1669426,1678862,True,88826.0,64537.0,76681.5,-88826.0,64537.0,0.05796683046683047
NC_007005.1,SSG-LUGIA-R,2192660,2206674,True,16160.0,57325.0,36742.5,-16160.0,57325.0,0.16017142857142858
NC_007005.1,SSG-LUGIA-R,3093376,3101901,False,,,,,,0.0
NC_007005.1,SSG-LUGIA-R,3206998,3235232,True,13398.0,32167.0,22782.5,-13398.0,32167.0,0.3825880758807588
NC_007005.1,SSG-LUGIA-R,3534777,3543532,False,,,,,,0.0
NC_007005.1,SSG-LUGIA-R,5000246,5010062,True,43746.0,1163.0,22454.5,-43746.0,-1163.0,0.16156675316916527
NC_007005.1,SSG-LUGIA-R,5135289,5151221,True,13089.0,24078.0,18583.5,-13089.0,24078.0,0.30005649717514127
NC_007005.1,SSG-LUGIA-R+center,115264,123599,True,14514.0,30850.0,22682.0,-14514.0,30850.0,0.15523277467411545
NC_007005.1,SSG-LUGIA-R+center,1669426,1678862,True,83876.0,69487.0,76681.5,-83876.0,69487.0,0.05796683046683047
NC_007005.1,SSG-LUGIA-R+center,2192660,2206674,True,11210.0,62275.0,36742.5,-11210.0,62275.0,0.16017142857142858
NC_007005.1,SSG-LUGIA-R+center,3093376,3101901,False,,,,,,0.0
NC_007005.1,SSG-LUGIA-R+center,3206998,3235232,True,8448.0,37117.0,22782.5,-8448.0,37117.0,0.3825880758807588
NC_007005.1,SSG-LUGIA-R+center,3534777,3543532,False,,,,,,0.0
NC_007005.1,SSG-LUGIA-R+center,5000246,5010062,True,38796.0,3787.0,21291.5,-38796.0,3787.0,0.1873473282442748
NC_007005.1,SSG-LUGIA-R+center,5135289,5151221,True,8139.0,29028.0,18583.5,-8139.0,29028.0,0.30005649717514127
NC_007432.1,SSG-LUGIA-P,465199,484004,False,,,,,,0.0
NC_007432.1,SSG-LUGIA-P,653794,673577,True,12494.0,20222.0,16358.0,-12494.0,20222.0,0.37683809523809525
NC_007432.1,SSG-LUGIA-P,693348,702327,True,52048.0,8528.0,30288.0,-52048.0,-8528.0,0.007406436389853837
NC_007432.1,SSG-LUGIA-P+center,465199,484004,False,,,,,,0.0
NC_007432.1,SSG-LUGIA-P+center,653794,673577,True,7544.0,25172.0,16358.0,-7544.0,25172.0,0.37683809523809525
NC_007432.1,SSG-LUGIA-P+center,693348,702327,True,47098.0,3578.0,25338.0,-47098.0,-3578.0,0.09633011163022932
NC_007432.1,SSG-LUGIA-F,465199,484004,False,,,,,,0.0
NC_007432.1,SSG-LUGIA-F,653794,673577,True,15494.0,21822.0,18658.0,-15494.0,21822.0,0.3464798598949212
NC_007432.1,SSG-LUGIA-F,693348,702327,True,55048.0,6928.0,30988.0,-55048.0,-6928.0,0.03204847879052914
NC_007432.1,SSG-LUGIA-F+center,465199,484004,False,,,,,,0.0
NC_007432.1,SSG-LUGIA-F+center,653794,673577,True,10544.0,26772.0,18658.0,-10544.0,26772.0,0.3464798598949212
NC_007432.1,SSG-LUGIA-F+center,693348,702327,True,50098.0,1978.0,26038.0,-50098.0,-1978.0,0.11852127695588882
NC_007432.1,SSG-LUGIA-R,465199,484004,True,42799.0,13205.0,28002.0,-42799.0,-13205.0,0.09091794497199902
NC_007432.1,SSG-LUGIA-R,653794,673577,True,22194.0,66722.0,44458.0,-22194.0,66722.0,0.18200551977920884
NC_007432.1,SSG-LUGIA-R,693348,702327,True,61748.0,37972.0,49860.0,-61748.0,37972.0,0.08261269549218031
NC_007432.1,SSG-LUGIA-R+center,465199,484004,True,37849.0,8255.0,23052.0,-37849.0,-8255.0,0.18623245962404025
NC_007432.1,SSG-LUGIA-R+center,653794,673577,True,17244.0,71672.0,44458.0,-17244.0,71672.0,0.18200551977920884
NC_007432.1,SSG-LUGIA-R+center,693348,702327,True,56798.0,42922.0,49860.0,-56798.0,42922.0,0.08261269549218031
NC_007384.1,SSG-LUGIA-P,1866300,1875759,False,,,,,,0.0
NC_007384.1,SSG-LUGIA-P,2548467,2561326,True,8567.0,6673.0,7620.0,-8567.0,6673.0,0.4576512455516014
NC_007384.1,SSG-LUGIA-P,2828295,2838103,False,,,,,,0.0
NC_007384.1,SSG-LUGIA-P,4102875,4113136,False,,,,,,0.0
NC_007384.1,SSG-LUGIA-P+center,1866300,1875759,False,,,,,,0.0
NC_007384.1,SSG-LUGIA-P+center,2548467,2561326,True,3617.0,11623.0,7620.0,-3617.0,11623.0,0.4576512455516014
NC_007384.1,SSG-LUGIA-P+center,2828295,2838103,True,12745.0,5354.0,9049.5,-12745.0,-5354.0,0.19752593774940144
NC_007384.1,SSG-LUGIA-P+center,4102875,4113136,False,,,,,,0.0
NC_007384.1,SSG-LUGIA-F,1866300,1875759,False,,,,,,0.0
NC_007384.1,SSG-LUGIA-F,2548467,2561326,True,11867.0,31173.0,21520.0,-11867.0,31173.0,0.23005366726296958
NC_007384.1,SSG-LUGIA-F,2828295,2838103,True,22495.0,5604.0,14049.5,-22495.0,-5604.0,0.13016963843486876
NC_007384.1,SSG-LUGIA-F,4102875,4113136,True,15375.0,3237.0,9306.0,-15375.0,-3237.0,0.2740180208292702
NC_007384.1,SSG-LUGIA-F+center,1866300,1875759,False,,,,,,0.0
NC_007384.1,SSG-LUGIA-F+center,2548467,2561326,True,6917.0,36123.0,21520.0,-6917.0,36123.0,0.23005366726296958
NC_007384.1,SSG-LUGIA-F+center,2828295,2838103,True,17545.0,654.0,9099.5,-17545.0,-654.0,0.33468596914528037
NC_007384.1,SSG-LUGIA-F+center,4102875,4113136,True,10425.0,1713.0,6069.0,-10425.0,1713.0,0.458125
NC_007384.1,SSG-LUGIA-R,1866300,1875759,True,28700.0,2640.0,15670.0,-28700.0,2640.0,0.23186274509803922
NC_007384.1,SSG-LUGIA-R,2548467,2561326,True,17367.0,48973.0,33170.0,-17367.0,48973.0,0.16237373737373736
NC_007384.1,SSG-LUGIA-R,2828295,2838103,True,33495.0,2696.0,18095.5,-33495.0,2696.0,0.2132391304347826
NC_007384.1,SSG-LUGIA-R,4102875,4113136,True,31875.0,19963.0,25919.0,-31875.0,19963.0,0.16524959742351047
NC_007384.1,SSG-LUGIA-R+center,1866300,1875759,True,23750.0,7590.0,15670.0,-23750.0,7590.0,0.23186274509803922
NC_007384.1,SSG-LUGIA-R+center,2548467,2561326,True,12417.0,53923.0,33170.0,-12417.0,53923.0,0.16237373737373736
NC_007384.1,SSG-LUGIA-R+center,2828295,2838103,True,28545.0,7646.0,18095.5,-28545.0,7646.0,0.2132391304347826
NC_007384.1,SSG-LUGIA-R+center,4102875,4113136,True,26925.0,24913.0,25919.0,-26925.0,24913.0,0.16524959742351047
NC_007434.1,SSG-LUGIA-P,797911,808454,False,,,,,,0.0
NC_007434.1,SSG-LUGIA-P,1555035,1564267,False,,,,,,0.0
NC_007434.1,SSG-LUGIA-P,1717351,1764563,True,5851.0,94336.0,50093.5,-5851.0,94336.0,0.32030529172320216
NC_007434.1,SSG-LUGIA-P,1781045,1791893,True,69545.0,67006.0,68275.5,-69545.0,67006.0,0.07360244233378561
NC_007434.1,SSG-LUGIA-P,1791910,1809909,True,80410.0,48990.0,64700.0,-80410.0,48990.0,0.12211668928086838
NC_007434.1,SSG-LUGIA-P,1835655,1848038,True,124155.0,10861.0,67508.0,-124155.0,10861.0,0.08401628222523745
NC_007434.1,SSG-LUGIA-P,2353920,2375430,False,,,,,,0.0
NC_007434.1,SSG-LUGIA-P,2375476,2386561,True,6624.0,99138.0,52881.0,6624.0,99138.0,0.04048120191609813
NC_007434.1,SSG-LUGIA-P,2419342,2428356,True,37242.0,57343.0,47292.5,-37242.0,57343.0,0.08701737451737451
NC_007434.1,SSG-LUGIA-P,2445815,2457132,True,63715.0,28567.0,46141.0,-63715.0,28567.0,0.10924710424710425
NC_007434.1,SSG-LUGIA-P,2478231,2486738,True,96131.0,1039.0,48585.0,-96131.0,-1039.0,0.07137874024025459
NC_007434.1,SSG-LUGIA-P,3566113,3579704,False,,,,,,0.0
NC_007434.1,SSG-LUGIA-P,3978604,4000132,True,8204.0,16667.0,12435.5,-8204.0,16667.0,0.4639870689655172
NC_007434.1,SSG-LUGIA-P,4000272,4018247,True,29872.0,1448.0,15660.0,-29872.0,-1448.0,0.34542718608928275
NC_007434.1,SSG-LUGIA-P+center,797911,808454,False,,,,,,0.0
NC_007434.1,SSG-LUGIA-P+center,1555035,1564267,False,,,,,,0.0
NC_007434.1,SSG-LUGIA-P+center,1717351,1764563,True,901.0,99286.0,50093.5,-901.0,99286.0,0.32030529172320216
NC_007434.1,SSG-LUGIA-P+center,1781045,1791893,True,64595.0,71956.0,68275.5,-64595.0,71956.0,0.07360244233378561
NC_007434.1,SSG-LUGIA-P+center,1791910,1809909,True,75460.0,53940.0,64700.0,-75460.0,53940.0,0.12211668928086838
NC_007434.1,SSG-LUGIA-P+center,1835655,1848038,True,119205.0,15811.0,67508.0,-119205.0,15811.0,0.08401628222523745
NC_007434.1,SSG-LUGIA-P+center,2353920,2375430,False,,,,,,0.0
NC_007434.1,SSG-LUGIA-P+center,2375476,2386561,False,,,,,,0.0
NC_007434.1,SSG-LUGIA-P+center,2419342,2428356,True,32292.0,62293.0,47292.5,-32292.0,62293.0,0.08701737451737451
NC_007434.1,SSG-LUGIA-P+center,2445815,2457132,True,58765.0,33517.0,46141.0,-58765.0,33517.0,0.10924710424710425
NC_007434.1,SSG-LUGIA-P+center,2478231,2486738,True,91181.0,3911.0,47546.0,-91181.0,3911.0,0.08212355212355213
NC_007434.1,SSG-LUGIA-P+center,3566113,3579704,False,,,,,,0.0
NC_007434.1,SSG-LUGIA-P+center,3978604,4000132,True,3254.0,21617.0,12435.5,-3254.0,21617.0,0.4639870689655172
NC_007434.1,SSG-LUGIA-P+center,4000272,4018247,True,24922.0,3502.0,14212.0,-24922.0,3502.0,0.38741379310344826
NC_007434.1,SSG-LUGIA-F,797911,808454,False,,,,,,0.0
NC_007434.1,SSG-LUGIA-F,1555035,1564267,False,,,,,,0.0
NC_007434.1,SSG-LUGIA-F,1717351,1764563,True,6851.0,97836.0,52343.5,-6851.0,97836.0,0.31081632653061225
NC_007434.1,SSG-LUGIA-F,1781045,1791893,True,70545.0,70506.0,70525.5,-70545.0,70506.0,0.07142198815009874
NC_007434.1,SSG-LUGIA-F,1791910,1809909,True,81410.0,52490.0,66950.0,-81410.0,52490.0,0.1184990125082291
NC_007434.1,SSG-LUGIA-F,1835655,1848038,True,125155.0,14361.0,69758.0,-125155.0,14361.0,0.08152732060566162
NC_007434.1,SSG-LUGIA-F,2353920,2375430,True,12180.0,118069.0,65124.5,12180.0,118069.0,0.0668505516549649
NC_007434.1,SSG-LUGIA-F,2375476,2386561,True,9376.0,106938.0,58157.0,-9376.0,106938.0,0.08701726844583987
NC_007434.1,SSG-LUGIA-F,2419342,2428356,True,53242.0,65143.0,59192.5,-53242.0,65143.0,0.07076138147566718
NC_007434.1,SSG-LUGIA-F,2445815,2457132,True,79715.0,36367.0,58041.0,-79715.0,36367.0,0.08883830455259027
NC_007434.1,SSG-LUGIA-F,2478231,2486738,True,112131.0,6761.0,59446.0,-112131.0,6761.0,0.0667817896389325
NC_007434.1,SSG-LUGIA-F,3566113,3579704,False,,,,,,0.0
NC_007434.1,SSG-LUGIA-F,3978604,4000132,True,12504.0,18067.0,15285.5,-12504.0,18067.0,0.4132245681381958
NC_007434.1,SSG-LUGIA-F,4000272,4018247,True,34172.0,48.0,17110.0,-34172.0,-48.0,0.3437907494055381
NC_007434.1,SSG-LUGIA-F+center,797911,808454,False,,,,,,0.0
NC_007434.1,SSG-LUGIA-F+center,1555035,1564267,False,,,,,,0.0
NC_007434.1,SSG-LUGIA-F+center,1717351,1764563,True,1901.0,102786.0,52343.5,-1901.0,102786.0,0.31081632653061225
NC_007434.1,SSG-LUGIA-F+center,1781045,1791893,True,65595.0,75456.0,70525.5,-65595.0,75456.0,0.07142198815009874
NC_007434.1,SSG-LUGIA-F+center,1791910,1809909,True,76460.0,57440.0,66950.0,-76460.0,57440.0,0.1184990125082291
NC_007434.1,SSG-LUGIA-F+center,1835655,1848038,True,120205.0,19311.0,69758.0,-120205.0,19311.0,0.08152732060566162
NC_007434.1,SSG-LUGIA-F+center,2353920,2375430,True,17130.0,123019.0,70074.5,17130.0,123019.0,0.03031204594201896
NC_007434.1,SSG-LUGIA-F+center,2375476,2386561,True,4426.0,111888.0,58157.0,-4426.0,111888.0,0.08701726844583987
NC_007434.1,SSG-LUGIA-F+center,2419342,2428356,True,48292.0,70093.0,59192.5,-48292.0,70093.0,0.07076138147566718
NC_007434.1,SSG-LUGIA-F+center,2445815,2457132,True,74765.0,41317.0,58041.0,-74765.0,41317.0,0.08883830455259027
NC_007434.1,SSG-LUGIA-F+center,2478231,2486738,True,107181.0,11711.0,59446.0,-107181.0,11711.0,0.0667817896389325
NC_007434.1,SSG-LUGIA-F+center,3566113,3579704,False,,,,,,0.0
NC_007434.1,SSG-LUGIA-F+center,3978604,4000132,True,7554.0,23017.0,15285.5,-7554.0,23017.0,0.4132245681381958
NC_007434.1,SSG-LUGIA-F+center,4000272,4018247,True,29222.0,4902.0,17062.0,-29222.0,4902.0,0.3450287907869482
NC_007434.1,SSG-LUGIA-R,797911,808454,True,20511.0,14345.0,17428.0,-20511.0,14345.0,0.23224669603524228
NC_007434.1,SSG-LUGIA-R,1555035,1564267,True,72535.0,3232.0,37883.5,-72535.0,3232.0,0.1086235294117647
NC_007434.1,SSG-LUGIA-R,1717351,1764563,True,24151.0,183736.0,103943.5,-24151.0,183736.0,0.1850764406115249
NC_007434.1,SSG-LUGIA-R,1781045,1791893,True,87845.0,156406.0,122125.5,-87845.0,156406.0,0.04252842022736182
NC_007434.1,SSG-LUGIA-R,1791910,1809909,True,98710.0,138390.0,118550.0,-98710.0,138390.0,0.07056056448451588
NC_007434.1,SSG-LUGIA-R,1835655,1848038,True,142455.0,100261.0,121358.0,-142455.0,100261.0,0.04854566836534692
NC_007434.1,SSG-LUGIA-R,2353920,2375430,True,8720.0,137569.0,73144.5,-8720.0,137569.0,0.1281942789034565
NC_007434.1,SSG-LUGIA-R,2375476,2386561,True,30276.0,126438.0,78357.0,-30276.0,126438.0,0.06606674612634088
NC_007434.1,SSG-LUGIA-R,2419342,2428356,True,74142.0,84643.0,79392.5,-74142.0,84643.0,0.05372467222884386
NC_007434.1,SSG-LUGIA-R,2445815,2457132,True,100615.0,55867.0,78241.0,-100615.0,55867.0,0.06744934445768773
NC_007434.1,SSG-LUGIA-R,2478231,2486738,True,133031.0,26261.0,79646.0,-133031.0,26261.0,0.05070321811680572
NC_007434.1,SSG-LUGIA-R,3566113,3579704,True,16013.0,41395.0,28704.0,-16013.0,41395.0,0.19143661971830986
NC_007434.1,SSG-LUGIA-R,3978604,4000132,True,33304.0,21367.0,27335.5,-33304.0,21367.0,0.2825328083989501
NC_007434.1,SSG-LUGIA-R,4000272,4018247,True,54972.0,3252.0,29112.0,-54972.0,3252.0,0.23590551181102362
NC_007434.1,SSG-LUGIA-R+center,797911,808454,True,15561.0,19295.0,17428.0,-15561.0,19295.0,0.23224669603524228
NC_007434.1,SSG-LUGIA-R+center,1555035,1564267,True,67585.0,8182.0,37883.5,-67585.0,8182.0,0.1086235294117647
NC_007434.1,SSG-LUGIA-R+center,1717351,1764563,True,19201.0,188686.0,103943.5,-19201.0,188686.0,0.1850764406115249
NC_007434.1,SSG-LUGIA-R+center,1781045,1791893,True,82895.0,161356.0,122125.5,-82895.0,161356.0,0.04252842022736182
NC_007434.1,SSG-LUGIA-R+center,1791910,1809909,True,93760.0,143340.0,118550.0,-93760.0,143340.0,0.07056056448451588
NC_007434.1,SSG-LUGIA-R+center,1835655,1848038,True,137505.0,105211.0,121358.0,-137505.0,105211.0,0.04854566836534692
NC_007434.1,SSG-LUGIA-R+center,2353920,2375430,True,3770.0,142519.0,73144.5,-3770.0,142519.0,0.1281942789034565
NC_007434.1,SSG-LUGIA-R+center,2375476,2386561,True,25326.0,131388.0,78357.0,-25326.0,131388.0,0.06606674612634088
NC_007434.1,SSG-LUGIA-R+center,2419342,2428356,True,69192.0,89593.0,79392.5,-69192.0,89593.0,0.05372467222884386
NC_007434.1,SSG-LUGIA-R+center,2445815,2457132,True,95665.0,60817.0,78241.0,-95665.0,60817.0,0.06744934445768773
NC_007434.1,SSG-LUGIA-R+center,2478231,2486738,True,128081.0,31211.0,79646.0,-128081.0,31211.0,0.05070321811680572
NC_007434.1,SSG-LUGIA-R+center,3566113,3579704,True,11063.0,46345.0,28704.0,-11063.0,46345.0,0.19143661971830986
NC_007434.1,SSG-LUGIA-R+center,3978604,4000132,True,28354.0,26317.0,27335.5,-28354.0,26317.0,0.2825328083989501
NC_007434.1,SSG-LUGIA-R+center,4000272,4018247,True,50022.0,8202.0,29112.0,-50022.0,8202.0,0.23590551181102362
NC_007510.1,SSG-LUGIA-P,1901831,1910082,False,,,,,,0.0
NC_007510.1,SSG-LUGIA-P,1911558,1924528,True,5142.0,102671.0,53906.5,5142.0,102671.0,0.06770031649400737
NC_007510.1,SSG-LUGIA-P,1935770,1961532,True,19070.0,65667.0,42368.5,-19070.0,65667.0,0.23314932126696833
NC_007510.1,SSG-LUGIA-P,1961585,1996630,True,44885.0,30569.0,37727.0,-44885.0,30569.0,0.317158371040724
NC_007510.1,SSG-LUGIA-P,3345456,3364670,True,5456.0,1129.0,3292.5,-5456.0,1129.0,0.7447674418604651
NC_007510.1,SSG-LUGIA-P+center,1901831,1910082,False,,,,,,0.0
NC_007510.1,SSG-LUGIA-P+center,1911558,1924528,True,10092.0,107621.0,58856.5,10092.0,107621.0,0.023873888815178452
NC_007510.1,SSG-LUGIA-P+center,1935770,1961532,True,14120.0,70617.0,42368.5,-14120.0,70617.0,0.23314932126696833
NC_007510.1,SSG-LUGIA-P+center,1961585,1996630,True,39935.0,35519.0,37727.0,-39935.0,35519.0,0.317158371040724
NC_007510.1,SSG-LUGIA-P+center,3345456,3364670,True,506.0,6079.0,3292.5,-506.0,6079.0,0.7447674418604651
NC_007510.1,SSG-LUGIA-F,1901831,1910082,False,,,,,,0.0
NC_007510.1,SSG-LUGIA-F,1911558,1924528,True,1342.0,112571.0,56956.5,1342.0,112571.0,0.09263035478166669
NC_007510.1,SSG-LUGIA-F,1935770,1961532,True,22870.0,75567.0,49218.5,-22870.0,75567.0,0.2074315619967794
NC_007510.1,SSG-LUGIA-F,1961585,1996630,True,48685.0,40469.0,44577.0,-48685.0,40469.0,0.2821739130434783
NC_007510.1,SSG-LUGIA-F,3345456,3364670,True,6156.0,3629.0,4892.5,-6156.0,3629.0,0.6625862068965517
NC_007510.1,SSG-LUGIA-F+center,1901831,1910082,False,,,,,,0.0
NC_007510.1,SSG-LUGIA-F+center,1911558,1924528,True,6292.0,117521.0,61906.5,6292.0,117521.0,0.051183214296661866
NC_007510.1,SSG-LUGIA-F+center,1935770,1961532,True,17920.0,80517.0,49218.5,-17920.0,80517.0,0.2074315619967794
NC_007510.1,SSG-LUGIA-F+center,1961585,1996630,True,43735.0,45419.0,44577.0,-43735.0,45419.0,0.2821739130434783
NC_007510.1,SSG-LUGIA-F+center,3345456,3364670,True,1206.0,8579.0,4892.5,-1206.0,8579.0,0.6625862068965517
NC_007510.1,SSG-LUGIA-R,1901831,1910082,True,269.0,135217.0,67743.0,269.0,135217.0,0.055642682391317984
NC_007510.1,SSG-LUGIA-R,1911558,1924528,True,9458.0,120771.0,65114.5,-9458.0,120771.0,0.09057960893854748
NC_007510.1,SSG-LUGIA-R,1935770,1961532,True,33670.0,83767.0,58718.5,-33670.0,83767.0,0.17990921787709496
NC_007510.1,SSG-LUGIA-R,1961585,1996630,True,59485.0,48669.0,54077.0,-59485.0,48669.0,0.24473463687150837
NC_007510.1,SSG-LUGIA-R,3345456,3364670,True,18856.0,7229.0,13042.5,-18856.0,7229.0,0.4241721854304636
NC_007510.1,SSG-LUGIA-R+center,1901831,1910082,True,5219.0,140167.0,72693.0,5219.0,140167.0,0.02043538900006064
NC_007510.1,SSG-LUGIA-R+center,1911558,1924528,True,4508.0,125721.0,65114.5,-4508.0,125721.0,0.09057960893854748
NC_007510.1,SSG-LUGIA-R+center,1935770,1961532,True,28720.0,88717.0,58718.5,-28720.0,88717.0,0.17990921787709496
NC_007510.1,SSG-LUGIA-R+center,1961585,1996630,True,54535.0,53619.0,54077.0,-54535.0,53619.0,0.24473463687150837
NC_007510.1,SSG-LUGIA-R+center,3345456,3364670,True,13906.0,12179.0,13042.5,-13906.0,12179.0,0.4241721854304636
NC_007606.1,SSG-LUGIA-P,406149,418490,True,12749.0,4991.0,8870.0,-12749.0,-4991.0,0.292973576182695
NC_007606.1,SSG-LUGIA-P,952240,961242,False,,,,,,0.0
NC_007606.1,SSG-LUGIA-P,1748014,1757341,False,,,,,,0.0
NC_007606.1,SSG-LUGIA-P+center,406149,418490,True,7799.0,41.0,3920.0,-7799.0,-41.0,0.6107442530162356
NC_007606.1,SSG-LUGIA-P+center,952240,961242,False,,,,,,0.0
NC_007606.1,SSG-LUGIA-P+center,1748014,1757341,False,,,,,,0.0
NC_007606.1,SSG-LUGIA-F,406149,418490,True,12949.0,4491.0,8720.0,-12949.0,-4491.0,0.3104266339804674
NC_007606.1,SSG-LUGIA-F,952240,961242,True,960.0,7357.0,4158.5,960.0,7357.0,0.4916259168704156
NC_007606.1,SSG-LUGIA-F,1748014,1757341,False,,,,,,0.0
NC_007606.1,SSG-LUGIA-F+center,406149,418490,True,7999.0,459.0,4229.0,-7999.0,459.0,0.5933653846153846
NC_007606.1,SSG-LUGIA-F+center,952240,961242,True,5910.0,12307.0,9108.5,5910.0,12307.0,0.14514312529328954
NC_007606.1,SSG-LUGIA-F+center,1748014,1757341,False,,,,,,0.0
NC_007606.1,SSG-LUGIA-R,406149,418490,True,13949.0,26709.0,20329.0,-13949.0,26709.0,0.23286792452830188
NC_007606.1,SSG-LUGIA-R,952240,961242,True,9840.0,33857.0,21848.5,-9840.0,33857.0,0.1708349146110057
NC_007606.1,SSG-LUGIA-R,1748014,1757341,False,,,,,,0.0
NC_007606.1,SSG-LUGIA-R+center,406149,418490,True,8999.0,31659.0,20329.0,-8999.0,31659.0,0.23286792452830188
NC_007606.1,SSG-LUGIA-R+center,952240,961242,True,4890.0,38807.0,21848.5,-4890.0,38807.0,0.1708349146110057
NC_007606.1,SSG-LUGIA-R+center,1748014,1757341,True,14364.0,4692.0,9528.0,-14364.0,-4692.0,0.19567786594631098
NC_007613.1,SSG-LUGIA-P,1188249,1198101,True,7449.0,2998.0,5223.5,-7449.0,2998.0,0.4853694581280788
NC_007613.1,SSG-LUGIA-P,1360276,1370906,True,524.0,3293.0,1908.5,524.0,3293.0,0.7258690031600115
NC_007613.1,SSG-LUGIA-P,4201498,4215538,True,6198.0,1361.0,3779.5,-6198.0,1361.0,0.6500462962962963
NC_007613.1,SSG-LUGIA-P+center,1188249,1198101,True,2499.0,7948.0,5223.5,-2499.0,7948.0,0.4853694581280788
NC_007613.1,SSG-LUGIA-P+center,1360276,1370906,True,5474.0,8243.0,6858.5,5474.0,8243.0,0.2732330189678923
NC_007613.1,SSG-LUGIA-P+center,4201498,4215538,True,1248.0,6311.0,3779.5,-1248.0,6311.0,0.6500462962962963
NC_007613.1,SSG-LUGIA-F,1188249,1198101,True,7749.0,5698.0,6723.5,-7749.0,5698.0,0.4228755364806867
NC_007613.1,SSG-LUGIA-F,1360276,1370906,True,5276.0,7893.0,6584.5,-5276.0,7893.0,0.44668067226890756
NC_007613.1,SSG-LUGIA-F,4201498,4215538,True,10598.0,11561.0,11079.5,-10598.0,11561.0,0.3878729281767956
NC_007613.1,SSG-LUGIA-F+center,1188249,1198101,True,2799.0,10648.0,6723.5,-2799.0,10648.0,0.4228755364806867
NC_007613.1,SSG-LUGIA-F+center,1360276,1370906,True,326.0,12843.0,6584.5,-326.0,12843.0,0.44668067226890756
NC_007613.1,SSG-LUGIA-F+center,4201498,4215538,True,5648.0,16511.0,11079.5,-5648.0,16511.0,0.3878729281767956
NC_007613.1,SSG-LUGIA-R,1188249,1198101,True,19349.0,21198.0,20273.5,-19349.0,21198.0,0.19549603174603175
NC_007613.1,SSG-LUGIA-R,1360276,1370906,True,19276.0,19993.0,19634.5,-19276.0,19993.0,0.21304609218436873
NC_007613.1,SSG-LUGIA-R,4201498,4215538,True,57998.0,22661.0,40329.5,-57998.0,22661.0,0.14826821541710666
NC_007613.1,SSG-LUGIA-R+center,1188249,1198101,True,14399.0,26148.0,20273.5,-14399.0,26148.0,0.19549603174603175
NC_007613.1,SSG-LUGIA-R+center,1360276,1370906,True,14326.0,24943.0,19634.5,-14326.0,24943.0,0.21304609218436873
NC_007613.1,SSG-LUGIA-R+center,4201498,4215538,True,53048.0,27611.0,40329.5,-53048.0,27611.0,0.14826821541710666
NC_007530.2,SSG-LUGIA-P,472369,483187,True,23569.0,10088.0,16828.5,-23569.0,-10088.0,0.02125741537745725
NC_007530.2,SSG-LUGIA-P,3762575,3772469,True,13175.0,7230.0,10202.5,-13175.0,7230.0,0.32656765676567656
NC_007530.2,SSG-LUGIA-P,4841877,4858511,False,,,,,,0.0
NC_007530.2,SSG-LUGIA-P+center,472369,483187,True,18619.0,5138.0,11878.5,-18619.0,-5138.0,0.1929818601807188
NC_007530.2,SSG-LUGIA-P+center,3762575,3772469,True,8225.0,12180.0,10202.5,-8225.0,12180.0,0.32656765676567656
NC_007530.2,SSG-LUGIA-P+center,4841877,4858511,False,,,,,,0.0
NC_007530.2,SSG-LUGIA-F,472369,483187,True,23969.0,4788.0,14378.5,-23969.0,-4788.0,0.1733643785213292
NC_007530.2,SSG-LUGIA-F,3762575,3772469,True,15375.0,12230.0,13802.5,-15375.0,12230.0,0.2638666666666667
NC_007530.2,SSG-LUGIA-F,4841877,4858511,False,,,,,,0.0
NC_007530.2,SSG-LUGIA-F+center,472369,483187,True,19019.0,162.0,9590.5,-19019.0,162.0,0.3606333333333333
NC_007530.2,SSG-LUGIA-F+center,3762575,3772469,True,10425.0,17180.0,13802.5,-10425.0,17180.0,0.2638666666666667
NC_007530.2,SSG-LUGIA-F+center,4841877,4858511,False,,,,,,0.0
NC_007530.2,SSG-LUGIA-R,472369,483187,True,29669.0,12.0,14840.5,-29669.0,12.0,0.2671358024691358
NC_007530.2,SSG-LUGIA-R,3762575,3772469,True,19575.0,24030.0,21802.5,-19575.0,24030.0,0.18495327102803738
NC_007530.2,SSG-LUGIA-R,4841877,4858511,True,9723.0,21888.0,15805.5,9723.0,21888.0,0.17942527840510863
NC_007530.2,SSG-LUGIA-R+center,472369,483187,True,24719.0,4962.0,14840.5,-24719.0,4962.0,0.2671358024691358
NC_007530.2,SSG-LUGIA-R+center,3762575,3772469,True,14625.0,28980.0,21802.5,-14625.0,28980.0,0.18495327102803738
NC_007530.2,SSG-LUGIA-R+center,4841877,4858511,True,14673.0,26838.0,20755.5,14673.0,26838.0,0.04513146090676972
NC_007651.1,SSG-LUGIA-P,1038007,1047514,False,,,,,,0.0
NC_007651.1,SSG-LUGIA-P,1625240,1637307,True,5540.0,25392.0,15466.0,-5540.0,25392.0,0.2806511627906977
NC_007651.1,SSG-LUGIA-P,3108261,3119565,True,40361.0,36834.0,38597.5,-40361.0,36834.0,0.12774011299435029
NC_007651.1,SSG-LUGIA-P,3133520,3148738,True,65620.0,7661.0,36640.5,-65620.0,7661.0,0.17196610169491525
NC_007651.1,SSG-LUGIA-P+center,1038007,1047514,False,,,,,,0.0
NC_007651.1,SSG-LUGIA-P+center,1625240,1637307,True,590.0,30342.0,15466.0,-590.0,30342.0,0.2806511627906977
NC_007651.1,SSG-LUGIA-P+center,3108261,3119565,True,35411.0,41784.0,38597.5,-35411.0,41784.0,0.12774011299435029
NC_007651.1,SSG-LUGIA-P+center,3133520,3148738,True,60670.0,12611.0,36640.5,-60670.0,12611.0,0.17196610169491525
NC_007651.1,SSG-LUGIA-F,1038007,1047514,False,,,,,,0.0
NC_007651.1,SSG-LUGIA-F,1625240,1637307,True,9040.0,27392.0,18216.0,-9040.0,27392.0,0.24882474226804124
NC_007651.1,SSG-LUGIA-F,3108261,3119565,True,44061.0,37834.0,40947.5,-44061.0,37834.0,0.12129828326180257
NC_007651.1,SSG-LUGIA-F,3133520,3148738,True,69320.0,8661.0,38990.5,-69320.0,8661.0,0.16329399141630901
NC_007651.1,SSG-LUGIA-F+center,1038007,1047514,False,,,,,,0.0
NC_007651.1,SSG-LUGIA-F+center,1625240,1637307,True,4090.0,32342.0,18216.0,-4090.0,32342.0,0.24882474226804124
NC_007651.1,SSG-LUGIA-F+center,3108261,3119565,True,39111.0,42784.0,40947.5,-39111.0,42784.0,0.12129828326180257
NC_007651.1,SSG-LUGIA-F+center,3133520,3148738,True,64370.0,13611.0,38990.5,-64370.0,13611.0,0.16329399141630901
NC_007651.1,SSG-LUGIA-R,1038007,1047514,True,11907.0,10785.0,11346.0,-11907.0,10785.0,0.29527950310559004
NC_007651.1,SSG-LUGIA-R,1625240,1637307,True,27040.0,31492.0,29266.0,-27040.0,31492.0,0.17093484419263455
NC_007651.1,SSG-LUGIA-R,3108261,3119565,True,101161.0,168934.0,135047.5,-101161.0,168934.0,0.040174129353233834
NC_007651.1,SSG-LUGIA-R,3133520,3148738,True,126420.0,139761.0,133090.5,-126420.0,139761.0,0.05408315565031983
NC_007651.1,SSG-LUGIA-R+center,1038007,1047514,True,6957.0,15735.0,11346.0,-6957.0,15735.0,0.29527950310559004
NC_007651.1,SSG-LUGIA-R+center,1625240,1637307,True,22090.0,36442.0,29266.0,-22090.0,36442.0,0.17093484419263455
NC_007651.1,SSG-LUGIA-R+center,3108261,3119565,True,96211.0,173884.0,135047.5,-96211.0,173884.0,0.040174129353233834
NC_007651.1,SSG-LUGIA-R+center,3133520,3148738,True,121470.0,144711.0,133090.5,-121470.0,144711.0,0.05408315565031983
NC_007761.1,SSG-LUGIA-P,607945,618540,False,,,,,,0.0
NC_007761.1,SSG-LUGIA-P,622800,632012,False,,,,,,0.0
NC_007761.1,SSG-LUGIA-P,784346,801356,True,3646.0,13843.0,8744.5,-3646.0,13843.0,0.4930724637681159
NC_007761.1,SSG-LUGIA-P,801649,821708,True,20949.0,6509.0,13729.0,-20949.0,-6509.0,0.33043965958691995
NC_007761.1,SSG-LUGIA-P,1110337,1125821,True,12537.0,17178.0,14857.5,-12537.0,17178.0,0.34258849557522125
NC_007761.1,SSG-LUGIA-P,1409146,1423194,True,2654.0,15905.0,9279.5,2654.0,15905.0,0.3804166388462309
NC_007761.1,SSG-LUGIA-P,2049655,2104830,True,2755.0,1669.0,2212.0,-2755.0,1669.0,0.9257718120805369
NC_007761.1,SSG-LUGIA-P,3051924,3064513,False,,,,,,0.0
NC_007761.1,SSG-LUGIA-P+center,607945,618540,False,,,,,,0.0
NC_007761.1,SSG-LUGIA-P+center,622800,632012,False,,,,,,0.0
NC_007761.1,SSG-LUGIA-P+center,784346,801356,True,1304.0,18793.0,10048.5,1304.0,18793.0,0.43869400067031616
NC_007761.1,SSG-LUGIA-P+center,801649,821708,True,15999.0,1559.0,8779.0,-15999.0,-1559.0,0.5130757924512604
NC_007761.1,SSG-LUGIA-P+center,1110337,1125821,True,7587.0,22128.0,14857.5,-7587.0,22128.0,0.34258849557522125
NC_007761.1,SSG-LUGIA-P+center,1409146,1423194,True,7604.0,20855.0,14229.5,7604.0,20855.0,0.18464932385972954
NC_007761.1,SSG-LUGIA-P+center,2049655,2104830,True,2195.0,6619.0,4407.0,2195.0,6619.0,0.857367100898131
NC_007761.1,SSG-LUGIA-P+center,3051924,3064513,False,,,,,,0.0
NC_007761.1,SSG-LUGIA-F,607945,618540,False,,,,,,0.0
NC_007761.1,SSG-LUGIA-F,622800,632012,False,,,,,,0.0
NC_007761.1,SSG-LUGIA-F,784346,801356,True,3946.0,14443.0,9194.5,-3946.0,14443.0,0.48053672316384183
NC_007761.1,SSG-LUGIA-F,801649,821708,True,21249.0,5909.0,13579.0,-21249.0,-5909.0,0.34256457430584136
NC_007761.1,SSG-LUGIA-F,1110337,1125821,True,14537.0,34878.0,24707.5,-14537.0,34878.0,0.23859784283513097
NC_007761.1,SSG-LUGIA-F,1409146,1423194,True,12546.0,17505.0,15025.5,-12546.0,17505.0,0.31857142857142856
NC_007761.1,SSG-LUGIA-F,2049655,2104830,True,3055.0,2069.0,2562.0,-3055.0,2069.0,0.9150248756218905
NC_007761.1,SSG-LUGIA-F,3051924,3064513,False,,,,,,0.0
NC_007761.1,SSG-LUGIA-F+center,607945,618540,False,,,,,,0.0
NC_007761.1,SSG-LUGIA-F+center,622800,632012,False,,,,,,0.0
NC_007761.1,SSG-LUGIA-F+center,784346,801356,True,1004.0,19393.0,10198.5,1004.0,19393.0,0.43970442808482585
NC_007761.1,SSG-LUGIA-F+center,801649,821708,True,16299.0,959.0,8629.0,-16299.0,-959.0,0.5253444814213812
NC_007761.1,SSG-LUGIA-F+center,1110337,1125821,True,9587.0,39828.0,24707.5,-9587.0,39828.0,0.23859784283513097
NC_007761.1,SSG-LUGIA-F+center,1409146,1423194,True,7596.0,22455.0,15025.5,-7596.0,22455.0,0.31857142857142856
NC_007761.1,SSG-LUGIA-F+center,2049655,2104830,True,1895.0,7019.0,4457.0,1895.0,7019.0,0.8566765817187877
NC_007761.1,SSG-LUGIA-F+center,3051924,3064513,False,,,,,,0.0
NC_007761.1,SSG-LUGIA-R,607945,618540,False,,,,,,0.0
NC_007761.1,SSG-LUGIA-R,622800,632012,False,,,,,,0.0
NC_007761.1,SSG-LUGIA-R,784346,801356,True,4846.0,18043.0,11444.5,-4846.0,18043.0,0.4263408521303258
NC_007761.1,SSG-LUGIA-R,801649,821708,True,22149.0,2309.0,12229.0,-22149.0,-2309.0,0.4205501196427302
NC_007761.1,SSG-LUGIA-R,1110337,1125821,True,79037.0,36678.0,57857.5,-79037.0,36678.0,0.11802591463414634
NC_007761.1,SSG-LUGIA-R,1409146,1423194,True,72346.0,34105.0,53225.5,-72346.0,34105.0,0.11658921161825726
NC_007761.1,SSG-LUGIA-R,2049655,2104830,True,6055.0,13269.0,9662.0,-6055.0,13269.0,0.7406174496644296
NC_007761.1,SSG-LUGIA-R,3051924,3064513,True,576.0,51686.0,26131.0,576.0,51686.0,0.1869126890285643
NC_007761.1,SSG-LUGIA-R+center,607945,618540,False,,,,,,0.0
NC_007761.1,SSG-LUGIA-R+center,622800,632012,False,,,,,,0.0
NC_007761.1,SSG-LUGIA-R+center,784346,801356,True,104.0,22993.0,11548.5,104.0,22993.0,0.42263273672632734
NC_007761.1,SSG-LUGIA-R+center,801649,821708,True,17199.0,2641.0,9920.0,-17199.0,2641.0,0.5027568922305764
NC_007761.1,SSG-LUGIA-R+center,1110337,1125821,True,74087.0,41628.0,57857.5,-74087.0,41628.0,0.11802591463414634
NC_007761.1,SSG-LUGIA-R+center,1409146,1423194,True,67396.0,39055.0,53225.5,-67396.0,39055.0,0.11658921161825726
NC_007761.1,SSG-LUGIA-R+center,2049655,2104830,True,1105.0,18219.0,9662.0,-1105.0,18219.0,0.7406174496644296
NC_007761.1,SSG-LUGIA-R+center,3051924,3064513,True,5526.0,56636.0,31081.0,5526.0,56636.0,0.1020425851558663
NC_007778.1,SSG-LUGIA-P,1059945,1070761,False,,,,,,0.0
NC_007778.1,SSG-LUGIA-P,1674462,1684644,False,,,,,,0.0
NC_007778.1,SSG-LUGIA-P,1689288,1700395,False,,,,,,0.0
NC_007778.1,SSG-LUGIA-P,1721901,1751001,True,2101.0,18702.0,10401.5,-2101.0,-18702.0,0.3332799179539773
NC_007778.1,SSG-LUGIA-P,1838595,1874375,True,3295.0,8176.0,5735.5,-3295.0,-8176.0,0.7064438530044017
NC_007778.1,SSG-LUGIA-P,2324631,2333785,False,,,,,,0.0
NC_007778.1,SSG-LUGIA-P,2341242,2365708,True,442.0,3009.0,1725.5,-442.0,-3009.0,0.8614556987434261
NC_007778.1,SSG-LUGIA-P,2568317,2593577,True,8117.0,10878.0,9497.5,-8117.0,-10878.0,0.4309125771466235
NC_007778.1,SSG-LUGIA-P,2890759,2903573,True,14159.0,5126.0,9642.5,-14159.0,5126.0,0.39922118380062305
NC_007778.1,SSG-LUGIA-P,3470582,3488124,True,5382.0,12775.0,9078.5,-5382.0,12775.0,0.4914005602240896
NC_007778.1,SSG-LUGIA-P,3495457,3506035,True,30257.0,5136.0,17696.5,-30257.0,-5136.0,0.13328925457929278
NC_007778.1,SSG-LUGIA-P,3521384,3530378,False,,,,,,0.0
NC_007778.1,SSG-LUGIA-P,3533132,3546897,False,,,,,,0.0
NC_007778.1,SSG-LUGIA-P,3547198,3560162,False,,,,,,0.0
NC_007778.1,SSG-LUGIA-P,3780690,3799065,True,13090.0,4034.0,8562.0,-13090.0,4034.0,0.5176338028169014
NC_007778.1,SSG-LUGIA-P,4673596,4685835,False,,,,,,0.0
NC_007778.1,SSG-LUGIA-P,4991620,5003290,False,,,,,,0.0
NC_007778.1,SSG-LUGIA-P,5003471,5016607,False,,,,,,0.0
NC_007778.1,SSG-LUGIA-P+center,1059945,1070761,False,,,,,,0.0
NC_007778.1,SSG-LUGIA-P+center,1674462,1684644,False,,,,,,0.0
NC_007778.1,SSG-LUGIA-P+center,1689288,1700395,False,,,,,,0.0
NC_007778.1,SSG-LUGIA-P+center,1721901,1751001,True,2849.0,13752.0,8300.5,2849.0,-13752.0,0.42953850383148345
NC_007778.1,SSG-LUGIA-P+center,1838595,1874375,True,1655.0,3226.0,2440.5,1655.0,-3226.0,0.8635868198205752
NC_007778.1,SSG-LUGIA-P+center,2324631,2333785,False,,,,,,0.0
NC_007778.1,SSG-LUGIA-P+center,2341242,2365708,True,4508.0,1941.0,3224.5,4508.0,1941.0,0.7557936988791275
NC_007778.1,SSG-LUGIA-P+center,2568317,2593577,True,3167.0,5928.0,4547.5,-3167.0,-5928.0,0.6800689461094696
NC_007778.1,SSG-LUGIA-P+center,2890759,2903573,True,9209.0,10076.0,9642.5,-9209.0,10076.0,0.39922118380062305
NC_007778.1,SSG-LUGIA-P+center,3470582,3488124,True,432.0,17725.0,9078.5,-432.0,17725.0,0.4914005602240896
NC_007778.1,SSG-LUGIA-P+center,3495457,3506035,True,25307.0,186.0,12746.5,-25307.0,-186.0,0.2896115476787605
NC_007778.1,SSG-LUGIA-P+center,3521384,3530378,False,,,,,,0.0
NC_007778.1,SSG-LUGIA-P+center,3533132,3546897,False,,,,,,0.0
NC_007778.1,SSG-LUGIA-P+center,3547198,3560162,False,,,,,,0.0
NC_007778.1,SSG-LUGIA-P+center,3780690,3799065,True,8140.0,8984.0,8562.0,-8140.0,8984.0,0.5176338028169014
NC_007778.1,SSG-LUGIA-P+center,4673596,4685835,False,,,,,,0.0
NC_007778.1,SSG-LUGIA-P+center,4991620,5003290,False,,,,,,0.0
NC_007778.1,SSG-LUGIA-P+center,5003471,5016607,False,,,,,,0.0
NC_007778.1,SSG-LUGIA-F,1059945,1070761,False,,,,,,0.0
NC_007778.1,SSG-LUGIA-F,1674462,1684644,False,,,,,,0.0
NC_007778.1,SSG-LUGIA-F,1689288,1700395,False,,,,,,0.0
NC_007778.1,SSG-LUGIA-F,1721901,1751001,True,9201.0,11702.0,10451.5,-9201.0,-11702.0,0.4542582632760691
NC_007778.1,SSG-LUGIA-F,1838595,1874375,True,6095.0,7776.0,6935.5,-6095.0,-7776.0,0.6687601490113669
NC_007778.1,SSG-LUGIA-F,2324631,2333785,False,,,,,,0.0
NC_007778.1,SSG-LUGIA-F,2341242,2365708,True,1242.0,1109.0,1175.5,-1242.0,-1109.0,0.9085534248706678
NC_007778.1,SSG-LUGIA-F,2568317,2593577,True,92717.0,2478.0,47597.5,-92717.0,-2478.0,0.19311227516994695
NC_007778.1,SSG-LUGIA-F,2890759,2903573,True,16859.0,6826.0,11842.5,-16859.0,6826.0,0.3510958904109589
NC_007778.1,SSG-LUGIA-F,3470582,3488124,True,6482.0,20475.0,13478.5,-6482.0,20475.0,0.3942247191011236
NC_007778.1,SSG-LUGIA-F,3495457,3506035,True,31357.0,2564.0,16960.5,-31357.0,2564.0,0.23773033707865168
NC_007778.1,SSG-LUGIA-F,3521384,3530378,False,,,,,,0.0
NC_007778.1,SSG-LUGIA-F,3533132,3546897,False,,,,,,0.0
NC_007778.1,SSG-LUGIA-F,3547198,3560162,False,,,,,,0.0
NC_007778.1,SSG-LUGIA-F,3780690,3799065,True,17390.0,4334.0,10862.0,-17390.0,4334.0,0.45825436408977555
NC_007778.1,SSG-LUGIA-F,4673596,4685835,False,,,,,,0.0
NC_007778.1,SSG-LUGIA-F,4991620,5003290,False,,,,,,0.0
NC_007778.1,SSG-LUGIA-F,5003471,5016607,False,,,,,,0.0
NC_007778.1,SSG-LUGIA-F+center,1059945,1070761,False,,,,,,0.0
NC_007778.1,SSG-LUGIA-F+center,1674462,1684644,False,,,,,,0.0
NC_007778.1,SSG-LUGIA-F+center,1689288,1700395,False,,,,,,0.0
NC_007778.1,SSG-LUGIA-F+center,1721901,1751001,True,4251.0,6752.0,5501.5,-4251.0,-6752.0,0.6700947469417127
NC_007778.1,SSG-LUGIA-F+center,1838595,1874375,True,1145.0,2826.0,1985.5,-1145.0,-2826.0,0.8924605968694145
NC_007778.1,SSG-LUGIA-F+center,2324631,2333785,False,,,,,,0.0
NC_007778.1,SSG-LUGIA-F+center,2341242,2365708,True,3708.0,3841.0,3774.5,3708.0,3841.0,0.733326268192737
NC_007778.1,SSG-LUGIA-F+center,2568317,2593577,True,87767.0,2472.0,45119.5,-87767.0,2472.0,0.21870995670995672
NC_007778.1,SSG-LUGIA-F+center,2890759,2903573,True,11909.0,11776.0,11842.5,-11909.0,11776.0,0.3510958904109589
NC_007778.1,SSG-LUGIA-F+center,3470582,3488124,True,1532.0,25425.0,13478.5,-1532.0,25425.0,0.3942247191011236
NC_007778.1,SSG-LUGIA-F+center,3495457,3506035,True,26407.0,7514.0,16960.5,-26407.0,7514.0,0.23773033707865168
NC_007778.1,SSG-LUGIA-F+center,3521384,3530378,False,,,,,,0.0
NC_007778.1,SSG-LUGIA-F+center,3533132,3546897,False,,,,,,0.0
NC_007778.1,SSG-LUGIA-F+center,3547198,3560162,False,,,,,,0.0
NC_007778.1,SSG-LUGIA-F+center,3780690,3799065,True,12440.0,9284.0,10862.0,-12440.0,9284.0,0.45825436408977555
NC_007778.1,SSG-LUGIA-F+center,4673596,4685835,False,,,,,,0.0
NC_007778.1,SSG-LUGIA-F+center,4991620,5003290,True,27470.0,7641.0,17555.5,-27470.0,-7641.0,0.1029610893947523
NC_007778.1,SSG-LUGIA-F+center,5003471,5016607,False,,,,,,0.0
NC_007778.1,SSG-LUGIA-R,1059945,1070761,True,25245.0,40538.0,32891.5,-25245.0,40538.0,0.1412140992167102
NC_007778.1,SSG-LUGIA-R,1674462,1684644,True,9762.0,69855.0,39808.5,-9762.0,69855.0,0.11339643652561247
NC_007778.1,SSG-LUGIA-R,1689288,1700395,True,24588.0,54104.0,39346.0,-24588.0,54104.0,0.12369710467706013
NC_007778.1,SSG-LUGIA-R,1721901,1751001,True,57201.0,3498.0,30349.5,-57201.0,3498.0,0.3240645879732739
NC_007778.1,SSG-LUGIA-R,1838595,1874375,True,9795.0,2476.0,6135.5,-9795.0,-2476.0,0.7307574161839565
NC_007778.1,SSG-LUGIA-R,2324631,2333785,True,8169.0,38414.0,23291.5,8169.0,38414.0,0.02072778490193193
NC_007778.1,SSG-LUGIA-R,2341242,2365708,True,8442.0,6491.0,7466.5,-8442.0,6491.0,0.6209898477157361
NC_007778.1,SSG-LUGIA-R,2568317,2593577,True,106917.0,104422.0,105669.5,-106917.0,104422.0,0.10676669484361792
NC_007778.1,SSG-LUGIA-R,2890759,2903573,True,22559.0,24426.0,23492.5,-22559.0,24426.0,0.21429765886287624
NC_007778.1,SSG-LUGIA-R,3470582,3488124,True,18882.0,91975.0,55428.5,-18882.0,91975.0,0.13662772585669783
NC_007778.1,SSG-LUGIA-R,3495457,3506035,True,43757.0,74064.0,58910.5,-43757.0,74064.0,0.08239096573208722
NC_007778.1,SSG-LUGIA-R,3521384,3530378,True,69684.0,49721.0,59702.5,-69684.0,49721.0,0.07005451713395638
NC_007778.1,SSG-LUGIA-R,3533132,3546897,True,81432.0,33202.0,57317.0,-81432.0,33202.0,0.10721183800623053
NC_007778.1,SSG-LUGIA-R,3547198,3560162,True,95498.0,19937.0,57717.5,-95498.0,19937.0,0.10097352024922118
NC_007778.1,SSG-LUGIA-R,3780690,3799065,True,54590.0,8134.0,31362.0,-54590.0,8134.0,0.22658446362515414
NC_007778.1,SSG-LUGIA-R,4673596,4685835,True,1396.0,9864.0,5630.0,-1396.0,9864.0,0.5208510638297872
NC_007778.1,SSG-LUGIA-R,4991620,5003290,True,41720.0,16309.0,29014.5,-41720.0,16309.0,0.16744619799139168
NC_007778.1,SSG-LUGIA-R,5003471,5016607,True,53571.0,2992.0,28281.5,-53571.0,2992.0,0.18847919655667145
NC_007778.1,SSG-LUGIA-R+center,1059945,1070761,True,20295.0,45488.0,32891.5,-20295.0,45488.0,0.1412140992167102
NC_007778.1,SSG-LUGIA-R+center,1674462,1684644,True,4812.0,74805.0,39808.5,-4812.0,74805.0,0.11339643652561247
NC_007778.1,SSG-LUGIA-R+center,1689288,1700395,True,19638.0,59054.0,39346.0,-19638.0,59054.0,0.12369710467706013
NC_007778.1,SSG-LUGIA-R+center,1721901,1751001,True,52251.0,8448.0,30349.5,-52251.0,8448.0,0.3240645879732739
NC_007778.1,SSG-LUGIA-R+center,1838595,1874375,True,4845.0,2474.0,3659.5,-4845.0,2474.0,0.830185614849188
NC_007778.1,SSG-LUGIA-R+center,2324631,2333785,False,,,,,,0.0
NC_007778.1,SSG-LUGIA-R+center,2341242,2365708,True,3492.0,11441.0,7466.5,-3492.0,11441.0,0.6209898477157361
NC_007778.1,SSG-LUGIA-R+center,2568317,2593577,True,101967.0,109372.0,105669.5,-101967.0,109372.0,0.10676669484361792
NC_007778.1,SSG-LUGIA-R+center,2890759,2903573,True,17609.0,29376.0,23492.5,-17609.0,29376.0,0.21429765886287624
NC_007778.1,SSG-LUGIA-R+center,3470582,3488124,True,13932.0,96925.0,55428.5,-13932.0,96925.0,0.13662772585669783
NC_007778.1,SSG-LUGIA-R+center,3495457,3506035,True,38807.0,79014.0,58910.5,-38807.0,79014.0,0.08239096573208722
NC_007778.1,SSG-LUGIA-R+center,3521384,3530378,True,64734.0,54671.0,59702.5,-64734.0,54671.0,0.07005451713395638
NC_007778.1,SSG-LUGIA-R+center,3533132,3546897,True,76482.0,38152.0,57317.0,-76482.0,38152.0,0.10721183800623053
NC_007778.1,SSG-LUGIA-R+center,3547198,3560162,True,90548.0,24887.0,57717.5,-90548.0,24887.0,0.10097352024922118
NC_007778.1,SSG-LUGIA-R+center,3780690,3799065,True,49640.0,13084.0,31362.0,-49640.0,13084.0,0.22658446362515414
NC_007778.1,SSG-LUGIA-R+center,4673596,4685835,True,3554.0,14814.0,9184.0,3554.0,14814.0,0.32106158054261846
NC_007778.1,SSG-LUGIA-R+center,4991620,5003290,True,36770.0,21259.0,29014.5,-36770.0,21259.0,0.16744619799139168
NC_007778.1,SSG-LUGIA-R+center,5003471,5016607,True,48621.0,7942.0,28281.5,-48621.0,7942.0,0.18847919655667145
NC_007793.1,SSG-LUGIA-P,1553007,1573102,True,14107.0,12197.0,13152.0,-14107.0,12197.0,0.43310344827586206
NC_007793.1,SSG-LUGIA-P+center,1553007,1573102,True,9157.0,17147.0,13152.0,-9157.0,17147.0,0.43310344827586206
NC_007793.1,SSG-LUGIA-F,1553007,1573102,True,16007.0,12497.0,14252.0,-16007.0,12497.0,0.4134979423868313
NC_007793.1,SSG-LUGIA-F+center,1553007,1573102,True,11057.0,17447.0,14252.0,-11057.0,17447.0,0.4134979423868313
NC_007793.1,SSG-LUGIA-R,1553007,1573102,True,18907.0,19397.0,19152.0,-18907.0,19397.0,0.3441095890410959
NC_007793.1,SSG-LUGIA-R+center,1553007,1573102,True,13957.0,24347.0,19152.0,-13957.0,24347.0,0.3441095890410959
NC_008022.1,SSG-LUGIA-P,791057,805631,True,17457.0,6132.0,11794.5,-17457.0,-6132.0,0.26358016983016985
NC_008022.1,SSG-LUGIA-P+center,791057,805631,True,12507.0,1182.0,6844.5,-12507.0,-1182.0,0.49453511557492064
NC_008022.1,SSG-LUGIA-F,791057,805631,True,18257.0,3632.0,10944.5,-18257.0,-3632.0,0.3333028752436647
NC_008022.1,SSG-LUGIA-F+center,791057,805631,True,13307.0,1318.0,7312.5,-13307.0,1318.0,0.4991438356164384
NC_008022.1,SSG-LUGIA-R,791057,805631,True,28657.0,12168.0,20412.5,-28657.0,12168.0,0.263086642599278
NC_008022.1,SSG-LUGIA-R+center,791057,805631,True,23707.0,17118.0,20412.5,-23707.0,17118.0,0.263086642599278
NC_007946.1,SSG-LUGIA-P,295142,313007,True,3858.0,208.0,2033.0,3858.0,-208.0,0.7724168812269114
NC_007946.1,SSG-LUGIA-P,938875,948471,False,,,,,,0.0
NC_007946.1,SSG-LUGIA-P,1080972,1091837,True,1672.0,46462.0,24067.0,-1672.0,46462.0,0.18416949152542372
NC_007946.1,SSG-LUGIA-P,1261314,1280520,True,17114.0,6579.0,11846.5,-17114.0,6579.0,0.44771561771561774
NC_007946.1,SSG-LUGIA-P,1409797,1430398,True,11697.0,2799.0,7248.0,-11697.0,-2799.0,0.5511935354035729
NC_007946.1,SSG-LUGIA-P,2188785,2202929,True,22785.0,6370.0,14577.5,-22785.0,6370.0,0.3266743648960739
NC_007946.1,SSG-LUGIA-P,2598721,2621064,True,5821.0,20135.0,12978.0,-5821.0,20135.0,0.46260869565217394
NC_007946.1,SSG-LUGIA-P,3293983,3306244,False,,,,,,0.0
NC_007946.1,SSG-LUGIA-P,4793418,4805423,True,15218.0,49576.0,32397.0,-15218.0,49576.0,0.156328125
NC_007946.1,SSG-LUGIA-P,4805571,4815652,True,27371.0,39347.0,33359.0,-27371.0,39347.0,0.13127604166666668
NC_007946.1,SSG-LUGIA-P,4820309,4831593,True,42109.0,23406.0,32757.5,-42109.0,23406.0,0.14694010416666667
NC_007946.1,SSG-LUGIA-P,4866661,4880684,True,12139.0,23715.0,17927.0,12139.0,23715.0,0.049948329314502236
NC_007946.1,SSG-LUGIA-P,4883772,4892340,True,4972.0,12059.0,8515.5,-4972.0,12059.0,0.3347265625
NC_007946.1,SSG-LUGIA-P,5009431,5025749,True,17331.0,4050.0,10690.5,-17331.0,-4050.0,0.3646062407132244
NC_007946.1,SSG-LUGIA-P+center,295142,313007,True,8808.0,4742.0,6775.0,8808.0,4742.0,0.400654635527247
NC_007946.1,SSG-LUGIA-P+center,938875,948471,True,16025.0,4922.0,10473.5,-16025.0,-4922.0,0.18246038560611974
NC_007946.1,SSG-LUGIA-P+center,1080972,1091837,True,3278.0,51412.0,27345.0,3278.0,51412.0,0.12184077844503677
NC_007946.1,SSG-LUGIA-P+center,1261314,1280520,True,12164.0,11529.0,11846.5,-12164.0,11529.0,0.44771561771561774
NC_007946.1,SSG-LUGIA-P+center,1409797,1430398,True,6747.0,2151.0,4449.0,-6747.0,2151.0,0.6983728813559322
NC_007946.1,SSG-LUGIA-P+center,2188785,2202929,True,17835.0,11320.0,14577.5,-17835.0,11320.0,0.3266743648960739
NC_007946.1,SSG-LUGIA-P+center,2598721,2621064,True,871.0,25085.0,12978.0,-871.0,25085.0,0.46260869565217394
NC_007946.1,SSG-LUGIA-P+center,3293983,3306244,False,,,,,,0.0
NC_007946.1,SSG-LUGIA-P+center,4793418,4805423,True,10268.0,54526.0,32397.0,-10268.0,54526.0,0.156328125
NC_007946.1,SSG-LUGIA-P+center,4805571,4815652,True,22421.0,44297.0,33359.0,-22421.0,44297.0,0.13127604166666668
NC_007946.1,SSG-LUGIA-P+center,4820309,4831593,True,37159.0,28356.0,32757.5,-37159.0,28356.0,0.14694010416666667
NC_007946.1,SSG-LUGIA-P+center,4866661,4880684,False,,,,,,0.0
NC_007946.1,SSG-LUGIA-P+center,4883772,4892340,True,22.0,17009.0,8515.5,-22.0,17009.0,0.3347265625
NC_007946.1,SSG-LUGIA-P+center,5009431,5025749,True,12381.0,900.0,6640.5,-12381.0,900.0,0.5513175675675676
NC_007946.1,SSG-LUGIA-F,295142,313007,True,5942.0,27692.0,16817.0,-5942.0,27692.0,0.3469126213592233
NC_007946.1,SSG-LUGIA-F,938875,948471,True,25075.0,8772.0,16923.5,-25075.0,-8772.0,0.02379441624365482
NC_007946.1,SSG-LUGIA-F,1080972,1091837,True,3672.0,46962.0,25317.0,-3672.0,46962.0,0.17668292682926828
NC_007946.1,SSG-LUGIA-F,1261314,1280520,True,22414.0,13679.0,18046.5,-22414.0,13679.0,0.3473236889692586
NC_007946.1,SSG-LUGIA-F,1409797,1430398,True,19397.0,2299.0,10848.0,-19397.0,-2299.0,0.45758643966099155
NC_007946.1,SSG-LUGIA-F,2188785,2202929,True,75185.0,25570.0,50377.5,-75185.0,25570.0,0.12310704960835508
NC_007946.1,SSG-LUGIA-F,2598721,2621064,True,6521.0,23635.0,15078.0,-6521.0,23635.0,0.4256
NC_007946.1,SSG-LUGIA-F,3293983,3306244,False,,,,,,0.0
NC_007946.1,SSG-LUGIA-F,4793418,4805423,True,16418.0,109976.0,63197.0,-16418.0,109976.0,0.08674855491329479
NC_007946.1,SSG-LUGIA-F,4805571,4815652,True,28571.0,99747.0,64159.0,-28571.0,99747.0,0.07284682080924855
NC_007946.1,SSG-LUGIA-F,4820309,4831593,True,43309.0,83806.0,63557.5,-43309.0,83806.0,0.08153901734104047
NC_007946.1,SSG-LUGIA-F,4866661,4880684,True,89661.0,34715.0,62188.0,-89661.0,34715.0,0.10132947976878613
NC_007946.1,SSG-LUGIA-F,4883772,4892340,True,106772.0,23059.0,64915.5,-106772.0,23059.0,0.06191473988439306
NC_007946.1,SSG-LUGIA-F,5009431,5025749,True,25331.0,3150.0,14240.5,-25331.0,-3150.0,0.31618247298919566
NC_007946.1,SSG-LUGIA-F+center,295142,313007,True,992.0,32642.0,16817.0,-992.0,32642.0,0.3469126213592233
NC_007946.1,SSG-LUGIA-F+center,938875,948471,True,20125.0,3822.0,11973.5,-20125.0,-3822.0,0.19430051813471502
NC_007946.1,SSG-LUGIA-F+center,1080972,1091837,True,1278.0,51912.0,26595.0,1278.0,51912.0,0.15272866290738793
NC_007946.1,SSG-LUGIA-F+center,1261314,1280520,True,17464.0,18629.0,18046.5,-17464.0,18629.0,0.3473236889692586
NC_007946.1,SSG-LUGIA-F+center,1409797,1430398,True,14447.0,2651.0,8549.0,-14447.0,2651.0,0.546472148541114
NC_007946.1,SSG-LUGIA-F+center,2188785,2202929,True,70235.0,30520.0,50377.5,-70235.0,30520.0,0.12310704960835508
NC_007946.1,SSG-LUGIA-F+center,2598721,2621064,True,1571.0,28585.0,15078.0,-1571.0,28585.0,0.4256
NC_007946.1,SSG-LUGIA-F+center,3293983,3306244,False,,,,,,0.0
NC_007946.1,SSG-LUGIA-F+center,4793418,4805423,True,11468.0,114926.0,63197.0,-11468.0,114926.0,0.08674855491329479
NC_007946.1,SSG-LUGIA-F+center,4805571,4815652,True,23621.0,104697.0,64159.0,-23621.0,104697.0,0.07284682080924855
NC_007946.1,SSG-LUGIA-F+center,4820309,4831593,True,38359.0,88756.0,63557.5,-38359.0,88756.0,0.08153901734104047
NC_007946.1,SSG-LUGIA-F+center,4866661,4880684,True,84711.0,39665.0,62188.0,-84711.0,39665.0,0.10132947976878613
NC_007946.1,SSG-LUGIA-F+center,4883772,4892340,True,101822.0,28009.0,64915.5,-101822.0,28009.0,0.06191473988439306
NC_007946.1,SSG-LUGIA-F+center,5009431,5025749,True,20381.0,1800.0,11090.5,-20381.0,1800.0,0.4238701298701299
NC_007946.1,SSG-LUGIA-R,295142,313007,True,71342.0,49292.0,60317.0,-71342.0,49292.0,0.12899638989169676
NC_007946.1,SSG-LUGIA-R,938875,948471,True,41575.0,2172.0,21873.5,-41575.0,-2172.0,0.1450988822012038
NC_007946.1,SSG-LUGIA-R,1080972,1091837,True,13472.0,83862.0,48667.0,-13472.0,83862.0,0.10042513863216267
NC_007946.1,SSG-LUGIA-R,1261314,1280520,True,26314.0,22779.0,24546.5,-26314.0,22779.0,0.2812152269399707
NC_007946.1,SSG-LUGIA-R,1409797,1430398,True,44797.0,199.0,22498.0,-44797.0,-199.0,0.3119772473585223
NC_007946.1,SSG-LUGIA-R,2188785,2202929,True,140885.0,59170.0,100027.5,-140885.0,59170.0,0.06603641456582633
NC_007946.1,SSG-LUGIA-R,2598721,2621064,True,7721.0,33735.0,20728.0,-7721.0,33735.0,0.35021943573667713
NC_007946.1,SSG-LUGIA-R,3293983,3306244,True,5983.0,5355.0,5669.0,-5983.0,5355.0,0.5195762711864407
NC_007946.1,SSG-LUGIA-R,4793418,4805423,True,25718.0,151276.0,88497.0,-25718.0,151276.0,0.06352380952380952
NC_007946.1,SSG-LUGIA-R,4805571,4815652,True,37871.0,141047.0,89459.0,-37871.0,141047.0,0.053343915343915346
NC_007946.1,SSG-LUGIA-R,4820309,4831593,True,52609.0,125106.0,88857.5,-52609.0,125106.0,0.05970899470899471
NC_007946.1,SSG-LUGIA-R,4866661,4880684,True,98961.0,76015.0,87488.0,-98961.0,76015.0,0.0742010582010582
NC_007946.1,SSG-LUGIA-R,4883772,4892340,True,116072.0,64359.0,90215.5,-116072.0,64359.0,0.04533862433862434
NC_007946.1,SSG-LUGIA-R,5009431,5025749,True,45331.0,3850.0,24590.5,-45331.0,3850.0,0.24914503816793893
NC_007946.1,SSG-LUGIA-R+center,295142,313007,True,66392.0,54242.0,60317.0,-66392.0,54242.0,0.12899638989169676
NC_007946.1,SSG-LUGIA-R+center,938875,948471,True,36625.0,2778.0,19701.5,-36625.0,2778.0,0.19585714285714287
NC_007946.1,SSG-LUGIA-R+center,1080972,1091837,True,8522.0,88812.0,48667.0,-8522.0,88812.0,0.10042513863216267
NC_007946.1,SSG-LUGIA-R+center,1261314,1280520,True,21364.0,27729.0,24546.5,-21364.0,27729.0,0.2812152269399707
NC_007946.1,SSG-LUGIA-R+center,1409797,1430398,True,39847.0,4751.0,22299.0,-39847.0,4751.0,0.31598159509202456
NC_007946.1,SSG-LUGIA-R+center,2188785,2202929,True,135935.0,64120.0,100027.5,-135935.0,64120.0,0.06603641456582633
NC_007946.1,SSG-LUGIA-R+center,2598721,2621064,True,2771.0,38685.0,20728.0,-2771.0,38685.0,0.35021943573667713
NC_007946.1,SSG-LUGIA-R+center,3293983,3306244,True,1033.0,10305.0,5669.0,-1033.0,10305.0,0.5195762711864407
NC_007946.1,SSG-LUGIA-R+center,4793418,4805423,True,20768.0,156226.0,88497.0,-20768.0,156226.0,0.06352380952380952
NC_007946.1,SSG-LUGIA-R+center,4805571,4815652,True,32921.0,145997.0,89459.0,-32921.0,145997.0,0.053343915343915346
NC_007946.1,SSG-LUGIA-R+center,4820309,4831593,True,47659.0,130056.0,88857.5,-47659.0,130056.0,0.05970899470899471
NC_007946.1,SSG-LUGIA-R+center,4866661,4880684,True,94011.0,80965.0,87488.0,-94011.0,80965.0,0.0742010582010582
NC_007946.1,SSG-LUGIA-R+center,4883772,4892340,True,111122.0,69309.0,90215.5,-111122.0,69309.0,0.04533862433862434
NC_007946.1,SSG-LUGIA-R+center,5009431,5025749,True,40381.0,8800.0,24590.5,-40381.0,8800.0,0.24914503816793893
NC_008023.1,SSG-LUGIA-P,1063757,1120859,True,5543.0,6260.0,5901.5,5543.0,-6260.0,0.7933033290720277
NC_008023.1,SSG-LUGIA-P+center,1063757,1120859,True,10493.0,1310.0,5901.5,10493.0,-1310.0,0.7933033290720277
NC_008023.1,SSG-LUGIA-F,1063757,1120859,True,3657.0,5160.0,4408.5,-3657.0,-5160.0,0.8548880842659644
NC_008023.1,SSG-LUGIA-F+center,1063757,1120859,True,1293.0,210.0,751.5,1293.0,-210.0,0.9736791412009876
NC_008023.1,SSG-LUGIA-R,1063757,1120859,True,9157.0,2440.0,5798.5,-9157.0,2440.0,0.8311935953420669
NC_008023.1,SSG-LUGIA-R+center,1063757,1120859,True,4207.0,7390.0,5798.5,-4207.0,7390.0,0.8311935953420669
NC_007958.1,SSG-LUGIA-P,11339,46263,True,6639.0,9836.0,8237.5,-6639.0,9836.0,0.6794747081712063
NC_007958.1,SSG-LUGIA-P,46863,68343,True,42163.0,12244.0,27203.5,-42163.0,-12244.0,0.14513544088995034
NC_007958.1,SSG-LUGIA-P,415638,424368,False,,,,,,0.0
NC_007958.1,SSG-LUGIA-P,835417,851661,True,7417.0,962.0,4189.5,-7417.0,-962.0,0.6458879215619981
NC_007958.1,SSG-LUGIA-P,1676745,1690492,True,10345.0,12493.0,11419.0,-10345.0,-12493.0,0.05208981861951604
NC_007958.1,SSG-LUGIA-P,2386062,2400824,True,20162.0,31475.0,25818.5,-20162.0,31475.0,0.2223343373493976
NC_007958.1,SSG-LUGIA-P,2405977,2427580,True,40077.0,4719.0,22398.0,-40077.0,4719.0,0.32536144578313253
NC_007958.1,SSG-LUGIA-P,4073926,4091273,True,28426.0,7074.0,17750.0,-28426.0,-7074.0,0.22445056145410058
NC_007958.1,SSG-LUGIA-P+center,11339,46263,True,1689.0,14786.0,8237.5,-1689.0,14786.0,0.6794747081712063
NC_007958.1,SSG-LUGIA-P+center,46863,68343,True,37213.0,7294.0,22253.5,-37213.0,-7294.0,0.24171124816846695
NC_007958.1,SSG-LUGIA-P+center,415638,424368,False,,,,,,0.0
NC_007958.1,SSG-LUGIA-P+center,835417,851661,True,2467.0,3988.0,3227.5,-2467.0,3988.0,0.7156387665198238
NC_007958.1,SSG-LUGIA-P+center,1676745,1690492,True,5395.0,7543.0,6469.0,-5395.0,-7543.0,0.3241393720942381
NC_007958.1,SSG-LUGIA-P+center,2386062,2400824,True,15212.0,36425.0,25818.5,-15212.0,36425.0,0.2223343373493976
NC_007958.1,SSG-LUGIA-P+center,2405977,2427580,True,35127.0,9669.0,22398.0,-35127.0,9669.0,0.32536144578313253
NC_007958.1,SSG-LUGIA-P+center,4073926,4091273,True,23476.0,2124.0,12800.0,-23476.0,-2124.0,0.37291789143640997
NC_007958.1,SSG-LUGIA-F,11339,46263,True,6939.0,12736.0,9837.5,-6939.0,12736.0,0.6396520146520146
NC_007958.1,SSG-LUGIA-F,46863,68343,True,42463.0,9344.0,25903.5,-42463.0,-9344.0,0.18980670586763418
NC_007958.1,SSG-LUGIA-F,415638,424368,False,,,,,,0.0
NC_007958.1,SSG-LUGIA-F,835417,851661,True,10317.0,3938.0,7127.5,-10317.0,3938.0,0.5326229508196721
NC_007958.1,SSG-LUGIA-F,1676745,1690492,True,13045.0,9193.0,11119.0,-13045.0,-9193.0,0.17000709140447132
NC_007958.1,SSG-LUGIA-F,2386062,2400824,True,21662.0,31875.0,26768.5,-21662.0,31875.0,0.2161493411420205
NC_007958.1,SSG-LUGIA-F,2405977,2427580,True,41577.0,5119.0,23348.0,-41577.0,5119.0,0.3163103953147877
NC_007958.1,SSG-LUGIA-F,4073926,4091273,True,32626.0,5374.0,19000.0,-32626.0,-5374.0,0.23960459438908233
NC_007958.1,SSG-LUGIA-F+center,11339,46263,True,1989.0,17686.0,9837.5,-1989.0,17686.0,0.6396520146520146
NC_007958.1,SSG-LUGIA-F+center,46863,68343,True,37513.0,4394.0,20953.5,-37513.0,-4394.0,0.2896396243685799
NC_007958.1,SSG-LUGIA-F+center,415638,424368,False,,,,,,0.0
NC_007958.1,SSG-LUGIA-F+center,835417,851661,True,5367.0,8888.0,7127.5,-5367.0,8888.0,0.5326229508196721
NC_007958.1,SSG-LUGIA-F+center,1676745,1690492,True,8095.0,4243.0,6169.0,-8095.0,-4243.0,0.43515084924232017
NC_007958.1,SSG-LUGIA-F+center,2386062,2400824,True,16712.0,36825.0,26768.5,-16712.0,36825.0,0.2161493411420205
NC_007958.1,SSG-LUGIA-F+center,2405977,2427580,True,36627.0,10069.0,23348.0,-36627.0,10069.0,0.3163103953147877
NC_007958.1,SSG-LUGIA-F+center,4073926,4091273,True,27676.0,424.0,14050.0,-27676.0,-424.0,0.3758884150675195
NC_007958.1,SSG-LUGIA-R,11339,46263,True,9439.0,22636.0,16037.5,-9439.0,22636.0,0.5212686567164179
NC_007958.1,SSG-LUGIA-R,46863,68343,True,44963.0,556.0,22759.5,-44963.0,556.0,0.3206119402985075
NC_007958.1,SSG-LUGIA-R,415638,424368,False,,,,,,0.0
NC_007958.1,SSG-LUGIA-R,835417,851661,True,18917.0,9638.0,14277.5,-18917.0,9638.0,0.3626116071428571
NC_007958.1,SSG-LUGIA-R,1676745,1690492,True,19545.0,6607.0,13076.0,-19545.0,6607.0,0.34456140350877196
NC_007958.1,SSG-LUGIA-R,2386062,2400824,True,33462.0,33575.0,33518.5,-33462.0,33575.0,0.18047677261613693
NC_007958.1,SSG-LUGIA-R,2405977,2427580,True,53377.0,6819.0,30098.0,-53377.0,6819.0,0.26410757946210267
NC_007958.1,SSG-LUGIA-R,4073926,4091273,True,49726.0,526.0,25126.0,-49726.0,526.0,0.25662721893491125
NC_007958.1,SSG-LUGIA-R+center,11339,46263,True,4489.0,27586.0,16037.5,-4489.0,27586.0,0.5212686567164179
NC_007958.1,SSG-LUGIA-R+center,46863,68343,True,40013.0,5506.0,22759.5,-40013.0,5506.0,0.3206119402985075
NC_007958.1,SSG-LUGIA-R+center,415638,424368,True,19988.0,4419.0,12203.5,-19988.0,-4419.0,0.15014450363870607
NC_007958.1,SSG-LUGIA-R+center,835417,851661,True,13967.0,14588.0,14277.5,-13967.0,14588.0,0.3626116071428571
NC_007958.1,SSG-LUGIA-R+center,1676745,1690492,True,14595.0,11557.0,13076.0,-14595.0,11557.0,0.34456140350877196
NC_007958.1,SSG-LUGIA-R+center,2386062,2400824,True,28512.0,38525.0,33518.5,-28512.0,38525.0,0.18047677261613693
NC_007958.1,SSG-LUGIA-R+center,2405977,2427580,True,48427.0,11769.0,30098.0,-48427.0,11769.0,0.26410757946210267
NC_007958.1,SSG-LUGIA-R+center,4073926,4091273,True,44776.0,5476.0,25126.0,-44776.0,5476.0,0.25662721893491125
NC_008024.1,SSG-LUGIA-P,1621459,1670325,True,15359.0,5174.0,10266.5,-15359.0,5174.0,0.7041354466858789
NC_008024.1,SSG-LUGIA-P+center,1621459,1670325,True,10409.0,10124.0,10266.5,-10409.0,10124.0,0.7041354466858789
NC_008024.1,SSG-LUGIA-F,1621459,1670325,True,16959.0,7374.0,12166.5,-16959.0,7374.0,0.6675819672131148
NC_008024.1,SSG-LUGIA-F+center,1621459,1670325,True,12009.0,12324.0,12166.5,-12009.0,12324.0,0.6675819672131148
NC_008024.1,SSG-LUGIA-R,1621459,1670325,True,25459.0,11974.0,18716.5,-25459.0,11974.0,0.5662456546929316
NC_008024.1,SSG-LUGIA-R+center,1621459,1670325,True,20509.0,16924.0,18716.5,-20509.0,16924.0,0.5662456546929316
NC_008061.1,SSG-LUGIA-P,2144914,2158787,True,46014.0,49012.0,47513.0,-46014.0,49012.0,0.12740128558310376
NC_008061.1,SSG-LUGIA-P+center,2144914,2158787,True,41064.0,53962.0,47513.0,-41064.0,53962.0,0.12740128558310376
NC_008061.1,SSG-LUGIA-F,2144914,2158787,True,48714.0,53512.0,51113.0,-48714.0,53512.0,0.11950043066322136
NC_008061.1,SSG-LUGIA-F+center,2144914,2158787,True,43764.0,58462.0,51113.0,-43764.0,58462.0,0.11950043066322136
NC_008061.1,SSG-LUGIA-R,2144914,2158787,True,49614.0,63812.0,56713.0,-49614.0,63812.0,0.10898664571877455
NC_008061.1,SSG-LUGIA-R+center,2144914,2158787,True,44664.0,68762.0,56713.0,-44664.0,68762.0,0.10898664571877455
NC_008060.1,SSG-LUGIA-P,316790,325160,True,6010.0,9639.0,7824.5,6010.0,9639.0,0.13109383675735703
NC_008060.1,SSG-LUGIA-P,1429644,1461776,False,,,,,,0.0
NC_008060.1,SSG-LUGIA-P,1491645,1509547,False,,,,,,0.0
NC_008060.1,SSG-LUGIA-P,1521248,1529418,False,,,,,,0.0
NC_008060.1,SSG-LUGIA-P,1550122,1571960,True,5122.0,5861.0,5491.5,-5122.0,-5861.0,0.5926338043841104
NC_008060.1,SSG-LUGIA-P,1586747,1606892,False,,,,,,0.0
NC_008060.1,SSG-LUGIA-P,1612409,1648735,False,,,,,,0.0
NC_008060.1,SSG-LUGIA-P,1672259,1684138,False,,,,,,0.0
NC_008060.1,SSG-LUGIA-P,1684757,1724820,False,,,,,,0.0
NC_008060.1,SSG-LUGIA-P,1729553,1739258,False,,,,,,0.0
NC_008060.1,SSG-LUGIA-P+center,316790,325160,False,,,,,,0.0
NC_008060.1,SSG-LUGIA-P+center,1429644,1461776,False,,,,,,0.0
NC_008060.1,SSG-LUGIA-P+center,1491645,1509547,False,,,,,,0.0
NC_008060.1,SSG-LUGIA-P+center,1521248,1529418,False,,,,,,0.0
NC_008060.1,SSG-LUGIA-P+center,1550122,1571960,True,172.0,911.0,541.5,-172.0,-911.0,0.950797328608423
NC_008060.1,SSG-LUGIA-P+center,1586747,1606892,False,,,,,,0.0
NC_008060.1,SSG-LUGIA-P+center,1612409,1648735,False,,,,,,0.0
NC_008060.1,SSG-LUGIA-P+center,1672259,1684138,False,,,,,,0.0
NC_008060.1,SSG-LUGIA-P+center,1684757,1724820,False,,,,,,0.0
NC_008060.1,SSG-LUGIA-P+center,1729553,1739258,False,,,,,,0.0
NC_008060.1,SSG-LUGIA-F,316790,325160,True,9790.0,12339.0,11064.5,-9790.0,12339.0,0.2744590163934426
NC_008060.1,SSG-LUGIA-F,1429644,1461776,False,,,,,,0.0
NC_008060.1,SSG-LUGIA-F,1491645,1509547,False,,,,,,0.0
NC_008060.1,SSG-LUGIA-F,1521248,1529418,False,,,,,,0.0
NC_008060.1,SSG-LUGIA-F,1550122,1571960,True,5922.0,5361.0,5641.5,-5922.0,-5361.0,0.5935665141745614
NC_008060.1,SSG-LUGIA-F,1586747,1606892,False,,,,,,0.0
NC_008060.1,SSG-LUGIA-F,1612409,1648735,False,,,,,,0.0
NC_008060.1,SSG-LUGIA-F,1672259,1684138,True,759.0,16961.0,8860.0,-759.0,16961.0,0.40135135135135136
NC_008060.1,SSG-LUGIA-F,1684757,1724820,True,13257.0,23721.0,18489.0,-13257.0,-23721.0,0.30650212861724274
NC_008060.1,SSG-LUGIA-F,1729553,1739258,False,,,,,,0.0
NC_008060.1,SSG-LUGIA-F+center,316790,325160,True,4840.0,17289.0,11064.5,-4840.0,17289.0,0.2744590163934426
NC_008060.1,SSG-LUGIA-F+center,1429644,1461776,False,,,,,,0.0
NC_008060.1,SSG-LUGIA-F+center,1491645,1509547,False,,,,,,0.0
NC_008060.1,SSG-LUGIA-F+center,1521248,1529418,False,,,,,,0.0
NC_008060.1,SSG-LUGIA-F+center,1550122,1571960,True,972.0,411.0,691.5,-972.0,-411.0,0.9393713559247732
NC_008060.1,SSG-LUGIA-F+center,1586747,1606892,False,,,,,,0.0
NC_008060.1,SSG-LUGIA-F+center,1612409,1648735,False,,,,,,0.0
NC_008060.1,SSG-LUGIA-F+center,1672259,1684138,True,4191.0,21911.0,13051.0,4191.0,21911.0,0.22754579621792784
NC_008060.1,SSG-LUGIA-F+center,1684757,1724820,True,8307.0,18771.0,13539.0,-8307.0,-18771.0,0.44020177379008085
NC_008060.1,SSG-LUGIA-F+center,1729553,1739258,False,,,,,,0.0
NC_008060.1,SSG-LUGIA-R,316790,325160,True,16190.0,20939.0,18564.5,-16190.0,20939.0,0.183978021978022
NC_008060.1,SSG-LUGIA-R,1429644,1461776,True,3944.0,23423.0,13683.5,-3944.0,23423.0,0.5400504201680673
NC_008060.1,SSG-LUGIA-R,1491645,1509547,False,,,,,,0.0
NC_008060.1,SSG-LUGIA-R,1521248,1529418,True,4352.0,44981.0,24666.5,4352.0,44981.0,0.0718505418422637
NC_008060.1,SSG-LUGIA-R,1550122,1571960,True,24522.0,2439.0,13480.5,-24522.0,2439.0,0.4475204918032787
NC_008060.1,SSG-LUGIA-R,1586747,1606892,False,,,,,,0.0
NC_008060.1,SSG-LUGIA-R,1612409,1648735,False,,,,,,0.0
NC_008060.1,SSG-LUGIA-R,1672259,1684138,True,9659.0,25061.0,17360.0,-9659.0,25061.0,0.2549356223175966
NC_008060.1,SSG-LUGIA-R,1684757,1724820,True,22157.0,15621.0,18889.0,-22157.0,-15621.0,0.3928416451037431
NC_008060.1,SSG-LUGIA-R,1729553,1739258,False,,,,,,0.0
NC_008060.1,SSG-LUGIA-R+center,316790,325160,True,11240.0,25889.0,18564.5,-11240.0,25889.0,0.183978021978022
NC_008060.1,SSG-LUGIA-R+center,1429644,1461776,True,1006.0,28373.0,14689.5,1006.0,28373.0,0.5144448484447823
NC_008060.1,SSG-LUGIA-R+center,1491645,1509547,False,,,,,,0.0
NC_008060.1,SSG-LUGIA-R+center,1521248,1529418,False,,,,,,0.0
NC_008060.1,SSG-LUGIA-R+center,1550122,1571960,True,19572.0,7389.0,13480.5,-19572.0,7389.0,0.4475204918032787
NC_008060.1,SSG-LUGIA-R+center,1586747,1606892,False,,,,,,0.0
NC_008060.1,SSG-LUGIA-R+center,1612409,1648735,False,,,,,,0.0
NC_008060.1,SSG-LUGIA-R+center,1672259,1684138,True,4709.0,30011.0,17360.0,-4709.0,30011.0,0.2549356223175966
NC_008060.1,SSG-LUGIA-R+center,1684757,1724820,True,17207.0,10671.0,13939.0,-17207.0,-10671.0,0.5132265893733303
NC_008060.1,SSG-LUGIA-R+center,1729553,1739258,False,,,,,,0.0
NC_008253.1,SSG-LUGIA-P,1947502,1963488,True,10302.0,29911.0,20106.5,-10302.0,29911.0,0.28446619217081853
NC_008253.1,SSG-LUGIA-P,3129481,3140898,True,2881.0,46101.0,24491.0,-2881.0,46101.0,0.18903973509933775
NC_008253.1,SSG-LUGIA-P,3954644,3973937,True,12544.0,46762.0,29653.0,-12544.0,46762.0,0.245470737913486
NC_008253.1,SSG-LUGIA-P,3975679,3990566,True,33579.0,30133.0,31856.0,-33579.0,30133.0,0.1894147582697201
NC_008253.1,SSG-LUGIA-P,3991067,4001864,True,48967.0,18835.0,33901.0,-48967.0,18835.0,0.13737913486005088
NC_008253.1,SSG-LUGIA-P,4007739,4015903,True,65639.0,4796.0,35217.5,-65639.0,4796.0,0.10388040712468194
NC_008253.1,SSG-LUGIA-P,4759316,4770212,True,24416.0,23587.0,24001.5,-24416.0,23587.0,0.18500848896434635
NC_008253.1,SSG-LUGIA-P+center,1947502,1963488,True,5352.0,34861.0,20106.5,-5352.0,34861.0,0.28446619217081853
NC_008253.1,SSG-LUGIA-P+center,3129481,3140898,True,2069.0,51051.0,26560.0,2069.0,51051.0,0.14965823048231924
NC_008253.1,SSG-LUGIA-P+center,3954644,3973937,True,7594.0,51712.0,29653.0,-7594.0,51712.0,0.245470737913486
NC_008253.1,SSG-LUGIA-P+center,3975679,3990566,True,28629.0,35083.0,31856.0,-28629.0,35083.0,0.1894147582697201
NC_008253.1,SSG-LUGIA-P+center,3991067,4001864,True,44017.0,23785.0,33901.0,-44017.0,23785.0,0.13737913486005088
NC_008253.1,SSG-LUGIA-P+center,4007739,4015903,True,60689.0,9746.0,35217.5,-60689.0,9746.0,0.10388040712468194
NC_008253.1,SSG-LUGIA-P+center,4759316,4770212,True,19466.0,28537.0,24001.5,-19466.0,28537.0,0.18500848896434635
NC_008253.1,SSG-LUGIA-F,1947502,1963488,True,11702.0,166211.0,88956.5,-11702.0,166211.0,0.08244971634863332
NC_008253.1,SSG-LUGIA-F,3129481,3140898,True,6181.0,51001.0,28591.0,-6181.0,51001.0,0.16644314868804666
NC_008253.1,SSG-LUGIA-F,3954644,3973937,True,13844.0,49462.0,31653.0,-13844.0,49462.0,0.23358353510895885
NC_008253.1,SSG-LUGIA-F,3975679,3990566,True,34879.0,32833.0,33856.0,-34879.0,32833.0,0.18024213075060533
NC_008253.1,SSG-LUGIA-F,3991067,4001864,True,50267.0,21535.0,35901.0,-50267.0,21535.0,0.13072639225181598
NC_008253.1,SSG-LUGIA-F,4007739,4015903,True,66939.0,7496.0,37217.5,-66939.0,7496.0,0.0988498789346247
NC_008253.1,SSG-LUGIA-F,4759316,4770212,True,26816.0,75787.0,51301.5,-26816.0,75787.0,0.09600881057268723
NC_008253.1,SSG-LUGIA-F+center,1947502,1963488,True,6752.0,171161.0,88956.5,-6752.0,171161.0,0.08244971634863332
NC_008253.1,SSG-LUGIA-F+center,3129481,3140898,True,1231.0,55951.0,28591.0,-1231.0,55951.0,0.16644314868804666
NC_008253.1,SSG-LUGIA-F+center,3954644,3973937,True,8894.0,54412.0,31653.0,-8894.0,54412.0,0.23358353510895885
NC_008253.1,SSG-LUGIA-F+center,3975679,3990566,True,29929.0,37783.0,33856.0,-29929.0,37783.0,0.18024213075060533
NC_008253.1,SSG-LUGIA-F+center,3991067,4001864,True,45317.0,26485.0,35901.0,-45317.0,26485.0,0.13072639225181598
NC_008253.1,SSG-LUGIA-F+center,4007739,4015903,True,61989.0,12446.0,37217.5,-61989.0,12446.0,0.0988498789346247
NC_008253.1,SSG-LUGIA-F+center,4759316,4770212,True,21866.0,80737.0,51301.5,-21866.0,80737.0,0.09600881057268723
NC_008253.1,SSG-LUGIA-R,1947502,1963488,True,23602.0,198411.0,111006.5,-23602.0,198411.0,0.06717226890756303
NC_008253.1,SSG-LUGIA-R,3129481,3140898,True,7581.0,66301.0,36941.0,-7581.0,66301.0,0.13385697538100821
NC_008253.1,SSG-LUGIA-R,3954644,3973937,True,15644.0,57062.0,36353.0,-15644.0,57062.0,0.20971739130434783
NC_008253.1,SSG-LUGIA-R,3975679,3990566,True,36679.0,40433.0,38556.0,-36679.0,40433.0,0.16182608695652173
NC_008253.1,SSG-LUGIA-R,3991067,4001864,True,52067.0,29135.0,40601.0,-52067.0,29135.0,0.11736956521739131
NC_008253.1,SSG-LUGIA-R,4007739,4015903,True,68739.0,15096.0,41917.5,-68739.0,15096.0,0.08875
NC_008253.1,SSG-LUGIA-R,4759316,4770212,True,36516.0,113987.0,75251.5,-36516.0,113987.0,0.06751548946716233
NC_008253.1,SSG-LUGIA-R+center,1947502,1963488,True,18652.0,203361.0,111006.5,-18652.0,203361.0,0.06717226890756303
NC_008253.1,SSG-LUGIA-R+center,3129481,3140898,True,2631.0,71251.0,36941.0,-2631.0,71251.0,0.13385697538100821
NC_008253.1,SSG-LUGIA-R+center,3954644,3973937,True,10694.0,62012.0,36353.0,-10694.0,62012.0,0.20971739130434783
NC_008253.1,SSG-LUGIA-R+center,3975679,3990566,True,31729.0,45383.0,38556.0,-31729.0,45383.0,0.16182608695652173
NC_008253.1,SSG-LUGIA-R+center,3991067,4001864,True,47117.0,34085.0,40601.0,-47117.0,34085.0,0.11736956521739131
NC_008253.1,SSG-LUGIA-R+center,4007739,4015903,True,63789.0,20046.0,41917.5,-63789.0,20046.0,0.08875
NC_008253.1,SSG-LUGIA-R+center,4759316,4770212,True,31566.0,118937.0,75251.5,-31566.0,118937.0,0.06751548946716233
NC_008258.1,SSG-LUGIA-P,238332,249716,True,832.0,39883.0,20357.5,-832.0,39883.0,0.21852207293666026
NC_008258.1,SSG-LUGIA-P,324412,333838,False,,,,,,0.0
NC_008258.1,SSG-LUGIA-P,1194517,1208293,False,,,,,,0.0
NC_008258.1,SSG-LUGIA-P,3863844,3872028,False,,,,,,0.0
NC_008258.1,SSG-LUGIA-P,3957477,3967088,False,,,,,,0.0
NC_008258.1,SSG-LUGIA-P+center,238332,249716,True,4118.0,44833.0,24475.5,4118.0,44833.0,0.12926464833327403
NC_008258.1,SSG-LUGIA-P+center,324412,333838,False,,,,,,0.0
NC_008258.1,SSG-LUGIA-P+center,1194517,1208293,False,,,,,,0.0
NC_008258.1,SSG-LUGIA-P+center,3863844,3872028,False,,,,,,0.0
NC_008258.1,SSG-LUGIA-P+center,3957477,3967088,False,,,,,,0.0
NC_008258.1,SSG-LUGIA-F,238332,249716,True,24932.0,42083.0,33507.5,-24932.0,42083.0,0.14521683673469388
NC_008258.1,SSG-LUGIA-F,324412,333838,False,,,,,,0.0
NC_008258.1,SSG-LUGIA-F,1194517,1208293,False,,,,,,0.0
NC_008258.1,SSG-LUGIA-F,3863844,3872028,False,,,,,,0.0
NC_008258.1,SSG-LUGIA-F,3957477,3967088,False,,,,,,0.0
NC_008258.1,SSG-LUGIA-F+center,238332,249716,True,19982.0,47033.0,33507.5,-19982.0,47033.0,0.14521683673469388
NC_008258.1,SSG-LUGIA-F+center,324412,333838,False,,,,,,0.0
NC_008258.1,SSG-LUGIA-F+center,1194517,1208293,False,,,,,,0.0
NC_008258.1,SSG-LUGIA-F+center,3863844,3872028,False,,,,,,0.0
NC_008258.1,SSG-LUGIA-F+center,3957477,3967088,True,11227.0,5239.0,8233.0,-11227.0,-5239.0,0.20984692163731464
NC_008258.1,SSG-LUGIA-R,238332,249716,True,33932.0,43783.0,38857.5,-33932.0,43783.0,0.12777777777777777
NC_008258.1,SSG-LUGIA-R,324412,333838,False,,,,,,0.0
NC_008258.1,SSG-LUGIA-R,1194517,1208293,True,11817.0,5106.0,8461.5,-11817.0,5106.0,0.4487622149837134
NC_008258.1,SSG-LUGIA-R,3863844,3872028,False,,,,,,0.0
NC_008258.1,SSG-LUGIA-R,3957477,3967088,True,25877.0,3411.0,14644.0,-25877.0,3411.0,0.24709511568123393
NC_008258.1,SSG-LUGIA-R+center,238332,249716,True,28982.0,48733.0,38857.5,-28982.0,48733.0,0.12777777777777777
NC_008258.1,SSG-LUGIA-R+center,324412,333838,False,,,,,,0.0
NC_008258.1,SSG-LUGIA-R+center,1194517,1208293,True,6867.0,10056.0,8461.5,-6867.0,10056.0,0.4487622149837134
NC_008258.1,SSG-LUGIA-R+center,3863844,3872028,True,8594.0,4379.0,6486.5,-8594.0,-4379.0,0.22683115799511294
NC_008258.1,SSG-LUGIA-R+center,3957477,3967088,True,20927.0,8361.0,14644.0,-20927.0,8361.0,0.24709511568123393
NC_008321.1,SSG-LUGIA-P,1999634,2045692,True,5334.0,4693.0,5013.5,-5334.0,-4693.0,0.8048956083513319
NC_008321.1,SSG-LUGIA-P,2206970,2222120,False,,,,,,0.0
NC_008321.1,SSG-LUGIA-P,2350995,2373506,False,,,,,,0.0
NC_008321.1,SSG-LUGIA-P,2377915,2387341,False,,,,,,0.0
NC_008321.1,SSG-LUGIA-P,2465208,2474509,False,,,,,,0.0
NC_008321.1,SSG-LUGIA-P,2665660,2678192,True,16660.0,4707.0,10683.5,-16660.0,4707.0,0.36970501474926254
NC_008321.1,SSG-LUGIA-P,3826007,3838041,True,8707.0,3158.0,5932.5,-8707.0,3158.0,0.5035564853556486
NC_008321.1,SSG-LUGIA-P,3839312,3850187,True,22012.0,8988.0,15500.0,-22012.0,-8988.0,0.05740695694478229
NC_008321.1,SSG-LUGIA-P,4036255,4048109,False,,,,,,0.0
NC_008321.1,SSG-LUGIA-P+center,1999634,2045692,True,384.0,257.0,320.5,-384.0,257.0,0.9862740899357602
NC_008321.1,SSG-LUGIA-P+center,2206970,2222120,False,,,,,,0.0
NC_008321.1,SSG-LUGIA-P+center,2350995,2373506,False,,,,,,0.0
NC_008321.1,SSG-LUGIA-P+center,2377915,2387341,False,,,,,,0.0
NC_008321.1,SSG-LUGIA-P+center,2465208,2474509,False,,,,,,0.0
NC_008321.1,SSG-LUGIA-P+center,2665660,2678192,True,11710.0,9657.0,10683.5,-11710.0,9657.0,0.36970501474926254
NC_008321.1,SSG-LUGIA-P+center,3826007,3838041,True,3757.0,8108.0,5932.5,-3757.0,8108.0,0.5035564853556486
NC_008321.1,SSG-LUGIA-P+center,3839312,3850187,True,17062.0,4038.0,10550.0,-17062.0,-4038.0,0.24475624597322643
NC_008321.1,SSG-LUGIA-P+center,4036255,4048109,False,,,,,,0.0
NC_008321.1,SSG-LUGIA-F,1999634,2045692,True,9234.0,2093.0,5663.5,-9234.0,-2093.0,0.7951458593311993
NC_008321.1,SSG-LUGIA-F,2206970,2222120,False,,,,,,0.0
NC_008321.1,SSG-LUGIA-F,2350995,2373506,False,,,,,,0.0
NC_008321.1,SSG-LUGIA-F,2377915,2387341,False,,,,,,0.0
NC_008321.1,SSG-LUGIA-F,2465208,2474509,False,,,,,,0.0
NC_008321.1,SSG-LUGIA-F,2665660,2678192,True,17760.0,7307.0,12533.5,-17760.0,7307.0,0.3333244680851064
NC_008321.1,SSG-LUGIA-F,3826007,3838041,True,9007.0,5558.0,7282.5,-9007.0,5558.0,0.45244360902255637
NC_008321.1,SSG-LUGIA-F,3839312,3850187,True,22312.0,6588.0,14450.0,-22312.0,-6588.0,0.1292033265035555
NC_008321.1,SSG-LUGIA-F,4036255,4048109,False,,,,,,0.0
NC_008321.1,SSG-LUGIA-F+center,1999634,2045692,True,4284.0,2857.0,3570.5,-4284.0,2857.0,0.8657706766917294
NC_008321.1,SSG-LUGIA-F+center,2206970,2222120,False,,,,,,0.0
NC_008321.1,SSG-LUGIA-F+center,2350995,2373506,False,,,,,,0.0
NC_008321.1,SSG-LUGIA-F+center,2377915,2387341,False,,,,,,0.0
NC_008321.1,SSG-LUGIA-F+center,2465208,2474509,False,,,,,,0.0
NC_008321.1,SSG-LUGIA-F+center,2665660,2678192,True,12810.0,12257.0,12533.5,-12810.0,12257.0,0.3333244680851064
NC_008321.1,SSG-LUGIA-F+center,3826007,3838041,True,4057.0,10508.0,7282.5,-4057.0,10508.0,0.45244360902255637
NC_008321.1,SSG-LUGIA-F+center,3839312,3850187,True,17362.0,1638.0,9500.0,-17362.0,-1638.0,0.3271478150010624
NC_008321.1,SSG-LUGIA-F+center,4036255,4048109,False,,,,,,0.0
NC_008321.1,SSG-LUGIA-R,1999634,2045692,True,22534.0,7407.0,14970.5,-22534.0,7407.0,0.6060394736842105
NC_008321.1,SSG-LUGIA-R,2206970,2222120,True,14130.0,10479.0,12304.5,14130.0,10479.0,0.03983612953570035
NC_008321.1,SSG-LUGIA-R,2350995,2373506,True,7105.0,293.0,3699.0,7105.0,293.0,0.6755974566980926
NC_008321.1,SSG-LUGIA-R,2377915,2387341,False,,,,,,0.0
NC_008321.1,SSG-LUGIA-R,2465208,2474509,True,2908.0,35590.0,19249.0,-2908.0,35590.0,0.19460251046025104
NC_008321.1,SSG-LUGIA-R,2665660,2678192,True,24960.0,15807.0,20383.5,-24960.0,15807.0,0.235140712945591
NC_008321.1,SSG-LUGIA-R,3826007,3838041,True,9507.0,13558.0,11532.5,-9507.0,13558.0,0.34287749287749286
NC_008321.1,SSG-LUGIA-R,3839312,3850187,True,22812.0,1412.0,12112.0,-22812.0,1412.0,0.3098575498575499
NC_008321.1,SSG-LUGIA-R,4036255,4048109,False,,,,,,0.0
NC_008321.1,SSG-LUGIA-R+center,1999634,2045692,True,17584.0,12357.0,14970.5,-17584.0,12357.0,0.6060394736842105
NC_008321.1,SSG-LUGIA-R+center,2206970,2222120,False,,,,,,0.0
NC_008321.1,SSG-LUGIA-R+center,2350995,2373506,True,12055.0,5243.0,8649.0,12055.0,5243.0,0.37676094397405874
NC_008321.1,SSG-LUGIA-R+center,2377915,2387341,True,14865.0,8592.0,11728.5,-14865.0,-8592.0,0.034373456281903504
NC_008321.1,SSG-LUGIA-R+center,2465208,2474509,True,2042.0,40540.0,21291.0,2042.0,40540.0,0.14566028650535692
NC_008321.1,SSG-LUGIA-R+center,2665660,2678192,True,20010.0,20757.0,20383.5,-20010.0,20757.0,0.235140712945591
NC_008321.1,SSG-LUGIA-R+center,3826007,3838041,True,4557.0,18508.0,11532.5,-4557.0,18508.0,0.34287749287749286
NC_008321.1,SSG-LUGIA-R+center,3839312,3850187,True,17862.0,6362.0,12112.0,-17862.0,6362.0,0.3098575498575499
NC_008321.1,SSG-LUGIA-R+center,4036255,4048109,False,,,,,,0.0
NC_008322.1,SSG-LUGIA-P,656346,668192,False,,,,,,0.0
NC_008322.1,SSG-LUGIA-P,1174646,1194549,True,2546.0,6150.0,4348.0,-2546.0,6150.0,0.695944055944056
NC_008322.1,SSG-LUGIA-P,2084660,2122888,True,4160.0,2289.0,3224.5,-4160.0,-2289.0,0.8478614734954824
NC_008322.1,SSG-LUGIA-P,2240188,2249744,False,,,,,,0.0
NC_008322.1,SSG-LUGIA-P,2327486,2336921,False,,,,,,0.0
NC_008322.1,SSG-LUGIA-P,2338857,2353093,False,,,,,,0.0
NC_008322.1,SSG-LUGIA-P,2494719,2509928,False,,,,,,0.0
NC_008322.1,SSG-LUGIA-P,2733622,2749041,True,15622.0,4542.0,10082.0,-15622.0,-4542.0,0.35042845177501447
NC_008322.1,SSG-LUGIA-P,3388774,3397370,False,,,,,,0.0
NC_008322.1,SSG-LUGIA-P+center,656346,668192,False,,,,,,0.0
NC_008322.1,SSG-LUGIA-P+center,1174646,1194549,True,2404.0,11100.0,6752.0,2404.0,11100.0,0.5644432976390144
NC_008322.1,SSG-LUGIA-P+center,2084660,2122888,True,790.0,2661.0,1725.5,790.0,2661.0,0.9156028368794327
NC_008322.1,SSG-LUGIA-P+center,2240188,2249744,False,,,,,,0.0
NC_008322.1,SSG-LUGIA-P+center,2327486,2336921,False,,,,,,0.0
NC_008322.1,SSG-LUGIA-P+center,2338857,2353093,False,,,,,,0.0
NC_008322.1,SSG-LUGIA-P+center,2494719,2509928,False,,,,,,0.0
NC_008322.1,SSG-LUGIA-P+center,2733622,2749041,True,10672.0,408.0,5540.0,-10672.0,408.0,0.5818867924528301
NC_008322.1,SSG-LUGIA-P+center,3388774,3397370,False,,,,,,0.0
NC_008322.1,SSG-LUGIA-F,656346,668192,False,,,,,,0.0
NC_008322.1,SSG-LUGIA-F,1174646,1194549,True,3246.0,6650.0,4948.0,-3246.0,6650.0,0.6679194630872484
NC_008322.1,SSG-LUGIA-F,2084660,2122888,True,7360.0,2089.0,4724.5,-7360.0,-2089.0,0.7927350896049485
NC_008322.1,SSG-LUGIA-F,2240188,2249744,False,,,,,,0.0
NC_008322.1,SSG-LUGIA-F,2327486,2336921,False,,,,,,0.0
NC_008322.1,SSG-LUGIA-F,2338857,2353093,False,,,,,,0.0
NC_008322.1,SSG-LUGIA-F,2494719,2509928,False,,,,,,0.0
NC_008322.1,SSG-LUGIA-F,2733622,2749041,True,17522.0,2058.0,9790.0,-17522.0,2058.0,0.44057142857142856
NC_008322.1,SSG-LUGIA-F,3388774,3397370,False,,,,,,0.0
NC_008322.1,SSG-LUGIA-F+center,656346,668192,False,,,,,,0.0
NC_008322.1,SSG-LUGIA-F+center,1174646,1194549,True,1704.0,11600.0,6652.0,1704.0,11600.0,0.5777044184865414
NC_008322.1,SSG-LUGIA-F+center,2084660,2122888,True,2410.0,2861.0,2635.5,-2410.0,2861.0,0.8788275862068966
NC_008322.1,SSG-LUGIA-F+center,2240188,2249744,False,,,,,,0.0
NC_008322.1,SSG-LUGIA-F+center,2327486,2336921,False,,,,,,0.0
NC_008322.1,SSG-LUGIA-F+center,2338857,2353093,False,,,,,,0.0
NC_008322.1,SSG-LUGIA-F+center,2494719,2509928,False,,,,,,0.0
NC_008322.1,SSG-LUGIA-F+center,2733622,2749041,True,12572.0,7008.0,9790.0,-12572.0,7008.0,0.44057142857142856
NC_008322.1,SSG-LUGIA-F+center,3388774,3397370,False,,,,,,0.0
NC_008322.1,SSG-LUGIA-R,656346,668192,True,24146.0,2993.0,13569.5,-24146.0,-2993.0,0.24599227627594256
NC_008322.1,SSG-LUGIA-R,1174646,1194549,True,14146.0,16250.0,15198.0,-14146.0,16250.0,0.3957057654075547
NC_008322.1,SSG-LUGIA-R,2084660,2122888,True,26460.0,5111.0,15785.5,-26460.0,5111.0,0.5476934097421203
NC_008322.1,SSG-LUGIA-R,2240188,2249744,False,,,,,,0.0
NC_008322.1,SSG-LUGIA-R,2327486,2336921,False,,,,,,0.0
NC_008322.1,SSG-LUGIA-R,2338857,2353093,False,,,,,,0.0
NC_008322.1,SSG-LUGIA-R,2494719,2509928,False,,,,,,0.0
NC_008322.1,SSG-LUGIA-R,2733622,2749041,True,20122.0,11358.0,15740.0,-20122.0,11358.0,0.32878464818763325
NC_008322.1,SSG-LUGIA-R,3388774,3397370,True,16674.0,8929.0,12801.5,-16674.0,8929.0,0.251374269005848
NC_008322.1,SSG-LUGIA-R+center,656346,668192,True,19196.0,1957.0,10576.5,-19196.0,1957.0,0.359
NC_008322.1,SSG-LUGIA-R+center,1174646,1194549,True,9196.0,21200.0,15198.0,-9196.0,21200.0,0.3957057654075547
NC_008322.1,SSG-LUGIA-R+center,2084660,2122888,True,21510.0,10061.0,15785.5,-21510.0,10061.0,0.5476934097421203
NC_008322.1,SSG-LUGIA-R+center,2240188,2249744,True,66338.0,8995.0,37666.5,-66338.0,-8995.0,0.007404967389156071
NC_008322.1,SSG-LUGIA-R+center,2327486,2336921,False,,,,,,0.0
NC_008322.1,SSG-LUGIA-R+center,2338857,2353093,False,,,,,,0.0
NC_008322.1,SSG-LUGIA-R+center,2494719,2509928,False,,,,,,0.0
NC_008322.1,SSG-LUGIA-R+center,2733622,2749041,True,15172.0,16308.0,15740.0,-15172.0,16308.0,0.32878464818763325
NC_008322.1,SSG-LUGIA-R+center,3388774,3397370,True,11724.0,13879.0,12801.5,-11724.0,13879.0,0.251374269005848
NC_008390.1,SSG-LUGIA-P,2160520,2170434,True,4120.0,41265.0,22692.5,-4120.0,41265.0,0.17929475587703436
NC_008390.1,SSG-LUGIA-P+center,2160520,2170434,True,830.0,46215.0,23522.5,830.0,46215.0,0.1618564047746303
NC_008390.1,SSG-LUGIA-F,2160520,2170434,True,4920.0,42065.0,23492.5,-4920.0,42065.0,0.1742530755711775
NC_008390.1,SSG-LUGIA-F+center,2160520,2170434,True,30.0,47015.0,23522.5,30.0,47015.0,0.17363428772176356
NC_008390.1,SSG-LUGIA-R,2160520,2170434,True,7920.0,74765.0,41342.5,-7920.0,74765.0,0.10707343412526998
NC_008390.1,SSG-LUGIA-R+center,2160520,2170434,True,2970.0,79715.0,41342.5,-2970.0,79715.0,0.10707343412526998
NC_008543.1,SSG-LUGIA-P,110985,122079,True,59285.0,40320.0,49802.5,-59285.0,40320.0,0.10022583559168925
NC_008543.1,SSG-LUGIA-P+center,110985,122079,True,54335.0,45270.0,49802.5,-54335.0,45270.0,0.10022583559168925
NC_008543.1,SSG-LUGIA-F,110985,122079,True,64685.0,41920.0,53302.5,-64685.0,41920.0,0.09426508071367884
NC_008543.1,SSG-LUGIA-F+center,110985,122079,True,59735.0,46870.0,53302.5,-59735.0,46870.0,0.09426508071367884
NC_008543.1,SSG-LUGIA-R,110985,122079,True,77185.0,47320.0,62252.5,-77185.0,47320.0,0.08182153392330384
NC_008543.1,SSG-LUGIA-R+center,110985,122079,True,72235.0,52270.0,62252.5,-72235.0,52270.0,0.08182153392330384
NC_008463.1,SSG-LUGIA-P,288289,297900,True,6189.0,9299.0,7744.0,-6189.0,9299.0,0.3829482071713147
NC_008463.1,SSG-LUGIA-P,1801155,1811031,False,,,,,,0.0
NC_008463.1,SSG-LUGIA-P,1924271,1941370,True,11771.0,871.0,6321.0,-11771.0,-871.0,0.5621211596411624
NC_008463.1,SSG-LUGIA-P,2474708,2486275,True,7908.0,10024.0,8966.0,-7908.0,10024.0,0.392135593220339
NC_008463.1,SSG-LUGIA-P,2847773,2861014,True,3273.0,10685.0,6979.0,-3273.0,10685.0,0.4868382352941176
NC_008463.1,SSG-LUGIA-P,2926970,2936878,False,,,,,,0.0
NC_008463.1,SSG-LUGIA-P,3778539,3794411,False,,,,,,0.0
NC_008463.1,SSG-LUGIA-P,4313535,4326916,False,,,,,,0.0
NC_008463.1,SSG-LUGIA-P,4860217,4872743,False,,,,,,0.0
NC_008463.1,SSG-LUGIA-P,4873468,4891795,False,,,,,,0.0
NC_008463.1,SSG-LUGIA-P,5347269,5355677,True,109769.0,9922.0,59845.5,-109769.0,9922.0,0.0656440281030445
NC_008463.1,SSG-LUGIA-P+center,288289,297900,True,1239.0,14249.0,7744.0,-1239.0,14249.0,0.3829482071713147
NC_008463.1,SSG-LUGIA-P+center,1801155,1811031,False,,,,,,0.0
NC_008463.1,SSG-LUGIA-P+center,1924271,1941370,True,6821.0,4079.0,5450.0,-6821.0,4079.0,0.6107142857142858
NC_008463.1,SSG-LUGIA-P+center,2474708,2486275,True,2958.0,14974.0,8966.0,-2958.0,14974.0,0.392135593220339
NC_008463.1,SSG-LUGIA-P+center,2847773,2861014,True,1677.0,15635.0,8656.0,1677.0,15635.0,0.40049174083180383
NC_008463.1,SSG-LUGIA-P+center,2926970,2936878,False,,,,,,0.0
NC_008463.1,SSG-LUGIA-P+center,3778539,3794411,False,,,,,,0.0
NC_008463.1,SSG-LUGIA-P+center,4313535,4326916,False,,,,,,0.0
NC_008463.1,SSG-LUGIA-P+center,4860217,4872743,False,,,,,,0.0
NC_008463.1,SSG-LUGIA-P+center,4873468,4891795,False,,,,,,0.0
NC_008463.1,SSG-LUGIA-P+center,5347269,5355677,True,104819.0,14872.0,59845.5,-104819.0,14872.0,0.0656440281030445
NC_008463.1,SSG-LUGIA-F,288289,297900,True,9489.0,10899.0,10194.0,-9489.0,10899.0,0.3204
NC_008463.1,SSG-LUGIA-F,1801155,1811031,False,,,,,,0.0
NC_008463.1,SSG-LUGIA-F,1924271,1941370,True,15771.0,471.0,8121.0,-15771.0,-471.0,0.5058866478050561
NC_008463.1,SSG-LUGIA-F,2474708,2486275,True,8308.0,10624.0,9466.0,-8308.0,10624.0,0.3792786885245902
NC_008463.1,SSG-LUGIA-F,2847773,2861014,True,3973.0,11385.0,7679.0,-3973.0,11385.0,0.463006993006993
NC_008463.1,SSG-LUGIA-F,2926970,2936878,False,,,,,,0.0
NC_008463.1,SSG-LUGIA-F,3778539,3794411,False,,,,,,0.0
NC_008463.1,SSG-LUGIA-F,4313535,4326916,False,,,,,,0.0
NC_008463.1,SSG-LUGIA-F,4860217,4872743,True,683.0,14856.0,7769.5,683.0,14856.0,0.4325311324544425
NC_008463.1,SSG-LUGIA-F,4873468,4891795,True,12568.0,4196.0,8382.0,-12568.0,-4196.0,0.457405489383739
NC_008463.1,SSG-LUGIA-F,5347269,5355677,True,113669.0,12022.0,62845.5,-113669.0,12022.0,0.06270693512304251
NC_008463.1,SSG-LUGIA-F+center,288289,297900,True,4539.0,15849.0,10194.0,-4539.0,15849.0,0.3204
NC_008463.1,SSG-LUGIA-F+center,1801155,1811031,False,,,,,,0.0
NC_008463.1,SSG-LUGIA-F+center,1924271,1941370,True,10821.0,4479.0,7650.0,-10821.0,4479.0,0.5277777777777778
NC_008463.1,SSG-LUGIA-F+center,2474708,2486275,True,3358.0,15574.0,9466.0,-3358.0,15574.0,0.3792786885245902
NC_008463.1,SSG-LUGIA-F+center,2847773,2861014,True,977.0,16335.0,8656.0,977.0,16335.0,0.4146803259289313
NC_008463.1,SSG-LUGIA-F+center,2926970,2936878,False,,,,,,0.0
NC_008463.1,SSG-LUGIA-F+center,3778539,3794411,False,,,,,,0.0
NC_008463.1,SSG-LUGIA-F+center,4313535,4326916,False,,,,,,0.0
NC_008463.1,SSG-LUGIA-F+center,4860217,4872743,True,5633.0,19806.0,12719.5,5633.0,19806.0,0.21321869297621626
NC_008463.1,SSG-LUGIA-F+center,4873468,4891795,True,7618.0,754.0,4186.0,-7618.0,754.0,0.6864419475655431
NC_008463.1,SSG-LUGIA-F+center,5347269,5355677,True,108719.0,16972.0,62845.5,-108719.0,16972.0,0.06270693512304251
NC_008463.1,SSG-LUGIA-R,288289,297900,True,12989.0,19899.0,16444.0,-12989.0,19899.0,0.22616470588235293
NC_008463.1,SSG-LUGIA-R,1801155,1811031,False,,,,,,0.0
NC_008463.1,SSG-LUGIA-R,1924271,1941370,True,29571.0,1229.0,15400.0,-29571.0,1229.0,0.3569937369519833
NC_008463.1,SSG-LUGIA-R,2474708,2486275,True,17108.0,13424.0,15266.0,-17108.0,13424.0,0.27477434679334917
NC_008463.1,SSG-LUGIA-R,2847773,2861014,True,6273.0,25385.0,15829.0,-6273.0,25385.0,0.2949220489977728
NC_008463.1,SSG-LUGIA-R,2926970,2936878,True,29170.0,53321.0,41245.5,-29170.0,53321.0,0.10724025974025975
NC_008463.1,SSG-LUGIA-R,3778539,3794411,True,7539.0,812.0,4175.5,-7539.0,-812.0,0.6433025798735691
NC_008463.1,SSG-LUGIA-R,4313535,4326916,False,,,,,,0.0
NC_008463.1,SSG-LUGIA-R,4860217,4872743,True,6917.0,49256.0,28086.5,-6917.0,49256.0,0.18234352256186317
NC_008463.1,SSG-LUGIA-R,4873468,4891795,True,20168.0,30204.0,25186.0,-20168.0,30204.0,0.266783114992722
NC_008463.1,SSG-LUGIA-R,5347269,5355677,True,140369.0,20722.0,80545.5,-140369.0,20722.0,0.04961061946902655
NC_008463.1,SSG-LUGIA-R+center,288289,297900,True,8039.0,24849.0,16444.0,-8039.0,24849.0,0.22616470588235293
NC_008463.1,SSG-LUGIA-R+center,1801155,1811031,False,,,,,,0.0
NC_008463.1,SSG-LUGIA-R+center,1924271,1941370,True,24621.0,6179.0,15400.0,-24621.0,6179.0,0.3569937369519833
NC_008463.1,SSG-LUGIA-R+center,2474708,2486275,True,12158.0,18374.0,15266.0,-12158.0,18374.0,0.27477434679334917
NC_008463.1,SSG-LUGIA-R+center,2847773,2861014,True,1323.0,30335.0,15829.0,-1323.0,30335.0,0.2949220489977728
NC_008463.1,SSG-LUGIA-R+center,2926970,2936878,True,24220.0,58271.0,41245.5,-24220.0,58271.0,0.10724025974025975
NC_008463.1,SSG-LUGIA-R+center,3778539,3794411,True,2589.0,4138.0,3363.5,-2589.0,4138.0,0.7023451327433629
NC_008463.1,SSG-LUGIA-R+center,4313535,4326916,True,16885.0,10967.0,13926.0,-16885.0,-10967.0,0.07978987015561502
NC_008463.1,SSG-LUGIA-R+center,4860217,4872743,True,1967.0,54206.0,28086.5,-1967.0,54206.0,0.18234352256186317
NC_008463.1,SSG-LUGIA-R+center,4873468,4891795,True,15218.0,35154.0,25186.0,-15218.0,35154.0,0.266783114992722
NC_008463.1,SSG-LUGIA-R+center,5347269,5355677,True,135419.0,25672.0,80545.5,-135419.0,25672.0,0.04961061946902655
NC_008563.1,SSG-LUGIA-P,241954,250331,True,8954.0,16468.0,12711.0,-8954.0,16468.0,0.24786982248520711
NC_008563.1,SSG-LUGIA-P,295123,313741,True,5723.0,142.0,2932.5,-5723.0,-142.0,0.7590584175499138
NC_008563.1,SSG-LUGIA-P,1195788,1215853,True,14688.0,10546.0,12617.0,-14688.0,10546.0,0.4429580573951435
NC_008563.1,SSG-LUGIA-P,1346400,1362180,True,9600.0,3419.0,6509.5,-9600.0,3419.0,0.5479513888888888
NC_008563.1,SSG-LUGIA-P,2740480,2750882,False,,,,,,0.0
NC_008563.1,SSG-LUGIA-P,3315877,3325237,True,6577.0,43662.0,25119.5,-6577.0,43662.0,0.15706375838926173
NC_008563.1,SSG-LUGIA-P,4743683,4754678,False,,,,,,0.0
NC_008563.1,SSG-LUGIA-P,5022454,5038542,True,16754.0,43.0,8398.5,-16754.0,-43.0,0.48856681789117923
NC_008563.1,SSG-LUGIA-P+center,241954,250331,True,4004.0,21418.0,12711.0,-4004.0,21418.0,0.24786982248520711
NC_008563.1,SSG-LUGIA-P+center,295123,313741,True,773.0,4808.0,2790.5,-773.0,4808.0,0.7693801652892562
NC_008563.1,SSG-LUGIA-P+center,1195788,1215853,True,9738.0,15496.0,12617.0,-9738.0,15496.0,0.4429580573951435
NC_008563.1,SSG-LUGIA-P+center,1346400,1362180,True,4650.0,8369.0,6509.5,-4650.0,8369.0,0.5479513888888888
NC_008563.1,SSG-LUGIA-P+center,2740480,2750882,False,,,,,,0.0
NC_008563.1,SSG-LUGIA-P+center,3315877,3325237,True,1627.0,48612.0,25119.5,-1627.0,48612.0,0.15706375838926173
NC_008563.1,SSG-LUGIA-P+center,4743683,4754678,False,,,,,,0.0
NC_008563.1,SSG-LUGIA-P+center,5022454,5038542,True,11804.0,4907.0,8355.5,-11804.0,4907.0,0.49051829268292685
NC_008563.1,SSG-LUGIA-F,241954,250331,True,10654.0,17568.0,14111.0,-10654.0,17568.0,0.2289071038251366
NC_008563.1,SSG-LUGIA-F,295123,313741,True,6523.0,28258.0,17390.5,-6523.0,28258.0,0.34867041198501875
NC_008563.1,SSG-LUGIA-F,1195788,1215853,True,19888.0,17046.0,18467.0,-19888.0,17046.0,0.35203508771929826
NC_008563.1,SSG-LUGIA-F,1346400,1362180,True,18400.0,3919.0,11159.5,-18400.0,3919.0,0.4141994750656168
NC_008563.1,SSG-LUGIA-F,2740480,2750882,True,5320.0,5617.0,5468.5,5320.0,5617.0,0.31729088639201
NC_008563.1,SSG-LUGIA-F,3315877,3325237,True,12877.0,47462.0,30169.5,-12877.0,47462.0,0.1343041606886657
NC_008563.1,SSG-LUGIA-F,4743683,4754678,True,25283.0,9321.0,17302.0,-25283.0,9321.0,0.241140350877193
NC_008563.1,SSG-LUGIA-F,5022454,5038542,True,21754.0,1157.0,11455.5,-21754.0,1157.0,0.4125384615384615
NC_008563.1,SSG-LUGIA-F+center,241954,250331,True,5704.0,22518.0,14111.0,-5704.0,22518.0,0.2289071038251366
NC_008563.1,SSG-LUGIA-F+center,295123,313741,True,1573.0,33208.0,17390.5,-1573.0,33208.0,0.34867041198501875
NC_008563.1,SSG-LUGIA-F+center,1195788,1215853,True,14938.0,21996.0,18467.0,-14938.0,21996.0,0.35203508771929826
NC_008563.1,SSG-LUGIA-F+center,1346400,1362180,True,13450.0,8869.0,11159.5,-13450.0,8869.0,0.4141994750656168
NC_008563.1,SSG-LUGIA-F+center,2740480,2750882,True,10270.0,10567.0,10418.5,10270.0,10567.0,0.006342393896041965
NC_008563.1,SSG-LUGIA-F+center,3315877,3325237,True,7927.0,52412.0,30169.5,-7927.0,52412.0,0.1343041606886657
NC_008563.1,SSG-LUGIA-F+center,4743683,4754678,True,20333.0,14271.0,17302.0,-20333.0,14271.0,0.241140350877193
NC_008563.1,SSG-LUGIA-F+center,5022454,5038542,True,16804.0,6107.0,11455.5,-16804.0,6107.0,0.4125384615384615
NC_008563.1,SSG-LUGIA-R,241954,250331,True,17854.0,112668.0,65261.0,-17854.0,112668.0,0.06031677465802736
NC_008563.1,SSG-LUGIA-R,295123,313741,True,71023.0,49258.0,60140.5,-71023.0,49258.0,0.1340460763138949
NC_008563.1,SSG-LUGIA-R,1195788,1215853,True,23488.0,25846.0,24667.0,-23488.0,25846.0,0.289135446685879
NC_008563.1,SSG-LUGIA-R,1346400,1362180,True,43900.0,5719.0,24809.5,-43900.0,5719.0,0.24129969418960245
NC_008563.1,SSG-LUGIA-R,2740480,2750882,True,7280.0,52217.0,29748.5,-7280.0,52217.0,0.148826895565093
NC_008563.1,SSG-LUGIA-R,3315877,3325237,True,14077.0,59462.0,36769.5,-14077.0,59462.0,0.11291917973462003
NC_008563.1,SSG-LUGIA-R,4743683,4754678,True,52183.0,19221.0,35702.0,-52183.0,19221.0,0.13344660194174757
NC_008563.1,SSG-LUGIA-R,5022454,5038542,True,41654.0,7257.0,24455.5,-41654.0,7257.0,0.24752307692307693
NC_008563.1,SSG-LUGIA-R+center,241954,250331,True,12904.0,117618.0,65261.0,-12904.0,117618.0,0.06031677465802736
NC_008563.1,SSG-LUGIA-R+center,295123,313741,True,66073.0,54208.0,60140.5,-66073.0,54208.0,0.1340460763138949
NC_008563.1,SSG-LUGIA-R+center,1195788,1215853,True,18538.0,30796.0,24667.0,-18538.0,30796.0,0.289135446685879
NC_008563.1,SSG-LUGIA-R+center,1346400,1362180,True,38950.0,10669.0,24809.5,-38950.0,10669.0,0.24129969418960245
NC_008563.1,SSG-LUGIA-R+center,2740480,2750882,True,2330.0,57167.0,29748.5,-2330.0,57167.0,0.148826895565093
NC_008563.1,SSG-LUGIA-R+center,3315877,3325237,True,9127.0,64412.0,36769.5,-9127.0,64412.0,0.11291917973462003
NC_008563.1,SSG-LUGIA-R+center,4743683,4754678,True,47233.0,24171.0,35702.0,-47233.0,24171.0,0.13344660194174757
NC_008563.1,SSG-LUGIA-R+center,5022454,5038542,True,36704.0,12207.0,24455.5,-36704.0,12207.0,0.24752307692307693
NC_008577.1,SSG-LUGIA-P,1471751,1483331,True,19751.0,27768.0,23759.5,-19751.0,27768.0,0.1959560067681895
NC_008577.1,SSG-LUGIA-P,1486873,1503680,True,34873.0,7419.0,21146.0,-34873.0,7419.0,0.28439932318104905
NC_008577.1,SSG-LUGIA-P,2420769,2435555,True,17169.0,5944.0,11556.5,-17169.0,5944.0,0.39015831134564644
NC_008577.1,SSG-LUGIA-P,2512417,2527377,False,,,,,,0.0
NC_008577.1,SSG-LUGIA-P,2614866,2634657,True,12066.0,7658.0,9862.0,-12066.0,-7658.0,0.3808776445476803
NC_008577.1,SSG-LUGIA-P,2814442,2837690,False,,,,,,0.0
NC_008577.1,SSG-LUGIA-P+center,1471751,1483331,True,14801.0,32718.0,23759.5,-14801.0,32718.0,0.1959560067681895
NC_008577.1,SSG-LUGIA-P+center,1486873,1503680,True,29923.0,12369.0,21146.0,-29923.0,12369.0,0.28439932318104905
NC_008577.1,SSG-LUGIA-P+center,2420769,2435555,True,12219.0,10894.0,11556.5,-12219.0,10894.0,0.39015831134564644
NC_008577.1,SSG-LUGIA-P+center,2512417,2527377,False,,,,,,0.0
NC_008577.1,SSG-LUGIA-P+center,2614866,2634657,True,7116.0,2708.0,4912.0,-7116.0,-2708.0,0.6349041177345027
NC_008577.1,SSG-LUGIA-P+center,2814442,2837690,False,,,,,,0.0
NC_008577.1,SSG-LUGIA-F,1471751,1483331,True,27751.0,29668.0,28709.5,-27751.0,29668.0,0.16784057971014493
NC_008577.1,SSG-LUGIA-F,1486873,1503680,True,42873.0,9319.0,26096.0,-42873.0,9319.0,0.24359420289855072
NC_008577.1,SSG-LUGIA-F,2420769,2435555,True,17469.0,7044.0,12256.5,-17469.0,7044.0,0.3762595419847328
NC_008577.1,SSG-LUGIA-F,2512417,2527377,False,,,,,,0.0
NC_008577.1,SSG-LUGIA-F,2614866,2634657,True,13566.0,3758.0,8662.0,-13566.0,-3758.0,0.48066430841177527
NC_008577.1,SSG-LUGIA-F,2814442,2837690,False,,,,,,0.0
NC_008577.1,SSG-LUGIA-F+center,1471751,1483331,True,22801.0,34618.0,28709.5,-22801.0,34618.0,0.16784057971014493
NC_008577.1,SSG-LUGIA-F+center,1486873,1503680,True,37923.0,14269.0,26096.0,-37923.0,14269.0,0.24359420289855072
NC_008577.1,SSG-LUGIA-F+center,2420769,2435555,True,12519.0,11994.0,12256.5,-12519.0,11994.0,0.3762595419847328
NC_008577.1,SSG-LUGIA-F+center,2512417,2527377,False,,,,,,0.0
NC_008577.1,SSG-LUGIA-F+center,2614866,2634657,True,8616.0,1192.0,4904.0,-8616.0,1192.0,0.6686486486486487
NC_008577.1,SSG-LUGIA-F+center,2814442,2837690,False,,,,,,0.0
NC_008577.1,SSG-LUGIA-R,1471751,1483331,True,53451.0,122268.0,87859.5,-53451.0,122268.0,0.06183128670581954
NC_008577.1,SSG-LUGIA-R,1486873,1503680,True,68573.0,101919.0,85246.0,-68573.0,101919.0,0.08973838761345435
NC_008577.1,SSG-LUGIA-R,2420769,2435555,True,26669.0,11144.0,18906.5,-26669.0,11144.0,0.2811216730038023
NC_008577.1,SSG-LUGIA-R,2512417,2527377,True,32317.0,7722.0,20019.5,-32317.0,7722.0,0.2720181818181818
NC_008577.1,SSG-LUGIA-R,2614866,2634657,True,16166.0,63142.0,39654.0,-16166.0,63142.0,0.19971745711402625
NC_008577.1,SSG-LUGIA-R,2814442,2837690,True,6042.0,2891.0,4466.5,-6042.0,-2891.0,0.6950257758355809
NC_008577.1,SSG-LUGIA-R+center,1471751,1483331,True,48501.0,127218.0,87859.5,-48501.0,127218.0,0.06183128670581954
NC_008577.1,SSG-LUGIA-R+center,1486873,1503680,True,63623.0,106869.0,85246.0,-63623.0,106869.0,0.08973838761345435
NC_008577.1,SSG-LUGIA-R+center,2420769,2435555,True,21719.0,16094.0,18906.5,-21719.0,16094.0,0.2811216730038023
NC_008577.1,SSG-LUGIA-R+center,2512417,2527377,True,27367.0,12672.0,20019.5,-27367.0,12672.0,0.2720181818181818
NC_008577.1,SSG-LUGIA-R+center,2614866,2634657,True,11216.0,68092.0,39654.0,-11216.0,68092.0,0.19971745711402625
NC_008577.1,SSG-LUGIA-R+center,2814442,2837690,True,1092.0,2059.0,1575.5,-1092.0,2059.0,0.8806439393939394
NC_008600.1,SSG-LUGIA-P,2363551,2374698,False,,,,,,0.0
NC_008600.1,SSG-LUGIA-P,4248143,4259159,False,,,,,,0.0
NC_008600.1,SSG-LUGIA-P+center,2363551,2374698,False,,,,,,0.0
NC_008600.1,SSG-LUGIA-P+center,4248143,4259159,False,,,,,,0.0
NC_008600.1,SSG-LUGIA-F,2363551,2374698,False,,,,,,0.0
NC_008600.1,SSG-LUGIA-F,4248143,4259159,False,,,,,,0.0
NC_008600.1,SSG-LUGIA-F+center,2363551,2374698,False,,,,,,0.0
NC_008600.1,SSG-LUGIA-F+center,4248143,4259159,False,,,,,,0.0
NC_008600.1,SSG-LUGIA-R,2363551,2374698,True,23951.0,6101.0,15026.0,-23951.0,6101.0,0.27058252427184465
NC_008600.1,SSG-LUGIA-R,4248143,4259159,True,18343.0,15740.0,17041.5,-18343.0,15740.0,0.24427937915742795
NC_008600.1,SSG-LUGIA-R+center,2363551,2374698,True,19001.0,11051.0,15026.0,-19001.0,11051.0,0.27058252427184465
NC_008600.1,SSG-LUGIA-R+center,4248143,4259159,True,13393.0,20690.0,17041.5,-13393.0,20690.0,0.24427937915742795
NC_008611.1,SSG-LUGIA-P,3588933,3597093,True,4933.0,19206.0,12069.5,-4933.0,19206.0,0.2526625386996904
NC_008611.1,SSG-LUGIA-P+center,3588933,3597093,True,17.0,24156.0,12086.5,17.0,24156.0,0.2520035894420893
NC_008611.1,SSG-LUGIA-F,3588933,3597093,True,10933.0,28006.0,19469.5,-10933.0,28006.0,0.1732696390658174
NC_008611.1,SSG-LUGIA-F+center,3588933,3597093,True,5983.0,32956.0,19469.5,-5983.0,32956.0,0.1732696390658174
NC_008611.1,SSG-LUGIA-R,3588933,3597093,True,29533.0,31306.0,30419.5,-29533.0,31306.0,0.11827536231884057
NC_008611.1,SSG-LUGIA-R+center,3588933,3597093,True,24583.0,36256.0,30419.5,-24583.0,36256.0,0.11827536231884057
NC_008595.1,SSG-LUGIA-P,1422166,1441404,True,6634.0,8495.0,7564.5,6634.0,8495.0,0.45449628614696763
NC_008595.1,SSG-LUGIA-P,1977458,1990544,False,,,,,,0.0
NC_008595.1,SSG-LUGIA-P,5173494,5183748,True,6494.0,79651.0,43072.5,-6494.0,79651.0,0.10637966804979253
NC_008595.1,SSG-LUGIA-P,5184252,5195297,True,17252.0,68102.0,42677.0,-17252.0,68102.0,0.1145850622406639
NC_008595.1,SSG-LUGIA-P,5200965,5216953,True,33965.0,46446.0,40205.5,-33965.0,46446.0,0.16586099585062242
NC_008595.1,SSG-LUGIA-P,5229453,5245184,True,62453.0,18215.0,40334.0,-62453.0,18215.0,0.16319502074688796
NC_008595.1,SSG-LUGIA-P+center,1422166,1441404,True,11584.0,13445.0,12514.5,11584.0,13445.0,0.23421245869538612
NC_008595.1,SSG-LUGIA-P+center,1977458,1990544,False,,,,,,0.0
NC_008595.1,SSG-LUGIA-P+center,5173494,5183748,True,1544.0,84601.0,43072.5,-1544.0,84601.0,0.10637966804979253
NC_008595.1,SSG-LUGIA-P+center,5184252,5195297,True,12302.0,73052.0,42677.0,-12302.0,73052.0,0.1145850622406639
NC_008595.1,SSG-LUGIA-P+center,5200965,5216953,True,29015.0,51396.0,40205.5,-29015.0,51396.0,0.16586099585062242
NC_008595.1,SSG-LUGIA-P+center,5229453,5245184,True,57503.0,23165.0,40334.0,-57503.0,23165.0,0.16319502074688796
NC_008595.1,SSG-LUGIA-F,1422166,1441404,True,4166.0,37495.0,20830.5,-4166.0,37495.0,0.3159113300492611
NC_008595.1,SSG-LUGIA-F,1977458,1990544,False,,,,,,0.0
NC_008595.1,SSG-LUGIA-F,5173494,5183748,True,11994.0,80451.0,46222.5,-11994.0,80451.0,0.0998539435248296
NC_008595.1,SSG-LUGIA-F,5184252,5195297,True,22752.0,68902.0,45827.0,-22752.0,68902.0,0.10755598831548199
NC_008595.1,SSG-LUGIA-F,5200965,5216953,True,39465.0,47246.0,43355.5,-39465.0,47246.0,0.15568646543330086
NC_008595.1,SSG-LUGIA-F,5229453,5245184,True,67953.0,19015.0,43484.0,-67953.0,19015.0,0.1531840311587147
NC_008595.1,SSG-LUGIA-F+center,1422166,1441404,True,784.0,42445.0,21614.5,784.0,42445.0,0.29918617469684194
NC_008595.1,SSG-LUGIA-F+center,1977458,1990544,False,,,,,,0.0
NC_008595.1,SSG-LUGIA-F+center,5173494,5183748,True,7044.0,85401.0,46222.5,-7044.0,85401.0,0.0998539435248296
NC_008595.1,SSG-LUGIA-F+center,5184252,5195297,True,17802.0,73852.0,45827.0,-17802.0,73852.0,0.10755598831548199
NC_008595.1,SSG-LUGIA-F+center,5200965,5216953,True,34515.0,52196.0,43355.5,-34515.0,52196.0,0.15568646543330086
NC_008595.1,SSG-LUGIA-F+center,5229453,5245184,True,63003.0,23965.0,43484.0,-63003.0,23965.0,0.1531840311587147
NC_008595.1,SSG-LUGIA-R,1422166,1441404,True,17266.0,50095.0,33680.5,-17266.0,50095.0,0.2221593533487298
NC_008595.1,SSG-LUGIA-R,1977458,1990544,True,199858.0,10555.0,105206.5,-199858.0,10555.0,0.058554809843400446
NC_008595.1,SSG-LUGIA-R,5173494,5183748,True,17894.0,81851.0,49872.5,-17894.0,81851.0,0.09322727272727273
NC_008595.1,SSG-LUGIA-R,5184252,5195297,True,28652.0,70302.0,49477.0,-28652.0,70302.0,0.10041818181818182
NC_008595.1,SSG-LUGIA-R,5200965,5216953,True,45365.0,48646.0,47005.5,-45365.0,48646.0,0.14535454545454546
NC_008595.1,SSG-LUGIA-R,5229453,5245184,True,73853.0,20415.0,47134.0,-73853.0,20415.0,0.14301818181818182
NC_008595.1,SSG-LUGIA-R+center,1422166,1441404,True,12316.0,55045.0,33680.5,-12316.0,55045.0,0.2221593533487298
NC_008595.1,SSG-LUGIA-R+center,1977458,1990544,True,194908.0,15505.0,105206.5,-194908.0,15505.0,0.058554809843400446
NC_008595.1,SSG-LUGIA-R+center,5173494,5183748,True,12944.0,86801.0,49872.5,-12944.0,86801.0,0.09322727272727273
NC_008595.1,SSG-LUGIA-R+center,5184252,5195297,True,23702.0,75252.0,49477.0,-23702.0,75252.0,0.10041818181818182
NC_008595.1,SSG-LUGIA-R+center,5200965,5216953,True,40415.0,53596.0,47005.5,-40415.0,53596.0,0.14535454545454546
NC_008595.1,SSG-LUGIA-R+center,5229453,5245184,True,68903.0,25365.0,47134.0,-68903.0,25365.0,0.14301818181818182
NC_008819.1,SSG-LUGIA-P,784074,793519,True,9226.0,18880.0,14053.0,9226.0,18880.0,0.007766716091223611
NC_008819.1,SSG-LUGIA-P,814672,824226,False,,,,,,0.0
NC_008819.1,SSG-LUGIA-P+center,784074,793519,False,,,,,,0.0
NC_008819.1,SSG-LUGIA-P+center,814672,824226,True,16422.0,6877.0,11649.5,-16422.0,-6877.0,0.10309119605805135
NC_008819.1,SSG-LUGIA-F,784074,793519,True,11674.0,24780.0,18227.0,-11674.0,24780.0,0.20579520697167755
NC_008819.1,SSG-LUGIA-F,814672,824226,True,42272.0,5927.0,24099.5,-42272.0,-5927.0,0.07000212244582939
NC_008819.1,SSG-LUGIA-F+center,784074,793519,True,6724.0,29730.0,18227.0,-6724.0,29730.0,0.20579520697167755
NC_008819.1,SSG-LUGIA-F+center,814672,824226,True,37322.0,977.0,19149.5,-37322.0,-977.0,0.18298952578023336
NC_008819.1,SSG-LUGIA-R,784074,793519,True,19174.0,39780.0,29477.0,-19174.0,39780.0,0.13809941520467836
NC_008819.1,SSG-LUGIA-R,814672,824226,True,49772.0,9073.0,29422.5,-49772.0,9073.0,0.13969298245614034
NC_008819.1,SSG-LUGIA-R+center,784074,793519,True,14224.0,44730.0,29477.0,-14224.0,44730.0,0.13809941520467836
NC_008819.1,SSG-LUGIA-R+center,814672,824226,True,44822.0,14023.0,29422.5,-44822.0,14023.0,0.13969298245614034
NC_008750.1,SSG-LUGIA-P,338050,358398,False,,,,,,0.0
NC_008750.1,SSG-LUGIA-P,454303,473319,True,26403.0,380.0,13391.5,-26403.0,380.0,0.4152183406113537
NC_008750.1,SSG-LUGIA-P,736930,749603,False,,,,,,0.0
NC_008750.1,SSG-LUGIA-P,1231169,1260647,True,13769.0,53452.0,33610.5,-13769.0,53452.0,0.3048500517063082
NC_008750.1,SSG-LUGIA-P,1260664,1285054,True,43264.0,29045.0,36154.5,-43264.0,29045.0,0.2522337125129266
NC_008750.1,SSG-LUGIA-P,1285768,1314517,True,68368.0,418.0,34393.0,-68368.0,-418.0,0.2917275891183921
NC_008750.1,SSG-LUGIA-P,1321438,1334142,False,,,,,,0.0
NC_008750.1,SSG-LUGIA-P,2257041,2272261,False,,,,,,0.0
NC_008750.1,SSG-LUGIA-P,2335775,2348795,False,,,,,,0.0
NC_008750.1,SSG-LUGIA-P,3308131,3342854,True,1031.0,13855.0,7443.0,-1031.0,-13855.0,0.5836666200531394
NC_008750.1,SSG-LUGIA-P,3350483,3366055,False,,,,,,0.0
NC_008750.1,SSG-LUGIA-P,3366900,3377053,False,,,,,,0.0
NC_008750.1,SSG-LUGIA-P+center,338050,358398,False,,,,,,0.0
NC_008750.1,SSG-LUGIA-P+center,454303,473319,True,21453.0,5330.0,13391.5,-21453.0,5330.0,0.4152183406113537
NC_008750.1,SSG-LUGIA-P+center,736930,749603,False,,,,,,0.0
NC_008750.1,SSG-LUGIA-P+center,1231169,1260647,True,8819.0,58402.0,33610.5,-8819.0,58402.0,0.3048500517063082
NC_008750.1,SSG-LUGIA-P+center,1260664,1285054,True,38314.0,33995.0,36154.5,-38314.0,33995.0,0.2522337125129266
NC_008750.1,SSG-LUGIA-P+center,1285768,1314517,True,63418.0,4532.0,33975.0,-63418.0,4532.0,0.297311271975181
NC_008750.1,SSG-LUGIA-P+center,1321438,1334142,False,,,,,,0.0
NC_008750.1,SSG-LUGIA-P+center,2257041,2272261,False,,,,,,0.0
NC_008750.1,SSG-LUGIA-P+center,2335775,2348795,False,,,,,,0.0
NC_008750.1,SSG-LUGIA-P+center,3308131,3342854,True,3919.0,8905.0,6412.0,3919.0,-8905.0,0.63068770878931
NC_008750.1,SSG-LUGIA-P+center,3350483,3366055,False,,,,,,0.0
NC_008750.1,SSG-LUGIA-P+center,3366900,3377053,False,,,,,,0.0
NC_008750.1,SSG-LUGIA-F,338050,358398,False,,,,,,0.0
NC_008750.1,SSG-LUGIA-F,454303,473319,True,39803.0,980.0,20391.5,-39803.0,980.0,0.31801003344481604
NC_008750.1,SSG-LUGIA-F,736930,749603,False,,,,,,0.0
NC_008750.1,SSG-LUGIA-F,1231169,1260647,True,15769.0,62652.0,39210.5,-15769.0,62652.0,0.27320667284522704
NC_008750.1,SSG-LUGIA-F,1260664,1285054,True,45264.0,38245.0,41754.5,-45264.0,38245.0,0.2260518999073216
NC_008750.1,SSG-LUGIA-F,1285768,1314517,True,70368.0,8782.0,39575.0,-70368.0,8782.0,0.2664504170528267
NC_008750.1,SSG-LUGIA-F,1321438,1334142,True,106038.0,10843.0,58440.5,-106038.0,-10843.0,0.015680924349224797
NC_008750.1,SSG-LUGIA-F,2257041,2272261,False,,,,,,0.0
NC_008750.1,SSG-LUGIA-F,2335775,2348795,False,,,,,,0.0
NC_008750.1,SSG-LUGIA-F,3308131,3342854,True,2331.0,10455.0,6393.0,-2331.0,-10455.0,0.6549453515045203
NC_008750.1,SSG-LUGIA-F,3350483,3366055,False,,,,,,0.0
NC_008750.1,SSG-LUGIA-F,3366900,3377053,False,,,,,,0.0
NC_008750.1,SSG-LUGIA-F+center,338050,358398,False,,,,,,0.0
NC_008750.1,SSG-LUGIA-F+center,454303,473319,True,34853.0,5930.0,20391.5,-34853.0,5930.0,0.31801003344481604
NC_008750.1,SSG-LUGIA-F+center,736930,749603,False,,,,,,0.0
NC_008750.1,SSG-LUGIA-F+center,1231169,1260647,True,10819.0,67602.0,39210.5,-10819.0,67602.0,0.27320667284522704
NC_008750.1,SSG-LUGIA-F+center,1260664,1285054,True,40314.0,43195.0,41754.5,-40314.0,43195.0,0.2260518999073216
NC_008750.1,SSG-LUGIA-F+center,1285768,1314517,True,65418.0,13732.0,39575.0,-65418.0,13732.0,0.2664504170528267
NC_008750.1,SSG-LUGIA-F+center,1321438,1334142,True,101088.0,5893.0,53490.5,-101088.0,-5893.0,0.05986308472401641
NC_008750.1,SSG-LUGIA-F+center,2257041,2272261,False,,,,,,0.0
NC_008750.1,SSG-LUGIA-F+center,2335775,2348795,False,,,,,,0.0
NC_008750.1,SSG-LUGIA-F+center,3308131,3342854,True,2619.0,5505.0,4062.0,2619.0,-5505.0,0.7660407787121299
NC_008750.1,SSG-LUGIA-F+center,3350483,3366055,False,,,,,,0.0
NC_008750.1,SSG-LUGIA-F+center,3366900,3377053,False,,,,,,0.0
NC_008750.1,SSG-LUGIA-R,338050,358398,True,10650.0,156701.0,83675.5,10650.0,156701.0,0.05478113527252189
NC_008750.1,SSG-LUGIA-R,454303,473319,True,105603.0,41780.0,73691.5,-105603.0,41780.0,0.11428485576923077
NC_008750.1,SSG-LUGIA-R,736930,749603,False,,,,,,0.0
NC_008750.1,SSG-LUGIA-R,1231169,1260647,True,21469.0,82952.0,52210.5,-21469.0,82952.0,0.22015683345780432
NC_008750.1,SSG-LUGIA-R,1260664,1285054,True,50964.0,58545.0,54754.5,-50964.0,58545.0,0.1821583271097834
NC_008750.1,SSG-LUGIA-R,1285768,1314517,True,76068.0,29082.0,52575.0,-76068.0,29082.0,0.2147124719940254
NC_008750.1,SSG-LUGIA-R,1321438,1334142,True,111738.0,9457.0,60597.5,-111738.0,9457.0,0.09488424197162061
NC_008750.1,SSG-LUGIA-R,2257041,2272261,False,,,,,,0.0
NC_008750.1,SSG-LUGIA-R,2335775,2348795,True,5375.0,48804.0,27089.5,-5375.0,48804.0,0.19376488095238095
NC_008750.1,SSG-LUGIA-R,3308131,3342854,True,5531.0,55.0,2793.0,-5531.0,-55.0,0.8612346292386039
NC_008750.1,SSG-LUGIA-R,3350483,3366055,False,,,,,,0.0
NC_008750.1,SSG-LUGIA-R,3366900,3377053,False,,,,,,0.0
NC_008750.1,SSG-LUGIA-R+center,338050,358398,True,15600.0,161651.0,88625.5,15600.0,161651.0,0.026093406593406594
NC_008750.1,SSG-LUGIA-R+center,454303,473319,True,100653.0,46730.0,73691.5,-100653.0,46730.0,0.11428485576923077
NC_008750.1,SSG-LUGIA-R+center,736930,749603,False,,,,,,0.0
NC_008750.1,SSG-LUGIA-R+center,1231169,1260647,True,16519.0,87902.0,52210.5,-16519.0,87902.0,0.22015683345780432
NC_008750.1,SSG-LUGIA-R+center,1260664,1285054,True,46014.0,63495.0,54754.5,-46014.0,63495.0,0.1821583271097834
NC_008750.1,SSG-LUGIA-R+center,1285768,1314517,True,71118.0,34032.0,52575.0,-71118.0,34032.0,0.2147124719940254
NC_008750.1,SSG-LUGIA-R+center,1321438,1334142,True,106788.0,14407.0,60597.5,-106788.0,14407.0,0.09488424197162061
NC_008750.1,SSG-LUGIA-R+center,2257041,2272261,False,,,,,,0.0
NC_008750.1,SSG-LUGIA-R+center,2335775,2348795,True,425.0,53754.0,27089.5,-425.0,53754.0,0.19376488095238095
NC_008750.1,SSG-LUGIA-R+center,3308131,3342854,True,581.0,4895.0,2738.0,-581.0,4895.0,0.8637810945273632
NC_008750.1,SSG-LUGIA-R+center,3350483,3366055,False,,,,,,0.0
NC_008750.1,SSG-LUGIA-R+center,3366900,3377053,False,,,,,,0.0
NC_009052.1,SSG-LUGIA-P,916638,927353,False,,,,,,0.0
NC_009052.1,SSG-LUGIA-P,1311968,1320669,False,,,,,,0.0
NC_009052.1,SSG-LUGIA-P,1446556,1461144,True,744.0,13255.0,6999.5,744.0,13255.0,0.49723459273092946
NC_009052.1,SSG-LUGIA-P,2113915,2122384,False,,,,,,0.0
NC_009052.1,SSG-LUGIA-P,2525464,2542677,True,11164.0,5778.0,8471.0,-11164.0,-5778.0,0.4029882303192614
NC_009052.1,SSG-LUGIA-P,2689965,2699776,False,,,,,,0.0
NC_009052.1,SSG-LUGIA-P,4164560,4175116,False,,,,,,0.0
NC_009052.1,SSG-LUGIA-P,4177051,4187630,False,,,,,,0.0
NC_009052.1,SSG-LUGIA-P+center,916638,927353,False,,,,,,0.0
NC_009052.1,SSG-LUGIA-P+center,1311968,1320669,False,,,,,,0.0
NC_009052.1,SSG-LUGIA-P+center,1446556,1461144,True,5694.0,18205.0,11949.5,5694.0,18205.0,0.27123864121485636
NC_009052.1,SSG-LUGIA-P+center,2113915,2122384,False,,,,,,0.0
NC_009052.1,SSG-LUGIA-P+center,2525464,2542677,True,6214.0,828.0,3521.0,-6214.0,-828.0,0.6994194980365375
NC_009052.1,SSG-LUGIA-P+center,2689965,2699776,False,,,,,,0.0
NC_009052.1,SSG-LUGIA-P+center,4164560,4175116,False,,,,,,0.0
NC_009052.1,SSG-LUGIA-P+center,4177051,4187630,False,,,,,,0.0
NC_009052.1,SSG-LUGIA-F,916638,927353,False,,,,,,0.0
NC_009052.1,SSG-LUGIA-F,1311968,1320669,False,,,,,,0.0
NC_009052.1,SSG-LUGIA-F,1446556,1461144,True,3456.0,16755.0,10105.5,-3456.0,16755.0,0.41922413793103447
NC_009052.1,SSG-LUGIA-F,2113915,2122384,False,,,,,,0.0
NC_009052.1,SSG-LUGIA-F,2525464,2542677,True,14564.0,2778.0,8671.0,-14564.0,-2778.0,0.4542765435206747
NC_009052.1,SSG-LUGIA-F,2689965,2699776,True,7835.0,12623.0,10229.0,7835.0,12623.0,0.0881212391352797
NC_009052.1,SSG-LUGIA-F,4164560,4175116,True,340.0,7183.0,3761.5,340.0,7183.0,0.5759301014656144
NC_009052.1,SSG-LUGIA-F,4177051,4187630,True,12151.0,5331.0,8741.0,-12151.0,-5331.0,0.230918129426774
NC_009052.1,SSG-LUGIA-F+center,916638,927353,False,,,,,,0.0
NC_009052.1,SSG-LUGIA-F+center,1311968,1320669,False,,,,,,0.0
NC_009052.1,SSG-LUGIA-F+center,1446556,1461144,True,1494.0,21705.0,11599.5,1494.0,21705.0,0.36080343858489006
NC_009052.1,SSG-LUGIA-F+center,2113915,2122384,False,,,,,,0.0
NC_009052.1,SSG-LUGIA-F+center,2525464,2542677,True,9614.0,2172.0,5893.0,-9614.0,2172.0,0.5935862068965517
NC_009052.1,SSG-LUGIA-F+center,2689965,2699776,True,8015.0,5127.0,6571.0,-8015.0,-5127.0,0.26280361249789647
NC_009052.1,SSG-LUGIA-F+center,4164560,4175116,True,5290.0,12133.0,8711.5,5290.0,12133.0,0.23212869105332745
NC_009052.1,SSG-LUGIA-F+center,4177051,4187630,True,7201.0,381.0,3791.0,-7201.0,-381.0,0.5735897868511333
NC_009052.1,SSG-LUGIA-R,916638,927353,False,,,,,,0.0
NC_009052.1,SSG-LUGIA-R,1311968,1320669,True,11768.0,4070.0,7919.0,-11768.0,-4070.0,0.22628236443575964
NC_009052.1,SSG-LUGIA-R,1446556,1461144,True,8056.0,27255.0,17655.5,-8056.0,27255.0,0.29236472945891784
NC_009052.1,SSG-LUGIA-R,2113915,2122384,False,,,,,,0.0
NC_009052.1,SSG-LUGIA-R,2525464,2542677,True,22564.0,1422.0,11993.0,-22564.0,1422.0,0.4178155339805825
NC_009052.1,SSG-LUGIA-R,2689965,2699776,True,19765.0,19923.0,19844.0,-19765.0,19923.0,0.19822222222222222
NC_009052.1,SSG-LUGIA-R,4164560,4175116,True,5060.0,79383.0,42221.5,-5060.0,79383.0,0.11112631578947368
NC_009052.1,SSG-LUGIA-R,4177051,4187630,True,17551.0,66869.0,42210.0,-17551.0,66869.0,0.11136842105263157
NC_009052.1,SSG-LUGIA-R+center,916638,927353,False,,,,,,0.0
NC_009052.1,SSG-LUGIA-R+center,1311968,1320669,True,6818.0,880.0,3849.0,-6818.0,880.0,0.530609756097561
NC_009052.1,SSG-LUGIA-R+center,1446556,1461144,True,3106.0,32205.0,17655.5,-3106.0,32205.0,0.29236472945891784
NC_009052.1,SSG-LUGIA-R+center,2113915,2122384,False,,,,,,0.0
NC_009052.1,SSG-LUGIA-R+center,2525464,2542677,True,17614.0,6372.0,11993.0,-17614.0,6372.0,0.4178155339805825
NC_009052.1,SSG-LUGIA-R+center,2689965,2699776,True,14815.0,24873.0,19844.0,-14815.0,24873.0,0.19822222222222222
NC_009052.1,SSG-LUGIA-R+center,4164560,4175116,True,110.0,84333.0,42221.5,-110.0,84333.0,0.11112631578947368
NC_009052.1,SSG-LUGIA-R+center,4177051,4187630,True,12601.0,71819.0,42210.0,-12601.0,71819.0,0.11136842105263157
NC_009074.1,SSG-LUGIA-P,1965987,1989920,True,23813.0,23279.0,23546.0,23813.0,23279.0,0.0025628534513799164
NC_009074.1,SSG-LUGIA-P,2920486,2930508,False,,,,,,0.0
NC_009074.1,SSG-LUGIA-P,3174515,3186910,True,7215.0,2089.0,4652.0,-7215.0,2089.0,0.5712442396313364
NC_009074.1,SSG-LUGIA-P+center,1965987,1989920,False,,,,,,0.0
NC_009074.1,SSG-LUGIA-P+center,2920486,2930508,False,,,,,,0.0
NC_009074.1,SSG-LUGIA-P+center,3174515,3186910,True,2265.0,7039.0,4652.0,-2265.0,7039.0,0.5712442396313364
NC_009074.1,SSG-LUGIA-F,1965987,1989920,True,8713.0,28479.0,18596.0,8713.0,28479.0,0.29040505218171064
NC_009074.1,SSG-LUGIA-F,2920486,2930508,False,,,,,,0.0
NC_009074.1,SSG-LUGIA-F,3174515,3186910,True,14015.0,2389.0,8202.0,-14015.0,2389.0,0.43041666666666667
NC_009074.1,SSG-LUGIA-F+center,1965987,1989920,True,13663.0,33429.0,23546.0,13663.0,33429.0,0.17905269947527153
NC_009074.1,SSG-LUGIA-F+center,2920486,2930508,False,,,,,,0.0
NC_009074.1,SSG-LUGIA-F+center,3174515,3186910,True,9065.0,7339.0,8202.0,-9065.0,7339.0,0.43041666666666667
NC_009074.1,SSG-LUGIA-R,1965987,1989920,True,4087.0,57879.0,30983.0,-4087.0,57879.0,0.27862630966239815
NC_009074.1,SSG-LUGIA-R,2920486,2930508,False,,,,,,0.0
NC_009074.1,SSG-LUGIA-R,3174515,3186910,True,52315.0,7989.0,30152.0,-52315.0,7989.0,0.1705089408528198
NC_009074.1,SSG-LUGIA-R+center,1965987,1989920,True,863.0,62829.0,31846.0,863.0,62829.0,0.26590827887463553
NC_009074.1,SSG-LUGIA-R+center,2920486,2930508,True,11636.0,9359.0,10497.5,-11636.0,-9359.0,0.030657001708296782
NC_009074.1,SSG-LUGIA-R+center,3174515,3186910,True,47365.0,12939.0,30152.0,-47365.0,12939.0,0.1705089408528198
NC_009076.1,SSG-LUGIA-P,1396002,1404391,False,,,,,,0.0
NC_009076.1,SSG-LUGIA-P,3573317,3585664,True,14117.0,35035.0,24576.0,-14117.0,35035.0,0.20078048780487806
NC_009076.1,SSG-LUGIA-P+center,1396002,1404391,False,,,,,,0.0
NC_009076.1,SSG-LUGIA-P+center,3573317,3585664,True,9167.0,39985.0,24576.0,-9167.0,39985.0,0.20078048780487806
NC_009076.1,SSG-LUGIA-F,1396002,1404391,False,,,,,,0.0
NC_009076.1,SSG-LUGIA-F,3573317,3585664,True,20817.0,35735.0,28276.0,-20817.0,35735.0,0.17921625544267053
NC_009076.1,SSG-LUGIA-F+center,1396002,1404391,False,,,,,,0.0
NC_009076.1,SSG-LUGIA-F+center,3573317,3585664,True,15867.0,40685.0,28276.0,-15867.0,40685.0,0.17921625544267053
NC_009076.1,SSG-LUGIA-R,1396002,1404391,False,,,,,,0.0
NC_009076.1,SSG-LUGIA-R,3573317,3585664,True,38217.0,38835.0,38526.0,-38217.0,38835.0,0.13812080536912752
NC_009076.1,SSG-LUGIA-R+center,1396002,1404391,False,,,,,,0.0
NC_009076.1,SSG-LUGIA-R+center,3573317,3585664,True,33267.0,43785.0,38526.0,-33267.0,43785.0,0.13812080536912752
NC_009080.1,SSG-LUGIA-P,2268021,2300117,False,,,,,,0.0
NC_009080.1,SSG-LUGIA-P+center,2268021,2300117,False,,,,,,0.0
NC_009080.1,SSG-LUGIA-F,2268021,2300117,False,,,,,,0.0
NC_009080.1,SSG-LUGIA-F+center,2268021,2300117,False,,,,,,0.0
NC_009080.1,SSG-LUGIA-R,2268021,2300117,False,,,,,,0.0
NC_009080.1,SSG-LUGIA-R+center,2268021,2300117,False,,,,,,0.0
NC_009085.1,SSG-LUGIA-P,674210,779644,True,5190.0,55845.0,30517.5,5190.0,-55845.0,0.42111253378859015
NC_009085.1,SSG-LUGIA-P,783446,797398,True,16746.0,12101.0,14423.5,-16746.0,12101.0,0.32600467289719626
NC_009085.1,SSG-LUGIA-P,1237264,1259580,False,,,,,,0.0
NC_009085.1,SSG-LUGIA-P,3393605,3404661,True,3205.0,37638.0,20421.5,-3205.0,37638.0,0.21304431599229287
NC_009085.1,SSG-LUGIA-P+center,674210,779644,True,10140.0,50895.0,30517.5,10140.0,-50895.0,0.42111253378859015
NC_009085.1,SSG-LUGIA-P+center,783446,797398,True,11796.0,17051.0,14423.5,-11796.0,17051.0,0.32600467289719626
NC_009085.1,SSG-LUGIA-P+center,1237264,1259580,False,,,,,,0.0
NC_009085.1,SSG-LUGIA-P+center,3393605,3404661,True,1745.0,42588.0,22166.5,1745.0,42588.0,0.17358560909684034
NC_009085.1,SSG-LUGIA-F,674210,779644,True,2090.0,47245.0,24667.5,2090.0,-47245.0,0.5320813771517997
NC_009085.1,SSG-LUGIA-F,783446,797398,True,28546.0,12601.0,20573.5,-28546.0,12601.0,0.25323049001814885
NC_009085.1,SSG-LUGIA-F,1237264,1259580,True,2264.0,5881.0,4072.5,-2264.0,-5881.0,0.6686465156014808
NC_009085.1,SSG-LUGIA-F,3393605,3404661,True,20905.0,39938.0,30421.5,-20905.0,39938.0,0.15378303198887344
NC_009085.1,SSG-LUGIA-F+center,674210,779644,True,7040.0,42295.0,24667.5,7040.0,-42295.0,0.5320813771517997
NC_009085.1,SSG-LUGIA-F+center,783446,797398,True,23596.0,17551.0,20573.5,-23596.0,17551.0,0.25323049001814885
NC_009085.1,SSG-LUGIA-F+center,1237264,1259580,True,2686.0,931.0,1808.5,2686.0,-931.0,0.8379262445669221
NC_009085.1,SSG-LUGIA-F+center,3393605,3404661,True,15955.0,44888.0,30421.5,-15955.0,44888.0,0.15378303198887344
NC_009085.1,SSG-LUGIA-R,674210,779644,True,6710.0,45155.0,25932.5,-6710.0,45155.0,0.6702797202797203
NC_009085.1,SSG-LUGIA-R,783446,797398,True,115946.0,27401.0,71673.5,-115946.0,27401.0,0.08870311506675144
NC_009085.1,SSG-LUGIA-R,1237264,1259580,True,6564.0,1881.0,4222.5,-6564.0,-1881.0,0.7075932273813234
NC_009085.1,SSG-LUGIA-R,3393605,3404661,True,24105.0,43338.0,33721.5,-24105.0,43338.0,0.14085350318471337
NC_009085.1,SSG-LUGIA-R+center,674210,779644,True,1760.0,50105.0,25932.5,-1760.0,50105.0,0.6702797202797203
NC_009085.1,SSG-LUGIA-R+center,783446,797398,True,110996.0,32351.0,71673.5,-110996.0,32351.0,0.08870311506675144
NC_009085.1,SSG-LUGIA-R+center,1237264,1259580,True,1614.0,3069.0,2341.5,-1614.0,3069.0,0.8265555555555556
NC_009085.1,SSG-LUGIA-R+center,3393605,3404661,True,19155.0,48288.0,33721.5,-19155.0,48288.0,0.14085350318471337
NC_009256.1,SSG-LUGIA-P,1266333,1275176,True,17633.0,21323.0,19478.0,-17633.0,21323.0,0.18502092050209204
NC_009256.1,SSG-LUGIA-P,1282076,1290216,True,33376.0,6283.0,19829.5,-33376.0,6283.0,0.17031380753138076
NC_009256.1,SSG-LUGIA-P,1384766,1394419,True,166.0,13080.0,6623.0,-166.0,13080.0,0.4215720524017467
NC_009256.1,SSG-LUGIA-P,2183687,2194662,False,,,,,,0.0
NC_009256.1,SSG-LUGIA-P,2195120,2298626,False,,,,,,0.0
NC_009256.1,SSG-LUGIA-P,2299352,2317677,False,,,,,,0.0
NC_009256.1,SSG-LUGIA-P,2317919,2337066,False,,,,,,0.0
NC_009256.1,SSG-LUGIA-P,2337092,2352601,False,,,,,,0.0
NC_009256.1,SSG-LUGIA-P,2352622,2372055,False,,,,,,0.0
NC_009256.1,SSG-LUGIA-P,2373273,2403835,False,,,,,,0.0
NC_009256.1,SSG-LUGIA-P,2952628,2973595,True,8128.0,7604.0,7866.0,-8128.0,7604.0,0.5713351498637602
NC_009256.1,SSG-LUGIA-P,2974467,2982730,True,29967.0,1531.0,15749.0,-29967.0,-1531.0,0.17611362506866154
NC_009256.1,SSG-LUGIA-P,3553657,3578110,True,11657.0,32589.0,22123.0,-11657.0,32589.0,0.35595342066957786
NC_009256.1,SSG-LUGIA-P,3578394,3592659,True,36394.0,18040.0,27217.0,-36394.0,18040.0,0.20765647743813684
NC_009256.1,SSG-LUGIA-P,3599764,3616382,True,57764.0,5683.0,31723.5,-57764.0,-5683.0,0.14702284124060605
NC_009256.1,SSG-LUGIA-P+center,1266333,1275176,True,12683.0,26273.0,19478.0,-12683.0,26273.0,0.18502092050209204
NC_009256.1,SSG-LUGIA-P+center,1282076,1290216,True,28426.0,11233.0,19829.5,-28426.0,11233.0,0.17031380753138076
NC_009256.1,SSG-LUGIA-P+center,1384766,1394419,True,4784.0,18030.0,11407.0,4784.0,18030.0,0.17591388527669413
NC_009256.1,SSG-LUGIA-P+center,2183687,2194662,False,,,,,,0.0
NC_009256.1,SSG-LUGIA-P+center,2195120,2298626,False,,,,,,0.0
NC_009256.1,SSG-LUGIA-P+center,2299352,2317677,False,,,,,,0.0
NC_009256.1,SSG-LUGIA-P+center,2317919,2337066,False,,,,,,0.0
NC_009256.1,SSG-LUGIA-P+center,2337092,2352601,False,,,,,,0.0
NC_009256.1,SSG-LUGIA-P+center,2352622,2372055,False,,,,,,0.0
NC_009256.1,SSG-LUGIA-P+center,2373273,2403835,False,,,,,,0.0
NC_009256.1,SSG-LUGIA-P+center,2952628,2973595,True,3178.0,12554.0,7866.0,-3178.0,12554.0,0.5713351498637602
NC_009256.1,SSG-LUGIA-P+center,2974467,2982730,True,25017.0,3419.0,14218.0,-25017.0,3419.0,0.22517711171662125
NC_009256.1,SSG-LUGIA-P+center,3553657,3578110,True,6707.0,37539.0,22123.0,-6707.0,37539.0,0.35595342066957786
NC_009256.1,SSG-LUGIA-P+center,3578394,3592659,True,31444.0,22990.0,27217.0,-31444.0,22990.0,0.20765647743813684
NC_009256.1,SSG-LUGIA-P+center,3599764,3616382,True,52814.0,733.0,26773.5,-52814.0,-733.0,0.22879610559820257
NC_009256.1,SSG-LUGIA-F,1266333,1275176,True,17533.0,21323.0,19428.0,-17533.0,21323.0,0.18540880503144655
NC_009256.1,SSG-LUGIA-F,1282076,1290216,True,33276.0,6283.0,19779.5,-33276.0,6283.0,0.17067085953878405
NC_009256.1,SSG-LUGIA-F,1384766,1394419,False,,,,,,0.0
NC_009256.1,SSG-LUGIA-F,2183687,2194662,True,11487.0,197737.0,104612.0,-11487.0,197737.0,0.049845594913714805
NC_009256.1,SSG-LUGIA-F,2195120,2298626,True,22920.0,93773.0,58346.5,-22920.0,93773.0,0.47005903723887377
NC_009256.1,SSG-LUGIA-F,2299352,2317677,True,127152.0,74722.0,100937.0,-127152.0,74722.0,0.08322434150772025
NC_009256.1,SSG-LUGIA-F,2317919,2337066,True,145719.0,55333.0,100526.0,-145719.0,55333.0,0.0869573115349682
NC_009256.1,SSG-LUGIA-F,2337092,2352601,True,164892.0,39798.0,102345.0,-164892.0,39798.0,0.07043596730245232
NC_009256.1,SSG-LUGIA-F,2352622,2372055,True,180422.0,20344.0,100383.0,-180422.0,20344.0,0.08825613079019073
NC_009256.1,SSG-LUGIA-F,2373273,2403835,True,201073.0,11436.0,106254.5,-201073.0,-11436.0,0.0825735205235801
NC_009256.1,SSG-LUGIA-F,2952628,2973595,True,8128.0,7604.0,7866.0,-8128.0,7604.0,0.5713351498637602
NC_009256.1,SSG-LUGIA-F,2974467,2982730,True,29967.0,1531.0,15749.0,-29967.0,-1531.0,0.17611362506866154
NC_009256.1,SSG-LUGIA-F,3553657,3578110,True,11857.0,32889.0,22373.0,-11857.0,32889.0,0.3533815028901734
NC_009256.1,SSG-LUGIA-F,3578394,3592659,True,36594.0,18340.0,27467.0,-36594.0,18340.0,0.20615606936416184
NC_009256.1,SSG-LUGIA-F,3599764,3616382,True,57964.0,5383.0,31673.5,-57964.0,-5383.0,0.1506509526299559
NC_009256.1,SSG-LUGIA-F+center,1266333,1275176,True,12583.0,26273.0,19428.0,-12583.0,26273.0,0.18540880503144655
NC_009256.1,SSG-LUGIA-F+center,1282076,1290216,True,28326.0,11233.0,19779.5,-28326.0,11233.0,0.17067085953878405
NC_009256.1,SSG-LUGIA-F+center,1384766,1394419,False,,,,,,0.0
NC_009256.1,SSG-LUGIA-F+center,2183687,2194662,True,6537.0,202687.0,104612.0,-6537.0,202687.0,0.049845594913714805
NC_009256.1,SSG-LUGIA-F+center,2195120,2298626,True,17970.0,98723.0,58346.5,-17970.0,98723.0,0.47005903723887377
NC_009256.1,SSG-LUGIA-F+center,2299352,2317677,True,122202.0,79672.0,100937.0,-122202.0,79672.0,0.08322434150772025
NC_009256.1,SSG-LUGIA-F+center,2317919,2337066,True,140769.0,60283.0,100526.0,-140769.0,60283.0,0.0869573115349682
NC_009256.1,SSG-LUGIA-F+center,2337092,2352601,True,159942.0,44748.0,102345.0,-159942.0,44748.0,0.07043596730245232
NC_009256.1,SSG-LUGIA-F+center,2352622,2372055,True,175472.0,25294.0,100383.0,-175472.0,25294.0,0.08825613079019073
NC_009256.1,SSG-LUGIA-F+center,2373273,2403835,True,196123.0,6486.0,101304.5,-196123.0,-6486.0,0.10621299947945616
NC_009256.1,SSG-LUGIA-F+center,2952628,2973595,True,3178.0,12554.0,7866.0,-3178.0,12554.0,0.5713351498637602
NC_009256.1,SSG-LUGIA-F+center,2974467,2982730,True,25017.0,3419.0,14218.0,-25017.0,3419.0,0.22517711171662125
NC_009256.1,SSG-LUGIA-F+center,3553657,3578110,True,6907.0,37839.0,22373.0,-6907.0,37839.0,0.3533815028901734
NC_009256.1,SSG-LUGIA-F+center,3578394,3592659,True,31644.0,23290.0,27467.0,-31644.0,23290.0,0.20615606936416184
NC_009256.1,SSG-LUGIA-F+center,3599764,3616382,True,53014.0,433.0,26723.5,-53014.0,-433.0,0.23244725920181522
NC_009256.1,SSG-LUGIA-R,1266333,1275176,True,21233.0,34323.0,27778.0,-21233.0,34323.0,0.13732919254658385
NC_009256.1,SSG-LUGIA-R,1282076,1290216,True,36976.0,19283.0,28129.5,-36976.0,19283.0,0.12641304347826088
NC_009256.1,SSG-LUGIA-R,1384766,1394419,True,25366.0,68080.0,46723.0,-25366.0,68080.0,0.0936372453928225
NC_009256.1,SSG-LUGIA-R,2183687,2194662,True,27687.0,207537.0,117612.0,-27687.0,207537.0,0.044581640942323315
NC_009256.1,SSG-LUGIA-R,2195120,2298626,True,39120.0,103573.0,71346.5,-39120.0,103573.0,0.42041835905767666
NC_009256.1,SSG-LUGIA-R,2299352,2317677,True,143352.0,84522.0,113937.0,-143352.0,84522.0,0.07443541835905768
NC_009256.1,SSG-LUGIA-R,2317919,2337066,True,161919.0,65133.0,113526.0,-161919.0,65133.0,0.07777416734362307
NC_009256.1,SSG-LUGIA-R,2337092,2352601,True,181092.0,49598.0,115345.0,-181092.0,49598.0,0.06299756295694557
NC_009256.1,SSG-LUGIA-R,2352622,2372055,True,196622.0,30144.0,113383.0,-196622.0,30144.0,0.07893582453290009
NC_009256.1,SSG-LUGIA-R,2373273,2403835,True,217273.0,1636.0,109454.5,-217273.0,-1636.0,0.11671831372359141
NC_009256.1,SSG-LUGIA-R,2952628,2973595,True,67028.0,13704.0,40366.0,-67028.0,13704.0,0.20617502458210424
NC_009256.1,SSG-LUGIA-R,2974467,2982730,True,88867.0,4569.0,46718.0,-88867.0,4569.0,0.08125860373647985
NC_009256.1,SSG-LUGIA-R,3553657,3578110,True,13957.0,38089.0,26023.0,-13957.0,38089.0,0.31966013071895427
NC_009256.1,SSG-LUGIA-R,3578394,3592659,True,38694.0,23540.0,31117.0,-38694.0,23540.0,0.18648366013071896
NC_009256.1,SSG-LUGIA-R,3599764,3616382,True,60064.0,183.0,30123.5,-60064.0,-183.0,0.2143369456072402
NC_009256.1,SSG-LUGIA-R+center,1266333,1275176,True,16283.0,39273.0,27778.0,-16283.0,39273.0,0.13732919254658385
NC_009256.1,SSG-LUGIA-R+center,1282076,1290216,True,32026.0,24233.0,28129.5,-32026.0,24233.0,0.12641304347826088
NC_009256.1,SSG-LUGIA-R+center,1384766,1394419,True,20416.0,73030.0,46723.0,-20416.0,73030.0,0.0936372453928225
NC_009256.1,SSG-LUGIA-R+center,2183687,2194662,True,22737.0,212487.0,117612.0,-22737.0,212487.0,0.044581640942323315
NC_009256.1,SSG-LUGIA-R+center,2195120,2298626,True,34170.0,108523.0,71346.5,-34170.0,108523.0,0.42041835905767666
NC_009256.1,SSG-LUGIA-R+center,2299352,2317677,True,138402.0,89472.0,113937.0,-138402.0,89472.0,0.07443541835905768
NC_009256.1,SSG-LUGIA-R+center,2317919,2337066,True,156969.0,70083.0,113526.0,-156969.0,70083.0,0.07777416734362307
NC_009256.1,SSG-LUGIA-R+center,2337092,2352601,True,176142.0,54548.0,115345.0,-176142.0,54548.0,0.06299756295694557
NC_009256.1,SSG-LUGIA-R+center,2352622,2372055,True,191672.0,35094.0,113383.0,-191672.0,35094.0,0.07893582453290009
NC_009256.1,SSG-LUGIA-R+center,2373273,2403835,True,212323.0,3314.0,107818.5,-212323.0,3314.0,0.12413891145410236
NC_009256.1,SSG-LUGIA-R+center,2952628,2973595,True,62078.0,18654.0,40366.0,-62078.0,18654.0,0.20617502458210424
NC_009256.1,SSG-LUGIA-R+center,2974467,2982730,True,83917.0,9519.0,46718.0,-83917.0,9519.0,0.08125860373647985
NC_009256.1,SSG-LUGIA-R+center,3553657,3578110,True,9007.0,43039.0,26023.0,-9007.0,43039.0,0.31966013071895427
NC_009256.1,SSG-LUGIA-R+center,3578394,3592659,True,33744.0,28490.0,31117.0,-33744.0,28490.0,0.18648366013071896
NC_009256.1,SSG-LUGIA-R+center,3599764,3616382,True,55114.0,4767.0,29940.5,-55114.0,4767.0,0.21724183006535946
NC_009342.1,SSG-LUGIA-P,178262,188127,True,43562.0,9328.0,26445.0,-43562.0,-9328.0,0.010069626413116718
NC_009342.1,SSG-LUGIA-P,471690,490824,True,8890.0,4425.0,6657.5,-8890.0,-4425.0,0.5248884924174844
NC_009342.1,SSG-LUGIA-P,599592,611762,False,,,,,,0.0
NC_009342.1,SSG-LUGIA-P,2071924,2109576,True,3924.0,5777.0,4850.5,-3924.0,-5777.0,0.7666738821944825
NC_009342.1,SSG-LUGIA-P,2413610,2421709,False,,,,,,0.0
NC_009342.1,SSG-LUGIA-P,2525519,2541789,False,,,,,,0.0
NC_009342.1,SSG-LUGIA-P,3167617,3177658,False,,,,,,0.0
NC_009342.1,SSG-LUGIA-P+center,178262,188127,True,38612.0,4378.0,21495.0,-38612.0,-4378.0,0.11320599034613639
NC_009342.1,SSG-LUGIA-P+center,471690,490824,True,3940.0,525.0,2232.5,-3940.0,525.0,0.8108050847457627
NC_009342.1,SSG-LUGIA-P+center,599592,611762,False,,,,,,0.0
NC_009342.1,SSG-LUGIA-P+center,2071924,2109576,True,1026.0,827.0,926.5,1026.0,-827.0,0.9507874538549386
NC_009342.1,SSG-LUGIA-P+center,2413610,2421709,False,,,,,,0.0
NC_009342.1,SSG-LUGIA-P+center,2525519,2541789,False,,,,,,0.0
NC_009342.1,SSG-LUGIA-P+center,3167617,3177658,False,,,,,,0.0
NC_009342.1,SSG-LUGIA-F,178262,188127,True,45762.0,8128.0,26945.0,-45762.0,-8128.0,0.03124325879053714
NC_009342.1,SSG-LUGIA-F,471690,490824,True,12290.0,3725.0,8007.5,-12290.0,-3725.0,0.4903739061256961
NC_009342.1,SSG-LUGIA-F,599592,611762,False,,,,,,0.0
NC_009342.1,SSG-LUGIA-F,2071924,2109576,True,5724.0,5577.0,5650.5,-5724.0,-5577.0,0.739470226156719
NC_009342.1,SSG-LUGIA-F,2413610,2421709,False,,,,,,0.0
NC_009342.1,SSG-LUGIA-F,2525519,2541789,True,5919.0,5610.0,5764.5,-5919.0,5610.0,0.5852877697841726
NC_009342.1,SSG-LUGIA-F,3167617,3177658,False,,,,,,0.0
NC_009342.1,SSG-LUGIA-F+center,178262,188127,True,40812.0,3178.0,21995.0,-40812.0,-3178.0,0.13197048028730415
NC_009342.1,SSG-LUGIA-F+center,471690,490824,True,7340.0,1225.0,4282.5,-7340.0,1225.0,0.6907942238267148
NC_009342.1,SSG-LUGIA-F+center,599592,611762,False,,,,,,0.0
NC_009342.1,SSG-LUGIA-F+center,2071924,2109576,True,774.0,627.0,700.5,-774.0,-627.0,0.9635412600515263
NC_009342.1,SSG-LUGIA-F+center,2413610,2421709,False,,,,,,0.0
NC_009342.1,SSG-LUGIA-F+center,2525519,2541789,True,969.0,10560.0,5764.5,-969.0,10560.0,0.5852877697841726
NC_009342.1,SSG-LUGIA-F+center,3167617,3177658,False,,,,,,0.0
NC_009342.1,SSG-LUGIA-R,178262,188127,True,62662.0,7872.0,35267.0,-62662.0,7872.0,0.12271144278606966
NC_009342.1,SSG-LUGIA-R,471690,490824,True,13790.0,2325.0,8057.5,-13790.0,-2325.0,0.5105542900531511
NC_009342.1,SSG-LUGIA-R,599592,611762,True,12392.0,64737.0,38564.5,-12392.0,64737.0,0.13629339305711086
NC_009342.1,SSG-LUGIA-R,2071924,2109576,True,21424.0,723.0,11073.5,-21424.0,723.0,0.6296488294314381
NC_009342.1,SSG-LUGIA-R,2413610,2421709,False,,,,,,0.0
NC_009342.1,SSG-LUGIA-R,2525519,2541789,True,16219.0,44810.0,30514.5,-16219.0,44810.0,0.2104915912031048
NC_009342.1,SSG-LUGIA-R,3167617,3177658,True,8317.0,8259.0,8288.0,-8317.0,-8259.0,0.0971185794433248
NC_009342.1,SSG-LUGIA-R+center,178262,188127,True,57712.0,12822.0,35267.0,-57712.0,12822.0,0.12271144278606966
NC_009342.1,SSG-LUGIA-R+center,471690,490824,True,8840.0,2625.0,5732.5,-8840.0,2625.0,0.6253267973856209
NC_009342.1,SSG-LUGIA-R+center,599592,611762,True,7442.0,69687.0,38564.5,-7442.0,69687.0,0.13629339305711086
NC_009342.1,SSG-LUGIA-R+center,2071924,2109576,True,16474.0,5673.0,11073.5,-16474.0,5673.0,0.6296488294314381
NC_009342.1,SSG-LUGIA-R+center,2413610,2421709,False,,,,,,0.0
NC_009342.1,SSG-LUGIA-R+center,2525519,2541789,True,11269.0,49760.0,30514.5,-11269.0,49760.0,0.2104915912031048
NC_009342.1,SSG-LUGIA-R+center,3167617,3177658,True,3367.0,3309.0,3338.0,-3367.0,-3309.0,0.5021254381385637
NC_009438.1,SSG-LUGIA-P,177937,196351,False,,,,,,0.0
NC_009438.1,SSG-LUGIA-P,215949,243827,True,7649.0,18772.0,13210.5,-7649.0,18772.0,0.5134254143646408
NC_009438.1,SSG-LUGIA-P,243879,261526,True,35579.0,1073.0,18326.0,-35579.0,1073.0,0.3250092081031308
NC_009438.1,SSG-LUGIA-P,269981,278966,False,,,,,,0.0
NC_009438.1,SSG-LUGIA-P,279023,287600,False,,,,,,0.0
NC_009438.1,SSG-LUGIA-P,1355765,1364378,False,,,,,,0.0
NC_009438.1,SSG-LUGIA-P,2254130,2273609,False,,,,,,0.0
NC_009438.1,SSG-LUGIA-P,2349263,2357631,False,,,,,,0.0
NC_009438.1,SSG-LUGIA-P,3799162,3811835,False,,,,,,0.0
NC_009438.1,SSG-LUGIA-P,4093402,4103476,False,,,,,,0.0
NC_009438.1,SSG-LUGIA-P,4436884,4451458,False,,,,,,0.0
NC_009438.1,SSG-LUGIA-P,4453720,4462445,False,,,,,,0.0
NC_009438.1,SSG-LUGIA-P,4623975,4640564,False,,,,,,0.0
NC_009438.1,SSG-LUGIA-P+center,177937,196351,False,,,,,,0.0
NC_009438.1,SSG-LUGIA-P+center,215949,243827,True,2699.0,23722.0,13210.5,-2699.0,23722.0,0.5134254143646408
NC_009438.1,SSG-LUGIA-P+center,243879,261526,True,30629.0,6023.0,18326.0,-30629.0,6023.0,0.3250092081031308
NC_009438.1,SSG-LUGIA-P+center,269981,278966,False,,,,,,0.0
NC_009438.1,SSG-LUGIA-P+center,279023,287600,False,,,,,,0.0
NC_009438.1,SSG-LUGIA-P+center,1355765,1364378,False,,,,,,0.0
NC_009438.1,SSG-LUGIA-P+center,2254130,2273609,False,,,,,,0.0
NC_009438.1,SSG-LUGIA-P+center,2349263,2357631,False,,,,,,0.0
NC_009438.1,SSG-LUGIA-P+center,3799162,3811835,False,,,,,,0.0
NC_009438.1,SSG-LUGIA-P+center,4093402,4103476,False,,,,,,0.0
NC_009438.1,SSG-LUGIA-P+center,4436884,4451458,False,,,,,,0.0
NC_009438.1,SSG-LUGIA-P+center,4453720,4462445,False,,,,,,0.0
NC_009438.1,SSG-LUGIA-P+center,4623975,4640564,False,,,,,,0.0
NC_009438.1,SSG-LUGIA-F,177937,196351,True,14063.0,86648.0,50355.5,14063.0,86648.0,0.04142276538838602
NC_009438.1,SSG-LUGIA-F,215949,243827,True,23949.0,39172.0,31560.5,-23949.0,39172.0,0.30636263736263736
NC_009438.1,SSG-LUGIA-F,243879,261526,True,51879.0,21473.0,36676.0,-51879.0,21473.0,0.19393406593406592
NC_009438.1,SSG-LUGIA-F,269981,278966,True,77981.0,4033.0,41007.0,-77981.0,4033.0,0.09874725274725275
NC_009438.1,SSG-LUGIA-F,279023,287600,True,87023.0,4601.0,45812.0,-87023.0,-4601.0,0.04159998326377339
NC_009438.1,SSG-LUGIA-F,1355765,1364378,False,,,,,,0.0
NC_009438.1,SSG-LUGIA-F,2254130,2273609,False,,,,,,0.0
NC_009438.1,SSG-LUGIA-F,2349263,2357631,False,,,,,,0.0
NC_009438.1,SSG-LUGIA-F,3799162,3811835,False,,,,,,0.0
NC_009438.1,SSG-LUGIA-F,4093402,4103476,False,,,,,,0.0
NC_009438.1,SSG-LUGIA-F,4436884,4451458,False,,,,,,0.0
NC_009438.1,SSG-LUGIA-F,4453720,4462445,False,,,,,,0.0
NC_009438.1,SSG-LUGIA-F,4623975,4640564,False,,,,,,0.0
NC_009438.1,SSG-LUGIA-F+center,177937,196351,False,,,,,,0.0
NC_009438.1,SSG-LUGIA-F+center,215949,243827,True,18999.0,44122.0,31560.5,-18999.0,44122.0,0.30636263736263736
NC_009438.1,SSG-LUGIA-F+center,243879,261526,True,46929.0,26423.0,36676.0,-46929.0,26423.0,0.19393406593406592
NC_009438.1,SSG-LUGIA-F+center,269981,278966,True,73031.0,8983.0,41007.0,-73031.0,8983.0,0.09874725274725275
NC_009438.1,SSG-LUGIA-F+center,279023,287600,True,82073.0,349.0,41211.0,-82073.0,349.0,0.09426373626373627
NC_009438.1,SSG-LUGIA-F+center,1355765,1364378,False,,,,,,0.0
NC_009438.1,SSG-LUGIA-F+center,2254130,2273609,False,,,,,,0.0
NC_009438.1,SSG-LUGIA-F+center,2349263,2357631,False,,,,,,0.0
NC_009438.1,SSG-LUGIA-F+center,3799162,3811835,False,,,,,,0.0
NC_009438.1,SSG-LUGIA-F+center,4093402,4103476,False,,,,,,0.0
NC_009438.1,SSG-LUGIA-F+center,4436884,4451458,False,,,,,,0.0
NC_009438.1,SSG-LUGIA-F+center,4453720,4462445,False,,,,,,0.0
NC_009438.1,SSG-LUGIA-F+center,4623975,4640564,False,,,,,,0.0
NC_009438.1,SSG-LUGIA-R,177937,196351,True,12137.0,100048.0,56092.5,-12137.0,100048.0,0.14100306278713629
NC_009438.1,SSG-LUGIA-R,215949,243827,True,50149.0,52572.0,51360.5,-50149.0,52572.0,0.21346860643185298
NC_009438.1,SSG-LUGIA-R,243879,261526,True,78079.0,34873.0,56476.0,-78079.0,34873.0,0.1351301684532925
NC_009438.1,SSG-LUGIA-R,269981,278966,True,104181.0,17433.0,60807.0,-104181.0,17433.0,0.06880551301684533
NC_009438.1,SSG-LUGIA-R,279023,287600,True,113223.0,8799.0,61011.0,-113223.0,8799.0,0.06568147013782542
NC_009438.1,SSG-LUGIA-R,1355765,1364378,False,,,,,,0.0
NC_009438.1,SSG-LUGIA-R,2254130,2273609,True,36630.0,1310.0,18970.0,-36630.0,-1310.0,0.3238281946177152
NC_009438.1,SSG-LUGIA-R,2349263,2357631,False,,,,,,0.0
NC_009438.1,SSG-LUGIA-R,3799162,3811835,False,,,,,,0.0
NC_009438.1,SSG-LUGIA-R,4093402,4103476,True,32702.0,97023.0,64862.5,-32702.0,97023.0,0.07206723891273248
NC_009438.1,SSG-LUGIA-R,4436884,4451458,True,20684.0,841.0,10762.5,-20684.0,841.0,0.4037396121883656
NC_009438.1,SSG-LUGIA-R,4453720,4462445,True,3780.0,12154.0,7967.0,3780.0,12154.0,0.23687739463601531
NC_009438.1,SSG-LUGIA-R,4623975,4640564,False,,,,,,0.0
NC_009438.1,SSG-LUGIA-R+center,177937,196351,True,7187.0,104998.0,56092.5,-7187.0,104998.0,0.14100306278713629
NC_009438.1,SSG-LUGIA-R+center,215949,243827,True,45199.0,57522.0,51360.5,-45199.0,57522.0,0.21346860643185298
NC_009438.1,SSG-LUGIA-R+center,243879,261526,True,73129.0,39823.0,56476.0,-73129.0,39823.0,0.1351301684532925
NC_009438.1,SSG-LUGIA-R+center,269981,278966,True,99231.0,22383.0,60807.0,-99231.0,22383.0,0.06880551301684533
NC_009438.1,SSG-LUGIA-R+center,279023,287600,True,108273.0,13749.0,61011.0,-108273.0,13749.0,0.06568147013782542
NC_009438.1,SSG-LUGIA-R+center,1355765,1364378,False,,,,,,0.0
NC_009438.1,SSG-LUGIA-R+center,2254130,2273609,True,31680.0,3640.0,17660.0,-31680.0,3640.0,0.3554744525547445
NC_009438.1,SSG-LUGIA-R+center,2349263,2357631,False,,,,,,0.0
NC_009438.1,SSG-LUGIA-R+center,3799162,3811835,False,,,,,,0.0
NC_009438.1,SSG-LUGIA-R+center,4093402,4103476,True,27752.0,101973.0,64862.5,-27752.0,101973.0,0.07206723891273248
NC_009438.1,SSG-LUGIA-R+center,4436884,4451458,True,15734.0,5791.0,10762.5,-15734.0,5791.0,0.4037396121883656
NC_009438.1,SSG-LUGIA-R+center,4453720,4462445,True,32570.0,5196.0,18883.0,-32570.0,-5196.0,0.08548043394033321
NC_009438.1,SSG-LUGIA-R+center,4623975,4640564,False,,,,,,0.0
NC_009487.1,SSG-LUGIA-P,1097404,1114034,True,16404.0,1235.0,8819.5,-16404.0,-1235.0,0.4660511578628727
NC_009487.1,SSG-LUGIA-P+center,1097404,1114034,True,11454.0,3715.0,7584.5,-11454.0,3715.0,0.5229874213836478
NC_009487.1,SSG-LUGIA-F,1097404,1114034,True,21804.0,4665.0,13234.5,-21804.0,4665.0,0.38587006960556847
NC_009487.1,SSG-LUGIA-F+center,1097404,1114034,True,16854.0,9615.0,13234.5,-16854.0,9615.0,0.38587006960556847
NC_009487.1,SSG-LUGIA-R,1097404,1114034,True,27404.0,16765.0,22084.5,-27404.0,16765.0,0.27353618421052633
NC_009487.1,SSG-LUGIA-R+center,1097404,1114034,True,22454.0,21715.0,22084.5,-22454.0,21715.0,0.27353618421052633
NC_009504.1,SSG-LUGIA-P,507057,519789,True,3957.0,21310.0,12633.5,-3957.0,21310.0,0.33507894736842103
NC_009504.1,SSG-LUGIA-P+center,507057,519789,True,993.0,26260.0,13626.5,993.0,26260.0,0.30107968096837895
NC_009504.1,SSG-LUGIA-F,507057,519789,True,4557.0,21410.0,12983.5,-4557.0,21410.0,0.3290180878552972
NC_009504.1,SSG-LUGIA-F+center,507057,519789,True,393.0,26360.0,13376.5,393.0,26360.0,0.3156575345969867
NC_009504.1,SSG-LUGIA-R,507057,519789,True,13757.0,21710.0,17733.5,-13757.0,21710.0,0.2641701244813278
NC_009504.1,SSG-LUGIA-R+center,507057,519789,True,8807.0,26660.0,17733.5,-8807.0,26660.0,0.2641701244813278
NC_009445.1,SSG-LUGIA-P,449142,458924,True,4458.0,38575.0,21516.5,4458.0,38575.0,0.110116216551553
NC_009445.1,SSG-LUGIA-P,471501,488655,True,17901.0,8844.0,13372.5,-17901.0,8844.0,0.3907744874715262
NC_009445.1,SSG-LUGIA-P,848938,862181,True,19438.0,15518.0,17478.0,-19438.0,15518.0,0.27477178423236515
NC_009445.1,SSG-LUGIA-P,1319916,1345961,True,5116.0,17138.0,11127.0,-5116.0,17138.0,0.5392546583850931
NC_009445.1,SSG-LUGIA-P,1361246,1372211,True,46446.0,9112.0,27779.0,-46446.0,-9112.0,0.032292900438932626
NC_009445.1,SSG-LUGIA-P,2318803,2372542,True,16697.0,13743.0,15220.0,16697.0,-13743.0,0.4335690360997395
NC_009445.1,SSG-LUGIA-P,2393567,2406316,False,,,,,,0.0
NC_009445.1,SSG-LUGIA-P,2434857,2444519,False,,,,,,0.0
NC_009445.1,SSG-LUGIA-P,3407597,3417794,False,,,,,,0.0
NC_009445.1,SSG-LUGIA-P,3789920,3834509,False,,,,,,0.0
NC_009445.1,SSG-LUGIA-P,4555014,4596580,False,,,,,,0.0
NC_009445.1,SSG-LUGIA-P,4610017,4618537,False,,,,,,0.0
NC_009445.1,SSG-LUGIA-P,4938624,4953163,False,,,,,,0.0
NC_009445.1,SSG-LUGIA-P,5014525,5034238,False,,,,,,0.0
NC_009445.1,SSG-LUGIA-P,5393473,5403647,True,5027.0,8552.0,6789.5,5027.0,8552.0,0.2748972072408821
NC_009445.1,SSG-LUGIA-P,6423672,6437721,True,572.0,4678.0,2625.0,-572.0,4678.0,0.727979274611399
NC_009445.1,SSG-LUGIA-P,6575206,6584432,False,,,,,,0.0
NC_009445.1,SSG-LUGIA-P,6625899,6645960,True,4599.0,35939.0,20269.0,-4599.0,35939.0,0.33105610561056104
NC_009445.1,SSG-LUGIA-P,6661423,6670864,True,40123.0,11035.0,25579.0,-40123.0,11035.0,0.1558085808580858
NC_009445.1,SSG-LUGIA-P,7321327,7331643,True,8827.0,49256.0,29041.5,-8827.0,49256.0,0.15083333333333335
NC_009445.1,SSG-LUGIA-P,7333117,7357383,True,20617.0,23516.0,22066.5,-20617.0,23516.0,0.354780701754386
NC_009445.1,SSG-LUGIA-P,7358037,7394512,True,45537.0,13613.0,29575.0,-45537.0,-13613.0,0.2787728774706449
NC_009445.1,SSG-LUGIA-P+center,449142,458924,True,9408.0,43525.0,26466.5,9408.0,43525.0,0.007034591430929692
NC_009445.1,SSG-LUGIA-P+center,471501,488655,True,12951.0,13794.0,13372.5,-12951.0,13794.0,0.3907744874715262
NC_009445.1,SSG-LUGIA-P+center,848938,862181,True,14488.0,20468.0,17478.0,-14488.0,20468.0,0.27477178423236515
NC_009445.1,SSG-LUGIA-P+center,1319916,1345961,True,166.0,22088.0,11127.0,-166.0,22088.0,0.5392546583850931
NC_009445.1,SSG-LUGIA-P+center,1361246,1372211,True,41496.0,4162.0,22829.0,-41496.0,-4162.0,0.12969387366093554
NC_009445.1,SSG-LUGIA-P+center,2318803,2372542,True,21647.0,8793.0,15220.0,21647.0,-8793.0,0.4335690360997395
NC_009445.1,SSG-LUGIA-P+center,2393567,2406316,False,,,,,,0.0
NC_009445.1,SSG-LUGIA-P+center,2434857,2444519,False,,,,,,0.0
NC_009445.1,SSG-LUGIA-P+center,3407597,3417794,False,,,,,,0.0
NC_009445.1,SSG-LUGIA-P+center,3789920,3834509,False,,,,,,0.0
NC_009445.1,SSG-LUGIA-P+center,4555014,4596580,False,,,,,,0.0
NC_009445.1,SSG-LUGIA-P+center,4610017,4618537,False,,,,,,0.0
NC_009445.1,SSG-LUGIA-P+center,4938624,4953163,False,,,,,,0.0
NC_009445.1,SSG-LUGIA-P+center,5014525,5034238,False,,,,,,0.0
NC_009445.1,SSG-LUGIA-P+center,5393473,5403647,True,9977.0,13502.0,11739.5,9977.0,13502.0,0.008362545930649997
NC_009445.1,SSG-LUGIA-P+center,6423672,6437721,True,4378.0,9628.0,7003.0,4378.0,9628.0,0.4084804459836135
NC_009445.1,SSG-LUGIA-P+center,6575206,6584432,False,,,,,,0.0
NC_009445.1,SSG-LUGIA-P+center,6625899,6645960,True,351.0,40889.0,20620.0,351.0,40889.0,0.3233909205755443
NC_009445.1,SSG-LUGIA-P+center,6661423,6670864,True,35173.0,15985.0,25579.0,-35173.0,15985.0,0.1558085808580858
NC_009445.1,SSG-LUGIA-P+center,7321327,7331643,True,3877.0,54206.0,29041.5,-3877.0,54206.0,0.15083333333333335
NC_009445.1,SSG-LUGIA-P+center,7333117,7357383,True,15667.0,28466.0,22066.5,-15667.0,28466.0,0.354780701754386
NC_009445.1,SSG-LUGIA-P+center,7358037,7394512,True,40587.0,8663.0,24625.0,-40587.0,-8663.0,0.36091250016220494
NC_009445.1,SSG-LUGIA-F,449142,458924,True,1858.0,40975.0,21416.5,1858.0,40975.0,0.15613302336577486
NC_009445.1,SSG-LUGIA-F,471501,488655,True,20501.0,11244.0,15872.5,-20501.0,11244.0,0.35081799591002044
NC_009445.1,SSG-LUGIA-F,848938,862181,True,21738.0,17918.0,19828.0,-21738.0,17918.0,0.25035916824196597
NC_009445.1,SSG-LUGIA-F,1319916,1345961,True,7916.0,18038.0,12977.0,-7916.0,18038.0,0.5008846153846154
NC_009445.1,SSG-LUGIA-F,1361246,1372211,True,49246.0,8212.0,28729.0,-49246.0,-8212.0,0.045738391018401645
NC_009445.1,SSG-LUGIA-F,2318803,2372542,True,5597.0,7843.0,6720.0,5597.0,-7843.0,0.7499069594343134
NC_009445.1,SSG-LUGIA-F,2393567,2406316,False,,,,,,0.0
NC_009445.1,SSG-LUGIA-F,2434857,2444519,False,,,,,,0.0
NC_009445.1,SSG-LUGIA-F,3407597,3417794,False,,,,,,0.0
NC_009445.1,SSG-LUGIA-F,3789920,3834509,True,4380.0,12110.0,8245.0,4380.0,-12110.0,0.630186140390222
NC_009445.1,SSG-LUGIA-F,4555014,4596580,False,,,,,,0.0
NC_009445.1,SSG-LUGIA-F,4610017,4618537,False,,,,,,0.0
NC_009445.1,SSG-LUGIA-F,4938624,4953163,False,,,,,,0.0
NC_009445.1,SSG-LUGIA-F,5014525,5034238,False,,,,,,0.0
NC_009445.1,SSG-LUGIA-F,5393473,5403647,True,3327.0,11952.0,7639.5,3327.0,11952.0,0.30948614814480047
NC_009445.1,SSG-LUGIA-F,6423672,6437721,True,1672.0,6878.0,4275.0,-1672.0,6878.0,0.6216814159292036
NC_009445.1,SSG-LUGIA-F,6575206,6584432,False,,,,,,0.0
NC_009445.1,SSG-LUGIA-F,6625899,6645960,True,5099.0,38139.0,21619.0,-5099.0,38139.0,0.3169352290679305
NC_009445.1,SSG-LUGIA-F,6661423,6670864,True,40623.0,13235.0,26929.0,-40623.0,13235.0,0.14916271721958926
NC_009445.1,SSG-LUGIA-F,7321327,7331643,True,17027.0,52456.0,34741.5,-17027.0,52456.0,0.12928571428571428
NC_009445.1,SSG-LUGIA-F,7333117,7357383,True,28817.0,26716.0,27766.5,-28817.0,26716.0,0.30409774436090226
NC_009445.1,SSG-LUGIA-F,7358037,7394512,True,53737.0,10413.0,32075.0,-53737.0,-10413.0,0.28890514670834583
NC_009445.1,SSG-LUGIA-F+center,449142,458924,True,6808.0,45925.0,26366.5,6808.0,45925.0,0.053403460903281394
NC_009445.1,SSG-LUGIA-F+center,471501,488655,True,15551.0,16194.0,15872.5,-15551.0,16194.0,0.35081799591002044
NC_009445.1,SSG-LUGIA-F+center,848938,862181,True,16788.0,22868.0,19828.0,-16788.0,22868.0,0.25035916824196597
NC_009445.1,SSG-LUGIA-F+center,1319916,1345961,True,2966.0,22988.0,12977.0,-2966.0,22988.0,0.5008846153846154
NC_009445.1,SSG-LUGIA-F+center,1361246,1372211,True,44296.0,3262.0,23779.0,-44296.0,-3262.0,0.13940863522854766
NC_009445.1,SSG-LUGIA-F+center,2318803,2372542,True,10547.0,2893.0,6720.0,10547.0,-2893.0,0.7499069594343134
NC_009445.1,SSG-LUGIA-F+center,2393567,2406316,False,,,,,,0.0
NC_009445.1,SSG-LUGIA-F+center,2434857,2444519,False,,,,,,0.0
NC_009445.1,SSG-LUGIA-F+center,3407597,3417794,False,,,,,,0.0
NC_009445.1,SSG-LUGIA-F+center,3789920,3834509,True,9330.0,7160.0,8245.0,9330.0,-7160.0,0.630186140390222
NC_009445.1,SSG-LUGIA-F+center,4555014,4596580,False,,,,,,0.0
NC_009445.1,SSG-LUGIA-F+center,4610017,4618537,False,,,,,,0.0
NC_009445.1,SSG-LUGIA-F+center,4938624,4953163,False,,,,,,0.0
NC_009445.1,SSG-LUGIA-F+center,5014525,5034238,False,,,,,,0.0
NC_009445.1,SSG-LUGIA-F+center,5393473,5403647,True,18323.0,8198.0,13260.5,-18323.0,-8198.0,0.06937328935363885
NC_009445.1,SSG-LUGIA-F+center,6423672,6437721,True,3278.0,11828.0,7553.0,3278.0,11828.0,0.41626091660870235
NC_009445.1,SSG-LUGIA-F+center,6575206,6584432,False,,,,,,0.0
NC_009445.1,SSG-LUGIA-F+center,6625899,6645960,True,149.0,43089.0,21619.0,-149.0,43089.0,0.3169352290679305
NC_009445.1,SSG-LUGIA-F+center,6661423,6670864,True,35673.0,18185.0,26929.0,-35673.0,18185.0,0.14916271721958926
NC_009445.1,SSG-LUGIA-F+center,7321327,7331643,True,12077.0,57406.0,34741.5,-12077.0,57406.0,0.12928571428571428
NC_009445.1,SSG-LUGIA-F+center,7333117,7357383,True,23867.0,31666.0,27766.5,-23867.0,31666.0,0.30409774436090226
NC_009445.1,SSG-LUGIA-F+center,7358037,7394512,True,48787.0,5463.0,27125.0,-48787.0,-5463.0,0.3637333896297339
NC_009445.1,SSG-LUGIA-R,449142,458924,True,45742.0,41675.0,43708.5,-45742.0,41675.0,0.10064814814814815
NC_009445.1,SSG-LUGIA-R,471501,488655,True,68101.0,11944.0,40022.5,-68101.0,11944.0,0.1764917695473251
NC_009445.1,SSG-LUGIA-R,848938,862181,True,26138.0,24618.0,25378.0,-26138.0,24618.0,0.2069375
NC_009445.1,SSG-LUGIA-R,1319916,1345961,True,19516.0,26338.0,22927.0,-19516.0,26338.0,0.3622531293463143
NC_009445.1,SSG-LUGIA-R,1361246,1372211,True,60846.0,88.0,30467.0,-60846.0,88.0,0.1525173852573018
NC_009445.1,SSG-LUGIA-R,2318803,2372542,True,10103.0,6357.0,8230.0,-10103.0,6357.0,0.7655270655270655
NC_009445.1,SSG-LUGIA-R,2393567,2406316,False,,,,,,0.0
NC_009445.1,SSG-LUGIA-R,2434857,2444519,False,,,,,,0.0
NC_009445.1,SSG-LUGIA-R,3407597,3417794,True,34297.0,1395.0,17846.0,-34297.0,-1395.0,0.19784245420833801
NC_009445.1,SSG-LUGIA-R,3789920,3834509,True,4820.0,5810.0,5315.0,-4820.0,-5810.0,0.7848613640963368
NC_009445.1,SSG-LUGIA-R,4555014,4596580,True,7914.0,17281.0,12597.5,-7914.0,-17281.0,0.490814656130636
NC_009445.1,SSG-LUGIA-R,4610017,4618537,False,,,,,,0.0
NC_009445.1,SSG-LUGIA-R,4938624,4953163,True,6076.0,47136.0,26606.0,6076.0,47136.0,0.13723328361112913
NC_009445.1,SSG-LUGIA-R,5014525,5034238,True,9375.0,81861.0,45618.0,9375.0,81861.0,0.10178685700221511
NC_009445.1,SSG-LUGIA-R,5393473,5403647,True,47273.0,29652.0,38462.5,-47273.0,29652.0,0.11681974741676235
NC_009445.1,SSG-LUGIA-R,6423672,6437721,True,8872.0,9878.0,9375.0,-8872.0,9878.0,0.42835365853658536
NC_009445.1,SSG-LUGIA-R,6575206,6584432,False,,,,,,0.0
NC_009445.1,SSG-LUGIA-R,6625899,6645960,True,20099.0,42539.0,31319.0,-20099.0,42539.0,0.2425876662636034
NC_009445.1,SSG-LUGIA-R,6661423,6670864,True,55623.0,17635.0,36629.0,-55623.0,17635.0,0.11417170495767835
NC_009445.1,SSG-LUGIA-R,7321327,7331643,True,34627.0,64356.0,49491.5,-34627.0,64356.0,0.09439158279963404
NC_009445.1,SSG-LUGIA-R,7333117,7357383,True,46417.0,38616.0,42516.5,-46417.0,38616.0,0.22202195791399817
NC_009445.1,SSG-LUGIA-R,7358037,7394512,True,71337.0,1487.0,36412.0,-71337.0,1487.0,0.33372369624885634
NC_009445.1,SSG-LUGIA-R+center,449142,458924,True,40792.0,46625.0,43708.5,-40792.0,46625.0,0.10064814814814815
NC_009445.1,SSG-LUGIA-R+center,471501,488655,True,63151.0,16894.0,40022.5,-63151.0,16894.0,0.1764917695473251
NC_009445.1,SSG-LUGIA-R+center,848938,862181,True,21188.0,29568.0,25378.0,-21188.0,29568.0,0.2069375
NC_009445.1,SSG-LUGIA-R+center,1319916,1345961,True,14566.0,31288.0,22927.0,-14566.0,31288.0,0.3622531293463143
NC_009445.1,SSG-LUGIA-R+center,1361246,1372211,True,55896.0,5038.0,30467.0,-55896.0,5038.0,0.1525173852573018
NC_009445.1,SSG-LUGIA-R+center,2318803,2372542,True,5153.0,11307.0,8230.0,-5153.0,11307.0,0.7655270655270655
NC_009445.1,SSG-LUGIA-R+center,2393567,2406316,False,,,,,,0.0
NC_009445.1,SSG-LUGIA-R+center,2434857,2444519,False,,,,,,0.0
NC_009445.1,SSG-LUGIA-R+center,3407597,3417794,True,29347.0,3555.0,16451.0,-29347.0,3555.0,0.2366125290023202
NC_009445.1,SSG-LUGIA-R+center,3789920,3834509,True,130.0,860.0,495.0,130.0,-860.0,0.9777977124915901
NC_009445.1,SSG-LUGIA-R+center,4555014,4596580,True,2964.0,12331.0,7647.5,-2964.0,-12331.0,0.65653140508859
NC_009445.1,SSG-LUGIA-R+center,4610017,4618537,False,,,,,,0.0
NC_009445.1,SSG-LUGIA-R+center,4938624,4953163,True,11026.0,52086.0,31556.0,11026.0,52086.0,0.05274217272536247
NC_009445.1,SSG-LUGIA-R+center,5014525,5034238,True,14325.0,86811.0,50568.0,14325.0,86811.0,0.050589063600093874
NC_009445.1,SSG-LUGIA-R+center,5393473,5403647,True,42323.0,34602.0,38462.5,-42323.0,34602.0,0.11681974741676235
NC_009445.1,SSG-LUGIA-R+center,6423672,6437721,True,3922.0,14828.0,9375.0,-3922.0,14828.0,0.42835365853658536
NC_009445.1,SSG-LUGIA-R+center,6575206,6584432,False,,,,,,0.0
NC_009445.1,SSG-LUGIA-R+center,6625899,6645960,True,15149.0,47489.0,31319.0,-15149.0,47489.0,0.2425876662636034
NC_009445.1,SSG-LUGIA-R+center,6661423,6670864,True,50673.0,22585.0,36629.0,-50673.0,22585.0,0.11417170495767835
NC_009445.1,SSG-LUGIA-R+center,7321327,7331643,True,29677.0,69306.0,49491.5,-29677.0,69306.0,0.09439158279963404
NC_009445.1,SSG-LUGIA-R+center,7333117,7357383,True,41467.0,43566.0,42516.5,-41467.0,43566.0,0.22202195791399817
NC_009445.1,SSG-LUGIA-R+center,7358037,7394512,True,66387.0,6437.0,36412.0,-66387.0,6437.0,0.33372369624885634
NC_009567.1,SSG-LUGIA-P,739431,750433,True,3731.0,12566.0,8148.5,-3731.0,12566.0,0.40304029304029304
NC_009567.1,SSG-LUGIA-P,758059,766847,True,22359.0,3848.0,13103.5,-22359.0,-3848.0,0.15862976756132016
NC_009567.1,SSG-LUGIA-P+center,739431,750433,True,1219.0,17516.0,9367.5,1219.0,17516.0,0.3430695325923069
NC_009567.1,SSG-LUGIA-P+center,758059,766847,True,17409.0,1102.0,9255.5,-17409.0,1102.0,0.32194139194139193
NC_009567.1,SSG-LUGIA-F,739431,750433,True,5731.0,16066.0,10898.5,-5731.0,16066.0,0.3354573170731707
NC_009567.1,SSG-LUGIA-F,758059,766847,True,24359.0,348.0,12353.5,-24359.0,-348.0,0.2546458308193556
NC_009567.1,SSG-LUGIA-F+center,739431,750433,True,781.0,21016.0,10898.5,-781.0,21016.0,0.3354573170731707
NC_009567.1,SSG-LUGIA-F+center,758059,766847,True,19409.0,4602.0,12005.5,-19409.0,4602.0,0.2679573170731707
NC_009567.1,SSG-LUGIA-R,739431,750433,True,9331.0,23966.0,16648.5,-9331.0,23966.0,0.24837471783295711
NC_009567.1,SSG-LUGIA-R,758059,766847,True,27959.0,7552.0,17755.5,-27959.0,7552.0,0.19839729119638827
NC_009567.1,SSG-LUGIA-R+center,739431,750433,True,4381.0,28916.0,16648.5,-4381.0,28916.0,0.24837471783295711
NC_009567.1,SSG-LUGIA-R+center,758059,766847,True,23009.0,12502.0,17755.5,-23009.0,12502.0,0.19839729119638827
NC_009485.1,SSG-LUGIA-P,454480,475593,False,,,,,,0.0
NC_009485.1,SSG-LUGIA-P,612114,633822,False,,,,,,0.0
NC_009485.1,SSG-LUGIA-P,1022960,1048745,False,,,,,,0.0
NC_009485.1,SSG-LUGIA-P,1048865,1067909,False,,,,,,0.0
NC_009485.1,SSG-LUGIA-P,1079146,1090732,False,,,,,,0.0
NC_009485.1,SSG-LUGIA-P,1094797,1114296,False,,,,,,0.0
NC_009485.1,SSG-LUGIA-P,1115671,1124610,False,,,,,,0.0
NC_009485.1,SSG-LUGIA-P,1131738,1143473,False,,,,,,0.0
NC_009485.1,SSG-LUGIA-P,1143609,1168513,False,,,,,,0.0
NC_009485.1,SSG-LUGIA-P,1294964,1337898,True,17864.0,14699.0,16281.5,-17864.0,-14699.0,0.4644155331502163
NC_009485.1,SSG-LUGIA-P,1341484,1353163,False,,,,,,0.0
NC_009485.1,SSG-LUGIA-P,1514403,1531851,False,,,,,,0.0
NC_009485.1,SSG-LUGIA-P,1532434,1542122,False,,,,,,0.0
NC_009485.1,SSG-LUGIA-P,1542178,1551570,False,,,,,,0.0
NC_009485.1,SSG-LUGIA-P,1595710,1616098,True,23010.0,24301.0,23655.5,-23010.0,24301.0,0.30116691285081243
NC_009485.1,SSG-LUGIA-P,1627741,1638040,True,55041.0,2359.0,28700.0,-55041.0,2359.0,0.15214180206794684
NC_009485.1,SSG-LUGIA-P,1638330,1664542,True,65630.0,24143.0,44886.5,-65630.0,-24143.0,0.022538462376011238
NC_009485.1,SSG-LUGIA-P,1665536,1683865,False,,,,,,0.0
NC_009485.1,SSG-LUGIA-P,1983216,1994753,False,,,,,,0.0
NC_009485.1,SSG-LUGIA-P,2583275,2593055,False,,,,,,0.0
NC_009485.1,SSG-LUGIA-P,2595061,2604637,False,,,,,,0.0
NC_009485.1,SSG-LUGIA-P,2605027,2618678,False,,,,,,0.0
NC_009485.1,SSG-LUGIA-P,2618844,2628159,False,,,,,,0.0
NC_009485.1,SSG-LUGIA-P,2649652,2665311,False,,,,,,0.0
NC_009485.1,SSG-LUGIA-P,2665365,2681991,False,,,,,,0.0
NC_009485.1,SSG-LUGIA-P,2682054,2694922,False,,,,,,0.0
NC_009485.1,SSG-LUGIA-P,2721469,2733465,False,,,,,,0.0
NC_009485.1,SSG-LUGIA-P,3530059,3542935,False,,,,,,0.0
NC_009485.1,SSG-LUGIA-P,3583404,3592164,False,,,,,,0.0
NC_009485.1,SSG-LUGIA-P,3861733,3887990,False,,,,,,0.0
NC_009485.1,SSG-LUGIA-P,5069873,5088005,False,,,,,,0.0
NC_009485.1,SSG-LUGIA-P,5090209,5107071,False,,,,,,0.0
NC_009485.1,SSG-LUGIA-P,5195543,5208060,True,22843.0,8639.0,15741.0,-22843.0,8639.0,0.2845
NC_009485.1,SSG-LUGIA-P,5362815,5377922,False,,,,,,0.0
NC_009485.1,SSG-LUGIA-P,6020040,6048888,True,28740.0,21189.0,24964.5,-28740.0,-21189.0,0.13301151261525637
NC_009485.1,SSG-LUGIA-P,6234444,6244859,False,,,,,,0.0
NC_009485.1,SSG-LUGIA-P,6250898,6260703,False,,,,,,0.0
NC_009485.1,SSG-LUGIA-P,6619222,6633310,False,,,,,,0.0
NC_009485.1,SSG-LUGIA-P,6640316,6651898,False,,,,,,0.0
NC_009485.1,SSG-LUGIA-P,6851101,6898433,True,6101.0,1834.0,3967.5,-6101.0,-1834.0,0.8514990455515214
NC_009485.1,SSG-LUGIA-P,6909738,6917895,False,,,,,,0.0
NC_009485.1,SSG-LUGIA-P,7025806,7038648,True,11406.0,8451.0,9928.5,-11406.0,8451.0,0.39275229357798164
NC_009485.1,SSG-LUGIA-P,7089197,7099738,True,6097.0,34861.0,20479.0,-6097.0,34861.0,0.2046990291262136
NC_009485.1,SSG-LUGIA-P,7118791,7130990,True,35691.0,3609.0,19650.0,-35691.0,3609.0,0.23689320388349513
NC_009485.1,SSG-LUGIA-P,7602277,7629773,True,2523.0,34726.0,18624.5,2523.0,34726.0,0.4013628401073558
NC_009485.1,SSG-LUGIA-P,7634688,7643162,True,29888.0,21337.0,25612.5,-29888.0,21337.0,0.14195979899497488
NC_009485.1,SSG-LUGIA-P,7643439,7653993,True,38639.0,10506.0,24572.5,-38639.0,10506.0,0.17680067001675043
NC_009485.1,SSG-LUGIA-P,7656774,7675478,True,51974.0,10979.0,31476.5,-51974.0,-10979.0,0.10931111079670057
NC_009485.1,SSG-LUGIA-P,7798077,7808719,True,7323.0,26880.0,17101.5,7323.0,26880.0,0.08847906617274738
NC_009485.1,SSG-LUGIA-P,8089027,8100937,True,2373.0,104962.0,53667.5,2373.0,104962.0,0.08160995268368229
NC_009485.1,SSG-LUGIA-P,8144353,8174567,True,52953.0,31332.0,42142.5,-52953.0,31332.0,0.26388646288209605
NC_009485.1,SSG-LUGIA-P,8182398,8203264,True,90998.0,2635.0,46816.5,-90998.0,2635.0,0.18224454148471617
NC_009485.1,SSG-LUGIA-P+center,454480,475593,False,,,,,,0.0
NC_009485.1,SSG-LUGIA-P+center,612114,633822,True,21564.0,18473.0,20018.5,-21564.0,-18473.0,0.07478104129595822
NC_009485.1,SSG-LUGIA-P+center,1022960,1048745,False,,,,,,0.0
NC_009485.1,SSG-LUGIA-P+center,1048865,1067909,False,,,,,,0.0
NC_009485.1,SSG-LUGIA-P+center,1079146,1090732,False,,,,,,0.0
NC_009485.1,SSG-LUGIA-P+center,1094797,1114296,False,,,,,,0.0
NC_009485.1,SSG-LUGIA-P+center,1115671,1124610,False,,,,,,0.0
NC_009485.1,SSG-LUGIA-P+center,1131738,1143473,False,,,,,,0.0
NC_009485.1,SSG-LUGIA-P+center,1143609,1168513,False,,,,,,0.0
NC_009485.1,SSG-LUGIA-P+center,1294964,1337898,True,12914.0,9749.0,11331.5,-12914.0,-9749.0,0.5942093860230264
NC_009485.1,SSG-LUGIA-P+center,1341484,1353163,False,,,,,,0.0
NC_009485.1,SSG-LUGIA-P+center,1514403,1531851,False,,,,,,0.0
NC_009485.1,SSG-LUGIA-P+center,1532434,1542122,False,,,,,,0.0
NC_009485.1,SSG-LUGIA-P+center,1542178,1551570,False,,,,,,0.0
NC_009485.1,SSG-LUGIA-P+center,1595710,1616098,True,18060.0,29251.0,23655.5,-18060.0,29251.0,0.30116691285081243
NC_009485.1,SSG-LUGIA-P+center,1627741,1638040,True,50091.0,7309.0,28700.0,-50091.0,7309.0,0.15214180206794684
NC_009485.1,SSG-LUGIA-P+center,1638330,1664542,True,60680.0,19193.0,39936.5,-60680.0,-19193.0,0.080789016376463
NC_009485.1,SSG-LUGIA-P+center,1665536,1683865,False,,,,,,0.0
NC_009485.1,SSG-LUGIA-P+center,1983216,1994753,False,,,,,,0.0
NC_009485.1,SSG-LUGIA-P+center,2583275,2593055,False,,,,,,0.0
NC_009485.1,SSG-LUGIA-P+center,2595061,2604637,False,,,,,,0.0
NC_009485.1,SSG-LUGIA-P+center,2605027,2618678,False,,,,,,0.0
NC_009485.1,SSG-LUGIA-P+center,2618844,2628159,False,,,,,,0.0
NC_009485.1,SSG-LUGIA-P+center,2649652,2665311,False,,,,,,0.0
NC_009485.1,SSG-LUGIA-P+center,2665365,2681991,False,,,,,,0.0
NC_009485.1,SSG-LUGIA-P+center,2682054,2694922,False,,,,,,0.0
NC_009485.1,SSG-LUGIA-P+center,2721469,2733465,False,,,,,,0.0
NC_009485.1,SSG-LUGIA-P+center,3530059,3542935,False,,,,,,0.0
NC_009485.1,SSG-LUGIA-P+center,3583404,3592164,False,,,,,,0.0
NC_009485.1,SSG-LUGIA-P+center,3861733,3887990,False,,,,,,0.0
NC_009485.1,SSG-LUGIA-P+center,5069873,5088005,False,,,,,,0.0
NC_009485.1,SSG-LUGIA-P+center,5090209,5107071,False,,,,,,0.0
NC_009485.1,SSG-LUGIA-P+center,5195543,5208060,True,17893.0,13589.0,15741.0,-17893.0,13589.0,0.2845
NC_009485.1,SSG-LUGIA-P+center,5362815,5377922,False,,,,,,0.0
NC_009485.1,SSG-LUGIA-P+center,6020040,6048888,True,23790.0,16239.0,20014.5,-23790.0,-16239.0,0.23955622257261727
NC_009485.1,SSG-LUGIA-P+center,6234444,6244859,False,,,,,,0.0
NC_009485.1,SSG-LUGIA-P+center,6250898,6260703,False,,,,,,0.0
NC_009485.1,SSG-LUGIA-P+center,6619222,6633310,False,,,,,,0.0
NC_009485.1,SSG-LUGIA-P+center,6640316,6651898,False,,,,,,0.0
NC_009485.1,SSG-LUGIA-P+center,6851101,6898433,True,1151.0,3116.0,2133.5,-1151.0,3116.0,0.9173062015503876
NC_009485.1,SSG-LUGIA-P+center,6909738,6917895,False,,,,,,0.0
NC_009485.1,SSG-LUGIA-P+center,7025806,7038648,True,6456.0,13401.0,9928.5,-6456.0,13401.0,0.39275229357798164
NC_009485.1,SSG-LUGIA-P+center,7089197,7099738,True,1147.0,39811.0,20479.0,-1147.0,39811.0,0.2046990291262136
NC_009485.1,SSG-LUGIA-P+center,7118791,7130990,True,30741.0,8559.0,19650.0,-30741.0,8559.0,0.23689320388349513
NC_009485.1,SSG-LUGIA-P+center,7602277,7629773,True,7473.0,39676.0,23574.5,7473.0,39676.0,0.2980959611748768
NC_009485.1,SSG-LUGIA-P+center,7634688,7643162,True,24938.0,26287.0,25612.5,-24938.0,26287.0,0.14195979899497488
NC_009485.1,SSG-LUGIA-P+center,7643439,7653993,True,33689.0,15456.0,24572.5,-33689.0,15456.0,0.17680067001675043
NC_009485.1,SSG-LUGIA-P+center,7656774,7675478,True,47024.0,6029.0,26526.5,-47024.0,-6029.0,0.1928524699904152
NC_009485.1,SSG-LUGIA-P+center,7798077,7808719,False,,,,,,0.0
NC_009485.1,SSG-LUGIA-P+center,8089027,8100937,True,7323.0,109912.0,58617.5,7323.0,109912.0,0.03766119698250741
NC_009485.1,SSG-LUGIA-P+center,8144353,8174567,True,48003.0,36282.0,42142.5,-48003.0,36282.0,0.26388646288209605
NC_009485.1,SSG-LUGIA-P+center,8182398,8203264,True,86048.0,7585.0,46816.5,-86048.0,7585.0,0.18224454148471617
NC_009485.1,SSG-LUGIA-F,454480,475593,False,,,,,,0.0
NC_009485.1,SSG-LUGIA-F,612114,633822,True,27214.0,8823.0,18018.5,-27214.0,-8823.0,0.2633934959017231
NC_009485.1,SSG-LUGIA-F,1022960,1048745,False,,,,,,0.0
NC_009485.1,SSG-LUGIA-F,1048865,1067909,False,,,,,,0.0
NC_009485.1,SSG-LUGIA-F,1079146,1090732,False,,,,,,0.0
NC_009485.1,SSG-LUGIA-F,1094797,1114296,False,,,,,,0.0
NC_009485.1,SSG-LUGIA-F,1115671,1124610,True,3729.0,17489.0,10609.0,3729.0,17489.0,0.19716977562526014
NC_009485.1,SSG-LUGIA-F,1131738,1143473,True,12338.0,1374.0,6856.0,-12338.0,-1374.0,0.430422862839578
NC_009485.1,SSG-LUGIA-F,1143609,1168513,False,,,,,,0.0
NC_009485.1,SSG-LUGIA-F,1294964,1337898,True,19264.0,14199.0,16731.5,-19264.0,-14199.0,0.46200099680059165
NC_009485.1,SSG-LUGIA-F,1341484,1353163,False,,,,,,0.0
NC_009485.1,SSG-LUGIA-F,1514403,1531851,True,29103.0,8052.0,18577.5,-29103.0,-8052.0,0.20186028527238356
NC_009485.1,SSG-LUGIA-F,1532434,1542122,True,2334.0,7177.0,4755.5,-2334.0,7177.0,0.5046354166666667
NC_009485.1,SSG-LUGIA-F,1542178,1551570,True,12078.0,2271.0,7174.5,-12078.0,-2271.0,0.3317032276093335
NC_009485.1,SSG-LUGIA-F,1595710,1616098,True,35710.0,31801.0,33755.5,-35710.0,31801.0,0.23195676905574517
NC_009485.1,SSG-LUGIA-F,1627741,1638040,True,67741.0,9859.0,38800.0,-67741.0,9859.0,0.11717861205915814
NC_009485.1,SSG-LUGIA-F,1638330,1664542,True,78330.0,16643.0,47486.5,-78330.0,-16643.0,0.09154127966482692
NC_009485.1,SSG-LUGIA-F,1665536,1683865,False,,,,,,0.0
NC_009485.1,SSG-LUGIA-F,1983216,1994753,False,,,,,,0.0
NC_009485.1,SSG-LUGIA-F,2583275,2593055,False,,,,,,0.0
NC_009485.1,SSG-LUGIA-F,2595061,2604637,False,,,,,,0.0
NC_009485.1,SSG-LUGIA-F,2605027,2618678,False,,,,,,0.0
NC_009485.1,SSG-LUGIA-F,2618844,2628159,False,,,,,,0.0
NC_009485.1,SSG-LUGIA-F,2649652,2665311,False,,,,,,0.0
NC_009485.1,SSG-LUGIA-F,2665365,2681991,False,,,,,,0.0
NC_009485.1,SSG-LUGIA-F,2682054,2694922,False,,,,,,0.0
NC_009485.1,SSG-LUGIA-F,2721469,2733465,False,,,,,,0.0
NC_009485.1,SSG-LUGIA-F,3530059,3542935,True,22259.0,10236.0,16247.5,-22259.0,-10236.0,0.075165072859745
NC_009485.1,SSG-LUGIA-F,3583404,3592164,False,,,,,,0.0
NC_009485.1,SSG-LUGIA-F,3861733,3887990,False,,,,,,0.0
NC_009485.1,SSG-LUGIA-F,5069873,5088005,False,,,,,,0.0
NC_009485.1,SSG-LUGIA-F,5090209,5107071,False,,,,,,0.0
NC_009485.1,SSG-LUGIA-F,5195543,5208060,True,23043.0,9539.0,16291.0,-23043.0,9539.0,0.2775609756097561
NC_009485.1,SSG-LUGIA-F,5362815,5377922,False,,,,,,0.0
NC_009485.1,SSG-LUGIA-F,6020040,6048888,True,31340.0,16089.0,23714.5,-31340.0,-16089.0,0.21199887022545646
NC_009485.1,SSG-LUGIA-F,6234444,6244859,False,,,,,,0.0
NC_009485.1,SSG-LUGIA-F,6250898,6260703,False,,,,,,0.0
NC_009485.1,SSG-LUGIA-F,6619222,6633310,False,,,,,,0.0
NC_009485.1,SSG-LUGIA-F,6640316,6651898,False,,,,,,0.0
NC_009485.1,SSG-LUGIA-F,6851101,6898433,True,6401.0,434.0,3417.5,-6401.0,-434.0,0.8727993449212789
NC_009485.1,SSG-LUGIA-F,6909738,6917895,False,,,,,,0.0
NC_009485.1,SSG-LUGIA-F,7025806,7038648,True,14206.0,8851.0,11528.5,-14206.0,8851.0,0.3577437325905293
NC_009485.1,SSG-LUGIA-F,7089197,7099738,True,7397.0,35561.0,21479.0,-7397.0,35561.0,0.19704672897196263
NC_009485.1,SSG-LUGIA-F,7118791,7130990,True,36991.0,4309.0,20650.0,-36991.0,4309.0,0.22803738317757008
NC_009485.1,SSG-LUGIA-F,7602277,7629773,True,2077.0,51526.0,26801.5,-2077.0,51526.0,0.3390505548705302
NC_009485.1,SSG-LUGIA-F,7634688,7643162,True,34488.0,38137.0,36312.5,-34488.0,38137.0,0.10450061652281134
NC_009485.1,SSG-LUGIA-F,7643439,7653993,True,43239.0,27306.0,35272.5,-43239.0,27306.0,0.13014796547472257
NC_009485.1,SSG-LUGIA-F,7656774,7675478,True,56574.0,5821.0,31197.5,-56574.0,5821.0,0.23064118372379777
NC_009485.1,SSG-LUGIA-F,7798077,7808719,True,26477.0,28480.0,27478.5,-26477.0,28480.0,0.16224085365853658
NC_009485.1,SSG-LUGIA-F,8089027,8100937,True,4527.0,107162.0,55844.5,-4527.0,107162.0,0.09636731391585761
NC_009485.1,SSG-LUGIA-F,8144353,8174567,True,59853.0,33532.0,46692.5,-59853.0,33532.0,0.244457928802589
NC_009485.1,SSG-LUGIA-F,8182398,8203264,True,97898.0,4835.0,51366.5,-97898.0,4835.0,0.16882686084142395
NC_009485.1,SSG-LUGIA-F+center,454480,475593,False,,,,,,0.0
NC_009485.1,SSG-LUGIA-F+center,612114,633822,True,22264.0,3873.0,13068.5,-22264.0,-3873.0,0.4056125349646374
NC_009485.1,SSG-LUGIA-F+center,1022960,1048745,False,,,,,,0.0
NC_009485.1,SSG-LUGIA-F+center,1048865,1067909,False,,,,,,0.0
NC_009485.1,SSG-LUGIA-F+center,1079146,1090732,False,,,,,,0.0
NC_009485.1,SSG-LUGIA-F+center,1094797,1114296,False,,,,,,0.0
NC_009485.1,SSG-LUGIA-F+center,1115671,1124610,True,8679.0,22439.0,15559.0,8679.0,22439.0,0.008317664680200133
NC_009485.1,SSG-LUGIA-F+center,1131738,1143473,True,7388.0,3576.0,5482.0,-7388.0,3576.0,0.5170044052863436
NC_009485.1,SSG-LUGIA-F+center,1143609,1168513,True,19259.0,21464.0,20361.5,-19259.0,-21464.0,0.07791413821211847
NC_009485.1,SSG-LUGIA-F+center,1294964,1337898,True,14314.0,9249.0,11781.5,-14314.0,-9249.0,0.5884120246641863
NC_009485.1,SSG-LUGIA-F+center,1341484,1353163,False,,,,,,0.0
NC_009485.1,SSG-LUGIA-F+center,1514403,1531851,True,24153.0,3102.0,13627.5,-24153.0,-3102.0,0.34486322772943606
NC_009485.1,SSG-LUGIA-F+center,1532434,1542122,True,2616.0,12127.0,7371.5,2616.0,12127.0,0.32421158782544923
NC_009485.1,SSG-LUGIA-F+center,1542178,1551570,True,7128.0,2679.0,4903.5,-7128.0,2679.0,0.48921875
NC_009485.1,SSG-LUGIA-F+center,1595710,1616098,True,30760.0,36751.0,33755.5,-30760.0,36751.0,0.23195676905574517
NC_009485.1,SSG-LUGIA-F+center,1627741,1638040,True,62791.0,14809.0,38800.0,-62791.0,14809.0,0.11717861205915814
NC_009485.1,SSG-LUGIA-F+center,1638330,1664542,True,73380.0,11693.0,42536.5,-73380.0,-11693.0,0.14579337905274467
NC_009485.1,SSG-LUGIA-F+center,1665536,1683865,False,,,,,,0.0
NC_009485.1,SSG-LUGIA-F+center,1983216,1994753,False,,,,,,0.0
NC_009485.1,SSG-LUGIA-F+center,2583275,2593055,False,,,,,,0.0
NC_009485.1,SSG-LUGIA-F+center,2595061,2604637,False,,,,,,0.0
NC_009485.1,SSG-LUGIA-F+center,2605027,2618678,False,,,,,,0.0
NC_009485.1,SSG-LUGIA-F+center,2618844,2628159,False,,,,,,0.0
NC_009485.1,SSG-LUGIA-F+center,2649652,2665311,False,,,,,,0.0
NC_009485.1,SSG-LUGIA-F+center,2665365,2681991,False,,,,,,0.0
NC_009485.1,SSG-LUGIA-F+center,2682054,2694922,False,,,,,,0.0
NC_009485.1,SSG-LUGIA-F+center,2721469,2733465,False,,,,,,0.0
NC_009485.1,SSG-LUGIA-F+center,3530059,3542935,True,17309.0,5286.0,11297.5,-17309.0,-5286.0,0.2514741933346584
NC_009485.1,SSG-LUGIA-F+center,3583404,3592164,False,,,,,,0.0
NC_009485.1,SSG-LUGIA-F+center,3861733,3887990,False,,,,,,0.0
NC_009485.1,SSG-LUGIA-F+center,5069873,5088005,False,,,,,,0.0
NC_009485.1,SSG-LUGIA-F+center,5090209,5107071,False,,,,,,0.0
NC_009485.1,SSG-LUGIA-F+center,5195543,5208060,True,18093.0,14489.0,16291.0,-18093.0,14489.0,0.2775609756097561
NC_009485.1,SSG-LUGIA-F+center,5362815,5377922,False,,,,,,0.0
NC_009485.1,SSG-LUGIA-F+center,6020040,6048888,True,26390.0,11139.0,18764.5,-26390.0,-11139.0,0.3206068176469523
NC_009485.1,SSG-LUGIA-F+center,6234444,6244859,False,,,,,,0.0
NC_009485.1,SSG-LUGIA-F+center,6250898,6260703,False,,,,,,0.0
NC_009485.1,SSG-LUGIA-F+center,6619222,6633310,False,,,,,,0.0
NC_009485.1,SSG-LUGIA-F+center,6640316,6651898,False,,,,,,0.0
NC_009485.1,SSG-LUGIA-F+center,6851101,6898433,True,1451.0,4516.0,2983.5,-1451.0,4516.0,0.8880487804878049
NC_009485.1,SSG-LUGIA-F+center,6909738,6917895,False,,,,,,0.0
NC_009485.1,SSG-LUGIA-F+center,7025806,7038648,True,9256.0,13801.0,11528.5,-9256.0,13801.0,0.3577437325905293
NC_009485.1,SSG-LUGIA-F+center,7089197,7099738,True,2447.0,40511.0,21479.0,-2447.0,40511.0,0.19704672897196263
NC_009485.1,SSG-LUGIA-F+center,7118791,7130990,True,32041.0,9259.0,20650.0,-32041.0,9259.0,0.22803738317757008
NC_009485.1,SSG-LUGIA-F+center,7602277,7629773,True,2873.0,56476.0,29674.5,2873.0,56476.0,0.2932371119288343
NC_009485.1,SSG-LUGIA-F+center,7634688,7643162,True,29538.0,43087.0,36312.5,-29538.0,43087.0,0.10450061652281134
NC_009485.1,SSG-LUGIA-F+center,7643439,7653993,True,38289.0,32256.0,35272.5,-38289.0,32256.0,0.13014796547472257
NC_009485.1,SSG-LUGIA-F+center,7656774,7675478,True,51624.0,10771.0,31197.5,-51624.0,10771.0,0.23064118372379777
NC_009485.1,SSG-LUGIA-F+center,7798077,7808719,True,21527.0,33430.0,27478.5,-21527.0,33430.0,0.16224085365853658
NC_009485.1,SSG-LUGIA-F+center,8089027,8100937,True,423.0,112112.0,56267.5,423.0,112112.0,0.09262798029397773
NC_009485.1,SSG-LUGIA-F+center,8144353,8174567,True,54903.0,38482.0,46692.5,-54903.0,38482.0,0.244457928802589
NC_009485.1,SSG-LUGIA-F+center,8182398,8203264,True,92948.0,9785.0,51366.5,-92948.0,9785.0,0.16882686084142395
NC_009485.1,SSG-LUGIA-R,454480,475593,True,69980.0,1106.0,35543.0,-69980.0,1106.0,0.22900216919739697
NC_009485.1,SSG-LUGIA-R,612114,633822,True,29014.0,16377.0,22695.5,-29014.0,16377.0,0.32353204172876304
NC_009485.1,SSG-LUGIA-R,1022960,1048745,True,940.0,110154.0,55547.0,940.0,110154.0,0.18277181109312932
NC_009485.1,SSG-LUGIA-R,1048865,1067909,True,24965.0,90990.0,57977.5,-24965.0,90990.0,0.14107407407407407
NC_009485.1,SSG-LUGIA-R,1079146,1090732,True,55246.0,68167.0,61706.5,-55246.0,68167.0,0.08582962962962963
NC_009485.1,SSG-LUGIA-R,1094797,1114296,True,70897.0,44603.0,57750.0,-70897.0,44603.0,0.14444444444444443
NC_009485.1,SSG-LUGIA-R,1115671,1124610,True,91771.0,34289.0,63030.0,-91771.0,34289.0,0.06622222222222222
NC_009485.1,SSG-LUGIA-R,1131738,1143473,True,107838.0,15426.0,61632.0,-107838.0,15426.0,0.08693333333333333
NC_009485.1,SSG-LUGIA-R,1143609,1168513,True,119709.0,9614.0,64661.5,-119709.0,-9614.0,0.1057366506700596
NC_009485.1,SSG-LUGIA-R,1294964,1337898,True,23564.0,12499.0,18031.5,-23564.0,-12499.0,0.45769109309914435
NC_009485.1,SSG-LUGIA-R,1341484,1353163,False,,,,,,0.0
NC_009485.1,SSG-LUGIA-R,1514403,1531851,True,36603.0,134248.0,85425.5,-36603.0,134248.0,0.09266595857673925
NC_009485.1,SSG-LUGIA-R,1532434,1542122,True,54634.0,123977.0,89305.5,-54634.0,123977.0,0.05145512480084971
NC_009485.1,SSG-LUGIA-R,1542178,1551570,True,64378.0,114529.0,89453.5,-64378.0,114529.0,0.04988316516197557
NC_009485.1,SSG-LUGIA-R,1595710,1616098,True,117910.0,50001.0,83955.5,-117910.0,50001.0,0.1082793414763675
NC_009485.1,SSG-LUGIA-R,1627741,1638040,True,149941.0,28059.0,89000.0,-149941.0,28059.0,0.05469994689325544
NC_009485.1,SSG-LUGIA-R,1638330,1664542,True,160530.0,1557.0,81043.5,-160530.0,1557.0,0.13920870950610728
NC_009485.1,SSG-LUGIA-R,1665536,1683865,True,187736.0,17766.0,102751.0,-187736.0,-17766.0,0.0027369871788650237
NC_009485.1,SSG-LUGIA-R,1983216,1994753,False,,,,,,0.0
NC_009485.1,SSG-LUGIA-R,2583275,2593055,False,,,,,,0.0
NC_009485.1,SSG-LUGIA-R,2595061,2604637,True,7839.0,66062.0,36950.5,7839.0,66062.0,0.02297756448393025
NC_009485.1,SSG-LUGIA-R,2605027,2618678,True,2127.0,52021.0,27074.0,-2127.0,52021.0,0.20135693215339234
NC_009485.1,SSG-LUGIA-R,2618844,2628159,True,15944.0,42540.0,29242.0,-15944.0,42540.0,0.13740412979351033
NC_009485.1,SSG-LUGIA-R,2649652,2665311,True,46752.0,5388.0,26070.0,-46752.0,5388.0,0.23097345132743363
NC_009485.1,SSG-LUGIA-R,2665365,2681991,True,62465.0,11292.0,36878.5,-62465.0,-11292.0,0.0674530926010216
NC_009485.1,SSG-LUGIA-R,2682054,2694922,False,,,,,,0.0
NC_009485.1,SSG-LUGIA-R,2721469,2733465,True,5569.0,8534.0,7051.5,-5569.0,8534.0,0.4596551724137931
NC_009485.1,SSG-LUGIA-R,3530059,3542935,True,83559.0,54964.0,69261.5,-83559.0,54964.0,0.08505284015852048
NC_009485.1,SSG-LUGIA-R,3583404,3592164,True,136904.0,5735.0,71319.5,-136904.0,5735.0,0.0578665785997358
NC_009485.1,SSG-LUGIA-R,3861733,3887990,True,8033.0,7691.0,7862.0,-8033.0,-7691.0,0.5414540258376833
NC_009485.1,SSG-LUGIA-R,5069873,5088005,True,14827.0,23194.0,19010.5,14827.0,23194.0,0.07999612843903502
NC_009485.1,SSG-LUGIA-R,5090209,5107071,True,5509.0,4128.0,4818.5,-5509.0,4128.0,0.6363396226415095
NC_009485.1,SSG-LUGIA-R,5195543,5208060,True,27043.0,11839.0,19441.0,-27043.0,11839.0,0.2435408560311284
NC_009485.1,SSG-LUGIA-R,5362815,5377922,False,,,,,,0.0
NC_009485.1,SSG-LUGIA-R,6020040,6048888,True,35040.0,3811.0,19425.5,-35040.0,3811.0,0.42612998522895124
NC_009485.1,SSG-LUGIA-R,6234444,6244859,True,6344.0,5060.0,5702.0,-6344.0,-5060.0,0.3195704057279236
NC_009485.1,SSG-LUGIA-R,6250898,6260703,False,,,,,,0.0
NC_009485.1,SSG-LUGIA-R,6619222,6633310,True,18722.0,1689.0,10205.5,-18722.0,1689.0,0.4083768115942029
NC_009485.1,SSG-LUGIA-R,6640316,6651898,False,,,,,,0.0
NC_009485.1,SSG-LUGIA-R,6851101,6898433,True,9001.0,9766.0,9383.5,-9001.0,9766.0,0.7160816944024205
NC_009485.1,SSG-LUGIA-R,6909738,6917895,False,,,,,,0.0
NC_009485.1,SSG-LUGIA-R,7025806,7038648,True,17206.0,12751.0,14978.5,-17206.0,12751.0,0.30007009345794394
NC_009485.1,SSG-LUGIA-R,7089197,7099738,True,24397.0,43761.0,34079.0,-24397.0,43761.0,0.13395171537484116
NC_009485.1,SSG-LUGIA-R,7118791,7130990,True,53991.0,12509.0,33250.0,-53991.0,12509.0,0.15501905972045743
NC_009485.1,SSG-LUGIA-R,7602277,7629773,True,9177.0,60526.0,34851.5,-9177.0,60526.0,0.2828909465020576
NC_009485.1,SSG-LUGIA-R,7634688,7643162,True,41588.0,47137.0,44362.5,-41588.0,47137.0,0.08719135802469136
NC_009485.1,SSG-LUGIA-R,7643439,7653993,True,50339.0,36306.0,43322.5,-50339.0,36306.0,0.10859053497942386
NC_009485.1,SSG-LUGIA-R,7656774,7675478,True,63674.0,14821.0,39247.5,-63674.0,14821.0,0.19243827160493826
NC_009485.1,SSG-LUGIA-R,7798077,7808719,True,37477.0,37080.0,37278.5,-37477.0,37080.0,0.12491784037558686
NC_009485.1,SSG-LUGIA-R,8089027,8100937,True,20527.0,111962.0,66244.5,-20527.0,111962.0,0.08248614958448754
NC_009485.1,SSG-LUGIA-R,8144353,8174567,True,75853.0,38332.0,57092.5,-75853.0,38332.0,0.20924515235457064
NC_009485.1,SSG-LUGIA-R,8182398,8203264,True,113898.0,9635.0,61766.5,-113898.0,9635.0,0.1445083102493075
NC_009485.1,SSG-LUGIA-R+center,454480,475593,True,65030.0,6056.0,35543.0,-65030.0,6056.0,0.22900216919739697
NC_009485.1,SSG-LUGIA-R+center,612114,633822,True,24064.0,21327.0,22695.5,-24064.0,21327.0,0.32353204172876304
NC_009485.1,SSG-LUGIA-R+center,1022960,1048745,True,5890.0,115104.0,60497.0,5890.0,115104.0,0.14121655191993754
NC_009485.1,SSG-LUGIA-R+center,1048865,1067909,True,20015.0,95940.0,57977.5,-20015.0,95940.0,0.14107407407407407
NC_009485.1,SSG-LUGIA-R+center,1079146,1090732,True,50296.0,73117.0,61706.5,-50296.0,73117.0,0.08582962962962963
NC_009485.1,SSG-LUGIA-R+center,1094797,1114296,True,65947.0,49553.0,57750.0,-65947.0,49553.0,0.14444444444444443
NC_009485.1,SSG-LUGIA-R+center,1115671,1124610,True,86821.0,39239.0,63030.0,-86821.0,39239.0,0.06622222222222222
NC_009485.1,SSG-LUGIA-R+center,1131738,1143473,True,102888.0,20376.0,61632.0,-102888.0,20376.0,0.08693333333333333
NC_009485.1,SSG-LUGIA-R+center,1143609,1168513,True,114759.0,4664.0,59711.5,-114759.0,-4664.0,0.14492639477603392
NC_009485.1,SSG-LUGIA-R+center,1294964,1337898,True,18614.0,7549.0,13081.5,-18614.0,-7549.0,0.5749240442574209
NC_009485.1,SSG-LUGIA-R+center,1341484,1353163,False,,,,,,0.0
NC_009485.1,SSG-LUGIA-R+center,1514403,1531851,True,31653.0,139198.0,85425.5,-31653.0,139198.0,0.09266595857673925
NC_009485.1,SSG-LUGIA-R+center,1532434,1542122,True,49684.0,128927.0,89305.5,-49684.0,128927.0,0.05145512480084971
NC_009485.1,SSG-LUGIA-R+center,1542178,1551570,True,59428.0,119479.0,89453.5,-59428.0,119479.0,0.04988316516197557
NC_009485.1,SSG-LUGIA-R+center,1595710,1616098,True,112960.0,54951.0,83955.5,-112960.0,54951.0,0.1082793414763675
NC_009485.1,SSG-LUGIA-R+center,1627741,1638040,True,144991.0,33009.0,89000.0,-144991.0,33009.0,0.05469994689325544
NC_009485.1,SSG-LUGIA-R+center,1638330,1664542,True,155580.0,6507.0,81043.5,-155580.0,6507.0,0.13920870950610728
NC_009485.1,SSG-LUGIA-R+center,1665536,1683865,True,182786.0,12816.0,97801.0,-182786.0,-12816.0,0.02741701306708566
NC_009485.1,SSG-LUGIA-R+center,1983216,1994753,False,,,,,,0.0
NC_009485.1,SSG-LUGIA-R+center,2583275,2593055,False,,,,,,0.0
NC_009485.1,SSG-LUGIA-R+center,2595061,2604637,False,,,,,,0.0
NC_009485.1,SSG-LUGIA-R+center,2605027,2618678,True,2823.0,56971.0,29897.0,2823.0,56971.0,0.15333531569035583
NC_009485.1,SSG-LUGIA-R+center,2618844,2628159,True,10994.0,47490.0,29242.0,-10994.0,47490.0,0.13740412979351033
NC_009485.1,SSG-LUGIA-R+center,2649652,2665311,True,41802.0,10338.0,26070.0,-41802.0,10338.0,0.23097345132743363
NC_009485.1,SSG-LUGIA-R+center,2665365,2681991,True,57515.0,6342.0,31928.5,-57515.0,-6342.0,0.13872029349086887
NC_009485.1,SSG-LUGIA-R+center,2682054,2694922,False,,,,,,0.0
NC_009485.1,SSG-LUGIA-R+center,2721469,2733465,True,619.0,13484.0,7051.5,-619.0,13484.0,0.4596551724137931
NC_009485.1,SSG-LUGIA-R+center,3530059,3542935,True,78609.0,59914.0,69261.5,-78609.0,59914.0,0.08505284015852048
NC_009485.1,SSG-LUGIA-R+center,3583404,3592164,True,131954.0,10685.0,71319.5,-131954.0,10685.0,0.0578665785997358
NC_009485.1,SSG-LUGIA-R+center,3861733,3887990,True,3083.0,2741.0,2912.0,-3083.0,-2741.0,0.8015064244572442
NC_009485.1,SSG-LUGIA-R+center,5069873,5088005,False,,,,,,0.0
NC_009485.1,SSG-LUGIA-R+center,5090209,5107071,True,559.0,9078.0,4818.5,-559.0,9078.0,0.6363396226415095
NC_009485.1,SSG-LUGIA-R+center,5195543,5208060,True,22093.0,16789.0,19441.0,-22093.0,16789.0,0.2435408560311284
NC_009485.1,SSG-LUGIA-R+center,5362815,5377922,False,,,,,,0.0
NC_009485.1,SSG-LUGIA-R+center,6020040,6048888,True,30090.0,8761.0,19425.5,-30090.0,8761.0,0.42612998522895124
NC_009485.1,SSG-LUGIA-R+center,6234444,6244859,True,1394.0,110.0,752.0,-1394.0,-110.0,0.8726502963590178
NC_009485.1,SSG-LUGIA-R+center,6250898,6260703,False,,,,,,0.0
NC_009485.1,SSG-LUGIA-R+center,6619222,6633310,True,13772.0,6639.0,10205.5,-13772.0,6639.0,0.4083768115942029
NC_009485.1,SSG-LUGIA-R+center,6640316,6651898,False,,,,,,0.0
NC_009485.1,SSG-LUGIA-R+center,6851101,6898433,True,4051.0,14716.0,9383.5,-4051.0,14716.0,0.7160816944024205
NC_009485.1,SSG-LUGIA-R+center,6909738,6917895,True,62688.0,4746.0,33717.0,-62688.0,-4746.0,0.048160799480563475
NC_009485.1,SSG-LUGIA-R+center,7025806,7038648,True,12256.0,17701.0,14978.5,-12256.0,17701.0,0.30007009345794394
NC_009485.1,SSG-LUGIA-R+center,7089197,7099738,True,19447.0,48711.0,34079.0,-19447.0,48711.0,0.13395171537484116
NC_009485.1,SSG-LUGIA-R+center,7118791,7130990,True,49041.0,17459.0,33250.0,-49041.0,17459.0,0.15501905972045743
NC_009485.1,SSG-LUGIA-R+center,7602277,7629773,True,4227.0,65476.0,34851.5,-4227.0,65476.0,0.2828909465020576
NC_009485.1,SSG-LUGIA-R+center,7634688,7643162,True,36638.0,52087.0,44362.5,-36638.0,52087.0,0.08719135802469136
NC_009485.1,SSG-LUGIA-R+center,7643439,7653993,True,45389.0,41256.0,43322.5,-45389.0,41256.0,0.10859053497942386
NC_009485.1,SSG-LUGIA-R+center,7656774,7675478,True,58724.0,19771.0,39247.5,-58724.0,19771.0,0.19243827160493826
NC_009485.1,SSG-LUGIA-R+center,7798077,7808719,True,32527.0,42030.0,37278.5,-32527.0,42030.0,0.12491784037558686
NC_009485.1,SSG-LUGIA-R+center,8089027,8100937,True,15577.0,116912.0,66244.5,-15577.0,116912.0,0.08248614958448754
NC_009485.1,SSG-LUGIA-R+center,8144353,8174567,True,70903.0,43282.0,57092.5,-70903.0,43282.0,0.20924515235457064
NC_009485.1,SSG-LUGIA-R+center,8182398,8203264,True,108948.0,14585.0,61766.5,-108948.0,14585.0,0.1445083102493075
NC_009632.1,SSG-LUGIA-P,1097278,1113908,True,16178.0,1309.0,8743.5,-16178.0,-1309.0,0.46700600444999846
NC_009632.1,SSG-LUGIA-P+center,1097278,1113908,True,11228.0,3641.0,7434.5,-11228.0,3641.0,0.527968253968254
NC_009632.1,SSG-LUGIA-F,1097278,1113908,True,21978.0,4591.0,13284.5,-21978.0,4591.0,0.3849768518518519
NC_009632.1,SSG-LUGIA-F+center,1097278,1113908,True,17028.0,9541.0,13284.5,-17028.0,9541.0,0.3849768518518519
NC_009632.1,SSG-LUGIA-R,1097278,1113908,True,27378.0,16791.0,22084.5,-27378.0,16791.0,0.27353618421052633
NC_009632.1,SSG-LUGIA-R+center,1097278,1113908,True,22428.0,21741.0,22084.5,-22428.0,21741.0,0.27353618421052633
NC_009512.1,SSG-LUGIA-P,1032367,1040722,False,,,,,,0.0
NC_009512.1,SSG-LUGIA-P,2113776,2122985,False,,,,,,0.0
NC_009512.1,SSG-LUGIA-P,2416246,2431621,False,,,,,,0.0
NC_009512.1,SSG-LUGIA-P,2794360,2807255,False,,,,,,0.0
NC_009512.1,SSG-LUGIA-P,3049807,3060111,False,,,,,,0.0
NC_009512.1,SSG-LUGIA-P,3064725,3075699,False,,,,,,0.0
NC_009512.1,SSG-LUGIA-P,3109633,3117679,False,,,,,,0.0
NC_009512.1,SSG-LUGIA-P,3266713,3276292,True,2413.0,27407.0,14910.0,-2413.0,27407.0,0.2431472081218274
NC_009512.1,SSG-LUGIA-P,3279574,3300415,True,15274.0,3284.0,9279.0,-15274.0,3284.0,0.528984771573604
NC_009512.1,SSG-LUGIA-P,3352564,3368598,False,,,,,,0.0
NC_009512.1,SSG-LUGIA-P,3555604,3567516,False,,,,,,0.0
NC_009512.1,SSG-LUGIA-P,4379969,4391075,True,4869.0,48724.0,26796.5,-4869.0,48724.0,0.17166924265842348
NC_009512.1,SSG-LUGIA-P,4393804,4419561,True,18704.0,20238.0,19471.0,-18704.0,20238.0,0.39811437403400307
NC_009512.1,SSG-LUGIA-P,4419646,4432013,True,44546.0,7786.0,26166.0,-44546.0,7786.0,0.19115919629057188
NC_009512.1,SSG-LUGIA-P,5658408,5675520,True,24408.0,4821.0,14614.5,-24408.0,-4821.0,0.2960429662098697
NC_009512.1,SSG-LUGIA-P+center,1032367,1040722,False,,,,,,0.0
NC_009512.1,SSG-LUGIA-P+center,2113776,2122985,False,,,,,,0.0
NC_009512.1,SSG-LUGIA-P+center,2416246,2431621,False,,,,,,0.0
NC_009512.1,SSG-LUGIA-P+center,2794360,2807255,False,,,,,,0.0
NC_009512.1,SSG-LUGIA-P+center,3049807,3060111,False,,,,,,0.0
NC_009512.1,SSG-LUGIA-P+center,3064725,3075699,False,,,,,,0.0
NC_009512.1,SSG-LUGIA-P+center,3109633,3117679,False,,,,,,0.0
NC_009512.1,SSG-LUGIA-P+center,3266713,3276292,True,2537.0,32357.0,17447.0,2537.0,32357.0,0.1679423897751389
NC_009512.1,SSG-LUGIA-P+center,3279574,3300415,True,10324.0,8234.0,9279.0,-10324.0,8234.0,0.528984771573604
NC_009512.1,SSG-LUGIA-P+center,3352564,3368598,False,,,,,,0.0
NC_009512.1,SSG-LUGIA-P+center,3555604,3567516,False,,,,,,0.0
NC_009512.1,SSG-LUGIA-P+center,4379969,4391075,True,81.0,53674.0,26877.5,81.0,53674.0,0.17020422654790757
NC_009512.1,SSG-LUGIA-P+center,4393804,4419561,True,13754.0,25188.0,19471.0,-13754.0,25188.0,0.39811437403400307
NC_009512.1,SSG-LUGIA-P+center,4419646,4432013,True,39596.0,12736.0,26166.0,-39596.0,12736.0,0.19115919629057188
NC_009512.1,SSG-LUGIA-P+center,5658408,5675520,True,19458.0,129.0,9793.5,-19458.0,129.0,0.4662942779291553
NC_009512.1,SSG-LUGIA-F,1032367,1040722,False,,,,,,0.0
NC_009512.1,SSG-LUGIA-F,2113776,2122985,False,,,,,,0.0
NC_009512.1,SSG-LUGIA-F,2416246,2431621,False,,,,,,0.0
NC_009512.1,SSG-LUGIA-F,2794360,2807255,False,,,,,,0.0
NC_009512.1,SSG-LUGIA-F,3049807,3060111,False,,,,,,0.0
NC_009512.1,SSG-LUGIA-F,3064725,3075699,False,,,,,,0.0
NC_009512.1,SSG-LUGIA-F,3109633,3117679,False,,,,,,0.0
NC_009512.1,SSG-LUGIA-F,3266713,3276292,True,13413.0,33207.0,23310.0,-13413.0,33207.0,0.1704626334519573
NC_009512.1,SSG-LUGIA-F,3279574,3300415,True,26274.0,9084.0,17679.0,-26274.0,9084.0,0.3708540925266904
NC_009512.1,SSG-LUGIA-F,3352564,3368598,True,2336.0,20501.0,11418.5,2336.0,20501.0,0.37494525947011165
NC_009512.1,SSG-LUGIA-F,3555604,3567516,False,,,,,,0.0
NC_009512.1,SSG-LUGIA-F,4379969,4391075,True,10269.0,51224.0,30746.5,-10269.0,51224.0,0.15298898071625344
NC_009512.1,SSG-LUGIA-F,4393804,4419561,True,24104.0,22738.0,23421.0,-24104.0,22738.0,0.35479338842975205
NC_009512.1,SSG-LUGIA-F,4419646,4432013,True,49946.0,10286.0,30116.0,-49946.0,10286.0,0.1703581267217631
NC_009512.1,SSG-LUGIA-F,5658408,5675520,True,25208.0,4421.0,14814.5,-25208.0,-4421.0,0.2998983955955672
NC_009512.1,SSG-LUGIA-F+center,1032367,1040722,False,,,,,,0.0
NC_009512.1,SSG-LUGIA-F+center,2113776,2122985,False,,,,,,0.0
NC_009512.1,SSG-LUGIA-F+center,2416246,2431621,False,,,,,,0.0
NC_009512.1,SSG-LUGIA-F+center,2794360,2807255,False,,,,,,0.0
NC_009512.1,SSG-LUGIA-F+center,3049807,3060111,False,,,,,,0.0
NC_009512.1,SSG-LUGIA-F+center,3064725,3075699,False,,,,,,0.0
NC_009512.1,SSG-LUGIA-F+center,3109633,3117679,False,,,,,,0.0
NC_009512.1,SSG-LUGIA-F+center,3266713,3276292,True,8463.0,38157.0,23310.0,-8463.0,38157.0,0.1704626334519573
NC_009512.1,SSG-LUGIA-F+center,3279574,3300415,True,21324.0,14034.0,17679.0,-21324.0,14034.0,0.3708540925266904
NC_009512.1,SSG-LUGIA-F+center,3352564,3368598,True,7286.0,25451.0,16368.5,7286.0,25451.0,0.2108904208648701
NC_009512.1,SSG-LUGIA-F+center,3555604,3567516,False,,,,,,0.0
NC_009512.1,SSG-LUGIA-F+center,4379969,4391075,True,5319.0,56174.0,30746.5,-5319.0,56174.0,0.15298898071625344
NC_009512.1,SSG-LUGIA-F+center,4393804,4419561,True,19154.0,27688.0,23421.0,-19154.0,27688.0,0.35479338842975205
NC_009512.1,SSG-LUGIA-F+center,4419646,4432013,True,44996.0,15236.0,30116.0,-44996.0,15236.0,0.1703581267217631
NC_009512.1,SSG-LUGIA-F+center,5658408,5675520,True,20258.0,529.0,10393.5,-20258.0,529.0,0.45153034300791556
NC_009512.1,SSG-LUGIA-R,1032367,1040722,True,6867.0,15777.0,11322.0,-6867.0,15777.0,0.2695483870967742
NC_009512.1,SSG-LUGIA-R,2113776,2122985,True,17876.0,21114.0,19495.0,-17876.0,21114.0,0.19107883817427385
NC_009512.1,SSG-LUGIA-R,2416246,2431621,True,20846.0,12378.0,16612.0,-20846.0,12378.0,0.31637860082304525
NC_009512.1,SSG-LUGIA-R,2794360,2807255,True,43660.0,5144.0,24402.0,-43660.0,5144.0,0.20901134521880066
NC_009512.1,SSG-LUGIA-R,3049807,3060111,False,,,,,,0.0
NC_009512.1,SSG-LUGIA-R,3064725,3075699,False,,,,,,0.0
NC_009512.1,SSG-LUGIA-R,3109633,3117679,False,,,,,,0.0
NC_009512.1,SSG-LUGIA-R,3266713,3276292,True,22513.0,115107.0,68810.0,-22513.0,115107.0,0.06508152173913044
NC_009512.1,SSG-LUGIA-R,3279574,3300415,True,35374.0,90984.0,63179.0,-35374.0,90984.0,0.14158967391304347
NC_009512.1,SSG-LUGIA-R,3352564,3368598,True,108364.0,22801.0,65582.5,-108364.0,22801.0,0.10893342391304348
NC_009512.1,SSG-LUGIA-R,3555604,3567516,False,,,,,,0.0
NC_009512.1,SSG-LUGIA-R,4379969,4391075,True,14469.0,61024.0,37746.5,-14469.0,61024.0,0.12825635103926097
NC_009512.1,SSG-LUGIA-R,4393804,4419561,True,28304.0,32538.0,30421.0,-28304.0,32538.0,0.2974364896073903
NC_009512.1,SSG-LUGIA-R,4419646,4432013,True,54146.0,20086.0,37116.0,-54146.0,20086.0,0.1428175519630485
NC_009512.1,SSG-LUGIA-R,5658408,5675520,True,30508.0,821.0,15664.5,-30508.0,-821.0,0.34211797316310033
NC_009512.1,SSG-LUGIA-R+center,1032367,1040722,True,1917.0,20727.0,11322.0,-1917.0,20727.0,0.2695483870967742
NC_009512.1,SSG-LUGIA-R+center,2113776,2122985,True,12926.0,26064.0,19495.0,-12926.0,26064.0,0.19107883817427385
NC_009512.1,SSG-LUGIA-R+center,2416246,2431621,True,15896.0,17328.0,16612.0,-15896.0,17328.0,0.31637860082304525
NC_009512.1,SSG-LUGIA-R+center,2794360,2807255,True,38710.0,10094.0,24402.0,-38710.0,10094.0,0.20901134521880066
NC_009512.1,SSG-LUGIA-R+center,3049807,3060111,False,,,,,,0.0
NC_009512.1,SSG-LUGIA-R+center,3064725,3075699,False,,,,,,0.0
NC_009512.1,SSG-LUGIA-R+center,3109633,3117679,False,,,,,,0.0
NC_009512.1,SSG-LUGIA-R+center,3266713,3276292,True,17563.0,120057.0,68810.0,-17563.0,120057.0,0.06508152173913044
NC_009512.1,SSG-LUGIA-R+center,3279574,3300415,True,30424.0,95934.0,63179.0,-30424.0,95934.0,0.14158967391304347
NC_009512.1,SSG-LUGIA-R+center,3352564,3368598,True,103414.0,27751.0,65582.5,-103414.0,27751.0,0.10893342391304348
NC_009512.1,SSG-LUGIA-R+center,3555604,3567516,False,,,,,,0.0
NC_009512.1,SSG-LUGIA-R+center,4379969,4391075,True,9519.0,65974.0,37746.5,-9519.0,65974.0,0.12825635103926097
NC_009512.1,SSG-LUGIA-R+center,4393804,4419561,True,23354.0,37488.0,30421.0,-23354.0,37488.0,0.2974364896073903
NC_009512.1,SSG-LUGIA-R+center,4419646,4432013,True,49196.0,25036.0,37116.0,-49196.0,25036.0,0.1428175519630485
NC_009512.1,SSG-LUGIA-R+center,5658408,5675520,True,25558.0,4129.0,14843.5,-25558.0,4129.0,0.3656623931623932
NC_009665.1,SSG-LUGIA-P,642101,650842,True,3401.0,64757.0,34079.0,-3401.0,64757.0,0.11368010403120936
NC_009665.1,SSG-LUGIA-P,653688,684681,True,14988.0,30918.0,22953.0,-14988.0,30918.0,0.4030429128738622
NC_009665.1,SSG-LUGIA-P,691562,721134,True,52862.0,5535.0,29198.5,-52862.0,-5535.0,0.2915994419845939
NC_009665.1,SSG-LUGIA-P,722193,733068,False,,,,,,0.0
NC_009665.1,SSG-LUGIA-P,2237110,2246643,False,,,,,,0.0
NC_009665.1,SSG-LUGIA-P,2332820,2342723,True,8680.0,24876.0,16778.0,8680.0,24876.0,0.0351926394479586
NC_009665.1,SSG-LUGIA-P,2354371,2368450,True,12871.0,851.0,6861.0,-12871.0,-851.0,0.4908537716596787
NC_009665.1,SSG-LUGIA-P,2492827,2501912,True,5027.0,4587.0,4807.0,-5027.0,4587.0,0.4858823529411765
NC_009665.1,SSG-LUGIA-P,2501929,2514311,True,14129.0,7812.0,10970.5,-14129.0,-7812.0,0.17241249245624624
NC_009665.1,SSG-LUGIA-P,2607306,2624858,False,,,,,,0.0
NC_009665.1,SSG-LUGIA-P,3031135,3039465,False,,,,,,0.0
NC_009665.1,SSG-LUGIA-P,3042152,3052499,False,,,,,,0.0
NC_009665.1,SSG-LUGIA-P,3860645,3883911,True,3345.0,11588.0,7466.5,-3345.0,11588.0,0.6090837696335079
NC_009665.1,SSG-LUGIA-P,3888874,3898161,True,31574.0,2662.0,17118.0,-31574.0,-2662.0,0.16215554794185308
NC_009665.1,SSG-LUGIA-P,3973591,3996617,False,,,,,,0.0
NC_009665.1,SSG-LUGIA-P,4002702,4014771,False,,,,,,0.0
NC_009665.1,SSG-LUGIA-P,4735184,4747007,True,9284.0,3392.0,6338.0,-9284.0,3392.0,0.4826122448979592
NC_009665.1,SSG-LUGIA-P,5040135,5054368,False,,,,,,0.0
NC_009665.1,SSG-LUGIA-P+center,642101,650842,True,1549.0,69707.0,35628.0,1549.0,69707.0,0.09169014264044156
NC_009665.1,SSG-LUGIA-P+center,653688,684681,True,10038.0,35868.0,22953.0,-10038.0,35868.0,0.4030429128738622
NC_009665.1,SSG-LUGIA-P+center,691562,721134,True,47912.0,585.0,24248.5,-47912.0,-585.0,0.3741111182809576
NC_009665.1,SSG-LUGIA-P+center,722193,733068,False,,,,,,0.0
NC_009665.1,SSG-LUGIA-P+center,2237110,2246643,True,17160.0,8594.0,12877.0,-17160.0,-8594.0,0.03521390574660972
NC_009665.1,SSG-LUGIA-P+center,2332820,2342723,False,,,,,,0.0
NC_009665.1,SSG-LUGIA-P+center,2354371,2368450,True,7921.0,4099.0,6010.0,-7921.0,4099.0,0.539463601532567
NC_009665.1,SSG-LUGIA-P+center,2492827,2501912,True,77.0,9537.0,4807.0,-77.0,9537.0,0.4858823529411765
NC_009665.1,SSG-LUGIA-P+center,2501929,2514311,True,9179.0,2862.0,6020.5,-9179.0,-2862.0,0.4415638623504313
NC_009665.1,SSG-LUGIA-P+center,2607306,2624858,False,,,,,,0.0
NC_009665.1,SSG-LUGIA-P+center,3031135,3039465,False,,,,,,0.0
NC_009665.1,SSG-LUGIA-P+center,3042152,3052499,False,,,,,,0.0
NC_009665.1,SSG-LUGIA-P+center,3860645,3883911,True,1605.0,16538.0,9071.5,1605.0,16538.0,0.5442029895741741
NC_009665.1,SSG-LUGIA-P+center,3888874,3898161,True,26624.0,2288.0,14456.0,-26624.0,2288.0,0.2431413612565445
NC_009665.1,SSG-LUGIA-P+center,3973591,3996617,False,,,,,,0.0
NC_009665.1,SSG-LUGIA-P+center,4002702,4014771,False,,,,,,0.0
NC_009665.1,SSG-LUGIA-P+center,4735184,4747007,True,4334.0,8342.0,6338.0,-4334.0,8342.0,0.4826122448979592
NC_009665.1,SSG-LUGIA-P+center,5040135,5054368,False,,,,,,0.0
NC_009665.1,SSG-LUGIA-F,642101,650842,True,4801.0,66557.0,35679.0,-4801.0,66557.0,0.10913857677902622
NC_009665.1,SSG-LUGIA-F,653688,684681,True,16388.0,32718.0,24553.0,-16388.0,32718.0,0.3869413233458177
NC_009665.1,SSG-LUGIA-F,691562,721134,True,54262.0,3735.0,28998.5,-54262.0,-3735.0,0.30820063219419097
NC_009665.1,SSG-LUGIA-F,722193,733068,False,,,,,,0.0
NC_009665.1,SSG-LUGIA-F,2237110,2246643,True,26010.0,8844.0,17427.0,-26010.0,-8844.0,0.019412559081701555
NC_009665.1,SSG-LUGIA-F,2332820,2342723,True,7280.0,26376.0,16828.0,7280.0,26376.0,0.07232635060639471
NC_009665.1,SSG-LUGIA-F,2354371,2368450,True,14271.0,649.0,7460.0,-14271.0,649.0,0.48551724137931035
NC_009665.1,SSG-LUGIA-F,2492827,2501912,True,8527.0,6987.0,7757.0,-8527.0,6987.0,0.36934959349593494
NC_009665.1,SSG-LUGIA-F,2501929,2514311,True,17629.0,5412.0,11520.5,-17629.0,-5412.0,0.23227375716380114
NC_009665.1,SSG-LUGIA-F,2607306,2624858,True,11306.0,5659.0,8482.5,-11306.0,-5659.0,0.41214179285491526
NC_009665.1,SSG-LUGIA-F,3031135,3039465,True,2565.0,6334.0,4449.5,2565.0,6334.0,0.39318104330037507
NC_009665.1,SSG-LUGIA-F,3042152,3052499,True,8452.0,6700.0,7576.0,-8452.0,-6700.0,0.19404255319148936
NC_009665.1,SSG-LUGIA-F,3860645,3883911,True,7845.0,17088.0,12466.5,-7845.0,17088.0,0.48271784232365145
NC_009665.1,SSG-LUGIA-F,3888874,3898161,True,36074.0,2838.0,19456.0,-36074.0,2838.0,0.19269709543568464
NC_009665.1,SSG-LUGIA-F,3973591,3996617,False,,,,,,0.0
NC_009665.1,SSG-LUGIA-F,4002702,4014771,False,,,,,,0.0
NC_009665.1,SSG-LUGIA-F,4735184,4747007,True,9484.0,3992.0,6738.0,-9484.0,3992.0,0.4673517786561265
NC_009665.1,SSG-LUGIA-F,5040135,5054368,False,,,,,,0.0
NC_009665.1,SSG-LUGIA-F+center,642101,650842,True,149.0,71507.0,35828.0,149.0,71507.0,0.10707921594038555
NC_009665.1,SSG-LUGIA-F+center,653688,684681,True,11438.0,37668.0,24553.0,-11438.0,37668.0,0.3869413233458177
NC_009665.1,SSG-LUGIA-F+center,691562,721134,True,49312.0,1215.0,25263.5,-49312.0,1215.0,0.36920099875156054
NC_009665.1,SSG-LUGIA-F+center,722193,733068,True,79943.0,10719.0,45331.0,-79943.0,-10719.0,0.0017287131547363437
NC_009665.1,SSG-LUGIA-F+center,2237110,2246643,True,21060.0,3894.0,12477.0,-21060.0,-3894.0,0.18434987252402432
NC_009665.1,SSG-LUGIA-F+center,2332820,2342723,False,,,,,,0.0
NC_009665.1,SSG-LUGIA-F+center,2354371,2368450,True,9321.0,5599.0,7460.0,-9321.0,5599.0,0.48551724137931035
NC_009665.1,SSG-LUGIA-F+center,2492827,2501912,True,3577.0,11937.0,7757.0,-3577.0,11937.0,0.36934959349593494
NC_009665.1,SSG-LUGIA-F+center,2501929,2514311,True,12679.0,462.0,6570.5,-12679.0,-462.0,0.4756603623014923
NC_009665.1,SSG-LUGIA-F+center,2607306,2624858,True,6356.0,709.0,3532.5,-6356.0,-709.0,0.7045045798653227
NC_009665.1,SSG-LUGIA-F+center,3031135,3039465,True,7515.0,11284.0,9399.5,7515.0,11284.0,0.04160081570226867
NC_009665.1,SSG-LUGIA-F+center,3042152,3052499,True,3502.0,1750.0,2626.0,-3502.0,-1750.0,0.6207942238267148
NC_009665.1,SSG-LUGIA-F+center,3860645,3883911,True,2895.0,22038.0,12466.5,-2895.0,22038.0,0.48271784232365145
NC_009665.1,SSG-LUGIA-F+center,3888874,3898161,True,31124.0,7788.0,19456.0,-31124.0,7788.0,0.19269709543568464
NC_009665.1,SSG-LUGIA-F+center,3973591,3996617,False,,,,,,0.0
NC_009665.1,SSG-LUGIA-F+center,4002702,4014771,False,,,,,,0.0
NC_009665.1,SSG-LUGIA-F+center,4735184,4747007,True,4534.0,8942.0,6738.0,-4534.0,8942.0,0.4673517786561265
NC_009665.1,SSG-LUGIA-F+center,5040135,5054368,False,,,,,,0.0
NC_009665.1,SSG-LUGIA-R,642101,650842,True,9501.0,69257.0,39379.0,-9501.0,69257.0,0.09990857142857143
NC_009665.1,SSG-LUGIA-R,653688,684681,True,21088.0,35418.0,28253.0,-21088.0,35418.0,0.35421714285714284
NC_009665.1,SSG-LUGIA-R,691562,721134,True,58962.0,1035.0,29998.5,-58962.0,-1035.0,0.3223357994013667
NC_009665.1,SSG-LUGIA-R,722193,733068,False,,,,,,0.0
NC_009665.1,SSG-LUGIA-R,2237110,2246643,True,30110.0,5344.0,17727.0,-30110.0,-5344.0,0.10569064675612955
NC_009665.1,SSG-LUGIA-R,2332820,2342723,True,3080.0,33976.0,18528.0,3080.0,33976.0,0.15551504102096628
NC_009665.1,SSG-LUGIA-R,2354371,2368450,True,18471.0,8249.0,13360.0,-18471.0,8249.0,0.34509803921568627
NC_009665.1,SSG-LUGIA-R,2492827,2501912,True,68827.0,13587.0,41207.0,-68827.0,13587.0,0.09930054644808743
NC_009665.1,SSG-LUGIA-R,2501929,2514311,True,77929.0,1188.0,39558.5,-77929.0,1188.0,0.13533333333333333
NC_009665.1,SSG-LUGIA-R,2607306,2624858,True,25906.0,3759.0,14832.5,-25906.0,-3759.0,0.31740260935594466
NC_009665.1,SSG-LUGIA-R,3031135,3039465,True,28735.0,28134.0,28434.5,-28735.0,28134.0,0.1277760736196319
NC_009665.1,SSG-LUGIA-R,3042152,3052499,True,39752.0,15100.0,27426.0,-39752.0,15100.0,0.15871165644171778
NC_009665.1,SSG-LUGIA-R,3860645,3883911,True,16445.0,21588.0,19016.5,-16445.0,21588.0,0.37955954323001634
NC_009665.1,SSG-LUGIA-R,3888874,3898161,True,44674.0,7338.0,26006.0,-44674.0,7338.0,0.15151712887438826
NC_009665.1,SSG-LUGIA-R,3973591,3996617,True,509.0,15182.0,7845.5,509.0,15182.0,0.589337590620011
NC_009665.1,SSG-LUGIA-R,4002702,4014771,True,28602.0,2972.0,15787.0,-28602.0,-2972.0,0.22369197482297404
NC_009665.1,SSG-LUGIA-R,4735184,4747007,True,17984.0,15492.0,16738.0,-17984.0,15492.0,0.26101545253863134
NC_009665.1,SSG-LUGIA-R,5040135,5054368,False,,,,,,0.0
NC_009665.1,SSG-LUGIA-R+center,642101,650842,True,4551.0,74207.0,39379.0,-4551.0,74207.0,0.09990857142857143
NC_009665.1,SSG-LUGIA-R+center,653688,684681,True,16138.0,40368.0,28253.0,-16138.0,40368.0,0.35421714285714284
NC_009665.1,SSG-LUGIA-R+center,691562,721134,True,54012.0,3915.0,28963.5,-54012.0,3915.0,0.33797714285714286
NC_009665.1,SSG-LUGIA-R+center,722193,733068,True,84643.0,8019.0,46331.0,-84643.0,-8019.0,0.029910279630230636
NC_009665.1,SSG-LUGIA-R+center,2237110,2246643,True,25160.0,394.0,12777.0,-25160.0,-394.0,0.2634461290136623
NC_009665.1,SSG-LUGIA-R+center,2332820,2342723,True,8030.0,38926.0,23478.0,8030.0,38926.0,0.03837804628302273
NC_009665.1,SSG-LUGIA-R+center,2354371,2368450,True,13521.0,13199.0,13360.0,-13521.0,13199.0,0.34509803921568627
NC_009665.1,SSG-LUGIA-R+center,2492827,2501912,True,63877.0,18537.0,41207.0,-63877.0,18537.0,0.09930054644808743
NC_009665.1,SSG-LUGIA-R+center,2501929,2514311,True,72979.0,6138.0,39558.5,-72979.0,6138.0,0.13533333333333333
NC_009665.1,SSG-LUGIA-R+center,2607306,2624858,True,20956.0,1191.0,11073.5,-20956.0,1191.0,0.4421410579345088
NC_009665.1,SSG-LUGIA-R+center,3031135,3039465,True,23785.0,33084.0,28434.5,-23785.0,33084.0,0.1277760736196319
NC_009665.1,SSG-LUGIA-R+center,3042152,3052499,True,34802.0,20050.0,27426.0,-34802.0,20050.0,0.15871165644171778
NC_009665.1,SSG-LUGIA-R+center,3860645,3883911,True,11495.0,26538.0,19016.5,-11495.0,26538.0,0.37955954323001634
NC_009665.1,SSG-LUGIA-R+center,3888874,3898161,True,39724.0,12288.0,26006.0,-39724.0,12288.0,0.15151712887438826
NC_009665.1,SSG-LUGIA-R+center,3973591,3996617,True,5459.0,20132.0,12795.5,5459.0,20132.0,0.40705299010635093
NC_009665.1,SSG-LUGIA-R+center,4002702,4014771,True,23652.0,1978.0,12815.0,-23652.0,1978.0,0.320159151193634
NC_009665.1,SSG-LUGIA-R+center,4735184,4747007,True,13034.0,20442.0,16738.0,-13034.0,20442.0,0.26101545253863134
NC_009665.1,SSG-LUGIA-R+center,5040135,5054368,True,9185.0,12219.0,10702.0,-9185.0,-12219.0,0.08604124855886246
NC_009782.1,SSG-LUGIA-P,436005,464314,True,7305.0,22785.0,15045.0,-7305.0,22785.0,0.48476027397260274
NC_009782.1,SSG-LUGIA-P+center,436005,464314,True,2355.0,27735.0,15045.0,-2355.0,27735.0,0.48476027397260274
NC_009782.1,SSG-LUGIA-F,436005,464314,True,9505.0,24385.0,16945.0,-9505.0,24385.0,0.45514469453376205
NC_009782.1,SSG-LUGIA-F+center,436005,464314,True,4555.0,29335.0,16945.0,-4555.0,29335.0,0.45514469453376205
NC_009782.1,SSG-LUGIA-R,436005,464314,True,33305.0,75285.0,54295.0,-33305.0,75285.0,0.20679327976625275
NC_009782.1,SSG-LUGIA-R+center,436005,464314,True,28355.0,80235.0,54295.0,-28355.0,80235.0,0.20679327976625275
NC_009708.1,SSG-LUGIA-P,913307,921944,False,,,,,,0.0
NC_009708.1,SSG-LUGIA-P,2509172,2519053,False,,,,,,0.0
NC_009708.1,SSG-LUGIA-P,2519359,2540420,False,,,,,,0.0
NC_009708.1,SSG-LUGIA-P,848463,866566,False,,,,,,0.0
NC_009708.1,SSG-LUGIA-P,784574,801705,False,,,,,,0.0
NC_009708.1,SSG-LUGIA-P,807043,838052,False,,,,,,0.0
NC_009708.1,SSG-LUGIA-P,709127,724474,True,16927.0,6275.0,11601.0,-16927.0,-6275.0,0.2811154144074361
NC_009708.1,SSG-LUGIA-P+center,913307,921944,True,15457.0,7695.0,11576.0,-15457.0,-7695.0,0.03913675036314588
NC_009708.1,SSG-LUGIA-P+center,2509172,2519053,False,,,,,,0.0
NC_009708.1,SSG-LUGIA-P+center,2519359,2540420,False,,,,,,0.0
NC_009708.1,SSG-LUGIA-P+center,848463,866566,False,,,,,,0.0
NC_009708.1,SSG-LUGIA-P+center,784574,801705,False,,,,,,0.0
NC_009708.1,SSG-LUGIA-P+center,807043,838052,False,,,,,,0.0
NC_009708.1,SSG-LUGIA-P+center,709127,724474,True,11977.0,1325.0,6651.0,-11977.0,-1325.0,0.5131930466605672
NC_009708.1,SSG-LUGIA-F,913307,921944,True,48607.0,33755.0,41181.0,-48607.0,33755.0,0.09492307692307693
NC_009708.1,SSG-LUGIA-F,2509172,2519053,False,,,,,,0.0
NC_009708.1,SSG-LUGIA-F,2519359,2540420,False,,,,,,0.0
NC_009708.1,SSG-LUGIA-F,848463,866566,True,26163.0,3867.0,15015.0,-26163.0,-3867.0,0.3216165540922132
NC_009708.1,SSG-LUGIA-F,784574,801705,True,8226.0,10894.0,9560.0,8226.0,10894.0,0.3177763505316492
NC_009708.1,SSG-LUGIA-F,807043,838052,True,15257.0,24647.0,19952.0,15257.0,24647.0,0.2830371741200568
NC_009708.1,SSG-LUGIA-F,709127,724474,True,17127.0,2975.0,10051.0,-17127.0,-2975.0,0.38100076982294073
NC_009708.1,SSG-LUGIA-F+center,913307,921944,True,43657.0,38705.0,41181.0,-43657.0,38705.0,0.09492307692307693
NC_009708.1,SSG-LUGIA-F+center,2509172,2519053,False,,,,,,0.0
NC_009708.1,SSG-LUGIA-F+center,2519359,2540420,False,,,,,,0.0
NC_009708.1,SSG-LUGIA-F+center,848463,866566,True,21213.0,1083.0,11148.0,-21213.0,1083.0,0.44811881188118813
NC_009708.1,SSG-LUGIA-F+center,784574,801705,True,13176.0,15844.0,14510.0,13176.0,15844.0,0.11996603590490053
NC_009708.1,SSG-LUGIA-F+center,807043,838052,True,20207.0,29597.0,24902.0,20207.0,29597.0,0.17824673717557377
NC_009708.1,SSG-LUGIA-F+center,709127,724474,True,12177.0,1975.0,7076.0,-12177.0,1975.0,0.5202711864406779
NC_009708.1,SSG-LUGIA-R,913307,921944,True,221807.0,60455.0,141131.0,-221807.0,60455.0,0.02969405293915435
NC_009708.1,SSG-LUGIA-R,2509172,2519053,False,,,,,,0.0
NC_009708.1,SSG-LUGIA-R,2519359,2540420,False,,,,,,0.0
NC_009708.1,SSG-LUGIA-R,848463,866566,True,156963.0,115833.0,136398.0,-156963.0,115833.0,0.06223444482640082
NC_009708.1,SSG-LUGIA-R,784574,801705,True,93074.0,180694.0,136884.0,-93074.0,180694.0,0.05889309040907528
NC_009708.1,SSG-LUGIA-R,807043,838052,True,115543.0,144347.0,129945.0,-115543.0,144347.0,0.10660020625644552
NC_009708.1,SSG-LUGIA-R,709127,724474,True,17627.0,257925.0,137776.0,-17627.0,257925.0,0.05276039876246133
NC_009708.1,SSG-LUGIA-R+center,913307,921944,True,216857.0,65405.0,141131.0,-216857.0,65405.0,0.02969405293915435
NC_009708.1,SSG-LUGIA-R+center,2509172,2519053,False,,,,,,0.0
NC_009708.1,SSG-LUGIA-R+center,2519359,2540420,False,,,,,,0.0
NC_009708.1,SSG-LUGIA-R+center,848463,866566,True,152013.0,120783.0,136398.0,-152013.0,120783.0,0.06223444482640082
NC_009708.1,SSG-LUGIA-R+center,784574,801705,True,88124.0,185644.0,136884.0,-88124.0,185644.0,0.05889309040907528
NC_009708.1,SSG-LUGIA-R+center,807043,838052,True,110593.0,149297.0,129945.0,-110593.0,149297.0,0.10660020625644552
NC_009708.1,SSG-LUGIA-R+center,709127,724474,True,12677.0,262875.0,137776.0,-12677.0,262875.0,0.05276039876246133
NC_009783.1,SSG-LUGIA-P,1128885,1139972,False,,,,,,0.0
NC_009783.1,SSG-LUGIA-P,1472576,1481532,False,,,,,,0.0
NC_009783.1,SSG-LUGIA-P,1632746,1642057,True,2054.0,83542.0,42798.0,2054.0,83542.0,0.07816572253214724
NC_009783.1,SSG-LUGIA-P,1643577,1653810,True,8777.0,71789.0,40283.0,-8777.0,71789.0,0.11270925110132159
NC_009783.1,SSG-LUGIA-P,1658593,1686603,True,23793.0,38996.0,31394.5,-23793.0,38996.0,0.3084911894273128
NC_009783.1,SSG-LUGIA-P,1746581,1758322,False,,,,,,0.0
NC_009783.1,SSG-LUGIA-P,1945713,1963088,False,,,,,,0.0
NC_009783.1,SSG-LUGIA-P,1965517,1996773,False,,,,,,0.0
NC_009783.1,SSG-LUGIA-P,2148369,2172142,False,,,,,,0.0
NC_009783.1,SSG-LUGIA-P,2185398,2193821,False,,,,,,0.0
NC_009783.1,SSG-LUGIA-P,2569946,2591635,False,,,,,,0.0
NC_009783.1,SSG-LUGIA-P,2602764,2612839,False,,,,,,0.0
NC_009783.1,SSG-LUGIA-P,3001486,3009519,False,,,,,,0.0
NC_009783.1,SSG-LUGIA-P+center,1128885,1139972,False,,,,,,0.0
NC_009783.1,SSG-LUGIA-P+center,1472576,1481532,False,,,,,,0.0
NC_009783.1,SSG-LUGIA-P+center,1632746,1642057,True,7004.0,88492.0,47748.0,7004.0,88492.0,0.02359821684184696
NC_009783.1,SSG-LUGIA-P+center,1643577,1653810,True,3827.0,76739.0,40283.0,-3827.0,76739.0,0.11270925110132159
NC_009783.1,SSG-LUGIA-P+center,1658593,1686603,True,18843.0,43946.0,31394.5,-18843.0,43946.0,0.3084911894273128
NC_009783.1,SSG-LUGIA-P+center,1746581,1758322,False,,,,,,0.0
NC_009783.1,SSG-LUGIA-P+center,1945713,1963088,False,,,,,,0.0
NC_009783.1,SSG-LUGIA-P+center,1965517,1996773,False,,,,,,0.0
NC_009783.1,SSG-LUGIA-P+center,2148369,2172142,False,,,,,,0.0
NC_009783.1,SSG-LUGIA-P+center,2185398,2193821,False,,,,,,0.0
NC_009783.1,SSG-LUGIA-P+center,2569946,2591635,False,,,,,,0.0
NC_009783.1,SSG-LUGIA-P+center,2602764,2612839,False,,,,,,0.0
NC_009783.1,SSG-LUGIA-P+center,3001486,3009519,False,,,,,,0.0
NC_009783.1,SSG-LUGIA-F,1128885,1139972,True,15185.0,1273.0,8229.0,-15185.0,-1273.0,0.37357743691241957
NC_009783.1,SSG-LUGIA-F,1472576,1481532,False,,,,,,0.0
NC_009783.1,SSG-LUGIA-F,1632746,1642057,True,7146.0,85242.0,46194.0,-7146.0,85242.0,0.09156342182890856
NC_009783.1,SSG-LUGIA-F,1643577,1653810,True,17977.0,73489.0,45733.0,-17977.0,73489.0,0.10062930186823991
NC_009783.1,SSG-LUGIA-F,1658593,1686603,True,32993.0,40696.0,36844.5,-32993.0,40696.0,0.27542772861356934
NC_009783.1,SSG-LUGIA-F,1746581,1758322,False,,,,,,0.0
NC_009783.1,SSG-LUGIA-F,1945713,1963088,False,,,,,,0.0
NC_009783.1,SSG-LUGIA-F,1965517,1996773,False,,,,,,0.0
NC_009783.1,SSG-LUGIA-F,2148369,2172142,False,,,,,,0.0
NC_009783.1,SSG-LUGIA-F,2185398,2193821,False,,,,,,0.0
NC_009783.1,SSG-LUGIA-F,2569946,2591635,False,,,,,,0.0
NC_009783.1,SSG-LUGIA-F,2602764,2612839,False,,,,,,0.0
NC_009783.1,SSG-LUGIA-F,3001486,3009519,False,,,,,,0.0
NC_009783.1,SSG-LUGIA-F+center,1128885,1139972,True,10235.0,3677.0,6956.0,-10235.0,3677.0,0.44352
NC_009783.1,SSG-LUGIA-F+center,1472576,1481532,False,,,,,,0.0
NC_009783.1,SSG-LUGIA-F+center,1632746,1642057,True,2196.0,90192.0,46194.0,-2196.0,90192.0,0.09156342182890856
NC_009783.1,SSG-LUGIA-F+center,1643577,1653810,True,13027.0,78439.0,45733.0,-13027.0,78439.0,0.10062930186823991
NC_009783.1,SSG-LUGIA-F+center,1658593,1686603,True,28043.0,45646.0,36844.5,-28043.0,45646.0,0.27542772861356934
NC_009783.1,SSG-LUGIA-F+center,1746581,1758322,False,,,,,,0.0
NC_009783.1,SSG-LUGIA-F+center,1945713,1963088,False,,,,,,0.0
NC_009783.1,SSG-LUGIA-F+center,1965517,1996773,False,,,,,,0.0
NC_009783.1,SSG-LUGIA-F+center,2148369,2172142,False,,,,,,0.0
NC_009783.1,SSG-LUGIA-F+center,2185398,2193821,False,,,,,,0.0
NC_009783.1,SSG-LUGIA-F+center,2569946,2591635,False,,,,,,0.0
NC_009783.1,SSG-LUGIA-F+center,2602764,2612839,False,,,,,,0.0
NC_009783.1,SSG-LUGIA-F+center,3001486,3009519,False,,,,,,0.0
NC_009783.1,SSG-LUGIA-R,1128885,1139972,True,24485.0,1827.0,13156.0,-24485.0,1827.0,0.2964705882352941
NC_009783.1,SSG-LUGIA-R,1472576,1481532,False,,,,,,0.0
NC_009783.1,SSG-LUGIA-R,1632746,1642057,True,23146.0,110342.0,66744.0,-23146.0,110342.0,0.06521008403361345
NC_009783.1,SSG-LUGIA-R,1643577,1653810,True,33977.0,98589.0,66283.0,-33977.0,98589.0,0.07166666666666667
NC_009783.1,SSG-LUGIA-R,1658593,1686603,True,48993.0,65796.0,57394.5,-48993.0,65796.0,0.19615546218487395
NC_009783.1,SSG-LUGIA-R,1746581,1758322,True,136981.0,5923.0,71452.0,-136981.0,-5923.0,0.03912642967126806
NC_009783.1,SSG-LUGIA-R,1945713,1963088,True,17813.0,27511.0,22662.0,-17813.0,27511.0,0.27712918660287084
NC_009783.1,SSG-LUGIA-R,1965517,1996773,True,37617.0,6174.0,21895.5,-37617.0,-6174.0,0.364186775851555
NC_009783.1,SSG-LUGIA-R,2148369,2172142,True,28469.0,20243.0,24356.0,-28469.0,-20243.0,0.06758800222039316
NC_009783.1,SSG-LUGIA-R,2185398,2193821,False,,,,,,0.0
NC_009783.1,SSG-LUGIA-R,2569946,2591635,False,,,,,,0.0
NC_009783.1,SSG-LUGIA-R,2602764,2612839,False,,,,,,0.0
NC_009783.1,SSG-LUGIA-R,3001486,3009519,True,22086.0,38780.0,30433.0,-22086.0,38780.0,0.11660377358490566
NC_009783.1,SSG-LUGIA-R+center,1128885,1139972,True,19535.0,6777.0,13156.0,-19535.0,6777.0,0.2964705882352941
NC_009783.1,SSG-LUGIA-R+center,1472576,1481532,False,,,,,,0.0
NC_009783.1,SSG-LUGIA-R+center,1632746,1642057,True,18196.0,115292.0,66744.0,-18196.0,115292.0,0.06521008403361345
NC_009783.1,SSG-LUGIA-R+center,1643577,1653810,True,29027.0,103539.0,66283.0,-29027.0,103539.0,0.07166666666666667
NC_009783.1,SSG-LUGIA-R+center,1658593,1686603,True,44043.0,70746.0,57394.5,-44043.0,70746.0,0.19615546218487395
NC_009783.1,SSG-LUGIA-R+center,1746581,1758322,True,132031.0,973.0,66502.0,-132031.0,-973.0,0.0749027981609899
NC_009783.1,SSG-LUGIA-R+center,1945713,1963088,True,12863.0,32461.0,22662.0,-12863.0,32461.0,0.27712918660287084
NC_009783.1,SSG-LUGIA-R+center,1965517,1996773,True,32667.0,1224.0,16945.5,-32667.0,-1224.0,0.4698235404542895
NC_009783.1,SSG-LUGIA-R+center,2148369,2172142,True,23519.0,15293.0,19406.0,-23519.0,-15293.0,0.17932886473685322
NC_009783.1,SSG-LUGIA-R+center,2185398,2193821,False,,,,,,0.0
NC_009783.1,SSG-LUGIA-R+center,2569946,2591635,False,,,,,,0.0
NC_009783.1,SSG-LUGIA-R+center,2602764,2612839,False,,,,,,0.0
NC_009783.1,SSG-LUGIA-R+center,3001486,3009519,True,17136.0,43730.0,30433.0,-17136.0,43730.0,0.11660377358490566
NC_009879.1,SSG-LUGIA-P,495691,505730,False,,,,,,0.0
NC_009879.1,SSG-LUGIA-P,700936,713513,False,,,,,,0.0
NC_009879.1,SSG-LUGIA-P+center,495691,505730,False,,,,,,0.0
NC_009879.1,SSG-LUGIA-P+center,700936,713513,False,,,,,,0.0
NC_009879.1,SSG-LUGIA-F,495691,505730,False,,,,,,0.0
NC_009879.1,SSG-LUGIA-F,700936,713513,False,,,,,,0.0
NC_009879.1,SSG-LUGIA-F+center,495691,505730,False,,,,,,0.0
NC_009879.1,SSG-LUGIA-F+center,700936,713513,False,,,,,,0.0
NC_009879.1,SSG-LUGIA-R,495691,505730,True,11491.0,3069.0,7280.0,-11491.0,3069.0,0.408130081300813
NC_009879.1,SSG-LUGIA-R,700936,713513,False,,,,,,0.0
NC_009879.1,SSG-LUGIA-R+center,495691,505730,True,6541.0,8019.0,7280.0,-6541.0,8019.0,0.408130081300813
NC_009879.1,SSG-LUGIA-R+center,700936,713513,False,,,,,,0.0
NC_009900.1,SSG-LUGIA-P,716256,731572,True,23356.0,25427.0,24391.5,-23356.0,25427.0,0.2389547581903276
NC_009900.1,SSG-LUGIA-P+center,716256,731572,True,18406.0,30377.0,24391.5,-18406.0,30377.0,0.2389547581903276
NC_009900.1,SSG-LUGIA-F,716256,731572,True,31056.0,26527.0,28791.5,-31056.0,26527.0,0.21010973936899863
NC_009900.1,SSG-LUGIA-F+center,716256,731572,True,26106.0,31477.0,28791.5,-26106.0,31477.0,0.21010973936899863
NC_009900.1,SSG-LUGIA-R,716256,731572,True,34956.0,33927.0,34441.5,-34956.0,33927.0,0.18191211401425178
NC_009900.1,SSG-LUGIA-R+center,716256,731572,True,30006.0,38877.0,34441.5,-30006.0,38877.0,0.18191211401425178
NC_009800.1,SSG-LUGIA-P,345429,355370,True,40029.0,24629.0,32329.0,-40029.0,24629.0,0.13327077747989277
NC_009800.1,SSG-LUGIA-P,2064785,2081820,True,12785.0,1621.0,7203.0,-12785.0,-1621.0,0.5169176083967674
NC_009800.1,SSG-LUGIA-P,2143073,2152283,True,1227.0,19416.0,10321.5,1227.0,19416.0,0.2788975442763824
NC_009800.1,SSG-LUGIA-P+center,345429,355370,True,35079.0,29579.0,32329.0,-35079.0,29579.0,0.13327077747989277
NC_009800.1,SSG-LUGIA-P+center,2064785,2081820,True,7835.0,3329.0,5582.0,-7835.0,3329.0,0.604113475177305
NC_009800.1,SSG-LUGIA-P+center,2143073,2152283,True,6177.0,24366.0,15271.5,6177.0,24366.0,0.09035947225779552
NC_009800.1,SSG-LUGIA-F,345429,355370,True,55429.0,29229.0,42329.0,-55429.0,29229.0,0.10509513742071881
NC_009800.1,SSG-LUGIA-F,2064785,2081820,True,15385.0,39079.0,27232.0,-15385.0,39079.0,0.23826573426573427
NC_009800.1,SSG-LUGIA-F,2143073,2152283,True,1673.0,21816.0,11744.5,-1673.0,21816.0,0.2816819571865443
NC_009800.1,SSG-LUGIA-F+center,345429,355370,True,50479.0,34179.0,42329.0,-50479.0,34179.0,0.10509513742071881
NC_009800.1,SSG-LUGIA-F+center,2064785,2081820,True,10435.0,44029.0,27232.0,-10435.0,44029.0,0.23826573426573427
NC_009800.1,SSG-LUGIA-F+center,2143073,2152283,True,3277.0,26766.0,15021.5,3277.0,26766.0,0.1649387108430386
NC_009800.1,SSG-LUGIA-R,345429,355370,True,135229.0,49329.0,92279.0,-135229.0,49329.0,0.05111568123393316
NC_009800.1,SSG-LUGIA-R,2064785,2081820,True,21385.0,103279.0,62332.0,-21385.0,103279.0,0.12022582921665491
NC_009800.1,SSG-LUGIA-R,2143073,2152283,True,99673.0,32816.0,66244.5,-99673.0,32816.0,0.06500352858151023
NC_009800.1,SSG-LUGIA-R+center,345429,355370,True,130279.0,54279.0,92279.0,-130279.0,54279.0,0.05111568123393316
NC_009800.1,SSG-LUGIA-R+center,2064785,2081820,True,16435.0,108229.0,62332.0,-16435.0,108229.0,0.12022582921665491
NC_009800.1,SSG-LUGIA-R+center,2143073,2152283,True,94723.0,37766.0,66244.5,-94723.0,37766.0,0.06500352858151023
NC_009801.1,SSG-LUGIA-P,239228,250121,True,9228.0,17178.0,13203.0,-9228.0,17178.0,0.29206434316353885
NC_009801.1,SSG-LUGIA-P,1399960,1414287,True,840.0,28612.0,14726.0,840.0,28612.0,0.31411271541686075
NC_009801.1,SSG-LUGIA-P,1437188,1448313,True,36388.0,5414.0,20901.0,-36388.0,-5414.0,0.12021719914130571
NC_009801.1,SSG-LUGIA-P,1701182,1709443,True,18482.0,5544.0,12013.0,-18482.0,-5544.0,0.10163027221058929
NC_009801.1,SSG-LUGIA-P,2172994,2221098,True,10494.0,17799.0,14146.5,-10494.0,-17799.0,0.5171760610249322
NC_009801.1,SSG-LUGIA-P,3328172,3341171,True,9028.0,82228.0,45628.0,9028.0,82228.0,0.041710421304658296
NC_009801.1,SSG-LUGIA-P,3372992,3397393,True,35792.0,26006.0,30899.0,-35792.0,26006.0,0.2830858468677494
NC_009801.1,SSG-LUGIA-P+center,239228,250121,True,4278.0,22128.0,13203.0,-4278.0,22128.0,0.29206434316353885
NC_009801.1,SSG-LUGIA-P+center,1399960,1414287,True,5790.0,33562.0,19676.0,5790.0,33562.0,0.17828356650657756
NC_009801.1,SSG-LUGIA-P+center,1437188,1448313,True,31438.0,464.0,15951.0,-31438.0,-464.0,0.25049337468283056
NC_009801.1,SSG-LUGIA-P+center,1701182,1709443,True,13532.0,594.0,7063.0,-13532.0,-594.0,0.35183995595117923
NC_009801.1,SSG-LUGIA-P+center,2172994,2221098,True,5544.0,12849.0,9196.5,-5544.0,-12849.0,0.6571604316949058
NC_009801.1,SSG-LUGIA-P+center,3328172,3341171,False,,,,,,0.0
NC_009801.1,SSG-LUGIA-P+center,3372992,3397393,True,30842.0,30956.0,30899.0,-30842.0,30956.0,0.2830858468677494
NC_009801.1,SSG-LUGIA-F,239228,250121,True,11528.0,18178.0,14853.0,-11528.0,18178.0,0.26832512315270934
NC_009801.1,SSG-LUGIA-F,1399960,1414287,True,7260.0,29412.0,18336.0,-7260.0,29412.0,0.28094117647058825
NC_009801.1,SSG-LUGIA-F,1437188,1448313,True,44488.0,4614.0,24551.0,-44488.0,-4614.0,0.11709281835509044
NC_009801.1,SSG-LUGIA-F,1701182,1709443,True,21382.0,2144.0,11763.0,-21382.0,-2144.0,0.2063824045338011
NC_009801.1,SSG-LUGIA-F,2172994,2221098,True,12094.0,15299.0,13696.5,-12094.0,-15299.0,0.544959218591671
NC_009801.1,SSG-LUGIA-F,3328172,3341171,True,4128.0,86928.0,45528.0,4128.0,86928.0,0.08878392442558643
NC_009801.1,SSG-LUGIA-F,3372992,3397393,True,40692.0,30706.0,35699.0,-40692.0,30706.0,0.2547181628392484
NC_009801.1,SSG-LUGIA-F+center,239228,250121,True,6578.0,23128.0,14853.0,-6578.0,23128.0,0.26832512315270934
NC_009801.1,SSG-LUGIA-F+center,1399960,1414287,True,2310.0,34362.0,18336.0,-2310.0,34362.0,0.28094117647058825
NC_009801.1,SSG-LUGIA-F+center,1437188,1448313,True,39538.0,336.0,19937.0,-39538.0,336.0,0.21815686274509805
NC_009801.1,SSG-LUGIA-F+center,1701182,1709443,True,16432.0,2806.0,9619.0,-16432.0,2806.0,0.3004363636363636
NC_009801.1,SSG-LUGIA-F+center,2172994,2221098,True,7144.0,10349.0,8746.5,-7144.0,-10349.0,0.6833788846856956
NC_009801.1,SSG-LUGIA-F+center,3328172,3341171,True,9078.0,91878.0,50478.0,9078.0,91878.0,0.0373958313468983
NC_009801.1,SSG-LUGIA-F+center,3372992,3397393,True,35742.0,35656.0,35699.0,-35742.0,35656.0,0.2547181628392484
NC_009801.1,SSG-LUGIA-R,239228,250121,True,23528.0,20178.0,21853.0,-23528.0,20178.0,0.19952380952380952
NC_009801.1,SSG-LUGIA-R,1399960,1414287,True,26260.0,32812.0,29536.0,-26260.0,32812.0,0.19520435967302452
NC_009801.1,SSG-LUGIA-R,1437188,1448313,True,63488.0,1214.0,32351.0,-63488.0,-1214.0,0.13284370225426864
NC_009801.1,SSG-LUGIA-R,1701182,1709443,True,30982.0,13656.0,22319.0,-30982.0,13656.0,0.15618147448015124
NC_009801.1,SSG-LUGIA-R,2172994,2221098,True,21294.0,22301.0,21797.5,-21294.0,22301.0,0.5245910577971646
NC_009801.1,SSG-LUGIA-R,3328172,3341171,True,6272.0,93728.0,50000.0,-6272.0,93728.0,0.11504424778761062
NC_009801.1,SSG-LUGIA-R,3372992,3397393,True,51092.0,37506.0,44299.0,-51092.0,37506.0,0.21594690265486727
NC_009801.1,SSG-LUGIA-R+center,239228,250121,True,18578.0,25128.0,21853.0,-18578.0,25128.0,0.19952380952380952
NC_009801.1,SSG-LUGIA-R+center,1399960,1414287,True,21310.0,37762.0,29536.0,-21310.0,37762.0,0.19520435967302452
NC_009801.1,SSG-LUGIA-R+center,1437188,1448313,True,58538.0,3736.0,31137.0,-58538.0,3736.0,0.15158038147138964
NC_009801.1,SSG-LUGIA-R+center,1701182,1709443,True,26032.0,18606.0,22319.0,-26032.0,18606.0,0.15618147448015124
NC_009801.1,SSG-LUGIA-R+center,2172994,2221098,True,16344.0,27251.0,21797.5,-16344.0,27251.0,0.5245910577971646
NC_009801.1,SSG-LUGIA-R+center,3328172,3341171,True,1322.0,98678.0,50000.0,-1322.0,98678.0,0.11504424778761062
NC_009801.1,SSG-LUGIA-R+center,3372992,3397393,True,46142.0,42456.0,44299.0,-46142.0,42456.0,0.21594690265486727
NC_010084.1,SSG-LUGIA-P,547957,558751,True,12057.0,2152.0,7104.5,-12057.0,-2152.0,0.37821634867845266
NC_010084.1,SSG-LUGIA-P,2490209,2500594,True,13209.0,64205.0,38707.0,-13209.0,64205.0,0.11829157175398633
NC_010084.1,SSG-LUGIA-P,2532555,2543039,True,55555.0,21760.0,38657.5,-55555.0,21760.0,0.11941913439635535
NC_010084.1,SSG-LUGIA-P,2831185,2843434,True,14685.0,2765.0,8725.0,-14685.0,2765.0,0.41245791245791247
NC_010084.1,SSG-LUGIA-P+center,547957,558751,True,7107.0,2798.0,4952.5,-7107.0,2798.0,0.5214975845410628
NC_010084.1,SSG-LUGIA-P+center,2490209,2500594,True,8259.0,69155.0,38707.0,-8259.0,69155.0,0.11829157175398633
NC_010084.1,SSG-LUGIA-P+center,2532555,2543039,True,50605.0,26710.0,38657.5,-50605.0,26710.0,0.11941913439635535
NC_010084.1,SSG-LUGIA-P+center,2831185,2843434,True,9735.0,7715.0,8725.0,-9735.0,7715.0,0.41245791245791247
NC_010084.1,SSG-LUGIA-F,547957,558751,True,12657.0,1352.0,7004.5,-12657.0,-1352.0,0.4026522258229575
NC_010084.1,SSG-LUGIA-F,2490209,2500594,True,14209.0,65505.0,39857.0,-14209.0,65505.0,0.11527192008879024
NC_010084.1,SSG-LUGIA-F,2532555,2543039,True,56555.0,23060.0,39807.5,-56555.0,23060.0,0.11637069922308546
NC_010084.1,SSG-LUGIA-F,2831185,2843434,True,24485.0,3365.0,13925.0,-24485.0,3365.0,0.3054862842892768
NC_010084.1,SSG-LUGIA-F+center,547957,558751,True,7707.0,3598.0,5652.5,-7707.0,3598.0,0.48846153846153845
NC_010084.1,SSG-LUGIA-F+center,2490209,2500594,True,9259.0,70455.0,39857.0,-9259.0,70455.0,0.11527192008879024
NC_010084.1,SSG-LUGIA-F+center,2532555,2543039,True,51605.0,28010.0,39807.5,-51605.0,28010.0,0.11637069922308546
NC_010084.1,SSG-LUGIA-F+center,2831185,2843434,True,19535.0,8315.0,13925.0,-19535.0,8315.0,0.3054862842892768
NC_010084.1,SSG-LUGIA-R,547957,558751,True,17657.0,12548.0,15102.5,-17657.0,12548.0,0.2632926829268293
NC_010084.1,SSG-LUGIA-R,2490209,2500594,True,27409.0,73505.0,50457.0,-27409.0,73505.0,0.09331536388140162
NC_010084.1,SSG-LUGIA-R,2532555,2543039,True,69755.0,31060.0,50407.5,-69755.0,31060.0,0.09420485175202156
NC_010084.1,SSG-LUGIA-R,2831185,2843434,True,30985.0,7465.0,19225.0,-30985.0,7465.0,0.2416173570019724
NC_010084.1,SSG-LUGIA-R+center,547957,558751,True,12707.0,17498.0,15102.5,-12707.0,17498.0,0.2632926829268293
NC_010084.1,SSG-LUGIA-R+center,2490209,2500594,True,22459.0,78455.0,50457.0,-22459.0,78455.0,0.09331536388140162
NC_010084.1,SSG-LUGIA-R+center,2532555,2543039,True,64805.0,36010.0,50407.5,-64805.0,36010.0,0.09420485175202156
NC_010084.1,SSG-LUGIA-R+center,2831185,2843434,True,26035.0,12415.0,19225.0,-26035.0,12415.0,0.2416173570019724
NC_009901.1,SSG-LUGIA-P,1537164,1555074,True,17464.0,5125.0,11294.5,-17464.0,5125.0,0.4422469135802469
NC_009901.1,SSG-LUGIA-P,1833595,1846906,False,,,,,,0.0
NC_009901.1,SSG-LUGIA-P,2797983,2822650,True,4783.0,7951.0,6367.0,-4783.0,-7951.0,0.5676207938609894
NC_009901.1,SSG-LUGIA-P,5106241,5118312,True,1959.0,1887.0,1923.0,1959.0,1887.0,0.7244788308618095
NC_009901.1,SSG-LUGIA-P+center,1537164,1555074,True,12514.0,10075.0,11294.5,-12514.0,10075.0,0.4422469135802469
NC_009901.1,SSG-LUGIA-P+center,1833595,1846906,False,,,,,,0.0
NC_009901.1,SSG-LUGIA-P+center,2797983,2822650,True,167.0,3001.0,1584.0,167.0,-3001.0,0.8715745094859737
NC_009901.1,SSG-LUGIA-P+center,5106241,5118312,True,6909.0,6837.0,6873.0,6909.0,6837.0,0.2730445819451055
NC_009901.1,SSG-LUGIA-F,1537164,1555074,True,19864.0,7025.0,13444.5,-19864.0,7025.0,0.39979910714285716
NC_009901.1,SSG-LUGIA-F,1833595,1846906,False,,,,,,0.0
NC_009901.1,SSG-LUGIA-F,2797983,2822650,True,6483.0,7151.0,6817.0,-6483.0,-7151.0,0.5623254470161472
NC_009901.1,SSG-LUGIA-F,5106241,5118312,True,359.0,2887.0,1623.0,359.0,2887.0,0.7830068854869978
NC_009901.1,SSG-LUGIA-F+center,1537164,1555074,True,14914.0,11975.0,13444.5,-14914.0,11975.0,0.39979910714285716
NC_009901.1,SSG-LUGIA-F+center,1833595,1846906,False,,,,,,0.0
NC_009901.1,SSG-LUGIA-F+center,2797983,2822650,True,1533.0,2201.0,1867.0,-1533.0,-2201.0,0.8574863554826152
NC_009901.1,SSG-LUGIA-F+center,5106241,5118312,True,5309.0,7837.0,6573.0,5309.0,7837.0,0.33969561504847057
NC_009901.1,SSG-LUGIA-R,1537164,1555074,True,24864.0,12925.0,18894.5,-24864.0,12925.0,0.3215619389587074
NC_009901.1,SSG-LUGIA-R,1833595,1846906,True,9595.0,8393.0,8994.0,-9595.0,8393.0,0.4253035143769968
NC_009901.1,SSG-LUGIA-R,2797983,2822650,True,10383.0,751.0,5567.0,-10383.0,-751.0,0.6823485777866537
NC_009901.1,SSG-LUGIA-R,5106241,5118312,True,4441.0,6187.0,5314.0,-4441.0,6187.0,0.531806167400881
NC_009901.1,SSG-LUGIA-R+center,1537164,1555074,True,19914.0,17875.0,18894.5,-19914.0,17875.0,0.3215619389587074
NC_009901.1,SSG-LUGIA-R+center,1833595,1846906,True,4645.0,13343.0,8994.0,-4645.0,13343.0,0.4253035143769968
NC_009901.1,SSG-LUGIA-R+center,2797983,2822650,True,5433.0,4199.0,4816.0,-5433.0,4199.0,0.7191836734693877
NC_009901.1,SSG-LUGIA-R+center,5106241,5118312,True,509.0,11137.0,5823.0,509.0,11137.0,0.4982119005558189
NC_009997.1,SSG-LUGIA-P,676389,685130,True,2989.0,64569.0,33779.0,-2989.0,64569.0,0.1145740498034076
NC_009997.1,SSG-LUGIA-P,685193,716455,True,11793.0,33244.0,22518.5,-11793.0,33244.0,0.409737876802097
NC_009997.1,SSG-LUGIA-P,716704,755497,True,43304.0,5798.0,24551.0,-43304.0,-5798.0,0.4019099125435455
NC_009997.1,SSG-LUGIA-P,905286,913297,True,6114.0,8602.0,7358.0,6114.0,8602.0,0.11424100156494522
NC_009997.1,SSG-LUGIA-P,1716272,1725249,False,,,,,,0.0
NC_009997.1,SSG-LUGIA-P,2078844,2090632,False,,,,,,0.0
NC_009997.1,SSG-LUGIA-P,2420070,2430009,False,,,,,,0.0
NC_009997.1,SSG-LUGIA-P,2525544,2534712,True,4456.0,18487.0,11471.5,4456.0,18487.0,0.1704150997975123
NC_009997.1,SSG-LUGIA-P,2664069,2707191,True,21969.0,12608.0,17288.5,-21969.0,12608.0,0.554993564993565
NC_009997.1,SSG-LUGIA-P,2710869,2727255,True,68769.0,7456.0,38112.5,-68769.0,-7456.0,0.10487810606416459
NC_009997.1,SSG-LUGIA-P,3439233,3448525,False,,,,,,0.0
NC_009997.1,SSG-LUGIA-P,3456690,3465749,False,,,,,,0.0
NC_009997.1,SSG-LUGIA-P,4013865,4023226,True,33065.0,5127.0,19096.0,-33065.0,-5127.0,0.0998185117967332
NC_009997.1,SSG-LUGIA-P,5152914,5170164,False,,,,,,0.0
NC_009997.1,SSG-LUGIA-P+center,676389,685130,True,1961.0,69519.0,35740.0,1961.0,69519.0,0.08664596670116662
NC_009997.1,SSG-LUGIA-P+center,685193,716455,True,6843.0,38194.0,22518.5,-6843.0,38194.0,0.409737876802097
NC_009997.1,SSG-LUGIA-P+center,716704,755497,True,38354.0,848.0,19601.0,-38354.0,-848.0,0.49185980193913
NC_009997.1,SSG-LUGIA-P+center,905286,913297,False,,,,,,0.0
NC_009997.1,SSG-LUGIA-P+center,1716272,1725249,False,,,,,,0.0
NC_009997.1,SSG-LUGIA-P+center,2078844,2090632,False,,,,,,0.0
NC_009997.1,SSG-LUGIA-P+center,2420070,2430009,True,64820.0,6760.0,35790.0,-64820.0,-6760.0,0.04253611556982344
NC_009997.1,SSG-LUGIA-P+center,2525544,2534712,False,,,,,,0.0
NC_009997.1,SSG-LUGIA-P+center,2664069,2707191,True,17019.0,17558.0,17288.5,-17019.0,17558.0,0.554993564993565
NC_009997.1,SSG-LUGIA-P+center,2710869,2727255,True,63819.0,2506.0,33162.5,-63819.0,-2506.0,0.1730668528539012
NC_009997.1,SSG-LUGIA-P+center,3439233,3448525,False,,,,,,0.0
NC_009997.1,SSG-LUGIA-P+center,3456690,3465749,False,,,,,,0.0
NC_009997.1,SSG-LUGIA-P+center,4013865,4023226,True,28115.0,177.0,14146.0,-28115.0,-177.0,0.24508365130613444
NC_009997.1,SSG-LUGIA-P+center,5152914,5170164,False,,,,,,0.0
NC_009997.1,SSG-LUGIA-F,676389,685130,True,4789.0,66969.0,35879.0,-4789.0,66969.0,0.10859627329192546
NC_009997.1,SSG-LUGIA-F,685193,716455,True,13593.0,35644.0,24618.5,-13593.0,35644.0,0.38836024844720496
NC_009997.1,SSG-LUGIA-F,716704,755497,True,45104.0,3398.0,24251.0,-45104.0,-3398.0,0.42189325132899475
NC_009997.1,SSG-LUGIA-F,905286,913297,True,486.0,17402.0,8944.0,-486.0,17402.0,0.30934362934362936
NC_009997.1,SSG-LUGIA-F,1716272,1725249,False,,,,,,0.0
NC_009997.1,SSG-LUGIA-F,2078844,2090632,False,,,,,,0.0
NC_009997.1,SSG-LUGIA-F,2420070,2430009,True,73670.0,9910.0,41790.0,-73670.0,-9910.0,0.0003588087549336204
NC_009997.1,SSG-LUGIA-F,2525544,2534712,True,3756.0,19887.0,11821.5,3756.0,19887.0,0.1862954295154185
NC_009997.1,SSG-LUGIA-F,2664069,2707191,True,31569.0,13608.0,22588.5,-31569.0,13608.0,0.48836919592298983
NC_009997.1,SSG-LUGIA-F,2710869,2727255,True,78369.0,6456.0,42412.5,-78369.0,-6456.0,0.10480602811431466
NC_009997.1,SSG-LUGIA-F,3439233,3448525,False,,,,,,0.0
NC_009997.1,SSG-LUGIA-F,3456690,3465749,False,,,,,,0.0
NC_009997.1,SSG-LUGIA-F,4013865,4023226,True,38065.0,173.0,19119.0,-38065.0,173.0,0.19668067226890756
NC_009997.1,SSG-LUGIA-F,5152914,5170164,False,,,,,,0.0
NC_009997.1,SSG-LUGIA-F+center,676389,685130,True,161.0,71919.0,36040.0,161.0,71919.0,0.10638350627936673
NC_009997.1,SSG-LUGIA-F+center,685193,716455,True,8643.0,40594.0,24618.5,-8643.0,40594.0,0.38836024844720496
NC_009997.1,SSG-LUGIA-F+center,716704,755497,True,40154.0,1552.0,20853.0,-40154.0,1552.0,0.48191304347826086
NC_009997.1,SSG-LUGIA-F+center,905286,913297,True,4464.0,22352.0,13408.0,4464.0,22352.0,0.1168489000131735
NC_009997.1,SSG-LUGIA-F+center,1716272,1725249,False,,,,,,0.0
NC_009997.1,SSG-LUGIA-F+center,2078844,2090632,False,,,,,,0.0
NC_009997.1,SSG-LUGIA-F+center,2420070,2430009,True,68720.0,4960.0,36840.0,-68720.0,-4960.0,0.06331045003813883
NC_009997.1,SSG-LUGIA-F+center,2525544,2534712,True,8706.0,24837.0,16771.5,8706.0,24837.0,0.013615244368640828
NC_009997.1,SSG-LUGIA-F+center,2664069,2707191,True,26619.0,18558.0,22588.5,-26619.0,18558.0,0.48836919592298983
NC_009997.1,SSG-LUGIA-F+center,2710869,2727255,True,73419.0,1506.0,37462.5,-73419.0,-1506.0,0.16570162349954345
NC_009997.1,SSG-LUGIA-F+center,3439233,3448525,False,,,,,,0.0
NC_009997.1,SSG-LUGIA-F+center,3456690,3465749,False,,,,,,0.0
NC_009997.1,SSG-LUGIA-F+center,4013865,4023226,True,33115.0,5123.0,19119.0,-33115.0,5123.0,0.19668067226890756
NC_009997.1,SSG-LUGIA-F+center,5152914,5170164,False,,,,,,0.0
NC_009997.1,SSG-LUGIA-R,676389,685130,True,10389.0,69469.0,39929.0,-10389.0,69469.0,0.09866817155756208
NC_009997.1,SSG-LUGIA-R,685193,716455,True,19193.0,38144.0,28668.5,-19193.0,38144.0,0.3528555304740406
NC_009997.1,SSG-LUGIA-R,716704,755497,True,50704.0,898.0,25801.0,-50704.0,-898.0,0.42342845650182126
NC_009997.1,SSG-LUGIA-R,905286,913297,True,13886.0,29802.0,21844.0,-13886.0,29802.0,0.15497098646034815
NC_009997.1,SSG-LUGIA-R,1716272,1725249,False,,,,,,0.0
NC_009997.1,SSG-LUGIA-R,2078844,2090632,True,18044.0,1333.0,9688.5,-18044.0,-1333.0,0.350484362953776
NC_009997.1,SSG-LUGIA-R,2420070,2430009,True,77970.0,2910.0,40440.0,-77970.0,-2910.0,0.07996814924354453
NC_009997.1,SSG-LUGIA-R,2525544,2534712,True,39944.0,27187.0,33565.5,-39944.0,27187.0,0.12017038007863697
NC_009997.1,SSG-LUGIA-R,2664069,2707191,True,34269.0,28408.0,31338.5,-34269.0,28408.0,0.4075897920604915
NC_009997.1,SSG-LUGIA-R,2710869,2727255,True,81069.0,8344.0,44706.5,-81069.0,8344.0,0.15488657844990547
NC_009997.1,SSG-LUGIA-R,3439233,3448525,True,767.0,11974.0,6370.5,767.0,11974.0,0.4009028071660319
NC_009997.1,SSG-LUGIA-R,3456690,3465749,True,16690.0,5250.0,10970.0,-16690.0,-5250.0,0.1479611650485437
NC_009997.1,SSG-LUGIA-R,4013865,4023226,True,48365.0,4873.0,26619.0,-48365.0,4873.0,0.14955271565495207
NC_009997.1,SSG-LUGIA-R,5152914,5170164,False,,,,,,0.0
NC_009997.1,SSG-LUGIA-R+center,676389,685130,True,5439.0,74419.0,39929.0,-5439.0,74419.0,0.09866817155756208
NC_009997.1,SSG-LUGIA-R+center,685193,716455,True,14243.0,43094.0,28668.5,-14243.0,43094.0,0.3528555304740406
NC_009997.1,SSG-LUGIA-R+center,716704,755497,True,45754.0,4052.0,24903.0,-45754.0,4052.0,0.43785553047404063
NC_009997.1,SSG-LUGIA-R+center,905286,913297,True,8936.0,34752.0,21844.0,-8936.0,34752.0,0.15497098646034815
NC_009997.1,SSG-LUGIA-R+center,1716272,1725249,False,,,,,,0.0
NC_009997.1,SSG-LUGIA-R+center,2078844,2090632,True,13094.0,3617.0,8355.5,-13094.0,3617.0,0.41364912280701754
NC_009997.1,SSG-LUGIA-R+center,2420070,2430009,True,73020.0,2040.0,37530.0,-73020.0,2040.0,0.11694117647058823
NC_009997.1,SSG-LUGIA-R+center,2525544,2534712,True,34994.0,32137.0,33565.5,-34994.0,32137.0,0.12017038007863697
NC_009997.1,SSG-LUGIA-R+center,2664069,2707191,True,29319.0,33358.0,31338.5,-29319.0,33358.0,0.4075897920604915
NC_009997.1,SSG-LUGIA-R+center,2710869,2727255,True,76119.0,13294.0,44706.5,-76119.0,13294.0,0.15488657844990547
NC_009997.1,SSG-LUGIA-R+center,3439233,3448525,True,5717.0,16924.0,11320.5,5717.0,16924.0,0.13640004577182743
NC_009997.1,SSG-LUGIA-R+center,3456690,3465749,True,11740.0,300.0,6020.0,-11740.0,-300.0,0.42115384615384616
NC_009997.1,SSG-LUGIA-R+center,4013865,4023226,True,43415.0,9823.0,26619.0,-43415.0,9823.0,0.14955271565495207
NC_009997.1,SSG-LUGIA-R+center,5152914,5170164,False,,,,,,0.0
NC_010167.1,SSG-LUGIA-P,1098470,1123198,False,,,,,,0.0
NC_010167.1,SSG-LUGIA-P,1124718,1161177,False,,,,,,0.0
NC_010167.1,SSG-LUGIA-P,1186314,1210727,False,,,,,,0.0
NC_010167.1,SSG-LUGIA-P,1225316,1297579,True,54884.0,4720.0,29802.0,54884.0,4720.0,0.22576119713187157
NC_010167.1,SSG-LUGIA-P+center,1098470,1123198,False,,,,,,0.0
NC_010167.1,SSG-LUGIA-P+center,1124718,1161177,False,,,,,,0.0
NC_010167.1,SSG-LUGIA-P+center,1186314,1210727,False,,,,,,0.0
NC_010167.1,SSG-LUGIA-P+center,1225316,1297579,True,59834.0,9670.0,34752.0,59834.0,9670.0,0.15170747186760075
NC_010167.1,SSG-LUGIA-F,1098470,1123198,False,,,,,,0.0
NC_010167.1,SSG-LUGIA-F,1124718,1161177,False,,,,,,0.0
NC_010167.1,SSG-LUGIA-F,1186314,1210727,False,,,,,,0.0
NC_010167.1,SSG-LUGIA-F,1225316,1297579,True,50984.0,30320.0,40652.0,50984.0,30320.0,0.2074397566872027
NC_010167.1,SSG-LUGIA-F+center,1098470,1123198,False,,,,,,0.0
NC_010167.1,SSG-LUGIA-F+center,1124718,1161177,False,,,,,,0.0
NC_010167.1,SSG-LUGIA-F+center,1186314,1210727,False,,,,,,0.0
NC_010167.1,SSG-LUGIA-F+center,1225316,1297579,True,55934.0,35270.0,45602.0,55934.0,35270.0,0.15185894693771274
NC_010167.1,SSG-LUGIA-R,1098470,1123198,True,46270.0,24599.0,35434.5,-46270.0,-24599.0,0.0018310117043902026
NC_010167.1,SSG-LUGIA-R,1124718,1161177,False,,,,,,0.0
NC_010167.1,SSG-LUGIA-R,1186314,1210727,False,,,,,,0.0
NC_010167.1,SSG-LUGIA-R,1225316,1297579,True,40984.0,40620.0,40802.0,40984.0,40620.0,0.27709861450692747
NC_010167.1,SSG-LUGIA-R+center,1098470,1123198,True,41320.0,19649.0,30484.5,-41320.0,-19649.0,0.07691259519447682
NC_010167.1,SSG-LUGIA-R+center,1124718,1161177,False,,,,,,0.0
NC_010167.1,SSG-LUGIA-R+center,1186314,1210727,False,,,,,,0.0
NC_010167.1,SSG-LUGIA-R+center,1225316,1297579,True,45934.0,45570.0,45752.0,45934.0,45570.0,0.22344993804844102
NC_010102.1,SSG-LUGIA-P,1004640,1020616,True,17640.0,3717.0,10678.5,-17640.0,-3717.0,0.364696433352173
NC_010102.1,SSG-LUGIA-P,4537529,4550446,True,57629.0,24353.0,40991.0,-57629.0,24353.0,0.1361222339304531
NC_010102.1,SSG-LUGIA-P+center,1004640,1020616,True,12690.0,1233.0,6961.5,-12690.0,1233.0,0.5343478260869565
NC_010102.1,SSG-LUGIA-P+center,4537529,4550446,True,52679.0,29303.0,40991.0,-52679.0,29303.0,0.1361222339304531
NC_010102.1,SSG-LUGIA-F,1004640,1020616,True,38840.0,917.0,19878.5,-38840.0,-917.0,0.2747322910775854
NC_010102.1,SSG-LUGIA-F,4537529,4550446,True,58029.0,26953.0,42491.0,-58029.0,26953.0,0.13195097037793668
NC_010102.1,SSG-LUGIA-F+center,1004640,1020616,True,33890.0,4033.0,18961.5,-33890.0,4033.0,0.29641929499072356
NC_010102.1,SSG-LUGIA-F+center,4537529,4550446,True,53079.0,31903.0,42491.0,-53079.0,31903.0,0.13195097037793668
NC_010102.1,SSG-LUGIA-R,1004640,1020616,True,181140.0,11483.0,96311.5,-181140.0,11483.0,0.07659156279961649
NC_010102.1,SSG-LUGIA-R,4537529,4550446,True,60029.0,36953.0,48491.0,-60029.0,36953.0,0.11754322111010009
NC_010102.1,SSG-LUGIA-R+center,1004640,1020616,True,176190.0,16433.0,96311.5,-176190.0,16433.0,0.07659156279961649
NC_010102.1,SSG-LUGIA-R+center,4537529,4550446,True,55079.0,41903.0,48491.0,-55079.0,41903.0,0.11754322111010009
NC_010159.1,SSG-LUGIA-P,1295404,1305521,True,6204.0,4778.0,5491.0,-6204.0,4778.0,0.4795260663507109
NC_010159.1,SSG-LUGIA-P,1420243,1428739,True,7057.0,13460.0,10258.5,7057.0,13460.0,0.0655827298811313
NC_010159.1,SSG-LUGIA-P+center,1295404,1305521,True,1254.0,9728.0,5491.0,-1254.0,9728.0,0.4795260663507109
NC_010159.1,SSG-LUGIA-P+center,1420243,1428739,False,,,,,,0.0
NC_010159.1,SSG-LUGIA-F,1295404,1305521,True,6504.0,5278.0,5891.0,-6504.0,5278.0,0.46200913242009134
NC_010159.1,SSG-LUGIA-F,1420243,1428739,True,16043.0,14660.0,15351.5,-16043.0,14660.0,0.21676020408163266
NC_010159.1,SSG-LUGIA-F+center,1295404,1305521,True,1554.0,10228.0,5891.0,-1554.0,10228.0,0.46200913242009134
NC_010159.1,SSG-LUGIA-F+center,1420243,1428739,True,11093.0,19610.0,15351.5,-11093.0,19610.0,0.21676020408163266
NC_010159.1,SSG-LUGIA-R,1295404,1305521,True,13204.0,19678.0,16441.0,-13204.0,19678.0,0.23530232558139536
NC_010159.1,SSG-LUGIA-R,1420243,1428739,True,21743.0,37160.0,29451.5,-21743.0,37160.0,0.12606824925816024
NC_010159.1,SSG-LUGIA-R+center,1295404,1305521,True,8254.0,24628.0,16441.0,-8254.0,24628.0,0.23530232558139536
NC_010159.1,SSG-LUGIA-R+center,1420243,1428739,True,16793.0,42110.0,29451.5,-16793.0,42110.0,0.12606824925816024
NC_010184.1,SSG-LUGIA-P,3435859,3453733,True,1359.0,68266.0,34812.5,-1359.0,68266.0,0.2042857142857143
NC_010184.1,SSG-LUGIA-P,3663450,3673933,False,,,,,,0.0
NC_010184.1,SSG-LUGIA-P+center,3435859,3453733,True,3591.0,73216.0,38403.5,3591.0,73216.0,0.15681022274428869
NC_010184.1,SSG-LUGIA-P+center,3663450,3673933,False,,,,,,0.0
NC_010184.1,SSG-LUGIA-F,3435859,3453733,True,2159.0,68866.0,35512.5,-2159.0,68866.0,0.20106861642294713
NC_010184.1,SSG-LUGIA-F,3663450,3673933,False,,,,,,0.0
NC_010184.1,SSG-LUGIA-F+center,3435859,3453733,True,2791.0,73816.0,38303.5,2791.0,73816.0,0.16450905759562007
NC_010184.1,SSG-LUGIA-F+center,3663450,3673933,False,,,,,,0.0
NC_010184.1,SSG-LUGIA-R,3435859,3453733,True,4259.0,72466.0,38362.5,-4259.0,72466.0,0.18895348837209303
NC_010184.1,SSG-LUGIA-R,3663450,3673933,True,43950.0,59366.0,51658.0,-43950.0,59366.0,0.09212653778558876
NC_010184.1,SSG-LUGIA-R+center,3435859,3453733,True,691.0,77416.0,39053.5,691.0,77416.0,0.18033182567083986
NC_010184.1,SSG-LUGIA-R+center,3663450,3673933,True,39000.0,64316.0,51658.0,-39000.0,64316.0,0.09212653778558876
NC_010334.1,SSG-LUGIA-P,629041,637905,False,,,,,,0.0
NC_010334.1,SSG-LUGIA-P,768727,784587,False,,,,,,0.0
NC_010334.1,SSG-LUGIA-P,784633,808857,False,,,,,,0.0
NC_010334.1,SSG-LUGIA-P+center,629041,637905,False,,,,,,0.0
NC_010334.1,SSG-LUGIA-P+center,768727,784587,False,,,,,,0.0
NC_010334.1,SSG-LUGIA-P+center,784633,808857,False,,,,,,0.0
NC_010334.1,SSG-LUGIA-F,629041,637905,True,22641.0,6606.0,14623.5,-22641.0,-6606.0,0.07170062845172348
NC_010334.1,SSG-LUGIA-F,768727,784587,False,,,,,,0.0
NC_010334.1,SSG-LUGIA-F,784633,808857,False,,,,,,0.0
NC_010334.1,SSG-LUGIA-F+center,629041,637905,True,17691.0,1656.0,9673.5,-17691.0,-1656.0,0.27146407591504745
NC_010334.1,SSG-LUGIA-F+center,768727,784587,False,,,,,,0.0
NC_010334.1,SSG-LUGIA-F+center,784633,808857,False,,,,,,0.0
NC_010334.1,SSG-LUGIA-R,629041,637905,True,30141.0,7294.0,18717.5,-30141.0,7294.0,0.19146868250539956
NC_010334.1,SSG-LUGIA-R,768727,784587,False,,,,,,0.0
NC_010334.1,SSG-LUGIA-R,784633,808857,False,,,,,,0.0
NC_010334.1,SSG-LUGIA-R+center,629041,637905,True,25191.0,12244.0,18717.5,-25191.0,12244.0,0.19146868250539956
NC_010334.1,SSG-LUGIA-R+center,768727,784587,False,,,,,,0.0
NC_010334.1,SSG-LUGIA-R+center,784633,808857,False,,,,,,0.0
NC_010380.1,SSG-LUGIA-P,32125,58169,True,12125.0,38530.0,25327.5,-12125.0,38530.0,0.3395697522816167
NC_010380.1,SSG-LUGIA-P,66494,99216,True,46494.0,2517.0,24505.5,-46494.0,-2517.0,0.3813070426802328
NC_010380.1,SSG-LUGIA-P,1906446,1915281,False,,,,,,0.0
NC_010380.1,SSG-LUGIA-P,2044160,2055032,False,,,,,,0.0
NC_010380.1,SSG-LUGIA-P+center,32125,58169,True,7175.0,43480.0,25327.5,-7175.0,43480.0,0.3395697522816167
NC_010380.1,SSG-LUGIA-P+center,66494,99216,True,41544.0,2433.0,21988.5,-41544.0,2433.0,0.4266362451108214
NC_010380.1,SSG-LUGIA-P+center,1906446,1915281,False,,,,,,0.0
NC_010380.1,SSG-LUGIA-P+center,2044160,2055032,False,,,,,,0.0
NC_010380.1,SSG-LUGIA-F,32125,58169,True,12125.0,42230.0,27177.5,-12125.0,42230.0,0.32394278606965177
NC_010380.1,SSG-LUGIA-F,66494,99216,True,46494.0,1183.0,23838.5,-46494.0,1183.0,0.40700248756218904
NC_010380.1,SSG-LUGIA-F,1906446,1915281,False,,,,,,0.0
NC_010380.1,SSG-LUGIA-F,2044160,2055032,False,,,,,,0.0
NC_010380.1,SSG-LUGIA-F+center,32125,58169,True,7175.0,47180.0,27177.5,-7175.0,47180.0,0.32394278606965177
NC_010380.1,SSG-LUGIA-F+center,66494,99216,True,41544.0,6133.0,23838.5,-41544.0,6133.0,0.40700248756218904
NC_010380.1,SSG-LUGIA-F+center,1906446,1915281,False,,,,,,0.0
NC_010380.1,SSG-LUGIA-F+center,2044160,2055032,False,,,,,,0.0
NC_010380.1,SSG-LUGIA-R,32125,58169,True,32125.0,91630.0,61877.5,-32125.0,91630.0,0.17386515353805074
NC_010380.1,SSG-LUGIA-R,66494,99216,True,66494.0,50583.0,58538.5,-66494.0,50583.0,0.2184445927903872
NC_010380.1,SSG-LUGIA-R,1906446,1915281,False,,,,,,0.0
NC_010380.1,SSG-LUGIA-R,2044160,2055032,True,540.0,9967.0,5253.5,540.0,9967.0,0.4958253358925144
NC_010380.1,SSG-LUGIA-R+center,32125,58169,True,27175.0,96580.0,61877.5,-27175.0,96580.0,0.17386515353805074
NC_010380.1,SSG-LUGIA-R+center,66494,99216,True,61544.0,55533.0,58538.5,-61544.0,55533.0,0.2184445927903872
NC_010380.1,SSG-LUGIA-R+center,1906446,1915281,False,,,,,,0.0
NC_010380.1,SSG-LUGIA-R+center,2044160,2055032,True,5490.0,14917.0,10203.5,5490.0,14917.0,0.20872431174873982
NC_010322.1,SSG-LUGIA-P,589292,607079,True,54792.0,10280.0,32536.0,-54792.0,-10280.0,0.10344447506200055
NC_010322.1,SSG-LUGIA-P,774208,784796,False,,,,,,0.0
NC_010322.1,SSG-LUGIA-P,1546620,1563681,True,26220.0,4482.0,15351.0,-26220.0,-4482.0,0.2906520031421838
NC_010322.1,SSG-LUGIA-P,1823417,1833417,True,5117.0,24582.0,14849.5,-5117.0,24582.0,0.25191435768261966
NC_010322.1,SSG-LUGIA-P,1835094,1859356,True,16794.0,1357.0,9075.5,-16794.0,-1357.0,0.5579072996078622
NC_010322.1,SSG-LUGIA-P,1959528,1981737,False,,,,,,0.0
NC_010322.1,SSG-LUGIA-P,2008674,2018069,False,,,,,,0.0
NC_010322.1,SSG-LUGIA-P,2471007,2482263,False,,,,,,0.0
NC_010322.1,SSG-LUGIA-P,3159685,3169901,False,,,,,,0.0
NC_010322.1,SSG-LUGIA-P,3324197,3333161,True,8197.0,14438.0,11317.5,-8197.0,14438.0,0.28370253164556963
NC_010322.1,SSG-LUGIA-P,3426230,3442843,False,,,,,,0.0
NC_010322.1,SSG-LUGIA-P,3709625,3717894,False,,,,,,0.0
NC_010322.1,SSG-LUGIA-P,3821572,3838267,True,5772.0,29732.0,17752.0,-5772.0,29732.0,0.31984674329501916
NC_010322.1,SSG-LUGIA-P,4631434,4660596,True,7634.0,10903.0,9268.5,-7634.0,10903.0,0.6113836477987421
NC_010322.1,SSG-LUGIA-P,4663988,4675419,True,40188.0,3920.0,22054.0,-40188.0,-3920.0,0.14552499031383184
NC_010322.1,SSG-LUGIA-P,5308853,5323341,True,21853.0,5842.0,13847.5,-21853.0,-5842.0,0.2379340707721094
NC_010322.1,SSG-LUGIA-P,5377890,5389587,True,28890.0,1888.0,15389.0,-28890.0,-1888.0,0.2416970533162511
NC_010322.1,SSG-LUGIA-P+center,589292,607079,True,49842.0,5330.0,27586.0,-49842.0,-5330.0,0.18420819163093302
NC_010322.1,SSG-LUGIA-P+center,774208,784796,False,,,,,,0.0
NC_010322.1,SSG-LUGIA-P+center,1546620,1563681,True,21270.0,468.0,10869.0,-21270.0,468.0,0.4397422680412371
NC_010322.1,SSG-LUGIA-P+center,1823417,1833417,True,167.0,29532.0,14849.5,-167.0,29532.0,0.25191435768261966
NC_010322.1,SSG-LUGIA-P+center,1835094,1859356,True,11844.0,3593.0,7718.5,-11844.0,3593.0,0.6111586901763224
NC_010322.1,SSG-LUGIA-P+center,1959528,1981737,False,,,,,,0.0
NC_010322.1,SSG-LUGIA-P+center,2008674,2018069,False,,,,,,0.0
NC_010322.1,SSG-LUGIA-P+center,2471007,2482263,False,,,,,,0.0
NC_010322.1,SSG-LUGIA-P+center,3159685,3169901,False,,,,,,0.0
NC_010322.1,SSG-LUGIA-P+center,3324197,3333161,True,3247.0,19388.0,11317.5,-3247.0,19388.0,0.28370253164556963
NC_010322.1,SSG-LUGIA-P+center,3426230,3442843,False,,,,,,0.0
NC_010322.1,SSG-LUGIA-P+center,3709625,3717894,False,,,,,,0.0
NC_010322.1,SSG-LUGIA-P+center,3821572,3838267,True,822.0,34682.0,17752.0,-822.0,34682.0,0.31984674329501916
NC_010322.1,SSG-LUGIA-P+center,4631434,4660596,True,2684.0,15853.0,9268.5,-2684.0,15853.0,0.6113836477987421
NC_010322.1,SSG-LUGIA-P+center,4663988,4675419,True,35238.0,1030.0,18134.0,-35238.0,1030.0,0.23966457023060797
NC_010322.1,SSG-LUGIA-P+center,5308853,5323341,True,16903.0,892.0,8897.5,-16903.0,-892.0,0.43313583078491336
NC_010322.1,SSG-LUGIA-P+center,5377890,5389587,True,23940.0,3062.0,13501.0,-23940.0,3062.0,0.30227390180878555
NC_010322.1,SSG-LUGIA-F,589292,607079,True,55392.0,3480.0,29436.0,-55392.0,-3480.0,0.195517901065865
NC_010322.1,SSG-LUGIA-F,774208,784796,False,,,,,,0.0
NC_010322.1,SSG-LUGIA-F,1546620,1563681,True,31320.0,4182.0,17751.0,-31320.0,-4182.0,0.2662147079492373
NC_010322.1,SSG-LUGIA-F,1823417,1833417,True,5617.0,24782.0,15199.5,-5617.0,24782.0,0.24754950495049505
NC_010322.1,SSG-LUGIA-F,1835094,1859356,True,17294.0,1157.0,9225.5,-17294.0,-1157.0,0.5560074115070867
NC_010322.1,SSG-LUGIA-F,1959528,1981737,False,,,,,,0.0
NC_010322.1,SSG-LUGIA-F,2008674,2018069,False,,,,,,0.0
NC_010322.1,SSG-LUGIA-F,2471007,2482263,False,,,,,,0.0
NC_010322.1,SSG-LUGIA-F,3159685,3169901,False,,,,,,0.0
NC_010322.1,SSG-LUGIA-F,3324197,3333161,True,16897.0,14738.0,15817.5,-16897.0,14738.0,0.2208128078817734
NC_010322.1,SSG-LUGIA-F,3426230,3442843,False,,,,,,0.0
NC_010322.1,SSG-LUGIA-F,3709625,3717894,False,,,,,,0.0
NC_010322.1,SSG-LUGIA-F,3821572,3838267,True,14272.0,35232.0,24752.0,-14272.0,35232.0,0.2522054380664653
NC_010322.1,SSG-LUGIA-F,4631434,4660596,True,8134.0,11603.0,9868.5,-8134.0,11603.0,0.5963803680981595
NC_010322.1,SSG-LUGIA-F,4663988,4675419,True,40688.0,3220.0,21954.0,-40688.0,-3220.0,0.15755947812739832
NC_010322.1,SSG-LUGIA-F,5308853,5323341,True,51653.0,4442.0,28047.5,-51653.0,-4442.0,0.15190045659338997
NC_010322.1,SSG-LUGIA-F,5377890,5389587,True,29390.0,1588.0,15489.0,-29390.0,-1588.0,0.2460572429906542
NC_010322.1,SSG-LUGIA-F+center,589292,607079,True,50442.0,1470.0,25956.0,-50442.0,1470.0,0.2552080344332855
NC_010322.1,SSG-LUGIA-F+center,774208,784796,False,,,,,,0.0
NC_010322.1,SSG-LUGIA-F+center,1546620,1563681,True,26370.0,768.0,13569.0,-26370.0,768.0,0.3860180995475113
NC_010322.1,SSG-LUGIA-F+center,1823417,1833417,True,667.0,29732.0,15199.5,-667.0,29732.0,0.24754950495049505
NC_010322.1,SSG-LUGIA-F+center,1835094,1859356,True,12344.0,3793.0,8068.5,-12344.0,3793.0,0.6005693069306931
NC_010322.1,SSG-LUGIA-F+center,1959528,1981737,False,,,,,,0.0
NC_010322.1,SSG-LUGIA-F+center,2008674,2018069,False,,,,,,0.0
NC_010322.1,SSG-LUGIA-F+center,2471007,2482263,False,,,,,,0.0
NC_010322.1,SSG-LUGIA-F+center,3159685,3169901,False,,,,,,0.0
NC_010322.1,SSG-LUGIA-F+center,3324197,3333161,True,11947.0,19688.0,15817.5,-11947.0,19688.0,0.2208128078817734
NC_010322.1,SSG-LUGIA-F+center,3426230,3442843,False,,,,,,0.0
NC_010322.1,SSG-LUGIA-F+center,3709625,3717894,False,,,,,,0.0
NC_010322.1,SSG-LUGIA-F+center,3821572,3838267,True,9322.0,40182.0,24752.0,-9322.0,40182.0,0.2522054380664653
NC_010322.1,SSG-LUGIA-F+center,4631434,4660596,True,3184.0,16553.0,9868.5,-3184.0,16553.0,0.5963803680981595
NC_010322.1,SSG-LUGIA-F+center,4663988,4675419,True,35738.0,1730.0,18734.0,-35738.0,1730.0,0.23378323108384458
NC_010322.1,SSG-LUGIA-F+center,5308853,5323341,True,46703.0,508.0,23605.5,-46703.0,508.0,0.23482982171799027
NC_010322.1,SSG-LUGIA-F+center,5377890,5389587,True,24440.0,3362.0,13901.0,-24440.0,3362.0,0.2961518987341772
NC_010322.1,SSG-LUGIA-R,589292,607079,True,58492.0,420.0,29456.0,-58492.0,420.0,0.23191655801825292
NC_010322.1,SSG-LUGIA-R,774208,784796,True,11308.0,3803.0,7555.5,-11308.0,3803.0,0.41202334630350196
NC_010322.1,SSG-LUGIA-R,1546620,1563681,True,36620.0,2382.0,19501.0,-36620.0,-2382.0,0.27346224060206403
NC_010322.1,SSG-LUGIA-R,1823417,1833417,True,13117.0,25282.0,19199.5,-13117.0,25282.0,0.20663223140495868
NC_010322.1,SSG-LUGIA-R,1835094,1859356,True,24794.0,657.0,12725.5,-24794.0,-657.0,0.48119534419145077
NC_010322.1,SSG-LUGIA-R,1959528,1981737,True,28428.0,16262.0,22345.0,-28428.0,16262.0,0.3319880418535127
NC_010322.1,SSG-LUGIA-R,2008674,2018069,False,,,,,,0.0
NC_010322.1,SSG-LUGIA-R,2471007,2482263,False,,,,,,0.0
NC_010322.1,SSG-LUGIA-R,3159685,3169901,False,,,,,,0.0
NC_010322.1,SSG-LUGIA-R,3324197,3333161,True,22597.0,58338.0,40467.5,-22597.0,58338.0,0.09972191323692992
NC_010322.1,SSG-LUGIA-R,3426230,3442843,False,,,,,,0.0
NC_010322.1,SSG-LUGIA-R,3709625,3717894,False,,,,,,0.0
NC_010322.1,SSG-LUGIA-R,3821572,3838267,True,17772.0,44232.0,31002.0,-17772.0,44232.0,0.2121473951715375
NC_010322.1,SSG-LUGIA-R,4631434,4660596,True,9034.0,22003.0,15518.5,-9034.0,22003.0,0.48443521594684386
NC_010322.1,SSG-LUGIA-R,4663988,4675419,True,41588.0,7180.0,24384.0,-41588.0,7180.0,0.18990033222591363
NC_010322.1,SSG-LUGIA-R,5308853,5323341,True,62953.0,66258.0,64605.5,-62953.0,66258.0,0.10082811412665275
NC_010322.1,SSG-LUGIA-R,5377890,5389587,True,131990.0,12.0,66001.0,-131990.0,12.0,0.08140570633263744
NC_010322.1,SSG-LUGIA-R+center,589292,607079,True,53542.0,5370.0,29456.0,-53542.0,5370.0,0.23191655801825292
NC_010322.1,SSG-LUGIA-R+center,774208,784796,True,6358.0,8753.0,7555.5,-6358.0,8753.0,0.41202334630350196
NC_010322.1,SSG-LUGIA-R+center,1546620,1563681,True,31670.0,2568.0,17119.0,-31670.0,2568.0,0.3325925925925926
NC_010322.1,SSG-LUGIA-R+center,1823417,1833417,True,8167.0,30232.0,19199.5,-8167.0,30232.0,0.20663223140495868
NC_010322.1,SSG-LUGIA-R+center,1835094,1859356,True,19844.0,4293.0,12068.5,-19844.0,4293.0,0.501301652892562
NC_010322.1,SSG-LUGIA-R+center,1959528,1981737,True,23478.0,21212.0,22345.0,-23478.0,21212.0,0.3319880418535127
NC_010322.1,SSG-LUGIA-R+center,2008674,2018069,False,,,,,,0.0
NC_010322.1,SSG-LUGIA-R+center,2471007,2482263,False,,,,,,0.0
NC_010322.1,SSG-LUGIA-R+center,3159685,3169901,False,,,,,,0.0
NC_010322.1,SSG-LUGIA-R+center,3324197,3333161,True,17647.0,63288.0,40467.5,-17647.0,63288.0,0.09972191323692992
NC_010322.1,SSG-LUGIA-R+center,3426230,3442843,False,,,,,,0.0
NC_010322.1,SSG-LUGIA-R+center,3709625,3717894,False,,,,,,0.0
NC_010322.1,SSG-LUGIA-R+center,3821572,3838267,True,12822.0,49182.0,31002.0,-12822.0,49182.0,0.2121473951715375
NC_010322.1,SSG-LUGIA-R+center,4631434,4660596,True,4084.0,26953.0,15518.5,-4084.0,26953.0,0.48443521594684386
NC_010322.1,SSG-LUGIA-R+center,4663988,4675419,True,36638.0,12130.0,24384.0,-36638.0,12130.0,0.18990033222591363
NC_010322.1,SSG-LUGIA-R+center,5308853,5323341,True,58003.0,71208.0,64605.5,-58003.0,71208.0,0.10082811412665275
NC_010322.1,SSG-LUGIA-R+center,5377890,5389587,True,127040.0,4962.0,66001.0,-127040.0,4962.0,0.08140570633263744
NC_010400.1,SSG-LUGIA-P,1294018,1305345,False,,,,,,0.0
NC_010400.1,SSG-LUGIA-P,2272055,2296733,True,845.0,234.0,539.5,845.0,-234.0,0.9562786174480328
NC_010400.1,SSG-LUGIA-P,2380106,2389074,False,,,,,,0.0
NC_010400.1,SSG-LUGIA-P+center,1294018,1305345,False,,,,,,0.0
NC_010400.1,SSG-LUGIA-P+center,2272055,2296733,True,5795.0,4716.0,5255.5,5795.0,4716.0,0.6424221806429665
NC_010400.1,SSG-LUGIA-P+center,2380106,2389074,False,,,,,,0.0
NC_010400.1,SSG-LUGIA-F,1294018,1305345,False,,,,,,0.0
NC_010400.1,SSG-LUGIA-F,2272055,2296733,True,6155.0,11166.0,8660.5,-6155.0,11166.0,0.5875952380952381
NC_010400.1,SSG-LUGIA-F,2380106,2389074,False,,,,,,0.0
NC_010400.1,SSG-LUGIA-F+center,1294018,1305345,False,,,,,,0.0
NC_010400.1,SSG-LUGIA-F+center,2272055,2296733,True,1205.0,16116.0,8660.5,-1205.0,16116.0,0.5875952380952381
NC_010400.1,SSG-LUGIA-F+center,2380106,2389074,False,,,,,,0.0
NC_010400.1,SSG-LUGIA-R,1294018,1305345,True,11518.0,5454.0,8486.0,-11518.0,5454.0,0.4002826855123675
NC_010400.1,SSG-LUGIA-R,2272055,2296733,True,19755.0,36866.0,28310.5,-19755.0,36866.0,0.30355473554735546
NC_010400.1,SSG-LUGIA-R,2380106,2389074,True,14206.0,10825.0,12515.5,-14206.0,10825.0,0.26379411764705885
NC_010400.1,SSG-LUGIA-R+center,1294018,1305345,True,6568.0,10404.0,8486.0,-6568.0,10404.0,0.4002826855123675
NC_010400.1,SSG-LUGIA-R+center,2272055,2296733,True,14805.0,41816.0,28310.5,-14805.0,41816.0,0.30355473554735546
NC_010400.1,SSG-LUGIA-R+center,2380106,2389074,True,9256.0,15775.0,12515.5,-9256.0,15775.0,0.26379411764705885
NC_010410.1,SSG-LUGIA-P,1318304,1340788,False,,,,,,0.0
NC_010410.1,SSG-LUGIA-P,1898725,1907641,False,,,,,,0.0
NC_010410.1,SSG-LUGIA-P,1913380,1923226,False,,,,,,0.0
NC_010410.1,SSG-LUGIA-P,3613992,3652988,True,7092.0,28211.0,17651.5,-7092.0,28211.0,0.5248586810228802
NC_010410.1,SSG-LUGIA-P,3653761,3684133,True,46861.0,2934.0,24897.5,-46861.0,-2934.0,0.3552709946396665
NC_010410.1,SSG-LUGIA-P+center,1318304,1340788,False,,,,,,0.0
NC_010410.1,SSG-LUGIA-P+center,1898725,1907641,False,,,,,,0.0
NC_010410.1,SSG-LUGIA-P+center,1913380,1923226,False,,,,,,0.0
NC_010410.1,SSG-LUGIA-P+center,3613992,3652988,True,2142.0,33161.0,17651.5,-2142.0,33161.0,0.5248586810228802
NC_010410.1,SSG-LUGIA-P+center,3653761,3684133,True,41911.0,2016.0,21963.5,-41911.0,2016.0,0.4087886944818304
NC_010410.1,SSG-LUGIA-F,1318304,1340788,True,12504.0,10389.0,11446.5,-12504.0,-10389.0,0.34570865129040557
NC_010410.1,SSG-LUGIA-F,1898725,1907641,False,,,,,,0.0
NC_010410.1,SSG-LUGIA-F,1913380,1923226,False,,,,,,0.0
NC_010410.1,SSG-LUGIA-F,3613992,3652988,True,7292.0,31111.0,19201.5,-7292.0,31111.0,0.5038372093023256
NC_010410.1,SSG-LUGIA-F,3653761,3684133,True,47061.0,34.0,23547.5,-47061.0,-34.0,0.3918046336234729
NC_010410.1,SSG-LUGIA-F+center,1318304,1340788,True,7554.0,5439.0,6496.5,-7554.0,-5439.0,0.5674622990112853
NC_010410.1,SSG-LUGIA-F+center,1898725,1907641,False,,,,,,0.0
NC_010410.1,SSG-LUGIA-F+center,1913380,1923226,False,,,,,,0.0
NC_010410.1,SSG-LUGIA-F+center,3613992,3652988,True,2342.0,36061.0,19201.5,-2342.0,36061.0,0.5038372093023256
NC_010410.1,SSG-LUGIA-F+center,3653761,3684133,True,42111.0,4916.0,23513.5,-42111.0,4916.0,0.3924160206718346
NC_010410.1,SSG-LUGIA-R,1318304,1340788,True,18304.0,4089.0,11196.5,-18304.0,-4089.0,0.451003947142612
NC_010410.1,SSG-LUGIA-R,1898725,1907641,True,20425.0,9658.0,15041.5,-20425.0,9658.0,0.22864102564102565
NC_010410.1,SSG-LUGIA-R,1913380,1923226,True,35080.0,5927.0,20503.5,-35080.0,-5927.0,0.08725265430587398
NC_010410.1,SSG-LUGIA-R,3613992,3652988,True,10592.0,40711.0,25651.5,-10592.0,40711.0,0.43186046511627907
NC_010410.1,SSG-LUGIA-R,3653761,3684133,True,50361.0,9566.0,29963.5,-50361.0,9566.0,0.33635658914728683
NC_010410.1,SSG-LUGIA-R+center,1318304,1340788,True,13354.0,861.0,7107.5,-13354.0,861.0,0.6126702997275204
NC_010410.1,SSG-LUGIA-R+center,1898725,1907641,True,15475.0,14608.0,15041.5,-15475.0,14608.0,0.22864102564102565
NC_010410.1,SSG-LUGIA-R+center,1913380,1923226,True,30130.0,977.0,15553.5,-30130.0,-977.0,0.22187757960827476
NC_010410.1,SSG-LUGIA-R+center,3613992,3652988,True,5642.0,45661.0,25651.5,-5642.0,45661.0,0.43186046511627907
NC_010410.1,SSG-LUGIA-R+center,3653761,3684133,True,45411.0,14516.0,29963.5,-45411.0,14516.0,0.33635658914728683
NC_010465.1,SSG-LUGIA-P,862098,885749,False,,,,,,0.0
NC_010465.1,SSG-LUGIA-P,1357136,1366834,True,27936.0,835.0,14385.5,-27936.0,-835.0,0.2355254417430583
NC_010465.1,SSG-LUGIA-P,826659,857723,False,,,,,,0.0
NC_010465.1,SSG-LUGIA-P,803425,825519,False,,,,,,0.0
NC_010465.1,SSG-LUGIA-P,431176,448448,False,,,,,,0.0
NC_010465.1,SSG-LUGIA-P,448571,460061,False,,,,,,0.0
NC_010465.1,SSG-LUGIA-P,238811,249038,False,,,,,,0.0
NC_010465.1,SSG-LUGIA-P,3428808,3443827,False,,,,,,0.0
NC_010465.1,SSG-LUGIA-P,3406183,3423870,False,,,,,,0.0
NC_010465.1,SSG-LUGIA-P,2545878,2562026,False,,,,,,0.0
NC_010465.1,SSG-LUGIA-P+center,862098,885749,False,,,,,,0.0
NC_010465.1,SSG-LUGIA-P+center,1357136,1366834,True,22986.0,4115.0,13550.5,-22986.0,4115.0,0.26355978260869567
NC_010465.1,SSG-LUGIA-P+center,826659,857723,False,,,,,,0.0
NC_010465.1,SSG-LUGIA-P+center,803425,825519,False,,,,,,0.0
NC_010465.1,SSG-LUGIA-P+center,431176,448448,False,,,,,,0.0
NC_010465.1,SSG-LUGIA-P+center,448571,460061,False,,,,,,0.0
NC_010465.1,SSG-LUGIA-P+center,238811,249038,False,,,,,,0.0
NC_010465.1,SSG-LUGIA-P+center,3428808,3443827,False,,,,,,0.0
NC_010465.1,SSG-LUGIA-P+center,3406183,3423870,False,,,,,,0.0
NC_010465.1,SSG-LUGIA-P+center,2545878,2562026,False,,,,,,0.0
NC_010465.1,SSG-LUGIA-F,862098,885749,True,13902.0,9250.0,11576.0,13902.0,9250.0,0.29633456932709257
NC_010465.1,SSG-LUGIA-F,1357136,1366834,True,29836.0,235.0,15035.5,-29836.0,-235.0,0.23938282534463134
NC_010465.1,SSG-LUGIA-F,826659,857723,True,18541.0,12476.0,15508.5,18541.0,12476.0,0.28763693989573047
NC_010465.1,SSG-LUGIA-F,803425,825519,True,4825.0,8480.0,6652.5,-4825.0,8480.0,0.6241525423728813
NC_010465.1,SSG-LUGIA-F,431176,448448,False,,,,,,0.0
NC_010465.1,SSG-LUGIA-F,448571,460061,False,,,,,,0.0
NC_010465.1,SSG-LUGIA-F,238811,249038,False,,,,,,0.0
NC_010465.1,SSG-LUGIA-F,3428808,3443827,False,,,,,,0.0
NC_010465.1,SSG-LUGIA-F,3406183,3423870,False,,,,,,0.0
NC_010465.1,SSG-LUGIA-F,2545878,2562026,False,,,,,,0.0
NC_010465.1,SSG-LUGIA-F+center,862098,885749,True,11948.0,10600.0,11274.0,-11948.0,-10600.0,0.3666292134831461
NC_010465.1,SSG-LUGIA-F+center,1357136,1366834,True,24886.0,4715.0,14800.5,-24886.0,4715.0,0.24679389312977099
NC_010465.1,SSG-LUGIA-F+center,826659,857723,True,23109.0,18774.0,20941.5,-23109.0,-18774.0,0.22688005316203344
NC_010465.1,SSG-LUGIA-F+center,803425,825519,True,125.0,13430.0,6777.5,125.0,13430.0,0.6184377199155524
NC_010465.1,SSG-LUGIA-F+center,431176,448448,False,,,,,,0.0
NC_010465.1,SSG-LUGIA-F+center,448571,460061,False,,,,,,0.0
NC_010465.1,SSG-LUGIA-F+center,238811,249038,False,,,,,,0.0
NC_010465.1,SSG-LUGIA-F+center,3428808,3443827,False,,,,,,0.0
NC_010465.1,SSG-LUGIA-F+center,3406183,3423870,False,,,,,,0.0
NC_010465.1,SSG-LUGIA-F+center,2545878,2562026,False,,,,,,0.0
NC_010465.1,SSG-LUGIA-R,862098,885749,True,68898.0,53250.0,61074.0,-68898.0,53250.0,0.1622222222222222
NC_010465.1,SSG-LUGIA-R,1357136,1366834,True,37736.0,1565.0,19650.5,-37736.0,1565.0,0.19793877551020408
NC_010465.1,SSG-LUGIA-R,826659,857723,True,33459.0,81276.0,57367.5,-33459.0,81276.0,0.2130658436213992
NC_010465.1,SSG-LUGIA-R,803425,825519,True,10225.0,113480.0,61852.5,-10225.0,113480.0,0.1515432098765432
NC_010465.1,SSG-LUGIA-R,431176,448448,True,9076.0,8351.0,8713.5,-9076.0,8351.0,0.49778097982708935
NC_010465.1,SSG-LUGIA-R,448571,460061,True,26471.0,3262.0,14866.5,-26471.0,-3262.0,0.2167694009799273
NC_010465.1,SSG-LUGIA-R,238811,249038,False,,,,,,0.0
NC_010465.1,SSG-LUGIA-R,3428808,3443827,True,108808.0,12128.0,60468.0,-108808.0,-12128.0,0.023354976257389283
NC_010465.1,SSG-LUGIA-R,3406183,3423870,True,86183.0,7829.0,47006.0,-86183.0,7829.0,0.15835273052820054
NC_010465.1,SSG-LUGIA-R,2545878,2562026,True,7222.0,22073.0,14647.5,7222.0,22073.0,0.23355659044529328
NC_010465.1,SSG-LUGIA-R+center,862098,885749,True,63948.0,58200.0,61074.0,-63948.0,58200.0,0.1622222222222222
NC_010465.1,SSG-LUGIA-R+center,1357136,1366834,True,32786.0,6515.0,19650.5,-32786.0,6515.0,0.19793877551020408
NC_010465.1,SSG-LUGIA-R+center,826659,857723,True,28509.0,86226.0,57367.5,-28509.0,86226.0,0.2130658436213992
NC_010465.1,SSG-LUGIA-R+center,803425,825519,True,5275.0,118430.0,61852.5,-5275.0,118430.0,0.1515432098765432
NC_010465.1,SSG-LUGIA-R+center,431176,448448,True,4126.0,13301.0,8713.5,-4126.0,13301.0,0.49778097982708935
NC_010465.1,SSG-LUGIA-R+center,448571,460061,True,21521.0,1688.0,11604.5,-21521.0,1688.0,0.33115273775216136
NC_010465.1,SSG-LUGIA-R+center,238811,249038,False,,,,,,0.0
NC_010465.1,SSG-LUGIA-R+center,3428808,3443827,True,103858.0,7178.0,55518.0,-103858.0,-7178.0,0.06596678948165347
NC_010465.1,SSG-LUGIA-R+center,3406183,3423870,True,81233.0,12779.0,47006.0,-81233.0,12779.0,0.15835273052820054
NC_010465.1,SSG-LUGIA-R+center,2545878,2562026,True,12172.0,27023.0,19597.5,12172.0,27023.0,0.09211989252293153
NC_010473.1,SSG-LUGIA-P,513114,525665,True,13714.0,3766.0,8740.0,-13714.0,-3766.0,0.3345008756567426
NC_010473.1,SSG-LUGIA-P,627605,638925,False,,,,,,0.0
NC_010473.1,SSG-LUGIA-P,2845915,2855143,True,4615.0,17456.0,11035.5,-4615.0,17456.0,0.2948562300319489
NC_010473.1,SSG-LUGIA-P+center,513114,525665,True,8764.0,1184.0,4974.0,-8764.0,1184.0,0.5578666666666666
NC_010473.1,SSG-LUGIA-P+center,627605,638925,False,,,,,,0.0
NC_010473.1,SSG-LUGIA-P+center,2845915,2855143,True,335.0,22406.0,11370.5,335.0,22406.0,0.28114430219693376
NC_010473.1,SSG-LUGIA-F,513114,525665,True,16314.0,3466.0,9890.0,-16314.0,-3466.0,0.31476477516801776
NC_010473.1,SSG-LUGIA-F,627605,638925,False,,,,,,0.0
NC_010473.1,SSG-LUGIA-F,2845915,2855143,True,5815.0,19256.0,12535.5,-5815.0,19256.0,0.269067055393586
NC_010473.1,SSG-LUGIA-F+center,513114,525665,True,11364.0,1484.0,6424.0,-11364.0,1484.0,0.4941732283464567
NC_010473.1,SSG-LUGIA-F+center,627605,638925,False,,,,,,0.0
NC_010473.1,SSG-LUGIA-F+center,2845915,2855143,True,865.0,24206.0,12535.5,-865.0,24206.0,0.269067055393586
NC_010473.1,SSG-LUGIA-R,513114,525665,True,77214.0,2034.0,39624.0,-77214.0,2034.0,0.13673202614379085
NC_010473.1,SSG-LUGIA-R,627605,638925,False,,,,,,0.0
NC_010473.1,SSG-LUGIA-R,2845915,2855143,True,18915.0,33756.0,26335.5,-18915.0,33756.0,0.14909531502423262
NC_010473.1,SSG-LUGIA-R+center,513114,525665,True,72264.0,6984.0,39624.0,-72264.0,6984.0,0.13673202614379085
NC_010473.1,SSG-LUGIA-R+center,627605,638925,False,,,,,,0.0
NC_010473.1,SSG-LUGIA-R+center,2845915,2855143,True,13965.0,38706.0,26335.5,-13965.0,38706.0,0.14909531502423262
NC_010498.1,SSG-LUGIA-P,955638,970304,False,,,,,,0.0
NC_010498.1,SSG-LUGIA-P,1123776,1135739,True,54276.0,74960.0,64618.0,-54276.0,74960.0,0.08473087818696884
NC_010498.1,SSG-LUGIA-P,2283081,2291893,True,17481.0,3494.0,10487.5,-17481.0,-3494.0,0.20228949570244162
NC_010498.1,SSG-LUGIA-P,4896419,4906790,True,43919.0,4509.0,24214.0,-43919.0,4509.0,0.17639455782312924
NC_010498.1,SSG-LUGIA-P,4910928,4941188,True,58428.0,29889.0,44158.5,-58428.0,-29889.0,0.004194432229476034
NC_010498.1,SSG-LUGIA-P+center,955638,970304,False,,,,,,0.0
NC_010498.1,SSG-LUGIA-P+center,1123776,1135739,True,49326.0,79910.0,64618.0,-49326.0,79910.0,0.08473087818696884
NC_010498.1,SSG-LUGIA-P+center,2283081,2291893,True,12531.0,1456.0,6993.5,-12531.0,1456.0,0.38653508771929823
NC_010498.1,SSG-LUGIA-P+center,4896419,4906790,True,38969.0,9459.0,24214.0,-38969.0,9459.0,0.17639455782312924
NC_010498.1,SSG-LUGIA-P+center,4910928,4941188,True,53478.0,24939.0,39208.5,-53478.0,-24939.0,0.06355461612868556
NC_010498.1,SSG-LUGIA-F,955638,970304,True,11038.0,13105.0,12071.5,-11038.0,-13105.0,0.060766387862283604
NC_010498.1,SSG-LUGIA-F,1123776,1135739,True,67976.0,78560.0,73268.0,-67976.0,78560.0,0.0754826498422713
NC_010498.1,SSG-LUGIA-F,2283081,2291893,True,27981.0,2906.0,15443.5,-27981.0,2906.0,0.22198992443324936
NC_010498.1,SSG-LUGIA-F,4896419,4906790,True,46419.0,7609.0,27014.0,-46419.0,7609.0,0.16105590062111802
NC_010498.1,SSG-LUGIA-F,4910928,4941188,True,60928.0,26789.0,43858.5,-60928.0,-26789.0,0.03807476778997467
NC_010498.1,SSG-LUGIA-F+center,955638,970304,True,6088.0,8155.0,7121.5,-6088.0,-8155.0,0.31375572151288844
NC_010498.1,SSG-LUGIA-F+center,1123776,1135739,True,63026.0,83510.0,73268.0,-63026.0,83510.0,0.0754826498422713
NC_010498.1,SSG-LUGIA-F+center,2283081,2291893,True,23031.0,7856.0,15443.5,-23031.0,7856.0,0.22198992443324936
NC_010498.1,SSG-LUGIA-F+center,4896419,4906790,True,41469.0,12559.0,27014.0,-41469.0,12559.0,0.16105590062111802
NC_010498.1,SSG-LUGIA-F+center,4910928,4941188,True,55978.0,21839.0,38908.5,-55978.0,-21839.0,0.09765883185101869
NC_010498.1,SSG-LUGIA-R,955638,970304,True,33938.0,16795.0,25366.5,-33938.0,16795.0,0.22426605504587155
NC_010498.1,SSG-LUGIA-R,1123776,1135739,True,103676.0,91260.0,97468.0,-103676.0,91260.0,0.05782503624939584
NC_010498.1,SSG-LUGIA-R,2283081,2291893,True,49981.0,8806.0,29393.5,-49981.0,8806.0,0.1303698224852071
NC_010498.1,SSG-LUGIA-R,4896419,4906790,True,60219.0,23309.0,41764.0,-60219.0,23309.0,0.11045793397231098
NC_010498.1,SSG-LUGIA-R,4910928,4941188,True,74728.0,11089.0,42908.5,-74728.0,-11089.0,0.1826096067207041
NC_010498.1,SSG-LUGIA-R+center,955638,970304,True,28988.0,21745.0,25366.5,-28988.0,21745.0,0.22426605504587155
NC_010498.1,SSG-LUGIA-R+center,1123776,1135739,True,98726.0,96210.0,97468.0,-98726.0,96210.0,0.05782503624939584
NC_010498.1,SSG-LUGIA-R+center,2283081,2291893,True,45031.0,13756.0,29393.5,-45031.0,13756.0,0.1303698224852071
NC_010498.1,SSG-LUGIA-R+center,4896419,4906790,True,55269.0,28259.0,41764.0,-55269.0,28259.0,0.11045793397231098
NC_010498.1,SSG-LUGIA-R+center,4910928,4941188,True,69778.0,6139.0,37958.5,-69778.0,-6139.0,0.24112596087525864
NC_010515.1,SSG-LUGIA-P,1227518,1238428,True,27918.0,7429.0,17673.5,-27918.0,-7429.0,0.08967524273094851
NC_010515.1,SSG-LUGIA-P,1426415,1443875,True,56315.0,3776.0,30045.5,-56315.0,-3776.0,0.18549392756451963
NC_010515.1,SSG-LUGIA-P,1629919,1643858,True,11619.0,74641.0,43130.0,-11619.0,74641.0,0.13912175648702596
NC_010515.1,SSG-LUGIA-P,1644978,1671728,True,26678.0,46771.0,36724.5,-26678.0,46771.0,0.2669760479041916
NC_010515.1,SSG-LUGIA-P,1677814,1698146,True,59514.0,20353.0,39933.5,-59514.0,20353.0,0.2029241516966068
NC_010515.1,SSG-LUGIA-P,1703025,1720809,True,84725.0,2310.0,43517.5,-84725.0,-2310.0,0.1509608818651839
NC_010515.1,SSG-LUGIA-P,3080958,3113324,False,,,,,,0.0
NC_010515.1,SSG-LUGIA-P+center,1227518,1238428,True,22968.0,2479.0,12723.5,-22968.0,-2479.0,0.2488857404291744
NC_010515.1,SSG-LUGIA-P+center,1426415,1443875,True,51365.0,1174.0,26269.5,-51365.0,1174.0,0.24944285714285713
NC_010515.1,SSG-LUGIA-P+center,1629919,1643858,True,6669.0,79591.0,43130.0,-6669.0,79591.0,0.13912175648702596
NC_010515.1,SSG-LUGIA-P+center,1644978,1671728,True,21728.0,51721.0,36724.5,-21728.0,51721.0,0.2669760479041916
NC_010515.1,SSG-LUGIA-P+center,1677814,1698146,True,54564.0,25303.0,39933.5,-54564.0,25303.0,0.2029241516966068
NC_010515.1,SSG-LUGIA-P+center,1703025,1720809,True,79775.0,2640.0,41207.5,-79775.0,2640.0,0.17749500998003992
NC_010515.1,SSG-LUGIA-P+center,3080958,3113324,False,,,,,,0.0
NC_010515.1,SSG-LUGIA-F,1227518,1238428,True,30718.0,6629.0,18673.5,-30718.0,-6629.0,0.10286098633164381
NC_010515.1,SSG-LUGIA-F,1426415,1443875,True,61215.0,2676.0,31945.5,-61215.0,-2676.0,0.1879226193502466
NC_010515.1,SSG-LUGIA-F,1629919,1643858,True,12219.0,75141.0,43680.0,-12219.0,75141.0,0.1376110562685094
NC_010515.1,SSG-LUGIA-F,1644978,1671728,True,27278.0,47271.0,37274.5,-27278.0,47271.0,0.26407699901283316
NC_010515.1,SSG-LUGIA-F,1677814,1698146,True,60114.0,20853.0,40483.5,-60114.0,20853.0,0.20072063178677196
NC_010515.1,SSG-LUGIA-F,1703025,1720809,True,85325.0,1810.0,43567.5,-85325.0,-1810.0,0.15493162641838812
NC_010515.1,SSG-LUGIA-F,3080958,3113324,False,,,,,,0.0
NC_010515.1,SSG-LUGIA-F+center,1227518,1238428,True,25768.0,1679.0,13723.5,-25768.0,-1679.0,0.25169715641102536
NC_010515.1,SSG-LUGIA-F+center,1426415,1443875,True,56265.0,2274.0,29269.5,-56265.0,2274.0,0.22975
NC_010515.1,SSG-LUGIA-F+center,1629919,1643858,True,7269.0,80091.0,43680.0,-7269.0,80091.0,0.1376110562685094
NC_010515.1,SSG-LUGIA-F+center,1644978,1671728,True,22328.0,52221.0,37274.5,-22328.0,52221.0,0.26407699901283316
NC_010515.1,SSG-LUGIA-F+center,1677814,1698146,True,55164.0,25803.0,40483.5,-55164.0,25803.0,0.20072063178677196
NC_010515.1,SSG-LUGIA-F+center,1703025,1720809,True,80375.0,3140.0,41757.5,-80375.0,3140.0,0.17556762092793682
NC_010515.1,SSG-LUGIA-F+center,3080958,3113324,False,,,,,,0.0
NC_010515.1,SSG-LUGIA-R,1227518,1238428,True,114418.0,22471.0,68444.5,-114418.0,22471.0,0.07382273342354533
NC_010515.1,SSG-LUGIA-R,1426415,1443875,True,70615.0,376.0,35495.5,-70615.0,-376.0,0.1939801989191153
NC_010515.1,SSG-LUGIA-R,1629919,1643858,True,13119.0,86841.0,49980.0,-13119.0,86841.0,0.12238805970149254
NC_010515.1,SSG-LUGIA-R,1644978,1671728,True,28178.0,58971.0,43574.5,-28178.0,58971.0,0.23486391571553994
NC_010515.1,SSG-LUGIA-R,1677814,1698146,True,61014.0,32553.0,46783.5,-61014.0,32553.0,0.17851624231782265
NC_010515.1,SSG-LUGIA-R,1703025,1720809,True,86225.0,9890.0,48057.5,-86225.0,9890.0,0.1561457418788411
NC_010515.1,SSG-LUGIA-R,3080958,3113324,True,9542.0,17575.0,13558.5,9542.0,17575.0,0.45703015497977656
NC_010515.1,SSG-LUGIA-R+center,1227518,1238428,True,109468.0,27421.0,68444.5,-109468.0,27421.0,0.07382273342354533
NC_010515.1,SSG-LUGIA-R+center,1426415,1443875,True,65665.0,4574.0,35119.5,-65665.0,4574.0,0.19909920182440136
NC_010515.1,SSG-LUGIA-R+center,1629919,1643858,True,8169.0,91791.0,49980.0,-8169.0,91791.0,0.12238805970149254
NC_010515.1,SSG-LUGIA-R+center,1644978,1671728,True,23228.0,63921.0,43574.5,-23228.0,63921.0,0.23486391571553994
NC_010515.1,SSG-LUGIA-R+center,1677814,1698146,True,56064.0,37503.0,46783.5,-56064.0,37503.0,0.17851624231782265
NC_010515.1,SSG-LUGIA-R+center,1703025,1720809,True,81275.0,14840.0,48057.5,-81275.0,14840.0,0.1561457418788411
NC_010515.1,SSG-LUGIA-R+center,3080958,3113324,True,14492.0,22525.0,18508.5,14492.0,22525.0,0.3256394374407928
NC_010501.1,SSG-LUGIA-P,748087,760208,True,23887.0,3209.0,13548.0,-23887.0,-3209.0,0.24752145297009082
NC_010501.1,SSG-LUGIA-P,1530246,1539373,False,,,,,,0.0
NC_010501.1,SSG-LUGIA-P,1874768,1892120,False,,,,,,0.0
NC_010501.1,SSG-LUGIA-P,2201428,2213211,False,,,,,,0.0
NC_010501.1,SSG-LUGIA-P,2213550,2224016,False,,,,,,0.0
NC_010501.1,SSG-LUGIA-P,2234562,2243918,False,,,,,,0.0
NC_010501.1,SSG-LUGIA-P,2520163,2534477,True,8263.0,14722.0,11492.5,-8263.0,14722.0,0.38378016085790884
NC_010501.1,SSG-LUGIA-P,2534523,2552369,True,22623.0,3170.0,12896.5,-22623.0,-3170.0,0.3626637015072893
NC_010501.1,SSG-LUGIA-P,2622903,2633832,False,,,,,,0.0
NC_010501.1,SSG-LUGIA-P,2889110,2897317,False,,,,,,0.0
NC_010501.1,SSG-LUGIA-P,3362363,3371753,False,,,,,,0.0
NC_010501.1,SSG-LUGIA-P,3435126,3446654,False,,,,,,0.0
NC_010501.1,SSG-LUGIA-P,3456982,3465348,False,,,,,,0.0
NC_010501.1,SSG-LUGIA-P,3571801,3606134,True,99.0,7565.0,3832.0,99.0,7565.0,0.8170839399508342
NC_010501.1,SSG-LUGIA-P,3679923,3697433,True,5423.0,14066.0,9744.5,-5423.0,14066.0,0.47327027027027024
NC_010501.1,SSG-LUGIA-P,3698356,3710436,True,23856.0,1063.0,12459.5,-23856.0,1063.0,0.3265135135135135
NC_010501.1,SSG-LUGIA-P,4365617,4393994,False,,,,,,0.0
NC_010501.1,SSG-LUGIA-P,4984950,4993589,False,,,,,,0.0
NC_010501.1,SSG-LUGIA-P,4996726,5007572,False,,,,,,0.0
NC_010501.1,SSG-LUGIA-P,5745685,5753801,True,23285.0,1102.0,12193.5,-23285.0,-1102.0,0.22339341443220176
NC_010501.1,SSG-LUGIA-P+center,748087,760208,True,18937.0,1741.0,10339.0,-18937.0,1741.0,0.3695731707317073
NC_010501.1,SSG-LUGIA-P+center,1530246,1539373,False,,,,,,0.0
NC_010501.1,SSG-LUGIA-P+center,1874768,1892120,False,,,,,,0.0
NC_010501.1,SSG-LUGIA-P+center,2201428,2213211,False,,,,,,0.0
NC_010501.1,SSG-LUGIA-P+center,2213550,2224016,False,,,,,,0.0
NC_010501.1,SSG-LUGIA-P+center,2234562,2243918,False,,,,,,0.0
NC_010501.1,SSG-LUGIA-P+center,2520163,2534477,True,3313.0,19672.0,11492.5,-3313.0,19672.0,0.38378016085790884
NC_010501.1,SSG-LUGIA-P+center,2534523,2552369,True,17673.0,1780.0,9726.5,-17673.0,1780.0,0.47847184986595176
NC_010501.1,SSG-LUGIA-P+center,2622903,2633832,False,,,,,,0.0
NC_010501.1,SSG-LUGIA-P+center,2889110,2897317,False,,,,,,0.0
NC_010501.1,SSG-LUGIA-P+center,3362363,3371753,False,,,,,,0.0
NC_010501.1,SSG-LUGIA-P+center,3435126,3446654,False,,,,,,0.0
NC_010501.1,SSG-LUGIA-P+center,3456982,3465348,False,,,,,,0.0
NC_010501.1,SSG-LUGIA-P+center,3571801,3606134,True,5049.0,12515.0,8782.0,5049.0,12515.0,0.6250933851309526
NC_010501.1,SSG-LUGIA-P+center,3679923,3697433,True,473.0,19016.0,9744.5,-473.0,19016.0,0.47327027027027024
NC_010501.1,SSG-LUGIA-P+center,3698356,3710436,True,18906.0,6013.0,12459.5,-18906.0,6013.0,0.3265135135135135
NC_010501.1,SSG-LUGIA-P+center,4365617,4393994,False,,,,,,0.0
NC_010501.1,SSG-LUGIA-P+center,4984950,4993589,False,,,,,,0.0
NC_010501.1,SSG-LUGIA-P+center,4996726,5007572,False,,,,,,0.0
NC_010501.1,SSG-LUGIA-P+center,5745685,5753801,True,18335.0,3848.0,11091.5,-18335.0,3848.0,0.26788778877887787
NC_010501.1,SSG-LUGIA-F,748087,760208,True,29787.0,32791.0,31289.0,-29787.0,32791.0,0.16227576974564925
NC_010501.1,SSG-LUGIA-F,1530246,1539373,False,,,,,,0.0
NC_010501.1,SSG-LUGIA-F,1874768,1892120,False,,,,,,0.0
NC_010501.1,SSG-LUGIA-F,2201428,2213211,False,,,,,,0.0
NC_010501.1,SSG-LUGIA-F,2213550,2224016,False,,,,,,0.0
NC_010501.1,SSG-LUGIA-F,2234562,2243918,False,,,,,,0.0
NC_010501.1,SSG-LUGIA-F,2520163,2534477,True,8563.0,15622.0,12092.5,-8563.0,15622.0,0.3718181818181818
NC_010501.1,SSG-LUGIA-F,2534523,2552369,True,22923.0,2270.0,12596.5,-22923.0,-2270.0,0.3820701496198185
NC_010501.1,SSG-LUGIA-F,2622903,2633832,True,26403.0,6033.0,16218.0,-26403.0,-6033.0,0.13117081402512523
NC_010501.1,SSG-LUGIA-F,2889110,2897317,False,,,,,,0.0
NC_010501.1,SSG-LUGIA-F,3362363,3371753,False,,,,,,0.0
NC_010501.1,SSG-LUGIA-F,3435126,3446654,False,,,,,,0.0
NC_010501.1,SSG-LUGIA-F,3456982,3465348,False,,,,,,0.0
NC_010501.1,SSG-LUGIA-F,3571801,3606134,True,2501.0,25765.0,14133.0,-2501.0,25765.0,0.5484664536741214
NC_010501.1,SSG-LUGIA-F,3679923,3697433,True,8923.0,14366.0,11644.5,-8923.0,14366.0,0.42919117647058824
NC_010501.1,SSG-LUGIA-F,3698356,3710436,True,27356.0,1363.0,14359.5,-27356.0,1363.0,0.29610294117647057
NC_010501.1,SSG-LUGIA-F,4365617,4393994,True,13117.0,18295.0,15706.0,-13117.0,-18295.0,0.24299313170261477
NC_010501.1,SSG-LUGIA-F,4984950,4993589,False,,,,,,0.0
NC_010501.1,SSG-LUGIA-F,4996726,5007572,False,,,,,,0.0
NC_010501.1,SSG-LUGIA-F,5745685,5753801,True,31685.0,6698.0,19191.5,-31685.0,6698.0,0.17455913978494625
NC_010501.1,SSG-LUGIA-F+center,748087,760208,True,24837.0,37741.0,31289.0,-24837.0,37741.0,0.16227576974564925
NC_010501.1,SSG-LUGIA-F+center,1530246,1539373,False,,,,,,0.0
NC_010501.1,SSG-LUGIA-F+center,1874768,1892120,False,,,,,,0.0
NC_010501.1,SSG-LUGIA-F+center,2201428,2213211,False,,,,,,0.0
NC_010501.1,SSG-LUGIA-F+center,2213550,2224016,False,,,,,,0.0
NC_010501.1,SSG-LUGIA-F+center,2234562,2243918,False,,,,,,0.0
NC_010501.1,SSG-LUGIA-F+center,2520163,2534477,True,3613.0,20572.0,12092.5,-3613.0,20572.0,0.3718181818181818
NC_010501.1,SSG-LUGIA-F+center,2534523,2552369,True,17973.0,2680.0,10326.5,-17973.0,2680.0,0.46355844155844156
NC_010501.1,SSG-LUGIA-F+center,2622903,2633832,True,21453.0,1083.0,11268.0,-21453.0,-1083.0,0.30407930086773927
NC_010501.1,SSG-LUGIA-F+center,2889110,2897317,False,,,,,,0.0
NC_010501.1,SSG-LUGIA-F+center,3362363,3371753,False,,,,,,0.0
NC_010501.1,SSG-LUGIA-F+center,3435126,3446654,False,,,,,,0.0
NC_010501.1,SSG-LUGIA-F+center,3456982,3465348,False,,,,,,0.0
NC_010501.1,SSG-LUGIA-F+center,3571801,3606134,True,2449.0,30715.0,16582.0,2449.0,30715.0,0.4901689495611001
NC_010501.1,SSG-LUGIA-F+center,3679923,3697433,True,3973.0,19316.0,11644.5,-3973.0,19316.0,0.42919117647058824
NC_010501.1,SSG-LUGIA-F+center,3698356,3710436,True,22406.0,6313.0,14359.5,-22406.0,6313.0,0.29610294117647057
NC_010501.1,SSG-LUGIA-F+center,4365617,4393994,True,8167.0,13345.0,10756.0,-8167.0,-13345.0,0.4113558626351074
NC_010501.1,SSG-LUGIA-F+center,4984950,4993589,False,,,,,,0.0
NC_010501.1,SSG-LUGIA-F+center,4996726,5007572,False,,,,,,0.0
NC_010501.1,SSG-LUGIA-F+center,5745685,5753801,True,26735.0,11648.0,19191.5,-26735.0,11648.0,0.17455913978494625
NC_010501.1,SSG-LUGIA-R,748087,760208,True,32687.0,36791.0,34739.0,-32687.0,36791.0,0.14855392156862746
NC_010501.1,SSG-LUGIA-R,1530246,1539373,True,32146.0,6026.0,19086.0,-32146.0,6026.0,0.19298097251585625
NC_010501.1,SSG-LUGIA-R,1874768,1892120,True,6268.0,4979.0,5623.5,-6268.0,4979.0,0.6067482517482518
NC_010501.1,SSG-LUGIA-R,2201428,2213211,False,,,,,,0.0
NC_010501.1,SSG-LUGIA-R,2213550,2224016,False,,,,,,0.0
NC_010501.1,SSG-LUGIA-R,2234562,2243918,False,,,,,,0.0
NC_010501.1,SSG-LUGIA-R,2520163,2534477,True,10363.0,99122.0,54742.5,-10363.0,99122.0,0.11563004846526656
NC_010501.1,SSG-LUGIA-R,2534523,2552369,True,24723.0,81230.0,52976.5,-24723.0,81230.0,0.14415993537964458
NC_010501.1,SSG-LUGIA-R,2622903,2633832,True,113103.0,233.0,56668.0,-113103.0,-233.0,0.08624317721896592
NC_010501.1,SSG-LUGIA-R,2889110,2897317,True,290.0,3582.0,1936.0,290.0,3582.0,0.6715860899067005
NC_010501.1,SSG-LUGIA-R,3362363,3371753,False,,,,,,0.0
NC_010501.1,SSG-LUGIA-R,3435126,3446654,True,6426.0,36645.0,21535.5,-6426.0,36645.0,0.21115384615384616
NC_010501.1,SSG-LUGIA-R,3456982,3465348,True,28282.0,17951.0,23116.5,-28282.0,17951.0,0.15324175824175823
NC_010501.1,SSG-LUGIA-R,3571801,3606134,True,18801.0,42365.0,30583.0,-18801.0,42365.0,0.35951832460732985
NC_010501.1,SSG-LUGIA-R,3679923,3697433,True,18223.0,26266.0,22244.5,-18223.0,26266.0,0.28243548387096773
NC_010501.1,SSG-LUGIA-R,3698356,3710436,True,36656.0,13263.0,24959.5,-36656.0,13263.0,0.19485483870967743
NC_010501.1,SSG-LUGIA-R,4365617,4393994,True,18417.0,795.0,9606.0,-18417.0,-795.0,0.5894433165936531
NC_010501.1,SSG-LUGIA-R,4984950,4993589,False,,,,,,0.0
NC_010501.1,SSG-LUGIA-R,4996726,5007572,True,7674.0,34227.0,20950.5,7674.0,34227.0,0.07039534986910415
NC_010501.1,SSG-LUGIA-R,5745685,5753801,True,54185.0,10398.0,32291.5,-54185.0,10398.0,0.1116506189821183
NC_010501.1,SSG-LUGIA-R+center,748087,760208,True,27737.0,41741.0,34739.0,-27737.0,41741.0,0.14855392156862746
NC_010501.1,SSG-LUGIA-R+center,1530246,1539373,True,27196.0,10976.0,19086.0,-27196.0,10976.0,0.19298097251585625
NC_010501.1,SSG-LUGIA-R+center,1874768,1892120,True,1318.0,9929.0,5623.5,-1318.0,9929.0,0.6067482517482518
NC_010501.1,SSG-LUGIA-R+center,2201428,2213211,False,,,,,,0.0
NC_010501.1,SSG-LUGIA-R+center,2213550,2224016,False,,,,,,0.0
NC_010501.1,SSG-LUGIA-R+center,2234562,2243918,False,,,,,,0.0
NC_010501.1,SSG-LUGIA-R+center,2520163,2534477,True,5413.0,104072.0,54742.5,-5413.0,104072.0,0.11563004846526656
NC_010501.1,SSG-LUGIA-R+center,2534523,2552369,True,19773.0,86180.0,52976.5,-19773.0,86180.0,0.14415993537964458
NC_010501.1,SSG-LUGIA-R+center,2622903,2633832,True,108153.0,4717.0,56435.0,-108153.0,4717.0,0.0882875605815832
NC_010501.1,SSG-LUGIA-R+center,2889110,2897317,True,5240.0,8532.0,6886.0,5240.0,8532.0,0.177299880525687
NC_010501.1,SSG-LUGIA-R+center,3362363,3371753,False,,,,,,0.0
NC_010501.1,SSG-LUGIA-R+center,3435126,3446654,True,1476.0,41595.0,21535.5,-1476.0,41595.0,0.21115384615384616
NC_010501.1,SSG-LUGIA-R+center,3456982,3465348,True,23332.0,22901.0,23116.5,-23332.0,22901.0,0.15324175824175823
NC_010501.1,SSG-LUGIA-R+center,3571801,3606134,True,13851.0,47315.0,30583.0,-13851.0,47315.0,0.35951832460732985
NC_010501.1,SSG-LUGIA-R+center,3679923,3697433,True,13273.0,31216.0,22244.5,-13273.0,31216.0,0.28243548387096773
NC_010501.1,SSG-LUGIA-R+center,3698356,3710436,True,31706.0,18213.0,24959.5,-31706.0,18213.0,0.19485483870967743
NC_010501.1,SSG-LUGIA-R+center,4365617,4393994,True,13467.0,4155.0,8811.0,-13467.0,4155.0,0.6169130434782608
NC_010501.1,SSG-LUGIA-R+center,4984950,4993589,False,,,,,,0.0
NC_010501.1,SSG-LUGIA-R+center,4996726,5007572,False,,,,,,0.0
NC_010501.1,SSG-LUGIA-R+center,5745685,5753801,True,49235.0,15348.0,32291.5,-49235.0,15348.0,0.1116506189821183
NC_010551.1,SSG-LUGIA-P,411633,425270,True,8133.0,26229.0,17181.0,-8133.0,26229.0,0.284125
NC_010551.1,SSG-LUGIA-P+center,411633,425270,True,3183.0,31179.0,17181.0,-3183.0,31179.0,0.284125
NC_010551.1,SSG-LUGIA-F,411633,425270,True,8433.0,31529.0,19981.0,-8433.0,31529.0,0.2544402985074627
NC_010551.1,SSG-LUGIA-F+center,411633,425270,True,3483.0,36479.0,19981.0,-3483.0,36479.0,0.2544402985074627
NC_010551.1,SSG-LUGIA-R,411633,425270,True,48133.0,53729.0,50931.0,-48133.0,53729.0,0.11807792207792207
NC_010551.1,SSG-LUGIA-R+center,411633,425270,True,43183.0,58679.0,50931.0,-43183.0,58679.0,0.11807792207792207
NC_010582.1,SSG-LUGIA-P,1205380,1213723,False,,,,,,0.0
NC_010582.1,SSG-LUGIA-P,1266100,1277966,True,19800.0,29633.0,24716.5,-19800.0,29633.0,0.1935889070146819
NC_010582.1,SSG-LUGIA-P,343925,354347,False,,,,,,0.0
NC_010582.1,SSG-LUGIA-P+center,1205380,1213723,False,,,,,,0.0
NC_010582.1,SSG-LUGIA-P+center,1266100,1277966,True,14850.0,34583.0,24716.5,-14850.0,34583.0,0.1935889070146819
NC_010582.1,SSG-LUGIA-P+center,343925,354347,False,,,,,,0.0
NC_010582.1,SSG-LUGIA-F,1205380,1213723,False,,,,,,0.0
NC_010582.1,SSG-LUGIA-F,1266100,1277966,True,21800.0,31033.0,26416.5,-21800.0,31033.0,0.1834157650695518
NC_010582.1,SSG-LUGIA-F,343925,354347,False,,,,,,0.0
NC_010582.1,SSG-LUGIA-F+center,1205380,1213723,False,,,,,,0.0
NC_010582.1,SSG-LUGIA-F+center,1266100,1277966,True,16850.0,35983.0,26416.5,-16850.0,35983.0,0.1834157650695518
NC_010582.1,SSG-LUGIA-F+center,343925,354347,False,,,,,,0.0
NC_010582.1,SSG-LUGIA-R,1205380,1213723,False,,,,,,0.0
NC_010582.1,SSG-LUGIA-R,1266100,1277966,True,35300.0,34033.0,34666.5,-35300.0,34033.0,0.14614532019704435
NC_010582.1,SSG-LUGIA-R,343925,354347,True,7625.0,9952.0,8788.5,-7625.0,9952.0,0.37225
NC_010582.1,SSG-LUGIA-R+center,1205380,1213723,False,,,,,,0.0
NC_010582.1,SSG-LUGIA-R+center,1266100,1277966,True,30350.0,38983.0,34666.5,-30350.0,38983.0,0.14614532019704435
NC_010582.1,SSG-LUGIA-R+center,343925,354347,True,2675.0,14902.0,8788.5,-2675.0,14902.0,0.37225
NC_010612.1,SSG-LUGIA-P,1703710,1714687,False,,,,,,0.0
NC_010612.1,SSG-LUGIA-P,1722676,1733059,False,,,,,,0.0
NC_010612.1,SSG-LUGIA-P,1736042,1757045,False,,,,,,0.0
NC_010612.1,SSG-LUGIA-P,1760787,1770101,False,,,,,,0.0
NC_010612.1,SSG-LUGIA-P,2795089,2809571,False,,,,,,0.0
NC_010612.1,SSG-LUGIA-P,3815685,3827610,False,,,,,,0.0
NC_010612.1,SSG-LUGIA-P,3827666,3843031,False,,,,,,0.0
NC_010612.1,SSG-LUGIA-P,3861715,3880468,False,,,,,,0.0
NC_010612.1,SSG-LUGIA-P,3986248,4005569,True,14548.0,38030.0,26289.0,-14548.0,38030.0,0.26873435326842837
NC_010612.1,SSG-LUGIA-P,4026136,4035268,True,54436.0,8331.0,31383.5,-54436.0,8331.0,0.12702364394993046
NC_010612.1,SSG-LUGIA-P,4187669,4211783,False,,,,,,0.0
NC_010612.1,SSG-LUGIA-P,4390208,4400273,True,5792.0,6626.0,6209.0,5792.0,6626.0,0.25605080277977477
NC_010612.1,SSG-LUGIA-P,4412194,4426462,False,,,,,,0.0
NC_010612.1,SSG-LUGIA-P,4692954,4703709,True,17554.0,9790.0,13672.0,-17554.0,9790.0,0.2823097112860892
NC_010612.1,SSG-LUGIA-P,4708109,4720843,True,32709.0,7344.0,20026.5,-32709.0,-7344.0,0.1186295220491154
NC_010612.1,SSG-LUGIA-P,4817154,4845661,False,,,,,,0.0
NC_010612.1,SSG-LUGIA-P,4848094,4869671,False,,,,,,0.0
NC_010612.1,SSG-LUGIA-P,5433332,5447893,False,,,,,,0.0
NC_010612.1,SSG-LUGIA-P,5460060,5470766,False,,,,,,0.0
NC_010612.1,SSG-LUGIA-P+center,1703710,1714687,False,,,,,,0.0
NC_010612.1,SSG-LUGIA-P+center,1722676,1733059,False,,,,,,0.0
NC_010612.1,SSG-LUGIA-P+center,1736042,1757045,False,,,,,,0.0
NC_010612.1,SSG-LUGIA-P+center,1760787,1770101,False,,,,,,0.0
NC_010612.1,SSG-LUGIA-P+center,2795089,2809571,False,,,,,,0.0
NC_010612.1,SSG-LUGIA-P+center,3815685,3827610,False,,,,,,0.0
NC_010612.1,SSG-LUGIA-P+center,3827666,3843031,False,,,,,,0.0
NC_010612.1,SSG-LUGIA-P+center,3861715,3880468,False,,,,,,0.0
NC_010612.1,SSG-LUGIA-P+center,3986248,4005569,True,9598.0,42980.0,26289.0,-9598.0,42980.0,0.26873435326842837
NC_010612.1,SSG-LUGIA-P+center,4026136,4035268,True,49486.0,13281.0,31383.5,-49486.0,13281.0,0.12702364394993046
NC_010612.1,SSG-LUGIA-P+center,4187669,4211783,False,,,,,,0.0
NC_010612.1,SSG-LUGIA-P+center,4390208,4400273,False,,,,,,0.0
NC_010612.1,SSG-LUGIA-P+center,4412194,4426462,False,,,,,,0.0
NC_010612.1,SSG-LUGIA-P+center,4692954,4703709,True,12604.0,14740.0,13672.0,-12604.0,14740.0,0.2823097112860892
NC_010612.1,SSG-LUGIA-P+center,4708109,4720843,True,27759.0,2394.0,15076.5,-27759.0,-2394.0,0.25537116609868127
NC_010612.1,SSG-LUGIA-P+center,4817154,4845661,False,,,,,,0.0
NC_010612.1,SSG-LUGIA-P+center,4848094,4869671,False,,,,,,0.0
NC_010612.1,SSG-LUGIA-P+center,5433332,5447893,False,,,,,,0.0
NC_010612.1,SSG-LUGIA-P+center,5460060,5470766,False,,,,,,0.0
NC_010612.1,SSG-LUGIA-F,1703710,1714687,False,,,,,,0.0
NC_010612.1,SSG-LUGIA-F,1722676,1733059,False,,,,,,0.0
NC_010612.1,SSG-LUGIA-F,1736042,1757045,False,,,,,,0.0
NC_010612.1,SSG-LUGIA-F,1760787,1770101,False,,,,,,0.0
NC_010612.1,SSG-LUGIA-F,2795089,2809571,False,,,,,,0.0
NC_010612.1,SSG-LUGIA-F,3815685,3827610,False,,,,,,0.0
NC_010612.1,SSG-LUGIA-F,3827666,3843031,False,,,,,,0.0
NC_010612.1,SSG-LUGIA-F,3861715,3880468,False,,,,,,0.0
NC_010612.1,SSG-LUGIA-F,3986248,4005569,True,15248.0,40230.0,27739.0,-15248.0,40230.0,0.25831550802139036
NC_010612.1,SSG-LUGIA-F,4026136,4035268,True,55136.0,10531.0,32833.5,-55136.0,10531.0,0.12209893048128342
NC_010612.1,SSG-LUGIA-F,4187669,4211783,False,,,,,,0.0
NC_010612.1,SSG-LUGIA-F,4390208,4400273,True,3608.0,16426.0,10017.0,-3608.0,16426.0,0.3344186046511628
NC_010612.1,SSG-LUGIA-F,4412194,4426462,True,25594.0,9763.0,17678.5,-25594.0,-9763.0,0.11303715224644408
NC_010612.1,SSG-LUGIA-F,4692954,4703709,True,22454.0,12590.0,17522.0,-22454.0,12590.0,0.2348471615720524
NC_010612.1,SSG-LUGIA-F,4708109,4720843,True,37609.0,4544.0,21076.5,-37609.0,-4544.0,0.16270061973621483
NC_010612.1,SSG-LUGIA-F,4817154,4845661,True,7546.0,4738.0,6142.0,7546.0,4738.0,0.6305119412861697
NC_010612.1,SSG-LUGIA-F,4848094,4869671,True,23394.0,19272.0,21333.0,-23394.0,-19272.0,0.05127634972872009
NC_010612.1,SSG-LUGIA-F,5433332,5447893,False,,,,,,0.0
NC_010612.1,SSG-LUGIA-F,5460060,5470766,False,,,,,,0.0
NC_010612.1,SSG-LUGIA-F+center,1703710,1714687,False,,,,,,0.0
NC_010612.1,SSG-LUGIA-F+center,1722676,1733059,False,,,,,,0.0
NC_010612.1,SSG-LUGIA-F+center,1736042,1757045,False,,,,,,0.0
NC_010612.1,SSG-LUGIA-F+center,1760787,1770101,False,,,,,,0.0
NC_010612.1,SSG-LUGIA-F+center,2795089,2809571,False,,,,,,0.0
NC_010612.1,SSG-LUGIA-F+center,3815685,3827610,False,,,,,,0.0
NC_010612.1,SSG-LUGIA-F+center,3827666,3843031,False,,,,,,0.0
NC_010612.1,SSG-LUGIA-F+center,3861715,3880468,False,,,,,,0.0
NC_010612.1,SSG-LUGIA-F+center,3986248,4005569,True,10298.0,45180.0,27739.0,-10298.0,45180.0,0.25831550802139036
NC_010612.1,SSG-LUGIA-F+center,4026136,4035268,True,50186.0,15481.0,32833.5,-50186.0,15481.0,0.12209893048128342
NC_010612.1,SSG-LUGIA-F+center,4187669,4211783,False,,,,,,0.0
NC_010612.1,SSG-LUGIA-F+center,4390208,4400273,True,1342.0,21376.0,11359.0,1342.0,21376.0,0.27746326569556645
NC_010612.1,SSG-LUGIA-F+center,4412194,4426462,True,20644.0,4813.0,12728.5,-20644.0,-4813.0,0.2708446710394409
NC_010612.1,SSG-LUGIA-F+center,4692954,4703709,True,17504.0,17540.0,17522.0,-17504.0,17540.0,0.2348471615720524
NC_010612.1,SSG-LUGIA-F+center,4708109,4720843,True,32659.0,406.0,16532.5,-32659.0,406.0,0.27805676855895195
NC_010612.1,SSG-LUGIA-F+center,4817154,4845661,True,12496.0,9688.0,11092.0,12496.0,9688.0,0.4192061996020526
NC_010612.1,SSG-LUGIA-F+center,4848094,4869671,True,18444.0,14322.0,16383.0,-18444.0,-14322.0,0.18130028484333616
NC_010612.1,SSG-LUGIA-F+center,5433332,5447893,False,,,,,,0.0
NC_010612.1,SSG-LUGIA-F+center,5460060,5470766,False,,,,,,0.0
NC_010612.1,SSG-LUGIA-R,1703710,1714687,False,,,,,,0.0
NC_010612.1,SSG-LUGIA-R,1722676,1733059,False,,,,,,0.0
NC_010612.1,SSG-LUGIA-R,1736042,1757045,True,12958.0,30654.0,21806.0,12958.0,30654.0,0.155755158929885
NC_010612.1,SSG-LUGIA-R,1760787,1770101,True,11787.0,17598.0,14692.5,-11787.0,17598.0,0.24069767441860465
NC_010612.1,SSG-LUGIA-R,2795089,2809571,False,,,,,,0.0
NC_010612.1,SSG-LUGIA-R,3815685,3827610,True,90485.0,64589.0,77537.0,-90485.0,64589.0,0.07141317365269462
NC_010612.1,SSG-LUGIA-R,3827666,3843031,True,102466.0,49168.0,75817.0,-102466.0,49168.0,0.09201197604790419
NC_010612.1,SSG-LUGIA-R,3861715,3880468,True,136515.0,11731.0,74123.0,-136515.0,11731.0,0.11229940119760479
NC_010612.1,SSG-LUGIA-R,3986248,4005569,True,17848.0,99330.0,58589.0,-17848.0,99330.0,0.14155311355311356
NC_010612.1,SSG-LUGIA-R,4026136,4035268,True,57736.0,69631.0,63683.5,-57736.0,69631.0,0.06690842490842491
NC_010612.1,SSG-LUGIA-R,4187669,4211783,False,,,,,,0.0
NC_010612.1,SSG-LUGIA-R,4390208,4400273,True,8508.0,33926.0,21217.0,-8508.0,33926.0,0.19173333333333334
NC_010612.1,SSG-LUGIA-R,4412194,4426462,True,30494.0,7737.0,19115.5,-30494.0,7737.0,0.2717904761904762
NC_010612.1,SSG-LUGIA-R,4692954,4703709,True,92554.0,33190.0,62872.0,-92554.0,33190.0,0.0787985347985348
NC_010612.1,SSG-LUGIA-R,4708109,4720843,True,107709.0,16056.0,61882.5,-107709.0,16056.0,0.0932967032967033
NC_010612.1,SSG-LUGIA-R,4817154,4845661,True,23154.0,21238.0,22196.0,-23154.0,21238.0,0.3910562414266118
NC_010612.1,SSG-LUGIA-R,4848094,4869671,True,54094.0,2772.0,28433.0,-54094.0,-2772.0,0.24851992811079396
NC_010612.1,SSG-LUGIA-R,5433332,5447893,True,10868.0,17806.0,14337.0,10868.0,17806.0,0.11412506178942165
NC_010612.1,SSG-LUGIA-R,5460060,5470766,True,15860.0,5067.0,10463.5,-15860.0,-5067.0,0.21229344675725526
NC_010612.1,SSG-LUGIA-R+center,1703710,1714687,True,15560.0,6438.0,10999.0,-15560.0,-6438.0,0.1710754389931419
NC_010612.1,SSG-LUGIA-R+center,1722676,1733059,False,,,,,,0.0
NC_010612.1,SSG-LUGIA-R+center,1736042,1757045,True,17908.0,35604.0,26756.0,17908.0,35604.0,0.05469191633691351
NC_010612.1,SSG-LUGIA-R+center,1760787,1770101,True,6837.0,22548.0,14692.5,-6837.0,22548.0,0.24069767441860465
NC_010612.1,SSG-LUGIA-R+center,2795089,2809571,False,,,,,,0.0
NC_010612.1,SSG-LUGIA-R+center,3815685,3827610,True,85535.0,69539.0,77537.0,-85535.0,69539.0,0.07141317365269462
NC_010612.1,SSG-LUGIA-R+center,3827666,3843031,True,97516.0,54118.0,75817.0,-97516.0,54118.0,0.09201197604790419
NC_010612.1,SSG-LUGIA-R+center,3861715,3880468,True,131565.0,16681.0,74123.0,-131565.0,16681.0,0.11229940119760479
NC_010612.1,SSG-LUGIA-R+center,3986248,4005569,True,12898.0,104280.0,58589.0,-12898.0,104280.0,0.14155311355311356
NC_010612.1,SSG-LUGIA-R+center,4026136,4035268,True,52786.0,74581.0,63683.5,-52786.0,74581.0,0.06690842490842491
NC_010612.1,SSG-LUGIA-R+center,4187669,4211783,False,,,,,,0.0
NC_010612.1,SSG-LUGIA-R+center,4390208,4400273,True,3558.0,38876.0,21217.0,-3558.0,38876.0,0.19173333333333334
NC_010612.1,SSG-LUGIA-R+center,4412194,4426462,True,25544.0,12687.0,19115.5,-25544.0,12687.0,0.2717904761904762
NC_010612.1,SSG-LUGIA-R+center,4692954,4703709,True,87604.0,38140.0,62872.0,-87604.0,38140.0,0.0787985347985348
NC_010612.1,SSG-LUGIA-R+center,4708109,4720843,True,102759.0,21006.0,61882.5,-102759.0,21006.0,0.0932967032967033
NC_010612.1,SSG-LUGIA-R+center,4817154,4845661,True,18204.0,26188.0,22196.0,-18204.0,26188.0,0.3910562414266118
NC_010612.1,SSG-LUGIA-R+center,4848094,4869671,True,49144.0,2178.0,25661.0,-49144.0,2178.0,0.29599451303155005
NC_010612.1,SSG-LUGIA-R+center,5433332,5447893,False,,,,,,0.0
NC_010612.1,SSG-LUGIA-R+center,5460060,5470766,True,10910.0,117.0,5513.5,-10910.0,-117.0,0.489892214460841
