host,donor,insert_len,seed,method,n_inserts,n_pred,detected,detection_rate,precision,recall,f1,accuracy,mcc,TP,FP,TN,FN,n_matched,mabe,median_jaccard,median_signed_start,median_signed_end,within_1000,within_2500,within_5000,delta_gc,tnf_euclidean,tnf_manhattan,tnf_cosine_dist
AC_000091.1,NC_010473.1,5000,1,Comp-only,6,12,1,16.666666666666664,1.3915831484847052,16.666666666666664,2.5686932800415105,91.40688734910349,0.025794466158741706,5000,354303,4029732,25000,1,25300.0,0.08992805755395683,-37700.0,12900.0,0.0,0.0,0.0,0.0001826143753953513,0.00039472182234001044,0.004570779493802233,1.743715881685759e-05
AC_000091.1,NC_010473.1,5000,1,DNABERT-2-only,6,13,0,0.0,0.0,0.0,0.0,90.70231658788389,-0.025403727808850297,0,380403,4003632,30000,0,,,,,,,,0.0001826143753953513,0.00039472182234001044,0.004570779493802233,1.743715881685759e-05
AC_000091.1,NC_010473.1,5000,1,DNABERT-S-only,6,14,2,33.33333333333333,1.6492487671865466,30.0,3.126612159394688,87.36523385066045,0.04432475880055616,9000,536703,3847332,21000,2,24000.0,0.10368773946360153,-33500.0,11500.0,25.0,25.0,25.0,0.0001826143753953513,0.00039472182234001044,0.004570779493802233,1.743715881685759e-05
AC_000091.1,NC_010473.1,5000,1,SAGE-GI,6,13,2,33.33333333333333,1.8568071581979066,30.0,3.4971624412525277,88.74718936302045,0.05032119952520428,9000,475703,3908332,21000,2,24000.0,0.10368773946360153,-33500.0,11500.0,25.0,25.0,25.0,0.0001826143753953513,0.00039472182234001044,0.004570779493802233,1.743715881685759e-05
AC_000091.1,NC_010473.1,5000,1,SAGE-GI/no-refine,6,14,2,33.33333333333333,1.1810020041954803,16.833333333333332,2.207153362193867,89.8618157762682,0.019985216966142718,5050,422553,3961482,24950,2,21750.0,0.044760454336200683,-29550.0,6600.0,0.0,0.0,25.0,0.0001826143753953513,0.00039472182234001044,0.004570779493802233,1.743715881685759e-05
AC_000091.1,NC_010473.1,10000,0,Comp-only,6,11,0,0.0,0.0,0.0,0.0,90.03601456784206,-0.03591677924907892,0,382803,4001232,60000,0,,,,,,,,0.0001826143753953513,0.00039472182234001044,0.004570779493802233,1.743715881685759e-05
AC_000091.1,NC_010473.1,10000,0,DNABERT-2-only,6,13,1,16.666666666666664,2.388898311765563,16.666666666666664,4.1788287996523215,89.68048181438715,0.029025573022363634,10000,408603,3975432,50000,1,14000.0,0.2631578947368421,-14000.0,14000.0,0.0,0.0,0.0,0.0001826143753953513,0.00039472182234001044,0.004570779493802233,1.743715881685759e-05
AC_000091.1,NC_010473.1,10000,0,DNABERT-S-only,6,14,1,16.666666666666664,1.7073499708896829,16.666666666666664,3.0973992687040326,85.9203854155064,0.012059972818414064,10000,575703,3808332,50000,1,17500.0,0.2222222222222222,-17000.0,18000.0,0.0,0.0,0.0,0.0001826143753953513,0.00039472182234001044,0.004570779493802233,1.743715881685759e-05
AC_000091.1,NC_010473.1,10000,0,SAGE-GI,6,13,1,16.666666666666664,1.8324986302072739,16.666666666666664,3.3019483146030315,86.82046833564542,0.01563823426470463,10000,535703,3848332,50000,1,17500.0,0.2222222222222222,-17000.0,18000.0,0.0,0.0,0.0,0.0001826143753953513,0.00039472182234001044,0.004570779493802233,1.743715881685759e-05
AC_000091.1,NC_010473.1,10000,0,SAGE-GI/no-refine,6,13,1,16.666666666666664,2.006811116930863,16.666666666666664,3.5822841718565006,87.88706659601016,0.02022115894336172,10000,488303,3895732,50000,1,3550.0,0.5847953216374269,-350.0,6750.0,50.0,50.0,50.0,0.0001826143753953513,0.00039472182234001044,0.004570779493802233,1.743715881685759e-05
AC_000091.1,NC_010473.1,5000,0,Comp-only,6,12,1,16.666666666666664,1.305813743950818,16.666666666666664,2.4218763244636152,90.87222915087895,0.023488579675632313,5000,377903,4006132,25000,1,6150.0,0.28901734104046245,-8300.0,4000.0,0.0,0.0,50.0,0.0001826143753953513,0.00039472182234001044,0.004570779493802233,1.743715881685759e-05
AC_000091.1,NC_010473.1,5000,0,DNABERT-2-only,6,13,1,16.666666666666664,1.2088887169580491,16.666666666666664,2.2542678926878312,90.17672039301908,0.020712281201068893,5000,408603,3975432,25000,1,14000.0,0.15151515151515152,-14000.0,14000.0,0.0,0.0,0.0,0.0001826143753953513,0.00039472182234001044,0.004570779493802233,1.743715881685759e-05
AC_000091.1,NC_010473.1,5000,0,DNABERT-S-only,6,14,1,16.666666666666664,0.8081421942353602,16.666666666666664,1.5415374986704242,85.53017817031355,0.006314373358970867,5000,613703,3770332,25000,1,17000.0,0.1282051282051282,-17000.0,17000.0,0.0,0.0,0.0,0.0001826143753953513,0.00039472182234001044,0.004570779493802233,1.743715881685759e-05
AC_000091.1,NC_010473.1,5000,0,SAGE-GI,6,13,1,16.666666666666664,0.8950900729140373,16.666666666666664,1.698937993860038,86.89174417511416,0.009981118833233146,5000,553603,3830432,25000,1,17000.0,0.1282051282051282,-17000.0,17000.0,0.0,0.0,0.0,0.0001826143753953513,0.00039472182234001044,0.004570779493802233,1.743715881685759e-05
AC_000091.1,NC_010473.1,5000,0,SAGE-GI/no-refine,6,13,1,16.666666666666664,1.028800233743413,16.666666666666664,1.9379732288378169,88.53649778490656,0.014947966949293793,5000,481003,3903032,25000,1,10600.0,0.19083969465648856,-7450.0,13750.0,0.0,0.0,0.0,0.0001826143753953513,0.00039472182234001044,0.004570779493802233,1.743715881685759e-05
AC_000091.1,NC_010473.1,10000,1,Comp-only,6,13,2,33.33333333333333,3.2231366582628387,19.666666666666664,5.538566966203008,90.94284810988212,0.04862807943671079,11800,354303,4029732,48200,2,18050.0,0.1099175236737603,-29650.0,2850.0,0.0,0.0,0.0,0.0001826143753953513,0.00039472182234001044,0.004570779493802233,1.743715881685759e-05
AC_000091.1,NC_010473.1,10000,1,DNABERT-2-only,6,13,2,33.33333333333333,4.520194634263075,28.333333333333332,7.796555756839184,90.95214146603256,0.0835203071661861,17000,359090,4024945,43000,2,17000.0,0.2410581222056632,-20500.0,9500.0,0.0,0.0,25.0,0.0001826143753953513,0.00039472182234001044,0.004570779493802233,1.743715881685759e-05
AC_000091.1,NC_010473.1,10000,1,DNABERT-S-only,6,14,2,33.33333333333333,3.3167312507946334,30.0,5.973091224035718,87.24800772271145,0.06355607185849649,18000,524703,3859332,42000,2,20000.0,0.21878121878121878,-29500.0,11000.0,0.0,25.0,25.0,0.0001826143753953513,0.00039472182234001044,0.004570779493802233,1.743715881685759e-05
AC_000091.1,NC_010473.1,10000,1,SAGE-GI,6,13,2,33.33333333333333,3.6682066341554873,30.0,6.537098944440108,88.41811551889218,0.07076546976660993,18000,472703,3911332,42000,2,20000.0,0.21878121878121878,-29500.0,11000.0,0.0,25.0,25.0,0.0001826143753953513,0.00039472182234001044,0.004570779493802233,1.743715881685759e-05
AC_000091.1,NC_010473.1,10000,1,SAGE-GI/no-refine,6,13,2,33.33333333333333,4.498922351157746,32.25,7.896299349320449,89.84249674001218,0.08931221628150046,19350,410753,3973282,40650,2,21650.0,0.21603789836347975,-29350.0,9450.0,25.0,25.0,25.0,0.0001826143753953513,0.00039472182234001044,0.004570779493802233,1.743715881685759e-05
AC_000091.1,NC_010473.1,20000,1,Comp-only,6,12,0,0.0,0.0,0.0,0.0,89.39832838776786,-0.048579266299843354,0,357503,4026532,120000,0,,,,,,,,0.0001826143753953513,0.00039472182234001044,0.004570779493802233,1.743715881685759e-05
AC_000091.1,NC_010473.1,20000,1,DNABERT-2-only,6,12,0,0.0,0.0,0.0,0.0,89.40749794351065,-0.04854878025454018,0,357090,4026945,120000,0,,,,,,,,0.0001826143753953513,0.00039472182234001044,0.004570779493802233,1.743715881685759e-05
AC_000091.1,NC_010473.1,20000,1,DNABERT-S-only,6,14,0,0.0,0.0,0.0,0.0,85.530685263325,-0.0605292653147034,0,531703,3852332,120000,0,,,,,,,,0.0001826143753953513,0.00039472182234001044,0.004570779493802233,1.743715881685759e-05
AC_000091.1,NC_010473.1,20000,1,SAGE-GI,6,13,1,16.666666666666664,1.000594353045709,4.166666666666666,1.6136762287741062,86.46318245750754,-0.03649519896342316,5000,494703,3889332,115000,1,15500.0,0.1388888888888889,-16000.0,-15000.0,0.0,0.0,0.0,0.0001826143753953513,0.00039472182234001044,0.004570779493802233,1.743715881685759e-05
AC_000091.1,NC_010473.1,20000,1,SAGE-GI/no-refine,6,13,2,33.33333333333333,1.3603807252189646,5.0,2.1388353684945987,87.80975281053544,-0.026677206179070465,6000,435053,3948982,114000,2,20500.0,0.06131336689368037,-29450.0,-17000.0,0.0,0.0,0.0,0.0001826143753953513,0.00039472182234001044,0.004570779493802233,1.743715881685759e-05
AC_000091.1,NC_010473.1,20000,0,Comp-only,6,12,1,16.666666666666664,1.609860934846245,5.0,2.43554433401055,89.3272809824968,-0.019666307466142903,6000,366703,4017332,114000,1,13500.0,0.18181818181818182,-13000.0,-14000.0,0.0,0.0,0.0,0.0001826143753953513,0.00039472182234001044,0.004570779493802233,1.743715881685759e-05
AC_000091.1,NC_010473.1,20000,0,DNABERT-2-only,6,12,1,16.666666666666664,4.94083351861459,16.666666666666664,7.622096457630671,89.23654012457717,0.044423766801338194,20000,384790,3999245,100000,1,14000.0,0.4166666666666667,-14000.0,14000.0,0.0,0.0,0.0,0.0001826143753953513,0.00039472182234001044,0.004570779493802233,1.743715881685759e-05
AC_000091.1,NC_010473.1,20000,0,DNABERT-S-only,6,15,2,33.33333333333333,5.956899540707771,32.5,10.06837459000417,84.53158112670084,0.08432288611642196,39000,615703,3768332,81000,2,6500.0,0.5773809523809523,-2000.0,12500.0,25.0,25.0,50.0,0.0001826143753953513,0.00039472182234001044,0.004570779493802233,1.743715881685759e-05
AC_000091.1,NC_010473.1,20000,0,SAGE-GI,6,13,1,16.666666666666664,3.653825074086111,15.833333333333332,5.9374721680992115,86.63414027644102,0.022199962179217013,19000,501003,3883032,101000,1,4500.0,0.6785714285714286,1000.0,8000.0,50.0,50.0,50.0,0.0001826143753953513,0.00039472182234001044,0.004570779493802233,1.743715881685759e-05
AC_000091.1,NC_010473.1,20000,0,SAGE-GI/no-refine,6,13,1,16.666666666666664,4.259823685897641,16.666666666666664,6.785376834384219,87.79976176916921,0.03379917169042189,20000,449503,3934532,100000,1,500.0,0.9523809523809523,-250.0,750.0,100.0,100.0,100.0,0.0001826143753953513,0.00039472182234001044,0.004570779493802233,1.743715881685759e-05
AC_000091.1,NC_010473.1,40000,0,Comp-only,6,12,1,16.666666666666664,4.107433938770818,6.625,5.070937310138844,87.12589761971957,-0.014754672451800467,15900,371203,4012832,224100,1,15000.0,0.3464052287581699,24100.0,5900.0,0.0,0.0,0.0,0.0001826143753953513,0.00039472182234001044,0.004570779493802233,1.743715881685759e-05
AC_000091.1,NC_010473.1,40000,0,DNABERT-2-only,6,13,2,33.33333333333333,6.350774839651395,11.729166666666666,8.239993091870799,86.44143048225197,0.01703419928940996,28150,415103,3968932,211850,2,25925.0,0.17521608417888013,25925.0,42175.0,0.0,0.0,25.0,0.0001826143753953513,0.00039472182234001044,0.004570779493802233,1.743715881685759e-05
AC_000091.1,NC_010473.1,40000,0,DNABERT-S-only,6,14,1,16.666666666666664,2.168179488092823,5.833333333333333,3.1613306040512454,81.45120008823461,-0.05488480806956591,14000,631703,3752332,226000,1,56000.0,0.1111111111111111,26000.0,86000.0,0.0,0.0,0.0,0.0001826143753953513,0.00039472182234001044,0.004570779493802233,1.743715881685759e-05
AC_000091.1,NC_010473.1,40000,0,SAGE-GI,6,12,1,16.666666666666664,2.5102966991391478,5.833333333333333,3.5100783123543478,83.35429987013507,-0.04474137962509589,14000,543703,3840332,226000,1,56000.0,0.1111111111111111,26000.0,86000.0,0.0,0.0,0.0,0.0001826143753953513,0.00039472182234001044,0.004570779493802233,1.743715881685759e-05
AC_000091.1,NC_010473.1,40000,0,SAGE-GI/no-refine,6,13,1,16.666666666666664,3.8327988543199702,8.0625,5.195656055624399,84.72864067854158,-0.021423319011668895,19350,485503,3898532,220650,1,17150.0,0.36067101584342964,20650.0,13650.0,0.0,0.0,0.0,0.0001826143753953513,0.00039472182234001044,0.004570779493802233,1.743715881685759e-05
AC_000091.1,NC_010473.1,40000,1,Comp-only,6,12,1,16.666666666666664,1.3903921178398215,2.125,1.6809409314060744,87.09778364566877,-0.05028068081408599,5100,361703,4022332,234900,1,37100.0,0.06431273644388398,-39300.0,-34900.0,0.0,0.0,0.0,0.0001826143753953513,0.00039472182234001044,0.004570779493802233,1.743715881685759e-05
AC_000091.1,NC_010473.1,40000,1,DNABERT-2-only,6,14,2,33.33333333333333,8.57065747276233,14.6875,10.824720898774274,87.4398225791976,0.04761397568267076,35250,376037,4007998,204750,2,22375.0,0.31567028985507245,-4000.0,-7875.0,0.0,0.0,0.0,0.0001826143753953513,0.00039472182234001044,0.004570779493802233,1.743715881685759e-05
AC_000091.1,NC_010473.1,40000,1,DNABERT-S-only,6,14,1,16.666666666666664,0.17739838177196146,0.4166666666666667,0.24884814415275291,82.66226358580764,-0.08419952715916633,1000,562703,3821332,239000,1,41000.0,0.012048192771084338,-43000.0,-39000.0,0.0,0.0,0.0,0.0001826143753953513,0.00039472182234001044,0.004570779493802233,1.743715881685759e-05
AC_000091.1,NC_010473.1,40000,1,SAGE-GI,6,13,0,0.0,0.0,0.0,0.0,84.08958842223296,-0.08107595634683129,0,495703,3888332,240000,0,,,,,,,,0.0001826143753953513,0.00039472182234001044,0.004570779493802233,1.743715881685759e-05
AC_000091.1,NC_010473.1,40000,1,SAGE-GI/no-refine,6,13,2,33.33333333333333,2.417300841879957,4.583333333333333,3.1652262489335343,85.44446571014277,-0.04129902887803494,11000,444053,3939982,229000,2,32700.0,0.0737888429081676,-29900.0,-34500.0,0.0,0.0,0.0,0.0001826143753953513,0.00039472182234001044,0.004570779493802233,1.743715881685759e-05
AC_000091.1,NC_010473.1,80000,0,Comp-only,6,11,0,0.0,0.0,0.0,0.0,82.19373421449475,-0.09716200166141695,0,386103,3997932,480000,0,,,,,,,,0.0001826143753953513,0.00039472182234001044,0.004570779493802233,1.743715881685759e-05
AC_000091.1,NC_010473.1,80000,0,DNABERT-2-only,6,12,1,16.666666666666664,4.622983527579747,3.958333333333333,4.264918798190777,82.46332520222408,-0.05343206900655129,19000,391990,3992045,461000,1,37500.0,0.20212765957446807,-14000.0,-61000.0,0.0,0.0,0.0,0.0001826143753953513,0.00039472182234001044,0.004570779493802233,1.743715881685759e-05
AC_000091.1,NC_010473.1,80000,0,DNABERT-S-only,6,15,2,33.33333333333333,6.262381568436375,8.541666666666666,7.226560606608073,78.35741313539067,-0.04768442683713911,41000,613703,3770332,439000,2,30000.0,0.2485294117647059,16500.0,-40500.0,0.0,0.0,25.0,0.0001826143753953513,0.00039472182234001044,0.004570779493802233,1.743715881685759e-05
AC_000091.1,NC_010473.1,80000,0,SAGE-GI,6,14,2,33.33333333333333,7.024120143292051,8.541666666666666,7.708918748936498,79.81710657920841,-0.03521770072442367,41000,542703,3841332,439000,2,30000.0,0.2485294117647059,16500.0,-40500.0,0.0,0.0,25.0,0.0001826143753953513,0.00039472182234001044,0.004570779493802233,1.743715881685759e-05
AC_000091.1,NC_010473.1,80000,0,SAGE-GI/no-refine,6,14,2,33.33333333333333,6.4616768478403195,7.09375,6.762977020774555,80.6980624111463,-0.0398159116100405,34050,492903,3891132,445950,2,29800.0,0.20440140845070423,13800.0,-44800.0,0.0,0.0,0.0,0.0001826143753953513,0.00039472182234001044,0.004570779493802233,1.743715881685759e-05
AC_000091.1,NC_008563.1,5000,0,Comp-only,6,12,1,16.666666666666664,1.3206445802067073,16.666666666666664,2.4473633331130706,90.96964568699613,0.023896777184502994,5000,373603,4010432,25000,1,7550.0,0.24875621890547264,-9600.0,5500.0,0.0,0.0,0.0,0.0025101211951159552,0.0012272310525075648,0.014560971723750314,0.00016796450890310677
AC_000091.1,NC_008563.1,5000,0,DNABERT-2-only,6,12,1,16.666666666666664,1.282741989276277,16.666666666666664,2.382143452678721,90.71620410803267,0.022845183837372236,5000,384790,3999245,25000,1,14000.0,0.15151515151515152,-14000.0,14000.0,0.0,0.0,0.0,0.0025101211951159552,0.0012272310525075648,0.014560971723750314,0.00016796450890310677
AC_000091.1,NC_008563.1,5000,0,DNABERT-S-only,6,14,1,16.666666666666664,0.8094504964359894,16.666666666666664,1.5439175053998513,85.5528331787129,0.006372669734017724,5000,612703,3771332,25000,1,11500.0,0.17857142857142858,-6000.0,17000.0,0.0,0.0,0.0,0.0025101211951159552,0.0012272310525075648,0.014560971723750314,0.00016796450890310677
AC_000091.1,NC_008563.1,5000,0,SAGE-GI,6,13,1,16.666666666666664,0.9458894482248493,16.666666666666664,1.7901801458280748,87.57139442709449,0.011952404647977725,5000,523603,3860432,25000,1,11500.0,0.17857142857142858,-6000.0,17000.0,0.0,0.0,0.0,0.0025101211951159552,0.0012272310525075648,0.014560971723750314,0.00016796450890310677
AC_000091.1,NC_008563.1,5000,0,SAGE-GI/no-refine,6,13,1,16.666666666666664,1.021444199524824,16.666666666666664,1.9249166992298408,88.45720525550885,0.0146921802686726,5000,484503,3899532,25000,1,8500.0,0.22727272727272727,-5350.0,11650.0,0.0,0.0,0.0,0.0025101211951159552,0.0012272310525075648,0.014560971723750314,0.00016796450890310677
AC_000091.1,NC_010473.1,80000,1,Comp-only,6,12,1,16.666666666666664,10.196297611045233,8.4375,9.233894548924253,83.6308126894646,0.0032790642925473812,40500,356703,4027332,439500,1,38850.0,0.3426395939086294,-38200.0,-39500.0,0.0,0.0,0.0,0.0001826143753953513,0.00039472182234001044,0.004570779493802233,1.743715881685759e-05
AC_000091.1,NC_010473.1,80000,1,DNABERT-2-only,6,14,2,33.33333333333333,14.961397394516649,14.166666666666666,14.553190305435082,83.58352684550995,0.054826296200711847,68000,386503,3997532,412000,2,32500.0,0.35183486238532113,13500.0,-18000.0,25.0,25.0,25.0,0.0001826143753953513,0.00039472182234001044,0.004570779493802233,1.743715881685759e-05
AC_000091.1,NC_010473.1,80000,1,DNABERT-S-only,6,16,2,33.33333333333333,13.7665418606922,17.916666666666668,15.56979568264049,80.82450064606854,0.05017534334370015,86000,538703,3845332,394000,2,34500.0,0.4413617886178862,-5000.0,-20500.0,0.0,0.0,25.0,0.0001826143753953513,0.00039472182234001044,0.004570779493802233,1.743715881685759e-05
AC_000091.1,NC_010473.1,80000,1,SAGE-GI,6,13,2,33.33333333333333,10.450877970516911,11.25,10.835725386599618,81.72909939998377,0.00673387274870577,54000,462703,3921332,426000,2,39500.0,0.23094512195121952,-29500.0,-53000.0,0.0,0.0,0.0,0.0001826143753953513,0.00039472182234001044,0.004570779493802233,1.743715881685759e-05
AC_000091.1,NC_010473.1,80000,1,SAGE-GI/no-refine,6,14,1,16.666666666666664,9.548151758093967,9.510416666666668,9.529246855505097,82.17934287068248,-0.0035447683113160773,45650,432453,3951582,434350,1,34250.0,0.3999123959702146,-34150.0,-34350.0,0.0,0.0,0.0,0.0001826143753953513,0.00039472182234001044,0.004570779493802233,1.743715881685759e-05
AC_000091.1,NC_008563.1,5000,1,Comp-only,6,12,1,16.666666666666664,1.391195955515118,16.666666666666664,2.5680336309684315,91.40462184826355,0.025784342807253592,5000,354403,4029632,25000,1,25750.0,0.08849557522123894,-38100.0,13400.0,0.0,0.0,0.0,0.0025101211951159552,0.0012272310525075648,0.014560971723750314,0.00016796450890310677
AC_000091.1,NC_008563.1,5000,1,DNABERT-2-only,6,14,2,33.33333333333333,1.040574605297045,13.333333333333334,1.9304879549617158,90.79293662148126,0.013567974435500974,4000,380403,4003632,26000,2,8000.0,0.08496732026143791,-13000.0,5000.0,0.0,0.0,50.0,0.0025101211951159552,0.0012272310525075648,0.014560971723750314,0.00016796450890310677
AC_000091.1,NC_008563.1,5000,1,DNABERT-S-only,6,14,1,16.666666666666664,0.3939310975117343,6.666666666666667,0.7439050925882876,87.90895405224471,-0.012537120040842729,2000,505703,3878332,28000,1,23000.0,0.041666666666666664,-43000.0,-3000.0,0.0,0.0,50.0,0.0025101211951159552,0.0012272310525075648,0.014560971723750314,0.00016796450890310677
AC_000091.1,NC_008563.1,5000,1,SAGE-GI,6,12,1,16.666666666666664,1.0488711000350324,16.666666666666664,1.973542686741543,88.74718936302045,0.015636778292459533,5000,471703,3912332,25000,1,24000.0,0.09433962264150944,-43000.0,5000.0,0.0,0.0,50.0,0.0025101211951159552,0.0012272310525075648,0.014560971723750314,0.00016796450890310677
AC_000091.1,NC_008563.1,5000,1,SAGE-GI/no-refine,6,12,1,16.666666666666664,1.048984099245423,15.166666666666668,1.962251457133431,89.6998324662129,0.01483957876394775,4550,429203,3954832,25450,1,17250.0,0.11651728553137004,-34050.0,-450.0,50.0,50.0,50.0,0.0025101211951159552,0.0012272310525075648,0.014560971723750314,0.00016796450890310677
AC_000091.1,NC_008563.1,10000,0,Comp-only,6,11,0,0.0,0.0,0.0,0.0,90.12152244525527,-0.03572135778918943,0,379003,4005032,60000,0,,,,,,,,0.0025101211951159552,0.0012272310525075648,0.014560971723750314,0.00016796450890310677
AC_000091.1,NC_008563.1,10000,0,DNABERT-2-only,6,13,1,16.666666666666664,2.4158265629793907,16.666666666666664,4.219970164810935,89.78547648702137,0.0295944323926239,10000,403937,3980098,50000,1,14000.0,0.2631578947368421,-14000.0,14000.0,0.0,0.0,0.0,0.0025101211951159552,0.0012272310525075648,0.014560971723750314,0.00016796450890310677
AC_000091.1,NC_008563.1,10000,0,DNABERT-S-only,6,14,1,16.666666666666664,1.3635519163869965,13.333333333333334,2.4740877960980545,85.80787505048903,0.0004537606326819021,8000,578703,3805332,52000,1,10000.0,0.2857142857142857,2000.0,18000.0,0.0,50.0,50.0,0.0025101211951159552,0.0012272310525075648,0.014560971723750314,0.00016796450890310677
AC_000091.1,NC_008563.1,10000,0,SAGE-GI,6,13,1,16.666666666666664,1.4500555552534606,13.333333333333334,2.615648443770915,86.59544760561066,0.0032599697310758697,8000,543703,3840332,52000,1,10000.0,0.2857142857142857,2000.0,18000.0,0.0,50.0,50.0,0.0025101211951159552,0.0012272310525075648,0.014560971723750314,0.00016796450890310677
AC_000091.1,NC_008563.1,10000,0,SAGE-GI/no-refine,6,13,1,16.666666666666664,1.9170184581491543,15.75,3.4180120191046983,87.98270040627493,0.017350480029270882,9450,483503,3900532,50550,1,3150.0,0.6,550.0,5750.0,50.0,50.0,50.0,0.0025101211951159552,0.0012272310525075648,0.014560971723750314,0.00016796450890310677
AC_000091.1,NC_008563.1,10000,1,Comp-only,6,12,2,33.33333333333333,3.4031848364973873,20.833333333333336,5.850649305059875,90.94734852448282,0.05339772248274025,12500,354803,4029232,47500,2,22700.0,0.1098652985146327,-35150.0,3200.0,0.0,0.0,0.0,0.0025101211951159552,0.0012272310525075648,0.014560971723750314,0.00016796450890310677
AC_000091.1,NC_008563.1,10000,1,DNABERT-2-only,6,12,2,33.33333333333333,5.264681881597304,33.33333333333333,9.093182386505717,91.0016460266402,0.10370312643147506,20000,359890,4024145,40000,2,23000.0,0.22902603664416588,-26500.0,11000.0,25.0,25.0,25.0,0.0025101211951159552,0.0012272310525075648,0.014560971723750314,0.00016796450890310677
AC_000091.1,NC_008563.1,10000,1,DNABERT-S-only,6,13,2,33.33333333333333,3.671725692716948,33.33333333333333,6.614817521990133,87.29301186871841,0.07518604779533049,20000,524703,3859332,40000,2,24000.0,0.20382395382395382,-33500.0,13000.0,0.0,25.0,25.0,0.0025101211951159552,0.0012272310525075648,0.014560971723750314,0.00016796450890310677
AC_000091.1,NC_008563.1,10000,1,SAGE-GI,6,13,2,33.33333333333333,4.010402985343982,33.33333333333333,7.15943891477225,88.32810722687827,0.08195419216456591,20000,478703,3905332,40000,2,24000.0,0.20382395382395382,-33500.0,13000.0,0.0,25.0,25.0,0.0025101211951159552,0.0012272310525075648,0.014560971723750314,0.00016796450890310677
AC_000091.1,NC_008563.1,10000,1,SAGE-GI/no-refine,6,14,2,33.33333333333333,4.408765478356663,32.75,7.771359869330417,89.50496564496004,0.08848643761304512,19650,426053,3957982,40350,2,22300.0,0.21384933192686356,-30250.0,9350.0,25.0,25.0,25.0,0.0025101211951159552,0.0012272310525075648,0.014560971723750314,0.00016796450890310677
AC_000091.1,NC_008563.1,20000,0,Comp-only,6,13,2,33.33333333333333,5.239076525444449,16.25,7.923559994555091,89.93784462154491,0.04798837426297309,19500,352703,4031332,100500,2,10250.0,0.3670835337502004,-6750.0,-5600.0,0.0,0.0,50.0,0.0025101211951159552,0.0012272310525075648,0.014560971723750314,0.00016796450890310677
AC_000091.1,NC_008563.1,20000,0,DNABERT-2-only,6,11,1,16.666666666666664,4.843905156337039,16.666666666666664,7.506239561635608,89.05670137998484,0.042998285990261356,20000,392890,3991145,100000,1,40000.0,0.2,0.0,80000.0,50.0,50.0,50.0,0.0025101211951159552,0.0012272310525075648,0.014560971723750314,0.00016796450890310677
AC_000091.1,NC_008563.1,20000,0,DNABERT-S-only,6,14,2,33.33333333333333,4.32826205296128,21.666666666666668,7.215177403174401,85.15324592282253,0.04053549870791327,26000,574703,3809332,94000,2,17500.0,0.1824614065180103,-10500.0,37500.0,0.0,0.0,25.0,0.0025101211951159552,0.0012272310525075648,0.014560971723750314,0.00016796450890310677
AC_000091.1,NC_008563.1,20000,0,SAGE-GI,6,12,1,16.666666666666664,3.174585389811075,14.166666666666666,5.186856505614772,86.20119515057054,0.01164051655599441,17000,518503,3865532,103000,1,44500.0,0.16037735849056603,3000.0,86000.0,0.0,0.0,50.0,0.0025101211951159552,0.0012272310525075648,0.014560971723750314,0.00016796450890310677
AC_000091.1,NC_008563.1,20000,0,SAGE-GI/no-refine,6,14,1,16.666666666666664,4.089954458357107,16.666666666666664,6.568112143946745,87.36681664329873,0.030896298618653756,20000,469003,3915032,100000,1,6500.0,0.6060606060606061,-2450.0,10550.0,0.0,50.0,50.0,0.0025101211951159552,0.0012272310525075648,0.014560971723750314,0.00016796450890310677
AC_000091.1,NC_008563.1,20000,1,Comp-only,6,15,3,50.0,8.066147665677885,25.583333333333336,12.265208158960293,90.24867701960575,0.10191190932712253,30700,349903,4034132,89300,3,5600.0,0.5758754863813229,-5700.0,-5200.0,0.0,0.0,16.666666666666664,0.0025101211951159552,0.0012272310525075648,0.014560971723750314,0.00016796450890310677
AC_000091.1,NC_008563.1,20000,1,DNABERT-2-only,6,14,2,33.33333333333333,5.305180508766811,16.666666666666664,8.048451679108231,89.85376445786945,0.04956462893263859,20000,356990,4027045,100000,2,10000.0,0.3482142857142857,-10000.0,-10000.0,0.0,0.0,25.0,0.0025101211951159552,0.0012272310525075648,0.014560971723750314,0.00016796450890310677
AC_000091.1,NC_008563.1,20000,1,DNABERT-S-only,6,14,2,33.33333333333333,0.5862775868032823,2.5,0.9498134408100009,86.10794543115229,-0.04619716771565145,3000,508703,3875332,117000,2,26000.0,0.025306978137166813,-12000.0,7500.0,0.0,0.0,0.0,0.0025101211951159552,0.0012272310525075648,0.014560971723750314,0.00016796450890310677
AC_000091.1,NC_008563.1,20000,1,SAGE-GI,6,13,2,33.33333333333333,1.2560105337416763,5.0,2.0076860915872934,86.99603799704043,-0.030121970121078645,6000,471703,3912332,114000,2,17000.0,0.07142857142857142,-29500.0,-17000.0,0.0,0.0,0.0,0.0025101211951159552,0.0012272310525075648,0.014560971723750314,0.00016796450890310677
AC_000091.1,NC_008563.1,20000,1,SAGE-GI/no-refine,6,16,4,66.66666666666666,9.691662358059332,37.333333333333336,15.38849950107599,89.06196332843773,0.1475778843548632,44800,417453,3966582,75200,4,9550.0,0.3089158123640882,-13700.0,-4600.0,0.0,25.0,37.5,0.0025101211951159552,0.0012272310525075648,0.014560971723750314,0.00016796450890310677
AC_000091.1,NC_008563.1,40000,0,Comp-only,6,13,2,33.33333333333333,15.55748813110511,28.249999999999996,20.065018947829472,88.31749759679587,0.1507545313522495,67800,368003,4016032,172200,2,5750.0,0.7704924242424243,-4400.0,-5750.0,25.0,25.0,50.0,0.0025101211951159552,0.0012272310525075648,0.014560971723750314,0.00016796450890310677
AC_000091.1,NC_008563.1,40000,0,DNABERT-2-only,6,12,2,33.33333333333333,17.206638139871856,31.666666666666664,22.29752526808373,88.54485314233132,0.17603559380162812,76000,365690,4018345,164000,2,2500.0,0.8136363636363637,1500.0,7000.0,50.0,50.0,75.0,0.0025101211951159552,0.0012272310525075648,0.014560971723750314,0.00016796450890310677
AC_000091.1,NC_008563.1,40000,0,DNABERT-S-only,6,15,2,33.33333333333333,12.644163217180889,33.33333333333333,18.33384324334854,84.58698950159331,0.13378349823920496,80000,552703,3831332,160000,2,2500.0,0.8878048780487805,-3500.0,2000.0,50.0,50.0,75.0,0.0025101211951159552,0.0012272310525075648,0.014560971723750314,0.00016796450890310677
AC_000091.1,NC_008563.1,40000,0,SAGE-GI,6,14,2,33.33333333333333,14.673433565112445,33.33333333333333,20.37689616570492,86.47927621655113,0.15629419164096284,80000,465203,3918832,160000,2,2500.0,0.8878048780487805,-3500.0,2000.0,50.0,50.0,75.0,0.0025101211951159552,0.0012272310525075648,0.014560971723750314,0.00016796450890310677
AC_000091.1,NC_008563.1,40000,0,SAGE-GI/no-refine,6,14,2,33.33333333333333,14.86490839464674,32.6875,20.436260099276723,86.78961123780421,0.1565429678020297,78450,449303,3934732,161550,2,1250.0,0.9439456688580614,-550.0,250.0,50.0,100.0,100.0,0.0025101211951159552,0.0012272310525075648,0.014560971723750314,0.00016796450890310677
AC_000091.1,NC_008563.1,40000,1,Comp-only,6,13,2,33.33333333333333,5.115604498466679,7.833333333333334,6.189269847227092,87.67520142040446,-0.0009890388890289256,18800,348703,4035332,221200,2,28900.0,0.20042952314165496,-15150.0,-30100.0,25.0,25.0,25.0,0.0025101211951159552,0.0012272310525075648,0.014560971723750314,0.00016796450890310677
AC_000091.1,NC_008563.1,40000,1,DNABERT-2-only,6,13,2,33.33333333333333,5.224375034136541,9.166666666666666,6.655543841126117,86.65444790102151,0.0004866175909352424,22000,399103,3984932,218000,2,26500.0,0.1696105072463768,-26500.0,-29000.0,0.0,0.0,0.0,0.0025101211951159552,0.0012272310525075648,0.014560971723750314,0.00016796450890310677
AC_000091.1,NC_008563.1,40000,1,DNABERT-S-only,6,13,1,16.666666666666664,3.0262737302417424,6.666666666666667,4.162856135594631,84.06796228834773,-0.03505070447488533,16000,512703,3871332,224000,1,24000.0,0.25,-24000.0,-24000.0,0.0,0.0,0.0,0.0025101211951159552,0.0012272310525075648,0.014560971723750314,0.00016796450890310677
AC_000091.1,NC_008563.1,40000,1,SAGE-GI,6,14,2,33.33333333333333,9.599356104728974,21.666666666666668,13.304285643012756,85.34390418757644,0.07240245883488552,52000,489703,3894332,188000,2,14000.0,0.5535714285714286,-13000.0,-14000.0,0.0,25.0,50.0,0.0025101211951159552,0.0012272310525075648,0.014560971723750314,0.00016796450890310677
AC_000091.1,NC_008563.1,40000,1,SAGE-GI/no-refine,6,14,4,66.66666666666666,6.811676284651533,12.979166666666666,8.934423055687413,86.26734010447585,0.024214416462875667,31150,426153,3957882,208850,4,25200.0,0.13412917550606693,-24750.0,-31050.0,0.0,0.0,0.0,0.0025101211951159552,0.0012272310525075648,0.014560971723750314,0.00016796450890310677
AC_000091.1,NC_008563.1,80000,0,Comp-only,6,14,2,33.33333333333333,17.474086087352486,16.229166666666668,16.82863416947234,84.16946012929594,0.08100793293213363,77900,367903,4016132,402100,2,23450.0,0.39986828240252903,8550.0,-30150.0,0.0,0.0,25.0,0.0025101211951159552,0.0012272310525075648,0.014560971723750314,0.00016796450890310677
AC_000091.1,NC_008563.1,80000,0,DNABERT-2-only,6,12,2,33.33333333333333,17.23375020377745,15.416666666666668,16.274645641583916,84.34653533537485,0.07684788978667408,74000,355390,4028645,406000,2,28000.0,0.3966009340944473,14000.0,-23500.0,0.0,25.0,25.0,0.0025101211951159552,0.0012272310525075648,0.014560971723750314,0.00016796450890310677
AC_000091.1,NC_008563.1,80000,0,DNABERT-S-only,6,16,2,33.33333333333333,9.260744530786187,11.666666666666666,10.325407046905925,80.00213814250925,-0.007676461678939132,56000,548703,3835332,424000,2,24000.0,0.3075858250276855,18000.0,-31000.0,0.0,0.0,25.0,0.0025101211951159552,0.0012272310525075648,0.014560971723750314,0.00016796450890310677
AC_000091.1,NC_008563.1,80000,0,SAGE-GI,6,15,2,33.33333333333333,9.713739564234706,11.666666666666666,10.601011071430937,80.58190370751855,-0.0019009692380950699,56000,520503,3863532,424000,2,24000.0,0.31310266591038005,18000.0,-32000.0,0.0,25.0,25.0,0.0025101211951159552,0.0012272310525075648,0.014560971723750314,0.00016796450890310677
AC_000091.1,NC_008563.1,80000,0,SAGE-GI/no-refine,6,15,2,33.33333333333333,13.301739842591617,15.53125,14.330296515075647,81.67461788412295,0.04154480614096873,74550,485903,3898132,405450,2,23550.0,0.4041137726779367,14200.0,-25950.0,0.0,25.0,25.0,0.0025101211951159552,0.0012272310525075648,0.014560971723750314,0.00016796450890310677
AC_000091.1,NC_002655.2,5000,0,Comp-only,6,12,1,16.666666666666664,1.3575778638783829,16.666666666666664,2.5106514387288072,91.20299227350938,0.024895768372844487,5000,363303,4020732,25000,1,6950.0,0.26455026455026454,-9000.0,4900.0,0.0,0.0,50.0,0.0035600815193094215,0.00212798911470555,0.025780937541701337,0.0005052089632331391
AC_000091.1,NC_002655.2,5000,0,DNABERT-2-only,6,13,1,16.666666666666664,1.267889926868109,16.666666666666664,2.3565119852199565,90.61276133968127,0.022425440968018063,5000,389356,3994679,25000,1,14000.0,0.15151515151515152,-14000.0,14000.0,0.0,0.0,0.0,0.0035600815193094215,0.00212798911470555,0.025780937541701337,0.0005052089632331391
AC_000091.1,NC_002655.2,5000,0,DNABERT-S-only,6,14,1,16.666666666666664,0.8478844435249608,16.666666666666664,1.6136762287741062,86.18717341389454,0.008040652238531554,5000,584703,3799332,25000,1,17500.0,0.125,-17000.0,18000.0,0.0,0.0,0.0,0.0035600815193094215,0.00212798911470555,0.025780937541701337,0.0005052089632331391
AC_000091.1,NC_002655.2,5000,0,SAGE-GI,6,13,1,16.666666666666664,1.0145012813151184,16.666666666666664,1.9125834603607517,88.38131097737104,0.014449072796399473,5000,487853,3896182,25000,1,17500.0,0.125,-17000.0,18000.0,0.0,0.0,0.0,0.0035600815193094215,0.00212798911470555,0.025780937541701337,0.0005052089632331391
AC_000091.1,NC_002655.2,5000,0,SAGE-GI/no-refine,6,15,1,16.666666666666664,1.0734151561926393,16.666666666666664,2.0169301113547116,88.99412895457331,0.016461710232472882,5000,460803,3923232,25000,1,7350.0,0.25380710659898476,-4150.0,10550.0,0.0,0.0,50.0,0.0035600815193094215,0.00212798911470555,0.025780937541701337,0.0005052089632331391
AC_000091.1,NC_008563.1,80000,1,Comp-only,6,13,1,16.666666666666664,11.776309741790744,9.875,10.742173114425674,83.80556472147096,0.01921546143915011,47400,355103,4028932,432600,1,16300.0,0.5925,25200.0,-7400.0,0.0,0.0,0.0,0.0025101211951159552,0.0012272310525075648,0.014560971723750314,0.00016796450890310677
AC_000091.1,NC_008563.1,80000,1,DNABERT-2-only,6,13,3,50.0,13.282587039260264,10.833333333333334,11.933585009581291,84.22112505358206,0.033870039838211186,52000,339490,4044545,428000,3,37000.0,0.2,45000.0,-10000.0,16.666666666666664,16.666666666666664,16.666666666666664,0.0025101211951159552,0.0012272310525075648,0.014560971723750314,0.00016796450890310677
AC_000091.1,NC_008563.1,80000,1,DNABERT-S-only,6,14,2,33.33333333333333,7.348743082288964,8.125,7.717400660728224,80.82450064606854,-0.029565597148767966,39000,491703,3892332,441000,2,42000.0,0.239380081300813,-1000.0,-40000.0,0.0,25.0,25.0,0.0025101211951159552,0.0012272310525075648,0.014560971723750314,0.00016796450890310677
AC_000091.1,NC_008563.1,80000,1,SAGE-GI,6,14,2,33.33333333333333,7.764683501794613,8.333333333333332,8.038964862689456,81.18531219450517,-0.02427701409444698,40000,475153,3908882,440000,2,43000.0,0.2455,-2000.0,-39500.0,25.0,25.0,25.0,0.0025101211951159552,0.0012272310525075648,0.014560971723750314,0.00016796450890310677
AC_000091.1,NC_008563.1,80000,1,SAGE-GI/no-refine,6,14,2,33.33333333333333,10.117946939269743,10.270833333333334,10.193816922769948,82.14130860489284,0.002792402707439768,49300,437953,3946082,430700,2,34400.0,0.27714146552737945,-450.0,-34600.0,0.0,0.0,0.0,0.0025101211951159552,0.0012272310525075648,0.014560971723750314,0.00016796450890310677
AC_000091.1,NC_002655.2,5000,1,Comp-only,6,12,1,16.666666666666664,1.4116198902889021,16.666666666666664,2.6027907122016227,91.52242789194014,0.026314995029300087,5000,349203,4034832,25000,1,25000.0,0.09090909090909091,-36200.0,13800.0,0.0,0.0,0.0,0.0035600815193094215,0.00212798911470555,0.025780937541701337,0.0005052089632331391
AC_000091.1,NC_002655.2,5000,1,DNABERT-2-only,6,12,0,0.0,0.0,0.0,0.0,91.23047279869779,-0.02454216689713553,0,357090,4026945,30000,0,,,,,,,,0.0035600815193094215,0.00212798911470555,0.025780937541701337,0.0005052089632331391
AC_000091.1,NC_002655.2,5000,1,DNABERT-S-only,6,14,1,16.666666666666664,0.9230150100700938,16.666666666666664,1.749159965926364,87.27461381706307,0.011078734492190597,5000,536703,3847332,25000,1,33500.0,0.06944444444444445,-43000.0,24000.0,0.0,0.0,0.0,0.0035600815193094215,0.00212798911470555,0.025780937541701337,0.0005052089632331391
AC_000091.1,NC_002655.2,5000,1,SAGE-GI,6,13,1,16.666666666666664,0.992648445611799,16.666666666666664,1.8737012907928192,88.13550413623817,0.013672893236797275,5000,498703,3885332,25000,1,33500.0,0.06944444444444445,-43000.0,24000.0,0.0,0.0,0.0,0.0035600815193094215,0.00212798911470555,0.025780937541701337,0.0005052089632331391
AC_000091.1,NC_002655.2,5000,1,SAGE-GI/no-refine,6,13,2,33.33333333333333,1.2596373606171543,18.5,2.3586759965406086,89.58995567547606,0.023507005654787767,5550,435053,3948982,24450,2,21200.0,0.052055874996701335,-29700.0,6950.0,0.0,0.0,25.0,0.0035600815193094215,0.00212798911470555,0.025780937541701337,0.0005052089632331391
AC_000091.1,NC_002655.2,10000,0,Comp-only,6,12,1,16.666666666666664,2.299136106214803,14.499999999999998,3.9689509423977483,90.52655975931782,0.025087054319984585,8700,369703,4014332,51300,1,2100.0,0.6744186046511628,-2900.0,-1300.0,0.0,50.0,100.0,0.0035600815193094215,0.00212798911470555,0.025780937541701337,0.0005052089632331391
AC_000091.1,NC_002655.2,10000,0,DNABERT-2-only,6,12,1,16.666666666666664,2.5272309130885287,16.666666666666664,4.388948627356317,90.19607181311578,0.03188742047717338,10000,385690,3998345,50000,1,14000.0,0.2631578947368421,-14000.0,14000.0,0.0,0.0,0.0,0.0035600815193094215,0.00212798911470555,0.025780937541701337,0.0005052089632331391
AC_000091.1,NC_002655.2,10000,0,DNABERT-S-only,6,14,1,16.666666666666664,1.5965854359476532,15.0,2.885989004381893,86.37042687557592,0.008139615198511986,9000,554703,3829332,51000,1,9500.0,0.32142857142857145,1000.0,18000.0,50.0,50.0,50.0,0.0035600815193094215,0.00212798911470555,0.025780937541701337,0.0005052089632331391
AC_000091.1,NC_002655.2,10000,0,SAGE-GI,6,13,1,16.666666666666664,1.6722314814298693,15.0,3.009011990912784,86.94422973716453,0.01036051672364847,9000,529203,3854832,51000,1,9500.0,0.32142857142857145,1000.0,18000.0,50.0,50.0,50.0,0.0035600815193094215,0.00212798911470555,0.025780937541701337,0.0005052089632331391
AC_000091.1,NC_002655.2,10000,0,SAGE-GI/no-refine,6,14,1,16.666666666666664,1.7279187689678357,13.750000000000002,3.0700358915105137,88.27747756262045,0.011357361181207455,8250,469203,3914832,51750,1,3200.0,0.5631399317406144,1750.0,4650.0,0.0,50.0,100.0,0.0035600815193094215,0.00212798911470555,0.025780937541701337,0.0005052089632331391
AC_000091.1,NC_002655.2,10000,1,Comp-only,6,13,2,33.33333333333333,1.999427941450085,12.0,3.4277308183945365,90.870841476271,0.01670654876192382,7200,352903,4031132,52800,2,14150.0,0.08580095334392604,-29200.0,-6400.0,0.0,0.0,25.0,0.0035600815193094215,0.00212798911470555,0.025780937541701337,0.0005052089632331391
AC_000091.1,NC_002655.2,10000,1,DNABERT-2-only,6,13,0,0.0,0.0,0.0,0.0,90.0855191284497,-0.03580372594662671,0,380603,4003432,60000,0,,,,,,,,0.0035600815193094215,0.00212798911470555,0.025780937541701337,0.0005052089632331391
AC_000091.1,NC_002655.2,10000,1,DNABERT-S-only,6,14,2,33.33333333333333,3.4679895890952537,33.33333333333333,6.282363990746077,86.57294553260719,0.07086528403531939,20000,556703,3827332,40000,2,20000.0,0.25724275724275725,-29500.0,12000.0,25.0,25.0,25.0,0.0035600815193094215,0.00212798911470555,0.025780937541701337,0.0005052089632331391
AC_000091.1,NC_002655.2,10000,1,SAGE-GI,6,13,1,16.666666666666664,2.005201492671991,16.666666666666664,3.579719457386125,87.87806576680876,0.02018071169455807,10000,488703,3895332,50000,1,8000.0,0.38461538461538464,-16000.0,0.0,50.0,50.0,50.0,0.0035600815193094215,0.00212798911470555,0.025780937541701337,0.0005052089632331391
AC_000091.1,NC_002655.2,10000,1,SAGE-GI/no-refine,6,13,2,33.33333333333333,3.49053248293947,26.333333333333332,6.164013475001609,89.17531027545913,0.0624571955699479,15800,436853,3947182,44200,2,13650.0,0.1997178996135454,-29450.0,-2100.0,25.0,25.0,50.0,0.0035600815193094215,0.00212798911470555,0.025780937541701337,0.0005052089632331391
AC_000091.1,NC_002655.2,20000,0,Comp-only,6,13,2,33.33333333333333,5.058130565524288,16.666666666666664,7.760917185192946,89.44495324747699,0.046115077119407544,20000,375403,4008632,100000,2,10000.0,0.3884272682271409,-5550.0,-5800.0,0.0,0.0,50.0,0.0035600815193094215,0.00212798911470555,0.025780937541701337,0.0005052089632331391
AC_000091.1,NC_002655.2,20000,0,DNABERT-2-only,6,13,2,33.33333333333333,8.928511639430987,33.33333333333333,14.084432652644441,89.16520408922221,0.12928015687329145,40000,408003,3976032,80000,2,14000.0,0.3147163120567376,-7000.0,44000.0,25.0,25.0,25.0,0.0035600815193094215,0.00212798911470555,0.025780937541701337,0.0005052089632331391
AC_000091.1,NC_002655.2,20000,0,DNABERT-S-only,6,14,1,16.666666666666664,3.3019483146030315,16.666666666666664,5.5118967401264705,84.77580658232007,0.015608493358116593,20000,585703,3798332,100000,1,11500.0,0.46511627906976744,-5000.0,18000.0,0.0,0.0,50.0,0.0035600815193094215,0.00212798911470555,0.025780937541701337,0.0005052089632331391
AC_000091.1,NC_002655.2,20000,0,SAGE-GI,6,12,0,0.0,0.0,0.0,0.0,85.55732804030164,-0.06045179227329433,0,530503,3853532,120000,0,,,,,,,,0.0035600815193094215,0.00212798911470555,0.025780937541701337,0.0005052089632331391
AC_000091.1,NC_002655.2,20000,0,SAGE-GI/no-refine,6,13,1,16.666666666666664,2.328429612701122,9.458333333333334,3.73691462549366,87.01713019548028,-0.00726532520306857,11350,476103,3907932,108650,1,8950.0,0.38803418803418804,8650.0,9250.0,0.0,0.0,0.0,0.0035600815193094215,0.00212798911470555,0.025780937541701337,0.0005052089632331391
AC_000091.1,NC_002655.2,20000,1,Comp-only,6,13,2,33.33333333333333,5.3685226548874425,16.083333333333332,8.050001772668784,90.21093308555551,0.04945767161825941,19300,340203,4043832,100700,2,23800.0,0.18803942829697118,-32450.0,-10350.0,0.0,0.0,25.0,0.0035600815193094215,0.00212798911470555,0.025780937541701337,0.0005052089632331391
AC_000091.1,NC_002655.2,20000,1,DNABERT-2-only,6,12,2,33.33333333333333,5.306588129162355,16.666666666666664,8.050071444384068,89.85598468928416,0.04958386885235566,20000,356890,4027145,100000,2,21000.0,0.22495361781076068,-26500.0,-10000.0,0.0,25.0,25.0,0.0035600815193094215,0.00212798911470555,0.025780937541701337,0.0005052089632331391
AC_000091.1,NC_002655.2,20000,1,DNABERT-S-only,6,14,3,50.0,8.598737939781474,36.666666666666664,13.930597131880013,87.92853519122298,0.13193226202155203,44000,467703,3916332,76000,3,11000.0,0.43478260869565216,-24000.0,-1000.0,16.666666666666664,33.33333333333333,33.33333333333333,0.0035600815193094215,0.00212798911470555,0.025780937541701337,0.0005052089632331391
AC_000091.1,NC_002655.2,20000,1,SAGE-GI,6,14,4,66.66666666666666,10.52172736701288,40.833333333333336,16.732029714718895,89.17186478346638,0.1656949387243482,49000,416703,3967332,71000,4,14000.0,0.3285024154589372,-20000.0,-6500.0,12.5,25.0,25.0,0.0035600815193094215,0.00212798911470555,0.025780937541701337,0.0005052089632331391
AC_000091.1,NC_002655.2,20000,1,SAGE-GI/no-refine,6,14,4,66.66666666666666,11.35241965851387,42.45833333333333,17.914814092049443,89.63367291772822,0.1794820655085801,50950,397853,3986182,69050,4,12000.0,0.32361062817845937,-23950.0,-6900.0,0.0,12.5,12.5,0.0035600815193094215,0.00212798911470555,0.025780937541701337,0.0005052089632331391
AC_000091.1,NC_002655.2,40000,0,Comp-only,6,12,1,16.666666666666664,9.666435477751492,16.666666666666664,12.236101700359283,87.59085949825207,0.06325985841268722,40000,373803,4010232,200000,1,4700.0,0.8097165991902834,-4400.0,5000.0,0.0,0.0,100.0,0.0035600815193094215,0.00212798911470555,0.025780937541701337,0.0005052089632331391
AC_000091.1,NC_002655.2,40000,0,DNABERT-2-only,6,13,1,16.666666666666664,8.908626445703035,16.666666666666664,11.61097992316434,86.82961958549188,0.054969776714301456,40000,409003,3975032,200000,1,14000.0,0.5882352941176471,-14000.0,14000.0,0.0,0.0,0.0,0.0035600815193094215,0.00212798911470555,0.025780937541701337,0.0005052089632331391
AC_000091.1,NC_002655.2,40000,0,DNABERT-S-only,6,15,1,16.666666666666664,4.902689278278176,13.333333333333334,7.169237697196045,82.07835797090635,-0.005255707437285095,32000,620703,3763332,208000,1,12500.0,0.5614035087719298,8000.0,17000.0,0.0,0.0,0.0,0.0035600815193094215,0.00212798911470555,0.025780937541701337,0.0005052089632331391
AC_000091.1,NC_002655.2,40000,0,SAGE-GI,6,13,1,16.666666666666664,6.095203265505149,13.333333333333334,8.365980264129682,84.84001526805052,0.014599374645709295,32000,493003,3891032,208000,1,12500.0,0.5614035087719298,8000.0,17000.0,0.0,0.0,0.0,0.0035600815193094215,0.00212798911470555,0.025780937541701337,0.0005052089632331391
AC_000091.1,NC_002655.2,40000,0,SAGE-GI/no-refine,6,13,1,16.666666666666664,7.704115731226515,16.666666666666664,10.537366158985146,85.31146498674859,0.0403030248708421,40000,479203,3904832,200000,1,4550.0,0.814663951120163,-150.0,8950.0,50.0,50.0,50.0,0.0035600815193094215,0.00212798911470555,0.025780937541701337,0.0005052089632331391
AC_000091.1,NC_002655.2,40000,1,Comp-only,6,13,2,33.33333333333333,8.19489934467586,12.75,9.97712759800653,88.05798399017308,0.04014497847789876,30600,342803,4041232,209400,2,24700.0,0.25778392566173736,-22400.0,-24700.0,0.0,0.0,0.0,0.0035600815193094215,0.00212798911470555,0.025780937541701337,0.0005052089632331391
AC_000091.1,NC_002655.2,40000,1,DNABERT-2-only,6,13,2,33.33333333333333,12.695622451720013,21.666666666666668,16.010098677627425,88.20099761355613,0.10547606783058416,52000,357590,4026445,188000,2,14000.0,0.46875,-18500.0,-14000.0,0.0,0.0,0.0,0.0035600815193094215,0.00212798911470555,0.025780937541701337,0.0005052089632331391
AC_000091.1,NC_002655.2,40000,1,DNABERT-S-only,6,14,2,33.33333333333333,5.3200343914481305,12.916666666666668,7.536133938979194,83.54893507510216,0.0022212029677815136,31000,551703,3832332,209000,2,24500.0,0.30745994221171524,-24000.0,-24500.0,0.0,0.0,0.0,0.0035600815193094215,0.00212798911470555,0.025780937541701337,0.0005052089632331391
AC_000091.1,NC_002655.2,40000,1,SAGE-GI,6,14,3,50.0,7.810801282660232,15.416666666666668,10.368458588516512,86.16569727521525,0.03990976115193137,37000,436703,3947332,203000,3,25000.0,0.10714285714285714,-16000.0,-34000.0,0.0,0.0,0.0,0.0035600815193094215,0.00212798911470555,0.025780937541701337,0.0005052089632331391
AC_000091.1,NC_002655.2,40000,1,SAGE-GI/no-refine,6,15,2,33.33333333333333,7.9054350970403195,14.916666666666668,10.334082409977297,86.56469944539779,0.04032955605278317,35800,417053,3966982,204200,2,22100.0,0.32358722766977,-20300.0,-22100.0,0.0,0.0,0.0,0.0035600815193094215,0.00212798911470555,0.025780937541701337,0.0005052089632331391
AC_000091.1,NC_002655.2,80000,0,Comp-only,6,15,4,66.66666666666666,29.51964810241272,29.458333333333332,29.488958845801317,86.09790020014248,0.21777751722656621,141400,337603,4046432,338600,4,11700.0,0.3028507583965331,350.0,-26250.0,0.0,0.0,12.5,0.0035600815193094215,0.00212798911470555,0.025780937541701337,0.0005052089632331391
AC_000091.1,NC_002655.2,80000,0,DNABERT-2-only,6,12,3,50.0,27.012352382245147,29.020833333333336,27.98059637035623,85.25730180806676,0.1979628244673336,139300,376390,4007645,340700,3,25625.0,0.5194805194805194,5000.0,-30000.0,16.666666666666664,16.666666666666664,33.33333333333333,0.0035600815193094215,0.00212798911470555,0.025780937541701337,0.0005052089632331391
AC_000091.1,NC_002655.2,80000,0,DNABERT-S-only,6,15,4,66.66666666666666,25.123260999277708,35.0,29.250380646694573,83.29158815674641,0.20421244812600445,168000,500703,3883332,312000,4,17500.0,0.4076305220883534,1500.0,-13500.0,12.5,25.0,50.0,0.0035600815193094215,0.00212798911470555,0.025780937541701337,0.0005052089632331391
AC_000091.1,NC_002655.2,80000,0,SAGE-GI,6,14,4,66.66666666666666,24.88560240933261,30.625000000000004,27.458594960507256,84.03171440994977,0.18721076427624442,147000,443703,3940332,333000,4,30425.0,0.32221385542168673,1000.0,-41075.0,25.0,37.5,37.5,0.0035600815193094215,0.00212798911470555,0.025780937541701337,0.0005052089632331391
AC_000091.1,NC_002655.2,80000,0,SAGE-GI/no-refine,6,16,5,83.33333333333334,28.256893009367907,33.4375,30.629683311975253,85.05349982062218,0.2241960445211401,160500,407503,3976532,319500,5,16850.0,0.24528301886792453,10850.0,-32650.0,0.0,10.0,20.0,0.0035600815193094215,0.00212798911470555,0.025780937541701337,0.0005052089632331391
AC_000091.1,NC_002655.2,80000,1,Comp-only,6,14,2,33.33333333333333,31.624638719872056,30.979166666666668,31.298575146573942,86.57898226472466,0.2386408861829486,148700,321503,4062532,331300,2,4050.0,0.909805389221557,3350.0,-550.0,0.0,25.0,75.0,0.0035600815193094215,0.00212798911470555,0.025780937541701337,0.0005052089632331391
AC_000091.1,NC_002655.2,80000,1,DNABERT-2-only,6,14,3,50.0,28.31772487307591,29.166666666666668,28.73592709284783,85.72399252883666,0.20808102660566768,140000,354390,4029645,340000,3,14000.0,0.7272727272727273,12000.0,1000.0,16.666666666666664,16.666666666666664,16.666666666666664,0.0035600815193094215,0.00212798911470555,0.025780937541701337,0.0005052089632331391
AC_000091.1,NC_002655.2,80000,1,DNABERT-S-only,6,15,2,33.33333333333333,21.217457724215485,27.083333333333332,23.79420574483643,82.88040690496676,0.144465210751009,130000,482703,3901332,350000,2,14500.0,0.7150628626692457,15000.0,11000.0,0.0,0.0,0.0,0.0035600815193094215,0.00212798911470555,0.025780937541701337,0.0005052089632331391
AC_000091.1,NC_002655.2,80000,1,SAGE-GI,6,14,3,50.0,26.046204169907472,30.208333333333332,27.97329611277289,84.64848628761924,0.19501480742690425,145000,411703,3972332,335000,3,15000.0,0.6914893617021277,15000.0,8000.0,0.0,0.0,0.0,0.0035600815193094215,0.00212798911470555,0.025780937541701337,0.0005052089632331391
AC_000091.1,NC_002655.2,80000,1,SAGE-GI/no-refine,6,14,3,50.0,26.9442662789451,29.843750000000004,28.319987189283285,85.0915340864118,0.20057363489794247,143250,388403,3995632,336750,3,11500.0,0.7493188010899182,7950.0,1350.0,0.0,16.666666666666664,16.666666666666664,0.0035600815193094215,0.00212798911470555,0.025780937541701337,0.0005052089632331391
AC_000091.1,NC_004337.1,5000,0,Comp-only,6,12,1,16.666666666666664,1.29801688979577,16.666666666666664,2.4084604398330454,90.82012263156047,0.02327230717693833,5000,380203,4003832,25000,1,5150.0,0.32679738562091504,-7300.0,3000.0,0.0,0.0,50.0,0.0008993352014191602,0.0016643386724025603,0.020539765118685195,0.00030751311833343564
AC_000091.1,NC_004337.1,5000,0,DNABERT-2-only,6,13,1,16.666666666666664,1.17232469642652,16.666666666666664,2.1905661079992904,89.88447078466754,0.019611333666318558,5000,421503,3962532,25000,1,14000.0,0.15151515151515152,-14000.0,14000.0,0.0,0.0,0.0,0.0008993352014191602,0.0016643386724025603,0.020539765118685195,0.00030751311833343564
AC_000091.1,NC_004337.1,5000,0,DNABERT-S-only,6,14,1,16.666666666666664,0.8522199477418727,16.666666666666664,1.6215260830578089,86.25513843909258,0.008223633715664157,5000,581703,3802332,25000,1,17000.0,0.1282051282051282,-17000.0,17000.0,0.0,0.0,0.0,0.0008993352014191602,0.0016643386724025603,0.020539765118685195,0.00030751311833343564
AC_000091.1,NC_004337.1,5000,0,SAGE-GI,6,13,1,16.666666666666664,0.904644990166509,16.666666666666664,1.7161401262735905,87.02540872467029,0.010360669956150245,5000,547703,3836332,25000,1,17500.0,0.125,-17000.0,18000.0,0.0,0.0,0.0,0.0008993352014191602,0.0016643386724025603,0.020539765118685195,0.00030751311833343564
AC_000091.1,NC_004337.1,5000,0,SAGE-GI/no-refine,6,13,1,16.666666666666664,1.0183237169630328,16.666666666666664,1.9193747444832372,88.42322274290983,0.014583120263275065,5000,486003,3898032,25000,1,7600.0,0.24752475247524752,-4450.0,10750.0,0.0,0.0,50.0,0.0008993352014191602,0.0016643386724025603,0.020539765118685195,0.00030751311833343564
AC_000091.1,NC_004337.1,5000,1,Comp-only,6,13,2,33.33333333333333,2.6570496231694727,32.0,4.906683567465621,91.57000340957876,0.07186118450809789,9600,351703,4032332,20400,2,10700.0,0.22670929384710303,-18700.0,10700.0,25.0,25.0,25.0,0.0008993352014191602,0.0016643386724025603,0.020539765118685195,0.00030751311833343564
AC_000091.1,NC_004337.1,5000,1,DNABERT-2-only,6,12,1,16.666666666666664,0.27918144001786765,3.3333333333333335,0.5152116231742188,91.25086230625719,-0.014485146499979153,1000,357190,4026845,29000,1,16500.0,0.029411764705882353,-29000.0,-4000.0,0.0,0.0,50.0,0.0008993352014191602,0.0016643386724025603,0.020539765118685195,0.00030751311833343564
AC_000091.1,NC_004337.1,5000,1,DNABERT-S-only,6,15,2,33.33333333333333,1.0944481130426946,19.833333333333332,2.074424782926264,87.27348106664311,0.018921633483741408,5950,537703,3846332,24050,2,17875.0,0.0630804311774461,-19475.0,17875.0,0.0,0.0,25.0,0.0008993352014191602,0.0016643386724025603,0.020539765118685195,0.00030751311833343564
AC_000091.1,NC_004337.1,5000,1,SAGE-GI,6,13,1,16.666666666666664,1.0401432901396497,16.666666666666664,1.958085227617617,88.65656932942308,0.015338861793652559,5000,475703,3908332,25000,1,33500.0,0.06944444444444445,-43000.0,24000.0,0.0,0.0,0.0,0.0008993352014191602,0.0016643386724025603,0.020539765118685195,0.00030751311833343564
AC_000091.1,NC_004337.1,5000,1,SAGE-GI/no-refine,6,13,2,33.33333333333333,1.17956129481474,17.166666666666668,2.2074440155764106,89.66245170235398,0.020159179181948733,5150,431453,3952582,24850,2,21600.0,0.045546000035610636,-28950.0,7200.0,0.0,0.0,25.0,0.0008993352014191602,0.0016643386724025603,0.020539765118685195,0.00030751311833343564
AC_000091.1,NC_004337.1,10000,0,Comp-only,6,11,0,0.0,0.0,0.0,0.0,90.19127887156604,-0.035561411992719394,0,375903,4008132,60000,0,,,,,,,,0.0008993352014191602,0.0016643386724025603,0.020539765118685195,0.00030751311833343564
AC_000091.1,NC_004337.1,10000,0,DNABERT-2-only,6,13,1,16.666666666666664,2.144981581917925,14.916666666666668,3.7506312165664744,89.66360525963455,0.022170456076165506,8950,408303,3975732,51050,1,2900.0,0.6067796610169491,1050.0,4750.0,0.0,50.0,100.0,0.0008993352014191602,0.0016643386724025603,0.020539765118685195,0.00030751311833343564
AC_000091.1,NC_004337.1,10000,0,DNABERT-S-only,6,15,1,16.666666666666664,1.5905761544004087,16.666666666666664,2.904009420606561,84.95279627635696,0.008457644448001877,10000,618703,3765332,50000,1,11500.0,0.30303030303030304,-6000.0,17000.0,0.0,0.0,0.0,0.0008993352014191602,0.0016643386724025603,0.020539765118685195,0.00030751311833343564
AC_000091.1,NC_004337.1,10000,0,SAGE-GI,6,12,0,0.0,0.0,0.0,0.0,86.77321398233812,-0.04294774246034249,0,527803,3856232,60000,0,,,,,,,,0.0008993352014191602,0.0016643386724025603,0.020539765118685195,0.00030751311833343564
AC_000091.1,NC_004337.1,10000,0,SAGE-GI/no-refine,6,13,0,0.0,0.0,0.0,0.0,87.95907322962128,-0.04047582188685718,0,475103,3908932,60000,0,,,,,,,,0.0008993352014191602,0.0016643386724025603,0.020539765118685195,0.00030751311833343564
AC_000091.1,NC_004337.1,10000,1,Comp-only,6,13,2,33.33333333333333,5.44509573839582,33.33333333333333,9.3610388880958,91.28487961953495,0.10650545798077062,20000,347303,4036732,40000,2,10450.0,0.2902503366216922,-22050.0,10200.0,0.0,0.0,0.0,0.0008993352014191602,0.0016643386724025603,0.020539765118685195,0.00030751311833343564
AC_000091.1,NC_004337.1,10000,1,DNABERT-2-only,6,13,1,16.666666666666664,2.547751227379154,16.666666666666664,4.419860199821879,90.26778591977785,0.032299679701757116,10000,382503,4001532,50000,1,25500.0,0.16393442622950818,-29000.0,22000.0,0.0,0.0,0.0,0.0008993352014191602,0.0016643386724025603,0.020539765118685195,0.00030751311833343564
AC_000091.1,NC_004337.1,10000,1,DNABERT-S-only,6,14,2,33.33333333333333,3.5925798855044793,33.33333333333333,6.486104332231236,87.02298699267669,0.07353170527408845,20000,536703,3847332,40000,2,28500.0,0.14306006493506493,-32000.0,28500.0,0.0,0.0,0.0,0.0008993352014191602,0.0016643386724025603,0.020539765118685195,0.00030751311833343564
AC_000091.1,NC_004337.1,10000,1,SAGE-GI,6,14,2,33.33333333333333,4.466748408162536,33.33333333333333,7.877846118092852,89.47458784640536,0.09039417437794156,20000,427753,3956282,40000,2,16000.0,0.328092959671907,-22000.0,16000.0,25.0,25.0,25.0,0.0008993352014191602,0.0016643386724025603,0.020539765118685195,0.00030751311833343564
AC_000091.1,NC_004337.1,10000,1,SAGE-GI/no-refine,6,14,2,33.33333333333333,4.532547087498555,33.33333333333333,7.980002114700562,89.62085132092794,0.09155573852698858,20000,421253,3962782,40000,2,15700.0,0.27518470447284343,-18400.0,15700.0,0.0,0.0,25.0,0.0008993352014191602,0.0016643386724025603,0.020539765118685195,0.00030751311833343564
AC_000091.1,NC_004337.1,20000,0,Comp-only,6,12,1,16.666666666666664,4.573768915523008,14.666666666666666,6.973017196807467,89.57372666953076,0.03624122683173841,17600,367203,4016832,102400,1,2250.0,0.7963800904977375,-2100.0,-2400.0,0.0,100.0,100.0,0.0008993352014191602,0.0016643386724025603,0.020539765118685195,0.00030751311833343564
AC_000091.1,NC_004337.1,20000,0,DNABERT-2-only,6,12,1,16.666666666666664,4.933520807124004,16.666666666666664,7.613391956451397,89.22321873608887,0.044317118668778833,20000,385390,3998645,100000,1,7500.0,0.5714285714285714,-14000.0,1000.0,50.0,50.0,50.0,0.0008993352014191602,0.0016643386724025603,0.020539765118685195,0.00030751311833343564
AC_000091.1,NC_004337.1,20000,0,DNABERT-S-only,6,15,1,16.666666666666664,3.2642242652639206,16.666666666666664,5.459237917682882,84.62039038328965,0.014782999458027829,20000,592703,3791332,100000,1,11500.0,0.46511627906976744,-5000.0,18000.0,0.0,0.0,50.0,0.0008993352014191602,0.0016643386724025603,0.020539765118685195,0.00030751311833343564
AC_000091.1,NC_004337.1,20000,0,SAGE-GI,6,12,1,16.666666666666664,3.85577102889322,16.666666666666664,6.262691736221686,86.70740791312679,0.026692722406043146,20000,498703,3885332,100000,1,11500.0,0.46511627906976744,-5000.0,18000.0,0.0,0.0,50.0,0.0008993352014191602,0.0016643386724025603,0.020539765118685195,0.00030751311833343564
AC_000091.1,NC_004337.1,20000,0,SAGE-GI/no-refine,6,13,1,16.666666666666664,4.239057403195826,16.666666666666664,6.759005952994493,87.74869644663063,0.03345041650506607,20000,451803,3932232,100000,1,6250.0,0.6153846153846154,-9350.0,3150.0,0.0,0.0,50.0,0.0008993352014191602,0.0016643386724025603,0.020539765118685195,0.00030751311833343564
AC_000091.1,NC_004337.1,20000,1,Comp-only,6,12,0,0.0,0.0,0.0,0.0,89.38056653645009,-0.04863828206837585,0,358303,4025732,120000,0,,,,,,,,0.0008993352014191602,0.0016643386724025603,0.020539765118685195,0.00030751311833343564
AC_000091.1,NC_004337.1,20000,1,DNABERT-2-only,6,13,1,16.666666666666664,0.26075415316177447,0.8333333333333334,0.3972170970182899,88.86547284823497,-0.04553341727666609,1000,382503,4001532,119000,1,24000.0,0.02040816326530612,-29000.0,-19000.0,0.0,0.0,0.0,0.0008993352014191602,0.0016643386724025603,0.020539765118685195,0.00030751311833343564
AC_000091.1,NC_004337.1,20000,1,DNABERT-S-only,6,14,1,16.666666666666664,0.1761484438165731,0.8333333333333334,0.290823218744138,84.77580658232007,-0.05867617551189297,1000,566703,3817332,119000,1,32000.0,0.015384615384615385,-45000.0,-19000.0,0.0,0.0,0.0,0.0008993352014191602,0.0016643386724025603,0.020539765118685195,0.00030751311833343564
AC_000091.1,NC_004337.1,20000,1,SAGE-GI,6,13,1,16.666666666666664,0.20296202783421252,0.8333333333333334,0.3264224265263921,86.44098014336035,-0.0535660649056433,1000,491703,3892332,119000,1,31000.0,0.015873015873015872,-43000.0,-19000.0,0.0,0.0,0.0,0.0008993352014191602,0.0016643386724025603,0.020539765118685195,0.00030751311833343564
AC_000091.1,NC_004337.1,20000,1,SAGE-GI/no-refine,6,13,1,16.666666666666664,0.5999506455695343,2.2083333333333335,0.943559140684668,87.64656580155349,-0.04226979082438077,2650,439053,3944982,117350,1,26350.0,0.04787714543812105,-35350.0,-17350.0,0.0,0.0,0.0,0.0008993352014191602,0.0016643386724025603,0.020539765118685195,0.00030751311833343564
AC_000091.1,NC_004337.1,40000,0,Comp-only,6,13,2,33.33333333333333,9.484164134704463,16.166666666666664,11.954959382409264,87.64059960618809,0.06030462878377429,38800,370303,4013732,201200,2,9250.0,0.4252126931601148,-4350.0,-20600.0,0.0,25.0,25.0,0.0008993352014191602,0.0016643386724025603,0.020539765118685195,0.00030751311833343564
AC_000091.1,NC_004337.1,40000,0,DNABERT-2-only,6,13,2,33.33333333333333,8.966705207767998,15.833333333333332,11.449404179032523,87.28837476359932,0.05407522295143602,38000,385790,3998245,202000,2,11500.0,0.4263888888888889,17000.0,3000.0,0.0,0.0,0.0,0.0008993352014191602,0.0016643386724025603,0.020539765118685195,0.00030751311833343564
AC_000091.1,NC_004337.1,40000,0,DNABERT-S-only,6,15,2,33.33333333333333,8.882140696460382,22.083333333333332,12.668772551311516,84.19771909165912,0.0640612060676221,53000,543703,3840332,187000,2,13000.0,0.5710312366281558,13500.0,9000.0,25.0,25.0,25.0,0.0008993352014191602,0.0016643386724025603,0.020539765118685195,0.00030751311833343564
AC_000091.1,NC_004337.1,40000,0,SAGE-GI,6,14,2,33.33333333333333,12.459883624686945,29.166666666666668,17.460648064424806,85.68775971635164,0.12187071317192597,70000,491803,3892232,170000,2,5500.0,0.7167308515190415,5000.0,9000.0,50.0,50.0,50.0,0.0008993352014191602,0.0016643386724025603,0.020539765118685195,0.00030751311833343564
AC_000091.1,NC_004337.1,40000,0,SAGE-GI/no-refine,6,14,2,33.33333333333333,13.410693612209204,29.104166666666664,18.360971173143827,86.56686205878631,0.13202913116996176,69850,451003,3933032,170150,2,4450.0,0.7989944794952681,1950.0,650.0,0.0,25.0,50.0,0.0008993352014191602,0.0016643386724025603,0.020539765118685195,0.00030751311833343564
AC_000091.1,NC_004337.1,40000,1,Comp-only,6,14,2,33.33333333333333,3.2231590750887724,4.958333333333333,3.9067437291017937,87.33999634518337,-0.02612156595842229,11900,357303,4026732,228100,2,30100.0,0.14281167979002626,-15550.0,-31500.0,0.0,0.0,0.0,0.0008993352014191602,0.0016643386724025603,0.020539765118685195,0.00030751311833343564
AC_000091.1,NC_004337.1,40000,1,DNABERT-2-only,6,13,1,16.666666666666664,1.0224870463672313,1.6666666666666667,1.2674210990758914,86.5225284843216,-0.057117524167445706,4000,387203,3996832,236000,1,32500.0,0.057971014492753624,-29000.0,-36000.0,0.0,0.0,0.0,0.0008993352014191602,0.0016643386724025603,0.020539765118685195,0.00030751311833343564
AC_000091.1,NC_004337.1,40000,1,DNABERT-S-only,6,14,2,33.33333333333333,1.3067253462822166,2.7291666666666665,1.7672778390104324,84.25286573306646,-0.06104362754675403,6550,494703,3889332,233450,2,36725.0,0.04921953825152828,-2775.0,-12625.0,0.0,0.0,0.0,0.0008993352014191602,0.0016643386724025603,0.020539765118685195,0.00030751311833343564
AC_000091.1,NC_004337.1,40000,1,SAGE-GI,6,13,2,33.33333333333333,1.8119479850131768,3.75,2.443318406467735,84.45723269828191,-0.05283156699056208,9000,487703,3896332,231000,2,35500.0,0.06873924268502582,-29500.0,-35500.0,0.0,0.0,0.0,0.0008993352014191602,0.0016643386724025603,0.020539765118685195,0.00030751311833343564
AC_000091.1,NC_004337.1,40000,1,SAGE-GI/no-refine,6,13,2,33.33333333333333,2.237220707360456,4.208333333333333,2.921384389105261,85.48339275113618,-0.04378782028287421,10100,441353,3942682,229900,2,33400.0,0.0700135926856161,-29300.0,-34950.0,0.0,0.0,0.0,0.0008993352014191602,0.0016643386724025603,0.020539765118685195,0.00030751311833343564
AC_000091.1,NC_004337.1,80000,0,Comp-only,6,11,0,0.0,0.0,0.0,0.0,82.2636350272973,-0.09669655142851089,0,382703,4001332,480000,0,,,,,,,,0.0008993352014191602,0.0016643386724025603,0.020539765118685195,0.00030751311833343564
AC_000091.1,NC_004337.1,80000,0,DNABERT-2-only,6,11,0,0.0,0.0,0.0,0.0,82.07064710677452,-0.09797793198423363,0,392090,3991945,480000,0,,,,,,,,0.0008993352014191602,0.0016643386724025603,0.020539765118685195,0.00030751311833343564
AC_000091.1,NC_004337.1,80000,0,DNABERT-S-only,6,13,0,0.0,0.0,0.0,0.0,78.25461782244577,-0.12147670979416117,0,577703,3806332,480000,0,,,,,,,,0.0008993352014191602,0.0016643386724025603,0.020539765118685195,0.00030751311833343564
AC_000091.1,NC_004337.1,80000,0,SAGE-GI,6,12,0,0.0,0.0,0.0,0.0,79.64029864094316,-0.11328354398882577,0,510303,3873732,480000,0,,,,,,,,0.0008993352014191602,0.0016643386724025603,0.020539765118685195,0.00030751311833343564
AC_000091.1,NC_004337.1,80000,0,SAGE-GI/no-refine,6,12,0,0.0,0.0,0.0,0.0,80.68469902046347,-0.10687543690426549,0,459503,3924532,480000,0,,,,,,,,0.0008993352014191602,0.0016643386724025603,0.020539765118685195,0.00030751311833343564
AC_000091.1,NC_006155.1,5000,0,Comp-only,6,12,1,16.666666666666664,1.3319019826692913,16.666666666666664,2.46668130230906,91.04214171387403,0.024203886478298714,5000,370403,4013632,25000,1,12650.0,0.16501650165016502,-14700.0,10600.0,0.0,0.0,0.0,0.03189194698291398,0.013855892754593698,0.16494543642379264,0.02172084952694331
AC_000091.1,NC_006155.1,5000,0,DNABERT-2-only,6,12,1,16.666666666666664,1.2820841560040002,16.666666666666664,2.381009071644563,90.7116731063528,0.02282668602566893,5000,384990,3999045,25000,1,14000.0,0.15151515151515152,-14000.0,14000.0,0.0,0.0,0.0,0.03189194698291398,0.013855892754593698,0.16494543642379264,0.02172084952694331
AC_000091.1,NC_006155.1,5000,0,DNABERT-S-only,6,14,1,16.666666666666664,0.8551350001624757,16.666666666666664,1.6268018864394675,86.30044845589127,0.008346101579765989,5000,579703,3804332,25000,1,11000.0,0.18518518518518517,-5000.0,17000.0,0.0,0.0,50.0,0.03189194698291398,0.013855892754593698,0.16494543642379264,0.02172084952694331
AC_000091.1,NC_006155.1,5000,0,SAGE-GI,6,13,1,16.666666666666664,0.9520128407491959,16.666666666666664,1.8011430053511956,87.64842145565225,0.012182589212953263,5000,520203,3863832,25000,1,11000.0,0.18518518518518517,-5000.0,17000.0,0.0,0.0,50.0,0.03189194698291398,0.013855892754593698,0.16494543642379264,0.02172084952694331
AC_000091.1,NC_006155.1,5000,0,SAGE-GI/no-refine,6,14,1,16.666666666666664,1.065182796019625,16.666666666666664,2.0023908546804887,88.91257092433567,0.016187093174907644,5000,464403,3919632,25000,1,12450.0,0.16722408026755853,-9250.0,15650.0,0.0,0.0,0.0,0.03189194698291398,0.013855892754593698,0.16494543642379264,0.02172084952694331
AC_000091.1,NC_004337.1,80000,1,Comp-only,6,13,2,33.33333333333333,14.526312027224709,11.854166666666668,13.054905168388775,84.41822478662263,0.04622175562778615,56900,334803,4049232,423100,2,26550.0,0.3493266201620162,-4550.0,-40550.0,0.0,0.0,25.0,0.0008993352014191602,0.0016643386724025603,0.020539765118685195,0.00030751311833343564
AC_000091.1,NC_004337.1,80000,1,DNABERT-2-only,6,13,3,50.0,8.2391410695435,6.666666666666667,7.369960501617936,83.46249564404862,-0.016092446112149873,32000,356390,4027645,448000,3,32500.0,0.14423076923076922,-24000.0,-65000.0,0.0,0.0,0.0,0.0008993352014191602,0.0016643386724025603,0.020539765118685195,0.00030751311833343564
AC_000091.1,NC_004337.1,80000,1,DNABERT-S-only,6,15,1,16.666666666666664,5.959873795157332,6.875000000000001,6.384812658955233,80.10493345545416,-0.046970979879774666,33000,520703,3863332,447000,1,23500.0,0.4125,32000.0,-15000.0,0.0,0.0,0.0,0.0008993352014191602,0.0016643386724025603,0.020539765118685195,0.00030751311833343564
AC_000091.1,NC_004337.1,80000,1,SAGE-GI,6,14,3,50.0,16.5161329971212,17.916666666666668,17.187916894423218,82.9626431553227,0.07717904918976375,86000,434703,3949332,394000,3,28000.0,0.25,-16000.0,-54000.0,0.0,0.0,0.0,0.0008993352014191602,0.0016643386724025603,0.020539765118685195,0.00030751311833343564
AC_000091.1,NC_004337.1,80000,1,SAGE-GI/no-refine,6,15,4,66.66666666666666,12.410748568515096,12.322916666666666,12.366676667332216,82.76527615446845,0.028096736655312524,59150,417453,3966582,420850,4,31900.0,0.05446142494558593,-24550.0,-74200.0,0.0,12.5,12.5,0.0008993352014191602,0.0016643386724025603,0.020539765118685195,0.00030751311833343564
AC_000091.1,NC_006155.1,5000,1,Comp-only,6,12,1,16.666666666666664,1.1471644054470722,13.666666666666666,2.1166588797711943,91.40915284994342,0.016889982230517124,4100,353303,4030732,25900,1,19550.0,0.09490740740740741,-38200.0,-900.0,50.0,50.0,50.0,0.03189194698291398,0.013855892754593698,0.16494543642379264,0.02172084952694331
AC_000091.1,NC_006155.1,5000,1,DNABERT-2-only,6,13,0,0.0,0.0,0.0,0.0,90.27187142829634,-0.026091942413914028,0,399403,3984632,30000,0,,,,,,,,0.03189194698291398,0.013855892754593698,0.16494543642379264,0.02172084952694331
AC_000091.1,NC_006155.1,5000,1,DNABERT-S-only,6,15,2,33.33333333333333,1.0920976586585949,18.833333333333332,2.06448123971185,87.85571478250625,0.01829164311016324,5650,511703,3872332,24350,2,17675.0,0.054599898063200814,-19325.0,17675.0,0.0,0.0,25.0,0.03189194698291398,0.013855892754593698,0.16494543642379264,0.02172084952694331
AC_000091.1,NC_006155.1,5000,1,SAGE-GI,6,13,2,33.33333333333333,1.9657835711603824,33.33333333333333,3.712620869013166,88.24877917823488,0.05649724850517547,10000,498703,3885332,20000,2,20000.0,0.10825163398692811,-29500.0,18500.0,0.0,0.0,0.0,0.03189194698291398,0.013855892754593698,0.16494543642379264,0.02172084952694331
AC_000091.1,NC_006155.1,5000,1,SAGE-GI/no-refine,6,15,4,66.66666666666666,4.0804450071947675,59.833333333333336,7.63987461242001,90.16765838965935,0.1377132979294015,17950,421953,3962082,12050,4,14850.0,0.13538951966559648,-24500.0,6200.0,12.5,25.0,37.5,0.03189194698291398,0.013855892754593698,0.16494543642379264,0.02172084952694331
AC_000091.1,NC_006155.1,10000,0,Comp-only,6,12,1,16.666666666666664,2.648284044353461,16.666666666666664,4.570352579849772,90.60306680752964,0.03427708731644532,10000,367603,4016432,50000,1,12700.0,0.2824858757062147,-14800.0,10600.0,0.0,0.0,0.0,0.03189194698291398,0.013855892754593698,0.16494543642379264,0.02172084952694331
AC_000091.1,NC_006155.1,10000,0,DNABERT-2-only,6,13,1,16.666666666666664,2.460896356889033,16.666666666666664,4.28856924752764,89.95606470246071,0.03053354273983749,10000,396356,3987679,50000,1,7000.0,0.4166666666666667,0.0,14000.0,50.0,50.0,50.0,0.03189194698291398,0.013855892754593698,0.16494543642379264,0.02172084952694331
AC_000091.1,NC_006155.1,10000,0,DNABERT-S-only,6,15,1,16.666666666666664,1.8291467213459593,16.666666666666664,3.2965058686045725,86.79796626264195,0.015545784207550734,10000,536703,3847332,50000,1,9000.0,0.35714285714285715,-1000.0,17000.0,50.0,50.0,50.0,0.03189194698291398,0.013855892754593698,0.16494543642379264,0.02172084952694331
AC_000091.1,NC_006155.1,10000,0,SAGE-GI,6,12,1,16.666666666666664,2.1426903191108693,16.666666666666664,3.7972063952550115,88.59813210291998,0.02352472836941709,10000,456703,3927332,50000,1,9000.0,0.35714285714285715,-1000.0,17000.0,50.0,50.0,50.0,0.03189194698291398,0.013855892754593698,0.16494543642379264,0.02172084952694331
AC_000091.1,NC_006155.1,10000,0,SAGE-GI/no-refine,6,12,1,16.666666666666664,2.3020098848304453,16.666666666666664,4.045282896746176,89.32494906093224,0.027148366456278196,10000,424403,3959632,50000,1,12450.0,0.28653295128939826,-9250.0,15650.0,0.0,0.0,0.0,0.03189194698291398,0.013855892754593698,0.16494543642379264,0.02172084952694331
AC_000091.1,NC_006155.1,10000,1,Comp-only,6,14,3,50.0,8.044987570494204,50.0,13.859917810687383,91.608909470785,0.17556861875002802,30000,342903,4041132,30000,3,9600.0,0.3184713375796178,-15200.0,6800.0,0.0,0.0,16.666666666666664,0.03189194698291398,0.013855892754593698,0.16494543642379264,0.02172084952694331
AC_000091.1,NC_006155.1,10000,1,DNABERT-2-only,6,13,1,16.666666666666664,2.681756013837861,16.666666666666664,4.620111344683407,90.70911907759502,0.034920546015081357,10000,362890,4021145,50000,1,4000.0,0.5555555555555556,-8000.0,0.0,50.0,50.0,50.0,0.03189194698291398,0.013855892754593698,0.16494543642379264,0.02172084952694331
AC_000091.1,NC_006155.1,10000,1,DNABERT-S-only,6,15,4,66.66666666666666,7.105778149924237,61.66666666666667,12.743175082615382,88.59813210291998,0.18168832031322413,37000,483703,3900332,23000,4,15500.0,0.2459893048128342,-15500.0,11500.0,25.0,37.5,37.5,0.03189194698291398,0.013855892754593698,0.16494543642379264,0.02172084952694331
AC_000091.1,NC_006155.1,10000,1,SAGE-GI,6,15,5,83.33333333333334,8.99708801565932,68.33333333333333,15.900624972125426,90.24078343217369,0.22397479944381862,41000,414703,3969332,19000,5,7500.0,0.2647058823529412,-16000.0,-1000.0,20.0,30.0,30.0,0.03189194698291398,0.013855892754593698,0.16494543642379264,0.02172084952694331
AC_000091.1,NC_006155.1,10000,1,SAGE-GI/no-refine,6,15,5,83.33333333333334,9.813070184086776,71.33333333333334,17.25274260157653,90.76170642220414,0.24190696209804477,42800,393353,3990682,17200,5,11000.0,0.2680851063829787,-20150.0,8650.0,10.0,10.0,20.0,0.03189194698291398,0.013855892754593698,0.16494543642379264,0.02172084952694331
AC_000091.1,NC_006155.1,20000,0,Comp-only,6,14,3,50.0,9.647418652912911,30.333333333333336,14.638962564070596,90.57505103756964,0.1311193936050184,36400,340903,4043132,83600,3,10550.0,0.4434589800443459,-10600.0,200.0,16.666666666666664,16.666666666666664,16.666666666666664,0.03189194698291398,0.013855892754593698,0.16494543642379264,0.02172084952694331
AC_000091.1,NC_006155.1,20000,0,DNABERT-2-only,6,11,3,50.0,12.681487616139133,40.833333333333336,19.35267284109086,90.93279692542355,0.19055019189233463,49000,337390,4046645,71000,3,10000.0,0.4166666666666667,5000.0,14000.0,0.0,16.666666666666664,33.33333333333333,0.03189194698291398,0.013855892754593698,0.16494543642379264,0.02172084952694331
AC_000091.1,NC_006155.1,20000,0,DNABERT-S-only,6,15,5,83.33333333333334,14.343823213264317,67.5,23.65989341364066,88.39478378831426,0.2745989209269731,81000,483703,3900332,39000,5,4500.0,0.7,0.0,0.0,30.0,40.0,60.0,0.03189194698291398,0.013855892754593698,0.16494543642379264,0.02172084952694331
AC_000091.1,NC_006155.1,20000,0,SAGE-GI,6,15,5,83.33333333333334,15.064078124912825,67.5,24.63117851066515,88.99424627028876,0.2835081320053563,81000,456703,3927332,39000,5,4500.0,0.7,0.0,0.0,30.0,40.0,60.0,0.03189194698291398,0.013855892754593698,0.16494543642379264,0.02172084952694331
AC_000091.1,NC_006155.1,20000,0,SAGE-GI/no-refine,6,17,6,100.0,22.6410232605726,99.58333333333333,36.89393226027048,90.92362736968073,0.4519588913317307,119500,408303,3975732,500,6,1400.0,0.8266012203020077,-1200.0,2950.0,33.33333333333333,58.333333333333336,75.0,0.03189194698291398,0.013855892754593698,0.16494543642379264,0.02172084952694331
AC_000091.1,NC_006155.1,20000,1,Comp-only,6,15,5,83.33333333333334,15.952568048083721,50.583333333333336,24.25559886753926,91.58303609985269,0.2506614769268689,60700,319803,4064232,59300,5,12650.0,0.24110671936758893,-20900.0,-7800.0,0.0,0.0,10.0,0.03189194698291398,0.013855892754593698,0.16494543642379264,0.02172084952694331
AC_000091.1,NC_006155.1,20000,1,DNABERT-2-only,6,14,4,66.66666666666666,19.730762506556108,65.83333333333333,30.361844001614173,91.9541033761949,0.3310357709100972,79000,321390,4062645,41000,4,4500.0,0.6170634920634921,-12000.0,0.0,50.0,50.0,50.0,0.03189194698291398,0.013855892754593698,0.16494543642379264,0.02172084952694331
AC_000091.1,NC_006155.1,20000,1,DNABERT-S-only,6,16,6,100.0,19.185839057706342,89.16666666666667,31.577254342979156,89.70472032299926,0.38568246639118975,107000,450703,3933332,13000,6,7500.0,0.4772727272727273,-11500.0,1000.0,16.666666666666664,41.66666666666667,41.66666666666667,0.03189194698291398,0.013855892754593698,0.16494543642379264,0.02172084952694331
AC_000091.1,NC_006155.1,20000,1,SAGE-GI,6,16,6,100.0,20.47051576134057,89.16666666666667,33.296872739041206,90.48180131815138,0.4006448843773439,107000,415703,3968332,13000,6,6000.0,0.4772727272727273,-11500.0,1000.0,16.666666666666664,41.66666666666667,50.0,0.03189194698291398,0.013855892754593698,0.16494543642379264,0.02172084952694331
AC_000091.1,NC_006155.1,20000,1,SAGE-GI/no-refine,6,16,6,100.0,23.949142762447266,99.95833333333334,38.64038669379064,91.54196181868036,0.4675171004133513,119950,380903,4003132,50,6,5500.0,0.5141914191419141,-14850.0,3300.0,33.33333333333333,33.33333333333333,50.0,0.03189194698291398,0.013855892754593698,0.16494543642379264,0.02172084952694331
AC_000091.1,NC_006155.1,40000,0,Comp-only,6,15,6,100.0,42.14394918196755,83.04166666666667,55.9122349043278,93.20284124146984,0.5622622255502295,199300,273603,4110432,40700,6,7800.0,0.697855327589413,-4000.0,-7800.0,16.666666666666664,16.666666666666664,41.66666666666667,0.03189194698291398,0.013855892754593698,0.16494543642379264,0.02172084952694331
AC_000091.1,NC_006155.1,40000,0,DNABERT-2-only,6,13,6,100.0,41.02978379642425,80.41666666666667,54.33635045538367,92.98469842896951,0.5436944769133205,193000,277390,4106645,47000,6,4000.0,0.6066176470588236,1500.0,-1000.0,33.33333333333333,50.0,50.0,0.03189194698291398,0.013855892754593698,0.16494543642379264,0.02172084952694331
AC_000091.1,NC_006155.1,40000,0,DNABERT-S-only,6,15,6,100.0,33.81853537559711,90.0,49.16336919300378,90.33954111506509,0.5166431936730885,216000,422703,3961332,24000,6,1500.0,0.7549603174603174,500.0,-1000.0,50.0,58.333333333333336,75.0,0.03189194698291398,0.013855892754593698,0.16494543642379264,0.02172084952694331
AC_000091.1,NC_006155.1,40000,0,SAGE-GI,6,16,6,100.0,33.765669380947095,90.0,49.107482866376486,90.31791498117985,0.5161574450969643,216000,423703,3960332,24000,6,1500.0,0.7549603174603174,500.0,-1000.0,50.0,58.333333333333336,75.0,0.03189194698291398,0.013855892754593698,0.16494543642379264,0.02172084952694331
AC_000091.1,NC_006155.1,40000,0,SAGE-GI/no-refine,6,17,6,100.0,38.65929530252139,95.77083333333334,55.083379965083104,91.89337883471903,0.5795517212607514,229850,364703,4019332,10150,6,2150.0,0.8810394360741863,-200.0,750.0,33.33333333333333,50.0,75.0,0.03189194698291398,0.013855892754593698,0.16494543642379264,0.02172084952694331
AC_000091.1,NC_006155.1,40000,1,Comp-only,6,14,6,100.0,43.104710873968855,79.70833333333334,55.951787283764475,93.48614359536639,0.5569010553783229,191300,252503,4131532,48700,6,13650.0,0.5180450255299397,-17750.0,-9050.0,0.0,0.0,8.333333333333332,0.03189194698291398,0.013855892754593698,0.16494543642379264,0.02172084952694331
AC_000091.1,NC_006155.1,40000,1,DNABERT-2-only,6,13,6,100.0,41.56514261143759,84.58333333333333,55.73937039223493,93.02795069673996,0.5634971144176407,203000,285390,4098645,37000,6,9000.0,0.6426282051282051,-10000.0,500.0,16.666666666666664,16.666666666666664,25.0,0.03189194698291398,0.013855892754593698,0.16494543642379264,0.02172084952694331
AC_000091.1,NC_006155.1,40000,1,DNABERT-S-only,6,15,6,100.0,36.32218426049492,93.33333333333333,52.293501948750034,91.16133420270391,0.5505473160352357,224000,392703,3991332,16000,6,7500.0,0.6607142857142857,-7500.0,1000.0,16.666666666666664,33.33333333333333,33.33333333333333,0.03189194698291398,0.013855892754593698,0.16494543642379264,0.02172084952694331
AC_000091.1,NC_006155.1,40000,1,SAGE-GI,6,16,6,100.0,36.146347524539976,93.33333333333333,52.111019735885534,91.09645580104822,0.5489731976966683,224000,395703,3988332,16000,6,7500.0,0.6607142857142857,-11000.0,1000.0,16.666666666666664,33.33333333333333,33.33333333333333,0.03189194698291398,0.013855892754593698,0.16494543642379264,0.02172084952694331
AC_000091.1,NC_006155.1,40000,1,SAGE-GI/no-refine,6,16,6,100.0,40.508498590823194,98.875,57.47133396221618,92.40483690110477,0.6063976856640553,237300,348503,4035532,2700,6,5950.0,0.733459347361574,-11500.0,750.0,16.666666666666664,50.0,50.0,0.03189194698291398,0.013855892754593698,0.16494543642379264,0.02172084952694331
AC_000091.1,NC_008750.1,5000,0,Comp-only,6,12,1,16.666666666666664,1.334390170348249,16.666666666666664,2.4709478308784467,91.05800021975358,0.024271452597055418,5000,369703,4014332,25000,1,12650.0,0.16501650165016502,-14700.0,10600.0,0.0,0.0,0.0,0.061663060651443335,0.022215146723254912,0.27211669773958425,0.05555131582182771
AC_000091.1,NC_008750.1,5000,0,DNABERT-2-only,6,13,1,16.666666666666664,1.1921707760793316,16.666666666666664,2.2251742867760114,90.04532134430289,0.020212813940516692,5000,414403,3969632,25000,1,14000.0,0.15151515151515152,-14000.0,14000.0,0.0,0.0,0.0,0.061663060651443335,0.022215146723254912,0.27211669773958425,0.05555131582182771
AC_000091.1,NC_008750.1,5000,0,DNABERT-S-only,6,14,2,33.33333333333333,1.7866618545907382,33.33333333333333,3.3915377740998434,87.09337374986832,0.051344575610287574,10000,549703,3834332,20000,2,10500.0,0.12362637362637363,-2000.0,51500.0,25.0,25.0,50.0,0.061663060651443335,0.022215146723254912,0.27211669773958425,0.05555131582182771
AC_000091.1,NC_008750.1,5000,0,SAGE-GI,6,12,1,16.666666666666664,1.0401432901396497,16.666666666666664,1.958085227617617,88.65656932942308,0.015338861793652559,5000,475703,3908332,25000,1,10500.0,0.19230769230769232,-4000.0,17000.0,0.0,0.0,50.0,0.061663060651443335,0.022215146723254912,0.27211669773958425,0.05555131582182771
AC_000091.1,NC_008750.1,5000,0,SAGE-GI/no-refine,6,13,2,33.33333333333333,1.5950523107301613,22.833333333333332,2.9818066265755148,89.90146204096705,0.03657770556270259,6850,422603,3961432,23150,2,11750.0,0.13166398818572733,-3050.0,14950.0,0.0,0.0,25.0,0.061663060651443335,0.022215146723254912,0.27211669773958425,0.05555131582182771
AC_000091.1,NC_006155.1,80000,0,Comp-only,6,15,6,100.0,65.41572502280393,76.64583333333333,70.58690352963296,93.6965297330303,0.6734568794904027,367900,194503,4189532,112100,6,8350.0,0.7699892374268481,-4300.0,-12050.0,8.333333333333332,16.666666666666664,33.33333333333333,0.03189194698291398,0.013855892754593698,0.16494543642379264,0.02172084952694331
AC_000091.1,NC_006155.1,80000,0,DNABERT-2-only,6,13,5,83.33333333333334,40.903909340843555,38.125,39.46559699802671,88.45834785317128,0.3312039688614437,183000,264390,4119645,297000,5,17500.0,0.5,26000.0,-14000.0,0.0,0.0,0.0,0.03189194698291398,0.013855892754593698,0.16494543642379264,0.02172084952694331
AC_000091.1,NC_006155.1,80000,0,DNABERT-S-only,6,13,6,100.0,63.58054261202805,91.25,74.94289454097476,93.97845615831301,0.7315619452967947,438000,250890,4133145,42000,6,6000.0,0.8125,2000.0,-3000.0,25.0,25.0,41.66666666666667,0.03189194698291398,0.013855892754593698,0.16494543642379264,0.02172084952694331
AC_000091.1,NC_006155.1,80000,0,SAGE-GI,6,11,6,100.0,68.30147512213632,90.0,77.6636194482647,94.89127853726382,0.7574876032520232,432000,200490,4183545,48000,6,6500.0,0.7945995145631068,2000.0,-4000.0,25.0,25.0,33.33333333333333,0.03189194698291398,0.013855892754593698,0.16494543642379264,0.02172084952694331
AC_000091.1,NC_006155.1,80000,0,SAGE-GI/no-refine,6,13,6,100.0,73.02234467820796,95.52083333333333,82.76995008529727,96.07548054238919,0.8152602480861671,458500,169390,4214645,21500,6,2650.0,0.90875,2150.0,-900.0,16.666666666666664,50.0,66.66666666666666,0.03189194698291398,0.013855892754593698,0.16494543642379264,0.02172084952694331
AC_000091.1,NC_006155.1,80000,1,Comp-only,6,14,6,100.0,67.7864946136311,79.97916666666667,73.37980019821529,94.27354038365266,0.7049742070975725,383900,182437,4201598,96100,6,13700.0,0.7323905565111246,-15250.0,-10400.0,0.0,0.0,16.666666666666664,0.03189194698291398,0.013855892754593698,0.16494543642379264,0.02172084952694331
AC_000091.1,NC_006155.1,80000,1,DNABERT-2-only,6,12,2,33.33333333333333,32.21663510307147,30.833333333333336,31.509809557265882,86.77250472087475,0.2420017917709608,148000,311390,4072645,332000,2,8000.0,0.735340417158599,-21000.0,-4500.0,0.0,0.0,50.0,0.03189194698291398,0.013855892754593698,0.16494543642379264,0.02172084952694331
AC_000091.1,NC_006155.1,80000,1,DNABERT-S-only,6,12,6,100.0,68.36463075826558,97.91666666666666,80.51460826216928,95.32301885163244,0.795778003315889,470000,217490,4166545,10000,6,7500.0,0.8205492424242424,-7500.0,3000.0,25.0,33.33333333333333,33.33333333333333,0.03189194698291398,0.013855892754593698,0.16494543642379264,0.02172084952694331
AC_000091.1,NC_006155.1,80000,1,SAGE-GI,6,12,6,100.0,69.27952321166558,95.41666666666667,80.27412386402474,95.372360601846,0.790061019944249,458000,203090,4180945,22000,6,8000.0,0.8172541743970316,-7500.0,2500.0,16.666666666666664,25.0,25.0,0.03189194698291398,0.013855892754593698,0.16494543642379264,0.02172084952694331
AC_000091.1,NC_006155.1,80000,1,SAGE-GI/no-refine,6,13,6,100.0,73.50701029004881,98.52083333333333,84.19534602168534,96.3499440279521,0.8330832196553338,472900,170440,4213595,7100,6,3300.0,0.8896339488176223,-6900.0,-250.0,25.0,41.66666666666667,58.333333333333336,0.03189194698291398,0.013855892754593698,0.16494543642379264,0.02172084952694331
AC_000091.1,NC_008750.1,5000,1,Comp-only,6,13,2,33.33333333333333,1.8356240980731595,21.666666666666668,3.384508842680219,91.59265841797811,0.041551965368639615,6500,347603,4036432,23500,2,5550.0,0.21242558094872285,-17950.0,2150.0,25.0,25.0,50.0,0.061663060651443335,0.022215146723254912,0.27211669773958425,0.05555131582182771
AC_000091.1,NC_008750.1,5000,1,DNABERT-2-only,6,13,1,16.666666666666664,0.4525010969723563,5.5,0.836205148996554,91.13418901300058,-0.008296336277948842,1650,362990,4021045,28350,1,7950.0,0.09401709401709402,3350.0,12550.0,0.0,0.0,50.0,0.061663060651443335,0.022215146723254912,0.27211669773958425,0.05555131582182771
AC_000091.1,NC_008750.1,5000,1,DNABERT-S-only,6,15,4,66.66666666666666,3.2245532988998247,56.166666666666664,6.098962452470622,88.24538092697497,0.11350553503161952,16850,505703,3878332,13150,4,18275.0,0.1168091168091168,-12500.0,18275.0,12.5,25.0,37.5,0.061663060651443335,0.022215146723254912,0.27211669773958425,0.05555131582182771
AC_000091.1,NC_008750.1,5000,1,SAGE-GI,6,14,4,66.66666666666666,4.267094514009938,66.66666666666666,8.020805970687963,89.60807968219554,0.15049788271811043,20000,448703,3935332,10000,4,12000.0,0.19717261904761904,-20500.0,5000.0,25.0,37.5,37.5,0.061663060651443335,0.022215146723254912,0.27211669773958425,0.05555131582182771
AC_000091.1,NC_008750.1,5000,1,SAGE-GI/no-refine,6,15,4,66.66666666666666,4.609856333827357,66.66666666666666,8.623421644357157,90.39760672491269,0.15793315050070864,20000,413853,3970182,10000,4,14800.0,0.1571566731141199,-24450.0,7350.0,0.0,12.5,37.5,0.061663060651443335,0.022215146723254912,0.27211669773958425,0.05555131582182771
AC_000091.1,NC_008750.1,10000,0,Comp-only,6,13,2,33.33333333333333,3.8214551994505657,23.833333333333336,6.586780837534517,90.87309168357135,0.0649323492121374,14300,359903,4024132,45700,2,12450.0,0.21977893116071337,-16350.0,2300.0,0.0,0.0,0.0,0.061663060651443335,0.022215146723254912,0.27211669773958425,0.05555131582182771
AC_000091.1,NC_008750.1,10000,0,DNABERT-2-only,6,12,1,16.666666666666664,2.490722060325288,16.666666666666664,4.33378838111335,90.06555978969563,0.03114635705181328,10000,391490,3992545,50000,1,14000.0,0.2631578947368421,-14000.0,14000.0,0.0,0.0,0.0,0.061663060651443335,0.022215146723254912,0.27211669773958425,0.05555131582182771
AC_000091.1,NC_008750.1,10000,0,DNABERT-S-only,6,15,2,33.33333333333333,3.579719457386125,33.33333333333333,6.465137553882881,86.97798284666976,0.07326006001585533,20000,538703,3845332,40000,2,10500.0,0.2133736559139785,-2000.0,51500.0,25.0,25.0,50.0,0.061663060651443335,0.022215146723254912,0.27211669773958425,0.05555131582182771
AC_000091.1,NC_008750.1,10000,0,SAGE-GI,6,13,2,33.33333333333333,4.018460808956346,33.33333333333333,7.172276283254707,88.35060929988175,0.0821095636502071,20000,477703,3906332,40000,2,11000.0,0.20833333333333334,-2500.0,51500.0,25.0,25.0,50.0,0.061663060651443335,0.022215146723254912,0.27211669773958425,0.05555131582182771
AC_000091.1,NC_008750.1,10000,0,SAGE-GI/no-refine,6,14,2,33.33333333333333,3.9091786597822322,28.416666666666668,6.872879938244856,89.60284966252516,0.07314864835031638,17050,419103,3964932,42950,2,11950.0,0.28651646144441534,-3100.0,15150.0,0.0,0.0,25.0,0.061663060651443335,0.022215146723254912,0.27211669773958425,0.05555131582182771
AC_000091.1,NC_008750.1,10000,1,Comp-only,6,14,4,66.66666666666666,7.531772973939524,46.33333333333333,12.957262009354395,91.59540822698291,0.16120657719183387,27800,341303,4042732,32200,4,6650.0,0.15743321718931474,-25950.0,-2850.0,12.5,12.5,25.0,0.061663060651443335,0.022215146723254912,0.27211669773958425,0.05555131582182771
AC_000091.1,NC_008750.1,10000,1,DNABERT-2-only,6,14,5,83.33333333333334,13.07565574413557,83.33333333333334,22.60448925156536,92.29551522434004,0.31174511291196544,50000,332390,4051645,10000,5,10000.0,0.3225806451612903,-12000.0,8000.0,30.0,30.0,30.0,0.061663060651443335,0.022215146723254912,0.27211669773958425,0.05555131582182771
AC_000091.1,NC_008750.1,10000,1,DNABERT-S-only,6,16,5,83.33333333333334,8.9628189345952,81.66666666666667,16.152878756162405,88.55312795691303,0.24705592331973986,49000,497703,3886332,11000,5,11500.0,0.2702702702702703,-16000.0,2000.0,30.0,40.0,40.0,0.061663060651443335,0.022215146723254912,0.27211669773958425,0.05555131582182771
AC_000091.1,NC_008750.1,10000,1,SAGE-GI,6,15,5,83.33333333333334,9.632339498685875,81.66666666666667,17.23219325377218,89.4082067310451,0.25801966469235516,49000,459703,3924332,11000,5,4500.0,0.38461538461538464,-16000.0,1000.0,40.0,50.0,50.0,0.061663060651443335,0.022215146723254912,0.27211669773958425,0.05555131582182771
AC_000091.1,NC_008750.1,10000,1,SAGE-GI/no-refine,6,15,5,83.33333333333334,11.194372365124606,83.33333333333334,19.73737449496993,90.8494645069177,0.28513116329542726,50000,396653,3987382,10000,5,9500.0,0.2840909090909091,-22750.0,3250.0,0.0,10.0,40.0,0.061663060651443335,0.022215146723254912,0.27211669773958425,0.05555131582182771
AC_000091.1,NC_008750.1,20000,0,Comp-only,6,15,4,66.66666666666666,12.30030713342964,41.083333333333336,18.93230261730443,90.62611636010821,0.18701424597976266,49300,351503,4032532,70700,4,9150.0,0.46551692522096305,-2450.0,800.0,0.0,0.0,25.0,0.061663060651443335,0.022215146723254912,0.27211669773958425,0.05555131582182771
AC_000091.1,NC_008750.1,20000,0,DNABERT-2-only,6,15,6,100.0,24.76366846831327,95.83333333333334,39.35727852974897,92.13172188937253,0.4652905772317695,115000,349390,4034645,5000,6,1000.0,0.8818181818181818,500.0,1000.0,66.66666666666666,75.0,75.0,0.061663060651443335,0.022215146723254912,0.27211669773958425,0.05555131582182771
AC_000091.1,NC_008750.1,20000,0,DNABERT-S-only,6,16,6,100.0,20.07750930904686,99.16666666666667,33.39399441281993,89.46049486738002,0.4209298514076942,119000,473703,3910332,1000,6,500.0,0.725,0.0,500.0,66.66666666666666,66.66666666666666,75.0,0.061663060651443335,0.022215146723254912,0.27211669773958425,0.05555131582182771
AC_000091.1,NC_008750.1,20000,0,SAGE-GI,6,16,6,100.0,19.23378422280157,99.16666666666667,32.21863184527475,88.88323469955274,0.41059224755373375,119000,499703,3884332,1000,6,500.0,0.725,0.0,500.0,66.66666666666666,66.66666666666666,75.0,0.061663060651443335,0.022215146723254912,0.27211669773958425,0.05555131582182771
AC_000091.1,NC_008750.1,20000,0,SAGE-GI/no-refine,6,17,6,100.0,22.492844463854937,100.0,36.72515657923529,90.81927649318888,0.45134593354839786,120000,413503,3970532,0,6,4000.0,0.6228701249526694,-4200.0,3900.0,0.0,8.333333333333332,66.66666666666666,0.061663060651443335,0.022215146723254912,0.27211669773958425,0.05555131582182771
AC_000091.1,NC_008750.1,20000,1,Comp-only,6,15,5,83.33333333333334,19.586197960144826,65.5,30.155207240318973,91.91607081206075,0.32864225389150753,78600,322703,4061332,41400,5,7650.0,0.3208955223880597,-20200.0,-3600.0,0.0,10.0,20.0,0.061663060651443335,0.022215146723254912,0.27211669773958425,0.05555131582182771
AC_000091.1,NC_008750.1,20000,1,DNABERT-2-only,6,15,6,100.0,25.812768419412986,96.66666666666667,40.74535906847679,92.50916122987499,0.4785552573331109,116000,333390,4050645,4000,6,2000.0,0.6517857142857143,-10000.0,0.0,50.0,50.0,58.333333333333336,0.061663060651443335,0.022215146723254912,0.27211669773958425,0.05555131582182771
AC_000091.1,NC_008750.1,20000,1,DNABERT-S-only,6,16,6,100.0,20.212126265152776,100.0,33.62743326005354,89.48269718152723,0.4245959144282445,120000,473703,3910332,0,6,4500.0,0.6226053639846744,-11500.0,1000.0,33.33333333333333,50.0,50.0,0.061663060651443335,0.022215146723254912,0.27211669773958425,0.05555131582182771
AC_000091.1,NC_008750.1,20000,1,SAGE-GI,6,16,6,100.0,20.880350372279246,100.0,34.54713740979958,89.9045411503241,0.43260471358815883,120000,454703,3929332,0,6,1500.0,0.6226053639846744,-11500.0,0.0,50.0,58.333333333333336,58.333333333333336,0.061663060651443335,0.022215146723254912,0.27211669773958425,0.05555131582182771
AC_000091.1,NC_008750.1,20000,1,SAGE-GI/no-refine,6,16,6,100.0,23.7928593663565,100.0,38.43979287358273,91.46647395057987,0.4659067947669572,120000,384353,3999682,0,6,6750.0,0.4826400585440649,-15300.0,3300.0,0.0,8.333333333333332,50.0,0.061663060651443335,0.022215146723254912,0.27211669773958425,0.05555131582182771
AC_000091.1,NC_008750.1,40000,0,Comp-only,6,15,6,100.0,44.85482031822563,89.0,59.64789312527316,93.74998242876622,0.6058519105114852,213600,262603,4121432,26400,6,5850.0,0.7518942956877992,-3750.0,-5850.0,0.0,0.0,33.33333333333333,0.061663060651443335,0.022215146723254912,0.27211669773958425,0.05555131582182771
AC_000091.1,NC_008750.1,40000,0,DNABERT-2-only,6,14,6,100.0,48.23052972180956,98.75,64.80810511491816,94.43364939928006,0.6690405706511776,237000,254390,4129645,3000,6,500.0,0.8258771929824561,0.0,7000.0,58.333333333333336,66.66666666666666,66.66666666666666,0.061663060651443335,0.022215146723254912,0.27211669773958425,0.05555131582182771
AC_000091.1,NC_008750.1,40000,0,DNABERT-S-only,6,14,6,100.0,36.57947516269269,97.5,53.19977310524121,91.09645580104822,0.5669832233241261,234000,405703,3978332,6000,6,2500.0,0.7479674796747967,-500.0,4500.0,50.0,50.0,58.333333333333336,0.061663060651443335,0.022215146723254912,0.27211669773958425,0.05555131582182771
AC_000091.1,NC_008750.1,40000,0,SAGE-GI,6,16,6,100.0,33.780711213896865,97.5,50.176744365569746,89.9502707051309,0.5410071242502434,234000,458703,3925332,6000,6,2500.0,0.7479674796747967,-500.0,4500.0,50.0,50.0,58.333333333333336,0.061663060651443335,0.022215146723254912,0.27211669773958425,0.05555131582182771
AC_000091.1,NC_008750.1,40000,0,SAGE-GI/no-refine,6,17,6,100.0,39.20908735948035,100.0,56.33121817432869,91.95285070290342,0.5990087166166091,240000,372103,4011932,0,6,2850.0,0.7916190623729207,-3000.0,2750.0,0.0,41.66666666666667,66.66666666666666,0.061663060651443335,0.022215146723254912,0.27211669773958425,0.05555131582182771
AC_000091.1,NC_008750.1,40000,1,Comp-only,6,14,6,100.0,45.622711675963735,89.25,60.38029437507664,93.92082888645955,0.6127263578287115,214200,255303,4128732,25800,6,6350.0,0.6417381329720611,-15950.0,-4500.0,0.0,0.0,25.0,0.061663060651443335,0.022215146723254912,0.27211669773958425,0.05555131582182771
AC_000091.1,NC_008750.1,40000,1,DNABERT-2-only,6,13,6,100.0,47.71712310609923,97.5,64.07535700105423,94.32551872985391,0.6603070364650659,234000,256390,4127645,6000,6,3500.0,0.744701726844584,-10000.0,0.0,41.66666666666667,50.0,58.333333333333336,0.061663060651443335,0.022215146723254912,0.27211669773958425,0.05555131582182771
AC_000091.1,NC_008750.1,40000,1,DNABERT-S-only,6,15,6,100.0,36.745236628516466,99.16666666666667,53.621537834163,91.09645580104822,0.5741069660623563,238000,409703,3974332,2000,6,4000.0,0.787037037037037,-7500.0,1000.0,33.33333333333333,50.0,50.0,0.061663060651443335,0.022215146723254912,0.27211669773958425,0.05555131582182771
AC_000091.1,NC_008750.1,40000,1,SAGE-GI,6,15,6,100.0,36.97357321621928,99.16666666666667,53.86425077203539,91.18296033658915,0.5761832182362173,238000,405703,3978332,2000,6,4000.0,0.7559523809523809,-11500.0,1000.0,33.33333333333333,50.0,50.0,0.061663060651443335,0.022215146723254912,0.27211669773958425,0.05555131582182771
AC_000091.1,NC_008750.1,40000,1,SAGE-GI/no-refine,6,15,6,100.0,42.64369592912618,100.0,59.79050900407697,93.01901910344537,0.6285203047109287,240000,322803,4061232,0,6,4950.0,0.7174893663571489,-9750.0,3150.0,0.0,16.666666666666664,50.0,0.061663060651443335,0.022215146723254912,0.27211669773958425,0.05555131582182771
AC_000091.1,NC_008750.1,80000,0,Comp-only,6,11,6,100.0,82.29808636711962,95.3125,88.32847768040729,97.51428597861653,0.8723932601252952,457500,98406,4285629,22500,6,5350.0,0.8826212343995283,-4650.0,-5300.0,0.0,0.0,50.0,0.061663060651443335,0.022215146723254912,0.27211669773958425,0.05555131582182771
AC_000091.1,NC_008750.1,80000,0,DNABERT-2-only,6,10,6,100.0,79.47819379935947,98.75,88.07216715131132,97.36042195420058,0.872530784675796,474000,122390,4261645,6000,6,1000.0,0.9756777108433735,-500.0,1000.0,58.333333333333336,66.66666666666666,75.0,0.061663060651443335,0.022215146723254912,0.27211669773958425,0.05555131582182771
AC_000091.1,NC_008750.1,80000,0,DNABERT-S-only,6,10,6,100.0,69.65276050278757,99.16666666666667,81.82982490824229,95.65401975931506,0.8104751090821332,476000,207390,4176645,4000,6,2000.0,0.8505850585058505,-500.0,4000.0,50.0,50.0,66.66666666666666,0.061663060651443335,0.022215146723254912,0.27211669773958425,0.05555131582182771
AC_000091.1,NC_008750.1,80000,0,SAGE-GI,6,9,6,100.0,74.09828920126404,99.16666666666667,84.8190023075758,96.49694132546333,0.8401079752319481,476000,166390,4217645,4000,6,1500.0,0.8838444820091765,-500.0,1000.0,50.0,58.333333333333336,75.0,0.061663060651443335,0.022215146723254912,0.27211669773958425,0.05555131582182771
AC_000091.1,NC_008750.1,80000,0,SAGE-GI/no-refine,6,12,6,100.0,77.59582275820819,100.0,87.38473861950318,97.15071951579296,0.8668496422973044,480000,138590,4245445,0,6,2650.0,0.8904297323525272,-2800.0,2250.0,0.0,33.33333333333333,66.66666666666666,0.061663060651443335,0.022215146723254912,0.27211669773958425,0.05555131582182771
AC_000091.1,NC_008750.1,80000,1,Comp-only,6,10,6,100.0,82.41088674914424,94.39583333333333,87.9971567460279,97.45877650962626,0.8683302784444616,453100,96706,4287329,26900,6,6550.0,0.8020975482429227,-12700.0,-5050.0,0.0,0.0,25.0,0.061663060651443335,0.022215146723254912,0.27211669773958425,0.05555131582182771
AC_000091.1,NC_008750.1,80000,1,DNABERT-2-only,6,10,6,100.0,76.58518264504646,97.70833333333333,85.86676919415227,96.82588632688703,0.8490045814082522,469000,143390,4240645,11000,6,6500.0,0.8743955512572534,-6500.0,1000.0,25.0,33.33333333333333,50.0,0.061663060651443335,0.022215146723254912,0.27211669773958425,0.05555131582182771
AC_000091.1,NC_008750.1,80000,1,DNABERT-S-only,6,11,6,100.0,69.5383988710921,99.58333333333333,81.89208405074567,95.65401975931506,0.8116770802812678,478000,209390,4174645,2000,6,2000.0,0.8977140643161565,-7500.0,500.0,33.33333333333333,58.333333333333336,58.333333333333336,0.061663060651443335,0.022215146723254912,0.27211669773958425,0.05555131582182771
AC_000091.1,NC_008750.1,80000,1,SAGE-GI,6,11,6,100.0,71.51513338021215,99.58333333333333,83.24698055538624,96.04464194850571,0.8250211672939782,478000,190390,4193645,2000,6,2000.0,0.8977140643161565,-7500.0,500.0,33.33333333333333,58.333333333333336,58.333333333333336,0.061663060651443335,0.022215146723254912,0.27211669773958425,0.05555131582182771
AC_000091.1,NC_008750.1,80000,1,SAGE-GI/no-refine,6,13,6,100.0,74.17251290292673,100.0,85.17131855847543,96.56375827887751,0.844657968792673,480000,167140,4216895,0,6,2950.0,0.8700959518537443,-7200.0,2650.0,0.0,25.0,58.333333333333336,0.061663060651443335,0.022215146723254912,0.27211669773958425,0.05555131582182771
AC_000091.1,NC_009997.1,5000,0,Comp-only,6,12,1,16.666666666666664,1.3262493932409025,16.666666666666664,2.456984346552728,91.0058937004351,0.024049971683255945,5000,372003,4012032,25000,1,12650.0,0.16501650165016502,-14700.0,10600.0,0.0,0.0,0.0,0.04516258867787404,0.01917712714573131,0.2338368907228102,0.04162957100131226
AC_000091.1,NC_009997.1,5000,0,DNABERT-2-only,6,12,2,33.33333333333333,2.493827776253772,33.33333333333333,4.640478897422215,90.68901809795345,0.06979875516580646,10000,390990,3993045,20000,2,14000.0,0.1051693404634581,-7000.0,47000.0,25.0,25.0,25.0,0.04516258867787404,0.01917712714573131,0.2338368907228102,0.04162957100131226
AC_000091.1,NC_009997.1,5000,0,DNABERT-S-only,6,14,2,33.33333333333333,1.7866618545907382,33.33333333333333,3.3915377740998434,87.09337374986832,0.051344575610287574,10000,549703,3834332,20000,2,10500.0,0.12362637362637363,-2000.0,51500.0,25.0,25.0,50.0,0.04516258867787404,0.01917712714573131,0.2338368907228102,0.04162957100131226
AC_000091.1,NC_009997.1,5000,0,SAGE-GI,6,12,1,16.666666666666664,1.000594353045709,16.666666666666664,1.887850361428952,88.22612416983554,0.013957083792282277,5000,494703,3889332,25000,1,10500.0,0.19230769230769232,-4000.0,17000.0,0.0,0.0,50.0,0.04516258867787404,0.01917712714573131,0.2338368907228102,0.04162957100131226
AC_000091.1,NC_009997.1,5000,0,SAGE-GI/no-refine,6,13,2,33.33333333333333,1.5554679884687972,22.5,2.9097774990139085,89.79498350149014,0.03519874769858349,6750,427203,3956832,23250,2,11550.0,0.13003113827701535,-3000.0,14750.0,0.0,0.0,25.0,0.04516258867787404,0.01917712714573131,0.2338368907228102,0.04162957100131226
AC_000091.1,NC_009997.1,5000,1,Comp-only,6,12,1,16.666666666666664,0.9781919100734202,11.666666666666666,1.8050401879304696,91.37290483650446,0.010792043188257272,3500,354303,4029732,26500,1,19950.0,0.08064516129032258,-38400.0,-1500.0,0.0,50.0,50.0,0.04516258867787404,0.01917712714573131,0.2338368907228102,0.04162957100131226
AC_000091.1,NC_009997.1,5000,1,DNABERT-2-only,6,13,0,0.0,0.0,0.0,0.0,91.2372693012176,-0.024530948513554203,0,356790,4027245,30000,0,,,,,,,,0.04516258867787404,0.01917712714573131,0.2338368907228102,0.04162957100131226
AC_000091.1,NC_009997.1,5000,1,DNABERT-S-only,6,15,4,66.66666666666666,3.3355442862795397,58.166666666666664,6.309285134492628,88.25897393201458,0.11853298252096774,17450,505703,3878332,12550,4,18525.0,0.13196960011364445,-12500.0,18525.0,12.5,25.0,37.5,0.04516258867787404,0.01917712714573131,0.2338368907228102,0.04162957100131226
AC_000091.1,NC_009997.1,5000,1,SAGE-GI,6,14,4,66.66666666666666,4.313105586981322,66.66666666666666,8.10203705466647,89.72135472419225,0.15151691496665487,20000,443703,3940332,10000,4,12000.0,0.19969278033794163,-20000.0,5000.0,25.0,37.5,37.5,0.04516258867787404,0.01917712714573131,0.2338368907228102,0.04162957100131226
AC_000091.1,NC_009997.1,5000,1,SAGE-GI/no-refine,6,14,4,66.66666666666666,4.744361918904621,66.66666666666666,8.858317849731923,90.67626332822462,0.16075796191218408,20000,401553,3982482,10000,4,15000.0,0.1584239565008796,-24000.0,7750.0,0.0,12.5,37.5,0.04516258867787404,0.01917712714573131,0.2338368907228102,0.04162957100131226
AC_000091.1,NC_009997.1,10000,0,Comp-only,6,12,1,16.666666666666664,2.6602607587595735,16.666666666666664,4.588176727391186,90.64132033163555,0.03450815362441443,10000,365903,4018132,50000,1,12550.0,0.2849002849002849,-14700.0,10400.0,0.0,0.0,0.0,0.04516258867787404,0.01917712714573131,0.2338368907228102,0.04162957100131226
AC_000091.1,NC_009997.1,10000,0,DNABERT-2-only,6,12,2,33.33333333333333,5.298153593472675,33.33333333333333,9.143066127225765,91.05565100184855,0.10422817442384812,20000,357490,4026545,40000,2,14000.0,0.19110275689223055,-7000.0,44000.0,25.0,25.0,25.0,0.04516258867787404,0.01917712714573131,0.2338368907228102,0.04162957100131226
AC_000091.1,NC_009997.1,10000,0,DNABERT-S-only,6,14,2,33.33333333333333,3.7334119838791273,33.33333333333333,6.714755507358533,87.49553052574969,0.07645530201299436,20000,515703,3868332,40000,2,10000.0,0.21875,-1500.0,51500.0,25.0,25.0,50.0,0.04516258867787404,0.01917712714573131,0.2338368907228102,0.04162957100131226
AC_000091.1,NC_009997.1,10000,0,SAGE-GI,6,13,2,33.33333333333333,4.05924055668425,33.33333333333333,7.237159921332072,88.46311966489912,0.08289213223674224,20000,472703,3911332,40000,2,10500.0,0.2133736559139785,-2000.0,51500.0,25.0,25.0,50.0,0.04516258867787404,0.01917712714573131,0.2338368907228102,0.04162957100131226
AC_000091.1,NC_009997.1,10000,0,SAGE-GI/no-refine,6,14,2,33.33333333333333,3.9006445403062937,29.583333333333332,6.892494558812394,89.20906338496434,0.07464376766798493,17750,437303,3946732,42250,2,11900.0,0.3012930303791993,-3450.0,15100.0,0.0,25.0,25.0,0.04516258867787404,0.01917712714573131,0.2338368907228102,0.04162957100131226
AC_000091.1,NC_009997.1,10000,1,Comp-only,6,14,2,33.33333333333333,5.511114540249047,33.33333333333333,9.458433730666371,91.38388874075024,0.1075143630079189,20000,342903,4041132,40000,2,10050.0,0.30459454512172796,-21550.0,10050.0,0.0,0.0,0.0,0.04516258867787404,0.01917712714573131,0.2338368907228102,0.04162957100131226
AC_000091.1,NC_009997.1,10000,1,DNABERT-2-only,6,15,5,83.33333333333334,11.876196708596911,81.66666666666667,20.736790875812016,91.57094847362814,0.29178312298000875,49000,363590,4020445,11000,5,4500.0,0.43478260869565216,-12000.0,0.0,50.0,50.0,50.0,0.04516258867787404,0.01917712714573131,0.2338368907228102,0.04162957100131226
AC_000091.1,NC_009997.1,10000,1,DNABERT-S-only,6,15,4,66.66666666666666,7.52299686102956,66.66666666666666,13.520296500102248,88.4856217379026,0.19718271811873267,40000,491703,3892332,20000,4,15500.0,0.2487714987714988,-16000.0,13000.0,25.0,37.5,37.5,0.04516258867787404,0.01917712714573131,0.2338368907228102,0.04162957100131226
AC_000091.1,NC_009997.1,10000,1,SAGE-GI,6,15,5,83.33333333333334,9.845228981943047,81.66666666666667,17.572076893974035,89.65572953408333,0.2614098149305034,49000,448703,3935332,11000,5,7500.0,0.38461538461538464,-16000.0,2000.0,30.0,40.0,40.0,0.04516258867787404,0.01917712714573131,0.2338368907228102,0.04162957100131226
AC_000091.1,NC_009997.1,10000,1,SAGE-GI/no-refine,6,15,5,83.33333333333334,11.331367718746389,83.33333333333334,19.950005286751402,90.97097570113647,0.287152333090155,50000,391253,3992782,10000,5,11000.0,0.2976190476190476,-21950.0,9550.0,0.0,10.0,30.0,0.04516258867787404,0.01917712714573131,0.2338368907228102,0.04162957100131226
AC_000091.1,NC_009997.1,20000,0,Comp-only,6,13,3,50.0,11.349116276854945,35.75,17.228811874627258,90.84813950158025,0.1632364741189899,42900,335103,4048932,77100,3,10200.0,0.46403712296983757,-11900.0,6500.0,0.0,0.0,0.0,0.04516258867787404,0.01917712714573131,0.2338368907228102,0.04162957100131226
AC_000091.1,NC_009997.1,20000,0,DNABERT-2-only,6,14,5,83.33333333333334,21.40933262736251,77.5,33.55038871552517,91.82088949131168,0.3802966420863539,93000,341390,4042645,27000,5,2000.0,0.85,1000.0,2000.0,40.0,70.0,70.0,0.04516258867787404,0.01917712714573131,0.2338368907228102,0.04162957100131226
AC_000091.1,NC_009997.1,20000,0,DNABERT-S-only,6,16,6,100.0,19.158248772316494,97.5,32.023955013185926,88.97204395614155,0.40565203869574545,117000,493703,3890332,3000,6,500.0,0.6689024390243903,0.0,0.0,58.333333333333336,66.66666666666666,75.0,0.04516258867787404,0.01917712714573131,0.2338368907228102,0.04162957100131226
AC_000091.1,NC_009997.1,20000,0,SAGE-GI,6,16,6,100.0,19.706823108523956,97.5,32.78674742855221,89.34948329664401,0.41236936397522783,117000,476703,3907332,3000,6,500.0,0.6689024390243903,0.0,0.0,58.333333333333336,66.66666666666666,75.0,0.04516258867787404,0.01917712714573131,0.2338368907228102,0.04162957100131226
AC_000091.1,NC_009997.1,20000,0,SAGE-GI/no-refine,6,17,6,100.0,22.667041932138655,100.0,36.95702052500528,90.91030598119242,0.4533241752009345,120000,409403,3974632,0,6,3200.0,0.6456138923909065,-3250.0,3200.0,0.0,25.0,66.66666666666666,0.04516258867787404,0.01917712714573131,0.2338368907228102,0.04162957100131226
AC_000091.1,NC_009997.1,20000,1,Comp-only,6,15,5,83.33333333333334,17.131849249878808,56.25,26.264438145302655,91.5852563312674,0.2781614419067806,67500,326503,4057532,52500,5,11050.0,0.3721590909090909,-20000.0,-5800.0,0.0,0.0,20.0,0.04516258867787404,0.01917712714573131,0.2338368907228102,0.04162957100131226
AC_000091.1,NC_009997.1,20000,1,DNABERT-2-only,6,14,5,83.33333333333334,22.655701307233965,83.33333333333334,35.62585724719001,91.9763056903421,0.4091896654557573,100000,341390,4042645,20000,5,4500.0,0.625,-12000.0,0.0,50.0,50.0,50.0,0.04516258867787404,0.01917712714573131,0.2338368907228102,0.04162957100131226
AC_000091.1,NC_009997.1,20000,1,DNABERT-S-only,6,16,6,100.0,21.29933077144744,99.16666666666667,35.0668849261017,90.21537354838495,0.4354652312684405,119000,439703,3944332,1000,6,4500.0,0.6226053639846744,-11500.0,1000.0,33.33333333333333,50.0,50.0,0.04516258867787404,0.01917712714573131,0.2338368907228102,0.04162957100131226
AC_000091.1,NC_009997.1,20000,1,SAGE-GI,6,16,6,100.0,22.172411929875555,99.16666666666667,36.24164957370379,90.70382445962343,0.44556144255427355,119000,417703,3966332,1000,6,4500.0,0.6226053639846744,-11500.0,1000.0,33.33333333333333,50.0,50.0,0.04516258867787404,0.01917712714573131,0.2338368907228102,0.04162957100131226
AC_000091.1,NC_009997.1,20000,1,SAGE-GI/no-refine,6,16,6,100.0,23.88283083193851,100.0,38.55712800805844,91.50865834745956,0.46689772230672566,120000,382453,4001582,0,6,9000.0,0.49463937621832355,-15450.0,5600.0,0.0,8.333333333333332,41.66666666666667,0.04516258867787404,0.01917712714573131,0.2338368907228102,0.04162957100131226
AC_000091.1,NC_009997.1,40000,0,Comp-only,6,15,6,100.0,45.69479822680664,90.66666666666666,60.76489486919212,93.92299149984808,0.6186820634812805,217600,258603,4125432,22400,6,6350.0,0.7449086948461253,-6450.0,-4550.0,0.0,8.333333333333332,41.66666666666667,0.04516258867787404,0.01917712714573131,0.2338368907228102,0.04162957100131226
AC_000091.1,NC_009997.1,40000,0,DNABERT-2-only,6,14,6,100.0,46.11645443403478,92.5,61.547845132314,94.00112672157542,0.6289112925455681,222000,259390,4124645,18000,6,2000.0,0.825,0.0,-1000.0,41.66666666666667,66.66666666666666,66.66666666666666,0.04516258867787404,0.01917712714573131,0.2338368907228102,0.04162957100131226
AC_000091.1,NC_009997.1,40000,0,DNABERT-S-only,6,15,6,100.0,36.076840638893565,99.16666666666667,52.90634798372352,90.83694219442543,0.5679856543684769,238000,421703,3962332,2000,6,2500.0,0.744535519125683,-500.0,8000.0,50.0,50.0,58.333333333333336,0.04516258867787404,0.01917712714573131,0.2338368907228102,0.04162957100131226
AC_000091.1,NC_009997.1,40000,0,SAGE-GI,6,16,6,100.0,34.210000531836144,99.16666666666667,50.8708425643607,90.05840137455708,0.550528332678423,238000,457703,3926332,2000,6,2500.0,0.744535519125683,-500.0,8000.0,50.0,50.0,58.333333333333336,0.04516258867787404,0.01917712714573131,0.2338368907228102,0.04162957100131226
AC_000091.1,NC_009997.1,40000,0,SAGE-GI/no-refine,6,17,6,100.0,39.14513548294495,100.0,56.26518720482755,91.93122456901818,0.5984454143407226,240000,373103,4010932,0,6,2900.0,0.7964601769911505,-2700.0,3200.0,0.0,41.66666666666667,66.66666666666666,0.04516258867787404,0.01917712714573131,0.2338368907228102,0.04162957100131226
AC_000091.1,NC_009997.1,40000,1,Comp-only,6,14,6,100.0,47.06502503859332,88.54166666666666,61.46032627479563,94.23657044118394,0.6209565678484021,212500,239003,4145032,27500,6,6350.0,0.6274029436059172,-16550.0,-6000.0,0.0,0.0,16.666666666666664,0.04516258867787404,0.01917712714573131,0.2338368907228102,0.04162957100131226
AC_000091.1,NC_009997.1,40000,1,DNABERT-2-only,6,13,6,100.0,48.14013228422905,99.16666666666667,64.81569738150029,94.41202326539482,0.6699134827999902,238000,256390,4127645,2000,6,3000.0,0.78125,-10000.0,500.0,41.66666666666667,50.0,58.333333333333336,0.04516258867787404,0.01917712714573131,0.2338368907228102,0.04162957100131226
AC_000091.1,NC_009997.1,40000,1,DNABERT-S-only,6,15,6,100.0,37.735669562377225,99.16666666666667,54.66846904168242,91.46410007709717,0.5830594035269805,238000,392703,3991332,2000,6,2000.0,0.8042553191489361,-7500.0,2000.0,16.666666666666664,58.333333333333336,58.333333333333336,0.04516258867787404,0.01917712714573131,0.2338368907228102,0.04162957100131226
AC_000091.1,NC_009997.1,40000,1,SAGE-GI,6,16,6,100.0,36.85905129757799,99.16666666666667,53.742620268871164,91.13970806881868,0.5751428135458809,238000,407703,3976332,2000,6,2000.0,0.7613981762917933,-11500.0,2000.0,16.666666666666664,58.333333333333336,58.333333333333336,0.04516258867787404,0.01917712714573131,0.2338368907228102,0.04162957100131226
AC_000091.1,NC_009997.1,40000,1,SAGE-GI/no-refine,6,16,6,100.0,41.03946115187508,100.0,58.19571461306518,92.54324415797026,0.6149123530677366,240000,344803,4039232,0,6,4500.0,0.7233864427177354,-9950.0,3000.0,0.0,25.0,58.333333333333336,0.04516258867787404,0.01917712714573131,0.2338368907228102,0.04162957100131226
AC_000091.1,NC_009997.1,80000,0,Comp-only,6,10,6,100.0,84.01236094855882,94.8125,89.0862929257536,97.70754116695295,0.8801122277676265,455100,86606,4297429,24900,6,5350.0,0.8761713003508893,-4500.0,-5350.0,0.0,0.0,50.0,0.04516258867787404,0.01917712714573131,0.2338368907228102,0.04162957100131226
AC_000091.1,NC_009997.1,80000,0,DNABERT-2-only,6,9,6,100.0,80.04894712690562,98.125,88.17005026254458,97.40154007937855,0.872947141062584,471000,117390,4266645,9000,6,2000.0,0.9625,500.0,1000.0,41.66666666666667,66.66666666666666,75.0,0.04516258867787404,0.01917712714573131,0.2338368907228102,0.04162957100131226
AC_000091.1,NC_009997.1,80000,0,DNABERT-S-only,6,10,6,100.0,70.19446357654714,99.79166666666667,82.41640069167835,95.79793319743793,0.8171224825954778,479000,203390,4180645,1000,6,1000.0,0.8467023172905526,-500.0,4500.0,58.333333333333336,58.333333333333336,66.66666666666666,0.04516258867787404,0.01917712714573131,0.2338368907228102,0.04162957100131226
AC_000091.1,NC_009997.1,80000,0,SAGE-GI,6,9,6,100.0,74.99333218280802,99.58333333333333,85.55652010488728,96.68197288876416,0.8479913456450169,478000,159390,4224645,2000,6,1000.0,0.9421997755331089,0.0,4500.0,66.66666666666666,66.66666666666666,75.0,0.04516258867787404,0.01917712714573131,0.2338368907228102,0.04162957100131226
AC_000091.1,NC_009997.1,80000,0,SAGE-GI/no-refine,6,12,6,100.0,77.47058538711083,100.0,87.30526832728562,97.13016045320397,0.8660478096072233,480000,139590,4244445,0,6,2200.0,0.9422850412249706,-2100.0,3050.0,8.333333333333332,58.333333333333336,75.0,0.04516258867787404,0.01917712714573131,0.2338368907228102,0.04162957100131226
AC_000091.1,NC_009997.1,80000,1,Comp-only,6,11,6,100.0,79.93268090257975,95.1875,86.89566244391911,97.16683782086271,0.85730009967224,456900,114706,4269329,23100,6,5850.0,0.8010577164293173,-12600.0,-4550.0,0.0,8.333333333333332,33.33333333333333,0.04516258867787404,0.01917712714573131,0.2338368907228102,0.04162957100131226
AC_000091.1,NC_009997.1,80000,1,DNABERT-2-only,6,10,6,100.0,76.02926409410415,99.375,86.14851136455991,96.84644538947602,0.8536863190402669,477000,150390,4233645,3000,6,2000.0,0.9039836567926456,-6500.0,1000.0,41.66666666666667,58.333333333333336,66.66666666666666,0.04516258867787404,0.01917712714573131,0.2338368907228102,0.04162957100131226
AC_000091.1,NC_009997.1,80000,1,DNABERT-S-only,6,12,6,100.0,68.82805890534708,100.0,81.53627939765073,95.53066538378117,0.808796018175952,480000,217390,4166645,0,6,4000.0,0.874970117140808,-7500.0,1000.0,33.33333333333333,50.0,50.0,0.04516258867787404,0.01917712714573131,0.2338368907228102,0.04162957100131226
AC_000091.1,NC_009997.1,80000,1,SAGE-GI,6,12,6,100.0,70.75575996108434,100.0,82.87364359153653,95.92128757297182,0.8219115611295084,480000,198390,4185645,0,6,4000.0,0.874970117140808,-7500.0,2000.0,25.0,50.0,50.0,0.04516258867787404,0.01917712714573131,0.2338368907228102,0.04162957100131226
AC_000091.1,NC_009997.1,80000,1,SAGE-GI/no-refine,6,14,6,100.0,72.64582135181766,100.0,84.15589880253171,96.28415502766737,0.8345709208847024,480000,180740,4203295,0,6,2900.0,0.875290287054993,-6600.0,2700.0,0.0,25.0,66.66666666666666,0.04516258867787404,0.01917712714573131,0.2338368907228102,0.04162957100131226
AC_000091.1,NC_008321.1,5000,0,Comp-only,6,12,1,16.666666666666664,1.3329672116725273,16.666666666666664,2.468508009074235,91.04893821639385,0.024232826293625144,5000,370103,4013932,25000,1,12650.0,0.16501650165016502,-14700.0,10600.0,0.0,0.0,0.0,0.029051115319643883,0.017732542052930355,0.21356042500207617,0.035721773310569915
AC_000091.1,NC_008321.1,5000,0,DNABERT-2-only,6,13,1,16.666666666666664,1.1921707760793316,16.666666666666664,2.2251742867760114,90.04532134430289,0.020212813940516692,5000,414403,3969632,25000,1,14000.0,0.15151515151515152,-14000.0,14000.0,0.0,0.0,0.0,0.029051115319643883,0.017732542052930355,0.21356042500207617,0.035721773310569915
AC_000091.1,NC_008321.1,5000,0,DNABERT-S-only,6,14,2,33.33333333333333,1.7866618545907382,33.33333333333333,3.3915377740998434,87.09337374986832,0.051344575610287574,10000,549703,3834332,20000,2,10500.0,0.12362637362637363,-2000.0,51500.0,25.0,25.0,50.0,0.029051115319643883,0.017732542052930355,0.21356042500207617,0.035721773310569915
AC_000091.1,NC_008321.1,5000,0,SAGE-GI,6,12,2,33.33333333333333,2.1705958068430204,33.33333333333333,4.075785149061653,89.33621958140341,0.06194821536593387,10000,450703,3933332,20000,2,10500.0,0.12362637362637363,-2000.0,51500.0,25.0,25.0,50.0,0.029051115319643883,0.017732542052930355,0.21356042500207617,0.035721773310569915
AC_000091.1,NC_008321.1,5000,0,SAGE-GI/no-refine,6,13,2,33.33333333333333,1.6279762523293915,23.5,3.0450078068817175,89.82896601408915,0.03806897778055469,7050,426003,3958032,22950,2,12000.0,0.1357913516268796,-3150.0,15150.0,0.0,0.0,25.0,0.029051115319643883,0.017732542052930355,0.21356042500207617,0.035721773310569915
AC_000091.1,NC_008321.1,5000,1,Comp-only,6,14,2,33.33333333333333,2.7601206724758005,33.33333333333333,5.098100192963092,91.5654724078989,0.07572081742644478,10000,352303,4031732,20000,2,11050.0,0.22155275214962655,-19250.0,11050.0,25.0,25.0,25.0,0.029051115319643883,0.017732542052930355,0.21356042500207617,0.035721773310569915
AC_000091.1,NC_008321.1,5000,1,DNABERT-2-only,6,14,3,50.0,2.95045412519715,36.16666666666667,5.455825413586765,91.48081064151054,0.08332195086306322,10850,356890,4027145,19150,3,8000.0,0.1388888888888889,-12000.0,2000.0,0.0,33.33333333333333,50.0,0.029051115319643883,0.017732542052930355,0.21356042500207617,0.035721773310569915
AC_000091.1,NC_008321.1,5000,1,DNABERT-S-only,6,15,4,66.66666666666666,3.273819182098795,57.166666666666664,6.192979003453986,88.22952242109544,0.11586603622242085,17150,506703,3877332,12850,4,18425.0,0.12432665373841845,-12500.0,18425.0,12.5,25.0,37.5,0.029051115319643883,0.017732542052930355,0.21356042500207617,0.035721773310569915
AC_000091.1,NC_008321.1,5000,1,SAGE-GI,6,14,4,66.66666666666666,4.558892918443685,66.66666666666666,8.534189028019876,90.28772993417587,0.1568496978333699,20000,418703,3965332,10000,4,12000.0,0.19969278033794163,-20000.0,5000.0,25.0,37.5,37.5,0.029051115319643883,0.017732542052930355,0.21356042500207617,0.035721773310569915
AC_000091.1,NC_008321.1,5000,1,SAGE-GI/no-refine,6,14,4,66.66666666666666,4.749995843753637,66.66666666666666,8.868137447262296,90.6875908324243,0.16087521119043072,20000,401053,3982982,10000,4,14950.0,0.16016292612037292,-24150.0,7350.0,0.0,12.5,37.5,0.029051115319643883,0.017732542052930355,0.21356042500207617,0.035721773310569915
AC_000091.1,NC_008321.1,10000,0,Comp-only,6,12,1,16.666666666666664,2.6744904427084033,16.666666666666664,4.609325125661727,90.6863244776425,0.03478148418155232,10000,363903,4020132,50000,1,12550.0,0.2849002849002849,-14700.0,10400.0,0.0,0.0,0.0,0.029051115319643883,0.017732542052930355,0.21356042500207617,0.035721773310569915
AC_000091.1,NC_008321.1,10000,0,DNABERT-2-only,6,12,1,16.666666666666664,2.527869764149751,16.666666666666664,4.389911982264755,90.19832202041613,0.03190030096299658,10000,385590,3998445,50000,1,11000.0,0.3125,-8000.0,14000.0,0.0,0.0,0.0,0.029051115319643883,0.017732542052930355,0.21356042500207617,0.035721773310569915
AC_000091.1,NC_008321.1,10000,0,DNABERT-S-only,6,15,2,33.33333333333333,3.599044813506495,33.33333333333333,6.496638801500073,87.04548906568017,0.07366795776772536,20000,535703,3848332,40000,2,10500.0,0.2133736559139785,-2000.0,51500.0,25.0,25.0,50.0,0.029051115319643883,0.017732542052930355,0.21356042500207617,0.035721773310569915
AC_000091.1,NC_008321.1,10000,0,SAGE-GI,6,13,2,33.33333333333333,4.134768649357147,33.33333333333333,7.356957750830877,88.6656383219304,0.08432535054157765,20000,463703,3920332,40000,2,10500.0,0.2133736559139785,-2000.0,51500.0,25.0,25.0,50.0,0.029051115319643883,0.017732542052930355,0.21356042500207617,0.035721773310569915
AC_000091.1,NC_008321.1,10000,0,SAGE-GI/no-refine,6,14,2,33.33333333333333,3.8702783175363566,28.249999999999996,6.807871425616474,89.55784551651821,0.07220142083763662,16950,421003,3963032,43050,2,11850.0,0.28621900838622605,-3100.0,14950.0,0.0,0.0,25.0,0.029051115319643883,0.017732542052930355,0.21356042500207617,0.035721773310569915
AC_000091.1,NC_008321.1,10000,1,Comp-only,6,14,4,66.66666666666666,7.222756747680589,45.166666666666664,12.45395826775091,91.42664267945685,0.15452399420398935,27100,348103,4035932,32900,4,9800.0,0.14225667849803847,-26550.0,300.0,0.0,0.0,0.0,0.029051115319643883,0.017732542052930355,0.21356042500207617,0.035721773310569915
AC_000091.1,NC_008321.1,10000,1,DNABERT-2-only,6,14,4,66.66666666666666,9.888688861279444,65.0,17.165870727788903,91.53044474222187,0.23088949401700581,39000,355390,4028645,21000,4,8000.0,0.46739130434782605,-10000.0,4500.0,37.5,37.5,37.5,0.029051115319643883,0.017732542052930355,0.21356042500207617,0.035721773310569915
AC_000091.1,NC_008321.1,10000,1,DNABERT-S-only,6,16,5,83.33333333333334,9.368506453964095,83.33333333333334,16.84343855429398,88.89065905196516,0.25668151359953933,50000,483703,3900332,10000,5,4500.0,0.2702702702702703,-7000.0,2000.0,40.0,50.0,50.0,0.029051115319643883,0.017732542052930355,0.21356042500207617,0.035721773310569915
AC_000091.1,NC_008321.1,10000,1,SAGE-GI,6,15,5,83.33333333333334,10.315595323321704,83.33333333333334,18.358628463584743,89.99326062913546,0.2718096306188211,50000,434703,3949332,10000,5,4500.0,0.38461538461538464,-16000.0,1000.0,40.0,50.0,50.0,0.029051115319643883,0.017732542052930355,0.21356042500207617,0.035721773310569915
AC_000091.1,NC_008321.1,10000,1,SAGE-GI/no-refine,6,15,5,83.33333333333334,11.249783441668749,83.33333333333334,19.823452333517693,90.89896906752534,0.2859503915321985,50000,394453,3989582,10000,5,10150.0,0.3003003003003003,-20550.0,3750.0,0.0,0.0,40.0,0.029051115319643883,0.017732542052930355,0.21356042500207617,0.035721773310569915
AC_000091.1,NC_008321.1,20000,0,Comp-only,6,13,3,50.0,14.352462149281205,46.0,21.8785857396805,91.2477811562299,0.22177309046165125,55200,329403,4054632,64800,3,9200.0,0.44742729306487694,-14200.0,8200.0,0.0,0.0,33.33333333333333,0.029051115319643883,0.017732542052930355,0.21356042500207617,0.035721773310569915
AC_000091.1,NC_008321.1,20000,0,DNABERT-2-only,6,15,6,100.0,26.103197641711112,96.66666666666667,41.10632718510251,92.62017280061102,0.4815593646979617,116000,328390,4055645,4000,6,1000.0,0.95,0.0,0.0,75.0,75.0,75.0,0.029051115319643883,0.017732542052930355,0.21356042500207617,0.035721773310569915
AC_000091.1,NC_008321.1,20000,0,DNABERT-S-only,6,16,6,100.0,20.250453490028367,98.33333333333333,33.58460117574565,89.63811338055766,0.42097117316078986,118000,464703,3919332,2000,6,1500.0,0.6010452961672474,-500.0,4000.0,50.0,58.333333333333336,66.66666666666666,0.029051115319643883,0.017732542052930355,0.21356042500207617,0.035721773310569915
AC_000091.1,NC_008321.1,20000,0,SAGE-GI,6,16,6,100.0,19.10303171588935,98.33333333333333,31.991194288216263,88.86103238540554,0.4069705004722491,118000,499703,3884332,2000,6,1500.0,0.6010452961672474,-500.0,4000.0,50.0,58.333333333333336,66.66666666666666,0.029051115319643883,0.017732542052930355,0.21356042500207617,0.035721773310569915
AC_000091.1,NC_008321.1,20000,0,SAGE-GI/no-refine,6,17,6,100.0,22.06681463691815,100.0,36.15530511311338,90.59059265747268,0.4464708729453386,120000,423803,3960232,0,6,3250.0,0.6377500495147554,-3550.0,3200.0,8.333333333333332,16.666666666666664,66.66666666666666,0.029051115319643883,0.017732542052930355,0.21356042500207617,0.035721773310569915
AC_000091.1,NC_008321.1,20000,1,Comp-only,6,15,5,83.33333333333334,20.163947061558467,67.58333333333333,31.060717766845457,92.00710030006427,0.34028099102950726,81100,321103,4062932,38900,5,6800.0,0.375,-19600.0,-4100.0,0.0,10.0,20.0,0.029051115319643883,0.017732542052930355,0.21356042500207617,0.035721773310569915
AC_000091.1,NC_008321.1,20000,1,DNABERT-2-only,6,15,6,100.0,26.413100898045432,95.83333333333334,41.41234087758152,92.77558899964143,0.48242582430988523,115000,320390,4063645,5000,6,2000.0,0.6205357142857143,-10000.0,-1000.0,41.66666666666667,58.333333333333336,58.333333333333336,0.029051115319643883,0.017732542052930355,0.21356042500207617,0.035721773310569915
AC_000091.1,NC_008321.1,20000,1,DNABERT-S-only,6,16,6,100.0,21.07302422689449,99.16666666666667,34.75959649658319,90.08215966350173,0.4328098148847445,119000,445703,3938332,1000,6,4500.0,0.6226053639846744,-11500.0,1000.0,41.66666666666667,50.0,50.0,0.029051115319643883,0.017732542052930355,0.21356042500207617,0.035721773310569915
AC_000091.1,NC_008321.1,20000,1,SAGE-GI,6,16,6,100.0,21.07302422689449,99.16666666666667,34.75959649658319,90.08215966350173,0.4328098148847445,119000,445703,3938332,1000,6,3500.0,0.6226053639846744,-11500.0,1000.0,41.66666666666667,50.0,58.333333333333336,0.029051115319643883,0.017732542052930355,0.21356042500207617,0.035721773310569915
AC_000091.1,NC_008321.1,20000,1,SAGE-GI/no-refine,6,16,6,100.0,23.624232950686384,100.0,38.219420880225115,91.38654561964994,0.46404387805056657,120000,387953,3996082,0,6,5850.0,0.49531524497364826,-15250.0,3250.0,0.0,0.0,50.0,0.029051115319643883,0.017732542052930355,0.21356042500207617,0.035721773310569915
AC_000091.1,NC_008321.1,40000,0,Comp-only,6,15,6,100.0,45.87610709065329,90.625,60.91558220592827,93.96408115423002,0.6199227579143769,217500,256603,4127432,22500,6,5500.0,0.7709762326015148,-4400.0,-4850.0,0.0,16.666666666666664,41.66666666666667,0.029051115319643883,0.017732542052930355,0.21356042500207617,0.035721773310569915
AC_000091.1,NC_008321.1,40000,0,DNABERT-2-only,6,14,6,100.0,47.17855744864954,95.41666666666667,63.13844966156137,94.21738806042774,0.6482207808917052,229000,256390,4127645,11000,6,1000.0,0.925,500.0,0.0,58.333333333333336,58.333333333333336,75.0,0.029051115319643883,0.017732542052930355,0.21356042500207617,0.035721773310569915
AC_000091.1,NC_008321.1,40000,0,DNABERT-S-only,6,13,6,100.0,38.268015560164294,98.33333333333333,55.09493955314736,91.68036141594949,0.5849580581407768,236000,380703,4003332,4000,6,1000.0,0.8100806451612903,-500.0,0.0,58.333333333333336,66.66666666666666,75.0,0.029051115319643883,0.017732542052930355,0.21356042500207617,0.035721773310569915
AC_000091.1,NC_008321.1,40000,0,SAGE-GI,6,16,6,100.0,36.212814733091605,98.33333333333333,52.93242256670663,90.92344672996636,0.5664452844823211,236000,415703,3968332,4000,6,1000.0,0.8100806451612903,-500.0,0.0,58.333333333333336,66.66666666666666,75.0,0.029051115319643883,0.017732542052930355,0.21356042500207617,0.035721773310569915
AC_000091.1,NC_008321.1,40000,0,SAGE-GI/no-refine,6,17,6,100.0,40.492455749338205,100.0,57.64360162026557,92.37239770027692,0.610202994755271,240000,352703,4031332,0,6,2750.0,0.8025368460940149,-2600.0,3000.0,0.0,41.66666666666667,66.66666666666666,0.029051115319643883,0.017732542052930355,0.21356042500207617,0.035721773310569915
AC_000091.1,NC_008321.1,40000,1,Comp-only,6,14,6,100.0,45.75117118886805,83.45833333333333,59.102718636535975,94.00517080861196,0.5913080320730769,200300,237503,4146532,39700,6,8550.0,0.591171412980025,-16150.0,-6800.0,0.0,0.0,16.666666666666664,0.029051115319643883,0.017732542052930355,0.21356042500207617,0.035721773310569915
AC_000091.1,NC_008321.1,40000,1,DNABERT-2-only,6,13,6,100.0,48.03502300411439,98.75,64.63136939418317,94.3903971315096,0.6675170188528282,237000,256390,4127645,3000,6,2000.0,0.8012820512820513,-10000.0,0.0,41.66666666666667,58.333333333333336,58.333333333333336,0.029051115319643883,0.017732542052930355,0.21356042500207617,0.035721773310569915
AC_000091.1,NC_008321.1,40000,1,DNABERT-S-only,6,15,6,100.0,37.106448537113494,98.75,53.94314119787915,91.24783873824485,0.5759788907727919,237000,401703,3982332,3000,6,4000.0,0.787037037037037,-7500.0,1000.0,25.0,50.0,50.0,0.029051115319643883,0.017732542052930355,0.21356042500207617,0.035721773310569915
AC_000091.1,NC_008321.1,40000,1,SAGE-GI,6,15,6,100.0,38.30594000675607,98.75,55.199527659738,91.68036141594949,0.5867240014348827,237000,381703,4002332,3000,6,4000.0,0.7559523809523809,-11500.0,1000.0,25.0,50.0,50.0,0.029051115319643883,0.017732542052930355,0.21356042500207617,0.035721773310569915
AC_000091.1,NC_008321.1,40000,1,SAGE-GI/no-refine,6,15,6,100.0,42.79577677009574,100.0,59.93983539022706,93.06227137121583,0.6297950754918434,240000,320803,4063232,0,6,4900.0,0.7181421134909507,-10050.0,3050.0,8.333333333333332,25.0,50.0,0.029051115319643883,0.017732542052930355,0.21356042500207617,0.035721773310569915
AC_000091.1,NC_008321.1,80000,0,Comp-only,6,11,6,100.0,82.0219940458108,95.625,88.30268390140111,97.49989463480424,0.8723298674357753,459000,100606,4283429,21000,6,4750.0,0.8954527390662994,-4500.0,-4150.0,0.0,8.333333333333332,58.333333333333336,0.029051115319643883,0.017732542052930355,0.21356042500207617,0.035721773310569915
AC_000091.1,NC_008321.1,80000,0,DNABERT-2-only,6,10,6,100.0,79.02089511304617,96.04166666666667,86.70384336884868,97.0931541405438,0.8559967555733569,461000,122390,4261645,19000,6,2000.0,0.900609756097561,-1500.0,-1000.0,33.33333333333333,58.333333333333336,66.66666666666666,0.029051115319643883,0.017732542052930355,0.21356042500207617,0.035721773310569915
AC_000091.1,NC_008321.1,80000,0,DNABERT-S-only,6,11,6,100.0,67.58825629353905,99.79166666666667,80.59204023208487,95.25696258353405,0.7992708140198572,479000,229703,4154332,1000,6,3000.0,0.8467023172905526,-500.0,8000.0,50.0,50.0,58.333333333333336,0.029051115319643883,0.017732542052930355,0.21356042500207617,0.035721773310569915
AC_000091.1,NC_008321.1,80000,0,SAGE-GI,6,11,6,100.0,69.58264937026975,99.79166666666667,81.99317008875461,95.67457882190403,0.8129669659667823,479000,209390,4174645,1000,6,3000.0,0.8467023172905526,-500.0,8000.0,50.0,50.0,58.333333333333336,0.029051115319643883,0.017732542052930355,0.21356042500207617,0.035721773310569915
AC_000091.1,NC_008321.1,80000,0,SAGE-GI/no-refine,6,13,6,100.0,75.25988177926904,100.0,85.88375276214674,96.7559855140845,0.8517695189241192,480000,157790,4226245,0,6,2050.0,0.9047915957407471,-1950.0,2150.0,8.333333333333332,66.66666666666666,66.66666666666666,0.029051115319643883,0.017732542052930355,0.21356042500207617,0.035721773310569915
AC_000091.1,NC_008321.1,80000,1,Comp-only,6,11,6,100.0,79.71364419833418,94.22916666666666,86.36574547023791,97.06404250791782,0.851058181889493,452300,115106,4268929,27700,6,6450.0,0.8046205688838772,-11550.0,-5100.0,0.0,0.0,16.666666666666664,0.029051115319643883,0.017732542052930355,0.21356042500207617,0.035721773310569915
AC_000091.1,NC_008321.1,80000,1,DNABERT-2-only,6,11,6,100.0,74.47604194847149,97.5,84.44681023827353,96.45582320028537,0.8344074025030523,468000,160390,4223645,12000,6,4000.0,0.8722826086956521,-6500.0,1000.0,25.0,33.33333333333333,58.333333333333336,0.029051115319643883,0.017732542052930355,0.21356042500207617,0.035721773310569915
AC_000091.1,NC_008321.1,80000,1,DNABERT-S-only,6,11,6,100.0,69.63970920322265,99.58333333333333,81.96229391541422,95.67457882190403,0.8123663119792525,478000,208390,4175645,2000,6,2000.0,0.8977140643161565,-4500.0,1000.0,33.33333333333333,58.333333333333336,58.333333333333336,0.029051115319643883,0.017732542052930355,0.21356042500207617,0.035721773310569915
AC_000091.1,NC_008321.1,80000,1,SAGE-GI,6,11,6,100.0,71.51513338021215,99.58333333333333,83.24698055538624,96.04464194850571,0.8250211672939782,478000,190390,4193645,2000,6,2000.0,0.8977140643161565,-4500.0,1000.0,33.33333333333333,58.333333333333336,58.333333333333336,0.029051115319643883,0.017732542052930355,0.21356042500207617,0.035721773310569915
AC_000091.1,NC_008321.1,80000,1,SAGE-GI/no-refine,6,13,6,100.0,74.43706966069102,100.0,85.34547135592618,96.61104412283218,0.8463937087394855,480000,164840,4219195,0,6,3000.0,0.8773448773448773,-6550.0,2550.0,0.0,33.33333333333333,66.66666666666666,0.029051115319643883,0.017732542052930355,0.21356042500207617,0.035721773310569915
AC_000091.1,NC_010102.1,5000,0,Comp-only,6,12,1,16.666666666666664,1.3047914551817184,16.666666666666664,2.4201179565492024,90.86543264835916,0.023460289360402904,5000,378203,4005832,25000,1,2800.0,0.4716981132075472,-5000.0,600.0,50.0,50.0,100.0,0.013101757501225886,0.008394633800609484,0.08896637737726779,0.007732990840495946
AC_000091.1,NC_010102.1,5000,0,DNABERT-2-only,6,13,1,16.666666666666664,1.2091810700285124,16.666666666666664,2.2547761796425276,90.17898589385902,0.020720958332098534,5000,408503,3975532,25000,1,14000.0,0.15151515151515152,-14000.0,14000.0,0.0,0.0,0.0,0.013101757501225886,0.008394633800609484,0.08896637737726779,0.007732990840495946
AC_000091.1,NC_010102.1,5000,0,DNABERT-S-only,6,14,1,16.666666666666664,0.8917376935739598,16.666666666666664,1.6928981230838507,86.84416865747554,0.009846940582664164,5000,555703,3828332,25000,1,17500.0,0.125,-17000.0,18000.0,0.0,0.0,0.0,0.013101757501225886,0.008394633800609484,0.08896637737726779,0.007732990840495946
AC_000091.1,NC_010102.1,5000,0,SAGE-GI,6,13,1,16.666666666666664,0.9830850388220282,16.666666666666664,1.8566550873277723,88.02449459508136,0.013327798732583525,5000,503603,3880432,25000,1,11500.0,0.17857142857142858,-6000.0,17000.0,0.0,0.0,0.0,0.013101757501225886,0.008394633800609484,0.08896637737726779,0.007732990840495946
AC_000091.1,NC_010102.1,5000,0,SAGE-GI/no-refine,6,13,1,16.666666666666664,1.0343336719052219,16.666666666666664,1.9477876054483516,88.59540080674485,0.015139185277781525,5000,478403,3905632,25000,1,4600.0,0.352112676056338,-1450.0,7750.0,0.0,50.0,50.0,0.013101757501225886,0.008394633800609484,0.08896637737726779,0.007732990840495946
AC_000091.1,NC_010102.1,5000,1,Comp-only,6,12,1,16.666666666666664,0.45108160912087014,5.333333333333334,0.8318105135650098,91.35704633062493,-0.008223561280788024,1600,353103,4030932,28400,1,20650.0,0.037296037296037296,-37900.0,-3400.0,0.0,0.0,50.0,0.013101757501225886,0.008394633800609484,0.08896637737726779,0.007732990840495946
AC_000091.1,NC_010102.1,5000,1,DNABERT-2-only,6,13,0,0.0,0.0,0.0,0.0,90.70458208872381,-0.02540007368309019,0,380303,4003732,30000,0,,,,,,,,0.013101757501225886,0.008394633800609484,0.08896637737726779,0.007732990840495946
AC_000091.1,NC_010102.1,5000,1,DNABERT-S-only,6,14,2,33.33333333333333,1.9131323141439787,33.33333333333333,3.618579960666036,87.93160906064405,0.0550236417114062,10000,512703,3871332,20000,2,24000.0,0.1153673835125448,-33500.0,13000.0,0.0,25.0,25.0,0.013101757501225886,0.008394633800609484,0.08896637737726779,0.007732990840495946
AC_000091.1,NC_010102.1,5000,1,SAGE-GI,6,13,1,16.666666666666664,1.0401432901396497,16.666666666666664,1.958085227617617,88.65656932942308,0.015338861793652559,5000,475703,3908332,25000,1,33500.0,0.06944444444444445,-43000.0,24000.0,0.0,0.0,0.0,0.013101757501225886,0.008394633800609484,0.08896637737726779,0.007732990840495946
AC_000091.1,NC_010102.1,5000,1,SAGE-GI/no-refine,6,14,2,33.33333333333333,2.2690090597459176,32.5,4.241869206857471,90.0271973375834,0.06352819629103751,9750,419953,3964082,20250,2,22000.0,0.12180771372317159,-29550.0,9200.0,25.0,25.0,25.0,0.013101757501225886,0.008394633800609484,0.08896637737726779,0.007732990840495946
AC_000091.1,NC_010102.1,10000,0,Comp-only,6,12,1,16.666666666666664,2.360552317361992,15.166666666666668,4.085269908395679,90.38479669939593,0.026983580616090807,9100,376403,4007632,50900,1,2150.0,0.6791044776119403,-3400.0,-900.0,50.0,50.0,100.0,0.013101757501225886,0.008394633800609484,0.08896637737726779,0.007732990840495946
AC_000091.1,NC_010102.1,10000,0,DNABERT-2-only,6,13,1,16.666666666666664,2.388898311765563,16.666666666666664,4.1788287996523215,89.68048181438715,0.029025573022363634,10000,408603,3975432,50000,1,14000.0,0.2631578947368421,-14000.0,14000.0,0.0,0.0,0.0,0.013101757501225886,0.008394633800609484,0.08896637737726779,0.007732990840495946
AC_000091.1,NC_010102.1,10000,0,DNABERT-S-only,6,14,2,33.33333333333333,3.516774133422894,33.33333333333333,6.362304617601633,86.75296211663499,0.0719187040937716,20000,548703,3835332,40000,2,11500.0,0.20359848484848486,-3000.0,51500.0,25.0,25.0,25.0,0.013101757501225886,0.008394633800609484,0.08896637737726779,0.007732990840495946
AC_000091.1,NC_010102.1,10000,0,SAGE-GI,6,13,1,16.666666666666664,1.9739322506972916,16.666666666666664,3.529808349055688,87.70029939008131,0.019388447471817838,10000,496603,3887432,50000,1,11000.0,0.3125,-5000.0,17000.0,0.0,0.0,50.0,0.013101757501225886,0.008394633800609484,0.08896637737726779,0.007732990840495946
AC_000091.1,NC_010102.1,10000,0,SAGE-GI/no-refine,6,14,2,33.33333333333333,2.654849853491619,20.25,4.694264304466506,88.89853477751637,0.03830563630513784,12150,445503,3938532,47850,2,10600.0,0.19224141869709094,-700.0,13800.0,0.0,0.0,0.0,0.013101757501225886,0.008394633800609484,0.08896637737726779,0.007732990840495946
AC_000091.1,NC_010102.1,10000,1,Comp-only,6,12,2,33.33333333333333,1.1834219490959503,7.000000000000001,2.024569598195241,90.85283981786823,-0.004255455395650404,4200,350703,4033332,55800,2,19750.0,0.04815104574140719,-33850.0,-7900.0,0.0,0.0,0.0,0.013101757501225886,0.008394633800609484,0.08896637737726779,0.007732990840495946
AC_000091.1,NC_010102.1,10000,1,DNABERT-2-only,6,13,0,0.0,0.0,0.0,0.0,89.91675358092365,-0.036188183693536415,0,388103,3995932,60000,0,,,,,,,,0.013101757501225886,0.008394633800609484,0.08896637737726779,0.007732990840495946
AC_000091.1,NC_010102.1,10000,1,DNABERT-S-only,6,15,3,50.0,5.538090060420562,50.0,9.971697000014958,87.81055954779833,0.13520304287297813,30000,511703,3872332,30000,3,20000.0,0.2777777777777778,-24000.0,2000.0,16.666666666666664,33.33333333333333,33.33333333333333,0.013101757501225886,0.008394633800609484,0.08896637737726779,0.007732990840495946
AC_000091.1,NC_010102.1,10000,1,SAGE-GI,6,13,3,50.0,6.359934111082609,50.0,11.284495291544339,89.38570465804162,0.14958829800023932,30000,441703,3942332,30000,3,20000.0,0.2564102564102564,-24000.0,13000.0,0.0,16.666666666666664,16.666666666666664,0.013101757501225886,0.008394633800609484,0.08896637737726779,0.007732990840495946
AC_000091.1,NC_010102.1,10000,1,SAGE-GI/no-refine,6,14,4,66.66666666666666,8.329440892032498,60.333333333333336,14.6380026000651,90.49955727171366,0.19910522951733664,36200,398403,3985632,23800,4,15200.0,0.2463511793583365,-22650.0,5800.0,25.0,25.0,37.5,0.013101757501225886,0.008394633800609484,0.08896637737726779,0.007732990840495946
AC_000091.1,NC_010102.1,20000,0,Comp-only,6,13,2,33.33333333333333,4.8064057697653695,15.416666666666668,7.328140256643355,89.61147060358101,0.04066233867143374,18500,366403,4017632,101500,2,10750.0,0.35047109752992106,-2650.0,-4850.0,0.0,0.0,25.0,0.013101757501225886,0.008394633800609484,0.08896637737726779,0.007732990840495946
AC_000091.1,NC_010102.1,20000,0,DNABERT-2-only,6,12,0,0.0,0.0,0.0,0.0,88.26379013484575,-0.05225821032581969,0,408603,3975432,120000,0,,,,,,,,0.013101757501225886,0.008394633800609484,0.08896637737726779,0.007732990840495946
AC_000091.1,NC_010102.1,20000,0,DNABERT-S-only,6,16,4,66.66666666666666,13.385892984934006,65.0,22.19999060769628,87.86192824878137,0.25664994021157955,78000,504703,3879332,42000,4,5500.0,0.5492424242424242,-9000.0,4500.0,50.0,50.0,50.0,0.013101757501225886,0.008394633800609484,0.08896637737726779,0.007732990840495946
AC_000091.1,NC_010102.1,20000,0,SAGE-GI,6,15,4,66.66666666666666,15.037507012683559,65.0,24.42449777126458,89.2828763542024,0.27719431298159825,78000,440703,3943332,42000,4,4500.0,0.6726190476190477,-500.0,9000.0,50.0,50.0,50.0,0.013101757501225886,0.008394633800609484,0.08896637737726779,0.007732990840495946
AC_000091.1,NC_010102.1,20000,0,SAGE-GI/no-refine,6,15,4,66.66666666666666,13.210585834696085,53.25,21.16934982930348,89.43385209040339,0.22716060392723816,63900,419803,3964232,56100,4,5150.0,0.6861487395711852,-1900.0,5650.0,25.0,25.0,50.0,0.013101757501225886,0.008394633800609484,0.08896637737726779,0.007732990840495946
AC_000091.1,NC_010102.1,20000,1,Comp-only,6,14,3,50.0,9.238638152478819,29.833333333333336,14.108290985472008,90.32194465629154,0.12525625583170416,35800,351703,4032332,84200,3,10850.0,0.39518072289156625,-21500.0,-3600.0,16.666666666666664,33.33333333333333,50.0,0.013101757501225886,0.008394633800609484,0.08896637737726779,0.007732990840495946
AC_000091.1,NC_010102.1,20000,1,DNABERT-2-only,6,14,2,33.33333333333333,5.794200532012958,18.333333333333332,8.805459384818587,89.88262746626081,0.058971862470850275,22000,357690,4026345,98000,2,9000.0,0.3660714285714286,-1000.0,0.0,0.0,0.0,0.0,0.013101757501225886,0.008394633800609484,0.08896637737726779,0.007732990840495946
AC_000091.1,NC_010102.1,20000,1,DNABERT-S-only,6,16,5,83.33333333333334,14.412530186709303,71.66666666666667,23.998783317496926,87.90633287707578,0.2850928677338879,86000,510703,3873332,34000,5,13000.0,0.43478260869565216,-16000.0,2000.0,10.0,20.0,30.0,0.013101757501225886,0.008394633800609484,0.08896637737726779,0.007732990840495946
AC_000091.1,NC_010102.1,20000,1,SAGE-GI,6,15,5,83.33333333333334,16.93274812729578,73.33333333333333,27.51276764373467,89.70472032299926,0.3200010468146479,88000,431703,3952332,32000,5,9000.0,0.43478260869565216,-16000.0,2000.0,10.0,30.0,30.0,0.013101757501225886,0.008394633800609484,0.08896637737726779,0.007732990840495946
AC_000091.1,NC_010102.1,20000,1,SAGE-GI/no-refine,6,15,5,83.33333333333334,19.013231039438637,75.95833333333334,30.413594860219252,90.73934816225895,0.35038972921363326,91150,388253,3995782,28850,5,10000.0,0.4608294930875576,-22150.0,1250.0,10.0,20.0,40.0,0.013101757501225886,0.008394633800609484,0.08896637737726779,0.007732990840495946
AC_000091.1,NC_010102.1,40000,0,Comp-only,6,13,2,33.33333333333333,15.239822234225459,26.333333333333332,19.306464152447752,88.57484859003013,0.1421959094574625,63200,351503,4032532,176800,2,4900.0,0.7536327721942571,-1900.0,-8400.0,25.0,25.0,50.0,0.013101757501225886,0.008394633800609484,0.08896637737726779,0.007732990840495946
AC_000091.1,NC_010102.1,40000,0,DNABERT-2-only,6,12,1,16.666666666666664,8.966705207767998,15.833333333333332,11.449404179032523,87.28837476359932,0.05407522295143602,38000,385790,3998245,202000,1,1000.0,0.95,2000.0,0.0,50.0,100.0,100.0,0.013101757501225886,0.008394633800609484,0.08896637737726779,0.007732990840495946
AC_000091.1,NC_010102.1,40000,0,DNABERT-S-only,6,16,6,100.0,35.01575709069081,96.25,51.35027892537871,90.53417632003217,0.5484729579891447,231000,428703,3955332,9000,6,2500.0,0.9080338266384778,0.0,2000.0,41.66666666666667,50.0,75.0,0.013101757501225886,0.008394633800609484,0.08896637737726779,0.007732990840495946
AC_000091.1,NC_010102.1,40000,0,SAGE-GI,6,17,6,100.0,32.95220594238114,92.5,48.59347074487006,89.84214003570474,0.5168275333773897,222000,451703,3932332,18000,6,3000.0,0.8170454545454545,0.0,2000.0,41.66666666666667,50.0,75.0,0.013101757501225886,0.008394633800609484,0.08896637737726779,0.007732990840495946
AC_000091.1,NC_010102.1,40000,0,SAGE-GI/no-refine,6,17,6,100.0,34.9644529448875,87.52083333333334,49.96711281434619,90.9029019027754,0.5186519844187895,210050,390703,3993332,29950,6,2600.0,0.8736428571428572,1550.0,-850.0,16.666666666666664,50.0,75.0,0.013101757501225886,0.008394633800609484,0.08896637737726779,0.007732990840495946
AC_000091.1,NC_010102.1,40000,1,Comp-only,6,12,1,16.666666666666664,1.2489249310962438,1.8333333333333333,1.4857260557518703,87.38108599956531,-0.05102456977475123,4400,347903,4036132,235600,1,33250.0,0.06205923836389281,-30900.0,-35600.0,0.0,0.0,0.0,0.013101757501225886,0.008394633800609484,0.08896637737726779,0.007732990840495946
AC_000091.1,NC_010102.1,40000,1,DNABERT-2-only,6,13,1,16.666666666666664,5.285551943761727,8.333333333333332,6.468409903135562,87.4916604221205,0.0012822637364009856,20000,358390,4025645,220000,1,10000.0,0.5,20000.0,0.0,50.0,50.0,50.0,0.013101757501225886,0.008394633800609484,0.08896637737726779,0.007732990840495946
AC_000091.1,NC_010102.1,40000,1,DNABERT-S-only,6,15,6,100.0,34.904126246777,90.41666666666667,50.36538111158948,90.7504376588845,0.5279252061036371,217000,404703,3979332,23000,6,7500.0,0.615530303030303,-12000.0,5000.0,0.0,8.333333333333332,33.33333333333333,0.013101757501225886,0.008394633800609484,0.08896637737726779,0.007732990840495946
AC_000091.1,NC_010102.1,40000,1,SAGE-GI,6,16,6,100.0,29.92592432346679,69.16666666666667,41.77661340148458,89.99352297290137,0.4116902166994979,166000,388703,3995332,74000,6,12000.0,0.47700258397932815,-11500.0,0.0,8.333333333333332,8.333333333333332,33.33333333333333,0.013101757501225886,0.008394633800609484,0.08896637737726779,0.007732990840495946
AC_000091.1,NC_010102.1,40000,1,SAGE-GI/no-refine,6,16,6,100.0,34.99532737940424,81.29166666666666,48.92771563241768,91.19161079014324,0.49748492364858027,195100,362403,4021632,44900,6,10150.0,0.6764737626608954,-11450.0,-4750.0,8.333333333333332,25.0,25.0,0.013101757501225886,0.008394633800609484,0.08896637737726779,0.007732990840495946
AC_000091.1,NC_010102.1,80000,1,Comp-only,6,15,5,83.33333333333334,33.55213934629496,32.979166666666664,33.26318576428105,86.94082176629074,0.2602723110230616,158300,313503,4070532,321700,5,32050.0,0.3480861244019139,-10300.0,-50900.0,0.0,0.0,10.0,0.013101757501225886,0.008394633800609484,0.08896637737726779,0.007732990840495946
AC_000091.1,NC_010102.1,80000,1,DNABERT-2-only,6,14,2,33.33333333333333,13.993939018543117,12.708333333333332,13.320187836484868,83.67809853341926,0.04340199313580692,61000,374903,4009132,419000,2,29000.0,0.3568471693891251,-15500.0,-49500.0,0.0,25.0,25.0,0.013101757501225886,0.008394633800609484,0.08896637737726779,0.007732990840495946
AC_000091.1,NC_010102.1,80000,1,DNABERT-S-only,6,14,6,100.0,58.02631164782408,88.33333333333333,70.041950833524,92.54316632178839,0.678933850574396,424000,306703,4077332,56000,6,7500.0,0.8467741935483871,-7500.0,2500.0,16.666666666666664,25.0,41.66666666666667,0.013101757501225886,0.008394633800609484,0.08896637737726779,0.007732990840495946
AC_000091.1,NC_010102.1,80000,1,SAGE-GI,6,16,6,100.0,49.24701316865132,72.91666666666666,58.788799557908234,89.91160631039867,0.5461925657407627,350000,360703,4023332,130000,6,15000.0,0.6209316394434361,-4000.0,1000.0,8.333333333333332,8.333333333333332,25.0,0.013101757501225886,0.008394633800609484,0.08896637737726779,0.007732990840495946
AC_000091.1,NC_010102.1,80000,1,SAGE-GI/no-refine,6,16,6,100.0,56.89448785645418,76.34375,65.19957974783091,91.95756198300383,0.6160232386247145,366450,277637,4106398,113550,6,5450.0,0.7481462112346402,-2900.0,-3450.0,0.0,33.33333333333333,41.66666666666667,0.013101757501225886,0.008394633800609484,0.08896637737726779,0.007732990840495946
AC_000091.1,NC_010102.1,80000,0,Comp-only,6,11,0,0.0,0.0,0.0,0.0,82.30680905873416,-0.09640829943459511,0,380603,4003432,480000,0,,,,,,,,0.013101757501225886,0.008394633800609484,0.08896637737726779,0.007732990840495946
AC_000091.1,NC_010102.1,80000,0,DNABERT-2-only,6,12,0,0.0,0.0,0.0,0.0,81.52350877409393,-0.10155108028715135,0,418703,3965332,480000,0,,,,,,,,0.013101757501225886,0.008394633800609484,0.08896637737726779,0.007732990840495946
AC_000091.1,NC_010102.1,80000,0,DNABERT-S-only,6,13,6,100.0,59.4148759499433,93.54166666666667,72.67118393335616,93.05714288651295,0.7125167551183014,449000,306703,4077332,31000,6,6500.0,0.829656862745098,-500.0,3500.0,25.0,25.0,50.0,0.013101757501225886,0.008394633800609484,0.08896637737726779,0.007732990840495946
AC_000091.1,NC_010102.1,80000,0,SAGE-GI,6,15,4,66.66666666666666,25.70405246705033,34.791666666666664,29.56529282475129,83.6410922207591,0.20848243057160307,167000,482703,3901332,313000,4,21500.0,0.41944444444444445,29000.0,3500.0,0.0,0.0,25.0,0.013101757501225886,0.008394633800609484,0.08896637737726779,0.007732990840495946
AC_000091.1,NC_010102.1,80000,0,SAGE-GI/no-refine,6,17,5,83.33333333333334,27.282298304275564,31.906250000000004,29.413657040408008,84.88799936678087,0.2109039507466819,153150,408203,3975832,326850,5,31000.0,0.27,35450.0,-9450.0,0.0,10.0,10.0,0.013101757501225886,0.008394633800609484,0.08896637737726779,0.007732990840495946
AC_000091.1,NC_009783.1,5000,0,Comp-only,6,12,1,16.666666666666664,1.3150869403976297,16.666666666666664,2.4378173733492927,90.9333976735572,0.023744295650890215,5000,375203,4008832,25000,1,12600.0,0.16556291390728478,-14700.0,10500.0,0.0,0.0,0.0,0.05253066153243385,0.0224376328469187,0.26813097455379953,0.05704296248799834
AC_000091.1,NC_009783.1,5000,0,DNABERT-2-only,6,12,1,16.666666666666664,1.2801146982769658,16.666666666666664,2.377612401626287,90.6980801013132,0.022771254761554272,5000,385590,3998445,25000,1,11000.0,0.18518518518518517,-8000.0,14000.0,0.0,0.0,0.0,0.05253066153243385,0.0224376328469187,0.26813097455379953,0.05704296248799834
AC_000091.1,NC_009783.1,5000,0,DNABERT-S-only,6,14,2,33.33333333333333,1.8460300201401876,33.33333333333333,3.498319931852728,87.50116390105651,0.05309730081682456,10000,531703,3852332,20000,2,10500.0,0.12362637362637363,-2000.0,51500.0,25.0,25.0,50.0,0.05253066153243385,0.0224376328469187,0.26813097455379953,0.05704296248799834
AC_000091.1,NC_009783.1,5000,0,SAGE-GI,6,12,1,16.666666666666664,1.0829472626342043,16.666666666666664,2.0337480145535007,89.08701448901061,0.01677713428255844,5000,456703,3927332,25000,1,10500.0,0.19230769230769232,-4000.0,17000.0,0.0,0.0,50.0,0.05253066153243385,0.0224376328469187,0.26813097455379953,0.05704296248799834
AC_000091.1,NC_009783.1,5000,0,SAGE-GI/no-refine,6,13,2,33.33333333333333,1.7386178103547933,25.166666666666664,3.2525368710595304,89.82443501240928,0.04257577542116384,7550,426703,3957332,22450,2,12050.0,0.14812435548492892,-3400.0,15200.0,0.0,25.0,25.0,0.05253066153243385,0.0224376328469187,0.26813097455379953,0.05704296248799834
AC_000091.1,NC_009783.1,5000,1,Comp-only,6,13,1,16.666666666666664,1.4156165151485123,16.666666666666664,2.6095829103634363,91.54508290033948,0.02641804805869514,5000,348203,4035832,25000,1,25100.0,0.09057971014492754,-36600.0,13600.0,0.0,0.0,0.0,0.05253066153243385,0.0224376328469187,0.26813097455379953,0.05704296248799834
AC_000091.1,NC_009783.1,5000,1,DNABERT-2-only,6,14,4,66.66666666666666,5.186856505614772,66.66666666666666,9.624870665800428,91.49100539529024,0.16972262213559974,20000,365590,4018445,10000,4,10000.0,0.2332657200811359,-18000.0,4000.0,37.5,37.5,37.5,0.05253066153243385,0.0224376328469187,0.26813097455379953,0.05704296248799834
AC_000091.1,NC_009783.1,5000,1,DNABERT-S-only,6,15,4,66.66666666666666,3.182184273814284,56.49999999999999,6.025027859088994,88.02109634382147,0.11283585501646215,16950,515703,3868332,13050,4,18275.0,0.11965811965811965,-12500.0,18275.0,12.5,25.0,37.5,0.05253066153243385,0.0224376328469187,0.26813097455379953,0.05704296248799834
AC_000091.1,NC_009783.1,5000,1,SAGE-GI,6,14,4,66.66666666666666,4.558892918443685,66.66666666666666,8.534189028019876,90.28772993417587,0.1568496978333699,20000,418703,3965332,10000,4,12000.0,0.19969278033794163,-20000.0,5000.0,25.0,37.5,37.5,0.05253066153243385,0.0224376328469187,0.26813097455379953,0.05704296248799834
AC_000091.1,NC_009783.1,5000,1,SAGE-GI/no-refine,6,14,4,66.66666666666666,4.797854399512539,66.66666666666666,8.95148963976968,90.78274186770155,0.1618678188108194,20000,396853,3987182,10000,4,15500.0,0.15399194503672115,-24200.0,7750.0,0.0,0.0,37.5,0.05253066153243385,0.0224376328469187,0.26813097455379953,0.05704296248799834
AC_000091.1,NC_009783.1,10000,0,Comp-only,6,12,1,16.666666666666664,2.669492769678833,16.666666666666664,4.6019010453218225,90.67057302654007,0.03468563434295097,10000,364603,4019432,50000,1,12450.0,0.28653295128939826,-14700.0,10200.0,0.0,0.0,0.0,0.05253066153243385,0.0224376328469187,0.26813097455379953,0.05704296248799834
AC_000091.1,NC_009783.1,10000,0,DNABERT-2-only,6,11,2,33.33333333333333,5.691681607330886,33.33333333333333,9.723133766012786,91.64295510723926,0.11023081806611132,20000,331390,4052645,40000,2,11000.0,0.21577380952380953,-4000.0,44000.0,25.0,25.0,25.0,0.05253066153243385,0.0224376328469187,0.26813097455379953,0.05704296248799834
AC_000091.1,NC_009783.1,10000,0,DNABERT-S-only,6,14,2,33.33333333333333,3.8116801314267312,33.33333333333333,6.841080001299805,87.74305332878791,0.07804143788996999,20000,504703,3879332,40000,2,10500.0,0.2133736559139785,-2000.0,51500.0,25.0,25.0,50.0,0.05253066153243385,0.0224376328469187,0.26813097455379953,0.05704296248799834
AC_000091.1,NC_009783.1,10000,0,SAGE-GI,6,13,2,33.33333333333333,4.239956074055073,33.33333333333333,7.52299686102956,88.93566319797212,0.08628770907717305,20000,451703,3932332,40000,2,10500.0,0.2133736559139785,-2000.0,51500.0,25.0,25.0,50.0,0.05253066153243385,0.0224376328469187,0.26813097455379953,0.05704296248799834
AC_000091.1,NC_009783.1,10000,0,SAGE-GI/no-refine,6,14,2,33.33333333333333,3.9362534716370425,28.416666666666668,6.914689761595286,89.67035588153558,0.07364033568408679,17050,416103,3967932,42950,2,11950.0,0.2871999438491414,-3050.0,15100.0,0.0,0.0,25.0,0.05253066153243385,0.0224376328469187,0.26813097455379953,0.05704296248799834
AC_000091.1,NC_009783.1,10000,1,Comp-only,6,15,5,83.33333333333334,8.415378838517935,52.666666666666664,14.511955141526006,91.62241071458708,0.18598609857949958,31600,343903,4040132,28400,5,6600.0,0.1978494623655914,-20900.0,-800.0,10.0,10.0,40.0,0.05253066153243385,0.0224376328469187,0.26813097455379953,0.05704296248799834
AC_000091.1,NC_009783.1,10000,1,DNABERT-2-only,6,13,5,83.33333333333334,13.596381697605372,81.66666666666667,23.311686767049643,92.74555668440955,0.315232216115832,49000,311390,4072645,11000,5,4500.0,0.43478260869565216,-12000.0,0.0,50.0,50.0,50.0,0.05253066153243385,0.0224376328469187,0.26813097455379953,0.05704296248799834
AC_000091.1,NC_009783.1,10000,1,DNABERT-S-only,6,15,5,83.33333333333334,9.848277437793355,83.33333333333334,17.61484438165731,89.47571295005552,0.26445293559857763,50000,457703,3926332,10000,5,11500.0,0.2702702702702703,-16000.0,2000.0,30.0,40.0,40.0,0.05253066153243385,0.0224376328469187,0.26813097455379953,0.05704296248799834
AC_000091.1,NC_009783.1,10000,1,SAGE-GI,6,15,5,83.33333333333334,9.887226296858037,83.33333333333334,17.67712032639035,89.52071709606247,0.26507386354772783,50000,455703,3928332,10000,5,7500.0,0.38461538461538464,-16000.0,2000.0,30.0,40.0,40.0,0.05253066153243385,0.0224376328469187,0.26813097455379953,0.05704296248799834
AC_000091.1,NC_009783.1,10000,1,SAGE-GI/no-refine,6,15,5,83.33333333333334,11.367434120035558,83.33333333333334,20.005881729228395,91.00247860334133,0.2876820841671079,50000,389853,3994182,10000,5,11100.0,0.29239766081871343,-22250.0,10150.0,0.0,10.0,30.0,0.05253066153243385,0.0224376328469187,0.26813097455379953,0.05704296248799834
AC_000091.1,NC_009783.1,20000,0,Comp-only,6,16,5,83.33333333333334,16.805204621787816,58.916666666666664,26.151140274790414,91.13454935407917,0.28185936143283347,70700,350003,4034032,49300,5,6300.0,0.5487804878048781,-6100.0,-5200.0,0.0,0.0,10.0,0.05253066153243385,0.0224376328469187,0.26813097455379953,0.05704296248799834
AC_000091.1,NC_009783.1,20000,0,DNABERT-2-only,6,14,6,100.0,26.88982127541204,96.66666666666667,42.07548196376431,92.90880288452466,0.4896033908006878,116000,315390,4068645,4000,6,500.0,0.925,0.0,0.0,66.66666666666666,75.0,75.0,0.05253066153243385,0.0224376328469187,0.26813097455379953,0.05704296248799834
AC_000091.1,NC_009783.1,20000,0,DNABERT-S-only,6,16,6,100.0,19.805259662320324,96.66666666666667,32.87501966124559,89.48269718152723,0.4115266207856064,116000,469703,3914332,4000,6,500.0,0.6689024390243903,0.0,0.0,58.333333333333336,58.333333333333336,75.0,0.05253066153243385,0.0224376328469187,0.26813097455379953,0.05704296248799834
AC_000091.1,NC_009783.1,20000,0,SAGE-GI,6,16,6,100.0,19.873120405411658,96.66666666666667,32.9684540210856,89.52710180982164,0.41234461882467965,116000,467703,3916332,4000,6,500.0,0.6689024390243903,0.0,0.0,58.333333333333336,58.333333333333336,75.0,0.05253066153243385,0.0224376328469187,0.26813097455379953,0.05704296248799834
AC_000091.1,NC_009783.1,20000,0,SAGE-GI/no-refine,6,17,6,100.0,22.887528776299202,100.0,37.24955494542164,91.02353778334316,0.45581578298667463,120000,404303,3979732,0,6,4200.0,0.6157065348221396,-4100.0,4250.0,0.0,8.333333333333332,66.66666666666666,0.05253066153243385,0.0224376328469187,0.26813097455379953,0.05704296248799834
AC_000091.1,NC_009783.1,20000,1,Comp-only,6,15,5,83.33333333333334,20.886382415930505,72.25,32.404976238219554,91.96935636601403,0.36053352716220816,86700,328403,4055632,33300,5,6600.0,0.3443830570902394,-20700.0,-1300.0,0.0,10.0,30.0,0.05253066153243385,0.0224376328469187,0.26813097455379953,0.05704296248799834
AC_000091.1,NC_009783.1,20000,1,DNABERT-2-only,6,15,6,100.0,24.59070869979397,92.5,38.85262255202227,92.24273346010855,0.45441092013405693,111000,340390,4043645,9000,6,2500.0,0.6361607142857143,-10000.0,-500.0,25.0,50.0,58.333333333333336,0.05253066153243385,0.0224376328469187,0.26813097455379953,0.05704296248799834
AC_000091.1,NC_009783.1,20000,1,DNABERT-S-only,6,16,6,100.0,21.026698650611614,100.0,34.74720683130086,89.99335040691291,0.4343390145007887,120000,450703,3933332,0,6,4000.0,0.6226053639846744,-7500.0,500.0,50.0,50.0,50.0,0.05253066153243385,0.0224376328469187,0.26813097455379953,0.05704296248799834
AC_000091.1,NC_009783.1,20000,1,SAGE-GI,6,16,6,100.0,21.363603185313234,100.0,35.20594745805725,90.19317123423775,0.43830542150747,120000,441703,3942332,0,6,4000.0,0.6226053639846744,-11500.0,500.0,50.0,50.0,50.0,0.05253066153243385,0.0224376328469187,0.26813097455379953,0.05704296248799834
AC_000091.1,NC_009783.1,20000,1,SAGE-GI/no-refine,6,16,6,100.0,24.237380908619013,100.0,39.0178555461443,91.67184535644151,0.4707823610394508,120000,375103,4008932,0,6,9200.0,0.5104166666666667,-13450.0,6000.0,0.0,0.0,41.66666666666667,0.05253066153243385,0.0224376328469187,0.26813097455379953,0.05704296248799834
AC_000091.1,NC_009783.1,40000,0,Comp-only,6,15,6,100.0,47.044456468123855,90.20833333333333,61.83920948639181,94.22143214746428,0.6272569639399123,216500,243703,4140332,23500,6,6050.0,0.751483401517754,-5450.0,-4700.0,0.0,0.0,25.0,0.05253066153243385,0.0224376328469187,0.26813097455379953,0.05704296248799834
AC_000091.1,NC_009783.1,40000,0,DNABERT-2-only,6,13,6,100.0,49.8519354907433,97.5,65.97217327563118,94.77966754144379,0.6767267367167767,234000,235390,4148645,6000,6,500.0,0.925,0.0,0.0,66.66666666666666,66.66666666666666,75.0,0.05253066153243385,0.0224376328469187,0.26813097455379953,0.05704296248799834
AC_000091.1,NC_009783.1,40000,0,DNABERT-S-only,6,13,6,100.0,39.16386787624876,99.16666666666667,56.15174182467209,91.96150115645752,0.5957319431944152,238000,369703,4014332,2000,6,1000.0,0.8153688524590164,0.0,500.0,66.66666666666666,66.66666666666666,75.0,0.05253066153243385,0.0224376328469187,0.26813097455379953,0.05704296248799834
AC_000091.1,NC_009783.1,40000,0,SAGE-GI,6,15,6,100.0,39.81910748314799,99.16666666666667,56.82204790958132,92.17776249530984,0.6014566034073127,238000,359703,4024332,2000,6,1000.0,0.8153688524590164,0.0,500.0,66.66666666666666,66.66666666666666,75.0,0.05253066153243385,0.0224376328469187,0.26813097455379953,0.05704296248799834
AC_000091.1,NC_009783.1,40000,0,SAGE-GI/no-refine,6,16,6,100.0,43.52533446499203,100.0,60.651779182034936,93.26555702973701,0.6358748334168032,240000,311403,4072632,0,6,3950.0,0.770981067886098,-3400.0,4450.0,0.0,0.0,66.66666666666666,0.05253066153243385,0.0224376328469187,0.26813097455379953,0.05704296248799834
AC_000091.1,NC_009783.1,40000,1,Comp-only,6,14,6,100.0,51.16081402126785,91.79166666666667,65.70206217389423,95.02592432799493,0.6640668970667716,220300,210303,4173732,19700,6,6300.0,0.6406391045315039,-16100.0,-3550.0,0.0,0.0,33.33333333333333,0.05253066153243385,0.0224376328469187,0.26813097455379953,0.05704296248799834
AC_000091.1,NC_009783.1,40000,1,DNABERT-2-only,6,13,6,100.0,48.14762585869981,99.58333333333333,64.91125626366463,94.41202326539482,0.6715468991267385,239000,257390,4126645,1000,6,1500.0,0.7855217558721602,-10000.0,1000.0,50.0,58.333333333333336,58.333333333333336,0.05253066153243385,0.0224376328469187,0.26813097455379953,0.05704296248799834
AC_000091.1,NC_009783.1,40000,1,DNABERT-S-only,6,15,6,100.0,38.35685620813709,100.0,55.44626736883204,91.65873528206426,0.5914580161715465,240000,385703,3998332,0,6,4500.0,0.7653061224489797,-7500.0,2000.0,25.0,50.0,50.0,0.05253066153243385,0.0224376328469187,0.26813097455379953,0.05704296248799834
AC_000091.1,NC_009783.1,40000,1,SAGE-GI,6,15,6,100.0,38.31952066929291,99.58333333333333,55.343098264102366,91.65873528206426,0.5896997841637693,239000,384703,3999332,1000,6,4500.0,0.7653061224489797,-11000.0,2000.0,25.0,50.0,50.0,0.05253066153243385,0.0224376328469187,0.26813097455379953,0.05704296248799834
AC_000091.1,NC_009783.1,40000,1,SAGE-GI/no-refine,6,15,6,100.0,43.235219409731165,100.0,60.36953702853592,93.18554033436166,0.6334641524014225,240000,315103,4068932,0,6,8450.0,0.71001071001071,-9700.0,5500.0,0.0,0.0,41.66666666666667,0.05253066153243385,0.0224376328469187,0.26813097455379953,0.05704296248799834
AC_000091.1,NC_009783.1,80000,0,Comp-only,6,9,6,100.0,90.33548117912405,95.625,92.90501221528865,98.55868635813681,0.9214978996303159,459000,49106,4334929,21000,6,4750.0,0.8851027227313328,-3750.0,-4750.0,0.0,8.333333333333332,50.0,0.05253066153243385,0.0224376328469187,0.26813097455379953,0.05704296248799834
AC_000091.1,NC_009783.1,80000,0,DNABERT-2-only,6,9,6,100.0,80.97165991902834,98.75,88.98149973249234,97.58657164267937,0.8818574869152566,474000,111390,4272645,6000,6,1500.0,0.9567073170731707,0.0,1000.0,50.0,66.66666666666666,75.0,0.05253066153243385,0.0224376328469187,0.26813097455379953,0.05704296248799834
AC_000091.1,NC_009783.1,80000,0,DNABERT-S-only,6,10,6,100.0,70.75575996108434,100.0,82.87364359153653,95.92128757297182,0.8219115611295084,480000,198390,4185645,0,6,1500.0,0.8799617407938785,-500.0,5000.0,50.0,58.333333333333336,66.66666666666666,0.05253066153243385,0.0224376328469187,0.26813097455379953,0.05704296248799834
AC_000091.1,NC_009783.1,80000,0,SAGE-GI,6,11,6,100.0,75.12476356872426,99.79166666666667,85.71893851679393,96.7186502564229,0.8498683901601942,479000,158606,4225429,1000,6,1000.0,0.9019132653061225,-500.0,3500.0,58.333333333333336,58.333333333333336,66.66666666666666,0.05253066153243385,0.0224376328469187,0.26813097455379953,0.05704296248799834
AC_000091.1,NC_009783.1,80000,0,SAGE-GI/no-refine,6,12,6,100.0,80.66467693796886,100.0,89.29767379559762,97.63455649476207,0.8862713335341498,480000,115056,4268979,0,6,3150.0,0.8843032516669043,-2900.0,3550.0,0.0,0.0,66.66666666666666,0.05253066153243385,0.0224376328469187,0.26813097455379953,0.05704296248799834
AC_000091.1,NC_009783.1,80000,1,Comp-only,6,9,6,100.0,88.75263490518267,94.20833333333334,91.39914260247033,98.25030041930208,0.9047604684097647,452200,57306,4326729,27800,6,6200.0,0.7930084745762712,-13850.0,-5300.0,0.0,0.0,25.0,0.05253066153243385,0.0224376328469187,0.26813097455379953,0.05704296248799834
AC_000091.1,NC_009783.1,80000,1,DNABERT-2-only,6,12,6,100.0,71.80307200295208,97.29166666666667,82.62635019771936,95.9624056981498,0.8158892564758088,467000,183390,4200645,13000,6,3500.0,0.865530303030303,-6500.0,0.0,33.33333333333333,50.0,58.333333333333336,0.05253066153243385,0.0224376328469187,0.26813097455379953,0.05704296248799834
AC_000091.1,NC_009783.1,80000,1,DNABERT-S-only,6,11,6,100.0,69.82424069884175,97.08333333333333,81.22783011879135,95.57178350895913,0.8016958880606975,466000,201390,4182645,14000,6,5500.0,0.8586474501108647,-7500.0,0.0,25.0,41.66666666666667,50.0,0.05253066153243385,0.0224376328469187,0.26813097455379953,0.05704296248799834
AC_000091.1,NC_009783.1,80000,1,SAGE-GI,6,12,6,100.0,67.59599065840816,97.08333333333333,79.69967247881374,95.11948413200152,0.7865848704354482,466000,223390,4160645,14000,6,3000.0,0.8812563840653729,-4500.0,0.0,33.33333333333333,50.0,58.333333333333336,0.05253066153243385,0.0224376328469187,0.26813097455379953,0.05704296248799834
AC_000091.1,NC_009783.1,80000,1,SAGE-GI/no-refine,6,13,6,100.0,74.03522842952772,100.0,85.0807380754028,96.53908740377074,0.843755846939008,480000,168340,4215695,0,6,3400.0,0.8791474202215983,-6750.0,2900.0,0.0,8.333333333333332,58.333333333333336,0.05253066153243385,0.0224376328469187,0.26813097455379953,0.05704296248799834
AC_000091.1,NC_003485.1,5000,0,Comp-only,6,13,2,33.33333333333333,2.6953959941024737,33.33333333333333,4.987493859148186,91.3683738348246,0.07432056647665772,10000,361003,4023032,20000,2,9600.0,0.24414902770607472,-8100.0,9600.0,0.0,25.0,25.0,0.12252957058221997,0.037702123816166985,0.4655433383022851,0.14424040977760788
AC_000091.1,NC_003485.1,5000,0,DNABERT-2-only,6,12,1,16.666666666666664,1.2607478756398294,16.666666666666664,2.344171218265782,90.56215005091714,0.02222200023867186,5000,391590,3992445,25000,1,10000.0,0.2,-6000.0,14000.0,0.0,0.0,0.0,0.12252957058221997,0.037702123816166985,0.4655433383022851,0.14424040977760788
AC_000091.1,NC_003485.1,5000,0,DNABERT-S-only,6,14,2,33.33333333333333,1.7132000349492809,33.33333333333333,3.258905366276522,86.54965354828406,0.049107439720312576,10000,573703,3810332,20000,2,10000.0,0.12747252747252746,-1500.0,51500.0,25.0,25.0,50.0,0.12252957058221997,0.037702123816166985,0.4655433383022851,0.14424040977760788
AC_000091.1,NC_003485.1,5000,0,SAGE-GI,6,13,2,33.33333333333333,1.9334767973116938,33.33333333333333,3.654950722126889,88.05621160684045,0.05559686141117492,10000,507203,3876832,20000,2,9500.0,0.13163919413919414,-1000.0,51500.0,25.0,50.0,50.0,0.12252957058221997,0.037702123816166985,0.4655433383022851,0.14424040977760788
AC_000091.1,NC_003485.1,5000,0,SAGE-GI/no-refine,6,14,2,33.33333333333333,1.800681350980756,26.833333333333332,3.3748870670554423,89.55710591329702,0.045804188296067486,8050,439003,3945032,21950,2,12000.0,0.16110780732308216,-3650.0,15150.0,0.0,25.0,25.0,0.12252957058221997,0.037702123816166985,0.4655433383022851,0.14424040977760788
AC_000091.1,NC_003485.1,5000,1,Comp-only,6,14,3,50.0,3.206556130339413,37.666666666666664,5.909995475976915,91.8486600128907,0.09059343290223855,11300,341103,4042932,18700,3,10400.0,0.09345794392523364,-30900.0,7300.0,16.666666666666664,16.666666666666664,33.33333333333333,0.12252957058221997,0.037702123816166985,0.4655433383022851,0.14424040977760788
AC_000091.1,NC_003485.1,5000,1,DNABERT-2-only,6,14,4,66.66666666666666,4.287201402586018,52.166666666666664,7.923248278655327,91.75946724482247,0.13184001506592116,15650,349390,4034645,14350,4,7950.0,0.1556513409961686,-18000.0,1500.0,25.0,37.5,50.0,0.12252957058221997,0.037702123816166985,0.4655433383022851,0.14424040977760788
AC_000091.1,NC_003485.1,5000,1,DNABERT-S-only,6,15,4,66.66666666666666,3.6317216358000595,66.66666666666666,6.888202747359666,87.7503689934493,0.13565715324261707,20000,530703,3853332,10000,4,15500.0,0.1422275641025641,-16000.0,13000.0,25.0,37.5,37.5,0.12252957058221997,0.037702123816166985,0.4655433383022851,0.14424040977760788
AC_000091.1,NC_003485.1,5000,1,SAGE-GI,6,15,4,66.66666666666666,4.3224271292816345,66.66666666666666,8.1184811133685,89.7440097325916,0.15172254075599523,20000,442703,3941332,10000,4,12000.0,0.19717261904761904,-20500.0,5000.0,25.0,37.5,37.5,0.12252957058221997,0.037702123816166985,0.4655433383022851,0.14424040977760788
AC_000091.1,NC_003485.1,5000,1,SAGE-GI/no-refine,6,15,4,66.66666666666666,4.804770175830565,66.66666666666666,8.963525175180896,90.79633487274116,0.16201075713134808,20000,396253,3987782,10000,4,15300.0,0.1531859874640458,-24250.0,7900.0,0.0,0.0,37.5,0.12252957058221997,0.037702123816166985,0.4655433383022851,0.14424040977760788
AC_000091.1,NC_003485.1,10000,0,Comp-only,6,14,3,50.0,6.02889044300287,37.5,10.38773969709351,91.26462775383182,0.12275159486366836,22500,350703,4033332,37500,3,9300.0,0.29239766081871343,-14600.0,9000.0,0.0,16.666666666666664,16.666666666666664,0.12252957058221997,0.037702123816166985,0.4655433383022851,0.14424040977760788
AC_000091.1,NC_003485.1,10000,0,DNABERT-2-only,6,11,2,33.33333333333333,5.04553596205757,33.33333333333333,8.764433927123731,90.63036182208286,0.1002046307019529,20000,376390,4007645,40000,2,10000.0,0.2222222222222222,-3000.0,47000.0,25.0,25.0,25.0,0.12252957058221997,0.037702123816166985,0.4655433383022851,0.14424040977760788
AC_000091.1,NC_003485.1,10000,0,DNABERT-S-only,6,14,2,33.33333333333333,3.726455786533707,33.33333333333333,6.703502412422932,87.4730284527462,0.07631303066894131,20000,516703,3867332,40000,2,9000.0,0.23065476190476192,-500.0,51500.0,50.0,50.0,50.0,0.12252957058221997,0.037702123816166985,0.4655433383022851,0.14424040977760788
AC_000091.1,NC_003485.1,10000,0,SAGE-GI,6,13,2,33.33333333333333,3.8335988100509297,33.33333333333333,6.87636130465203,87.81055954779833,0.07848090879123831,20000,501703,3882332,40000,2,9000.0,0.23065476190476192,-500.0,51500.0,50.0,50.0,50.0,0.12252957058221997,0.037702123816166985,0.4655433383022851,0.14424040977760788
AC_000091.1,NC_003485.1,10000,0,SAGE-GI/no-refine,6,14,2,33.33333333333333,3.9889999611386826,29.083333333333332,7.015738170239199,89.59159862602343,0.0755548652413852,17450,420003,3964032,42550,2,12050.0,0.29399161539844254,-3350.0,15150.0,0.0,0.0,25.0,0.12252957058221997,0.037702123816166985,0.4655433383022851,0.14424040977760788
AC_000091.1,NC_003485.1,10000,1,Comp-only,6,15,5,83.33333333333334,11.676392530322467,72.66666666666667,20.119842271511736,92.20971481997779,0.27099808246570095,43600,329803,4054232,16400,5,10350.0,0.2705479452054795,-19200.0,6000.0,0.0,10.0,20.0,0.12252957058221997,0.037702123816166985,0.4655433383022851,0.14424040977760788
AC_000091.1,NC_003485.1,10000,1,DNABERT-2-only,6,14,5,83.33333333333334,12.973870624562132,83.33333333333334,22.452232874559375,92.22800900532961,0.3103635045303248,50000,335390,4048645,10000,5,4000.0,0.45454545454545453,-12000.0,0.0,50.0,50.0,50.0,0.12252957058221997,0.037702123816166985,0.4655433383022851,0.14424040977760788
AC_000091.1,NC_003485.1,10000,1,DNABERT-S-only,6,16,5,83.33333333333334,8.838560163195176,83.33333333333334,15.98202342005712,88.17059271585394,0.24781506154954536,50000,515703,3868332,10000,5,11500.0,0.2631578947368421,-16000.0,1000.0,40.0,40.0,40.0,0.12252957058221997,0.037702123816166985,0.4655433383022851,0.14424040977760788
AC_000091.1,NC_003485.1,10000,1,SAGE-GI,6,15,5,83.33333333333334,9.676738861589733,83.33333333333334,17.33994794547627,89.27319429302425,0.2617007576902952,50000,466703,3917332,10000,5,7500.0,0.38461538461538464,-16000.0,1000.0,40.0,40.0,40.0,0.12252957058221997,0.037702123816166985,0.4655433383022851,0.14424040977760788
AC_000091.1,NC_003485.1,10000,1,SAGE-GI/no-refine,6,15,5,83.33333333333334,11.333936298744426,83.33333333333334,19.953986108034872,90.97322590843682,0.2871900932051195,50000,391153,3992882,10000,5,10950.0,0.27624309392265195,-23150.0,9950.0,0.0,0.0,30.0,0.12252957058221997,0.037702123816166985,0.4655433383022851,0.14424040977760788
AC_000091.1,NC_003485.1,20000,0,Comp-only,6,17,6,100.0,23.87876314733309,88.75,37.63230936938497,92.1625164990947,0.436734787241475,106500,339503,4044532,13500,6,6750.0,0.5456145800973387,-10050.0,-2950.0,0.0,0.0,33.33333333333333,0.12252957058221997,0.037702123816166985,0.4655433383022851,0.14424040977760788
AC_000091.1,NC_003485.1,20000,0,DNABERT-2-only,6,15,6,100.0,25.364476499261123,95.83333333333334,40.112314480545535,92.37594734499177,0.4716042008084968,115000,338390,4045645,5000,6,1000.0,0.875,0.0,1000.0,50.0,66.66666666666666,75.0,0.12252957058221997,0.037702123816166985,0.4655433383022851,0.14424040977760788
AC_000091.1,NC_003485.1,20000,0,DNABERT-S-only,6,16,6,100.0,20.598819808794484,99.16666666666667,34.111935881026746,89.79352957958808,0.4271921091606336,119000,458703,3925332,1000,6,0.0,0.7381578947368421,0.0,0.0,66.66666666666666,75.0,75.0,0.12252957058221997,0.037702123816166985,0.4655433383022851,0.14424040977760788
AC_000091.1,NC_003485.1,20000,0,SAGE-GI,6,16,6,100.0,20.111441043902094,99.16666666666667,33.44091566285374,89.48269718152723,0.4213402892694557,119000,472703,3911332,1000,6,0.0,0.7381578947368421,0.0,0.0,66.66666666666666,75.0,75.0,0.12252957058221997,0.037702123816166985,0.4655433383022851,0.14424040977760788
AC_000091.1,NC_003485.1,20000,0,SAGE-GI/no-refine,6,17,6,100.0,23.045766972727254,100.0,37.45885379028972,91.10346611427309,0.45759558893544594,120000,400703,3983332,0,6,3850.0,0.6269682771334204,-3850.0,3950.0,0.0,0.0,66.66666666666666,0.12252957058221997,0.037702123816166985,0.4655433383022851,0.14424040977760788
AC_000091.1,NC_003485.1,20000,1,Comp-only,6,16,6,100.0,24.642522066467958,89.08333333333334,38.605785811922296,92.45114658300835,0.4455575615987252,106900,326903,4057132,13100,6,7250.0,0.4681772796083358,-17300.0,550.0,0.0,0.0,25.0,0.12252957058221997,0.037702123816166985,0.4655433383022851,0.14424040977760788
AC_000091.1,NC_003485.1,20000,1,DNABERT-2-only,6,15,6,100.0,26.38760459189427,97.5,41.53428353360905,92.68677974305261,0.486793931958449,117000,326390,4057645,3000,6,2000.0,0.6573275862068966,-10000.0,0.0,41.66666666666667,58.333333333333336,58.333333333333336,0.12252957058221997,0.037702123816166985,0.4655433383022851,0.14424040977760788
AC_000091.1,NC_003485.1,20000,1,DNABERT-S-only,6,17,6,100.0,20.492403173395005,99.16666666666667,33.96588854336288,89.72692263714647,0.42592125542595516,119000,461703,3922332,1000,6,1500.0,0.7151979565772669,-4000.0,1000.0,50.0,58.333333333333336,58.333333333333336,0.12252957058221997,0.037702123816166985,0.4655433383022851,0.14424040977760788
AC_000091.1,NC_003485.1,20000,1,SAGE-GI,6,16,6,100.0,20.706347452510254,99.16666666666667,34.259244598051254,89.86013652202969,0.4284724022708534,119000,455703,3928332,1000,6,4500.0,0.6226053639846744,-11500.0,1000.0,41.66666666666667,50.0,50.0,0.12252957058221997,0.037702123816166985,0.4655433383022851,0.14424040977760788
AC_000091.1,NC_003485.1,20000,1,SAGE-GI/no-refine,6,16,6,100.0,24.315961605096625,100.0,39.119613107026375,91.70736905907702,0.47163900132799164,120000,373503,4010532,0,6,9150.0,0.49919184383936344,-14100.0,6050.0,0.0,0.0,41.66666666666667,0.12252957058221997,0.037702123816166985,0.4655433383022851,0.14424040977760788
AC_000091.1,NC_003485.1,40000,0,Comp-only,6,16,6,100.0,47.52507915558911,93.625,63.04687269834722,94.30361145622817,0.6440620039045744,224700,248103,4135932,15300,6,6350.0,0.7514891546106479,-6700.0,-3450.0,0.0,0.0,33.33333333333333,0.12252957058221997,0.037702123816166985,0.4655433383022851,0.14424040977760788
AC_000091.1,NC_003485.1,40000,0,DNABERT-2-only,6,14,6,100.0,47.44767687327852,98.33333333333333,64.00954718669904,94.2606403281982,0.6613498760713,236000,261390,4122645,4000,6,500.0,0.9261904761904762,0.0,1000.0,58.333333333333336,66.66666666666666,75.0,0.12252957058221997,0.037702123816166985,0.4655433383022851,0.14424040977760788
AC_000091.1,NC_003485.1,40000,0,DNABERT-S-only,6,13,6,100.0,40.08665398369475,100.0,57.2312248793673,92.24264089696554,0.606685688535813,240000,358703,4025332,0,6,500.0,0.7360321177651388,-500.0,4500.0,58.333333333333336,58.333333333333336,66.66666666666666,0.12252957058221997,0.037702123816166985,0.4655433383022851,0.14424040977760788
AC_000091.1,NC_003485.1,40000,0,SAGE-GI,6,16,6,100.0,36.82659125399147,100.0,53.82958227122708,91.09645580104822,0.577652322553487,240000,411703,3972332,0,6,500.0,0.7360321177651388,-500.0,4500.0,58.333333333333336,58.333333333333336,66.66666666666666,0.12252957058221997,0.037702123816166985,0.4655433383022851,0.14424040977760788
AC_000091.1,NC_003485.1,40000,0,SAGE-GI/no-refine,6,17,6,100.0,41.37310437917071,100.0,58.53037543577694,92.64523300537302,0.6177671763470939,240000,340087,4043948,0,6,3800.0,0.7664757749295519,-3700.0,3800.0,0.0,0.0,66.66666666666666,0.12252957058221997,0.037702123816166985,0.4655433383022851,0.14424040977760788
AC_000091.1,NC_003485.1,40000,1,Comp-only,6,15,6,100.0,50.6833362579563,92.66666666666666,65.5271116951457,94.93941979245399,0.6640468180937189,222400,216403,4167632,17600,6,6050.0,0.6463755500749553,-15700.0,-3800.0,0.0,8.333333333333332,41.66666666666667,0.12252957058221997,0.037702123816166985,0.4655433383022851,0.14424040977760788
AC_000091.1,NC_003485.1,40000,1,DNABERT-2-only,6,13,6,100.0,48.637538411445085,99.58333333333333,65.35500895555039,94.520153934821,0.6753673293934649,239000,252390,4131645,1000,6,2000.0,0.7908653846153846,-10000.0,500.0,41.66666666666667,58.333333333333336,58.333333333333336,0.12252957058221997,0.037702123816166985,0.4655433383022851,0.14424040977760788
AC_000091.1,NC_003485.1,40000,1,DNABERT-S-only,6,15,6,100.0,38.35685620813709,100.0,55.44626736883204,91.65873528206426,0.5914580161715465,240000,385703,3998332,0,6,4500.0,0.7653061224489797,-7500.0,1000.0,41.66666666666667,50.0,50.0,0.12252957058221997,0.037702123816166985,0.4655433383022851,0.14424040977760788
AC_000091.1,NC_003485.1,40000,1,SAGE-GI,6,16,6,100.0,36.65784332743244,100.0,53.6490880213881,91.03157739939253,0.5761096657508885,240000,414703,3969332,0,6,3500.0,0.7855217558721602,-7500.0,1000.0,41.66666666666667,50.0,58.333333333333336,0.12252957058221997,0.037702123816166985,0.4655433383022851,0.14424040977760788
AC_000091.1,NC_003485.1,40000,1,SAGE-GI/no-refine,6,16,6,100.0,41.55822567155496,100.0,58.715380860987665,92.70111493533246,0.619345493290964,240000,337503,4046532,0,6,5250.0,0.7143221592938416,-10650.0,3800.0,0.0,0.0,50.0,0.12252957058221997,0.037702123816166985,0.4655433383022851,0.14424040977760788
AC_000091.1,NC_003485.1,80000,0,Comp-only,6,10,6,100.0,86.86334925859344,96.4375,91.40038661040609,98.20918229412412,0.9055789744957241,462900,70006,4314029,17100,6,5950.0,0.8682022040860191,-6400.0,-4000.0,8.333333333333332,8.333333333333332,41.66666666666667,0.12252957058221997,0.037702123816166985,0.4655433383022851,0.14424040977760788
AC_000091.1,NC_003485.1,80000,0,DNABERT-2-only,6,9,6,100.0,81.7471726216249,98.33333333333333,89.2764259166438,97.66880789303531,0.8845367683702412,472000,105390,4278645,8000,6,1000.0,0.9567073170731707,500.0,1000.0,58.333333333333336,66.66666666666666,75.0,0.12252957058221997,0.037702123816166985,0.4655433383022851,0.14424040977760788
AC_000091.1,NC_003485.1,80000,0,DNABERT-S-only,6,10,6,100.0,71.17543261317635,100.0,83.16080354126422,96.00352382332775,0.8247392513851617,480000,194390,4189645,0,6,500.0,0.8838444820091765,-500.0,1000.0,58.333333333333336,66.66666666666666,75.0,0.12252957058221997,0.037702123816166985,0.4655433383022851,0.14424040977760788
AC_000091.1,NC_003485.1,80000,0,SAGE-GI,6,9,6,100.0,75.66323554911017,100.0,86.14578379202972,96.82588632688703,0.8543924600299599,480000,154390,4229645,0,6,500.0,0.8838444820091765,-500.0,1000.0,58.333333333333336,66.66666666666666,75.0,0.12252957058221997,0.037702123816166985,0.4655433383022851,0.14424040977760788
AC_000091.1,NC_003485.1,80000,0,SAGE-GI/no-refine,6,12,6,100.0,79.43206076552649,100.0,88.53719945770966,97.4447141108154,0.8785221374237046,480000,124290,4259745,0,6,3500.0,0.8756678341441148,-3400.0,3600.0,0.0,8.333333333333332,66.66666666666666,0.12252957058221997,0.037702123816166985,0.4655433383022851,0.14424040977760788
AC_000091.1,NC_010380.1,5000,0,Comp-only,6,12,1,16.666666666666664,1.372860739752281,16.666666666666664,2.5367640530386626,91.2958778079467,0.02530209715481506,5000,359203,4024832,25000,1,12400.0,0.16778523489932887,-14600.0,10200.0,0.0,0.0,0.0,0.11168678681135902,0.036514096595577805,0.4559869512616203,0.1386768602711298
AC_000091.1,NC_010380.1,5000,0,DNABERT-2-only,6,11,1,16.666666666666664,1.314440442703541,16.666666666666664,2.4367065474304934,90.9291611869865,0.02372652057116845,5000,375390,4008645,25000,1,11000.0,0.18518518518518517,-8000.0,14000.0,0.0,0.0,0.0,0.11168678681135902,0.036514096595577805,0.4559869512616203,0.1386768602711298
AC_000091.1,NC_010380.1,5000,0,DNABERT-S-only,6,14,2,33.33333333333333,1.8060223621688885,33.33333333333333,3.4264000698985617,87.22930380026438,0.051921369260601404,10000,543703,3840332,20000,2,9500.0,0.13163919413919414,-1000.0,51500.0,25.0,50.0,50.0,0.11168678681135902,0.036514096595577805,0.4559869512616203,0.1386768602711298
AC_000091.1,NC_010380.1,5000,0,SAGE-GI,6,12,2,33.33333333333333,2.01327553890353,33.33333333333333,3.797206395255011,88.52063927902701,0.05779964376491772,10000,486703,3897332,20000,2,9500.0,0.13163919413919414,-1000.0,51500.0,25.0,50.0,50.0,0.11168678681135902,0.036514096595577805,0.4559869512616203,0.1386768602711298
AC_000091.1,NC_010380.1,5000,0,SAGE-GI/no-refine,6,13,2,33.33333333333333,1.7759597727700096,25.5,3.3206511948918402,89.90825854348685,0.04387983168132443,7650,423103,3960932,22350,2,12100.0,0.15030865754991507,-3450.0,15250.0,0.0,25.0,25.0,0.11168678681135902,0.036514096595577805,0.4559869512616203,0.1386768602711298
AC_000091.1,NC_003485.1,80000,1,Comp-only,6,9,6,100.0,86.3287617072543,96.4375,91.1035754561575,98.14133738758048,0.9024153760061744,462900,73306,4310729,17100,6,6450.0,0.836743206737645,-12250.0,-3250.0,0.0,8.333333333333332,41.66666666666667,0.12252957058221997,0.037702123816166985,0.4655433383022851,0.14424040977760788
AC_000091.1,NC_003485.1,80000,1,DNABERT-2-only,6,10,6,100.0,77.09875443398823,99.16666666666667,86.75129170121834,97.01091789018787,0.8595311224322348,476000,141390,4242645,4000,6,3000.0,0.8863636363636364,-6500.0,500.0,33.33333333333333,50.0,66.66666666666666,0.12252957058221997,0.037702123816166985,0.4655433383022851,0.14424040977760788
AC_000091.1,NC_003485.1,80000,1,DNABERT-S-only,6,12,6,100.0,71.07004841647048,100.0,83.08882714927427,95.98296476073877,0.8240301011325326,480000,195390,4188645,0,6,1500.0,0.9092083171897197,-4000.0,1000.0,50.0,58.333333333333336,66.66666666666666,0.12252957058221997,0.037702123816166985,0.4655433383022851,0.14424040977760788
AC_000091.1,NC_003485.1,80000,1,SAGE-GI,6,12,6,100.0,70.75575996108434,100.0,82.87364359153653,95.92128757297182,0.8219115611295084,480000,198390,4185645,0,6,1500.0,0.9092083171897197,-4000.0,1000.0,50.0,58.333333333333336,66.66666666666666,0.12252957058221997,0.037702123816166985,0.4655433383022851,0.14424040977760788
AC_000091.1,NC_003485.1,80000,1,SAGE-GI/no-refine,6,14,6,100.0,73.77351530800442,100.0,84.90766291657822,96.49180155981608,0.8420334037927689,480000,170640,4213395,0,6,3500.0,0.8715258823250184,-7150.0,3150.0,0.0,0.0,58.333333333333336,0.12252957058221997,0.037702123816166985,0.4655433383022851,0.14424040977760788
AC_000091.1,NC_010380.1,5000,1,Comp-only,6,14,3,50.0,3.386882432126015,39.33333333333333,6.236737023755097,91.96193505488742,0.09645851075696577,11800,336603,4047432,18200,3,10000.0,0.09671179883945841,-30700.0,6400.0,0.0,33.33333333333333,33.33333333333333,0.11168678681135902,0.036514096595577805,0.4559869512616203,0.1386768602711298
AC_000091.1,NC_010380.1,5000,1,DNABERT-2-only,6,14,4,66.66666666666666,4.049617909805188,50.16666666666667,7.494273478737176,91.5827581793076,0.12436716179559063,15050,356590,4027445,14950,4,7950.0,0.1556513409961686,-18000.0,1000.0,25.0,37.5,50.0,0.11168678681135902,0.036514096595577805,0.4559869512616203,0.1386768602711298
AC_000091.1,NC_010380.1,5000,1,DNABERT-S-only,6,15,4,66.66666666666666,3.8116801314267312,66.66666666666666,7.211066102040192,88.33939921183226,0.14001781642314773,20000,504703,3879332,10000,4,15500.0,0.1422275641025641,-16000.0,13000.0,25.0,37.5,37.5,0.11168678681135902,0.036514096595577805,0.4559869512616203,0.1386768602711298
AC_000091.1,NC_010380.1,5000,1,SAGE-GI,6,15,4,66.66666666666666,4.092465157774763,66.66666666666666,7.71154205778644,89.15497951420865,0.14656665584739825,20000,468703,3915332,10000,4,12000.0,0.19717261904761904,-20500.0,5000.0,25.0,37.5,37.5,0.11168678681135902,0.036514096595577805,0.4559869512616203,0.1386768602711298
AC_000091.1,NC_010380.1,5000,1,SAGE-GI/no-refine,6,16,4,66.66666666666666,4.633351326180983,66.66666666666666,8.664516422507814,90.44744774339125,0.15843017179051197,20000,411653,3972382,10000,4,15350.0,0.1535186859553948,-24400.0,7650.0,0.0,0.0,37.5,0.11168678681135902,0.036514096595577805,0.4559869512616203,0.1386768602711298
AC_000091.1,NC_010380.1,10000,0,Comp-only,6,14,3,50.0,5.6167536738555865,35.66666666666667,9.705149398076658,91.03960702379706,0.1132110520360835,21400,359603,4024432,38600,3,8350.0,0.2915451895043732,-14200.0,7000.0,0.0,16.666666666666664,16.666666666666664,0.11168678681135902,0.036514096595577805,0.4559869512616203,0.1386768602711298
AC_000091.1,NC_010380.1,10000,0,DNABERT-2-only,6,11,2,33.33333333333333,5.102177824323961,31.666666666666664,8.788362358056386,91.12540742815932,0.09832136680705118,19000,353390,4030645,41000,2,7500.0,0.24702380952380953,500.0,44000.0,50.0,50.0,50.0,0.11168678681135902,0.036514096595577805,0.4559869512616203,0.1386768602711298
AC_000091.1,NC_010380.1,10000,0,DNABERT-S-only,6,15,2,33.33333333333333,3.498319931852728,33.33333333333333,6.332089605400007,86.68545589762456,0.07152166153700017,20000,551703,3832332,40000,2,9500.0,0.22449712643678163,-1000.0,51500.0,25.0,50.0,50.0,0.11168678681135902,0.036514096595577805,0.4559869512616203,0.1386768602711298
AC_000091.1,NC_010380.1,10000,0,SAGE-GI,6,13,2,33.33333333333333,3.85577102889322,33.33333333333333,6.91200840500222,87.87806576680876,0.07892341113592294,20000,498703,3885332,40000,2,9500.0,0.22449712643678163,-1000.0,51500.0,25.0,50.0,50.0,0.11168678681135902,0.036514096595577805,0.4559869512616203,0.1386768602711298
AC_000091.1,NC_010380.1,10000,0,SAGE-GI/no-refine,6,14,2,33.33333333333333,4.036263559868141,28.916666666666668,7.083757780395343,89.75811396624914,0.07616488699060849,17350,412503,3971532,42650,2,11800.0,0.2954326951608883,-3300.0,14850.0,0.0,0.0,25.0,0.11168678681135902,0.036514096595577805,0.4559869512616203,0.1386768602711298
AC_000091.1,NC_010380.1,10000,1,Comp-only,6,15,5,83.33333333333334,11.559686779993825,73.0,19.95885195589914,92.09495424766007,0.2700838792236447,43800,335103,4048932,16200,5,10650.0,0.23684210526315788,-20400.0,4800.0,0.0,0.0,30.0,0.11168678681135902,0.036514096595577805,0.4559869512616203,0.1386768602711298
AC_000091.1,NC_010380.1,10000,1,DNABERT-2-only,6,14,5,83.33333333333334,13.179050581196131,83.33333333333334,22.75882473429072,92.36302144335046,0.31314233865683044,50000,329390,4054645,10000,5,4000.0,0.45454545454545453,-12000.0,0.0,50.0,50.0,50.0,0.11168678681135902,0.036514096595577805,0.4559869512616203,0.1386768602711298
AC_000091.1,NC_010380.1,10000,1,DNABERT-S-only,6,16,5,83.33333333333334,9.439251807144759,83.33333333333334,16.95768887049922,88.98066734397906,0.2578421436534226,50000,479703,3904332,10000,5,7500.0,0.38461538461538464,-16000.0,2000.0,30.0,40.0,40.0,0.11168678681135902,0.036514096595577805,0.4559869512616203,0.1386768602711298
AC_000091.1,NC_010380.1,10000,1,SAGE-GI,6,15,5,83.33333333333334,9.247220747804247,83.33333333333334,16.647161742158765,88.73314454094083,0.2546794600456448,50000,490703,3893332,10000,5,7500.0,0.38461538461538464,-16000.0,2000.0,30.0,40.0,40.0,0.11168678681135902,0.036514096595577805,0.4559869512616203,0.1386768602711298
AC_000091.1,NC_010380.1,10000,1,SAGE-GI/no-refine,6,16,5,83.33333333333334,10.973262548474388,83.33333333333334,19.3928863014469,90.64694584988642,0.2818384902467462,50000,405653,3978382,10000,5,11150.0,0.2808988764044944,-22650.0,10350.0,0.0,0.0,30.0,0.11168678681135902,0.036514096595577805,0.4559869512616203,0.1386768602711298
AC_000091.1,NC_010380.1,20000,0,Comp-only,6,17,6,100.0,26.307763641728428,88.41666666666667,40.55012105797214,93.09279346186253,0.4604374799863475,106100,297203,4086832,13900,6,6300.0,0.5438405797101449,-10450.0,-2950.0,0.0,0.0,33.33333333333333,0.11168678681135902,0.036514096595577805,0.4559869512616203,0.1386768602711298
AC_000091.1,NC_010380.1,20000,0,DNABERT-2-only,6,14,6,100.0,27.5449940474801,98.33333333333333,43.0350662849432,93.06421908355507,0.5009086083413683,118000,310390,4073645,2000,6,500.0,0.9045454545454545,0.0,1000.0,66.66666666666666,75.0,75.0,0.11168678681135902,0.036514096595577805,0.4559869512616203,0.1386768602711298
AC_000091.1,NC_010380.1,20000,0,DNABERT-S-only,6,17,6,100.0,20.11050723726879,100.0,33.48667439650734,89.41609023908562,0.423364718729657,120000,476703,3907332,0,6,0.0,0.7564102564102564,0.0,0.0,66.66666666666666,75.0,75.0,0.11168678681135902,0.036514096595577805,0.4559869512616203,0.1386768602711298
AC_000091.1,NC_010380.1,20000,0,SAGE-GI,6,16,6,100.0,20.043326991847376,100.0,33.39348799156258,89.37168561079122,0.4225488066535338,120000,478703,3905332,0,6,0.0,0.7564102564102564,0.0,0.0,66.66666666666666,75.0,75.0,0.11168678681135902,0.036514096595577805,0.4559869512616203,0.1386768602711298
AC_000091.1,NC_010380.1,20000,0,SAGE-GI/no-refine,6,17,6,100.0,23.11679955615745,100.0,37.55263236129388,91.1389898169086,0.45839229042125673,120000,399103,3984932,0,6,3700.0,0.6302154930395555,-3600.0,3800.0,0.0,0.0,66.66666666666666,0.11168678681135902,0.036514096595577805,0.4559869512616203,0.1386768602711298
AC_000091.1,NC_010380.1,20000,1,Comp-only,6,16,6,100.0,26.536866073880383,91.0,41.091019241659964,93.04838883356811,0.47007169144852706,109200,302303,4081732,10800,6,7700.0,0.45476033141869565,-16700.0,1250.0,0.0,0.0,25.0,0.11168678681135902,0.036514096595577805,0.4559869512616203,0.1386768602711298
AC_000091.1,NC_010380.1,20000,1,DNABERT-2-only,6,14,6,100.0,28.040246000141376,99.16666666666667,43.71865758004371,93.19743296843829,0.5082391718459125,119000,305390,4078645,1000,6,4500.0,0.6517857142857143,-10000.0,0.0,50.0,50.0,50.0,0.11168678681135902,0.036514096595577805,0.4559869512616203,0.1386768602711298
AC_000091.1,NC_010380.1,20000,1,DNABERT-S-only,6,16,6,100.0,20.34922664459906,100.0,33.81696287038381,89.57150643811605,0.4262513595522537,120000,469703,3914332,0,6,4500.0,0.6226053639846744,-7500.0,1000.0,41.66666666666667,50.0,50.0,0.11168678681135902,0.036514096595577805,0.4559869512616203,0.1386768602711298
AC_000091.1,NC_010380.1,20000,1,SAGE-GI,6,16,6,100.0,20.593681515283084,100.0,34.153831704148125,89.72692263714647,0.4291872348082504,120000,462703,3921332,0,6,4500.0,0.6226053639846744,-11500.0,1000.0,41.66666666666667,50.0,50.0,0.11168678681135902,0.036514096595577805,0.4559869512616203,0.1386768602711298
AC_000091.1,NC_010380.1,20000,1,SAGE-GI/no-refine,6,16,6,100.0,24.32088982028889,100.0,39.12599058041777,91.70958929049175,0.471692673971974,120000,373403,4010632,0,6,9400.0,0.49696640852365215,-14050.0,6350.0,0.0,0.0,41.66666666666667,0.11168678681135902,0.036514096595577805,0.4559869512616203,0.1386768602711298
AC_000091.1,NC_010380.1,40000,0,Comp-only,6,17,6,100.0,47.42066917219734,95.0,63.26277776313361,94.27333486878884,0.6485113902647435,228000,252803,4131232,12000,6,6200.0,0.7138245030231093,-10200.0,-2350.0,0.0,8.333333333333332,33.33333333333333,0.11168678681135902,0.036514096595577805,0.4559869512616203,0.1386768602711298
AC_000091.1,NC_010380.1,40000,0,DNABERT-2-only,6,13,6,100.0,50.06697555941062,95.0,65.57471347013907,94.82291980921424,0.6686421048105861,228000,227390,4156645,12000,6,1000.0,0.875,500.0,1000.0,58.333333333333336,66.66666666666666,66.66666666666666,0.11168678681135902,0.036514096595577805,0.4559869512616203,0.1386768602711298
AC_000091.1,NC_010380.1,40000,0,DNABERT-S-only,6,13,6,100.0,39.55807042325487,100.0,56.69048060535985,92.06963182588368,0.6020733516920372,240000,366703,4017332,0,6,0.0,0.8156737305077968,-500.0,0.0,66.66666666666666,66.66666666666666,75.0,0.11168678681135902,0.036514096595577805,0.4559869512616203,0.1386768602711298
AC_000091.1,NC_010380.1,40000,0,SAGE-GI,6,15,6,100.0,37.40047966115165,100.0,54.44010057808582,91.31271713990054,0.5828681324283488,240000,401703,3982332,0,6,0.0,0.8156737305077968,-500.0,0.0,66.66666666666666,66.66666666666666,75.0,0.11168678681135902,0.036514096595577805,0.4559869512616203,0.1386768602711298
AC_000091.1,NC_010380.1,40000,0,SAGE-GI/no-refine,6,16,6,100.0,42.72842348140512,100.0,59.87374124814298,93.04315386886128,0.62923082591598,240000,321687,4062348,0,6,3900.0,0.7641147979469385,-3650.0,4200.0,0.0,0.0,66.66666666666666,0.11168678681135902,0.036514096595577805,0.4559869512616203,0.1386768602711298
AC_000091.1,NC_010380.1,40000,1,Comp-only,6,16,6,100.0,51.14838509416004,93.375,66.09283964744587,95.02735165283134,0.6702723713440673,224100,214037,4169998,15900,6,7250.0,0.6600399150408027,-15150.0,-3600.0,0.0,0.0,33.33333333333333,0.11168678681135902,0.036514096595577805,0.4559869512616203,0.1386768602711298
AC_000091.1,NC_010380.1,40000,1,DNABERT-2-only,6,13,6,100.0,51.81573711712105,98.75,67.96770816903025,95.16893795137797,0.6963887460339717,237000,220390,4163645,3000,6,2500.0,0.7700320512820513,-10000.0,500.0,41.66666666666667,50.0,58.333333333333336,0.11168678681135902,0.036514096595577805,0.4559869512616203,0.1386768602711298
AC_000091.1,NC_010380.1,40000,1,DNABERT-S-only,6,15,6,100.0,36.82659125399147,100.0,53.82958227122708,91.09645580104822,0.577652322553487,240000,411703,3972332,0,6,4500.0,0.7653061224489797,-7500.0,1000.0,41.66666666666667,50.0,50.0,0.11168678681135902,0.036514096595577805,0.4559869512616203,0.1386768602711298
AC_000091.1,NC_010380.1,40000,1,SAGE-GI,6,15,6,100.0,38.91662599338741,100.0,56.028752087946465,91.85337048703136,0.5964283055092906,240000,376703,4007332,0,6,4500.0,0.7653061224489797,-7500.0,1000.0,41.66666666666667,50.0,50.0,0.11168678681135902,0.036514096595577805,0.4559869512616203,0.1386768602711298
AC_000091.1,NC_010380.1,40000,1,SAGE-GI/no-refine,6,15,6,100.0,44.82738654468636,100.0,61.90457152363916,93.61192119004289,0.6465834216190004,240000,295387,4088648,0,6,7950.0,0.7174939833464177,-10550.0,5100.0,0.0,0.0,41.66666666666667,0.11168678681135902,0.036514096595577805,0.4559869512616203,0.1386768602711298
AC_000091.1,NC_010380.1,80000,0,Comp-only,6,10,6,100.0,84.34801217251898,96.89583333333334,90.18756920165289,97.91929951161947,0.8929794371152122,465100,86306,4297729,14900,6,5700.0,0.871160145128373,-6550.0,-3250.0,0.0,8.333333333333332,41.66666666666667,0.11168678681135902,0.036514096595577805,0.4559869512616203,0.1386768602711298
AC_000091.1,NC_010380.1,80000,0,DNABERT-2-only,6,9,6,100.0,79.01857600557778,99.16666666666667,87.9535102874195,97.3193038290226,0.8717318461095764,476000,126390,4257645,4000,6,1000.0,0.9694277108433735,0.0,1000.0,58.333333333333336,75.0,75.0,0.11168678681135902,0.036514096595577805,0.4559869512616203,0.1386768602711298
AC_000091.1,NC_010380.1,80000,0,DNABERT-S-only,6,10,6,100.0,71.13262745214512,99.79166666666667,83.05950285679606,95.98296476073877,0.8234538740089824,479000,194390,4189645,1000,6,500.0,0.8897896039603961,-500.0,0.0,66.66666666666666,66.66666666666666,75.0,0.11168678681135902,0.036514096595577805,0.4559869512616203,0.1386768602711298
AC_000091.1,NC_010380.1,80000,0,SAGE-GI,6,11,6,100.0,72.42322986437654,99.79166666666667,83.9327486661001,96.22967351180655,0.8320850502214228,479000,182390,4201645,1000,6,500.0,0.89375,-500.0,0.0,66.66666666666666,66.66666666666666,75.0,0.11168678681135902,0.036514096595577805,0.4559869512616203,0.1386768602711298
AC_000091.1,NC_010380.1,80000,0,SAGE-GI/no-refine,6,13,6,100.0,76.38568404971436,100.0,86.61211306489594,96.94924070242094,0.8590704025020736,480000,148390,4235645,0,6,3350.0,0.8743778694246498,-3450.0,3250.0,0.0,16.666666666666664,66.66666666666666,0.11168678681135902,0.036514096595577805,0.4559869512616203,0.1386768602711298
AC_000091.1,NC_010380.1,80000,1,Comp-only,6,9,6,100.0,84.98256344814689,96.5625,90.40321589692277,97.97686488686863,0.8950518555301926,463500,81906,4302129,16500,6,6200.0,0.8417094017094018,-11800.0,-3200.0,0.0,8.333333333333332,41.66666666666667,0.11168678681135902,0.036514096595577805,0.4559869512616203,0.1386768602711298
AC_000091.1,NC_010380.1,80000,1,DNABERT-2-only,6,10,6,100.0,75.7443982352662,99.79166666666667,86.12087487302115,96.82588632688703,0.8538950350251777,479000,153390,4230645,1000,6,1500.0,0.9195402298850575,-6000.0,500.0,50.0,58.333333333333336,66.66666666666666,0.11168678681135902,0.036514096595577805,0.4559869512616203,0.1386768602711298
AC_000091.1,NC_010380.1,80000,1,DNABERT-S-only,6,11,6,100.0,70.13544908604743,100.0,82.44660294231313,95.79793319743793,0.8177140933720309,480000,204390,4179645,0,6,1000.0,0.9092083171897197,-4000.0,500.0,58.333333333333336,66.66666666666666,66.66666666666666,0.11168678681135902,0.036514096595577805,0.4559869512616203,0.1386768602711298
AC_000091.1,NC_010380.1,80000,1,SAGE-GI,6,13,6,100.0,68.7295064362319,100.0,81.46708644845934,95.51010632119218,0.8081197751721664,480000,218390,4165645,0,6,1000.0,0.9092083171897197,-4000.0,500.0,58.333333333333336,66.66666666666666,66.66666666666666,0.11168678681135902,0.036514096595577805,0.4559869512616203,0.1386768602711298
AC_000091.1,NC_010380.1,80000,1,SAGE-GI/no-refine,6,14,6,100.0,73.25560100115987,100.0,84.56361650399916,96.39722987190676,0.8386143661430255,480000,175240,4208795,0,6,3100.0,0.8676789587852495,-8300.0,3050.0,0.0,8.333333333333332,58.333333333333336,0.11168678681135902,0.036514096595577805,0.4559869512616203,0.1386768602711298
AC_000091.1,NC_007432.1,5000,0,Comp-only,6,12,1,16.666666666666664,1.382731891051789,16.666666666666664,2.553606586262107,91.35478082978499,0.02556242432559622,5000,356603,4027432,25000,1,12500.0,0.16666666666666666,-14600.0,10400.0,0.0,0.0,0.0,0.15177144996305897,0.043595826710957776,0.5439156875425124,0.18207831121371965
AC_000091.1,NC_007432.1,5000,0,DNABERT-2-only,6,11,1,16.666666666666664,1.3797290212202324,16.666666666666664,2.5484849257116644,91.33695133817471,0.025483404952667942,5000,357390,4026645,25000,1,10000.0,0.2,-6000.0,14000.0,0.0,0.0,0.0,0.15177144996305897,0.043595826710957776,0.5439156875425124,0.18207831121371965
AC_000091.1,NC_007432.1,5000,0,DNABERT-S-only,6,14,2,33.33333333333333,1.758387066711447,33.33333333333333,3.3405544986412297,86.88947867427423,0.05049280270723713,10000,558703,3825332,20000,2,9500.0,0.13163919413919414,-1000.0,51500.0,25.0,50.0,50.0,0.15177144996305897,0.043595826710957776,0.5439156875425124,0.18207831121371965
AC_000091.1,NC_007432.1,5000,0,SAGE-GI,6,12,2,33.33333333333333,1.9774452593716074,33.33333333333333,3.7334119838791273,88.31674420343292,0.05681935228085606,10000,495703,3888332,20000,2,9500.0,0.13163919413919414,-1000.0,51500.0,25.0,50.0,50.0,0.15177144996305897,0.043595826710957776,0.5439156875425124,0.18207831121371965
AC_000091.1,NC_007432.1,5000,0,SAGE-GI/no-refine,6,13,2,33.33333333333333,1.8207319107348006,25.833333333333336,3.40171139002706,90.02833008800339,0.04537162553527432,7750,417903,3966132,22250,2,12000.0,0.15344460558566353,-3450.0,15200.0,0.0,25.0,25.0,0.15177144996305897,0.043595826710957776,0.5439156875425124,0.18207831121371965
AC_000091.1,NC_007432.1,5000,1,Comp-only,6,15,4,66.66666666666666,4.802219190232851,56.666666666666664,8.854097494029995,92.07067909520428,0.1481647212970546,17000,337003,4047032,13000,4,8200.0,0.1728782897936159,-19600.0,7300.0,12.5,12.5,25.0,0.15177144996305897,0.043595826710957776,0.5439156875425124,0.18207831121371965
AC_000091.1,NC_007432.1,5000,1,DNABERT-2-only,6,13,4,66.66666666666666,4.49197010653522,56.49999999999999,8.322286050964797,91.53971366334885,0.1418668493682818,16950,360390,4023645,13050,4,7525.0,0.1556513409961686,-18000.0,1000.0,25.0,37.5,50.0,0.15177144996305897,0.043595826710957776,0.5439156875425124,0.18207831121371965
AC_000091.1,NC_007432.1,5000,1,DNABERT-S-only,6,15,4,66.66666666666666,3.5710897462288753,66.5,6.778186809546541,87.56799617583458,0.1339644629797742,19950,538703,3845332,10050,4,18625.0,0.1439144736842105,-12500.0,18625.0,25.0,37.5,37.5,0.15177144996305897,0.043595826710957776,0.5439156875425124,0.18207831121371965
AC_000091.1,NC_007432.1,5000,1,SAGE-GI,6,15,5,83.33333333333334,4.184290623263003,67.5,7.880097985613471,89.27391830830521,0.14968641442520142,20250,463703,3920332,9750,5,9425.0,0.15625,-16000.0,8000.0,20.0,30.0,40.0,0.15177144996305897,0.043595826710957776,0.5439156875425124,0.18207831121371965
AC_000091.1,NC_007432.1,5000,1,SAGE-GI/no-refine,6,15,5,83.33333333333334,4.8771323906619175,67.5,9.096973740069137,90.83145013576014,0.16462305525450222,20250,394953,3989082,9750,5,11450.0,0.1488095238095238,-23050.0,10850.0,0.0,0.0,40.0,0.15177144996305897,0.043595826710957776,0.5439156875425124,0.18207831121371965
AC_000091.1,NC_007432.1,10000,0,Comp-only,6,14,3,50.0,6.0072979488618925,38.166666666666664,10.380709106692382,91.1026128282068,0.12360925411895488,22900,358303,4025732,37100,3,8900.0,0.29069767441860467,-14600.0,8000.0,16.666666666666664,16.666666666666664,16.666666666666664,0.15177144996305897,0.043595826710957776,0.5439156875425124,0.18207831121371965
AC_000091.1,NC_007432.1,10000,0,DNABERT-2-only,6,11,2,33.33333333333333,5.216620151803646,33.33333333333333,9.02140327928009,90.92288877112804,0.10294499991654756,20000,363390,4020645,40000,2,10000.0,0.22619047619047616,-3000.0,44000.0,25.0,25.0,25.0,0.15177144996305897,0.043595826710957776,0.5439156875425124,0.18207831121371965
AC_000091.1,NC_007432.1,10000,0,DNABERT-S-only,6,13,2,33.33333333333333,3.954890518743215,33.33333333333333,7.07084813055614,88.17059271585394,0.08087702720675302,20000,485703,3898332,40000,2,10000.0,0.21875,-1500.0,51500.0,25.0,25.0,50.0,0.15177144996305897,0.043595826710957776,0.5439156875425124,0.18207831121371965
AC_000091.1,NC_007432.1,10000,0,SAGE-GI,6,14,3,50.0,6.003566118274255,50.0,10.719971127544431,88.75564661394431,0.14351865869285776,30000,469703,3914332,30000,3,1500.0,0.3333333333333333,0.0,17000.0,50.0,50.0,66.66666666666666,0.15177144996305897,0.043595826710957776,0.5439156875425124,0.18207831121371965
AC_000091.1,NC_007432.1,10000,0,SAGE-GI/no-refine,6,15,3,50.0,6.25137814472736,45.83333333333333,11.00213441407633,89.98876021453476,0.1407655225631425,27500,412403,3971632,32500,3,8200.0,0.3319919517102616,-7250.0,14850.0,16.666666666666664,33.33333333333333,33.33333333333333,0.15177144996305897,0.043595826710957776,0.5439156875425124,0.18207831121371965
AC_000091.1,NC_007432.1,10000,1,Comp-only,6,15,5,83.33333333333334,11.637503482138905,74.5,20.13046522991288,92.01844719944825,0.2741789148938329,44700,339403,4044632,15300,5,10400.0,0.2532467532467532,-20800.0,6600.0,0.0,10.0,20.0,0.15177144996305897,0.043595826710957776,0.5439156875425124,0.18207831121371965
AC_000091.1,NC_007432.1,10000,1,DNABERT-2-only,6,14,5,83.33333333333334,12.645742178608463,83.33333333333334,21.95919980675904,92.00298827529487,0.30586713828075696,50000,345390,4038645,10000,5,8000.0,0.45454545454545453,-12000.0,0.0,40.0,40.0,40.0,0.15177144996305897,0.043595826710957776,0.5439156875425124,0.18207831121371965
AC_000091.1,NC_007432.1,10000,1,DNABERT-S-only,6,16,5,83.33333333333334,8.822963704091915,83.33333333333334,15.956521669754256,88.14809064285048,0.24754932399330276,50000,516703,3867332,10000,5,4000.0,0.2777777777777778,-7000.0,1000.0,50.0,50.0,50.0,0.15177144996305897,0.043595826710957776,0.5439156875425124,0.18207831121371965
AC_000091.1,NC_007432.1,10000,1,SAGE-GI,6,15,5,83.33333333333334,9.676738861589733,83.33333333333334,17.33994794547627,89.27319429302425,0.2617007576902952,50000,466703,3917332,10000,5,7500.0,0.38461538461538464,-16000.0,1000.0,40.0,40.0,40.0,0.15177144996305897,0.043595826710957776,0.5439156875425124,0.18207831121371965
AC_000091.1,NC_007432.1,10000,1,SAGE-GI/no-refine,6,15,5,83.33333333333334,11.257382028265035,83.33333333333334,19.835248426568917,90.90571968942639,0.2860625506959193,50000,394153,3989882,10000,5,11300.0,0.273972602739726,-23450.0,10550.0,0.0,0.0,30.0,0.15177144996305897,0.043595826710957776,0.5439156875425124,0.18207831121371965
AC_000091.1,NC_007432.1,20000,0,Comp-only,6,17,6,100.0,24.56643772966882,89.75,38.57429132723141,92.38453964056673,0.4466155097670796,107700,330703,4053332,12300,6,6450.0,0.5901537046768262,-6700.0,-2250.0,0.0,8.333333333333332,33.33333333333333,0.15177144996305897,0.043595826710957776,0.5439156875425124,0.18207831121371965
AC_000091.1,NC_007432.1,20000,0,DNABERT-2-only,6,15,6,100.0,24.87404877843125,98.33333333333333,39.70457107286462,92.04291263278371,0.473208545183025,118000,356390,4027645,2000,6,500.0,0.9295454545454545,0.0,1000.0,66.66666666666666,75.0,75.0,0.15177144996305897,0.043595826710957776,0.5439156875425124,0.18207831121371965
AC_000091.1,NC_007432.1,20000,0,DNABERT-S-only,6,16,6,100.0,20.34922664459906,100.0,33.81696287038381,89.57150643811605,0.4262513595522537,120000,469703,3914332,0,6,0.0,0.7439024390243902,0.0,0.0,66.66666666666666,66.66666666666666,75.0,0.15177144996305897,0.043595826710957776,0.5439156875425124,0.18207831121371965
AC_000091.1,NC_007432.1,20000,0,SAGE-GI,6,16,6,100.0,19.943394000029915,100.0,33.25467678532582,89.30507866834961,0.4213321853163052,120000,481703,3902332,0,6,0.0,0.7439024390243902,0.0,0.0,66.66666666666666,66.66666666666666,75.0,0.15177144996305897,0.043595826710957776,0.5439156875425124,0.18207831121371965
AC_000091.1,NC_007432.1,20000,0,SAGE-GI/no-refine,6,17,6,100.0,23.02365872798123,100.0,37.429643966107456,91.09236495719949,0.45734733965246066,120000,401203,3982832,0,6,4200.0,0.59375,-5150.0,4050.0,0.0,0.0,58.333333333333336,0.15177144996305897,0.043595826710957776,0.5439156875425124,0.18207831121371965
AC_000091.1,NC_007432.1,20000,1,Comp-only,6,16,6,100.0,24.33833710079539,88.91666666666667,38.21612706235461,92.34013501227233,0.4419642206479407,106700,331703,4052332,13300,6,7200.0,0.46278102585739256,-16450.0,-3150.0,0.0,0.0,33.33333333333333,0.15177144996305897,0.043595826710957776,0.5439156875425124,0.18207831121371965
AC_000091.1,NC_007432.1,20000,1,DNABERT-2-only,6,14,6,100.0,28.002562946439163,98.33333333333333,43.591495964092424,93.2196352825855,0.5055017364351392,118000,303390,4080645,2000,6,1000.0,0.6517857142857143,-10000.0,0.0,58.333333333333336,58.333333333333336,58.333333333333336,0.15177144996305897,0.043595826710957776,0.5439156875425124,0.18207831121371965
AC_000091.1,NC_007432.1,20000,1,DNABERT-S-only,6,17,6,100.0,18.958010396636627,99.16666666666667,31.830820526331983,88.6834138722279,0.4071564636171985,119000,508703,3875332,1000,6,4000.0,0.48611111111111116,-11500.0,500.0,50.0,50.0,50.0,0.15177144996305897,0.043595826710957776,0.5439156875425124,0.18207831121371965
AC_000091.1,NC_007432.1,20000,1,SAGE-GI,6,16,6,100.0,21.530550765962914,99.16666666666667,35.37965491457597,90.34858743326816,0.4381616804176119,119000,433703,3950332,1000,6,4000.0,0.6226053639846744,-11500.0,500.0,50.0,50.0,50.0,0.15177144996305897,0.043595826710957776,0.5439156875425124,0.18207831121371965
AC_000091.1,NC_007432.1,20000,1,SAGE-GI/no-refine,6,16,6,100.0,24.31349824638894,100.0,39.11642514990555,91.70625894336966,0.47161217087237367,120000,373553,4010482,0,6,9150.0,0.48888703854594767,-15100.0,6000.0,0.0,0.0,41.66666666666667,0.15177144996305897,0.043595826710957776,0.5439156875425124,0.18207831121371965
AC_000091.1,NC_007432.1,40000,0,Comp-only,6,16,6,100.0,47.77982380661434,94.16666666666667,63.39384266265359,94.35551417755272,0.6480902096403538,226000,247003,4137032,14000,6,6550.0,0.7037262084075038,-10150.0,-2900.0,0.0,8.333333333333332,33.33333333333333,0.15177144996305897,0.043595826710957776,0.5439156875425124,0.18207831121371965
AC_000091.1,NC_007432.1,40000,0,DNABERT-2-only,6,14,6,100.0,47.56290093726893,99.16666666666667,64.29044152406163,94.28226646208344,0.6653919920376771,238000,262390,4121645,2000,6,0.0,0.975,0.0,0.0,75.0,75.0,75.0,0.15177144996305897,0.043595826710957776,0.5439156875425124,0.18207831121371965
AC_000091.1,NC_007432.1,40000,0,DNABERT-S-only,6,13,6,100.0,39.81910748314799,99.16666666666667,56.82204790958132,92.17776249530984,0.6014566034073127,238000,359703,4024332,2000,6,1000.0,0.8040593286494926,0.0,1000.0,58.333333333333336,66.66666666666666,75.0,0.15177144996305897,0.043595826710957776,0.5439156875425124,0.18207831121371965
AC_000091.1,NC_007432.1,40000,0,SAGE-GI,6,16,6,100.0,34.45764677437336,99.16666666666667,51.144135132260246,90.16653204398322,0.5528758509338866,238000,452703,3931332,2000,6,1000.0,0.8040593286494926,0.0,1000.0,58.333333333333336,66.66666666666666,75.0,0.15177144996305897,0.043595826710957776,0.5439156875425124,0.18207831121371965
AC_000091.1,NC_007432.1,40000,0,SAGE-GI/no-refine,6,17,6,100.0,41.31498718374668,100.0,58.4721946441906,92.62758608012265,0.6172708453253953,240000,340903,4043132,0,6,4000.0,0.7585470085470085,-3950.0,4100.0,0.0,0.0,66.66666666666666,0.15177144996305897,0.043595826710957776,0.5439156875425124,0.18207831121371965
AC_000091.1,NC_007432.1,40000,1,Comp-only,6,15,6,100.0,49.96651955898635,94.20833333333334,65.29935610387247,94.80317514897703,0.6647971070891684,226100,226403,4157632,13900,6,6400.0,0.6903460837887068,-14900.0,-2400.0,0.0,16.666666666666664,41.66666666666667,0.15177144996305897,0.043595826710957776,0.5439156875425124,0.18207831121371965
AC_000091.1,NC_007432.1,40000,1,DNABERT-2-only,6,13,6,100.0,49.54307958117363,99.16666666666667,66.07532031260845,94.71478913978808,0.680777681187809,238000,242390,4141645,2000,6,2000.0,0.787037037037037,-11000.0,0.0,41.66666666666667,58.333333333333336,58.333333333333336,0.15177144996305897,0.043595826710957776,0.5439156875425124,0.18207831121371965
AC_000091.1,NC_007432.1,40000,1,DNABERT-S-only,6,17,6,100.0,33.72357673101426,99.58333333333333,50.38457768131861,89.82051390181951,0.5472407087585625,239000,469703,3914332,1000,6,1500.0,0.7285622179239201,-4000.0,1000.0,50.0,58.333333333333336,58.333333333333336,0.15177144996305897,0.043595826710957776,0.5439156875425124,0.18207831121371965
AC_000091.1,NC_007432.1,40000,1,SAGE-GI,6,16,6,100.0,35.794357671000434,99.58333333333333,52.660396627531256,90.70718539111404,0.5667652205653606,239000,428703,3955332,1000,6,1500.0,0.8336951801997394,-4000.0,1000.0,50.0,58.333333333333336,58.333333333333336,0.15177144996305897,0.043595826710957776,0.5439156875425124,0.18207831121371965
AC_000091.1,NC_007432.1,40000,1,SAGE-GI/no-refine,6,16,6,100.0,41.3648326533989,100.0,58.52209757828245,92.64272437384233,0.617696558702788,240000,340203,4043832,0,6,7850.0,0.7168481804196388,-10450.0,4800.0,0.0,0.0,41.66666666666667,0.15177144996305897,0.043595826710957776,0.5439156875425124,0.18207831121371965
AC_000091.1,NC_007432.1,80000,0,Comp-only,6,10,6,100.0,84.34315987230659,97.64583333333333,90.50831027337874,97.97892079312753,0.896843328966957,468700,87006,4297029,11300,6,6200.0,0.8486927766627026,-9250.0,-2200.0,0.0,16.666666666666664,41.66666666666667,0.15177144996305897,0.043595826710957776,0.5439156875425124,0.18207831121371965
AC_000091.1,NC_007432.1,80000,0,DNABERT-2-only,6,10,6,100.0,81.27046607509459,99.79166666666667,89.58378140809246,97.70992601821328,0.8889994731644982,479000,110390,4273645,1000,6,500.0,0.9756777108433735,0.0,1000.0,66.66666666666666,75.0,75.0,0.15177144996305897,0.043595826710957776,0.5439156875425124,0.18207831121371965
AC_000091.1,NC_007432.1,80000,0,DNABERT-S-only,6,10,6,100.0,71.34452404712611,99.79166666666667,83.20377977922337,96.02408288591673,0.8248771739942447,479000,192390,4191645,1000,6,0.0,0.9081632653061225,0.0,0.0,66.66666666666666,66.66666666666666,75.0,0.15177144996305897,0.043595826710957776,0.5439156875425124,0.18207831121371965
AC_000091.1,NC_007432.1,80000,0,SAGE-GI,6,10,6,100.0,78.34606388720783,99.79166666666667,87.77797121102448,97.25762664125567,0.8705985097504342,479000,132390,4251645,1000,6,0.0,0.9081632653061225,0.0,0.0,66.66666666666666,66.66666666666666,75.0,0.15177144996305897,0.043595826710957776,0.5439156875425124,0.18207831121371965
AC_000091.1,NC_007432.1,80000,0,SAGE-GI/no-refine,6,12,6,100.0,80.71432174746506,100.0,89.32808530832148,97.64208111166963,0.8865820209863545,480000,114690,4269345,0,6,3550.0,0.8725114968105623,-3300.0,3850.0,0.0,0.0,66.66666666666666,0.15177144996305897,0.043595826710957776,0.5439156875425124,0.18207831121371965
AC_000091.1,NC_007432.1,80000,1,Comp-only,6,10,6,100.0,85.1120921291072,96.47916666666667,90.43985681169723,97.98714441816311,0.8953913723888094,463100,81006,4303029,16900,6,6550.0,0.8453399292315091,-11100.0,-3550.0,0.0,8.333333333333332,41.66666666666667,0.15177144996305897,0.043595826710957776,0.5439156875425124,0.18207831121371965
AC_000091.1,NC_007432.1,80000,1,DNABERT-2-only,6,10,6,100.0,79.61491697063575,99.58333333333333,88.4865650366997,97.44265820455651,0.8775828111235309,478000,122390,4261645,2000,6,2000.0,0.9086337513061651,-6500.0,500.0,41.66666666666667,58.333333333333336,75.0,0.15177144996305897,0.043595826710957776,0.5439156875425124,0.18207831121371965
AC_000091.1,NC_007432.1,80000,1,DNABERT-S-only,6,11,6,100.0,70.86021346639306,100.0,82.94524749652234,95.94184663556081,0.8226162614549966,480000,197390,4186645,0,6,1500.0,0.898876404494382,-7500.0,500.0,50.0,58.333333333333336,58.333333333333336,0.15177144996305897,0.043595826710957776,0.5439156875425124,0.18207831121371965
AC_000091.1,NC_007432.1,80000,1,SAGE-GI,6,11,6,100.0,75.42544666006694,100.0,85.9914545991992,96.78476820170907,0.8528471352745004,480000,156390,4227645,0,6,1000.0,0.9092083171897197,-4000.0,500.0,58.333333333333336,66.66666666666666,66.66666666666666,0.15177144996305897,0.043595826710957776,0.5439156875425124,0.18207831121371965
AC_000091.1,NC_007432.1,80000,1,SAGE-GI/no-refine,6,13,6,100.0,77.33952049497293,100.0,87.22197993894461,97.10857343748555,0.8652078704236443,480000,140640,4243395,0,6,3650.0,0.8700959518537443,-7250.0,3400.0,0.0,0.0,58.333333333333336,0.15177144996305897,0.043595826710957776,0.5439156875425124,0.18207831121371965
AC_000091.1,NC_003997.3,5000,0,Comp-only,6,12,1,16.666666666666664,1.382731891051789,16.666666666666664,2.553606586262107,91.35478082978499,0.02556242432559622,5000,356603,4027432,25000,1,12600.0,0.16556291390728478,-14600.0,10600.0,0.0,0.0,0.0,0.1542273850505303,0.043943384289843436,0.5404021741877334,0.1819471641088829
AC_000091.1,NC_003997.3,5000,0,DNABERT-2-only,6,11,2,33.33333333333333,2.7368017734475494,33.33333333333333,5.058296871443385,91.49553639697012,0.07521905964443651,10000,355390,4028645,20000,2,10000.0,0.13164556962025317,-3000.0,44000.0,25.0,25.0,25.0,0.1542273850505303,0.043943384289843436,0.5404021741877334,0.1819471641088829
AC_000091.1,NC_003997.3,5000,0,DNABERT-S-only,6,14,2,33.33333333333333,1.88074921525739,33.33333333333333,3.5606005308855395,87.72771398504996,0.05410098228348607,10000,521703,3862332,20000,2,10500.0,0.12192704203013482,-2000.0,54500.0,25.0,25.0,50.0,0.1542273850505303,0.043943384289843436,0.5404021741877334,0.1819471641088829
AC_000091.1,NC_003997.3,5000,0,SAGE-GI,6,12,2,33.33333333333333,1.9466501071630882,33.33333333333333,3.6784788754154376,88.13550413623817,0.05596544572083701,10000,503703,3880332,20000,2,9000.0,0.1344688480502017,-500.0,54500.0,50.0,50.0,50.0,0.1542273850505303,0.043943384289843436,0.5404021741877334,0.1819471641088829
AC_000091.1,NC_003997.3,5000,0,SAGE-GI/no-refine,6,13,2,33.33333333333333,1.7633883214645232,25.166666666666664,3.2958422186474823,89.96263056364529,0.043231444330142615,7550,420603,3963432,22450,2,11950.0,0.14840682221034868,-3300.0,15250.0,0.0,25.0,25.0,0.1542273850505303,0.043943384289843436,0.5404021741877334,0.1819471641088829
AC_000091.1,NC_003997.3,5000,1,Comp-only,6,13,2,33.33333333333333,2.2694432395009523,26.333333333333332,4.178755524288355,91.79202249189234,0.05661774176884401,7900,340203,4043832,22100,2,22350.0,0.08751468983463442,-32650.0,5750.0,0.0,25.0,25.0,0.1542273850505303,0.043943384289843436,0.5404021741877334,0.1819471641088829
AC_000091.1,NC_003997.3,5000,1,DNABERT-2-only,6,12,4,66.66666666666666,4.595068431172944,54.166666666666664,8.471483682619121,92.04492035065422,0.14064128975978063,16250,337390,4046645,13750,4,12025.0,0.1308497536945813,-18000.0,6025.0,25.0,25.0,37.5,0.1542273850505303,0.043943384289843436,0.5404021741877334,0.1819471641088829
AC_000091.1,NC_003997.3,5000,1,DNABERT-S-only,6,15,4,66.66666666666666,3.3760443719872475,57.49999999999999,6.377633546722174,88.52630303112686,0.11874303612036823,17250,493703,3890332,12750,4,17975.0,0.12677665881008499,-13000.0,17975.0,12.5,25.0,37.5,0.1542273850505303,0.043943384289843436,0.5404021741877334,0.1819471641088829
AC_000091.1,NC_003997.3,5000,1,SAGE-GI,6,14,4,66.66666666666666,4.034673988255064,66.66666666666666,7.608858994527329,88.99639445541324,0.14524255965113614,20000,475703,3908332,10000,4,12000.0,0.19717261904761904,-20500.0,5000.0,25.0,37.5,37.5,0.1542273850505303,0.043943384289843436,0.5404021741877334,0.1819471641088829
AC_000091.1,NC_003997.3,5000,1,SAGE-GI/no-refine,6,14,4,66.66666666666666,4.832633809589396,66.66666666666666,9.011992709297898,90.85070689289958,0.16258539432495603,20000,393853,3990182,10000,4,15250.0,0.15204451345755693,-24350.0,7850.0,0.0,0.0,37.5,0.1542273850505303,0.043943384289843436,0.5404021741877334,0.1819471641088829
AC_000091.1,NC_003997.3,10000,0,Comp-only,6,14,3,50.0,5.719818193486104,34.166666666666664,9.799164919945602,91.50765014226936,0.11214296665969736,20500,337903,4046132,39500,3,9050.0,0.28735632183908044,-14300.0,7400.0,0.0,16.666666666666664,16.666666666666664,0.1542273850505303,0.043943384289843436,0.5404021741877334,0.1819471641088829
AC_000091.1,NC_003997.3,10000,0,DNABERT-2-only,6,11,2,33.33333333333333,5.285551943761727,33.33333333333333,9.124295718424234,91.03539913614543,0.10403078128350399,20000,358390,4025645,40000,2,10000.0,0.2222222222222222,-3000.0,47000.0,25.0,25.0,25.0,0.1542273850505303,0.043943384289843436,0.5404021741877334,0.1819471641088829
AC_000091.1,NC_003997.3,10000,0,DNABERT-S-only,6,15,2,33.33333333333333,3.692060040280375,33.33333333333333,6.6477980000099715,87.36051808772883,0.07560635679288069,20000,521703,3862332,40000,2,9000.0,0.22759103641456582,-500.0,54500.0,50.0,50.0,50.0,0.1542273850505303,0.043943384289843436,0.5404021741877334,0.1819471641088829
AC_000091.1,NC_003997.3,10000,0,SAGE-GI,6,14,3,50.0,5.7614417431818135,50.0,10.332304121039499,88.28310308087133,0.13925174691089273,30000,490703,3893332,30000,3,500.0,0.35714285714285715,0.0,17000.0,66.66666666666666,66.66666666666666,66.66666666666666,0.1542273850505303,0.043943384289843436,0.5404021741877334,0.1819471641088829
AC_000091.1,NC_003997.3,10000,0,SAGE-GI/no-refine,6,15,3,50.0,6.367249549265755,47.5,11.229248054089513,89.86049839841496,0.14548896544737844,28500,419103,3964932,31500,3,8250.0,0.3504950495049505,-7450.0,15250.0,16.666666666666664,33.33333333333333,33.33333333333333,0.1542273850505303,0.043943384289843436,0.5404021741877334,0.1819471641088829
AC_000091.1,NC_003997.3,10000,1,Comp-only,6,15,5,83.33333333333334,12.374117154333797,75.83333333333333,21.276446506103536,92.42348451351081,0.2868914275456153,45500,322203,4061832,14500,5,10850.0,0.2906574394463668,-18900.0,4800.0,0.0,10.0,30.0,0.1542273850505303,0.043943384289843436,0.5404021741877334,0.1819471641088829
AC_000091.1,NC_003997.3,10000,1,DNABERT-2-only,6,14,5,83.33333333333334,13.2292988471611,81.66666666666667,22.770045772438948,92.5205359543748,0.31037671807109146,49000,321390,4062645,11000,5,4500.0,0.45454545454545453,-12000.0,0.0,50.0,50.0,50.0,0.1542273850505303,0.043943384289843436,0.5404021741877334,0.1819471641088829
AC_000091.1,NC_003997.3,10000,1,DNABERT-S-only,6,15,5,83.33333333333334,9.790426138088087,83.33333333333334,17.52224887550968,89.4082067310451,0.2635279688908259,50000,460703,3923332,10000,5,4500.0,0.2702702702702703,-7000.0,2000.0,40.0,50.0,50.0,0.1542273850505303,0.043943384289843436,0.5404021741877334,0.1819471641088829
AC_000091.1,NC_003997.3,10000,1,SAGE-GI,6,15,5,83.33333333333334,10.107074345617471,83.33333333333334,18.027665255100477,89.7682398991007,0.2685518554802547,50000,444703,3939332,10000,5,7500.0,0.38461538461538464,-16000.0,2000.0,30.0,40.0,40.0,0.1542273850505303,0.043943384289843436,0.5404021741877334,0.1819471641088829
AC_000091.1,NC_003997.3,10000,1,SAGE-GI/no-refine,6,15,5,83.33333333333334,11.469126259023335,83.33333333333334,20.163200948476973,91.09023668805489,0.28917054396871683,50000,385953,3998082,10000,5,11350.0,0.2724795640326976,-22750.0,10650.0,0.0,0.0,30.0,0.1542273850505303,0.043943384289843436,0.5404021741877334,0.1819471641088829
AC_000091.1,NC_003997.3,20000,0,Comp-only,6,17,6,100.0,27.402554058564178,91.0,42.12126062915741,93.33701891748177,0.47860214535423534,109200,289303,4094732,10800,6,6950.0,0.5403458213256485,-10900.0,-2350.0,0.0,16.666666666666664,33.33333333333333,0.1542273850505303,0.043943384289843436,0.5404021741877334,0.1819471641088829
AC_000091.1,NC_003997.3,20000,0,DNABERT-2-only,6,14,6,100.0,27.20514083350923,96.66666666666667,42.46051355259064,93.01981445526067,0.49279099071591653,116000,310390,4073645,4000,6,500.0,0.8999999999999999,0.0,0.0,66.66666666666666,75.0,75.0,0.1542273850505303,0.043943384289843436,0.5404021741877334,0.1819471641088829
AC_000091.1,NC_003997.3,20000,0,DNABERT-S-only,6,18,6,100.0,19.147826003705106,100.0,32.14129312457563,88.75002081466951,0.4115183679936983,120000,506703,3877332,0,6,0.0,0.75,0.0,0.0,66.66666666666666,66.66666666666666,75.0,0.1542273850505303,0.043943384289843436,0.5404021741877334,0.1819471641088829
AC_000091.1,NC_003997.3,20000,0,SAGE-GI,6,16,6,100.0,20.700255130644486,100.0,34.300267399167936,89.79352957958808,0.4304609042097999,120000,459703,3924332,0,6,0.0,0.75,0.0,0.0,66.66666666666666,66.66666666666666,75.0,0.1542273850505303,0.043943384289843436,0.5404021741877334,0.1819471641088829
AC_000091.1,NC_003997.3,20000,0,SAGE-GI/no-refine,6,17,6,100.0,23.130166941979905,100.0,37.57026814213458,91.14565051115278,0.45854206426742605,120000,398803,3985232,0,6,4350.0,0.5834648577856878,-5550.0,4300.0,0.0,0.0,58.333333333333336,0.1542273850505303,0.043943384289843436,0.5404021741877334,0.1819471641088829
AC_000091.1,NC_003997.3,20000,1,Comp-only,6,16,6,100.0,28.99259373430454,90.91666666666667,43.96507778514336,93.82546982872024,0.49363995491160323,109100,267203,4116832,10900,6,6350.0,0.47814952703227764,-17700.0,-2050.0,0.0,33.33333333333333,41.66666666666667,0.1542273850505303,0.043943384289843436,0.5404021741877334,0.1819471641088829
AC_000091.1,NC_003997.3,20000,1,DNABERT-2-only,6,14,6,100.0,28.407039168010783,98.33333333333333,44.08001643661629,93.35284916746872,0.5095274388376918,118000,297390,4086645,2000,6,4000.0,0.6296296296296297,-11500.0,0.0,50.0,50.0,50.0,0.1542273850505303,0.043943384289843436,0.5404021741877334,0.1819471641088829
AC_000091.1,NC_003997.3,20000,1,DNABERT-S-only,6,15,6,100.0,21.909684628347843,100.0,35.944124857908385,90.50400363229859,0.4446593422018688,120000,427703,3956332,0,6,4500.0,0.4905437352245863,-7500.0,1000.0,41.66666666666667,50.0,50.0,0.1542273850505303,0.043943384289843436,0.5404021741877334,0.1819471641088829
AC_000091.1,NC_003997.3,20000,1,SAGE-GI,6,16,6,100.0,19.68171388364499,100.0,32.890093640837435,89.12746015517197,0.41812962346899296,120000,489703,3894332,0,6,4500.0,0.6349206349206349,-11500.0,1000.0,41.66666666666667,50.0,50.0,0.1542273850505303,0.043943384289843436,0.5404021741877334,0.1819471641088829
AC_000091.1,NC_003997.3,20000,1,SAGE-GI/no-refine,6,16,6,100.0,24.484649145179688,100.0,39.33762004120616,91.78285692717752,0.4734726984764871,120000,370103,4013932,0,6,9450.0,0.4896275482752436,-14700.0,6500.0,0.0,0.0,41.66666666666667,0.1542273850505303,0.043943384289843436,0.5404021741877334,0.1819471641088829
AC_000091.1,NC_003997.3,40000,0,Comp-only,6,14,6,100.0,52.73017414833831,95.0,67.81778432159908,95.3203208885746,0.6883072457265047,228000,204390,4179645,12000,6,7350.0,0.6979893339079376,-10800.0,-2200.0,0.0,8.333333333333332,33.33333333333333,0.1542273850505303,0.043943384289843436,0.5404021741877334,0.1819471641088829
AC_000091.1,NC_003997.3,40000,0,DNABERT-2-only,6,14,6,100.0,48.12496176512572,98.33333333333333,64.62300962499486,94.41202326539482,0.6666394765619019,236000,254390,4129645,4000,6,1000.0,0.9392857142857143,500.0,1000.0,66.66666666666666,75.0,75.0,0.1542273850505303,0.043943384289843436,0.5404021741877334,0.1819471641088829
AC_000091.1,NC_003997.3,40000,0,DNABERT-S-only,6,14,6,100.0,38.13608679071267,99.58333333333333,55.15153403184251,91.59385688040857,0.5880638908896754,239000,387703,3996332,1000,6,1500.0,0.7987711213517665,0.0,5000.0,50.0,58.333333333333336,66.66666666666666,0.1542273850505303,0.043943384289843436,0.5404021741877334,0.1819471641088829
AC_000091.1,NC_003997.3,40000,0,SAGE-GI,6,15,6,100.0,38.31952066929291,99.58333333333333,55.343098264102366,91.65873528206426,0.5896997841637693,239000,384703,3999332,1000,6,1500.0,0.7987711213517665,0.0,5000.0,50.0,58.333333333333336,66.66666666666666,0.1542273850505303,0.043943384289843436,0.5404021741877334,0.1819471641088829
AC_000091.1,NC_003997.3,40000,0,SAGE-GI/no-refine,6,16,6,100.0,44.07818735800855,100.0,61.186482376381,93.41512337168729,0.6404435861026371,240000,304487,4079548,0,6,4150.0,0.7510609783337057,-4100.0,4350.0,0.0,0.0,66.66666666666666,0.1542273850505303,0.043943384289843436,0.5404021741877334,0.1819471641088829
AC_000091.1,NC_003997.3,40000,1,Comp-only,6,13,6,100.0,55.991589036406765,95.41666666666667,70.57119524183733,95.8696246892595,0.7133599002420948,229000,179990,4204045,11000,6,7650.0,0.668428911642597,-16050.0,-2250.0,0.0,16.666666666666664,33.33333333333333,0.1542273850505303,0.043943384289843436,0.5404021741877334,0.1819471641088829
AC_000091.1,NC_003997.3,40000,1,DNABERT-2-only,6,14,6,100.0,45.299682140885814,99.16666666666667,62.190517252642444,93.74161311495264,0.6473594743208687,238000,287390,4096645,2000,6,4000.0,0.7563775510204082,-11500.0,0.0,50.0,50.0,50.0,0.1542273850505303,0.043943384289843436,0.5404021741877334,0.1819471641088829
AC_000091.1,NC_003997.3,40000,1,DNABERT-S-only,6,16,6,100.0,36.436453127436494,98.33333333333333,53.17093667589272,91.0099512655073,0.5684889987533687,236000,411703,3972332,4000,6,4500.0,0.7563775510204082,-7500.0,-500.0,33.33333333333333,50.0,50.0,0.1542273850505303,0.043943384289843436,0.5404021741877334,0.1819471641088829
AC_000091.1,NC_003997.3,40000,1,SAGE-GI,6,16,6,100.0,36.83453956045157,98.33333333333333,53.59354969836597,91.16133420270391,0.5721088391745357,236000,404703,3979332,4000,6,4500.0,0.7563775510204082,-7500.0,-500.0,33.33333333333333,50.0,50.0,0.1542273850505303,0.043943384289843436,0.5404021741877334,0.1819471641088829
AC_000091.1,NC_003997.3,40000,1,SAGE-GI/no-refine,6,16,6,100.0,43.28715435658154,100.0,60.420146594380675,93.19994333952923,0.6338963741491345,240000,314437,4069598,0,6,8200.0,0.7104818151990107,-10100.0,5250.0,0.0,0.0,41.66666666666667,0.1542273850505303,0.043943384289843436,0.5404021741877334,0.1819471641088829
AC_000091.1,NC_003997.3,80000,0,Comp-only,6,9,6,100.0,88.07672427778596,97.27083333333333,92.445743318028,98.43122017008513,0.9171339877132723,466900,63206,4320829,13100,6,6000.0,0.837808776518454,-9850.0,-2350.0,0.0,16.666666666666664,41.66666666666667,0.1542273850505303,0.043943384289843436,0.5404021741877334,0.1819471641088829
AC_000091.1,NC_003997.3,80000,0,DNABERT-2-only,6,9,6,100.0,86.5330654066873,99.58333333333333,92.60066447757146,98.42949320882765,0.9201020532385089,478000,74390,4309645,2000,6,0.0,0.9753048780487805,0.0,1000.0,58.333333333333336,75.0,75.0,0.1542273850505303,0.043943384289843436,0.5404021741877334,0.1819471641088829
AC_000091.1,NC_003997.3,80000,0,DNABERT-S-only,6,10,6,100.0,71.60011336684616,100.0,83.44996044819584,96.08576007368367,0.8275908503163055,480000,190390,4193645,0,6,0.0,0.8878048780487805,0.0,1000.0,58.333333333333336,66.66666666666666,75.0,0.1542273850505303,0.043943384289843436,0.5404021741877334,0.1819471641088829
AC_000091.1,NC_003997.3,80000,0,SAGE-GI,6,10,6,100.0,81.02770134539746,100.0,89.51967101520903,97.6893669556243,0.8885407078600284,480000,112390,4271645,0,6,0.0,0.8959681433549029,0.0,1000.0,58.333333333333336,66.66666666666666,75.0,0.1542273850505303,0.043943384289843436,0.5404021741877334,0.1819471641088829
AC_000091.1,NC_003997.3,80000,0,SAGE-GI/no-refine,6,12,6,100.0,80.25547994448996,100.0,89.04636904154569,97.5721802988671,0.8837063337903397,480000,118090,4265945,0,6,3800.0,0.8693234825711244,-3700.0,3950.0,0.0,0.0,66.66666666666666,0.1542273850505303,0.043943384289843436,0.5404021741877334,0.1819471641088829
AC_000091.1,NC_003997.3,80000,1,Comp-only,6,9,6,100.0,87.35620127887681,97.16666666666667,92.00063911250156,98.33253666965801,0.912335696423333,466400,67506,4316529,13600,6,6300.0,0.8458264733803249,-10750.0,-2550.0,0.0,16.666666666666664,41.66666666666667,0.1542273850505303,0.043943384289843436,0.5404021741877334,0.1819471641088829
AC_000091.1,NC_003997.3,80000,1,DNABERT-2-only,6,11,6,100.0,77.12206172978358,100.0,87.08351853699689,97.07259507795483,0.8638124679312164,480000,142390,4241645,0,6,1000.0,0.9090909090909091,-6500.0,500.0,58.333333333333336,58.333333333333336,66.66666666666666,0.1542273850505303,0.043943384289843436,0.5404021741877334,0.1819471641088829
AC_000091.1,NC_003997.3,80000,1,DNABERT-S-only,6,11,6,100.0,72.07862020927028,99.16666666666667,83.48021290961864,96.12687819886165,0.8267769905594391,476000,184390,4199645,4000,6,1500.0,0.9034611907529382,-4000.0,0.0,50.0,58.333333333333336,66.66666666666666,0.1542273850505303,0.043943384289843436,0.5404021741877334,0.1819471641088829
AC_000091.1,NC_003997.3,80000,1,SAGE-GI,6,11,6,100.0,76.84980383926121,99.16666666666667,86.59347456316684,96.96979976500991,0.8579362997506136,476000,143390,4240645,4000,6,1500.0,0.9034611907529382,-4000.0,0.0,50.0,58.333333333333336,66.66666666666666,0.1542273850505303,0.043943384289843436,0.5404021741877334,0.1819471641088829
AC_000091.1,NC_003997.3,80000,1,SAGE-GI/no-refine,6,13,6,100.0,76.88118653297883,100.0,86.92974989586541,97.03250490590631,0.8622641694536392,480000,144340,4239695,0,6,3700.0,0.8705371943883979,-7050.0,3550.0,0.0,0.0,58.333333333333336,0.1542273850505303,0.043943384289843436,0.5404021741877334,0.1819471641088829
AC_000091.1,NC_007335.2,5000,0,Comp-only,6,13,2,33.33333333333333,2.7240311302277562,33.33333333333333,5.03647668237208,91.45672836758204,0.07494298069872611,10000,357103,4026932,20000,2,9400.0,0.24369512824926837,-8250.0,9400.0,0.0,25.0,25.0,0.1567654525493563,0.04745522461669395,0.5848972150669043,0.2062048306638855
AC_000091.1,NC_007335.2,5000,0,DNABERT-2-only,6,11,1,16.666666666666664,1.3426783748220952,16.666666666666664,2.485151221451826,91.11040125418126,0.02449570884409893,5000,367390,4016645,25000,1,10000.0,0.2,-6000.0,14000.0,0.0,0.0,0.0,0.1567654525493563,0.04745522461669395,0.5848972150669043,0.2062048306638855
AC_000091.1,NC_007335.2,5000,0,DNABERT-S-only,6,14,2,33.33333333333333,1.8737012907928192,33.33333333333333,3.5479676354392296,87.68240396825126,0.05389846649351077,10000,523703,3860332,20000,2,9500.0,0.13163919413919414,-1000.0,51500.0,25.0,50.0,50.0,0.1567654525493563,0.04745522461669395,0.5848972150669043,0.2062048306638855
AC_000091.1,NC_007335.2,5000,0,SAGE-GI,6,12,2,33.33333333333333,2.0378925745308263,33.33333333333333,3.84096116212121,88.65656932942308,0.05846517095709594,10000,480703,3903332,20000,2,9500.0,0.13163919413919414,-1000.0,51500.0,25.0,50.0,50.0,0.1567654525493563,0.04745522461669395,0.5848972150669043,0.2062048306638855
AC_000091.1,NC_007335.2,5000,0,SAGE-GI/no-refine,6,13,2,33.33333333333333,1.9332025785407485,27.500000000000004,3.612455747417094,90.02606458716345,0.049914924822360714,8250,418503,3965532,21750,2,12150.0,0.16482024546540675,-3700.0,15350.0,0.0,25.0,25.0,0.1567654525493563,0.04745522461669395,0.5848972150669043,0.2062048306638855
AC_000091.1,NC_007335.2,5000,1,Comp-only,6,14,3,50.0,3.7026171807133514,43.333333333333336,6.822302632096834,91.95513855236761,0.10816058513316064,13000,338103,4045932,17000,3,11100.0,0.0970873786407767,-31100.0,6700.0,0.0,16.666666666666664,16.666666666666664,0.1567654525493563,0.04745522461669395,0.5848972150669043,0.2062048306638855
AC_000091.1,NC_007335.2,5000,1,DNABERT-2-only,6,12,4,66.66666666666666,4.5370743792129975,52.5,8.352336002545472,92.16952289685061,0.13716912900621941,15750,331390,4052645,14250,4,11825.0,0.1308497536945813,-18000.0,6325.0,25.0,25.0,37.5,0.1567654525493563,0.04745522461669395,0.5848972150669043,0.2062048306638855
AC_000091.1,NC_007335.2,5000,1,DNABERT-S-only,6,15,4,66.66666666666666,3.705741861727654,66.66666666666666,7.021202275571657,87.99957408584208,0.13746723880799802,20000,519703,3864332,10000,4,15500.0,0.14474772539288666,-15500.0,13000.0,25.0,37.5,37.5,0.1567654525493563,0.04745522461669395,0.5848972150669043,0.2062048306638855
AC_000091.1,NC_007335.2,5000,1,SAGE-GI,6,15,4,66.66666666666666,4.134768649357147,66.66666666666666,7.7866004286523545,89.26825455620538,0.14752847210812697,20000,463703,3920332,10000,4,12000.0,0.19969278033794163,-20000.0,5000.0,25.0,37.5,37.5,0.1567654525493563,0.04745522461669395,0.5848972150669043,0.2062048306638855
AC_000091.1,NC_007335.2,5000,1,SAGE-GI/no-refine,6,15,4,66.66666666666666,4.801309797312707,66.66666666666666,8.957503364662202,90.78953837022135,0.16193925211538834,20000,396553,3987482,10000,4,15400.0,0.1514693211607912,-24350.0,7950.0,0.0,0.0,37.5,0.1567654525493563,0.04745522461669395,0.5848972150669043,0.2062048306638855
AC_000091.1,NC_007335.2,10000,0,Comp-only,6,14,3,50.0,6.807333978886711,43.0,11.75390600975392,91.28262941223461,0.14438590952255376,25800,353203,4030832,34200,3,8900.0,0.2932551319648094,-14600.0,8300.0,0.0,16.666666666666664,33.33333333333333,0.1567654525493563,0.04745522461669395,0.5848972150669043,0.2062048306638855
AC_000091.1,NC_007335.2,10000,0,DNABERT-2-only,6,11,2,33.33333333333333,5.3277924292069585,33.33333333333333,9.187165529754934,91.10290535515584,0.10469111531148954,20000,355390,4028645,40000,2,10000.0,0.22619047619047616,-3000.0,44000.0,25.0,25.0,25.0,0.1567654525493563,0.04745522461669395,0.5848972150669043,0.2062048306638855
AC_000091.1,NC_007335.2,10000,0,DNABERT-S-only,6,13,2,33.33333333333333,3.8116801314267312,33.33333333333333,6.841080001299805,87.74305332878791,0.07804143788996999,20000,504703,3879332,40000,2,9500.0,0.22449712643678163,-1000.0,51500.0,25.0,50.0,50.0,0.1567654525493563,0.04745522461669395,0.5848972150669043,0.2062048306638855
AC_000091.1,NC_007335.2,10000,0,SAGE-GI,6,14,3,50.0,5.794828308895254,50.0,10.385959567459405,88.35060929988175,0.13984743562449584,30000,487703,3896332,30000,3,1000.0,0.3448275862068966,0.0,17000.0,50.0,66.66666666666666,66.66666666666666,0.1567654525493563,0.04745522461669395,0.5848972150669043,0.2062048306638855
AC_000091.1,NC_007335.2,10000,0,SAGE-GI/no-refine,6,15,3,50.0,6.161527876349545,45.0,10.838955205006794,90.0045116656372,0.13788846152740147,27000,411203,3972832,33000,3,7650.0,0.3373737373737374,-6150.0,14750.0,0.0,33.33333333333333,33.33333333333333,0.1567654525493563,0.04745522461669395,0.5848972150669043,0.2062048306638855
AC_000091.1,NC_007335.2,10000,1,Comp-only,6,15,5,83.33333333333334,12.011444966339106,76.33333333333333,20.756713641194374,92.13095756446562,0.2830100549103538,45800,335503,4048532,14200,5,10750.0,0.2565789473684211,-20400.0,5300.0,0.0,20.0,20.0,0.1567654525493563,0.04745522461669395,0.5848972150669043,0.2062048306638855
AC_000091.1,NC_007335.2,10000,1,DNABERT-2-only,6,14,5,83.33333333333334,13.2488937173746,83.33333333333334,22.862891241226365,92.40802558935742,0.3140826509008055,50000,327390,4056645,10000,5,5000.0,0.45454545454545453,-12000.0,0.0,40.0,50.0,50.0,0.1567654525493563,0.04745522461669395,0.5848972150669043,0.2062048306638855
AC_000091.1,NC_007335.2,10000,1,DNABERT-S-only,6,16,5,83.33333333333334,8.610253434199583,83.33333333333334,15.607855745954058,87.83306162080181,0.24389629270009763,50000,530703,3853332,10000,5,4000.0,0.2777777777777778,-7000.0,1000.0,50.0,50.0,50.0,0.1567654525493563,0.04745522461669395,0.5848972150669043,0.2062048306638855
AC_000091.1,NC_007335.2,10000,1,SAGE-GI,6,15,5,83.33333333333334,9.752234724587138,83.33333333333334,17.461057476562893,89.36320258503815,0.2629155594218639,50000,462703,3921332,10000,5,7500.0,0.38461538461538464,-16000.0,1000.0,40.0,40.0,40.0,0.1567654525493563,0.04745522461669395,0.5848972150669043,0.2062048306638855
AC_000091.1,NC_007335.2,10000,1,SAGE-GI/no-refine,6,15,5,83.33333333333334,11.331367718746389,83.33333333333334,19.950005286751402,90.97097570113647,0.287152333090155,50000,391253,3992782,10000,5,11350.0,0.26666666666666666,-23750.0,10750.0,0.0,0.0,30.0,0.1567654525493563,0.04745522461669395,0.5848972150669043,0.2062048306638855
AC_000091.1,NC_007335.2,20000,0,Comp-only,6,17,6,100.0,29.051675966557468,91.41666666666667,44.09137404718219,93.82324959730552,0.495679628931897,109700,267903,4116132,10300,6,7200.0,0.5355750386797319,-11150.0,-1800.0,0.0,16.666666666666664,33.33333333333333,0.1567654525493563,0.04745522461669395,0.5848972150669043,0.2062048306638855
AC_000091.1,NC_007335.2,20000,0,DNABERT-2-only,6,14,6,100.0,27.93626743057364,98.33333333333333,43.511126680064166,93.19743296843829,0.5048388432863601,118000,304390,4079645,2000,6,500.0,0.9295454545454545,0.0,1000.0,66.66666666666666,75.0,75.0,0.1567654525493563,0.04745522461669395,0.5848972150669043,0.2062048306638855
AC_000091.1,NC_007335.2,20000,0,DNABERT-S-only,6,17,6,100.0,18.469977820634966,100.0,31.180858071230073,88.23936758928383,0.4029681680491633,120000,529703,3854332,0,6,0.0,0.75,0.0,0.0,66.66666666666666,66.66666666666666,75.0,0.1567654525493563,0.04745522461669395,0.5848972150669043,0.2062048306638855
AC_000091.1,NC_007335.2,20000,0,SAGE-GI,6,16,6,100.0,21.363603185313234,100.0,35.20594745805725,90.19317123423775,0.43830542150747,120000,441703,3942332,0,6,0.0,0.75,0.0,0.0,66.66666666666666,66.66666666666666,75.0,0.1567654525493563,0.04745522461669395,0.5848972150669043,0.2062048306638855
AC_000091.1,NC_007335.2,20000,0,SAGE-GI/no-refine,6,17,6,100.0,23.937618566016962,100.0,38.62849527525218,91.53419100872884,0.4675001143944316,120000,381303,4002732,0,6,4150.0,0.5960524595878175,-4800.0,4100.0,0.0,0.0,58.333333333333336,0.1567654525493563,0.04745522461669395,0.5848972150669043,0.2062048306638855
AC_000091.1,NC_007335.2,20000,1,Comp-only,6,16,6,100.0,27.832549486272985,93.75,42.92230300093666,93.35700100021425,0.4907318639995988,112500,291703,4092332,7500,6,7300.0,0.4778999682774664,-16900.0,1000.0,0.0,8.333333333333332,33.33333333333333,0.1567654525493563,0.04745522461669395,0.5848972150669043,0.2062048306638855
AC_000091.1,NC_007335.2,20000,1,DNABERT-2-only,6,15,6,100.0,26.598717003062205,99.16666666666667,41.94645658189252,92.68677974305261,0.4935793931279918,119000,328390,4055645,1000,6,5000.0,0.6540178571428572,-10000.0,500.0,41.66666666666667,50.0,50.0,0.1567654525493563,0.04745522461669395,0.5848972150669043,0.2062048306638855
AC_000091.1,NC_007335.2,20000,1,DNABERT-S-only,6,16,6,100.0,19.68171388364499,100.0,32.890093640837435,89.12746015517197,0.41812962346899296,120000,489703,3894332,0,6,1500.0,0.5831363278171788,-4000.0,1000.0,50.0,58.333333333333336,58.333333333333336,0.1567654525493563,0.04745522461669395,0.5848972150669043,0.2062048306638855
AC_000091.1,NC_007335.2,20000,1,SAGE-GI,6,16,6,100.0,21.67226834602666,100.0,35.62400642419582,90.37078974741537,0.4419081149903682,120000,433703,3950332,0,6,4500.0,0.6226053639846744,-11500.0,1000.0,41.66666666666667,50.0,50.0,0.1567654525493563,0.04745522461669395,0.5848972150669043,0.2062048306638855
AC_000091.1,NC_007335.2,20000,1,SAGE-GI/no-refine,6,16,6,100.0,24.306111163999407,100.0,39.106864395318254,91.70292859624759,0.4715317029591939,120000,373703,4010332,0,6,9350.0,0.4893448150336275,-14750.0,6300.0,0.0,0.0,41.66666666666667,0.1567654525493563,0.04745522461669395,0.5848972150669043,0.2062048306638855
AC_000091.1,NC_007335.2,40000,0,Comp-only,6,14,6,100.0,56.00038939862251,95.875,70.70319101537895,95.87611252942506,0.7153000666948537,230100,180790,4203245,9900,6,6550.0,0.7088953517524945,-10750.0,-2050.0,0.0,25.0,41.66666666666667,0.1567654525493563,0.04745522461669395,0.5848972150669043,0.2062048306638855
AC_000091.1,NC_007335.2,40000,0,DNABERT-2-only,6,13,6,100.0,45.386067621426804,99.16666666666667,62.271876921466784,93.76323924883788,0.6480569734328018,238000,286390,4097645,2000,6,500.0,0.9636904761904761,0.0,1000.0,66.66666666666666,75.0,75.0,0.1567654525493563,0.04745522461669395,0.5848972150669043,0.2062048306638855
AC_000091.1,NC_007335.2,40000,0,DNABERT-S-only,6,13,6,100.0,40.56088950030674,100.0,57.71290953621665,92.39402383416216,0.6107941517002078,240000,351703,4032332,0,6,500.0,0.8151735270379338,-500.0,1000.0,58.333333333333336,66.66666666666666,75.0,0.1567654525493563,0.04745522461669395,0.5848972150669043,0.2062048306638855
AC_000091.1,NC_007335.2,40000,0,SAGE-GI,6,15,6,100.0,37.93248965154267,100.0,55.00152973004562,91.50735234486763,0.5876619808396293,240000,392703,3991332,0,6,500.0,0.8151735270379338,-500.0,1000.0,58.333333333333336,66.66666666666666,75.0,0.1567654525493563,0.04745522461669395,0.5848972150669043,0.2062048306638855
AC_000091.1,NC_007335.2,40000,0,SAGE-GI/no-refine,6,16,6,100.0,43.96514296914929,100.0,61.07748314961311,93.38484678424796,0.6395120467756171,240000,305887,4078148,0,6,3900.0,0.7617706136206023,-3650.0,4150.0,0.0,0.0,66.66666666666666,0.1567654525493563,0.04745522461669395,0.5848972150669043,0.2062048306638855
AC_000091.1,NC_007335.2,40000,1,Comp-only,6,14,6,100.0,56.034170708752626,96.75,70.96685462797416,95.89125082314473,0.7191164538680891,232200,182190,4201845,7800,6,6800.0,0.6954037759796923,-15000.0,200.0,0.0,25.0,33.33333333333333,0.1567654525493563,0.04745522461669395,0.5848972150669043,0.2062048306638855
AC_000091.1,NC_007335.2,40000,1,DNABERT-2-only,6,13,6,100.0,50.16969160395455,99.16666666666667,66.63027198029087,94.84454594309948,0.6855744467671987,238000,236390,4147645,2000,6,2000.0,0.7738095238095238,-12000.0,0.0,33.33333333333333,58.333333333333336,58.333333333333336,0.1567654525493563,0.04745522461669395,0.5848972150669043,0.2062048306638855
AC_000091.1,NC_007335.2,40000,1,DNABERT-S-only,6,15,6,100.0,38.052776029287955,100.0,55.12786794119234,91.5506046126381,0.5887404497593899,240000,390703,3993332,0,6,4500.0,0.6556503198294243,-7500.0,1000.0,41.66666666666667,50.0,50.0,0.1567654525493563,0.04745522461669395,0.5848972150669043,0.2062048306638855
AC_000091.1,NC_007335.2,40000,1,SAGE-GI,6,16,6,100.0,37.05402012959644,100.0,54.07213899243328,91.18296033658915,0.5797249333713439,240000,407703,3976332,0,6,4500.0,0.7653061224489797,-11500.0,1000.0,41.66666666666667,50.0,50.0,0.1567654525493563,0.04745522461669395,0.5848972150669043,0.2062048306638855
AC_000091.1,NC_007335.2,40000,1,SAGE-GI/no-refine,6,16,6,100.0,42.88877332747187,100.0,60.03099099910328,93.08856875002027,0.6305733207210754,240000,319587,4064448,0,6,8100.0,0.6925722228213331,-12700.0,5100.0,0.0,0.0,41.66666666666667,0.1567654525493563,0.04745522461669395,0.5848972150669043,0.2062048306638855
AC_000091.1,NC_007335.2,80000,0,Comp-only,6,8,6,100.0,91.80444848717717,97.5625,94.595932152719,98.89996679711392,0.9403810982017948,468300,41806,4342229,11700,6,6500.0,0.8560926174035521,-9450.0,-2450.0,8.333333333333332,16.666666666666664,41.66666666666667,0.1567654525493563,0.04745522461669395,0.5848972150669043,0.2062048306638855
AC_000091.1,NC_007335.2,80000,0,DNABERT-2-only,6,9,6,100.0,80.86620473620593,98.95833333333334,89.00214542013697,97.58657164267937,0.8822587331088092,475000,112390,4271645,5000,6,1000.0,0.9690548780487804,0.0,1000.0,58.333333333333336,75.0,75.0,0.1567654525493563,0.04745522461669395,0.5848972150669043,0.2062048306638855
AC_000091.1,NC_007335.2,80000,0,DNABERT-S-only,6,10,6,100.0,71.28112980590743,100.0,83.23290474167455,96.02408288591673,0.8254498958944245,480000,193390,4190645,0,6,0.0,0.8898667644542232,-500.0,0.0,66.66666666666666,66.66666666666666,75.0,0.1567654525493563,0.04745522461669395,0.5848972150669043,0.2062048306638855
AC_000091.1,NC_007335.2,80000,0,SAGE-GI,6,9,6,100.0,75.66323554911017,100.0,86.14578379202972,96.82588632688703,0.8543924600299599,480000,154390,4229645,0,6,0.0,0.8898667644542232,-500.0,0.0,66.66666666666666,66.66666666666666,75.0,0.1567654525493563,0.04745522461669395,0.5848972150669043,0.2062048306638855
AC_000091.1,NC_007335.2,80000,0,SAGE-GI/no-refine,6,12,6,100.0,79.32704225817648,100.0,88.47192398787197,97.42826686074422,0.8778587460524713,480000,125090,4258945,0,6,3650.0,0.871613384307645,-3600.0,3800.0,0.0,0.0,66.66666666666666,0.1567654525493563,0.04745522461669395,0.5848972150669043,0.2062048306638855
AC_000091.1,NC_007335.2,80000,1,Comp-only,6,8,6,100.0,89.76031839509166,97.16666666666667,93.31676680612162,98.62653126468045,0.9264306487554284,466400,53206,4330829,13600,6,6450.0,0.8502339733984925,-10700.0,-2750.0,0.0,8.333333333333332,41.66666666666667,0.1567654525493563,0.04745522461669395,0.5848972150669043,0.2062048306638855
AC_000091.1,NC_007335.2,80000,1,DNABERT-2-only,6,10,6,100.0,75.90252850298076,100.0,86.30066793121118,96.867004452065,0.8559447428354272,480000,152390,4231645,0,6,2500.0,0.9090909090909091,-6500.0,500.0,41.66666666666667,50.0,66.66666666666666,0.1567654525493563,0.04745522461669395,0.5848972150669043,0.2062048306638855
AC_000091.1,NC_007335.2,80000,1,DNABERT-S-only,6,11,6,100.0,71.07004841647048,100.0,83.08882714927427,95.98296476073877,0.8240301011325326,480000,195390,4188645,0,6,1000.0,0.9092083171897197,-4000.0,500.0,58.333333333333336,66.66666666666666,66.66666666666666,0.1567654525493563,0.04745522461669395,0.5848972150669043,0.2062048306638855
AC_000091.1,NC_007335.2,80000,1,SAGE-GI,6,11,6,100.0,72.68432290010448,100.0,84.18172730381711,96.2913506995735,0.8348268036620168,480000,180390,4203645,0,6,1000.0,0.9092083171897197,-4000.0,500.0,58.333333333333336,66.66666666666666,66.66666666666666,0.1567654525493563,0.04745522461669395,0.5848972150669043,0.2062048306638855
AC_000091.1,NC_007335.2,80000,1,SAGE-GI/no-refine,6,13,6,100.0,75.62151432082428,100.0,86.11873620754616,96.8186906549809,0.8541215274543318,480000,154740,4229295,0,6,3650.0,0.8697131837174567,-7500.0,3500.0,0.0,0.0,58.333333333333336,0.1567654525493563,0.04745522461669395,0.5848972150669043,0.2062048306638855
AC_000091.1,NC_002758.2,5000,0,Comp-only,6,12,1,16.666666666666664,1.3919705570387775,16.666666666666664,2.5693532680888893,91.40915284994342,0.025804592670419815,5000,354203,4029832,25000,1,12650.0,0.16501650165016502,-14700.0,10600.0,0.0,0.0,0.0,0.1792177721932231,0.049349203044216576,0.5978916332894963,0.2138340450031193
AC_000091.1,NC_002758.2,5000,0,DNABERT-2-only,6,11,2,33.33333333333333,2.6853567496441904,33.33333333333333,4.970302442903652,91.33695133817471,0.07410123447390596,10000,362390,4021645,20000,2,7000.0,0.1632245169886742,0.0,44000.0,50.0,50.0,50.0,0.1792177721932231,0.049349203044216576,0.5978916332894963,0.2138340450031193
AC_000091.1,NC_002758.2,5000,0,DNABERT-S-only,6,15,2,33.33333333333333,1.8426284726636852,33.33333333333333,3.4922114953125782,87.47850889265717,0.05299813937249155,10000,532703,3851332,20000,2,9000.0,0.1361681796464405,-500.0,51500.0,50.0,50.0,50.0,0.1792177721932231,0.049349203044216576,0.5978916332894963,0.2138340450031193
AC_000091.1,NC_002758.2,5000,0,SAGE-GI,6,12,2,33.33333333333333,2.01327553890353,33.33333333333333,3.797206395255011,88.52063927902701,0.05779964376491772,10000,486703,3897332,20000,2,9000.0,0.1361681796464405,-500.0,51500.0,50.0,50.0,50.0,0.1792177721932231,0.049349203044216576,0.5978916332894963,0.2138340450031193
AC_000091.1,NC_002758.2,5000,0,SAGE-GI/no-refine,6,13,2,33.33333333333333,1.9044147371323488,27.166666666666668,3.5593172225097334,89.99434757540436,0.04884449755943474,8150,419803,3964232,21850,2,12100.0,0.1625594085548319,-3700.0,15300.0,0.0,25.0,25.0,0.1792177721932231,0.049349203044216576,0.5978916332894963,0.2138340450031193
AC_000091.1,NC_002758.2,5000,1,Comp-only,6,14,3,50.0,3.618578817528855,42.0,6.663088341446261,92.00271407000625,0.10468120381981208,12600,335603,4048432,17400,3,10500.0,0.09633911368015415,-31100.0,7600.0,16.666666666666664,33.33333333333333,33.33333333333333,0.1792177721932231,0.049349203044216576,0.5978916332894963,0.2138340450031193
AC_000091.1,NC_002758.2,5000,1,DNABERT-2-only,6,13,4,66.66666666666666,4.418121135853805,53.833333333333336,8.166051473934367,91.77079474902216,0.13672652986578127,16150,349390,4034645,13850,4,11975.0,0.1308497536945813,-18000.0,5975.0,25.0,25.0,37.5,0.1792177721932231,0.049349203044216576,0.5978916332894963,0.2138340450031193
AC_000091.1,NC_002758.2,5000,1,DNABERT-S-only,6,15,4,66.66666666666666,4.018460808956346,66.66666666666666,7.5800213377600665,88.95108443861456,0.14486894434852388,20000,477703,3906332,10000,4,15500.0,0.1422275641025641,-16000.0,13000.0,25.0,37.5,37.5,0.1792177721932231,0.049349203044216576,0.5978916332894963,0.2138340450031193
AC_000091.1,NC_002758.2,5000,1,SAGE-GI,6,15,4,66.66666666666666,4.5693084123252525,66.66666666666666,8.552436054504675,90.31038494257521,0.15707172621145266,20000,417703,3966332,10000,4,12000.0,0.19717261904761904,-20500.0,5000.0,25.0,37.5,37.5,0.1792177721932231,0.049349203044216576,0.5978916332894963,0.2138340450031193
AC_000091.1,NC_002758.2,5000,1,SAGE-GI/no-refine,6,15,4,66.66666666666666,4.784082401035276,66.66666666666666,8.927515271630813,90.75555585762234,0.16158280015301285,20000,398053,3985982,10000,4,15400.0,0.15829737935442634,-23700.0,7700.0,0.0,0.0,37.5,0.1792177721932231,0.049349203044216576,0.5978916332894963,0.2138340450031193
AC_000091.1,NC_002758.2,10000,0,Comp-only,6,14,3,50.0,6.732897162808271,39.5,11.50477059633061,91.79567667671384,0.13679636543475365,23700,328303,4055732,36300,3,9600.0,0.2840909090909091,-14600.0,8600.0,16.666666666666664,16.666666666666664,16.666666666666664,0.1792177721932231,0.049349203044216576,0.5978916332894963,0.2138340450031193
AC_000091.1,NC_002758.2,10000,0,DNABERT-2-only,6,11,2,33.33333333333333,5.3277924292069585,33.33333333333333,9.187165529754934,91.10290535515584,0.10469111531148954,20000,355390,4028645,40000,2,7000.0,0.26785714285714285,0.0,44000.0,50.0,50.0,50.0,0.1792177721932231,0.049349203044216576,0.5978916332894963,0.2138340450031193
AC_000091.1,NC_002758.2,10000,0,DNABERT-S-only,6,14,2,33.33333333333333,3.9627265936600335,33.33333333333333,7.083369488031761,88.19309478885742,0.08102980256848771,20000,484703,3899332,40000,2,9000.0,0.23065476190476192,-500.0,51500.0,50.0,50.0,50.0,0.1792177721932231,0.049349203044216576,0.5978916332894963,0.2138340450031193
AC_000091.1,NC_002758.2,10000,0,SAGE-GI,6,13,2,33.33333333333333,3.970593782447196,33.33333333333333,7.095935270878459,88.2155968618609,0.08118294337767921,20000,483703,3900332,40000,2,9000.0,0.23065476190476192,-500.0,51500.0,50.0,50.0,50.0,0.1792177721932231,0.049349203044216576,0.5978916332894963,0.2138340450031193
AC_000091.1,NC_002758.2,10000,0,SAGE-GI/no-refine,6,14,2,33.33333333333333,4.277239291253335,30.75,7.5098757919459125,89.77386541735157,0.08315792627464907,18450,412903,3971132,41550,2,12150.0,0.3120842667338906,-3800.0,15350.0,0.0,25.0,25.0,0.1792177721932231,0.049349203044216576,0.5978916332894963,0.2138340450031193
AC_000091.1,NC_002758.2,10000,1,Comp-only,6,15,5,83.33333333333334,12.214666727516288,75.83333333333333,21.040316483353873,92.31547456309413,0.28474901949734494,45500,327003,4057032,14500,5,10700.0,0.2597402597402597,-20800.0,3400.0,0.0,20.0,30.0,0.1792177721932231,0.049349203044216576,0.5978916332894963,0.2138340450031193
AC_000091.1,NC_002758.2,10000,1,DNABERT-2-only,6,14,5,83.33333333333334,12.645742178608463,83.33333333333334,21.95919980675904,92.00298827529487,0.30586713828075696,50000,345390,4038645,10000,5,4500.0,0.45454545454545453,-12000.0,0.0,50.0,50.0,50.0,0.1792177721932231,0.049349203044216576,0.5978916332894963,0.2138340450031193
AC_000091.1,NC_002758.2,10000,1,DNABERT-S-only,6,16,5,83.33333333333334,9.421465490114056,83.33333333333334,16.92898123083851,88.95816527097558,0.257550836720525,50000,480703,3903332,10000,5,4000.0,0.2777777777777778,-7000.0,1000.0,50.0,50.0,50.0,0.1792177721932231,0.049349203044216576,0.5978916332894963,0.2138340450031193
AC_000091.1,NC_002758.2,10000,1,SAGE-GI,6,15,5,83.33333333333334,9.63942757223305,83.33333333333334,17.28002101250555,89.2281901470173,0.2610983013897407,50000,468703,3915332,10000,5,7500.0,0.38461538461538464,-16000.0,1000.0,40.0,40.0,40.0,0.1792177721932231,0.049349203044216576,0.5978916332894963,0.2138340450031193
AC_000091.1,NC_002758.2,10000,1,SAGE-GI/no-refine,6,15,5,83.33333333333334,11.354526936344252,83.33333333333334,19.985889961687047,90.9912275668396,0.2874926126224115,50000,390353,3993682,10000,5,11400.0,0.29411764705882354,-20350.0,10650.0,0.0,0.0,30.0,0.1792177721932231,0.049349203044216576,0.5978916332894963,0.2138340450031193
AC_000091.1,NC_002758.2,20000,0,Comp-only,6,17,6,100.0,26.176072299458085,91.33333333333333,40.69032472438431,92.90629402302602,0.4674113616075738,109600,309103,4074932,10400,6,7150.0,0.5296495956873315,-10900.0,-1900.0,0.0,25.0,33.33333333333333,0.1792177721932231,0.049349203044216576,0.5978916332894963,0.2138340450031193
AC_000091.1,NC_002758.2,20000,0,DNABERT-2-only,6,14,6,100.0,25.653142509957473,95.0,40.397597406049016,92.5313635440222,0.4723128523226597,114000,330390,4053645,6000,6,500.0,0.875,0.0,0.0,66.66666666666666,66.66666666666666,75.0,0.1792177721932231,0.049349203044216576,0.5978916332894963,0.2138340450031193
AC_000091.1,NC_002758.2,20000,0,DNABERT-S-only,6,18,6,100.0,18.48678660810964,99.16666666666667,31.163947241270495,88.32817684587265,0.4012175433135351,119000,524703,3859332,1000,6,0.0,0.7381578947368421,0.0,0.0,75.0,75.0,75.0,0.1792177721932231,0.049349203044216576,0.5978916332894963,0.2138340450031193
AC_000091.1,NC_002758.2,20000,0,SAGE-GI,6,16,6,100.0,19.843155695402558,99.16666666666667,33.06919659915271,89.30507866834961,0.4180841114518689,119000,480703,3903332,1000,6,0.0,0.7189024390243902,0.0,0.0,66.66666666666666,66.66666666666666,75.0,0.1792177721932231,0.049349203044216576,0.5978916332894963,0.2138340450031193
AC_000091.1,NC_002758.2,20000,0,SAGE-GI/no-refine,6,17,6,100.0,22.9707716073606,100.0,37.359725904144284,91.06572218022283,0.4567529327710111,120000,402403,3981632,0,6,4400.0,0.601232660165894,-4850.0,4400.0,0.0,0.0,58.333333333333336,0.1792177721932231,0.049349203044216576,0.5978916332894963,0.2138340450031193
AC_000091.1,NC_002758.2,20000,1,Comp-only,6,16,6,100.0,27.080608488654534,93.0,41.94676594569097,93.14163855298638,0.4811640940469617,111600,300503,4083532,8400,6,6450.0,0.49520699280356284,-15250.0,-1550.0,8.333333333333332,25.0,33.33333333333333,0.1792177721932231,0.049349203044216576,0.5978916332894963,0.2138340450031193
AC_000091.1,NC_002758.2,20000,1,DNABERT-2-only,6,14,6,100.0,28.612985526598155,100.0,44.49470698381506,93.35284916746872,0.5163233193240204,120000,299390,4084645,0,6,4000.0,0.6696428571428572,-10000.0,0.0,50.0,50.0,50.0,0.1792177721932231,0.049349203044216576,0.5978916332894963,0.2138340450031193
AC_000091.1,NC_002758.2,20000,1,DNABERT-S-only,6,17,6,100.0,20.42572048267016,98.33333333333333,33.825280957656766,89.74912495129367,0.4230689670272505,118000,459703,3924332,2000,6,4500.0,0.49516908212560384,-10500.0,500.0,41.66666666666667,50.0,50.0,0.1792177721932231,0.049349203044216576,0.5978916332894963,0.2138340450031193
AC_000091.1,NC_002758.2,20000,1,SAGE-GI,6,16,6,100.0,20.320198104711015,98.33333333333333,33.68046090854471,89.68251800885206,0.42180720545786154,118000,462703,3921332,2000,6,4500.0,0.6111111111111112,-11500.0,500.0,41.66666666666667,50.0,50.0,0.1792177721932231,0.049349203044216576,0.5978916332894963,0.2138340450031193
AC_000091.1,NC_002758.2,20000,1,SAGE-GI/no-refine,6,16,6,100.0,24.18852536670812,100.0,38.95452546084015,91.64964304229429,0.47024898010120336,120000,376103,4007932,0,6,9850.0,0.5025157351817832,-13300.0,6850.0,0.0,0.0,41.66666666666667,0.1792177721932231,0.049349203044216576,0.5978916332894963,0.2138340450031193
AC_000091.1,NC_002758.2,40000,0,Comp-only,6,14,6,100.0,53.76750336489645,94.875,68.63705556979005,95.49981779982201,0.6953124440910804,227700,195790,4188245,12300,6,7050.0,0.7104281388121318,-11000.0,-2350.0,0.0,8.333333333333332,33.33333333333333,0.1792177721932231,0.049349203044216576,0.5978916332894963,0.2138340450031193
AC_000091.1,NC_002758.2,40000,0,DNABERT-2-only,6,14,6,100.0,47.488078513623144,100.0,64.39581963804184,94.2606403281982,0.6679323411603338,240000,265390,4118645,0,6,0.0,0.9761904761904762,0.0,1000.0,66.66666666666666,75.0,75.0,0.1792177721932231,0.049349203044216576,0.5978916332894963,0.2138340450031193
AC_000091.1,NC_002758.2,40000,0,DNABERT-S-only,6,13,6,100.0,38.603641931919256,100.0,55.70364731235704,91.74523981760518,0.5936543967043624,240000,381703,4002332,0,6,500.0,0.7360321177651388,-500.0,4500.0,58.333333333333336,58.333333333333336,66.66666666666666,0.1792177721932231,0.049349203044216576,0.5978916332894963,0.2138340450031193
AC_000091.1,NC_002758.2,40000,0,SAGE-GI,6,15,6,100.0,39.82060816023812,100.0,56.95956938565544,92.1561363614246,0.6043686144056291,240000,362703,4021332,0,6,500.0,0.7360321177651388,-500.0,4500.0,58.333333333333336,58.333333333333336,66.66666666666666,0.1792177721932231,0.049349203044216576,0.5978916332894963,0.2138340450031193
AC_000091.1,NC_002758.2,40000,0,SAGE-GI/no-refine,6,16,6,100.0,44.6190370839972,100.0,61.7056204821523,93.55785585532982,0.6448818244395684,240000,297887,4086148,0,6,4150.0,0.7551652454287048,-4150.0,4250.0,0.0,0.0,66.66666666666666,0.1792177721932231,0.049349203044216576,0.5978916332894963,0.2138340450031193
AC_000091.1,NC_002758.2,40000,1,Comp-only,6,14,6,100.0,50.553613378636754,94.41666666666667,65.84940943308773,94.91705837001666,0.669988936072797,226600,221637,4162398,13400,6,6350.0,0.6646123025784821,-16000.0,-2250.0,0.0,16.666666666666664,41.66666666666667,0.1792177721932231,0.049349203044216576,0.5978916332894963,0.2138340450031193
AC_000091.1,NC_002758.2,40000,1,DNABERT-2-only,6,14,6,100.0,46.55330255750989,99.58333333333333,63.446554905162,94.04437898934589,0.6589607561562957,239000,274390,4109645,1000,6,1500.0,0.7738095238095238,-12000.0,0.0,50.0,66.66666666666666,66.66666666666666,0.1792177721932231,0.049349203044216576,0.5978916332894963,0.2138340450031193
AC_000091.1,NC_002758.2,40000,1,DNABERT-S-only,6,15,6,100.0,38.29565200741021,100.0,55.382293588461096,91.63710914817904,0.5909120384663902,240000,386703,3997332,0,6,4500.0,0.7738095238095238,-7500.0,1000.0,41.66666666666667,50.0,50.0,0.1792177721932231,0.049349203044216576,0.5978916332894963,0.2138340450031193
AC_000091.1,NC_002758.2,40000,1,SAGE-GI,6,16,6,100.0,35.998038106923175,100.0,52.939055015810034,90.77206379276973,0.5700377973544433,240000,426703,3957332,0,6,3500.0,0.7738095238095238,-11500.0,1000.0,41.66666666666667,50.0,58.333333333333336,0.1792177721932231,0.049349203044216576,0.5978916332894963,0.2138340450031193
AC_000091.1,NC_002758.2,40000,1,SAGE-GI/no-refine,6,16,6,100.0,42.08289277804956,100.0,59.237100195852655,92.85682309930613,0.6237970305715241,240000,330303,4053732,0,6,4750.0,0.7187925834555001,-10400.0,3850.0,0.0,0.0,50.0,0.1792177721932231,0.049349203044216576,0.5978916332894963,0.2138340450031193
AC_000091.1,NC_002758.2,80000,0,Comp-only,6,10,6,100.0,85.6923804947121,97.33333333333334,91.14265815845792,98.1331137625449,0.9033233592729722,467200,78006,4306029,12800,6,6800.0,0.86257022854961,-7200.0,-2850.0,0.0,0.0,33.33333333333333,0.1792177721932231,0.049349203044216576,0.5978916332894963,0.2138340450031193
AC_000091.1,NC_002758.2,80000,0,DNABERT-2-only,6,9,6,100.0,86.50864179618782,99.375,92.49653380389572,98.40893414623866,0.9188694302283078,477000,74390,4309645,3000,6,1000.0,0.9815548780487805,0.0,500.0,66.66666666666666,75.0,75.0,0.1792177721932231,0.049349203044216576,0.5978916332894963,0.2138340450031193
AC_000091.1,NC_002758.2,80000,0,DNABERT-S-only,6,11,6,100.0,73.68857366554599,100.0,84.85137750908176,96.47638226287434,0.8414736095816795,480000,171390,4212645,0,6,0.0,0.9432653627410181,-500.0,0.0,66.66666666666666,66.66666666666666,75.0,0.1792177721932231,0.049349203044216576,0.5978916332894963,0.2138340450031193
AC_000091.1,NC_002758.2,80000,0,SAGE-GI,6,10,6,100.0,81.30219007774522,100.0,89.68693653715,97.73048508080225,0.8902527784606805,480000,110390,4273645,0,6,0.0,0.9432653627410181,-500.0,0.0,66.66666666666666,66.66666666666666,75.0,0.1792177721932231,0.049349203044216576,0.5978916332894963,0.2138340450031193
AC_000091.1,NC_002758.2,80000,0,SAGE-GI/no-refine,6,12,6,100.0,80.00133335555593,100.0,88.88971194177724,97.53311807994803,0.8821094932176632,480000,119990,4264045,0,6,3500.0,0.8693981515859798,-3500.0,4000.0,0.0,0.0,66.66666666666666,0.1792177721932231,0.049349203044216576,0.5978916332894963,0.2138340450031193
AC_000091.1,NC_002758.2,80000,1,Comp-only,6,10,6,100.0,85.36580904544672,97.22916666666667,90.91210141949108,98.08171610607242,0.9008256604732534,466700,80006,4304029,13300,6,6450.0,0.8401860251101032,-12300.0,-2400.0,0.0,16.666666666666664,41.66666666666667,0.1792177721932231,0.049349203044216576,0.5978916332894963,0.2138340450031193
AC_000091.1,NC_002758.2,80000,1,DNABERT-2-only,6,10,6,100.0,76.60245578461192,99.16666666666667,86.43623058135628,96.92868163983195,0.8563488017507173,476000,145390,4238645,4000,6,1000.0,0.9192513368983957,-6500.0,0.0,66.66666666666666,66.66666666666666,75.0,0.1792177721932231,0.049349203044216576,0.5978916332894963,0.2138340450031193
AC_000091.1,NC_002758.2,80000,1,DNABERT-S-only,6,11,6,100.0,73.57562194392925,100.0,84.77644627734261,96.45582320028537,0.8407286420869573,480000,172390,4211645,0,6,1500.0,0.9092083171897197,-4000.0,1000.0,50.0,66.66666666666666,66.66666666666666,0.1792177721932231,0.049349203044216576,0.5978916332894963,0.2138340450031193
AC_000091.1,NC_002758.2,80000,1,SAGE-GI,6,11,6,100.0,78.50962560722289,100.0,87.96122376052557,97.29874476643363,0.8726779686240275,480000,131390,4252645,0,6,1500.0,0.9092083171897197,-4000.0,1000.0,50.0,66.66666666666666,66.66666666666666,0.1792177721932231,0.049349203044216576,0.5978916332894963,0.2138340450031193
AC_000091.1,NC_002758.2,80000,1,SAGE-GI/no-refine,6,13,6,100.0,77.1944947459497,100.0,87.12967618618886,97.08460157050679,0.8642775107012893,480000,141806,4242229,0,6,3850.0,0.8677442883696854,-7400.0,3550.0,0.0,0.0,58.333333333333336,0.1792177721932231,0.049349203044216576,0.5978916332894963,0.2138340450031193
AC_000091.1,NC_010167.1,5000,0,Comp-only,6,12,1,16.666666666666664,1.3351027895637686,16.666666666666664,2.472169551276505,91.06253122143345,0.02429078287455006,5000,369503,4014532,25000,1,11450.0,0.17921146953405018,-13000.0,9900.0,0.0,0.0,0.0,0.06528790798820183,0.024882991614155053,0.307605367415153,0.06217352896911588
AC_000091.1,NC_010167.1,5000,0,DNABERT-2-only,6,10,2,33.33333333333333,2.7824925568324104,33.33333333333333,5.13623873237628,91.63146644736618,0.07619937701082662,10000,349390,4034645,20000,2,7000.0,0.16244314489928524,0.0,45000.0,50.0,50.0,50.0,0.06528790798820183,0.024882991614155053,0.307605367415153,0.06217352896911588
AC_000091.1,NC_010167.1,5000,0,DNABERT-S-only,6,14,2,33.33333333333333,1.8737012907928192,33.33333333333333,3.5479676354392296,87.68240396825126,0.05389846649351077,10000,523703,3860332,20000,2,10000.0,0.12747252747252746,-1500.0,51500.0,25.0,25.0,50.0,0.06528790798820183,0.024882991614155053,0.307605367415153,0.06217352896911588
AC_000091.1,NC_010167.1,5000,0,SAGE-GI,6,12,2,33.33333333333333,2.0462325788873814,33.33333333333333,3.85577102889322,88.70187934622177,0.05868920733288282,10000,478703,3905332,20000,2,9500.0,0.13163919413919414,-1000.0,51500.0,25.0,50.0,50.0,0.06528790798820183,0.024882991614155053,0.307605367415153,0.06217352896911588
AC_000091.1,NC_010167.1,5000,0,SAGE-GI/no-refine,6,13,2,33.33333333333333,1.7388138255537946,24.833333333333332,3.2500605296508036,89.9513030594456,0.04226753243893203,7450,421003,3963032,22550,2,11900.0,0.14651605109620378,-3300.0,15100.0,0.0,0.0,25.0,0.06528790798820183,0.024882991614155053,0.307605367415153,0.06217352896911588
AC_000091.1,NC_010167.1,5000,1,Comp-only,6,13,1,16.666666666666664,1.4306028846676566,16.666666666666664,2.6350252830675913,91.62890643141705,0.026802225904682994,5000,344503,4039532,25000,1,24400.0,0.09293680297397769,-35200.0,13600.0,0.0,0.0,0.0,0.06528790798820183,0.024882991614155053,0.307605367415153,0.06217352896911588
AC_000091.1,NC_010167.1,5000,1,DNABERT-2-only,6,14,4,66.66666666666666,4.416661963086301,52.166666666666664,8.143830982983816,92.00187583469547,0.1343773228794451,15650,338690,4045345,14350,4,11775.0,0.1308497536945813,-18000.0,5775.0,25.0,25.0,37.5,0.06528790798820183,0.024882991614155053,0.307605367415153,0.06217352896911588
AC_000091.1,NC_010167.1,5000,1,DNABERT-S-only,6,16,5,83.33333333333334,4.061323139317584,71.5,7.686064573692159,88.32693895721262,0.15174165118319907,21450,506703,3877332,8550,5,14125.0,0.1282051282051282,-16000.0,12250.0,20.0,30.0,40.0,0.06528790798820183,0.024882991614155053,0.307605367415153,0.06217352896911588
AC_000091.1,NC_010167.1,5000,1,SAGE-GI,6,14,4,66.66666666666666,4.497383647063321,66.66666666666666,8.426321299844323,90.1517998837798,0.1555321059825648,20000,424703,3959332,10000,4,12000.0,0.19969278033794163,-20000.0,5000.0,25.0,37.5,37.5,0.06528790798820183,0.024882991614155053,0.307605367415153,0.06217352896911588
AC_000091.1,NC_010167.1,5000,1,SAGE-GI/no-refine,6,14,4,66.66666666666666,4.77038923991003,66.66666666666666,8.903668979394682,90.72836984754312,0.1612989187018928,20000,399253,3984782,10000,4,15200.0,0.1522863818424566,-24650.0,7700.0,0.0,0.0,37.5,0.06528790798820183,0.024882991614155053,0.307605367415153,0.06217352896911588
AC_000091.1,NC_010167.1,10000,0,Comp-only,6,14,3,50.0,5.45251810917577,33.33333333333333,9.372005351415055,91.2961306560367,0.10661931947856422,20000,346803,4037232,40000,3,7050.0,0.31746031746031744,-14200.0,6300.0,0.0,0.0,16.666666666666664,0.06528790798820183,0.024882991614155053,0.307605367415153,0.06217352896911588
AC_000091.1,NC_010167.1,10000,0,DNABERT-2-only,6,11,2,33.33333333333333,5.458664264854391,33.33333333333333,9.381083046037666,91.30542401218712,0.10671352003189491,20000,346390,4037645,40000,2,7000.0,0.26785714285714285,0.0,44000.0,50.0,50.0,50.0,0.06528790798820183,0.024882991614155053,0.307605367415153,0.06217352896911588
AC_000091.1,NC_010167.1,10000,0,DNABERT-S-only,6,14,2,33.33333333333333,3.7900106688800332,33.33333333333333,6.806158893182442,87.67554710977748,0.07760495591453194,20000,507703,3876332,40000,2,9000.0,0.23065476190476192,-500.0,51500.0,50.0,50.0,50.0,0.06528790798820183,0.024882991614155053,0.307605367415153,0.06217352896911588
AC_000091.1,NC_010167.1,10000,0,SAGE-GI,6,13,2,33.33333333333333,4.239956074055073,33.33333333333333,7.52299686102956,88.93566319797212,0.08628770907717305,20000,451703,3932332,40000,2,9000.0,0.23065476190476192,-500.0,51500.0,50.0,50.0,50.0,0.06528790798820183,0.024882991614155053,0.307605367415153,0.06217352896911588
AC_000091.1,NC_010167.1,10000,0,SAGE-GI/no-refine,6,14,2,33.33333333333333,4.2301669368318,30.75,7.437221985959976,89.6658554669349,0.08232385764145501,18450,417703,3966332,41550,2,12200.0,0.31136062502855577,-3700.0,15450.0,0.0,25.0,25.0,0.06528790798820183,0.024882991614155053,0.307605367415153,0.06217352896911588
AC_000091.1,NC_010167.1,10000,1,Comp-only,6,15,5,83.33333333333334,8.922577989685168,53.833333333333336,15.307948047762693,91.95769160233887,0.1953976529956401,32300,329703,4054332,27700,5,7650.0,0.12844036697247707,-20600.0,-4400.0,0.0,0.0,40.0,0.06528790798820183,0.024882991614155053,0.307605367415153,0.06217352896911588
AC_000091.1,NC_010167.1,10000,1,DNABERT-2-only,6,14,5,83.33333333333334,13.041550379509115,83.33333333333334,22.553508198200227,92.27301315133657,0.3112828565245754,50000,333390,4050645,10000,5,7500.0,0.45454545454545453,-12000.0,0.0,40.0,40.0,40.0,0.06528790798820183,0.024882991614155053,0.307605367415153,0.06217352896911588
AC_000091.1,NC_010167.1,10000,1,DNABERT-S-only,6,15,5,83.33333333333334,9.583997025127324,83.33333333333334,17.190903261630076,89.16068392800686,0.2602007092481122,50000,471703,3912332,10000,5,11500.0,0.2777777777777778,-16000.0,2000.0,30.0,40.0,40.0,0.06528790798820183,0.024882991614155053,0.307605367415153,0.06217352896911588
AC_000091.1,NC_010167.1,10000,1,SAGE-GI,6,15,5,83.33333333333334,10.532901624805405,83.33333333333334,18.701971000723766,90.21828135917022,0.2751637148239179,50000,424703,3959332,10000,5,7500.0,0.38461538461538464,-16000.0,1000.0,40.0,40.0,40.0,0.06528790798820183,0.024882991614155053,0.307605367415153,0.06217352896911588
AC_000091.1,NC_010167.1,10000,1,SAGE-GI/no-refine,6,15,5,83.33333333333334,11.114741926807202,83.33333333333334,19.613496439169722,90.77745787330657,0.28394973153570574,50000,399853,3984182,10000,5,11000.0,0.2857142857142857,-22450.0,9650.0,0.0,0.0,30.0,0.06528790798820183,0.024882991614155053,0.307605367415153,0.06217352896911588
AC_000091.1,NC_010167.1,20000,0,Comp-only,6,14,5,83.33333333333334,21.710367614271824,74.25,33.597095039055205,92.18027835041246,0.3744818913474006,89100,321303,4062732,30900,5,5800.0,0.5305039787798409,-12900.0,-3500.0,0.0,0.0,40.0,0.06528790798820183,0.024882991614155053,0.307605367415153,0.06217352896911588
AC_000091.1,NC_010167.1,20000,0,DNABERT-2-only,6,14,6,100.0,30.778058895641514,98.33333333333333,46.88213909692286,94.06332322017924,0.5325141811867318,118000,265390,4118645,2000,6,0.0,0.95,0.0,0.0,83.33333333333334,83.33333333333334,83.33333333333334,0.06528790798820183,0.024882991614155053,0.307605367415153,0.06217352896911588
AC_000091.1,NC_010167.1,20000,0,DNABERT-S-only,6,16,6,100.0,20.04369187960984,99.16666666666667,33.347204649553106,89.43829255323283,0.4205203976105723,119000,474703,3909332,1000,6,0.0,0.7189024390243902,0.0,0.0,66.66666666666666,66.66666666666666,75.0,0.06528790798820183,0.024882991614155053,0.307605367415153,0.06217352896911588
AC_000091.1,NC_010167.1,20000,0,SAGE-GI,6,16,6,100.0,20.42206750265573,99.16666666666667,33.8692164399469,89.68251800885206,0.4250792039845201,119000,463703,3920332,1000,6,0.0,0.713095238095238,0.0,0.0,66.66666666666666,66.66666666666666,75.0,0.06528790798820183,0.024882991614155053,0.307605367415153,0.06217352896911588
AC_000091.1,NC_010167.1,20000,0,SAGE-GI/no-refine,6,17,6,100.0,22.87444029103913,100.0,37.232218900625654,91.016877089099,0.4556682571577462,120000,404603,3979432,0,6,4300.0,0.6130078618945516,-4150.0,4300.0,0.0,0.0,66.66666666666666,0.06528790798820183,0.024882991614155053,0.307605367415153,0.06217352896911588
AC_000091.1,NC_010167.1,20000,1,Comp-only,6,15,6,100.0,24.0632272101786,83.5,37.359970022539024,92.53995583959717,0.4241188851059082,100200,316203,4067832,19800,6,6100.0,0.4224814404792915,-15050.0,-3150.0,0.0,8.333333333333332,33.33333333333333,0.06528790798820183,0.024882991614155053,0.307605367415153,0.06217352896911588
AC_000091.1,NC_010167.1,20000,1,DNABERT-2-only,6,15,6,100.0,27.87028507994993,98.33333333333333,43.43105320304017,93.1752306542911,0.504178216102961,118000,305390,4078645,2000,6,4500.0,0.6696428571428572,-9500.0,0.0,41.66666666666667,50.0,50.0,0.06528790798820183,0.024882991614155053,0.307605367415153,0.06217352896911588
AC_000091.1,NC_010167.1,20000,1,DNABERT-S-only,6,16,6,100.0,20.670380387109326,99.16666666666667,34.21000053183614,89.83793420788248,0.42804458153771846,119000,456703,3927332,1000,6,2000.0,0.5877616747181964,-4500.0,1000.0,41.66666666666667,58.333333333333336,58.333333333333336,0.06528790798820183,0.024882991614155053,0.307605367415153,0.06217352896911588
AC_000091.1,NC_010167.1,20000,1,SAGE-GI,6,16,6,100.0,22.131176504501557,99.16666666666667,36.18654620702657,90.68162214547623,0.4450897535847199,119000,418703,3965332,1000,6,4500.0,0.6226053639846744,-11500.0,1000.0,33.33333333333333,50.0,50.0,0.06528790798820183,0.024882991614155053,0.307605367415153,0.06217352896911588
AC_000091.1,NC_010167.1,20000,1,SAGE-GI/no-refine,6,16,6,100.0,24.222703536312864,100.0,38.99883490980707,91.66518466219735,0.47062218418384866,120000,375403,4008632,0,6,8700.0,0.5010245389574691,-14450.0,5900.0,0.0,0.0,41.66666666666667,0.06528790798820183,0.024882991614155053,0.307605367415153,0.06217352896911588
AC_000091.1,NC_010167.1,40000,0,Comp-only,6,15,6,100.0,45.345877352788,90.33333333333333,60.381310202018376,93.84730003124976,0.6147157045267728,216800,261303,4122732,23200,6,5650.0,0.73770168125885,-6450.0,-4350.0,0.0,0.0,16.666666666666664,0.06528790798820183,0.024882991614155053,0.307605367415153,0.06217352896911588
AC_000091.1,NC_010167.1,40000,0,DNABERT-2-only,6,13,6,100.0,50.70111797025817,99.58333333333333,67.19239798141666,94.95267661252565,0.69122776158378,239000,232390,4151645,1000,6,0.0,0.9636904761904761,0.0,1000.0,66.66666666666666,75.0,75.0,0.06528790798820183,0.024882991614155053,0.307605367415153,0.06217352896911588
AC_000091.1,NC_010167.1,40000,0,DNABERT-S-only,6,14,6,100.0,39.52353469389105,99.58333333333333,56.587936825132616,92.06963182588368,0.6003267305286124,239000,365703,4018332,1000,6,0.0,0.8100806451612903,0.0,0.0,66.66666666666666,66.66666666666666,75.0,0.06528790798820183,0.024882991614155053,0.307605367415153,0.06217352896911588
AC_000091.1,NC_010167.1,40000,0,SAGE-GI,6,14,6,100.0,39.98641465744693,99.58333333333333,57.06079601004175,92.2210147630803,0.6043625054903726,239000,358703,4025332,1000,6,0.0,0.8100806451612903,0.0,0.0,66.66666666666666,66.66666666666666,75.0,0.06528790798820183,0.024882991614155053,0.307605367415153,0.06217352896911588
AC_000091.1,NC_010167.1,40000,0,SAGE-GI/no-refine,6,15,6,100.0,44.21493617389734,100.0,61.31810940939163,93.45154178115001,0.6415686534048234,240000,302803,4081232,0,6,3950.0,0.7547941775036064,-4150.0,3950.0,0.0,0.0,66.66666666666666,0.06528790798820183,0.024882991614155053,0.307605367415153,0.06217352896911588
AC_000091.1,NC_010167.1,40000,1,Comp-only,6,14,6,100.0,46.31687911825403,87.25,60.511224485372836,94.08951273076437,0.6103113551903221,209400,242703,4141332,30600,6,6950.0,0.630178536200434,-13300.0,-5150.0,0.0,0.0,25.0,0.06528790798820183,0.024882991614155053,0.307605367415153,0.06217352896911588
AC_000091.1,NC_010167.1,40000,1,DNABERT-2-only,6,13,6,100.0,47.196824581844034,99.58333333333333,64.04158683798013,94.1957619265425,0.6640696541422472,239000,267390,4116645,1000,6,4500.0,0.8012820512820513,-10000.0,0.0,50.0,50.0,50.0,0.06528790798820183,0.024882991614155053,0.307605367415153,0.06217352896911588
AC_000091.1,NC_010167.1,40000,1,DNABERT-S-only,6,15,6,100.0,37.85571247472972,99.16666666666667,54.794331319219566,91.50735234486763,0.5841351385994743,238000,390703,3993332,2000,6,4500.0,0.6423160173160174,-7500.0,1000.0,33.33333333333333,50.0,50.0,0.06528790798820183,0.024882991614155053,0.307605367415153,0.06217352896911588
AC_000091.1,NC_010167.1,40000,1,SAGE-GI,6,15,6,100.0,38.15918794682725,99.16666666666667,55.111537183499415,91.6154830142938,0.586845865768148,238000,385703,3998332,2000,6,4500.0,0.7474489795918368,-7500.0,1000.0,33.33333333333333,50.0,50.0,0.06528790798820183,0.024882991614155053,0.307605367415153,0.06217352896911588
AC_000091.1,NC_010167.1,40000,1,SAGE-GI/no-refine,6,15,6,100.0,43.45834246260319,100.0,60.58670651925584,93.24717481593456,0.6353189825496223,240000,312253,4071782,0,6,8700.0,0.7100957085520223,-10450.0,5900.0,0.0,0.0,41.66666666666667,0.06528790798820183,0.024882991614155053,0.307605367415153,0.06217352896911588
AC_000091.1,NC_010167.1,80000,0,Comp-only,6,9,6,100.0,92.48068940150281,95.33333333333334,93.88534744349131,98.77455651532114,0.9321784559521569,457600,37206,4346829,22400,6,5500.0,0.8740268440871394,-5950.0,-4650.0,0.0,0.0,33.33333333333333,0.06528790798820183,0.024882991614155053,0.307605367415153,0.06217352896911588
AC_000091.1,NC_010167.1,80000,0,DNABERT-2-only,6,9,6,100.0,89.61547835542474,99.58333333333333,94.33682984833085,98.82011539801832,0.938426497033403,478000,55390,4328645,2000,6,500.0,0.9815548780487805,0.0,1000.0,66.66666666666666,75.0,75.0,0.06528790798820183,0.024882991614155053,0.307605367415153,0.06217352896911588
AC_000091.1,NC_010167.1,80000,0,DNABERT-S-only,6,10,6,100.0,70.13544908604743,100.0,82.44660294231313,95.79793319743793,0.8177140933720309,480000,204390,4179645,0,6,1000.0,0.8838444820091765,0.0,5000.0,50.0,58.333333333333336,66.66666666666666,0.06528790798820183,0.024882991614155053,0.307605367415153,0.06217352896911588
AC_000091.1,NC_010167.1,80000,0,SAGE-GI,6,11,6,100.0,74.95432470838082,100.0,85.6844491650229,96.70253195135314,0.8497771436045871,480000,160390,4223645,0,6,1000.0,0.8959681433549029,0.0,5000.0,50.0,58.333333333333336,66.66666666666666,0.06528790798820183,0.024882991614155053,0.307605367415153,0.06217352896911588
AC_000091.1,NC_010167.1,80000,0,SAGE-GI/no-refine,6,12,6,100.0,80.01920460910618,100.0,88.90074232119838,97.53587299433495,0.8822218754202042,480000,119856,4264179,0,6,3550.0,0.8770383164510653,-3550.0,3750.0,0.0,16.666666666666664,66.66666666666666,0.06528790798820183,0.024882991614155053,0.307605367415153,0.06217352896911588
AC_000091.1,NC_010167.1,80000,1,Comp-only,6,11,6,100.0,86.73095164034208,94.10416666666667,90.2672446008517,97.9974239494576,0.8924538586585764,451700,69106,4314929,28300,6,5950.0,0.8371645144279423,-8250.0,-4750.0,0.0,0.0,25.0,0.06528790798820183,0.024882991614155053,0.307605367415153,0.06217352896911588
AC_000091.1,NC_010167.1,80000,1,DNABERT-2-only,6,10,6,100.0,85.47618622744874,99.79166666666667,92.08085429502397,98.30613883329376,0.9148140877017543,479000,81390,4302645,1000,6,1500.0,0.9039836567926456,-6500.0,500.0,50.0,58.333333333333336,66.66666666666666,0.06528790798820183,0.024882991614155053,0.307605367415153,0.06217352896911588
AC_000091.1,NC_010167.1,80000,1,DNABERT-S-only,6,11,6,100.0,69.93108873963781,100.0,82.30523238367955,95.75681507225995,0.8163265183842658,480000,206390,4177645,0,6,3500.0,0.8795457291289115,-7500.0,1000.0,33.33333333333333,50.0,58.333333333333336,0.06528790798820183,0.024882991614155053,0.307605367415153,0.06217352896911588
AC_000091.1,NC_010167.1,80000,1,SAGE-GI,6,13,6,100.0,68.33810276342203,100.0,81.19148504300611,95.42787007083625,0.805428453402406,480000,222390,4161645,0,6,3500.0,0.8795457291289115,-7500.0,1000.0,33.33333333333333,50.0,58.333333333333336,0.06528790798820183,0.024882991614155053,0.307605367415153,0.06217352896911588
AC_000091.1,NC_010167.1,80000,1,SAGE-GI/no-refine,6,13,6,100.0,76.37158595144676,100.0,86.60304950988088,96.9468558511606,0.8589793593105807,480000,148506,4235529,0,6,4100.0,0.8676952902591322,-7150.0,3650.0,0.0,8.333333333333332,58.333333333333336,0.06528790798820183,0.024882991614155053,0.307605367415153,0.06217352896911588
AC_000091.1,NC_010501.1,5000,0,Comp-only,6,13,2,33.33333333333333,1.898547069050157,23.333333333333332,3.5113856680285833,91.28455030374703,0.044788480878482334,7000,361703,4022332,23000,2,4650.0,0.22792022792022792,-12350.0,-400.0,0.0,25.0,50.0,0.1063601816870321,0.031700091682346256,0.3861102147249849,0.09677853451593443
AC_000091.1,NC_010501.1,5000,0,DNABERT-2-only,6,11,1,16.666666666666664,1.385847723052191,16.666666666666664,2.5589191125668513,91.37319935161365,0.02564425665682355,5000,355790,4028245,25000,1,10000.0,0.2,-6000.0,14000.0,0.0,0.0,0.0,0.1063601816870321,0.031700091682346256,0.3861102147249849,0.09677853451593443
AC_000091.1,NC_010501.1,5000,0,DNABERT-S-only,6,15,2,33.33333333333333,1.8224795563355767,33.33333333333333,3.45600420250111,87.3425788422611,0.05240766049854725,10000,538703,3845332,20000,2,9000.0,0.1361681796464405,-500.0,51500.0,50.0,50.0,50.0,0.1063601816870321,0.031700091682346256,0.3861102147249849,0.09677853451593443
AC_000091.1,NC_010501.1,5000,0,SAGE-GI,6,12,2,33.33333333333333,2.1753175419781905,33.33333333333333,4.0841081226784395,89.35887458980275,0.06206907009433025,10000,449703,3934332,20000,2,9000.0,0.1361681796464405,-500.0,51500.0,50.0,50.0,50.0,0.1063601816870321,0.031700091682346256,0.3861102147249849,0.09677853451593443
AC_000091.1,NC_010501.1,5000,0,SAGE-GI/no-refine,6,13,2,33.33333333333333,1.9143618909718694,27.500000000000004,3.579540647311114,89.9309135518862,0.04943209436697326,8250,422703,3961332,21750,2,12200.0,0.164537778739987,-3750.0,15350.0,0.0,25.0,25.0,0.1063601816870321,0.031700091682346256,0.3861102147249849,0.09677853451593443
AC_000091.1,NC_010501.1,5000,1,Comp-only,6,13,2,33.33333333333333,1.6881114039078347,19.666666666666664,3.109329834019757,91.66968544653588,0.03599295406067492,5900,343603,4040432,24100,2,22350.0,0.058421256314160015,-33450.0,4750.0,0.0,0.0,25.0,0.1063601816870321,0.031700091682346256,0.3861102147249849,0.09677853451593443
AC_000091.1,NC_010501.1,5000,1,DNABERT-2-only,6,14,4,66.66666666666666,4.048959218351741,50.83333333333333,7.500491835530198,91.4785451406706,0.1252539921063716,15250,361390,4022645,14750,4,11575.0,0.12797619047619047,-18500.0,5575.0,25.0,25.0,37.5,0.1063601816870321,0.031700091682346256,0.3861102147249849,0.09677853451593443
AC_000091.1,NC_010501.1,5000,1,DNABERT-S-only,6,15,4,66.66666666666666,3.9943838962418843,66.66666666666666,7.537172392091246,88.88311941341652,0.14431235861701047,20000,480703,3903332,10000,4,21000.0,0.1464346349745331,-15500.0,21000.0,12.5,25.0,25.0,0.1063601816870321,0.031700091682346256,0.3861102147249849,0.09677853451593443
AC_000091.1,NC_010501.1,5000,1,SAGE-GI,6,15,5,83.33333333333334,4.52958617790596,67.16666666666666,8.486836979022982,90.15519813503971,0.1568734311853404,20150,424703,3959332,9850,5,9375.0,0.16129032258064516,-16000.0,8000.0,20.0,30.0,40.0,0.1063601816870321,0.031700091682346256,0.3861102147249849,0.09677853451593443
AC_000091.1,NC_010501.1,5000,1,SAGE-GI/no-refine,6,15,5,83.33333333333334,4.857727644207009,67.16666666666666,9.060190691159907,90.83598113744,0.16377487025810927,20150,394653,3989382,9850,5,11400.0,0.14705882352941177,-21650.0,10750.0,0.0,0.0,40.0,0.1063601816870321,0.031700091682346256,0.3861102147249849,0.09677853451593443
AC_000091.1,NC_010501.1,10000,0,Comp-only,6,14,3,50.0,7.509708182231862,44.83333333333333,12.864565773081493,91.80017709131454,0.15803037258543898,26900,331303,4052732,33100,3,8000.0,0.34965034965034963,-10200.0,7600.0,16.666666666666664,33.33333333333333,33.33333333333333,0.1063601816870321,0.031700091682346256,0.3861102147249849,0.09677853451593443
AC_000091.1,NC_010501.1,10000,0,DNABERT-2-only,6,11,2,33.33333333333333,5.707925454493564,33.33333333333333,9.746826189721972,91.66545718024273,0.1104722001013234,20000,330390,4053645,40000,2,10000.0,0.22690763052208834,-3000.0,43500.0,25.0,25.0,25.0,0.1063601816870321,0.031700091682346256,0.3861102147249849,0.09677853451593443
AC_000091.1,NC_010501.1,10000,0,DNABERT-S-only,6,14,2,33.33333333333333,3.8335988100509297,33.33333333333333,6.87636130465203,87.81055954779833,0.07848090879123831,20000,501703,3882332,40000,2,9000.0,0.23065476190476192,-500.0,51500.0,50.0,50.0,50.0,0.1063601816870321,0.031700091682346256,0.3861102147249849,0.09677853451593443
AC_000091.1,NC_010501.1,10000,0,SAGE-GI,6,13,2,33.33333333333333,4.16924638786916,33.33333333333333,7.411483723455308,88.75564661394431,0.0849727980489852,20000,459703,3924332,40000,2,9000.0,0.23065476190476192,-500.0,51500.0,50.0,50.0,50.0,0.1063601816870321,0.031700091682346256,0.3861102147249849,0.09677853451593443
AC_000091.1,NC_010501.1,10000,0,SAGE-GI/no-refine,6,14,2,33.33333333333333,4.14978048932732,29.916666666666668,7.288555749330531,89.72436085674393,0.07965935181655599,17950,414603,3969432,42050,2,11850.0,0.30618514272275626,-3500.0,15050.0,0.0,25.0,25.0,0.1063601816870321,0.031700091682346256,0.3861102147249849,0.09677853451593443
AC_000091.1,NC_010501.1,10000,1,Comp-only,6,15,5,83.33333333333334,9.830990049930351,59.166666666666664,16.86048306471338,92.12195673526423,0.21854179119959227,35500,325603,4058432,24500,5,11000.0,0.16556291390728478,-22500.0,6500.0,0.0,0.0,0.0,0.1063601816870321,0.031700091682346256,0.3861102147249849,0.09677853451593443
AC_000091.1,NC_010501.1,10000,1,DNABERT-2-only,6,13,5,83.33333333333334,13.558759235175296,81.66666666666667,23.256365836873208,92.72305461140607,0.31473801415127445,49000,312390,4071645,11000,5,7500.0,0.45454545454545453,-12000.0,0.0,40.0,40.0,40.0,0.1063601816870321,0.031700091682346256,0.3861102147249849,0.09677853451593443
AC_000091.1,NC_010501.1,10000,1,DNABERT-S-only,6,15,5,83.33333333333334,9.493015988137527,83.33333333333334,17.044398954837455,89.04817356298949,0.25872071265959085,50000,476703,3907332,10000,5,12500.0,0.2857142857142857,-7000.0,18000.0,40.0,40.0,40.0,0.1063601816870321,0.031700091682346256,0.3861102147249849,0.09677853451593443
AC_000091.1,NC_010501.1,10000,1,SAGE-GI,6,15,5,83.33333333333334,10.555136868459773,83.33333333333334,18.737012907928193,90.24078343217369,0.27550461408695986,50000,423703,3960332,10000,5,7500.0,0.38461538461538464,-16000.0,1000.0,40.0,40.0,40.0,0.1063601816870321,0.031700091682346256,0.3861102147249849,0.09677853451593443
AC_000091.1,NC_010501.1,10000,1,SAGE-GI/no-refine,6,15,5,83.33333333333334,11.372605213657135,83.33333333333334,20.013889639409747,91.00697901794203,0.2877579585145155,50000,389653,3994382,10000,5,11400.0,0.28735632183908044,-21050.0,10750.0,0.0,0.0,30.0,0.1063601816870321,0.031700091682346256,0.3861102147249849,0.09677853451593443
AC_000091.1,NC_010501.1,20000,0,Comp-only,6,16,5,83.33333333333334,23.597749137774553,72.58333333333333,35.616219896422635,93.00842466810315,0.3883783239120908,87100,282003,4102032,32900,5,5200.0,0.6061776061776062,-5900.0,-3800.0,0.0,0.0,50.0,0.1063601816870321,0.031700091682346256,0.3861102147249849,0.09677853451593443
AC_000091.1,NC_010501.1,20000,0,DNABERT-2-only,6,14,6,100.0,29.795438043015597,99.16666666666667,45.82298465507615,93.75249082211839,0.5255369880276393,119000,280390,4103645,1000,6,0.0,0.9295454545454545,0.0,1000.0,66.66666666666666,75.0,75.0,0.1063601816870321,0.031700091682346256,0.3861102147249849,0.09677853451593443
AC_000091.1,NC_010501.1,20000,0,DNABERT-S-only,6,17,6,100.0,19.48991640450022,100.0,32.62185963629345,88.99424627028876,0.4157666513081805,120000,495703,3888332,0,6,0.0,0.75,0.0,0.0,66.66666666666666,66.66666666666666,75.0,0.1063601816870321,0.031700091682346256,0.3861102147249849,0.09677853451593443
AC_000091.1,NC_010501.1,20000,0,SAGE-GI,6,16,6,100.0,20.1442665220756,100.0,33.53346290290805,89.43829255323283,0.42377413620876436,120000,475703,3908332,0,6,0.0,0.75,0.0,0.0,66.66666666666666,66.66666666666666,75.0,0.1063601816870321,0.031700091682346256,0.3861102147249849,0.09677853451593443
AC_000091.1,NC_010501.1,20000,0,SAGE-GI/no-refine,6,17,6,100.0,23.215187375581106,100.0,37.68234723340917,91.18783490803246,0.45949352647164526,120000,396903,3987132,0,6,4300.0,0.5786865543866582,-5500.0,4200.0,0.0,0.0,58.333333333333336,0.1063601816870321,0.031700091682346256,0.3861102147249849,0.09677853451593443
AC_000091.1,NC_010501.1,20000,1,Comp-only,6,15,6,100.0,28.081969847445887,88.83333333333333,42.67388306315215,93.64119062129845,0.47884282774843834,106600,273003,4111032,13400,6,6600.0,0.4299626204997049,-19700.0,300.0,0.0,0.0,25.0,0.1063601816870321,0.031700091682346256,0.3861102147249849,0.09677853451593443
AC_000091.1,NC_010501.1,20000,1,DNABERT-2-only,6,15,6,100.0,26.06485805512718,100.0,41.351505022484886,92.44255428743338,0.49031726543545845,120000,340390,4043645,0,6,1000.0,0.6226053639846744,-11500.0,0.0,58.333333333333336,58.333333333333336,58.333333333333336,0.1063601816870321,0.031700091682346256,0.3861102147249849,0.09677853451593443
AC_000091.1,NC_010501.1,20000,1,DNABERT-S-only,6,16,6,100.0,20.700255130644486,100.0,34.300267399167936,89.79352957958808,0.4304609042097999,120000,459703,3924332,0,6,1000.0,0.7151979565772669,-4000.0,500.0,58.333333333333336,58.333333333333336,58.333333333333336,0.1063601816870321,0.031700091682346256,0.3861102147249849,0.09677853451593443
AC_000091.1,NC_010501.1,20000,1,SAGE-GI,6,16,6,100.0,22.07087325249263,100.0,36.16075262579799,90.59281288888741,0.4465175668104989,120000,423703,3960332,0,6,4000.0,0.6226053639846744,-11500.0,500.0,50.0,50.0,50.0,0.1063601816870321,0.031700091682346256,0.3861102147249849,0.09677853451593443
AC_000091.1,NC_010501.1,20000,1,SAGE-GI/no-refine,6,16,6,100.0,24.49964577595482,100.0,39.356972661662866,91.78951762142168,0.47363537388456234,120000,369803,4014232,0,6,9100.0,0.5105363236175146,-13050.0,6150.0,0.0,0.0,41.66666666666667,0.1063601816870321,0.031700091682346256,0.3861102147249849,0.09677853451593443
AC_000091.1,NC_010501.1,40000,0,Comp-only,6,14,6,100.0,56.3073839226806,93.16666666666666,70.19240126446776,95.89306741839107,0.7062940389651299,223600,173506,4210529,16400,6,5100.0,0.7782135975777594,-5650.0,-3450.0,0.0,0.0,50.0,0.1063601816870321,0.031700091682346256,0.3861102147249849,0.09677853451593443
AC_000091.1,NC_010501.1,40000,0,DNABERT-2-only,6,14,6,100.0,47.77165150580227,100.0,64.65604331954901,94.32551872985391,0.6701675773562153,240000,262390,4121645,0,6,0.0,0.9761904761904762,0.0,1000.0,66.66666666666666,75.0,75.0,0.1063601816870321,0.031700091682346256,0.3861102147249849,0.09677853451593443
AC_000091.1,NC_010501.1,40000,0,DNABERT-S-only,6,14,6,100.0,36.88318633846778,100.0,53.89001721112425,91.11808193493344,0.5781687807719557,240000,410703,3973332,0,6,1000.0,0.7987711213517665,-500.0,1500.0,58.333333333333336,66.66666666666666,75.0,0.1063601816870321,0.031700091682346256,0.3861102147249849,0.09677853451593443
AC_000091.1,NC_010501.1,40000,0,SAGE-GI,6,14,6,100.0,38.47985339175858,100.0,55.5746593447053,91.70198754983471,0.5925537025593907,240000,383703,4000332,0,6,1000.0,0.7987711213517665,-500.0,1500.0,58.333333333333336,66.66666666666666,75.0,0.1063601816870321,0.031700091682346256,0.3861102147249849,0.09677853451593443
AC_000091.1,NC_010501.1,40000,0,SAGE-GI/no-refine,6,15,6,100.0,44.800943806549526,100.0,61.879353309191785,93.60508733173516,0.6463677110555568,240000,295703,4088332,0,6,4300.0,0.7465364022741072,-4550.0,4200.0,0.0,0.0,66.66666666666666,0.1063601816870321,0.031700091682346256,0.3861102147249849,0.09677853451593443
AC_000091.1,NC_010501.1,40000,1,Comp-only,6,14,6,100.0,52.25285329648074,91.375,66.48577362094318,95.218678059314,0.670300225657488,219300,200390,4183645,20700,6,5650.0,0.6123447426987108,-15850.0,-4700.0,0.0,0.0,33.33333333333333,0.1063601816870321,0.031700091682346256,0.3861102147249849,0.09677853451593443
AC_000091.1,NC_010501.1,40000,1,DNABERT-2-only,6,13,6,100.0,47.01115285509157,99.58333333333333,63.870441881906494,94.15250965877205,0.6625996561643951,239000,269390,4114645,1000,6,1500.0,0.7653061224489797,-11500.0,0.0,50.0,58.333333333333336,58.333333333333336,0.1063601816870321,0.031700091682346256,0.3861102147249849,0.09677853451593443
AC_000091.1,NC_010501.1,40000,1,DNABERT-S-only,6,15,6,100.0,36.65784332743244,100.0,53.6490880213881,91.03157739939253,0.5761096657508885,240000,414703,3969332,0,6,4500.0,0.7653061224489797,-7500.0,1000.0,33.33333333333333,50.0,50.0,0.1063601816870321,0.031700091682346256,0.3861102147249849,0.09677853451593443
AC_000091.1,NC_010501.1,40000,1,SAGE-GI,6,15,6,100.0,37.93248965154267,100.0,55.00152973004562,91.50735234486763,0.5876619808396293,240000,392703,3991332,0,6,4500.0,0.7653061224489797,-7500.0,1000.0,33.33333333333333,50.0,50.0,0.1063601816870321,0.031700091682346256,0.3861102147249849,0.09677853451593443
AC_000091.1,NC_010501.1,40000,1,SAGE-GI/no-refine,6,15,6,100.0,43.58461680949709,100.0,60.70931242909342,93.28177663015094,0.6363663102310138,240000,310653,4073382,0,6,8150.0,0.7130328681461146,-9800.0,5450.0,0.0,0.0,41.66666666666667,0.1063601816870321,0.031700091682346256,0.3861102147249849,0.09677853451593443
AC_000091.1,NC_010501.1,80000,0,Comp-only,6,7,6,100.0,97.01492537313433,96.14583333333333,96.57842419169197,99.32771865334028,0.9620686880528345,461500,14200,4369835,18500,6,5850.0,0.8739617286222625,-7550.0,-3400.0,0.0,8.333333333333332,33.33333333333333,0.1063601816870321,0.031700091682346256,0.3861102147249849,0.09677853451593443
AC_000091.1,NC_010501.1,80000,0,DNABERT-2-only,6,9,6,100.0,87.02919747815186,99.79166666666667,92.9745047991537,98.51172945918358,0.9241641592276216,479000,71390,4312645,1000,6,0.0,0.9876543209876543,0.0,0.0,75.0,75.0,75.0,0.1063601816870321,0.031700091682346256,0.3861102147249849,0.09677853451593443
AC_000091.1,NC_010501.1,80000,0,DNABERT-S-only,6,10,6,100.0,71.07004841647048,100.0,83.08882714927427,95.98296476073877,0.8240301011325326,480000,195390,4188645,0,6,0.0,0.8838444820091765,0.0,1000.0,58.333333333333336,66.66666666666666,75.0,0.1063601816870321,0.031700091682346256,0.3861102147249849,0.09677853451593443
AC_000091.1,NC_010501.1,80000,0,SAGE-GI,6,11,6,100.0,73.23883489220158,100.0,84.55244453447713,96.3941460125184,0.8385034508604217,480000,175390,4208645,0,6,0.0,0.8959681433549029,0.0,1000.0,58.333333333333336,66.66666666666666,75.0,0.1063601816870321,0.031700091682346256,0.3861102147249849,0.09677853451593443
AC_000091.1,NC_010501.1,80000,0,SAGE-GI/no-refine,6,12,6,100.0,78.60399308284862,100.0,88.02042073761113,97.31383511837394,0.8732776379289395,480000,130656,4253379,0,6,4050.0,0.862292651283477,-4150.0,3850.0,0.0,0.0,66.66666666666666,0.1063601816870321,0.031700091682346256,0.3861102147249849,0.09677853451593443
AC_000091.1,NC_010501.1,80000,1,Comp-only,6,7,6,100.0,95.15400410677618,96.54166666666667,95.84281282316444,99.17352568392292,0.9538707282719915,463400,23600,4360435,16600,6,5700.0,0.8570872056134065,-9800.0,-3150.0,0.0,16.666666666666664,41.66666666666667,0.1063601816870321,0.031700091682346256,0.3861102147249849,0.09677853451593443
AC_000091.1,NC_010501.1,80000,1,DNABERT-2-only,6,11,6,100.0,80.75505980921616,100.0,89.35302822997237,97.64824883044632,0.8868368868709235,480000,114390,4269645,0,6,1500.0,0.9092083171897197,-6000.0,500.0,50.0,58.333333333333336,66.66666666666666,0.1063601816870321,0.031700091682346256,0.3861102147249849,0.09677853451593443
AC_000091.1,NC_010501.1,80000,1,DNABERT-S-only,6,11,6,100.0,70.86021346639306,100.0,82.94524749652234,95.94184663556081,0.8226162614549966,480000,197390,4186645,0,6,2000.0,0.9092083171897197,-4500.0,1000.0,41.66666666666667,66.66666666666666,66.66666666666666,0.1063601816870321,0.031700091682346256,0.3861102147249849,0.09677853451593443
AC_000091.1,NC_010501.1,80000,1,SAGE-GI,6,12,6,100.0,70.96497582755511,100.0,83.01697524191665,95.9624056981498,0.8233224396439229,480000,196390,4187645,0,6,2000.0,0.9092083171897197,-4500.0,1000.0,41.66666666666667,66.66666666666666,66.66666666666666,0.1063601816870321,0.031700091682346256,0.3861102147249849,0.09677853451593443
AC_000091.1,NC_010501.1,80000,1,SAGE-GI/no-refine,6,13,6,100.0,75.36433947866719,100.0,85.95172736112082,96.77415972541316,0.8524495640171338,480000,156906,4227129,0,6,4050.0,0.8640316500578509,-7050.0,4000.0,0.0,0.0,58.333333333333336,0.1063601816870321,0.031700091682346256,0.3861102147249849,0.09677853451593443
AC_000091.1,NC_008611.1,5000,0,Comp-only,6,14,3,50.0,3.5942859212656346,43.0,6.634044993224532,91.77389848517286,0.10553790301153626,12900,346003,4038032,17100,3,9900.0,0.17985611510791366,-12400.0,9400.0,0.0,16.666666666666664,33.33333333333333,0.14673114137182974,0.04316908366577315,0.5025055455440426,0.1623288634325577
AC_000091.1,NC_008611.1,5000,0,DNABERT-2-only,6,11,2,33.33333333333333,2.64977874347492,33.33333333333333,4.909300670119541,91.22367629617798,0.07331918112921529,10000,367390,4016645,20000,2,7000.0,0.1632245169886742,0.0,44000.0,50.0,50.0,50.0,0.14673114137182974,0.04316908366577315,0.5025055455440426,0.1623288634325577
AC_000091.1,NC_008611.1,5000,0,DNABERT-S-only,6,14,2,33.33333333333333,1.8986031976275055,33.33333333333333,3.592579885504479,87.84098902704667,0.05461125528446843,10000,516703,3867332,20000,2,9500.0,0.13163919413919414,-1000.0,51500.0,25.0,50.0,50.0,0.14673114137182974,0.04316908366577315,0.5025055455440426,0.1623288634325577
AC_000091.1,NC_008611.1,5000,0,SAGE-GI,6,12,2,33.33333333333333,2.147291299390384,33.33333333333333,4.034673988255064,89.22294453940668,0.061348743811941324,10000,455703,3928332,20000,2,9000.0,0.1361681796464405,-500.0,51500.0,50.0,50.0,50.0,0.14673114137182974,0.04316908366577315,0.5025055455440426,0.1623288634325577
AC_000091.1,NC_008611.1,5000,0,SAGE-GI/no-refine,6,13,2,33.33333333333333,2.1142241731748173,30.166666666666668,3.951507794949493,90.03286108968325,0.05721925202600975,9050,419003,3965032,20950,2,12250.0,0.1836836836836837,-4100.0,15450.0,25.0,25.0,25.0,0.14673114137182974,0.04316908366577315,0.5025055455440426,0.1623288634325577
AC_000091.1,NC_008611.1,5000,1,Comp-only,6,14,3,50.0,2.588610675768072,30.666666666666664,4.774223345433222,91.68554395241541,0.06875523497641674,9200,346203,4037832,20800,3,10050.0,0.08896797153024912,-31200.0,6500.0,0.0,16.666666666666664,33.33333333333333,0.14673114137182974,0.04316908366577315,0.5025055455440426,0.1623288634325577
AC_000091.1,NC_008611.1,5000,1,DNABERT-2-only,6,13,4,66.66666666666666,4.716981132075472,56.49999999999999,8.707042687625213,91.94750381453703,0.1462871464014128,16950,342390,4041645,13050,4,12425.0,0.14082874529121994,-18000.0,6425.0,25.0,25.0,37.5,0.14673114137182974,0.04316908366577315,0.5025055455440426,0.1623288634325577
AC_000091.1,NC_008611.1,5000,1,DNABERT-S-only,6,15,4,66.66666666666666,3.840961162121209,66.66666666666666,7.263443271600117,88.43001924542963,0.140714764819961,20000,500703,3883332,10000,4,15500.0,0.14474772539288666,-15500.0,13000.0,25.0,37.5,37.5,0.14673114137182974,0.04316908366577315,0.5025055455440426,0.1623288634325577
AC_000091.1,NC_008611.1,5000,1,SAGE-GI,6,14,4,66.66666666666666,4.369645818358193,66.66666666666666,8.20171292774496,89.85728477458834,0.15275994672273252,20000,437703,3946332,10000,4,12000.0,0.19969278033794163,-20000.0,5000.0,25.0,37.5,37.5,0.14673114137182974,0.04316908366577315,0.5025055455440426,0.1623288634325577
AC_000091.1,NC_008611.1,5000,1,SAGE-GI/no-refine,6,14,4,66.66666666666666,4.816340881342218,66.66666666666666,8.983656482943406,90.8189898811405,0.1622496267490089,20000,395253,3988782,10000,4,15500.0,0.1528602367349987,-24250.0,7850.0,0.0,0.0,37.5,0.14673114137182974,0.04316908366577315,0.5025055455440426,0.1623288634325577
AC_000091.1,NC_008611.1,10000,0,Comp-only,6,13,3,50.0,7.853483620875175,46.833333333333336,13.451315572171573,91.86318289572426,0.16674893254939882,28100,329703,4054332,31900,3,9250.0,0.30864197530864196,-12400.0,8500.0,0.0,33.33333333333333,33.33333333333333,0.14673114137182974,0.04316908366577315,0.5025055455440426,0.1623288634325577
AC_000091.1,NC_008611.1,10000,0,DNABERT-2-only,6,11,2,33.33333333333333,5.356329842791719,33.33333333333333,9.229562288008491,91.1479095011628,0.10513511270189035,20000,353390,4030645,40000,2,7000.0,0.2664728682170543,0.0,45000.0,50.0,50.0,50.0,0.14673114137182974,0.04316908366577315,0.5025055455440426,0.1623288634325577
AC_000091.1,NC_008611.1,10000,0,DNABERT-S-only,6,15,2,33.33333333333333,3.5669507742958393,33.33333333333333,6.444305891867769,86.9329787006628,0.07298955264798888,20000,540703,3843332,40000,2,9000.0,0.23065476190476192,-500.0,51500.0,50.0,50.0,50.0,0.14673114137182974,0.04316908366577315,0.5025055455440426,0.1623288634325577
AC_000091.1,NC_008611.1,10000,0,SAGE-GI,6,13,2,33.33333333333333,4.239956074055073,33.33333333333333,7.52299686102956,88.93566319797212,0.08628770907717305,20000,451703,3932332,40000,2,9000.0,0.23065476190476192,-500.0,51500.0,50.0,50.0,50.0,0.14673114137182974,0.04316908366577315,0.5025055455440426,0.1623288634325577
AC_000091.1,NC_008611.1,10000,0,SAGE-GI/no-refine,6,14,2,33.33333333333333,4.3387892361199025,31.416666666666664,7.624587170064697,89.72211064944358,0.08524401684317091,18850,415603,3968432,41150,2,12200.0,0.31962249491556405,-4050.0,15350.0,0.0,25.0,25.0,0.14673114137182974,0.04316908366577315,0.5025055455440426,0.1623288634325577
AC_000091.1,NC_008611.1,10000,1,Comp-only,6,14,5,83.33333333333334,11.984292216062853,71.66666666666667,20.53471441226543,92.51124259822436,0.27307882137020495,43000,315803,4068232,17000,5,10200.0,0.23076923076923078,-23800.0,6100.0,0.0,10.0,30.0,0.14673114137182974,0.04316908366577315,0.5025055455440426,0.1623288634325577
AC_000091.1,NC_008611.1,10000,1,DNABERT-2-only,6,14,5,83.33333333333334,12.550515826200456,83.33333333333334,21.815484630991076,91.93548205628443,0.30454983533069063,50000,348390,4035645,10000,5,7500.0,0.45454545454545453,-12000.0,0.0,40.0,40.0,40.0,0.14673114137182974,0.04316908366577315,0.5025055455440426,0.1623288634325577
AC_000091.1,NC_008611.1,10000,1,DNABERT-S-only,6,16,5,83.33333333333334,9.264354654319135,83.33333333333334,16.674920752439125,88.75564661394431,0.25496323889902106,50000,489703,3894332,10000,5,4000.0,0.5555555555555556,-7000.0,1000.0,50.0,50.0,50.0,0.14673114137182974,0.04316908366577315,0.5025055455440426,0.1623288634325577
AC_000091.1,NC_008611.1,10000,1,SAGE-GI,6,15,5,83.33333333333334,10.510759864873672,83.33333333333334,18.667059919395633,90.19577928616673,0.2748238295255331,50000,425703,3958332,10000,5,7500.0,0.38461538461538464,-16000.0,1000.0,40.0,40.0,40.0,0.14673114137182974,0.04316908366577315,0.5025055455440426,0.1623288634325577
AC_000091.1,NC_008611.1,10000,1,SAGE-GI/no-refine,6,15,5,83.33333333333334,11.398531413212721,83.33333333333334,20.054025544817737,91.02948109094551,0.28813806743335396,50000,388653,3995382,10000,5,11150.0,0.27548209366391185,-22250.0,10150.0,0.0,0.0,30.0,0.14673114137182974,0.04316908366577315,0.5025055455440426,0.1623288634325577
AC_000091.1,NC_008611.1,20000,0,Comp-only,6,15,6,100.0,29.464288141167643,90.33333333333333,44.435061887301366,93.98088602775067,0.496339181319739,108400,259503,4124532,11600,6,6000.0,0.6032861189801699,-6900.0,-2450.0,0.0,8.333333333333332,41.66666666666667,0.14673114137182974,0.04316908366577315,0.5025055455440426,0.1623288634325577
AC_000091.1,NC_008611.1,20000,0,DNABERT-2-only,6,15,6,100.0,27.649341295104442,99.16666666666667,43.2420647177456,93.06421908355507,0.5043059391654386,119000,311390,4072645,1000,6,0.0,0.9295454545454545,0.0,1000.0,66.66666666666666,75.0,75.0,0.14673114137182974,0.04316908366577315,0.5025055455440426,0.1623288634325577
AC_000091.1,NC_008611.1,20000,0,DNABERT-S-only,6,16,6,100.0,20.700255130644486,100.0,34.300267399167936,89.79352957958808,0.4304609042097999,120000,459703,3924332,0,6,0.0,0.7439024390243902,0.0,0.0,66.66666666666666,66.66666666666666,75.0,0.14673114137182974,0.04316908366577315,0.5025055455440426,0.1623288634325577
AC_000091.1,NC_008611.1,20000,0,SAGE-GI,6,16,6,100.0,22.52662365333028,100.0,36.77016958708632,90.83703834450665,0.4517302178071748,120000,412703,3971332,0,6,0.0,0.7439024390243902,0.0,0.0,66.66666666666666,66.66666666666666,75.0,0.14673114137182974,0.04316908366577315,0.5025055455440426,0.1623288634325577
AC_000091.1,NC_008611.1,20000,0,SAGE-GI/no-refine,6,17,6,100.0,24.635446712502286,100.0,39.53200692468988,91.84946386961913,0.4751059337165589,120000,367103,4016932,0,6,4100.0,0.6168208718846377,-4000.0,4150.0,0.0,0.0,66.66666666666666,0.14673114137182974,0.04316908366577315,0.5025055455440426,0.1623288634325577
AC_000091.1,NC_008611.1,20000,1,Comp-only,6,14,6,100.0,31.239221206776165,92.83333333333333,46.7475026384643,94.3649860624973,0.5203102325597476,111400,245203,4138832,8600,6,5900.0,0.4602357669779183,-17550.0,1900.0,0.0,16.666666666666664,33.33333333333333,0.14673114137182974,0.04316908366577315,0.5025055455440426,0.1623288634325577
AC_000091.1,NC_008611.1,20000,1,DNABERT-2-only,6,14,6,100.0,30.738492276953817,100.0,47.022864868042085,93.99671627773762,0.5370536586129073,120000,270390,4113645,0,6,4000.0,0.6226053639846744,-11500.0,0.0,50.0,50.0,50.0,0.14673114137182974,0.04316908366577315,0.5025055455440426,0.1623288634325577
AC_000091.1,NC_008611.1,20000,1,DNABERT-S-only,6,16,6,100.0,20.989919591116365,100.0,34.69697254457477,89.9711480927657,0.43390381623365015,120000,451703,3932332,0,6,1000.0,0.7151979565772669,-4000.0,500.0,58.333333333333336,58.333333333333336,58.333333333333336,0.14673114137182974,0.04316908366577315,0.5025055455440426,0.1623288634325577
AC_000091.1,NC_008611.1,20000,1,SAGE-GI,6,16,6,100.0,21.989983562487286,100.0,36.05211332981825,90.548408260593,0.4455860179679963,120000,425703,3958332,0,6,4000.0,0.6226053639846744,-11500.0,500.0,50.0,50.0,50.0,0.14673114137182974,0.04316908366577315,0.5025055455440426,0.1623288634325577
AC_000091.1,NC_008611.1,20000,1,SAGE-GI/no-refine,6,16,6,100.0,23.612611495799907,100.0,38.204211059163995,91.38099504111314,0.4639152133499943,120000,388203,3995832,0,6,10200.0,0.5006893094372729,-12650.0,7350.0,0.0,0.0,41.66666666666667,0.14673114137182974,0.04316908366577315,0.5025055455440426,0.1623288634325577
AC_000091.1,NC_008611.1,40000,0,Comp-only,6,12,6,100.0,61.629752444737754,94.16666666666667,74.50066424264801,96.65430733115126,0.74670987200902,226000,140706,4243329,14000,6,4800.0,0.775599128540305,-6850.0,-2950.0,0.0,16.666666666666664,50.0,0.14673114137182974,0.04316908366577315,0.5025055455440426,0.1623288634325577
AC_000091.1,NC_008611.1,40000,0,DNABERT-2-only,6,14,6,100.0,49.54685274262474,100.0,66.26264857328235,94.71478913978808,0.6839944530796672,240000,244390,4139645,0,6,0.0,0.9761904761904762,0.0,1000.0,66.66666666666666,75.0,75.0,0.14673114137182974,0.04316908366577315,0.5025055455440426,0.1623288634325577
AC_000091.1,NC_008611.1,40000,0,DNABERT-S-only,6,13,6,100.0,40.22101447453758,100.0,57.368026647448374,92.285893164736,0.607852518304078,240000,356703,4027332,0,6,0.0,0.7987711213517665,0.0,1000.0,58.333333333333336,66.66666666666666,75.0,0.14673114137182974,0.04316908366577315,0.5025055455440426,0.1623288634325577
AC_000091.1,NC_008611.1,40000,0,SAGE-GI,6,15,6,100.0,36.93995564126993,100.0,53.95058800521073,91.13970806881868,0.5786863657670833,240000,409703,3974332,0,6,0.0,0.7987711213517665,0.0,1000.0,58.333333333333336,66.66666666666666,75.0,0.14673114137182974,0.04316908366577315,0.5025055455440426,0.1623288634325577
AC_000091.1,NC_008611.1,40000,0,SAGE-GI/no-refine,6,16,6,100.0,44.10248682897607,100.0,61.209889987974805,93.42161121185285,0.6406436483830705,240000,304187,4079848,0,6,3850.0,0.7579909325779521,-3850.0,4100.0,0.0,0.0,66.66666666666666,0.14673114137182974,0.04316908366577315,0.5025055455440426,0.1623288634325577
AC_000091.1,NC_008611.1,40000,1,Comp-only,6,12,6,100.0,58.475426800413935,93.70833333333334,72.01339724562365,96.21962204005808,0.7235008748364239,224900,159706,4224329,15100,6,6350.0,0.6731251626333594,-13450.0,-3100.0,0.0,0.0,33.33333333333333,0.14673114137182974,0.04316908366577315,0.5025055455440426,0.1623288634325577
AC_000091.1,NC_008611.1,40000,1,DNABERT-2-only,6,13,6,100.0,49.85562641517273,100.0,66.53821095385297,94.77966754144379,0.6863710249579146,240000,241390,4142645,0,6,4000.0,0.7653061224489797,-11500.0,0.0,50.0,50.0,50.0,0.14673114137182974,0.04316908366577315,0.5025055455440426,0.1623288634325577
AC_000091.1,NC_008611.1,40000,1,DNABERT-S-only,6,15,6,100.0,38.47985339175858,100.0,55.5746593447053,91.70198754983471,0.5925537025593907,240000,383703,4000332,0,6,4500.0,0.7738095238095238,-7500.0,1000.0,41.66666666666667,50.0,50.0,0.14673114137182974,0.04316908366577315,0.5025055455440426,0.1623288634325577
AC_000091.1,NC_008611.1,40000,1,SAGE-GI,6,16,6,100.0,38.11320574937709,100.0,55.19125494565387,91.57223074652333,0.5892815083499754,240000,389703,3994332,0,6,4500.0,0.7738095238095238,-7500.0,1000.0,41.66666666666667,50.0,50.0,0.14673114137182974,0.04316908366577315,0.5025055455440426,0.1623288634325577
AC_000091.1,NC_008611.1,40000,1,SAGE-GI/no-refine,6,16,6,100.0,43.007900909796305,100.0,60.147587141949565,93.12208925754238,0.6315688433872724,240000,318037,4065998,0,6,8450.0,0.7008349263724428,-8550.0,6400.0,0.0,0.0,41.66666666666667,0.14673114137182974,0.04316908366577315,0.5025055455440426,0.1623288634325577
AC_000091.1,NC_008611.1,80000,0,Comp-only,6,7,6,100.0,96.52605459057072,97.25,96.88667496886674,99.38322812233054,0.9654521925063427,466800,16800,4367235,13200,6,5700.0,0.8736383442265795,-7150.0,-2850.0,8.333333333333332,16.666666666666664,41.66666666666667,0.14673114137182974,0.04316908366577315,0.5025055455440426,0.1623288634325577
AC_000091.1,NC_008611.1,80000,0,DNABERT-2-only,6,10,6,100.0,88.33434549770884,100.0,93.80588045613109,98.69676102248441,0.9330439124333073,480000,63390,4320645,0,6,0.0,0.9819277108433735,0.0,1000.0,66.66666666666666,75.0,75.0,0.14673114137182974,0.04316908366577315,0.5025055455440426,0.1623288634325577
AC_000091.1,NC_008611.1,80000,0,DNABERT-S-only,6,9,6,100.0,73.64811882101509,99.79166666666667,84.74951123063721,96.45582320028537,0.8401947482727826,479000,171390,4212645,1000,6,500.0,0.8878048780487805,0.0,1000.0,58.333333333333336,66.66666666666666,75.0,0.14673114137182974,0.04316908366577315,0.5025055455440426,0.1623288634325577
AC_000091.1,NC_008611.1,80000,0,SAGE-GI,6,10,6,100.0,77.45920859004836,99.79166666666667,87.2185653547465,97.11371320313279,0.8649408710883494,479000,139390,4244645,1000,6,500.0,0.8908661025385765,0.0,1000.0,58.333333333333336,66.66666666666666,75.0,0.14673114137182974,0.04316908366577315,0.5025055455440426,0.1623288634325577
AC_000091.1,NC_008611.1,80000,0,SAGE-GI/no-refine,6,11,6,100.0,81.45865294540913,100.0,89.78205406376021,97.75379905777815,0.8912272137760766,480000,109256,4274779,0,6,3800.0,0.870561282932417,-3800.0,3900.0,0.0,0.0,66.66666666666666,0.14673114137182974,0.04316908366577315,0.5025055455440426,0.1623288634325577
AC_000091.1,NC_008611.1,80000,1,Comp-only,6,7,6,100.0,95.68859828361259,97.5625,96.6164637920363,99.3256627470814,0.9624759882426766,468300,21100,4362935,11700,6,5500.0,0.8476863692336838,-10500.0,-2150.0,0.0,8.333333333333332,41.66666666666667,0.14673114137182974,0.04316908366577315,0.5025055455440426,0.1623288634325577
AC_000091.1,NC_008611.1,80000,1,DNABERT-2-only,6,11,6,100.0,82.81609294766507,99.79166666666667,90.51483857557233,97.93607570669208,0.8985726922013206,479000,99390,4284645,1000,6,1000.0,0.9085684430512017,-6000.0,0.0,58.333333333333336,58.333333333333336,66.66666666666666,0.14673114137182974,0.04316908366577315,0.5025055455440426,0.1623288634325577
AC_000091.1,NC_008611.1,80000,1,DNABERT-S-only,6,10,6,100.0,73.46301596290118,100.0,84.70164727057764,96.43526413769638,0.8399852972399526,480000,173390,4210645,0,6,1500.0,0.9092083171897197,-4000.0,1000.0,50.0,66.66666666666666,66.66666666666666,0.14673114137182974,0.04316908366577315,0.5025055455440426,0.1623288634325577
AC_000091.1,NC_008611.1,80000,1,SAGE-GI,6,11,6,100.0,74.95432470838082,100.0,85.6844491650229,96.70253195135314,0.8497771436045871,480000,160390,4223645,0,6,1500.0,0.9092083171897197,-4000.0,1000.0,50.0,66.66666666666666,66.66666666666666,0.14673114137182974,0.04316908366577315,0.5025055455440426,0.1623288634325577
AC_000091.1,NC_008611.1,80000,1,SAGE-GI/no-refine,6,13,6,100.0,76.60316051873107,100.0,86.75174361968035,96.98591807007968,0.8604736092214248,480000,146606,4237429,0,6,3900.0,0.8609829748605939,-5650.0,3850.0,0.0,0.0,58.333333333333336,0.14673114137182974,0.04316908366577315,0.5025055455440426,0.1623288634325577
AC_000091.1,NC_002516.2,5000,0,Comp-only,6,14,3,50.0,3.6120843671767116,43.333333333333336,6.668325198831505,91.75577447845339,0.10634331468806166,13000,346903,4037132,17000,3,9700.0,0.18050541516245489,-12100.0,8800.0,0.0,33.33333333333333,33.33333333333333,0.15756156038890545,0.046951249656360924,0.5500186127724057,0.17754062445034868
AC_000091.1,NC_002516.2,5000,0,DNABERT-2-only,6,11,2,33.33333333333333,2.6568187252583755,33.33333333333333,4.9213809394916215,91.24633130457734,0.07347452512524982,10000,366390,4017645,20000,2,7000.0,0.1636302294197031,0.0,43500.0,50.0,50.0,50.0,0.15756156038890545,0.046951249656360924,0.5500186127724057,0.17754062445034868
AC_000091.1,NC_002516.2,5000,0,DNABERT-S-only,6,15,2,33.33333333333333,1.8950053344400166,33.33333333333333,3.5861381416273543,87.81833401864733,0.054508741175110245,10000,517703,3866332,20000,2,9500.0,0.13163919413919414,-1000.0,51500.0,25.0,50.0,50.0,0.15756156038890545,0.046951249656360924,0.5500186127724057,0.17754062445034868
AC_000091.1,NC_002516.2,5000,0,SAGE-GI,6,12,2,33.33333333333333,2.0977422000700647,33.33333333333333,3.947085373483086,88.9737394470139,0.06005725166233295,10000,466703,3917332,20000,2,9000.0,0.1361681796464405,-500.0,51500.0,50.0,50.0,50.0,0.15756156038890545,0.046951249656360924,0.5500186127724057,0.17754062445034868
AC_000091.1,NC_002516.2,5000,0,SAGE-GI/no-refine,6,13,2,33.33333333333333,2.1148587898385083,30.5,3.955448251713487,89.93317905272613,0.05758456406511659,9150,423503,3960532,20850,2,12400.0,0.1840963016349899,-4150.0,15700.0,25.0,25.0,25.0,0.15756156038890545,0.046951249656360924,0.5500186127724057,0.17754062445034868
AC_000091.1,NC_002516.2,5000,1,Comp-only,6,14,3,50.0,3.2963629181905243,38.666666666666664,6.074840993655457,91.87358052212998,0.0937407975300614,11600,340303,4043732,18400,3,10050.0,0.08960573476702509,-30800.0,6500.0,0.0,33.33333333333333,33.33333333333333,0.15756156038890545,0.046951249656360924,0.5500186127724057,0.17754062445034868
AC_000091.1,NC_002516.2,5000,1,DNABERT-2-only,6,13,4,66.66666666666666,4.631740964542241,54.166666666666664,8.533767461401114,92.10835437417238,0.14134672867880538,16250,334590,4049445,13750,4,12125.0,0.1308497536945813,-18000.0,6125.0,25.0,25.0,37.5,0.15756156038890545,0.046951249656360924,0.5500186127724057,0.17754062445034868
AC_000091.1,NC_002516.2,5000,1,DNABERT-S-only,6,16,4,66.66666666666666,3.5106011377858284,66.66666666666666,6.669968300975649,87.31992383386175,0.1326429840222134,20000,549703,3834332,10000,4,15500.0,0.14912280701754385,-15500.0,12500.0,37.5,37.5,37.5,0.15756156038890545,0.046951249656360924,0.5500186127724057,0.17754062445034868
AC_000091.1,NC_002516.2,5000,1,SAGE-GI,6,15,4,66.66666666666666,4.388823422272839,66.66666666666666,8.235485471574192,89.90259479138702,0.15317930110164554,20000,435703,3948332,10000,4,12000.0,0.19969278033794163,-20000.0,5000.0,25.0,37.5,37.5,0.15756156038890545,0.046951249656360924,0.5500186127724057,0.17754062445034868
AC_000091.1,NC_002516.2,5000,1,SAGE-GI/no-refine,6,15,4,66.66666666666666,4.800157445164201,66.66666666666666,8.955497892099684,90.78727286938143,0.16191543305225625,20000,396653,3987382,10000,4,15550.0,0.1520894970414201,-24000.0,8150.0,0.0,0.0,37.5,0.15756156038890545,0.046951249656360924,0.5500186127724057,0.17754062445034868
AC_000091.1,NC_002516.2,10000,0,Comp-only,6,12,3,50.0,7.9262246894587065,45.166666666666664,13.485841110914826,92.17596171047258,0.1645053052707743,27100,314803,4069232,32900,3,9350.0,0.31446540880503143,-12000.0,8900.0,0.0,16.666666666666664,33.33333333333333,0.15756156038890545,0.046951249656360924,0.5500186127724057,0.17754062445034868
AC_000091.1,NC_002516.2,10000,0,DNABERT-2-only,6,11,2,33.33333333333333,5.162755879088257,33.33333333333333,8.940745211113347,90.83288047911414,0.10208933423193042,20000,367390,4016645,40000,2,7000.0,0.26857429718875503,0.0,43500.0,50.0,50.0,50.0,0.15756156038890545,0.046951249656360924,0.5500186127724057,0.17754062445034868
AC_000091.1,NC_002516.2,10000,0,DNABERT-S-only,6,14,2,33.33333333333333,3.8044294972636643,33.33333333333333,6.8293998835587315,87.72055125578444,0.07789561387085546,20000,505703,3878332,40000,2,9000.0,0.23065476190476192,-500.0,51500.0,50.0,50.0,50.0,0.15756156038890545,0.046951249656360924,0.5500186127724057,0.17754062445034868
AC_000091.1,NC_002516.2,10000,0,SAGE-GI,6,13,2,33.33333333333333,4.0674960291070015,33.33333333333333,7.250277776267304,88.4856217379026,0.08304980150718295,20000,471703,3912332,40000,2,9000.0,0.23065476190476192,-500.0,51500.0,50.0,50.0,50.0,0.15756156038890545,0.046951249656360924,0.5500186127724057,0.17754062445034868
AC_000091.1,NC_002516.2,10000,0,SAGE-GI/no-refine,6,14,2,33.33333333333333,4.44773395425385,32.25,7.817344809545644,89.73111147864496,0.08841898961371628,19350,415703,3968332,40650,2,12200.0,0.3277857357195835,-4150.0,15600.0,25.0,25.0,25.0,0.15756156038890545,0.046951249656360924,0.5500186127724057,0.17754062445034868
AC_000091.1,NC_002516.2,10000,1,Comp-only,6,14,5,83.33333333333334,12.081001850167416,71.5,20.669568757633648,92.58999985373653,0.27401371554398046,42900,312203,4071832,17100,5,10550.0,0.21069182389937108,-21800.0,6800.0,0.0,0.0,20.0,0.15756156038890545,0.046951249656360924,0.5500186127724057,0.17754062445034868
AC_000091.1,NC_002516.2,10000,1,DNABERT-2-only,6,13,5,83.33333333333334,13.144404427035411,83.33333333333334,22.70714593882695,92.340519370347,0.3126748425973893,50000,330390,4053645,10000,5,7500.0,0.45454545454545453,-12000.0,0.0,40.0,40.0,40.0,0.15756156038890545,0.046951249656360924,0.5500186127724057,0.17754062445034868
AC_000091.1,NC_002516.2,10000,1,DNABERT-S-only,6,16,5,83.33333333333334,8.580700631367952,83.33333333333334,15.559286326654767,87.78805747479487,0.24338443713812122,50000,532703,3851332,10000,5,4000.0,0.2857142857142857,-7000.0,1000.0,50.0,50.0,50.0,0.15756156038890545,0.046951249656360924,0.5500186127724057,0.17754062445034868
AC_000091.1,NC_002516.2,10000,1,SAGE-GI,6,15,5,83.33333333333334,9.77129311338804,83.33333333333334,17.49159965926364,89.38570465804162,0.26322134339772163,50000,461703,3922332,10000,5,7500.0,0.38461538461538464,-16000.0,1000.0,40.0,40.0,40.0,0.15756156038890545,0.046951249656360924,0.5500186127724057,0.17754062445034868
AC_000091.1,NC_002516.2,10000,1,SAGE-GI/no-refine,6,15,5,83.33333333333334,11.331367718746389,83.33333333333334,19.950005286751402,90.97097570113647,0.287152333090155,50000,391253,3992782,10000,5,11150.0,0.2785515320334262,-21450.0,10150.0,0.0,0.0,30.0,0.15756156038890545,0.046951249656360924,0.5500186127724057,0.17754062445034868
AC_000091.1,NC_002516.2,20000,0,Comp-only,6,15,6,100.0,32.14257486029104,91.5,47.57334766021884,94.6269733694343,0.5244013270520105,109800,231803,4152232,10200,6,7400.0,0.5248586522674031,-10500.0,-2100.0,0.0,8.333333333333332,33.33333333333333,0.15756156038890545,0.046951249656360924,0.5500186127724057,0.17754062445034868
AC_000091.1,NC_002516.2,20000,0,DNABERT-2-only,6,16,6,100.0,25.18944562228426,100.0,40.242123442713655,92.08731726107813,0.48105849766656855,120000,356390,4027645,0,6,0.0,0.9545454545454546,0.0,1000.0,75.0,83.33333333333334,83.33333333333334,0.15756156038890545,0.046951249656360924,0.5500186127724057,0.17754062445034868
AC_000091.1,NC_002516.2,20000,0,DNABERT-S-only,6,15,6,100.0,21.287805812635376,100.0,35.10296137357888,90.14876660594334,0.4374161879785372,120000,443703,3940332,0,6,0.0,0.7439024390243902,0.0,0.0,66.66666666666666,66.66666666666666,75.0,0.15756156038890545,0.046951249656360924,0.5500186127724057,0.17754062445034868
AC_000091.1,NC_002516.2,20000,0,SAGE-GI,6,16,6,100.0,22.234451170365922,100.0,36.38000736695149,90.68162214547623,0.4483954630336482,120000,419703,3964332,0,6,0.0,0.7439024390243902,0.0,0.0,66.66666666666666,66.66666666666666,75.0,0.15756156038890545,0.046951249656360924,0.5500186127724057,0.17754062445034868
AC_000091.1,NC_002516.2,20000,0,SAGE-GI/no-refine,6,18,6,100.0,23.823562694683176,100.0,38.47985339175858,91.48090545477555,0.46624519174132095,120000,383703,4000332,0,6,4550.0,0.5791251338660515,-5450.0,4400.0,0.0,0.0,58.333333333333336,0.15756156038890545,0.046951249656360924,0.5500186127724057,0.17754062445034868
AC_000091.1,NC_002516.2,20000,1,Comp-only,6,14,6,100.0,32.033462292985185,92.66666666666666,47.60915962554882,94.56627224255584,0.5270256895672505,111200,235937,4148098,8800,6,7000.0,0.4550777681344783,-18250.0,2450.0,0.0,8.333333333333332,25.0,0.15756156038890545,0.046951249656360924,0.5500186127724057,0.17754062445034868
AC_000091.1,NC_002516.2,20000,1,DNABERT-2-only,6,15,6,100.0,26.702863882151362,100.0,42.150371450148405,92.68677974305261,0.4969564511017223,120000,329390,4054645,0,6,4000.0,0.6226053639846744,-11500.0,0.0,50.0,50.0,50.0,0.15756156038890545,0.046951249656360924,0.5500186127724057,0.17754062445034868
AC_000091.1,NC_002516.2,20000,1,DNABERT-S-only,6,16,6,100.0,21.94976065615151,100.0,35.998038106923175,90.5262059464458,0.44512207372079193,120000,426703,3957332,0,6,4000.0,0.6226053639846744,-11000.0,500.0,50.0,50.0,50.0,0.15756156038890545,0.046951249656360924,0.5500186127724057,0.17754062445034868
AC_000091.1,NC_002516.2,20000,1,SAGE-GI,6,16,6,100.0,21.909684628347843,100.0,35.944124857908385,90.50400363229859,0.4446593422018688,120000,427703,3956332,0,6,4000.0,0.6226053639846744,-11500.0,500.0,50.0,50.0,50.0,0.15756156038890545,0.046951249656360924,0.5500186127724057,0.17754062445034868
AC_000091.1,NC_002516.2,20000,1,SAGE-GI/no-refine,6,16,6,100.0,24.232486475243487,100.0,39.01151327285465,91.66962512502678,0.47072895324767877,120000,375203,4008832,0,6,9600.0,0.5141693983292799,-12050.0,6850.0,0.0,0.0,41.66666666666667,0.15756156038890545,0.046951249656360924,0.5500186127724057,0.17754062445034868
AC_000091.1,NC_002516.2,40000,0,Comp-only,6,13,6,100.0,60.54878719182422,96.375,74.37227293627393,96.55266450189066,0.7488782080792583,231300,150706,4233329,8700,6,7950.0,0.684570619691727,-11200.0,-1650.0,0.0,25.0,33.33333333333333,0.15756156038890545,0.046951249656360924,0.5500186127724057,0.17754062445034868
AC_000091.1,NC_002516.2,40000,0,DNABERT-2-only,6,14,6,100.0,46.38667156303755,100.0,63.37553968233011,94.00112672157542,0.6591787220977047,240000,277390,4106645,0,6,0.0,0.9761904761904762,0.0,1000.0,66.66666666666666,75.0,75.0,0.15756156038890545,0.046951249656360924,0.5500186127724057,0.17754062445034868
AC_000091.1,NC_002516.2,40000,0,DNABERT-S-only,6,14,6,100.0,38.01477009016976,99.58333333333333,55.02455960207344,91.5506046126381,0.5869794640170052,239000,389703,3994332,1000,6,0.0,0.8153688524590164,0.0,0.0,66.66666666666666,66.66666666666666,75.0,0.15756156038890545,0.046951249656360924,0.5500186127724057,0.17754062445034868
AC_000091.1,NC_002516.2,40000,0,SAGE-GI,6,15,6,100.0,37.36108787984424,99.58333333333333,54.33652039381472,91.31271713990054,0.5811014950538932,239000,400703,3983332,1000,6,0.0,0.8153688524590164,0.0,0.0,66.66666666666666,66.66666666666666,75.0,0.15756156038890545,0.046951249656360924,0.5500186127724057,0.17754062445034868
AC_000091.1,NC_002516.2,40000,0,SAGE-GI/no-refine,6,16,6,100.0,43.22867790492212,100.0,60.3631598605108,93.1837237391153,0.6334096906760907,240000,315187,4068848,0,6,4200.0,0.7462660831721137,-4150.0,4550.0,0.0,0.0,66.66666666666666,0.15756156038890545,0.046951249656360924,0.5500186127724057,0.17754062445034868
AC_000091.1,NC_002516.2,40000,1,Comp-only,6,13,6,100.0,58.860180896104765,96.04166666666667,72.98854032418946,96.31045180237606,0.7359345128716351,230500,161106,4222929,9500,6,7300.0,0.6826643103318977,-14250.0,-2200.0,0.0,25.0,33.33333333333333,0.15756156038890545,0.046951249656360924,0.5500186127724057,0.17754062445034868
AC_000091.1,NC_002516.2,40000,1,DNABERT-2-only,6,13,6,100.0,48.93630090706198,99.58333333333333,65.62418484603029,94.58503233647669,0.6776865637491526,239000,249390,4134645,1000,6,4000.0,0.7653061224489797,-11500.0,0.0,50.0,50.0,50.0,0.15756156038890545,0.046951249656360924,0.5500186127724057,0.17754062445034868
AC_000091.1,NC_002516.2,40000,1,DNABERT-S-only,6,15,6,100.0,37.34228718397144,100.0,54.378426265686194,91.29109100601531,0.5823413759020604,240000,402703,3981332,0,6,4500.0,0.7653061224489797,-7500.0,1000.0,33.33333333333333,50.0,50.0,0.15756156038890545,0.046951249656360924,0.5500186127724057,0.17754062445034868
AC_000091.1,NC_002516.2,40000,1,SAGE-GI,6,16,6,100.0,38.11320574937709,100.0,55.19125494565387,91.57223074652333,0.5892815083499754,240000,389703,3994332,0,6,4500.0,0.7653061224489797,-7500.0,1000.0,33.33333333333333,50.0,50.0,0.15756156038890545,0.046951249656360924,0.5500186127724057,0.17754062445034868
AC_000091.1,NC_002516.2,40000,1,SAGE-GI/no-refine,6,16,6,100.0,43.92089115488153,100.0,61.034768201394385,93.37295241061108,0.6391470210961626,240000,306437,4077598,0,6,7300.0,0.7130124777183601,-8900.0,5350.0,0.0,0.0,41.66666666666667,0.15756156038890545,0.046951249656360924,0.5500186127724057,0.17754062445034868
AC_000091.1,NC_002516.2,80000,0,Comp-only,6,7,6,100.0,93.46914319952066,97.5,95.44203120220249,99.0810099022725,0.9495743631753462,468000,32700,4351335,12000,6,6750.0,0.8519097744360902,-7800.0,-2050.0,0.0,16.666666666666664,33.33333333333333,0.15756156038890545,0.046951249656360924,0.5500186127724057,0.17754062445034868
AC_000091.1,NC_002516.2,80000,0,DNABERT-2-only,6,10,6,100.0,81.71742794395547,100.0,89.93901010876999,97.7921622685692,0.8928365049598611,480000,107390,4276645,0,6,0.0,0.9878048780487805,0.0,1000.0,66.66666666666666,75.0,75.0,0.15756156038890545,0.046951249656360924,0.5500186127724057,0.17754062445034868
AC_000091.1,NC_002516.2,80000,0,DNABERT-S-only,6,10,6,100.0,70.81713212791438,99.79166666666667,82.84402321016266,95.92128757297182,0.8213301359133888,479000,197390,4186645,1000,6,0.0,0.8897896039603961,0.0,0.0,66.66666666666666,66.66666666666666,75.0,0.15756156038890545,0.046951249656360924,0.5500186127724057,0.17754062445034868
AC_000091.1,NC_002516.2,80000,0,SAGE-GI,6,11,6,100.0,73.08625398617617,99.79166666666667,84.37629360836365,96.35302788734045,0.8364845359579779,479000,176390,4207645,1000,6,0.0,0.9019132653061225,0.0,0.0,66.66666666666666,66.66666666666666,75.0,0.15756156038890545,0.046951249656360924,0.5500186127724057,0.17754062445034868
AC_000091.1,NC_002516.2,80000,0,SAGE-GI/no-refine,6,12,6,100.0,78.30904665261454,100.0,87.83519190159531,97.26654927441928,0.8714019951405058,480000,132956,4251079,0,6,4050.0,0.8659759588801696,-4000.0,4100.0,0.0,0.0,66.66666666666666,0.15756156038890545,0.046951249656360924,0.5500186127724057,0.17754062445034868
AC_000091.1,NC_008595.1,5000,0,Comp-only,6,13,3,50.0,3.6394344091463533,42.66666666666667,6.706785118272583,91.93248354396827,0.10599820465276234,12800,338903,4045132,17200,3,9600.0,0.176056338028169,-13000.0,8800.0,0.0,33.33333333333333,33.33333333333333,0.1818851927073335,0.05483093089479585,0.6159297099907328,0.22404046499338715
AC_000091.1,NC_008595.1,5000,0,DNABERT-2-only,6,11,2,33.33333333333333,2.5681193661881405,33.33333333333333,4.768830921099693,90.95181619538586,0.07149515841845114,10000,379390,4004645,20000,2,7000.0,0.1636302294197031,0.0,43500.0,50.0,50.0,50.0,0.1818851927073335,0.05483093089479585,0.6159297099907328,0.22404046499338715
AC_000091.1,NC_008595.1,5000,0,DNABERT-S-only,6,14,2,33.33333333333333,1.8291467213459593,33.33333333333333,3.4679895890952537,87.38788885905979,0.052603638024986556,10000,536703,3847332,20000,2,9500.0,0.13163919413919414,-1000.0,51500.0,25.0,50.0,50.0,0.1818851927073335,0.05483093089479585,0.6159297099907328,0.22404046499338715
AC_000091.1,NC_008595.1,5000,0,SAGE-GI,6,12,2,33.33333333333333,2.115493237825865,33.33333333333333,3.978492270784141,89.06435948061127,0.060522625451421765,10000,462703,3921332,20000,2,9500.0,0.13163919413919414,-1000.0,51500.0,25.0,50.0,50.0,0.1818851927073335,0.05483093089479585,0.6159297099907328,0.22404046499338715
AC_000091.1,NC_008595.1,5000,0,SAGE-GI/no-refine,6,13,2,33.33333333333333,2.0090441827138585,28.833333333333332,3.756353774701283,89.95809956196541,0.05319535490736838,8650,421903,3962132,21350,2,12250.0,0.17401607423978788,-3950.0,15400.0,0.0,25.0,25.0,0.1818851927073335,0.05483093089479585,0.6159297099907328,0.22404046499338715
AC_000091.1,NC_002516.2,80000,1,Comp-only,6,8,6,100.0,88.24203092193167,96.3125,92.10080685327223,98.36966633669371,0.9130233626325087,462300,61600,4322435,17700,6,6650.0,0.8420052327590463,-9900.0,-2950.0,8.333333333333332,8.333333333333332,33.33333333333333,0.15756156038890545,0.046951249656360924,0.5500186127724057,0.17754062445034868
AC_000091.1,NC_002516.2,80000,1,DNABERT-2-only,6,11,6,100.0,73.46301596290118,100.0,84.70164727057764,96.43526413769638,0.8399852972399526,480000,173390,4210645,0,6,1000.0,0.9092083171897197,-6000.0,500.0,58.333333333333336,58.333333333333336,66.66666666666666,0.15756156038890545,0.046951249656360924,0.5500186127724057,0.17754062445034868
AC_000091.1,NC_002516.2,80000,1,DNABERT-S-only,6,12,6,100.0,69.38107446515738,99.79166666666667,81.8530575278326,95.63346069672608,0.8115931847599456,479000,211390,4172645,1000,6,1000.0,0.9092083171897197,-4000.0,500.0,58.333333333333336,66.66666666666666,66.66666666666666,0.15756156038890545,0.046951249656360924,0.5500186127724057,0.17754062445034868
AC_000091.1,NC_002516.2,80000,1,SAGE-GI,6,12,6,100.0,70.71258802167142,99.79166666666667,82.77244489757125,95.90072851038283,0.8206251910955131,479000,198390,4185645,1000,6,1000.0,0.9092083171897197,-4000.0,500.0,58.333333333333336,66.66666666666666,66.66666666666666,0.15756156038890545,0.046951249656360924,0.5500186127724057,0.17754062445034868
AC_000091.1,NC_002516.2,80000,1,SAGE-GI/no-refine,6,13,6,100.0,74.76565639573461,100.0,85.56103978053592,96.66930850620935,0.8485446017565839,480000,162006,4222029,0,6,4000.0,0.8667755222780326,-5700.0,4000.0,0.0,0.0,66.66666666666666,0.15756156038890545,0.046951249656360924,0.5500186127724057,0.17754062445034868
AC_000091.1,NC_008595.1,5000,1,Comp-only,6,13,2,33.33333333333333,1.765728966489407,20.0,3.2449709710305212,91.89397002968938,0.0381759776446081,6000,333803,4050232,24000,2,22200.0,0.060006996100702696,-33250.0,4800.0,0.0,0.0,25.0,0.1818851927073335,0.05483093089479585,0.6159297099907328,0.22404046499338715
AC_000091.1,NC_008595.1,5000,1,DNABERT-2-only,6,13,4,66.66666666666666,4.715905852852339,55.166666666666664,8.68903239355279,92.11968187837206,0.14437923851504286,16550,334390,4049645,13450,4,12275.0,0.1308497536945813,-18000.0,6275.0,25.0,25.0,37.5,0.1818851927073335,0.05483093089479585,0.6159297099907328,0.22404046499338715
AC_000091.1,NC_008595.1,5000,1,DNABERT-S-only,6,15,4,66.66666666666666,3.878201212713519,66.66666666666666,7.3299945208290955,88.54329428742635,0.14159627574564884,20000,495703,3888332,10000,4,15500.0,0.14912280701754385,-15500.0,12500.0,37.5,37.5,37.5,0.1818851927073335,0.05483093089479585,0.6159297099907328,0.22404046499338715
AC_000091.1,NC_008595.1,5000,1,SAGE-GI,6,14,4,66.66666666666666,4.239956074055073,66.66666666666666,7.972844491661402,89.5401146569975,0.149893625751361,20000,451703,3932332,10000,4,12000.0,0.20238095238095238,-20000.0,4500.0,37.5,37.5,37.5,0.1818851927073335,0.05483093089479585,0.6159297099907328,0.22404046499338715
AC_000091.1,NC_008595.1,5000,1,SAGE-GI/no-refine,6,14,4,66.66666666666666,4.815181303614034,66.66666666666666,8.9816392838939,90.81672438030056,0.16222570373151246,20000,395353,3988682,10000,4,15750.0,0.15023685991427926,-24500.0,8000.0,0.0,0.0,37.5,0.1818851927073335,0.05483093089479585,0.6159297099907328,0.22404046499338715
AC_000091.1,NC_008595.1,10000,0,Comp-only,6,12,3,50.0,8.149180753605192,45.5,13.822679827748145,92.34022684339794,0.1682162966605704,27300,307703,4076332,32700,3,7050.0,0.4149377593360996,-7400.0,6700.0,16.666666666666664,16.666666666666664,33.33333333333333,0.1818851927073335,0.05483093089479585,0.6159297099907328,0.22404046499338715
AC_000091.1,NC_008595.1,10000,0,DNABERT-2-only,6,15,2,33.33333333333333,5.092907362561529,33.33333333333333,8.835815092897551,90.71332696524668,0.10097007471431707,20000,372703,4011332,40000,2,7000.0,0.38074712643678166,0.0,16500.0,50.0,50.0,50.0,0.1818851927073335,0.05483093089479585,0.6159297099907328,0.22404046499338715
AC_000091.1,NC_008595.1,10000,0,DNABERT-S-only,6,14,2,33.33333333333333,3.7900106688800332,33.33333333333333,6.806158893182442,87.67554710977748,0.07760495591453194,20000,507703,3876332,40000,2,9000.0,0.23065476190476192,-1000.0,51000.0,25.0,50.0,50.0,0.1818851927073335,0.05483093089479585,0.6159297099907328,0.22404046499338715
AC_000091.1,NC_008595.1,10000,0,SAGE-GI,6,13,2,33.33333333333333,4.331789050536817,33.33333333333333,7.667197620101858,89.16068392800686,0.08797033685916202,20000,441703,3942332,40000,2,9000.0,0.23065476190476192,-1000.0,51000.0,25.0,50.0,50.0,0.1818851927073335,0.05483093089479585,0.6159297099907328,0.22404046499338715
AC_000091.1,NC_008595.1,10000,0,SAGE-GI/no-refine,6,14,2,33.33333333333333,4.40001570609281,31.75,7.72893156142675,89.76486458815019,0.0868238041395012,19050,413903,3970132,40950,2,12200.0,0.32401269615734984,-4150.0,15300.0,25.0,25.0,25.0,0.1818851927073335,0.05483093089479585,0.6159297099907328,0.22404046499338715
AC_000091.1,NC_008595.1,10000,1,Comp-only,6,14,5,83.33333333333334,12.099146090219486,72.33333333333334,20.73068499628615,92.53149446392749,0.2759863518219078,43400,315303,4068732,16600,5,10200.0,0.22636103151862463,-24900.0,5900.0,0.0,10.0,20.0,0.1818851927073335,0.05483093089479585,0.6159297099907328,0.22404046499338715
AC_000091.1,NC_008595.1,10000,1,DNABERT-2-only,6,14,5,83.33333333333334,12.519091614712435,83.33333333333334,21.7679966912645,91.91297998328096,0.3041138817652623,50000,349390,4034645,10000,5,3500.0,0.45454545454545453,-12000.0,0.0,50.0,50.0,50.0,0.1818851927073335,0.05483093089479585,0.6159297099907328,0.22404046499338715
AC_000091.1,NC_008595.1,10000,1,DNABERT-S-only,6,15,5,83.33333333333334,9.16249315103637,83.33333333333334,16.50974157301516,88.62063417592346,0.2532715065134295,50000,495703,3888332,10000,5,4000.0,0.5555555555555556,-7000.0,1000.0,50.0,50.0,50.0,0.1818851927073335,0.05483093089479585,0.6159297099907328,0.22404046499338715
AC_000091.1,NC_008595.1,10000,1,SAGE-GI,6,15,5,83.33333333333334,9.966055614576753,83.33333333333334,17.803002654427697,89.61072538807637,0.2663261522220649,50000,451703,3932332,10000,5,7500.0,0.38461538461538464,-16000.0,1000.0,40.0,40.0,40.0,0.1818851927073335,0.05483093089479585,0.6159297099907328,0.22404046499338715
AC_000091.1,NC_008595.1,10000,1,SAGE-GI/no-refine,6,15,5,83.33333333333334,10.944439458644247,83.33333333333334,19.34786099722745,90.61994336228226,0.28140643627855744,50000,406853,3977182,10000,5,11050.0,0.26666666666666666,-23450.0,9950.0,0.0,0.0,30.0,0.1818851927073335,0.05483093089479585,0.6159297099907328,0.22404046499338715
AC_000091.1,NC_008595.1,20000,0,Comp-only,6,14,6,100.0,35.38338886471412,92.83333333333333,51.2375901774688,95.2922879151694,0.5569972661631294,111400,203437,4180598,8600,6,5900.0,0.5804298003786494,-10050.0,-1650.0,0.0,25.0,41.66666666666667,0.1818851927073335,0.05483093089479585,0.6159297099907328,0.22404046499338715
AC_000091.1,NC_008595.1,20000,0,DNABERT-2-only,6,15,6,100.0,30.65995554306446,100.0,46.93091378400047,93.97451396359043,0.5363019371408847,120000,271390,4112645,0,6,0.0,1.0,0.0,0.0,83.33333333333334,83.33333333333334,83.33333333333334,0.1818851927073335,0.05483093089479585,0.6159297099907328,0.22404046499338715
AC_000091.1,NC_008595.1,20000,0,DNABERT-S-only,6,16,6,100.0,21.325637147838204,100.0,35.1543789905713,90.17096892009054,0.43786024033647325,120000,442703,3941332,0,6,0.0,0.7564102564102564,0.0,0.0,66.66666666666666,66.66666666666666,75.0,0.1818851927073335,0.05483093089479585,0.6159297099907328,0.22404046499338715
AC_000091.1,NC_008595.1,20000,0,SAGE-GI,6,16,6,100.0,23.870953624704846,100.0,38.54164826570612,91.50310776892276,0.4667670296716044,120000,382703,4001332,0,6,0.0,0.75,0.0,0.0,66.66666666666666,66.66666666666666,75.0,0.1818851927073335,0.05483093089479585,0.6159297099907328,0.22404046499338715
AC_000091.1,NC_008595.1,20000,0,SAGE-GI/no-refine,6,17,6,100.0,24.782993909579247,100.0,39.7217491472237,91.91385058064601,0.4766985493029341,120000,364203,4019832,0,6,4400.0,0.6069624819624819,-4300.0,4400.0,0.0,0.0,66.66666666666666,0.1818851927073335,0.05483093089479585,0.6159297099907328,0.22404046499338715
AC_000091.1,NC_008595.1,20000,1,Comp-only,6,13,6,100.0,34.654249421901234,91.16666666666666,50.219192545158265,95.18454008461302,0.5453774438852408,109400,206290,4177745,10600,6,6200.0,0.48302906770648707,-15550.0,-1500.0,0.0,16.666666666666664,33.33333333333333,0.1818851927073335,0.05483093089479585,0.6159297099907328,0.22404046499338715
AC_000091.1,NC_008595.1,20000,1,DNABERT-2-only,6,15,6,100.0,28.591646950343456,100.0,44.468902340731844,93.34589984314064,0.5161109798393105,120000,299703,4084332,0,6,4000.0,0.6226053639846744,-11500.0,0.0,50.0,50.0,50.0,0.1818851927073335,0.05483093089479585,0.6159297099907328,0.22404046499338715
AC_000091.1,NC_008595.1,20000,1,DNABERT-S-only,6,16,6,100.0,21.175112889820593,100.0,34.949607035355896,90.08215966350173,0.43609075422534604,120000,446703,3937332,0,6,1000.0,0.7151979565772669,-4000.0,500.0,58.333333333333336,58.333333333333336,58.333333333333336,0.1818851927073335,0.05483093089479585,0.6159297099907328,0.22404046499338715
AC_000091.1,NC_008595.1,20000,1,SAGE-GI,6,16,6,100.0,22.275725214079,100.0,36.43523712507761,90.70382445962343,0.44886805328046925,120000,418703,3965332,0,6,4000.0,0.6226053639846744,-7500.0,500.0,50.0,50.0,50.0,0.1818851927073335,0.05483093089479585,0.6159297099907328,0.22404046499338715
AC_000091.1,NC_008595.1,20000,1,SAGE-GI/no-refine,6,16,6,100.0,24.55981645630502,100.0,39.43457393407526,91.81616039839832,0.47428751211002823,120000,368603,4015432,0,6,10100.0,0.5032091451141241,-12450.0,7300.0,0.0,0.0,41.66666666666667,0.1818851927073335,0.05483093089479585,0.6159297099907328,0.22404046499338715
AC_000091.1,NC_008595.1,40000,0,Comp-only,6,12,6,100.0,61.36990377411625,96.25,74.9506007404211,96.66079517131682,0.7538975864232188,231000,145406,4238629,9000,6,6400.0,0.7106611799752593,-9950.0,-1750.0,0.0,25.0,33.33333333333333,0.1818851927073335,0.05483093089479585,0.6159297099907328,0.22404046499338715
AC_000091.1,NC_008595.1,40000,0,DNABERT-2-only,6,14,6,100.0,49.4447763653969,100.0,66.17130095534816,94.69316300590286,0.6832069725121324,240000,245390,4138645,0,6,0.0,0.9761904761904762,0.0,1000.0,66.66666666666666,75.0,75.0,0.1818851927073335,0.05483093089479585,0.6159297099907328,0.22404046499338715
AC_000091.1,NC_008595.1,40000,0,DNABERT-S-only,6,14,6,100.0,39.55807042325487,100.0,56.69048060535985,92.06963182588368,0.6020733516920372,240000,366703,4017332,0,6,0.0,0.8211382113821137,-500.0,0.0,66.66666666666666,66.66666666666666,75.0,0.1818851927073335,0.05483093089479585,0.6159297099907328,0.22404046499338715
AC_000091.1,NC_008595.1,40000,0,SAGE-GI,6,15,6,100.0,38.35685620813709,100.0,55.44626736883204,91.65873528206426,0.5914580161715465,240000,385703,3998332,0,6,0.0,0.8211382113821137,-500.0,0.0,66.66666666666666,66.66666666666666,75.0,0.1818851927073335,0.05483093089479585,0.6159297099907328,0.22404046499338715
AC_000091.1,NC_008595.1,40000,0,SAGE-GI/no-refine,6,16,6,100.0,43.52659747146741,100.0,60.65300541959876,93.26590304787918,0.6358853082584811,240000,311387,4072648,0,6,4050.0,0.7611791461306129,-3950.0,4250.0,0.0,0.0,66.66666666666666,0.1818851927073335,0.05483093089479585,0.6159297099907328,0.22404046499338715
AC_000091.1,NC_008595.1,40000,1,Comp-only,6,13,6,100.0,58.232358873490384,96.95833333333333,72.76354505742599,96.23259772038922,0.7354126219656979,232700,166906,4217129,7300,6,7450.0,0.6869941652550349,-13450.0,-1400.0,0.0,25.0,33.33333333333333,0.1818851927073335,0.05483093089479585,0.6159297099907328,0.22404046499338715
AC_000091.1,NC_008595.1,40000,1,DNABERT-2-only,6,13,6,100.0,48.44667837461394,100.0,65.27148859788683,94.47690166705053,0.6754586499068872,240000,255390,4128645,0,6,4500.0,0.7653061224489797,-12000.0,0.0,50.0,50.0,50.0,0.1818851927073335,0.05483093089479585,0.6159297099907328,0.22404046499338715
AC_000091.1,NC_008595.1,40000,1,DNABERT-S-only,6,16,6,100.0,38.23464281674613,100.0,55.318467263568294,91.6154830142938,0.5903672978515472,240000,387703,3996332,0,6,4500.0,0.7653061224489797,-7500.0,1000.0,33.33333333333333,50.0,50.0,0.1818851927073335,0.05483093089479585,0.6159297099907328,0.22404046499338715
AC_000091.1,NC_008595.1,40000,1,SAGE-GI,6,16,6,100.0,39.043245274547225,100.0,56.159859038753815,91.89662275480181,0.5975468458586407,240000,374703,4009332,0,6,4500.0,0.7653061224489797,-7500.0,1000.0,33.33333333333333,50.0,50.0,0.1818851927073335,0.05483093089479585,0.6159297099907328,0.22404046499338715
AC_000091.1,NC_008595.1,40000,1,SAGE-GI/no-refine,6,16,6,100.0,43.2014429281938,100.0,60.3366028229988,93.17615459225547,0.6331828937481935,240000,315537,4068498,0,6,8600.0,0.7007403180330183,-9100.0,6350.0,0.0,0.0,41.66666666666667,0.1818851927073335,0.05483093089479585,0.6159297099907328,0.22404046499338715
AC_000091.1,NC_008595.1,80000,0,Comp-only,6,7,6,100.0,93.6340051885851,97.75,95.64774233003772,99.12212802745046,0.9518705399830292,469200,31900,4352135,10800,6,7000.0,0.8431069542293124,-10950.0,-2000.0,8.333333333333332,33.33333333333333,41.66666666666667,0.1818851927073335,0.05483093089479585,0.6159297099907328,0.22404046499338715
AC_000091.1,NC_008595.1,80000,0,DNABERT-2-only,6,10,6,100.0,81.99661763952237,100.0,90.10784783037198,97.83328039374717,0.8945695061048206,480000,105390,4278645,0,6,0.0,0.9878048780487805,0.0,1000.0,66.66666666666666,75.0,75.0,0.1818851927073335,0.05483093089479585,0.6159297099907328,0.22404046499338715
AC_000091.1,NC_008595.1,80000,0,DNABERT-S-only,6,11,6,100.0,69.12541943288353,100.0,81.74456526366879,95.5923425715481,0.8108330154312415,480000,214390,4169645,0,6,0.0,0.8878048780487805,0.0,1000.0,58.333333333333336,66.66666666666666,75.0,0.1818851927073335,0.05483093089479585,0.6159297099907328,0.22404046499338715
AC_000091.1,NC_008595.1,80000,0,SAGE-GI,6,10,6,100.0,76.26431942039117,100.0,86.53404122986505,96.92868163983195,0.8582863334818336,480000,149390,4234645,0,6,0.0,0.8959681433549029,0.0,1000.0,58.333333333333336,66.66666666666666,75.0,0.1818851927073335,0.05483093089479585,0.6159297099907328,0.22404046499338715
AC_000091.1,NC_008595.1,80000,0,SAGE-GI/no-refine,6,12,6,100.0,79.39711126843501,100.0,88.51548467760078,97.43924540016673,0.8783014205871287,480000,124556,4259479,0,6,3900.0,0.866162262778758,-3900.0,3900.0,0.0,0.0,66.66666666666666,0.1818851927073335,0.05483093089479585,0.6159297099907328,0.22404046499338715
AC_000091.1,NC_008595.1,80000,1,Comp-only,6,7,6,100.0,92.3682140047207,97.83333333333334,95.02225819506273,98.98849412062208,0.945081648524249,469600,38800,4345235,10400,6,6800.0,0.8352268702423182,-11750.0,-1550.0,0.0,25.0,33.33333333333333,0.1818851927073335,0.05483093089479585,0.6159297099907328,0.22404046499338715
AC_000091.1,NC_008595.1,80000,1,DNABERT-2-only,6,11,6,100.0,77.8727753532666,100.0,87.56008354691305,97.19594945348872,0.8686202039148054,480000,136390,4247645,0,6,1500.0,0.9039836567926456,-7000.0,500.0,50.0,58.333333333333336,58.333333333333336,0.1818851927073335,0.05483093089479585,0.6159297099907328,0.22404046499338715
AC_000091.1,NC_008595.1,80000,1,DNABERT-S-only,6,11,6,100.0,70.71258802167142,99.79166666666667,82.77244489757125,95.90072851038283,0.8206251910955131,479000,198390,4185645,1000,6,1000.0,0.9143155694879832,-4000.0,0.0,58.333333333333336,66.66666666666666,66.66666666666666,0.1818851927073335,0.05483093089479585,0.6159297099907328,0.22404046499338715
AC_000091.1,NC_008595.1,80000,1,SAGE-GI,6,12,6,100.0,70.81713212791438,99.79166666666667,82.84402321016266,95.92128757297182,0.8213301359133888,479000,197390,4186645,1000,6,1000.0,0.9143155694879832,-4000.0,0.0,58.333333333333336,66.66666666666666,66.66666666666666,0.1818851927073335,0.05483093089479585,0.6159297099907328,0.22404046499338715
AC_000091.1,NC_008595.1,80000,1,SAGE-GI/no-refine,6,13,6,100.0,76.22604834637117,100.0,86.5093997869706,96.92218497605383,0.8580389368788756,480000,149706,4234329,0,6,4050.0,0.8609171847683883,-5800.0,4000.0,0.0,0.0,58.333333333333336,0.1818851927073335,0.05483093089479585,0.6159297099907328,0.22404046499338715
AC_000091.1,NC_008543.1,5000,0,Comp-only,6,14,3,50.0,3.5290582101609305,42.66666666666667,6.518921424078757,91.68327845157549,0.10376942932962072,12800,349903,4034132,17200,3,9700.0,0.17006802721088435,-14400.0,9400.0,0.0,16.666666666666664,33.33333333333333,0.16079339787638092,0.05823635171851494,0.6263047592546113,0.23596697553112833
AC_000091.1,NC_008543.1,5000,0,DNABERT-2-only,6,11,2,33.33333333333333,2.692587307143434,33.33333333333333,4.982685169037594,91.35960634657405,0.07425926277133618,10000,361390,4022645,20000,2,7000.0,0.1636302294197031,0.0,43500.0,50.0,50.0,50.0,0.16079339787638092,0.05823635171851494,0.6263047592546113,0.23596697553112833
AC_000091.1,NC_008543.1,5000,0,DNABERT-S-only,6,15,2,33.33333333333333,1.6619495000024929,33.33333333333333,3.1660448027000028,86.14186339709585,0.0474982579298293,10000,591703,3792332,20000,2,8500.0,0.1411088911088911,-500.0,51000.0,50.0,50.0,50.0,0.16079339787638092,0.05823635171851494,0.6263047592546113,0.23596697553112833
AC_000091.1,NC_008543.1,5000,0,SAGE-GI,6,13,2,33.33333333333333,1.8632278932668536,33.33333333333333,3.529185481636766,87.61443894305324,0.05359637386097102,10000,526703,3857332,20000,2,8000.0,0.1465201465201465,0.0,51000.0,50.0,50.0,50.0,0.16079339787638092,0.05823635171851494,0.6263047592546113,0.23596697553112833
AC_000091.1,NC_008543.1,5000,0,SAGE-GI/no-refine,6,15,2,33.33333333333333,2.1677939944243887,32.166666666666664,4.06184955161811,89.67264645613368,0.06066016399158497,9650,435503,3948532,20350,2,12400.0,0.19594081022074877,-4450.0,15650.0,25.0,25.0,25.0,0.16079339787638092,0.05823635171851494,0.6263047592546113,0.23596697553112833
AC_000091.1,NC_008543.1,5000,1,Comp-only,6,13,2,33.33333333333333,2.448355914254446,27.666666666666668,4.498608412397731,92.01630707504584,0.06209118722663994,8300,330703,4053332,21700,2,21850.0,0.09428002046697008,-32300.0,5750.0,0.0,25.0,25.0,0.16079339787638092,0.05823635171851494,0.6263047592546113,0.23596697553112833
AC_000091.1,NC_008543.1,5000,1,DNABERT-2-only,6,14,4,66.66666666666666,4.531181137064786,54.833333333333336,8.370649297781394,91.84102527506012,0.14033561727188498,16450,346590,4037445,13550,4,12125.0,0.1308497536945813,-18000.0,6125.0,25.0,25.0,37.5,0.16079339787638092,0.05823635171851494,0.6263047592546113,0.23596697553112833
AC_000091.1,NC_008543.1,5000,1,DNABERT-S-only,6,15,4,66.66666666666666,3.53542406527807,66.66666666666666,6.714755507358533,87.41054386745914,0.13326617125149934,20000,545703,3838332,10000,4,21000.0,0.1393188854489164,-17000.0,21000.0,12.5,25.0,25.0,0.16079339787638092,0.05823635171851494,0.6263047592546113,0.23596697553112833
AC_000091.1,NC_008543.1,5000,1,SAGE-GI,6,15,5,83.33333333333334,4.002348044185922,67.5,7.556632764440166,88.77550812351964,0.1455131477652281,20250,485703,3898332,9750,5,9475.0,0.14705882352941177,-16000.0,8000.0,20.0,30.0,40.0,0.16079339787638092,0.05823635171851494,0.6263047592546113,0.23596697553112833
AC_000091.1,NC_008543.1,5000,1,SAGE-GI/no-refine,6,16,5,83.33333333333334,4.71365423425814,67.5,8.811952924589265,90.50521801480957,0.16122222274853273,20250,409353,3974682,9750,5,11550.0,0.14450867052023122,-22950.0,10950.0,0.0,0.0,40.0,0.16079339787638092,0.05823635171851494,0.6263047592546113,0.23596697553112833
AC_000091.1,NC_008543.1,10000,0,Comp-only,6,14,3,50.0,8.277003724651676,47.0,14.075262725759478,92.25246875868439,0.17295061568451037,28200,312503,4071532,31800,3,7700.0,0.31446540880503143,-14600.0,7200.0,16.666666666666664,33.33333333333333,33.33333333333333,0.16079339787638092,0.05823635171851494,0.6263047592546113,0.23596697553112833
AC_000091.1,NC_008543.1,10000,0,DNABERT-2-only,6,11,2,33.33333333333333,5.414331736105471,33.33333333333333,9.315540650690513,91.23791779317669,0.10603234716338684,20000,349390,4034645,40000,2,7000.0,0.26857429718875503,0.0,43500.0,50.0,50.0,50.0,0.16079339787638092,0.05823635171851494,0.6263047592546113,0.23596697553112833
AC_000091.1,NC_008543.1,10000,0,DNABERT-S-only,6,16,2,33.33333333333333,3.5279404060306616,33.33333333333333,6.380572433055833,86.79346584804125,0.07215810386157934,20000,546903,3837132,40000,2,8500.0,0.23726851851851852,-500.0,51000.0,50.0,50.0,50.0,0.16079339787638092,0.05823635171851494,0.6263047592546113,0.23596697553112833
AC_000091.1,NC_008543.1,10000,0,SAGE-GI,6,13,2,33.33333333333333,3.6317216358000595,33.33333333333333,6.5498286401082035,87.15799943069756,0.074353570157739,20000,530703,3853332,40000,2,8500.0,0.23726851851851852,-500.0,51000.0,50.0,50.0,50.0,0.16079339787638092,0.05823635171851494,0.6263047592546113,0.23596697553112833
AC_000091.1,NC_008543.1,10000,0,SAGE-GI/no-refine,6,15,2,33.33333333333333,4.396940904662114,32.416666666666664,7.743558812229648,89.5713467603203,0.08777570838035972,19450,422903,3961132,40550,2,12350.0,0.32902372586948797,-4350.0,15500.0,25.0,25.0,25.0,0.16079339787638092,0.05823635171851494,0.6263047592546113,0.23596697553112833
AC_000091.1,NC_008543.1,10000,1,Comp-only,6,14,5,83.33333333333334,12.780697200693375,70.16666666666667,21.622843172754187,93.13229981312028,0.28024063558246426,42100,287303,4096732,17900,5,7950.0,0.22478386167146974,-24700.0,-2200.0,0.0,20.0,30.0,0.16079339787638092,0.05823635171851494,0.6263047592546113,0.23596697553112833
AC_000091.1,NC_008543.1,10000,1,DNABERT-2-only,6,14,5,83.33333333333334,12.940293485856259,83.33333333333334,22.40193552722955,92.20550693232614,0.30990638677574034,50000,336390,4047645,10000,5,7000.0,0.45454545454545453,-12000.0,0.0,40.0,40.0,40.0,0.16079339787638092,0.05823635171851494,0.6263047592546113,0.23596697553112833
AC_000091.1,NC_008543.1,10000,1,DNABERT-S-only,6,16,5,83.33333333333334,8.435928281112124,83.33333333333334,15.320903994619298,87.56303674476011,0.2408613143348071,50000,542703,3841332,10000,5,12500.0,0.2702702702702703,-7000.0,18000.0,40.0,40.0,40.0,0.16079339787638092,0.05823635171851494,0.6263047592546113,0.23596697553112833
AC_000091.1,NC_008543.1,10000,1,SAGE-GI,6,15,5,83.33333333333334,9.368506453964095,83.33333333333334,16.84343855429398,88.89065905196516,0.25668151359953933,50000,483703,3900332,10000,5,7500.0,0.38461538461538464,-16000.0,0.0,40.0,40.0,40.0,0.16079339787638092,0.05823635171851494,0.6263047592546113,0.23596697553112833
AC_000091.1,NC_008543.1,10000,1,SAGE-GI/no-refine,6,16,5,83.33333333333334,10.994979692272508,83.33333333333334,19.42679304443102,90.66719771558955,0.2821635909559838,50000,404753,3979282,10000,5,11600.0,0.26881720430107525,-22850.0,11050.0,0.0,0.0,30.0,0.16079339787638092,0.05823635171851494,0.6263047592546113,0.23596697553112833
AC_000091.1,NC_008543.1,20000,0,Comp-only,6,15,6,100.0,30.951297223486574,96.33333333333334,46.84998682850716,94.17655502232998,0.5281984564500384,115600,257890,4126145,4400,6,7500.0,0.5204901741122732,-11350.0,-950.0,16.666666666666664,33.33333333333333,33.33333333333333,0.16079339787638092,0.05823635171851494,0.6263047592546113,0.23596697553112833
AC_000091.1,NC_008543.1,20000,0,DNABERT-2-only,6,13,6,100.0,28.612985526598155,100.0,44.49470698381506,93.35284916746872,0.5163233193240204,120000,299390,4084645,0,6,0.0,0.9545454545454546,0.0,1000.0,75.0,83.33333333333334,83.33333333333334,0.16079339787638092,0.05823635171851494,0.6263047592546113,0.23596697553112833
AC_000091.1,NC_008543.1,20000,0,DNABERT-S-only,6,18,6,100.0,19.209128177710046,100.0,32.22761288728526,88.79442544296393,0.41228287448600054,120000,504703,3879332,0,6,0.0,0.75,0.0,0.0,66.66666666666666,66.66666666666666,75.0,0.16079339787638092,0.05823635171851494,0.6263047592546113,0.23596697553112833
AC_000091.1,NC_008543.1,20000,0,SAGE-GI,6,16,6,100.0,21.250108464095284,100.0,35.05169394613431,90.12656429179613,0.4369732594625806,120000,444703,3939332,0,6,0.0,0.75,0.0,0.0,66.66666666666666,66.66666666666666,75.0,0.16079339787638092,0.05823635171851494,0.6263047592546113,0.23596697553112833
AC_000091.1,NC_008543.1,20000,0,SAGE-GI/no-refine,6,18,6,100.0,24.94351333542582,100.0,39.92766438136243,91.9830329915287,0.4784251651138924,120000,361087,4022948,0,6,4450.0,0.600321224514872,-4350.0,4550.0,0.0,0.0,66.66666666666666,0.16079339787638092,0.05823635171851494,0.6263047592546113,0.23596697553112833
AC_000091.1,NC_008543.1,20000,1,Comp-only,6,14,6,100.0,32.07160694744521,95.25,47.98589391045152,94.49848857746443,0.5352931393969175,114300,242090,4141945,5700,6,8000.0,0.4493473726883338,-19300.0,-1050.0,8.333333333333332,33.33333333333333,33.33333333333333,0.16079339787638092,0.05823635171851494,0.6263047592546113,0.23596697553112833
AC_000091.1,NC_008543.1,20000,1,DNABERT-2-only,6,13,6,100.0,29.52828563694973,100.0,45.59357130644579,93.64147925138238,0.5253506519768367,120000,286390,4097645,0,6,4000.0,0.6349206349206349,-12000.0,0.0,50.0,50.0,50.0,0.16079339787638092,0.05823635171851494,0.6263047592546113,0.23596697553112833
AC_000091.1,NC_008543.1,20000,1,DNABERT-S-only,6,17,6,100.0,19.744384879451403,99.16666666666667,32.93192362561108,89.23847172590798,0.4168789253268422,119000,483703,3900332,1000,6,4500.0,0.481859410430839,-11500.0,1000.0,41.66666666666667,50.0,50.0,0.16079339787638092,0.05823635171851494,0.6263047592546113,0.23596697553112833
AC_000091.1,NC_008543.1,20000,1,SAGE-GI,6,16,6,100.0,22.131176504501557,99.16666666666667,36.18654620702657,90.68162214547623,0.4450897535847199,119000,418703,3965332,1000,6,4500.0,0.6226053639846744,-7500.0,1000.0,41.66666666666667,50.0,50.0,0.16079339787638092,0.05823635171851494,0.6263047592546113,0.23596697553112833
AC_000091.1,NC_008543.1,20000,1,SAGE-GI/no-refine,6,16,6,100.0,25.713165354938106,100.0,40.90767308633053,92.30274631524844,0.48661877101146256,120000,346687,4037348,0,6,10350.0,0.4793451055133298,-13950.0,7800.0,0.0,0.0,41.66666666666667,0.16079339787638092,0.05823635171851494,0.6263047592546113,0.23596697553112833
AC_000091.1,NC_008543.1,40000,0,Comp-only,6,13,6,100.0,57.61878352711371,97.83333333333334,72.52442448409745,96.15258102501387,0.7347430223224025,234800,172706,4211329,5200,6,8300.0,0.683088455772114,-11550.0,-1000.0,8.333333333333332,33.33333333333333,33.33333333333333,0.16079339787638092,0.05823635171851494,0.6263047592546113,0.23596697553112833
AC_000091.1,NC_008543.1,40000,0,DNABERT-2-only,6,13,6,100.0,46.29718937479504,100.0,63.2919737865742,93.9795005876902,0.6584624359639812,240000,278390,4105645,0,6,0.0,0.9761904761904762,0.0,1000.0,66.66666666666666,75.0,75.0,0.16079339787638092,0.05823635171851494,0.6263047592546113,0.23596697553112833
AC_000091.1,NC_008543.1,40000,0,DNABERT-S-only,6,13,6,100.0,38.1738277056098,100.0,55.2547878849273,91.59385688040857,0.5898237894345362,240000,388703,3995332,0,6,1500.0,0.7987711213517665,-500.0,5000.0,50.0,58.333333333333336,66.66666666666666,0.16079339787638092,0.05823635171851494,0.6263047592546113,0.23596697553112833
AC_000091.1,NC_008543.1,40000,0,SAGE-GI,6,15,6,100.0,35.998038106923175,100.0,52.939055015810034,90.77206379276973,0.5700377973544433,240000,426703,3957332,0,6,1500.0,0.7987711213517665,-500.0,5000.0,50.0,58.333333333333336,66.66666666666666,0.16079339787638092,0.05823635171851494,0.6263047592546113,0.23596697553112833
AC_000091.1,NC_008543.1,40000,0,SAGE-GI/no-refine,6,16,6,100.0,43.283251004982986,100.0,60.41634413149618,93.19886203283497,0.6338638992632255,240000,314487,4069548,0,6,4450.0,0.7459705193552831,-4400.0,4450.0,0.0,0.0,66.66666666666666,0.16079339787638092,0.05823635171851494,0.6263047592546113,0.23596697553112833
AC_000091.1,NC_008543.1,40000,1,Comp-only,6,13,6,100.0,55.799247080883795,97.20833333333333,70.90043245313066,95.85846560417471,0.7193135774108921,233300,184806,4199229,6700,6,7450.0,0.6603987827587773,-14250.0,-850.0,25.0,25.0,33.33333333333333,0.16079339787638092,0.05823635171851494,0.6263047592546113,0.23596697553112833
AC_000091.1,NC_008543.1,40000,1,DNABERT-2-only,6,13,6,100.0,46.03080227852471,100.0,63.04259315199832,93.91462218603449,0.6563254356073658,240000,281390,4102645,0,6,1000.0,0.7653061224489797,-12000.0,0.0,58.333333333333336,58.333333333333336,58.333333333333336,0.16079339787638092,0.05823635171851494,0.6263047592546113,0.23596697553112833
AC_000091.1,NC_008543.1,40000,1,DNABERT-S-only,6,15,6,100.0,37.088808997308725,99.16666666666667,53.98643307326844,91.22621260435962,0.5772282154049956,238000,403703,3980332,2000,6,4500.0,0.7653061224489797,-7500.0,1000.0,41.66666666666667,50.0,50.0,0.16079339787638092,0.05823635171851494,0.6263047592546113,0.23596697553112833
AC_000091.1,NC_008543.1,40000,1,SAGE-GI,6,16,6,100.0,35.96779824180939,99.16666666666667,52.7890003693012,90.79368992665496,0.5669807508972985,238000,423703,3960332,2000,6,4500.0,0.7653061224489797,-7500.0,1000.0,41.66666666666667,50.0,50.0,0.16079339787638092,0.05823635171851494,0.6263047592546113,0.23596697553112833
AC_000091.1,NC_008543.1,40000,1,SAGE-GI/no-refine,6,16,6,100.0,42.12469964211557,100.0,59.27850647802928,92.86906349108517,0.6241503751318043,240000,329737,4054298,0,6,8900.0,0.7019293822097845,-9600.0,6450.0,0.0,0.0,41.66666666666667,0.16079339787638092,0.05823635171851494,0.6263047592546113,0.23596697553112833
AC_000091.1,NC_008543.1,80000,0,Comp-only,6,9,6,100.0,90.71867794004612,98.35416666666667,94.38224710115955,98.8445806824992,0.9383456258464058,472100,48300,4335735,7900,6,7450.0,0.8303286602556675,-11100.0,-1750.0,0.0,33.33333333333333,41.66666666666667,0.16079339787638092,0.05823635171851494,0.6263047592546113,0.23596697553112833
AC_000091.1,NC_008543.1,80000,0,DNABERT-2-only,6,10,6,100.0,84.30074290029681,100.0,91.48171795042835,98.16222539517088,0.9087456182034116,480000,89390,4294645,0,6,0.0,0.9878048780487805,0.0,1000.0,66.66666666666666,75.0,75.0,0.16079339787638092,0.05823635171851494,0.6263047592546113,0.23596697553112833
AC_000091.1,NC_008543.1,80000,0,DNABERT-S-only,6,10,6,100.0,71.49346877373807,100.0,83.37748286853281,96.0652010110947,0.8268756897958329,480000,191390,4192645,0,6,0.0,0.8960396039603961,0.0,0.0,66.66666666666666,66.66666666666666,75.0,0.16079339787638092,0.05823635171851494,0.6263047592546113,0.23596697553112833
AC_000091.1,NC_008543.1,80000,0,SAGE-GI,6,12,6,100.0,72.24672255753399,100.0,83.88748590952386,96.20911444921757,0.8319138585510294,480000,184390,4199645,0,6,0.0,0.9081632653061225,0.0,0.0,66.66666666666666,66.66666666666666,75.0,0.16079339787638092,0.05823635171851494,0.6263047592546113,0.23596697553112833
AC_000091.1,NC_008543.1,80000,0,SAGE-GI/no-refine,6,12,6,100.0,79.01806879839856,100.0,88.27943383456433,97.37962411865868,0.8759040780899195,480000,127456,4256579,0,6,4250.0,0.8609753561401685,-4250.0,4200.0,0.0,0.0,66.66666666666666,0.16079339787638092,0.05823635171851494,0.6263047592546113,0.23596697553112833
AC_000091.1,NC_008543.1,80000,1,Comp-only,6,9,6,100.0,91.76911759568017,98.5,95.01550432774722,98.98014714121095,0.9452165749420373,472800,42406,4341629,7200,6,7250.0,0.8490659054039336,-11050.0,-1300.0,0.0,41.66666666666667,41.66666666666667,0.16079339787638092,0.05823635171851494,0.6263047592546113,0.23596697553112833
AC_000091.1,NC_008543.1,80000,1,DNABERT-2-only,6,10,6,100.0,80.08141610637482,100.0,88.93912302318903,97.54545351750141,0.8826129767213173,480000,119390,4264645,0,6,1000.0,0.9039836567926456,-6500.0,500.0,58.333333333333336,58.333333333333336,66.66666666666666,0.16079339787638092,0.05823635171851494,0.6263047592546113,0.23596697553112833
AC_000091.1,NC_008543.1,80000,1,DNABERT-S-only,6,11,6,100.0,70.34100734184264,100.0,82.58845998331026,95.8390513226159,0.8191074307098627,480000,202390,4181645,0,6,1500.0,0.9092083171897197,-4000.0,1000.0,50.0,58.333333333333336,58.333333333333336,0.16079339787638092,0.05823635171851494,0.6263047592546113,0.23596697553112833
AC_000091.1,NC_008543.1,80000,1,SAGE-GI,6,13,6,100.0,69.12541943288353,100.0,81.74456526366879,95.5923425715481,0.8108330154312415,480000,214390,4169645,0,6,1500.0,0.9092083171897197,-4000.0,1000.0,50.0,58.333333333333336,58.333333333333336,0.16079339787638092,0.05823635171851494,0.6263047592546113,0.23596697553112833
AC_000091.1,NC_008543.1,80000,1,SAGE-GI/no-refine,6,13,6,100.0,75.21082534479463,100.0,85.85180190412142,96.74743294404749,0.8514499621396905,480000,158206,4225829,0,6,4350.0,0.8470946983710579,-5950.0,4350.0,0.0,0.0,58.333333333333336,0.16079339787638092,0.05823635171851494,0.6263047592546113,0.23596697553112833
AC_000091.1,NC_007651.1,5000,0,Comp-only,6,14,3,50.0,3.671202702443541,44.666666666666664,6.784758596770152,91.65835794233621,0.10932195080515611,13400,351603,4032432,16600,3,10150.0,0.16556291390728478,-14700.0,9800.0,0.0,16.666666666666664,33.33333333333333,0.1648660720641183,0.06437033557757693,0.6640715243265043,0.2692525342953408
AC_000091.1,NC_007651.1,5000,0,DNABERT-2-only,6,12,2,33.33333333333333,2.6213006894020814,33.33333333333333,4.860385428564486,91.13079076174067,0.07268773758929274,10000,371490,4012545,20000,2,7000.0,0.1636302294197031,0.0,43500.0,50.0,50.0,50.0,0.1648660720641183,0.06437033557757693,0.6640715243265043,0.2692525342953408
AC_000091.1,NC_007651.1,5000,0,DNABERT-S-only,6,15,1,16.666666666666664,0.8241264671511431,16.666666666666664,1.5705909976865193,85.80203827110569,0.0070195971895668655,5000,601703,3782332,25000,1,43000.0,0.054945054945054944,0.0,86000.0,50.0,50.0,50.0,0.1648660720641183,0.06437033557757693,0.6640715243265043,0.2692525342953408
AC_000091.1,NC_007651.1,5000,0,SAGE-GI,6,13,2,33.33333333333333,1.859762731470719,33.33333333333333,3.522968876331462,87.59178393465389,0.05349612048350108,10000,527703,3856332,20000,2,8500.0,0.1411088911088911,0.0,51500.0,50.0,50.0,50.0,0.1648660720641183,0.06437033557757693,0.6640715243265043,0.2692525342953408
AC_000091.1,NC_007651.1,5000,0,SAGE-GI/no-refine,6,15,2,33.33333333333333,2.1716968266220773,32.166666666666664,4.068699892274319,89.69077046285315,0.06075845446339527,9650,434703,3949332,20350,2,12350.0,0.19622327694616853,-4450.0,15600.0,25.0,25.0,25.0,0.1648660720641183,0.06437033557757693,0.6640715243265043,0.2692525342953408
AC_000091.1,NC_007651.1,5000,1,Comp-only,6,15,4,66.66666666666666,5.278128860523306,61.66666666666667,9.723970638864872,92.21793664980001,0.1643790011018812,18500,332003,4052032,11500,4,8100.0,0.1766738361201693,-19500.0,7250.0,12.5,25.0,25.0,0.1648660720641183,0.06437033557757693,0.6640715243265043,0.2692525342953408
AC_000091.1,NC_007651.1,5000,1,DNABERT-2-only,6,14,4,66.66666666666666,4.529933359035083,54.833333333333336,8.368520120059012,91.8387597742202,0.1403112049059079,16450,346690,4037345,13550,4,12125.0,0.1308497536945813,-18000.0,6125.0,25.0,25.0,37.5,0.1648660720641183,0.06437033557757693,0.6640715243265043,0.2692525342953408
AC_000091.1,NC_007651.1,5000,1,DNABERT-S-only,6,15,4,66.66666666666666,3.5416847440158805,66.66666666666666,6.726046446713737,87.43319887585848,0.13342289650296904,20000,544703,3839332,10000,4,21000.0,0.1439144736842105,-16000.0,21000.0,12.5,25.0,25.0,0.1648660720641183,0.06437033557757693,0.6640715243265043,0.2692525342953408
AC_000091.1,NC_007651.1,5000,1,SAGE-GI,6,15,5,83.33333333333334,3.999182301187053,67.16666666666666,7.548894545876861,88.81855263947838,0.14503353854182677,20150,483703,3900332,9850,5,9525.0,0.15625,-16000.0,8000.0,20.0,30.0,40.0,0.1648660720641183,0.06437033557757693,0.6640715243265043,0.2692525342953408
AC_000091.1,NC_007651.1,5000,1,SAGE-GI/no-refine,6,16,5,83.33333333333334,4.642825049596431,67.16666666666666,8.685288672702548,90.4010049761726,0.15928851009433814,20150,413853,3970182,9850,5,11600.0,0.14367816091954022,-22850.0,11050.0,0.0,0.0,40.0,0.1648660720641183,0.06437033557757693,0.6640715243265043,0.2692525342953408
AC_000091.1,NC_007651.1,10000,0,Comp-only,6,13,3,50.0,8.742055892554474,46.33333333333333,14.708877971867947,92.74526415746051,0.17781651165252468,27800,290203,4093832,32200,3,8950.0,0.30120481927710846,-14600.0,8600.0,0.0,16.666666666666664,33.33333333333333,0.1648660720641183,0.06437033557757693,0.6640715243265043,0.2692525342953408
AC_000091.1,NC_007651.1,10000,0,DNABERT-2-only,6,11,2,33.33333333333333,5.136238732376281,33.33333333333333,8.900954627383788,90.78787633310719,0.10166572101409731,20000,369390,4014645,40000,2,7000.0,0.26857429718875503,0.0,43500.0,50.0,50.0,50.0,0.1648660720641183,0.06437033557757693,0.6640715243265043,0.2692525342953408
AC_000091.1,NC_007651.1,10000,0,DNABERT-S-only,6,16,2,33.33333333333333,3.6055330510200956,33.33333333333333,6.50720754575787,87.06799113868365,0.07380449853634215,20000,534703,3849332,40000,2,7000.0,0.2604166666666667,0.0,50000.0,50.0,50.0,50.0,0.1648660720641183,0.06437033557757693,0.6640715243265043,0.2692525342953408
AC_000091.1,NC_007651.1,10000,0,SAGE-GI,6,13,2,33.33333333333333,3.692060040280375,33.33333333333333,6.6477980000099715,87.36051808772883,0.07560635679288069,20000,521703,3862332,40000,2,8500.0,0.23726851851851852,0.0,51500.0,50.0,50.0,50.0,0.1648660720641183,0.06437033557757693,0.6640715243265043,0.2692525342953408
AC_000091.1,NC_007651.1,10000,0,SAGE-GI/no-refine,6,15,2,33.33333333333333,4.343892621668279,32.25,7.656498230300344,89.49708991940882,0.08658266652890872,19350,426103,3957932,40650,2,12350.0,0.3276846216013066,-4350.0,15450.0,25.0,25.0,25.0,0.1648660720641183,0.06437033557757693,0.6640715243265043,0.2692525342953408
AC_000091.1,NC_007651.1,10000,1,Comp-only,6,14,5,83.33333333333334,13.918831560486602,75.0,23.480118861579484,93.40007448186164,0.30505147527814314,45000,278303,4105732,15000,5,7400.0,0.2616279069767442,-24400.0,-1000.0,10.0,30.0,30.0,0.1648660720641183,0.06437033557757693,0.6640715243265043,0.2692525342953408
AC_000091.1,NC_007651.1,10000,1,DNABERT-2-only,6,14,5,83.33333333333334,13.213879859404317,83.33333333333334,22.810739296060582,92.38552351635394,0.3136116042097506,50000,328390,4055645,10000,5,4000.0,0.45454545454545453,-12000.0,0.0,50.0,50.0,50.0,0.1648660720641183,0.06437033557757693,0.6640715243265043,0.2692525342953408
AC_000091.1,NC_007651.1,10000,1,DNABERT-S-only,6,16,5,83.33333333333334,9.06284722033413,83.33333333333334,16.34780277356822,88.4856217379026,0.2516055974692717,50000,501703,3882332,10000,5,12500.0,0.2702702702702703,-7000.0,18000.0,40.0,40.0,40.0,0.1648660720641183,0.06437033557757693,0.6640715243265043,0.2692525342953408
AC_000091.1,NC_007651.1,10000,1,SAGE-GI,6,15,5,83.33333333333334,9.247220747804247,83.33333333333334,16.647161742158765,88.73314454094083,0.2546794600456448,50000,490703,3893332,10000,5,7500.0,0.38461538461538464,-16000.0,0.0,40.0,40.0,40.0,0.1648660720641183,0.06437033557757693,0.6640715243265043,0.2692525342953408
AC_000091.1,NC_007651.1,10000,1,SAGE-GI/no-refine,6,16,5,83.33333333333334,11.204406468976119,83.33333333333334,19.75296936511981,90.85846533611908,0.285279687180257,50000,396253,3987782,10000,5,11000.0,0.2801120448179272,-21050.0,9250.0,0.0,0.0,30.0,0.1648660720641183,0.06437033557757693,0.6640715243265043,0.2692525342953408
AC_000091.1,NC_007651.1,20000,0,Comp-only,6,15,6,100.0,30.13053032910588,94.83333333333334,45.73127850670096,94.0033769719818,0.5160104688589668,113800,263890,4120145,6200,6,8350.0,0.4980692858418876,-11850.0,-1300.0,0.0,33.33333333333333,33.33333333333333,0.1648660720641183,0.06437033557757693,0.6640715243265043,0.2692525342953408
AC_000091.1,NC_007651.1,20000,0,DNABERT-2-only,6,13,6,100.0,28.612985526598155,100.0,44.49470698381506,93.35284916746872,0.5163233193240204,120000,299390,4084645,0,6,0.0,1.0,0.0,0.0,83.33333333333334,83.33333333333334,83.33333333333334,0.1648660720641183,0.06437033557757693,0.6640715243265043,0.2692525342953408
AC_000091.1,NC_007651.1,20000,0,DNABERT-S-only,6,18,6,100.0,18.847091972238232,100.0,31.71653872126845,88.52799767319748,0.40774711504726746,120000,516703,3867332,0,6,0.0,0.75,0.0,0.0,66.66666666666666,66.66666666666666,75.0,0.1648660720641183,0.06437033557757693,0.6640715243265043,0.2692525342953408
AC_000091.1,NC_007651.1,20000,0,SAGE-GI,6,16,6,100.0,20.91674612125089,100.0,34.596938459254176,89.9267434644713,0.43303667046674227,120000,453703,3930332,0,6,0.0,0.75,0.0,0.0,66.66666666666666,66.66666666666666,75.0,0.1648660720641183,0.06437033557757693,0.6640715243265043,0.2692525342953408
AC_000091.1,NC_007651.1,20000,0,SAGE-GI/no-refine,6,18,6,100.0,24.845389213374272,100.0,39.80185310794428,91.94084859464901,0.4773704419165842,120000,362987,4021048,0,6,4450.0,0.5822259136212624,-5200.0,4350.0,0.0,0.0,58.333333333333336,0.1648660720641183,0.06437033557757693,0.6640715243265043,0.2692525342953408
AC_000091.1,NC_007651.1,20000,1,Comp-only,6,14,6,100.0,31.32151424081171,94.66666666666667,47.069547742857736,94.32753075853097,0.5266299094114358,113600,249090,4134945,6400,6,7250.0,0.46233173461672195,-19600.0,-800.0,16.666666666666664,33.33333333333333,33.33333333333333,0.1648660720641183,0.06437033557757693,0.6640715243265043,0.2692525342953408
AC_000091.1,NC_007651.1,20000,1,DNABERT-2-only,6,13,6,100.0,29.455804020717245,100.0,45.50711996814501,93.61927693723516,0.5246414505832498,120000,287390,4096645,0,6,4500.0,0.6226053639846744,-12000.0,0.0,50.0,50.0,50.0,0.1648660720641183,0.06437033557757693,0.6640715243265043,0.2692525342953408
AC_000091.1,NC_007651.1,20000,1,DNABERT-S-only,6,17,6,100.0,20.246227874669103,100.0,33.674616214608335,89.50489949567444,0.42500828339217817,120000,472703,3911332,0,6,4500.0,0.42630385487528344,-4000.0,10000.0,41.66666666666667,50.0,50.0,0.1648660720641183,0.06437033557757693,0.6640715243265043,0.2692525342953408
AC_000091.1,NC_007651.1,20000,1,SAGE-GI,6,16,6,100.0,21.21254439166842,100.0,35.00057605114751,90.10436197764892,0.4365314498481839,120000,445703,3938332,0,6,4500.0,0.6226053639846744,-11500.0,1000.0,41.66666666666667,50.0,50.0,0.1648660720641183,0.06437033557757693,0.6640715243265043,0.2692525342953408
AC_000091.1,NC_007651.1,20000,1,SAGE-GI/no-refine,6,16,6,100.0,24.281519942209982,100.0,39.07502893994331,91.69182743917399,0.4712637303650623,120000,374203,4009832,0,6,10250.0,0.487298195631529,-13350.0,7700.0,0.0,0.0,41.66666666666667,0.1648660720641183,0.06437033557757693,0.6640715243265043,0.2692525342953408
AC_000091.1,NC_007651.1,40000,0,Comp-only,6,13,6,100.0,57.274326965728015,97.91666666666666,72.2736680885614,96.1006783036893,0.7326624033564139,235000,175306,4208729,5000,6,8250.0,0.6850056356122214,-11500.0,-1100.0,8.333333333333332,33.33333333333333,33.33333333333333,0.1648660720641183,0.06437033557757693,0.6640715243265043,0.2692525342953408
AC_000091.1,NC_007651.1,40000,0,DNABERT-2-only,6,14,6,100.0,44.660302573549934,100.0,61.74507004206383,93.56860404387078,0.6452191974857474,240000,297390,4086645,0,6,0.0,0.9761904761904762,0.0,1000.0,66.66666666666666,75.0,75.0,0.1648660720641183,0.06437033557757693,0.6640715243265043,0.2692525342953408
AC_000091.1,NC_007651.1,40000,0,DNABERT-S-only,6,13,6,100.0,38.23464281674613,100.0,55.318467263568294,91.6154830142938,0.5903672978515472,240000,387703,3996332,0,6,500.0,0.7987711213517665,0.0,1500.0,58.333333333333336,66.66666666666666,75.0,0.1648660720641183,0.06437033557757693,0.6640715243265043,0.2692525342953408
AC_000091.1,NC_007651.1,40000,0,SAGE-GI,6,15,6,100.0,36.60193715752406,100.0,53.58919195313625,91.0099512655073,0.5755976719457686,240000,415703,3968332,0,6,500.0,0.7987711213517665,0.0,1500.0,58.333333333333336,66.66666666666666,75.0,0.1648660720641183,0.06437033557757693,0.6640715243265043,0.2692525342953408
AC_000091.1,NC_007651.1,40000,0,SAGE-GI/no-refine,6,16,6,100.0,43.447800183566955,100.0,60.57646074456042,93.24427691399396,0.6352314660995313,240000,312387,4071648,0,6,4400.0,0.7499721199955391,-4350.0,4400.0,0.0,0.0,66.66666666666666,0.1648660720641183,0.06437033557757693,0.6640715243265043,0.2692525342953408
AC_000091.1,NC_007651.1,40000,1,Comp-only,6,13,6,100.0,55.56262759131177,98.20833333333333,70.97195749511447,95.83035163012391,0.7216777972792842,235700,188506,4195529,4300,6,7800.0,0.6787101353592273,-15700.0,-700.0,16.666666666666664,33.33333333333333,33.33333333333333,0.1648660720641183,0.06437033557757693,0.6640715243265043,0.2692525342953408
AC_000091.1,NC_007651.1,40000,1,DNABERT-2-only,6,13,6,100.0,46.657205622193274,100.0,63.62756664324819,94.06600512323112,0.6613395721281695,240000,274390,4109645,0,6,1000.0,0.7653061224489797,-11500.0,0.0,58.333333333333336,58.333333333333336,58.333333333333336,0.1648660720641183,0.06437033557757693,0.6640715243265043,0.2692525342953408
AC_000091.1,NC_007651.1,40000,1,DNABERT-S-only,6,14,6,100.0,37.75347921906928,100.0,54.81310444294469,91.44247394321194,0.5860533267289391,240000,395703,3988332,0,6,4500.0,0.7653061224489797,-7500.0,2000.0,25.0,50.0,50.0,0.1648660720641183,0.06437033557757693,0.6640715243265043,0.2692525342953408
AC_000091.1,NC_007651.1,40000,1,SAGE-GI,6,16,6,100.0,36.21531817420474,100.0,53.17363518233572,90.85856832831067,0.5720444380271807,240000,422703,3961332,0,6,4500.0,0.7653061224489797,-7500.0,2000.0,25.0,50.0,50.0,0.1648660720641183,0.06437033557757693,0.6640715243265043,0.2692525342953408
AC_000091.1,NC_007651.1,40000,1,SAGE-GI/no-refine,6,16,6,100.0,42.51271395851822,100.0,59.661643902020664,92.98151938728837,0.6274203127425334,240000,324537,4059498,0,6,8500.0,0.7019293822097845,-9200.0,6400.0,0.0,0.0,41.66666666666667,0.1648660720641183,0.06437033557757693,0.6640715243265043,0.2692525342953408
AC_000091.1,NC_007651.1,80000,0,Comp-only,6,9,6,100.0,90.49894857579812,98.625,94.38739906290499,98.84252477624031,0.9385116510786542,473400,49700,4334335,6600,6,8050.0,0.8303807878937413,-11150.0,-1050.0,8.333333333333332,25.0,33.33333333333333,0.1648660720641183,0.06437033557757693,0.6640715243265043,0.2692525342953408
AC_000091.1,NC_007651.1,80000,0,DNABERT-2-only,6,9,6,100.0,87.05272130433994,100.0,93.07827301020953,98.53228852177256,0.9253926051303913,480000,71390,4312645,0,6,0.0,0.9878048780487805,0.0,1000.0,66.66666666666666,75.0,75.0,0.1648660720641183,0.06437033557757693,0.6640715243265043,0.2692525342953408
AC_000091.1,NC_007651.1,80000,0,DNABERT-S-only,6,10,6,100.0,71.49346877373807,100.0,83.37748286853281,96.0652010110947,0.8268756897958329,480000,191390,4192645,0,6,0.0,0.9,0.0,500.0,66.66666666666666,66.66666666666666,75.0,0.1648660720641183,0.06437033557757693,0.6640715243265043,0.2692525342953408
AC_000091.1,NC_007651.1,80000,0,SAGE-GI,6,11,6,100.0,77.62091883762675,100.0,87.40065004233469,97.15483132831075,0.8670102308421748,480000,138390,4245645,0,6,0.0,0.9081632653061225,0.0,500.0,66.66666666666666,66.66666666666666,75.0,0.1648660720641183,0.06437033557757693,0.6640715243265043,0.2692525342953408
AC_000091.1,NC_007651.1,80000,0,SAGE-GI/no-refine,6,12,6,100.0,80.89578600368075,100.0,89.43910501268918,97.66950690116334,0.8877167365800988,480000,113356,4270679,0,6,4250.0,0.8604652236332497,-4250.0,4300.0,0.0,0.0,66.66666666666666,0.1648660720641183,0.06437033557757693,0.6640715243265043,0.2692525342953408
AC_000091.1,NC_007651.1,80000,1,Comp-only,6,9,6,100.0,89.28974069898534,99.0,93.8944872554831,98.7294499320009,0.933422006454427,475200,57000,4327035,4800,6,7400.0,0.8612500560896869,-9650.0,-950.0,25.0,41.66666666666667,41.66666666666667,0.1648660720641183,0.06437033557757693,0.6640715243265043,0.2692525342953408
AC_000091.1,NC_007651.1,80000,1,DNABERT-2-only,6,10,6,100.0,82.13692910556306,100.0,90.19250462706339,97.85383945633615,0.8954391885434222,480000,104390,4279645,0,6,1000.0,0.9039836567926456,-6500.0,0.0,58.333333333333336,58.333333333333336,66.66666666666666,0.1648660720641183,0.06437033557757693,0.6640715243265043,0.2692525342953408
AC_000091.1,NC_007651.1,80000,1,DNABERT-S-only,6,12,6,100.0,70.50694493407602,100.0,82.70272505479056,95.8720691771338,0.8202304804206679,480000,200784,4183251,0,6,2000.0,0.9092083171897197,-4500.0,1000.0,41.66666666666667,58.333333333333336,58.333333333333336,0.1648660720641183,0.06437033557757693,0.6640715243265043,0.2692525342953408
AC_000091.1,NC_007651.1,80000,1,SAGE-GI,6,13,6,100.0,69.52592013209924,100.0,82.02394073770283,95.67457882190403,0.8135684893233458,480000,210390,4173645,0,6,2000.0,0.9092083171897197,-4500.0,1000.0,41.66666666666667,66.66666666666666,66.66666666666666,0.1648660720641183,0.06437033557757693,0.6640715243265043,0.2692525342953408
AC_000091.1,NC_007651.1,80000,1,SAGE-GI/no-refine,6,13,6,100.0,75.15194784454819,100.0,85.81343087459976,96.737153412753,0.8510662718751931,480000,158706,4225329,0,6,4350.0,0.8580393455897237,-6000.0,4350.0,0.0,0.0,58.333333333333336,0.1648660720641183,0.06437033557757693,0.6640715243265043,0.2692525342953408
AC_000091.1,NC_009080.1,5000,0,Comp-only,6,14,3,50.0,3.670960494392815,44.333333333333336,6.780473256640912,91.71499546333457,0.1088717505907281,13300,349003,4035032,16700,3,9700.0,0.16778523489932887,-14700.0,9300.0,0.0,16.666666666666664,33.33333333333333,0.17364831449745155,0.06771115469633009,0.6886300123069853,0.2843806406258228
AC_000091.1,NC_009080.1,5000,0,DNABERT-2-only,6,12,2,33.33333333333333,2.628880885407082,33.33333333333333,4.873413094860987,91.15571127097995,0.07285629393431728,10000,370390,4013645,20000,2,7000.0,0.1636302294197031,0.0,43500.0,50.0,50.0,50.0,0.17364831449745155,0.06771115469633009,0.6886300123069853,0.2843806406258228
AC_000091.1,NC_009080.1,5000,0,DNABERT-S-only,6,15,2,33.33333333333333,1.7339947945476268,33.33333333333333,3.2965058686045725,86.70823860707947,0.04974874287559204,10000,566703,3817332,20000,2,9500.0,0.13163919413919414,-1000.0,51500.0,25.0,50.0,50.0,0.17364831449745155,0.06771115469633009,0.6886300123069853,0.2843806406258228
AC_000091.1,NC_009080.1,5000,0,SAGE-GI,6,13,2,33.33333333333333,1.8385631261456548,33.33333333333333,3.484909470764223,87.45132288257795,0.05287942990197593,10000,533903,3850132,20000,2,9000.0,0.1361681796464405,-500.0,51500.0,50.0,50.0,50.0,0.17364831449745155,0.06771115469633009,0.6886300123069853,0.2843806406258228
AC_000091.1,NC_009080.1,5000,0,SAGE-GI/no-refine,6,15,2,33.33333333333333,2.027087086696455,31.166666666666664,3.8065925297148313,89.29430781586463,0.056022788854110814,9350,451903,3932132,20650,2,12350.0,0.19024958566482336,-4300.0,15500.0,25.0,25.0,25.0,0.17364831449745155,0.06771115469633009,0.6886300123069853,0.2843806406258228
AC_000091.1,NC_009080.1,5000,1,Comp-only,6,15,4,66.66666666666666,5.289912674008424,62.33333333333333,9.752205328250366,92.15903362796172,0.1655651277852301,18700,334803,4049232,11300,4,8400.0,0.17466169566418116,-19550.0,7500.0,12.5,25.0,25.0,0.17364831449745155,0.06771115469633009,0.6886300123069853,0.2843806406258228
AC_000091.1,NC_009080.1,5000,1,DNABERT-2-only,6,12,4,66.66666666666666,4.984433002035684,55.50000000000001,9.147346445445557,92.50708252200084,0.14991973283074214,16650,317390,4066645,13350,4,12225.0,0.13348483351447488,-18000.0,6225.0,25.0,25.0,37.5,0.17364831449745155,0.06771115469633009,0.6886300123069853,0.2843806406258228
AC_000091.1,NC_009080.1,5000,1,DNABERT-S-only,6,15,4,66.66666666666666,3.76149843051478,66.66666666666666,7.121201061771079,88.18081415303685,0.13881538391506046,20000,511703,3872332,10000,4,21000.0,0.14154704944178628,-17000.0,21000.0,25.0,25.0,25.0,0.17364831449745155,0.06771115469633009,0.6886300123069853,0.2843806406258228
AC_000091.1,NC_009080.1,5000,1,SAGE-GI,6,15,5,83.33333333333334,3.9554412221434387,67.5,7.472972748559377,88.63957807312357,0.14441794820360468,20250,491703,3892332,9750,5,9625.0,0.15151515151515152,-16000.0,8000.0,30.0,30.0,40.0,0.17364831449745155,0.06771115469633009,0.6886300123069853,0.2843806406258228
AC_000091.1,NC_009080.1,5000,1,SAGE-GI/no-refine,6,16,5,83.33333333333334,4.719146685061629,67.5,8.821549848291124,90.51654551900926,0.16133763472888535,20250,408853,3975182,9750,5,11650.0,0.1440922190201729,-22150.0,11250.0,0.0,0.0,40.0,0.17364831449745155,0.06771115469633009,0.6886300123069853,0.2843806406258228
AC_000091.1,NC_009080.1,10000,0,Comp-only,6,13,3,50.0,8.902737591809482,47.333333333333336,14.98668875971958,92.7497645720612,0.18198927956211056,28400,290603,4093432,31600,3,8800.0,0.30303030303030304,-14700.0,8300.0,0.0,16.666666666666664,33.33333333333333,0.17364831449745155,0.06771115469633009,0.6886300123069853,0.2843806406258228
AC_000091.1,NC_009080.1,10000,0,DNABERT-2-only,6,11,2,33.33333333333333,5.414331736105471,33.33333333333333,9.315540650690513,91.23791779317669,0.10603234716338684,20000,349390,4034645,40000,2,7000.0,0.26857429718875503,0.0,43500.0,50.0,50.0,50.0,0.17364831449745155,0.06771115469633009,0.6886300123069853,0.2843806406258228
AC_000091.1,NC_009080.1,10000,0,DNABERT-S-only,6,16,2,33.33333333333333,3.2910813341385516,33.33333333333333,5.990687476318064,85.87538126949946,0.06693732317117891,20000,587703,3796332,40000,2,8500.0,0.23726851851851852,-500.0,51000.0,50.0,50.0,50.0,0.17364831449745155,0.06771115469633009,0.6886300123069853,0.2843806406258228
AC_000091.1,NC_009080.1,10000,0,SAGE-GI,6,13,2,33.33333333333333,3.692060040280375,33.33333333333333,6.6477980000099715,87.36051808772883,0.07560635679288069,20000,521703,3862332,40000,2,8500.0,0.23726851851851852,-500.0,51000.0,50.0,50.0,50.0,0.17364831449745155,0.06771115469633009,0.6886300123069853,0.2843806406258228
AC_000091.1,NC_009080.1,10000,0,SAGE-GI/no-refine,6,15,2,33.33333333333333,4.3753236269737,32.25,7.705280008282678,89.56909655301995,0.08714199600319766,19350,422903,3961132,40650,2,12350.0,0.3277857357195835,-4300.0,15450.0,25.0,25.0,25.0,0.17364831449745155,0.06771115469633009,0.6886300123069853,0.2843806406258228
AC_000091.1,NC_009080.1,10000,1,Comp-only,6,14,5,83.33333333333334,13.174627862508121,72.0,22.273609639523283,93.21555748323314,0.28918502560510845,43200,284703,4099332,16800,5,7950.0,0.24411764705882352,-24000.0,-1700.0,0.0,20.0,30.0,0.17364831449745155,0.06771115469633009,0.6886300123069853,0.2843806406258228
AC_000091.1,NC_009080.1,10000,1,DNABERT-2-only,6,14,5,83.33333333333334,13.07565574413557,83.33333333333334,22.60448925156536,92.29551522434004,0.31174511291196544,50000,332390,4051645,10000,5,3500.0,0.45454545454545453,-12000.0,0.0,50.0,50.0,50.0,0.17364831449745155,0.06771115469633009,0.6886300123069853,0.2843806406258228
AC_000091.1,NC_009080.1,10000,1,DNABERT-S-only,6,16,5,83.33333333333334,8.595451630815038,83.33333333333334,15.583533192146524,87.81055954779833,0.24364005891365906,50000,531703,3852332,10000,5,12500.0,0.2631578947368421,-7000.0,18000.0,40.0,40.0,40.0,0.17364831449745155,0.06771115469633009,0.6886300123069853,0.2843806406258228
AC_000091.1,NC_009080.1,10000,1,SAGE-GI,6,15,5,83.33333333333334,9.350985500361883,83.33333333333334,16.815116116784345,88.8681569789617,0.2563932599111009,50000,484703,3899332,10000,5,7500.0,0.38461538461538464,-16000.0,1000.0,40.0,40.0,40.0,0.17364831449745155,0.06771115469633009,0.6886300123069853,0.2843806406258228
AC_000091.1,NC_009080.1,10000,1,SAGE-GI/no-refine,6,16,5,83.33333333333334,11.154415029012634,83.33333333333334,19.675240480626776,90.81346119011215,0.2845389508951271,50000,398253,3985782,10000,5,11700.0,0.2801120448179272,-21550.0,11250.0,0.0,0.0,30.0,0.17364831449745155,0.06771115469633009,0.6886300123069853,0.2843806406258228
AC_000091.1,NC_009080.1,20000,0,Comp-only,6,15,6,100.0,30.36728710175659,96.66666666666667,46.21606008087811,94.0055972033965,0.5236856931545192,116000,265990,4118045,4000,6,8600.0,0.5051910939331017,-11800.0,-700.0,16.666666666666664,33.33333333333333,33.33333333333333,0.17364831449745155,0.06771115469633009,0.6886300123069853,0.2843806406258228
AC_000091.1,NC_009080.1,20000,0,DNABERT-2-only,6,13,6,100.0,28.544922571897523,100.0,44.412368844723254,93.33064685332153,0.515645721701142,120000,300390,4083645,0,6,0.0,1.0,0.0,0.0,83.33333333333334,83.33333333333334,83.33333333333334,0.17364831449745155,0.06771115469633009,0.6886300123069853,0.2843806406258228
AC_000091.1,NC_009080.1,20000,0,DNABERT-S-only,6,17,6,100.0,19.3904869293453,99.16666666666667,32.438193656016125,88.99424627028876,0.4125318105558043,119000,494703,3889332,1000,6,0.0,0.75,0.0,0.0,66.66666666666666,66.66666666666666,75.0,0.17364831449745155,0.06771115469633009,0.6886300123069853,0.2843806406258228
AC_000091.1,NC_009080.1,20000,0,SAGE-GI,6,16,6,100.0,21.608743733010353,99.16666666666667,35.48515512827585,90.39299206156257,0.4390698069045688,119000,431703,3952332,1000,6,0.0,0.75,0.0,0.0,66.66666666666666,66.66666666666666,75.0,0.17364831449745155,0.06771115469633009,0.6886300123069853,0.2843806406258228
AC_000091.1,NC_009080.1,20000,0,SAGE-GI/no-refine,6,17,6,100.0,25.532621115052116,100.0,40.67886241561254,92.22947867856267,0.4847091573847347,120000,349987,4034048,0,6,4550.0,0.5841150823870056,-5200.0,4550.0,0.0,0.0,58.333333333333336,0.17364831449745155,0.06771115469633009,0.6886300123069853,0.2843806406258228
AC_000091.1,NC_009080.1,20000,1,Comp-only,6,14,6,100.0,32.19765784398669,96.0,48.22202222733837,94.5073695031233,0.5387334001123804,115200,242590,4141445,4800,6,8200.0,0.4454813877464937,-19250.0,-800.0,16.666666666666664,33.33333333333333,33.33333333333333,0.17364831449745155,0.06771115469633009,0.6886300123069853,0.2843806406258228
AC_000091.1,NC_009080.1,20000,1,DNABERT-2-only,6,13,6,100.0,30.4267349577829,100.0,46.657205622193274,93.90790702114882,0.5340634088630803,120000,274390,4109645,0,6,3500.0,0.6349206349206349,-11500.0,0.0,50.0,50.0,50.0,0.17364831449745155,0.06771115469633009,0.6886300123069853,0.2843806406258228
AC_000091.1,NC_009080.1,20000,1,DNABERT-S-only,6,17,6,100.0,20.1442665220756,100.0,33.53346290290805,89.43829255323283,0.42377413620876436,120000,475703,3908332,0,6,4500.0,0.42630385487528344,-4000.0,10000.0,41.66666666666667,50.0,50.0,0.17364831449745155,0.06771115469633009,0.6886300123069853,0.2843806406258228
AC_000091.1,NC_009080.1,20000,1,SAGE-GI,6,16,6,100.0,21.94976065615151,100.0,35.998038106923175,90.5262059464458,0.44512207372079193,120000,426703,3957332,0,6,4500.0,0.6226053639846744,-7500.0,1000.0,41.66666666666667,50.0,50.0,0.17364831449745155,0.06771115469633009,0.6886300123069853,0.2843806406258228
AC_000091.1,NC_009080.1,20000,1,SAGE-GI/no-refine,6,16,6,100.0,25.587063180855758,100.0,40.74792822252443,92.25168099270988,0.48528578159368796,120000,348987,4035048,0,6,10500.0,0.4908160192713038,-12850.0,7900.0,0.0,0.0,41.66666666666667,0.17364831449745155,0.06771115469633009,0.6886300123069853,0.2843806406258228
AC_000091.1,NC_009080.1,40000,0,Comp-only,6,13,6,100.0,57.520625463183364,97.66666666666667,72.40087350541926,96.13528011790568,0.7333674167475159,234400,173106,4210929,5600,6,8600.0,0.6726964386659129,-11600.0,-650.0,16.666666666666664,33.33333333333333,33.33333333333333,0.17364831449745155,0.06771115469633009,0.6886300123069853,0.2843806406258228
AC_000091.1,NC_009080.1,40000,0,DNABERT-2-only,6,14,6,100.0,46.930913784000474,100.0,63.881606090046446,94.13088352488681,0.6635186133930658,240000,271390,4112645,0,6,0.0,0.9761904761904762,0.0,1000.0,66.66666666666666,75.0,83.33333333333334,0.17364831449745155,0.06771115469633009,0.6886300123069853,0.2843806406258228
AC_000091.1,NC_009080.1,40000,0,DNABERT-S-only,6,14,6,100.0,37.12892436418659,99.58333333333333,54.0905711534305,91.22621260435962,0.5789994997847133,239000,404703,3979332,1000,6,1000.0,0.7987711213517665,-500.0,1500.0,58.333333333333336,66.66666666666666,75.0,0.17364831449745155,0.06771115469633009,0.6886300123069853,0.2843806406258228
AC_000091.1,NC_009080.1,40000,0,SAGE-GI,6,15,6,100.0,36.560945872972894,99.58333333333333,53.48533013764081,91.0099512655073,0.5738245945438234,239000,414703,3969332,1000,6,1000.0,0.7987711213517665,-500.0,1500.0,58.333333333333336,66.66666666666666,75.0,0.17364831449745155,0.06771115469633009,0.6886300123069853,0.2843806406258228
AC_000091.1,NC_009080.1,40000,0,SAGE-GI/no-refine,6,16,6,100.0,43.66121083452947,100.0,60.78357627768977,93.30266747548407,0.6370007470546667,240000,309687,4074348,0,6,4550.0,0.7479457462317038,-4750.0,4500.0,0.0,0.0,58.333333333333336,0.17364831449745155,0.06771115469633009,0.6886300123069853,0.2843806406258228
AC_000091.1,NC_009080.1,40000,1,Comp-only,6,13,6,100.0,55.28587472920965,98.04166666666667,70.70248765786367,95.7827741355764,0.7190160002710694,235300,190306,4193729,4700,6,7600.0,0.6980145401981208,-14750.0,-950.0,25.0,33.33333333333333,33.33333333333333,0.17364831449745155,0.06771115469633009,0.6886300123069853,0.2843806406258228
AC_000091.1,NC_009080.1,40000,1,DNABERT-2-only,6,13,6,100.0,45.942686498593005,100.0,62.95990241215126,93.89299605214926,0.6556170234560255,240000,282390,4101645,0,6,1000.0,0.7653061224489797,-12000.0,0.0,58.333333333333336,58.333333333333336,58.333333333333336,0.17364831449745155,0.06771115469633009,0.6886300123069853,0.2843806406258228
AC_000091.1,NC_009080.1,40000,1,DNABERT-S-only,6,15,6,100.0,37.4388668922437,99.16666666666667,54.35632857258682,91.355969407671,0.5803911202922194,238000,397703,3986332,2000,6,7500.0,0.6980183377698905,-7500.0,5000.0,16.666666666666664,41.66666666666667,41.66666666666667,0.17364831449745155,0.06771115469633009,0.6886300123069853,0.2843806406258228
AC_000091.1,NC_009080.1,40000,1,SAGE-GI,6,16,6,100.0,35.59128641564342,99.16666666666667,52.38235154940614,90.64230698945835,0.5634971491906368,238000,430703,3953332,2000,6,7500.0,0.6980183377698905,-7500.0,5000.0,16.666666666666664,41.66666666666667,41.66666666666667,0.17364831449745155,0.06771115469633009,0.6886300123069853,0.2843806406258228
AC_000091.1,NC_009080.1,40000,1,SAGE-GI/no-refine,6,16,6,100.0,42.467578657918345,100.0,59.617183162617046,92.96854370695723,0.6270408175924733,240000,325137,4058898,0,6,8250.0,0.7043650793650793,-9000.0,6350.0,0.0,0.0,41.66666666666667,0.17364831449745155,0.06771115469633009,0.6886300123069853,0.2843806406258228
NC_000907.1,NC_010473.1,5000,0,Comp-only,6,5,2,33.33333333333333,11.235955056179774,33.33333333333333,16.806722689075627,93.85678108980704,0.16768466550674807,10000,79000,1502533,20000,2,8100.0,0.17886988575222657,-8100.0,18150.0,0.0,0.0,50.0,0.12631029976219854,0.0379078613269817,0.4386160474550446,0.13734282624889627
NC_000907.1,NC_010473.1,5000,0,DNABERT-2-only,6,3,1,16.666666666666664,7.042253521126761,16.666666666666664,9.900990099009901,94.35320281992364,0.08228472421259433,5000,66000,1515533,25000,1,24500.0,0.09259259259259259,-13000.0,36000.0,0.0,0.0,0.0,0.12631029976219854,0.0379078613269817,0.4386160474550446,0.13734282624889627
NC_000907.1,NC_010473.1,5000,0,DNABERT-S-only,6,1,1,16.666666666666664,21.73913043478261,16.666666666666664,18.867924528301884,97.33173320062326,0.1769571339026905,5000,18000,1563533,25000,1,19500.0,0.11363636363636363,-1000.0,38000.0,50.0,50.0,50.0,0.12631029976219854,0.0379078613269817,0.4386160474550446,0.13734282624889627
NC_000907.1,NC_010473.1,5000,0,SAGE-GI,6,2,1,16.666666666666664,8.064516129032258,16.666666666666664,10.869565217391303,94.91167726630482,0.0917977595291514,5000,57000,1524533,25000,1,19500.0,0.11363636363636363,-1000.0,38000.0,50.0,50.0,50.0,0.12631029976219854,0.0379078613269817,0.4386160474550446,0.13734282624889627
NC_000907.1,NC_010473.1,5000,0,SAGE-GI/no-refine,6,3,1,16.666666666666664,7.209805335255948,16.666666666666664,10.065425264217414,94.45558980176018,0.08390817973450782,5000,64350,1517183,25000,1,21000.0,0.10638297872340426,-3350.0,38650.0,0.0,0.0,50.0,0.12631029976219854,0.0379078613269817,0.4386160474550446,0.13734282624889627
AC_000091.1,NC_009080.1,80000,0,Comp-only,6,10,6,100.0,89.69341780127765,98.45833333333334,93.87172188863707,98.73138248388426,0.9329186267475912,472600,54306,4329729,7400,6,8050.0,0.8309845181033685,-11150.0,-1450.0,0.0,25.0,41.66666666666667,0.17364831449745155,0.06771115469633009,0.6886300123069853,0.2843806406258228
AC_000091.1,NC_009080.1,80000,0,DNABERT-2-only,6,10,6,100.0,81.30219007774522,100.0,89.68693653715,97.73048508080225,0.8902527784606805,480000,110390,4273645,0,6,0.0,0.9878048780487805,0.0,1000.0,66.66666666666666,75.0,75.0,0.17364831449745155,0.06771115469633009,0.6886300123069853,0.2843806406258228
AC_000091.1,NC_009080.1,80000,0,DNABERT-S-only,6,10,6,100.0,71.45094646399856,99.79166666666667,83.27610636392873,96.04464194850571,0.8255910829790516,479000,191390,4192645,1000,6,500.0,0.89375,0.0,500.0,66.66666666666666,66.66666666666666,75.0,0.17364831449745155,0.06771115469633009,0.6886300123069853,0.2843806406258228
AC_000091.1,NC_009080.1,80000,0,SAGE-GI,6,11,6,100.0,77.71054040461397,99.79166666666667,87.37766670619031,97.15483132831075,0.8665479776804504,479000,137390,4246645,1000,6,500.0,0.9019132653061225,0.0,500.0,66.66666666666666,66.66666666666666,75.0,0.17364831449745155,0.06771115469633009,0.6886300123069853,0.2843806406258228
AC_000091.1,NC_009080.1,80000,0,SAGE-GI/no-refine,6,12,6,100.0,81.2655759020479,100.0,89.66465419331699,97.72501637015358,0.8900245949447119,480000,110656,4273379,0,6,4250.0,0.8606519530889278,-4250.0,4250.0,0.0,0.0,66.66666666666666,0.17364831449745155,0.06771115469633009,0.6886300123069853,0.2843806406258228
AC_000091.1,NC_009080.1,80000,1,Comp-only,6,10,6,100.0,88.25404637532019,98.625,93.15175235093062,98.5689658894313,0.9253322301954264,473400,63006,4321029,6600,6,6550.0,0.8500139064578331,-10900.0,-950.0,25.0,41.66666666666667,41.66666666666667,0.17364831449745155,0.06771115469633009,0.6886300123069853,0.2843806406258228
AC_000091.1,NC_009080.1,80000,1,DNABERT-2-only,6,10,6,100.0,83.1327179202965,100.0,90.78958567794287,97.99775289445903,0.9015872112816016,480000,97390,4286645,0,6,1000.0,0.9039836567926456,-6500.0,0.0,58.333333333333336,58.333333333333336,66.66666666666666,0.17364831449745155,0.06771115469633009,0.6886300123069853,0.2843806406258228
AC_000091.1,NC_009080.1,80000,1,DNABERT-S-only,6,11,6,100.0,70.65161394780613,100.0,82.80216320651377,95.90072851038283,0.8212083332591188,480000,199390,4184645,0,6,1500.0,0.9092083171897197,-4000.0,1000.0,50.0,58.333333333333336,58.333333333333336,0.17364831449745155,0.06771115469633009,0.6886300123069853,0.2843806406258228
AC_000091.1,NC_009080.1,80000,1,SAGE-GI,6,12,6,100.0,75.07155257354667,100.0,85.76099482753999,96.72309101394212,0.8505420760297053,480000,159390,4224645,0,6,1000.0,0.9092083171897197,-4000.0,500.0,58.333333333333336,66.66666666666666,66.66666666666666,0.17364831449745155,0.06771115469633009,0.6886300123069853,0.2843806406258228
AC_000091.1,NC_009080.1,80000,1,SAGE-GI/no-refine,6,13,6,100.0,77.33129694251384,100.0,87.21674997683306,97.10721653935467,0.8651551419836537,480000,140706,4243329,0,6,4200.0,0.8635212373564973,-6000.0,4150.0,0.0,0.0,66.66666666666666,0.17364831449745155,0.06771115469633009,0.6886300123069853,0.2843806406258228
NC_000907.1,NC_010473.1,5000,1,Comp-only,6,6,1,16.666666666666664,4.739336492890995,16.666666666666664,7.380073800738007,92.21238410879579,0.05635108082398388,5000,100500,1481033,25000,1,9400.0,0.21008403361344538,-3400.0,15400.0,0.0,0.0,50.0,0.12631029976219854,0.0379078613269817,0.4386160474550446,0.13734282624889627
NC_000907.1,NC_010473.1,5000,1,DNABERT-2-only,6,3,1,16.666666666666664,7.575757575757576,16.666666666666664,10.416666666666666,94.66346640124651,0.08736266880651215,5000,61000,1520533,25000,1,5000.0,0.3333333333333333,-10000.0,0.0,50.0,50.0,50.0,0.12631029976219854,0.0379078613269817,0.4386160474550446,0.13734282624889627
NC_000907.1,NC_010473.1,5000,1,DNABERT-S-only,6,2,1,16.666666666666664,11.627906976744185,16.666666666666664,13.698630136986301,96.09067887533175,0.11963494068225239,5000,38000,1543533,25000,1,5000.0,0.3333333333333333,-10000.0,0.0,50.0,50.0,50.0,0.12631029976219854,0.0379078613269817,0.4386160474550446,0.13734282624889627
NC_000907.1,NC_010473.1,5000,1,SAGE-GI,6,4,1,16.666666666666664,5.617977528089887,16.666666666666664,8.403361344537814,93.23625392716129,0.06719275788600308,5000,84000,1497533,25000,1,5000.0,0.3333333333333333,-10000.0,0.0,50.0,50.0,50.0,0.12631029976219854,0.0379078613269817,0.4386160474550446,0.13734282624889627
NC_000907.1,NC_010473.1,5000,1,SAGE-GI/no-refine,6,7,2,33.33333333333333,5.377405032067094,18.166666666666668,8.298439284354778,92.52575032593188,0.06738505772341011,5450,95900,1485633,24550,2,8350.0,0.1277984326102656,-4300.0,7900.0,0.0,0.0,50.0,0.12631029976219854,0.0379078613269817,0.4386160474550446,0.13734282624889627
NC_000907.1,NC_010473.1,10000,0,Comp-only,6,5,2,33.33333333333333,20.04008016032064,33.33333333333333,25.03128911138923,92.7019438537026,0.22214724996233215,20000,79800,1501733,40000,2,9350.0,0.2980649685995728,-9350.0,18050.0,0.0,0.0,25.0,0.12631029976219854,0.0379078613269817,0.4386160474550446,0.13734282624889627
NC_000907.1,NC_010473.1,10000,0,DNABERT-2-only,6,3,2,33.33333333333333,27.77777777777778,33.33333333333333,30.303030303030297,94.39548275910383,0.2753220805773919,20000,52000,1529533,40000,2,3000.0,0.42948717948717946,-500.0,23000.0,50.0,50.0,75.0,0.12631029976219854,0.0379078613269817,0.4386160474550446,0.13734282624889627
NC_000907.1,NC_010473.1,10000,0,DNABERT-S-only,6,2,2,33.33333333333333,51.28205128205128,33.33333333333333,40.4040404040404,96.40579872594702,0.3959280551740148,20000,19000,1562533,40000,2,1500.0,0.48665620094191525,-500.0,20500.0,50.0,75.0,75.0,0.12631029976219854,0.0379078613269817,0.4386160474550446,0.13734282624889627
NC_000907.1,NC_010473.1,10000,0,SAGE-GI,6,3,3,50.0,61.224489795918366,50.0,55.04587155963303,97.01498538256618,0.5381212707581037,30000,19000,1562533,30000,3,500.0,0.7692307692307693,0.0,2000.0,66.66666666666666,83.33333333333334,83.33333333333334,0.12631029976219854,0.0379078613269817,0.4386160474550446,0.13734282624889627
NC_000907.1,NC_010473.1,10000,0,SAGE-GI/no-refine,6,5,3,50.0,33.42618384401114,50.0,40.066777963272116,94.53254975684314,0.38153198512264136,30000,59750,1521783,30000,3,5950.0,0.4484304932735426,-4050.0,7150.0,0.0,0.0,50.0,0.12631029976219854,0.0379078613269817,0.4386160474550446,0.13734282624889627
NC_000907.1,NC_010473.1,10000,1,Comp-only,6,7,3,50.0,14.5985401459854,30.0,19.639934533551553,91.02668054799994,0.1661882306139136,18000,105300,1476233,42000,3,11800.0,0.2711267605633803,-18400.0,-2300.0,0.0,33.33333333333333,33.33333333333333,0.12631029976219854,0.0379078613269817,0.4386160474550446,0.13734282624889627
NC_000907.1,NC_010473.1,10000,1,DNABERT-2-only,6,4,2,33.33333333333333,21.27659574468085,33.33333333333333,25.97402597402597,93.05527211454171,0.23143077454774932,20000,74000,1507533,40000,2,0.0,0.75,-5000.0,0.0,75.0,75.0,75.0,0.12631029976219854,0.0379078613269817,0.4386160474550446,0.13734282624889627
NC_000907.1,NC_010473.1,10000,1,DNABERT-S-only,6,3,2,33.33333333333333,31.746031746031743,33.33333333333333,32.520325203252035,94.94375075006107,0.29905023068947706,20000,43000,1538533,40000,2,0.0,0.75,-5000.0,0.0,75.0,75.0,75.0,0.12631029976219854,0.0379078613269817,0.4386160474550446,0.13734282624889627
NC_000907.1,NC_010473.1,10000,1,SAGE-GI,6,4,3,50.0,45.64198687910028,40.583333333333336,42.96426996029996,96.06160826495721,0.41007686875668936,24350,29000,1552533,35650,3,2825.0,0.5,-9650.0,0.0,50.0,50.0,50.0,0.12631029976219854,0.0379078613269817,0.4386160474550446,0.13734282624889627
NC_000907.1,NC_010473.1,10000,1,SAGE-GI/no-refine,6,6,3,50.0,24.24091587854654,40.583333333333336,30.352134621377374,93.19233911228102,0.28006864010449584,24350,76100,1505433,35650,3,7650.0,0.37037037037037035,-9650.0,3850.0,0.0,0.0,33.33333333333333,0.12631029976219854,0.0379078613269817,0.4386160474550446,0.13734282624889627
NC_000907.1,NC_010473.1,20000,0,Comp-only,6,8,6,100.0,67.12247324613556,94.08333333333333,78.34836918806386,96.33271878946809,0.7770752528399599,112900,55300,1526233,7100,6,6500.0,0.6533480500367919,-6850.0,300.0,8.333333333333332,25.0,41.66666666666667,0.12631029976219854,0.0379078613269817,0.4386160474550446,0.13734282624889627
NC_000907.1,NC_010473.1,20000,0,DNABERT-2-only,6,6,6,100.0,88.14814814814815,99.16666666666667,93.33333333333334,99.00090095225893,0.9298341172036579,119000,16000,1565533,1000,6,500.0,0.9295454545454545,0.0,1000.0,75.0,83.33333333333334,83.33333333333334,0.12631029976219854,0.0379078613269817,0.4386160474550446,0.13734282624889627
NC_000907.1,NC_010473.1,20000,0,DNABERT-S-only,6,6,6,100.0,86.86131386861314,99.16666666666667,92.6070038910506,98.88335988781881,0.9224218816314974,119000,18000,1563533,1000,6,0.0,0.9511904761904761,0.0,500.0,83.33333333333334,83.33333333333334,91.66666666666666,0.12631029976219854,0.0379078613269817,0.4386160474550446,0.13734282624889627
NC_000907.1,NC_010473.1,20000,0,SAGE-GI,6,6,6,100.0,86.86131386861314,99.16666666666667,92.6070038910506,98.88335988781881,0.9224218816314974,119000,18000,1563533,1000,6,0.0,0.9511904761904761,0.0,500.0,83.33333333333334,83.33333333333334,91.66666666666666,0.12631029976219854,0.0379078613269817,0.4386160474550446,0.13734282624889627
NC_000907.1,NC_010473.1,20000,0,SAGE-GI/no-refine,6,7,6,100.0,75.68590350047305,100.0,86.16047388260635,97.73439598291658,0.8593081707502491,120000,38550,1542983,0,6,3950.0,0.6717536602684759,-3550.0,5650.0,0.0,0.0,75.0,0.12631029976219854,0.0379078613269817,0.4386160474550446,0.13734282624889627
NC_000907.1,NC_010473.1,20000,1,Comp-only,6,9,6,100.0,58.797327394209354,88.0,70.4939919893191,94.80468495174645,0.6942777850392773,105600,74000,1507533,14400,6,6650.0,0.5390545985776436,-10100.0,-2350.0,0.0,16.666666666666664,41.66666666666667,0.12631029976219854,0.0379078613269817,0.4386160474550446,0.13734282624889627
NC_000907.1,NC_010473.1,20000,1,DNABERT-2-only,6,7,6,100.0,73.00613496932516,99.16666666666667,84.09893992932864,97.35532605009718,0.8384747575963599,119000,44000,1537533,1000,6,0.0,0.9761904761904762,0.0,0.0,91.66666666666666,91.66666666666666,91.66666666666666,0.12631029976219854,0.0379078613269817,0.4386160474550446,0.13734282624889627
NC_000907.1,NC_010473.1,20000,1,DNABERT-S-only,6,7,6,100.0,75.9493670886076,100.0,86.33093525179856,97.76671977563761,0.8609559066344531,120000,38000,1543533,0,6,0.0,1.0,0.0,0.0,91.66666666666666,91.66666666666666,91.66666666666666,0.12631029976219854,0.0379078613269817,0.4386160474550446,0.13734282624889627
NC_000907.1,NC_010473.1,20000,1,SAGE-GI,6,7,6,100.0,75.9493670886076,100.0,86.33093525179856,97.76671977563761,0.8609559066344531,120000,38000,1543533,0,6,0.0,1.0,0.0,0.0,91.66666666666666,91.66666666666666,91.66666666666666,0.12631029976219854,0.0379078613269817,0.4386160474550446,0.13734282624889627
NC_000907.1,NC_010473.1,20000,1,SAGE-GI/no-refine,6,8,6,100.0,69.36416184971098,100.0,81.91126279863481,96.88516179233667,0.8187774099356068,120000,53000,1528533,0,6,3950.0,0.6703372949260279,-3950.0,4050.0,0.0,0.0,75.0,0.12631029976219854,0.0379078613269817,0.4386160474550446,0.13734282624889627
NC_000907.1,NC_010473.1,40000,0,Comp-only,6,7,6,100.0,88.10522302706825,96.29166666666666,92.01672307386023,97.7985575885806,0.908633637086634,231100,31200,1550333,8900,6,4600.0,0.8085165829954446,-6000.0,-1150.0,8.333333333333332,25.0,50.0,0.12631029976219854,0.0379078613269817,0.4386160474550446,0.13734282624889627
NC_000907.1,NC_010473.1,40000,0,DNABERT-2-only,6,7,6,100.0,86.81318681318682,98.75,92.39766081871346,97.8589462831582,0.9141390325663029,237000,36000,1545533,3000,6,1000.0,0.8881987577639752,500.0,4000.0,66.66666666666666,75.0,75.0,0.12631029976219854,0.0379078613269817,0.4386160474550446,0.13734282624889627
NC_000907.1,NC_010473.1,40000,0,DNABERT-S-only,6,6,6,100.0,92.66409266409266,100.0,96.19238476953909,98.95692254820527,0.9568221242500078,240000,19000,1562533,0,6,0.0,0.9878048780487805,0.0,500.0,83.33333333333334,91.66666666666666,91.66666666666666,0.12631029976219854,0.0379078613269817,0.4386160474550446,0.13734282624889627
NC_000907.1,NC_010473.1,40000,0,SAGE-GI,6,6,6,100.0,92.66409266409266,100.0,96.19238476953909,98.95692254820527,0.9568221242500078,240000,19000,1562533,0,6,0.0,0.9878048780487805,0.0,500.0,83.33333333333334,91.66666666666666,91.66666666666666,0.12631029976219854,0.0379078613269817,0.4386160474550446,0.13734282624889627
NC_000907.1,NC_010473.1,40000,0,SAGE-GI/no-refine,6,7,6,100.0,89.26910916868141,100.0,94.33035275621499,98.41616923766959,0.9361660131779728,240000,28850,1552683,0,6,3500.0,0.8431058990760483,-3250.0,3850.0,0.0,8.333333333333332,83.33333333333334,0.12631029976219854,0.0379078613269817,0.4386160474550446,0.13734282624889627
NC_000907.1,NC_010473.1,40000,1,Comp-only,6,8,6,100.0,84.16376979528776,90.79166666666667,87.35217478452596,96.53588488377648,0.8543092285381936,217900,41000,1540533,22100,6,5700.0,0.759776179930922,-6850.0,-4050.0,8.333333333333332,8.333333333333332,33.33333333333333,0.12631029976219854,0.0379078613269817,0.4386160474550446,0.13734282624889627
NC_000907.1,NC_010473.1,40000,1,DNABERT-2-only,6,8,6,100.0,77.40863787375415,97.08333333333333,86.13678373382623,95.88258900607346,0.8449583457520458,233000,68000,1513533,7000,6,0.0,0.9375,0.0,0.0,66.66666666666666,75.0,83.33333333333334,0.12631029976219854,0.0379078613269817,0.4386160474550446,0.13734282624889627
NC_000907.1,NC_010473.1,40000,1,DNABERT-S-only,6,7,6,100.0,88.88888888888889,100.0,94.11764705882352,98.35303560242939,0.933824186592886,240000,30000,1551533,0,6,0.0,1.0,0.0,0.0,91.66666666666666,91.66666666666666,91.66666666666666,0.12631029976219854,0.0379078613269817,0.4386160474550446,0.13734282624889627
NC_000907.1,NC_010473.1,40000,1,SAGE-GI,6,7,6,100.0,88.88888888888889,100.0,94.11764705882352,98.35303560242939,0.933824186592886,240000,30000,1551533,0,6,0.0,1.0,0.0,0.0,91.66666666666666,91.66666666666666,91.66666666666666,0.12631029976219854,0.0379078613269817,0.4386160474550446,0.13734282624889627
NC_000907.1,NC_010473.1,40000,1,SAGE-GI/no-refine,6,8,6,100.0,83.39124391938847,100.0,90.94353921940129,97.37583672653749,0.8992821599701052,240000,47800,1533733,0,6,3250.0,0.8547359769878775,-3450.0,3150.0,0.0,0.0,91.66666666666666,0.12631029976219854,0.0379078613269817,0.4386160474550446,0.13734282624889627
NC_000907.1,NC_010473.1,80000,0,Comp-only,6,6,6,100.0,97.56332931242461,84.25,90.4192286193404,95.84289943454701,0.8816814769410497,404400,10100,1571433,75600,6,5850.0,0.757032208588957,-1950.0,-5850.0,0.0,16.666666666666664,41.66666666666667,0.12631029976219854,0.0379078613269817,0.4386160474550446,0.13734282624889627
NC_000907.1,NC_010473.1,80000,0,DNABERT-2-only,6,6,6,100.0,94.08450704225352,69.58333333333333,80.0,91.89923227035415,0.764057296560941,334000,21000,1560533,146000,6,13500.0,0.6910640495867768,1000.0,-5500.0,16.666666666666664,33.33333333333333,41.66666666666667,0.12631029976219854,0.0379078613269817,0.4386160474550446,0.13734282624889627
NC_000907.1,NC_010473.1,80000,0,DNABERT-S-only,6,6,6,100.0,100.0,96.875,98.4126984126984,99.27238613206774,0.9796163771536495,465000,0,1581533,15000,6,0.0,0.9938271604938271,0.0,0.0,91.66666666666666,91.66666666666666,91.66666666666666,0.12631029976219854,0.0379078613269817,0.4386160474550446,0.13734282624889627
NC_000907.1,NC_010473.1,80000,0,SAGE-GI,6,6,6,100.0,100.0,96.875,98.4126984126984,99.27238613206774,0.9796163771536495,465000,0,1581533,15000,6,0.0,0.9938271604938271,0.0,0.0,91.66666666666666,91.66666666666666,91.66666666666666,0.12631029976219854,0.0379078613269817,0.4386160474550446,0.13734282624889627
NC_000907.1,NC_010473.1,80000,0,SAGE-GI/no-refine,6,6,6,100.0,100.0,91.95833333333333,95.81072281311049,98.1276069798543,0.9474566335119654,441400,0,1581533,38600,6,800.0,0.9282350216182829,1000.0,-150.0,58.333333333333336,66.66666666666666,75.0,0.12631029976219854,0.0379078613269817,0.4386160474550446,0.13734282624889627
NC_000907.1,NC_010473.1,80000,1,Comp-only,6,6,6,100.0,100.0,89.1875,94.2847703997357,97.48245601695437,0.9292668863337131,428100,0,1581533,51900,6,5950.0,0.874358574301366,-3200.0,-6750.0,0.0,8.333333333333332,33.33333333333333,0.12631029976219854,0.0379078613269817,0.4386160474550446,0.13734282624889627
NC_000907.1,NC_010473.1,80000,1,DNABERT-2-only,6,4,3,50.0,76.99530516431925,34.166666666666664,47.33044733044732,82.29472921364828,0.4313952184362772,164000,49000,1532533,316000,3,8500.0,0.525,0.0,6000.0,16.666666666666664,16.666666666666664,16.666666666666664,0.12631029976219854,0.0379078613269817,0.4386160474550446,0.13734282624889627
NC_000907.1,NC_010473.1,80000,1,DNABERT-S-only,6,6,6,100.0,100.0,100.0,100.0,100.0,1.0,480000,0,1581533,0,6,0.0,1.0,0.0,0.0,91.66666666666666,91.66666666666666,91.66666666666666,0.12631029976219854,0.0379078613269817,0.4386160474550446,0.13734282624889627
NC_000907.1,NC_010473.1,80000,1,SAGE-GI,6,6,6,100.0,100.0,100.0,100.0,100.0,1.0,480000,0,1581533,0,6,0.0,1.0,0.0,0.0,91.66666666666666,91.66666666666666,91.66666666666666,0.12631029976219854,0.0379078613269817,0.4386160474550446,0.13734282624889627
NC_000907.1,NC_010473.1,80000,1,SAGE-GI/no-refine,6,6,6,100.0,100.0,95.79166666666666,97.85060651202383,99.02014665785121,0.9725410292445592,459800,0,1581533,20200,6,1300.0,0.96625,1000.0,-1600.0,41.66666666666667,83.33333333333334,91.66666666666666,0.12631029976219854,0.0379078613269817,0.4386160474550446,0.13734282624889627
NC_000907.1,NC_008563.1,5000,0,Comp-only,6,5,2,33.33333333333333,11.389521640091116,33.33333333333333,16.97792869269949,93.93124434932453,0.16921205060358252,10000,77800,1503733,20000,2,9650.0,0.1754207963089542,-9650.0,18200.0,0.0,0.0,25.0,0.12398279294247794,0.03739336647789457,0.43317249487878773,0.13349628712750172
NC_000907.1,NC_008563.1,5000,0,DNABERT-2-only,6,3,1,16.666666666666664,7.042253521126761,16.666666666666664,9.900990099009901,94.35320281992364,0.08228472421259433,5000,66000,1515533,25000,1,18500.0,0.11904761904761904,-1000.0,36000.0,50.0,50.0,50.0,0.12398279294247794,0.03739336647789457,0.43317249487878773,0.13349628712750172
NC_000907.1,NC_008563.1,5000,0,DNABERT-S-only,6,1,1,16.666666666666664,21.73913043478261,16.666666666666664,18.867924528301884,97.33173320062326,0.1769571339026905,5000,18000,1563533,25000,1,19500.0,0.11363636363636363,-1000.0,38000.0,50.0,50.0,50.0,0.12398279294247794,0.03739336647789457,0.43317249487878773,0.13349628712750172
NC_000907.1,NC_008563.1,5000,0,SAGE-GI,6,2,1,16.666666666666664,8.064516129032258,16.666666666666664,10.869565217391303,94.91167726630482,0.0917977595291514,5000,57000,1524533,25000,1,19500.0,0.11363636363636363,-1000.0,38000.0,50.0,50.0,50.0,0.12398279294247794,0.03739336647789457,0.43317249487878773,0.13349628712750172
NC_000907.1,NC_008563.1,5000,0,SAGE-GI/no-refine,6,3,1,16.666666666666664,7.189072609633357,16.666666666666664,10.04520341536916,94.44317925850727,0.08370876904639223,5000,64550,1516983,25000,1,20900.0,0.10683760683760683,-3150.0,38650.0,0.0,0.0,50.0,0.12398279294247794,0.03739336647789457,0.43317249487878773,0.13349628712750172
NC_000907.1,NC_008563.1,5000,1,Comp-only,6,6,2,33.33333333333333,7.451701931922723,27.0,11.679884643114637,92.39854225758951,0.11122950960111104,8100,100600,1480933,21900,2,9900.0,0.16538978494623657,-11000.0,7450.0,0.0,25.0,50.0,0.12398279294247794,0.03739336647789457,0.43317249487878773,0.13349628712750172
NC_000907.1,NC_008563.1,5000,1,DNABERT-2-only,6,3,1,16.666666666666664,6.25,16.666666666666664,9.090909090909092,93.79472837354245,0.07420433870323768,5000,75000,1506533,25000,1,5000.0,0.3333333333333333,-10000.0,0.0,50.0,50.0,50.0,0.12398279294247794,0.03739336647789457,0.43317249487878773,0.13349628712750172
NC_000907.1,NC_008563.1,5000,1,DNABERT-S-only,6,2,1,16.666666666666664,10.416666666666668,16.666666666666664,12.820512820512823,95.78041529400888,0.11089982921834776,5000,43000,1538533,25000,1,5000.0,0.3333333333333333,-10000.0,0.0,50.0,50.0,50.0,0.12398279294247794,0.03739336647789457,0.43317249487878773,0.13349628712750172
NC_000907.1,NC_008563.1,5000,1,SAGE-GI,6,4,2,33.33333333333333,13.157894736842104,33.33333333333333,18.867924528301884,94.66346640124651,0.185931679660691,10000,66000,1515533,20000,2,3000.0,0.3939393939393939,-8000.0,0.0,50.0,50.0,50.0,0.12398279294247794,0.03739336647789457,0.43317249487878773,0.13349628712750172
NC_000907.1,NC_008563.1,5000,1,SAGE-GI/no-refine,6,5,2,33.33333333333333,6.706948640483383,18.5,9.844789356984478,93.69234139170591,0.08340214424375803,5550,77200,1504333,24450,2,8000.0,0.12822345705653865,-4400.0,7850.0,0.0,0.0,50.0,0.12398279294247794,0.03739336647789457,0.43317249487878773,0.13349628712750172
NC_000907.1,NC_008563.1,10000,0,Comp-only,6,6,3,50.0,25.13812154696133,45.5,32.384341637010685,93.05527211454171,0.304707504449238,27300,81300,1500233,32700,3,5850.0,0.3875968992248062,-8400.0,3300.0,0.0,0.0,50.0,0.12398279294247794,0.03739336647789457,0.43317249487878773,0.13349628712750172
NC_000907.1,NC_008563.1,10000,0,DNABERT-2-only,6,4,3,50.0,38.961038961038966,50.0,43.79562043795621,95.30926274403257,0.4173836022080182,30000,47000,1534533,30000,3,500.0,0.6666666666666666,0.0,5000.0,66.66666666666666,66.66666666666666,83.33333333333334,0.12398279294247794,0.03739336647789457,0.43317249487878773,0.13349628712750172
NC_000907.1,NC_008563.1,10000,0,DNABERT-S-only,6,2,2,33.33333333333333,51.28205128205128,33.33333333333333,40.4040404040404,96.40579872594702,0.3959280551740148,20000,19000,1562533,40000,2,1500.0,0.48665620094191525,-500.0,20500.0,50.0,75.0,75.0,0.12398279294247794,0.03739336647789457,0.43317249487878773,0.13349628712750172
NC_000907.1,NC_008563.1,10000,0,SAGE-GI,6,4,3,50.0,50.847457627118644,50.0,50.42016806722689,96.40579872594702,0.48557461293149046,30000,29000,1552533,30000,3,500.0,0.7692307692307693,0.0,2000.0,66.66666666666666,83.33333333333334,83.33333333333334,0.12398279294247794,0.03739336647789457,0.43317249487878773,0.13349628712750172
NC_000907.1,NC_008563.1,10000,0,SAGE-GI/no-refine,6,5,3,50.0,33.09431880860452,50.0,39.827414537006305,94.47772295774742,0.3792758910500169,30000,60650,1520883,30000,3,6200.0,0.44642857142857145,-3950.0,7250.0,0.0,0.0,33.33333333333333,0.12398279294247794,0.03739336647789457,0.43317249487878773,0.13349628712750172
NC_000907.1,NC_008563.1,10000,1,Comp-only,6,7,3,50.0,15.301902398676592,30.833333333333336,20.453289110005528,91.23380401125047,0.17500150036939882,18500,102400,1479133,41500,3,10500.0,0.2695035460992908,-18200.0,-2400.0,0.0,16.666666666666664,16.666666666666664,0.12398279294247794,0.03739336647789457,0.43317249487878773,0.13349628712750172
NC_000907.1,NC_008563.1,10000,1,DNABERT-2-only,6,4,2,33.33333333333333,24.691358024691358,33.33333333333333,28.368794326241137,93.8472147681466,0.2553929895935084,20000,61000,1520533,40000,2,0.0,0.75,-5000.0,0.0,75.0,75.0,75.0,0.12398279294247794,0.03739336647789457,0.43317249487878773,0.13349628712750172
NC_000907.1,NC_008563.1,10000,1,DNABERT-S-only,6,3,2,33.33333333333333,34.48275862068966,33.33333333333333,33.898305084745765,95.24834407837065,0.31439494984459415,20000,38000,1543533,40000,2,0.0,0.75,-5000.0,0.0,75.0,75.0,75.0,0.12398279294247794,0.03739336647789457,0.43317249487878773,0.13349628712750172
NC_000907.1,NC_008563.1,10000,1,SAGE-GI,6,5,4,66.66666666666666,57.14285714285714,66.66666666666666,61.53846153846153,96.95406671690426,0.6015564067076152,40000,30000,1551533,20000,4,0.0,0.9545454545454546,0.0,0.0,87.5,87.5,87.5,0.12398279294247794,0.03739336647789457,0.43317249487878773,0.13349628712750172
NC_000907.1,NC_008563.1,10000,1,SAGE-GI/no-refine,6,7,4,66.66666666666666,27.000964320154292,46.666666666666664,34.20891875381796,93.43905970821179,0.3230570626034988,28000,75700,1505833,32000,4,8200.0,0.30991452666406794,-10700.0,-700.0,0.0,0.0,25.0,0.12398279294247794,0.03739336647789457,0.43317249487878773,0.13349628712750172
NC_000907.1,NC_008563.1,20000,0,Comp-only,6,8,6,100.0,66.70687575392039,92.16666666666666,77.39678096571028,96.20342361858395,0.7655747435051244,110600,55200,1526333,9400,6,6300.0,0.6282524583984657,-7100.0,100.0,0.0,33.33333333333333,33.33333333333333,0.12398279294247794,0.03739336647789457,0.43317249487878773,0.13349628712750172
NC_000907.1,NC_008563.1,20000,0,DNABERT-2-only,6,6,6,100.0,87.5,93.33333333333333,90.32258064516128,98.5895072267185,0.8961700564952542,112000,16000,1565533,8000,6,500.0,0.88,0.0,0.0,75.0,75.0,83.33333333333334,0.12398279294247794,0.03739336647789457,0.43317249487878773,0.13349628712750172
NC_000907.1,NC_008563.1,20000,0,DNABERT-S-only,6,6,6,100.0,86.23188405797102,99.16666666666667,92.24806201550388,98.82458935559875,0.9187745539834647,119000,19000,1562533,1000,6,0.0,0.9511904761904761,0.0,500.0,83.33333333333334,91.66666666666666,91.66666666666666,0.12398279294247794,0.03739336647789457,0.43317249487878773,0.13349628712750172
NC_000907.1,NC_008563.1,20000,0,SAGE-GI,6,6,6,100.0,86.23188405797102,99.16666666666667,92.24806201550388,98.82458935559875,0.9187745539834647,119000,19000,1562533,1000,6,0.0,0.9511904761904761,0.0,500.0,83.33333333333334,91.66666666666666,91.66666666666666,0.12398279294247794,0.03739336647789457,0.43317249487878773,0.13349628712750172
NC_000907.1,NC_008563.1,20000,0,SAGE-GI/no-refine,6,7,6,100.0,75.63819728963126,100.0,86.12955320294276,97.72851892969457,0.8590094718716497,120000,38650,1542883,0,6,3750.0,0.7086061153334838,-3600.0,4200.0,0.0,8.333333333333332,83.33333333333334,0.12398279294247794,0.03739336647789457,0.43317249487878773,0.13349628712750172
NC_000907.1,NC_008563.1,20000,1,Comp-only,6,10,6,100.0,53.42465753424658,87.75,66.41438032166509,93.74093831856331,0.6555791784813706,105300,91800,1489733,14700,6,6950.0,0.5133194087403599,-9850.0,-2500.0,0.0,16.666666666666664,41.66666666666667,0.12398279294247794,0.03739336647789457,0.43317249487878773,0.13349628712750172
NC_000907.1,NC_008563.1,20000,1,DNABERT-2-only,6,7,6,100.0,71.61290322580646,92.5,80.72727272727273,96.88516179233667,0.7982949001550437,111000,44000,1537533,9000,6,0.0,0.925,0.0,0.0,75.0,83.33333333333334,83.33333333333334,0.12398279294247794,0.03739336647789457,0.43317249487878773,0.13349628712750172
NC_000907.1,NC_008563.1,20000,1,DNABERT-S-only,6,7,6,100.0,76.12903225806451,98.33333333333333,85.81818181818181,97.70794924341756,0.8541371901187796,118000,37000,1544533,2000,6,0.0,0.975,0.0,0.0,91.66666666666666,91.66666666666666,91.66666666666666,0.12398279294247794,0.03739336647789457,0.43317249487878773,0.13349628712750172
NC_000907.1,NC_008563.1,20000,1,SAGE-GI,6,7,6,100.0,76.12903225806451,98.33333333333333,85.81818181818181,97.70794924341756,0.8541371901187796,118000,37000,1544533,2000,6,0.0,0.975,0.0,0.0,91.66666666666666,91.66666666666666,91.66666666666666,0.12398279294247794,0.03739336647789457,0.43317249487878773,0.13349628712750172
NC_000907.1,NC_008563.1,20000,1,SAGE-GI/no-refine,6,8,6,100.0,69.32409012131716,100.0,81.88331627430911,96.87928473911467,0.8185140957937777,120000,53100,1528433,0,6,3950.0,0.6661060458528814,-5000.0,3850.0,0.0,8.333333333333332,66.66666666666666,0.12398279294247794,0.03739336647789457,0.43317249487878773,0.13349628712750172
NC_000907.1,NC_008563.1,40000,0,Comp-only,6,7,6,100.0,87.8533231474408,95.83333333333334,91.66998804304505,97.7052296060516,0.9045704215915246,230000,31800,1549733,10000,6,4950.0,0.8065177546562003,-5650.0,-1250.0,8.333333333333332,25.0,50.0,0.12398279294247794,0.03739336647789457,0.43317249487878773,0.13349628712750172
NC_000907.1,NC_008563.1,40000,0,DNABERT-2-only,6,7,6,100.0,85.71428571428571,97.5,91.22807017543859,97.52955340364407,0.900497222694731,234000,39000,1542533,6000,6,1000.0,0.9267857142857143,500.0,1000.0,66.66666666666666,83.33333333333334,83.33333333333334,0.12398279294247794,0.03739336647789457,0.43317249487878773,0.13349628712750172
NC_000907.1,NC_008563.1,40000,0,DNABERT-S-only,6,6,6,100.0,92.66409266409266,100.0,96.19238476953909,98.95692254820527,0.9568221242500078,240000,19000,1562533,0,6,0.0,0.9878048780487805,0.0,500.0,83.33333333333334,83.33333333333334,91.66666666666666,0.12398279294247794,0.03739336647789457,0.43317249487878773,0.13349628712750172
NC_000907.1,NC_008563.1,40000,0,SAGE-GI,6,6,6,100.0,92.66409266409266,100.0,96.19238476953909,98.95692254820527,0.9568221242500078,240000,19000,1562533,0,6,0.0,0.9878048780487805,0.0,500.0,83.33333333333334,83.33333333333334,91.66666666666666,0.12398279294247794,0.03739336647789457,0.43317249487878773,0.13349628712750172
NC_000907.1,NC_008563.1,40000,0,SAGE-GI/no-refine,6,7,6,100.0,89.16960802526472,100.0,94.27477167828734,98.39969959369388,0.9355537388738812,240000,29150,1552383,0,6,3500.0,0.8438856125514632,-3200.0,3850.0,0.0,8.333333333333332,83.33333333333334,0.12398279294247794,0.03739336647789457,0.43317249487878773,0.13349628712750172
NC_000907.1,NC_008563.1,40000,1,Comp-only,6,8,6,100.0,84.39984854221886,92.875,88.43483435826225,96.79939918738776,0.8671594903648079,222900,41200,1540333,17100,6,5000.0,0.7755195813471315,-7100.0,-3350.0,8.333333333333332,8.333333333333332,50.0,0.12398279294247794,0.03739336647789457,0.43317249487878773,0.13349628712750172
NC_000907.1,NC_008563.1,40000,1,DNABERT-2-only,6,8,6,100.0,77.63157894736842,98.33333333333333,86.76470588235294,96.04728544583052,0.8529477858441755,236000,68000,1513533,4000,6,1000.0,0.963109756097561,0.0,0.0,83.33333333333334,83.33333333333334,83.33333333333334,0.12398279294247794,0.03739336647789457,0.43317249487878773,0.13349628712750172
NC_000907.1,NC_008563.1,40000,1,DNABERT-S-only,6,7,6,100.0,84.50704225352112,100.0,91.6030534351145,97.58445221689642,0.9063992648139234,240000,44000,1537533,0,6,0.0,1.0,0.0,0.0,91.66666666666666,91.66666666666666,91.66666666666666,0.12398279294247794,0.03739336647789457,0.43317249487878773,0.13349628712750172
NC_000907.1,NC_008563.1,40000,1,SAGE-GI,6,7,6,100.0,84.50704225352112,100.0,91.6030534351145,97.58445221689642,0.9063992648139234,240000,44000,1537533,0,6,0.0,1.0,0.0,0.0,91.66666666666666,91.66666666666666,91.66666666666666,0.12398279294247794,0.03739336647789457,0.43317249487878773,0.13349628712750172
NC_000907.1,NC_008563.1,40000,1,SAGE-GI/no-refine,6,8,6,100.0,83.30440819160015,100.0,90.89187653853436,97.35936708256177,0.8987259156416556,240000,48100,1533433,0,6,3450.0,0.855615951975695,-3500.0,3350.0,0.0,0.0,91.66666666666666,0.12398279294247794,0.03739336647789457,0.43317249487878773,0.13349628712750172
NC_000907.1,NC_008563.1,80000,0,Comp-only,6,6,6,100.0,100.0,89.85416666666667,94.65598595413147,97.63768030877992,0.9336484906671649,431300,0,1581533,48700,6,5650.0,0.8713823668954026,-2200.0,-7100.0,0.0,25.0,41.66666666666667,0.12398279294247794,0.03739336647789457,0.43317249487878773,0.13349628712750172
NC_000907.1,NC_008563.1,80000,0,DNABERT-2-only,6,6,5,83.33333333333334,89.70588235294117,38.125,53.50877192982456,84.57458599983605,0.5208238532380729,183000,21000,1560533,297000,5,29000.0,0.375,23000.0,0.0,10.0,10.0,10.0,0.12398279294247794,0.03739336647789457,0.43317249487878773,0.13349628712750172
NC_000907.1,NC_008563.1,80000,0,DNABERT-S-only,6,6,6,100.0,100.0,99.79166666666667,99.89572471324296,99.95149240880453,0.9986421204646916,479000,0,1581533,1000,6,0.0,0.9938271604938271,0.0,0.0,91.66666666666666,91.66666666666666,100.0,0.12398279294247794,0.03739336647789457,0.43317249487878773,0.13349628712750172
NC_000907.1,NC_008563.1,80000,0,SAGE-GI,6,6,6,100.0,100.0,99.79166666666667,99.89572471324296,99.95149240880453,0.9986421204646916,479000,0,1581533,1000,6,0.0,0.9938271604938271,0.0,0.0,91.66666666666666,91.66666666666666,100.0,0.12398279294247794,0.03739336647789457,0.43317249487878773,0.13349628712750172
NC_000907.1,NC_008563.1,80000,0,SAGE-GI/no-refine,6,6,6,100.0,100.0,94.5,97.17223650385604,98.71939959243922,0.964097727486537,453600,0,1581533,26400,6,1100.0,0.96625,1100.0,-1050.0,41.66666666666667,83.33333333333334,91.66666666666666,0.12398279294247794,0.03739336647789457,0.43317249487878773,0.13349628712750172
NC_000907.1,NC_008563.1,80000,1,Comp-only,6,6,6,100.0,100.0,89.20833333333333,94.29641048227263,97.48730677607392,0.9294038636917822,428200,0,1581533,51800,6,4600.0,0.8810582068050855,-2800.0,-7000.0,16.666666666666664,25.0,50.0,0.12398279294247794,0.03739336647789457,0.43317249487878773,0.13349628712750172
NC_000907.1,NC_008563.1,80000,1,DNABERT-2-only,6,5,4,66.66666666666666,78.28054298642535,36.041666666666664,49.35805991440799,82.77980512560313,0.45091333608954226,173000,48000,1533533,307000,4,14500.0,0.59375,22000.0,-6500.0,12.5,37.5,37.5,0.12398279294247794,0.03739336647789457,0.43317249487878773,0.13349628712750172
NC_000907.1,NC_008563.1,80000,1,DNABERT-S-only,6,6,6,100.0,100.0,99.79166666666667,99.89572471324296,99.95149240880453,0.9986421204646916,479000,0,1581533,1000,6,0.0,1.0,0.0,0.0,91.66666666666666,91.66666666666666,91.66666666666666,0.12398279294247794,0.03739336647789457,0.43317249487878773,0.13349628712750172
NC_000907.1,NC_008563.1,80000,1,SAGE-GI,6,6,6,100.0,100.0,100.0,100.0,100.0,1.0,480000,0,1581533,0,6,0.0,1.0,0.0,0.0,91.66666666666666,91.66666666666666,91.66666666666666,0.12398279294247794,0.03739336647789457,0.43317249487878773,0.13349628712750172
NC_000907.1,NC_008563.1,80000,1,SAGE-GI/no-refine,6,6,6,100.0,100.0,91.4375,95.52726085537054,98.0063380018656,0.9440416359324431,438900,0,1581533,41100,6,1850.0,0.9450000000000001,1650.0,-2250.0,8.333333333333332,66.66666666666666,83.33333333333334,0.12398279294247794,0.03739336647789457,0.43317249487878773,0.13349628712750172
NC_000907.1,NC_002655.2,5000,0,Comp-only,6,5,2,33.33333333333333,11.46788990825688,33.33333333333333,17.064846416382252,93.96847597908327,0.1699864441716775,10000,77200,1504333,20000,2,9700.0,0.17497603068072864,-9700.0,18150.0,0.0,0.0,25.0,0.12293283261828447,0.03706688751398423,0.4306900685269784,0.131087728229501
NC_000907.1,NC_002655.2,5000,0,DNABERT-2-only,6,2,1,16.666666666666664,9.615384615384617,16.666666666666664,12.19512195121951,95.53220442895058,0.1047511028149021,5000,47000,1534533,25000,1,18500.0,0.11904761904761904,-1000.0,36000.0,50.0,50.0,50.0,0.12293283261828447,0.03706688751398423,0.4306900685269784,0.131087728229501
NC_000907.1,NC_002655.2,5000,0,DNABERT-S-only,6,1,1,16.666666666666664,20.833333333333336,16.666666666666664,18.51851851851852,97.26968048435867,0.17258026122251902,5000,19000,1562533,25000,1,20000.0,0.1111111111111111,-1000.0,39000.0,50.0,50.0,50.0,0.12293283261828447,0.03706688751398423,0.4306900685269784,0.131087728229501
NC_000907.1,NC_002655.2,5000,0,SAGE-GI,6,2,1,16.666666666666664,7.936507936507936,16.666666666666664,10.75268817204301,94.84962455004025,0.09065473925859152,5000,58000,1523533,25000,1,20000.0,0.1111111111111111,-1000.0,39000.0,50.0,50.0,50.0,0.12293283261828447,0.03706688751398423,0.4306900685269784,0.131087728229501
NC_000907.1,NC_002655.2,5000,0,SAGE-GI/no-refine,6,3,1,16.666666666666664,7.137758743754461,16.666666666666664,9.995002498750626,94.41215290037498,0.08321344925111071,5000,65050,1516483,25000,1,21250.0,0.10526315789473684,-3850.0,38650.0,0.0,0.0,50.0,0.12293283261828447,0.03706688751398423,0.4306900685269784,0.131087728229501
NC_000907.1,NC_002655.2,5000,1,Comp-only,6,6,1,16.666666666666664,4.659832246039143,16.666666666666664,7.283321194464676,92.10068921951955,0.05529277438033153,5000,102300,1479233,25000,1,9850.0,0.20242914979757085,-3100.0,16600.0,0.0,0.0,50.0,0.12293283261828447,0.03706688751398423,0.4306900685269784,0.131087728229501
NC_000907.1,NC_002655.2,5000,1,DNABERT-2-only,6,3,1,16.666666666666664,7.6923076923076925,16.666666666666664,10.526315789473683,94.7255191175111,0.0884380540182459,5000,60000,1521533,25000,1,5000.0,0.3333333333333333,-10000.0,0.0,50.0,50.0,50.0,0.12293283261828447,0.03706688751398423,0.4306900685269784,0.131087728229501
NC_000907.1,NC_002655.2,5000,1,DNABERT-S-only,6,2,1,16.666666666666664,10.416666666666668,16.666666666666664,12.820512820512823,95.78041529400888,0.11089982921834776,5000,43000,1538533,25000,1,5000.0,0.3333333333333333,-10000.0,0.0,50.0,50.0,50.0,0.12293283261828447,0.03706688751398423,0.4306900685269784,0.131087728229501
NC_000907.1,NC_002655.2,5000,1,SAGE-GI,6,4,2,33.33333333333333,13.333333333333334,33.33333333333333,19.047619047619044,94.7255191175111,0.18751191805084527,10000,65000,1516533,20000,2,3000.0,0.3939393939393939,-8000.0,0.0,50.0,50.0,50.0,0.12293283261828447,0.03706688751398423,0.4306900685269784,0.131087728229501
NC_000907.1,NC_002655.2,5000,1,SAGE-GI/no-refine,6,5,2,33.33333333333333,6.960142772159429,19.5,10.258658483121438,93.6489044903207,0.08848461317868005,5850,78200,1503333,24150,2,8350.0,0.13582366707366708,-4550.0,8350.0,0.0,0.0,50.0,0.12293283261828447,0.03706688751398423,0.4306900685269784,0.131087728229501
NC_000907.1,NC_002655.2,10000,0,Comp-only,6,6,3,50.0,24.837812789620017,44.666666666666664,31.923764145324597,93.03699651484314,0.299409814626198,26800,81100,1500433,33200,3,5600.0,0.37777777777777777,-8000.0,500.0,16.666666666666664,16.666666666666664,50.0,0.12293283261828447,0.03706688751398423,0.4306900685269784,0.131087728229501
NC_000907.1,NC_002655.2,10000,0,DNABERT-2-only,6,3,2,33.33333333333333,29.411764705882355,33.33333333333333,31.25,94.63915742175149,0.28532556140899534,20000,48000,1533533,40000,2,3500.0,0.4166666666666667,-500.0,21500.0,50.0,50.0,50.0,0.12293283261828447,0.03706688751398423,0.4306900685269784,0.131087728229501
NC_000907.1,NC_002655.2,10000,0,DNABERT-S-only,6,2,2,33.33333333333333,50.0,31.666666666666664,38.775510204081634,96.3448800602851,0.38018018125931763,19000,19000,1562533,41000,2,3000.0,0.40433673469387754,0.0,22000.0,50.0,50.0,75.0,0.12293283261828447,0.03706688751398423,0.4306900685269784,0.131087728229501
NC_000907.1,NC_002655.2,10000,0,SAGE-GI,6,3,2,33.33333333333333,24.675324675324674,31.666666666666664,27.73722627737226,93.96905209947043,0.24849909065955322,19000,58000,1523533,41000,2,3000.0,0.40433673469387754,0.0,22000.0,50.0,50.0,75.0,0.12293283261828447,0.03706688751398423,0.4306900685269784,0.131087728229501
NC_000907.1,NC_002655.2,10000,0,SAGE-GI/no-refine,6,5,3,50.0,32.414910858995135,50.0,39.33136676499508,94.36197749298978,0.37461526807219847,30000,62550,1518983,30000,3,6150.0,0.4484304932735426,-3850.0,7250.0,0.0,0.0,33.33333333333333,0.12293283261828447,0.03706688751398423,0.4306900685269784,0.131087728229501
NC_000907.1,NC_002655.2,10000,1,Comp-only,6,7,2,33.33333333333333,13.350340136054422,26.166666666666664,17.68018018018018,91.09369108022806,0.14352027728032202,15700,101900,1479633,44300,2,9150.0,0.276678445229682,-12500.0,3750.0,0.0,0.0,25.0,0.12293283261828447,0.03706688751398423,0.4306900685269784,0.131087728229501
NC_000907.1,NC_002655.2,10000,1,DNABERT-2-only,6,2,1,16.666666666666664,21.052631578947366,13.333333333333334,16.3265306122449,95.00466941572299,0.14271671692451895,8000,30000,1551533,52000,1,6000.0,0.4,-10000.0,-2000.0,0.0,50.0,50.0,0.12293283261828447,0.03706688751398423,0.4306900685269784,0.131087728229501
NC_000907.1,NC_002655.2,10000,1,DNABERT-S-only,6,4,3,50.0,33.998465080583266,36.916666666666664,35.39752297243307,95.07472588123419,0.32871888806729843,22150,43000,1538533,37850,3,3925.0,0.5,0.0,0.0,50.0,50.0,50.0,0.12293283261828447,0.03706688751398423,0.4306900685269784,0.131087728229501
NC_000907.1,NC_002655.2,10000,1,SAGE-GI,6,6,4,66.66666666666666,48.721071863581,66.66666666666666,56.298381421534124,96.2169508623951,0.5510254158383341,40000,42100,1539433,20000,4,0.0,0.9545454545454546,0.0,0.0,87.5,87.5,87.5,0.12293283261828447,0.03706688751398423,0.4306900685269784,0.131087728229501
NC_000907.1,NC_002655.2,10000,1,SAGE-GI/no-refine,6,7,4,66.66666666666666,29.1044776119403,45.5,35.50065019505852,93.95686836633806,0.33386053648249536,27300,66500,1515033,32700,4,9000.0,0.30797584648440396,-11000.0,-950.0,0.0,0.0,25.0,0.12293283261828447,0.03706688751398423,0.4306900685269784,0.131087728229501
NC_000907.1,NC_002655.2,20000,0,Comp-only,6,9,6,100.0,62.52063841496973,94.66666666666667,75.30659595624792,95.62159534960533,0.7490900463147512,113600,68100,1513433,6400,6,6200.0,0.6350806451612903,-7800.0,-200.0,0.0,41.66666666666667,41.66666666666667,0.12293283261828447,0.03706688751398423,0.4306900685269784,0.131087728229501
NC_000907.1,NC_002655.2,20000,0,DNABERT-2-only,6,6,6,100.0,87.4074074074074,98.33333333333333,92.54901960784314,98.88335988781881,0.9213408660665129,118000,17000,1564533,2000,6,0.0,1.0,0.0,0.0,75.0,83.33333333333334,83.33333333333334,0.12293283261828447,0.03706688751398423,0.4306900685269784,0.131087728229501
NC_000907.1,NC_002655.2,20000,0,DNABERT-S-only,6,6,6,100.0,86.33093525179856,100.0,92.66409266409266,98.88335988781881,0.9235463428223373,120000,19000,1562533,0,6,0.0,0.9761904761904762,0.0,500.0,83.33333333333334,83.33333333333334,91.66666666666666,0.12293283261828447,0.03706688751398423,0.4306900685269784,0.131087728229501
NC_000907.1,NC_002655.2,20000,0,SAGE-GI,6,7,6,100.0,80.53691275167785,100.0,89.21933085501858,98.29565456561818,0.8891576712848331,120000,29000,1552533,0,6,0.0,0.9761904761904762,0.0,500.0,83.33333333333334,83.33333333333334,91.66666666666666,0.12293283261828447,0.03706688751398423,0.4306900685269784,0.131087728229501
NC_000907.1,NC_002655.2,20000,0,SAGE-GI/no-refine,6,8,6,100.0,71.32243684992571,100.0,83.26105810928014,97.16432182038197,0.8315437768603776,120000,48250,1533283,0,6,4050.0,0.6539369784264908,-3850.0,6150.0,0.0,0.0,66.66666666666666,0.12293283261828447,0.03706688751398423,0.4306900685269784,0.131087728229501
NC_000907.1,NC_002655.2,20000,1,Comp-only,6,9,6,100.0,58.60702151755379,86.25,69.79096426163183,94.73416031308238,0.6852478116478654,103500,73100,1508433,16500,6,4900.0,0.5178188735582364,-10000.0,-3250.0,0.0,8.333333333333332,50.0,0.12293283261828447,0.03706688751398423,0.4306900685269784,0.131087728229501
NC_000907.1,NC_002655.2,20000,1,DNABERT-2-only,6,7,6,100.0,71.42857142857143,87.5,78.65168539325842,96.65007966345642,0.7732038941300318,105000,42000,1539533,15000,6,1000.0,0.8,500.0,-500.0,58.333333333333336,66.66666666666666,91.66666666666666,0.12293283261828447,0.03706688751398423,0.4306900685269784,0.131087728229501
NC_000907.1,NC_002655.2,20000,1,DNABERT-S-only,6,7,6,100.0,75.64102564102564,98.33333333333333,85.50724637681158,97.6491787111975,0.8511095789920005,118000,38000,1543533,2000,6,0.0,1.0,0.0,0.0,91.66666666666666,91.66666666666666,91.66666666666666,0.12293283261828447,0.03706688751398423,0.4306900685269784,0.131087728229501
NC_000907.1,NC_002655.2,20000,1,SAGE-GI,6,7,6,100.0,75.64102564102564,98.33333333333333,85.50724637681158,97.6491787111975,0.8511095789920005,118000,38000,1543533,2000,6,0.0,1.0,0.0,0.0,91.66666666666666,91.66666666666666,91.66666666666666,0.12293283261828447,0.03706688751398423,0.4306900685269784,0.131087728229501
NC_000907.1,NC_002655.2,20000,1,SAGE-GI/no-refine,6,8,6,100.0,69.164265129683,100.0,81.7717206132879,96.85577652622665,0.817463030777677,120000,53500,1528033,0,6,3650.0,0.6789701526543632,-4300.0,3250.0,0.0,25.0,75.0,0.12293283261828447,0.03706688751398423,0.4306900685269784,0.131087728229501
NC_000907.1,NC_002655.2,40000,0,Comp-only,6,7,6,100.0,91.15185332801913,95.29166666666666,93.17579955184354,98.16088975604615,0.9214398441616939,228700,22200,1559333,11300,6,5550.0,0.7971660287953344,-6450.0,-1550.0,0.0,25.0,41.66666666666667,0.12293283261828447,0.03706688751398423,0.4306900685269784,0.131087728229501
NC_000907.1,NC_002655.2,40000,0,DNABERT-2-only,6,7,6,100.0,86.76470588235294,98.33333333333333,92.18749999999999,97.80404746990584,0.9115682226489351,236000,36000,1545533,4000,6,1000.0,0.9636904761904761,0.0,1000.0,66.66666666666666,83.33333333333334,83.33333333333334,0.12293283261828447,0.03706688751398423,0.4306900685269784,0.131087728229501
NC_000907.1,NC_002655.2,40000,0,DNABERT-S-only,6,6,6,100.0,92.63565891472868,99.58333333333333,95.98393574297188,98.90202373495292,0.9543262587700347,239000,19000,1562533,1000,6,0.0,0.9753048780487805,0.0,500.0,83.33333333333334,83.33333333333334,91.66666666666666,0.12293283261828447,0.03706688751398423,0.4306900685269784,0.131087728229501
NC_000907.1,NC_002655.2,40000,0,SAGE-GI,6,6,6,100.0,92.63565891472868,99.58333333333333,95.98393574297188,98.90202373495292,0.9543262587700347,239000,19000,1562533,1000,6,0.0,0.9753048780487805,0.0,500.0,83.33333333333334,83.33333333333334,91.66666666666666,0.12293283261828447,0.03706688751398423,0.4306900685269784,0.131087728229501
NC_000907.1,NC_002655.2,40000,0,SAGE-GI/no-refine,6,7,6,100.0,89.23591745677635,100.0,94.31181844974948,98.41067935634436,0.9359618144939771,240000,28950,1552583,0,6,3400.0,0.8483572636654791,-3350.0,3600.0,0.0,0.0,83.33333333333334,0.12293283261828447,0.03706688751398423,0.4306900685269784,0.131087728229501
NC_000907.1,NC_002655.2,40000,1,Comp-only,6,8,6,100.0,84.1336918939685,91.25,87.54747151708975,96.57980393437835,0.8566368253129117,219000,41300,1540233,21000,6,4950.0,0.7574529924114987,-7550.0,-3700.0,0.0,8.333333333333332,58.333333333333336,0.12293283261828447,0.03706688751398423,0.4306900685269784,0.131087728229501
NC_000907.1,NC_002655.2,40000,1,DNABERT-2-only,6,8,6,100.0,82.37410071942446,95.41666666666667,88.4169884169884,96.70607120485877,0.8682657983946188,229000,49000,1532533,11000,6,500.0,0.9375,0.0,-500.0,66.66666666666666,83.33333333333334,91.66666666666666,0.12293283261828447,0.03706688751398423,0.4306900685269784,0.131087728229501
NC_000907.1,NC_002655.2,40000,1,DNABERT-S-only,6,7,6,100.0,84.50704225352112,100.0,91.6030534351145,97.58445221689642,0.9063992648139234,240000,44000,1537533,0,6,0.0,1.0,0.0,0.0,91.66666666666666,91.66666666666666,91.66666666666666,0.12293283261828447,0.03706688751398423,0.4306900685269784,0.131087728229501
NC_000907.1,NC_002655.2,40000,1,SAGE-GI,6,7,6,100.0,84.50704225352112,100.0,91.6030534351145,97.58445221689642,0.9063992648139234,240000,44000,1537533,0,6,0.0,1.0,0.0,0.0,91.66666666666666,91.66666666666666,91.66666666666666,0.12293283261828447,0.03706688751398423,0.4306900685269784,0.131087728229501
NC_000907.1,NC_002655.2,40000,1,SAGE-GI/no-refine,6,8,6,100.0,85.71428571428571,100.0,92.3076923076923,97.80404746990584,0.914037237690393,240000,40000,1541533,0,6,3500.0,0.8529405078542363,-3550.0,3500.0,0.0,25.0,91.66666666666666,0.12293283261828447,0.03706688751398423,0.4306900685269784,0.131087728229501
NC_000907.1,NC_002655.2,80000,0,Comp-only,6,6,6,100.0,100.0,87.52083333333334,93.34518386845906,97.0943952873905,0.9182972230699676,420100,0,1581533,59900,6,6250.0,0.8717711909622343,-2350.0,-7750.0,0.0,16.666666666666664,41.66666666666667,0.12293283261828447,0.03706688751398423,0.4306900685269784,0.131087728229501
NC_000907.1,NC_002655.2,80000,0,DNABERT-2-only,6,5,5,83.33333333333334,92.33576642335767,52.708333333333336,67.10875331564988,87.97011738351993,0.6396697655111817,253000,21000,1560533,227000,5,12500.0,0.4375,11000.0,0.0,20.0,30.0,40.0,0.12293283261828447,0.03706688751398423,0.4306900685269784,0.131087728229501
NC_000907.1,NC_002655.2,80000,0,DNABERT-S-only,6,6,6,100.0,100.0,99.79166666666667,99.89572471324296,99.95149240880453,0.9986421204646916,479000,0,1581533,1000,6,0.0,1.0,0.0,0.0,100.0,100.0,100.0,0.12293283261828447,0.03706688751398423,0.4306900685269784,0.131087728229501
NC_000907.1,NC_002655.2,80000,0,SAGE-GI,6,6,6,100.0,100.0,90.83333333333333,95.19650655021834,97.8656659873987,0.9400779361368201,436000,0,1581533,44000,6,0.0,0.9814814814814814,500.0,0.0,83.33333333333334,83.33333333333334,83.33333333333334,0.12293283261828447,0.03706688751398423,0.4306900685269784,0.131087728229501
NC_000907.1,NC_002655.2,80000,0,SAGE-GI/no-refine,6,6,6,100.0,100.0,83.29166666666666,90.8842918845192,96.10969118612218,0.8903469659318136,399800,0,1581533,80200,6,3500.0,0.895625,3550.0,-3450.0,0.0,33.33333333333333,75.0,0.12293283261828447,0.03706688751398423,0.4306900685269784,0.131087728229501
NC_000907.1,NC_002655.2,80000,1,Comp-only,6,6,6,100.0,100.0,83.14583333333333,90.7974064384029,96.07573587228532,0.8893798765707651,399100,0,1581533,80900,6,5750.0,0.8715641912873746,-4050.0,-5750.0,0.0,0.0,41.66666666666667,0.12293283261828447,0.03706688751398423,0.4306900685269784,0.131087728229501
NC_000907.1,NC_002655.2,80000,1,DNABERT-2-only,6,7,6,100.0,100.0,95.625,97.76357827476039,98.98134058489482,0.9714520352541625,459000,0,1581533,21000,6,1000.0,0.9875,0.0,0.0,75.0,75.0,83.33333333333334,0.12293283261828447,0.03706688751398423,0.4306900685269784,0.131087728229501
NC_000907.1,NC_002655.2,80000,1,DNABERT-S-only,6,6,6,100.0,100.0,100.0,100.0,100.0,1.0,480000,0,1581533,0,6,0.0,1.0,0.0,0.0,91.66666666666666,91.66666666666666,91.66666666666666,0.12293283261828447,0.03706688751398423,0.4306900685269784,0.131087728229501
NC_000907.1,NC_002655.2,80000,1,SAGE-GI,6,6,6,100.0,100.0,98.75,99.37106918238993,99.70895445282709,0.9918506914441787,474000,0,1581533,6000,6,0.0,1.0,0.0,0.0,91.66666666666666,91.66666666666666,91.66666666666666,0.12293283261828447,0.03706688751398423,0.4306900685269784,0.131087728229501
NC_000907.1,NC_002655.2,80000,1,SAGE-GI/no-refine,6,6,6,100.0,100.0,94.17708333333333,97.00123383938629,98.64421282608622,0.9619855539044685,452050,0,1581533,27950,6,550.0,0.9888432490752157,550.0,0.0,66.66666666666666,83.33333333333334,83.33333333333334,0.12293283261828447,0.03706688751398423,0.4306900685269784,0.131087728229501
NC_000907.1,NC_004337.1,5000,0,Comp-only,6,5,2,33.33333333333333,11.750881316098708,33.33333333333333,17.37619461337967,94.09878668323887,0.17275510811680977,10000,75100,1506433,20000,2,10350.0,0.1739650509673393,-10350.0,18100.0,0.0,0.0,25.0,0.12739224933901305,0.03830924031841732,0.4447201125371779,0.14048519954515992
NC_000907.1,NC_004337.1,5000,0,DNABERT-2-only,6,2,1,16.666666666666664,9.615384615384617,16.666666666666664,12.19512195121951,95.53220442895058,0.1047511028149021,5000,47000,1534533,25000,1,18500.0,0.11904761904761904,-1000.0,36000.0,50.0,50.0,50.0,0.12739224933901305,0.03830924031841732,0.4447201125371779,0.14048519954515992
NC_000907.1,NC_004337.1,5000,0,DNABERT-S-only,6,1,1,16.666666666666664,21.73913043478261,16.666666666666664,18.867924528301884,97.33173320062326,0.1769571339026905,5000,18000,1563533,25000,1,19000.0,0.11627906976744186,0.0,38000.0,50.0,50.0,50.0,0.12739224933901305,0.03830924031841732,0.4447201125371779,0.14048519954515992
NC_000907.1,NC_004337.1,5000,0,SAGE-GI,6,2,1,16.666666666666664,8.47457627118644,16.666666666666664,11.235955056179776,95.09783541509854,0.09537690217746138,5000,54000,1527533,25000,1,19000.0,0.11627906976744186,0.0,38000.0,50.0,50.0,50.0,0.12739224933901305,0.03830924031841732,0.4447201125371779,0.14048519954515992
NC_000907.1,NC_004337.1,5000,0,SAGE-GI/no-refine,6,3,1,16.666666666666664,7.457121551081284,16.666666666666664,10.303967027305513,94.59831104916871,0.08625599337283968,5000,62050,1519483,25000,1,21250.0,0.10526315789473684,-3850.0,38650.0,0.0,0.0,50.0,0.12739224933901305,0.03830924031841732,0.4447201125371779,0.14048519954515992
NC_000907.1,NC_004337.1,5000,1,Comp-only,6,5,1,16.666666666666664,4.651162790697675,16.666666666666664,7.2727272727272725,92.08827867626664,0.05517648363517504,5000,102500,1479033,25000,1,10200.0,0.1968503937007874,-3600.0,16800.0,0.0,0.0,50.0,0.12739224933901305,0.03830924031841732,0.4447201125371779,0.14048519954515992
NC_000907.1,NC_004337.1,5000,1,DNABERT-2-only,6,4,1,16.666666666666664,5.208333333333334,16.666666666666664,7.936507936507938,92.80188491330925,0.06231833995788528,5000,91000,1490533,25000,1,5000.0,0.3333333333333333,-10000.0,0.0,50.0,50.0,50.0,0.12739224933901305,0.03830924031841732,0.4447201125371779,0.14048519954515992
NC_000907.1,NC_004337.1,5000,1,DNABERT-S-only,6,3,2,33.33333333333333,17.857142857142858,33.33333333333333,23.25581395348837,95.90452072653802,0.22453980032002044,10000,46000,1535533,20000,2,5000.0,0.25595238095238093,-16500.0,0.0,50.0,50.0,50.0,0.12739224933901305,0.03830924031841732,0.4447201125371779,0.14048519954515992
NC_000907.1,NC_004337.1,5000,1,SAGE-GI,6,4,2,33.33333333333333,12.658227848101266,33.33333333333333,18.348623853211006,94.47730825245279,0.18135809751681944,10000,69000,1512533,20000,2,3000.0,0.3939393939393939,-8000.0,0.0,50.0,50.0,50.0,0.12739224933901305,0.03830924031841732,0.4447201125371779,0.14048519954515992
NC_000907.1,NC_004337.1,5000,1,SAGE-GI/no-refine,6,5,2,33.33333333333333,6.838106370543542,19.5,10.125486802250109,93.55582541592385,0.08717677238814497,5850,79700,1501833,24150,2,8250.0,0.13660330055181505,-4550.0,8200.0,0.0,0.0,50.0,0.12739224933901305,0.03830924031841732,0.4447201125371779,0.14048519954515992
NC_000907.1,NC_004337.1,10000,0,Comp-only,6,6,3,50.0,26.17801047120419,50.0,34.36426116838488,93.01872091514456,0.32880719161511457,30000,84600,1496933,30000,3,5750.0,0.39215686274509803,-8000.0,3200.0,0.0,16.666666666666664,50.0,0.12739224933901305,0.03830924031841732,0.4447201125371779,0.14048519954515992
NC_000907.1,NC_004337.1,10000,0,DNABERT-2-only,6,4,3,50.0,38.15789473684211,48.333333333333336,42.64705882352941,95.24834407837065,0.4051021702858479,29000,47000,1534533,31000,3,1000.0,0.5625,0.0,6000.0,66.66666666666666,66.66666666666666,66.66666666666666,0.12739224933901305,0.03830924031841732,0.4447201125371779,0.14048519954515992
NC_000907.1,NC_004337.1,10000,0,DNABERT-S-only,6,2,2,33.33333333333333,51.28205128205128,33.33333333333333,40.4040404040404,96.40579872594702,0.3959280551740148,20000,19000,1562533,40000,2,1500.0,0.48665620094191525,-500.0,20500.0,50.0,75.0,75.0,0.12739224933901305,0.03830924031841732,0.4447201125371779,0.14048519954515992
NC_000907.1,NC_004337.1,10000,0,SAGE-GI,6,3,3,50.0,61.224489795918366,50.0,55.04587155963303,97.01498538256618,0.5381212707581037,30000,19000,1562533,30000,3,500.0,0.7692307692307693,0.0,2000.0,66.66666666666666,83.33333333333334,83.33333333333334,0.12739224933901305,0.03830924031841732,0.4447201125371779,0.14048519954515992
NC_000907.1,NC_004337.1,10000,0,SAGE-GI/no-refine,6,5,3,50.0,33.61344537815126,50.0,40.20100502512563,94.5630090896741,0.3827992334987479,30000,59250,1522283,30000,3,6050.0,0.45045045045045046,-3650.0,7250.0,0.0,0.0,50.0,0.12739224933901305,0.03830924031841732,0.4447201125371779,0.14048519954515992
NC_000907.1,NC_004337.1,10000,1,Comp-only,6,7,3,50.0,14.766201804757998,30.0,19.791094007696532,91.11196667992662,0.16769638695023967,18000,103900,1477633,42000,3,11000.0,0.2692307692307692,-18600.0,-2300.0,0.0,16.666666666666664,16.666666666666664,0.12739224933901305,0.03830924031841732,0.4447201125371779,0.14048519954515992
NC_000907.1,NC_004337.1,10000,1,DNABERT-2-only,6,3,1,16.666666666666664,10.714285714285714,15.0,12.5,92.32424812659873,0.08735932282080733,9000,75000,1506533,51000,1,5500.0,0.45,-10000.0,-1000.0,50.0,50.0,50.0,0.12739224933901305,0.03830924031841732,0.4447201125371779,0.14048519954515992
NC_000907.1,NC_004337.1,10000,1,DNABERT-S-only,6,3,2,33.33333333333333,30.64516129032258,31.666666666666664,31.147540983606564,94.88283208439915,0.28495081688877905,19000,43000,1538533,41000,2,500.0,0.725,-5000.0,-500.0,75.0,75.0,75.0,0.12739224933901305,0.03830924031841732,0.4447201125371779,0.14048519954515992
NC_000907.1,NC_004337.1,10000,1,SAGE-GI,6,4,3,50.0,50.0,48.333333333333336,49.15254237288135,96.3448800602851,0.47264717200345585,29000,29000,1552533,31000,3,0.0,1.0,0.0,0.0,83.33333333333334,83.33333333333334,83.33333333333334,0.12739224933901305,0.03830924031841732,0.4447201125371779,0.14048519954515992
NC_000907.1,NC_004337.1,10000,1,SAGE-GI/no-refine,6,6,3,50.0,23.701799485861184,38.416666666666664,29.31637519872814,93.22889031167817,0.2680764546665572,23050,74200,1507333,36950,3,9400.0,0.36764705882352944,-11850.0,4050.0,0.0,0.0,33.33333333333333,0.12739224933901305,0.03830924031841732,0.4447201125371779,0.14048519954515992
NC_000907.1,NC_004337.1,20000,0,Comp-only,6,9,6,100.0,60.77085533262936,95.91666666666666,74.40206851971558,95.34537384817104,0.7425549809509485,115100,74300,1507233,4900,6,5750.0,0.6844315245478036,-6600.0,550.0,8.333333333333332,33.33333333333333,41.66666666666667,0.12739224933901305,0.03830924031841732,0.4447201125371779,0.14048519954515992
NC_000907.1,NC_004337.1,20000,0,DNABERT-2-only,6,6,6,100.0,84.78260869565217,97.5,90.69767441860466,98.5895072267185,0.9019575916794695,117000,21000,1560533,3000,6,1000.0,0.9295454545454545,500.0,1000.0,75.0,83.33333333333334,83.33333333333334,0.12739224933901305,0.03830924031841732,0.4447201125371779,0.14048519954515992
NC_000907.1,NC_004337.1,20000,0,DNABERT-S-only,6,6,6,100.0,86.23188405797102,99.16666666666667,92.24806201550388,98.82458935559875,0.9187745539834647,119000,19000,1562533,1000,6,0.0,0.9761904761904762,0.0,500.0,83.33333333333334,83.33333333333334,91.66666666666666,0.12739224933901305,0.03830924031841732,0.4447201125371779,0.14048519954515992
NC_000907.1,NC_004337.1,20000,0,SAGE-GI,6,7,6,100.0,80.29689608636977,99.16666666666667,88.73974645786727,98.2251299269541,0.8836434414285633,119000,29200,1552333,1000,6,0.0,0.9761904761904762,0.0,500.0,83.33333333333334,83.33333333333334,91.66666666666666,0.12739224933901305,0.03830924031841732,0.4447201125371779,0.14048519954515992
NC_000907.1,NC_004337.1,20000,0,SAGE-GI/no-refine,6,8,6,100.0,71.06899615042937,100.0,83.08810801454042,97.12905950104994,0.8299026122460129,120000,48850,1532683,0,6,3950.0,0.6717536602684759,-3700.0,5750.0,0.0,0.0,75.0,0.12739224933901305,0.03830924031841732,0.4447201125371779,0.14048519954515992
NC_000907.1,NC_004337.1,20000,1,Comp-only,6,9,6,100.0,57.51445086705203,82.91666666666667,67.91808873720137,94.4755699713141,0.6630718846349359,99500,73500,1508033,20500,6,7150.0,0.5145502645502645,-10150.0,-3350.0,0.0,8.333333333333332,33.33333333333333,0.12739224933901305,0.03830924031841732,0.4447201125371779,0.14048519954515992
NC_000907.1,NC_004337.1,20000,1,DNABERT-2-only,6,7,6,100.0,71.7948717948718,93.33333333333333,81.15942028985509,96.94393232455674,0.8033829858685702,112000,44000,1537533,8000,6,0.0,0.9761904761904762,0.0,0.0,75.0,83.33333333333334,83.33333333333334,0.12739224933901305,0.03830924031841732,0.4447201125371779,0.14048519954515992
NC_000907.1,NC_004337.1,20000,1,DNABERT-S-only,6,7,6,100.0,75.48387096774194,97.5,85.09090909090908,97.59040817897743,0.8461597201239602,117000,38000,1543533,3000,6,0.0,1.0,0.0,0.0,83.33333333333334,83.33333333333334,91.66666666666666,0.12739224933901305,0.03830924031841732,0.4447201125371779,0.14048519954515992
NC_000907.1,NC_004337.1,20000,1,SAGE-GI,6,7,6,100.0,75.32467532467533,96.66666666666667,84.67153284671532,97.53163764675736,0.8411917328924118,116000,38000,1543533,4000,6,0.0,1.0,0.0,0.0,83.33333333333334,83.33333333333334,91.66666666666666,0.12739224933901305,0.03830924031841732,0.4447201125371779,0.14048519954515992
NC_000907.1,NC_004337.1,20000,1,SAGE-GI/no-refine,6,8,6,100.0,69.20415224913495,100.0,81.79959100204499,96.86165357944864,0.8177254689277726,120000,53400,1528133,0,6,3950.0,0.6420133538777606,-4750.0,3800.0,0.0,8.333333333333332,66.66666666666666,0.12739224933901305,0.03830924031841732,0.4447201125371779,0.14048519954515992
NC_000907.1,NC_004337.1,40000,0,Comp-only,6,7,6,100.0,88.03974016048912,96.0,91.8477177596173,97.75463853797872,0.9066262215968387,230400,31300,1550233,9600,6,4100.0,0.8226519963702359,-5800.0,-1400.0,16.666666666666664,25.0,58.333333333333336,0.12739224933901305,0.03830924031841732,0.4447201125371779,0.14048519954515992
NC_000907.1,NC_004337.1,40000,0,DNABERT-2-only,6,7,6,100.0,86.25954198473282,94.16666666666667,90.0398406374502,97.2550593373823,0.8856598040498037,226000,36000,1545533,14000,6,1500.0,0.8712737127371273,1500.0,3000.0,50.0,58.333333333333336,83.33333333333334,0.12739224933901305,0.03830924031841732,0.4447201125371779,0.14048519954515992
NC_000907.1,NC_004337.1,40000,0,DNABERT-S-only,6,6,6,100.0,92.99610894941634,99.58333333333333,96.17706237424547,98.95692254820527,0.9564898311098277,239000,18000,1563533,1000,6,0.0,0.9753048780487805,0.0,500.0,83.33333333333334,91.66666666666666,91.66666666666666,0.12739224933901305,0.03830924031841732,0.4447201125371779,0.14048519954515992
NC_000907.1,NC_004337.1,40000,0,SAGE-GI,6,6,6,100.0,92.99610894941634,99.58333333333333,96.17706237424547,98.95692254820527,0.9564898311098277,239000,18000,1563533,1000,6,0.0,0.9753048780487805,0.0,500.0,83.33333333333334,91.66666666666666,91.66666666666666,0.12739224933901305,0.03830924031841732,0.4447201125371779,0.14048519954515992
NC_000907.1,NC_004337.1,40000,0,SAGE-GI/no-refine,6,7,6,100.0,89.23591745677635,100.0,94.31181844974948,98.41067935634436,0.9359618144939771,240000,28950,1552583,0,6,3550.0,0.8456659619450317,-3350.0,3800.0,0.0,8.333333333333332,83.33333333333334,0.12739224933901305,0.03830924031841732,0.4447201125371779,0.14048519954515992
NC_000907.1,NC_004337.1,40000,1,Comp-only,6,8,6,100.0,84.47228549734245,92.70833333333334,88.39888756456098,96.79390930606253,0.8666955265006758,222500,40900,1540633,17500,6,4400.0,0.776115331633001,-6900.0,-3450.0,0.0,8.333333333333332,58.333333333333336,0.12739224933901305,0.03830924031841732,0.4447201125371779,0.14048519954515992
NC_000907.1,NC_004337.1,40000,1,DNABERT-2-only,6,8,6,100.0,76.66666666666667,95.83333333333334,85.18518518518519,95.60809493981168,0.8335354375353603,230000,70000,1511533,10000,6,0.0,0.975609756097561,0.0,-500.0,75.0,75.0,83.33333333333334,0.12739224933901305,0.03830924031841732,0.4447201125371779,0.14048519954515992
NC_000907.1,NC_004337.1,40000,1,DNABERT-S-only,6,7,6,100.0,84.45229681978799,99.58333333333333,91.39579349904398,97.52955340364407,0.9038137967977099,239000,44000,1537533,1000,6,0.0,0.9878048780487805,0.0,0.0,91.66666666666666,91.66666666666666,91.66666666666666,0.12739224933901305,0.03830924031841732,0.4447201125371779,0.14048519954515992
NC_000907.1,NC_004337.1,40000,1,SAGE-GI,6,7,6,100.0,84.45229681978799,99.58333333333333,91.39579349904398,97.52955340364407,0.9038137967977099,239000,44000,1537533,1000,6,0.0,0.9878048780487805,0.0,0.0,91.66666666666666,91.66666666666666,91.66666666666666,0.12739224933901305,0.03830924031841732,0.4447201125371779,0.14048519954515992
NC_000907.1,NC_004337.1,40000,1,SAGE-GI/no-refine,6,8,6,100.0,85.71428571428571,100.0,92.3076923076923,97.80404746990584,0.914037237690393,240000,40000,1541533,0,6,3000.0,0.8705124561902056,-2850.0,3250.0,0.0,16.666666666666664,91.66666666666666,0.12739224933901305,0.03830924031841732,0.4447201125371779,0.14048519954515992
NC_000907.1,NC_004337.1,80000,0,Comp-only,6,6,6,100.0,100.0,89.54166666666666,94.48230380303363,97.5649189219867,0.9315950401031308,429800,0,1581533,50200,6,4600.0,0.8820322218645882,-2900.0,-7200.0,16.666666666666664,16.666666666666664,50.0,0.12739224933901305,0.03830924031841732,0.4447201125371779,0.14048519954515992
NC_000907.1,NC_004337.1,80000,0,DNABERT-2-only,6,6,6,100.0,100.0,89.58333333333334,94.5054945054945,97.57462044022579,0.9318688766192492,430000,0,1581533,50000,6,3000.0,0.8963662790697675,0.0,-1000.0,41.66666666666667,50.0,66.66666666666666,0.12739224933901305,0.03830924031841732,0.4447201125371779,0.14048519954515992
NC_000907.1,NC_004337.1,80000,0,DNABERT-S-only,6,6,6,100.0,100.0,100.0,100.0,100.0,1.0,480000,0,1581533,0,6,0.0,1.0,0.0,0.0,91.66666666666666,91.66666666666666,100.0,0.12739224933901305,0.03830924031841732,0.4447201125371779,0.14048519954515992
NC_000907.1,NC_004337.1,80000,0,SAGE-GI,6,6,6,100.0,100.0,100.0,100.0,100.0,1.0,480000,0,1581533,0,6,0.0,1.0,0.0,0.0,91.66666666666666,91.66666666666666,100.0,0.12739224933901305,0.03830924031841732,0.4447201125371779,0.14048519954515992
NC_000907.1,NC_004337.1,80000,0,SAGE-GI/no-refine,6,6,6,100.0,100.0,94.85416666666666,97.35913610606222,98.80186249747153,0.96641366784655,455300,0,1581533,24700,6,1700.0,0.9612499999999999,1900.0,-1250.0,33.33333333333333,75.0,91.66666666666666,0.12739224933901305,0.03830924031841732,0.4447201125371779,0.14048519954515992
NC_000907.1,NC_004337.1,80000,1,Comp-only,6,6,6,100.0,100.0,88.95833333333333,94.15656008820285,97.42909766663934,0.927759908693285,427000,0,1581533,53000,6,6000.0,0.8895195920558239,-1000.0,-6750.0,25.0,25.0,41.66666666666667,0.12739224933901305,0.03830924031841732,0.4447201125371779,0.14048519954515992
NC_000907.1,NC_004337.1,80000,1,DNABERT-2-only,6,9,6,100.0,81.26721763085399,61.458333333333336,69.98813760379598,87.72757942754251,0.6342373899622116,295000,68000,1513533,185000,6,7000.0,0.5268895348837209,3500.0,-23500.0,33.33333333333333,33.33333333333333,33.33333333333333,0.12739224933901305,0.03830924031841732,0.4447201125371779,0.14048519954515992
NC_000907.1,NC_004337.1,80000,1,DNABERT-S-only,6,6,6,100.0,100.0,99.58333333333333,99.79123173277662,99.90298481760902,0.9972841105741317,478000,0,1581533,2000,6,0.0,0.9938271604938271,0.0,0.0,83.33333333333334,91.66666666666666,91.66666666666666,0.12739224933901305,0.03830924031841732,0.4447201125371779,0.14048519954515992
NC_000907.1,NC_004337.1,80000,1,SAGE-GI,6,6,6,100.0,100.0,99.58333333333333,99.79123173277662,99.90298481760902,0.9972841105741317,478000,0,1581533,2000,6,0.0,0.9938271604938271,0.0,0.0,83.33333333333334,91.66666666666666,91.66666666666666,0.12739224933901305,0.03830924031841732,0.4447201125371779,0.14048519954515992
NC_000907.1,NC_004337.1,80000,1,SAGE-GI/no-refine,6,6,6,100.0,100.0,92.66666666666666,96.19377162629758,98.29253278991897,0.9520982090349941,444800,0,1581533,35200,6,1850.0,0.9299999999999999,4150.0,-1650.0,16.666666666666664,75.0,75.0,0.12739224933901305,0.03830924031841732,0.4447201125371779,0.14048519954515992
NC_000907.1,NC_006155.1,5000,0,Comp-only,6,5,2,33.33333333333333,11.185682326621924,33.33333333333333,16.750418760469014,93.8319600033012,0.16718175000077323,10000,79400,1502133,20000,2,9750.0,0.1753799456614026,-9750.0,18300.0,0.0,0.0,25.0,0.09460096715467992,0.030008808123095327,0.34369731889327615,0.08326960052153709
NC_000907.1,NC_006155.1,5000,0,DNABERT-2-only,6,4,1,16.666666666666664,5.376344086021505,16.666666666666664,8.130081300813007,92.98804306210297,0.06435240765971821,5000,88000,1493533,25000,1,19000.0,0.11627906976744186,-1000.0,37000.0,50.0,50.0,50.0,0.09460096715467992,0.030008808123095327,0.34369731889327615,0.08326960052153709
NC_000907.1,NC_006155.1,5000,0,DNABERT-S-only,6,1,1,16.666666666666664,21.73913043478261,16.666666666666664,18.867924528301884,97.33173320062326,0.1769571339026905,5000,18000,1563533,25000,1,19500.0,0.11363636363636363,-1000.0,38000.0,50.0,50.0,50.0,0.09460096715467992,0.030008808123095327,0.34369731889327615,0.08326960052153709
NC_000907.1,NC_006155.1,5000,0,SAGE-GI,6,3,1,16.666666666666664,6.493506493506493,16.666666666666664,9.345794392523363,93.98088652233618,0.07676410879983607,5000,72000,1509533,25000,1,19500.0,0.11363636363636363,-1000.0,38000.0,50.0,50.0,50.0,0.09460096715467992,0.030008808123095327,0.34369731889327615,0.08326960052153709
NC_000907.1,NC_006155.1,5000,0,SAGE-GI/no-refine,6,4,1,16.666666666666664,5.737234652897303,16.666666666666664,8.536064874093045,93.35105145225074,0.06856002996872654,5000,82150,1499383,25000,1,20650.0,0.1079913606911447,-2450.0,38850.0,0.0,50.0,50.0,0.09460096715467992,0.030008808123095327,0.34369731889327615,0.08326960052153709
NC_000907.1,NC_006155.1,5000,1,Comp-only,6,5,1,16.666666666666664,4.826254826254826,16.666666666666664,7.4850299401197615,92.33028426969848,0.05749169981900201,5000,98600,1482933,25000,1,9100.0,0.21551724137931033,-2900.0,15300.0,0.0,0.0,50.0,0.09460096715467992,0.030008808123095327,0.34369731889327615,0.08326960052153709
NC_000907.1,NC_006155.1,5000,1,DNABERT-2-only,6,4,0,0.0,0.0,0.0,0.0,92.4295686157218,-0.03388912407092762,0,92000,1489533,30000,0,,,,,,,,0.09460096715467992,0.030008808123095327,0.34369731889327615,0.08326960052153709
NC_000907.1,NC_006155.1,5000,1,DNABERT-S-only,6,2,1,16.666666666666664,10.416666666666668,16.666666666666664,12.820512820512823,95.78041529400888,0.11089982921834776,5000,43000,1538533,25000,1,5000.0,0.3333333333333333,-10000.0,0.0,50.0,50.0,50.0,0.09460096715467992,0.030008808123095327,0.34369731889327615,0.08326960052153709
NC_000907.1,NC_006155.1,5000,1,SAGE-GI,6,3,1,16.666666666666664,6.756756756756757,16.666666666666664,9.615384615384615,94.1670446711299,0.07945318837968071,5000,69000,1512533,25000,1,5000.0,0.3333333333333333,-10000.0,0.0,50.0,50.0,50.0,0.09460096715467992,0.030008808123095327,0.34369731889327615,0.08326960052153709
NC_000907.1,NC_006155.1,5000,1,SAGE-GI/no-refine,6,5,2,33.33333333333333,6.186186186186187,17.166666666666668,9.094922737306845,93.61167286056195,0.07467514807414996,5150,78100,1503433,24850,2,8550.0,0.11850307722850903,-4200.0,7950.0,0.0,0.0,50.0,0.09460096715467992,0.030008808123095327,0.34369731889327615,0.08326960052153709
NC_000907.1,NC_006155.1,10000,0,Comp-only,6,5,2,33.33333333333333,21.119324181626187,33.33333333333333,25.856496444731736,93.01262904857838,0.2302697770257689,20000,74700,1506833,40000,2,7650.0,0.3092356013551666,-7000.0,18050.0,0.0,25.0,50.0,0.09460096715467992,0.030008808123095327,0.34369731889327615,0.08326960052153709
NC_000907.1,NC_006155.1,10000,0,DNABERT-2-only,6,3,1,16.666666666666664,17.24137931034483,16.666666666666664,16.949152542372882,94.02997076513235,0.13855914744585893,10000,48000,1533533,50000,1,3500.0,0.5882352941176471,-1000.0,6000.0,50.0,50.0,50.0,0.09460096715467992,0.030008808123095327,0.34369731889327615,0.08326960052153709
NC_000907.1,NC_006155.1,10000,0,DNABERT-S-only,6,2,2,33.33333333333333,51.28205128205128,33.33333333333333,40.4040404040404,96.40579872594702,0.3959280551740148,20000,19000,1562533,40000,2,1500.0,0.48461538461538467,-1000.0,20500.0,50.0,75.0,75.0,0.09460096715467992,0.030008808123095327,0.34369731889327615,0.08326960052153709
NC_000907.1,NC_006155.1,10000,0,SAGE-GI,6,4,3,50.0,34.090909090909086,50.0,40.54054054054054,94.63915742175149,0.3860117503121544,30000,58000,1523533,30000,3,5000.0,0.37037037037037035,-1000.0,8000.0,33.33333333333333,50.0,50.0,0.09460096715467992,0.030008808123095327,0.34369731889327615,0.08326960052153709
NC_000907.1,NC_006155.1,10000,0,SAGE-GI/no-refine,6,5,3,50.0,31.931878658861095,50.0,38.97369275738877,94.2766913610631,0.37126662203742955,30000,63950,1517583,30000,3,6550.0,0.4329004329004329,-3750.0,7550.0,0.0,0.0,33.33333333333333,0.09460096715467992,0.030008808123095327,0.34369731889327615,0.08326960052153709
NC_000907.1,NC_006155.1,10000,1,Comp-only,6,7,3,50.0,11.988847583643123,21.5,15.393794749403341,91.36173320914048,0.11761889823719557,12900,94700,1486833,47100,3,10950.0,0.1701388888888889,-18800.0,-5100.0,0.0,16.666666666666664,16.666666666666664,0.09460096715467992,0.030008808123095327,0.34369731889327615,0.08326960052153709
NC_000907.1,NC_006155.1,10000,1,DNABERT-2-only,6,5,2,33.33333333333333,21.59090909090909,31.666666666666664,25.675675675675674,93.29894677718937,0.22747645310227058,19000,69000,1512533,41000,2,500.0,0.725,-5000.0,-500.0,75.0,75.0,75.0,0.09460096715467992,0.030008808123095327,0.34369731889327615,0.08326960052153709
NC_000907.1,NC_006155.1,10000,1,DNABERT-S-only,6,3,2,33.33333333333333,38.0,31.666666666666664,34.54545454545455,95.61385607234213,0.3243949208724387,19000,31000,1550533,41000,2,500.0,0.725,-5000.0,-500.0,75.0,75.0,75.0,0.09460096715467992,0.030008808123095327,0.34369731889327615,0.08326960052153709
NC_000907.1,NC_006155.1,10000,1,SAGE-GI,6,6,4,66.66666666666666,31.850449597728346,56.08333333333333,40.62782976154543,94.00864923215067,0.39406487362674036,33650,72000,1509533,26350,4,500.0,0.725,-5000.0,-500.0,62.5,62.5,62.5,0.09460096715467992,0.030008808123095327,0.34369731889327615,0.08326960052153709
NC_000907.1,NC_006155.1,10000,1,SAGE-GI/no-refine,6,7,4,66.66666666666666,19.64809384164223,27.916666666666668,23.06368330464716,93.19233911228102,0.19946513679095104,16750,68500,1513033,43250,4,10250.0,0.14674618015195162,-11150.0,-950.0,0.0,0.0,12.5,0.09460096715467992,0.030008808123095327,0.34369731889327615,0.08326960052153709
NC_000907.1,NC_006155.1,20000,0,Comp-only,6,8,6,100.0,71.54522613065326,94.91666666666667,81.59025787965616,96.97919464388877,0.809289785325862,113900,45300,1536233,6100,6,4200.0,0.6885880991188906,-5100.0,200.0,8.333333333333332,33.33333333333333,66.66666666666666,0.09460096715467992,0.030008808123095327,0.34369731889327615,0.08326960052153709
NC_000907.1,NC_006155.1,20000,0,DNABERT-2-only,6,6,6,100.0,85.83333333333333,85.83333333333333,85.83333333333333,98.00180190451788,0.8475842689761558,103000,17000,1564533,17000,6,2000.0,0.7166666666666667,1000.0,4000.0,41.66666666666667,58.333333333333336,66.66666666666666,0.09460096715467992,0.030008808123095327,0.34369731889327615,0.08326960052153709
NC_000907.1,NC_006155.1,20000,0,DNABERT-S-only,6,6,6,100.0,86.86131386861314,99.16666666666667,92.6070038910506,98.88335988781881,0.9224218816314974,119000,18000,1563533,1000,6,0.0,0.9511904761904761,0.0,500.0,83.33333333333334,91.66666666666666,91.66666666666666,0.09460096715467992,0.030008808123095327,0.34369731889327615,0.08326960052153709
NC_000907.1,NC_006155.1,20000,0,SAGE-GI,6,6,6,100.0,86.86131386861314,99.16666666666667,92.6070038910506,98.88335988781881,0.9224218816314974,119000,18000,1563533,1000,6,0.0,0.9511904761904761,0.0,500.0,83.33333333333334,91.66666666666666,91.66666666666666,0.09460096715467992,0.030008808123095327,0.34369731889327615,0.08326960052153709
NC_000907.1,NC_006155.1,20000,0,SAGE-GI/no-refine,6,7,6,100.0,75.63819728963126,100.0,86.12955320294276,97.72851892969457,0.8590094718716497,120000,38650,1542883,0,6,3800.0,0.6571138781587864,-3400.0,6150.0,0.0,16.666666666666664,75.0,0.09460096715467992,0.030008808123095327,0.34369731889327615,0.08326960052153709
NC_000907.1,NC_006155.1,20000,1,Comp-only,6,9,6,100.0,61.59292035398231,87.0,72.12435233160622,95.25721804984094,0.7085657956253985,104400,65100,1516433,15600,6,5900.0,0.521003834969868,-9050.0,-3200.0,0.0,8.333333333333332,50.0,0.09460096715467992,0.030008808123095327,0.34369731889327615,0.08326960052153709
NC_000907.1,NC_006155.1,20000,1,DNABERT-2-only,6,7,6,100.0,79.02097902097903,94.16666666666667,85.93155893536122,97.82549030785768,0.8514579096075666,113000,30000,1551533,7000,6,1000.0,0.8285714285714285,0.0,500.0,58.333333333333336,66.66666666666666,75.0,0.09460096715467992,0.030008808123095327,0.34369731889327615,0.08326960052153709
NC_000907.1,NC_006155.1,20000,1,DNABERT-S-only,6,7,6,100.0,79.86577181208054,99.16666666666667,88.47583643122677,98.17811350117806,0.881036903911481,119000,30000,1551533,1000,6,0.0,1.0,0.0,0.0,91.66666666666666,91.66666666666666,91.66666666666666,0.09460096715467992,0.030008808123095327,0.34369731889327615,0.08326960052153709
NC_000907.1,NC_006155.1,20000,1,SAGE-GI,6,7,6,100.0,79.86577181208054,99.16666666666667,88.47583643122677,98.17811350117806,0.881036903911481,119000,30000,1551533,1000,6,0.0,1.0,0.0,0.0,91.66666666666666,91.66666666666666,91.66666666666666,0.09460096715467992,0.030008808123095327,0.34369731889327615,0.08326960052153709
NC_000907.1,NC_006155.1,20000,1,SAGE-GI/no-refine,6,9,6,100.0,62.27296315516347,100.0,76.75087943716021,95.72738230760145,0.7707813957245665,120000,72700,1508833,0,6,3350.0,0.7112321719063293,-3500.0,3350.0,0.0,16.666666666666664,75.0,0.09460096715467992,0.030008808123095327,0.34369731889327615,0.08326960052153709
NC_000907.1,NC_006155.1,40000,0,Comp-only,6,7,6,100.0,91.04299363057325,95.29166666666666,93.11889250814332,98.14442011207043,0.9207913447202434,228700,22500,1559033,11300,6,4550.0,0.8063013778212416,-5450.0,-1750.0,8.333333333333332,25.0,58.333333333333336,0.09460096715467992,0.030008808123095327,0.34369731889327615,0.08326960052153709
NC_000907.1,NC_006155.1,40000,0,DNABERT-2-only,6,6,6,100.0,92.85714285714286,92.08333333333333,92.46861924686193,98.02364272291526,0.9133228430074463,221000,17000,1564533,19000,6,3500.0,0.8176887776387151,1000.0,8000.0,33.33333333333333,50.0,58.333333333333336,0.09460096715467992,0.030008808123095327,0.34369731889327615,0.08326960052153709
NC_000907.1,NC_006155.1,40000,0,DNABERT-S-only,6,6,6,100.0,92.27799227799228,99.58333333333333,95.79158316633267,98.84712492170057,0.9521745342085721,239000,20000,1561533,1000,6,0.0,0.9878048780487805,0.0,500.0,75.0,75.0,91.66666666666666,0.09460096715467992,0.030008808123095327,0.34369731889327615,0.08326960052153709
NC_000907.1,NC_006155.1,40000,0,SAGE-GI,6,6,6,100.0,92.27799227799228,99.58333333333333,95.79158316633267,98.84712492170057,0.9521745342085721,239000,20000,1561533,1000,6,0.0,0.9878048780487805,0.0,500.0,75.0,75.0,91.66666666666666,0.09460096715467992,0.030008808123095327,0.34369731889327615,0.08326960052153709
NC_000907.1,NC_006155.1,40000,0,SAGE-GI/no-refine,6,7,6,100.0,89.07032844683614,100.0,94.21925606045734,98.38322994971817,0.9349424283293187,240000,29450,1552083,0,6,2950.0,0.8592920762379437,-2800.0,3600.0,8.333333333333332,25.0,83.33333333333334,0.09460096715467992,0.030008808123095327,0.34369731889327615,0.08326960052153709
NC_000907.1,NC_006155.1,40000,1,Comp-only,6,8,6,100.0,80.63660477453581,88.66666666666667,84.46120261956737,95.70142292234068,0.8209779308668425,212800,51100,1530433,27200,6,5800.0,0.7672812725958063,-6350.0,-4650.0,0.0,0.0,41.66666666666667,0.09460096715467992,0.030008808123095327,0.34369731889327615,0.08326960052153709
NC_000907.1,NC_006155.1,40000,1,DNABERT-2-only,6,7,6,100.0,83.69565217391305,96.25,89.53488372093024,97.03546408437289,0.8810886544792913,231000,45000,1536533,9000,6,0.0,0.9378048780487804,0.0,0.0,75.0,75.0,91.66666666666666,0.09460096715467992,0.030008808123095327,0.34369731889327615,0.08326960052153709
NC_000907.1,NC_006155.1,40000,1,DNABERT-S-only,6,7,6,100.0,88.80597014925374,99.16666666666667,93.7007874015748,98.24323797592469,0.9287418456246658,238000,30000,1551533,2000,6,0.0,1.0,0.0,0.0,83.33333333333334,91.66666666666666,91.66666666666666,0.09460096715467992,0.030008808123095327,0.34369731889327615,0.08326960052153709
NC_000907.1,NC_006155.1,40000,1,SAGE-GI,6,7,6,100.0,88.80597014925374,99.16666666666667,93.7007874015748,98.24323797592469,0.9287418456246658,238000,30000,1551533,2000,6,0.0,1.0,0.0,0.0,83.33333333333334,91.66666666666666,91.66666666666666,0.09460096715467992,0.030008808123095327,0.34369731889327615,0.08326960052153709
NC_000907.1,NC_006155.1,40000,1,SAGE-GI/no-refine,6,8,6,100.0,83.10249307479224,100.0,90.7715582450832,97.32093791328514,0.8974311734421853,240000,48800,1532733,0,6,2800.0,0.8781569307885098,-2900.0,2750.0,0.0,33.33333333333333,91.66666666666666,0.09460096715467992,0.030008808123095327,0.34369731889327615,0.08326960052153709
NC_000907.1,NC_006155.1,80000,1,Comp-only,6,6,6,100.0,100.0,80.89583333333333,89.43913393988252,95.55185388737411,0.874427877981646,388300,0,1581533,91700,6,6450.0,0.7799319155446756,-2850.0,-14100.0,8.333333333333332,16.666666666666664,33.33333333333333,0.09460096715467992,0.030008808123095327,0.34369731889327615,0.08326960052153709
NC_000907.1,NC_006155.1,80000,1,DNABERT-2-only,6,7,5,83.33333333333334,81.17154811715481,40.416666666666664,53.963838664812236,83.94398731429476,0.49599765247580613,194000,45000,1536533,286000,5,19000.0,0.4375,38000.0,-14000.0,40.0,40.0,40.0,0.09460096715467992,0.030008808123095327,0.34369731889327615,0.08326960052153709
NC_000907.1,NC_006155.1,80000,1,DNABERT-S-only,6,6,5,83.33333333333334,86.64688427299704,60.83333333333333,71.48102815177478,88.6977312514522,0.6627460054758133,292000,45000,1536533,188000,5,1000.0,0.7125,0.0,0.0,60.0,60.0,60.0,0.09460096715467992,0.030008808123095327,0.34369731889327615,0.08326960052153709
NC_000907.1,NC_006155.1,80000,1,SAGE-GI,6,7,6,100.0,88.25065274151436,70.41666666666667,78.33140208574738,90.92908044644446,0.7342735105633964,338000,45000,1536533,142000,6,1000.0,0.6875,0.0,-500.0,58.333333333333336,58.333333333333336,58.333333333333336,0.09460096715467992,0.030008808123095327,0.34369731889327615,0.08326960052153709
NC_000907.1,NC_006155.1,80000,1,SAGE-GI/no-refine,6,8,6,100.0,88.03053435114504,60.0625,71.40557275541795,88.79959719296271,0.665773389921794,288300,39200,1542333,191700,6,12200.0,0.6309439742801759,5500.0,-14000.0,8.333333333333332,41.66666666666667,41.66666666666667,0.09460096715467992,0.030008808123095327,0.34369731889327615,0.08326960052153709
NC_000907.1,NC_006155.1,80000,0,Comp-only,6,6,6,100.0,100.0,87.41666666666667,93.28590484659848,97.07014149179275,0.9176108380514889,419600,0,1581533,60400,6,6450.0,0.8167399782997566,-200.0,-9150.0,25.0,25.0,41.66666666666667,0.09460096715467992,0.030008808123095327,0.34369731889327615,0.08326960052153709
NC_000907.1,NC_006155.1,80000,0,DNABERT-2-only,6,5,5,83.33333333333334,84.89208633093526,24.583333333333332,38.12600969305331,81.42159257212957,0.39195956950259087,118000,21000,1560533,362000,5,33500.0,0.2872340425531915,51000.0,0.0,10.0,10.0,10.0,0.09460096715467992,0.030008808123095327,0.34369731889327615,0.08326960052153709
NC_000907.1,NC_006155.1,80000,0,DNABERT-S-only,6,7,6,100.0,100.0,95.83333333333334,97.87234042553192,99.02984817609031,0.9728132571153306,460000,0,1581533,20000,6,1000.0,0.9526162790697674,0.0,500.0,66.66666666666666,75.0,83.33333333333334,0.09460096715467992,0.030008808123095327,0.34369731889327615,0.08326960052153709
NC_000907.1,NC_006155.1,80000,0,SAGE-GI,6,7,6,100.0,94.7780678851175,75.625,84.12514484356895,93.35446000621867,0.808048001779121,363000,20000,1561533,117000,6,1500.0,0.68125,1000.0,0.0,50.0,58.333333333333336,58.333333333333336,0.09460096715467992,0.030008808123095327,0.34369731889327615,0.08326960052153709
NC_000907.1,NC_006155.1,80000,0,SAGE-GI/no-refine,6,7,6,100.0,95.54272175329484,67.20833333333334,78.90906867241485,91.63486589833876,0.7566629035893677,322600,15050,1566483,157400,6,13800.0,0.6547932963928726,13800.0,-2600.0,0.0,8.333333333333332,25.0,0.09460096715467992,0.030008808123095327,0.34369731889327615,0.08326960052153709
NC_000907.1,NC_008750.1,5000,0,Comp-only,6,5,2,33.33333333333333,11.560693641618498,33.33333333333333,17.167381974248926,94.01191288046847,0.17089913356838105,10000,76500,1505033,20000,2,9450.0,0.1743579368797649,-9450.0,18300.0,0.0,0.0,25.0,0.06482985348615056,0.02364792601471933,0.2590860097328125,0.04924879666882631
NC_000907.1,NC_008750.1,5000,0,DNABERT-2-only,6,4,1,16.666666666666664,5.376344086021505,16.666666666666664,8.130081300813007,92.98804306210297,0.06435240765971821,5000,88000,1493533,25000,1,19000.0,0.11627906976744186,-1000.0,37000.0,50.0,50.0,50.0,0.06482985348615056,0.02364792601471933,0.2590860097328125,0.04924879666882631
NC_000907.1,NC_008750.1,5000,0,DNABERT-S-only,6,1,1,16.666666666666664,21.73913043478261,16.666666666666664,18.867924528301884,97.33173320062326,0.1769571339026905,5000,18000,1563533,25000,1,19500.0,0.11363636363636363,-1000.0,38000.0,50.0,50.0,50.0,0.06482985348615056,0.02364792601471933,0.2590860097328125,0.04924879666882631
NC_000907.1,NC_008750.1,5000,0,SAGE-GI,6,2,1,16.666666666666664,8.064516129032258,16.666666666666664,10.869565217391303,94.91167726630482,0.0917977595291514,5000,57000,1524533,25000,1,19500.0,0.11363636363636363,-1000.0,38000.0,50.0,50.0,50.0,0.06482985348615056,0.02364792601471933,0.2590860097328125,0.04924879666882631
NC_000907.1,NC_008750.1,5000,0,SAGE-GI/no-refine,6,3,1,16.666666666666664,7.524454477050415,16.666666666666664,10.368066355624675,94.63554267892745,0.08688560975488371,5000,61450,1520083,25000,1,21000.0,0.10638297872340426,-3350.0,38650.0,0.0,0.0,50.0,0.06482985348615056,0.02364792601471933,0.2590860097328125,0.04924879666882631
NC_000907.1,NC_008750.1,5000,1,Comp-only,6,5,1,16.666666666666664,4.591368227731864,16.666666666666664,7.199424046076314,92.00140487349623,0.05436953831801454,5000,103900,1477633,25000,1,10100.0,0.1984126984126984,-2600.0,17600.0,0.0,0.0,50.0,0.06482985348615056,0.02364792601471933,0.2590860097328125,0.04924879666882631
NC_000907.1,NC_008750.1,5000,1,DNABERT-2-only,6,4,0,0.0,0.0,0.0,0.0,92.55367404825095,-0.033496703180608586,0,90000,1491533,30000,0,,,,,,,,0.06482985348615056,0.02364792601471933,0.2590860097328125,0.04924879666882631
NC_000907.1,NC_008750.1,5000,1,DNABERT-S-only,6,1,0,0.0,0.0,0.0,0.0,95.47015171268599,-0.022803887822477262,0,43000,1538533,30000,0,,,,,,,,0.06482985348615056,0.02364792601471933,0.2590860097328125,0.04924879666882631
NC_000907.1,NC_008750.1,5000,1,SAGE-GI,6,2,0,0.0,0.0,0.0,0.0,93.85678108980704,-0.029129217055764645,0,69000,1512533,30000,0,,,,,,,,0.06482985348615056,0.02364792601471933,0.2590860097328125,0.04924879666882631
NC_000907.1,NC_008750.1,5000,1,SAGE-GI/no-refine,6,6,1,16.666666666666664,6.002400960384153,16.666666666666664,8.8261253309797,93.58995440986936,0.07152427389801912,5000,78300,1503233,25000,1,8250.0,0.23255813953488372,-13150.0,3350.0,0.0,0.0,50.0,0.06482985348615056,0.02364792601471933,0.2590860097328125,0.04924879666882631
NC_000907.1,NC_008750.1,10000,0,Comp-only,6,5,2,33.33333333333333,20.94240837696335,33.33333333333333,25.72347266881029,92.96389411604883,0.22895706419610648,20000,75500,1506033,40000,2,8050.0,0.3002665333999667,-7800.0,18250.0,0.0,0.0,50.0,0.06482985348615056,0.02364792601471933,0.2590860097328125,0.04924879666882631
NC_000907.1,NC_008750.1,10000,0,DNABERT-2-only,6,4,2,33.33333333333333,19.318181818181817,28.333333333333332,22.972972972972975,93.05527211454171,0.19865185360956444,17000,71000,1510533,43000,2,12500.0,0.21732522796352582,-3500.0,26000.0,0.0,0.0,25.0,0.06482985348615056,0.02364792601471933,0.2590860097328125,0.04924879666882631
NC_000907.1,NC_008750.1,10000,0,DNABERT-S-only,6,2,2,33.33333333333333,52.77777777777778,31.666666666666664,39.58333333333333,96.46671739160894,0.39197498526000035,19000,17000,1564533,41000,2,4000.0,0.3735224586288416,-1000.0,21000.0,25.0,25.0,75.0,0.06482985348615056,0.02364792601471933,0.2590860097328125,0.04924879666882631
NC_000907.1,NC_008750.1,10000,0,SAGE-GI,6,3,2,33.33333333333333,26.38888888888889,31.666666666666664,28.78787878787879,94.27364542778001,0.25947010517954255,19000,53000,1528533,41000,2,8000.0,0.28805237315875615,-3500.0,22500.0,25.0,25.0,25.0,0.06482985348615056,0.02364792601471933,0.2590860097328125,0.04924879666882631
NC_000907.1,NC_008750.1,10000,0,SAGE-GI/no-refine,6,4,2,33.33333333333333,24.198427102238355,33.33333333333333,28.040658955485455,93.74669896980444,0.25206926307771876,20000,62650,1518883,40000,2,6850.0,0.3092022912470054,-5200.0,22100.0,0.0,25.0,25.0,0.06482985348615056,0.02364792601471933,0.2590860097328125,0.04924879666882631
NC_000907.1,NC_008750.1,10000,1,Comp-only,6,7,2,33.33333333333333,13.58355674709562,25.333333333333336,17.684700407213498,91.38000880883905,0.1430991850727736,15200,96700,1484833,44800,2,9900.0,0.2810342996708081,-9200.0,5900.0,25.0,25.0,50.0,0.06482985348615056,0.02364792601471933,0.2590860097328125,0.04924879666882631
NC_000907.1,NC_008750.1,10000,1,DNABERT-2-only,6,5,2,33.33333333333333,21.176470588235293,30.0,24.82758620689655,93.35986544285129,0.2181889444019638,18000,67000,1514533,42000,2,4000.0,0.4897058823529412,-4500.0,3000.0,50.0,50.0,50.0,0.06482985348615056,0.02364792601471933,0.2590860097328125,0.04924879666882631
NC_000907.1,NC_008750.1,10000,1,DNABERT-S-only,6,3,2,33.33333333333333,35.08771929824561,33.33333333333333,34.18803418803419,95.30926274403257,0.31768882925672526,20000,37000,1544533,40000,2,0.0,0.75,-5000.0,0.0,75.0,75.0,75.0,0.06482985348615056,0.02364792601471933,0.2590860097328125,0.04924879666882631
NC_000907.1,NC_008750.1,10000,1,SAGE-GI,6,4,1,16.666666666666664,12.658227848101266,16.666666666666664,14.388489208633096,92.75067878623213,0.10787635543689512,10000,69000,1512533,50000,1,5000.0,0.5,-10000.0,0.0,50.0,50.0,50.0,0.06482985348615056,0.02364792601471933,0.2590860097328125,0.04924879666882631
NC_000907.1,NC_008750.1,10000,1,SAGE-GI/no-refine,6,6,2,33.33333333333333,20.38735983690112,33.33333333333333,25.30044275774826,92.80550558532786,0.22479133111030755,20000,78100,1503433,40000,2,8100.0,0.38941987780533543,-7650.0,8100.0,0.0,25.0,50.0,0.06482985348615056,0.02364792601471933,0.2590860097328125,0.04924879666882631
NC_000907.1,NC_008750.1,20000,0,Comp-only,6,7,5,83.33333333333334,62.22222222222222,77.0,68.8268156424581,95.08090645318075,0.6663226721671928,92400,56100,1525433,27600,5,3850.0,0.60790273556231,-5100.0,1400.0,10.0,30.0,60.0,0.06482985348615056,0.02364792601471933,0.2590860097328125,0.04924879666882631
NC_000907.1,NC_008750.1,20000,0,DNABERT-2-only,6,6,5,83.33333333333334,67.12328767123287,81.66666666666667,73.68421052631578,95.88606274459562,0.7188048942008024,98000,48000,1533533,22000,5,8000.0,0.6333333333333333,-1000.0,10000.0,40.0,40.0,40.0,0.06482985348615056,0.02364792601471933,0.2590860097328125,0.04924879666882631
NC_000907.1,NC_008750.1,20000,0,DNABERT-S-only,6,6,6,100.0,86.66666666666667,97.5,91.76470588235294,98.76581882337868,0.9128476149293678,117000,18000,1563533,3000,6,1000.0,0.8500000000000001,0.0,1500.0,58.333333333333336,75.0,83.33333333333334,0.06482985348615056,0.02364792601471933,0.2590860097328125,0.04924879666882631
NC_000907.1,NC_008750.1,20000,0,SAGE-GI,6,6,6,100.0,86.66666666666667,97.5,91.76470588235294,98.76581882337868,0.9128476149293678,117000,18000,1563533,3000,6,1000.0,0.8500000000000001,0.0,1500.0,58.333333333333336,75.0,83.33333333333334,0.06482985348615056,0.02364792601471933,0.2590860097328125,0.04924879666882631
NC_000907.1,NC_008750.1,20000,0,SAGE-GI/no-refine,6,7,6,100.0,75.6953223767383,99.79166666666667,86.08914450035945,97.72558040308357,0.8583796304292262,119750,38450,1543083,250,6,2800.0,0.7238707485659781,-2150.0,3500.0,8.333333333333332,50.0,75.0,0.06482985348615056,0.02364792601471933,0.2590860097328125,0.04924879666882631
NC_000907.1,NC_008750.1,20000,1,Comp-only,6,8,5,83.33333333333334,51.87338501291989,66.91666666666667,58.44250363901019,93.28840522046885,0.5538207257781741,80300,74500,1507033,39700,5,6700.0,0.5012531328320802,-10400.0,-3700.0,0.0,0.0,20.0,0.06482985348615056,0.02364792601471933,0.2590860097328125,0.04924879666882631
NC_000907.1,NC_008750.1,20000,1,DNABERT-2-only,6,7,5,83.33333333333334,62.40601503759399,69.16666666666667,65.61264822134386,94.88696369685454,0.6295570658120769,83000,50000,1531533,37000,5,3500.0,0.6666666666666666,2000.0,1000.0,20.0,50.0,70.0,0.06482985348615056,0.02364792601471933,0.2590860097328125,0.04924879666882631
NC_000907.1,NC_008750.1,20000,1,DNABERT-S-only,6,7,6,100.0,79.86111111111111,95.83333333333334,87.12121212121212,98.00180190451788,0.8646815728303733,115000,29000,1552533,5000,6,0.0,0.975,0.0,0.0,83.33333333333334,83.33333333333334,91.66666666666666,0.06482985348615056,0.02364792601471933,0.2590860097328125,0.04924879666882631
NC_000907.1,NC_008750.1,20000,1,SAGE-GI,6,7,5,83.33333333333334,71.37707281903388,82.5,76.53652879783533,96.4326286942422,0.7484619433837421,99000,39700,1541833,21000,5,0.0,1.0,0.0,0.0,90.0,90.0,90.0,0.06482985348615056,0.02364792601471933,0.2590860097328125,0.04924879666882631
NC_000907.1,NC_008750.1,20000,1,SAGE-GI/no-refine,6,8,5,83.33333333333334,61.012812690665044,83.33333333333334,70.44734061289186,95.06915234673674,0.6880951613600602,100000,63900,1517633,20000,5,2700.0,0.6578947368421053,-7250.0,2450.0,10.0,40.0,60.0,0.06482985348615056,0.02364792601471933,0.2590860097328125,0.04924879666882631
NC_000907.1,NC_008750.1,40000,0,Comp-only,6,7,6,100.0,87.43659773702691,93.375,90.30828128148298,97.35936708256177,0.8884586197483296,224100,32200,1549333,15900,6,3950.0,0.8020397640881565,-3850.0,-2550.0,0.0,16.666666666666664,66.66666666666666,0.06482985348615056,0.02364792601471933,0.2590860097328125,0.04924879666882631
NC_000907.1,NC_008750.1,40000,0,DNABERT-2-only,6,6,6,100.0,91.005291005291,71.66666666666667,80.1864801864802,95.33360087354991,0.7829551314306984,172000,17000,1564533,68000,6,10000.0,0.5856389986824769,5500.0,-500.0,8.333333333333332,16.666666666666664,16.666666666666664,0.06482985348615056,0.02364792601471933,0.2590860097328125,0.04924879666882631
NC_000907.1,NC_008750.1,40000,0,DNABERT-S-only,6,7,6,100.0,88.20203543158688,97.5,92.61824658618643,97.9522742656872,0.9158772151949267,234000,31300,1550233,6000,6,1500.0,0.8526077097505669,-500.0,500.0,50.0,66.66666666666666,75.0,0.06482985348615056,0.02364792601471933,0.2590860097328125,0.04924879666882631
NC_000907.1,NC_008750.1,40000,0,SAGE-GI,6,7,6,100.0,85.71428571428571,97.5,91.22807017543859,97.52955340364407,0.900497222694731,234000,39000,1542533,6000,6,1500.0,0.8248299319727892,-500.0,2000.0,50.0,58.333333333333336,75.0,0.06482985348615056,0.02364792601471933,0.2590860097328125,0.04924879666882631
NC_000907.1,NC_008750.1,40000,0,SAGE-GI/no-refine,6,7,6,100.0,86.4385297845374,99.45833333333334,92.49249249249249,97.87267098647129,0.9156517957778619,238700,37450,1544083,1300,6,1500.0,0.9021745763746212,-350.0,1850.0,41.66666666666667,75.0,83.33333333333334,0.06482985348615056,0.02364792601471933,0.2590860097328125,0.04924879666882631
NC_000907.1,NC_008750.1,40000,1,Comp-only,6,8,6,100.0,80.88621855050695,89.75,85.08789255382185,95.85513959944728,0.828392556363142,215400,50900,1530633,24600,6,5500.0,0.7470033566145877,-6250.0,-4600.0,8.333333333333332,8.333333333333332,50.0,0.06482985348615056,0.02364792601471933,0.2590860097328125,0.04924879666882631
NC_000907.1,NC_008750.1,40000,1,DNABERT-2-only,6,7,6,100.0,83.78378378378379,90.41666666666667,86.97394789579158,96.43157713859699,0.8499275532969882,217000,42000,1539533,23000,6,3500.0,0.8208333333333333,1500.0,3000.0,25.0,41.66666666666667,58.333333333333336,0.06482985348615056,0.02364792601471933,0.2590860097328125,0.04924879666882631
NC_000907.1,NC_008750.1,40000,1,DNABERT-S-only,6,7,6,100.0,89.01515151515152,97.91666666666666,93.25396825396825,98.13344034941997,0.9231467074819325,235000,29000,1552533,5000,6,500.0,0.975,500.0,0.0,91.66666666666666,91.66666666666666,91.66666666666666,0.06482985348615056,0.02364792601471933,0.2590860097328125,0.04924879666882631
NC_000907.1,NC_008750.1,40000,1,SAGE-GI,6,7,6,100.0,89.01515151515152,97.91666666666666,93.25396825396825,98.13344034941997,0.9231467074819325,235000,29000,1552533,5000,6,500.0,0.975,500.0,0.0,91.66666666666666,91.66666666666666,91.66666666666666,0.06482985348615056,0.02364792601471933,0.2590860097328125,0.04924879666882631
NC_000907.1,NC_008750.1,40000,1,SAGE-GI/no-refine,6,8,6,100.0,82.32973065705953,99.97916666666666,90.30012230689623,97.16996617684116,0.8923479520140087,239950,51500,1530033,50,6,1550.0,0.9174360188326889,-1850.0,1450.0,25.0,83.33333333333334,91.66666666666666,0.06482985348615056,0.02364792601471933,0.2590860097328125,0.04924879666882631
NC_000907.1,NC_008750.1,80000,0,Comp-only,6,6,6,100.0,97.3945997157745,85.66666666666667,91.15495455553094,96.12909422260036,0.8898944174292671,411200,11000,1570533,68800,6,5550.0,0.854375,2500.0,-6050.0,25.0,25.0,41.66666666666667,0.06482985348615056,0.02364792601471933,0.2590860097328125,0.04924879666882631
NC_000907.1,NC_008750.1,80000,0,DNABERT-2-only,6,6,5,83.33333333333334,84.61538461538461,52.708333333333336,64.95507060333762,86.75742760363283,0.5976993738482905,253000,46000,1535533,227000,5,17000.0,0.6125,19000.0,10000.0,10.0,20.0,20.0,0.06482985348615056,0.02364792601471933,0.2590860097328125,0.04924879666882631
NC_000907.1,NC_008750.1,80000,0,DNABERT-S-only,6,6,5,83.33333333333334,84.70588235294117,45.0,58.77551020408163,85.30219986776831,0.5460134294641652,216000,39000,1542533,264000,5,18000.0,0.5126050420168067,19000.0,1000.0,20.0,20.0,30.0,0.06482985348615056,0.02364792601471933,0.2590860097328125,0.04924879666882631
NC_000907.1,NC_008750.1,80000,0,SAGE-GI,6,6,5,83.33333333333334,86.36363636363636,51.45833333333333,64.49086161879896,86.80593519482831,0.5990193055302561,247000,39000,1542533,233000,5,14000.0,0.5126050420168067,19000.0,1000.0,20.0,30.0,40.0,0.06482985348615056,0.02364792601471933,0.2590860097328125,0.04924879666882631
NC_000907.1,NC_008750.1,80000,0,SAGE-GI/no-refine,6,6,5,83.33333333333334,87.08384172912672,52.041666666666664,65.14963813001238,87.03634625300687,0.6069034441650513,249800,37050,1544483,230200,5,14450.0,0.5190089705254165,19250.0,850.0,10.0,30.0,30.0,0.06482985348615056,0.02364792601471933,0.2590860097328125,0.04924879666882631
NC_000907.1,NC_008750.1,80000,1,Comp-only,6,7,6,100.0,93.99900398406375,78.64583333333334,85.63974591651544,93.8589389546517,0.8229924931901801,377500,24100,1557433,102500,6,9800.0,0.7470459401709402,5250.0,-9350.0,16.666666666666664,16.666666666666664,16.666666666666664,0.06482985348615056,0.02364792601471933,0.2590860097328125,0.04924879666882631
NC_000907.1,NC_008750.1,80000,1,DNABERT-2-only,6,4,3,50.0,81.25,40.625,54.166666666666664,83.99249490549023,0.49784442004384205,195000,45000,1536533,285000,3,8000.0,0.8,5000.0,-8000.0,0.0,0.0,16.666666666666664,0.06482985348615056,0.02364792601471933,0.2590860097328125,0.04924879666882631
NC_000907.1,NC_008750.1,80000,1,DNABERT-S-only,6,6,4,66.66666666666666,80.2547770700637,52.5,63.47607052896724,85.9327985533096,0.5713964440249151,252000,62000,1519533,228000,4,1000.0,0.7881944444444444,0.0,-13500.0,50.0,62.5,62.5,0.06482985348615056,0.02364792601471933,0.2590860097328125,0.04924879666882631
NC_000907.1,NC_008750.1,80000,1,SAGE-GI,6,6,4,66.66666666666666,81.57894736842105,51.66666666666667,63.26530612244898,86.02981373570057,0.573652855101486,248000,56000,1525533,232000,4,1000.0,0.9319444444444445,0.0,-1000.0,50.0,62.5,62.5,0.06482985348615056,0.02364792601471933,0.2590860097328125,0.04924879666882631
NC_000907.1,NC_008750.1,80000,1,SAGE-GI/no-refine,6,6,4,66.66666666666666,81.36534671205877,47.302083333333336,59.82478097622028,85.20761006493711,0.5437486600661952,227050,52000,1529533,252950,4,8650.0,0.7829913839526117,5350.0,-9450.0,0.0,0.0,0.0,0.06482985348615056,0.02364792601471933,0.2590860097328125,0.04924879666882631
NC_000907.1,NC_009997.1,5000,0,Comp-only,6,4,1,16.666666666666664,6.112469437652812,16.666666666666664,8.944543828264758,93.68303348426622,0.07272570469644364,5000,76800,1504733,25000,1,20150.0,0.11037527593818984,-6800.0,33500.0,0.0,0.0,0.0,0.08133032545971985,0.027757664704217137,0.3014209975917149,0.07017362039598196
NC_000907.1,NC_009997.1,5000,0,DNABERT-2-only,6,3,1,16.666666666666664,6.578947368421052,16.666666666666664,9.433962264150942,94.04293923860077,0.07764548861261612,5000,71000,1510533,25000,1,24500.0,0.09259259259259259,-12000.0,37000.0,0.0,0.0,0.0,0.08133032545971985,0.027757664704217137,0.3014209975917149,0.07017362039598196
NC_000907.1,NC_009997.1,5000,0,DNABERT-S-only,6,1,1,16.666666666666664,21.73913043478261,16.666666666666664,18.867924528301884,97.33173320062326,0.1769571339026905,5000,18000,1563533,25000,1,19500.0,0.11363636363636363,-1000.0,38000.0,50.0,50.0,50.0,0.08133032545971985,0.027757664704217137,0.3014209975917149,0.07017362039598196
NC_000907.1,NC_009997.1,5000,0,SAGE-GI,6,2,1,16.666666666666664,8.064516129032258,16.666666666666664,10.869565217391303,94.91167726630482,0.0917977595291514,5000,57000,1524533,25000,1,19500.0,0.11363636363636363,-1000.0,38000.0,50.0,50.0,50.0,0.08133032545971985,0.027757664704217137,0.3014209975917149,0.07017362039598196
NC_000907.1,NC_009997.1,5000,0,SAGE-GI/no-refine,6,3,1,16.666666666666664,7.547169811320755,16.666666666666664,10.38961038961039,94.64795322218038,0.08709711808056818,5000,61250,1520283,25000,1,20650.0,0.1079913606911447,-2550.0,38750.0,0.0,0.0,50.0,0.08133032545971985,0.027757664704217137,0.3014209975917149,0.07017362039598196
NC_000907.1,NC_009997.1,5000,1,Comp-only,6,5,0,0.0,0.0,0.0,0.0,92.08207340464017,-0.03496979442448103,0,97600,1483933,30000,0,,,,,,,,0.08133032545971985,0.027757664704217137,0.3014209975917149,0.07017362039598196
NC_000907.1,NC_009997.1,5000,1,DNABERT-2-only,6,4,0,0.0,0.0,0.0,0.0,92.61572676451553,-0.033299149734741906,0,89000,1492533,30000,0,,,,,,,,0.08133032545971985,0.027757664704217137,0.3014209975917149,0.07017362039598196
NC_000907.1,NC_009997.1,5000,1,DNABERT-S-only,6,1,0,0.0,0.0,0.0,0.0,95.47015171268599,-0.022803887822477262,0,43000,1538533,30000,0,,,,,,,,0.08133032545971985,0.027757664704217137,0.3014209975917149,0.07017362039598196
NC_000907.1,NC_009997.1,5000,1,SAGE-GI,6,3,1,16.666666666666664,5.47945205479452,13.333333333333334,7.766990291262135,94.10499195486534,0.05830428773809064,4000,69000,1512533,26000,1,3500.0,0.36363636363636365,-6000.0,-1000.0,50.0,50.0,50.0,0.08133032545971985,0.027757664704217137,0.3014209975917149,0.07017362039598196
NC_000907.1,NC_009997.1,5000,1,SAGE-GI/no-refine,6,5,2,33.33333333333333,7.04558910597987,19.833333333333332,10.397553516819572,93.63649394706779,0.09019315592168879,5950,78500,1503033,24050,2,8600.0,0.14244986866551348,-4600.0,8200.0,0.0,0.0,50.0,0.08133032545971985,0.027757664704217137,0.3014209975917149,0.07017362039598196
NC_000907.1,NC_009997.1,10000,0,Comp-only,6,6,3,50.0,28.011204481792717,50.0,35.90664272890485,93.47561090760892,0.3428965430876277,30000,77100,1504433,30000,3,5300.0,0.4444444444444444,-8000.0,2600.0,16.666666666666664,33.33333333333333,50.0,0.08133032545971985,0.027757664704217137,0.3014209975917149,0.07017362039598196
NC_000907.1,NC_009997.1,10000,0,DNABERT-2-only,6,3,1,16.666666666666664,3.0303030303030303,3.3333333333333335,3.1746031746031753,92.5679227892464,-0.006814686061960079,2000,64000,1517533,58000,1,22000.0,0.043478260869565216,8000.0,36000.0,0.0,0.0,0.0,0.08133032545971985,0.027757664704217137,0.3014209975917149,0.07017362039598196
NC_000907.1,NC_009997.1,10000,0,DNABERT-S-only,6,1,1,16.666666666666664,37.03703703703704,16.666666666666664,22.98850574712644,95.91844940065171,0.23004063448972717,10000,17000,1564533,50000,1,19000.0,0.20833333333333334,-1000.0,37000.0,50.0,50.0,50.0,0.08133032545971985,0.027757664704217137,0.3014209975917149,0.07017362039598196
NC_000907.1,NC_009997.1,10000,0,SAGE-GI,6,2,1,16.666666666666664,15.151515151515152,16.666666666666664,15.873015873015872,93.54262143983702,0.12538765041808098,10000,56000,1525533,50000,1,19000.0,0.20833333333333334,-1000.0,37000.0,50.0,50.0,50.0,0.08133032545971985,0.027757664704217137,0.3014209975917149,0.07017362039598196
NC_000907.1,NC_009997.1,10000,0,SAGE-GI/no-refine,6,5,3,50.0,32.48511099079588,50.0,39.382999671808335,94.37416122612217,0.37509947793015375,30000,62350,1519183,30000,3,6650.0,0.4291845493562232,-3550.0,7550.0,16.666666666666664,16.666666666666664,33.33333333333333,0.08133032545971985,0.027757664704217137,0.3014209975917149,0.07017362039598196
NC_000907.1,NC_009997.1,10000,1,Comp-only,6,7,2,33.33333333333333,13.463324048282265,24.166666666666668,17.2927847346452,91.55058107269241,0.13849789460713732,14500,93200,1488333,45500,2,9750.0,0.26997393243933243,-8950.0,5650.0,0.0,25.0,50.0,0.08133032545971985,0.027757664704217137,0.3014209975917149,0.07017362039598196
NC_000907.1,NC_009997.1,10000,1,DNABERT-2-only,6,4,2,33.33333333333333,29.411764705882355,33.33333333333333,31.25,94.63915742175149,0.28532556140899534,20000,48000,1533533,40000,2,8000.0,0.4423076923076923,-5000.0,8000.0,25.0,25.0,25.0,0.08133032545971985,0.027757664704217137,0.3014209975917149,0.07017362039598196
NC_000907.1,NC_009997.1,10000,1,DNABERT-S-only,6,2,1,16.666666666666664,25.64102564102564,16.666666666666664,20.2020202020202,95.18742541270872,0.18277131530876883,10000,29000,1552533,50000,1,5000.0,0.5,-10000.0,0.0,50.0,50.0,50.0,0.08133032545971985,0.027757664704217137,0.3014209975917149,0.07017362039598196
NC_000907.1,NC_009997.1,10000,1,SAGE-GI,6,4,2,33.33333333333333,22.727272727272727,33.33333333333333,27.027027027027025,93.4207841085132,0.24188875284862366,20000,68000,1513533,40000,2,0.0,0.75,-5000.0,0.0,75.0,75.0,75.0,0.08133032545971985,0.027757664704217137,0.3014209975917149,0.07017362039598196
NC_000907.1,NC_009997.1,10000,1,SAGE-GI/no-refine,6,5,2,33.33333333333333,20.5761316872428,33.33333333333333,25.44529262086514,92.86033238442359,0.2262162751622679,20000,77200,1504333,40000,2,7750.0,0.39387748785093013,-7700.0,7750.0,0.0,25.0,50.0,0.08133032545971985,0.027757664704217137,0.3014209975917149,0.07017362039598196
NC_000907.1,NC_009997.1,20000,0,Comp-only,6,9,6,100.0,63.008356545961,94.25,75.52587646076793,95.6921199882694,0.7505448422722212,113100,66400,1515133,6900,6,4200.0,0.6844896370536149,-5600.0,-450.0,16.666666666666664,25.0,58.333333333333336,0.08133032545971985,0.027757664704217137,0.3014209975917149,0.07017362039598196
NC_000907.1,NC_009997.1,20000,0,DNABERT-2-only,6,6,6,100.0,86.1788617886179,88.33333333333333,87.24279835390946,98.17811350117806,0.8626959176566862,106000,17000,1564533,14000,6,5500.0,0.5641025641025641,500.0,8000.0,33.33333333333333,41.66666666666667,50.0,0.08133032545971985,0.027757664704217137,0.3014209975917149,0.07017362039598196
NC_000907.1,NC_009997.1,20000,0,DNABERT-S-only,6,6,6,100.0,86.76470588235294,98.33333333333333,92.18749999999999,98.82458935559875,0.9176434932815559,118000,18000,1563533,2000,6,1000.0,0.875,0.0,1500.0,66.66666666666666,75.0,83.33333333333334,0.08133032545971985,0.027757664704217137,0.3014209975917149,0.07017362039598196
NC_000907.1,NC_009997.1,20000,0,SAGE-GI,6,7,6,100.0,80.82191780821918,98.33333333333333,88.7218045112782,98.23688403339813,0.8827221132871405,118000,28000,1553533,2000,6,1000.0,0.875,0.0,1500.0,66.66666666666666,75.0,83.33333333333334,0.08133032545971985,0.027757664704217137,0.3014209975917149,0.07017362039598196
NC_000907.1,NC_009997.1,20000,0,SAGE-GI/no-refine,6,8,6,100.0,71.32243684992571,100.0,83.26105810928014,97.16432182038197,0.8315437768603776,120000,48250,1533283,0,6,2700.0,0.6616794627818974,-2000.0,5550.0,8.333333333333332,50.0,66.66666666666666,0.08133032545971985,0.027757664704217137,0.3014209975917149,0.07017362039598196
NC_000907.1,NC_009997.1,20000,1,Comp-only,6,10,6,100.0,54.79603087100331,82.83333333333334,65.9588586595886,93.97014339422157,0.6441742118900599,99400,82000,1499533,20600,6,6400.0,0.48915275755199583,-10800.0,-3500.0,0.0,0.0,33.33333333333333,0.08133032545971985,0.027757664704217137,0.3014209975917149,0.07017362039598196
NC_000907.1,NC_009997.1,20000,1,DNABERT-2-only,6,8,6,100.0,67.94871794871796,88.33333333333333,76.81159420289855,96.23868593791597,0.7556563927451398,106000,50000,1531533,14000,6,1000.0,0.7916666666666667,0.0,500.0,66.66666666666666,66.66666666666666,66.66666666666666,0.08133032545971985,0.027757664704217137,0.3014209975917149,0.07017362039598196
NC_000907.1,NC_009997.1,20000,1,DNABERT-S-only,6,7,6,100.0,79.43262411347519,93.33333333333333,85.82375478927203,97.82549030785768,0.8497736149211834,112000,29000,1552533,8000,6,500.0,0.95,0.0,-500.0,83.33333333333334,83.33333333333334,91.66666666666666,0.08133032545971985,0.027757664704217137,0.3014209975917149,0.07017362039598196
NC_000907.1,NC_009997.1,20000,1,SAGE-GI,6,7,6,100.0,79.43262411347519,93.33333333333333,85.82375478927203,97.82549030785768,0.8497736149211834,112000,29000,1552533,8000,6,500.0,0.95,0.0,-500.0,83.33333333333334,83.33333333333334,91.66666666666666,0.08133032545971985,0.027757664704217137,0.3014209975917149,0.07017362039598196
NC_000907.1,NC_009997.1,20000,1,SAGE-GI/no-refine,6,8,6,100.0,69.24408540103866,100.0,81.82748039549949,96.86753063267065,0.8179881256045536,120000,53300,1528233,0,6,2800.0,0.6824787815370306,-4950.0,2350.0,0.0,41.66666666666667,66.66666666666666,0.08133032545971985,0.027757664704217137,0.3014209975917149,0.07017362039598196
NC_000907.1,NC_009997.1,40000,0,Comp-only,6,7,6,100.0,91.03282626100881,94.75,92.85422621478155,98.0785415361676,0.9176929805551168,227400,22400,1559133,12600,6,4450.0,0.7824424015977525,-5500.0,-2000.0,8.333333333333332,25.0,58.333333333333336,0.08133032545971985,0.027757664704217137,0.3014209975917149,0.07017362039598196
NC_000907.1,NC_009997.1,40000,0,DNABERT-2-only,6,7,6,100.0,86.5079365079365,90.83333333333333,88.6178861788618,96.92566645786818,0.8687647253875115,218000,34000,1547533,22000,6,6000.0,0.7617220801364024,4500.0,8000.0,25.0,33.33333333333333,41.66666666666667,0.08133032545971985,0.027757664704217137,0.3014209975917149,0.07017362039598196
NC_000907.1,NC_009997.1,40000,0,DNABERT-S-only,6,7,6,100.0,87.95040681906238,94.58333333333333,91.14635615338285,97.57896233557119,0.898258404481544,227000,31100,1550433,13000,6,5500.0,0.7328703703703703,-500.0,9000.0,16.666666666666664,33.33333333333333,50.0,0.08133032545971985,0.027757664704217137,0.3014209975917149,0.07017362039598196
NC_000907.1,NC_009997.1,40000,0,SAGE-GI,6,7,6,100.0,85.37044001504324,94.58333333333333,89.74105554457404,97.15075159220284,0.8824769163885887,227000,38900,1542633,13000,6,5500.0,0.7328703703703703,-500.0,9000.0,16.666666666666664,33.33333333333333,50.0,0.08133032545971985,0.027757664704217137,0.3014209975917149,0.07017362039598196
NC_000907.1,NC_009997.1,40000,0,SAGE-GI/no-refine,6,7,6,100.0,86.59570629622948,100.0,92.81639756356957,97.96050908767505,0.9195737309375406,240000,37150,1544383,0,6,1700.0,0.9124676162433802,-1500.0,2350.0,16.666666666666664,75.0,83.33333333333334,0.08133032545971985,0.027757664704217137,0.3014209975917149,0.07017362039598196
NC_000907.1,NC_009997.1,40000,1,Comp-only,6,8,6,100.0,83.68316831683168,88.04166666666666,85.80710659898477,96.16257295366046,0.8362612501714759,211300,41200,1540333,28700,6,5200.0,0.7496187680699528,-7650.0,-4750.0,0.0,0.0,41.66666666666667,0.08133032545971985,0.027757664704217137,0.3014209975917149,0.07017362039598196
NC_000907.1,NC_009997.1,40000,1,DNABERT-2-only,6,7,6,100.0,83.2089552238806,92.91666666666667,87.79527559055119,96.59627357835406,0.8600103310484963,223000,45000,1536533,17000,6,2000.0,0.8708333333333333,0.0,500.0,41.66666666666667,58.333333333333336,66.66666666666666,0.08133032545971985,0.027757664704217137,0.3014209975917149,0.07017362039598196
NC_000907.1,NC_009997.1,40000,1,DNABERT-S-only,6,8,6,100.0,81.11888111888112,96.66666666666667,88.212927756654,96.59627357835406,0.8669449333299744,232000,54000,1527533,8000,6,1000.0,0.9518002322880371,-500.0,0.0,83.33333333333334,83.33333333333334,83.33333333333334,0.08133032545971985,0.027757664704217137,0.3014209975917149,0.07017362039598196
NC_000907.1,NC_009997.1,40000,1,SAGE-GI,6,8,6,100.0,78.91156462585033,96.66666666666667,86.89138576779027,96.15708307233523,0.8526542035921932,232000,62000,1519533,8000,6,1000.0,0.9518002322880371,-500.0,0.0,83.33333333333334,83.33333333333334,83.33333333333334,0.08133032545971985,0.027757664704217137,0.3014209975917149,0.07017362039598196
NC_000907.1,NC_009997.1,40000,1,SAGE-GI/no-refine,6,8,6,100.0,82.36101578586135,100.0,90.32743695897628,97.17820099882901,0.8926604815337521,240000,51400,1530133,0,6,1750.0,0.9259308874040177,-1850.0,1450.0,25.0,75.0,91.66666666666666,0.08133032545971985,0.027757664704217137,0.3014209975917149,0.07017362039598196
NC_000907.1,NC_009997.1,80000,0,Comp-only,6,6,6,100.0,97.58220502901354,84.08333333333333,90.33124440465534,95.80894412071017,0.8807069774628848,403600,10000,1571533,76400,6,4900.0,0.8410098489474103,-1850.0,-7100.0,0.0,25.0,50.0,0.08133032545971985,0.027757664704217137,0.3014209975917149,0.07017362039598196
NC_000907.1,NC_009997.1,80000,0,DNABERT-2-only,6,7,6,100.0,93.8215518807923,53.78125,68.37052241276567,88.41396184295861,0.6550140102255306,258150,17000,1564533,221850,6,21000.0,0.520203488372093,16500.0,-26925.0,16.666666666666664,16.666666666666664,16.666666666666664,0.08133032545971985,0.027757664704217137,0.3014209975917149,0.07017362039598196
NC_000907.1,NC_009997.1,80000,0,DNABERT-S-only,6,6,5,83.33333333333334,83.12236286919831,41.041666666666664,54.95118549511854,84.33204804385862,0.5102830508909901,197000,40000,1541533,283000,5,26000.0,0.4375,31000.0,-3000.0,20.0,20.0,30.0,0.08133032545971985,0.027757664704217137,0.3014209975917149,0.07017362039598196
NC_000907.1,NC_009997.1,80000,0,SAGE-GI,6,7,6,100.0,87.05501618122977,56.041666666666664,68.1875792141952,87.82459460993348,0.6335814365464619,269000,40000,1541533,211000,6,17500.0,0.48125,12500.0,-7500.0,25.0,33.33333333333333,41.66666666666667,0.08133032545971985,0.027757664704217137,0.3014209975917149,0.07017362039598196
NC_000907.1,NC_009997.1,80000,0,SAGE-GI/no-refine,6,7,6,100.0,87.6004016064257,54.53125,67.21879815100154,87.6160119677929,0.6265442031533803,261750,37050,1544483,218250,6,17050.0,0.5562499999999999,15750.0,-10400.0,8.333333333333332,8.333333333333332,8.333333333333332,0.08133032545971985,0.027757664704217137,0.3014209975917149,0.07017362039598196
NC_000907.1,NC_009997.1,80000,1,Comp-only,6,7,6,100.0,93.18537859007833,74.35416666666667,82.71147161066048,92.76266739363376,0.7900470259224841,356900,26100,1555433,123100,6,7800.0,0.7979513867535821,-650.0,-8000.0,16.666666666666664,16.666666666666664,25.0,0.08133032545971985,0.027757664704217137,0.3014209975917149,0.07017362039598196
NC_000907.1,NC_009997.1,80000,1,DNABERT-2-only,6,5,4,66.66666666666666,80.59071729957806,39.791666666666664,53.27754532775454,83.74995694951282,0.4886940890186341,191000,46000,1535533,289000,4,22000.0,0.540563725490196,5500.0,-26000.0,0.0,12.5,12.5,0.08133032545971985,0.027757664704217137,0.3014209975917149,0.07017362039598196
NC_000907.1,NC_009997.1,80000,1,DNABERT-S-only,6,6,4,66.66666666666666,72.6829268292683,31.041666666666668,43.5036496350365,81.22756220734763,0.3883978196051952,149000,56000,1525533,331000,4,19500.0,0.5625,4000.0,-35000.0,37.5,37.5,37.5,0.08133032545971985,0.027757664704217137,0.3014209975917149,0.07017362039598196
NC_000907.1,NC_009997.1,80000,1,SAGE-GI,6,6,4,66.66666666666666,81.33333333333333,50.83333333333333,62.56410256410256,85.83578337091863,0.5668206718197668,244000,56000,1525533,236000,4,1000.0,0.7506944444444444,4000.0,500.0,62.5,62.5,62.5,0.08133032545971985,0.027757664704217137,0.3014209975917149,0.07017362039598196
NC_000907.1,NC_009997.1,80000,1,SAGE-GI/no-refine,6,6,4,66.66666666666666,79.87567987567988,42.833333333333336,55.76349335503119,84.17682375203307,0.5057732533385779,205600,51800,1529733,274400,4,10550.0,0.6325000000000001,6100.0,-13400.0,0.0,0.0,12.5,0.08133032545971985,0.027757664704217137,0.3014209975917149,0.07017362039598196
NC_000907.1,NC_008321.1,5000,0,Comp-only,6,5,2,33.33333333333333,10.964912280701753,33.33333333333333,16.5016501650165,93.72026511402497,0.16495589060700655,10000,81200,1500333,20000,2,9400.0,0.17149708090075064,-9400.0,18500.0,0.0,0.0,25.0,0.09744179881795001,0.031057152055181128,0.34917300894877934,0.08961678966221853
NC_000907.1,NC_008321.1,5000,0,DNABERT-2-only,6,3,1,16.666666666666664,6.666666666666667,16.666666666666664,9.523809523809522,94.10499195486534,0.0785416866058552,5000,70000,1511533,25000,1,24000.0,0.09433962264150944,-12000.0,36000.0,0.0,0.0,0.0,0.09744179881795001,0.031057152055181128,0.34917300894877934,0.08961678966221853
NC_000907.1,NC_008321.1,5000,0,DNABERT-S-only,6,1,1,16.666666666666664,21.73913043478261,16.666666666666664,18.867924528301884,97.33173320062326,0.1769571339026905,5000,18000,1563533,25000,1,19500.0,0.11363636363636363,-1000.0,38000.0,50.0,50.0,50.0,0.09744179881795001,0.031057152055181128,0.34917300894877934,0.08961678966221853
NC_000907.1,NC_008321.1,5000,0,SAGE-GI,6,2,1,16.666666666666664,8.064516129032258,16.666666666666664,10.869565217391303,94.91167726630482,0.0917977595291514,5000,57000,1524533,25000,1,19500.0,0.11363636363636363,-1000.0,38000.0,50.0,50.0,50.0,0.09744179881795001,0.031057152055181128,0.34917300894877934,0.08961678966221853
NC_000907.1,NC_008321.1,5000,0,SAGE-GI/no-refine,6,3,1,16.666666666666664,7.199424046076314,16.666666666666664,10.055304172951232,94.44938453013373,0.08380838212103346,5000,64450,1517083,25000,1,20850.0,0.10706638115631692,-3050.0,38650.0,0.0,0.0,50.0,0.09744179881795001,0.031057152055181128,0.34917300894877934,0.08961678966221853
NC_000907.1,NC_008321.1,5000,1,Comp-only,6,5,1,16.666666666666664,4.9603174603174605,16.666666666666664,7.645259938837921,92.50403187523929,0.05921891261358413,5000,95800,1485733,25000,1,10200.0,0.1968503937007874,-3500.0,16900.0,0.0,0.0,50.0,0.09744179881795001,0.031057152055181128,0.34917300894877934,0.08961678966221853
NC_000907.1,NC_008321.1,5000,1,DNABERT-2-only,6,4,0,0.0,0.0,0.0,0.0,92.1813577506635,-0.03466365998547793,0,96000,1485533,30000,0,,,,,,,,0.09744179881795001,0.031057152055181128,0.34917300894877934,0.08961678966221853
NC_000907.1,NC_008321.1,5000,1,DNABERT-S-only,6,1,0,0.0,0.0,0.0,0.0,95.84246801027345,-0.021112831256167187,0,37000,1544533,30000,0,,,,,,,,0.09744179881795001,0.031057152055181128,0.34917300894877934,0.08961678966221853
NC_000907.1,NC_008321.1,5000,1,SAGE-GI,6,2,0,0.0,0.0,0.0,0.0,93.85678108980704,-0.029129217055764645,0,69000,1512533,30000,0,,,,,,,,0.09744179881795001,0.031057152055181128,0.34917300894877934,0.08961678966221853
NC_000907.1,NC_008321.1,5000,1,SAGE-GI/no-refine,6,5,2,33.33333333333333,6.361951822112415,17.166666666666668,9.28346101847679,93.75439410797048,0.07657159325897502,5150,75800,1505733,24850,2,8650.0,0.12112042417588303,-4150.0,7850.0,0.0,0.0,50.0,0.09744179881795001,0.031057152055181128,0.34917300894877934,0.08961678966221853
NC_000907.1,NC_008321.1,10000,0,Comp-only,6,5,2,33.33333333333333,21.52852529601722,33.33333333333333,26.160889470241987,93.12228264676982,0.2332790675806397,20000,72900,1508633,40000,2,9750.0,0.29722692766171027,-9750.0,18150.0,0.0,0.0,25.0,0.09744179881795001,0.031057152055181128,0.34917300894877934,0.08961678966221853
NC_000907.1,NC_008321.1,10000,0,DNABERT-2-only,6,4,2,33.33333333333333,23.52941176470588,33.33333333333333,27.586206896551722,93.60354010549895,0.24748952526656656,20000,65000,1516533,40000,2,13500.0,0.2303921568627451,-11500.0,25500.0,0.0,0.0,0.0,0.09744179881795001,0.031057152055181128,0.34917300894877934,0.08961678966221853
NC_000907.1,NC_008321.1,10000,0,DNABERT-S-only,6,2,2,33.33333333333333,54.054054054054056,33.33333333333333,41.23711340206185,96.52763605727085,0.4078333628926062,20000,17000,1564533,40000,2,4500.0,0.3673245614035088,-2000.0,21500.0,25.0,25.0,50.0,0.09744179881795001,0.031057152055181128,0.34917300894877934,0.08961678966221853
NC_000907.1,NC_008321.1,10000,0,SAGE-GI,6,4,3,50.0,35.294117647058826,50.0,41.37931034482759,94.82191341873724,0.3939924295895805,30000,55000,1526533,30000,3,2000.0,0.5263157894736842,-1000.0,6000.0,50.0,50.0,66.66666666666666,0.09744179881795001,0.031057152055181128,0.34917300894877934,0.08961678966221853
NC_000907.1,NC_008321.1,10000,0,SAGE-GI/no-refine,6,5,3,50.0,32.48511099079588,50.0,39.382999671808335,94.37416122612217,0.37509947793015375,30000,62350,1519183,30000,3,6150.0,0.44052863436123346,-3450.0,7650.0,0.0,0.0,50.0,0.09744179881795001,0.031057152055181128,0.34917300894877934,0.08961678966221853
NC_000907.1,NC_008321.1,10000,1,Comp-only,6,7,2,33.33333333333333,15.521855486173058,28.999999999999996,20.22080185938408,91.63586720461909,0.17119997843519327,17400,94700,1486833,42600,2,10600.0,0.29008097165991903,-12600.0,5950.0,0.0,0.0,25.0,0.09744179881795001,0.031057152055181128,0.34917300894877934,0.08961678966221853
NC_000907.1,NC_008321.1,10000,1,DNABERT-2-only,6,5,3,50.0,26.168224299065418,46.666666666666664,33.532934131736525,93.23802811152746,0.316791865035475,28000,79000,1502533,32000,3,4500.0,0.5,-10000.0,0.0,33.33333333333333,50.0,50.0,0.09744179881795001,0.031057152055181128,0.34917300894877934,0.08961678966221853
NC_000907.1,NC_008321.1,10000,1,DNABERT-S-only,6,3,2,33.33333333333333,30.64516129032258,31.666666666666664,31.147540983606564,94.88283208439915,0.28495081688877905,19000,43000,1538533,41000,2,5500.0,0.4035714285714286,-14000.0,-500.0,50.0,50.0,50.0,0.09744179881795001,0.031057152055181128,0.34917300894877934,0.08961678966221853
NC_000907.1,NC_008321.1,10000,1,SAGE-GI,6,4,2,33.33333333333333,22.093023255813954,31.666666666666664,26.027397260273972,93.4207841085132,0.23102341960869993,19000,67000,1514533,41000,2,5500.0,0.4035714285714286,-14000.0,-500.0,50.0,50.0,50.0,0.09744179881795001,0.031057152055181128,0.34917300894877934,0.08961678966221853
NC_000907.1,NC_008321.1,10000,1,SAGE-GI/no-refine,6,6,3,50.0,20.86553323029366,33.75,25.787965616045845,92.89992951710383,0.22989650383910526,20250,76800,1504733,39750,3,10300.0,0.36764705882352944,-10850.0,4050.0,0.0,0.0,33.33333333333333,0.09744179881795001,0.031057152055181128,0.34917300894877934,0.08961678966221853
NC_000907.1,NC_008321.1,20000,0,Comp-only,6,8,6,100.0,70.98844672657253,92.16666666666666,80.20304568527919,96.79112894078457,0.7928160932270367,110600,45200,1536333,9400,6,5650.0,0.6129078865475238,-6400.0,-350.0,0.0,16.666666666666664,41.66666666666667,0.09744179881795001,0.031057152055181128,0.34917300894877934,0.08961678966221853
NC_000907.1,NC_008321.1,20000,0,DNABERT-2-only,6,5,5,83.33333333333334,83.80952380952381,73.33333333333333,78.22222222222223,97.12024392121693,0.7688376724466156,88000,17000,1564533,32000,5,5500.0,0.6153846153846154,1000.0,10000.0,20.0,30.0,50.0,0.09744179881795001,0.031057152055181128,0.34917300894877934,0.08961678966221853
NC_000907.1,NC_008321.1,20000,0,DNABERT-S-only,6,6,6,100.0,86.95652173913044,100.0,93.02325581395348,98.94213042003888,0.9271830351354623,120000,18000,1563533,0,6,0.0,0.9761904761904762,0.0,500.0,75.0,83.33333333333334,91.66666666666666,0.09744179881795001,0.031057152055181128,0.34917300894877934,0.08961678966221853
NC_000907.1,NC_008321.1,20000,0,SAGE-GI,6,6,6,100.0,86.95652173913044,100.0,93.02325581395348,98.94213042003888,0.9271830351354623,120000,18000,1563533,0,6,0.0,0.9761904761904762,0.0,500.0,75.0,83.33333333333334,91.66666666666666,0.09744179881795001,0.031057152055181128,0.34917300894877934,0.08961678966221853
NC_000907.1,NC_008321.1,20000,0,SAGE-GI/no-refine,6,7,6,100.0,75.7336699274219,100.0,86.19141677141317,97.74027303613859,0.8596071426655092,120000,38450,1543083,0,6,3100.0,0.7181744468898413,-3050.0,3850.0,0.0,16.666666666666664,75.0,0.09744179881795001,0.031057152055181128,0.34917300894877934,0.08961678966221853
NC_000907.1,NC_008321.1,20000,1,Comp-only,6,9,6,100.0,60.70763500931099,81.5,69.5837780149413,94.97511949518463,0.6777173000492822,97800,63300,1518233,22200,6,6100.0,0.47351089658781964,-10450.0,-4100.0,0.0,0.0,33.33333333333333,0.09744179881795001,0.031057152055181128,0.34917300894877934,0.08961678966221853
NC_000907.1,NC_008321.1,20000,1,DNABERT-2-only,6,7,5,83.33333333333334,54.81927710843374,75.83333333333333,63.63636363636363,93.88786464911347,0.6134248415649695,91000,75000,1506533,29000,5,1500.0,0.75,0.0,-1000.0,50.0,70.0,80.0,0.09744179881795001,0.031057152055181128,0.34917300894877934,0.08961678966221853
NC_000907.1,NC_008321.1,20000,1,DNABERT-S-only,6,7,6,100.0,76.15894039735099,95.83333333333334,84.87084870848707,97.59040817897743,0.8423204438157904,115000,36000,1545533,5000,6,500.0,0.8999999999999999,0.0,-500.0,75.0,75.0,83.33333333333334,0.09744179881795001,0.031057152055181128,0.34917300894877934,0.08961678966221853
NC_000907.1,NC_008321.1,20000,1,SAGE-GI,6,7,6,100.0,76.15894039735099,95.83333333333334,84.87084870848707,97.59040817897743,0.8423204438157904,115000,36000,1545533,5000,6,500.0,0.8999999999999999,0.0,-500.0,75.0,75.0,83.33333333333334,0.09744179881795001,0.031057152055181128,0.34917300894877934,0.08961678966221853
NC_000907.1,NC_008321.1,20000,1,SAGE-GI/no-refine,6,9,6,100.0,62.43496357960458,100.0,76.87379884689301,95.75676757371147,0.7719111887218526,120000,72200,1509333,0,6,2650.0,0.666460696473496,-4750.0,2450.0,8.333333333333332,33.33333333333333,66.66666666666666,0.09744179881795001,0.031057152055181128,0.34917300894877934,0.08961678966221853
NC_000907.1,NC_008321.1,40000,0,Comp-only,6,7,6,100.0,87.99694189602447,95.91666666666666,91.78628389154704,97.73816889400302,0.9059057473220686,230200,31400,1550133,9800,6,5000.0,0.817185019017023,-5800.0,-1450.0,8.333333333333332,25.0,50.0,0.09744179881795001,0.031057152055181128,0.34917300894877934,0.08961678966221853
NC_000907.1,NC_008321.1,40000,0,DNABERT-2-only,6,6,6,100.0,93.14516129032258,96.25,94.67213114754097,98.5726308554388,0.9386513180851968,231000,17000,1564533,9000,6,3000.0,0.816069906223359,1000.0,8000.0,33.33333333333333,50.0,58.333333333333336,0.09744179881795001,0.031057152055181128,0.34917300894877934,0.08961678966221853
NC_000907.1,NC_008321.1,40000,0,DNABERT-S-only,6,7,6,100.0,89.171974522293,99.16666666666667,93.9041231012034,98.30362667050227,0.9309896557298419,238000,28900,1552633,2000,6,1000.0,0.9095607235142118,0.0,4000.0,66.66666666666666,66.66666666666666,83.33333333333334,0.09744179881795001,0.031057152055181128,0.34917300894877934,0.08961678966221853
NC_000907.1,NC_008321.1,40000,0,SAGE-GI,6,7,6,100.0,86.59420289855072,99.58333333333333,92.6356589147287,97.91384509641054,0.9173036635504408,239000,37000,1544533,1000,6,1000.0,0.8248299319727892,0.0,6000.0,58.333333333333336,58.333333333333336,66.66666666666666,0.09744179881795001,0.031057152055181128,0.34917300894877934,0.08961678966221853
NC_000907.1,NC_008321.1,40000,0,SAGE-GI/no-refine,6,7,6,100.0,86.56447249774571,100.0,92.79845335911068,97.95501920634982,0.9193781109471999,240000,37250,1544283,0,6,2250.0,0.8753783090066276,-2100.0,3350.0,8.333333333333332,58.333333333333336,83.33333333333334,0.09744179881795001,0.031057152055181128,0.34917300894877934,0.08961678966221853
NC_000907.1,NC_008321.1,40000,1,Comp-only,6,8,6,100.0,84.03361344537815,91.66666666666666,87.6843363889996,96.60725334100452,0.8583022495166418,220000,41800,1539733,20000,6,5550.0,0.7583737042246184,-8000.0,-3750.0,0.0,0.0,50.0,0.09744179881795001,0.031057152055181128,0.34917300894877934,0.08961678966221853
NC_000907.1,NC_008321.1,40000,1,DNABERT-2-only,6,7,6,100.0,81.78137651821862,84.16666666666667,82.95687885010267,95.44339850005463,0.8033870773928128,202000,45000,1536533,38000,6,2000.0,0.875,0.0,-4500.0,41.66666666666667,58.333333333333336,66.66666666666666,0.09744179881795001,0.031057152055181128,0.34917300894877934,0.08961678966221853
NC_000907.1,NC_008321.1,40000,1,DNABERT-S-only,6,8,6,100.0,85.25179856115108,98.75,91.5057915057915,97.58445221689642,0.9043736727998981,237000,41000,1540533,3000,6,0.0,0.9875,0.0,0.0,83.33333333333334,91.66666666666666,91.66666666666666,0.09744179881795001,0.031057152055181128,0.34917300894877934,0.08961678966221853
NC_000907.1,NC_008321.1,40000,1,SAGE-GI,6,8,6,100.0,83.12872676253946,98.75,90.26852028185107,97.19467064280471,0.8909236861432434,237000,48100,1533433,3000,6,0.0,0.9875,0.0,0.0,83.33333333333334,91.66666666666666,91.66666666666666,0.09744179881795001,0.031057152055181128,0.34917300894877934,0.08961678966221853
NC_000907.1,NC_008321.1,40000,1,SAGE-GI/no-refine,6,8,6,100.0,85.43965824136703,100.0,92.1482050297562,97.75463853797872,0.9123053468300509,240000,40900,1540633,0,6,2600.0,0.886023784292947,-2400.0,2650.0,8.333333333333332,41.66666666666667,91.66666666666666,0.09744179881795001,0.031057152055181128,0.34917300894877934,0.08961678966221853
NC_000907.1,NC_008321.1,80000,0,Comp-only,6,6,6,100.0,100.0,88.16666666666667,93.71124889282551,97.24476882009651,0.922550716346753,423200,0,1581533,56800,6,5500.0,0.8637118136173578,-2400.0,-6600.0,0.0,25.0,41.66666666666667,0.09744179881795001,0.031057152055181128,0.34917300894877934,0.08961678966221853
NC_000907.1,NC_008321.1,80000,0,DNABERT-2-only,6,5,4,66.66666666666666,90.66666666666666,42.5,57.872340425531924,85.59324541494121,0.5580497582097302,204000,21000,1560533,276000,4,5500.0,0.6375,25000.0,-2000.0,12.5,25.0,50.0,0.09744179881795001,0.031057152055181128,0.34917300894877934,0.08961678966221853
NC_000907.1,NC_008321.1,80000,0,DNABERT-S-only,6,7,5,83.33333333333334,85.48563113859585,48.95833333333333,62.259901973771356,86.18018726840657,0.5773039091503851,235000,39900,1541633,245000,5,17000.0,0.5375,14000.0,0.0,40.0,40.0,40.0,0.09744179881795001,0.031057152055181128,0.34917300894877934,0.08961678966221853
NC_000907.1,NC_008321.1,80000,0,SAGE-GI,6,6,5,83.33333333333334,88.47352024922118,59.166666666666664,70.91136079900126,88.6977312514522,0.6624026889815168,284000,37000,1544533,196000,5,5000.0,0.825,14000.0,0.0,50.0,50.0,50.0,0.09744179881795001,0.031057152055181128,0.34917300894877934,0.08961678966221853
NC_000907.1,NC_008321.1,80000,0,SAGE-GI/no-refine,6,6,5,83.33333333333334,84.42928039702234,42.53125,56.56691604322527,84.79287016021573,0.5273759578982732,204150,37650,1543883,275850,5,13800.0,0.74875,15050.0,-5050.0,0.0,0.0,10.0,0.09744179881795001,0.031057152055181128,0.34917300894877934,0.08961678966221853
NC_000907.1,NC_008321.1,80000,1,Comp-only,6,8,6,100.0,94.67509025270758,87.41666666666667,90.90121317157713,95.92536233957934,0.883980440317596,419600,23600,1557933,60400,6,5900.0,0.8839893334267973,-2600.0,-6850.0,0.0,16.666666666666664,41.66666666666667,0.09744179881795001,0.031057152055181128,0.34917300894877934,0.08961678966221853
NC_000907.1,NC_008321.1,80000,1,DNABERT-2-only,6,5,3,50.0,69.73180076628353,37.916666666666664,49.12280701754387,81.71263811930248,0.41842607507925944,182000,79000,1502533,298000,3,3000.0,0.8735632183908046,2000.0,1000.0,33.33333333333333,50.0,66.66666666666666,0.09744179881795001,0.031057152055181128,0.34917300894877934,0.08961678966221853
NC_000907.1,NC_008321.1,80000,1,DNABERT-S-only,6,7,5,83.33333333333334,81.50470219435736,54.166666666666664,65.081351689612,86.46638205645992,0.5894072525870862,260000,59000,1522533,220000,5,5500.0,0.8125,0.0,0.0,50.0,50.0,50.0,0.09744179881795001,0.031057152055181128,0.34917300894877934,0.08961678966221853
NC_000907.1,NC_008321.1,80000,1,SAGE-GI,6,7,5,83.33333333333334,84.63541666666666,67.70833333333334,75.23148148148148,89.6193754841664,0.6945247655350695,325000,59000,1522533,155000,5,500.0,0.9753086419753086,0.0,0.0,70.0,70.0,70.0,0.09744179881795001,0.031057152055181128,0.34917300894877934,0.08961678966221853
NC_000907.1,NC_008321.1,80000,1,SAGE-GI/no-refine,6,7,5,83.33333333333334,83.55116353203698,54.604166666666664,66.04510520347738,86.92720417281703,0.6041171351785506,262100,51600,1529933,217900,5,9150.0,0.69,4450.0,-10450.0,0.0,10.0,20.0,0.09744179881795001,0.031057152055181128,0.34917300894877934,0.08961678966221853
NC_000907.1,NC_010102.1,5000,0,Comp-only,6,5,2,33.33333333333333,11.11111111111111,33.33333333333333,16.666666666666664,93.79472837354245,0.16643308410367177,10000,80000,1501533,20000,2,8800.0,0.17689462727554592,-8800.0,18150.0,0.0,0.0,50.0,0.13959467163881978,0.041630775395072164,0.47907347698471653,0.16618679198477515
NC_000907.1,NC_010102.1,5000,0,DNABERT-2-only,6,3,1,16.666666666666664,7.042253521126761,16.666666666666664,9.900990099009901,94.35320281992364,0.08228472421259433,5000,66000,1515533,25000,1,18500.0,0.11904761904761904,-1000.0,36000.0,50.0,50.0,50.0,0.13959467163881978,0.041630775395072164,0.47907347698471653,0.16618679198477515
NC_000907.1,NC_010102.1,5000,0,DNABERT-S-only,6,1,1,16.666666666666664,20.833333333333336,16.666666666666664,18.51851851851852,97.26968048435867,0.17258026122251902,5000,19000,1562533,25000,1,20000.0,0.1111111111111111,-1000.0,39000.0,50.0,50.0,50.0,0.13959467163881978,0.041630775395072164,0.47907347698471653,0.16618679198477515
NC_000907.1,NC_010102.1,5000,0,SAGE-GI,6,3,1,16.666666666666664,6.25,16.666666666666664,9.090909090909092,93.79472837354245,0.07420433870323768,5000,75000,1506533,25000,1,20000.0,0.1111111111111111,-1000.0,39000.0,50.0,50.0,50.0,0.13959467163881978,0.041630775395072164,0.47907347698471653,0.16618679198477515
NC_000907.1,NC_010102.1,5000,0,SAGE-GI/no-refine,6,4,1,16.666666666666664,5.844535359438924,16.666666666666664,8.654262224145391,93.45033579827407,0.06977179282313493,5000,80550,1500983,25000,1,21200.0,0.10548523206751055,-3750.0,38650.0,0.0,0.0,50.0,0.13959467163881978,0.041630775395072164,0.47907347698471653,0.16618679198477515
NC_000907.1,NC_010102.1,5000,1,Comp-only,6,7,2,33.33333333333333,6.862745098039216,25.666666666666664,10.829817158931082,92.13171557765185,0.10121803169498034,7700,104500,1477033,22300,2,10000.0,0.15555555555555556,-11600.0,6900.0,0.0,25.0,50.0,0.13959467163881978,0.041630775395072164,0.47907347698471653,0.16618679198477515
NC_000907.1,NC_010102.1,5000,1,DNABERT-2-only,6,5,1,16.666666666666664,4.132231404958678,16.666666666666664,6.622516556291391,91.25056700669487,0.04786427829952605,5000,116000,1465533,25000,1,5000.0,0.3333333333333333,-10000.0,0.0,50.0,50.0,50.0,0.13959467163881978,0.041630775395072164,0.47907347698471653,0.16618679198477515
NC_000907.1,NC_010102.1,5000,1,DNABERT-S-only,6,2,1,16.666666666666664,11.904761904761903,16.666666666666664,13.88888888888889,96.15273159159634,0.12154864749144119,5000,37000,1544533,25000,1,5000.0,0.3333333333333333,-10000.0,0.0,50.0,50.0,50.0,0.13959467163881978,0.041630775395072164,0.47907347698471653,0.16618679198477515
NC_000907.1,NC_010102.1,5000,1,SAGE-GI,6,4,1,16.666666666666664,6.756756756756757,16.666666666666664,9.615384615384615,94.1670446711299,0.07945318837968071,5000,69000,1512533,25000,1,5000.0,0.3333333333333333,-10000.0,0.0,50.0,50.0,50.0,0.13959467163881978,0.041630775395072164,0.47907347698471653,0.16618679198477515
NC_000907.1,NC_010102.1,5000,1,SAGE-GI/no-refine,6,6,2,33.33333333333333,7.914500288850375,22.833333333333332,11.754611754611755,93.61787813218841,0.10668548344388055,6850,79700,1501833,23150,2,8550.0,0.16298740105621348,-5050.0,8700.0,0.0,0.0,50.0,0.13959467163881978,0.041630775395072164,0.47907347698471653,0.16618679198477515
NC_000907.1,NC_010102.1,10000,0,Comp-only,6,6,3,50.0,28.653295128939828,50.0,36.42987249544626,93.62181570519752,0.3476987848877724,30000,74700,1506833,30000,3,6350.0,0.3968253968253968,-9500.0,3200.0,0.0,33.33333333333333,50.0,0.13959467163881978,0.041630775395072164,0.47907347698471653,0.16618679198477515
NC_000907.1,NC_010102.1,10000,0,DNABERT-2-only,6,4,3,50.0,38.15789473684211,48.333333333333336,42.64705882352941,95.24834407837065,0.4051021702858479,29000,47000,1534533,31000,3,500.0,0.6666666666666666,0.0,5000.0,66.66666666666666,66.66666666666666,83.33333333333334,0.13959467163881978,0.041630775395072164,0.47907347698471653,0.16618679198477515
NC_000907.1,NC_010102.1,10000,0,DNABERT-S-only,6,2,2,33.33333333333333,51.28205128205128,33.33333333333333,40.4040404040404,96.40579872594702,0.3959280551740148,20000,19000,1562533,40000,2,1500.0,0.48665620094191525,-500.0,20500.0,50.0,75.0,75.0,0.13959467163881978,0.041630775395072164,0.47907347698471653,0.16618679198477515
NC_000907.1,NC_010102.1,10000,0,SAGE-GI,6,4,3,50.0,49.01960784313725,50.0,49.5049504950495,96.27177766149082,0.47572095583207386,30000,31200,1550333,30000,3,500.0,0.7692307692307693,0.0,2000.0,66.66666666666666,83.33333333333334,83.33333333333334,0.13959467163881978,0.041630775395072164,0.47907347698471653,0.16618679198477515
NC_000907.1,NC_010102.1,10000,0,SAGE-GI/no-refine,6,5,3,50.0,36.96857670979667,50.0,42.507970244420825,95.0564502815356,0.4048398172351178,30000,51150,1530383,30000,3,6050.0,0.45248868778280543,-3850.0,7450.0,0.0,0.0,33.33333333333333,0.13959467163881978,0.041630775395072164,0.47907347698471653,0.16618679198477515
NC_000907.1,NC_010102.1,10000,1,Comp-only,6,7,2,33.33333333333333,14.590443686006827,28.499999999999996,19.300225733634313,91.28863081034618,0.16158103609794985,17100,100100,1481433,42900,2,7500.0,0.33445523680445755,-8650.0,5800.0,0.0,50.0,50.0,0.13959467163881978,0.041630775395072164,0.47907347698471653,0.16618679198477515
NC_000907.1,NC_010102.1,10000,1,DNABERT-2-only,6,3,1,16.666666666666664,11.76470588235294,16.666666666666664,13.793103448275861,92.38516679226065,0.10098662094355268,10000,75000,1506533,50000,1,5000.0,0.5,-10000.0,0.0,50.0,50.0,50.0,0.13959467163881978,0.041630775395072164,0.47907347698471653,0.16618679198477515
NC_000907.1,NC_010102.1,10000,1,DNABERT-S-only,6,3,2,33.33333333333333,35.08771929824561,33.33333333333333,34.18803418803419,95.30926274403257,0.31768882925672526,20000,37000,1544533,40000,2,0.0,0.75,-5000.0,0.0,75.0,75.0,75.0,0.13959467163881978,0.041630775395072164,0.47907347698471653,0.16618679198477515
NC_000907.1,NC_010102.1,10000,1,SAGE-GI,6,5,4,66.66666666666666,51.94805194805194,66.66666666666666,58.39416058394159,96.52763605727085,0.5709149763429864,40000,37000,1544533,20000,4,0.0,0.9545454545454546,0.0,0.0,87.5,87.5,87.5,0.13959467163881978,0.041630775395072164,0.47907347698471653,0.16618679198477515
NC_000907.1,NC_010102.1,10000,1,SAGE-GI/no-refine,6,7,4,66.66666666666666,26.09542356377799,44.666666666666664,32.94406883835279,93.35377357628509,0.3089250093753238,26800,75900,1505633,33200,4,9250.0,0.2993953055674825,-10900.0,-600.0,0.0,12.5,25.0,0.13959467163881978,0.041630775395072164,0.47907347698471653,0.16618679198477515
NC_000907.1,NC_010102.1,20000,0,Comp-only,6,8,6,100.0,69.27239927841251,96.0,80.47502619629759,96.7147272488985,0.7998327010443989,115200,51100,1530433,4800,6,5400.0,0.6701852891633913,-6800.0,-100.0,16.666666666666664,33.33333333333333,50.0,0.13959467163881978,0.041630775395072164,0.47907347698471653,0.16618679198477515
NC_000907.1,NC_010102.1,20000,0,DNABERT-2-only,6,6,6,100.0,87.96992481203007,97.5,92.49011857707508,98.88335988781881,0.9203051693710792,117000,16000,1565533,3000,6,0.0,0.9,0.0,2500.0,66.66666666666666,66.66666666666666,83.33333333333334,0.13959467163881978,0.041630775395072164,0.47907347698471653,0.16618679198477515
NC_000907.1,NC_010102.1,20000,0,DNABERT-S-only,6,6,6,100.0,86.13138686131386,98.33333333333333,91.82879377431907,98.76581882337868,0.9139854658266333,118000,19000,1562533,2000,6,1000.0,0.8596153846153847,0.0,3000.0,75.0,75.0,83.33333333333334,0.13959467163881978,0.041630775395072164,0.47907347698471653,0.16618679198477515
NC_000907.1,NC_010102.1,20000,0,SAGE-GI,6,6,6,100.0,86.13138686131386,98.33333333333333,91.82879377431907,98.76581882337868,0.9139854658266333,118000,19000,1562533,2000,6,1000.0,0.8596153846153847,0.0,3000.0,75.0,75.0,83.33333333333334,0.13959467163881978,0.041630775395072164,0.47907347698471653,0.16618679198477515
NC_000907.1,NC_010102.1,20000,0,SAGE-GI/no-refine,6,7,6,100.0,75.68590350047305,100.0,86.16047388260635,97.73439598291658,0.8593081707502491,120000,38550,1542983,0,6,4000.0,0.6753607040123702,-3650.0,5850.0,0.0,0.0,75.0,0.13959467163881978,0.041630775395072164,0.47907347698471653,0.16618679198477515
NC_000907.1,NC_010102.1,20000,1,Comp-only,6,9,6,100.0,60.14656144306652,88.91666666666667,71.75521183591123,95.06327529351472,0.7074931549437656,106700,70700,1510833,13300,6,7150.0,0.5636163096847648,-9250.0,-2050.0,0.0,33.33333333333333,33.33333333333333,0.13959467163881978,0.041630775395072164,0.47907347698471653,0.16618679198477515
NC_000907.1,NC_010102.1,20000,1,DNABERT-2-only,6,7,6,100.0,71.8562874251497,100.0,83.62369337979094,97.23778498565704,0.8349901925811881,120000,47000,1534533,0,6,0.0,1.0,0.0,0.0,91.66666666666666,91.66666666666666,91.66666666666666,0.13959467163881978,0.041630775395072164,0.47907347698471653,0.16618679198477515
NC_000907.1,NC_010102.1,20000,1,DNABERT-S-only,6,7,6,100.0,75.9493670886076,100.0,86.33093525179856,97.76671977563761,0.8609559066344531,120000,38000,1543533,0,6,0.0,1.0,0.0,0.0,91.66666666666666,91.66666666666666,91.66666666666666,0.13959467163881978,0.041630775395072164,0.47907347698471653,0.16618679198477515
NC_000907.1,NC_010102.1,20000,1,SAGE-GI,6,7,6,100.0,75.9493670886076,100.0,86.33093525179856,97.76671977563761,0.8609559066344531,120000,38000,1543533,0,6,0.0,1.0,0.0,0.0,91.66666666666666,91.66666666666666,91.66666666666666,0.13959467163881978,0.041630775395072164,0.47907347698471653,0.16618679198477515
NC_000907.1,NC_010102.1,20000,1,SAGE-GI/no-refine,6,8,6,100.0,69.36416184971098,100.0,81.91126279863481,96.88516179233667,0.8187774099356068,120000,53000,1528533,0,6,3900.0,0.6854451292386285,-3850.0,4000.0,0.0,0.0,75.0,0.13959467163881978,0.041630775395072164,0.47907347698471653,0.16618679198477515
NC_000907.1,NC_010102.1,40000,0,Comp-only,6,6,6,100.0,95.10004083299306,97.04166666666667,96.06104351412664,98.95143266688004,0.95462819076961,232900,12000,1569533,7100,6,6450.0,0.8079877112135176,-7700.0,-1200.0,8.333333333333332,33.33333333333333,41.66666666666667,0.13959467163881978,0.041630775395072164,0.47907347698471653,0.16618679198477515
NC_000907.1,NC_010102.1,40000,0,DNABERT-2-only,6,7,6,100.0,85.61151079136691,99.16666666666667,91.8918918918919,97.69424984340114,0.908887157100558,238000,40000,1541533,2000,6,1000.0,0.8176887776387151,-500.0,8000.0,58.333333333333336,66.66666666666666,66.66666666666666,0.13959467163881978,0.041630775395072164,0.47907347698471653,0.16618679198477515
NC_000907.1,NC_010102.1,40000,0,DNABERT-S-only,6,6,6,100.0,93.02325581395348,100.0,96.3855421686747,99.01182136145763,0.958981357696175,240000,18000,1563533,0,6,0.0,0.9878048780487805,0.0,500.0,83.33333333333334,91.66666666666666,91.66666666666666,0.13959467163881978,0.041630775395072164,0.47907347698471653,0.16618679198477515
NC_000907.1,NC_010102.1,40000,0,SAGE-GI,6,6,6,100.0,93.02325581395348,100.0,96.3855421686747,99.01182136145763,0.958981357696175,240000,18000,1563533,0,6,0.0,0.9878048780487805,0.0,500.0,83.33333333333334,91.66666666666666,91.66666666666666,0.13959467163881978,0.041630775395072164,0.47907347698471653,0.16618679198477515
NC_000907.1,NC_010102.1,40000,0,SAGE-GI/no-refine,6,7,6,100.0,86.65824155984835,100.0,92.85230679949706,97.97148885032553,0.9199652697059552,240000,36950,1544583,0,6,3650.0,0.834246742175131,-3600.0,4100.0,0.0,0.0,83.33333333333334,0.13959467163881978,0.041630775395072164,0.47907347698471653,0.16618679198477515
NC_000907.1,NC_010102.1,40000,1,Comp-only,6,7,6,100.0,88.09248554913295,95.25,91.53153153153153,97.67778019942543,0.9028070030023752,228600,30900,1550633,11400,6,4750.0,0.7923728813559322,-7500.0,-2200.0,8.333333333333332,25.0,50.0,0.13959467163881978,0.041630775395072164,0.47907347698471653,0.16618679198477515
NC_000907.1,NC_010102.1,40000,1,DNABERT-2-only,6,8,6,100.0,77.63157894736842,98.33333333333333,86.76470588235294,96.04728544583052,0.8529477858441755,236000,68000,1513533,4000,6,0.0,0.975,0.0,0.0,83.33333333333334,91.66666666666666,91.66666666666666,0.13959467163881978,0.041630775395072164,0.47907347698471653,0.16618679198477515
NC_000907.1,NC_010102.1,40000,1,DNABERT-S-only,6,7,6,100.0,86.33093525179856,100.0,92.66409266409266,97.91384509641054,0.9179141257018779,240000,38000,1543533,0,6,0.0,1.0,0.0,0.0,91.66666666666666,91.66666666666666,91.66666666666666,0.13959467163881978,0.041630775395072164,0.47907347698471653,0.16618679198477515
NC_000907.1,NC_010102.1,40000,1,SAGE-GI,6,7,6,100.0,86.33093525179856,100.0,92.66409266409266,97.91384509641054,0.9179141257018779,240000,38000,1543533,0,6,0.0,1.0,0.0,0.0,91.66666666666666,91.66666666666666,91.66666666666666,0.13959467163881978,0.041630775395072164,0.47907347698471653,0.16618679198477515
NC_000907.1,NC_010102.1,40000,1,SAGE-GI/no-refine,6,8,6,100.0,85.95988538681948,100.0,92.44992295839752,97.84796652050773,0.9155832948395495,240000,39200,1542333,0,6,3600.0,0.8483801606794239,-3250.0,3700.0,0.0,0.0,91.66666666666666,0.13959467163881978,0.041630775395072164,0.47907347698471653,0.16618679198477515
NC_000907.1,NC_010102.1,80000,0,Comp-only,6,6,6,100.0,100.0,88.97916666666667,94.16822842024033,97.43394842575889,0.9278969239193453,427100,0,1581533,52900,6,5350.0,0.8840172220624407,-3600.0,-6150.0,0.0,16.666666666666664,50.0,0.13959467163881978,0.041630775395072164,0.47907347698471653,0.16618679198477515
NC_000907.1,NC_010102.1,80000,0,DNABERT-2-only,6,7,6,100.0,89.8989898989899,74.16666666666667,81.27853881278538,92.04475504394061,0.7685565073647868,356000,40000,1541533,124000,6,11500.0,0.7250000000000001,7500.0,500.0,8.333333333333332,16.666666666666664,33.33333333333333,0.13959467163881978,0.041630775395072164,0.47907347698471653,0.16618679198477515
NC_000907.1,NC_010102.1,80000,0,DNABERT-S-only,6,6,6,100.0,100.0,100.0,100.0,100.0,1.0,480000,0,1581533,0,6,0.0,1.0,0.0,0.0,100.0,100.0,100.0,0.13959467163881978,0.041630775395072164,0.47907347698471653,0.16618679198477515
NC_000907.1,NC_010102.1,80000,0,SAGE-GI,6,6,6,100.0,100.0,100.0,100.0,100.0,1.0,480000,0,1581533,0,6,0.0,1.0,0.0,0.0,100.0,100.0,100.0,0.13959467163881978,0.041630775395072164,0.47907347698471653,0.16618679198477515
NC_000907.1,NC_010102.1,80000,0,SAGE-GI/no-refine,6,6,6,100.0,100.0,93.33333333333333,96.55172413793103,98.4477570817445,0.9564639185332298,448000,0,1581533,32000,6,2200.0,0.9425,2250.0,-1900.0,0.0,66.66666666666666,91.66666666666666,0.13959467163881978,0.041630775395072164,0.47907347698471653,0.16618679198477515
NC_000907.1,NC_010102.1,80000,1,Comp-only,6,6,6,100.0,100.0,89.14583333333333,94.26148254213018,97.47275449871528,0.9289929213543408,427900,0,1581533,52100,6,4150.0,0.8671342495895756,-3300.0,-7400.0,0.0,16.666666666666664,58.333333333333336,0.13959467163881978,0.041630775395072164,0.47907347698471653,0.16618679198477515
NC_000907.1,NC_010102.1,80000,1,DNABERT-2-only,6,6,5,83.33333333333334,86.6120218579235,66.04166666666667,74.94089834515367,89.71639066655737,0.6961716409211924,317000,49000,1532533,163000,5,5000.0,0.8080808080808081,0.0,-3000.0,40.0,40.0,50.0,0.13959467163881978,0.041630775395072164,0.47907347698471653,0.16618679198477515
NC_000907.1,NC_010102.1,80000,1,DNABERT-S-only,6,6,6,100.0,100.0,100.0,100.0,100.0,1.0,480000,0,1581533,0,6,0.0,1.0,0.0,0.0,91.66666666666666,91.66666666666666,91.66666666666666,0.13959467163881978,0.041630775395072164,0.47907347698471653,0.16618679198477515
NC_000907.1,NC_010102.1,80000,1,SAGE-GI,6,6,6,100.0,100.0,100.0,100.0,100.0,1.0,480000,0,1581533,0,6,0.0,1.0,0.0,0.0,91.66666666666666,91.66666666666666,91.66666666666666,0.13959467163881978,0.041630775395072164,0.47907347698471653,0.16618679198477515
NC_000907.1,NC_010102.1,80000,1,SAGE-GI/no-refine,6,6,6,100.0,100.0,92.9375,96.33948817622287,98.35559265847309,0.9538721014619418,446100,0,1581533,33900,6,2450.0,0.9425,2450.0,-2400.0,8.333333333333332,58.333333333333336,91.66666666666666,0.13959467163881978,0.041630775395072164,0.47907347698471653,0.16618679198477515
NC_000907.1,NC_009783.1,5000,0,Comp-only,6,5,2,33.33333333333333,10.976948408342482,33.33333333333333,16.51527663088357,93.72647038565142,0.16507798024523812,10000,81100,1500433,20000,2,7050.0,0.19532304204674258,-6250.0,17700.0,25.0,50.0,50.0,0.07396225260516004,0.029777875290332694,0.2926834948857335,0.08190911499534848
NC_000907.1,NC_009783.1,5000,0,DNABERT-2-only,6,4,1,16.666666666666664,5.319148936170213,16.666666666666664,8.064516129032258,92.9259903458384,0.06366561847107242,5000,89000,1492533,25000,1,24500.0,0.09259259259259259,-12000.0,37000.0,0.0,0.0,0.0,0.07396225260516004,0.029777875290332694,0.2926834948857335,0.08190911499534848
NC_000907.1,NC_009783.1,5000,0,DNABERT-S-only,6,1,1,16.666666666666664,21.73913043478261,16.666666666666664,18.867924528301884,97.33173320062326,0.1769571339026905,5000,18000,1563533,25000,1,19500.0,0.11363636363636363,-1000.0,38000.0,50.0,50.0,50.0,0.07396225260516004,0.029777875290332694,0.2926834948857335,0.08190911499534848
NC_000907.1,NC_009783.1,5000,0,SAGE-GI,6,2,1,16.666666666666664,8.064516129032258,16.666666666666664,10.869565217391303,94.91167726630482,0.0917977595291514,5000,57000,1524533,25000,1,19500.0,0.11363636363636363,-1000.0,38000.0,50.0,50.0,50.0,0.07396225260516004,0.029777875290332694,0.2926834948857335,0.08190911499534848
NC_000907.1,NC_009783.1,5000,0,SAGE-GI/no-refine,6,3,1,16.666666666666664,7.336757153338224,16.666666666666664,10.188487009679063,94.53005306127767,0.08512038479757597,5000,63150,1518383,25000,1,20350.0,0.10940919037199125,-2050.0,38650.0,0.0,50.0,50.0,0.07396225260516004,0.029777875290332694,0.2926834948857335,0.08190911499534848
NC_000907.1,NC_009783.1,5000,1,Comp-only,6,6,2,33.33333333333333,7.09849157054126,26.666666666666668,11.212333566923615,92.1379208492783,0.10624289558814876,8000,104700,1476833,22000,2,9700.0,0.16128254580520734,-11800.0,7150.0,0.0,25.0,50.0,0.07396225260516004,0.029777875290332694,0.2926834948857335,0.08190911499534848
NC_000907.1,NC_009783.1,5000,1,DNABERT-2-only,6,4,1,16.666666666666664,6.944444444444445,16.666666666666664,9.803921568627452,94.29115010365906,0.08132416149484369,5000,67000,1514533,25000,1,5000.0,0.3333333333333333,-10000.0,0.0,50.0,50.0,50.0,0.07396225260516004,0.029777875290332694,0.2926834948857335,0.08190911499534848
NC_000907.1,NC_009783.1,5000,1,DNABERT-S-only,6,1,0,0.0,0.0,0.0,0.0,96.27683702412547,-0.018968937100901466,0,30000,1551533,30000,0,,,,,,,,0.07396225260516004,0.029777875290332694,0.2926834948857335,0.08190911499534848
NC_000907.1,NC_009783.1,5000,1,SAGE-GI,6,3,1,16.666666666666664,5.47945205479452,13.333333333333334,7.766990291262135,94.10499195486534,0.05830428773809064,4000,69000,1512533,26000,1,3500.0,0.36363636363636365,-6000.0,-1000.0,50.0,50.0,50.0,0.07396225260516004,0.029777875290332694,0.2926834948857335,0.08190911499534848
NC_000907.1,NC_009783.1,5000,1,SAGE-GI/no-refine,6,5,2,33.33333333333333,6.430678466076696,18.166666666666668,9.498910675381262,93.55582541592385,0.07964362489361208,5450,79300,1502233,24550,2,8900.0,0.1259651307596513,-4350.0,8500.0,0.0,0.0,50.0,0.07396225260516004,0.029777875290332694,0.2926834948857335,0.08190911499534848
NC_000907.1,NC_009783.1,10000,0,Comp-only,6,5,2,33.33333333333333,17.80264496439471,29.166666666666668,22.10991787744788,92.4887285238859,0.19027263933676858,17500,80800,1500733,42500,2,5450.0,0.33093387692699705,-5450.0,15150.0,0.0,25.0,50.0,0.07396225260516004,0.029777875290332694,0.2926834948857335,0.08190911499534848
NC_000907.1,NC_009783.1,10000,0,DNABERT-2-only,6,3,2,33.33333333333333,35.714285714285715,33.33333333333333,34.48275862068965,95.37018140969448,0.32106535982040035,20000,36000,1545533,40000,2,9000.0,0.37886340977068794,-6500.0,21500.0,25.0,25.0,25.0,0.07396225260516004,0.029777875290332694,0.2926834948857335,0.08190911499534848
NC_000907.1,NC_009783.1,10000,0,DNABERT-S-only,6,2,2,33.33333333333333,54.054054054054056,33.33333333333333,41.23711340206185,96.52763605727085,0.4078333628926062,20000,17000,1564533,40000,2,2500.0,0.4375,-2000.0,19500.0,25.0,50.0,75.0,0.07396225260516004,0.029777875290332694,0.2926834948857335,0.08190911499534848
NC_000907.1,NC_009783.1,10000,0,SAGE-GI,6,3,2,33.33333333333333,26.31578947368421,33.33333333333333,29.411764705882355,94.15180809645618,0.26606226491400065,20000,56000,1525533,40000,2,8500.0,0.28935185185185186,-5000.0,22500.0,25.0,25.0,25.0,0.07396225260516004,0.029777875290332694,0.2926834948857335,0.08190911499534848
NC_000907.1,NC_009783.1,10000,0,SAGE-GI/no-refine,6,4,2,33.33333333333333,24.052916416115455,33.33333333333333,27.942717429269997,93.71623963697348,0.2510800136111638,20000,63150,1518383,40000,2,6500.0,0.31447868298860276,-5000.0,22250.0,0.0,0.0,25.0,0.07396225260516004,0.029777875290332694,0.2926834948857335,0.08190911499534848
NC_000907.1,NC_009783.1,10000,1,Comp-only,6,6,2,33.33333333333333,12.329931972789115,24.166666666666668,16.328828828828833,90.94748628263946,0.12841497182411038,14500,103100,1478433,45500,2,10750.0,0.23225957049486462,-13400.0,4900.0,0.0,0.0,0.0,0.07396225260516004,0.029777875290332694,0.2926834948857335,0.08190911499534848
NC_000907.1,NC_009783.1,10000,1,DNABERT-2-only,6,5,3,50.0,33.734939759036145,46.666666666666664,39.16083916083916,94.70007608741341,0.36990579832748977,28000,55000,1526533,32000,3,4000.0,0.45,-10000.0,0.0,50.0,50.0,50.0,0.07396225260516004,0.029777875290332694,0.2926834948857335,0.08190911499534848
NC_000907.1,NC_009783.1,10000,1,DNABERT-S-only,6,2,1,16.666666666666664,21.27659574468085,16.666666666666664,18.69158878504673,94.70007608741341,0.1612164354613384,10000,37000,1544533,50000,1,5000.0,0.5,-10000.0,0.0,50.0,50.0,50.0,0.07396225260516004,0.029777875290332694,0.2926834948857335,0.08190911499534848
NC_000907.1,NC_009783.1,10000,1,SAGE-GI,6,4,2,33.33333333333333,22.47191011235955,33.33333333333333,26.84563758389261,93.35986544285129,0.24007945076172493,20000,69000,1512533,40000,2,0.0,0.75,-5000.0,0.0,75.0,75.0,75.0,0.07396225260516004,0.029777875290332694,0.2926834948857335,0.08190911499534848
NC_000907.1,NC_009783.1,10000,1,SAGE-GI/no-refine,6,6,3,50.0,20.968572900566716,33.916666666666664,25.915313594396682,92.91211325023622,0.23127290657578312,20350,76700,1504833,39650,3,10000.0,0.37593984962406013,-10350.0,3250.0,0.0,16.666666666666664,33.33333333333333,0.07396225260516004,0.029777875290332694,0.2926834948857335,0.08190911499534848
NC_000907.1,NC_009783.1,20000,0,Comp-only,6,8,6,100.0,66.86638705811863,93.0,77.7971418612757,96.256317097582,0.7704399862350638,111600,55300,1526233,8400,6,5100.0,0.6355311355311355,-6050.0,600.0,8.333333333333332,25.0,50.0,0.07396225260516004,0.029777875290332694,0.2926834948857335,0.08190911499534848
NC_000907.1,NC_009783.1,20000,0,DNABERT-2-only,6,6,6,100.0,87.12121212121212,95.83333333333334,91.26984126984128,98.70704829115861,0.9069334147511043,115000,17000,1564533,5000,6,4500.0,0.6929510155316607,-1000.0,8000.0,33.33333333333333,41.66666666666667,50.0,0.07396225260516004,0.029777875290332694,0.2926834948857335,0.08190911499534848
NC_000907.1,NC_009783.1,20000,0,DNABERT-S-only,6,6,6,100.0,87.4074074074074,98.33333333333333,92.54901960784314,98.88335988781881,0.9213408660665129,118000,17000,1564533,2000,6,1000.0,0.7571428571428571,-500.0,1500.0,58.333333333333336,66.66666666666666,75.0,0.07396225260516004,0.029777875290332694,0.2926834948857335,0.08190911499534848
NC_000907.1,NC_009783.1,20000,0,SAGE-GI,6,6,6,100.0,87.4074074074074,98.33333333333333,92.54901960784314,98.88335988781881,0.9213408660665129,118000,17000,1564533,2000,6,1000.0,0.7571428571428571,-500.0,1500.0,58.333333333333336,66.66666666666666,75.0,0.07396225260516004,0.029777875290332694,0.2926834948857335,0.08190911499534848
NC_000907.1,NC_009783.1,20000,0,SAGE-GI/no-refine,6,7,6,100.0,75.7336699274219,100.0,86.19141677141317,97.74027303613859,0.8596071426655092,120000,38450,1543083,0,6,2950.0,0.7221860767729343,-2450.0,4250.0,0.0,25.0,75.0,0.07396225260516004,0.029777875290332694,0.2926834948857335,0.08190911499534848
NC_000907.1,NC_009783.1,20000,1,Comp-only,6,9,5,83.33333333333334,49.70862470862471,71.08333333333333,58.5048010973937,92.88876560137241,0.5579751082525222,85300,86300,1495233,34700,5,6800.0,0.49244712990936557,-13100.0,-3700.0,0.0,10.0,40.0,0.07396225260516004,0.029777875290332694,0.2926834948857335,0.08190911499534848
NC_000907.1,NC_009783.1,20000,1,DNABERT-2-only,6,7,6,100.0,84.5528455284553,86.66666666666667,85.59670781893004,97.94303137229781,0.8449678569017315,104000,19000,1562533,16000,6,2000.0,0.7203703703703703,1000.0,-1000.0,33.33333333333333,58.333333333333336,75.0,0.07396225260516004,0.029777875290332694,0.2926834948857335,0.08190911499534848
NC_000907.1,NC_009783.1,20000,1,DNABERT-S-only,6,7,6,100.0,79.16666666666666,95.0,86.36363636363636,97.88426084007774,0.8564342926351047,114000,30000,1551533,6000,6,1000.0,0.925,1000.0,0.0,83.33333333333334,91.66666666666666,91.66666666666666,0.07396225260516004,0.029777875290332694,0.2926834948857335,0.08190911499534848
NC_000907.1,NC_009783.1,20000,1,SAGE-GI,6,8,6,100.0,72.07792207792207,92.5,81.02189781021897,96.94393232455674,0.8011880193525351,111000,43000,1538533,9000,6,1000.0,0.9035714285714285,1000.0,0.0,75.0,83.33333333333334,91.66666666666666,0.07396225260516004,0.029777875290332694,0.2926834948857335,0.08190911499534848
NC_000907.1,NC_009783.1,20000,1,SAGE-GI/no-refine,6,9,6,100.0,64.4122383252818,100.0,78.35455435847209,96.10351371380985,0.7855697949527043,120000,66300,1515233,0,6,3050.0,0.6560832903114783,-4900.0,3050.0,8.333333333333332,25.0,66.66666666666666,0.07396225260516004,0.029777875290332694,0.2926834948857335,0.08190911499534848
NC_000907.1,NC_009783.1,40000,0,Comp-only,6,7,6,100.0,91.0411622276029,94.0,92.49692496924968,97.99070343496385,0.9135287086761273,225600,22200,1559333,14400,6,4300.0,0.8172542292677156,-4850.0,-1850.0,16.666666666666664,16.666666666666664,58.333333333333336,0.07396225260516004,0.029777875290332694,0.2926834948857335,0.08190911499534848
NC_000907.1,NC_009783.1,40000,0,DNABERT-2-only,6,7,6,100.0,85.99221789883269,92.08333333333333,88.93360160965794,96.98056527112054,0.8725620245459539,221000,36000,1545533,19000,6,3500.0,0.7273584905660377,1500.0,8000.0,25.0,41.66666666666667,58.333333333333336,0.07396225260516004,0.029777875290332694,0.2926834948857335,0.08190911499534848
NC_000907.1,NC_009783.1,40000,0,DNABERT-S-only,6,6,6,100.0,91.869918699187,94.16666666666667,93.00411522633746,98.13344034941997,0.9193668481560603,226000,20000,1561533,14000,6,7000.0,0.7488662131519275,1000.0,11500.0,25.0,33.33333333333333,50.0,0.07396225260516004,0.029777875290332694,0.2926834948857335,0.08190911499534848
NC_000907.1,NC_009783.1,40000,0,SAGE-GI,6,6,6,100.0,91.869918699187,94.16666666666667,93.00411522633746,98.13344034941997,0.9193668481560603,226000,20000,1561533,14000,6,7000.0,0.7488662131519275,1000.0,11500.0,25.0,33.33333333333333,50.0,0.07396225260516004,0.029777875290332694,0.2926834948857335,0.08190911499534848
NC_000907.1,NC_009783.1,40000,0,SAGE-GI/no-refine,6,7,6,100.0,89.07032844683614,100.0,94.21925606045734,98.38322994971817,0.9349424283293187,240000,29450,1552083,0,6,2450.0,0.8843677015234577,-1600.0,2700.0,0.0,50.0,83.33333333333334,0.07396225260516004,0.029777875290332694,0.2926834948857335,0.08190911499534848
NC_000907.1,NC_009783.1,40000,1,Comp-only,6,8,6,100.0,81.31294293174189,90.83333333333333,85.80987994489274,96.04179556450528,0.8369102694872014,218000,50100,1531433,22000,6,5350.0,0.7524592096576441,-6100.0,-4300.0,8.333333333333332,8.333333333333332,50.0,0.07396225260516004,0.029777875290332694,0.2926834948857335,0.08190911499534848
NC_000907.1,NC_009783.1,40000,1,DNABERT-2-only,6,7,6,100.0,92.578125,98.75,95.56451612903226,98.7922261084482,0.949324843151522,237000,19000,1562533,3000,6,1500.0,0.8209219858156028,-500.0,3500.0,50.0,58.333333333333336,58.333333333333336,0.07396225260516004,0.029777875290332694,0.2926834948857335,0.08190911499534848
NC_000907.1,NC_009783.1,40000,1,DNABERT-S-only,6,7,6,100.0,87.34177215189874,86.25,86.79245283018868,96.54137476510171,0.8480491297767061,207000,30000,1551533,33000,6,2000.0,0.851219512195122,500.0,-500.0,41.66666666666667,58.333333333333336,66.66666666666666,0.07396225260516004,0.029777875290332694,0.2926834948857335,0.08190911499534848
NC_000907.1,NC_009783.1,40000,1,SAGE-GI,6,7,6,100.0,87.95180722891565,91.25,89.57055214723925,97.20016052412996,0.8797410301342025,219000,30000,1551533,21000,6,2000.0,0.851219512195122,-1500.0,-500.0,41.66666666666667,58.333333333333336,66.66666666666666,0.07396225260516004,0.029777875290332694,0.2926834948857335,0.08190911499534848
NC_000907.1,NC_009783.1,40000,1,SAGE-GI/no-refine,6,8,6,100.0,82.64462809917356,100.0,90.49773755656109,97.23309981208136,0.8944882583666334,240000,50400,1531133,0,6,2150.0,0.8968654953120679,-2150.0,2100.0,0.0,66.66666666666666,91.66666666666666,0.07396225260516004,0.029777875290332694,0.2926834948857335,0.08190911499534848
NC_000907.1,NC_009783.1,80000,0,Comp-only,6,6,6,100.0,100.0,83.0,90.71038251366119,96.0417805584485,0.8884125498866049,398400,0,1581533,81600,6,8600.0,0.8061437254985642,-850.0,-10650.0,8.333333333333332,33.33333333333333,33.33333333333333,0.07396225260516004,0.029777875290332694,0.2926834948857335,0.08190911499534848
NC_000907.1,NC_009783.1,80000,0,DNABERT-2-only,6,5,5,83.33333333333334,93.25396825396825,48.95833333333333,64.20765027322405,87.29101110678316,0.6178192669510648,235000,17000,1564533,245000,5,20000.0,0.5375,31000.0,-2000.0,0.0,10.0,30.0,0.07396225260516004,0.029777875290332694,0.2926834948857335,0.08190911499534848
NC_000907.1,NC_009783.1,80000,0,DNABERT-S-only,6,5,4,66.66666666666666,90.65420560747664,40.416666666666664,55.907780979827095,85.15667709418186,0.542514683321269,194000,20000,1561533,286000,4,8500.0,0.6291432584269663,14500.0,-3500.0,25.0,25.0,25.0,0.07396225260516004,0.029777875290332694,0.2926834948857335,0.08190911499534848
NC_000907.1,NC_009783.1,80000,0,SAGE-GI,6,6,4,66.66666666666666,83.24022346368714,31.041666666666668,45.220030349013655,82.48875957843023,0.4374441467408756,149000,30000,1551533,331000,4,19500.0,0.4125,22500.0,-16000.0,25.0,25.0,37.5,0.07396225260516004,0.029777875290332694,0.2926834948857335,0.08190911499534848
NC_000907.1,NC_009783.1,80000,0,SAGE-GI/no-refine,6,7,5,83.33333333333334,72.07998049256278,30.791666666666668,43.1501350266404,81.1087186089187,0.383709155043453,147800,57250,1524283,332200,5,27600.0,0.2575,39850.0,-13050.0,0.0,0.0,0.0,0.07396225260516004,0.029777875290332694,0.2926834948857335,0.08190911499534848
NC_000907.1,NC_009783.1,80000,1,Comp-only,6,6,6,100.0,100.0,84.95833333333334,91.86753773372381,96.49775191568605,0.9013831281019481,407800,0,1581533,72200,6,4800.0,0.8712230888852763,-1000.0,-9650.0,25.0,50.0,50.0,0.07396225260516004,0.029777875290332694,0.2926834948857335,0.08190911499534848
NC_000907.1,NC_009783.1,80000,1,DNABERT-2-only,6,6,5,83.33333333333334,92.67515923566879,60.62499999999999,73.29974811083123,89.71639066655737,0.6959676398611527,291000,23000,1558533,189000,5,5500.0,0.7625,4000.0,0.0,40.0,40.0,50.0,0.07396225260516004,0.029777875290332694,0.2926834948857335,0.08190911499534848
NC_000907.1,NC_009783.1,80000,1,DNABERT-S-only,6,4,3,50.0,71.24183006535948,22.708333333333332,34.4391785150079,79.86934965387408,0.32128405485060496,109000,44000,1537533,371000,3,15500.0,0.3125,16000.0,-15000.0,0.0,0.0,16.666666666666664,0.07396225260516004,0.029777875290332694,0.2926834948857335,0.08190911499534848
NC_000907.1,NC_009783.1,80000,1,SAGE-GI,6,4,2,33.33333333333333,55.729166666666664,22.291666666666668,31.8452380952381,77.78352323246827,0.24601940714336523,107000,85000,1496533,373000,2,13500.0,0.66875,1000.0,-25500.0,25.0,50.0,50.0,0.07396225260516004,0.029777875290332694,0.2926834948857335,0.08190911499534848
NC_000907.1,NC_009783.1,80000,1,SAGE-GI/no-refine,6,6,3,50.0,62.829268292682926,26.833333333333332,37.605839416058394,79.26785552305007,0.3109242359005682,128800,76200,1505333,351200,3,14150.0,0.64625,9350.0,-18950.0,0.0,16.666666666666664,16.666666666666664,0.07396225260516004,0.029777875290332694,0.2926834948857335,0.08190911499534848
NC_000907.1,NC_003485.1,5000,0,Comp-only,6,5,2,33.33333333333333,11.350737797956867,33.33333333333333,16.93480101608806,93.91262853444515,0.16882755153323148,10000,78100,1503433,20000,2,9050.0,0.17416187944782646,-9050.0,18450.0,0.0,0.0,25.0,0.003963343555373922,0.017618550143813402,0.21891225775847184,0.028099809115237906
NC_000907.1,NC_003485.1,5000,0,DNABERT-2-only,6,3,0,0.0,0.0,0.0,0.0,94.1670446711299,-0.028008608030010092,0,64000,1517533,30000,0,,,,,,,,0.003963343555373922,0.017618550143813402,0.21891225775847184,0.028099809115237906
NC_000907.1,NC_003485.1,5000,0,DNABERT-S-only,6,1,1,16.666666666666664,21.73913043478261,16.666666666666664,18.867924528301884,97.33173320062326,0.1769571339026905,5000,18000,1563533,25000,1,19500.0,0.11363636363636363,-1000.0,38000.0,50.0,50.0,50.0,0.003963343555373922,0.017618550143813402,0.21891225775847184,0.028099809115237906
NC_000907.1,NC_003485.1,5000,0,SAGE-GI,6,2,1,16.666666666666664,8.064516129032258,16.666666666666664,10.869565217391303,94.91167726630482,0.0917977595291514,5000,57000,1524533,25000,1,19500.0,0.11363636363636363,-1000.0,38000.0,50.0,50.0,50.0,0.003963343555373922,0.017618550143813402,0.21891225775847184,0.028099809115237906
NC_000907.1,NC_003485.1,5000,0,SAGE-GI/no-refine,6,3,1,16.666666666666664,7.326007326007327,16.666666666666664,10.178117048346056,94.52384778965121,0.08501832112165353,5000,63250,1518283,25000,1,19450.0,0.11389521640091116,-150.0,38750.0,50.0,50.0,50.0,0.003963343555373922,0.017618550143813402,0.21891225775847184,0.028099809115237906
NC_000907.1,NC_003485.1,5000,1,Comp-only,6,6,1,16.666666666666664,3.869303525365434,15.0,6.151742993848257,91.4801620568738,0.04142652009701585,4500,111800,1469733,25500,1,8400.0,0.2112676056338028,500.0,16300.0,50.0,50.0,50.0,0.003963343555373922,0.017618550143813402,0.21891225775847184,0.028099809115237906
NC_000907.1,NC_003485.1,5000,1,DNABERT-2-only,6,3,0,0.0,0.0,0.0,0.0,92.05725231813435,-0.035046010670460016,0,98000,1483533,30000,0,,,,,,,,0.003963343555373922,0.017618550143813402,0.21891225775847184,0.028099809115237906
NC_000907.1,NC_003485.1,5000,1,DNABERT-S-only,6,1,0,0.0,0.0,0.0,0.0,96.27683702412547,-0.018968937100901466,0,30000,1551533,30000,0,,,,,,,,0.003963343555373922,0.017618550143813402,0.21891225775847184,0.028099809115237906
NC_000907.1,NC_003485.1,5000,1,SAGE-GI,6,3,1,16.666666666666664,6.756756756756757,16.666666666666664,9.615384615384615,94.1670446711299,0.07945318837968071,5000,69000,1512533,25000,1,3000.0,0.45454545454545453,-6000.0,0.0,50.0,50.0,50.0,0.003963343555373922,0.017618550143813402,0.21891225775847184,0.028099809115237906
NC_000907.1,NC_003485.1,5000,1,SAGE-GI/no-refine,6,4,0,0.0,0.0,0.0,0.0,93.34174354481107,-0.03091473907122258,0,77300,1504233,30000,0,,,,,,,,0.003963343555373922,0.017618550143813402,0.21891225775847184,0.028099809115237906
NC_000907.1,NC_003485.1,10000,0,Comp-only,6,6,2,33.33333333333333,18.535681186283597,33.33333333333333,23.823704586063133,92.2085026618411,0.21033143028313683,20000,87900,1493633,40000,2,8000.0,0.30620290870860345,-6600.0,18350.0,25.0,25.0,50.0,0.003963343555373922,0.017618550143813402,0.21891225775847184,0.028099809115237906
NC_000907.1,NC_003485.1,10000,0,DNABERT-2-only,6,3,2,33.33333333333333,29.850746268656714,33.33333333333333,31.496062992125985,94.70007608741341,0.2879553607218157,20000,47000,1534533,40000,2,13000.0,0.23148148148148148,-9500.0,25500.0,0.0,0.0,0.0,0.003963343555373922,0.017618550143813402,0.21891225775847184,0.028099809115237906
NC_000907.1,NC_003485.1,10000,0,DNABERT-S-only,6,2,2,33.33333333333333,52.63157894736842,33.33333333333333,40.81632653061224,96.46671739160894,0.40176776892611754,20000,18000,1563533,40000,2,2500.0,0.43537414965986393,-2000.0,20000.0,25.0,50.0,75.0,0.003963343555373922,0.017618550143813402,0.21891225775847184,0.028099809115237906
NC_000907.1,NC_003485.1,10000,0,SAGE-GI,6,3,2,33.33333333333333,25.97402597402597,33.33333333333333,29.197080291970796,94.09088943079426,0.26385222807305003,20000,57000,1524533,40000,2,500.0,0.6020408163265306,-500.0,19000.0,75.0,75.0,75.0,0.003963343555373922,0.017618550143813402,0.21891225775847184,0.028099809115237906
NC_000907.1,NC_003485.1,10000,0,SAGE-GI/no-refine,6,4,2,33.33333333333333,21.980074719800747,29.416666666666668,25.16037063435495,93.60354010549895,0.2214632589779914,17650,62650,1518883,42350,2,6400.0,0.2980830035954975,-2550.0,21950.0,0.0,25.0,25.0,0.003963343555373922,0.017618550143813402,0.21891225775847184,0.028099809115237906
NC_000907.1,NC_003485.1,10000,1,Comp-only,6,8,2,33.33333333333333,11.986863711001643,24.333333333333336,16.061606160616062,90.7038116199918,0.1256929057089082,14600,107200,1474333,45400,2,9250.0,0.29309056819346996,-9750.0,3850.0,25.0,25.0,25.0,0.003963343555373922,0.017618550143813402,0.21891225775847184,0.028099809115237906
NC_000907.1,NC_003485.1,10000,1,DNABERT-2-only,6,4,1,16.666666666666664,12.987012987012985,16.666666666666664,14.598540145985398,92.87251611755597,0.1103208539380819,10000,67000,1514533,50000,1,1500.0,0.7692307692307693,-3000.0,0.0,50.0,50.0,100.0,0.003963343555373922,0.017618550143813402,0.21891225775847184,0.028099809115237906
NC_000907.1,NC_003485.1,10000,1,DNABERT-S-only,6,2,1,16.666666666666664,25.0,16.666666666666664,20.0,95.12650674704682,0.1797589952886787,10000,30000,1551533,50000,1,5000.0,0.5,-10000.0,0.0,50.0,50.0,50.0,0.003963343555373922,0.017618550143813402,0.21891225775847184,0.028099809115237906
NC_000907.1,NC_003485.1,10000,1,SAGE-GI,6,4,2,33.33333333333333,22.47191011235955,33.33333333333333,26.84563758389261,93.35986544285129,0.24007945076172493,20000,69000,1512533,40000,2,5000.0,0.41666666666666663,-5000.0,10000.0,50.0,50.0,50.0,0.003963343555373922,0.017618550143813402,0.21891225775847184,0.028099809115237906
NC_000907.1,NC_003485.1,10000,1,SAGE-GI/no-refine,6,5,2,33.33333333333333,20.408163265306122,33.33333333333333,25.31645569620253,92.81159745189406,0.2249487859115926,20000,78000,1503533,40000,2,7700.0,0.3937984496124031,-7700.0,7700.0,0.0,50.0,50.0,0.003963343555373922,0.017618550143813402,0.21891225775847184,0.028099809115237906
NC_000907.1,NC_003485.1,20000,0,Comp-only,6,7,5,83.33333333333334,63.75166889185581,79.58333333333333,70.79318013343216,95.36888206105905,0.68807377008221,95500,54300,1527233,24500,5,4650.0,0.6872852233676976,-5600.0,1600.0,10.0,30.0,50.0,0.003963343555373922,0.017618550143813402,0.21891225775847184,0.028099809115237906
NC_000907.1,NC_003485.1,20000,0,DNABERT-2-only,6,5,5,83.33333333333334,84.68468468468468,78.33333333333333,81.38528138528137,97.4728671145373,0.8010189337460486,94000,17000,1564533,26000,5,5000.0,0.7,-1000.0,6000.0,20.0,40.0,50.0,0.003963343555373922,0.017618550143813402,0.21891225775847184,0.028099809115237906
NC_000907.1,NC_003485.1,20000,0,DNABERT-S-only,6,6,6,100.0,86.66666666666667,97.5,91.76470588235294,98.76581882337868,0.9128476149293678,117000,18000,1563533,3000,6,1000.0,0.825,-500.0,1500.0,58.333333333333336,75.0,83.33333333333334,0.003963343555373922,0.017618550143813402,0.21891225775847184,0.028099809115237906
NC_000907.1,NC_003485.1,20000,0,SAGE-GI,6,6,6,100.0,86.66666666666667,97.5,91.76470588235294,98.76581882337868,0.9128476149293678,117000,18000,1563533,3000,6,1000.0,0.825,-500.0,1500.0,58.333333333333336,75.0,83.33333333333334,0.003963343555373922,0.017618550143813402,0.21891225775847184,0.028099809115237906
NC_000907.1,NC_003485.1,20000,0,SAGE-GI/no-refine,6,7,6,100.0,75.82938388625593,100.0,86.25336927223721,97.75202714258259,0.8602059073224814,120000,38250,1543283,0,6,2900.0,0.7126401863243969,-1800.0,3400.0,16.666666666666664,41.66666666666667,75.0,0.003963343555373922,0.017618550143813402,0.21891225775847184,0.028099809115237906
NC_000907.1,NC_003485.1,20000,1,Comp-only,6,9,6,100.0,52.443609022556394,69.75,59.87124463519314,93.40594628490896,0.5703815323851982,83700,75900,1505633,36300,6,8050.0,0.4894251127681119,-9500.0,-4000.0,0.0,0.0,33.33333333333333,0.003963343555373922,0.017618550143813402,0.21891225775847184,0.028099809115237906
NC_000907.1,NC_003485.1,20000,1,DNABERT-2-only,6,5,4,66.66666666666666,79.12087912087912,60.0,68.24644549763033,96.06237434125579,0.6691006913494891,72000,19000,1562533,48000,4,1000.0,0.6797235023041475,0.0,500.0,62.5,62.5,62.5,0.003963343555373922,0.017618550143813402,0.21891225775847184,0.028099809115237906
NC_000907.1,NC_003485.1,20000,1,DNABERT-S-only,6,7,6,100.0,79.59183673469387,97.5,87.64044943820225,98.06057243673793,0.8712506503340396,117000,30000,1551533,3000,6,500.0,0.9295454545454545,0.0,0.0,91.66666666666666,91.66666666666666,91.66666666666666,0.003963343555373922,0.017618550143813402,0.21891225775847184,0.028099809115237906
NC_000907.1,NC_003485.1,20000,1,SAGE-GI,6,7,6,100.0,79.59183673469387,97.5,87.64044943820225,98.06057243673793,0.8712506503340396,117000,30000,1551533,3000,6,500.0,0.9295454545454545,0.0,0.0,91.66666666666666,91.66666666666666,91.66666666666666,0.003963343555373922,0.017618550143813402,0.21891225775847184,0.028099809115237906
NC_000907.1,NC_003485.1,20000,1,SAGE-GI/no-refine,6,8,6,100.0,69.08462867012089,100.0,81.71603677221654,96.84402241978263,0.8169388088057205,120000,53700,1527833,0,6,2150.0,0.753615127919911,-2750.0,1850.0,25.0,58.333333333333336,75.0,0.003963343555373922,0.017618550143813402,0.21891225775847184,0.028099809115237906
NC_000907.1,NC_003485.1,40000,0,Comp-only,6,7,6,100.0,87.82403770620581,93.16666666666666,90.41649818034774,97.39779625183841,0.8896441608079614,223600,31000,1550533,16400,6,4450.0,0.8098069738480698,-4750.0,-3200.0,0.0,16.666666666666664,58.333333333333336,0.003963343555373922,0.017618550143813402,0.21891225775847184,0.028099809115237906
NC_000907.1,NC_003485.1,40000,0,DNABERT-2-only,6,6,6,100.0,93.30543933054393,92.91666666666667,93.1106471816284,98.18833916267232,0.9206795658713762,223000,16000,1565533,17000,6,1500.0,0.8990683229813665,500.0,4000.0,50.0,58.333333333333336,66.66666666666666,0.003963343555373922,0.017618550143813402,0.21891225775847184,0.028099809115237906
NC_000907.1,NC_003485.1,40000,0,DNABERT-S-only,6,6,6,100.0,92.6829268292683,95.0,93.82716049382715,98.35303560242939,0.9288650410172565,228000,18000,1563533,12000,6,1000.0,0.9319444444444445,0.0,1000.0,58.333333333333336,66.66666666666666,83.33333333333334,0.003963343555373922,0.017618550143813402,0.21891225775847184,0.028099809115237906
NC_000907.1,NC_003485.1,40000,0,SAGE-GI,6,6,6,100.0,92.6829268292683,95.0,93.82716049382715,98.35303560242939,0.9288650410172565,228000,18000,1563533,12000,6,1000.0,0.9319444444444445,0.0,1000.0,58.333333333333336,66.66666666666666,83.33333333333334,0.003963343555373922,0.017618550143813402,0.21891225775847184,0.028099809115237906
NC_000907.1,NC_003485.1,40000,0,SAGE-GI/no-refine,6,7,6,100.0,86.42558604397601,99.08333333333333,92.32262447830728,97.8287519358694,0.9135354022285194,237800,37350,1544183,2200,6,1700.0,0.8744015366531923,-950.0,3150.0,25.0,66.66666666666666,83.33333333333334,0.003963343555373922,0.017618550143813402,0.21891225775847184,0.028099809115237906
NC_000907.1,NC_003485.1,40000,1,Comp-only,6,8,6,100.0,80.64272211720227,88.875,84.5589692765114,95.72338244764163,0.8221435747489723,213300,51200,1530333,26700,6,4600.0,0.7914917541229385,-4700.0,-4600.0,16.666666666666664,16.666666666666664,58.333333333333336,0.003963343555373922,0.017618550143813402,0.21891225775847184,0.028099809115237906
NC_000907.1,NC_003485.1,40000,1,DNABERT-2-only,6,7,6,100.0,91.16279069767442,81.66666666666667,86.15384615384615,96.54137476510171,0.8435082467195666,196000,19000,1562533,44000,6,4000.0,0.8416666666666667,2000.0,-1000.0,33.33333333333333,41.66666666666667,58.333333333333336,0.003963343555373922,0.017618550143813402,0.21891225775847184,0.028099809115237906
NC_000907.1,NC_003485.1,40000,1,DNABERT-S-only,6,7,6,100.0,88.50574712643679,96.25,92.21556886227546,97.8589462831582,0.9108444583784371,231000,30000,1551533,9000,6,1000.0,0.9396051103368177,-500.0,500.0,66.66666666666666,83.33333333333334,91.66666666666666,0.003963343555373922,0.017618550143813402,0.21891225775847184,0.028099809115237906
NC_000907.1,NC_003485.1,40000,1,SAGE-GI,6,7,6,100.0,88.50574712643679,96.25,92.21556886227546,97.8589462831582,0.9108444583784371,231000,30000,1551533,9000,6,1000.0,0.9396051103368177,-500.0,500.0,66.66666666666666,83.33333333333334,91.66666666666666,0.003963343555373922,0.017618550143813402,0.21891225775847184,0.028099809115237906
NC_000907.1,NC_003485.1,40000,1,SAGE-GI/no-refine,6,8,6,100.0,82.1917808219178,100.0,90.22556390977444,97.14526171087759,0.8915680395021625,240000,52000,1529533,0,6,1350.0,0.9324211979112895,-1350.0,1050.0,33.33333333333333,91.66666666666666,91.66666666666666,0.003963343555373922,0.017618550143813402,0.21891225775847184,0.028099809115237906
NC_000907.1,NC_003485.1,80000,0,Comp-only,6,7,4,66.66666666666666,79.11418122714345,40.5625,53.62897672496902,83.66749404448049,0.4863714187515493,194700,51400,1530133,285300,4,15100.0,0.6375,13950.0,-15100.0,0.0,12.5,37.5,0.003963343555373922,0.017618550143813402,0.21891225775847184,0.028099809115237906
NC_000907.1,NC_003485.1,80000,0,DNABERT-2-only,6,3,2,33.33333333333333,88.51351351351352,27.291666666666664,41.71974522292993,82.24622162245281,0.42922986740104496,131000,17000,1564533,349000,2,5000.0,0.7856534695615156,14500.0,4000.0,25.0,25.0,50.0,0.003963343555373922,0.017618550143813402,0.21891225775847184,0.028099809115237906
NC_000907.1,NC_003485.1,80000,0,DNABERT-S-only,6,7,6,100.0,94.6268656716418,66.04166666666667,77.79141104294479,91.22012599361737,0.7435637747297482,317000,18000,1563533,163000,6,10000.0,0.68875,3500.0,-5500.0,8.333333333333332,16.666666666666664,41.66666666666667,0.003963343555373922,0.017618550143813402,0.21891225775847184,0.028099809115237906
NC_000907.1,NC_003485.1,80000,0,SAGE-GI,6,6,5,83.33333333333334,92.99610894941634,49.791666666666664,64.85753052917232,87.43653388036961,0.6224796115553648,239000,18000,1563533,241000,5,10000.0,0.425,2000.0,-11000.0,0.0,10.0,20.0,0.003963343555373922,0.017618550143813402,0.21891225775847184,0.028099809115237906
NC_000907.1,NC_003485.1,80000,0,SAGE-GI/no-refine,6,7,5,83.33333333333334,86.28255440599358,50.38541666666667,63.61962383269763,86.58280027532909,0.5913093765064062,241850,38450,1543083,238150,5,8500.0,0.58,7450.0,-9550.0,20.0,20.0,30.0,0.003963343555373922,0.017618550143813402,0.21891225775847184,0.028099809115237906
NC_000907.1,NC_003485.1,80000,1,Comp-only,6,9,6,100.0,82.91139240506328,51.85416666666667,63.80415278133812,86.30145624639528,0.5824565899355643,248900,51300,1530233,231100,6,12550.0,0.475,28650.0,-7650.0,0.0,0.0,16.666666666666664,0.003963343555373922,0.017618550143813402,0.21891225775847184,0.028099809115237906
NC_000907.1,NC_003485.1,80000,1,DNABERT-2-only,6,6,5,83.33333333333334,88.21138211382113,45.208333333333336,59.77961432506886,85.83578337091863,0.5654917826201866,217000,29000,1552533,263000,5,11500.0,0.3375,7000.0,-6000.0,10.0,10.0,20.0,0.003963343555373922,0.017618550143813402,0.21891225775847184,0.028099809115237906
NC_000907.1,NC_003485.1,80000,1,DNABERT-S-only,6,7,6,100.0,89.96655518394648,56.041666666666664,69.06290115532734,88.30967052188832,0.6498484120836103,269000,30000,1551533,211000,6,8500.0,0.46875,26000.0,-500.0,41.66666666666667,41.66666666666667,41.66666666666667,0.003963343555373922,0.017618550143813402,0.21891225775847184,0.028099809115237906
NC_000907.1,NC_003485.1,80000,1,SAGE-GI,6,7,6,100.0,90.9090909090909,62.5,74.07407407407406,89.81340584894834,0.6985255187285937,300000,30000,1551533,180000,6,1000.0,0.5084876543209876,14500.0,500.0,58.333333333333336,58.333333333333336,58.333333333333336,0.003963343555373922,0.017618550143813402,0.21891225775847184,0.028099809115237906
NC_000907.1,NC_003485.1,80000,1,SAGE-GI/no-refine,6,8,6,100.0,83.98910411622276,57.8125,68.48469891411648,87.61116120867335,0.6274990921765189,277500,52900,1528633,202500,6,6100.0,0.4414897792704696,14900.0,-3300.0,8.333333333333332,16.666666666666664,50.0,0.003963343555373922,0.017618550143813402,0.21891225775847184,0.028099809115237906
NC_000907.1,NC_010380.1,5000,0,Comp-only,6,5,2,33.33333333333333,11.547344110854503,33.33333333333333,17.152658662092623,94.00570760884202,0.1707681338582852,10000,76600,1504933,20000,2,9300.0,0.17448561427473747,-9300.0,18400.0,0.0,0.0,25.0,0.014806127326234875,0.021973204643788262,0.26980885519914,0.04407298039883967
NC_000907.1,NC_010380.1,5000,0,DNABERT-2-only,6,3,1,16.666666666666664,7.142857142857142,16.666666666666664,10.0,94.41525553618821,0.0832627766278111,5000,65000,1516533,25000,1,24500.0,0.09259259259259259,-12000.0,37000.0,0.0,0.0,0.0,0.014806127326234875,0.021973204643788262,0.26980885519914,0.04407298039883967
NC_000907.1,NC_010380.1,5000,0,DNABERT-S-only,6,1,1,16.666666666666664,21.73913043478261,16.666666666666664,18.867924528301884,97.33173320062326,0.1769571339026905,5000,18000,1563533,25000,1,19500.0,0.11363636363636363,-1000.0,38000.0,50.0,50.0,50.0,0.014806127326234875,0.021973204643788262,0.26980885519914,0.04407298039883967
NC_000907.1,NC_010380.1,5000,0,SAGE-GI,6,3,1,16.666666666666664,6.41025641025641,16.666666666666664,9.25925925925926,93.91883380607162,0.0758970831350762,5000,73000,1508533,25000,1,19500.0,0.11363636363636363,-1000.0,38000.0,50.0,50.0,50.0,0.014806127326234875,0.021973204643788262,0.26980885519914,0.04407298039883967
NC_000907.1,NC_010380.1,5000,0,SAGE-GI/no-refine,6,4,1,16.666666666666664,5.892751915144372,16.666666666666664,8.707009142359599,93.49377269965927,0.0703108089282174,5000,79850,1501683,25000,1,19600.0,0.11312217194570136,-550.0,38650.0,50.0,50.0,50.0,0.014806127326234875,0.021973204643788262,0.26980885519914,0.04407298039883967
NC_000907.1,NC_010380.1,5000,1,Comp-only,6,7,1,16.666666666666664,4.32152117545376,16.666666666666664,6.863417982155114,91.57944640289712,0.05061614089555348,5000,110700,1470833,25000,1,8700.0,0.22321428571428573,-3100.0,14300.0,0.0,0.0,50.0,0.014806127326234875,0.021973204643788262,0.26980885519914,0.04407298039883967
NC_000907.1,NC_010380.1,5000,1,DNABERT-2-only,6,3,0,0.0,0.0,0.0,0.0,93.98088652233618,-0.028685359939447073,0,67000,1514533,30000,0,,,,,,,,0.014806127326234875,0.021973204643788262,0.26980885519914,0.04407298039883967
NC_000907.1,NC_010380.1,5000,1,DNABERT-S-only,6,1,0,0.0,0.0,0.0,0.0,96.27683702412547,-0.018968937100901466,0,30000,1551533,30000,0,,,,,,,,0.014806127326234875,0.021973204643788262,0.26980885519914,0.04407298039883967
NC_000907.1,NC_010380.1,5000,1,SAGE-GI,6,2,0,0.0,0.0,0.0,0.0,93.85678108980704,-0.029129217055764645,0,69000,1512533,30000,0,,,,,,,,0.014806127326234875,0.021973204643788262,0.26980885519914,0.04407298039883967
NC_000907.1,NC_010380.1,5000,1,SAGE-GI/no-refine,6,5,2,33.33333333333333,6.723198061780739,18.5,9.862283429586851,93.70475193495884,0.08357518777036886,5550,77000,1504533,24450,2,8850.0,0.13227604107026986,-4400.0,8250.0,0.0,0.0,50.0,0.014806127326234875,0.021973204643788262,0.26980885519914,0.04407298039883967
NC_000907.1,NC_010380.1,10000,0,Comp-only,6,5,2,33.33333333333333,20.876826722338205,33.33333333333333,25.673940949935808,92.94561851635027,0.22846862569657836,20000,75800,1505733,40000,2,8700.0,0.2979651162790698,-8700.0,18200.0,0.0,0.0,50.0,0.014806127326234875,0.021973204643788262,0.26980885519914,0.04407298039883967
NC_000907.1,NC_010380.1,10000,0,DNABERT-2-only,6,4,2,33.33333333333333,23.52941176470588,33.33333333333333,27.586206896551722,93.60354010549895,0.24748952526656656,20000,65000,1516533,40000,2,12500.0,0.24702380952380953,-6000.0,25500.0,25.0,25.0,25.0,0.014806127326234875,0.021973204643788262,0.26980885519914,0.04407298039883967
NC_000907.1,NC_010380.1,10000,0,DNABERT-S-only,6,2,2,33.33333333333333,52.63157894736842,33.33333333333333,40.81632653061224,96.46671739160894,0.40176776892611754,20000,18000,1563533,40000,2,1500.0,0.48665620094191525,-1000.0,20000.0,50.0,75.0,75.0,0.014806127326234875,0.021973204643788262,0.26980885519914,0.04407298039883967
NC_000907.1,NC_010380.1,10000,0,SAGE-GI,6,3,2,33.33333333333333,25.97402597402597,33.33333333333333,29.197080291970796,94.09088943079426,0.26385222807305003,20000,57000,1524533,40000,2,500.0,0.6020408163265306,-500.0,19000.0,75.0,75.0,75.0,0.014806127326234875,0.021973204643788262,0.26980885519914,0.04407298039883967
NC_000907.1,NC_010380.1,10000,0,SAGE-GI/no-refine,6,4,2,33.33333333333333,24.615384615384617,33.33333333333333,28.318584070796465,93.83198510173114,0.2548834414736561,20000,61250,1520283,40000,2,6600.0,0.31755805770584095,-4200.0,21900.0,25.0,25.0,25.0,0.014806127326234875,0.021973204643788262,0.26980885519914,0.04407298039883967
NC_000907.1,NC_010380.1,10000,1,Comp-only,6,7,2,33.33333333333333,13.843351548269581,25.333333333333336,17.903415783274436,91.50793800672908,0.14535946245978992,15200,94600,1486933,44800,2,9250.0,0.2638739706408879,-12700.0,3850.0,0.0,0.0,25.0,0.014806127326234875,0.021973204643788262,0.26980885519914,0.04407298039883967
NC_000907.1,NC_010380.1,10000,1,DNABERT-2-only,6,5,2,33.33333333333333,22.988505747126435,33.33333333333333,27.210884353741495,93.48170277417512,0.24372632188758717,20000,67000,1514533,40000,2,6500.0,0.4864253393665159,-5000.0,6500.0,25.0,25.0,25.0,0.014806127326234875,0.021973204643788262,0.26980885519914,0.04407298039883967
NC_000907.1,NC_010380.1,10000,1,DNABERT-S-only,6,2,1,16.666666666666664,25.0,16.666666666666664,20.0,95.12650674704682,0.1797589952886787,10000,30000,1551533,50000,1,5000.0,0.5,-10000.0,0.0,50.0,50.0,50.0,0.014806127326234875,0.021973204643788262,0.26980885519914,0.04407298039883967
NC_000907.1,NC_010380.1,10000,1,SAGE-GI,6,3,2,33.33333333333333,40.0,33.33333333333333,36.36363636363636,95.73569340366596,0.3432853592902193,20000,30000,1551533,40000,2,0.0,0.75,-5000.0,0.0,75.0,75.0,75.0,0.014806127326234875,0.021973204643788262,0.26980885519914,0.04407298039883967
NC_000907.1,NC_010380.1,10000,1,SAGE-GI/no-refine,6,5,2,33.33333333333333,21.008403361344538,33.33333333333333,25.773195876288664,92.9821697157474,0.22944758213257374,20000,75200,1506333,40000,2,8200.0,0.3918230891915102,-7350.0,8200.0,0.0,25.0,50.0,0.014806127326234875,0.021973204643788262,0.26980885519914,0.04407298039883967
NC_000907.1,NC_010380.1,20000,0,Comp-only,6,8,6,100.0,67.52085816448152,94.41666666666667,78.73523280055595,96.40324342813216,0.7811962641955376,113300,54500,1527033,6700,6,4800.0,0.6556733005944688,-6550.0,450.0,8.333333333333332,16.666666666666664,50.0,0.014806127326234875,0.021973204643788262,0.26980885519914,0.04407298039883967
NC_000907.1,NC_010380.1,20000,0,DNABERT-2-only,6,6,6,100.0,87.5,93.33333333333333,90.32258064516128,98.5895072267185,0.8961700564952542,112000,16000,1565533,8000,6,2000.0,0.7703703703703704,0.0,4000.0,41.66666666666667,75.0,75.0,0.014806127326234875,0.021973204643788262,0.26980885519914,0.04407298039883967
NC_000907.1,NC_010380.1,20000,0,DNABERT-S-only,6,6,6,100.0,86.76470588235294,98.33333333333333,92.18749999999999,98.82458935559875,0.9176434932815559,118000,18000,1563533,2000,6,500.0,0.9261904761904762,0.0,500.0,75.0,83.33333333333334,91.66666666666666,0.014806127326234875,0.021973204643788262,0.26980885519914,0.04407298039883967
NC_000907.1,NC_010380.1,20000,0,SAGE-GI,6,6,6,100.0,86.76470588235294,98.33333333333333,92.18749999999999,98.82458935559875,0.9176434932815559,118000,18000,1563533,2000,6,500.0,0.9261904761904762,0.0,500.0,75.0,83.33333333333334,91.66666666666666,0.014806127326234875,0.021973204643788262,0.26980885519914,0.04407298039883967
NC_000907.1,NC_010380.1,20000,0,SAGE-GI/no-refine,6,7,6,100.0,75.78149668455953,100.0,86.2223818932998,97.7461500893606,0.859906388046311,120000,38350,1543183,0,6,2800.0,0.7346226161697555,-2100.0,3500.0,8.333333333333332,33.33333333333333,75.0,0.014806127326234875,0.021973204643788262,0.26980885519914,0.04407298039883967
NC_000907.1,NC_010380.1,20000,1,Comp-only,6,9,6,100.0,58.65764241398759,86.66666666666667,69.96300033636057,94.75179147274841,0.6874365148234196,104000,73300,1508233,16000,6,6350.0,0.5418936368534022,-10250.0,-2900.0,0.0,8.333333333333332,41.66666666666667,0.014806127326234875,0.021973204643788262,0.26980885519914,0.04407298039883967
NC_000907.1,NC_010380.1,20000,1,DNABERT-2-only,6,6,5,83.33333333333334,83.03571428571429,77.5,80.17241379310346,97.29655551787711,0.7877759699520177,93000,19000,1562533,27000,5,1000.0,0.75,0.0,-1000.0,60.0,70.0,80.0,0.014806127326234875,0.021973204643788262,0.26980885519914,0.04407298039883967
NC_000907.1,NC_010380.1,20000,1,DNABERT-S-only,6,7,6,100.0,79.72972972972973,98.33333333333333,88.05970149253731,98.119342968958,0.8761527352090184,118000,30000,1551533,2000,6,0.0,0.9511904761904761,0.0,0.0,91.66666666666666,91.66666666666666,91.66666666666666,0.014806127326234875,0.021973204643788262,0.26980885519914,0.04407298039883967
NC_000907.1,NC_010380.1,20000,1,SAGE-GI,6,7,6,100.0,79.72972972972973,98.33333333333333,88.05970149253731,98.119342968958,0.8761527352090184,118000,30000,1551533,2000,6,0.0,0.9511904761904761,0.0,0.0,91.66666666666666,91.66666666666666,91.66666666666666,0.014806127326234875,0.021973204643788262,0.26980885519914,0.04407298039883967
NC_000907.1,NC_010380.1,20000,1,SAGE-GI/no-refine,6,8,6,100.0,69.08462867012089,100.0,81.71603677221654,96.84402241978263,0.8169388088057205,120000,53700,1527833,0,6,2900.0,0.6691657807866614,-4500.0,2900.0,8.333333333333332,25.0,66.66666666666666,0.014806127326234875,0.021973204643788262,0.26980885519914,0.04407298039883967
NC_000907.1,NC_010380.1,40000,0,Comp-only,6,7,6,100.0,88.0614657210402,93.125,90.5224787363305,97.43073553978984,0.8908431384558702,223500,30300,1551233,16500,6,5600.0,0.7710494515709239,-5750.0,-2100.0,0.0,16.666666666666664,41.66666666666667,0.014806127326234875,0.021973204643788262,0.26980885519914,0.04407298039883967
NC_000907.1,NC_010380.1,40000,0,DNABERT-2-only,6,6,6,100.0,92.82700421940928,91.66666666666666,92.24318658280922,97.9687439096629,0.9107698199608096,220000,17000,1564533,20000,6,8000.0,0.717156862745098,-500.0,8000.0,25.0,33.33333333333333,33.33333333333333,0.014806127326234875,0.021973204643788262,0.26980885519914,0.04407298039883967
NC_000907.1,NC_010380.1,40000,0,DNABERT-S-only,6,6,6,100.0,92.99610894941634,99.58333333333333,96.17706237424547,98.95692254820527,0.9564898311098277,239000,18000,1563533,1000,6,1000.0,0.9302325581395349,-500.0,2500.0,66.66666666666666,75.0,83.33333333333334,0.014806127326234875,0.021973204643788262,0.26980885519914,0.04407298039883967
NC_000907.1,NC_010380.1,40000,0,SAGE-GI,6,6,6,100.0,92.99610894941634,99.58333333333333,96.17706237424547,98.95692254820527,0.9564898311098277,239000,18000,1563533,1000,6,1000.0,0.9302325581395349,-500.0,2500.0,66.66666666666666,75.0,83.33333333333334,0.014806127326234875,0.021973204643788262,0.26980885519914,0.04407298039883967
NC_000907.1,NC_010380.1,40000,0,SAGE-GI/no-refine,6,7,6,100.0,86.28665088326353,98.70833333333333,92.08045865319211,97.76287335996658,0.9106313325922071,236900,37650,1543883,3100,6,1850.0,0.9033844942935851,-400.0,2400.0,33.33333333333333,75.0,83.33333333333334,0.014806127326234875,0.021973204643788262,0.26980885519914,0.04407298039883967
NC_000907.1,NC_010380.1,40000,1,Comp-only,6,8,6,100.0,84.20053171287505,92.375,88.09854957281941,96.71156108618399,0.8632004238927525,221700,41600,1539933,18300,6,4800.0,0.7586347843858574,-6500.0,-3450.0,8.333333333333332,16.666666666666664,58.333333333333336,0.014806127326234875,0.021973204643788262,0.26980885519914,0.04407298039883967
NC_000907.1,NC_010380.1,40000,1,DNABERT-2-only,6,7,6,100.0,92.05020920502092,91.66666666666666,91.8580375782881,97.8589462831582,0.9062571434894878,220000,19000,1562533,20000,6,1500.0,0.8667553191489361,1000.0,500.0,50.0,58.333333333333336,66.66666666666666,0.014806127326234875,0.021973204643788262,0.26980885519914,0.04407298039883967
NC_000907.1,NC_010380.1,40000,1,DNABERT-S-only,6,7,6,100.0,88.76404494382022,98.75,93.49112426035504,98.18833916267232,0.9261955721974757,237000,30000,1551533,3000,6,0.0,0.9875,0.0,0.0,83.33333333333334,91.66666666666666,91.66666666666666,0.014806127326234875,0.021973204643788262,0.26980885519914,0.04407298039883967
NC_000907.1,NC_010380.1,40000,1,SAGE-GI,6,7,6,100.0,88.76404494382022,98.75,93.49112426035504,98.18833916267232,0.9261955721974757,237000,30000,1551533,3000,6,0.0,0.9875,0.0,0.0,83.33333333333334,91.66666666666666,91.66666666666666,0.014806127326234875,0.021973204643788262,0.26980885519914,0.04407298039883967
NC_000907.1,NC_010380.1,40000,1,SAGE-GI/no-refine,6,8,6,100.0,82.55933952528379,100.0,90.44657998869417,97.21663016810565,0.8939389978792694,240000,50700,1530833,0,6,1400.0,0.9166509166509167,-1550.0,1400.0,25.0,83.33333333333334,91.66666666666666,0.014806127326234875,0.021973204643788262,0.26980885519914,0.04407298039883967
NC_000907.1,NC_010380.1,80000,0,Comp-only,6,7,6,100.0,92.88413098236776,61.458333333333336,73.97191574724172,89.92982406781749,0.7027780231468896,295000,22600,1558933,185000,6,16800.0,0.608125,9300.0,-16900.0,8.333333333333332,8.333333333333332,16.666666666666664,0.014806127326234875,0.021973204643788262,0.26980885519914,0.04407298039883967
NC_000907.1,NC_010380.1,80000,0,DNABERT-2-only,6,6,6,100.0,100.0,86.66666666666667,92.85714285714286,96.89551416348901,0.912666012230286,416000,0,1581533,64000,6,3500.0,0.9263775971093045,3500.0,-3000.0,25.0,33.33333333333333,75.0,0.014806127326234875,0.021973204643788262,0.26980885519914,0.04407298039883967
NC_000907.1,NC_010380.1,80000,0,DNABERT-S-only,6,4,4,66.66666666666666,92.82868525896414,48.541666666666664,63.748290013679885,87.14548833319671,0.6126752718149733,233000,18000,1563533,247000,4,4000.0,0.7173844537815126,3500.0,1500.0,37.5,50.0,50.0,0.014806127326234875,0.021973204643788262,0.26980885519914,0.04407298039883967
NC_000907.1,NC_010380.1,80000,0,SAGE-GI,6,4,4,66.66666666666666,93.12977099236642,50.83333333333333,65.76819407008087,87.67907183634703,0.6305849655488681,244000,18000,1563533,236000,4,4000.0,0.7173844537815126,3500.0,1500.0,37.5,50.0,50.0,0.014806127326234875,0.021973204643788262,0.26980885519914,0.04407298039883967
NC_000907.1,NC_010380.1,80000,0,SAGE-GI/no-refine,6,5,4,66.66666666666666,86.09890109890111,48.96875,62.430278884462155,86.27720245079755,0.5806688531155254,235050,37950,1543583,244950,4,9750.0,0.6447280334728034,10200.0,-1950.0,12.5,25.0,25.0,0.014806127326234875,0.021973204643788262,0.26980885519914,0.04407298039883967
NC_000907.1,NC_010380.1,80000,1,Comp-only,6,6,4,66.66666666666666,79.17509098261222,40.791666666666664,53.842980888216694,83.71600163567598,0.4882490707784877,195800,51500,1530033,284200,4,18750.0,0.5795020746887967,3750.0,-18850.0,0.0,0.0,0.0,0.014806127326234875,0.021973204643788262,0.26980885519914,0.04407298039883967
NC_000907.1,NC_010380.1,80000,1,DNABERT-2-only,6,4,3,50.0,91.28440366972477,41.458333333333336,57.02005730659027,85.44772264135476,0.5532827090070858,199000,19000,1562533,281000,3,4500.0,0.8875,0.0,0.0,50.0,50.0,50.0,0.014806127326234875,0.021973204643788262,0.26980885519914,0.04407298039883967
NC_000907.1,NC_010380.1,80000,1,DNABERT-S-only,6,6,5,83.33333333333334,89.01098901098901,50.625,64.5418326693227,87.04847315080573,0.6075884076965561,243000,30000,1551533,237000,5,1000.0,0.4375,45000.0,0.0,60.0,60.0,60.0,0.014806127326234875,0.021973204643788262,0.26980885519914,0.04407298039883967
NC_000907.1,NC_010380.1,80000,1,SAGE-GI,6,4,3,50.0,86.60714285714286,40.416666666666664,55.11363636363637,84.67160118222701,0.5231206737002952,194000,30000,1551533,286000,3,500.0,0.8888888888888888,0.0,0.0,66.66666666666666,66.66666666666666,66.66666666666666,0.014806127326234875,0.021973204643788262,0.26980885519914,0.04407298039883967
NC_000907.1,NC_010380.1,80000,1,SAGE-GI/no-refine,6,5,3,50.0,77.77777777777779,39.010416666666664,51.95976413458203,83.20424654856362,0.4688504656406341,187250,53500,1528033,292750,3,4950.0,0.8255933952528379,-3750.0,-3850.0,0.0,0.0,50.0,0.014806127326234875,0.021973204643788262,0.26980885519914,0.04407298039883967
NC_000907.1,NC_007432.1,5000,0,Comp-only,6,5,2,33.33333333333333,11.325028312570781,33.33333333333333,16.906170752324602,93.90021799119224,0.16857220773633788,10000,78300,1503233,20000,2,8350.0,0.17530352711804326,-8150.0,18500.0,0.0,0.0,50.0,0.025278535825465076,0.016700028294347864,0.21940960439588214,0.02476172256204423
NC_000907.1,NC_007432.1,5000,0,DNABERT-2-only,6,4,1,16.666666666666664,5.434782608695652,16.666666666666664,8.19672131147541,93.05009577836756,0.0650482704605836,5000,87000,1494533,25000,1,22000.0,0.10204081632653061,-8000.0,36000.0,0.0,0.0,0.0,0.025278535825465076,0.016700028294347864,0.21940960439588214,0.02476172256204423
NC_000907.1,NC_007432.1,5000,0,DNABERT-S-only,6,2,1,16.666666666666664,14.285714285714285,16.666666666666664,15.384615384615383,96.58710060544836,0.13695819405356502,5000,30000,1551533,25000,1,19500.0,0.11363636363636363,-1000.0,38000.0,50.0,50.0,50.0,0.025278535825465076,0.016700028294347864,0.21940960439588214,0.02476172256204423
NC_000907.1,NC_007432.1,5000,0,SAGE-GI,6,2,1,16.666666666666664,8.064516129032258,16.666666666666664,10.869565217391303,94.91167726630482,0.0917977595291514,5000,57000,1524533,25000,1,19500.0,0.11363636363636363,-1000.0,38000.0,50.0,50.0,50.0,0.025278535825465076,0.016700028294347864,0.21940960439588214,0.02476172256204423
NC_000907.1,NC_007432.1,5000,0,SAGE-GI/no-refine,6,3,1,16.666666666666664,6.213450292397661,14.166666666666666,8.638211382113822,94.42146080781467,0.06778625052887552,4250,64150,1517383,25750,1,19750.0,0.09714285714285714,750.0,38750.0,50.0,50.0,50.0,0.025278535825465076,0.016700028294347864,0.21940960439588214,0.02476172256204423
NC_000907.1,NC_007432.1,5000,1,Comp-only,6,6,1,16.666666666666664,4.355400696864112,16.666666666666664,6.906077348066299,91.63529384753524,0.05109791616840058,5000,109800,1471733,25000,1,9050.0,0.21645021645021645,-1000.0,17100.0,50.0,50.0,50.0,0.025278535825465076,0.016700028294347864,0.21940960439588214,0.02476172256204423
NC_000907.1,NC_007432.1,5000,1,DNABERT-2-only,6,5,0,0.0,0.0,0.0,0.0,91.96727587955071,-0.035321250972631744,0,99450,1482083,30000,0,,,,,,,,0.025278535825465076,0.016700028294347864,0.21940960439588214,0.02476172256204423
NC_000907.1,NC_007432.1,5000,1,DNABERT-S-only,6,1,0,0.0,0.0,0.0,0.0,96.27683702412547,-0.018968937100901466,0,30000,1551533,30000,0,,,,,,,,0.025278535825465076,0.016700028294347864,0.21940960439588214,0.02476172256204423
NC_000907.1,NC_007432.1,5000,1,SAGE-GI,6,3,1,16.666666666666664,6.756756756756757,16.666666666666664,9.615384615384615,94.1670446711299,0.07945318837968071,5000,69000,1512533,25000,1,3000.0,0.45454545454545453,-6000.0,0.0,50.0,50.0,50.0,0.025278535825465076,0.016700028294347864,0.21940960439588214,0.02476172256204423
NC_000907.1,NC_007432.1,5000,1,SAGE-GI/no-refine,6,5,2,33.33333333333333,6.370543541788427,18.166666666666668,9.433145824318476,93.50618324291219,0.07898619376931673,5450,80100,1501433,24550,2,8950.0,0.12821540928998829,-4400.0,8500.0,0.0,0.0,50.0,0.025278535825465076,0.016700028294347864,0.21940960439588214,0.02476172256204423
NC_000907.1,NC_007432.1,10000,0,Comp-only,6,5,2,33.33333333333333,21.413276231263385,33.33333333333333,26.075619295958276,93.09182331393886,0.23243527665248148,20000,73400,1508133,40000,2,8000.0,0.30011657420650995,-8000.0,18300.0,0.0,0.0,50.0,0.025278535825465076,0.016700028294347864,0.21940960439588214,0.02476172256204423
NC_000907.1,NC_007432.1,10000,0,DNABERT-2-only,6,3,0,0.0,0.0,0.0,0.0,92.44608545792256,-0.03923171166060825,0,64000,1517533,60000,0,,,,,,,,0.025278535825465076,0.016700028294347864,0.21940960439588214,0.02476172256204423
NC_000907.1,NC_007432.1,10000,0,DNABERT-S-only,6,2,2,33.33333333333333,52.63157894736842,33.33333333333333,40.81632653061224,96.46671739160894,0.40176776892611754,20000,18000,1563533,40000,2,11000.0,0.2582908163265306,-2000.0,28500.0,25.0,25.0,50.0,0.025278535825465076,0.016700028294347864,0.21940960439588214,0.02476172256204423
NC_000907.1,NC_007432.1,10000,0,SAGE-GI,6,3,2,33.33333333333333,25.97402597402597,33.33333333333333,29.197080291970796,94.09088943079426,0.26385222807305003,20000,57000,1524533,40000,2,500.0,0.6020408163265306,-500.0,19000.0,75.0,75.0,75.0,0.025278535825465076,0.016700028294347864,0.21940960439588214,0.02476172256204423
NC_000907.1,NC_007432.1,10000,0,SAGE-GI/no-refine,6,4,2,33.33333333333333,24.076354679802954,32.58333333333333,27.69121813031161,93.78020423591849,0.24824826897080587,19550,61650,1519883,40450,2,6900.0,0.3080327515621633,-3800.0,22250.0,25.0,25.0,25.0,0.025278535825465076,0.016700028294347864,0.21940960439588214,0.02476172256204423
NC_000907.1,NC_007432.1,10000,1,Comp-only,6,7,2,33.33333333333333,12.0,24.5,16.10958904109589,90.67335228716085,0.12628140422485556,14700,107800,1473733,45300,2,9800.0,0.27886420420014857,-10150.0,4500.0,25.0,25.0,25.0,0.025278535825465076,0.016700028294347864,0.21940960439588214,0.02476172256204423
NC_000907.1,NC_007432.1,10000,1,DNABERT-2-only,6,3,0,0.0,0.0,0.0,0.0,92.26332946093682,-0.04017889732833955,0,67000,1514533,60000,0,,,,,,,,0.025278535825465076,0.016700028294347864,0.21940960439588214,0.02476172256204423
NC_000907.1,NC_007432.1,10000,1,DNABERT-S-only,6,2,1,16.666666666666664,25.0,16.666666666666664,20.0,95.12650674704682,0.1797589952886787,10000,30000,1551533,50000,1,5500.0,0.47619047619047616,-10000.0,1000.0,50.0,50.0,50.0,0.025278535825465076,0.016700028294347864,0.21940960439588214,0.02476172256204423
NC_000907.1,NC_007432.1,10000,1,SAGE-GI,6,2,0,0.0,0.0,0.0,0.0,92.14149212961298,-0.04080009341422063,0,69000,1512533,60000,0,,,,,,,,0.025278535825465076,0.016700028294347864,0.21940960439588214,0.02476172256204423
NC_000907.1,NC_007432.1,10000,1,SAGE-GI/no-refine,6,5,2,33.33333333333333,14.19141914191419,21.5,17.09741550695825,92.37907492569445,0.13594097765158547,12900,78000,1503533,47100,2,9650.0,0.2799278475304393,-3300.0,6100.0,25.0,25.0,25.0,0.025278535825465076,0.016700028294347864,0.21940960439588214,0.02476172256204423
NC_000907.1,NC_007432.1,20000,0,Comp-only,6,7,5,83.33333333333334,63.23722149410222,80.41666666666667,70.79970652971386,95.321865635283,0.6887951595179126,96500,56100,1525433,23500,5,3750.0,0.6137184115523465,-6100.0,2600.0,20.0,20.0,60.0,0.025278535825465076,0.016700028294347864,0.21940960439588214,0.02476172256204423
NC_000907.1,NC_007432.1,20000,0,DNABERT-2-only,6,5,4,66.66666666666666,62.99212598425197,66.66666666666666,64.77732793522267,94.88696369685454,0.6205209373829512,80000,47000,1534533,40000,4,3000.0,0.6703296703296704,0.0,10500.0,50.0,50.0,50.0,0.025278535825465076,0.016700028294347864,0.21940960439588214,0.02476172256204423
NC_000907.1,NC_007432.1,20000,0,DNABERT-S-only,6,6,6,100.0,86.86131386861314,99.16666666666667,92.6070038910506,98.88335988781881,0.9224218816314974,119000,18000,1563533,1000,6,1000.0,0.9080086580086579,-500.0,1000.0,75.0,83.33333333333334,83.33333333333334,0.025278535825465076,0.016700028294347864,0.21940960439588214,0.02476172256204423
NC_000907.1,NC_007432.1,20000,0,SAGE-GI,6,7,6,100.0,80.6896551724138,97.5,88.30188679245283,98.17811350117806,0.8778345586081785,117000,28000,1553533,3000,6,1000.0,0.7651515151515151,0.0,5500.0,58.333333333333336,75.0,75.0,0.025278535825465076,0.016700028294347864,0.21940960439588214,0.02476172256204423
NC_000907.1,NC_007432.1,20000,0,SAGE-GI/no-refine,6,8,6,100.0,69.8001249219238,93.125,79.79293109603714,96.67358787634444,0.7898443318882407,111750,48350,1533183,8250,6,3300.0,0.724297235925143,-800.0,3800.0,8.333333333333332,41.66666666666667,66.66666666666666,0.025278535825465076,0.016700028294347864,0.21940960439588214,0.02476172256204423
NC_000907.1,NC_007432.1,20000,1,Comp-only,6,9,6,100.0,51.31086142322098,68.5,58.67237687366167,93.19437236891673,0.5573003646893108,82200,78000,1503533,37800,6,6900.0,0.48815359477124187,-8900.0,-5750.0,0.0,0.0,25.0,0.025278535825465076,0.016700028294347864,0.21940960439588214,0.02476172256204423
NC_000907.1,NC_007432.1,20000,1,DNABERT-2-only,6,5,3,50.0,49.494949494949495,40.833333333333336,44.74885844748859,92.88876560137241,0.41202687181194847,49000,50000,1531533,71000,3,5000.0,0.7407407407407407,0.0,-4000.0,33.33333333333333,33.33333333333333,50.0,0.025278535825465076,0.016700028294347864,0.21940960439588214,0.02476172256204423
NC_000907.1,NC_007432.1,20000,1,DNABERT-S-only,6,7,6,100.0,79.59183673469387,97.5,87.64044943820225,98.06057243673793,0.8712506503340396,117000,30000,1551533,3000,6,1000.0,0.9295454545454545,0.0,0.0,91.66666666666666,91.66666666666666,91.66666666666666,0.025278535825465076,0.016700028294347864,0.21940960439588214,0.02476172256204423
NC_000907.1,NC_007432.1,20000,1,SAGE-GI,6,8,6,100.0,73.44632768361582,97.5,83.78088077336197,97.33769489043115,0.8334344720658216,117000,42300,1539233,3000,6,1000.0,0.9295454545454545,0.0,0.0,91.66666666666666,91.66666666666666,91.66666666666666,0.025278535825465076,0.016700028294347864,0.21940960439588214,0.02476172256204423
NC_000907.1,NC_007432.1,20000,1,SAGE-GI/no-refine,6,9,6,100.0,64.33941997851772,99.83333333333333,78.24951012410189,96.08588255414382,0.7843360360496686,119800,66400,1515133,200,6,1400.0,0.6927927927927928,-4700.0,900.0,33.33333333333333,66.66666666666666,66.66666666666666,0.025278535825465076,0.016700028294347864,0.21940960439588214,0.02476172256204423
NC_000907.1,NC_007432.1,40000,0,Comp-only,6,6,6,100.0,94.74807856532877,92.45833333333333,93.58920286798819,98.33107607712844,0.9263919267483225,221900,12300,1569233,18100,6,5100.0,0.8065541697236488,-5300.0,-3650.0,0.0,25.0,50.0,0.025278535825465076,0.016700028294347864,0.21940960439588214,0.02476172256204423
NC_000907.1,NC_007432.1,40000,0,DNABERT-2-only,6,4,4,66.66666666666666,90.6832298136646,60.83333333333333,72.81795511221945,94.01602935549343,0.7135514404331436,146000,15000,1566533,94000,4,3500.0,0.7138836772983115,-500.0,3000.0,50.0,50.0,50.0,0.025278535825465076,0.016700028294347864,0.21940960439588214,0.02476172256204423
NC_000907.1,NC_007432.1,40000,0,DNABERT-S-only,6,6,6,100.0,92.62295081967213,94.16666666666667,93.38842975206612,98.24323797592469,0.9237974750458917,226000,18000,1563533,14000,6,2500.0,0.8041666666666667,1000.0,2500.0,33.33333333333333,50.0,66.66666666666666,0.025278535825465076,0.016700028294347864,0.21940960439588214,0.02476172256204423
NC_000907.1,NC_007432.1,40000,0,SAGE-GI,6,6,6,100.0,92.62295081967213,94.16666666666667,93.38842975206612,98.24323797592469,0.9237974750458917,226000,18000,1563533,14000,6,2500.0,0.8041666666666667,1000.0,2500.0,33.33333333333333,50.0,66.66666666666666,0.025278535825465076,0.016700028294347864,0.21940960439588214,0.02476172256204423
NC_000907.1,NC_007432.1,40000,0,SAGE-GI/no-refine,6,7,6,100.0,86.19996344361176,98.25,91.83136987635089,97.69699478406375,0.907600349777694,235800,37750,1543783,4200,6,1350.0,0.9073088859332447,250.0,2050.0,33.33333333333333,66.66666666666666,83.33333333333334,0.025278535825465076,0.016700028294347864,0.21940960439588214,0.02476172256204423
NC_000907.1,NC_007432.1,40000,1,Comp-only,6,8,6,100.0,80.51797448782374,86.79166666666667,83.53719671144975,95.49280743198175,0.8100687974698302,208300,50400,1531133,31700,6,5050.0,0.7629673813177351,-4600.0,-5750.0,0.0,8.333333333333332,50.0,0.025278535825465076,0.016700028294347864,0.21940960439588214,0.02476172256204423
NC_000907.1,NC_007432.1,40000,1,DNABERT-2-only,6,7,6,100.0,93.14516129032258,96.25,94.67213114754097,98.5726308554388,0.9386513180851968,231000,17000,1564533,9000,6,1000.0,0.8556910569105691,0.0,500.0,58.333333333333336,58.333333333333336,75.0,0.025278535825465076,0.016700028294347864,0.21940960439588214,0.02476172256204423
NC_000907.1,NC_007432.1,40000,1,DNABERT-S-only,6,7,6,100.0,87.64940239043824,91.66666666666666,89.61303462321793,97.20016052412996,0.8802549534231108,220000,31000,1550533,20000,6,1000.0,0.9009146341463414,0.0,-1000.0,58.333333333333336,66.66666666666666,83.33333333333334,0.025278535825465076,0.016700028294347864,0.21940960439588214,0.02476172256204423
NC_000907.1,NC_007432.1,40000,1,SAGE-GI,6,7,6,100.0,88.07692307692308,95.41666666666667,91.60000000000001,97.69424984340114,0.9036332560093392,229000,31000,1550533,11000,6,1000.0,0.9259146341463416,0.0,-1000.0,66.66666666666666,75.0,91.66666666666666,0.025278535825465076,0.016700028294347864,0.21940960439588214,0.02476172256204423
NC_000907.1,NC_007432.1,40000,1,SAGE-GI/no-refine,6,8,6,100.0,81.74477795330876,97.02083333333333,88.73011336572354,96.75273519612327,0.8728436877404432,232850,52000,1529533,7150,6,1200.0,0.9376162790697674,0.0,-50.0,41.66666666666667,91.66666666666666,91.66666666666666,0.025278535825465076,0.016700028294347864,0.21940960439588214,0.02476172256204423
NC_000907.1,NC_007432.1,80000,0,Comp-only,6,6,4,66.66666666666666,76.29884070416489,37.02083333333333,49.85271426567542,82.65853614761443,0.44766422595978694,177700,55200,1526333,302300,4,5450.0,0.6011601796407186,23900.0,-3450.0,0.0,0.0,37.5,0.025278535825465076,0.016700028294347864,0.21940960439588214,0.02476172256204423
NC_000907.1,NC_007432.1,80000,0,DNABERT-2-only,6,4,2,33.33333333333333,82.41758241758241,31.25,45.31722054380664,82.44025198723475,0.43538961510630286,150000,32000,1549533,330000,2,4000.0,0.8658244680851064,4000.0,6000.0,0.0,25.0,75.0,0.025278535825465076,0.016700028294347864,0.21940960439588214,0.02476172256204423
NC_000907.1,NC_007432.1,80000,0,DNABERT-S-only,6,4,4,66.66666666666666,91.13300492610837,38.54166666666667,54.172767203513914,84.81712395581347,0.5305657200884984,185000,18000,1563533,295000,4,8500.0,0.5242251739405439,32000.0,8500.0,25.0,25.0,50.0,0.025278535825465076,0.016700028294347864,0.21940960439588214,0.02476172256204423
NC_000907.1,NC_007432.1,80000,0,SAGE-GI,6,4,4,66.66666666666666,91.2621359223301,39.166666666666664,54.81049562682215,84.96264672939992,0.5359216962855569,188000,18000,1563533,292000,4,9500.0,0.5242251739405439,32000.0,9500.0,25.0,25.0,37.5,0.025278535825465076,0.016700028294347864,0.21940960439588214,0.02476172256204423
NC_000907.1,NC_007432.1,80000,0,SAGE-GI/no-refine,6,5,3,50.0,81.8457236075507,36.583333333333336,50.565114102656395,83.34491856303052,0.47225856813345757,175600,38950,1542583,304400,3,2400.0,0.8898776418242491,2050.0,-1950.0,0.0,50.0,66.66666666666666,0.025278535825465076,0.016700028294347864,0.21940960439588214,0.02476172256204423
NC_000907.1,NC_007432.1,80000,1,Comp-only,6,7,6,100.0,93.5459940652819,78.8125,85.5495251017639,93.80072984521712,0.8212589335651662,378300,26100,1555433,101700,6,8800.0,0.7893174169633712,-650.0,-10800.0,25.0,41.66666666666667,41.66666666666667,0.025278535825465076,0.016700028294347864,0.21940960439588214,0.02476172256204423
NC_000907.1,NC_007432.1,80000,1,DNABERT-2-only,6,5,3,50.0,76.41509433962264,33.75,46.82080924855491,82.14920644006185,0.42561713548455926,162000,50000,1531533,318000,3,12500.0,0.6,26000.0,-2000.0,0.0,16.666666666666664,33.33333333333333,0.025278535825465076,0.016700028294347864,0.21940960439588214,0.02476172256204423
NC_000907.1,NC_007432.1,80000,1,DNABERT-S-only,6,5,4,66.66666666666666,86.64259927797833,50.0,63.40819022457068,86.5633972388509,0.5906308743124014,240000,37000,1544533,240000,4,1000.0,0.81875,1000.0,-1000.0,75.0,75.0,75.0,0.025278535825465076,0.016700028294347864,0.21940960439588214,0.02476172256204423
NC_000907.1,NC_007432.1,80000,1,SAGE-GI,6,6,5,83.33333333333334,90.96385542168674,62.916666666666664,74.38423645320196,89.91042103133931,0.7016117714572053,302000,30000,1551533,178000,5,1000.0,0.8888888888888888,1000.0,-1000.0,60.0,60.0,70.0,0.025278535825465076,0.016700028294347864,0.21940960439588214,0.02476172256204423
NC_000907.1,NC_007432.1,80000,1,SAGE-GI/no-refine,6,7,5,83.33333333333334,84.12603150787696,58.40625000000001,68.9455886873655,87.74940784358049,0.6321417039637052,280350,52900,1528633,199650,5,5800.0,0.8675,7650.0,-3650.0,20.0,20.0,40.0,0.025278535825465076,0.016700028294347864,0.21940960439588214,0.02476172256204423
NC_000907.1,NC_003997.3,5000,0,Comp-only,6,6,2,33.33333333333333,5.892857142857142,22.0,9.295774647887324,92.00761014512268,0.08151038416406062,6600,105400,1476133,23400,2,8750.0,0.13183649971214736,-5350.0,18500.0,0.0,0.0,50.0,0.027734470912936404,0.016702606081064247,0.20440940416131975,0.02441855072943211
NC_000907.1,NC_003997.3,5000,0,DNABERT-2-only,6,4,1,16.666666666666664,5.376344086021505,16.666666666666664,8.130081300813007,92.98804306210297,0.06435240765971821,5000,88000,1493533,25000,1,24500.0,0.09259259259259259,-12000.0,37000.0,0.0,0.0,0.0,0.027734470912936404,0.016702606081064247,0.20440940416131975,0.02441855072943211
NC_000907.1,NC_003997.3,5000,0,DNABERT-S-only,6,1,1,16.666666666666664,21.73913043478261,16.666666666666664,18.867924528301884,97.33173320062326,0.1769571339026905,5000,18000,1563533,25000,1,19500.0,0.11363636363636363,-1000.0,38000.0,50.0,50.0,50.0,0.027734470912936404,0.016702606081064247,0.20440940416131975,0.02441855072943211
NC_000907.1,NC_003997.3,5000,0,SAGE-GI,6,3,1,16.666666666666664,6.41025641025641,16.666666666666664,9.25925925925926,93.91883380607162,0.0758970831350762,5000,73000,1508533,25000,1,19500.0,0.11363636363636363,-1000.0,38000.0,50.0,50.0,50.0,0.027734470912936404,0.016702606081064247,0.20440940416131975,0.02441855072943211
NC_000907.1,NC_003997.3,5000,0,SAGE-GI/no-refine,6,4,1,16.666666666666664,5.790387955993052,16.666666666666664,8.594757198109154,93.4006936252624,0.06916243511442999,5000,81350,1500183,25000,1,20050.0,0.11086474501108648,-1350.0,38750.0,0.0,50.0,50.0,0.027734470912936404,0.016702606081064247,0.20440940416131975,0.02441855072943211
NC_000907.1,NC_003997.3,5000,1,Comp-only,6,5,0,0.0,0.0,0.0,0.0,90.46249751013477,-0.039712685321346176,0,123700,1457833,30000,0,,,,,,,,0.027734470912936404,0.016702606081064247,0.20440940416131975,0.02441855072943211
NC_000907.1,NC_003997.3,5000,1,DNABERT-2-only,6,4,0,0.0,0.0,0.0,0.0,92.61572676451553,-0.033299149734741906,0,89000,1492533,30000,0,,,,,,,,0.027734470912936404,0.016702606081064247,0.20440940416131975,0.02441855072943211
NC_000907.1,NC_003997.3,5000,1,DNABERT-S-only,6,1,0,0.0,0.0,0.0,0.0,95.84246801027345,-0.021112831256167187,0,37000,1544533,30000,0,,,,,,,,0.027734470912936404,0.016702606081064247,0.20440940416131975,0.02441855072943211
NC_000907.1,NC_003997.3,5000,1,SAGE-GI,6,3,1,16.666666666666664,6.756756756756757,16.666666666666664,9.615384615384615,94.1670446711299,0.07945318837968071,5000,69000,1512533,25000,1,3000.0,0.45454545454545453,-6000.0,0.0,50.0,50.0,50.0,0.027734470912936404,0.016702606081064247,0.20440940416131975,0.02441855072943211
NC_000907.1,NC_003997.3,5000,1,SAGE-GI/no-refine,6,4,0,0.0,0.0,0.0,0.0,93.2176381122819,-0.031332546011134575,0,79300,1502233,30000,0,,,,,,,,0.027734470912936404,0.016702606081064247,0.20440940416131975,0.02441855072943211
NC_000907.1,NC_003997.3,10000,0,Comp-only,6,4,1,16.666666666666664,12.048192771084338,16.666666666666664,13.986013986013985,92.50700412358448,0.10321359385651188,10000,73000,1508533,50000,1,17400.0,0.22321428571428573,-1400.0,33400.0,0.0,50.0,50.0,0.027734470912936404,0.016702606081064247,0.20440940416131975,0.02441855072943211
NC_000907.1,NC_003997.3,10000,0,DNABERT-2-only,6,4,2,33.33333333333333,23.52941176470588,33.33333333333333,27.586206896551722,93.60354010549895,0.24748952526656656,20000,65000,1516533,40000,2,9500.0,0.37745098039215685,-7000.0,21500.0,25.0,25.0,25.0,0.027734470912936404,0.016702606081064247,0.20440940416131975,0.02441855072943211
NC_000907.1,NC_003997.3,10000,0,DNABERT-S-only,6,2,2,33.33333333333333,52.63157894736842,33.33333333333333,40.81632653061224,96.46671739160894,0.40176776892611754,20000,18000,1563533,40000,2,2500.0,0.43537414965986393,-2000.0,20000.0,25.0,50.0,75.0,0.027734470912936404,0.016702606081064247,0.20440940416131975,0.02441855072943211
NC_000907.1,NC_003997.3,10000,0,SAGE-GI,6,4,3,50.0,34.48275862068966,50.0,40.816326530612244,94.70007608741341,0.3886286169964678,30000,57000,1524533,30000,3,5500.0,0.37037037037037035,-3000.0,9000.0,16.666666666666664,33.33333333333333,50.0,0.027734470912936404,0.016702606081064247,0.20440940416131975,0.02441855072943211
NC_000907.1,NC_003997.3,10000,0,SAGE-GI/no-refine,6,5,3,50.0,32.6619488296135,50.0,39.51267698386566,94.40462055895313,0.37631650142315765,30000,61850,1519683,30000,3,4500.0,0.4878048780487805,-2950.0,7550.0,0.0,16.666666666666664,50.0,0.027734470912936404,0.016702606081064247,0.20440940416131975,0.02441855072943211
NC_000907.1,NC_003997.3,10000,1,Comp-only,6,5,1,16.666666666666664,2.5742574257425743,4.333333333333334,3.229813664596273,90.50887188987367,-0.014747910812923303,2600,98400,1483133,57400,1,13700.0,0.08666666666666667,-20000.0,-7400.0,0.0,0.0,0.0,0.027734470912936404,0.016702606081064247,0.20440940416131975,0.02441855072943211
NC_000907.1,NC_003997.3,10000,1,DNABERT-2-only,6,3,1,16.666666666666664,16.666666666666664,16.666666666666664,16.666666666666664,93.90813343380852,0.13505177149849756,10000,50000,1531533,50000,1,5000.0,0.5,0.0,10000.0,50.0,50.0,50.0,0.027734470912936404,0.016702606081064247,0.20440940416131975,0.02441855072943211
NC_000907.1,NC_003997.3,10000,1,DNABERT-S-only,6,3,2,33.33333333333333,30.64516129032258,31.666666666666664,31.147540983606564,94.88283208439915,0.28495081688877905,19000,43000,1538533,41000,2,5500.0,0.3765151515151515,-16500.0,-500.0,50.0,50.0,50.0,0.027734470912936404,0.016702606081064247,0.20440940416131975,0.02441855072943211
NC_000907.1,NC_003997.3,10000,1,SAGE-GI,6,3,1,16.666666666666664,13.157894736842104,16.666666666666664,14.705882352941178,92.93343478321788,0.11157348116750367,10000,66000,1515533,50000,1,3000.0,0.625,-6000.0,0.0,50.0,50.0,50.0,0.027734470912936404,0.016702606081064247,0.20440940416131975,0.02441855072943211
NC_000907.1,NC_003997.3,10000,1,SAGE-GI/no-refine,6,5,2,33.33333333333333,20.855057351407716,33.33333333333333,25.657472738935216,92.93952664978407,0.2283062721891669,20000,75900,1505633,40000,2,7150.0,0.41584535048587334,-7450.0,6600.0,25.0,50.0,50.0,0.027734470912936404,0.016702606081064247,0.20440940416131975,0.02441855072943211
NC_000907.1,NC_003997.3,20000,0,Comp-only,6,6,4,66.66666666666666,57.22846441947566,63.66666666666667,60.27613412228797,94.08180740543969,0.5718336383191314,76400,57100,1524433,43600,4,4450.0,0.6530531149278114,-5600.0,1150.0,12.5,12.5,50.0,0.027734470912936404,0.016702606081064247,0.20440940416131975,0.02441855072943211
NC_000907.1,NC_003997.3,20000,0,DNABERT-2-only,6,5,5,83.33333333333334,85.21739130434783,81.66666666666667,83.40425531914893,97.70794924341756,0.8219528742744938,98000,17000,1564533,22000,5,4000.0,0.6666666666666666,0.0,10000.0,30.0,50.0,50.0,0.027734470912936404,0.016702606081064247,0.20440940416131975,0.02441855072943211
NC_000907.1,NC_003997.3,20000,0,DNABERT-S-only,6,6,6,100.0,86.36363636363636,95.0,90.47619047619048,98.5895072267185,0.8983524042604151,114000,18000,1563533,6000,6,7000.0,0.5480480480480481,-3000.0,11500.0,8.333333333333332,16.666666666666664,41.66666666666667,0.027734470912936404,0.016702606081064247,0.20440940416131975,0.02441855072943211
NC_000907.1,NC_003997.3,20000,0,SAGE-GI,6,7,6,100.0,77.50759878419453,85.0,81.08108108108108,97.20252266632501,0.7967290646469786,102000,29600,1551933,18000,6,9000.0,0.4452702702702703,-1000.0,11500.0,8.333333333333332,16.666666666666664,25.0,0.027734470912936404,0.016702606081064247,0.20440940416131975,0.02441855072943211
NC_000907.1,NC_003997.3,20000,0,SAGE-GI/no-refine,6,8,6,100.0,70.52600646488393,100.0,82.71583663622265,97.05265780916386,0.8263754906031758,120000,50150,1531383,0,6,2350.0,0.7500384814519402,-1950.0,3500.0,16.666666666666664,50.0,83.33333333333334,0.027734470912936404,0.016702606081064247,0.20440940416131975,0.02441855072943211
NC_000907.1,NC_003997.3,20000,1,Comp-only,6,7,3,50.0,39.56215793588741,42.16666666666667,40.822912464703506,91.3783629233168,0.36199873410959155,50600,77300,1504233,69400,3,7100.0,0.48661800486618007,-7500.0,-4700.0,0.0,0.0,33.33333333333333,0.027734470912936404,0.016702606081064247,0.20440940416131975,0.02441855072943211
NC_000907.1,NC_003997.3,20000,1,DNABERT-2-only,6,6,5,83.33333333333334,84.54545454545455,77.5,80.8695652173913,97.41409658231724,0.7957223648234861,93000,17000,1564533,27000,5,1000.0,0.9,0.0,-1000.0,70.0,70.0,80.0,0.027734470912936404,0.016702606081064247,0.20440940416131975,0.02441855072943211
NC_000907.1,NC_003997.3,20000,1,DNABERT-S-only,6,6,5,83.33333333333334,72.26890756302521,71.66666666666667,71.96652719665273,96.06237434125579,0.698497458232267,86000,33000,1548533,34000,5,2500.0,0.7692307692307693,-6000.0,-2000.0,40.0,50.0,60.0,0.027734470912936404,0.016702606081064247,0.20440940416131975,0.02441855072943211
NC_000907.1,NC_003997.3,20000,1,SAGE-GI,6,7,5,83.33333333333334,66.00910470409713,72.5,69.10246227164416,95.42765259327912,0.6672493600707242,87000,44800,1536733,33000,5,4000.0,0.6,-10000.0,-2000.0,30.0,50.0,50.0,0.027734470912936404,0.016702606081064247,0.20440940416131975,0.02441855072943211
NC_000907.1,NC_003997.3,20000,1,SAGE-GI/no-refine,6,9,6,100.0,65.08022844710362,99.70833333333333,78.75596511436564,96.20636214519494,0.7888378613346049,119650,64200,1517333,350,6,1950.0,0.7404592665964467,-5000.0,1750.0,8.333333333333332,58.333333333333336,66.66666666666666,0.027734470912936404,0.016702606081064247,0.20440940416131975,0.02441855072943211
NC_000907.1,NC_003997.3,40000,0,Comp-only,6,7,6,100.0,90.48407116259827,91.125,90.80340460867761,97.56798257292073,0.8940287108679467,218700,23000,1558533,21300,6,4300.0,0.7843524088713525,-3750.0,-4050.0,0.0,8.333333333333332,58.333333333333336,0.027734470912936404,0.016702606081064247,0.20440940416131975,0.02441855072943211
NC_000907.1,NC_003997.3,40000,0,DNABERT-2-only,6,6,6,100.0,93.7759336099585,94.16666666666667,93.97089397089397,98.40793441568174,0.9305404356704242,226000,15000,1566533,14000,6,2500.0,0.8088235294117647,0.0,8500.0,41.66666666666667,50.0,58.333333333333336,0.027734470912936404,0.016702606081064247,0.20440940416131975,0.02441855072943211
NC_000907.1,NC_003997.3,40000,0,DNABERT-S-only,6,6,6,100.0,92.74193548387096,95.83333333333334,94.26229508196722,98.46283322893409,0.9339184050399782,230000,18000,1563533,10000,6,4500.0,0.7773584905660378,-2500.0,7000.0,8.333333333333332,25.0,66.66666666666666,0.027734470912936404,0.016702606081064247,0.20440940416131975,0.02441855072943211
NC_000907.1,NC_003997.3,40000,0,SAGE-GI,6,6,6,100.0,92.74193548387096,95.83333333333334,94.26229508196722,98.46283322893409,0.9339184050399782,230000,18000,1563533,10000,6,4500.0,0.7773584905660378,-2500.0,7000.0,8.333333333333332,25.0,66.66666666666666,0.027734470912936404,0.016702606081064247,0.20440940416131975,0.02441855072943211
NC_000907.1,NC_003997.3,40000,0,SAGE-GI/no-refine,6,7,6,100.0,86.5332612222823,100.0,92.78051609162075,97.94952932502457,0.9191825904337612,240000,37350,1544183,0,6,1500.0,0.942296806845803,-850.0,2100.0,33.33333333333333,83.33333333333334,83.33333333333334,0.027734470912936404,0.016702606081064247,0.20440940416131975,0.02441855072943211
NC_000907.1,NC_003997.3,40000,1,Comp-only,6,8,6,100.0,82.80177634234963,85.45833333333334,84.10908345294239,95.74534197294257,0.8166722532078105,205100,42600,1538933,34900,6,5650.0,0.7796583065955494,-4050.0,-6250.0,0.0,16.666666666666664,41.66666666666667,0.027734470912936404,0.016702606081064247,0.20440940416131975,0.02441855072943211
NC_000907.1,NC_003997.3,40000,1,DNABERT-2-only,6,7,6,100.0,92.9460580912863,93.33333333333333,93.13929313929314,98.18833916267232,0.9209594104356859,224000,17000,1564533,16000,6,1500.0,0.8148936170212766,1000.0,3500.0,50.0,58.333333333333336,58.333333333333336,0.027734470912936404,0.016702606081064247,0.20440940416131975,0.02441855072943211
NC_000907.1,NC_003997.3,40000,1,DNABERT-S-only,6,7,6,100.0,87.5,87.5,87.5,96.70607120485877,0.8560310628990986,210000,30000,1551533,30000,6,6000.0,0.7946341463414635,-3500.0,-1000.0,25.0,33.33333333333333,41.66666666666667,0.027734470912936404,0.016702606081064247,0.20440940416131975,0.02441855072943211
NC_000907.1,NC_003997.3,40000,1,SAGE-GI,6,7,6,100.0,87.5,87.5,87.5,96.70607120485877,0.8560310628990986,210000,30000,1551533,30000,6,6000.0,0.7946341463414635,-3500.0,-1000.0,25.0,33.33333333333333,41.66666666666667,0.027734470912936404,0.016702606081064247,0.20440940416131975,0.02441855072943211
NC_000907.1,NC_003997.3,40000,1,SAGE-GI/no-refine,6,8,6,100.0,82.15331610680448,99.35416666666667,89.93870815652994,97.07114831298692,0.8878891778924991,238450,51800,1529733,1550,6,1300.0,0.9242805073937104,-1300.0,850.0,25.0,75.0,91.66666666666666,0.027734470912936404,0.016702606081064247,0.20440940416131975,0.02441855072943211
NC_000907.1,NC_003997.3,80000,0,Comp-only,6,7,6,100.0,89.52896244430299,58.60416666666667,70.83857970284562,88.76564187912588,0.6646622107901289,281300,32900,1548633,198700,6,19250.0,0.5210171568627451,11800.0,-15850.0,0.0,8.333333333333332,25.0,0.027734470912936404,0.016702606081064247,0.20440940416131975,0.02441855072943211
NC_000907.1,NC_003997.3,80000,0,DNABERT-2-only,6,7,3,50.0,62.916666666666664,31.458333333333332,41.94444444444444,79.72382688028763,0.34038846981657,151000,89000,1492533,329000,3,11000.0,0.6125,4000.0,-15000.0,0.0,0.0,16.666666666666664,0.027734470912936404,0.016702606081064247,0.20440940416131975,0.02441855072943211
NC_000907.1,NC_003997.3,80000,0,DNABERT-S-only,6,3,1,16.666666666666664,41.05263157894737,4.0625,7.393364928909952,76.304041701006,0.06456642587474486,19500,28000,1553533,460500,1,30250.0,0.24375,59550.0,-950.0,50.0,50.0,50.0,0.027734470912936404,0.016702606081064247,0.20440940416131975,0.02441855072943211
NC_000907.1,NC_003997.3,80000,0,SAGE-GI,6,5,2,33.33333333333333,40.51724137931034,9.791666666666666,15.771812080536913,75.64918921986697,0.09956717503984505,47000,69000,1512533,433000,2,23000.0,0.2855337078651685,14000.0,-38000.0,0.0,0.0,0.0,0.027734470912936404,0.016702606081064247,0.20440940416131975,0.02441855072943211
NC_000907.1,NC_003997.3,80000,0,SAGE-GI/no-refine,6,6,2,33.33333333333333,44.85741749439282,14.583333333333334,22.01084820375757,75.93780938748009,0.14607840217772955,70000,86050,1495483,410000,2,19950.0,0.42399230990788495,11800.0,-29000.0,25.0,25.0,25.0,0.027734470912936404,0.016702606081064247,0.20440940416131975,0.02441855072943211
NC_000907.1,NC_003997.3,80000,1,Comp-only,6,6,5,83.33333333333334,90.97038991498094,64.64583333333334,75.58153696261114,90.27422796530543,0.7131093946591417,310300,30800,1550733,169700,5,10100.0,0.7671232876712328,-1300.0,-12600.0,0.0,30.0,30.0,0.027734470912936404,0.016702606081064247,0.20440940416131975,0.02441855072943211
NC_000907.1,NC_003997.3,80000,1,DNABERT-2-only,6,4,3,50.0,92.79661016949152,45.625,61.1731843575419,86.51488964765541,0.5913675947985033,219000,17000,1564533,261000,3,4500.0,0.8315789473684211,0.0,-1000.0,50.0,50.0,50.0,0.027734470912936404,0.016702606081064247,0.20440940416131975,0.02441855072943211
NC_000907.1,NC_003997.3,80000,1,DNABERT-S-only,6,4,3,50.0,88.44621513944223,46.25,60.73871409028728,86.07832132689606,0.5740667525825399,222000,29000,1552533,258000,3,7500.0,0.7843137254901961,-1000.0,2000.0,16.666666666666664,33.33333333333333,50.0,0.027734470912936404,0.016702606081064247,0.20440940416131975,0.02441855072943211
NC_000907.1,NC_003997.3,80000,1,SAGE-GI,6,4,3,50.0,88.44621513944223,46.25,60.73871409028728,86.07832132689606,0.5740667525825399,222000,29000,1552533,258000,3,7500.0,0.7843137254901961,-1000.0,2000.0,16.666666666666664,33.33333333333333,50.0,0.027734470912936404,0.016702606081064247,0.20440940416131975,0.02441855072943211
NC_000907.1,NC_003997.3,80000,1,SAGE-GI/no-refine,6,5,3,50.0,80.87303024814345,46.510416666666664,59.05694067852655,84.98447514543788,0.5357831005354821,223250,52800,1528733,256750,3,2950.0,0.89125,2550.0,-2650.0,0.0,16.666666666666664,66.66666666666666,0.027734470912936404,0.016702606081064247,0.20440940416131975,0.02441855072943211
NC_000907.1,NC_007335.2,5000,0,Comp-only,6,5,2,33.33333333333333,11.560693641618498,33.33333333333333,17.167381974248926,94.01191288046847,0.17089913356838105,10000,76500,1505033,20000,2,8300.0,0.17800988319856242,-8300.0,18400.0,0.0,0.0,50.0,0.030272538411762417,0.01924430779803401,0.2479517301631782,0.031267124523469914
NC_000907.1,NC_007335.2,5000,0,DNABERT-2-only,6,3,1,16.666666666666664,7.246376811594203,16.666666666666664,10.1010101010101,94.47730825245279,0.08425893403005073,5000,64000,1517533,25000,1,24000.0,0.09433962264150944,-12000.0,36000.0,0.0,0.0,0.0,0.030272538411762417,0.01924430779803401,0.2479517301631782,0.031267124523469914
NC_000907.1,NC_007335.2,5000,0,DNABERT-S-only,6,1,1,16.666666666666664,21.73913043478261,16.666666666666664,18.867924528301884,97.33173320062326,0.1769571339026905,5000,18000,1563533,25000,1,19500.0,0.11363636363636363,-1000.0,38000.0,50.0,50.0,50.0,0.030272538411762417,0.01924430779803401,0.2479517301631782,0.031267124523469914
NC_000907.1,NC_007335.2,5000,0,SAGE-GI,6,1,1,16.666666666666664,21.73913043478261,16.666666666666664,18.867924528301884,97.33173320062326,0.1769571339026905,5000,18000,1563533,25000,1,19500.0,0.11363636363636363,-1000.0,38000.0,50.0,50.0,50.0,0.030272538411762417,0.01924430779803401,0.2479517301631782,0.031267124523469914
NC_000907.1,NC_007335.2,5000,0,SAGE-GI/no-refine,6,3,1,16.666666666666664,7.8064012490242005,16.666666666666664,10.63264221158958,94.78446919796244,0.08947975004777681,5000,59050,1522483,25000,1,20200.0,0.11013215859030837,-1650.0,38750.0,0.0,50.0,50.0,0.030272538411762417,0.01924430779803401,0.2479517301631782,0.031267124523469914
NC_000907.1,NC_007335.2,5000,1,Comp-only,6,6,1,16.666666666666664,4.366812227074235,16.666666666666664,6.920415224913494,91.6539096624146,0.051259484572165274,5000,109500,1472033,25000,1,9200.0,0.21367521367521367,-2400.0,16000.0,0.0,50.0,50.0,0.030272538411762417,0.01924430779803401,0.2479517301631782,0.031267124523469914
NC_000907.1,NC_007335.2,5000,1,DNABERT-2-only,6,3,0,0.0,0.0,0.0,0.0,94.04293923860077,-0.028461273241762102,0,66000,1515533,30000,0,,,,,,,,0.030272538411762417,0.01924430779803401,0.2479517301631782,0.031267124523469914
NC_000907.1,NC_007335.2,5000,1,DNABERT-S-only,6,1,0,0.0,0.0,0.0,0.0,96.27683702412547,-0.018968937100901466,0,30000,1551533,30000,0,,,,,,,,0.030272538411762417,0.01924430779803401,0.2479517301631782,0.031267124523469914
NC_000907.1,NC_007335.2,5000,1,SAGE-GI,6,3,0,0.0,0.0,0.0,0.0,92.86393762957383,-0.03249958853033107,0,85000,1496533,30000,0,,,,,,,,0.030272538411762417,0.01924430779803401,0.2479517301631782,0.031267124523469914
NC_000907.1,NC_007335.2,5000,1,SAGE-GI/no-refine,6,6,2,33.33333333333333,5.113924050632911,16.833333333333332,7.844660194174757,92.63744521520813,0.061477466777853304,5050,93700,1487833,24950,2,9100.0,0.12697584959839628,-4150.0,7600.0,0.0,25.0,50.0,0.030272538411762417,0.01924430779803401,0.2479517301631782,0.031267124523469914
NC_000907.1,NC_007335.2,10000,0,Comp-only,6,5,2,33.33333333333333,20.768431983385256,33.33333333333333,25.591810620601407,92.91515918351931,0.22765913910930893,20000,76300,1505233,40000,2,7850.0,0.3074193463386356,-6650.0,18350.0,25.0,25.0,50.0,0.030272538411762417,0.01924430779803401,0.2479517301631782,0.031267124523469914
NC_000907.1,NC_007335.2,10000,0,DNABERT-2-only,6,4,1,16.666666666666664,10.204081632653061,16.666666666666664,12.658227848101266,91.59322413865576,0.08793512636343521,10000,88000,1493533,50000,1,19000.0,0.20833333333333334,-1000.0,37000.0,50.0,50.0,50.0,0.030272538411762417,0.01924430779803401,0.2479517301631782,0.031267124523469914
NC_000907.1,NC_007335.2,10000,0,DNABERT-S-only,6,2,2,33.33333333333333,52.63157894736842,33.33333333333333,40.81632653061224,96.46671739160894,0.40176776892611754,20000,18000,1563533,40000,2,1500.0,0.48665620094191525,-1000.0,20000.0,50.0,75.0,75.0,0.030272538411762417,0.01924430779803401,0.2479517301631782,0.031267124523469914
NC_000907.1,NC_007335.2,10000,0,SAGE-GI,6,3,3,50.0,62.5,50.0,55.55555555555556,97.0759040482281,0.5442314478340455,30000,18000,1563533,30000,3,1000.0,0.7692307692307693,-1000.0,2000.0,66.66666666666666,83.33333333333334,83.33333333333334,0.030272538411762417,0.01924430779803401,0.2479517301631782,0.031267124523469914
NC_000907.1,NC_007335.2,10000,0,SAGE-GI/no-refine,6,4,3,50.0,43.57298474945534,50.0,46.56577415599534,95.80574986917718,0.44507535066022297,30000,38850,1542683,30000,3,6050.0,0.43859649122807015,-3050.0,7250.0,16.666666666666664,16.666666666666664,50.0,0.030272538411762417,0.01924430779803401,0.2479517301631782,0.031267124523469914
NC_000907.1,NC_007335.2,10000,1,Comp-only,6,7,2,33.33333333333333,13.250883392226148,25.0,17.321016166281755,91.2764470772138,0.13916454858423313,15000,98200,1483333,45000,2,10500.0,0.24690676093680952,-12850.0,4750.0,0.0,0.0,25.0,0.030272538411762417,0.01924430779803401,0.2479517301631782,0.031267124523469914
NC_000907.1,NC_007335.2,10000,1,DNABERT-2-only,6,5,2,33.33333333333333,22.093023255813954,31.666666666666664,26.027397260273972,93.4207841085132,0.23102341960869993,19000,67000,1514533,41000,2,500.0,0.7647058823529411,500.0,3500.0,75.0,75.0,75.0,0.030272538411762417,0.01924430779803401,0.2479517301631782,0.031267124523469914
NC_000907.1,NC_007335.2,10000,1,DNABERT-S-only,6,3,2,33.33333333333333,38.46153846153847,33.33333333333333,35.71428571428571,95.61385607234213,0.3354757241095318,20000,32000,1549533,40000,2,5000.0,0.40625,-16000.0,0.0,50.0,50.0,50.0,0.030272538411762417,0.01924430779803401,0.2479517301631782,0.031267124523469914
NC_000907.1,NC_007335.2,10000,1,SAGE-GI,6,4,2,33.33333333333333,33.33333333333333,33.33333333333333,33.33333333333333,95.12650674704682,0.308041417198798,20000,40000,1541533,40000,2,0.0,0.75,-5000.0,0.0,75.0,75.0,75.0,0.030272538411762417,0.01924430779803401,0.2479517301631782,0.031267124523469914
NC_000907.1,NC_007335.2,10000,1,SAGE-GI/no-refine,6,5,2,33.33333333333333,23.696682464454977,33.33333333333333,27.70083102493075,93.64009130489609,0.2486421831809643,20000,64400,1517133,40000,2,7900.0,0.3938534059015987,-7500.0,7900.0,0.0,50.0,50.0,0.030272538411762417,0.01924430779803401,0.2479517301631782,0.031267124523469914
NC_000907.1,NC_007335.2,20000,0,Comp-only,6,8,6,100.0,68.13725490196079,92.66666666666666,78.5310734463277,96.42675164102018,0.777103053883612,111200,52000,1529533,8800,6,5000.0,0.6453108870007147,-6050.0,100.0,0.0,16.666666666666664,50.0,0.030272538411762417,0.01924430779803401,0.2479517301631782,0.031267124523469914
NC_000907.1,NC_007335.2,20000,0,DNABERT-2-only,6,6,5,83.33333333333334,61.78861788617886,63.33333333333333,62.55144032921811,94.6518815679743,0.5967750063323654,76000,47000,1534533,44000,5,3500.0,0.7142857142857143,2000.0,2000.0,10.0,40.0,70.0,0.030272538411762417,0.01924430779803401,0.2479517301631782,0.031267124523469914
NC_000907.1,NC_007335.2,20000,0,DNABERT-S-only,6,6,6,100.0,86.86131386861314,99.16666666666667,92.6070038910506,98.88335988781881,0.9224218816314974,119000,18000,1563533,1000,6,1000.0,0.8083333333333333,-500.0,5000.0,66.66666666666666,66.66666666666666,75.0,0.030272538411762417,0.01924430779803401,0.2479517301631782,0.031267124523469914
NC_000907.1,NC_007335.2,20000,0,SAGE-GI,6,6,6,100.0,86.86131386861314,99.16666666666667,92.6070038910506,98.88335988781881,0.9224218816314974,119000,18000,1563533,1000,6,1000.0,0.8083333333333333,-500.0,5000.0,66.66666666666666,66.66666666666666,75.0,0.030272538411762417,0.01924430779803401,0.2479517301631782,0.031267124523469914
NC_000907.1,NC_007335.2,20000,0,SAGE-GI/no-refine,6,7,6,100.0,75.7336699274219,100.0,86.19141677141317,97.74027303613859,0.8596071426655092,120000,38450,1543083,0,6,2550.0,0.7638888888888888,-1900.0,3700.0,8.333333333333332,50.0,83.33333333333334,0.030272538411762417,0.01924430779803401,0.2479517301631782,0.031267124523469914
NC_000907.1,NC_007335.2,20000,1,Comp-only,6,9,6,100.0,58.60058309037901,83.75,68.95368782161235,94.68126683408433,0.6740701750782594,100500,71000,1510533,19500,6,5450.0,0.513342604712042,-9350.0,-3650.0,0.0,0.0,41.66666666666667,0.030272538411762417,0.01924430779803401,0.2479517301631782,0.031267124523469914
NC_000907.1,NC_007335.2,20000,1,DNABERT-2-only,6,6,4,66.66666666666666,69.02654867256636,65.0,66.95278969957081,95.47466901905517,0.6455975110703513,78000,35000,1546533,42000,4,3000.0,0.7275132275132274,-500.0,6000.0,50.0,50.0,62.5,0.030272538411762417,0.01924430779803401,0.2479517301631782,0.031267124523469914
NC_000907.1,NC_007335.2,20000,1,DNABERT-S-only,6,7,6,100.0,80.0,100.0,88.8888888888889,98.23688403339813,0.8859034091362776,120000,30000,1551533,0,6,0.0,1.0,0.0,0.0,91.66666666666666,91.66666666666666,91.66666666666666,0.030272538411762417,0.01924430779803401,0.2479517301631782,0.031267124523469914
NC_000907.1,NC_007335.2,20000,1,SAGE-GI,6,7,6,100.0,80.0,100.0,88.8888888888889,98.23688403339813,0.8859034091362776,120000,30000,1551533,0,6,0.0,1.0,0.0,0.0,91.66666666666666,91.66666666666666,91.66666666666666,0.030272538411762417,0.01924430779803401,0.2479517301631782,0.031267124523469914
NC_000907.1,NC_007335.2,20000,1,SAGE-GI/no-refine,6,8,6,100.0,69.04487917146145,100.0,81.68822328114364,96.83814536656062,0.8166770243595202,120000,53800,1527733,0,6,2100.0,0.7262817503781359,-2700.0,1950.0,16.666666666666664,66.66666666666666,75.0,0.030272538411762417,0.01924430779803401,0.2479517301631782,0.031267124523469914
NC_000907.1,NC_007335.2,40000,0,Comp-only,6,7,6,100.0,90.77235772357723,93.04166666666667,91.89300411522635,97.83698675785726,0.9065442877934454,223300,22700,1558833,16700,6,4900.0,0.7878726041477719,-5950.0,-3450.0,0.0,8.333333333333332,50.0,0.030272538411762417,0.01924430779803401,0.2479517301631782,0.031267124523469914
NC_000907.1,NC_007335.2,40000,0,DNABERT-2-only,6,6,6,100.0,93.06122448979592,95.0,94.02061855670102,98.40793441568174,0.9310903193186021,228000,17000,1564533,12000,6,2000.0,0.8269394714407502,500.0,8000.0,50.0,50.0,58.333333333333336,0.030272538411762417,0.01924430779803401,0.2479517301631782,0.031267124523469914
NC_000907.1,NC_007335.2,40000,0,DNABERT-S-only,6,6,6,100.0,93.02325581395348,100.0,96.3855421686747,99.01182136145763,0.958981357696175,240000,18000,1563533,0,6,500.0,0.9017223910840932,0.0,4000.0,66.66666666666666,75.0,75.0,0.030272538411762417,0.01924430779803401,0.2479517301631782,0.031267124523469914
NC_000907.1,NC_007335.2,40000,0,SAGE-GI,6,6,6,100.0,93.02325581395348,100.0,96.3855421686747,99.01182136145763,0.958981357696175,240000,18000,1563533,0,6,500.0,0.9017223910840932,0.0,4000.0,66.66666666666666,75.0,75.0,0.030272538411762417,0.01924430779803401,0.2479517301631782,0.031267124523469914
NC_000907.1,NC_007335.2,40000,0,SAGE-GI/no-refine,6,7,6,100.0,86.59570629622948,100.0,92.81639756356957,97.96050908767505,0.9195737309375406,240000,37150,1544383,0,6,1750.0,0.9003899326479972,-1050.0,2100.0,33.33333333333333,75.0,83.33333333333334,0.030272538411762417,0.01924430779803401,0.2479517301631782,0.031267124523469914
NC_000907.1,NC_007335.2,40000,1,Comp-only,6,8,6,100.0,81.18479880774963,90.79166666666667,85.71990558615263,96.0143461578791,0.8358842625832458,217900,50500,1531033,22100,6,4550.0,0.7953753753753754,-5050.0,-4200.0,0.0,8.333333333333332,66.66666666666666,0.030272538411762417,0.01924430779803401,0.2479517301631782,0.031267124523469914
NC_000907.1,NC_007335.2,40000,1,DNABERT-2-only,6,7,6,100.0,92.3694779116466,95.83333333333334,94.06952965235175,98.40793441568174,0.9317149438646284,230000,19000,1562533,10000,6,3500.0,0.7966666666666666,-4000.0,0.0,33.33333333333333,41.66666666666667,58.333333333333336,0.030272538411762417,0.01924430779803401,0.2479517301631782,0.031267124523469914
NC_000907.1,NC_007335.2,40000,1,DNABERT-S-only,6,7,6,100.0,89.05660377358491,98.33333333333333,93.46534653465348,98.18833916267232,0.9256961815266219,236000,29000,1552533,4000,6,0.0,0.9753048780487805,0.0,0.0,83.33333333333334,91.66666666666666,91.66666666666666,0.030272538411762417,0.01924430779803401,0.2479517301631782,0.031267124523469914
NC_000907.1,NC_007335.2,40000,1,SAGE-GI,6,7,6,100.0,89.05660377358491,98.33333333333333,93.46534653465348,98.18833916267232,0.9256961815266219,236000,29000,1552533,4000,6,0.0,0.9753048780487805,0.0,0.0,83.33333333333334,91.66666666666666,91.66666666666666,0.030272538411762417,0.01924430779803401,0.2479517301631782,0.031267124523469914
NC_000907.1,NC_007335.2,40000,1,SAGE-GI/no-refine,6,8,6,100.0,82.21689223916395,99.97916666666666,90.23220832941618,97.14800665154021,0.8916196050179387,239950,51900,1529633,50,6,1200.0,0.910135743795235,-1650.0,950.0,41.66666666666667,75.0,91.66666666666666,0.030272538411762417,0.01924430779803401,0.2479517301631782,0.031267124523469914
NC_000907.1,NC_007335.2,80000,0,Comp-only,6,6,6,100.0,100.0,87.16666666666667,93.14336598397152,97.01193238235818,0.9159631235053222,418400,0,1581533,61600,6,6050.0,0.8763004895960833,-1550.0,-8450.0,8.333333333333332,41.66666666666667,50.0,0.030272538411762417,0.01924430779803401,0.2479517301631782,0.031267124523469914
NC_000907.1,NC_007335.2,80000,0,DNABERT-2-only,6,5,4,66.66666666666666,90.1840490797546,30.625000000000004,45.72317262830482,83.07085067277603,0.46381417704105504,147000,16000,1565533,333000,4,19000.0,0.34375,25500.0,-5000.0,0.0,0.0,0.0,0.030272538411762417,0.01924430779803401,0.2479517301631782,0.031267124523469914
NC_000907.1,NC_007335.2,80000,0,DNABERT-S-only,6,6,5,83.33333333333334,92.38095238095238,40.416666666666664,56.23188405797103,85.3507074589638,0.5505992225836784,194000,16000,1565533,286000,5,12500.0,0.275,38000.0,-1000.0,40.0,40.0,50.0,0.030272538411762417,0.01924430779803401,0.2479517301631782,0.031267124523469914
NC_000907.1,NC_007335.2,80000,0,SAGE-GI,6,6,5,83.33333333333334,91.01123595505618,33.75,49.24012158054711,83.7984645407083,0.4926285344102626,162000,16000,1565533,318000,5,31000.0,0.4,41000.0,-1000.0,30.0,30.0,40.0,0.030272538411762417,0.01924430779803401,0.2479517301631782,0.031267124523469914
NC_000907.1,NC_007335.2,80000,0,SAGE-GI/no-refine,6,7,5,83.33333333333334,78.85667396061268,30.03125,43.49728424864212,81.83390709729119,0.41015705392235186,144150,38650,1542883,335850,5,29750.0,0.36375,37550.0,-6550.0,10.0,20.0,20.0,0.030272538411762417,0.01924430779803401,0.2479517301631782,0.031267124523469914
NC_000907.1,NC_007335.2,80000,1,Comp-only,6,6,3,50.0,68.20101351351352,33.645833333333336,45.06138392857143,80.89771058721836,0.3828565189305433,161500,75300,1506233,318500,3,12200.0,0.68875,1000.0,-13800.0,16.666666666666664,33.33333333333333,33.33333333333333,0.030272538411762417,0.01924430779803401,0.2479517301631782,0.031267124523469914
NC_000907.1,NC_007335.2,80000,1,DNABERT-2-only,6,5,3,50.0,75.25773195876289,30.416666666666664,43.32344213649851,81.47010016332506,0.3963548208972152,146000,48000,1533533,334000,3,10000.0,0.5681818181818182,12000.0,1000.0,16.666666666666664,16.666666666666664,33.33333333333333,0.030272538411762417,0.01924430779803401,0.2479517301631782,0.031267124523469914
NC_000907.1,NC_007335.2,80000,1,DNABERT-S-only,6,6,5,83.33333333333334,88.75968992248062,47.708333333333336,62.05962059620597,86.41787446526445,0.5859503201143522,229000,29000,1552533,251000,5,2000.0,0.35,2000.0,-2000.0,20.0,60.0,60.0,0.030272538411762417,0.01924430779803401,0.2479517301631782,0.031267124523469914
NC_000907.1,NC_007335.2,80000,1,SAGE-GI,6,6,5,83.33333333333334,89.89547038327527,53.75,67.27509778357236,87.82459460993348,0.6338416808179129,258000,29000,1552533,222000,5,2000.0,0.55,2000.0,-2000.0,20.0,60.0,70.0,0.030272538411762417,0.01924430779803401,0.2479517301631782,0.031267124523469914
NC_000907.1,NC_007335.2,80000,1,SAGE-GI/no-refine,6,8,6,100.0,80.45167118337851,46.38541666666667,58.84373967624711,84.89231072216647,0.5326413209662688,222650,54100,1527433,257350,6,18600.0,0.399375,10600.0,-30850.0,0.0,16.666666666666664,33.33333333333333,0.030272538411762417,0.01924430779803401,0.2479517301631782,0.031267124523469914
NC_000907.1,NC_002758.2,5000,0,Comp-only,6,6,2,33.33333333333333,9.066183136899365,33.33333333333333,14.255167498218105,92.53505823337159,0.1444817937529197,10000,100300,1481233,20000,2,8200.0,0.18076104883237326,-6700.0,18550.0,25.0,25.0,50.0,0.05272485805562921,0.019155172752880145,0.23113598302923588,0.028936398636603244
NC_000907.1,NC_002758.2,5000,0,DNABERT-2-only,6,4,1,16.666666666666664,5.1020408163265305,16.666666666666664,7.8125,92.6777794807801,0.0610046742169523,5000,93000,1488533,25000,1,21500.0,0.10416666666666667,-7000.0,36000.0,0.0,0.0,0.0,0.05272485805562921,0.019155172752880145,0.23113598302923588,0.028936398636603244
NC_000907.1,NC_002758.2,5000,0,DNABERT-S-only,6,2,1,16.666666666666664,9.375,10.0,9.67741935483871,96.52504788918378,0.07912025249175193,3000,29000,1552533,27000,1,20000.0,0.06976744186046512,2000.0,38000.0,0.0,50.0,50.0,0.05272485805562921,0.019155172752880145,0.23113598302923588,0.028936398636603244
NC_000907.1,NC_002758.2,5000,0,SAGE-GI,6,3,1,16.666666666666664,3.9473684210526314,10.0,5.660377358490567,93.79472837354245,0.034331012193386176,3000,73000,1508533,27000,1,20000.0,0.06976744186046512,2000.0,38000.0,0.0,50.0,50.0,0.05272485805562921,0.019155172752880145,0.23113598302923588,0.028936398636603244
NC_000907.1,NC_002758.2,5000,0,SAGE-GI/no-refine,6,4,1,16.666666666666664,3.517877739331027,10.166666666666666,5.227077977720651,93.13696958113796,0.02921970810844988,3050,83650,1497883,26950,1,20400.0,0.06955530216647662,1950.0,38850.0,0.0,50.0,50.0,0.05272485805562921,0.019155172752880145,0.23113598302923588,0.028936398636603244
NC_000907.1,NC_002758.2,5000,1,Comp-only,6,4,0,0.0,0.0,0.0,0.0,91.90832579909937,-0.035500707620564516,0,100400,1481133,30000,0,,,,,,,,0.05272485805562921,0.019155172752880145,0.23113598302923588,0.028936398636603244
NC_000907.1,NC_002758.2,5000,1,DNABERT-2-only,6,4,0,0.0,0.0,0.0,0.0,92.55367404825095,-0.033496703180608586,0,90000,1491533,30000,0,,,,,,,,0.05272485805562921,0.019155172752880145,0.23113598302923588,0.028936398636603244
NC_000907.1,NC_002758.2,5000,1,DNABERT-S-only,6,3,0,0.0,0.0,0.0,0.0,93.79472837354245,-0.029349053852206076,0,70000,1511533,30000,0,,,,,,,,0.05272485805562921,0.019155172752880145,0.23113598302923588,0.028936398636603244
NC_000907.1,NC_002758.2,5000,1,SAGE-GI,6,3,0,0.0,0.0,0.0,0.0,92.9259903458384,-0.032297271968028854,0,84000,1497533,30000,0,,,,,,,,0.05272485805562921,0.019155172752880145,0.23113598302923588,0.028936398636603244
NC_000907.1,NC_002758.2,5000,1,SAGE-GI/no-refine,6,5,1,16.666666666666664,4.835589941972921,16.666666666666664,7.496251874062968,92.3426948129514,0.05761321266051063,5000,98400,1483133,25000,1,8100.0,0.2358490566037736,-13250.0,2950.0,0.0,0.0,50.0,0.05272485805562921,0.019155172752880145,0.23113598302923588,0.028936398636603244
NC_000907.1,NC_002758.2,10000,0,Comp-only,6,5,2,33.33333333333333,20.920502092050206,33.33333333333333,25.70694087403599,92.95780224948264,0.22879402110834812,20000,75600,1505933,40000,2,7700.0,0.3128596744432468,-6250.0,18000.0,25.0,25.0,50.0,0.05272485805562921,0.019155172752880145,0.23113598302923588,0.028936398636603244
NC_000907.1,NC_002758.2,10000,0,DNABERT-2-only,6,4,1,16.666666666666664,2.272727272727273,3.3333333333333335,2.7027027027027026,91.22771214468428,-0.017532642585731645,2000,86000,1495533,58000,1,22000.0,0.043478260869565216,8000.0,36000.0,0.0,0.0,0.0,0.05272485805562921,0.019155172752880145,0.23113598302923588,0.028936398636603244
NC_000907.1,NC_002758.2,10000,0,DNABERT-S-only,6,1,1,16.666666666666664,32.142857142857146,15.0,20.454545454545457,95.73569340366596,0.19997831629104748,9000,19000,1562533,51000,1,20000.0,0.1836734693877551,1000.0,39000.0,50.0,50.0,50.0,0.05272485805562921,0.019155172752880145,0.23113598302923588,0.028936398636603244
NC_000907.1,NC_002758.2,10000,0,SAGE-GI,6,3,2,33.33333333333333,24.675324675324674,31.666666666666664,27.73722627737226,93.96905209947043,0.24849909065955322,19000,58000,1523533,41000,2,8500.0,0.2770219198790627,-4000.0,23500.0,25.0,25.0,25.0,0.05272485805562921,0.019155172752880145,0.23113598302923588,0.028936398636603244
NC_000907.1,NC_002758.2,10000,0,SAGE-GI/no-refine,6,4,2,33.33333333333333,21.376370280146162,29.25,24.7009148486981,93.48170277417512,0.21667930934884058,17550,64550,1516983,42450,2,7000.0,0.2857692307692308,-2750.0,22400.0,0.0,25.0,25.0,0.05272485805562921,0.019155172752880145,0.23113598302923588,0.028936398636603244
NC_000907.1,NC_002758.2,10000,1,Comp-only,6,6,2,33.33333333333333,9.386281588447654,17.333333333333336,12.177985948477753,90.86220015071278,0.08216704701820077,10400,100400,1481133,49600,2,12550.0,0.1780821917808219,-7750.0,6650.0,0.0,0.0,25.0,0.05272485805562921,0.019155172752880145,0.23113598302923588,0.028936398636603244
NC_000907.1,NC_002758.2,10000,1,DNABERT-2-only,6,3,0,0.0,0.0,0.0,0.0,92.38516679226065,-0.03954955865707449,0,65000,1516533,60000,0,,,,,,,,0.05272485805562921,0.019155172752880145,0.23113598302923588,0.028936398636603244
NC_000907.1,NC_002758.2,10000,1,DNABERT-S-only,6,2,1,16.666666666666664,25.0,16.666666666666664,20.0,95.12650674704682,0.1797589952886787,10000,30000,1551533,50000,1,5000.0,0.5,-10000.0,0.0,50.0,50.0,50.0,0.05272485805562921,0.019155172752880145,0.23113598302923588,0.028936398636603244
NC_000907.1,NC_002758.2,10000,1,SAGE-GI,6,4,2,33.33333333333333,22.47191011235955,33.33333333333333,26.84563758389261,93.35986544285129,0.24007945076172493,20000,69000,1512533,40000,2,3000.0,0.5625,-8000.0,0.0,50.0,50.0,50.0,0.05272485805562921,0.019155172752880145,0.23113598302923588,0.028936398636603244
NC_000907.1,NC_002758.2,10000,1,SAGE-GI/no-refine,6,5,2,33.33333333333333,13.800657174151151,21.0,16.655651024454727,92.31815626003255,0.1312039205697243,12600,78700,1502833,47400,2,9800.0,0.2740575408755718,-3000.0,6100.0,25.0,25.0,25.0,0.05272485805562921,0.019155172752880145,0.23113598302923588,0.028936398636603244
NC_000907.1,NC_002758.2,20000,0,Comp-only,6,7,4,66.66666666666666,51.027639971651304,60.0,55.15128303332057,93.11797067703066,0.5164867151953167,72000,69100,1512433,48000,4,4950.0,0.5615942028985508,-6550.0,-100.0,12.5,12.5,50.0,0.05272485805562921,0.019155172752880145,0.23113598302923588,0.028936398636603244
NC_000907.1,NC_002758.2,20000,0,DNABERT-2-only,6,7,5,83.33333333333334,61.34969325153374,83.33333333333334,70.67137809187278,95.12204582573479,0.6902854001228396,100000,63000,1518533,20000,5,4000.0,0.7692307692307693,-1000.0,6000.0,40.0,50.0,50.0,0.05272485805562921,0.019155172752880145,0.23113598302923588,0.028936398636603244
NC_000907.1,NC_002758.2,20000,0,DNABERT-S-only,6,4,4,66.66666666666666,81.44329896907216,65.83333333333333,72.81105990783409,96.5325385990163,0.714400251254976,79000,18000,1563533,41000,4,6500.0,0.5241477272727273,-500.0,16000.0,37.5,37.5,50.0,0.05272485805562921,0.019155172752880145,0.23113598302923588,0.028936398636603244
NC_000907.1,NC_002758.2,20000,0,SAGE-GI,6,5,5,83.33333333333334,84.61538461538461,82.5,83.54430379746836,97.70794924341756,0.8232032296236063,99000,18000,1563533,21000,5,8500.0,0.5405405405405406,-1000.0,14000.0,30.0,30.0,40.0,0.05272485805562921,0.019155172752880145,0.23113598302923588,0.028936398636603244
NC_000907.1,NC_002758.2,20000,0,SAGE-GI/no-refine,6,8,6,100.0,66.7601683029453,99.16666666666667,79.79882648784576,96.45907543374122,0.7977475334887447,119000,59250,1522283,1000,6,1150.0,0.8356784990939132,-1050.0,1150.0,41.66666666666667,75.0,83.33333333333334,0.05272485805562921,0.019155172752880145,0.23113598302923588,0.028936398636603244
NC_000907.1,NC_002758.2,20000,1,Comp-only,6,8,5,83.33333333333334,51.64903546981954,69.16666666666667,59.13786961168507,93.2590199543588,0.5625255464987302,83000,77700,1503833,37000,5,5150.0,0.5524861878453039,-7600.0,-3900.0,0.0,0.0,50.0,0.05272485805562921,0.019155172752880145,0.23113598302923588,0.028936398636603244
NC_000907.1,NC_002758.2,20000,1,DNABERT-2-only,6,6,4,66.66666666666666,62.20472440944882,65.83333333333333,63.967611336032384,94.76942263241442,0.6117865413427256,79000,48000,1533533,41000,4,3500.0,0.6023809523809524,-5000.0,3000.0,50.0,50.0,50.0,0.05272485805562921,0.019155172752880145,0.23113598302923588,0.028936398636603244
NC_000907.1,NC_002758.2,20000,1,DNABERT-S-only,6,7,6,100.0,77.30496453900709,90.83333333333333,83.5249042145594,97.4728671145373,0.8247939939622665,109000,32000,1549533,11000,6,2000.0,0.6961538461538461,-3000.0,-1000.0,41.66666666666667,66.66666666666666,66.66666666666666,0.05272485805562921,0.019155172752880145,0.23113598302923588,0.028936398636603244
NC_000907.1,NC_002758.2,20000,1,SAGE-GI,6,7,6,100.0,77.30496453900709,90.83333333333333,83.5249042145594,97.4728671145373,0.8247939939622665,109000,32000,1549533,11000,6,2000.0,0.6961538461538461,-3000.0,-1000.0,41.66666666666667,66.66666666666666,66.66666666666666,0.05272485805562921,0.019155172752880145,0.23113598302923588,0.028936398636603244
NC_000907.1,NC_002758.2,20000,1,SAGE-GI/no-refine,6,9,6,100.0,61.782127221220705,99.95833333333334,76.36479388826994,95.63628798266033,0.7671676688977834,119950,74200,1507333,50,6,1850.0,0.7536798560641478,-3100.0,800.0,41.66666666666667,50.0,75.0,0.05272485805562921,0.019155172752880145,0.23113598302923588,0.028936398636603244
NC_000907.1,NC_002758.2,40000,0,Comp-only,6,7,6,100.0,87.08910891089108,91.625,89.29949238578679,97.10683254160095,0.8766577758223627,219900,32600,1548933,20100,6,4300.0,0.7918878657908681,-3900.0,-3550.0,0.0,8.333333333333332,58.333333333333336,0.05272485805562921,0.019155172752880145,0.23113598302923588,0.028936398636603244
NC_000907.1,NC_002758.2,40000,0,DNABERT-2-only,6,6,6,100.0,94.0711462450593,99.16666666666667,96.55172413793105,99.06672017470999,0.960571545629297,238000,15000,1566533,2000,6,1500.0,0.8269394714407502,-500.0,8000.0,50.0,58.333333333333336,58.333333333333336,0.05272485805562921,0.019155172752880145,0.23113598302923588,0.028936398636603244
NC_000907.1,NC_002758.2,40000,0,DNABERT-S-only,6,6,6,100.0,92.7710843373494,96.25,94.47852760736197,98.51773204218645,0.936439845112849,231000,18000,1563533,9000,6,5000.0,0.7345013477088949,-1500.0,9000.0,16.666666666666664,25.0,58.333333333333336,0.05272485805562921,0.019155172752880145,0.23113598302923588,0.028936398636603244
NC_000907.1,NC_002758.2,40000,0,SAGE-GI,6,6,6,100.0,92.65306122448979,94.58333333333333,93.6082474226804,98.29813678917702,0.9263330502179332,227000,18000,1563533,13000,6,4500.0,0.7345013477088949,-1500.0,9000.0,16.666666666666664,25.0,58.333333333333336,0.05272485805562921,0.019155172752880145,0.23113598302923588,0.028936398636603244
NC_000907.1,NC_002758.2,40000,0,SAGE-GI/no-refine,6,7,6,100.0,86.23920632004409,97.79166666666667,91.65283608317876,97.65307573346188,0.9053520506429497,234700,37450,1544083,5300,6,1100.0,0.9240938606847697,300.0,1800.0,50.0,83.33333333333334,83.33333333333334,0.05272485805562921,0.019155172752880145,0.23113598302923588,0.028936398636603244
NC_000907.1,NC_002758.2,40000,1,Comp-only,6,8,6,100.0,80.09988474836727,86.875,83.3499900059964,95.42692885607892,0.8079388789059978,208500,51800,1529733,31500,6,4850.0,0.7622471807514952,-4700.0,-5400.0,0.0,0.0,58.333333333333336,0.05272485805562921,0.019155172752880145,0.23113598302923588,0.028936398636603244
NC_000907.1,NC_002758.2,40000,1,DNABERT-2-only,6,6,5,83.33333333333334,91.005291005291,71.66666666666667,80.1864801864802,95.33360087354991,0.7829551314306984,172000,17000,1564533,68000,5,4000.0,0.75,0.0,0.0,50.0,50.0,50.0,0.05272485805562921,0.019155172752880145,0.23113598302923588,0.028936398636603244
NC_000907.1,NC_002758.2,40000,1,DNABERT-S-only,6,7,6,100.0,87.8048780487805,90.0,88.8888888888889,97.03546408437289,0.8718758838500792,216000,30000,1551533,24000,6,1000.0,0.9503048780487805,0.0,-1000.0,58.333333333333336,66.66666666666666,75.0,0.05272485805562921,0.019155172752880145,0.23113598302923588,0.028936398636603244
NC_000907.1,NC_002758.2,40000,1,SAGE-GI,6,7,6,100.0,87.85425101214574,90.41666666666667,89.11704312114989,97.09036289762524,0.874501746298012,217000,30000,1551533,23000,6,1000.0,0.9628048780487805,0.0,-1000.0,58.333333333333336,66.66666666666666,75.0,0.05272485805562921,0.019155172752880145,0.23113598302923588,0.028936398636603244
NC_000907.1,NC_002758.2,40000,1,SAGE-GI/no-refine,6,8,6,100.0,81.72874209416725,96.91666666666666,88.67708730461304,96.73901049281017,0.8721855942534734,232600,52000,1529533,7400,6,1200.0,0.9263703923900118,-400.0,-500.0,50.0,83.33333333333334,91.66666666666666,0.05272485805562921,0.019155172752880145,0.23113598302923588,0.028936398636603244
NC_000907.1,NC_002758.2,80000,0,Comp-only,6,6,6,100.0,98.29296424452134,88.77083333333333,93.2895457033388,97.02648465971683,0.9158170475534724,426100,7400,1574133,53900,6,3550.0,0.8451980893080608,-300.0,-9000.0,25.0,50.0,58.333333333333336,0.05272485805562921,0.019155172752880145,0.23113598302923588,0.028936398636603244
NC_000907.1,NC_002758.2,80000,0,DNABERT-2-only,6,6,5,83.33333333333334,94.77351916376307,56.666666666666664,70.92568448500653,89.18280716340703,0.6802585229241142,272000,15000,1566533,208000,5,5000.0,0.8023255813953488,1000.0,2000.0,30.0,40.0,50.0,0.05272485805562921,0.019155172752880145,0.23113598302923588,0.028936398636603244
NC_000907.1,NC_002758.2,80000,0,DNABERT-S-only,6,3,3,50.0,92.5311203319502,46.458333333333336,61.85852981969487,86.66041242124186,0.5961337894467998,223000,18000,1563533,257000,3,11500.0,0.7926829268292683,-2000.0,9000.0,0.0,33.33333333333333,33.33333333333333,0.05272485805562921,0.019155172752880145,0.23113598302923588,0.028936398636603244
NC_000907.1,NC_002758.2,80000,0,SAGE-GI,6,3,3,50.0,92.56198347107438,46.666666666666664,62.04986149584487,86.70892001243735,0.5977997499064195,224000,18000,1563533,256000,3,11500.0,0.8048780487804879,-2000.0,9000.0,0.0,33.33333333333333,33.33333333333333,0.05272485805562921,0.019155172752880145,0.23113598302923588,0.028936398636603244
NC_000907.1,NC_002758.2,80000,0,SAGE-GI/no-refine,6,5,4,66.66666666666666,86.23951454577904,50.33333333333333,63.56640136815101,86.56582261841066,0.590722401059537,241600,38550,1542983,238400,4,3450.0,0.7972804196541543,1600.0,-3450.0,25.0,25.0,62.5,0.05272485805562921,0.019155172752880145,0.23113598302923588,0.028936398636603244
NC_000907.1,NC_002758.2,80000,1,Comp-only,6,7,5,83.33333333333334,82.55122273628552,52.041666666666664,63.83848709430106,86.27235169167798,0.5816443900749252,249800,52800,1528733,230200,5,14300.0,0.7125,3400.0,-19600.0,10.0,10.0,30.0,0.05272485805562921,0.019155172752880145,0.23113598302923588,0.028936398636603244
NC_000907.1,NC_002758.2,80000,1,DNABERT-2-only,6,4,3,50.0,92.05607476635514,41.041666666666664,56.772334293948134,85.44772264135476,0.5538035101038745,197000,17000,1564533,283000,3,10000.0,0.8333333333333334,0.0,6000.0,16.666666666666664,16.666666666666664,16.666666666666664,0.05272485805562921,0.019155172752880145,0.23113598302923588,0.028936398636603244
NC_000907.1,NC_002758.2,80000,1,DNABERT-S-only,6,4,3,50.0,77.77777777777779,29.166666666666668,42.42424242424242,81.56711534571602,0.3988050337516592,140000,40000,1541533,340000,3,12500.0,0.425,15000.0,-3000.0,0.0,16.666666666666664,33.33333333333333,0.05272485805562921,0.019155172752880145,0.23113598302923588,0.028936398636603244
NC_000907.1,NC_002758.2,80000,1,SAGE-GI,6,4,3,50.0,80.86124401913875,35.208333333333336,49.056603773584904,82.97383549038507,0.45758762409672094,169000,40000,1541533,311000,3,12000.0,0.7875,14000.0,-3000.0,0.0,16.666666666666664,33.33333333333333,0.05272485805562921,0.019155172752880145,0.23113598302923588,0.028936398636603244
NC_000907.1,NC_002758.2,80000,1,SAGE-GI/no-refine,6,5,3,50.0,75.77102285333925,35.572916666666664,48.415680158786415,82.3505129435231,0.43506708757083773,170750,54600,1526933,309250,3,9450.0,0.8309037900874635,8750.0,2550.0,0.0,0.0,16.666666666666664,0.05272485805562921,0.019155172752880145,0.23113598302923588,0.028936398636603244
NC_000907.1,NC_010167.1,5000,0,Comp-only,6,5,2,33.33333333333333,11.441647597254006,33.33333333333333,17.035775127768314,93.95606543583035,0.1697275084018182,10000,77400,1504133,20000,2,10450.0,0.17292692939244664,-10450.0,18250.0,0.0,0.0,25.0,0.19178082212579572,0.05504907196083578,0.6505031061344644,0.2816186383973037
NC_000907.1,NC_010167.1,5000,0,DNABERT-2-only,6,3,1,16.666666666666664,7.142857142857142,16.666666666666664,10.0,94.41525553618821,0.0832627766278111,5000,65000,1516533,25000,1,19000.0,0.11627906976744186,-1000.0,37000.0,50.0,50.0,50.0,0.19178082212579572,0.05504907196083578,0.6505031061344644,0.2816186383973037
NC_000907.1,NC_010167.1,5000,0,DNABERT-S-only,6,1,1,16.666666666666664,21.73913043478261,16.666666666666664,18.867924528301884,97.33173320062326,0.1769571339026905,5000,18000,1563533,25000,1,19500.0,0.11363636363636363,-1000.0,38000.0,50.0,50.0,50.0,0.19178082212579572,0.05504907196083578,0.6505031061344644,0.2816186383973037
NC_000907.1,NC_010167.1,5000,0,SAGE-GI,6,2,1,16.666666666666664,8.064516129032258,16.666666666666664,10.869565217391303,94.91167726630482,0.0917977595291514,5000,57000,1524533,25000,1,19500.0,0.11363636363636363,-1000.0,38000.0,50.0,50.0,50.0,0.19178082212579572,0.05504907196083578,0.6505031061344644,0.2816186383973037
NC_000907.1,NC_010167.1,5000,0,SAGE-GI/no-refine,6,3,1,16.666666666666664,7.304601899196493,16.666666666666664,10.15744032503809,94.5114372463983,0.08481477073498514,5000,63450,1518083,25000,1,21500.0,0.10416666666666667,-4350.0,38650.0,0.0,0.0,50.0,0.19178082212579572,0.05504907196083578,0.6505031061344644,0.2816186383973037
NC_000907.1,NC_010167.1,5000,1,Comp-only,6,6,1,16.666666666666664,5.0,16.666666666666664,7.692307692307692,92.55367404825095,0.059722982378657266,5000,95000,1486533,25000,1,7850.0,0.24154589371980675,-3100.0,12600.0,0.0,0.0,50.0,0.19178082212579572,0.05504907196083578,0.6505031061344644,0.2816186383973037
NC_000907.1,NC_010167.1,5000,1,DNABERT-2-only,6,4,1,16.666666666666664,6.944444444444445,16.666666666666664,9.803921568627452,94.29115010365906,0.08132416149484369,5000,67000,1514533,25000,1,5000.0,0.3333333333333333,-10000.0,0.0,50.0,50.0,50.0,0.19178082212579572,0.05504907196083578,0.6505031061344644,0.2816186383973037
NC_000907.1,NC_010167.1,5000,1,DNABERT-S-only,6,2,1,16.666666666666664,14.285714285714285,16.666666666666664,15.384615384615383,96.58710060544836,0.13695819405356502,5000,30000,1551533,25000,1,5000.0,0.3333333333333333,-10000.0,0.0,50.0,50.0,50.0,0.19178082212579572,0.05504907196083578,0.6505031061344644,0.2816186383973037
NC_000907.1,NC_010167.1,5000,1,SAGE-GI,6,4,1,16.666666666666664,6.756756756756757,16.666666666666664,9.615384615384615,94.1670446711299,0.07945318837968071,5000,69000,1512533,25000,1,5000.0,0.3333333333333333,-10000.0,0.0,50.0,50.0,50.0,0.19178082212579572,0.05504907196083578,0.6505031061344644,0.2816186383973037
NC_000907.1,NC_010167.1,5000,1,SAGE-GI/no-refine,6,7,2,33.33333333333333,7.865168539325842,22.166666666666668,11.610650371017025,93.71716247821173,0.10451772880810992,6650,77900,1503633,23350,2,8750.0,0.1560702391765062,-4900.0,8850.0,0.0,0.0,50.0,0.19178082212579572,0.05504907196083578,0.6505031061344644,0.2816186383973037
NC_000907.1,NC_010167.1,10000,0,Comp-only,6,6,3,50.0,29.97002997002997,50.0,37.47657713928794,93.90204156724232,0.35734809033439197,30000,70100,1511433,30000,3,8700.0,0.4065040650406504,-9900.0,3200.0,0.0,16.666666666666664,33.33333333333333,0.19178082212579572,0.05504907196083578,0.6505031061344644,0.2816186383973037
NC_000907.1,NC_010167.1,10000,0,DNABERT-2-only,6,5,3,50.0,32.25806451612903,50.0,39.21568627450981,94.33456409344191,0.3735311715453258,30000,63000,1518533,30000,3,500.0,0.6666666666666666,0.0,5000.0,66.66666666666666,66.66666666666666,83.33333333333334,0.19178082212579572,0.05504907196083578,0.6505031061344644,0.2816186383973037
NC_000907.1,NC_010167.1,10000,0,DNABERT-S-only,6,2,2,33.33333333333333,52.63157894736842,33.33333333333333,40.81632653061224,96.46671739160894,0.40176776892611754,20000,18000,1563533,40000,2,1500.0,0.48665620094191525,-1000.0,20000.0,50.0,75.0,75.0,0.19178082212579572,0.05504907196083578,0.6505031061344644,0.2816186383973037
NC_000907.1,NC_010167.1,10000,0,SAGE-GI,6,3,3,50.0,62.5,50.0,55.55555555555556,97.0759040482281,0.5442314478340455,30000,18000,1563533,30000,3,1000.0,0.7692307692307693,-1000.0,2000.0,66.66666666666666,83.33333333333334,83.33333333333334,0.19178082212579572,0.05504907196083578,0.6505031061344644,0.2816186383973037
NC_000907.1,NC_010167.1,10000,0,SAGE-GI/no-refine,6,5,3,50.0,33.65114974761638,50.0,40.22795843110962,94.56910095624029,0.38305388790997863,30000,59150,1522383,30000,3,6150.0,0.44052863436123346,-4250.0,7250.0,0.0,0.0,33.33333333333333,0.19178082212579572,0.05504907196083578,0.6505031061344644,0.2816186383973037
NC_000907.1,NC_010167.1,10000,1,Comp-only,6,7,2,33.33333333333333,16.728280961182996,30.166666666666668,21.521997621878715,91.95873613262725,0.1850592778179156,18100,90100,1491433,41900,2,9750.0,0.3110999170321204,-13000.0,5100.0,0.0,25.0,25.0,0.19178082212579572,0.05504907196083578,0.6505031061344644,0.2816186383973037
NC_000907.1,NC_010167.1,10000,1,DNABERT-2-only,6,5,2,33.33333333333333,23.52941176470588,33.33333333333333,27.586206896551722,93.60354010549895,0.24748952526656656,20000,65000,1516533,40000,2,0.0,0.75,-5000.0,0.0,75.0,75.0,75.0,0.19178082212579572,0.05504907196083578,0.6505031061344644,0.2816186383973037
NC_000907.1,NC_010167.1,10000,1,DNABERT-S-only,6,3,2,33.33333333333333,35.08771929824561,33.33333333333333,34.18803418803419,95.30926274403257,0.31768882925672526,20000,37000,1544533,40000,2,0.0,0.75,-5000.0,0.0,75.0,75.0,75.0,0.19178082212579572,0.05504907196083578,0.6505031061344644,0.2816186383973037
NC_000907.1,NC_010167.1,10000,1,SAGE-GI,6,6,4,66.66666666666666,44.90183660544648,59.08333333333333,51.025548758546236,95.85448480170669,0.49405894487092594,35450,43500,1538033,24550,4,0.0,0.75,-5000.0,0.0,62.5,62.5,75.0,0.19178082212579572,0.05504907196083578,0.6505031061344644,0.2816186383973037
NC_000907.1,NC_010167.1,10000,1,SAGE-GI/no-refine,6,7,4,66.66666666666666,29.780564263322884,47.5,36.60886319845857,93.98732769916901,0.34639628895560454,28500,67200,1514333,31500,4,8700.0,0.31640201689101444,-11200.0,-150.0,0.0,0.0,37.5,0.19178082212579572,0.05504907196083578,0.6505031061344644,0.2816186383973037
NC_000907.1,NC_010167.1,20000,0,Comp-only,6,8,6,100.0,68.9922480620155,96.41666666666666,80.43100451859576,96.69121903601047,0.7999407203270934,115700,52000,1529533,4300,6,7150.0,0.6477443609022557,-8250.0,200.0,8.333333333333332,41.66666666666667,41.66666666666667,0.19178082212579572,0.05504907196083578,0.6505031061344644,0.2816186383973037
NC_000907.1,NC_010167.1,20000,0,DNABERT-2-only,6,6,6,100.0,87.96992481203007,97.5,92.49011857707508,98.88335988781881,0.9203051693710792,117000,16000,1565533,3000,6,0.0,0.975,0.0,0.0,91.66666666666666,91.66666666666666,91.66666666666666,0.19178082212579572,0.05504907196083578,0.6505031061344644,0.2816186383973037
NC_000907.1,NC_010167.1,20000,0,DNABERT-S-only,6,6,6,100.0,86.95652173913044,100.0,93.02325581395348,98.94213042003888,0.9271830351354623,120000,18000,1563533,0,6,0.0,0.9761904761904762,0.0,500.0,83.33333333333334,91.66666666666666,91.66666666666666,0.19178082212579572,0.05504907196083578,0.6505031061344644,0.2816186383973037
NC_000907.1,NC_010167.1,20000,0,SAGE-GI,6,6,6,100.0,86.95652173913044,100.0,93.02325581395348,98.94213042003888,0.9271830351354623,120000,18000,1563533,0,6,0.0,0.9761904761904762,0.0,500.0,83.33333333333334,91.66666666666666,91.66666666666666,0.19178082212579572,0.05504907196083578,0.6505031061344644,0.2816186383973037
NC_000907.1,NC_010167.1,20000,0,SAGE-GI/no-refine,6,7,6,100.0,75.87733164717041,100.0,86.28437893223081,97.7579041958046,0.8605057009247963,120000,38150,1543383,0,6,4200.0,0.6638775734889354,-3800.0,6050.0,0.0,0.0,75.0,0.19178082212579572,0.05504907196083578,0.6505031061344644,0.2816186383973037
NC_000907.1,NC_010167.1,20000,1,Comp-only,6,9,6,100.0,60.18722466960352,91.08333333333334,72.48010610079577,95.12204582573479,0.7173565267116102,109300,72300,1509233,10700,6,7600.0,0.5290334566612909,-10800.0,-2050.0,0.0,33.33333333333333,41.66666666666667,0.19178082212579572,0.05504907196083578,0.6505031061344644,0.2816186383973037
NC_000907.1,NC_010167.1,20000,1,DNABERT-2-only,6,7,6,100.0,87.5,99.16666666666667,92.96875,98.94213042003888,0.9261081637718434,119000,17000,1564533,1000,6,0.0,1.0,0.0,0.0,91.66666666666666,91.66666666666666,91.66666666666666,0.19178082212579572,0.05504907196083578,0.6505031061344644,0.2816186383973037
NC_000907.1,NC_010167.1,20000,1,DNABERT-S-only,6,7,6,100.0,80.0,100.0,88.8888888888889,98.23688403339813,0.8859034091362776,120000,30000,1551533,0,6,0.0,1.0,0.0,0.0,91.66666666666666,91.66666666666666,91.66666666666666,0.19178082212579572,0.05504907196083578,0.6505031061344644,0.2816186383973037
NC_000907.1,NC_010167.1,20000,1,SAGE-GI,6,7,6,100.0,80.0,100.0,88.8888888888889,98.23688403339813,0.8859034091362776,120000,30000,1551533,0,6,0.0,1.0,0.0,0.0,91.66666666666666,91.66666666666666,91.66666666666666,0.19178082212579572,0.05504907196083578,0.6505031061344644,0.2816186383973037
NC_000907.1,NC_010167.1,20000,1,SAGE-GI/no-refine,6,8,6,100.0,69.40427993059572,100.0,81.93922840559918,96.89103884555868,0.8190409438628966,120000,52900,1528633,0,6,4050.0,0.6508988100261626,-4650.0,3950.0,0.0,0.0,66.66666666666666,0.19178082212579572,0.05504907196083578,0.6505031061344644,0.2816186383973037
NC_000907.1,NC_010167.1,40000,0,Comp-only,6,6,6,100.0,95.20325203252033,97.58333333333333,96.37860082304528,99.03378088675858,0.9583094388869647,234200,11800,1569733,5800,6,6900.0,0.8076043453401944,-7350.0,-1050.0,8.333333333333332,41.66666666666667,41.66666666666667,0.19178082212579572,0.05504907196083578,0.6505031061344644,0.2816186383973037
NC_000907.1,NC_010167.1,40000,0,DNABERT-2-only,6,7,6,100.0,87.59124087591242,100.0,93.3852140077821,98.13344034941997,0.9257871953387127,240000,34000,1547533,0,6,0.0,0.9761904761904762,0.0,1000.0,75.0,83.33333333333334,91.66666666666666,0.19178082212579572,0.05504907196083578,0.6505031061344644,0.2816186383973037
NC_000907.1,NC_010167.1,40000,0,DNABERT-S-only,6,6,6,100.0,93.3852140077821,100.0,96.579476861167,99.06672017470999,0.9611524870300429,240000,17000,1564533,0,6,0.0,0.9878048780487805,0.0,500.0,83.33333333333334,91.66666666666666,91.66666666666666,0.19178082212579572,0.05504907196083578,0.6505031061344644,0.2816186383973037
NC_000907.1,NC_010167.1,40000,0,SAGE-GI,6,6,6,100.0,93.3852140077821,100.0,96.579476861167,99.06672017470999,0.9611524870300429,240000,17000,1564533,0,6,0.0,0.9878048780487805,0.0,500.0,83.33333333333334,91.66666666666666,91.66666666666666,0.19178082212579572,0.05504907196083578,0.6505031061344644,0.2816186383973037
NC_000907.1,NC_010167.1,40000,0,SAGE-GI/no-refine,6,7,6,100.0,89.6358543417367,100.0,94.53471196454949,98.47655793224718,0.93841930779885,240000,27750,1553783,0,6,3700.0,0.8404696742297166,-3350.0,4100.0,0.0,0.0,83.33333333333334,0.19178082212579572,0.05504907196083578,0.6505031061344644,0.2816186383973037
NC_000907.1,NC_010167.1,40000,1,Comp-only,6,7,6,100.0,88.04642166344294,94.83333333333334,91.31394182547645,97.62288138617308,0.9002236637487049,227600,30900,1550633,12400,6,5000.0,0.7724754669199114,-8350.0,-2250.0,8.333333333333332,33.33333333333333,50.0,0.19178082212579572,0.05504907196083578,0.6505031061344644,0.2816186383973037
NC_000907.1,NC_010167.1,40000,1,DNABERT-2-only,6,8,6,100.0,86.76470588235294,98.33333333333333,92.18749999999999,97.80404746990584,0.9115682226489351,236000,36000,1545533,4000,6,1000.0,0.95,0.0,0.0,66.66666666666666,75.0,83.33333333333334,0.19178082212579572,0.05504907196083578,0.6505031061344644,0.2816186383973037
NC_000907.1,NC_010167.1,40000,1,DNABERT-S-only,6,7,6,100.0,88.23529411764706,100.0,93.75,98.24323797592469,0.9297848266696085,240000,32000,1549533,0,6,0.0,1.0,0.0,0.0,91.66666666666666,91.66666666666666,91.66666666666666,0.19178082212579572,0.05504907196083578,0.6505031061344644,0.2816186383973037
NC_000907.1,NC_010167.1,40000,1,SAGE-GI,6,7,6,100.0,88.23529411764706,100.0,93.75,98.24323797592469,0.9297848266696085,240000,32000,1549533,0,6,0.0,1.0,0.0,0.0,91.66666666666666,91.66666666666666,91.66666666666666,0.19178082212579572,0.05504907196083578,0.6505031061344644,0.2816186383973037
NC_000907.1,NC_010167.1,40000,1,SAGE-GI/no-refine,6,8,6,100.0,86.0832137733142,100.0,92.52120277563608,97.86992604580867,0.9163586668584994,240000,38800,1542733,0,6,3550.0,0.8492569002123143,-3500.0,3550.0,0.0,0.0,91.66666666666666,0.19178082212579572,0.05504907196083578,0.6505031061344644,0.2816186383973037
NC_000907.1,NC_010167.1,80000,0,Comp-only,6,6,6,100.0,100.0,90.41666666666667,94.9671772428884,97.76865080500772,0.9373428557778459,434000,0,1581533,46000,6,4900.0,0.8865851971820302,-1450.0,-7450.0,25.0,41.66666666666667,50.0,0.19178082212579572,0.05504907196083578,0.6505031061344644,0.2816186383973037
NC_000907.1,NC_010167.1,80000,0,DNABERT-2-only,6,6,6,100.0,95.52631578947368,75.625,84.41860465116278,93.49998277980512,0.8125749784250832,363000,17000,1564533,117000,6,8000.0,0.727489564698867,11000.0,0.0,33.33333333333333,33.33333333333333,41.66666666666667,0.19178082212579572,0.05504907196083578,0.6505031061344644,0.2816186383973037
NC_000907.1,NC_010167.1,80000,0,DNABERT-S-only,6,6,6,100.0,100.0,100.0,100.0,100.0,1.0,480000,0,1581533,0,6,0.0,0.9938271604938271,0.0,0.0,91.66666666666666,100.0,100.0,0.19178082212579572,0.05504907196083578,0.6505031061344644,0.2816186383973037
NC_000907.1,NC_010167.1,80000,0,SAGE-GI,6,6,6,100.0,100.0,100.0,100.0,100.0,1.0,480000,0,1581533,0,6,0.0,0.9938271604938271,0.0,0.0,91.66666666666666,100.0,100.0,0.19178082212579572,0.05504907196083578,0.6505031061344644,0.2816186383973037
NC_000907.1,NC_010167.1,80000,0,SAGE-GI/no-refine,6,6,6,100.0,100.0,93.60416666666667,96.69643817927472,98.51081695029865,0.9582367364010493,449300,0,1581533,30700,6,2350.0,0.93625,3350.0,-1850.0,0.0,50.0,100.0,0.19178082212579572,0.05504907196083578,0.6505031061344644,0.2816186383973037
NC_000907.1,NC_010167.1,80000,1,Comp-only,6,6,6,100.0,100.0,89.27083333333333,94.33131535498075,97.50185905343257,0.9298147752946125,428500,0,1581533,51500,6,6550.0,0.8795121434305282,-2550.0,-7350.0,8.333333333333332,16.666666666666664,41.66666666666667,0.19178082212579572,0.05504907196083578,0.6505031061344644,0.2816186383973037
NC_000907.1,NC_010167.1,80000,1,DNABERT-2-only,6,8,6,100.0,91.54929577464789,81.25,86.09271523178808,93.888043509369,0.8243429531778297,390000,36000,1545533,90000,6,4000.0,0.8785326086956522,4500.0,500.0,50.0,50.0,50.0,0.19178082212579572,0.05504907196083578,0.6505031061344644,0.2816186383973037
NC_000907.1,NC_010167.1,80000,1,DNABERT-S-only,6,5,4,66.66666666666666,91.69054441260745,66.66666666666666,77.20144752714114,90.8320652640535,0.7306740714170462,320000,29000,1552533,160000,4,0.0,1.0,0.0,0.0,87.5,87.5,87.5,0.19178082212579572,0.05504907196083578,0.6505031061344644,0.2816186383973037
NC_000907.1,NC_010167.1,80000,1,SAGE-GI,6,6,5,83.33333333333334,92.42819843342036,73.75,82.0393974507532,92.48132336469996,0.7814891849414601,354000,29000,1552533,126000,5,0.0,1.0,0.0,0.0,80.0,80.0,80.0,0.19178082212579572,0.05504907196083578,0.6505031061344644,0.2816186383973037
NC_000907.1,NC_010167.1,80000,1,SAGE-GI/no-refine,6,6,5,83.33333333333334,91.44318710277476,61.44791666666667,73.50320852283348,89.6848607322803,0.6945572839907787,294950,27600,1553933,185050,5,8250.0,0.799890049477735,7450.0,-7250.0,0.0,30.0,30.0,0.19178082212579572,0.05504907196083578,0.6505031061344644,0.2816186383973037
NC_000907.1,NC_010501.1,5000,0,Comp-only,6,5,2,33.33333333333333,11.600928074245939,33.33333333333333,17.21170395869191,94.03052869534785,0.1712933754451895,10000,76200,1505333,20000,2,10050.0,0.17811020232458027,-10050.0,18050.0,0.0,0.0,25.0,0.232853095824626,0.06488545645497074,0.7592846265005765,0.3808281184246213
NC_000907.1,NC_010501.1,5000,0,DNABERT-2-only,6,3,1,16.666666666666664,7.142857142857142,16.666666666666664,10.0,94.41525553618821,0.0832627766278111,5000,65000,1516533,25000,1,19000.0,0.11627906976744186,-1000.0,37000.0,50.0,50.0,50.0,0.232853095824626,0.06488545645497074,0.7592846265005765,0.3808281184246213
NC_000907.1,NC_010501.1,5000,0,DNABERT-S-only,6,1,1,16.666666666666664,21.73913043478261,16.666666666666664,18.867924528301884,97.33173320062326,0.1769571339026905,5000,18000,1563533,25000,1,19500.0,0.11363636363636363,-1000.0,38000.0,50.0,50.0,50.0,0.232853095824626,0.06488545645497074,0.7592846265005765,0.3808281184246213
NC_000907.1,NC_010501.1,5000,0,SAGE-GI,6,2,1,16.666666666666664,8.064516129032258,16.666666666666664,10.869565217391303,94.91167726630482,0.0917977595291514,5000,57000,1524533,25000,1,19500.0,0.11363636363636363,-1000.0,38000.0,50.0,50.0,50.0,0.232853095824626,0.06488545645497074,0.7592846265005765,0.3808281184246213
NC_000907.1,NC_010501.1,5000,0,SAGE-GI/no-refine,6,3,1,16.666666666666664,7.293946024799417,16.666666666666664,10.147133434804667,94.50523197477185,0.08471328265515739,5000,63550,1517983,25000,1,21500.0,0.10416666666666667,-4250.0,38750.0,0.0,0.0,50.0,0.232853095824626,0.06488545645497074,0.7592846265005765,0.3808281184246213
NC_000907.1,NC_010501.1,5000,1,Comp-only,6,7,2,33.33333333333333,7.859848484848484,27.666666666666668,12.241887905604719,92.61572676451553,0.1175152892732575,8300,97300,1484233,21700,2,9700.0,0.17120901639344263,-11100.0,7250.0,0.0,25.0,50.0,0.232853095824626,0.06488545645497074,0.7592846265005765,0.3808281184246213
NC_000907.1,NC_010501.1,5000,1,DNABERT-2-only,6,4,1,16.666666666666664,6.944444444444445,16.666666666666664,9.803921568627452,94.29115010365906,0.08132416149484369,5000,67000,1514533,25000,1,5000.0,0.3333333333333333,-10000.0,0.0,50.0,50.0,50.0,0.232853095824626,0.06488545645497074,0.7592846265005765,0.3808281184246213
NC_000907.1,NC_010501.1,5000,1,DNABERT-S-only,6,2,1,16.666666666666664,11.904761904761903,16.666666666666664,13.88888888888889,96.15273159159634,0.12154864749144119,5000,37000,1544533,25000,1,5000.0,0.3333333333333333,-10000.0,0.0,50.0,50.0,50.0,0.232853095824626,0.06488545645497074,0.7592846265005765,0.3808281184246213
NC_000907.1,NC_010501.1,5000,1,SAGE-GI,6,4,1,16.666666666666664,5.617977528089887,16.666666666666664,8.403361344537814,93.23625392716129,0.06719275788600308,5000,84000,1497533,25000,1,5000.0,0.3333333333333333,-10000.0,0.0,50.0,50.0,50.0,0.232853095824626,0.06488545645497074,0.7592846265005765,0.3808281184246213
NC_000907.1,NC_010501.1,5000,1,SAGE-GI/no-refine,6,8,2,33.33333333333333,5.096486887679367,17.166666666666668,7.859595574208318,92.50713451105253,0.06190293911537634,5150,95900,1485633,24850,2,7950.0,0.11678052051464734,-4200.0,7550.0,0.0,0.0,50.0,0.232853095824626,0.06488545645497074,0.7592846265005765,0.3808281184246213
NC_000907.1,NC_010501.1,10000,0,Comp-only,6,7,3,50.0,26.57218777679362,50.0,34.70213996529786,93.12228264676982,0.331886257137221,30000,82900,1498633,30000,3,7950.0,0.390625,-8100.0,3300.0,0.0,16.666666666666664,33.33333333333333,0.232853095824626,0.06488545645497074,0.7592846265005765,0.3808281184246213
NC_000907.1,NC_010501.1,10000,0,DNABERT-2-only,6,2,2,33.33333333333333,54.054054054054056,33.33333333333333,41.23711340206185,96.52763605727085,0.4078333628926062,20000,17000,1564533,40000,2,1500.0,0.5208333333333334,-500.0,19500.0,50.0,75.0,75.0,0.232853095824626,0.06488545645497074,0.7592846265005765,0.3808281184246213
NC_000907.1,NC_010501.1,10000,0,DNABERT-S-only,6,2,2,33.33333333333333,52.63157894736842,33.33333333333333,40.81632653061224,96.46671739160894,0.40176776892611754,20000,18000,1563533,40000,2,1500.0,0.4887820512820513,-500.0,20000.0,50.0,75.0,75.0,0.232853095824626,0.06488545645497074,0.7592846265005765,0.3808281184246213
NC_000907.1,NC_010501.1,10000,0,SAGE-GI,6,5,3,50.0,30.0,50.0,37.49999999999999,93.90813343380852,0.35756473203414035,30000,70000,1511533,30000,3,500.0,0.7692307692307693,0.0,2000.0,66.66666666666666,83.33333333333334,83.33333333333334,0.232853095824626,0.06488545645497074,0.7592846265005765,0.3808281184246213
NC_000907.1,NC_010501.1,10000,0,SAGE-GI/no-refine,6,6,3,50.0,30.045067601402103,50.0,37.53518923991241,93.9172712336578,0.3578902649982724,30000,69850,1511683,30000,3,6300.0,0.4424778761061947,-4350.0,7250.0,0.0,0.0,33.33333333333333,0.232853095824626,0.06488545645497074,0.7592846265005765,0.3808281184246213
NC_000907.1,NC_010501.1,10000,1,Comp-only,6,7,3,50.0,17.941952506596305,34.0,23.488773747841105,91.90390933353152,0.20768881473324127,20400,93300,1488233,39600,3,11000.0,0.28716216216216217,-19300.0,-1500.0,0.0,16.666666666666664,16.666666666666664,0.232853095824626,0.06488545645497074,0.7592846265005765,0.3808281184246213
NC_000907.1,NC_010501.1,10000,1,DNABERT-2-only,6,4,3,50.0,61.224489795918366,50.0,55.04587155963303,97.01498538256618,0.5381212707581037,30000,19000,1562533,30000,3,0.0,1.0,0.0,0.0,83.33333333333334,83.33333333333334,83.33333333333334,0.232853095824626,0.06488545645497074,0.7592846265005765,0.3808281184246213
NC_000907.1,NC_010501.1,10000,1,DNABERT-S-only,6,5,4,66.66666666666666,44.98141263940521,50.416666666666664,47.54420432220039,95.93367906706719,0.45516205792066006,30250,37000,1544533,29750,4,0.0,0.75,0.0,0.0,62.5,62.5,62.5,0.232853095824626,0.06488545645497074,0.7592846265005765,0.3808281184246213
NC_000907.1,NC_010501.1,10000,1,SAGE-GI,6,6,4,66.66666666666666,37.735849056603776,66.66666666666666,48.19277108433735,94.76099475307532,0.4771633692044524,40000,66000,1515533,20000,4,0.0,1.0,0.0,0.0,87.5,87.5,87.5,0.232853095824626,0.06488545645497074,0.7592846265005765,0.3808281184246213
NC_000907.1,NC_010501.1,10000,1,SAGE-GI/no-refine,6,7,4,66.66666666666666,30.495049504950494,51.33333333333333,38.26086956521739,93.94468463320567,0.3662194611583848,30800,70200,1511333,29200,4,8850.0,0.3319843021829777,-12700.0,250.0,0.0,0.0,37.5,0.232853095824626,0.06488545645497074,0.7592846265005765,0.3808281184246213
NC_000907.1,NC_010501.1,20000,0,Comp-only,6,8,6,100.0,71.74447174447175,97.33333333333334,82.6025459688826,97.10848981477291,0.8218769891944137,116800,46000,1535533,3200,6,7850.0,0.6462903903119999,-8550.0,300.0,16.666666666666664,41.66666666666667,41.66666666666667,0.232853095824626,0.06488545645497074,0.7592846265005765,0.3808281184246213
NC_000907.1,NC_010501.1,20000,0,DNABERT-2-only,6,6,6,100.0,88.88888888888889,100.0,94.11764705882352,99.11844201669906,0.938327368340803,120000,15000,1566533,0,6,0.0,0.9307359307359306,0.0,1000.0,75.0,83.33333333333334,91.66666666666666,0.232853095824626,0.06488545645497074,0.7592846265005765,0.3808281184246213
NC_000907.1,NC_010501.1,20000,0,DNABERT-S-only,6,6,6,100.0,86.95652173913044,100.0,93.02325581395348,98.94213042003888,0.9271830351354623,120000,18000,1563533,0,6,0.0,0.9761904761904762,0.0,500.0,83.33333333333334,91.66666666666666,91.66666666666666,0.232853095824626,0.06488545645497074,0.7592846265005765,0.3808281184246213
NC_000907.1,NC_010501.1,20000,0,SAGE-GI,6,6,6,100.0,86.95652173913044,100.0,93.02325581395348,98.94213042003888,0.9271830351354623,120000,18000,1563533,0,6,0.0,0.9761904761904762,0.0,500.0,83.33333333333334,91.66666666666666,91.66666666666666,0.232853095824626,0.06488545645497074,0.7592846265005765,0.3808281184246213
NC_000907.1,NC_010501.1,20000,0,SAGE-GI/no-refine,6,7,6,100.0,75.63819728963126,100.0,86.12955320294276,97.72851892969457,0.8590094718716497,120000,38650,1542883,0,6,4450.0,0.6453291699193338,-4150.0,6150.0,0.0,0.0,58.333333333333336,0.232853095824626,0.06488545645497074,0.7592846265005765,0.3808281184246213
NC_000907.1,NC_010501.1,20000,1,Comp-only,6,9,6,100.0,62.23736513344691,91.33333333333333,74.0290442418102,95.48054607227718,0.7323421039260347,109600,66500,1515033,10400,6,8150.0,0.5322453016815034,-11250.0,-1500.0,0.0,33.33333333333333,41.66666666666667,0.232853095824626,0.06488545645497074,0.7592846265005765,0.3808281184246213
NC_000907.1,NC_010501.1,20000,1,DNABERT-2-only,6,7,6,100.0,86.23188405797102,99.16666666666667,92.24806201550388,98.82458935559875,0.9187745539834647,119000,19000,1562533,1000,6,0.0,1.0,0.0,0.0,91.66666666666666,91.66666666666666,91.66666666666666,0.232853095824626,0.06488545645497074,0.7592846265005765,0.3808281184246213
NC_000907.1,NC_010501.1,20000,1,DNABERT-S-only,6,7,6,100.0,76.43312101910828,100.0,86.64259927797833,97.82549030785768,0.8639731849941635,120000,37000,1544533,0,6,0.0,1.0,0.0,0.0,91.66666666666666,91.66666666666666,91.66666666666666,0.232853095824626,0.06488545645497074,0.7592846265005765,0.3808281184246213
NC_000907.1,NC_010501.1,20000,1,SAGE-GI,6,7,6,100.0,76.43312101910828,100.0,86.64259927797833,97.82549030785768,0.8639731849941635,120000,37000,1544533,0,6,0.0,1.0,0.0,0.0,91.66666666666666,91.66666666666666,91.66666666666666,0.232853095824626,0.06488545645497074,0.7592846265005765,0.3808281184246213
NC_000907.1,NC_010501.1,20000,1,SAGE-GI/no-refine,6,8,6,100.0,69.28406466512702,100.0,81.85538881309687,96.87340768589266,0.8182510011217631,120000,53200,1528333,0,6,4300.0,0.6681986524474588,-4900.0,4300.0,0.0,0.0,66.66666666666666,0.232853095824626,0.06488545645497074,0.7592846265005765,0.3808281184246213
NC_000907.1,NC_010501.1,40000,0,Comp-only,6,7,6,100.0,88.31266441187523,97.91666666666666,92.86702232760324,98.01815284159002,0.9188457990001592,235000,31100,1550433,5000,6,7250.0,0.8111085550699078,-7700.0,-550.0,16.666666666666664,41.66666666666667,41.66666666666667,0.232853095824626,0.06488545645497074,0.7592846265005765,0.3808281184246213
NC_000907.1,NC_010501.1,40000,0,DNABERT-2-only,6,7,6,100.0,85.81818181818181,98.33333333333333,91.6504854368932,97.63935103014877,0.9056692602754453,236000,39000,1542533,4000,6,1000.0,0.9386904761904762,0.0,1000.0,66.66666666666666,83.33333333333334,83.33333333333334,0.232853095824626,0.06488545645497074,0.7592846265005765,0.3808281184246213
NC_000907.1,NC_010501.1,40000,0,DNABERT-S-only,6,6,6,100.0,93.02325581395348,100.0,96.3855421686747,99.01182136145763,0.958981357696175,240000,18000,1563533,0,6,0.0,1.0,0.0,0.0,83.33333333333334,91.66666666666666,91.66666666666666,0.232853095824626,0.06488545645497074,0.7592846265005765,0.3808281184246213
NC_000907.1,NC_010501.1,40000,0,SAGE-GI,6,6,6,100.0,93.02325581395348,100.0,96.3855421686747,99.01182136145763,0.958981357696175,240000,18000,1563533,0,6,0.0,1.0,0.0,0.0,83.33333333333334,91.66666666666666,91.66666666666666,0.232853095824626,0.06488545645497074,0.7592846265005765,0.3808281184246213
NC_000907.1,NC_010501.1,40000,0,SAGE-GI/no-refine,6,7,6,100.0,89.60238939705059,100.0,94.51609727281678,98.47106805092194,0.9382139224336553,240000,27850,1553683,0,6,3900.0,0.8316152093950042,-3850.0,4300.0,0.0,0.0,83.33333333333334,0.232853095824626,0.06488545645497074,0.7592846265005765,0.3808281184246213
NC_000907.1,NC_010501.1,40000,1,Comp-only,6,8,6,100.0,82.16833095577746,96.0,88.54727132974635,96.7280307301597,0.8700893428029401,230400,50000,1531533,9600,6,4600.0,0.790662560031616,-8250.0,-1700.0,8.333333333333332,50.0,50.0,0.232853095824626,0.06488545645497074,0.7592846265005765,0.3808281184246213
NC_000907.1,NC_010501.1,40000,1,DNABERT-2-only,6,8,6,100.0,85.25179856115108,98.75,91.5057915057915,97.58445221689642,0.9043736727998981,237000,41000,1540533,3000,6,0.0,0.9624999999999999,0.0,0.0,75.0,83.33333333333334,83.33333333333334,0.232853095824626,0.06488545645497074,0.7592846265005765,0.3808281184246213
NC_000907.1,NC_010501.1,40000,1,DNABERT-S-only,6,7,6,100.0,84.80565371024736,100.0,91.77820267686425,97.63935103014877,0.9082944947414924,240000,43000,1538533,0,6,0.0,1.0,0.0,0.0,91.66666666666666,91.66666666666666,91.66666666666666,0.232853095824626,0.06488545645497074,0.7592846265005765,0.3808281184246213
NC_000907.1,NC_010501.1,40000,1,SAGE-GI,6,7,6,100.0,84.80565371024736,100.0,91.77820267686425,97.63935103014877,0.9082944947414924,240000,43000,1538533,0,6,0.0,1.0,0.0,0.0,91.66666666666666,91.66666666666666,91.66666666666666,0.232853095824626,0.06488545645497074,0.7592846265005765,0.3808281184246213
NC_000907.1,NC_010501.1,40000,1,SAGE-GI/no-refine,6,8,6,100.0,86.11410118406889,100.0,92.53903990746096,97.8754159271339,0.916552754915056,240000,38700,1542833,0,6,3850.0,0.8333369502471799,-3850.0,3850.0,0.0,0.0,91.66666666666666,0.232853095824626,0.06488545645497074,0.7592846265005765,0.3808281184246213
NC_000907.1,NC_010501.1,80000,0,Comp-only,6,6,6,100.0,100.0,90.14583333333334,94.8175742303057,97.7055909364536,0.9355643796737984,432700,0,1581533,47300,6,4900.0,0.8788420310819332,-2250.0,-7850.0,0.0,41.66666666666667,50.0,0.232853095824626,0.06488545645497074,0.7592846265005765,0.3808281184246213
NC_000907.1,NC_010501.1,80000,0,DNABERT-2-only,6,6,6,100.0,100.0,88.54166666666666,93.92265193370166,97.33208248424837,0.9250188692822277,425000,0,1581533,55000,6,8000.0,0.7963414634146342,-1500.0,-2500.0,8.333333333333332,16.666666666666664,33.33333333333333,0.232853095824626,0.06488545645497074,0.7592846265005765,0.3808281184246213
NC_000907.1,NC_010501.1,80000,0,DNABERT-S-only,6,8,6,100.0,94.97354497354497,74.79166666666667,83.68298368298368,93.20893723263222,0.8037548531967428,359000,19000,1562533,121000,6,500.0,0.9000771604938271,0.0,-7500.0,66.66666666666666,66.66666666666666,66.66666666666666,0.232853095824626,0.06488545645497074,0.7592846265005765,0.3808281184246213
NC_000907.1,NC_010501.1,80000,0,SAGE-GI,6,6,6,100.0,100.0,100.0,100.0,100.0,1.0,480000,0,1581533,0,6,0.0,1.0,0.0,0.0,91.66666666666666,100.0,100.0,0.232853095824626,0.06488545645497074,0.7592846265005765,0.3808281184246213
NC_000907.1,NC_010501.1,80000,0,SAGE-GI/no-refine,6,6,6,100.0,100.0,92.47916666666667,96.09265071977487,98.24887595784301,0.9508698650083648,443900,0,1581533,36100,6,2200.0,0.93875,2200.0,-2650.0,0.0,58.333333333333336,83.33333333333334,0.232853095824626,0.06488545645497074,0.7592846265005765,0.3808281184246213
NC_000907.1,NC_010501.1,80000,1,Comp-only,6,6,6,100.0,100.0,90.95833333333333,95.26511018983199,97.89477054211598,0.940898219725902,436600,0,1581533,43400,6,5200.0,0.8764895871308787,-3300.0,-7300.0,0.0,8.333333333333332,50.0,0.232853095824626,0.06488545645497074,0.7592846265005765,0.3808281184246213
NC_000907.1,NC_010501.1,80000,1,DNABERT-2-only,6,6,6,100.0,100.0,96.25,98.0891719745223,99.12686335848129,0.9755350909210224,462000,0,1581533,18000,6,1500.0,0.9420454545454545,-500.0,-1000.0,50.0,66.66666666666666,66.66666666666666,0.232853095824626,0.06488545645497074,0.7592846265005765,0.3808281184246213
NC_000907.1,NC_010501.1,80000,1,DNABERT-S-only,6,6,6,100.0,100.0,100.0,100.0,100.0,1.0,480000,0,1581533,0,6,0.0,1.0,0.0,0.0,100.0,100.0,100.0,0.232853095824626,0.06488545645497074,0.7592846265005765,0.3808281184246213
NC_000907.1,NC_010501.1,80000,1,SAGE-GI,6,6,6,100.0,100.0,100.0,100.0,100.0,1.0,480000,0,1581533,0,6,0.0,1.0,0.0,0.0,100.0,100.0,100.0,0.232853095824626,0.06488545645497074,0.7592846265005765,0.3808281184246213
NC_000907.1,NC_010501.1,80000,1,SAGE-GI/no-refine,6,6,6,100.0,100.0,94.79166666666666,97.32620320855615,98.7873102201129,0.9660050200675399,455000,0,1581533,25000,6,1450.0,0.9424999999999999,1150.0,-3150.0,33.33333333333333,58.333333333333336,100.0,0.232853095824626,0.06488545645497074,0.7592846265005765,0.3808281184246213
NC_000907.1,NC_008611.1,5000,0,Comp-only,6,5,2,33.33333333333333,11.337868480725625,33.33333333333333,16.920473773265652,93.90642326281869,0.16869978111168826,10000,78200,1503333,20000,2,10500.0,0.1737297789929369,-10500.0,18050.0,0.0,0.0,25.0,0.27322405550942364,0.07510493061240804,0.8788416401895935,0.4754671346575642
NC_000907.1,NC_008611.1,5000,0,DNABERT-2-only,6,3,1,16.666666666666664,7.142857142857142,16.666666666666664,10.0,94.41525553618821,0.0832627766278111,5000,65000,1516533,25000,1,19000.0,0.11627906976744186,-1000.0,37000.0,50.0,50.0,50.0,0.27322405550942364,0.07510493061240804,0.8788416401895935,0.4754671346575642
NC_000907.1,NC_008611.1,5000,0,DNABERT-S-only,6,1,1,16.666666666666664,21.73913043478261,16.666666666666664,18.867924528301884,97.33173320062326,0.1769571339026905,5000,18000,1563533,25000,1,19000.0,0.11627906976744186,0.0,38000.0,50.0,50.0,50.0,0.27322405550942364,0.07510493061240804,0.8788416401895935,0.4754671346575642
NC_000907.1,NC_008611.1,5000,0,SAGE-GI,6,1,1,16.666666666666664,21.73913043478261,16.666666666666664,18.867924528301884,97.33173320062326,0.1769571339026905,5000,18000,1563533,25000,1,19000.0,0.11627906976744186,0.0,38000.0,50.0,50.0,50.0,0.27322405550942364,0.07510493061240804,0.8788416401895935,0.4754671346575642
NC_000907.1,NC_008611.1,5000,0,SAGE-GI/no-refine,6,3,1,16.666666666666664,7.782101167315175,16.666666666666664,10.610079575596815,94.77205865470953,0.08925878372995548,5000,59250,1522283,25000,1,21600.0,0.1037344398340249,-4450.0,38750.0,0.0,0.0,50.0,0.27322405550942364,0.07510493061240804,0.8788416401895935,0.4754671346575642
NC_000907.1,NC_008611.1,5000,1,Comp-only,6,8,2,33.33333333333333,7.13128038897893,29.333333333333332,11.473272490221643,91.57324113127065,0.11226954280679607,8800,114600,1466933,21200,2,8200.0,0.19632033785633285,-11500.0,5550.0,0.0,25.0,50.0,0.27322405550942364,0.07510493061240804,0.8788416401895935,0.4754671346575642
NC_000907.1,NC_008611.1,5000,1,DNABERT-2-only,6,4,1,16.666666666666664,6.024096385542169,16.666666666666664,8.849557522123893,93.60857022474873,0.0717623883297715,5000,78000,1503533,25000,1,5000.0,0.3333333333333333,-10000.0,0.0,50.0,50.0,50.0,0.27322405550942364,0.07510493061240804,0.8788416401895935,0.4754671346575642
NC_000907.1,NC_008611.1,5000,1,DNABERT-S-only,6,3,1,16.666666666666664,10.660980810234541,16.666666666666664,13.003901170351103,95.8486732818999,0.1127126477111084,5000,41900,1539633,25000,1,5000.0,0.3333333333333333,-10000.0,0.0,50.0,50.0,50.0,0.27322405550942364,0.07510493061240804,0.8788416401895935,0.4754671346575642
NC_000907.1,NC_008611.1,5000,1,SAGE-GI,6,3,1,16.666666666666664,11.11111111111111,16.666666666666664,13.333333333333334,95.9665734428026,0.11598333095008072,5000,40000,1541533,25000,1,5000.0,0.3333333333333333,-10000.0,0.0,50.0,50.0,50.0,0.27322405550942364,0.07510493061240804,0.8788416401895935,0.4754671346575642
NC_000907.1,NC_008611.1,5000,1,SAGE-GI/no-refine,6,6,2,33.33333333333333,8.19868342309994,22.833333333333332,12.065169528841919,93.80403628098215,0.10963370866819146,6850,76700,1504833,23150,2,8600.0,0.1622448346466464,-5050.0,8600.0,0.0,0.0,50.0,0.27322405550942364,0.07510493061240804,0.8788416401895935,0.4754671346575642
NC_000907.1,NC_008611.1,10000,0,Comp-only,6,6,3,50.0,30.03003003003003,50.0,37.5234521575985,93.91422530037471,0.3577816778292776,30000,69900,1511633,30000,3,9500.0,0.4166666666666667,-11000.0,2500.0,0.0,33.33333333333333,33.33333333333333,0.27322405550942364,0.07510493061240804,0.8788416401895935,0.4754671346575642
NC_000907.1,NC_008611.1,10000,0,DNABERT-2-only,6,2,2,33.33333333333333,54.054054054054056,33.33333333333333,41.23711340206185,96.52763605727085,0.4078333628926062,20000,17000,1564533,40000,2,0.0,0.6063829787234043,0.0,18500.0,75.0,75.0,75.0,0.27322405550942364,0.07510493061240804,0.8788416401895935,0.4754671346575642
NC_000907.1,NC_008611.1,10000,0,DNABERT-S-only,6,2,2,33.33333333333333,52.63157894736842,33.33333333333333,40.81632653061224,96.46671739160894,0.40176776892611754,20000,18000,1563533,40000,2,1500.0,0.4887820512820513,-500.0,20000.0,50.0,75.0,75.0,0.27322405550942364,0.07510493061240804,0.8788416401895935,0.4754671346575642
NC_000907.1,NC_008611.1,10000,0,SAGE-GI,6,4,3,50.0,50.16722408026756,50.0,50.08347245409015,96.3570637934175,0.4819309906599836,30000,29800,1551733,30000,3,500.0,0.7692307692307693,0.0,2000.0,66.66666666666666,83.33333333333334,83.33333333333334,0.27322405550942364,0.07510493061240804,0.8788416401895935,0.4754671346575642
NC_000907.1,NC_008611.1,10000,0,SAGE-GI/no-refine,6,5,3,50.0,37.059913526868435,50.0,42.56828662646328,95.06863401466799,0.4054232462629978,30000,50950,1530583,30000,3,5850.0,0.4608294930875576,-4150.0,7450.0,0.0,0.0,33.33333333333333,0.27322405550942364,0.07510493061240804,0.8788416401895935,0.4754671346575642
NC_000907.1,NC_008611.1,10000,1,Comp-only,6,7,3,50.0,17.68888888888889,33.166666666666664,23.072463768115945,91.9160930666639,0.20285093672113974,19900,92600,1488933,40100,3,10350.0,0.323943661971831,-18400.0,-800.0,16.666666666666664,16.666666666666664,16.666666666666664,0.27322405550942364,0.07510493061240804,0.8788416401895935,0.4754671346575642
NC_000907.1,NC_008611.1,10000,1,DNABERT-2-only,6,4,3,50.0,61.224489795918366,50.0,55.04587155963303,97.01498538256618,0.5381212707581037,30000,19000,1562533,30000,3,0.0,1.0,0.0,0.0,83.33333333333334,83.33333333333334,83.33333333333334,0.27322405550942364,0.07510493061240804,0.8788416401895935,0.4754671346575642
NC_000907.1,NC_008611.1,10000,1,DNABERT-S-only,6,4,3,50.0,50.0,50.0,50.0,96.3448800602851,0.4810310628990985,30000,30000,1551533,30000,3,0.0,1.0,0.0,0.0,83.33333333333334,83.33333333333334,83.33333333333334,0.27322405550942364,0.07510493061240804,0.8788416401895935,0.4754671346575642
NC_000907.1,NC_008611.1,10000,1,SAGE-GI,6,5,4,66.66666666666666,57.14285714285714,66.66666666666666,61.53846153846153,96.95406671690426,0.6015564067076152,40000,30000,1551533,20000,4,0.0,1.0,0.0,0.0,87.5,87.5,87.5,0.27322405550942364,0.07510493061240804,0.8788416401895935,0.4754671346575642
NC_000907.1,NC_008611.1,10000,1,SAGE-GI/no-refine,6,7,4,66.66666666666666,27.7992277992278,48.0,35.2078239608802,93.54262143983702,0.33393135203944907,28800,74800,1506733,31200,4,8050.0,0.3115391671252981,-11000.0,-150.0,0.0,0.0,37.5,0.27322405550942364,0.07510493061240804,0.8788416401895935,0.4754671346575642
NC_000907.1,NC_008611.1,20000,0,Comp-only,6,7,6,100.0,78.06666666666666,97.58333333333333,86.74074074074073,97.89601494652176,0.8624242529950727,117100,32900,1548633,2900,6,7900.0,0.6488132557098074,-8900.0,-150.0,25.0,41.66666666666667,41.66666666666667,0.27322405550942364,0.07510493061240804,0.8788416401895935,0.4754671346575642
NC_000907.1,NC_008611.1,20000,0,DNABERT-2-only,6,6,6,100.0,88.23529411764706,100.0,93.75,99.059671484479,0.9345728342621308,120000,16000,1565533,0,6,0.0,1.0,0.0,0.0,91.66666666666666,91.66666666666666,91.66666666666666,0.27322405550942364,0.07510493061240804,0.8788416401895935,0.4754671346575642
NC_000907.1,NC_008611.1,20000,0,DNABERT-S-only,6,6,6,100.0,86.95652173913044,100.0,93.02325581395348,98.94213042003888,0.9271830351354623,120000,18000,1563533,0,6,0.0,0.8608058608058609,0.0,3000.0,75.0,75.0,83.33333333333334,0.27322405550942364,0.07510493061240804,0.8788416401895935,0.4754671346575642
NC_000907.1,NC_008611.1,20000,0,SAGE-GI,6,6,6,100.0,86.95652173913044,100.0,93.02325581395348,98.94213042003888,0.9271830351354623,120000,18000,1563533,0,6,0.0,0.8608058608058609,0.0,3000.0,75.0,75.0,83.33333333333334,0.27322405550942364,0.07510493061240804,0.8788416401895935,0.4754671346575642
NC_000907.1,NC_008611.1,20000,0,SAGE-GI/no-refine,6,7,6,100.0,75.7336699274219,100.0,86.19141677141317,97.74027303613859,0.8596071426655092,120000,38450,1543083,0,6,4350.0,0.656443368307775,-4150.0,6100.0,0.0,0.0,75.0,0.27322405550942364,0.07510493061240804,0.8788416401895935,0.4754671346575642
NC_000907.1,NC_008611.1,20000,1,Comp-only,6,8,6,100.0,68.25876662636034,94.08333333333333,79.11702873160476,96.49727627968426,0.7844406908814634,112900,52500,1529033,7100,6,8300.0,0.5582909144175486,-10850.0,-1350.0,8.333333333333332,41.66666666666667,41.66666666666667,0.27322405550942364,0.07510493061240804,0.8788416401895935,0.4754671346575642
NC_000907.1,NC_008611.1,20000,1,DNABERT-2-only,6,7,6,100.0,86.95652173913044,100.0,93.02325581395348,98.94213042003888,0.9271830351354623,120000,18000,1563533,0,6,0.0,1.0,0.0,0.0,91.66666666666666,91.66666666666666,91.66666666666666,0.27322405550942364,0.07510493061240804,0.8788416401895935,0.4754671346575642
NC_000907.1,NC_008611.1,20000,1,DNABERT-S-only,6,7,6,100.0,78.91156462585033,96.66666666666667,86.89138576779027,97.94303137229781,0.8630800873170389,116000,31000,1550533,4000,6,0.0,0.9511904761904761,0.0,0.0,83.33333333333334,91.66666666666666,91.66666666666666,0.27322405550942364,0.07510493061240804,0.8788416401895935,0.4754671346575642
NC_000907.1,NC_008611.1,20000,1,SAGE-GI,6,7,6,100.0,78.37837837837837,96.66666666666667,86.56716417910447,97.88426084007774,0.8598616685508214,116000,32000,1549533,4000,6,0.0,0.9511904761904761,0.0,0.0,83.33333333333334,91.66666666666666,91.66666666666666,0.27322405550942364,0.07510493061240804,0.8788416401895935,0.4754671346575642
NC_000907.1,NC_008611.1,20000,1,SAGE-GI/no-refine,6,8,6,100.0,69.164265129683,100.0,81.7717206132879,96.85577652622665,0.817463030777677,120000,53500,1528033,0,6,4300.0,0.6573426573426573,-4250.0,4350.0,0.0,0.0,75.0,0.27322405550942364,0.07510493061240804,0.8788416401895935,0.4754671346575642
NC_000907.1,NC_008611.1,40000,0,Comp-only,6,6,6,100.0,95.14759401536595,98.04166666666667,96.57295300636159,99.0831898186857,0.9605826433912389,235300,12000,1569533,4700,6,7850.0,0.8032627404026043,-8200.0,-950.0,8.333333333333332,41.66666666666667,41.66666666666667,0.27322405550942364,0.07510493061240804,0.8788416401895935,0.4754671346575642
NC_000907.1,NC_008611.1,40000,0,DNABERT-2-only,6,7,6,100.0,86.76470588235294,98.33333333333333,92.18749999999999,97.80404746990584,0.9115682226489351,236000,36000,1545533,4000,6,1000.0,0.9511904761904761,0.0,1000.0,66.66666666666666,83.33333333333334,83.33333333333334,0.27322405550942364,0.07510493061240804,0.8788416401895935,0.4754671346575642
NC_000907.1,NC_008611.1,40000,0,DNABERT-S-only,6,6,6,100.0,93.3852140077821,100.0,96.579476861167,99.06672017470999,0.9611524870300429,240000,17000,1564533,0,6,0.0,0.9878048780487805,0.0,500.0,83.33333333333334,91.66666666666666,91.66666666666666,0.27322405550942364,0.07510493061240804,0.8788416401895935,0.4754671346575642
NC_000907.1,NC_008611.1,40000,0,SAGE-GI,6,6,6,100.0,93.3852140077821,100.0,96.579476861167,99.06672017470999,0.9611524870300429,240000,17000,1564533,0,6,0.0,0.9878048780487805,0.0,500.0,83.33333333333334,91.66666666666666,91.66666666666666,0.27322405550942364,0.07510493061240804,0.8788416401895935,0.4754671346575642
NC_000907.1,NC_008611.1,40000,0,SAGE-GI/no-refine,6,7,6,100.0,89.46877912395153,100.0,94.44171175602557,98.449108525621,0.9373934637749712,240000,28250,1553283,0,6,4000.0,0.8316044260027663,-3750.0,4100.0,0.0,0.0,83.33333333333334,0.27322405550942364,0.07510493061240804,0.8788416401895935,0.4754671346575642
NC_000907.1,NC_008611.1,40000,1,Comp-only,6,7,6,100.0,88.11056418023476,96.95833333333333,92.32295179527871,97.8754159271339,0.9123377484871174,232700,31400,1550133,7300,6,5050.0,0.7950430369328898,-8300.0,-1250.0,16.666666666666664,50.0,50.0,0.27322405550942364,0.07510493061240804,0.8788416401895935,0.4754671346575642
NC_000907.1,NC_008611.1,40000,1,DNABERT-2-only,6,8,6,100.0,86.71586715867159,97.91666666666666,91.97651663405088,97.74914865665349,0.9089938715422815,235000,36000,1545533,5000,6,500.0,0.9384146341463415,0.0,0.0,66.66666666666666,83.33333333333334,83.33333333333334,0.27322405550942364,0.07510493061240804,0.8788416401895935,0.4754671346575642
NC_000907.1,NC_008611.1,40000,1,DNABERT-S-only,6,7,6,100.0,88.88888888888889,100.0,94.11764705882352,98.35303560242939,0.933824186592886,240000,30000,1551533,0,6,0.0,1.0,0.0,0.0,91.66666666666666,91.66666666666666,91.66666666666666,0.27322405550942364,0.07510493061240804,0.8788416401895935,0.4754671346575642
NC_000907.1,NC_008611.1,40000,1,SAGE-GI,6,7,6,100.0,88.56088560885608,100.0,93.9334637964775,98.29813678917702,0.9317992427441174,240000,31000,1550533,0,6,0.0,1.0,0.0,0.0,91.66666666666666,91.66666666666666,91.66666666666666,0.27322405550942364,0.07510493061240804,0.8788416401895935,0.4754671346575642
NC_000907.1,NC_008611.1,40000,1,SAGE-GI/no-refine,6,8,6,100.0,86.11410118406889,100.0,92.53903990746096,97.8754159271339,0.916552754915056,240000,38700,1542833,0,6,3800.0,0.8421052631578947,-3700.0,3900.0,0.0,0.0,91.66666666666666,0.27322405550942364,0.07510493061240804,0.8788416401895935,0.4754671346575642
NC_000907.1,NC_008611.1,80000,0,Comp-only,6,6,6,100.0,100.0,89.5,94.45910290237467,97.55521740374759,0.9313211902199707,429600,0,1581533,50400,6,5250.0,0.8723528843423091,-2100.0,-8150.0,0.0,33.33333333333333,50.0,0.27322405550942364,0.07510493061240804,0.8788416401895935,0.4754671346575642
NC_000907.1,NC_008611.1,80000,0,DNABERT-2-only,6,6,6,100.0,96.35627530364373,99.16666666666667,97.74127310061603,98.93283299369935,0.9706002956107254,476000,18000,1563533,4000,6,1000.0,0.975,-500.0,500.0,66.66666666666666,83.33333333333334,83.33333333333334,0.27322405550942364,0.07510493061240804,0.8788416401895935,0.4754671346575642
NC_000907.1,NC_008611.1,80000,0,DNABERT-S-only,6,6,6,100.0,100.0,100.0,100.0,100.0,1.0,480000,0,1581533,0,6,0.0,1.0,0.0,0.0,91.66666666666666,100.0,100.0,0.27322405550942364,0.07510493061240804,0.8788416401895935,0.4754671346575642
NC_000907.1,NC_008611.1,80000,0,SAGE-GI,6,6,6,100.0,100.0,100.0,100.0,100.0,1.0,480000,0,1581533,0,6,0.0,1.0,0.0,0.0,91.66666666666666,100.0,100.0,0.27322405550942364,0.07510493061240804,0.8788416401895935,0.4754671346575642
NC_000907.1,NC_008611.1,80000,0,SAGE-GI/no-refine,6,6,6,100.0,100.0,92.22916666666666,95.95751598569416,98.19066684840844,0.9492317300114622,442700,0,1581533,37300,6,3000.0,0.925,2800.0,-3250.0,0.0,8.333333333333332,100.0,0.27322405550942364,0.07510493061240804,0.8788416401895935,0.4754671346575642
NC_000907.1,NC_002516.2,5000,0,Comp-only,6,5,2,33.33333333333333,11.494252873563218,33.33333333333333,17.09401709401709,93.98088652233618,0.17024619059702098,10000,77000,1504533,20000,2,10300.0,0.17363277188604698,-10300.0,18100.0,0.0,0.0,25.0,0.28405447452649935,0.07948620383617731,0.9216855151568618,0.5068641162557095
NC_000907.1,NC_002516.2,5000,0,DNABERT-2-only,6,3,1,16.666666666666664,7.352941176470589,16.666666666666664,10.204081632653061,94.53936096871736,0.0852738428534155,5000,63000,1518533,25000,1,17500.0,0.125,0.0,35000.0,50.0,50.0,50.0,0.28405447452649935,0.07948620383617731,0.9216855151568618,0.5068641162557095
NC_000907.1,NC_002516.2,5000,0,DNABERT-S-only,6,1,1,16.666666666666664,22.727272727272727,16.666666666666664,19.23076923076923,97.39378591688784,0.18161377653062769,5000,17000,1564533,25000,1,19000.0,0.11627906976744186,-1000.0,37000.0,50.0,50.0,50.0,0.28405447452649935,0.07948620383617731,0.9216855151568618,0.5068641162557095
NC_000907.1,NC_002516.2,5000,0,SAGE-GI,6,2,1,16.666666666666664,7.936507936507936,16.666666666666664,10.75268817204301,94.84962455004025,0.09065473925859152,5000,58000,1523533,25000,1,20000.0,0.1111111111111111,-1000.0,39000.0,50.0,50.0,50.0,0.28405447452649935,0.07948620383617731,0.9216855151568618,0.5068641162557095
NC_000907.1,NC_002516.2,5000,0,SAGE-GI/no-refine,6,3,1,16.666666666666664,7.304601899196493,16.666666666666664,10.15744032503809,94.5114372463983,0.08481477073498514,5000,63450,1518083,25000,1,21600.0,0.1037344398340249,-4450.0,38750.0,0.0,0.0,50.0,0.28405447452649935,0.07948620383617731,0.9216855151568618,0.5068641162557095
NC_000907.1,NC_008611.1,80000,1,Comp-only,6,6,6,100.0,100.0,89.5625,94.49390042861853,97.56976968110624,0.931731960029791,429900,0,1581533,50100,6,5550.0,0.8710365853658537,-2000.0,-8400.0,0.0,33.33333333333333,50.0,0.27322405550942364,0.07510493061240804,0.8788416401895935,0.4754671346575642
NC_000907.1,NC_008611.1,80000,1,DNABERT-2-only,6,6,6,100.0,100.0,93.125,96.4401294498382,98.39924949054902,0.9550999205522341,447000,0,1581533,33000,6,4500.0,0.9143155694879832,1000.0,0.0,33.33333333333333,50.0,50.0,0.27322405550942364,0.07510493061240804,0.8788416401895935,0.4754671346575642
NC_000907.1,NC_008611.1,80000,1,DNABERT-S-only,6,6,6,100.0,100.0,100.0,100.0,100.0,1.0,480000,0,1581533,0,6,0.0,1.0,0.0,0.0,91.66666666666666,91.66666666666666,91.66666666666666,0.27322405550942364,0.07510493061240804,0.8788416401895935,0.4754671346575642
NC_000907.1,NC_008611.1,80000,1,SAGE-GI,6,6,6,100.0,100.0,100.0,100.0,100.0,1.0,480000,0,1581533,0,6,0.0,1.0,0.0,0.0,91.66666666666666,91.66666666666666,91.66666666666666,0.27322405550942364,0.07510493061240804,0.8788416401895935,0.4754671346575642
NC_000907.1,NC_008611.1,80000,1,SAGE-GI/no-refine,6,6,6,100.0,100.0,92.08333333333333,95.87852494577007,98.1567115345716,0.9482759675810766,442000,0,1581533,38000,6,3150.0,0.9175,2900.0,-3450.0,0.0,16.666666666666664,100.0,0.27322405550942364,0.07510493061240804,0.8788416401895935,0.4754671346575642
NC_000907.1,NC_002516.2,5000,1,Comp-only,6,7,2,33.33333333333333,8.309990662931838,29.666666666666668,12.983223924142962,92.59711094963615,0.1272917753664656,8900,98200,1483333,21100,2,8050.0,0.1993962753928143,-11450.0,5600.0,0.0,25.0,50.0,0.28405447452649935,0.07948620383617731,0.9216855151568618,0.5068641162557095
NC_000907.1,NC_002516.2,5000,1,DNABERT-2-only,6,3,1,16.666666666666664,9.090909090909092,16.666666666666664,11.764705882352942,95.34604628015686,0.10054015043989942,5000,50000,1531533,25000,1,5000.0,0.3333333333333333,-10000.0,0.0,50.0,50.0,50.0,0.28405447452649935,0.07948620383617731,0.9216855151568618,0.5068641162557095
NC_000907.1,NC_002516.2,5000,1,DNABERT-S-only,6,2,1,16.666666666666664,11.904761904761903,16.666666666666664,13.88888888888889,96.15273159159634,0.12154864749144119,5000,37000,1544533,25000,1,5000.0,0.3333333333333333,-10000.0,0.0,50.0,50.0,50.0,0.28405447452649935,0.07948620383617731,0.9216855151568618,0.5068641162557095
NC_000907.1,NC_002516.2,5000,1,SAGE-GI,6,4,1,16.666666666666664,7.042253521126761,16.666666666666664,9.900990099009901,94.35320281992364,0.08228472421259433,5000,66000,1515533,25000,1,5000.0,0.3333333333333333,-10000.0,0.0,50.0,50.0,50.0,0.28405447452649935,0.07948620383617731,0.9216855151568618,0.5068641162557095
NC_000907.1,NC_002516.2,5000,1,SAGE-GI/no-refine,6,7,2,33.33333333333333,8.17391304347826,23.5,12.129032258064514,93.66131503357363,0.11105384144360216,7050,79200,1502333,22950,2,8900.0,0.16581350636866138,-5150.0,8900.0,0.0,0.0,50.0,0.28405447452649935,0.07948620383617731,0.9216855151568618,0.5068641162557095
NC_000907.1,NC_002516.2,10000,0,Comp-only,6,6,3,50.0,29.82107355864811,50.0,37.359900373599,93.87158223441136,0.35626941704451837,30000,70600,1510933,30000,3,9550.0,0.41841004184100417,-11000.0,2800.0,0.0,16.666666666666664,33.33333333333333,0.28405447452649935,0.07948620383617731,0.9216855151568618,0.5068641162557095
NC_000907.1,NC_002516.2,10000,0,DNABERT-2-only,6,2,2,33.33333333333333,54.054054054054056,33.33333333333333,41.23711340206185,96.52763605727085,0.4078333628926062,20000,17000,1564533,40000,2,1000.0,0.5230496453900709,0.0,19500.0,50.0,75.0,75.0,0.28405447452649935,0.07948620383617731,0.9216855151568618,0.5068641162557095
NC_000907.1,NC_002516.2,10000,0,DNABERT-S-only,6,2,2,33.33333333333333,51.28205128205128,33.33333333333333,40.4040404040404,96.40579872594702,0.3959280551740148,20000,19000,1562533,40000,2,1500.0,0.48665620094191525,-500.0,20500.0,50.0,75.0,75.0,0.28405447452649935,0.07948620383617731,0.9216855151568618,0.5068641162557095
NC_000907.1,NC_002516.2,10000,0,SAGE-GI,6,4,3,50.0,35.294117647058826,50.0,41.37931034482759,94.82191341873724,0.3939924295895805,30000,55000,1526533,30000,3,500.0,0.7692307692307693,0.0,2000.0,66.66666666666666,83.33333333333334,83.33333333333334,0.28405447452649935,0.07948620383617731,0.9216855151568618,0.5068641162557095
NC_000907.1,NC_002516.2,10000,0,SAGE-GI/no-refine,6,5,3,50.0,32.62642740619902,50.0,39.486673247778874,94.39852869238693,0.3760723499979068,30000,61950,1519583,30000,3,5550.0,0.4608294930875576,-4450.0,7550.0,0.0,0.0,33.33333333333333,0.28405447452649935,0.07948620383617731,0.9216855151568618,0.5068641162557095
NC_000907.1,NC_002516.2,10000,1,Comp-only,6,7,3,50.0,18.82882882882883,34.833333333333336,24.444444444444443,92.1293083964806,0.2177543059899055,20900,90100,1491433,39100,3,9550.0,0.3079584775086505,-18900.0,-1100.0,0.0,16.666666666666664,16.666666666666664,0.28405447452649935,0.07948620383617731,0.9216855151568618,0.5068641162557095
NC_000907.1,NC_002516.2,10000,1,DNABERT-2-only,6,4,3,50.0,61.224489795918366,50.0,55.04587155963303,97.01498538256618,0.5381212707581037,30000,19000,1562533,30000,3,0.0,1.0,0.0,0.0,83.33333333333334,83.33333333333334,83.33333333333334,0.28405447452649935,0.07948620383617731,0.9216855151568618,0.5068641162557095
NC_000907.1,NC_002516.2,10000,1,DNABERT-S-only,6,4,3,50.0,48.38709677419355,50.0,49.18032786885246,96.22304272896129,0.4722635721248216,30000,32000,1549533,30000,3,0.0,1.0,0.0,0.0,83.33333333333334,83.33333333333334,83.33333333333334,0.28405447452649935,0.07948620383617731,0.9216855151568618,0.5068641162557095
NC_000907.1,NC_002516.2,10000,1,SAGE-GI,6,6,4,66.66666666666666,37.03703703703704,66.66666666666666,47.61904761904761,94.63915742175149,0.4720754899295933,40000,68000,1513533,20000,4,0.0,1.0,0.0,0.0,87.5,87.5,87.5,0.28405447452649935,0.07948620383617731,0.9216855151568618,0.5068641162557095
NC_000907.1,NC_002516.2,10000,1,SAGE-GI/no-refine,6,7,4,66.66666666666666,28.34123222748815,49.833333333333336,36.13293051359516,93.5608970395356,0.3447573393234115,29900,75600,1505933,30100,4,8250.0,0.32915406381110357,-11150.0,250.0,0.0,0.0,37.5,0.28405447452649935,0.07948620383617731,0.9216855151568618,0.5068641162557095
NC_000907.1,NC_002516.2,20000,0,Comp-only,6,8,6,100.0,72.73288093769278,98.25,83.58738036157392,97.2789243582111,0.8324490029482641,117900,44200,1537333,2100,6,8200.0,0.6609826041617292,-9050.0,-150.0,33.33333333333333,33.33333333333333,41.66666666666667,0.28405447452649935,0.07948620383617731,0.9216855151568618,0.5068641162557095
NC_000907.1,NC_002516.2,20000,0,DNABERT-2-only,6,6,6,100.0,88.88888888888889,100.0,94.11764705882352,99.11844201669906,0.938327368340803,120000,15000,1566533,0,6,0.0,1.0,0.0,0.0,83.33333333333334,83.33333333333334,91.66666666666666,0.28405447452649935,0.07948620383617731,0.9216855151568618,0.5068641162557095
NC_000907.1,NC_002516.2,20000,0,DNABERT-S-only,6,6,6,100.0,86.95652173913044,100.0,93.02325581395348,98.94213042003888,0.9271830351354623,120000,18000,1563533,0,6,0.0,0.9761904761904762,0.0,500.0,83.33333333333334,91.66666666666666,91.66666666666666,0.28405447452649935,0.07948620383617731,0.9216855151568618,0.5068641162557095
NC_000907.1,NC_002516.2,20000,0,SAGE-GI,6,6,6,100.0,86.95652173913044,100.0,93.02325581395348,98.94213042003888,0.9271830351354623,120000,18000,1563533,0,6,0.0,0.9109730848861284,0.0,1500.0,75.0,83.33333333333334,83.33333333333334,0.28405447452649935,0.07948620383617731,0.9216855151568618,0.5068641162557095
NC_000907.1,NC_002516.2,20000,0,SAGE-GI/no-refine,6,7,6,100.0,75.87733164717041,100.0,86.28437893223081,97.7579041958046,0.8605057009247963,120000,38150,1543383,0,6,4500.0,0.6523032466428693,-4300.0,6100.0,0.0,0.0,75.0,0.28405447452649935,0.07948620383617731,0.9216855151568618,0.5068641162557095
NC_000907.1,NC_002516.2,20000,1,Comp-only,6,8,6,100.0,68.41155234657039,94.75,79.45492662473794,96.54429270546031,0.7885037097332575,113700,52500,1529033,6300,6,8750.0,0.5656187624750499,-10950.0,-1100.0,8.333333333333332,41.66666666666667,41.66666666666667,0.28405447452649935,0.07948620383617731,0.9216855151568618,0.5068641162557095
NC_000907.1,NC_002516.2,20000,1,DNABERT-2-only,6,7,6,100.0,86.13138686131386,98.33333333333333,91.82879377431907,98.76581882337868,0.9139854658266333,118000,19000,1562533,2000,6,0.0,1.0,0.0,0.0,83.33333333333334,91.66666666666666,91.66666666666666,0.28405447452649935,0.07948620383617731,0.9216855151568618,0.5068641162557095
NC_000907.1,NC_002516.2,20000,1,DNABERT-S-only,6,7,6,100.0,80.0,100.0,88.8888888888889,98.23688403339813,0.8859034091362776,120000,30000,1551533,0,6,0.0,1.0,0.0,0.0,91.66666666666666,91.66666666666666,91.66666666666666,0.28405447452649935,0.07948620383617731,0.9216855151568618,0.5068641162557095
NC_000907.1,NC_002516.2,20000,1,SAGE-GI,6,7,6,100.0,80.0,100.0,88.8888888888889,98.23688403339813,0.8859034091362776,120000,30000,1551533,0,6,0.0,1.0,0.0,0.0,91.66666666666666,91.66666666666666,91.66666666666666,0.28405447452649935,0.07948620383617731,0.9216855151568618,0.5068641162557095
NC_000907.1,NC_002516.2,20000,1,SAGE-GI/no-refine,6,8,6,100.0,69.44444444444444,100.0,81.9672131147541,96.89691589878069,0.8193046978919302,120000,52800,1528733,0,6,4400.0,0.6557659023231313,-5250.0,4400.0,0.0,0.0,66.66666666666666,0.28405447452649935,0.07948620383617731,0.9216855151568618,0.5068641162557095
NC_000907.1,NC_002516.2,40000,0,Comp-only,6,6,6,100.0,95.24959742351047,98.58333333333333,96.88779688779688,99.16553803856422,0.9642515495586634,236600,11800,1569733,3400,6,8400.0,0.7956297678948223,-8750.0,-550.0,25.0,41.66666666666667,41.66666666666667,0.28405447452649935,0.07948620383617731,0.9216855151568618,0.5068641162557095
NC_000907.1,NC_002516.2,40000,0,DNABERT-2-only,6,7,6,100.0,85.05338078291815,99.58333333333333,91.74664107485604,97.63935103014877,0.9076197017299705,239000,42000,1539533,1000,6,1000.0,0.9017223910840932,-500.0,4000.0,66.66666666666666,75.0,75.0,0.28405447452649935,0.07948620383617731,0.9216855151568618,0.5068641162557095
NC_000907.1,NC_002516.2,40000,0,DNABERT-S-only,6,6,6,100.0,92.66409266409266,100.0,96.19238476953909,98.95692254820527,0.9568221242500078,240000,19000,1562533,0,6,0.0,0.9878048780487805,0.0,500.0,83.33333333333334,91.66666666666666,91.66666666666666,0.28405447452649935,0.07948620383617731,0.9216855151568618,0.5068641162557095
NC_000907.1,NC_002516.2,40000,0,SAGE-GI,6,6,6,100.0,92.66409266409266,100.0,96.19238476953909,98.95692254820527,0.9568221242500078,240000,19000,1562533,0,6,0.0,0.9878048780487805,0.0,500.0,83.33333333333334,91.66666666666666,91.66666666666666,0.28405447452649935,0.07948620383617731,0.9216855151568618,0.5068641162557095
NC_000907.1,NC_002516.2,40000,0,SAGE-GI/no-refine,6,7,6,100.0,89.60238939705059,100.0,94.51609727281678,98.47106805092194,0.9382139224336553,240000,27850,1553683,0,6,4100.0,0.8273088933567181,-3950.0,4300.0,0.0,0.0,83.33333333333334,0.28405447452649935,0.07948620383617731,0.9216855151568618,0.5068641162557095
NC_000907.1,NC_002516.2,40000,1,Comp-only,6,8,6,100.0,82.34463276836158,97.16666666666667,89.14373088685015,96.88174740726629,0.8774547299212798,233200,50000,1531533,6800,6,5000.0,0.7881527114240214,-8850.0,-1350.0,16.666666666666664,50.0,50.0,0.28405447452649935,0.07948620383617731,0.9216855151568618,0.5068641162557095
NC_000907.1,NC_002516.2,40000,1,DNABERT-2-only,6,8,6,100.0,86.18181818181819,98.75,92.03883495145631,97.74914865665349,0.910202893172394,237000,38000,1543533,3000,6,0.0,0.9753048780487805,0.0,-500.0,91.66666666666666,91.66666666666666,91.66666666666666,0.28405447452649935,0.07948620383617731,0.9216855151568618,0.5068641162557095
NC_000907.1,NC_002516.2,40000,1,DNABERT-S-only,6,7,6,100.0,84.80565371024736,100.0,91.77820267686425,97.63935103014877,0.9082944947414924,240000,43000,1538533,0,6,0.0,1.0,0.0,0.0,91.66666666666666,91.66666666666666,91.66666666666666,0.28405447452649935,0.07948620383617731,0.9216855151568618,0.5068641162557095
NC_000907.1,NC_002516.2,40000,1,SAGE-GI,6,7,6,100.0,86.64259927797833,100.0,92.84332688588009,97.9687439096629,0.9198673476374614,240000,37000,1544533,0,6,0.0,1.0,0.0,0.0,91.66666666666666,91.66666666666666,91.66666666666666,0.28405447452649935,0.07948620383617731,0.9216855151568618,0.5068641162557095
NC_000907.1,NC_002516.2,40000,1,SAGE-GI/no-refine,6,8,6,100.0,85.99068434252956,100.0,92.46773261413986,97.85345640183296,0.9157769909877824,240000,39100,1542433,0,6,3950.0,0.8333369502471799,-3950.0,4000.0,0.0,0.0,91.66666666666666,0.28405447452649935,0.07948620383617731,0.9216855151568618,0.5068641162557095
NC_000907.1,NC_002516.2,80000,0,Comp-only,6,6,6,100.0,100.0,90.97916666666667,95.27653539871278,97.89962130123554,0.9410349230049052,436700,0,1581533,43300,6,4600.0,0.8870807765070021,-2800.0,-6750.0,0.0,16.666666666666664,50.0,0.28405447452649935,0.07948620383617731,0.9216855151568618,0.5068641162557095
NC_000907.1,NC_002516.2,80000,0,DNABERT-2-only,6,6,6,100.0,100.0,98.95833333333334,99.47643979057591,99.75746204402259,0.9932092607949073,475000,0,1581533,5000,6,1000.0,0.9814814814814814,0.0,0.0,66.66666666666666,91.66666666666666,91.66666666666666,0.28405447452649935,0.07948620383617731,0.9216855151568618,0.5068641162557095
NC_000907.1,NC_002516.2,80000,0,DNABERT-S-only,6,6,6,100.0,100.0,100.0,100.0,100.0,1.0,480000,0,1581533,0,6,0.0,1.0,0.0,0.0,91.66666666666666,100.0,100.0,0.28405447452649935,0.07948620383617731,0.9216855151568618,0.5068641162557095
NC_000907.1,NC_002516.2,80000,0,SAGE-GI,6,6,6,100.0,100.0,100.0,100.0,100.0,1.0,480000,0,1581533,0,6,0.0,1.0,0.0,0.0,91.66666666666666,100.0,100.0,0.28405447452649935,0.07948620383617731,0.9216855151568618,0.5068641162557095
NC_000907.1,NC_002516.2,80000,0,SAGE-GI/no-refine,6,6,6,100.0,100.0,94.125,96.97359948486799,98.63208592828735,0.9616448277655519,451800,0,1581533,28200,6,1800.0,0.9525,2000.0,-1500.0,0.0,83.33333333333334,91.66666666666666,0.28405447452649935,0.07948620383617731,0.9216855151568618,0.5068641162557095
NC_000907.1,NC_002516.2,80000,1,Comp-only,6,6,6,100.0,100.0,90.20833333333333,94.85213581599123,97.72014321381225,0.935974845032051,433000,0,1581533,47000,6,4900.0,0.8838488800538137,-3500.0,-6200.0,0.0,0.0,50.0,0.28405447452649935,0.07948620383617731,0.9216855151568618,0.5068641162557095
NC_000907.1,NC_002516.2,80000,1,DNABERT-2-only,6,6,6,100.0,100.0,99.16666666666667,99.581589958159,99.80596963521806,0.9945676845494217,476000,0,1581533,4000,6,0.0,0.9938271604938271,0.0,0.0,91.66666666666666,100.0,100.0,0.28405447452649935,0.07948620383617731,0.9216855151568618,0.5068641162557095
NC_000907.1,NC_002516.2,80000,1,DNABERT-S-only,6,6,6,100.0,100.0,100.0,100.0,100.0,1.0,480000,0,1581533,0,6,0.0,1.0,0.0,0.0,91.66666666666666,91.66666666666666,91.66666666666666,0.28405447452649935,0.07948620383617731,0.9216855151568618,0.5068641162557095
NC_000907.1,NC_002516.2,80000,1,SAGE-GI,6,6,6,100.0,100.0,100.0,100.0,100.0,1.0,480000,0,1581533,0,6,0.0,1.0,0.0,0.0,91.66666666666666,91.66666666666666,91.66666666666666,0.28405447452649935,0.07948620383617731,0.9216855151568618,0.5068641162557095
NC_000907.1,NC_002516.2,80000,1,SAGE-GI/no-refine,6,6,6,100.0,100.0,94.39583333333333,97.1171364269639,98.69514579684147,0.9634164425076199,453100,0,1581533,26900,6,1750.0,0.965625,1800.0,-1350.0,41.66666666666667,91.66666666666666,91.66666666666666,0.28405447452649935,0.07948620383617731,0.9216855151568618,0.5068641162557095
NC_000907.1,NC_008595.1,5000,0,Comp-only,6,6,3,50.0,16.447368421052634,50.0,24.752475247524757,94.34079227667073,0.2643001258032313,15000,76200,1505333,15000,3,10350.0,0.24154589371980675,-12500.0,3200.0,0.0,16.666666666666664,33.33333333333333,0.3083781068449274,0.08579497692719948,0.9899641982958707,0.5546767773666381
NC_000907.1,NC_008595.1,5000,0,DNABERT-2-only,6,2,1,16.666666666666664,9.433962264150944,16.666666666666664,12.048192771084338,95.47015171268599,0.10331225109084459,5000,48000,1533533,25000,1,18500.0,0.11904761904761904,0.0,37000.0,50.0,50.0,50.0,0.3083781068449274,0.08579497692719948,0.9899641982958707,0.5546767773666381
NC_000907.1,NC_008595.1,5000,0,DNABERT-S-only,6,2,1,16.666666666666664,14.285714285714285,16.666666666666664,15.384615384615383,96.58710060544836,0.13695819405356502,5000,30000,1551533,25000,1,19500.0,0.11363636363636363,-1000.0,38000.0,50.0,50.0,50.0,0.3083781068449274,0.08579497692719948,0.9899641982958707,0.5546767773666381
NC_000907.1,NC_008595.1,5000,0,SAGE-GI,6,1,1,16.666666666666664,21.73913043478261,16.666666666666664,18.867924528301884,97.33173320062326,0.1769571339026905,5000,18000,1563533,25000,1,19500.0,0.11363636363636363,-1000.0,38000.0,50.0,50.0,50.0,0.3083781068449274,0.08579497692719948,0.9899641982958707,0.5546767773666381
NC_000907.1,NC_008595.1,5000,0,SAGE-GI/no-refine,6,3,1,16.666666666666664,7.57002271006813,16.666666666666664,10.41124414367517,94.66036376543329,0.08730945456741313,5000,61050,1520483,25000,1,21550.0,0.10395010395010396,-4450.0,38650.0,0.0,0.0,50.0,0.3083781068449274,0.08579497692719948,0.9899641982958707,0.5546767773666381
NC_000907.1,NC_008595.1,5000,1,Comp-only,6,8,2,33.33333333333333,7.59493670886076,30.0,12.121212121212121,91.9021205274729,0.11950133817672486,9000,109500,1472033,21000,2,8600.0,0.19664622605799076,-11350.0,6150.0,25.0,25.0,50.0,0.3083781068449274,0.08579497692719948,0.9899641982958707,0.5546767773666381
NC_000907.1,NC_008595.1,5000,1,DNABERT-2-only,6,3,1,16.666666666666664,9.090909090909092,16.666666666666664,11.764705882352942,95.34604628015686,0.10054015043989942,5000,50000,1531533,25000,1,5000.0,0.3333333333333333,-10000.0,0.0,50.0,50.0,50.0,0.3083781068449274,0.08579497692719948,0.9899641982958707,0.5546767773666381
NC_000907.1,NC_008595.1,5000,1,DNABERT-S-only,6,2,1,16.666666666666664,14.285714285714285,16.666666666666664,15.384615384615383,96.58710060544836,0.13695819405356502,5000,30000,1551533,25000,1,5000.0,0.3333333333333333,-10000.0,0.0,50.0,50.0,50.0,0.3083781068449274,0.08579497692719948,0.9899641982958707,0.5546767773666381
NC_000907.1,NC_008595.1,5000,1,SAGE-GI,6,4,1,16.666666666666664,6.756756756756757,16.666666666666664,9.615384615384615,94.1670446711299,0.07945318837968071,5000,69000,1512533,25000,1,5000.0,0.3333333333333333,-10000.0,0.0,50.0,50.0,50.0,0.3083781068449274,0.08579497692719948,0.9899641982958707,0.5546767773666381
NC_000907.1,NC_008595.1,5000,1,SAGE-GI/no-refine,6,7,2,33.33333333333333,8.298999411418482,23.5,12.266202696824704,93.74198356471757,0.11234988500878378,7050,77900,1503633,22950,2,8800.0,0.16643582640812557,-5150.0,8800.0,0.0,0.0,50.0,0.3083781068449274,0.08579497692719948,0.9899641982958707,0.5546767773666381
NC_000907.1,NC_008595.1,10000,0,Comp-only,6,6,3,50.0,29.527559055118108,50.0,37.12871287128713,93.81066356874945,0.35413445120147957,30000,71600,1509933,30000,3,10150.0,0.4098360655737705,-11900.0,2500.0,0.0,33.33333333333333,33.33333333333333,0.3083781068449274,0.08579497692719948,0.9899641982958707,0.5546767773666381
NC_000907.1,NC_008595.1,10000,0,DNABERT-2-only,6,2,2,33.33333333333333,54.054054054054056,33.33333333333333,41.23711340206185,96.52763605727085,0.4078333628926062,20000,17000,1564533,40000,2,0.0,0.6063829787234043,0.0,18500.0,75.0,75.0,75.0,0.3083781068449274,0.08579497692719948,0.9899641982958707,0.5546767773666381
NC_000907.1,NC_008595.1,10000,0,DNABERT-S-only,6,2,2,33.33333333333333,52.63157894736842,33.33333333333333,40.81632653061224,96.46671739160894,0.40176776892611754,20000,18000,1563533,40000,2,1500.0,0.4887820512820513,-500.0,20000.0,50.0,75.0,75.0,0.3083781068449274,0.08579497692719948,0.9899641982958707,0.5546767773666381
NC_000907.1,NC_008595.1,10000,0,SAGE-GI,6,3,3,50.0,62.5,50.0,55.55555555555556,97.0759040482281,0.5442314478340455,30000,18000,1563533,30000,3,500.0,0.7692307692307693,0.0,2000.0,66.66666666666666,83.33333333333334,83.33333333333334,0.3083781068449274,0.08579497692719948,0.9899641982958707,0.5546767773666381
NC_000907.1,NC_008595.1,10000,0,SAGE-GI/no-refine,6,5,3,50.0,33.3889816360601,50.0,40.04004004004004,94.52645789027694,0.38127973242477825,30000,59850,1521683,30000,3,5600.0,0.45454545454545453,-4450.0,7550.0,0.0,0.0,50.0,0.3083781068449274,0.08579497692719948,0.9899641982958707,0.5546767773666381
NC_000907.1,NC_008595.1,10000,1,Comp-only,6,7,3,50.0,17.73177317731773,32.83333333333333,23.02746931618936,91.97701173232582,0.20210829789986104,19700,91400,1490133,40300,3,10600.0,0.32167832167832167,-17800.0,-800.0,16.666666666666664,16.666666666666664,16.666666666666664,0.3083781068449274,0.08579497692719948,0.9899641982958707,0.5546767773666381
NC_000907.1,NC_008595.1,10000,1,DNABERT-2-only,6,4,3,50.0,61.224489795918366,50.0,55.04587155963303,97.01498538256618,0.5381212707581037,30000,19000,1562533,30000,3,0.0,1.0,0.0,0.0,83.33333333333334,83.33333333333334,83.33333333333334,0.3083781068449274,0.08579497692719948,0.9899641982958707,0.5546767773666381
NC_000907.1,NC_008595.1,10000,1,DNABERT-S-only,6,4,3,50.0,50.0,50.0,50.0,96.3448800602851,0.4810310628990985,30000,30000,1551533,30000,3,0.0,1.0,0.0,0.0,83.33333333333334,83.33333333333334,83.33333333333334,0.3083781068449274,0.08579497692719948,0.9899641982958707,0.5546767773666381
NC_000907.1,NC_008595.1,10000,1,SAGE-GI,6,5,4,66.66666666666666,57.14285714285714,66.66666666666666,61.53846153846153,96.95406671690426,0.6015564067076152,40000,30000,1551533,20000,4,0.0,1.0,0.0,0.0,87.5,87.5,87.5,0.3083781068449274,0.08579497692719948,0.9899641982958707,0.5546767773666381
NC_000907.1,NC_008595.1,10000,1,SAGE-GI/no-refine,6,6,4,66.66666666666666,34.61538461538461,48.0,40.22346368715084,94.7853622193401,0.3812159451625313,28800,54400,1527133,31200,4,7950.0,0.3058218708586574,-10900.0,-250.0,0.0,0.0,25.0,0.3083781068449274,0.08579497692719948,0.9899641982958707,0.5546767773666381
NC_000907.1,NC_008595.1,20000,0,Comp-only,6,7,6,100.0,78.125,97.91666666666666,86.90828402366864,97.91952315940978,0.8643941848832296,117500,32900,1548633,2500,6,8800.0,0.651791178270489,-9150.0,-250.0,25.0,41.66666666666667,41.66666666666667,0.3083781068449274,0.08579497692719948,0.9899641982958707,0.5546767773666381
NC_000907.1,NC_008595.1,20000,0,DNABERT-2-only,6,6,6,100.0,88.80597014925374,99.16666666666667,93.7007874015748,99.059671484479,0.9336004773710989,119000,15000,1566533,1000,6,0.0,0.9295454545454545,0.0,1000.0,75.0,83.33333333333334,91.66666666666666,0.3083781068449274,0.08579497692719948,0.9899641982958707,0.5546767773666381
NC_000907.1,NC_008595.1,20000,0,DNABERT-S-only,6,6,6,100.0,86.95652173913044,100.0,93.02325581395348,98.94213042003888,0.9271830351354623,120000,18000,1563533,0,6,0.0,0.9109730848861284,0.0,1500.0,75.0,83.33333333333334,83.33333333333334,0.3083781068449274,0.08579497692719948,0.9899641982958707,0.5546767773666381
NC_000907.1,NC_008595.1,20000,0,SAGE-GI,6,6,6,100.0,86.95652173913044,100.0,93.02325581395348,98.94213042003888,0.9271830351354623,120000,18000,1563533,0,6,0.0,0.9109730848861284,0.0,1500.0,75.0,83.33333333333334,83.33333333333334,0.3083781068449274,0.08579497692719948,0.9899641982958707,0.5546767773666381
NC_000907.1,NC_008595.1,20000,0,SAGE-GI/no-refine,6,7,6,100.0,75.78149668455953,100.0,86.2223818932998,97.7461500893606,0.859906388046311,120000,38350,1543183,0,6,4450.0,0.6510278830478691,-4300.0,6150.0,0.0,0.0,75.0,0.3083781068449274,0.08579497692719948,0.9899641982958707,0.5546767773666381
NC_000907.1,NC_008595.1,20000,1,Comp-only,6,8,6,100.0,68.68686868686868,96.33333333333334,80.19424210891431,96.64420261023442,0.7975755089167557,115600,52700,1528833,4400,6,9050.0,0.5840982491925888,-10500.0,-850.0,25.0,41.66666666666667,41.66666666666667,0.3083781068449274,0.08579497692719948,0.9899641982958707,0.5546767773666381
NC_000907.1,NC_008595.1,20000,1,DNABERT-2-only,6,7,6,100.0,86.23188405797102,99.16666666666667,92.24806201550388,98.82458935559875,0.9187745539834647,119000,19000,1562533,1000,6,0.0,0.9761904761904762,0.0,0.0,91.66666666666666,91.66666666666666,91.66666666666666,0.3083781068449274,0.08579497692719948,0.9899641982958707,0.5546767773666381
NC_000907.1,NC_008595.1,20000,1,DNABERT-S-only,6,7,6,100.0,79.47019867549669,100.0,88.56088560885608,98.17811350117806,0.8826804893925246,120000,31000,1550533,0,6,0.0,1.0,0.0,0.0,91.66666666666666,91.66666666666666,91.66666666666666,0.3083781068449274,0.08579497692719948,0.9899641982958707,0.5546767773666381
NC_000907.1,NC_008595.1,20000,1,SAGE-GI,6,7,6,100.0,79.47019867549669,100.0,88.56088560885608,98.17811350117806,0.8826804893925246,120000,31000,1550533,0,6,0.0,1.0,0.0,0.0,91.66666666666666,91.66666666666666,91.66666666666666,0.3083781068449274,0.08579497692719948,0.9899641982958707,0.5546767773666381
NC_000907.1,NC_008595.1,20000,1,SAGE-GI/no-refine,6,8,6,100.0,69.28406466512702,100.0,81.85538881309687,96.87340768589266,0.8182510011217631,120000,53200,1528333,0,6,4450.0,0.6655095791370484,-4450.0,4500.0,0.0,0.0,75.0,0.3083781068449274,0.08579497692719948,0.9899641982958707,0.5546767773666381
NC_000907.1,NC_008595.1,40000,0,Comp-only,6,6,6,100.0,95.09251810136766,98.5,96.76627097830536,99.13259875061281,0.9628546628558033,236400,12200,1569333,3600,6,8500.0,0.7914558927019083,-9050.0,-700.0,25.0,41.66666666666667,41.66666666666667,0.3083781068449274,0.08579497692719948,0.9899641982958707,0.5546767773666381
NC_000907.1,NC_008595.1,40000,0,DNABERT-2-only,6,7,6,100.0,88.52821836960531,100.0,93.91508511054589,98.29264690785179,0.9315973289793581,240000,31100,1550433,0,6,0.0,0.975609756097561,0.0,500.0,83.33333333333334,83.33333333333334,83.33333333333334,0.3083781068449274,0.08579497692719948,0.9899641982958707,0.5546767773666381
NC_000907.1,NC_008595.1,40000,0,DNABERT-S-only,6,6,6,100.0,92.66409266409266,100.0,96.19238476953909,98.95692254820527,0.9568221242500078,240000,19000,1562533,0,6,0.0,0.9878048780487805,0.0,500.0,83.33333333333334,91.66666666666666,91.66666666666666,0.3083781068449274,0.08579497692719948,0.9899641982958707,0.5546767773666381
NC_000907.1,NC_008595.1,40000,0,SAGE-GI,6,6,6,100.0,92.66409266409266,100.0,96.19238476953909,98.95692254820527,0.9568221242500078,240000,19000,1562533,0,6,0.0,0.9878048780487805,0.0,500.0,83.33333333333334,91.66666666666666,91.66666666666666,0.3083781068449274,0.08579497692719948,0.9899641982958707,0.5546767773666381
NC_000907.1,NC_008595.1,40000,0,SAGE-GI/no-refine,6,7,6,100.0,89.6358543417367,100.0,94.53471196454949,98.47655793224718,0.93841930779885,240000,27750,1553783,0,6,4050.0,0.827301815444108,-3950.0,4150.0,0.0,0.0,83.33333333333334,0.3083781068449274,0.08579497692719948,0.9899641982958707,0.5546767773666381
NC_000907.1,NC_008595.1,40000,1,Comp-only,6,7,6,100.0,88.33081570996978,97.45833333333334,92.67036450079239,97.9687439096629,0.9164371333332257,233900,30900,1550633,6100,6,5150.0,0.7971311475409836,-8650.0,-1050.0,25.0,50.0,50.0,0.3083781068449274,0.08579497692719948,0.9899641982958707,0.5546767773666381
NC_000907.1,NC_008595.1,40000,1,DNABERT-2-only,6,8,6,100.0,84.53237410071942,97.91666666666666,90.73359073359073,97.36485696388701,0.8953467041985783,235000,43000,1538533,5000,6,500.0,0.875531914893617,0.0,0.0,66.66666666666666,66.66666666666666,75.0,0.3083781068449274,0.08579497692719948,0.9899641982958707,0.5546767773666381
NC_000907.1,NC_008595.1,40000,1,DNABERT-S-only,6,7,6,100.0,88.56088560885608,100.0,93.9334637964775,98.29813678917702,0.9317992427441174,240000,31000,1550533,0,6,0.0,1.0,0.0,0.0,91.66666666666666,91.66666666666666,91.66666666666666,0.3083781068449274,0.08579497692719948,0.9899641982958707,0.5546767773666381
NC_000907.1,NC_008595.1,40000,1,SAGE-GI,6,7,6,100.0,88.56088560885608,100.0,93.9334637964775,98.29813678917702,0.9317992427441174,240000,31000,1550533,0,6,0.0,1.0,0.0,0.0,91.66666666666666,91.66666666666666,91.66666666666666,0.3083781068449274,0.08579497692719948,0.9899641982958707,0.5546767773666381
NC_000907.1,NC_008595.1,40000,1,SAGE-GI/no-refine,6,8,6,100.0,86.20689655172413,100.0,92.5925925925926,97.89188557110961,0.9171356086088445,240000,38400,1543133,0,6,4050.0,0.8359538784067087,-3850.0,4100.0,0.0,0.0,91.66666666666666,0.3083781068449274,0.08579497692719948,0.9899641982958707,0.5546767773666381
NC_000907.1,NC_008595.1,80000,0,Comp-only,6,6,5,83.33333333333334,91.44736842105263,49.22916666666667,64.0032502708559,87.10668226024032,0.6105429637943247,236300,22100,1559433,243700,5,18500.0,0.5424757281553398,2400.0,-8300.0,0.0,20.0,40.0,0.3083781068449274,0.08579497692719948,0.9899641982958707,0.5546767773666381
NC_000907.1,NC_008595.1,80000,0,DNABERT-2-only,6,6,6,100.0,100.0,99.16666666666667,99.581589958159,99.80596963521806,0.9945676845494217,476000,0,1581533,4000,6,1000.0,0.9875,0.0,0.0,75.0,91.66666666666666,91.66666666666666,0.3083781068449274,0.08579497692719948,0.9899641982958707,0.5546767773666381
NC_000907.1,NC_008595.1,80000,0,DNABERT-S-only,6,6,6,100.0,100.0,100.0,100.0,100.0,1.0,480000,0,1581533,0,6,0.0,1.0,0.0,0.0,91.66666666666666,100.0,100.0,0.3083781068449274,0.08579497692719948,0.9899641982958707,0.5546767773666381
NC_000907.1,NC_008595.1,80000,0,SAGE-GI,6,6,6,100.0,100.0,100.0,100.0,100.0,1.0,480000,0,1581533,0,6,0.0,1.0,0.0,0.0,91.66666666666666,100.0,100.0,0.3083781068449274,0.08579497692719948,0.9899641982958707,0.5546767773666381
NC_000907.1,NC_008595.1,80000,0,SAGE-GI/no-refine,6,6,6,100.0,100.0,92.02083333333333,95.84463491374635,98.14215925721295,0.9478663132033114,441700,0,1581533,38300,6,3050.0,0.919375,3250.0,-3000.0,0.0,0.0,100.0,0.3083781068449274,0.08579497692719948,0.9899641982958707,0.5546767773666381
NC_000907.1,NC_008595.1,80000,1,Comp-only,6,6,6,100.0,100.0,90.125,94.80604865220249,97.70074017733405,0.935427551472983,432600,0,1581533,47400,6,4600.0,0.8820140586797065,-2050.0,-7950.0,16.666666666666664,33.33333333333333,50.0,0.3083781068449274,0.08579497692719948,0.9899641982958707,0.5546767773666381
NC_000907.1,NC_008595.1,80000,1,DNABERT-2-only,6,6,6,100.0,100.0,99.16666666666667,99.581589958159,99.80596963521806,0.9945676845494217,476000,0,1581533,4000,6,0.0,0.9875,500.0,0.0,100.0,100.0,100.0,0.3083781068449274,0.08579497692719948,0.9899641982958707,0.5546767773666381
NC_000907.1,NC_008595.1,80000,1,DNABERT-S-only,6,6,6,100.0,100.0,100.0,100.0,100.0,1.0,480000,0,1581533,0,6,0.0,1.0,0.0,0.0,91.66666666666666,91.66666666666666,91.66666666666666,0.3083781068449274,0.08579497692719948,0.9899641982958707,0.5546767773666381
NC_000907.1,NC_008595.1,80000,1,SAGE-GI,6,6,6,100.0,100.0,100.0,100.0,100.0,1.0,480000,0,1581533,0,6,0.0,1.0,0.0,0.0,91.66666666666666,91.66666666666666,91.66666666666666,0.3083781068449274,0.08579497692719948,0.9899641982958707,0.5546767773666381
NC_000907.1,NC_008595.1,80000,1,SAGE-GI/no-refine,6,6,6,100.0,100.0,92.89583333333333,96.3170968787126,98.34589114023399,0.9535992240269928,445900,0,1581533,34100,6,2750.0,0.9293750000000001,2700.0,-2750.0,0.0,33.33333333333333,100.0,0.3083781068449274,0.08579497692719948,0.9899641982958707,0.5546767773666381
NC_000907.1,NC_008543.1,5000,0,Comp-only,6,5,2,33.33333333333333,11.507479861910241,33.33333333333333,17.10863986313088,93.98709179396263,0.17037636924212643,10000,76900,1504633,20000,2,10750.0,0.17223910840932116,-10750.0,18250.0,0.0,0.0,25.0,0.2872863120139748,0.08709991744643782,0.9602502687795097,0.5445081118637416
NC_000907.1,NC_008543.1,5000,0,DNABERT-2-only,6,2,1,16.666666666666664,9.433962264150944,16.666666666666664,12.048192771084338,95.47015171268599,0.10331225109084459,5000,48000,1533533,25000,1,18500.0,0.11904761904761904,0.0,37000.0,50.0,50.0,50.0,0.2872863120139748,0.08709991744643782,0.9602502687795097,0.5445081118637416
NC_000907.1,NC_008543.1,5000,0,DNABERT-S-only,6,1,1,16.666666666666664,21.73913043478261,16.666666666666664,18.867924528301884,97.33173320062326,0.1769571339026905,5000,18000,1563533,25000,1,19500.0,0.11363636363636363,-1000.0,38000.0,50.0,50.0,50.0,0.2872863120139748,0.08709991744643782,0.9602502687795097,0.5445081118637416
NC_000907.1,NC_008543.1,5000,0,SAGE-GI,6,2,1,16.666666666666664,8.064516129032258,16.666666666666664,10.869565217391303,94.91167726630482,0.0917977595291514,5000,57000,1524533,25000,1,19500.0,0.11363636363636363,-1000.0,38000.0,50.0,50.0,50.0,0.2872863120139748,0.08709991744643782,0.9602502687795097,0.5445081118637416
NC_000907.1,NC_008543.1,5000,0,SAGE-GI/no-refine,6,3,1,16.666666666666664,7.479431563201197,16.666666666666664,10.325245224574084,94.61072159242163,0.08646505337572122,5000,61850,1519683,25000,1,21600.0,0.1037344398340249,-4550.0,38650.0,0.0,0.0,50.0,0.2872863120139748,0.08709991744643782,0.9602502687795097,0.5445081118637416
NC_000907.1,NC_008543.1,5000,1,Comp-only,6,7,2,33.33333333333333,8.590102707749766,30.666666666666664,13.420860685630926,92.6343425793949,0.13282119487425217,9200,97900,1483633,20800,2,8350.0,0.2030734820585003,-11600.0,5800.0,25.0,25.0,50.0,0.2872863120139748,0.08709991744643782,0.9602502687795097,0.5445081118637416
NC_000907.1,NC_008543.1,5000,1,DNABERT-2-only,6,3,1,16.666666666666664,7.575757575757576,16.666666666666664,10.416666666666666,94.66346640124651,0.08736266880651215,5000,61000,1520533,25000,1,5000.0,0.3333333333333333,-10000.0,0.0,50.0,50.0,50.0,0.2872863120139748,0.08709991744643782,0.9602502687795097,0.5445081118637416
NC_000907.1,NC_008543.1,5000,1,DNABERT-S-only,6,2,1,16.666666666666664,11.904761904761903,16.666666666666664,13.88888888888889,96.15273159159634,0.12154864749144119,5000,37000,1544533,25000,1,5000.0,0.3333333333333333,-10000.0,0.0,50.0,50.0,50.0,0.2872863120139748,0.08709991744643782,0.9602502687795097,0.5445081118637416
NC_000907.1,NC_008543.1,5000,1,SAGE-GI,6,3,1,16.666666666666664,10.615711252653929,16.666666666666664,12.97016861219196,95.836262738647,0.11237880148337503,5000,42100,1539433,25000,1,5000.0,0.3333333333333333,-10000.0,0.0,50.0,50.0,50.0,0.2872863120139748,0.08709991744643782,0.9602502687795097,0.5445081118637416
NC_000907.1,NC_008543.1,5000,1,SAGE-GI/no-refine,6,6,2,33.33333333333333,8.978752570253597,21.833333333333332,12.724623603691112,94.42456344362789,0.11465659375705453,6550,66400,1515133,23450,2,8450.0,0.15409784190873996,-4900.0,8450.0,0.0,0.0,50.0,0.2872863120139748,0.08709991744643782,0.9602502687795097,0.5445081118637416
NC_000907.1,NC_008543.1,10000,0,Comp-only,6,5,3,50.0,34.72222222222222,50.0,40.98360655737705,94.73662728681056,0.3902192711460339,30000,56400,1525133,30000,3,10150.0,0.4032258064516129,-11100.0,2600.0,0.0,0.0,33.33333333333333,0.2872863120139748,0.08709991744643782,0.9602502687795097,0.5445081118637416
NC_000907.1,NC_008543.1,10000,0,DNABERT-2-only,6,2,2,33.33333333333333,54.054054054054056,33.33333333333333,41.23711340206185,96.52763605727085,0.4078333628926062,20000,17000,1564533,40000,2,1000.0,0.5230496453900709,0.0,19500.0,50.0,75.0,75.0,0.2872863120139748,0.08709991744643782,0.9602502687795097,0.5445081118637416
NC_000907.1,NC_008543.1,10000,0,DNABERT-S-only,6,2,2,33.33333333333333,52.63157894736842,33.33333333333333,40.81632653061224,96.46671739160894,0.40176776892611754,20000,18000,1563533,40000,2,1500.0,0.4887820512820513,-500.0,20000.0,50.0,75.0,75.0,0.2872863120139748,0.08709991744643782,0.9602502687795097,0.5445081118637416
NC_000907.1,NC_008543.1,10000,0,SAGE-GI,6,3,3,50.0,62.5,50.0,55.55555555555556,97.0759040482281,0.5442314478340455,30000,18000,1563533,30000,3,500.0,0.7692307692307693,0.0,2000.0,66.66666666666666,83.33333333333334,83.33333333333334,0.2872863120139748,0.08709991744643782,0.9602502687795097,0.5445081118637416
NC_000907.1,NC_008543.1,10000,0,SAGE-GI/no-refine,6,4,3,50.0,43.69992716678806,50.0,46.63816556548775,95.81793360230955,0.44581341465269847,30000,38650,1542883,30000,3,6050.0,0.45045045045045046,-4550.0,7650.0,0.0,0.0,50.0,0.2872863120139748,0.08709991744643782,0.9602502687795097,0.5445081118637416
NC_000907.1,NC_008543.1,10000,1,Comp-only,6,6,3,50.0,21.981424148606813,35.5,27.151051625239003,93.03699651484314,0.24460142844646388,21300,75600,1505933,38700,3,10050.0,0.32081911262798635,-18400.0,-600.0,16.666666666666664,16.666666666666664,16.666666666666664,0.2872863120139748,0.08709991744643782,0.9602502687795097,0.5445081118637416
NC_000907.1,NC_008543.1,10000,1,DNABERT-2-only,6,4,3,50.0,61.224489795918366,50.0,55.04587155963303,97.01498538256618,0.5381212707581037,30000,19000,1562533,30000,3,0.0,1.0,0.0,0.0,83.33333333333334,83.33333333333334,83.33333333333334,0.2872863120139748,0.08709991744643782,0.9602502687795097,0.5445081118637416
NC_000907.1,NC_008543.1,10000,1,DNABERT-S-only,6,4,3,50.0,42.802669208770254,37.416666666666664,39.928857269897726,95.88494413453765,0.3789997280573097,22450,30000,1551533,37550,3,3775.0,0.5,0.0,0.0,50.0,50.0,50.0,0.2872863120139748,0.08709991744643782,0.9602502687795097,0.5445081118637416
NC_000907.1,NC_008543.1,10000,1,SAGE-GI,6,4,3,50.0,50.0,50.0,50.0,96.3448800602851,0.4810310628990985,30000,30000,1551533,30000,3,0.0,1.0,0.0,0.0,83.33333333333334,83.33333333333334,83.33333333333334,0.2872863120139748,0.08709991744643782,0.9602502687795097,0.5445081118637416
NC_000907.1,NC_008543.1,10000,1,SAGE-GI/no-refine,6,5,3,50.0,30.87378640776699,39.75,34.75409836065574,94.54473348997553,0.3223244784796639,23850,53400,1528133,36150,3,8900.0,0.36101083032490977,-11650.0,4550.0,0.0,0.0,33.33333333333333,0.2872863120139748,0.08709991744643782,0.9602502687795097,0.5445081118637416
NC_000907.1,NC_008543.1,20000,0,Comp-only,6,8,6,100.0,69.73684210526315,97.16666666666667,81.19777158774374,96.82639126011662,0.8082175381641973,116600,50600,1530933,3400,6,9000.0,0.6333172999839667,-9250.0,-50.0,25.0,41.66666666666667,41.66666666666667,0.2872863120139748,0.08709991744643782,0.9602502687795097,0.5445081118637416
NC_000907.1,NC_008543.1,20000,0,DNABERT-2-only,6,6,6,100.0,87.21804511278195,96.66666666666667,91.699604743083,98.76581882337868,0.9117537545605203,116000,17000,1564533,4000,6,1000.0,0.9273809523809524,0.0,0.0,83.33333333333334,83.33333333333334,83.33333333333334,0.2872863120139748,0.08709991744643782,0.9602502687795097,0.5445081118637416
NC_000907.1,NC_008543.1,20000,0,DNABERT-S-only,6,6,6,100.0,86.86131386861314,99.16666666666667,92.6070038910506,98.88335988781881,0.9224218816314974,119000,18000,1563533,1000,6,0.0,0.975,0.0,0.0,83.33333333333334,91.66666666666666,91.66666666666666,0.2872863120139748,0.08709991744643782,0.9602502687795097,0.5445081118637416
NC_000907.1,NC_008543.1,20000,0,SAGE-GI,6,6,6,100.0,86.86131386861314,99.16666666666667,92.6070038910506,98.88335988781881,0.9224218816314974,119000,18000,1563533,1000,6,0.0,0.975,0.0,0.0,83.33333333333334,91.66666666666666,91.66666666666666,0.2872863120139748,0.08709991744643782,0.9602502687795097,0.5445081118637416
NC_000907.1,NC_008543.1,20000,0,SAGE-GI/no-refine,6,7,6,100.0,75.82938388625593,100.0,86.25336927223721,97.75202714258259,0.8602059073224814,120000,38250,1543283,0,6,4600.0,0.6403688524590163,-4450.0,6200.0,0.0,0.0,66.66666666666666,0.2872863120139748,0.08709991744643782,0.9602502687795097,0.5445081118637416
NC_000907.1,NC_008543.1,20000,1,Comp-only,6,9,6,100.0,62.17087587318646,96.41666666666666,75.59621038876185,95.60984124316131,0.7544181660311698,115700,70400,1511133,4300,6,8400.0,0.5886797915460336,-10350.0,-750.0,33.33333333333333,41.66666666666667,41.66666666666667,0.2872863120139748,0.08709991744643782,0.9602502687795097,0.5445081118637416
NC_000907.1,NC_008543.1,20000,1,DNABERT-2-only,6,7,6,100.0,86.23188405797102,99.16666666666667,92.24806201550388,98.82458935559875,0.9187745539834647,119000,19000,1562533,1000,6,0.0,1.0,0.0,0.0,91.66666666666666,91.66666666666666,91.66666666666666,0.2872863120139748,0.08709991744643782,0.9602502687795097,0.5445081118637416
NC_000907.1,NC_008543.1,20000,1,DNABERT-S-only,6,7,6,100.0,80.53691275167785,100.0,89.21933085501858,98.29565456561818,0.8891576712848331,120000,29000,1552533,0,6,0.0,1.0,0.0,0.0,91.66666666666666,91.66666666666666,91.66666666666666,0.2872863120139748,0.08709991744643782,0.9602502687795097,0.5445081118637416
NC_000907.1,NC_008543.1,20000,1,SAGE-GI,6,7,6,100.0,80.53691275167785,100.0,89.21933085501858,98.29565456561818,0.8891576712848331,120000,29000,1552533,0,6,0.0,1.0,0.0,0.0,91.66666666666666,91.66666666666666,91.66666666666666,0.2872863120139748,0.08709991744643782,0.9602502687795097,0.5445081118637416
NC_000907.1,NC_008543.1,20000,1,SAGE-GI/no-refine,6,8,6,100.0,69.40427993059572,100.0,81.93922840559918,96.89103884555868,0.8190409438628966,120000,52900,1528633,0,6,4450.0,0.6478332533539193,-4400.0,4500.0,0.0,0.0,75.0,0.2872863120139748,0.08709991744643782,0.9602502687795097,0.5445081118637416
NC_000907.1,NC_008543.1,40000,0,Comp-only,6,6,6,100.0,95.28415961305924,98.5,96.86539643515673,99.16004815723899,0.9639829950200564,236400,11700,1569833,3600,6,8600.0,0.7924007912444535,-8900.0,-550.0,25.0,41.66666666666667,41.66666666666667,0.2872863120139748,0.08709991744643782,0.9602502687795097,0.5445081118637416
NC_000907.1,NC_008543.1,40000,0,DNABERT-2-only,6,7,6,100.0,86.19402985074626,96.25,90.94488188976378,97.47465459039172,0.8966671388224533,231000,37000,1544533,9000,6,1500.0,0.9384146341463415,500.0,1000.0,50.0,75.0,83.33333333333334,0.2872863120139748,0.08709991744643782,0.9602502687795097,0.5445081118637416
NC_000907.1,NC_008543.1,40000,0,DNABERT-S-only,6,6,6,100.0,93.02325581395348,100.0,96.3855421686747,99.01182136145763,0.958981357696175,240000,18000,1563533,0,6,0.0,1.0,0.0,0.0,83.33333333333334,91.66666666666666,91.66666666666666,0.2872863120139748,0.08709991744643782,0.9602502687795097,0.5445081118637416
NC_000907.1,NC_008543.1,40000,0,SAGE-GI,6,6,6,100.0,93.02325581395348,100.0,96.3855421686747,99.01182136145763,0.958981357696175,240000,18000,1563533,0,6,0.0,0.9878048780487805,0.0,500.0,83.33333333333334,91.66666666666666,91.66666666666666,0.2872863120139748,0.08709991744643782,0.9602502687795097,0.5445081118637416
NC_000907.1,NC_008543.1,40000,0,SAGE-GI/no-refine,6,7,6,100.0,89.70285927863951,100.0,94.5719633533642,98.48753769489765,0.9388304040738059,240000,27550,1553983,0,6,4300.0,0.8213552361396304,-4200.0,4550.0,0.0,0.0,83.33333333333334,0.2872863120139748,0.08709991744643782,0.9602502687795097,0.5445081118637416
NC_000907.1,NC_008543.1,40000,1,Comp-only,6,7,6,100.0,88.40634441087613,97.54166666666667,92.74960380348654,97.99070343496385,0.9173581261288632,234100,30700,1550833,5900,6,5150.0,0.7914534797079131,-9100.0,-1100.0,25.0,50.0,50.0,0.2872863120139748,0.08709991744643782,0.9602502687795097,0.5445081118637416
NC_000907.1,NC_008543.1,40000,1,DNABERT-2-only,6,8,6,100.0,85.5072463768116,98.33333333333333,91.47286821705427,97.58445221689642,0.9037230351487597,236000,40000,1541533,4000,6,0.0,0.9634146341463414,0.0,0.0,66.66666666666666,83.33333333333334,83.33333333333334,0.2872863120139748,0.08709991744643782,0.9602502687795097,0.5445081118637416
NC_000907.1,NC_008543.1,40000,1,DNABERT-S-only,6,7,6,100.0,89.17910447761194,99.58333333333333,94.09448818897637,98.35303560242939,0.9333239465964104,239000,29000,1552533,1000,6,0.0,1.0,0.0,0.0,91.66666666666666,91.66666666666666,91.66666666666666,0.2872863120139748,0.08709991744643782,0.9602502687795097,0.5445081118637416
NC_000907.1,NC_008543.1,40000,1,SAGE-GI,6,7,6,100.0,89.17910447761194,99.58333333333333,94.09448818897637,98.35303560242939,0.9333239465964104,239000,29000,1552533,1000,6,0.0,1.0,0.0,0.0,91.66666666666666,91.66666666666666,91.66666666666666,0.2872863120139748,0.08709991744643782,0.9602502687795097,0.5445081118637416
NC_000907.1,NC_008543.1,40000,1,SAGE-GI/no-refine,6,8,6,100.0,86.58008658008657,100.0,92.80742459396751,97.95776414701244,0.9194759085021833,240000,37200,1544333,0,6,4200.0,0.8264462809917356,-4200.0,4200.0,0.0,0.0,91.66666666666666,0.2872863120139748,0.08709991744643782,0.9602502687795097,0.5445081118637416
NC_000907.1,NC_008543.1,80000,0,Comp-only,6,6,6,100.0,100.0,91.14583333333334,95.36784741144415,97.93842737419193,0.942128440465297,437500,0,1581533,42500,6,5000.0,0.8842006775004656,-2700.0,-7000.0,0.0,16.666666666666664,50.0,0.2872863120139748,0.08709991744643782,0.9602502687795097,0.5445081118637416
NC_000907.1,NC_008543.1,80000,0,DNABERT-2-only,6,6,6,100.0,100.0,98.75,99.37106918238993,99.70895445282709,0.9918506914441787,474000,0,1581533,6000,6,500.0,0.9754591990364347,0.0,0.0,75.0,83.33333333333334,91.66666666666666,0.2872863120139748,0.08709991744643782,0.9602502687795097,0.5445081118637416
NC_000907.1,NC_008543.1,80000,0,DNABERT-S-only,6,5,5,83.33333333333334,94.54545454545455,65.0,77.03703703703704,90.97758803763996,0.7360867165169978,312000,18000,1563533,168000,5,1000.0,0.6296296296296297,0.0,0.0,60.0,60.0,60.0,0.2872863120139748,0.08709991744643782,0.9602502687795097,0.5445081118637416
NC_000907.1,NC_008543.1,80000,0,SAGE-GI,6,6,6,100.0,100.0,100.0,100.0,100.0,1.0,480000,0,1581533,0,6,0.0,1.0,0.0,0.0,91.66666666666666,100.0,100.0,0.2872863120139748,0.08709991744643782,0.9602502687795097,0.5445081118637416
NC_000907.1,NC_008543.1,80000,0,SAGE-GI/no-refine,6,6,6,100.0,100.0,94.72916666666666,97.29324917085695,98.77275794275425,0.9655963520337839,454700,0,1581533,25300,6,2100.0,0.946875,2250.0,-2000.0,0.0,83.33333333333334,100.0,0.2872863120139748,0.08709991744643782,0.9602502687795097,0.5445081118637416
NC_000907.1,NC_008543.1,80000,1,Comp-only,6,6,6,100.0,100.0,86.25,92.61744966442953,96.79849898109805,0.9099166665322983,414000,0,1581533,66000,6,4900.0,0.8856342976496563,-3650.0,-5500.0,8.333333333333332,8.333333333333332,50.0,0.2872863120139748,0.08709991744643782,0.9602502687795097,0.5445081118637416
NC_000907.1,NC_008543.1,80000,1,DNABERT-2-only,6,6,6,100.0,100.0,96.04166666666667,97.98087141339002,99.0783557672858,0.9741742743257303,461000,0,1581533,19000,6,1500.0,0.9689814814814814,0.0,-2000.0,50.0,75.0,83.33333333333334,0.2872863120139748,0.08709991744643782,0.9602502687795097,0.5445081118637416
NC_000907.1,NC_008543.1,80000,1,DNABERT-S-only,6,8,6,100.0,88.18399212266141,65.30208333333334,75.03740499132205,89.88374185618179,0.700917257022987,313450,42000,1539533,166550,6,0.0,0.54375,0.0,0.0,66.66666666666666,66.66666666666666,66.66666666666666,0.2872863120139748,0.08709991744643782,0.9602502687795097,0.5445081118637416
NC_000907.1,NC_008543.1,80000,1,SAGE-GI,6,6,6,100.0,100.0,82.08333333333333,90.16018306636155,95.82834715718836,0.8823266617439909,394000,0,1581533,86000,6,0.0,1.0,0.0,0.0,75.0,75.0,75.0,0.2872863120139748,0.08709991744643782,0.9602502687795097,0.5445081118637416
NC_000907.1,NC_008543.1,80000,1,SAGE-GI/no-refine,6,6,6,100.0,100.0,74.26041666666666,85.22924263255423,94.00688710779794,0.8299368684320851,356450,0,1581533,123550,6,3700.0,0.9361514852760017,-1200.0,-4600.0,16.666666666666664,33.33333333333333,75.0,0.2872863120139748,0.08709991744643782,0.9602502687795097,0.5445081118637416
NC_000907.1,NC_007651.1,5000,0,Comp-only,6,5,2,33.33333333333333,12.224938875305623,33.33333333333333,17.889087656529515,94.30356064691198,0.17730000835893409,10000,71800,1509733,20000,2,10900.0,0.17269578114365242,-10900.0,18100.0,0.0,0.0,25.0,0.2913589862017122,0.09133596772105082,0.9763445607530115,0.5647741599334446
NC_000907.1,NC_007651.1,5000,0,DNABERT-2-only,6,2,1,16.666666666666664,9.433962264150944,16.666666666666664,12.048192771084338,95.47015171268599,0.10331225109084459,5000,48000,1533533,25000,1,18500.0,0.11904761904761904,0.0,37000.0,50.0,50.0,50.0,0.2913589862017122,0.09133596772105082,0.9763445607530115,0.5647741599334446
NC_000907.1,NC_007651.1,5000,0,DNABERT-S-only,6,1,1,16.666666666666664,21.73913043478261,16.666666666666664,18.867924528301884,97.33173320062326,0.1769571339026905,5000,18000,1563533,25000,1,19500.0,0.11363636363636363,-1000.0,38000.0,50.0,50.0,50.0,0.2913589862017122,0.09133596772105082,0.9763445607530115,0.5647741599334446
NC_000907.1,NC_007651.1,5000,0,SAGE-GI,6,2,1,16.666666666666664,8.064516129032258,16.666666666666664,10.869565217391303,94.91167726630482,0.0917977595291514,5000,57000,1524533,25000,1,19500.0,0.11363636363636363,-1000.0,38000.0,50.0,50.0,50.0,0.2913589862017122,0.09133596772105082,0.9763445607530115,0.5647741599334446
NC_000907.1,NC_007651.1,5000,0,SAGE-GI/no-refine,6,3,1,16.666666666666664,7.423904974016332,16.666666666666664,10.27221366204417,94.57969523428935,0.08594390953554377,5000,62350,1519183,25000,1,21600.0,0.1037344398340249,-4550.0,38650.0,0.0,0.0,50.0,0.2913589862017122,0.09133596772105082,0.9763445607530115,0.5647741599334446
NC_000907.1,NC_007651.1,5000,1,Comp-only,6,7,2,33.33333333333333,8.699719363891488,31.0,13.586559532505479,92.65916366590073,0.13484997214772046,9300,97600,1483933,20700,2,8800.0,0.1990968352816927,-11900.0,6200.0,25.0,25.0,50.0,0.2913589862017122,0.09133596772105082,0.9763445607530115,0.5647741599334446
NC_000907.1,NC_007651.1,5000,1,DNABERT-2-only,6,3,1,16.666666666666664,9.090909090909092,16.666666666666664,11.764705882352942,95.34604628015686,0.10054015043989942,5000,50000,1531533,25000,1,5000.0,0.3333333333333333,-10000.0,0.0,50.0,50.0,50.0,0.2913589862017122,0.09133596772105082,0.9763445607530115,0.5647741599334446
NC_000907.1,NC_007651.1,5000,1,DNABERT-S-only,6,2,1,16.666666666666664,11.904761904761903,16.666666666666664,13.88888888888889,96.15273159159634,0.12154864749144119,5000,37000,1544533,25000,1,5000.0,0.3333333333333333,-10000.0,0.0,50.0,50.0,50.0,0.2913589862017122,0.09133596772105082,0.9763445607530115,0.5647741599334446
NC_000907.1,NC_007651.1,5000,1,SAGE-GI,6,2,1,16.666666666666664,14.285714285714285,16.666666666666664,15.384615384615383,96.58710060544836,0.13695819405356502,5000,30000,1551533,25000,1,5000.0,0.3333333333333333,-10000.0,0.0,50.0,50.0,50.0,0.2913589862017122,0.09133596772105082,0.9763445607530115,0.5647741599334446
NC_000907.1,NC_007651.1,5000,1,SAGE-GI/no-refine,6,6,2,33.33333333333333,8.561020036429873,23.5,12.550066755674234,93.90332062700547,0.11502173801001367,7050,75300,1506233,22950,2,8700.0,0.16739560168025697,-5100.0,8700.0,0.0,0.0,50.0,0.2913589862017122,0.09133596772105082,0.9763445607530115,0.5647741599334446
NC_000907.1,NC_007651.1,10000,0,Comp-only,6,5,3,50.0,35.41912632821724,50.0,41.4651002073255,94.84018901843582,0.3948124407184453,30000,54700,1526833,30000,3,10200.0,0.398406374501992,-11000.0,4100.0,16.666666666666664,16.666666666666664,33.33333333333333,0.2913589862017122,0.09133596772105082,0.9763445607530115,0.5647741599334446
NC_000907.1,NC_007651.1,10000,0,DNABERT-2-only,6,2,2,33.33333333333333,54.054054054054056,33.33333333333333,41.23711340206185,96.52763605727085,0.4078333628926062,20000,17000,1564533,40000,2,1000.0,0.5230496453900709,0.0,19500.0,50.0,75.0,75.0,0.2913589862017122,0.09133596772105082,0.9763445607530115,0.5647741599334446
NC_000907.1,NC_007651.1,10000,0,DNABERT-S-only,6,2,2,33.33333333333333,52.63157894736842,33.33333333333333,40.81632653061224,96.46671739160894,0.40176776892611754,20000,18000,1563533,40000,2,1500.0,0.4887820512820513,-500.0,20000.0,50.0,75.0,75.0,0.2913589862017122,0.09133596772105082,0.9763445607530115,0.5647741599334446
NC_000907.1,NC_007651.1,10000,0,SAGE-GI,6,5,3,50.0,51.02040816326531,50.0,50.505050505050505,96.41798245907941,0.48649668149738085,30000,28800,1552733,30000,3,500.0,0.7692307692307693,0.0,2000.0,66.66666666666666,83.33333333333334,83.33333333333334,0.2913589862017122,0.09133596772105082,0.9763445607530115,0.5647741599334446
NC_000907.1,NC_007651.1,10000,0,SAGE-GI/no-refine,6,6,3,50.0,37.71213073538655,50.0,42.99534217126478,95.15392014659467,0.4095654666509553,30000,49550,1531983,30000,3,5700.0,0.45045045045045046,-4550.0,7650.0,0.0,0.0,50.0,0.2913589862017122,0.09133596772105082,0.9763445607530115,0.5647741599334446
NC_000907.1,NC_007651.1,10000,1,Comp-only,6,7,3,50.0,21.806853582554517,35.0,26.871401151631474,93.03699651484314,0.24147330709129375,21000,75300,1506233,39000,3,10350.0,0.3257328990228013,-18300.0,-200.0,16.666666666666664,16.666666666666664,16.666666666666664,0.2913589862017122,0.09133596772105082,0.9763445607530115,0.5647741599334446
NC_000907.1,NC_007651.1,10000,1,DNABERT-2-only,6,6,4,66.66666666666666,44.44444444444444,66.66666666666666,53.333333333333336,95.73569340366596,0.5235065536433092,40000,50000,1531533,20000,4,0.0,1.0,0.0,0.0,87.5,87.5,87.5,0.2913589862017122,0.09133596772105082,0.9763445607530115,0.5647741599334446
NC_000907.1,NC_007651.1,10000,1,DNABERT-S-only,6,4,3,50.0,44.776119402985074,50.0,47.24409448818898,95.91844940065171,0.4520224897468933,30000,37000,1544533,30000,3,0.0,1.0,0.0,0.0,83.33333333333334,83.33333333333334,83.33333333333334,0.2913589862017122,0.09133596772105082,0.9763445607530115,0.5647741599334446
NC_000907.1,NC_007651.1,10000,1,SAGE-GI,6,5,3,50.0,41.49377593360996,50.0,45.35147392290249,95.59558047264356,0.43280871594024867,30000,42300,1539233,30000,3,0.0,1.0,0.0,0.0,83.33333333333334,83.33333333333334,83.33333333333334,0.2913589862017122,0.09133596772105082,0.9763445607530115,0.5647741599334446
NC_000907.1,NC_007651.1,10000,1,SAGE-GI/no-refine,6,6,3,50.0,26.685236768802227,39.916666666666664,31.986644407345572,93.79543390233398,0.29514317055159167,23950,65800,1515733,36050,3,8700.0,0.3597122302158273,-11750.0,4750.0,0.0,0.0,33.33333333333333,0.2913589862017122,0.09133596772105082,0.9763445607530115,0.5647741599334446
NC_000907.1,NC_007651.1,20000,0,Comp-only,6,8,6,100.0,70.2846975088968,98.75,82.12058212058211,96.96744053744476,0.8190611859115472,118500,50100,1531433,1500,6,9150.0,0.6538823659725299,-9500.0,-200.0,33.33333333333333,33.33333333333333,41.66666666666667,0.2913589862017122,0.09133596772105082,0.9763445607530115,0.5647741599334446
NC_000907.1,NC_007651.1,20000,0,DNABERT-2-only,6,6,6,100.0,87.59124087591242,100.0,93.3852140077821,99.00090095225893,0.9308582974363616,120000,17000,1564533,0,6,0.0,0.9307359307359306,0.0,1000.0,75.0,83.33333333333334,91.66666666666666,0.2913589862017122,0.09133596772105082,0.9763445607530115,0.5647741599334446
NC_000907.1,NC_007651.1,20000,0,DNABERT-S-only,6,6,6,100.0,86.95652173913044,100.0,93.02325581395348,98.94213042003888,0.9271830351354623,120000,18000,1563533,0,6,0.0,1.0,0.0,0.0,83.33333333333334,91.66666666666666,91.66666666666666,0.2913589862017122,0.09133596772105082,0.9763445607530115,0.5647741599334446
NC_000907.1,NC_007651.1,20000,0,SAGE-GI,6,6,6,100.0,86.95652173913044,100.0,93.02325581395348,98.94213042003888,0.9271830351354623,120000,18000,1563533,0,6,0.0,1.0,0.0,0.0,83.33333333333334,91.66666666666666,91.66666666666666,0.2913589862017122,0.09133596772105082,0.9763445607530115,0.5647741599334446
NC_000907.1,NC_007651.1,20000,0,SAGE-GI/no-refine,6,7,6,100.0,75.82938388625593,100.0,86.25336927223721,97.75202714258259,0.8602059073224814,120000,38250,1543283,0,6,4600.0,0.6458333333333333,-4550.0,6150.0,0.0,0.0,66.66666666666666,0.2913589862017122,0.09133596772105082,0.9763445607530115,0.5647741599334446
NC_000907.1,NC_007651.1,20000,1,Comp-only,6,9,6,100.0,62.8032345013477,97.08333333333333,76.2684124386252,95.73913641404546,0.7616915342548893,116500,69000,1512533,3500,6,8800.0,0.5973985134362493,-10600.0,-650.0,41.66666666666667,41.66666666666667,41.66666666666667,0.2913589862017122,0.09133596772105082,0.9763445607530115,0.5647741599334446
NC_000907.1,NC_007651.1,20000,1,DNABERT-2-only,6,7,6,100.0,86.33093525179856,100.0,92.66409266409266,98.88335988781881,0.9235463428223373,120000,19000,1562533,0,6,0.0,1.0,0.0,0.0,91.66666666666666,91.66666666666666,91.66666666666666,0.2913589862017122,0.09133596772105082,0.9763445607530115,0.5647741599334446
NC_000907.1,NC_007651.1,20000,1,DNABERT-S-only,6,7,6,100.0,80.53691275167785,100.0,89.21933085501858,98.29565456561818,0.8891576712848331,120000,29000,1552533,0,6,0.0,1.0,0.0,0.0,91.66666666666666,91.66666666666666,91.66666666666666,0.2913589862017122,0.09133596772105082,0.9763445607530115,0.5647741599334446
NC_000907.1,NC_007651.1,20000,1,SAGE-GI,6,7,6,100.0,80.53691275167785,100.0,89.21933085501858,98.29565456561818,0.8891576712848331,120000,29000,1552533,0,6,0.0,1.0,0.0,0.0,91.66666666666666,91.66666666666666,91.66666666666666,0.2913589862017122,0.09133596772105082,0.9763445607530115,0.5647741599334446
NC_000907.1,NC_007651.1,20000,1,SAGE-GI/no-refine,6,8,6,100.0,69.52491309385863,100.0,82.02323991797677,96.90867000522469,0.8198328675235594,120000,52600,1528933,0,6,4500.0,0.6382113821138211,-5000.0,4500.0,0.0,0.0,66.66666666666666,0.2913589862017122,0.09133596772105082,0.9763445607530115,0.5647741599334446
NC_000907.1,NC_007651.1,40000,0,Comp-only,6,6,6,100.0,95.27054108216433,99.04166666666666,97.11950970377937,99.22592673314182,0.9669689426725407,237700,11800,1569733,2300,6,8850.0,0.8018263840405184,-9100.0,-450.0,33.33333333333333,41.66666666666667,41.66666666666667,0.2913589862017122,0.09133596772105082,0.9763445607530115,0.5647741599334446
NC_000907.1,NC_007651.1,40000,0,DNABERT-2-only,6,7,6,100.0,85.35714285714285,99.58333333333333,91.92307692307693,97.69424984340114,0.9095369853666729,239000,41000,1540533,1000,6,500.0,0.9636904761904761,0.0,1000.0,75.0,83.33333333333334,91.66666666666666,0.2913589862017122,0.09133596772105082,0.9763445607530115,0.5647741599334446
NC_000907.1,NC_007651.1,40000,0,DNABERT-S-only,6,6,6,100.0,93.02325581395348,100.0,96.3855421686747,99.01182136145763,0.958981357696175,240000,18000,1563533,0,6,0.0,1.0,0.0,0.0,83.33333333333334,91.66666666666666,91.66666666666666,0.2913589862017122,0.09133596772105082,0.9763445607530115,0.5647741599334446
NC_000907.1,NC_007651.1,40000,0,SAGE-GI,6,6,6,100.0,93.02325581395348,100.0,96.3855421686747,99.01182136145763,0.958981357696175,240000,18000,1563533,0,6,0.0,1.0,0.0,0.0,83.33333333333334,91.66666666666666,91.66666666666666,0.2913589862017122,0.09133596772105082,0.9763445607530115,0.5647741599334446
NC_000907.1,NC_007651.1,40000,0,SAGE-GI/no-refine,6,7,6,100.0,90.17471350742062,100.0,94.8335473673812,98.56439603345095,0.941720295924496,240000,26150,1555383,0,6,4250.0,0.8247457742407238,-4150.0,4400.0,0.0,0.0,83.33333333333334,0.2913589862017122,0.09133596772105082,0.9763445607530115,0.5647741599334446
NC_000907.1,NC_007651.1,40000,1,Comp-only,6,7,6,100.0,88.44561535566429,97.91666666666666,92.94047854459166,98.04011236689097,0.9196613211674335,235000,30700,1550833,5000,6,5350.0,0.7961390342648367,-9200.0,-750.0,33.33333333333333,50.0,50.0,0.2913589862017122,0.09133596772105082,0.9763445607530115,0.5647741599334446
NC_000907.1,NC_007651.1,40000,1,DNABERT-2-only,6,8,6,100.0,84.28571428571429,98.33333333333333,90.76923076923077,97.36485696388701,0.8960362283955126,236000,44000,1537533,4000,6,1000.0,0.9624999999999999,0.0,0.0,83.33333333333334,83.33333333333334,83.33333333333334,0.2913589862017122,0.09133596772105082,0.9763445607530115,0.5647741599334446
NC_000907.1,NC_007651.1,40000,1,DNABERT-S-only,6,7,6,100.0,86.64259927797833,100.0,92.84332688588009,97.9687439096629,0.9198673476374614,240000,37000,1544533,0,6,0.0,1.0,0.0,0.0,91.66666666666666,91.66666666666666,91.66666666666666,0.2913589862017122,0.09133596772105082,0.9763445607530115,0.5647741599334446
NC_000907.1,NC_007651.1,40000,1,SAGE-GI,6,7,6,100.0,86.64259927797833,100.0,92.84332688588009,97.9687439096629,0.9198673476374614,240000,37000,1544533,0,6,0.0,1.0,0.0,0.0,91.66666666666666,91.66666666666666,91.66666666666666,0.2913589862017122,0.09133596772105082,0.9763445607530115,0.5647741599334446
NC_000907.1,NC_007651.1,40000,1,SAGE-GI/no-refine,6,8,6,100.0,86.33093525179856,100.0,92.66409266409266,97.91384509641054,0.9179141257018779,240000,38000,1543533,0,6,4250.0,0.8213552361396304,-4250.0,4300.0,0.0,0.0,91.66666666666666,0.2913589862017122,0.09133596772105082,0.9763445607530115,0.5647741599334446
NC_000907.1,NC_007651.1,80000,0,Comp-only,6,7,6,100.0,100.0,90.1875,94.84061781137035,97.71529245469269,0.9358380264488314,432900,0,1581533,47100,6,5200.0,0.8892067976722611,-3100.0,-5250.0,0.0,8.333333333333332,41.66666666666667,0.2913589862017122,0.09133596772105082,0.9763445607530115,0.5647741599334446
NC_000907.1,NC_007651.1,80000,0,DNABERT-2-only,6,6,6,100.0,100.0,97.91666666666666,98.94736842105264,99.51492408804515,0.9864148810401493,470000,0,1581533,10000,6,1000.0,0.9753086419753086,0.0,0.0,75.0,83.33333333333334,83.33333333333334,0.2913589862017122,0.09133596772105082,0.9763445607530115,0.5647741599334446
NC_000907.1,NC_007651.1,80000,0,DNABERT-S-only,6,6,6,100.0,96.32829373650108,92.91666666666667,94.59172852598091,97.52611284903031,0.9301406996439813,446000,17000,1564533,34000,6,0.0,0.9439043209876543,0.0,0.0,75.0,75.0,75.0,0.2913589862017122,0.09133596772105082,0.9763445607530115,0.5647741599334446
NC_000907.1,NC_007651.1,80000,0,SAGE-GI,6,7,6,100.0,100.0,91.875,95.76547231270358,98.10820394337611,0.9469103543442283,441000,0,1581533,39000,6,0.0,0.9876543209876543,0.0,0.0,83.33333333333334,91.66666666666666,91.66666666666666,0.2913589862017122,0.09133596772105082,0.9763445607530115,0.5647741599334446
NC_000907.1,NC_007651.1,80000,0,SAGE-GI/no-refine,6,7,6,100.0,100.0,93.44791666666666,96.61299876150987,98.47443625690202,0.9572140087682395,448550,0,1581533,31450,6,450.0,0.971875,1800.0,-350.0,66.66666666666666,83.33333333333334,91.66666666666666,0.2913589862017122,0.09133596772105082,0.9763445607530115,0.5647741599334446
NC_000907.1,NC_007651.1,80000,1,Comp-only,6,6,6,100.0,100.0,88.58333333333334,93.94608926204154,97.34178400248747,0.9252930367420856,425200,0,1581533,54800,6,5200.0,0.876410805215153,-2800.0,-6050.0,8.333333333333332,25.0,33.33333333333333,0.2913589862017122,0.09133596772105082,0.9763445607530115,0.5647741599334446
NC_000907.1,NC_007651.1,80000,1,DNABERT-2-only,6,6,6,100.0,100.0,98.95833333333334,99.47643979057591,99.75746204402259,0.9932092607949073,475000,0,1581533,5000,6,1000.0,0.98125,0.0,0.0,75.0,83.33333333333334,83.33333333333334,0.2913589862017122,0.09133596772105082,0.9763445607530115,0.5647741599334446
NC_000907.1,NC_007651.1,80000,1,DNABERT-S-only,6,6,6,100.0,100.0,100.0,100.0,100.0,1.0,480000,0,1581533,0,6,0.0,1.0,0.0,0.0,100.0,100.0,100.0,0.2913589862017122,0.09133596772105082,0.9763445607530115,0.5647741599334446
NC_000907.1,NC_007651.1,80000,1,SAGE-GI,6,6,6,100.0,100.0,100.0,100.0,100.0,1.0,480000,0,1581533,0,6,0.0,1.0,0.0,0.0,100.0,100.0,100.0,0.2913589862017122,0.09133596772105082,0.9763445607530115,0.5647741599334446
NC_000907.1,NC_007651.1,80000,1,SAGE-GI/no-refine,6,6,6,100.0,100.0,92.72916666666666,96.22743487190574,98.3070850672776,0.9525076086680379,445100,0,1581533,34900,6,1100.0,0.96375,1800.0,-1100.0,50.0,66.66666666666666,83.33333333333334,0.2913589862017122,0.09133596772105082,0.9763445607530115,0.5647741599334446
NC_000907.1,NC_009080.1,5000,0,Comp-only,6,5,2,33.33333333333333,12.15066828675577,33.33333333333333,17.80943900267141,94.27253428877968,0.17659539097428284,10000,72300,1509233,20000,2,11200.0,0.17089431378978012,-11200.0,18200.0,0.0,0.0,25.0,0.30014122863504544,0.09443340673026401,1.000016829138051,0.581649776362899
NC_000907.1,NC_009080.1,5000,0,DNABERT-2-only,6,2,1,16.666666666666664,9.433962264150944,16.666666666666664,12.048192771084338,95.47015171268599,0.10331225109084459,5000,48000,1533533,25000,1,18500.0,0.11904761904761904,0.0,37000.0,50.0,50.0,50.0,0.30014122863504544,0.09443340673026401,1.000016829138051,0.581649776362899
NC_000907.1,NC_009080.1,5000,0,DNABERT-S-only,6,1,1,16.666666666666664,21.73913043478261,16.666666666666664,18.867924528301884,97.33173320062326,0.1769571339026905,5000,18000,1563533,25000,1,19500.0,0.11363636363636363,-1000.0,38000.0,50.0,50.0,50.0,0.30014122863504544,0.09443340673026401,1.000016829138051,0.581649776362899
NC_000907.1,NC_009080.1,5000,0,SAGE-GI,6,2,1,16.666666666666664,8.064516129032258,16.666666666666664,10.869565217391303,94.91167726630482,0.0917977595291514,5000,57000,1524533,25000,1,19500.0,0.11363636363636363,-1000.0,38000.0,50.0,50.0,50.0,0.30014122863504544,0.09443340673026401,1.000016829138051,0.581649776362899
NC_000907.1,NC_009080.1,5000,0,SAGE-GI/no-refine,6,3,1,16.666666666666664,7.5357950263752835,16.666666666666664,10.378827192527245,94.6417479505539,0.08699126077834624,5000,61350,1520183,25000,1,21600.0,0.1037344398340249,-4550.0,38650.0,0.0,0.0,50.0,0.30014122863504544,0.09443340673026401,1.000016829138051,0.581649776362899
NC_000907.1,NC_009080.1,5000,1,Comp-only,6,7,2,33.33333333333333,9.037900874635568,31.0,13.99548532731377,92.90737453095903,0.13866188232761525,9300,93600,1487933,20700,2,9050.0,0.19743672648236965,-11800.0,6450.0,25.0,25.0,50.0,0.30014122863504544,0.09443340673026401,1.000016829138051,0.581649776362899
NC_000907.1,NC_009080.1,5000,1,DNABERT-2-only,6,3,1,16.666666666666664,7.575757575757576,16.666666666666664,10.416666666666666,94.66346640124651,0.08736266880651215,5000,61000,1520533,25000,1,5000.0,0.3333333333333333,-10000.0,0.0,50.0,50.0,50.0,0.30014122863504544,0.09443340673026401,1.000016829138051,0.581649776362899
NC_000907.1,NC_009080.1,5000,1,DNABERT-S-only,6,2,1,16.666666666666664,14.285714285714285,16.666666666666664,15.384615384615383,96.58710060544836,0.13695819405356502,5000,30000,1551533,25000,1,5000.0,0.3333333333333333,-10000.0,0.0,50.0,50.0,50.0,0.30014122863504544,0.09443340673026401,1.000016829138051,0.581649776362899
NC_000907.1,NC_009080.1,5000,1,SAGE-GI,6,2,1,16.666666666666664,14.705882352941178,16.666666666666664,15.625,96.64915332171293,0.13950833279272826,5000,29000,1552533,25000,1,5000.0,0.3333333333333333,-10000.0,0.0,50.0,50.0,50.0,0.30014122863504544,0.09443340673026401,1.000016829138051,0.581649776362899
NC_000907.1,NC_009080.1,5000,1,SAGE-GI/no-refine,6,6,2,33.33333333333333,9.001837109614206,24.5,13.166144200626958,93.98398915814941,0.12203999793947662,7350,74300,1507233,22650,2,8950.0,0.17285594253322445,-5300.0,9050.0,0.0,0.0,50.0,0.30014122863504544,0.09443340673026401,1.000016829138051,0.581649776362899
NC_000907.1,NC_009080.1,10000,0,Comp-only,6,6,4,66.66666666666666,42.14437367303609,66.16666666666666,51.49156939040207,95.44328380848877,0.5060668755794029,39700,54500,1527033,20300,4,9850.0,0.42197097836731057,-10900.0,1900.0,12.5,25.0,37.5,0.30014122863504544,0.09443340673026401,1.000016829138051,0.581649776362899
NC_000907.1,NC_009080.1,10000,0,DNABERT-2-only,6,2,2,33.33333333333333,54.054054054054056,33.33333333333333,41.23711340206185,96.52763605727085,0.4078333628926062,20000,17000,1564533,40000,2,0.0,0.6063829787234043,0.0,18500.0,75.0,75.0,75.0,0.30014122863504544,0.09443340673026401,1.000016829138051,0.581649776362899
NC_000907.1,NC_009080.1,10000,0,DNABERT-S-only,6,2,2,33.33333333333333,52.63157894736842,33.33333333333333,40.81632653061224,96.46671739160894,0.40176776892611754,20000,18000,1563533,40000,2,1500.0,0.4887820512820513,-500.0,20000.0,50.0,75.0,75.0,0.30014122863504544,0.09443340673026401,1.000016829138051,0.581649776362899
NC_000907.1,NC_009080.1,10000,0,SAGE-GI,6,4,3,50.0,62.5,50.0,55.55555555555556,97.0759040482281,0.5442314478340455,30000,18000,1563533,30000,3,500.0,0.7692307692307693,0.0,2000.0,66.66666666666666,83.33333333333334,83.33333333333334,0.30014122863504544,0.09443340673026401,1.000016829138051,0.581649776362899
NC_000907.1,NC_009080.1,10000,0,SAGE-GI/no-refine,6,6,3,50.0,33.91746749576032,50.0,40.41764904008083,94.61174402220364,0.3848478493265941,30000,58450,1523083,30000,3,6000.0,0.4484304932735426,-4650.0,7650.0,0.0,0.0,50.0,0.30014122863504544,0.09443340673026401,1.000016829138051,0.581649776362899
NC_000907.1,NC_009080.1,10000,1,Comp-only,6,6,3,50.0,22.291021671826623,36.0,27.533460803059274,93.07354771424029,0.24873363074758634,21600,75300,1506233,38400,3,10450.0,0.32362459546925565,-19100.0,-500.0,16.666666666666664,16.666666666666664,16.666666666666664,0.30014122863504544,0.09443340673026401,1.000016829138051,0.581649776362899
NC_000907.1,NC_009080.1,10000,1,DNABERT-2-only,6,5,4,66.66666666666666,67.79661016949152,66.66666666666666,67.22689075630252,97.62417203918532,0.659968986861312,40000,19000,1562533,20000,4,0.0,1.0,0.0,0.0,87.5,87.5,87.5,0.30014122863504544,0.09443340673026401,1.000016829138051,0.581649776362899
NC_000907.1,NC_009080.1,10000,1,DNABERT-S-only,6,4,3,50.0,50.0,50.0,50.0,96.3448800602851,0.4810310628990985,30000,30000,1551533,30000,3,0.0,1.0,0.0,0.0,83.33333333333334,83.33333333333334,83.33333333333334,0.30014122863504544,0.09443340673026401,1.000016829138051,0.581649776362899
NC_000907.1,NC_009080.1,10000,1,SAGE-GI,6,4,3,50.0,50.847457627118644,50.0,50.42016806722689,96.40579872594702,0.48557461293149046,30000,29000,1552533,30000,3,0.0,1.0,0.0,0.0,83.33333333333334,83.33333333333334,83.33333333333334,0.30014122863504544,0.09443340673026401,1.000016829138051,0.581649776362899
NC_000907.1,NC_009080.1,10000,1,SAGE-GI/no-refine,6,5,3,50.0,30.892742453436096,40.08333333333333,34.892999637286906,94.53254975684314,0.32386126757573624,24050,53800,1527733,35950,3,8850.0,0.3597122302158273,-11750.0,4650.0,0.0,0.0,33.33333333333333,0.30014122863504544,0.09443340673026401,1.000016829138051,0.581649776362899
NC_000907.1,NC_009080.1,20000,0,Comp-only,6,8,6,100.0,70.42755344418052,98.83333333333333,82.24687933425797,96.99094875033279,0.8203710724947947,118600,49800,1531733,1400,6,8950.0,0.6546673508544911,-9450.0,-200.0,33.33333333333333,33.33333333333333,41.66666666666667,0.30014122863504544,0.09443340673026401,1.000016829138051,0.581649776362899
NC_000907.1,NC_009080.1,20000,0,DNABERT-2-only,6,6,6,100.0,87.59124087591242,100.0,93.3852140077821,99.00090095225893,0.9308582974363616,120000,17000,1564533,0,6,0.0,0.9761904761904762,0.0,0.0,83.33333333333334,83.33333333333334,83.33333333333334,0.30014122863504544,0.09443340673026401,1.000016829138051,0.581649776362899
NC_000907.1,NC_009080.1,20000,0,DNABERT-S-only,6,6,6,100.0,86.95652173913044,100.0,93.02325581395348,98.94213042003888,0.9271830351354623,120000,18000,1563533,0,6,0.0,1.0,0.0,0.0,83.33333333333334,91.66666666666666,91.66666666666666,0.30014122863504544,0.09443340673026401,1.000016829138051,0.581649776362899
NC_000907.1,NC_009080.1,20000,0,SAGE-GI,6,6,6,100.0,86.95652173913044,100.0,93.02325581395348,98.94213042003888,0.9271830351354623,120000,18000,1563533,0,6,0.0,1.0,0.0,0.0,83.33333333333334,91.66666666666666,91.66666666666666,0.30014122863504544,0.09443340673026401,1.000016829138051,0.581649776362899
NC_000907.1,NC_009080.1,20000,0,SAGE-GI/no-refine,6,7,6,100.0,75.82938388625593,100.0,86.25336927223721,97.75202714258259,0.8602059073224814,120000,38250,1543283,0,6,4700.0,0.6461294760098378,-4600.0,6150.0,0.0,0.0,66.66666666666666,0.30014122863504544,0.09443340673026401,1.000016829138051,0.581649776362899
NC_000907.1,NC_009080.1,20000,1,Comp-only,6,9,6,100.0,64.70917225950782,96.41666666666666,77.44310575635876,96.03886612836777,0.7716712969891465,115700,63100,1518433,4300,6,9200.0,0.5811631497683993,-10800.0,-600.0,25.0,41.66666666666667,41.66666666666667,0.30014122863504544,0.09443340673026401,1.000016829138051,0.581649776362899
NC_000907.1,NC_009080.1,20000,1,DNABERT-2-only,6,7,6,100.0,86.23188405797102,99.16666666666667,92.24806201550388,98.82458935559875,0.9187745539834647,119000,19000,1562533,1000,6,0.0,1.0,0.0,0.0,91.66666666666666,91.66666666666666,91.66666666666666,0.30014122863504544,0.09443340673026401,1.000016829138051,0.581649776362899
NC_000907.1,NC_009080.1,20000,1,DNABERT-S-only,6,7,6,100.0,80.53691275167785,100.0,89.21933085501858,98.29565456561818,0.8891576712848331,120000,29000,1552533,0,6,0.0,1.0,0.0,0.0,91.66666666666666,91.66666666666666,91.66666666666666,0.30014122863504544,0.09443340673026401,1.000016829138051,0.581649776362899
NC_000907.1,NC_009080.1,20000,1,SAGE-GI,6,7,6,100.0,80.53691275167785,100.0,89.21933085501858,98.29565456561818,0.8891576712848331,120000,29000,1552533,0,6,0.0,1.0,0.0,0.0,91.66666666666666,91.66666666666666,91.66666666666666,0.30014122863504544,0.09443340673026401,1.000016829138051,0.581649776362899
NC_000907.1,NC_009080.1,20000,1,SAGE-GI/no-refine,6,8,6,100.0,69.40427993059572,100.0,81.93922840559918,96.89103884555868,0.8190409438628966,120000,52900,1528633,0,6,4600.0,0.6457574153092265,-4550.0,4600.0,0.0,0.0,75.0,0.30014122863504544,0.09443340673026401,1.000016829138051,0.581649776362899
NC_000907.1,NC_009080.1,40000,0,Comp-only,6,6,6,100.0,95.28605962933119,98.54166666666667,96.88652191724704,99.16553803856422,0.9642302013540941,236500,11700,1569833,3500,6,8800.0,0.7879659495228277,-9300.0,-400.0,16.666666666666664,41.66666666666667,41.66666666666667,0.30014122863504544,0.09443340673026401,1.000016829138051,0.581649776362899
NC_000907.1,NC_009080.1,40000,0,DNABERT-2-only,6,7,6,100.0,84.89208633093526,98.33333333333333,91.11969111969111,97.47465459039172,0.8998601884992382,236000,42000,1539533,4000,6,1000.0,0.9392857142857143,0.0,1000.0,66.66666666666666,83.33333333333334,83.33333333333334,0.30014122863504544,0.09443340673026401,1.000016829138051,0.581649776362899
NC_000907.1,NC_009080.1,40000,0,DNABERT-S-only,6,6,6,100.0,92.66409266409266,100.0,96.19238476953909,98.95692254820527,0.9568221242500078,240000,19000,1562533,0,6,0.0,1.0,0.0,0.0,91.66666666666666,91.66666666666666,91.66666666666666,0.30014122863504544,0.09443340673026401,1.000016829138051,0.581649776362899
NC_000907.1,NC_009080.1,40000,0,SAGE-GI,6,6,6,100.0,92.66409266409266,100.0,96.19238476953909,98.95692254820527,0.9568221242500078,240000,19000,1562533,0,6,0.0,1.0,0.0,0.0,91.66666666666666,91.66666666666666,91.66666666666666,0.30014122863504544,0.09443340673026401,1.000016829138051,0.581649776362899
NC_000907.1,NC_009080.1,40000,0,SAGE-GI/no-refine,6,7,6,100.0,89.83717012914093,100.0,94.64655427388347,98.5094972201986,0.9396539016278336,240000,27150,1554383,0,6,4400.0,0.8171612203163474,-4300.0,4500.0,0.0,0.0,83.33333333333334,0.30014122863504544,0.09443340673026401,1.000016829138051,0.581649776362899
NC_000907.1,NC_009080.1,40000,1,Comp-only,6,7,6,100.0,88.34472285497343,96.95833333333333,92.4513309495431,97.91384509641054,0.9137696581117877,232700,30700,1550833,7300,6,5900.0,0.7896353428652871,-9200.0,-1100.0,16.666666666666664,41.66666666666667,50.0,0.30014122863504544,0.09443340673026401,1.000016829138051,0.581649776362899
NC_000907.1,NC_009080.1,40000,1,DNABERT-2-only,6,8,6,100.0,84.45229681978799,99.58333333333333,91.39579349904398,97.52955340364407,0.9038137967977099,239000,44000,1537533,1000,6,0.0,0.9875,0.0,0.0,83.33333333333334,83.33333333333334,83.33333333333334,0.30014122863504544,0.09443340673026401,1.000016829138051,0.581649776362899
NC_000907.1,NC_009080.1,40000,1,DNABERT-S-only,6,7,6,100.0,86.64259927797833,100.0,92.84332688588009,97.9687439096629,0.9198673476374614,240000,37000,1544533,0,6,0.0,1.0,0.0,0.0,100.0,100.0,100.0,0.30014122863504544,0.09443340673026401,1.000016829138051,0.581649776362899
NC_000907.1,NC_009080.1,40000,1,SAGE-GI,6,7,6,100.0,86.64259927797833,100.0,92.84332688588009,97.9687439096629,0.9198673476374614,240000,37000,1544533,0,6,0.0,1.0,0.0,0.0,100.0,100.0,100.0,0.30014122863504544,0.09443340673026401,1.000016829138051,0.581649776362899
NC_000907.1,NC_009080.1,40000,1,SAGE-GI/no-refine,6,7,6,100.0,89.8876404494382,100.0,94.67455621301775,98.51773204218645,0.9399631628494158,240000,27000,1554533,0,6,4100.0,0.8290164342843398,-4100.0,4100.0,0.0,0.0,91.66666666666666,0.30014122863504544,0.09443340673026401,1.000016829138051,0.581649776362899
NC_000907.1,NC_009080.1,80000,1,Comp-only,6,6,6,100.0,100.0,90.85416666666667,95.20794673070625,97.87051674651825,0.940214657699442,436100,0,1581533,43900,6,4350.0,0.8880344108446299,-2400.0,-7450.0,8.333333333333332,25.0,50.0,0.30014122863504544,0.09443340673026401,1.000016829138051,0.581649776362899
NC_000907.1,NC_009080.1,80000,1,DNABERT-2-only,6,6,6,100.0,100.0,98.33333333333333,99.15966386554621,99.61193927043612,0.9891331005724405,472000,0,1581533,8000,6,0.0,0.9938271604938271,0.0,0.0,83.33333333333334,83.33333333333334,83.33333333333334,0.30014122863504544,0.09443340673026401,1.000016829138051,0.581649776362899
NC_000907.1,NC_009080.1,80000,1,DNABERT-S-only,6,6,6,100.0,100.0,100.0,100.0,100.0,1.0,480000,0,1581533,0,6,0.0,1.0,0.0,0.0,100.0,100.0,100.0,0.30014122863504544,0.09443340673026401,1.000016829138051,0.581649776362899
NC_000907.1,NC_009080.1,80000,1,SAGE-GI,6,6,6,100.0,100.0,100.0,100.0,100.0,1.0,480000,0,1581533,0,6,0.0,1.0,0.0,0.0,100.0,100.0,100.0,0.30014122863504544,0.09443340673026401,1.000016829138051,0.581649776362899
NC_000907.1,NC_009080.1,80000,1,SAGE-GI/no-refine,6,6,6,100.0,100.0,93.79166666666666,96.79638787357557,98.55447378237457,0.9594638249923417,450200,0,1581533,29800,6,2450.0,0.9337500000000001,2350.0,-2450.0,8.333333333333332,58.333333333333336,100.0,0.30014122863504544,0.09443340673026401,1.000016829138051,0.581649776362899
NC_000907.1,NC_009080.1,80000,0,Comp-only,6,6,6,100.0,100.0,90.125,94.80604865220249,97.70074017733405,0.935427551472983,432600,0,1581533,47400,6,5050.0,0.8930974621683668,-1850.0,-6800.0,0.0,33.33333333333333,50.0,0.30014122863504544,0.09443340673026401,1.000016829138051,0.581649776362899
NC_000907.1,NC_009080.1,80000,0,DNABERT-2-only,6,6,6,100.0,100.0,100.0,100.0,100.0,1.0,480000,0,1581533,0,6,0.0,0.9876543209876543,-500.0,0.0,83.33333333333334,91.66666666666666,91.66666666666666,0.30014122863504544,0.09443340673026401,1.000016829138051,0.581649776362899
NC_000907.1,NC_009080.1,80000,0,DNABERT-S-only,6,6,6,100.0,100.0,100.0,100.0,100.0,1.0,480000,0,1581533,0,6,0.0,1.0,0.0,0.0,91.66666666666666,100.0,100.0,0.30014122863504544,0.09443340673026401,1.000016829138051,0.581649776362899
NC_000907.1,NC_009080.1,80000,0,SAGE-GI,6,6,6,100.0,100.0,100.0,100.0,100.0,1.0,480000,0,1581533,0,6,0.0,1.0,0.0,0.0,91.66666666666666,100.0,100.0,0.30014122863504544,0.09443340673026401,1.000016829138051,0.581649776362899
NC_000907.1,NC_009080.1,80000,0,SAGE-GI/no-refine,6,6,6,100.0,100.0,92.5,96.1038961038961,98.25372671696257,0.9510063584911044,444000,0,1581533,36000,6,2250.0,0.94,3100.0,-1950.0,16.666666666666664,58.333333333333336,91.66666666666666,0.30014122863504544,0.09443340673026401,1.000016829138051,0.581649776362899
