accession,method,start,end
AC_000091.1,TreasureIsland,230001,240000
AC_000091.1,TreasureIsland,260001,320000
AC_000091.1,TreasureIsland,380001,390000
AC_000091.1,TreasureIsland,520001,530000
AC_000091.1,TreasureIsland,560001,590000
AC_000091.1,TreasureIsland,650001,660000
AC_000091.1,TreasureIsland,730001,740000
AC_000091.1,TreasureIsland,1090001,1110000
AC_000091.1,TreasureIsland,1195001,1230000
AC_000091.1,TreasureIsland,1410001,1435000
AC_000091.1,TreasureIsland,1460001,1480000
AC_000091.1,TreasureIsland,1520001,1535000
AC_000091.1,TreasureIsland,1580001,1600000
AC_000091.1,TreasureIsland,1630001,1660000
AC_000091.1,TreasureIsland,1800001,1810000
AC_000091.1,TreasureIsland,2040001,2080000
AC_000091.1,TreasureIsland,2100001,2110000
AC_000091.1,TreasureIsland,2470001,2500000
AC_000091.1,TreasureIsland,2720001,2730000
AC_000091.1,TreasureIsland,2750001,2790000
AC_000091.1,TreasureIsland,2980001,3000000
AC_000091.1,TreasureIsland,3180001,3190000
AC_000091.1,TreasureIsland,3260001,3270000
AC_000091.1,TreasureIsland,3360001,3370000
AC_000091.1,TreasureIsland,3420001,3430000
AC_000091.1,TreasureIsland,3460001,3470000
AC_000091.1,TreasureIsland,3590001,3600000
AC_000091.1,TreasureIsland,3830001,3840000
AC_000091.1,TreasureIsland,3870001,3880000
AC_000091.1,TreasureIsland,3980001,3990000
AC_000091.1,TreasureIsland,4000001,4020000
AC_000091.1,TreasureIsland,4050001,4060000
AC_000091.1,TreasureIsland,4170001,4180000
AC_000091.1,TreasureIsland,4495001,4550000
AC_000091.1,TreasureIsland,4570001,4580000
NC_000907.1,TreasureIsland,68001,82000
NC_000907.1,TreasureIsland,100001,115000
NC_000907.1,TreasureIsland,116001,130000
NC_000907.1,TreasureIsland,199001,210000
NC_000907.1,TreasureIsland,225001,255000
NC_000907.1,TreasureIsland,277001,305000
NC_000907.1,TreasureIsland,325001,345000
NC_000907.1,TreasureIsland,357001,375000
NC_000907.1,TreasureIsland,379001,395000
NC_000907.1,TreasureIsland,517001,535000
NC_000907.1,TreasureIsland,630001,645000
NC_000907.1,TreasureIsland,690001,725000
NC_000907.1,TreasureIsland,816001,830000
NC_000907.1,TreasureIsland,920001,935000
NC_000907.1,TreasureIsland,990001,1005000
NC_000907.1,TreasureIsland,1090001,1130000
NC_000907.1,TreasureIsland,1215001,1235000
NC_000907.1,TreasureIsland,1240001,1255000
NC_000907.1,TreasureIsland,1330001,1385000
NC_000907.1,TreasureIsland,1396001,1410000
NC_000907.1,TreasureIsland,1490001,1515000
NC_000907.1,TreasureIsland,1555001,1595000
NC_000907.1,TreasureIsland,1745001,1762000
NC_000907.1,TreasureIsland,1788001,1821000
NC_000907.1,TreasureIsland,1830001,1830138
NC_000913.2,TreasureIsland,230001,240000
NC_000913.2,TreasureIsland,260001,320000
NC_000913.2,TreasureIsland,520001,530000
NC_000913.2,TreasureIsland,560001,590000
NC_000913.2,TreasureIsland,670001,680000
NC_000913.2,TreasureIsland,730001,740000
NC_000913.2,TreasureIsland,1085001,1110000
NC_000913.2,TreasureIsland,1130001,1140000
NC_000913.2,TreasureIsland,1190001,1230000
NC_000913.2,TreasureIsland,1410001,1430000
NC_000913.2,TreasureIsland,1456001,1475000
NC_000913.2,TreasureIsland,1520001,1530000
NC_000913.2,TreasureIsland,1570001,1600000
NC_000913.2,TreasureIsland,1630001,1650000
NC_000913.2,TreasureIsland,2040001,2080000
NC_000913.2,TreasureIsland,2100001,2110000
NC_000913.2,TreasureIsland,2460001,2490000
NC_000913.2,TreasureIsland,2720001,2730000
NC_000913.2,TreasureIsland,2750001,2790000
NC_000913.2,TreasureIsland,2980001,3000000
NC_000913.2,TreasureIsland,3180001,3190000
NC_000913.2,TreasureIsland,3420001,3430000
NC_000913.2,TreasureIsland,3440001,3460000
NC_000913.2,TreasureIsland,3610001,3620000
NC_000913.2,TreasureIsland,3760001,3770000
NC_000913.2,TreasureIsland,3790001,3800000
NC_000913.2,TreasureIsland,4490001,4545000
NC_000913.2,TreasureIsland,4570001,4580000
NC_002516.2,TreasureIsland,40001,65000
NC_002516.2,TreasureIsland,90001,105000
NC_002516.2,TreasureIsland,288001,310000
NC_002516.2,TreasureIsland,580001,595000
NC_002516.2,TreasureIsland,620001,630000
NC_002516.2,TreasureIsland,670001,705000
NC_002516.2,TreasureIsland,730001,745000
NC_002516.2,TreasureIsland,745001,765000
NC_002516.2,TreasureIsland,776001,805000
NC_002516.2,TreasureIsland,885001,900000
NC_002516.2,TreasureIsland,1019001,1035000
NC_002516.2,TreasureIsland,1060001,1085000
NC_002516.2,TreasureIsland,1109001,1125000
NC_002516.2,TreasureIsland,1136001,1155000
NC_002516.2,TreasureIsland,1235001,1250000
NC_002516.2,TreasureIsland,1305001,1325000
NC_002516.2,TreasureIsland,1325001,1345000
NC_002516.2,TreasureIsland,1347001,1363000
NC_002516.2,TreasureIsland,1377001,1395000
NC_002516.2,TreasureIsland,1475001,1495000
NC_002516.2,TreasureIsland,1495001,1525000
NC_002516.2,TreasureIsland,1798001,1812000
NC_002516.2,TreasureIsland,1835001,1865000
NC_002516.2,TreasureIsland,2020001,2045000
NC_002516.2,TreasureIsland,2109001,2125000
NC_002516.2,TreasureIsland,2169001,2180000
NC_002516.2,TreasureIsland,2220001,2235000
NC_002516.2,TreasureIsland,2245001,2265000
NC_002516.2,TreasureIsland,2290001,2325000
NC_002516.2,TreasureIsland,2337001,2355000
NC_002516.2,TreasureIsland,2375001,2395000
NC_002516.2,TreasureIsland,2435001,2450000
NC_002516.2,TreasureIsland,2460001,2470000
NC_002516.2,TreasureIsland,2530001,2555000
NC_002516.2,TreasureIsland,2578001,2595000
NC_002516.2,TreasureIsland,2598001,2615000
NC_002516.2,TreasureIsland,2655001,2685000
NC_002516.2,TreasureIsland,2705001,2745000
NC_002516.2,TreasureIsland,2750001,2785000
NC_002516.2,TreasureIsland,2908001,2925000
NC_002516.2,TreasureIsland,3008001,3035000
NC_002516.2,TreasureIsland,3080001,3100000
NC_002516.2,TreasureIsland,3217001,3230000
NC_002516.2,TreasureIsland,3250001,3265000
NC_002516.2,TreasureIsland,3330001,3340000
NC_002516.2,TreasureIsland,3417001,3430000
NC_002516.2,TreasureIsland,3519001,3540000
NC_002516.2,TreasureIsland,3730001,3760000
NC_002516.2,TreasureIsland,3805001,3830000
NC_002516.2,TreasureIsland,3917001,3935000
NC_002516.2,TreasureIsland,3975001,3995000
NC_002516.2,TreasureIsland,4320001,4330000
NC_002516.2,TreasureIsland,4419001,4432000
NC_002516.2,TreasureIsland,4716001,4740000
NC_002516.2,TreasureIsland,4785001,4815000
NC_002516.2,TreasureIsland,4860001,4880000
NC_002516.2,TreasureIsland,5260001,5270000
NC_002516.2,TreasureIsland,5720001,5730000
NC_002516.2,TreasureIsland,5750001,5760000
NC_002516.2,TreasureIsland,5915001,5935000
NC_002655.2,TreasureIsland,240001,280000
NC_002655.2,TreasureIsland,300001,375000
NC_002655.2,TreasureIsland,460001,470000
NC_002655.2,TreasureIsland,580001,600000
NC_002655.2,TreasureIsland,610001,620000
NC_002655.2,TreasureIsland,660001,670000
NC_002655.2,TreasureIsland,805001,820000
NC_002655.2,TreasureIsland,890001,930000
NC_002655.2,TreasureIsland,1055001,1150000
NC_002655.2,TreasureIsland,1250001,1300000
NC_002655.2,TreasureIsland,1320001,1350000
NC_002655.2,TreasureIsland,1350001,1390000
NC_002655.2,TreasureIsland,1410001,1440000
NC_002655.2,TreasureIsland,1450001,1550000
NC_002655.2,TreasureIsland,1625001,1690000
NC_002655.2,TreasureIsland,1700001,1760000
NC_002655.2,TreasureIsland,1850001,1935000
NC_002655.2,TreasureIsland,1960001,1990000
NC_002655.2,TreasureIsland,2030001,2050000
NC_002655.2,TreasureIsland,2110001,2170000
NC_002655.2,TreasureIsland,2270001,2330000
NC_002655.2,TreasureIsland,2660001,2690000
NC_002655.2,TreasureIsland,2740001,2820000
NC_002655.2,TreasureIsland,2840001,2860000
NC_002655.2,TreasureIsland,3140001,3150000
NC_002655.2,TreasureIsland,3260001,3290000
NC_002655.2,TreasureIsland,3510001,3520000
NC_002655.2,TreasureIsland,3540001,3580000
NC_002655.2,TreasureIsland,3770001,3810000
NC_002655.2,TreasureIsland,3920001,3940000
NC_002655.2,TreasureIsland,4220001,4230000
NC_002655.2,TreasureIsland,4240001,4260000
NC_002655.2,TreasureIsland,4360001,4370000
NC_002655.2,TreasureIsland,4430001,4440000
NC_002655.2,TreasureIsland,4570001,4580000
NC_002655.2,TreasureIsland,4610001,4620000
NC_002655.2,TreasureIsland,4650001,4690000
NC_002655.2,TreasureIsland,4700001,4710000
NC_002655.2,TreasureIsland,4750001,4760000
NC_002655.2,TreasureIsland,4900001,4910000
NC_002655.2,TreasureIsland,5380001,5400000
NC_002655.2,TreasureIsland,5420001,5430000
NC_002695.1,TreasureIsland,240001,280000
NC_002695.1,TreasureIsland,300001,375000
NC_002695.1,TreasureIsland,460001,470000
NC_002695.1,TreasureIsland,580001,600000
NC_002695.1,TreasureIsland,610001,620000
NC_002695.1,TreasureIsland,660001,675000
NC_002695.1,TreasureIsland,810001,820000
NC_002695.1,TreasureIsland,890001,930000
NC_002695.1,TreasureIsland,1160001,1210000
NC_002695.1,TreasureIsland,1240001,1310000
NC_002695.1,TreasureIsland,1330001,1360000
NC_002695.1,TreasureIsland,1370001,1465000
NC_002695.1,TreasureIsland,1490001,1500000
NC_002695.1,TreasureIsland,1540001,1610000
NC_002695.1,TreasureIsland,1620001,1670000
NC_002695.1,TreasureIsland,1750001,1820000
NC_002695.1,TreasureIsland,1920001,1970000
NC_002695.1,TreasureIsland,1980001,1990000
NC_002695.1,TreasureIsland,2000001,2010000
NC_002695.1,TreasureIsland,2040001,2050000
NC_002695.1,TreasureIsland,2060001,2070000
NC_002695.1,TreasureIsland,2100001,2120000
NC_002695.1,TreasureIsland,2140001,2260000
NC_002695.1,TreasureIsland,2400001,2410000
NC_002695.1,TreasureIsland,2590001,2610000
NC_002695.1,TreasureIsland,2660001,2750000
NC_002695.1,TreasureIsland,2770001,2790000
NC_002695.1,TreasureIsland,2888001,2940000
NC_002695.1,TreasureIsland,3070001,3080000
NC_002695.1,TreasureIsland,3190001,3220000
NC_002695.1,TreasureIsland,3440001,3450000
NC_002695.1,TreasureIsland,3470001,3510000
NC_002695.1,TreasureIsland,3710001,3740000
NC_002695.1,TreasureIsland,3850001,3880000
NC_002695.1,TreasureIsland,4155001,4170000
NC_002695.1,TreasureIsland,4180001,4190000
NC_002695.1,TreasureIsland,4360001,4370000
NC_002695.1,TreasureIsland,4500001,4520000
NC_002695.1,TreasureIsland,4540001,4550000
NC_002695.1,TreasureIsland,4580001,4620000
NC_002695.1,TreasureIsland,4680001,4690000
NC_002695.1,TreasureIsland,4790001,4800000
NC_002695.1,TreasureIsland,4870001,4880000
NC_002695.1,TreasureIsland,5040001,5080000
NC_002695.1,TreasureIsland,5350001,5370000
NC_002695.1,TreasureIsland,5390001,5400000
NC_002758.2,TreasureIsland,30001,125000
NC_002758.2,TreasureIsland,140001,150000
NC_002758.2,TreasureIsland,225001,240000
NC_002758.2,TreasureIsland,310001,330000
NC_002758.2,TreasureIsland,340001,355000
NC_002758.2,TreasureIsland,400001,425000
NC_002758.2,TreasureIsland,429001,490000
NC_002758.2,TreasureIsland,630001,645000
NC_002758.2,TreasureIsland,690001,710000
NC_002758.2,TreasureIsland,745001,765000
NC_002758.2,TreasureIsland,780001,790000
NC_002758.2,TreasureIsland,800001,810000
NC_002758.2,TreasureIsland,820001,830000
NC_002758.2,TreasureIsland,870001,915000
NC_002758.2,TreasureIsland,915001,960000
NC_002758.2,TreasureIsland,1018001,1030000
NC_002758.2,TreasureIsland,1075001,1100000
NC_002758.2,TreasureIsland,1110001,1120000
NC_002758.2,TreasureIsland,1210001,1240000
NC_002758.2,TreasureIsland,1310001,1320000
NC_002758.2,TreasureIsland,1380001,1405000
NC_002758.2,TreasureIsland,1510001,1545000
NC_002758.2,TreasureIsland,1760001,1770000
NC_002758.2,TreasureIsland,1905001,1920000
NC_002758.2,TreasureIsland,1930001,1960000
NC_002758.2,TreasureIsland,1990001,2000000
NC_002758.2,TreasureIsland,2070001,2145000
NC_002758.2,TreasureIsland,2146001,2170000
NC_002758.2,TreasureIsland,2180001,2190000
NC_002758.2,TreasureIsland,2270001,2285000
NC_002758.2,TreasureIsland,2295001,2310000
NC_002758.2,TreasureIsland,2345001,2360000
NC_002758.2,TreasureIsland,2370001,2385000
NC_002758.2,TreasureIsland,2460001,2470000
NC_002758.2,TreasureIsland,2500001,2510000
NC_002758.2,TreasureIsland,2510001,2520000
NC_002758.2,TreasureIsland,2610001,2640000
NC_002758.2,TreasureIsland,2815001,2840000
NC_002758.2,TreasureIsland,2850001,2865000
NC_002947.3,TreasureIsland,10001,40000
NC_002947.3,TreasureIsland,50001,60000
NC_002947.3,TreasureIsland,80001,90000
NC_002947.3,TreasureIsland,160001,170000
NC_002947.3,TreasureIsland,180001,220000
NC_002947.3,TreasureIsland,355001,370000
NC_002947.3,TreasureIsland,420001,445000
NC_002947.3,TreasureIsland,449001,460000
NC_002947.3,TreasureIsland,580001,600000
NC_002947.3,TreasureIsland,610001,620000
NC_002947.3,TreasureIsland,660001,690000
NC_002947.3,TreasureIsland,740001,780000
NC_002947.3,TreasureIsland,810001,830000
NC_002947.3,TreasureIsland,840001,850000
NC_002947.3,TreasureIsland,910001,920000
NC_002947.3,TreasureIsland,1006001,1020000
NC_002947.3,TreasureIsland,1060001,1070000
NC_002947.3,TreasureIsland,1190001,1240000
NC_002947.3,TreasureIsland,1250001,1260000
NC_002947.3,TreasureIsland,1270001,1280000
NC_002947.3,TreasureIsland,1290001,1300000
NC_002947.3,TreasureIsland,1360001,1380000
NC_002947.3,TreasureIsland,1580001,1590000
NC_002947.3,TreasureIsland,1620001,1630000
NC_002947.3,TreasureIsland,1650001,1660000
NC_002947.3,TreasureIsland,1710001,1720000
NC_002947.3,TreasureIsland,1735001,1750000
NC_002947.3,TreasureIsland,1835001,1865000
NC_002947.3,TreasureIsland,1900001,1910000
NC_002947.3,TreasureIsland,1940001,1970000
NC_002947.3,TreasureIsland,1980001,1990000
NC_002947.3,TreasureIsland,2000001,2020000
NC_002947.3,TreasureIsland,2030001,2050000
NC_002947.3,TreasureIsland,2060001,2070000
NC_002947.3,TreasureIsland,2100001,2130000
NC_002947.3,TreasureIsland,2160001,2230000
NC_002947.3,TreasureIsland,2270001,2280000
NC_002947.3,TreasureIsland,2290001,2300000
NC_002947.3,TreasureIsland,2310001,2330000
NC_002947.3,TreasureIsland,2350001,2360000
NC_002947.3,TreasureIsland,2470001,2520000
NC_002947.3,TreasureIsland,2540001,2570000
NC_002947.3,TreasureIsland,2580001,2640000
NC_002947.3,TreasureIsland,2685001,2700000
NC_002947.3,TreasureIsland,2725001,2740000
NC_002947.3,TreasureIsland,2770001,2780000
NC_002947.3,TreasureIsland,2810001,2830000
NC_002947.3,TreasureIsland,2840001,2860000
NC_002947.3,TreasureIsland,2870001,2880000
NC_002947.3,TreasureIsland,2900001,2940000
NC_002947.3,TreasureIsland,2950001,2960000
NC_002947.3,TreasureIsland,2960001,2980000
NC_002947.3,TreasureIsland,3000001,3010000
NC_002947.3,TreasureIsland,3020001,3040000
NC_002947.3,TreasureIsland,3068001,3080000
NC_002947.3,TreasureIsland,3090001,3100000
NC_002947.3,TreasureIsland,3110001,3135000
NC_002947.3,TreasureIsland,3150001,3160000
NC_002947.3,TreasureIsland,3185001,3205000
NC_002947.3,TreasureIsland,3235001,3250000
NC_002947.3,TreasureIsland,3260001,3280000
NC_002947.3,TreasureIsland,3290001,3300000
NC_002947.3,TreasureIsland,3340001,3350000
NC_002947.3,TreasureIsland,3365001,3450000
NC_002947.3,TreasureIsland,3470001,3480000
NC_002947.3,TreasureIsland,3510001,3540000
NC_002947.3,TreasureIsland,3570001,3580000
NC_002947.3,TreasureIsland,3590001,3600000
NC_002947.3,TreasureIsland,3610001,3635000
NC_002947.3,TreasureIsland,3635001,3670000
NC_002947.3,TreasureIsland,3680001,3710000
NC_002947.3,TreasureIsland,3720001,3745000
NC_002947.3,TreasureIsland,3760001,3820000
NC_002947.3,TreasureIsland,3835001,3865000
NC_002947.3,TreasureIsland,3887001,3900000
NC_002947.3,TreasureIsland,3930001,3950000
NC_002947.3,TreasureIsland,3970001,4060000
NC_002947.3,TreasureIsland,4120001,4130000
NC_002947.3,TreasureIsland,4165001,4270000
NC_002947.3,TreasureIsland,4280001,4330000
NC_002947.3,TreasureIsland,4360001,4425000
NC_002947.3,TreasureIsland,4440001,4450000
NC_002947.3,TreasureIsland,4460001,4500000
NC_002947.3,TreasureIsland,4530001,4560000
NC_002947.3,TreasureIsland,4580001,4640000
NC_002947.3,TreasureIsland,4666001,4680000
NC_002947.3,TreasureIsland,4690001,4710000
NC_002947.3,TreasureIsland,4765001,4800000
NC_002947.3,TreasureIsland,4810001,4830000
NC_002947.3,TreasureIsland,4890001,4910000
NC_002947.3,TreasureIsland,4960001,4980000
NC_002947.3,TreasureIsland,5000001,5080000
NC_002947.3,TreasureIsland,5100001,5115000
NC_002947.3,TreasureIsland,5170001,5190000
NC_002947.3,TreasureIsland,5220001,5250000
NC_002947.3,TreasureIsland,5290001,5310000
NC_002947.3,TreasureIsland,5320001,5330000
NC_002947.3,TreasureIsland,5390001,5400000
NC_002947.3,TreasureIsland,5420001,5440000
NC_002947.3,TreasureIsland,5490001,5500000
NC_002947.3,TreasureIsland,5520001,5540000
NC_002947.3,TreasureIsland,5676001,5690000
NC_002947.3,TreasureIsland,5700001,5720000
NC_002947.3,TreasureIsland,5750001,5760000
NC_002947.3,TreasureIsland,5850001,5870000
NC_002947.3,TreasureIsland,5970001,5980000
NC_002947.3,TreasureIsland,5990001,6000000
NC_002947.3,TreasureIsland,6060001,6070000
NC_002947.3,TreasureIsland,6120001,6170000
NC_003047.1,TreasureIsland,80001,90000
NC_003047.1,TreasureIsland,490001,505000
NC_003047.1,TreasureIsland,540001,560000
NC_003047.1,TreasureIsland,655001,690000
NC_003047.1,TreasureIsland,820001,830000
NC_003047.1,TreasureIsland,1089001,1100000
NC_003047.1,TreasureIsland,1140001,1150000
NC_003047.1,TreasureIsland,1190001,1200000
NC_003047.1,TreasureIsland,1520001,1530000
NC_003047.1,TreasureIsland,1740001,1750000
NC_003047.1,TreasureIsland,1780001,1790000
NC_003047.1,TreasureIsland,1815001,1830000
NC_003047.1,TreasureIsland,1840001,1860000
NC_003047.1,TreasureIsland,2480001,2500000
NC_003047.1,TreasureIsland,2800001,2810000
NC_003047.1,TreasureIsland,3200001,3210000
NC_003047.1,TreasureIsland,3360001,3440000
NC_003197.1,TreasureIsland,20001,40000
NC_003197.1,TreasureIsland,60001,70000
NC_003197.1,TreasureIsland,298001,350000
NC_003197.1,TreasureIsland,370001,390000
NC_003197.1,TreasureIsland,600001,620000
NC_003197.1,TreasureIsland,780001,790000
NC_003197.1,TreasureIsland,820001,830000
NC_003197.1,TreasureIsland,920001,930000
NC_003197.1,TreasureIsland,960001,1000000
NC_003197.1,TreasureIsland,1100001,1140000
NC_003197.1,TreasureIsland,1170001,1180000
NC_003197.1,TreasureIsland,1210001,1225000
NC_003197.1,TreasureIsland,1240001,1250000
NC_003197.1,TreasureIsland,1260001,1270000
NC_003197.1,TreasureIsland,1320001,1355000
NC_003197.1,TreasureIsland,1400001,1410000
NC_003197.1,TreasureIsland,1460001,1500000
NC_003197.1,TreasureIsland,1590001,1630000
NC_003197.1,TreasureIsland,1700001,1710000
NC_003197.1,TreasureIsland,1720001,1730000
NC_003197.1,TreasureIsland,1750001,1770000
NC_003197.1,TreasureIsland,1950001,1970000
NC_003197.1,TreasureIsland,2020001,2030000
NC_003197.1,TreasureIsland,2080001,2090000
NC_003197.1,TreasureIsland,2100001,2110000
NC_003197.1,TreasureIsland,2160001,2170000
NC_003197.1,TreasureIsland,2330001,2350000
NC_003197.1,TreasureIsland,2630001,2650000
NC_003197.1,TreasureIsland,2730001,2780000
NC_003197.1,TreasureIsland,2790001,2800000
NC_003197.1,TreasureIsland,2830001,2930000
NC_003197.1,TreasureIsland,3010001,3025000
NC_003197.1,TreasureIsland,3040001,3050000
NC_003197.1,TreasureIsland,3180001,3200000
NC_003197.1,TreasureIsland,3270001,3290000
NC_003197.1,TreasureIsland,3560001,3570000
NC_003197.1,TreasureIsland,3580001,3600000
NC_003197.1,TreasureIsland,3830001,3840000
NC_003197.1,TreasureIsland,3910001,3920000
NC_003197.1,TreasureIsland,3950001,3960000
NC_003197.1,TreasureIsland,4010001,4020000
NC_003197.1,TreasureIsland,4420001,4430000
NC_003197.1,TreasureIsland,4470001,4500000
NC_003197.1,TreasureIsland,4550001,4570000
NC_003197.1,TreasureIsland,4660001,4670000
NC_003197.1,TreasureIsland,4750001,4770000
NC_003197.1,TreasureIsland,4850001,4857432
NC_003198.1,TreasureIsland,20001,40000
NC_003198.1,TreasureIsland,60001,70000
NC_003198.1,TreasureIsland,280001,295000
NC_003198.1,TreasureIsland,296001,360000
NC_003198.1,TreasureIsland,380001,390000
NC_003198.1,TreasureIsland,595001,610000
NC_003198.1,TreasureIsland,750001,770000
NC_003198.1,TreasureIsland,1010001,1050000
NC_003198.1,TreasureIsland,1080001,1090000
NC_003198.1,TreasureIsland,1120001,1135000
NC_003198.1,TreasureIsland,1170001,1180000
NC_003198.1,TreasureIsland,1250001,1260000
NC_003198.1,TreasureIsland,1340001,1360000
NC_003198.1,TreasureIsland,1380001,1400000
NC_003198.1,TreasureIsland,1450001,1480000
NC_003198.1,TreasureIsland,1540001,1570000
NC_003198.1,TreasureIsland,1620001,1650000
NC_003198.1,TreasureIsland,1700001,1710000
NC_003198.1,TreasureIsland,1760001,1790000
NC_003198.1,TreasureIsland,1870001,1940000
NC_003198.1,TreasureIsland,1970001,1980000
NC_003198.1,TreasureIsland,1990001,2000000
NC_003198.1,TreasureIsland,2040001,2055000
NC_003198.1,TreasureIsland,2055001,2070000
NC_003198.1,TreasureIsland,2090001,2100000
NC_003198.1,TreasureIsland,2120001,2130000
NC_003198.1,TreasureIsland,2185001,2200000
NC_003198.1,TreasureIsland,2290001,2310000
NC_003198.1,TreasureIsland,2460001,2475000
NC_003198.1,TreasureIsland,2590001,2610000
NC_003198.1,TreasureIsland,2710001,2720000
NC_003198.1,TreasureIsland,2740001,2750000
NC_003198.1,TreasureIsland,2760001,2780000
NC_003198.1,TreasureIsland,2860001,2880000
NC_003198.1,TreasureIsland,2890001,2900000
NC_003198.1,TreasureIsland,3040001,3060000
NC_003198.1,TreasureIsland,3130001,3150000
NC_003198.1,TreasureIsland,3410001,3420000
NC_003198.1,TreasureIsland,3510001,3560000
NC_003198.1,TreasureIsland,3590001,3600000
NC_003198.1,TreasureIsland,3740001,3750000
NC_003198.1,TreasureIsland,3860001,3870000
NC_003198.1,TreasureIsland,3885001,3900000
NC_003198.1,TreasureIsland,3930001,3940000
NC_003198.1,TreasureIsland,4080001,4090000
NC_003198.1,TreasureIsland,4120001,4130000
NC_003198.1,TreasureIsland,4190001,4200000
NC_003198.1,TreasureIsland,4250001,4260000
NC_003198.1,TreasureIsland,4320001,4350000
NC_003198.1,TreasureIsland,4400001,4540000
NC_003198.1,TreasureIsland,4680001,4730000
NC_003485.1,TreasureIsland,1,15000
NC_003485.1,TreasureIsland,110001,135000
NC_003485.1,TreasureIsland,150001,160000
NC_003485.1,TreasureIsland,180001,190000
NC_003485.1,TreasureIsland,217001,230000
NC_003485.1,TreasureIsland,250001,285000
NC_003485.1,TreasureIsland,285001,405000
NC_003485.1,TreasureIsland,420001,450000
NC_003485.1,TreasureIsland,475001,515000
NC_003485.1,TreasureIsland,575001,620000
NC_003485.1,TreasureIsland,670001,700000
NC_003485.1,TreasureIsland,750001,760000
NC_003485.1,TreasureIsland,785001,800000
NC_003485.1,TreasureIsland,1040001,1090000
NC_003485.1,TreasureIsland,1210001,1240000
NC_003485.1,TreasureIsland,1340001,1350000
NC_003485.1,TreasureIsland,1450001,1490000
NC_003485.1,TreasureIsland,1540001,1550000
NC_003485.1,TreasureIsland,1630001,1655000
NC_003485.1,TreasureIsland,1716001,1735000
NC_003485.1,TreasureIsland,1735001,1760000
NC_003485.1,TreasureIsland,1840001,1850000
NC_003485.1,TreasureIsland,1870001,1895017
NC_003909.8,TreasureIsland,160001,200000
NC_003909.8,TreasureIsland,380001,440000
NC_003909.8,TreasureIsland,860001,875000
NC_003909.8,TreasureIsland,1010001,1020000
NC_003909.8,TreasureIsland,1040001,1060000
NC_003909.8,TreasureIsland,2360001,2370000
NC_003909.8,TreasureIsland,2450001,2460000
NC_003909.8,TreasureIsland,2555001,2570000
NC_003909.8,TreasureIsland,2597001,2620000
NC_003909.8,TreasureIsland,2870001,2880000
NC_003909.8,TreasureIsland,2940001,2975000
NC_003909.8,TreasureIsland,3000001,3015000
NC_003909.8,TreasureIsland,3020001,3050000
NC_003909.8,TreasureIsland,3120001,3135000
NC_003909.8,TreasureIsland,3200001,3210000
NC_003909.8,TreasureIsland,3280001,3290000
NC_003909.8,TreasureIsland,3480001,3490000
NC_003909.8,TreasureIsland,3820001,3830000
NC_003909.8,TreasureIsland,4240001,4255000
NC_003909.8,TreasureIsland,4255001,4280000
NC_003909.8,TreasureIsland,4490001,4505000
NC_003909.8,TreasureIsland,4640001,4655000
NC_003909.8,TreasureIsland,4970001,4980000
NC_003909.8,TreasureIsland,5180001,5200000
NC_003923.1,TreasureIsland,30001,95000
NC_003923.1,TreasureIsland,176001,190000
NC_003923.1,TreasureIsland,199001,215000
NC_003923.1,TreasureIsland,290001,310000
NC_003923.1,TreasureIsland,320001,335000
NC_003923.1,TreasureIsland,380001,405000
NC_003923.1,TreasureIsland,409001,450000
NC_003923.1,TreasureIsland,590001,610000
NC_003923.1,TreasureIsland,630001,650000
NC_003923.1,TreasureIsland,660001,685000
NC_003923.1,TreasureIsland,715001,735000
NC_003923.1,TreasureIsland,750001,760000
NC_003923.1,TreasureIsland,770001,800000
NC_003923.1,TreasureIsland,840001,880000
NC_003923.1,TreasureIsland,910001,920000
NC_003923.1,TreasureIsland,967001,980000
NC_003923.1,TreasureIsland,1000001,1015000
NC_003923.1,TreasureIsland,1050001,1060000
NC_003923.1,TreasureIsland,1130001,1160000
NC_003923.1,TreasureIsland,1280001,1290000
NC_003923.1,TreasureIsland,1305001,1335000
NC_003923.1,TreasureIsland,1380001,1390000
NC_003923.1,TreasureIsland,1440001,1465000
NC_003923.1,TreasureIsland,1520001,1580000
NC_003923.1,TreasureIsland,1885001,1930000
NC_003923.1,TreasureIsland,1950001,1970000
NC_003923.1,TreasureIsland,2035001,2110000
NC_003923.1,TreasureIsland,2130001,2145000
NC_003923.1,TreasureIsland,2220001,2235000
NC_003923.1,TreasureIsland,2245001,2260000
NC_003923.1,TreasureIsland,2310001,2320000
NC_003923.1,TreasureIsland,2450001,2460000
NC_003923.1,TreasureIsland,2490001,2505000
NC_003923.1,TreasureIsland,2550001,2580000
NC_003923.1,TreasureIsland,2710001,2725000
NC_003923.1,TreasureIsland,2749001,2780000
NC_003923.1,TreasureIsland,2790001,2805000
NC_003923.1,TreasureIsland,2820001,2820462
NC_003997.3,TreasureIsland,160001,170000
NC_003997.3,TreasureIsland,270001,285000
NC_003997.3,TreasureIsland,468001,480000
NC_003997.3,TreasureIsland,2058001,2070000
NC_003997.3,TreasureIsland,2150001,2165000
NC_003997.3,TreasureIsland,2350001,2360000
NC_003997.3,TreasureIsland,2390001,2400000
NC_003997.3,TreasureIsland,2470001,2485000
NC_003997.3,TreasureIsland,2500001,2525000
NC_003997.3,TreasureIsland,2525001,2540000
NC_003997.3,TreasureIsland,2870001,2885000
NC_003997.3,TreasureIsland,2885001,2920000
NC_003997.3,TreasureIsland,3010001,3050000
NC_003997.3,TreasureIsland,3160001,3170000
NC_003997.3,TreasureIsland,3200001,3210000
NC_003997.3,TreasureIsland,3280001,3290000
NC_003997.3,TreasureIsland,3420001,3430000
NC_003997.3,TreasureIsland,3455001,3500000
NC_003997.3,TreasureIsland,3750001,3775000
NC_003997.3,TreasureIsland,3775001,3790000
NC_003997.3,TreasureIsland,4650001,4660000
NC_003997.3,TreasureIsland,4840001,4855000
NC_003997.3,TreasureIsland,4995001,5010000
NC_004070.1,TreasureIsland,1,15000
NC_004070.1,TreasureIsland,110001,130000
NC_004070.1,TreasureIsland,150001,160000
NC_004070.1,TreasureIsland,260001,325000
NC_004070.1,TreasureIsland,325001,365000
NC_004070.1,TreasureIsland,410001,455000
NC_004070.1,TreasureIsland,560001,575000
NC_004070.1,TreasureIsland,575001,595000
NC_004070.1,TreasureIsland,640001,655000
NC_004070.1,TreasureIsland,670001,690000
NC_004070.1,TreasureIsland,735001,795000
NC_004070.1,TreasureIsland,860001,870000
NC_004070.1,TreasureIsland,970001,1020000
NC_004070.1,TreasureIsland,1140001,1170000
NC_004070.1,TreasureIsland,1230001,1285000
NC_004070.1,TreasureIsland,1305001,1365000
NC_004070.1,TreasureIsland,1410001,1450000
NC_004070.1,TreasureIsland,1599001,1610000
NC_004070.1,TreasureIsland,1640001,1680000
NC_004070.1,TreasureIsland,1738001,1765000
NC_004070.1,TreasureIsland,1850001,1860000
NC_004070.1,TreasureIsland,1890001,1900521
NC_004088.1,TreasureIsland,230001,240000
NC_004088.1,TreasureIsland,260001,285000
NC_004088.1,TreasureIsland,300001,310000
NC_004088.1,TreasureIsland,380001,390000
NC_004088.1,TreasureIsland,570001,595000
NC_004088.1,TreasureIsland,620001,640000
NC_004088.1,TreasureIsland,830001,850000
NC_004088.1,TreasureIsland,1010001,1020000
NC_004088.1,TreasureIsland,1080001,1090000
NC_004088.1,TreasureIsland,1200001,1220000
NC_004088.1,TreasureIsland,1250001,1260000
NC_004088.1,TreasureIsland,1270001,1280000
NC_004088.1,TreasureIsland,1360001,1380000
NC_004088.1,TreasureIsland,1490001,1500000
NC_004088.1,TreasureIsland,1510001,1530000
NC_004088.1,TreasureIsland,1610001,1620000
NC_004088.1,TreasureIsland,1630001,1640000
NC_004088.1,TreasureIsland,1690001,1700000
NC_004088.1,TreasureIsland,1710001,1730000
NC_004088.1,TreasureIsland,1850001,1860000
NC_004088.1,TreasureIsland,1870001,1890000
NC_004088.1,TreasureIsland,1910001,1930000
NC_004088.1,TreasureIsland,2010001,2020000
NC_004088.1,TreasureIsland,2030001,2050000
NC_004088.1,TreasureIsland,2220001,2230000
NC_004088.1,TreasureIsland,2240001,2250000
NC_004088.1,TreasureIsland,2370001,2380000
NC_004088.1,TreasureIsland,2410001,2460000
NC_004088.1,TreasureIsland,2530001,2560000
NC_004088.1,TreasureIsland,2570001,2580000
NC_004088.1,TreasureIsland,2620001,2630000
NC_004088.1,TreasureIsland,2640001,2665000
NC_004088.1,TreasureIsland,2667001,2710000
NC_004088.1,TreasureIsland,2730001,2740000
NC_004088.1,TreasureIsland,2780001,2790000
NC_004088.1,TreasureIsland,2820001,2850000
NC_004088.1,TreasureIsland,2940001,3010000
NC_004088.1,TreasureIsland,3190001,3200000
NC_004088.1,TreasureIsland,3240001,3250000
NC_004088.1,TreasureIsland,3390001,3420000
NC_004088.1,TreasureIsland,3510001,3540000
NC_004088.1,TreasureIsland,3570001,3600000
NC_004088.1,TreasureIsland,3660001,3680000
NC_004088.1,TreasureIsland,3690001,3720000
NC_004088.1,TreasureIsland,3745001,3785000
NC_004088.1,TreasureIsland,3785001,3835000
NC_004088.1,TreasureIsland,3855001,3875000
NC_004088.1,TreasureIsland,3920001,3940000
NC_004088.1,TreasureIsland,3960001,3980000
NC_004088.1,TreasureIsland,4076001,4090000
NC_004088.1,TreasureIsland,4200001,4220000
NC_004088.1,TreasureIsland,4240001,4250000
NC_004088.1,TreasureIsland,4480001,4510000
NC_004088.1,TreasureIsland,4600001,4600755
NC_004116.1,TreasureIsland,190001,200000
NC_004116.1,TreasureIsland,230001,255000
NC_004116.1,TreasureIsland,255001,270000
NC_004116.1,TreasureIsland,336001,360000
NC_004116.1,TreasureIsland,375001,390000
NC_004116.1,TreasureIsland,419001,465000
NC_004116.1,TreasureIsland,470001,480000
NC_004116.1,TreasureIsland,540001,550000
NC_004116.1,TreasureIsland,560001,610000
NC_004116.1,TreasureIsland,620001,680000
NC_004116.1,TreasureIsland,710001,720000
NC_004116.1,TreasureIsland,730001,740000
NC_004116.1,TreasureIsland,808001,820000
NC_004116.1,TreasureIsland,830001,840000
NC_004116.1,TreasureIsland,850001,860000
NC_004116.1,TreasureIsland,895001,910000
NC_004116.1,TreasureIsland,920001,940000
NC_004116.1,TreasureIsland,970001,990000
NC_004116.1,TreasureIsland,1020001,1050000
NC_004116.1,TreasureIsland,1070001,1085000
NC_004116.1,TreasureIsland,1130001,1145000
NC_004116.1,TreasureIsland,1160001,1180000
NC_004116.1,TreasureIsland,1230001,1315000
NC_004116.1,TreasureIsland,1409001,1420000
NC_004116.1,TreasureIsland,1456001,1500000
NC_004116.1,TreasureIsland,1510001,1520000
NC_004116.1,TreasureIsland,1550001,1585000
NC_004116.1,TreasureIsland,1690001,1700000
NC_004116.1,TreasureIsland,1710001,1720000
NC_004116.1,TreasureIsland,1779001,1790000
NC_004116.1,TreasureIsland,1830001,1890000
NC_004116.1,TreasureIsland,1955001,1995000
NC_004116.1,TreasureIsland,1995001,2035000
NC_004116.1,TreasureIsland,2035001,2050000
NC_004116.1,TreasureIsland,2090001,2110000
NC_004116.1,TreasureIsland,2150001,2160267
NC_004337.1,TreasureIsland,225001,250000
NC_004337.1,TreasureIsland,260001,290000
NC_004337.1,TreasureIsland,310001,330000
NC_004337.1,TreasureIsland,370001,380000
NC_004337.1,TreasureIsland,500001,510000
NC_004337.1,TreasureIsland,690001,750000
NC_004337.1,TreasureIsland,860001,870000
NC_004337.1,TreasureIsland,900001,920000
NC_004337.1,TreasureIsland,980001,990000
NC_004337.1,TreasureIsland,1070001,1080000
NC_004337.1,TreasureIsland,1090001,1110000
NC_004337.1,TreasureIsland,1170001,1190000
NC_004337.1,TreasureIsland,1200001,1210000
NC_004337.1,TreasureIsland,1230001,1241000
NC_004337.1,TreasureIsland,1300001,1310000
NC_004337.1,TreasureIsland,1380001,1430000
NC_004337.1,TreasureIsland,1560001,1581000
NC_004337.1,TreasureIsland,1590001,1615000
NC_004337.1,TreasureIsland,1616001,1640000
NC_004337.1,TreasureIsland,1760001,1770000
NC_004337.1,TreasureIsland,1800001,1810000
NC_004337.1,TreasureIsland,1820001,1830000
NC_004337.1,TreasureIsland,1840001,1850000
NC_004337.1,TreasureIsland,1870001,1890000
NC_004337.1,TreasureIsland,1910001,1940000
NC_004337.1,TreasureIsland,2030001,2090000
NC_004337.1,TreasureIsland,2105001,2120000
NC_004337.1,TreasureIsland,2190001,2215000
NC_004337.1,TreasureIsland,2217001,2240000
NC_004337.1,TreasureIsland,2470001,2500000
NC_004337.1,TreasureIsland,2550001,2560000
NC_004337.1,TreasureIsland,2610001,2620000
NC_004337.1,TreasureIsland,2680001,2700000
NC_004337.1,TreasureIsland,2720001,2730000
NC_004337.1,TreasureIsland,2750001,2760000
NC_004337.1,TreasureIsland,2940001,2960000
NC_004337.1,TreasureIsland,3050001,3110000
NC_004337.1,TreasureIsland,3170001,3180000
NC_004337.1,TreasureIsland,3270001,3280000
NC_004337.1,TreasureIsland,3400001,3410000
NC_004337.1,TreasureIsland,3430001,3440000
NC_004337.1,TreasureIsland,3590001,3610000
NC_004337.1,TreasureIsland,3620001,3640000
NC_004337.1,TreasureIsland,3690001,3700000
NC_004337.1,TreasureIsland,3770001,3780000
NC_004337.1,TreasureIsland,3800001,3830000
NC_004337.1,TreasureIsland,3850001,3860000
NC_004337.1,TreasureIsland,3910001,3920000
NC_004337.1,TreasureIsland,4050001,4060000
NC_004337.1,TreasureIsland,4360001,4375000
NC_004337.1,TreasureIsland,4375001,4400000
NC_004368.1,TreasureIsland,190001,200000
NC_004368.1,TreasureIsland,230001,250000
NC_004368.1,TreasureIsland,260001,275000
NC_004368.1,TreasureIsland,290001,300000
NC_004368.1,TreasureIsland,320001,352000
NC_004368.1,TreasureIsland,375001,435000
NC_004368.1,TreasureIsland,470001,520000
NC_004368.1,TreasureIsland,530001,540000
NC_004368.1,TreasureIsland,598001,635000
NC_004368.1,TreasureIsland,635001,680000
NC_004368.1,TreasureIsland,700001,765000
NC_004368.1,TreasureIsland,839001,850000
NC_004368.1,TreasureIsland,870001,880000
NC_004368.1,TreasureIsland,890001,900000
NC_004368.1,TreasureIsland,940001,970000
NC_004368.1,TreasureIsland,990001,1035000
NC_004368.1,TreasureIsland,1035001,1065000
NC_004368.1,TreasureIsland,1090001,1120000
NC_004368.1,TreasureIsland,1157001,1195000
NC_004368.1,TreasureIsland,1230001,1240000
NC_004368.1,TreasureIsland,1250001,1260000
NC_004368.1,TreasureIsland,1270001,1285000
NC_004368.1,TreasureIsland,1300001,1310000
NC_004368.1,TreasureIsland,1340001,1425000
NC_004368.1,TreasureIsland,1470001,1485000
NC_004368.1,TreasureIsland,1520001,1535000
NC_004368.1,TreasureIsland,1570001,1630000
NC_004368.1,TreasureIsland,1660001,1685000
NC_004368.1,TreasureIsland,1795001,1810000
NC_004368.1,TreasureIsland,1820001,1830000
NC_004368.1,TreasureIsland,1920001,1930000
NC_004368.1,TreasureIsland,1950001,1965000
NC_004368.1,TreasureIsland,1999001,2020000
NC_004368.1,TreasureIsland,2030001,2090000
NC_004368.1,TreasureIsland,2130001,2160000
NC_004368.1,TreasureIsland,2200001,2211485
NC_004431.1,TreasureIsland,120001,130000
NC_004431.1,TreasureIsland,240001,350000
NC_004431.1,TreasureIsland,370001,420000
NC_004431.1,TreasureIsland,910001,940000
NC_004431.1,TreasureIsland,1120001,1140000
NC_004431.1,TreasureIsland,1150001,1250000
NC_004431.1,TreasureIsland,1330001,1395000
NC_004431.1,TreasureIsland,1395001,1460000
NC_004431.1,TreasureIsland,1530001,1540000
NC_004431.1,TreasureIsland,1550001,1560000
NC_004431.1,TreasureIsland,1660001,1670000
NC_004431.1,TreasureIsland,1680001,1690000
NC_004431.1,TreasureIsland,1710001,1730000
NC_004431.1,TreasureIsland,1760001,1780000
NC_004431.1,TreasureIsland,1790001,1800000
NC_004431.1,TreasureIsland,2190001,2230000
NC_004431.1,TreasureIsland,2240001,2295000
NC_004431.1,TreasureIsland,2295001,2370000
NC_004431.1,TreasureIsland,2390001,2400000
NC_004431.1,TreasureIsland,2450001,2460000
NC_004431.1,TreasureIsland,2740001,2770000
NC_004431.1,TreasureIsland,3020001,3070000
NC_004431.1,TreasureIsland,3220001,3250000
NC_004431.1,TreasureIsland,3400001,3530000
NC_004431.1,TreasureIsland,3600001,3610000
NC_004431.1,TreasureIsland,3850001,3865000
NC_004431.1,TreasureIsland,3869001,3880000
NC_004431.1,TreasureIsland,3990001,4000000
NC_004431.1,TreasureIsland,4260001,4310000
NC_004431.1,TreasureIsland,4320001,4345000
NC_004431.1,TreasureIsland,4520001,4530000
NC_004431.1,TreasureIsland,4650001,4660000
NC_004431.1,TreasureIsland,4810001,4821000
NC_004431.1,TreasureIsland,4915001,4970000
NC_004431.1,TreasureIsland,5090001,5100000
NC_004431.1,TreasureIsland,5110001,5140000
NC_004459.2,TreasureIsland,1,15000
NC_004459.2,TreasureIsland,50001,65000
NC_004459.2,TreasureIsland,70001,80000
NC_004459.2,TreasureIsland,80001,95000
NC_004459.2,TreasureIsland,97001,115000
NC_004459.2,TreasureIsland,190001,200000
NC_004459.2,TreasureIsland,230001,240000
NC_004459.2,TreasureIsland,330001,340000
NC_004459.2,TreasureIsland,350001,400000
NC_004459.2,TreasureIsland,470001,480000
NC_004459.2,TreasureIsland,630001,640000
NC_004459.2,TreasureIsland,750001,765000
NC_004459.2,TreasureIsland,780001,795000
NC_004459.2,TreasureIsland,920001,940000
NC_004459.2,TreasureIsland,950001,960000
NC_004459.2,TreasureIsland,970001,980000
NC_004459.2,TreasureIsland,1050001,1060000
NC_004459.2,TreasureIsland,1110001,1120000
NC_004459.2,TreasureIsland,1130001,1150000
NC_004459.2,TreasureIsland,1270001,1280000
NC_004459.2,TreasureIsland,1300001,1320000
NC_004459.2,TreasureIsland,1410001,1420000
NC_004459.2,TreasureIsland,1420001,1430000
NC_004459.2,TreasureIsland,1450001,1465000
NC_004459.2,TreasureIsland,1465001,1500000
NC_004459.2,TreasureIsland,1610001,1620000
NC_004459.2,TreasureIsland,1680001,1715000
NC_004459.2,TreasureIsland,1730001,1755000
NC_004459.2,TreasureIsland,1779001,1810000
NC_004459.2,TreasureIsland,1820001,1835000
NC_004459.2,TreasureIsland,1835001,1850000
NC_004459.2,TreasureIsland,1880001,1890000
NC_004459.2,TreasureIsland,1900001,1920000
NC_004459.2,TreasureIsland,1976001,1990000
NC_004459.2,TreasureIsland,2000001,2050000
NC_004459.2,TreasureIsland,2070001,2085000
NC_004459.2,TreasureIsland,2110001,2140000
NC_004459.2,TreasureIsland,2175001,2210000
NC_004459.2,TreasureIsland,2220001,2230000
NC_004459.2,TreasureIsland,2240001,2255000
NC_004459.2,TreasureIsland,2256001,2310000
NC_004459.2,TreasureIsland,2310001,2325000
NC_004459.2,TreasureIsland,2329001,2340000
NC_004459.2,TreasureIsland,2350001,2365000
NC_004459.2,TreasureIsland,2390001,2400000
NC_004459.2,TreasureIsland,2410001,2425000
NC_004459.2,TreasureIsland,2435001,2600000
NC_004459.2,TreasureIsland,2695001,2715000
NC_004459.2,TreasureIsland,2756001,2780000
NC_004459.2,TreasureIsland,2800001,2812000
NC_004459.2,TreasureIsland,2830001,2840000
NC_004459.2,TreasureIsland,2850001,2865000
NC_004459.2,TreasureIsland,2880001,2890000
NC_004459.2,TreasureIsland,2900001,2915000
NC_004459.2,TreasureIsland,3028001,3040000
NC_004459.2,TreasureIsland,3050001,3060000
NC_004459.2,TreasureIsland,3210001,3220000
NC_004459.2,TreasureIsland,3245001,3281944
NC_004578.1,TreasureIsland,1,80000
NC_004578.1,TreasureIsland,210001,240000
NC_004578.1,TreasureIsland,260001,270000
NC_004578.1,TreasureIsland,295001,320000
NC_004578.1,TreasureIsland,340001,350000
NC_004578.1,TreasureIsland,460001,470000
NC_004578.1,TreasureIsland,540001,550000
NC_004578.1,TreasureIsland,565001,590000
NC_004578.1,TreasureIsland,629001,650000
NC_004578.1,TreasureIsland,710001,725000
NC_004578.1,TreasureIsland,755001,770000
NC_004578.1,TreasureIsland,820001,840000
NC_004578.1,TreasureIsland,890001,920000
NC_004578.1,TreasureIsland,920001,990000
NC_004578.1,TreasureIsland,1000001,1010000
NC_004578.1,TreasureIsland,1155001,1220000
NC_004578.1,TreasureIsland,1310001,1320000
NC_004578.1,TreasureIsland,1330001,1350000
NC_004578.1,TreasureIsland,1440001,1450000
NC_004578.1,TreasureIsland,1500001,1530000
NC_004578.1,TreasureIsland,1540001,1550000
NC_004578.1,TreasureIsland,1590001,1600000
NC_004578.1,TreasureIsland,1725001,1740000
NC_004578.1,TreasureIsland,1755001,1770000
NC_004578.1,TreasureIsland,1806001,1840000
NC_004578.1,TreasureIsland,2010001,2040000
NC_004578.1,TreasureIsland,2090001,2100000
NC_004578.1,TreasureIsland,2185001,2200000
NC_004578.1,TreasureIsland,2240001,2260000
NC_004578.1,TreasureIsland,2290001,2300000
NC_004578.1,TreasureIsland,2380001,2390000
NC_004578.1,TreasureIsland,2440001,2480000
NC_004578.1,TreasureIsland,2500001,2510000
NC_004578.1,TreasureIsland,2560001,2585000
NC_004578.1,TreasureIsland,2630001,2655000
NC_004578.1,TreasureIsland,2668001,2700000
NC_004578.1,TreasureIsland,2720001,2730000
NC_004578.1,TreasureIsland,2795001,2825000
NC_004578.1,TreasureIsland,2870001,2900000
NC_004578.1,TreasureIsland,3080001,3090000
NC_004578.1,TreasureIsland,3110001,3120000
NC_004578.1,TreasureIsland,3140001,3165000
NC_004578.1,TreasureIsland,3165001,3265000
NC_004578.1,TreasureIsland,3340001,3350000
NC_004578.1,TreasureIsland,3380001,3400000
NC_004578.1,TreasureIsland,3420001,3485000
NC_004578.1,TreasureIsland,3595001,3650000
NC_004578.1,TreasureIsland,3710001,3720000
NC_004578.1,TreasureIsland,3820001,3890000
NC_004578.1,TreasureIsland,3930001,3940000
NC_004578.1,TreasureIsland,3990001,4000000
NC_004578.1,TreasureIsland,4020001,4030000
NC_004578.1,TreasureIsland,4060001,4080000
NC_004578.1,TreasureIsland,4150001,4165000
NC_004578.1,TreasureIsland,4210001,4220000
NC_004578.1,TreasureIsland,4240001,4250000
NC_004578.1,TreasureIsland,4440001,4460000
NC_004578.1,TreasureIsland,4470001,4480000
NC_004578.1,TreasureIsland,4498001,4530000
NC_004578.1,TreasureIsland,4540001,4595000
NC_004578.1,TreasureIsland,4598001,4610000
NC_004578.1,TreasureIsland,4670001,4680000
NC_004578.1,TreasureIsland,4710001,4720000
NC_004578.1,TreasureIsland,4780001,4825000
NC_004578.1,TreasureIsland,4840001,4850000
NC_004578.1,TreasureIsland,4865001,4910000
NC_004578.1,TreasureIsland,5080001,5115000
NC_004578.1,TreasureIsland,5180001,5240000
NC_004578.1,TreasureIsland,5250001,5260000
NC_004578.1,TreasureIsland,5270001,5430000
NC_004578.1,TreasureIsland,5490001,5500000
NC_004578.1,TreasureIsland,5630001,5640000
NC_004578.1,TreasureIsland,5750001,5760000
NC_004578.1,TreasureIsland,5920001,5935000
NC_004578.1,TreasureIsland,5940001,5960000
NC_004578.1,TreasureIsland,6070001,6120000
NC_004578.1,TreasureIsland,6140001,6155000
NC_004578.1,TreasureIsland,6180001,6205000
NC_004578.1,TreasureIsland,6205001,6220000
NC_004578.1,TreasureIsland,6330001,6380000
NC_004603.1,TreasureIsland,60001,70000
NC_004603.1,TreasureIsland,90001,105000
NC_004603.1,TreasureIsland,190001,215000
NC_004603.1,TreasureIsland,230001,250000
NC_004603.1,TreasureIsland,357001,405000
NC_004603.1,TreasureIsland,570001,580000
NC_004603.1,TreasureIsland,650001,690000
NC_004603.1,TreasureIsland,740001,750000
NC_004603.1,TreasureIsland,960001,980000
NC_004603.1,TreasureIsland,1045001,1075000
NC_004603.1,TreasureIsland,1110001,1140000
NC_004603.1,TreasureIsland,1150001,1160000
NC_004603.1,TreasureIsland,1190001,1200000
NC_004603.1,TreasureIsland,1260001,1270000
NC_004603.1,TreasureIsland,1275001,1290000
NC_004603.1,TreasureIsland,1330001,1340000
NC_004603.1,TreasureIsland,1360001,1370000
NC_004603.1,TreasureIsland,1380001,1415000
NC_004603.1,TreasureIsland,1429001,1490000
NC_004603.1,TreasureIsland,1510001,1535000
NC_004603.1,TreasureIsland,1650001,1680000
NC_004603.1,TreasureIsland,1785001,1805000
NC_004603.1,TreasureIsland,1850001,1860000
NC_004603.1,TreasureIsland,1865001,1880000
NC_004603.1,TreasureIsland,1895001,1950000
NC_004603.1,TreasureIsland,1960001,1975000
NC_004603.1,TreasureIsland,2030001,2040000
NC_004603.1,TreasureIsland,2079001,2100000
NC_004603.1,TreasureIsland,2110001,2120000
NC_004603.1,TreasureIsland,2240001,2260000
NC_004603.1,TreasureIsland,2680001,2690000
NC_004603.1,TreasureIsland,2770001,2790000
NC_004603.1,TreasureIsland,2875001,2890000
NC_004603.1,TreasureIsland,2980001,2990000
NC_004603.1,TreasureIsland,3055001,3100000
NC_004603.1,TreasureIsland,3110001,3140000
NC_004603.1,TreasureIsland,3190001,3200000
NC_004603.1,TreasureIsland,3225001,3240000
NC_004606.1,TreasureIsland,1,15000
NC_004606.1,TreasureIsland,40001,50000
NC_004606.1,TreasureIsland,110001,125000
NC_004606.1,TreasureIsland,140001,150000
NC_004606.1,TreasureIsland,210001,220000
NC_004606.1,TreasureIsland,320001,335000
NC_004606.1,TreasureIsland,350001,360000
NC_004606.1,TreasureIsland,445001,490000
NC_004606.1,TreasureIsland,500001,510000
NC_004606.1,TreasureIsland,520001,535000
NC_004606.1,TreasureIsland,538001,590000
NC_004606.1,TreasureIsland,610001,675000
NC_004606.1,TreasureIsland,710001,760000
NC_004606.1,TreasureIsland,810001,820000
NC_004606.1,TreasureIsland,840001,850000
NC_004606.1,TreasureIsland,869001,920000
NC_004606.1,TreasureIsland,1105001,1150000
NC_004606.1,TreasureIsland,1410001,1420000
NC_004606.1,TreasureIsland,1460001,1470000
NC_004606.1,TreasureIsland,1510001,1520000
NC_004606.1,TreasureIsland,1540001,1555000
NC_004606.1,TreasureIsland,1630001,1665000
NC_004606.1,TreasureIsland,1735001,1760000
NC_004606.1,TreasureIsland,1840001,1850000
NC_004606.1,TreasureIsland,1870001,1894275
NC_004631.1,TreasureIsland,20001,40000
NC_004631.1,TreasureIsland,60001,70000
NC_004631.1,TreasureIsland,280001,290000
NC_004631.1,TreasureIsland,390001,410000
NC_004631.1,TreasureIsland,528001,540000
NC_004631.1,TreasureIsland,690001,710000
NC_004631.1,TreasureIsland,800001,820000
NC_004631.1,TreasureIsland,870001,880000
NC_004631.1,TreasureIsland,950001,980000
NC_004631.1,TreasureIsland,1090001,1110000
NC_004631.1,TreasureIsland,1190001,1200000
NC_004631.1,TreasureIsland,1210001,1220000
NC_004631.1,TreasureIsland,1270001,1280000
NC_004631.1,TreasureIsland,1330001,1360000
NC_004631.1,TreasureIsland,1400001,1440000
NC_004631.1,TreasureIsland,1487001,1510000
NC_004631.1,TreasureIsland,1520001,1530000
NC_004631.1,TreasureIsland,1560001,1570000
NC_004631.1,TreasureIsland,1620001,1640000
NC_004631.1,TreasureIsland,1660001,1670000
NC_004631.1,TreasureIsland,1720001,1730000
NC_004631.1,TreasureIsland,1890001,1900000
NC_004631.1,TreasureIsland,1930001,1975000
NC_004631.1,TreasureIsland,2210001,2225000
NC_004631.1,TreasureIsland,2370001,2380000
NC_004631.1,TreasureIsland,2590001,2600000
NC_004631.1,TreasureIsland,2620001,2690000
NC_004631.1,TreasureIsland,2720001,2750000
NC_004631.1,TreasureIsland,2760001,2770000
NC_004631.1,TreasureIsland,2850001,2870000
NC_004631.1,TreasureIsland,3020001,3045000
NC_004631.1,TreasureIsland,3110001,3130000
NC_004631.1,TreasureIsland,3400001,3410000
NC_004631.1,TreasureIsland,3500001,3545000
NC_004631.1,TreasureIsland,3580001,3590000
NC_004631.1,TreasureIsland,3870001,3880000
NC_004631.1,TreasureIsland,3910001,3920000
NC_004631.1,TreasureIsland,4300001,4330000
NC_004631.1,TreasureIsland,4380001,4520000
NC_004631.1,TreasureIsland,4660001,4715000
NC_004631.1,TreasureIsland,4780001,4791961
NC_004722.1,TreasureIsland,900001,910000
NC_004722.1,TreasureIsland,920001,940000
NC_004722.1,TreasureIsland,1080001,1090000
NC_004722.1,TreasureIsland,1230001,1250000
NC_004722.1,TreasureIsland,1540001,1550000
NC_004722.1,TreasureIsland,1845001,1865000
NC_004722.1,TreasureIsland,2355001,2370000
NC_004722.1,TreasureIsland,2380001,2440000
NC_004722.1,TreasureIsland,2580001,2605000
NC_004722.1,TreasureIsland,2605001,2635000
NC_004722.1,TreasureIsland,2650001,2660000
NC_004722.1,TreasureIsland,2680001,2695000
NC_004722.1,TreasureIsland,2695001,2720000
NC_004722.1,TreasureIsland,2960001,2970000
NC_004722.1,TreasureIsland,3050001,3110000
NC_004722.1,TreasureIsland,3125001,3140000
NC_004722.1,TreasureIsland,3150001,3190000
NC_004722.1,TreasureIsland,3210001,3220000
NC_004722.1,TreasureIsland,3240001,3270000
NC_004722.1,TreasureIsland,3300001,3310000
NC_004722.1,TreasureIsland,3385001,3400000
NC_004722.1,TreasureIsland,3460001,3490000
NC_004722.1,TreasureIsland,3669001,3680000
NC_004722.1,TreasureIsland,4385001,4400000
NC_004722.1,TreasureIsland,4650001,4665000
NC_004722.1,TreasureIsland,4800001,4810000
NC_004722.1,TreasureIsland,4980001,5030000
NC_004722.1,TreasureIsland,5170001,5180000
NC_004722.1,TreasureIsland,5270001,5280000
NC_004741.1,TreasureIsland,225001,290000
NC_004741.1,TreasureIsland,310001,330000
NC_004741.1,TreasureIsland,370001,390000
NC_004741.1,TreasureIsland,530001,540000
NC_004741.1,TreasureIsland,610001,620000
NC_004741.1,TreasureIsland,690001,750000
NC_004741.1,TreasureIsland,890001,940000
NC_004741.1,TreasureIsland,980001,990000
NC_004741.1,TreasureIsland,1050001,1065000
NC_004741.1,TreasureIsland,1075001,1110000
NC_004741.1,TreasureIsland,1120001,1130000
NC_004741.1,TreasureIsland,1170001,1190000
NC_004741.1,TreasureIsland,1200001,1220000
NC_004741.1,TreasureIsland,1240001,1250000
NC_004741.1,TreasureIsland,1280001,1290000
NC_004741.1,TreasureIsland,1300001,1310000
NC_004741.1,TreasureIsland,1380001,1410000
NC_004741.1,TreasureIsland,1420001,1430000
NC_004741.1,TreasureIsland,1440001,1455000
NC_004741.1,TreasureIsland,1500001,1510000
NC_004741.1,TreasureIsland,1600001,1625000
NC_004741.1,TreasureIsland,1629001,1680000
NC_004741.1,TreasureIsland,1790001,1800000
NC_004741.1,TreasureIsland,1840001,1860000
NC_004741.1,TreasureIsland,1880001,1920000
NC_004741.1,TreasureIsland,1930001,1940000
NC_004741.1,TreasureIsland,1980001,1990000
NC_004741.1,TreasureIsland,2010001,2070000
NC_004741.1,TreasureIsland,2090001,2100000
NC_004741.1,TreasureIsland,2170001,2195000
NC_004741.1,TreasureIsland,2198001,2220000
NC_004741.1,TreasureIsland,2450001,2470000
NC_004741.1,TreasureIsland,2530001,2540000
NC_004741.1,TreasureIsland,2590001,2610000
NC_004741.1,TreasureIsland,2680001,2690000
NC_004741.1,TreasureIsland,2710001,2730000
NC_004741.1,TreasureIsland,2820001,2830000
NC_004741.1,TreasureIsland,2940001,2960000
NC_004741.1,TreasureIsland,3040001,3090000
NC_004741.1,TreasureIsland,3160001,3170000
NC_004741.1,TreasureIsland,3390001,3405000
NC_004741.1,TreasureIsland,3580001,3590000
NC_004741.1,TreasureIsland,3690001,3700000
NC_004741.1,TreasureIsland,3720001,3730000
NC_004741.1,TreasureIsland,3810001,3820000
NC_004741.1,TreasureIsland,3850001,3860000
NC_004741.1,TreasureIsland,3920001,3930000
NC_004741.1,TreasureIsland,3940001,3970000
NC_004741.1,TreasureIsland,4000001,4010000
NC_004741.1,TreasureIsland,4040001,4050000
NC_004741.1,TreasureIsland,4130001,4150000
NC_004741.1,TreasureIsland,4160001,4180000
NC_004741.1,TreasureIsland,4350001,4360000
NC_004741.1,TreasureIsland,4370001,4390000
NC_005139.1,TreasureIsland,80001,90000
NC_005139.1,TreasureIsland,100001,120000
NC_005139.1,TreasureIsland,130001,210000
NC_005139.1,TreasureIsland,230001,243000
NC_005139.1,TreasureIsland,270001,295000
NC_005139.1,TreasureIsland,310001,335000
NC_005139.1,TreasureIsland,410001,425000
NC_005139.1,TreasureIsland,426001,440000
NC_005139.1,TreasureIsland,468001,480000
NC_005139.1,TreasureIsland,495001,515000
NC_005139.1,TreasureIsland,525001,540000
NC_005139.1,TreasureIsland,690001,745000
NC_005139.1,TreasureIsland,790001,835000
NC_005139.1,TreasureIsland,880001,895000
NC_005139.1,TreasureIsland,975001,990000
NC_005139.1,TreasureIsland,1070001,1092000
NC_005139.1,TreasureIsland,1120001,1140000
NC_005139.1,TreasureIsland,1240001,1250000
NC_005139.1,TreasureIsland,1310001,1320000
NC_005139.1,TreasureIsland,1330001,1350000
NC_005139.1,TreasureIsland,1400001,1425000
NC_005139.1,TreasureIsland,1435001,1460000
NC_005139.1,TreasureIsland,1470001,1485000
NC_005139.1,TreasureIsland,1485001,1530000
NC_005139.1,TreasureIsland,1545001,1560000
NC_005139.1,TreasureIsland,1590001,1620000
NC_005139.1,TreasureIsland,1630001,1655000
NC_005139.1,TreasureIsland,1655001,1685000
NC_005139.1,TreasureIsland,1689001,1700000
NC_005139.1,TreasureIsland,1740001,1750000
NC_005139.1,TreasureIsland,1775001,1905000
NC_005139.1,TreasureIsland,1910001,1930000
NC_005139.1,TreasureIsland,1950001,1960000
NC_005139.1,TreasureIsland,1970001,1980000
NC_005139.1,TreasureIsland,2060001,2070000
NC_005139.1,TreasureIsland,2160001,2180000
NC_005139.1,TreasureIsland,2190001,2200000
NC_005139.1,TreasureIsland,2200001,2280000
NC_005139.1,TreasureIsland,2425001,2440000
NC_005139.1,TreasureIsland,2830001,2840000
NC_005139.1,TreasureIsland,2930001,2960000
NC_005139.1,TreasureIsland,3240001,3260000
NC_005139.1,TreasureIsland,3290001,3320000
NC_005773.3,TreasureIsland,1,10000
NC_005773.3,TreasureIsland,40001,50000
NC_005773.3,TreasureIsland,110001,140000
NC_005773.3,TreasureIsland,180001,220000
NC_005773.3,TreasureIsland,330001,345000
NC_005773.3,TreasureIsland,349001,360000
NC_005773.3,TreasureIsland,465001,480000
NC_005773.3,TreasureIsland,707001,730000
NC_005773.3,TreasureIsland,775001,790000
NC_005773.3,TreasureIsland,810001,820000
NC_005773.3,TreasureIsland,850001,860000
NC_005773.3,TreasureIsland,870001,940000
NC_005773.3,TreasureIsland,960001,990000
NC_005773.3,TreasureIsland,1040001,1065000
NC_005773.3,TreasureIsland,1075001,1100000
NC_005773.3,TreasureIsland,1110001,1165000
NC_005773.3,TreasureIsland,1165001,1180000
NC_005773.3,TreasureIsland,1210001,1225000
NC_005773.3,TreasureIsland,1250001,1265000
NC_005773.3,TreasureIsland,1270001,1295000
NC_005773.3,TreasureIsland,1340001,1350000
NC_005773.3,TreasureIsland,1410001,1420000
NC_005773.3,TreasureIsland,1430001,1440000
NC_005773.3,TreasureIsland,1450001,1490000
NC_005773.3,TreasureIsland,1540001,1550000
NC_005773.3,TreasureIsland,1580001,1595000
NC_005773.3,TreasureIsland,1610001,1620000
NC_005773.3,TreasureIsland,1660001,1700000
NC_005773.3,TreasureIsland,1745001,1760000
NC_005773.3,TreasureIsland,1770001,1790000
NC_005773.3,TreasureIsland,1850001,1880000
NC_005773.3,TreasureIsland,1930001,1940000
NC_005773.3,TreasureIsland,1950001,1960000
NC_005773.3,TreasureIsland,1980001,1990000
NC_005773.3,TreasureIsland,2010001,2050000
NC_005773.3,TreasureIsland,2130001,2140000
NC_005773.3,TreasureIsland,2170001,2210000
NC_005773.3,TreasureIsland,2350001,2370000
NC_005773.3,TreasureIsland,2390001,2405000
NC_005773.3,TreasureIsland,2440001,2455000
NC_005773.3,TreasureIsland,2470001,2480000
NC_005773.3,TreasureIsland,2500001,2555000
NC_005773.3,TreasureIsland,2556001,2570000
NC_005773.3,TreasureIsland,2610001,2620000
NC_005773.3,TreasureIsland,2640001,2650000
NC_005773.3,TreasureIsland,2660001,2690000
NC_005773.3,TreasureIsland,2700001,2745000
NC_005773.3,TreasureIsland,2760001,2815000
NC_005773.3,TreasureIsland,2815001,2840000
NC_005773.3,TreasureIsland,2855001,2885000
NC_005773.3,TreasureIsland,2887001,2930000
NC_005773.3,TreasureIsland,2960001,2970000
NC_005773.3,TreasureIsland,3050001,3085000
NC_005773.3,TreasureIsland,3120001,3130000
NC_005773.3,TreasureIsland,3130001,3270000
NC_005773.3,TreasureIsland,3285001,3300000
NC_005773.3,TreasureIsland,3335001,3370000
NC_005773.3,TreasureIsland,3390001,3400000
NC_005773.3,TreasureIsland,3450001,3460000
NC_005773.3,TreasureIsland,3510001,3520000
NC_005773.3,TreasureIsland,3620001,3655000
NC_005773.3,TreasureIsland,3735001,3750000
NC_005773.3,TreasureIsland,3760001,3770000
NC_005773.3,TreasureIsland,3770001,3790000
NC_005773.3,TreasureIsland,3850001,3880000
NC_005773.3,TreasureIsland,3970001,3980000
NC_005773.3,TreasureIsland,4020001,4040000
NC_005773.3,TreasureIsland,4120001,4130000
NC_005773.3,TreasureIsland,4160001,4170000
NC_005773.3,TreasureIsland,4180001,4190000
NC_005773.3,TreasureIsland,4285001,4315000
NC_005773.3,TreasureIsland,4470001,4480000
NC_005773.3,TreasureIsland,4540001,4560000
NC_005773.3,TreasureIsland,4600001,4630000
NC_005773.3,TreasureIsland,4800001,4820000
NC_005773.3,TreasureIsland,4870001,4880000
NC_005773.3,TreasureIsland,4900001,4940000
NC_005773.3,TreasureIsland,4975001,5005000
NC_005773.3,TreasureIsland,5120001,5130000
NC_005773.3,TreasureIsland,5170001,5205000
NC_005773.3,TreasureIsland,5238001,5260000
NC_005773.3,TreasureIsland,5305001,5335000
NC_005773.3,TreasureIsland,5400001,5410000
NC_005773.3,TreasureIsland,5490001,5500000
NC_005773.3,TreasureIsland,5610001,5635000
NC_005773.3,TreasureIsland,5635001,5670000
NC_005773.3,TreasureIsland,5690001,5700000
NC_005773.3,TreasureIsland,5730001,5760000
NC_005773.3,TreasureIsland,5770001,5790000
NC_005773.3,TreasureIsland,5860001,5910000
NC_005945.1,TreasureIsland,160001,170000
NC_005945.1,TreasureIsland,270001,285000
NC_005945.1,TreasureIsland,468001,480000
NC_005945.1,TreasureIsland,2058001,2070000
NC_005945.1,TreasureIsland,2150001,2165000
NC_005945.1,TreasureIsland,2350001,2360000
NC_005945.1,TreasureIsland,2390001,2400000
NC_005945.1,TreasureIsland,2470001,2485000
NC_005945.1,TreasureIsland,2500001,2525000
NC_005945.1,TreasureIsland,2525001,2550000
NC_005945.1,TreasureIsland,2885001,2920000
NC_005945.1,TreasureIsland,2960001,2972000
NC_005945.1,TreasureIsland,3010001,3050000
NC_005945.1,TreasureIsland,3160001,3170000
NC_005945.1,TreasureIsland,3199001,3210000
NC_005945.1,TreasureIsland,3280001,3290000
NC_005945.1,TreasureIsland,3420001,3430000
NC_005945.1,TreasureIsland,3460001,3500000
NC_005945.1,TreasureIsland,3750001,3785000
NC_005945.1,TreasureIsland,4650001,4660000
NC_005945.1,TreasureIsland,5000001,5010000
NC_006086.1,TreasureIsland,1,20000
NC_006086.1,TreasureIsland,30001,70000
NC_006086.1,TreasureIsland,150001,170000
NC_006086.1,TreasureIsland,190001,200000
NC_006086.1,TreasureIsland,256001,270000
NC_006086.1,TreasureIsland,298001,365000
NC_006086.1,TreasureIsland,365001,405000
NC_006086.1,TreasureIsland,420001,440000
NC_006086.1,TreasureIsland,460001,490000
NC_006086.1,TreasureIsland,610001,630000
NC_006086.1,TreasureIsland,690001,700000
NC_006086.1,TreasureIsland,725001,755000
NC_006086.1,TreasureIsland,980001,1020000
NC_006086.1,TreasureIsland,1115001,1180000
NC_006086.1,TreasureIsland,1200001,1230000
NC_006086.1,TreasureIsland,1290001,1305000
NC_006086.1,TreasureIsland,1325001,1370000
NC_006086.1,TreasureIsland,1540001,1575000
NC_006086.1,TreasureIsland,1620001,1660000
NC_006086.1,TreasureIsland,1725001,1750000
NC_006086.1,TreasureIsland,1820001,1830000
NC_006086.1,TreasureIsland,1840001,1855000
NC_006086.1,TreasureIsland,1870001,1880000
NC_006086.1,TreasureIsland,1890001,1899877
NC_006155.1,TreasureIsland,180001,190000
NC_006155.1,TreasureIsland,360001,375000
NC_006155.1,TreasureIsland,410001,430000
NC_006155.1,TreasureIsland,460001,470000
NC_006155.1,TreasureIsland,630001,640000
NC_006155.1,TreasureIsland,750001,760000
NC_006155.1,TreasureIsland,1080001,1090000
NC_006155.1,TreasureIsland,1200001,1210000
NC_006155.1,TreasureIsland,1250001,1265000
NC_006155.1,TreasureIsland,1350001,1360000
NC_006155.1,TreasureIsland,1430001,1440000
NC_006155.1,TreasureIsland,1510001,1520000
NC_006155.1,TreasureIsland,1760001,1775000
NC_006155.1,TreasureIsland,1776001,1820000
NC_006155.1,TreasureIsland,1910001,1925000
NC_006155.1,TreasureIsland,1940001,1950000
NC_006155.1,TreasureIsland,2120001,2140000
NC_006155.1,TreasureIsland,2150001,2180000
NC_006155.1,TreasureIsland,2198001,2230000
NC_006155.1,TreasureIsland,2230001,2240000
NC_006155.1,TreasureIsland,2257001,2275000
NC_006155.1,TreasureIsland,2330001,2350000
NC_006155.1,TreasureIsland,2380001,2390000
NC_006155.1,TreasureIsland,2430001,2440000
NC_006155.1,TreasureIsland,2460001,2480000
NC_006155.1,TreasureIsland,2630001,2640000
NC_006155.1,TreasureIsland,2700001,2710000
NC_006155.1,TreasureIsland,2810001,2830000
NC_006155.1,TreasureIsland,2860001,2870000
NC_006155.1,TreasureIsland,2975001,2990000
NC_006155.1,TreasureIsland,3130001,3145000
NC_006155.1,TreasureIsland,3158001,3172000
NC_006155.1,TreasureIsland,3210001,3220000
NC_006155.1,TreasureIsland,3220001,3230000
NC_006155.1,TreasureIsland,3240001,3250000
NC_006155.1,TreasureIsland,3500001,3510000
NC_006155.1,TreasureIsland,3600001,3630000
NC_006155.1,TreasureIsland,3660001,3720000
NC_006155.1,TreasureIsland,3780001,3790000
NC_006155.1,TreasureIsland,3805001,3840000
NC_006155.1,TreasureIsland,3850001,3910000
NC_006155.1,TreasureIsland,3925001,3945000
NC_006155.1,TreasureIsland,3990001,4010000
NC_006155.1,TreasureIsland,4060001,4080000
NC_006155.1,TreasureIsland,4100001,4115000
NC_006155.1,TreasureIsland,4118001,4130000
NC_006155.1,TreasureIsland,4260001,4270000
NC_006155.1,TreasureIsland,4290001,4310000
NC_006155.1,TreasureIsland,4360001,4370000
NC_006155.1,TreasureIsland,4390001,4400000
NC_006155.1,TreasureIsland,4505001,4520000
NC_006155.1,TreasureIsland,4560001,4570000
NC_006155.1,TreasureIsland,4600001,4640000
NC_006155.1,TreasureIsland,4650001,4660000
NC_006350.1,TreasureIsland,90001,125000
NC_006350.1,TreasureIsland,150001,165000
NC_006350.1,TreasureIsland,360001,370000
NC_006350.1,TreasureIsland,516001,540000
NC_006350.1,TreasureIsland,600001,660000
NC_006350.1,TreasureIsland,670001,680000
NC_006350.1,TreasureIsland,810001,825000
NC_006350.1,TreasureIsland,850001,900000
NC_006350.1,TreasureIsland,1028001,1040000
NC_006350.1,TreasureIsland,1090001,1110000
NC_006350.1,TreasureIsland,1215001,1230000
NC_006350.1,TreasureIsland,1300001,1340000
NC_006350.1,TreasureIsland,1430001,1450000
NC_006350.1,TreasureIsland,1515001,1530000
NC_006350.1,TreasureIsland,1600001,1625000
NC_006350.1,TreasureIsland,1830001,1845000
NC_006350.1,TreasureIsland,1870001,1990000
NC_006350.1,TreasureIsland,2000001,2015000
NC_006350.1,TreasureIsland,2025001,2040000
NC_006350.1,TreasureIsland,2100001,2110000
NC_006350.1,TreasureIsland,2120001,2130000
NC_006350.1,TreasureIsland,2200001,2210000
NC_006350.1,TreasureIsland,2290001,2305000
NC_006350.1,TreasureIsland,2430001,2450000
NC_006350.1,TreasureIsland,2460001,2510000
NC_006350.1,TreasureIsland,2650001,2700000
NC_006350.1,TreasureIsland,2810001,2824000
NC_006350.1,TreasureIsland,2837001,2850000
NC_006350.1,TreasureIsland,2860001,2875000
NC_006350.1,TreasureIsland,3075001,3090000
NC_006350.1,TreasureIsland,3100001,3110000
NC_006350.1,TreasureIsland,3200001,3210000
NC_006350.1,TreasureIsland,3290001,3300000
NC_006350.1,TreasureIsland,3310001,3360000
NC_006350.1,TreasureIsland,3710001,3720000
NC_006350.1,TreasureIsland,3865001,3890000
NC_006350.1,TreasureIsland,3960001,3980000
NC_006511.1,TreasureIsland,20001,40000
NC_006511.1,TreasureIsland,60001,70000
NC_006511.1,TreasureIsland,400001,420000
NC_006511.1,TreasureIsland,520001,540000
NC_006511.1,TreasureIsland,690001,700000
NC_006511.1,TreasureIsland,860001,880000
NC_006511.1,TreasureIsland,950001,960000
NC_006511.1,TreasureIsland,1060001,1090000
NC_006511.1,TreasureIsland,1250001,1260000
NC_006511.1,TreasureIsland,1280001,1295000
NC_006511.1,TreasureIsland,1328001,1340000
NC_006511.1,TreasureIsland,1400001,1410000
NC_006511.1,TreasureIsland,1510001,1530000
NC_006511.1,TreasureIsland,1640001,1655000
NC_006511.1,TreasureIsland,1655001,1670000
NC_006511.1,TreasureIsland,1770001,1780000
NC_006511.1,TreasureIsland,1920001,1930000
NC_006511.1,TreasureIsland,2090001,2110000
NC_006511.1,TreasureIsland,2250001,2265000
NC_006511.1,TreasureIsland,2470001,2530000
NC_006511.1,TreasureIsland,2540001,2600000
NC_006511.1,TreasureIsland,2610001,2620000
NC_006511.1,TreasureIsland,2645001,2740000
NC_006511.1,TreasureIsland,2825001,2845000
NC_006511.1,TreasureIsland,2910001,2920000
NC_006511.1,TreasureIsland,3000001,3010000
NC_006511.1,TreasureIsland,3080001,3100000
NC_006511.1,TreasureIsland,3370001,3380000
NC_006511.1,TreasureIsland,3390001,3405000
NC_006511.1,TreasureIsland,3430001,3440000
NC_006511.1,TreasureIsland,3740001,3750000
NC_006511.1,TreasureIsland,3800001,3810000
NC_006511.1,TreasureIsland,4230001,4250000
NC_006511.1,TreasureIsland,4310001,4320000
NC_006511.1,TreasureIsland,4460001,4520000
NC_006511.1,TreasureIsland,4580001,4585229
NC_006905.1,TreasureIsland,20001,40000
NC_006905.1,TreasureIsland,80001,90000
NC_006905.1,TreasureIsland,300001,315000
NC_006905.1,TreasureIsland,315001,350000
NC_006905.1,TreasureIsland,370001,430000
NC_006905.1,TreasureIsland,650001,670000
NC_006905.1,TreasureIsland,850001,860000
NC_006905.1,TreasureIsland,950001,960000
NC_006905.1,TreasureIsland,1080001,1120000
NC_006905.1,TreasureIsland,1150001,1160000
NC_006905.1,TreasureIsland,1190001,1205000
NC_006905.1,TreasureIsland,1240001,1250000
NC_006905.1,TreasureIsland,1300001,1385000
NC_006905.1,TreasureIsland,1440001,1450000
NC_006905.1,TreasureIsland,1470001,1480000
NC_006905.1,TreasureIsland,1500001,1540000
NC_006905.1,TreasureIsland,1730001,1740000
NC_006905.1,TreasureIsland,1765001,1780000
NC_006905.1,TreasureIsland,1860001,1870000
NC_006905.1,TreasureIsland,1890001,1900000
NC_006905.1,TreasureIsland,1960001,1970000
NC_006905.1,TreasureIsland,1970001,1990000
NC_006905.1,TreasureIsland,2030001,2040000
NC_006905.1,TreasureIsland,2100001,2110000
NC_006905.1,TreasureIsland,2120001,2130000
NC_006905.1,TreasureIsland,2180001,2190000
NC_006905.1,TreasureIsland,2240001,2250000
NC_006905.1,TreasureIsland,2350001,2370000
NC_006905.1,TreasureIsland,2650001,2665000
NC_006905.1,TreasureIsland,2750001,2765000
NC_006905.1,TreasureIsland,2765001,2790000
NC_006905.1,TreasureIsland,2810001,2820000
NC_006905.1,TreasureIsland,2845001,2890000
NC_006905.1,TreasureIsland,2960001,2985000
NC_006905.1,TreasureIsland,2990001,3000000
NC_006905.1,TreasureIsland,3140001,3150000
NC_006905.1,TreasureIsland,3230001,3250000
NC_006905.1,TreasureIsland,3520001,3530000
NC_006905.1,TreasureIsland,3540001,3550000
NC_006905.1,TreasureIsland,3580001,3590000
NC_006905.1,TreasureIsland,3720001,3730000
NC_006905.1,TreasureIsland,3890001,3900000
NC_006905.1,TreasureIsland,3950001,3960000
NC_006905.1,TreasureIsland,4130001,4140000
NC_006905.1,TreasureIsland,4240001,4250000
NC_006905.1,TreasureIsland,4350001,4360000
NC_006905.1,TreasureIsland,4410001,4440000
NC_006905.1,TreasureIsland,4490001,4500000
NC_006905.1,TreasureIsland,4640001,4685000
NC_006905.1,TreasureIsland,4750001,4755700
NC_007005.1,TreasureIsland,100001,140000
NC_007005.1,TreasureIsland,170001,180000
NC_007005.1,TreasureIsland,200001,210000
NC_007005.1,TreasureIsland,320001,360000
NC_007005.1,TreasureIsland,700001,710000
NC_007005.1,TreasureIsland,730001,740000
NC_007005.1,TreasureIsland,778001,790000
NC_007005.1,TreasureIsland,830001,865000
NC_007005.1,TreasureIsland,865001,890000
NC_007005.1,TreasureIsland,980001,990000
NC_007005.1,TreasureIsland,1000001,1010000
NC_007005.1,TreasureIsland,1030001,1040000
NC_007005.1,TreasureIsland,1040001,1070000
NC_007005.1,TreasureIsland,1110001,1120000
NC_007005.1,TreasureIsland,1140001,1150000
NC_007005.1,TreasureIsland,1160001,1170000
NC_007005.1,TreasureIsland,1180001,1190000
NC_007005.1,TreasureIsland,1280001,1290000
NC_007005.1,TreasureIsland,1330001,1365000
NC_007005.1,TreasureIsland,1369001,1380000
NC_007005.1,TreasureIsland,1420001,1430000
NC_007005.1,TreasureIsland,1465001,1480000
NC_007005.1,TreasureIsland,1580001,1590000
NC_007005.1,TreasureIsland,1600001,1760000
NC_007005.1,TreasureIsland,1878001,1890000
NC_007005.1,TreasureIsland,1910001,1950000
NC_007005.1,TreasureIsland,2000001,2015000
NC_007005.1,TreasureIsland,2035001,2055000
NC_007005.1,TreasureIsland,2055001,2070000
NC_007005.1,TreasureIsland,2110001,2120000
NC_007005.1,TreasureIsland,2140001,2160000
NC_007005.1,TreasureIsland,2190001,2210000
NC_007005.1,TreasureIsland,2260001,2270000
NC_007005.1,TreasureIsland,2290001,2300000
NC_007005.1,TreasureIsland,2350001,2390000
NC_007005.1,TreasureIsland,2450001,2460000
NC_007005.1,TreasureIsland,2530001,2540000
NC_007005.1,TreasureIsland,2570001,2580000
NC_007005.1,TreasureIsland,2670001,2680000
NC_007005.1,TreasureIsland,2690001,2700000
NC_007005.1,TreasureIsland,2720001,2730000
NC_007005.1,TreasureIsland,2747001,2770000
NC_007005.1,TreasureIsland,2790001,2820000
NC_007005.1,TreasureIsland,2900001,2915000
NC_007005.1,TreasureIsland,2960001,2980000
NC_007005.1,TreasureIsland,2990001,3025000
NC_007005.1,TreasureIsland,3025001,3065000
NC_007005.1,TreasureIsland,3070001,3105000
NC_007005.1,TreasureIsland,3116001,3135000
NC_007005.1,TreasureIsland,3148001,3165000
NC_007005.1,TreasureIsland,3168001,3185000
NC_007005.1,TreasureIsland,3187001,3260000
NC_007005.1,TreasureIsland,3270001,3290000
NC_007005.1,TreasureIsland,3339001,3430000
NC_007005.1,TreasureIsland,3450001,3475000
NC_007005.1,TreasureIsland,3490001,3525000
NC_007005.1,TreasureIsland,3529001,3540000
NC_007005.1,TreasureIsland,3640001,3650000
NC_007005.1,TreasureIsland,3660001,3710000
NC_007005.1,TreasureIsland,3840001,3870000
NC_007005.1,TreasureIsland,3955001,3970000
NC_007005.1,TreasureIsland,3990001,4005000
NC_007005.1,TreasureIsland,4065001,4090000
NC_007005.1,TreasureIsland,4170001,4180000
NC_007005.1,TreasureIsland,4210001,4230000
NC_007005.1,TreasureIsland,4270001,4280000
NC_007005.1,TreasureIsland,4400001,4445000
NC_007005.1,TreasureIsland,4480001,4490000
NC_007005.1,TreasureIsland,4515001,4550000
NC_007005.1,TreasureIsland,4660001,4670000
NC_007005.1,TreasureIsland,4730001,4740000
NC_007005.1,TreasureIsland,4760001,4770000
NC_007005.1,TreasureIsland,4805001,4830000
NC_007005.1,TreasureIsland,4860001,4870000
NC_007005.1,TreasureIsland,5000001,5010000
NC_007005.1,TreasureIsland,5130001,5180000
NC_007005.1,TreasureIsland,5245001,5260000
NC_007005.1,TreasureIsland,5275001,5290000
NC_007005.1,TreasureIsland,5345001,5365000
NC_007005.1,TreasureIsland,5365001,5385000
NC_007005.1,TreasureIsland,5440001,5450000
NC_007005.1,TreasureIsland,5590001,5610000
NC_007005.1,TreasureIsland,5650001,5660000
NC_007005.1,TreasureIsland,5780001,5790000
NC_007005.1,TreasureIsland,5810001,5820000
NC_007005.1,TreasureIsland,5830001,5840000
NC_007005.1,TreasureIsland,5890001,5930000
NC_007005.1,TreasureIsland,5940001,5960000
NC_007005.1,TreasureIsland,6030001,6040000
NC_007005.1,TreasureIsland,6050001,6070000
NC_007146.2,TreasureIsland,45001,60000
NC_007146.2,TreasureIsland,95001,110000
NC_007146.2,TreasureIsland,120001,155000
NC_007146.2,TreasureIsland,156001,200000
NC_007146.2,TreasureIsland,339001,360000
NC_007146.2,TreasureIsland,385001,415000
NC_007146.2,TreasureIsland,448001,460000
NC_007146.2,TreasureIsland,675001,690000
NC_007146.2,TreasureIsland,725001,755000
NC_007146.2,TreasureIsland,770001,785000
NC_007146.2,TreasureIsland,810001,820000
NC_007146.2,TreasureIsland,850001,860000
NC_007146.2,TreasureIsland,885001,900000
NC_007146.2,TreasureIsland,960001,975000
NC_007146.2,TreasureIsland,1050001,1065000
NC_007146.2,TreasureIsland,1090001,1105000
NC_007146.2,TreasureIsland,1105001,1125000
NC_007146.2,TreasureIsland,1135001,1155000
NC_007146.2,TreasureIsland,1207001,1225000
NC_007146.2,TreasureIsland,1250001,1265000
NC_007146.2,TreasureIsland,1279001,1290000
NC_007146.2,TreasureIsland,1320001,1345000
NC_007146.2,TreasureIsland,1360001,1405000
NC_007146.2,TreasureIsland,1405001,1465000
NC_007146.2,TreasureIsland,1476001,1495000
NC_007146.2,TreasureIsland,1517001,1540000
NC_007146.2,TreasureIsland,1568001,1605000
NC_007146.2,TreasureIsland,1699001,1735000
NC_007146.2,TreasureIsland,1838001,1862000
NC_007146.2,TreasureIsland,1885001,1914490
NC_007297.1,TreasureIsland,1,15000
NC_007297.1,TreasureIsland,110001,135000
NC_007297.1,TreasureIsland,145001,160000
NC_007297.1,TreasureIsland,170001,185000
NC_007297.1,TreasureIsland,250001,260000
NC_007297.1,TreasureIsland,270001,285000
NC_007297.1,TreasureIsland,290001,335000
NC_007297.1,TreasureIsland,336001,375000
NC_007297.1,TreasureIsland,386001,405000
NC_007297.1,TreasureIsland,430001,475000
NC_007297.1,TreasureIsland,545001,565000
NC_007297.1,TreasureIsland,590001,605000
NC_007297.1,TreasureIsland,605001,625000
NC_007297.1,TreasureIsland,670001,680000
NC_007297.1,TreasureIsland,705001,720000
NC_007297.1,TreasureIsland,765001,780000
NC_007297.1,TreasureIsland,795001,815000
NC_007297.1,TreasureIsland,980001,1020000
NC_007297.1,TreasureIsland,1145001,1180000
NC_007297.1,TreasureIsland,1275001,1295000
NC_007297.1,TreasureIsland,1385001,1430000
NC_007297.1,TreasureIsland,1570001,1610000
NC_007297.1,TreasureIsland,1670001,1700000
NC_007297.1,TreasureIsland,1710001,1720000
NC_007297.1,TreasureIsland,1780001,1795000
NC_007297.1,TreasureIsland,1810001,1820000
NC_007297.1,TreasureIsland,1830001,1838554
NC_007384.1,TreasureIsland,15001,30000
NC_007384.1,TreasureIsland,160001,170000
NC_007384.1,TreasureIsland,245001,290000
NC_007384.1,TreasureIsland,310001,320000
NC_007384.1,TreasureIsland,340001,355000
NC_007384.1,TreasureIsland,359001,370000
NC_007384.1,TreasureIsland,530001,550000
NC_007384.1,TreasureIsland,610001,620000
NC_007384.1,TreasureIsland,690001,700000
NC_007384.1,TreasureIsland,760001,780000
NC_007384.1,TreasureIsland,790001,800000
NC_007384.1,TreasureIsland,920001,940000
NC_007384.1,TreasureIsland,1080001,1105000
NC_007384.1,TreasureIsland,1125001,1160000
NC_007384.1,TreasureIsland,1235001,1250000
NC_007384.1,TreasureIsland,1260001,1270000
NC_007384.1,TreasureIsland,1290001,1300000
NC_007384.1,TreasureIsland,1320001,1350000
NC_007384.1,TreasureIsland,1360001,1370000
NC_007384.1,TreasureIsland,1380001,1400000
NC_007384.1,TreasureIsland,1440001,1450000
NC_007384.1,TreasureIsland,1530001,1540000
NC_007384.1,TreasureIsland,1640001,1680000
NC_007384.1,TreasureIsland,1690001,1710000
NC_007384.1,TreasureIsland,1760001,1785000
NC_007384.1,TreasureIsland,1820001,1830000
NC_007384.1,TreasureIsland,1840001,1850000
NC_007384.1,TreasureIsland,1860001,1880000
NC_007384.1,TreasureIsland,1890001,1910000
NC_007384.1,TreasureIsland,1980001,2030000
NC_007384.1,TreasureIsland,2080001,2090000
NC_007384.1,TreasureIsland,2110001,2155000
NC_007384.1,TreasureIsland,2280001,2290000
NC_007384.1,TreasureIsland,2530001,2560000
NC_007384.1,TreasureIsland,2560001,2610000
NC_007384.1,TreasureIsland,2800001,2840000
NC_007384.1,TreasureIsland,2870001,2910000
NC_007384.1,TreasureIsland,2920001,2950000
NC_007384.1,TreasureIsland,3160001,3170000
NC_007384.1,TreasureIsland,3180001,3190000
NC_007384.1,TreasureIsland,3340001,3350000
NC_007384.1,TreasureIsland,3380001,3410000
NC_007384.1,TreasureIsland,3460001,3470000
NC_007384.1,TreasureIsland,3590001,3600000
NC_007384.1,TreasureIsland,3610001,3625000
NC_007384.1,TreasureIsland,3730001,3785000
NC_007384.1,TreasureIsland,3920001,3930000
NC_007384.1,TreasureIsland,3960001,3970000
NC_007384.1,TreasureIsland,4000001,4020000
NC_007384.1,TreasureIsland,4040001,4050000
NC_007384.1,TreasureIsland,4100001,4120000
NC_007384.1,TreasureIsland,4130001,4140000
NC_007384.1,TreasureIsland,4150001,4160000
NC_007384.1,TreasureIsland,4210001,4220000
NC_007384.1,TreasureIsland,4340001,4350000
NC_007384.1,TreasureIsland,4570001,4590000
NC_007384.1,TreasureIsland,4700001,4710000
NC_007384.1,TreasureIsland,4720001,4750000
NC_007432.1,TreasureIsland,50001,60000
NC_007432.1,TreasureIsland,120001,130000
NC_007432.1,TreasureIsland,140001,165000
NC_007432.1,TreasureIsland,200001,210000
NC_007432.1,TreasureIsland,240001,265000
NC_007432.1,TreasureIsland,265001,280000
NC_007432.1,TreasureIsland,329001,345000
NC_007432.1,TreasureIsland,346001,370000
NC_007432.1,TreasureIsland,385001,405000
NC_007432.1,TreasureIsland,429001,475000
NC_007432.1,TreasureIsland,475001,495000
NC_007432.1,TreasureIsland,550001,590000
NC_007432.1,TreasureIsland,605001,625000
NC_007432.1,TreasureIsland,625001,640000
NC_007432.1,TreasureIsland,650001,695000
NC_007432.1,TreasureIsland,695001,760000
NC_007432.1,TreasureIsland,780001,795000
NC_007432.1,TreasureIsland,810001,825000
NC_007432.1,TreasureIsland,860001,880000
NC_007432.1,TreasureIsland,905001,920000
NC_007432.1,TreasureIsland,950001,960000
NC_007432.1,TreasureIsland,990001,1000000
NC_007432.1,TreasureIsland,1030001,1055000
NC_007432.1,TreasureIsland,1078001,1095000
NC_007432.1,TreasureIsland,1190001,1200000
NC_007432.1,TreasureIsland,1215001,1230000
NC_007432.1,TreasureIsland,1295001,1320000
NC_007432.1,TreasureIsland,1370001,1380000
NC_007432.1,TreasureIsland,1400001,1410000
NC_007432.1,TreasureIsland,1460001,1470000
NC_007432.1,TreasureIsland,1470001,1490000
NC_007432.1,TreasureIsland,1508001,1530000
NC_007432.1,TreasureIsland,1540001,1550000
NC_007432.1,TreasureIsland,1560001,1590000
NC_007432.1,TreasureIsland,1690001,1700000
NC_007432.1,TreasureIsland,1760001,1770000
NC_007432.1,TreasureIsland,1787001,1800000
NC_007432.1,TreasureIsland,1830001,1840000
NC_007432.1,TreasureIsland,1900001,1915000
NC_007432.1,TreasureIsland,1930001,1975000
NC_007432.1,TreasureIsland,1988001,2000000
NC_007432.1,TreasureIsland,2040001,2060000
NC_007432.1,TreasureIsland,2070001,2085000
NC_007432.1,TreasureIsland,2120001,2127839
NC_007434.1,TreasureIsland,1,10000
NC_007434.1,TreasureIsland,110001,125000
NC_007434.1,TreasureIsland,290001,300000
NC_007434.1,TreasureIsland,315001,330000
NC_007434.1,TreasureIsland,340001,350000
NC_007434.1,TreasureIsland,550001,560000
NC_007434.1,TreasureIsland,710001,730000
NC_007434.1,TreasureIsland,790001,825000
NC_007434.1,TreasureIsland,1000001,1020000
NC_007434.1,TreasureIsland,1310001,1360000
NC_007434.1,TreasureIsland,1430001,1450000
NC_007434.1,TreasureIsland,1550001,1570000
NC_007434.1,TreasureIsland,1620001,1640000
NC_007434.1,TreasureIsland,1670001,1680000
NC_007434.1,TreasureIsland,1710001,1955000
NC_007434.1,TreasureIsland,2070001,2080000
NC_007434.1,TreasureIsland,2170001,2180000
NC_007434.1,TreasureIsland,2206001,2220000
NC_007434.1,TreasureIsland,2290001,2300000
NC_007434.1,TreasureIsland,2340001,2365000
NC_007434.1,TreasureIsland,2369001,2515000
NC_007434.1,TreasureIsland,2760001,2770000
NC_007434.1,TreasureIsland,2810001,2820000
NC_007434.1,TreasureIsland,2920001,2970000
NC_007434.1,TreasureIsland,3107001,3120000
NC_007434.1,TreasureIsland,3130001,3145000
NC_007434.1,TreasureIsland,3247001,3260000
NC_007434.1,TreasureIsland,3455001,3470000
NC_007434.1,TreasureIsland,3565001,3585000
NC_007434.1,TreasureIsland,3585001,3620000
NC_007434.1,TreasureIsland,3960001,4020000
NC_007434.1,TreasureIsland,4120001,4126292
NC_007510.1,TreasureIsland,1,20000
NC_007510.1,TreasureIsland,30001,40000
NC_007510.1,TreasureIsland,400001,420000
NC_007510.1,TreasureIsland,430001,440000
NC_007510.1,TreasureIsland,760001,800000
NC_007510.1,TreasureIsland,810001,820000
NC_007510.1,TreasureIsland,860001,870000
NC_007510.1,TreasureIsland,890001,920000
NC_007510.1,TreasureIsland,945001,970000
NC_007510.1,TreasureIsland,980001,990000
NC_007510.1,TreasureIsland,1020001,1030000
NC_007510.1,TreasureIsland,1040001,1050000
NC_007510.1,TreasureIsland,1270001,1280000
NC_007510.1,TreasureIsland,1295001,1310000
NC_007510.1,TreasureIsland,1320001,1335000
NC_007510.1,TreasureIsland,1348001,1360000
NC_007510.1,TreasureIsland,1370001,1380000
NC_007510.1,TreasureIsland,1420001,1435000
NC_007510.1,TreasureIsland,1436001,1465000
NC_007510.1,TreasureIsland,1480001,1510000
NC_007510.1,TreasureIsland,1640001,1655000
NC_007510.1,TreasureIsland,1700001,1720000
NC_007510.1,TreasureIsland,1770001,1805000
NC_007510.1,TreasureIsland,1805001,1825000
NC_007510.1,TreasureIsland,1829001,1855000
NC_007510.1,TreasureIsland,1865001,2032000
NC_007510.1,TreasureIsland,2090001,2100000
NC_007510.1,TreasureIsland,2240001,2250000
NC_007510.1,TreasureIsland,2290001,2300000
NC_007510.1,TreasureIsland,2340001,2350000
NC_007510.1,TreasureIsland,2440001,2450000
NC_007510.1,TreasureIsland,2600001,2610000
NC_007510.1,TreasureIsland,2630001,2650000
NC_007510.1,TreasureIsland,2730001,2740000
NC_007510.1,TreasureIsland,2810001,2820000
NC_007510.1,TreasureIsland,2890001,2900000
NC_007510.1,TreasureIsland,2980001,2990000
NC_007510.1,TreasureIsland,3110001,3120000
NC_007510.1,TreasureIsland,3140001,3150000
NC_007510.1,TreasureIsland,3230001,3240000
NC_007510.1,TreasureIsland,3340001,3360000
NC_007510.1,TreasureIsland,3510001,3525000
NC_007510.1,TreasureIsland,3680001,3690000
NC_007530.2,TreasureIsland,160001,170000
NC_007530.2,TreasureIsland,270001,285000
NC_007530.2,TreasureIsland,468001,480000
NC_007530.2,TreasureIsland,970001,980000
NC_007530.2,TreasureIsland,2058001,2070000
NC_007530.2,TreasureIsland,2150001,2170000
NC_007530.2,TreasureIsland,2350001,2360000
NC_007530.2,TreasureIsland,2390001,2400000
NC_007530.2,TreasureIsland,2470001,2485000
NC_007530.2,TreasureIsland,2500001,2525000
NC_007530.2,TreasureIsland,2525001,2540000
NC_007530.2,TreasureIsland,2870001,2884000
NC_007530.2,TreasureIsland,2885001,2920000
NC_007530.2,TreasureIsland,3010001,3050000
NC_007530.2,TreasureIsland,3160001,3170000
NC_007530.2,TreasureIsland,3200001,3210000
NC_007530.2,TreasureIsland,3280001,3290000
NC_007530.2,TreasureIsland,3420001,3430000
NC_007530.2,TreasureIsland,3460001,3500000
NC_007530.2,TreasureIsland,3750001,3790000
NC_007530.2,TreasureIsland,4650001,4660000
NC_007530.2,TreasureIsland,4840001,4855000
NC_007530.2,TreasureIsland,4995001,5010000
NC_007606.1,TreasureIsland,230001,240000
NC_007606.1,TreasureIsland,250001,260000
NC_007606.1,TreasureIsland,340001,350000
NC_007606.1,TreasureIsland,400001,415000
NC_007606.1,TreasureIsland,450001,460000
NC_007606.1,TreasureIsland,520001,530000
NC_007606.1,TreasureIsland,550001,560000
NC_007606.1,TreasureIsland,600001,610000
NC_007606.1,TreasureIsland,670001,680000
NC_007606.1,TreasureIsland,710001,720000
NC_007606.1,TreasureIsland,780001,800000
NC_007606.1,TreasureIsland,920001,930000
NC_007606.1,TreasureIsland,940001,980000
NC_007606.1,TreasureIsland,990001,1010000
NC_007606.1,TreasureIsland,1070001,1085000
NC_007606.1,TreasureIsland,1090001,1155000
NC_007606.1,TreasureIsland,1190001,1200000
NC_007606.1,TreasureIsland,1210001,1230000
NC_007606.1,TreasureIsland,1269001,1340000
NC_007606.1,TreasureIsland,1350001,1360000
NC_007606.1,TreasureIsland,1420001,1430000
NC_007606.1,TreasureIsland,1500001,1510000
NC_007606.1,TreasureIsland,1520001,1535000
NC_007606.1,TreasureIsland,1540001,1550000
NC_007606.1,TreasureIsland,1600001,1610000
NC_007606.1,TreasureIsland,1620001,1630000
NC_007606.1,TreasureIsland,1660001,1670000
NC_007606.1,TreasureIsland,1720001,1730000
NC_007606.1,TreasureIsland,1740001,1760000
NC_007606.1,TreasureIsland,1800001,1820000
NC_007606.1,TreasureIsland,1900001,1910000
NC_007606.1,TreasureIsland,1920001,1945000
NC_007606.1,TreasureIsland,2010001,2020000
NC_007606.1,TreasureIsland,2035001,2050000
NC_007606.1,TreasureIsland,2090001,2100000
NC_007606.1,TreasureIsland,2200001,2220000
NC_007606.1,TreasureIsland,2240001,2250000
NC_007606.1,TreasureIsland,2260001,2270000
NC_007606.1,TreasureIsland,2340001,2370000
NC_007606.1,TreasureIsland,2550001,2575000
NC_007606.1,TreasureIsland,2620001,2640000
NC_007606.1,TreasureIsland,2730001,2740000
NC_007606.1,TreasureIsland,2750001,2760000
NC_007606.1,TreasureIsland,3200001,3210000
NC_007606.1,TreasureIsland,3220001,3240000
NC_007606.1,TreasureIsland,3270001,3280000
NC_007606.1,TreasureIsland,3440001,3450000
NC_007606.1,TreasureIsland,3480001,3490000
NC_007606.1,TreasureIsland,3530001,3540000
NC_007606.1,TreasureIsland,3590001,3600000
NC_007606.1,TreasureIsland,3620001,3630000
NC_007606.1,TreasureIsland,3760001,3770000
NC_007606.1,TreasureIsland,3890001,3900000
NC_007606.1,TreasureIsland,3920001,3940000
NC_007606.1,TreasureIsland,4000001,4010000
NC_007606.1,TreasureIsland,4025001,4040000
NC_007606.1,TreasureIsland,4060001,4070000
NC_007606.1,TreasureIsland,4180001,4210000
NC_007606.1,TreasureIsland,4280001,4305000
NC_007613.1,TreasureIsland,130001,140000
NC_007613.1,TreasureIsland,230001,280000
NC_007613.1,TreasureIsland,410001,420000
NC_007613.1,TreasureIsland,440001,450000
NC_007613.1,TreasureIsland,480001,490000
NC_007613.1,TreasureIsland,580001,590000
NC_007613.1,TreasureIsland,640001,670000
NC_007613.1,TreasureIsland,740001,750000
NC_007613.1,TreasureIsland,760001,790000
NC_007613.1,TreasureIsland,840001,850000
NC_007613.1,TreasureIsland,870001,880000
NC_007613.1,TreasureIsland,960001,975000
NC_007613.1,TreasureIsland,976001,1015000
NC_007613.1,TreasureIsland,1035001,1060000
NC_007613.1,TreasureIsland,1110001,1120000
NC_007613.1,TreasureIsland,1130001,1150000
NC_007613.1,TreasureIsland,1160001,1175000
NC_007613.1,TreasureIsland,1185001,1220000
NC_007613.1,TreasureIsland,1250001,1260000
NC_007613.1,TreasureIsland,1280001,1290000
NC_007613.1,TreasureIsland,1330001,1350000
NC_007613.1,TreasureIsland,1360001,1395000
NC_007613.1,TreasureIsland,1490001,1500000
NC_007613.1,TreasureIsland,1520001,1550000
NC_007613.1,TreasureIsland,1580001,1640000
NC_007613.1,TreasureIsland,1680001,1700000
NC_007613.1,TreasureIsland,1710001,1720000
NC_007613.1,TreasureIsland,1870001,1880000
NC_007613.1,TreasureIsland,1890001,1910000
NC_007613.1,TreasureIsland,1990001,2000000
NC_007613.1,TreasureIsland,2040001,2060000
NC_007613.1,TreasureIsland,2100001,2110000
NC_007613.1,TreasureIsland,2370001,2390000
NC_007613.1,TreasureIsland,2620001,2640000
NC_007613.1,TreasureIsland,2700001,2710000
NC_007613.1,TreasureIsland,2760001,2770000
NC_007613.1,TreasureIsland,2900001,2910000
NC_007613.1,TreasureIsland,3100001,3115000
NC_007613.1,TreasureIsland,3116001,3130000
NC_007613.1,TreasureIsland,3240001,3250000
NC_007613.1,TreasureIsland,3270001,3280000
NC_007613.1,TreasureIsland,3290001,3305000
NC_007613.1,TreasureIsland,3470001,3480000
NC_007613.1,TreasureIsland,3490001,3500000
NC_007613.1,TreasureIsland,3600001,3630000
NC_007613.1,TreasureIsland,3660001,3670000
NC_007613.1,TreasureIsland,3720001,3730000
NC_007613.1,TreasureIsland,3750001,3760000
NC_007613.1,TreasureIsland,3860001,3870000
NC_007613.1,TreasureIsland,3890001,3900000
NC_007613.1,TreasureIsland,3910001,3930000
NC_007613.1,TreasureIsland,3980001,3990000
NC_007613.1,TreasureIsland,4130001,4140000
NC_007613.1,TreasureIsland,4190001,4230000
NC_007613.1,TreasureIsland,4240001,4250000
NC_007613.1,TreasureIsland,4380001,4420000
NC_007613.1,TreasureIsland,4440001,4450000
NC_007651.1,TreasureIsland,70001,150000
NC_007651.1,TreasureIsland,555001,570000
NC_007651.1,TreasureIsland,1030001,1060000
NC_007651.1,TreasureIsland,1120001,1135000
NC_007651.1,TreasureIsland,1230001,1250000
NC_007651.1,TreasureIsland,1535001,1550000
NC_007651.1,TreasureIsland,1615001,1650000
NC_007651.1,TreasureIsland,1660001,1680000
NC_007651.1,TreasureIsland,1710001,1720000
NC_007651.1,TreasureIsland,1730001,1740000
NC_007651.1,TreasureIsland,1770001,1780000
NC_007651.1,TreasureIsland,1790001,1800000
NC_007651.1,TreasureIsland,2000001,2015000
NC_007651.1,TreasureIsland,2017001,2035000
NC_007651.1,TreasureIsland,2160001,2180000
NC_007651.1,TreasureIsland,2200001,2210000
NC_007651.1,TreasureIsland,2640001,2700000
NC_007651.1,TreasureIsland,2930001,2950000
NC_007651.1,TreasureIsland,3058001,3170000
NC_007651.1,TreasureIsland,3220001,3235000
NC_007651.1,TreasureIsland,3235001,3255000
NC_007651.1,TreasureIsland,3310001,3340000
NC_007651.1,TreasureIsland,3560001,3590000
NC_007651.1,TreasureIsland,3660001,3690000
NC_007651.1,TreasureIsland,3720001,3730000
NC_007651.1,TreasureIsland,3780001,3790000
NC_007761.1,TreasureIsland,60001,70000
NC_007761.1,TreasureIsland,240001,260000
NC_007761.1,TreasureIsland,610001,620000
NC_007761.1,TreasureIsland,750001,760000
NC_007761.1,TreasureIsland,780001,830000
NC_007761.1,TreasureIsland,1100001,1135000
NC_007761.1,TreasureIsland,1150001,1165000
NC_007761.1,TreasureIsland,1410001,1445000
NC_007761.1,TreasureIsland,1810001,1820000
NC_007761.1,TreasureIsland,2050001,2110000
NC_007761.1,TreasureIsland,2250001,2260000
NC_007761.1,TreasureIsland,2540001,2550000
NC_007761.1,TreasureIsland,2620001,2630000
NC_007761.1,TreasureIsland,2740001,2750000
NC_007761.1,TreasureIsland,2760001,2770000
NC_007761.1,TreasureIsland,3050001,3070000
NC_007761.1,TreasureIsland,3330001,3350000
NC_007761.1,TreasureIsland,3380001,3400000
NC_007761.1,TreasureIsland,3560001,3580000
NC_007761.1,TreasureIsland,3950001,3970000
NC_007761.1,TreasureIsland,4380001,4381608
NC_007778.1,TreasureIsland,60001,74000
NC_007778.1,TreasureIsland,100001,110000
NC_007778.1,TreasureIsland,130001,155000
NC_007778.1,TreasureIsland,159001,180000
NC_007778.1,TreasureIsland,190001,240000
NC_007778.1,TreasureIsland,260001,270000
NC_007778.1,TreasureIsland,455001,470000
NC_007778.1,TreasureIsland,490001,500000
NC_007778.1,TreasureIsland,525001,540000
NC_007778.1,TreasureIsland,550001,560000
NC_007778.1,TreasureIsland,630001,640000
NC_007778.1,TreasureIsland,730001,745000
NC_007778.1,TreasureIsland,770001,805000
NC_007778.1,TreasureIsland,850001,870000
NC_007778.1,TreasureIsland,880001,890000
NC_007778.1,TreasureIsland,900001,930000
NC_007778.1,TreasureIsland,950001,960000
NC_007778.1,TreasureIsland,1010001,1025000
NC_007778.1,TreasureIsland,1055001,1115000
NC_007778.1,TreasureIsland,1130001,1190000
NC_007778.1,TreasureIsland,1230001,1243000
NC_007778.1,TreasureIsland,1269001,1285000
NC_007778.1,TreasureIsland,1285001,1300000
NC_007778.1,TreasureIsland,1310001,1325000
NC_007778.1,TreasureIsland,1370001,1385000
NC_007778.1,TreasureIsland,1420001,1435000
NC_007778.1,TreasureIsland,1435001,1450000
NC_007778.1,TreasureIsland,1535001,1580000
NC_007778.1,TreasureIsland,1640001,1665000
NC_007778.1,TreasureIsland,1669001,1700000
NC_007778.1,TreasureIsland,1710001,1750000
NC_007778.1,TreasureIsland,1785001,1815000
NC_007778.1,TreasureIsland,1815001,1890000
NC_007778.1,TreasureIsland,1900001,1915000
NC_007778.1,TreasureIsland,1919001,1945000
NC_007778.1,TreasureIsland,1949001,1965000
NC_007778.1,TreasureIsland,2000001,2010000
NC_007778.1,TreasureIsland,2080001,2105000
NC_007778.1,TreasureIsland,2115001,2130000
NC_007778.1,TreasureIsland,2140001,2150000
NC_007778.1,TreasureIsland,2150001,2165000
NC_007778.1,TreasureIsland,2170001,2195000
NC_007778.1,TreasureIsland,2195001,2225000
NC_007778.1,TreasureIsland,2236001,2255000
NC_007778.1,TreasureIsland,2255001,2275000
NC_007778.1,TreasureIsland,2307001,2375000
NC_007778.1,TreasureIsland,2375001,2395000
NC_007778.1,TreasureIsland,2420001,2470000
NC_007778.1,TreasureIsland,2480001,2625000
NC_007778.1,TreasureIsland,2670001,2685000
NC_007778.1,TreasureIsland,2725001,2760000
NC_007778.1,TreasureIsland,2820001,2855000
NC_007778.1,TreasureIsland,2920001,2935000
NC_007778.1,TreasureIsland,2960001,2975000
NC_007778.1,TreasureIsland,3020001,3030000
NC_007778.1,TreasureIsland,3030001,3055000
NC_007778.1,TreasureIsland,3065001,3085000
NC_007778.1,TreasureIsland,3130001,3150000
NC_007778.1,TreasureIsland,3160001,3205000
NC_007778.1,TreasureIsland,3219001,3230000
NC_007778.1,TreasureIsland,3290001,3305000
NC_007778.1,TreasureIsland,3350001,3370000
NC_007778.1,TreasureIsland,3390001,3400000
NC_007778.1,TreasureIsland,3455001,3610000
NC_007778.1,TreasureIsland,3630001,3640000
NC_007778.1,TreasureIsland,3690001,3725000
NC_007778.1,TreasureIsland,3740001,3775000
NC_007778.1,TreasureIsland,3775001,3805000
NC_007778.1,TreasureIsland,3830001,3840000
NC_007778.1,TreasureIsland,3905001,3925000
NC_007778.1,TreasureIsland,3955001,3990000
NC_007778.1,TreasureIsland,4000001,4015000
NC_007778.1,TreasureIsland,4020001,4035000
NC_007778.1,TreasureIsland,4035001,4085000
NC_007778.1,TreasureIsland,4159001,4180000
NC_007778.1,TreasureIsland,4190001,4210000
NC_007778.1,TreasureIsland,4280001,4295000
NC_007778.1,TreasureIsland,4320001,4335000
NC_007778.1,TreasureIsland,4349001,4365000
NC_007778.1,TreasureIsland,4370001,4395000
NC_007778.1,TreasureIsland,4397001,4425000
NC_007778.1,TreasureIsland,4500001,4510000
NC_007778.1,TreasureIsland,4520001,4540000
NC_007778.1,TreasureIsland,4550001,4560000
NC_007778.1,TreasureIsland,4600001,4615000
NC_007778.1,TreasureIsland,4650001,4695000
NC_007778.1,TreasureIsland,4799001,4810000
NC_007778.1,TreasureIsland,4820001,4830000
NC_007778.1,TreasureIsland,4920001,4940000
NC_007778.1,TreasureIsland,4960001,5000000
NC_007778.1,TreasureIsland,5020001,5040000
NC_007778.1,TreasureIsland,5080001,5090000
NC_007778.1,TreasureIsland,5160001,5180000
NC_007778.1,TreasureIsland,5216001,5235000
NC_007778.1,TreasureIsland,5238001,5255000
NC_007778.1,TreasureIsland,5330001,5331656
NC_007793.1,TreasureIsland,30001,110000
NC_007793.1,TreasureIsland,160001,170000
NC_007793.1,TreasureIsland,230001,240000
NC_007793.1,TreasureIsland,250001,260000
NC_007793.1,TreasureIsland,278001,290000
NC_007793.1,TreasureIsland,315001,330000
NC_007793.1,TreasureIsland,345001,370000
NC_007793.1,TreasureIsland,415001,430000
NC_007793.1,TreasureIsland,440001,480000
NC_007793.1,TreasureIsland,610001,640000
NC_007793.1,TreasureIsland,650001,660000
NC_007793.1,TreasureIsland,670001,700000
NC_007793.1,TreasureIsland,760001,805000
NC_007793.1,TreasureIsland,850001,900000
NC_007793.1,TreasureIsland,957001,970000
NC_007793.1,TreasureIsland,980001,991000
NC_007793.1,TreasureIsland,1015001,1035000
NC_007793.1,TreasureIsland,1150001,1180000
NC_007793.1,TreasureIsland,1320001,1345000
NC_007793.1,TreasureIsland,1455001,1485000
NC_007793.1,TreasureIsland,1540001,1595000
NC_007793.1,TreasureIsland,1900001,1910000
NC_007793.1,TreasureIsland,1920001,1960000
NC_007793.1,TreasureIsland,1990001,2000000
NC_007793.1,TreasureIsland,2070001,2155000
NC_007793.1,TreasureIsland,2170001,2180000
NC_007793.1,TreasureIsland,2260001,2275000
NC_007793.1,TreasureIsland,2285001,2305000
NC_007793.1,TreasureIsland,2309001,2320000
NC_007793.1,TreasureIsland,2330001,2350000
NC_007793.1,TreasureIsland,2360001,2370000
NC_007793.1,TreasureIsland,2500001,2510000
NC_007793.1,TreasureIsland,2540001,2550000
NC_007793.1,TreasureIsland,2600001,2630000
NC_007793.1,TreasureIsland,2765001,2780000
NC_007793.1,TreasureIsland,2810001,2830000
NC_007946.1,TreasureIsland,120001,130000
NC_007946.1,TreasureIsland,150001,160000
NC_007946.1,TreasureIsland,230001,270000
NC_007946.1,TreasureIsland,290001,350000
NC_007946.1,TreasureIsland,910001,950000
NC_007946.1,TreasureIsland,1070001,1150000
NC_007946.1,TreasureIsland,1240001,1300000
NC_007946.1,TreasureIsland,1360001,1370000
NC_007946.1,TreasureIsland,1380001,1430000
NC_007946.1,TreasureIsland,1520001,1530000
NC_007946.1,TreasureIsland,1540001,1550000
NC_007946.1,TreasureIsland,1590001,1600000
NC_007946.1,TreasureIsland,1630001,1660000
NC_007946.1,TreasureIsland,1670001,1680000
NC_007946.1,TreasureIsland,2060001,2085000
NC_007946.1,TreasureIsland,2095001,2220000
NC_007946.1,TreasureIsland,2240001,2250000
NC_007946.1,TreasureIsland,2300001,2310000
NC_007946.1,TreasureIsland,2590001,2650000
NC_007946.1,TreasureIsland,2860001,2875000
NC_007946.1,TreasureIsland,2900001,2940000
NC_007946.1,TreasureIsland,3100001,3140000
NC_007946.1,TreasureIsland,3290001,3310000
NC_007946.1,TreasureIsland,3640001,3650000
NC_007946.1,TreasureIsland,3660001,3680000
NC_007946.1,TreasureIsland,3690001,3700000
NC_007946.1,TreasureIsland,4090001,4100000
NC_007946.1,TreasureIsland,4280001,4290000
NC_007946.1,TreasureIsland,4770001,4910000
NC_007946.1,TreasureIsland,4920001,4940000
NC_007946.1,TreasureIsland,4980001,5030000
NC_007958.1,TreasureIsland,5001,85000
NC_007958.1,TreasureIsland,150001,160000
NC_007958.1,TreasureIsland,225001,245000
NC_007958.1,TreasureIsland,370001,395000
NC_007958.1,TreasureIsland,395001,435000
NC_007958.1,TreasureIsland,520001,535000
NC_007958.1,TreasureIsland,640001,685000
NC_007958.1,TreasureIsland,710001,725000
NC_007958.1,TreasureIsland,730001,745000
NC_007958.1,TreasureIsland,750001,770000
NC_007958.1,TreasureIsland,780001,790000
NC_007958.1,TreasureIsland,819001,875000
NC_007958.1,TreasureIsland,900001,910000
NC_007958.1,TreasureIsland,920001,930000
NC_007958.1,TreasureIsland,970001,980000
NC_007958.1,TreasureIsland,1020001,1045000
NC_007958.1,TreasureIsland,1130001,1145000
NC_007958.1,TreasureIsland,1145001,1165000
NC_007958.1,TreasureIsland,1165001,1205000
NC_007958.1,TreasureIsland,1205001,1225000
NC_007958.1,TreasureIsland,1235001,1275000
NC_007958.1,TreasureIsland,1276001,1315000
NC_007958.1,TreasureIsland,1315001,1355000
NC_007958.1,TreasureIsland,1418001,1430000
NC_007958.1,TreasureIsland,1460001,1475000
NC_007958.1,TreasureIsland,1550001,1565000
NC_007958.1,TreasureIsland,1590001,1620000
NC_007958.1,TreasureIsland,1647001,1695000
NC_007958.1,TreasureIsland,1720001,1750000
NC_007958.1,TreasureIsland,1760001,1775000
NC_007958.1,TreasureIsland,1790001,1875000
NC_007958.1,TreasureIsland,1875001,1895000
NC_007958.1,TreasureIsland,1930001,1945000
NC_007958.1,TreasureIsland,1970001,1980000
NC_007958.1,TreasureIsland,1999001,2025000
NC_007958.1,TreasureIsland,2045001,2165000
NC_007958.1,TreasureIsland,2165001,2195000
NC_007958.1,TreasureIsland,2195001,2235000
NC_007958.1,TreasureIsland,2246001,2265000
NC_007958.1,TreasureIsland,2275001,2290000
NC_007958.1,TreasureIsland,2305001,2345000
NC_007958.1,TreasureIsland,2349001,2365000
NC_007958.1,TreasureIsland,2365001,2505000
NC_007958.1,TreasureIsland,2530001,2605000
NC_007958.1,TreasureIsland,2748001,2775000
NC_007958.1,TreasureIsland,2800001,2835000
NC_007958.1,TreasureIsland,2835001,2905000
NC_007958.1,TreasureIsland,2909001,2980000
NC_007958.1,TreasureIsland,2990001,3005000
NC_007958.1,TreasureIsland,3038001,3065000
NC_007958.1,TreasureIsland,3080001,3090000
NC_007958.1,TreasureIsland,3149001,3165000
NC_007958.1,TreasureIsland,3169001,3180000
NC_007958.1,TreasureIsland,3210001,3220000
NC_007958.1,TreasureIsland,3250001,3285000
NC_007958.1,TreasureIsland,3295001,3350000
NC_007958.1,TreasureIsland,3395001,3410000
NC_007958.1,TreasureIsland,3410001,3430000
NC_007958.1,TreasureIsland,3450001,3465000
NC_007958.1,TreasureIsland,3490001,3500000
NC_007958.1,TreasureIsland,3558001,3575000
NC_007958.1,TreasureIsland,3578001,3590000
NC_007958.1,TreasureIsland,3599001,3610000
NC_007958.1,TreasureIsland,3620001,3650000
NC_007958.1,TreasureIsland,3660001,3670000
NC_007958.1,TreasureIsland,3680001,3750000
NC_007958.1,TreasureIsland,3760001,3775000
NC_007958.1,TreasureIsland,3785001,3800000
NC_007958.1,TreasureIsland,3810001,3835000
NC_007958.1,TreasureIsland,3835001,3855000
NC_007958.1,TreasureIsland,3870001,3890000
NC_007958.1,TreasureIsland,3958001,3970000
NC_007958.1,TreasureIsland,4030001,4100000
NC_007958.1,TreasureIsland,4129001,4145000
NC_007958.1,TreasureIsland,4145001,4160000
NC_007958.1,TreasureIsland,4170001,4200000
NC_007958.1,TreasureIsland,4326001,4340000
NC_007958.1,TreasureIsland,4360001,4425000
NC_007958.1,TreasureIsland,4460001,4470000
NC_007958.1,TreasureIsland,4530001,4555000
NC_007958.1,TreasureIsland,4567001,4585000
NC_007958.1,TreasureIsland,4590001,4600000
NC_007958.1,TreasureIsland,4636001,4660000
NC_007958.1,TreasureIsland,4695001,4720000
NC_007958.1,TreasureIsland,4730001,4765000
NC_007958.1,TreasureIsland,4785001,4800000
NC_007958.1,TreasureIsland,4810001,4820000
NC_007958.1,TreasureIsland,4856001,4870000
NC_007958.1,TreasureIsland,4880001,4892717
NC_008022.1,TreasureIsland,1,15000
NC_008022.1,TreasureIsland,110001,135000
NC_008022.1,TreasureIsland,150001,160000
NC_008022.1,TreasureIsland,180001,200000
NC_008022.1,TreasureIsland,230001,240000
NC_008022.1,TreasureIsland,260001,275000
NC_008022.1,TreasureIsland,278001,375000
NC_008022.1,TreasureIsland,390001,415000
NC_008022.1,TreasureIsland,430001,465000
NC_008022.1,TreasureIsland,530001,580000
NC_008022.1,TreasureIsland,590001,600000
NC_008022.1,TreasureIsland,620001,635000
NC_008022.1,TreasureIsland,635001,655000
NC_008022.1,TreasureIsland,740001,750000
NC_008022.1,TreasureIsland,767001,810000
NC_008022.1,TreasureIsland,835001,850000
NC_008022.1,TreasureIsland,865001,890000
NC_008022.1,TreasureIsland,1260001,1305000
NC_008022.1,TreasureIsland,1309001,1335000
NC_008022.1,TreasureIsland,1335001,1350000
NC_008022.1,TreasureIsland,1370001,1390000
NC_008022.1,TreasureIsland,1570001,1585000
NC_008022.1,TreasureIsland,1587001,1600000
NC_008022.1,TreasureIsland,1630001,1655000
NC_008022.1,TreasureIsland,1709001,1725000
NC_008022.1,TreasureIsland,1729001,1760000
NC_008022.1,TreasureIsland,1830001,1850000
NC_008022.1,TreasureIsland,1860001,1875000
NC_008022.1,TreasureIsland,1875001,1890000
NC_008022.1,TreasureIsland,1900001,1910000
NC_008022.1,TreasureIsland,1920001,1928252
NC_008023.1,TreasureIsland,1,15000
NC_008023.1,TreasureIsland,110001,135000
NC_008023.1,TreasureIsland,150001,160000
NC_008023.1,TreasureIsland,180001,200000
NC_008023.1,TreasureIsland,280001,330000
NC_008023.1,TreasureIsland,345001,385000
NC_008023.1,TreasureIsland,395001,415000
NC_008023.1,TreasureIsland,430001,475000
NC_008023.1,TreasureIsland,530001,580000
NC_008023.1,TreasureIsland,590001,605000
NC_008023.1,TreasureIsland,630001,660000
NC_008023.1,TreasureIsland,690001,700000
NC_008023.1,TreasureIsland,745001,760000
NC_008023.1,TreasureIsland,805001,820000
NC_008023.1,TreasureIsland,840001,860000
NC_008023.1,TreasureIsland,910001,920000
NC_008023.1,TreasureIsland,930001,940000
NC_008023.1,TreasureIsland,1030001,1040000
NC_008023.1,TreasureIsland,1055001,1120000
NC_008023.1,TreasureIsland,1300001,1310000
NC_008023.1,TreasureIsland,1400001,1450000
NC_008023.1,TreasureIsland,1590001,1615000
NC_008023.1,TreasureIsland,1670001,1685000
NC_008023.1,TreasureIsland,1689001,1725000
NC_008023.1,TreasureIsland,1810001,1820000
NC_008023.1,TreasureIsland,1850001,1860355
NC_008024.1,TreasureIsland,1,15000
NC_008024.1,TreasureIsland,45001,60000
NC_008024.1,TreasureIsland,120001,135000
NC_008024.1,TreasureIsland,150001,165000
NC_008024.1,TreasureIsland,250001,260000
NC_008024.1,TreasureIsland,270001,285000
NC_008024.1,TreasureIsland,285001,335000
NC_008024.1,TreasureIsland,335001,375000
NC_008024.1,TreasureIsland,390001,420000
NC_008024.1,TreasureIsland,440001,480000
NC_008024.1,TreasureIsland,526001,595000
NC_008024.1,TreasureIsland,650001,665000
NC_008024.1,TreasureIsland,665001,685000
NC_008024.1,TreasureIsland,710001,720000
NC_008024.1,TreasureIsland,770001,785000
NC_008024.1,TreasureIsland,798001,840000
NC_008024.1,TreasureIsland,867001,880000
NC_008024.1,TreasureIsland,895001,920000
NC_008024.1,TreasureIsland,1220001,1260000
NC_008024.1,TreasureIsland,1360001,1370000
NC_008024.1,TreasureIsland,1540001,1550000
NC_008024.1,TreasureIsland,1610001,1680000
NC_008024.1,TreasureIsland,1756001,1791000
NC_008024.1,TreasureIsland,1860001,1875000
NC_008024.1,TreasureIsland,1890001,1900000
NC_008024.1,TreasureIsland,1930001,1937111
NC_008060.1,TreasureIsland,310001,350000
NC_008060.1,TreasureIsland,430001,450000
NC_008060.1,TreasureIsland,480001,510000
NC_008060.1,TreasureIsland,760001,770000
NC_008060.1,TreasureIsland,900001,930000
NC_008060.1,TreasureIsland,960001,1000000
NC_008060.1,TreasureIsland,1180001,1200000
NC_008060.1,TreasureIsland,1250001,1285000
NC_008060.1,TreasureIsland,1320001,1335000
NC_008060.1,TreasureIsland,1335001,1380000
NC_008060.1,TreasureIsland,1390001,1400000
NC_008060.1,TreasureIsland,1410001,1425000
NC_008060.1,TreasureIsland,1427001,1465000
NC_008060.1,TreasureIsland,1470001,1480000
NC_008060.1,TreasureIsland,1490001,1505000
NC_008060.1,TreasureIsland,1520001,1540000
NC_008060.1,TreasureIsland,1550001,1570000
NC_008060.1,TreasureIsland,1580001,1605000
NC_008060.1,TreasureIsland,1660001,1710000
NC_008060.1,TreasureIsland,1730001,1760000
NC_008060.1,TreasureIsland,1940001,1970000
NC_008060.1,TreasureIsland,2120001,2130000
NC_008060.1,TreasureIsland,2280001,2290000
NC_008060.1,TreasureIsland,2370001,2380000
NC_008060.1,TreasureIsland,2910001,2940000
NC_008060.1,TreasureIsland,3145001,3200000
NC_008061.1,TreasureIsland,1,10000
NC_008061.1,TreasureIsland,95001,110000
NC_008061.1,TreasureIsland,150001,160000
NC_008061.1,TreasureIsland,190001,270000
NC_008061.1,TreasureIsland,420001,440000
NC_008061.1,TreasureIsland,460001,485000
NC_008061.1,TreasureIsland,517001,550000
NC_008061.1,TreasureIsland,565001,580000
NC_008061.1,TreasureIsland,640001,675000
NC_008061.1,TreasureIsland,720001,730000
NC_008061.1,TreasureIsland,750001,780000
NC_008061.1,TreasureIsland,840001,880000
NC_008061.1,TreasureIsland,1000001,1010000
NC_008061.1,TreasureIsland,1035001,1075000
NC_008061.1,TreasureIsland,1129001,1140000
NC_008061.1,TreasureIsland,1150001,1170000
NC_008061.1,TreasureIsland,1195001,1220000
NC_008061.1,TreasureIsland,1238001,1250000
NC_008061.1,TreasureIsland,1260001,1270000
NC_008061.1,TreasureIsland,1330001,1370000
NC_008061.1,TreasureIsland,1410001,1430000
NC_008061.1,TreasureIsland,1440001,1460000
NC_008061.1,TreasureIsland,1470001,1480000
NC_008061.1,TreasureIsland,1510001,1520000
NC_008061.1,TreasureIsland,1540001,1570000
NC_008061.1,TreasureIsland,1580001,1600000
NC_008061.1,TreasureIsland,1700001,1715000
NC_008061.1,TreasureIsland,1800001,1821000
NC_008061.1,TreasureIsland,1865001,1890000
NC_008061.1,TreasureIsland,1960001,1980000
NC_008061.1,TreasureIsland,2010001,2020000
NC_008061.1,TreasureIsland,2050001,2060000
NC_008061.1,TreasureIsland,2070001,2080000
NC_008061.1,TreasureIsland,2080001,2230000
NC_008061.1,TreasureIsland,2240001,2260000
NC_008061.1,TreasureIsland,2270001,2290000
NC_008061.1,TreasureIsland,2360001,2390000
NC_008061.1,TreasureIsland,2410001,2430000
NC_008061.1,TreasureIsland,2440001,2455000
NC_008061.1,TreasureIsland,2480001,2495000
NC_008061.1,TreasureIsland,2550001,2600000
NC_008061.1,TreasureIsland,2630001,2640000
NC_008061.1,TreasureIsland,2650001,2670000
NC_008061.1,TreasureIsland,2680001,2690000
NC_008061.1,TreasureIsland,2720001,2730000
NC_008061.1,TreasureIsland,2770001,2788459
NC_008253.1,TreasureIsland,150001,160000
NC_008253.1,TreasureIsland,230001,270000
NC_008253.1,TreasureIsland,290001,410000
NC_008253.1,TreasureIsland,1050001,1060000
NC_008253.1,TreasureIsland,1080001,1100000
NC_008253.1,TreasureIsland,1185001,1250000
NC_008253.1,TreasureIsland,1440001,1450000
NC_008253.1,TreasureIsland,1540001,1550000
NC_008253.1,TreasureIsland,1750001,1760000
NC_008253.1,TreasureIsland,1940001,1980000
NC_008253.1,TreasureIsland,1995001,2120000
NC_008253.1,TreasureIsland,2140001,2150000
NC_008253.1,TreasureIsland,2200001,2210000
NC_008253.1,TreasureIsland,2500001,2515000
NC_008253.1,TreasureIsland,2730001,2740000
NC_008253.1,TreasureIsland,2830001,2850000
NC_008253.1,TreasureIsland,2890001,2900000
NC_008253.1,TreasureIsland,2940001,2980000
NC_008253.1,TreasureIsland,3125001,3200000
NC_008253.1,TreasureIsland,3530001,3540000
NC_008253.1,TreasureIsland,3550001,3560000
NC_008253.1,TreasureIsland,3570001,3580000
NC_008253.1,TreasureIsland,3670001,3680000
NC_008253.1,TreasureIsland,3770001,3780000
NC_008253.1,TreasureIsland,3940001,4030000
NC_008253.1,TreasureIsland,4200001,4210000
NC_008253.1,TreasureIsland,4480001,4490000
NC_008253.1,TreasureIsland,4730001,4850000
NC_008258.1,TreasureIsland,230001,300000
NC_008258.1,TreasureIsland,320001,340000
NC_008258.1,TreasureIsland,530001,540000
NC_008258.1,TreasureIsland,550001,560000
NC_008258.1,TreasureIsland,580001,590000
NC_008258.1,TreasureIsland,660001,670000
NC_008258.1,TreasureIsland,710001,720000
NC_008258.1,TreasureIsland,740001,780000
NC_008258.1,TreasureIsland,880001,890000
NC_008258.1,TreasureIsland,930001,940000
NC_008258.1,TreasureIsland,990001,1000000
NC_008258.1,TreasureIsland,1070001,1100000
NC_008258.1,TreasureIsland,1110001,1120000
NC_008258.1,TreasureIsland,1190001,1215000
NC_008258.1,TreasureIsland,1215001,1230000
NC_008258.1,TreasureIsland,1400001,1440000
NC_008258.1,TreasureIsland,1570001,1600000
NC_008258.1,TreasureIsland,1620001,1640000
NC_008258.1,TreasureIsland,1750001,1770000
NC_008258.1,TreasureIsland,1800001,1810000
NC_008258.1,TreasureIsland,1820001,1830000
NC_008258.1,TreasureIsland,1840001,1850000
NC_008258.1,TreasureIsland,1860001,1890000
NC_008258.1,TreasureIsland,1910001,1955000
NC_008258.1,TreasureIsland,2010001,2020000
NC_008258.1,TreasureIsland,2040001,2090000
NC_008258.1,TreasureIsland,2110001,2120000
NC_008258.1,TreasureIsland,2190001,2200000
NC_008258.1,TreasureIsland,2210001,2230000
NC_008258.1,TreasureIsland,2420001,2430000
NC_008258.1,TreasureIsland,2465001,2490000
NC_008258.1,TreasureIsland,2545001,2560000
NC_008258.1,TreasureIsland,2680001,2690000
NC_008258.1,TreasureIsland,2720001,2730000
NC_008258.1,TreasureIsland,2760001,2810000
NC_008258.1,TreasureIsland,2910001,2920000
NC_008258.1,TreasureIsland,2990001,3000000
NC_008258.1,TreasureIsland,3360001,3380000
NC_008258.1,TreasureIsland,3390001,3400000
NC_008258.1,TreasureIsland,3550001,3570000
NC_008258.1,TreasureIsland,3580001,3600000
NC_008258.1,TreasureIsland,3680001,3690000
NC_008258.1,TreasureIsland,3700001,3710000
NC_008258.1,TreasureIsland,3730001,3740000
NC_008258.1,TreasureIsland,3780001,3790000
NC_008258.1,TreasureIsland,3820001,3830000
NC_008258.1,TreasureIsland,3860001,3870000
NC_008258.1,TreasureIsland,3880001,3890000
NC_008258.1,TreasureIsland,3940001,3970000
NC_008258.1,TreasureIsland,4000001,4010000
NC_008258.1,TreasureIsland,4090001,4100000
NC_008258.1,TreasureIsland,4330001,4340000
NC_008258.1,TreasureIsland,4350001,4360000
NC_008321.1,TreasureIsland,10001,30000
NC_008321.1,TreasureIsland,50001,60000
NC_008321.1,TreasureIsland,70001,80000
NC_008321.1,TreasureIsland,100001,190000
NC_008321.1,TreasureIsland,260001,290000
NC_008321.1,TreasureIsland,300001,380000
NC_008321.1,TreasureIsland,390001,430000
NC_008321.1,TreasureIsland,460001,470000
NC_008321.1,TreasureIsland,510001,570000
NC_008321.1,TreasureIsland,580001,610000
NC_008321.1,TreasureIsland,620001,640000
NC_008321.1,TreasureIsland,650001,680000
NC_008321.1,TreasureIsland,710001,720000
NC_008321.1,TreasureIsland,730001,740000
NC_008321.1,TreasureIsland,750001,780000
NC_008321.1,TreasureIsland,790001,800000
NC_008321.1,TreasureIsland,815001,870000
NC_008321.1,TreasureIsland,910001,920000
NC_008321.1,TreasureIsland,930001,960000
NC_008321.1,TreasureIsland,970001,1040000
NC_008321.1,TreasureIsland,1055001,1090000
NC_008321.1,TreasureIsland,1110001,1120000
NC_008321.1,TreasureIsland,1140001,1160000
NC_008321.1,TreasureIsland,1220001,1240000
NC_008321.1,TreasureIsland,1250001,1280000
NC_008321.1,TreasureIsland,1290001,1300000
NC_008321.1,TreasureIsland,1340001,1420000
NC_008321.1,TreasureIsland,1450001,1460000
NC_008321.1,TreasureIsland,1510001,1540000
NC_008321.1,TreasureIsland,1555001,1570000
NC_008321.1,TreasureIsland,1580001,1610000
NC_008321.1,TreasureIsland,1625001,1660000
NC_008321.1,TreasureIsland,1670001,1680000
NC_008321.1,TreasureIsland,1690001,1710000
NC_008321.1,TreasureIsland,1720001,1770000
NC_008321.1,TreasureIsland,1810001,1820000
NC_008321.1,TreasureIsland,1840001,1880000
NC_008321.1,TreasureIsland,1910001,1930000
NC_008321.1,TreasureIsland,1956001,1970000
NC_008321.1,TreasureIsland,2000001,2060000
NC_008321.1,TreasureIsland,2070001,2140000
NC_008321.1,TreasureIsland,2150001,2160000
NC_008321.1,TreasureIsland,2170001,2180000
NC_008321.1,TreasureIsland,2190001,2230000
NC_008321.1,TreasureIsland,2240001,2260000
NC_008321.1,TreasureIsland,2270001,2280000
NC_008321.1,TreasureIsland,2300001,2340000
NC_008321.1,TreasureIsland,2360001,2370000
NC_008321.1,TreasureIsland,2380001,2390000
NC_008321.1,TreasureIsland,2440001,2460000
NC_008321.1,TreasureIsland,2470001,2490000
NC_008321.1,TreasureIsland,2500001,2510000
NC_008321.1,TreasureIsland,2520001,2540000
NC_008321.1,TreasureIsland,2550001,2560000
NC_008321.1,TreasureIsland,2580001,2630000
NC_008321.1,TreasureIsland,2650001,2660000
NC_008321.1,TreasureIsland,2670001,2690000
NC_008321.1,TreasureIsland,2710001,2770000
NC_008321.1,TreasureIsland,2790001,2820000
NC_008321.1,TreasureIsland,2830001,2850000
NC_008321.1,TreasureIsland,2870001,2910000
NC_008321.1,TreasureIsland,2940001,2960000
NC_008321.1,TreasureIsland,3000001,3010000
NC_008321.1,TreasureIsland,3030001,3040000
NC_008321.1,TreasureIsland,3050001,3070000
NC_008321.1,TreasureIsland,3108001,3120000
NC_008321.1,TreasureIsland,3145001,3170000
NC_008321.1,TreasureIsland,3180001,3210000
NC_008321.1,TreasureIsland,3220001,3230000
NC_008321.1,TreasureIsland,3270001,3380000
NC_008321.1,TreasureIsland,3430001,3460000
NC_008321.1,TreasureIsland,3490001,3500000
NC_008321.1,TreasureIsland,3550001,3560000
NC_008321.1,TreasureIsland,3580001,3620000
NC_008321.1,TreasureIsland,3650001,3660000
NC_008321.1,TreasureIsland,3670001,3680000
NC_008321.1,TreasureIsland,3690001,3700000
NC_008321.1,TreasureIsland,3710001,3720000
NC_008321.1,TreasureIsland,3740001,3780000
NC_008321.1,TreasureIsland,3810001,3860000
NC_008321.1,TreasureIsland,3910001,3960000
NC_008321.1,TreasureIsland,4020001,4030000
NC_008321.1,TreasureIsland,4049001,4090000
NC_008321.1,TreasureIsland,4130001,4150000
NC_008321.1,TreasureIsland,4180001,4220000
NC_008321.1,TreasureIsland,4230001,4240000
NC_008321.1,TreasureIsland,4250001,4260000
NC_008321.1,TreasureIsland,4280001,4290000
NC_008321.1,TreasureIsland,4290001,4300000
NC_008321.1,TreasureIsland,4340001,4390000
NC_008321.1,TreasureIsland,4430001,4440000
NC_008321.1,TreasureIsland,4460001,4500000
NC_008321.1,TreasureIsland,4530001,4580000
NC_008321.1,TreasureIsland,4590001,4650000
NC_008321.1,TreasureIsland,4670001,4680000
NC_008322.1,TreasureIsland,18001,30000
NC_008322.1,TreasureIsland,50001,60000
NC_008322.1,TreasureIsland,70001,80000
NC_008322.1,TreasureIsland,90001,100000
NC_008322.1,TreasureIsland,110001,170000
NC_008322.1,TreasureIsland,240001,250000
NC_008322.1,TreasureIsland,280001,330000
NC_008322.1,TreasureIsland,345001,360000
NC_008322.1,TreasureIsland,370001,410000
NC_008322.1,TreasureIsland,460001,470000
NC_008322.1,TreasureIsland,480001,520000
NC_008322.1,TreasureIsland,560001,640000
NC_008322.1,TreasureIsland,650001,690000
NC_008322.1,TreasureIsland,710001,720000
NC_008322.1,TreasureIsland,740001,760000
NC_008322.1,TreasureIsland,770001,800000
NC_008322.1,TreasureIsland,820001,860000
NC_008322.1,TreasureIsland,870001,890000
NC_008322.1,TreasureIsland,910001,930000
NC_008322.1,TreasureIsland,940001,960000
NC_008322.1,TreasureIsland,970001,990000
NC_008322.1,TreasureIsland,1000001,1020000
NC_008322.1,TreasureIsland,1040001,1050000
NC_008322.1,TreasureIsland,1060001,1080000
NC_008322.1,TreasureIsland,1100001,1120000
NC_008322.1,TreasureIsland,1170001,1230000
NC_008322.1,TreasureIsland,1280001,1320000
NC_008322.1,TreasureIsland,1330001,1350000
NC_008322.1,TreasureIsland,1360001,1380000
NC_008322.1,TreasureIsland,1420001,1470000
NC_008322.1,TreasureIsland,1480001,1500000
NC_008322.1,TreasureIsland,1530001,1540000
NC_008322.1,TreasureIsland,1590001,1640000
NC_008322.1,TreasureIsland,1670001,1680000
NC_008322.1,TreasureIsland,1695001,1730000
NC_008322.1,TreasureIsland,1740001,1780000
NC_008322.1,TreasureIsland,1790001,1840000
NC_008322.1,TreasureIsland,1880001,1930000
NC_008322.1,TreasureIsland,1940001,1960000
NC_008322.1,TreasureIsland,1985001,2010000
NC_008322.1,TreasureIsland,2080001,2130000
NC_008322.1,TreasureIsland,2150001,2280000
NC_008322.1,TreasureIsland,2310001,2370000
NC_008322.1,TreasureIsland,2380001,2410000
NC_008322.1,TreasureIsland,2460001,2510000
NC_008322.1,TreasureIsland,2530001,2540000
NC_008322.1,TreasureIsland,2550001,2560000
NC_008322.1,TreasureIsland,2580001,2600000
NC_008322.1,TreasureIsland,2645001,2660000
NC_008322.1,TreasureIsland,2670001,2700000
NC_008322.1,TreasureIsland,2720001,2750000
NC_008322.1,TreasureIsland,2770001,2800000
NC_008322.1,TreasureIsland,2810001,2830000
NC_008322.1,TreasureIsland,2840001,2850000
NC_008322.1,TreasureIsland,2860001,2880000
NC_008322.1,TreasureIsland,2930001,2940000
NC_008322.1,TreasureIsland,2950001,2970000
NC_008322.1,TreasureIsland,3000001,3010000
NC_008322.1,TreasureIsland,3050001,3080000
NC_008322.1,TreasureIsland,3090001,3100000
NC_008322.1,TreasureIsland,3110001,3140000
NC_008322.1,TreasureIsland,3150001,3180000
NC_008322.1,TreasureIsland,3210001,3220000
NC_008322.1,TreasureIsland,3240001,3280000
NC_008322.1,TreasureIsland,3330001,3450000
NC_008322.1,TreasureIsland,3500001,3530000
NC_008322.1,TreasureIsland,3560001,3570000
NC_008322.1,TreasureIsland,3590001,3600000
NC_008322.1,TreasureIsland,3615001,3630000
NC_008322.1,TreasureIsland,3640001,3690000
NC_008322.1,TreasureIsland,3710001,3800000
NC_008322.1,TreasureIsland,3850001,3860000
NC_008322.1,TreasureIsland,3880001,3890000
NC_008322.1,TreasureIsland,3900001,3910000
NC_008322.1,TreasureIsland,3960001,3980000
NC_008322.1,TreasureIsland,3990001,4050000
NC_008322.1,TreasureIsland,4070001,4090000
NC_008322.1,TreasureIsland,4110001,4130000
NC_008322.1,TreasureIsland,4140001,4150000
NC_008322.1,TreasureIsland,4160001,4180000
NC_008322.1,TreasureIsland,4190001,4210000
NC_008322.1,TreasureIsland,4220001,4240000
NC_008322.1,TreasureIsland,4280001,4290000
NC_008322.1,TreasureIsland,4320001,4380000
NC_008322.1,TreasureIsland,4390001,4450000
NC_008322.1,TreasureIsland,4460001,4480000
NC_008322.1,TreasureIsland,4490001,4500000
NC_008322.1,TreasureIsland,4520001,4540000
NC_008322.1,TreasureIsland,4550001,4560000
NC_008322.1,TreasureIsland,4590001,4600000
NC_008322.1,TreasureIsland,4610001,4630000
NC_008322.1,TreasureIsland,4650001,4660000
NC_008322.1,TreasureIsland,4670001,4740000
NC_008322.1,TreasureIsland,4750001,4770000
NC_008390.1,TreasureIsland,1,15000
NC_008390.1,TreasureIsland,15001,30000
NC_008390.1,TreasureIsland,240001,250000
NC_008390.1,TreasureIsland,410001,420000
NC_008390.1,TreasureIsland,470001,480000
NC_008390.1,TreasureIsland,820001,855000
NC_008390.1,TreasureIsland,930001,940000
NC_008390.1,TreasureIsland,950001,960000
NC_008390.1,TreasureIsland,970001,980000
NC_008390.1,TreasureIsland,990001,1000000
NC_008390.1,TreasureIsland,1220001,1235000
NC_008390.1,TreasureIsland,1300001,1315000
NC_008390.1,TreasureIsland,1315001,1355000
NC_008390.1,TreasureIsland,1370001,1400000
NC_008390.1,TreasureIsland,1410001,1420000
NC_008390.1,TreasureIsland,1610001,1640000
NC_008390.1,TreasureIsland,1740001,1765000
NC_008390.1,TreasureIsland,1765001,1820000
NC_008390.1,TreasureIsland,1860001,1890000
NC_008390.1,TreasureIsland,2020001,2070000
NC_008390.1,TreasureIsland,2110001,2120000
NC_008390.1,TreasureIsland,2160001,2210000
NC_008390.1,TreasureIsland,2300001,2310000
NC_008390.1,TreasureIsland,2445001,2460000
NC_008390.1,TreasureIsland,2479001,2500000
NC_008390.1,TreasureIsland,2650001,2680000
NC_008390.1,TreasureIsland,2840001,2850000
NC_008390.1,TreasureIsland,2888001,2900000
NC_008390.1,TreasureIsland,3010001,3020000
NC_008390.1,TreasureIsland,3100001,3130000
NC_008390.1,TreasureIsland,3350001,3364000
NC_008390.1,TreasureIsland,3460001,3490000
NC_008463.1,TreasureIsland,40001,65000
NC_008463.1,TreasureIsland,270001,315000
NC_008463.1,TreasureIsland,470001,485000
NC_008463.1,TreasureIsland,590001,605000
NC_008463.1,TreasureIsland,630001,645000
NC_008463.1,TreasureIsland,685001,705000
NC_008463.1,TreasureIsland,708001,720000
NC_008463.1,TreasureIsland,780001,805000
NC_008463.1,TreasureIsland,955001,975000
NC_008463.1,TreasureIsland,1186001,1205000
NC_008463.1,TreasureIsland,1295001,1335000
NC_008463.1,TreasureIsland,1565001,1585000
NC_008463.1,TreasureIsland,1660001,1675000
NC_008463.1,TreasureIsland,1705001,1735000
NC_008463.1,TreasureIsland,1750001,1775000
NC_008463.1,TreasureIsland,1796001,1825000
NC_008463.1,TreasureIsland,1920001,1940000
NC_008463.1,TreasureIsland,2020001,2045000
NC_008463.1,TreasureIsland,2260001,2270000
NC_008463.1,TreasureIsland,2290001,2305000
NC_008463.1,TreasureIsland,2415001,2435000
NC_008463.1,TreasureIsland,2470001,2505000
NC_008463.1,TreasureIsland,2540001,2575000
NC_008463.1,TreasureIsland,2655001,2725000
NC_008463.1,TreasureIsland,2838001,2875000
NC_008463.1,TreasureIsland,2895001,2945000
NC_008463.1,TreasureIsland,2955001,2990000
NC_008463.1,TreasureIsland,3025001,3040000
NC_008463.1,TreasureIsland,3085001,3115000
NC_008463.1,TreasureIsland,3140001,3150000
NC_008463.1,TreasureIsland,3160001,3195000
NC_008463.1,TreasureIsland,3195001,3215000
NC_008463.1,TreasureIsland,3249001,3275000
NC_008463.1,TreasureIsland,3290001,3300000
NC_008463.1,TreasureIsland,3325001,3345000
NC_008463.1,TreasureIsland,3360001,3395000
NC_008463.1,TreasureIsland,3466001,3480000
NC_008463.1,TreasureIsland,3505001,3520000
NC_008463.1,TreasureIsland,3535001,3555000
NC_008463.1,TreasureIsland,3585001,3615000
NC_008463.1,TreasureIsland,3765001,3795000
NC_008463.1,TreasureIsland,4129001,4165000
NC_008463.1,TreasureIsland,4236001,4255000
NC_008463.1,TreasureIsland,4295001,4330000
NC_008463.1,TreasureIsland,4395001,4415000
NC_008463.1,TreasureIsland,4560001,4590000
NC_008463.1,TreasureIsland,4750001,4775000
NC_008463.1,TreasureIsland,4860001,4905000
NC_008463.1,TreasureIsland,4915001,4935000
NC_008463.1,TreasureIsland,4936001,4975000
NC_008463.1,TreasureIsland,4976001,4990000
NC_008463.1,TreasureIsland,5239001,5365000
NC_008463.1,TreasureIsland,5530001,5540000
NC_008463.1,TreasureIsland,5730001,5740000
NC_008463.1,TreasureIsland,5858001,5872000
NC_008463.1,TreasureIsland,5990001,6000000
NC_008463.1,TreasureIsland,6185001,6200000
NC_008463.1,TreasureIsland,6310001,6320000
NC_008543.1,TreasureIsland,1,10000
NC_008543.1,TreasureIsland,30001,80000
NC_008543.1,TreasureIsland,90001,125000
NC_008543.1,TreasureIsland,125001,195000
NC_008543.1,TreasureIsland,220001,240000
NC_008543.1,TreasureIsland,250001,280000
NC_008543.1,TreasureIsland,310001,320000
NC_008543.1,TreasureIsland,330001,340000
NC_008543.1,TreasureIsland,350001,360000
NC_008543.1,TreasureIsland,380001,390000
NC_008543.1,TreasureIsland,400001,410000
NC_008543.1,TreasureIsland,445001,460000
NC_008543.1,TreasureIsland,480001,490000
NC_008543.1,TreasureIsland,500001,515000
NC_008543.1,TreasureIsland,540001,550000
NC_008543.1,TreasureIsland,590001,620000
NC_008543.1,TreasureIsland,650001,660000
NC_008543.1,TreasureIsland,690001,705000
NC_008543.1,TreasureIsland,780001,790000
NC_008543.1,TreasureIsland,880001,895000
NC_008543.1,TreasureIsland,970001,985000
NC_008543.1,TreasureIsland,1110001,1135000
NC_008543.1,TreasureIsland,1139001,1150000
NC_008543.1,TreasureIsland,1210001,1225000
NC_008543.1,TreasureIsland,1270001,1280000
NC_008543.1,TreasureIsland,1305001,1330000
NC_008543.1,TreasureIsland,1350001,1360000
NC_008543.1,TreasureIsland,1405001,1440000
NC_008543.1,TreasureIsland,1470001,1480000
NC_008543.1,TreasureIsland,1495001,1510000
NC_008543.1,TreasureIsland,1550001,1565000
NC_008543.1,TreasureIsland,1595001,1635000
NC_008543.1,TreasureIsland,1700001,1720000
NC_008543.1,TreasureIsland,1750001,1760000
NC_008543.1,TreasureIsland,1810001,1825000
NC_008543.1,TreasureIsland,1870001,1880000
NC_008543.1,TreasureIsland,1895001,1915000
NC_008543.1,TreasureIsland,1925001,1960000
NC_008543.1,TreasureIsland,1980001,2030000
NC_008543.1,TreasureIsland,2040001,2060000
NC_008543.1,TreasureIsland,2220001,2300000
NC_008543.1,TreasureIsland,2320001,2330000
NC_008543.1,TreasureIsland,2430001,2440000
NC_008543.1,TreasureIsland,2470001,2490000
NC_008543.1,TreasureIsland,2535001,2550000
NC_008543.1,TreasureIsland,2600001,2610000
NC_008543.1,TreasureIsland,2670001,2715000
NC_008543.1,TreasureIsland,2730001,2740000
NC_008543.1,TreasureIsland,2810001,2820000
NC_008543.1,TreasureIsland,2840001,2850000
NC_008543.1,TreasureIsland,2870001,2910000
NC_008543.1,TreasureIsland,2960001,2970000
NC_008543.1,TreasureIsland,2990001,2998664
NC_008563.1,TreasureIsland,120001,130000
NC_008563.1,TreasureIsland,150001,160000
NC_008563.1,TreasureIsland,230001,270000
NC_008563.1,TreasureIsland,290001,355000
NC_008563.1,TreasureIsland,890001,900000
NC_008563.1,TreasureIsland,920001,950000
NC_008563.1,TreasureIsland,1070001,1090000
NC_008563.1,TreasureIsland,1180001,1240000
NC_008563.1,TreasureIsland,1300001,1310000
NC_008563.1,TreasureIsland,1320001,1370000
NC_008563.1,TreasureIsland,1450001,1520000
NC_008563.1,TreasureIsland,1530001,1540000
NC_008563.1,TreasureIsland,1580001,1590000
NC_008563.1,TreasureIsland,1620001,1640000
NC_008563.1,TreasureIsland,1650001,1660000
NC_008563.1,TreasureIsland,2010001,2020000
NC_008563.1,TreasureIsland,2040001,2100000
NC_008563.1,TreasureIsland,2110001,2120000
NC_008563.1,TreasureIsland,2120001,2170000
NC_008563.1,TreasureIsland,2190001,2200000
NC_008563.1,TreasureIsland,2250001,2280000
NC_008563.1,TreasureIsland,2570001,2630000
NC_008563.1,TreasureIsland,2740001,2770000
NC_008563.1,TreasureIsland,2880001,2890000
NC_008563.1,TreasureIsland,2910001,2960000
NC_008563.1,TreasureIsland,3120001,3150000
NC_008563.1,TreasureIsland,3300001,3360000
NC_008563.1,TreasureIsland,3370001,3380000
NC_008563.1,TreasureIsland,3710001,3720000
NC_008563.1,TreasureIsland,3730001,3740000
NC_008563.1,TreasureIsland,3850001,3860000
NC_008563.1,TreasureIsland,4120001,4130000
NC_008563.1,TreasureIsland,4310001,4320000
NC_008563.1,TreasureIsland,4440001,4450000
NC_008563.1,TreasureIsland,4600001,4610000
NC_008563.1,TreasureIsland,4700001,4730000
NC_008563.1,TreasureIsland,4740001,4770000
NC_008563.1,TreasureIsland,4910001,4930000
NC_008563.1,TreasureIsland,4940001,4955000
NC_008563.1,TreasureIsland,5000001,5050000
NC_008577.1,TreasureIsland,30001,55000
NC_008577.1,TreasureIsland,55001,115000
NC_008577.1,TreasureIsland,115001,170000
NC_008577.1,TreasureIsland,180001,210000
NC_008577.1,TreasureIsland,270001,335000
NC_008577.1,TreasureIsland,335001,425000
NC_008577.1,TreasureIsland,425001,480000
NC_008577.1,TreasureIsland,510001,665000
NC_008577.1,TreasureIsland,669001,695000
NC_008577.1,TreasureIsland,715001,755000
NC_008577.1,TreasureIsland,755001,800000
NC_008577.1,TreasureIsland,820001,840000
NC_008577.1,TreasureIsland,850001,895000
NC_008577.1,TreasureIsland,895001,990000
NC_008577.1,TreasureIsland,1005001,1035000
NC_008577.1,TreasureIsland,1035001,1050000
NC_008577.1,TreasureIsland,1060001,1100000
NC_008577.1,TreasureIsland,1119001,1130000
NC_008577.1,TreasureIsland,1140001,1170000
NC_008577.1,TreasureIsland,1220001,1305000
NC_008577.1,TreasureIsland,1330001,1430000
NC_008577.1,TreasureIsland,1440001,1450000
NC_008577.1,TreasureIsland,1460001,1545000
NC_008577.1,TreasureIsland,1575001,1595000
NC_008577.1,TreasureIsland,1595001,1625000
NC_008577.1,TreasureIsland,1625001,1660000
NC_008577.1,TreasureIsland,1678001,1710000
NC_008577.1,TreasureIsland,1770001,1800000
NC_008577.1,TreasureIsland,1815001,1835000
NC_008577.1,TreasureIsland,1838001,1850000
NC_008577.1,TreasureIsland,1860001,1915000
NC_008577.1,TreasureIsland,1915001,1945000
NC_008577.1,TreasureIsland,1946001,2000000
NC_008577.1,TreasureIsland,2020001,2040000
NC_008577.1,TreasureIsland,2050001,2065000
NC_008577.1,TreasureIsland,2075001,2090000
NC_008577.1,TreasureIsland,2110001,2205000
NC_008577.1,TreasureIsland,2206001,2230000
NC_008577.1,TreasureIsland,2240001,2265000
NC_008577.1,TreasureIsland,2265001,2320000
NC_008577.1,TreasureIsland,2330001,2340000
NC_008577.1,TreasureIsland,2360001,2450000
NC_008577.1,TreasureIsland,2460001,2495000
NC_008577.1,TreasureIsland,2505001,2530000
NC_008577.1,TreasureIsland,2580001,2740000
NC_008577.1,TreasureIsland,2750001,2765000
NC_008577.1,TreasureIsland,2780001,2795000
NC_008577.1,TreasureIsland,2795001,2920000
NC_008577.1,TreasureIsland,2937001,3020000
NC_008577.1,TreasureIsland,3070001,3120000
NC_008577.1,TreasureIsland,3140001,3170000
NC_008577.1,TreasureIsland,3197001,3260000
NC_008577.1,TreasureIsland,3270001,3300000
NC_008577.1,TreasureIsland,3310001,3325000
NC_008577.1,TreasureIsland,3325001,3345000
NC_008577.1,TreasureIsland,3370001,3440000
NC_008577.1,TreasureIsland,3450001,3460000
NC_008577.1,TreasureIsland,3475001,3535000
NC_008577.1,TreasureIsland,3545001,3560000
NC_008577.1,TreasureIsland,3570001,3610000
NC_008577.1,TreasureIsland,3645001,3670000
NC_008577.1,TreasureIsland,3670001,3690000
NC_008577.1,TreasureIsland,3720001,3735000
NC_008577.1,TreasureIsland,3750001,3760000
NC_008577.1,TreasureIsland,3780001,3860000
NC_008577.1,TreasureIsland,3870001,3945000
NC_008577.1,TreasureIsland,3970001,3980000
NC_008577.1,TreasureIsland,3990001,4005000
NC_008577.1,TreasureIsland,4030001,4040000
NC_008577.1,TreasureIsland,4050001,4075000
NC_008577.1,TreasureIsland,4080001,4110000
NC_008577.1,TreasureIsland,4120001,4160000
NC_008577.1,TreasureIsland,4170001,4190000
NC_008577.1,TreasureIsland,4210001,4230000
NC_008577.1,TreasureIsland,4260001,4310000
NC_008577.1,TreasureIsland,4320001,4335000
NC_008577.1,TreasureIsland,4338001,4385000
NC_008577.1,TreasureIsland,4420001,4490000
NC_008577.1,TreasureIsland,4517001,4535000
NC_008577.1,TreasureIsland,4535001,4555000
NC_008577.1,TreasureIsland,4555001,4570000
NC_008577.1,TreasureIsland,4580001,4600000
NC_008577.1,TreasureIsland,4610001,4665000
NC_008577.1,TreasureIsland,4690001,4700000
NC_008577.1,TreasureIsland,4720001,4850000
NC_008577.1,TreasureIsland,4870001,4955000
NC_008600.1,TreasureIsland,170001,180000
NC_008600.1,TreasureIsland,540001,550000
NC_008600.1,TreasureIsland,965001,980000
NC_008600.1,TreasureIsland,1270001,1290000
NC_008600.1,TreasureIsland,2108001,2130000
NC_008600.1,TreasureIsland,2360001,2375000
NC_008600.1,TreasureIsland,2430001,2450000
NC_008600.1,TreasureIsland,2470001,2500000
NC_008600.1,TreasureIsland,2560001,2580000
NC_008600.1,TreasureIsland,2890001,2900000
NC_008600.1,TreasureIsland,2950001,2995000
NC_008600.1,TreasureIsland,3080001,3115000
NC_008600.1,TreasureIsland,3115001,3130000
NC_008600.1,TreasureIsland,3265001,3280000
NC_008600.1,TreasureIsland,3490001,3500000
NC_008600.1,TreasureIsland,3540001,3550000
NC_008600.1,TreasureIsland,4250001,4260000
NC_008600.1,TreasureIsland,4520001,4530000
NC_008600.1,TreasureIsland,4660001,4670000
NC_008600.1,TreasureIsland,4700001,4710000
NC_008600.1,TreasureIsland,5020001,5030000
NC_008750.1,TreasureIsland,20001,140000
NC_008750.1,TreasureIsland,140001,170000
NC_008750.1,TreasureIsland,225001,410000
NC_008750.1,TreasureIsland,440001,515000
NC_008750.1,TreasureIsland,525001,560000
NC_008750.1,TreasureIsland,570001,580000
NC_008750.1,TreasureIsland,590001,655000
NC_008750.1,TreasureIsland,655001,735000
NC_008750.1,TreasureIsland,735001,880000
NC_008750.1,TreasureIsland,890001,975000
NC_008750.1,TreasureIsland,975001,1020000
NC_008750.1,TreasureIsland,1030001,1105000
NC_008750.1,TreasureIsland,1106001,1140000
NC_008750.1,TreasureIsland,1150001,1175000
NC_008750.1,TreasureIsland,1227001,1310000
NC_008750.1,TreasureIsland,1320001,1330000
NC_008750.1,TreasureIsland,1340001,1395000
NC_008750.1,TreasureIsland,1456001,1530000
NC_008750.1,TreasureIsland,1550001,1610000
NC_008750.1,TreasureIsland,1635001,1735000
NC_008750.1,TreasureIsland,1795001,1905000
NC_008750.1,TreasureIsland,1905001,1965000
NC_008750.1,TreasureIsland,1966001,1990000
NC_008750.1,TreasureIsland,2010001,2030000
NC_008750.1,TreasureIsland,2060001,2080000
NC_008750.1,TreasureIsland,2090001,2140000
NC_008750.1,TreasureIsland,2150001,2240000
NC_008750.1,TreasureIsland,2250001,2280000
NC_008750.1,TreasureIsland,2290001,2310000
NC_008750.1,TreasureIsland,2320001,2350000
NC_008750.1,TreasureIsland,2390001,2430000
NC_008750.1,TreasureIsland,2480001,2505000
NC_008750.1,TreasureIsland,2520001,2565000
NC_008750.1,TreasureIsland,2590001,2615000
NC_008750.1,TreasureIsland,2615001,2660000
NC_008750.1,TreasureIsland,2680001,2705000
NC_008750.1,TreasureIsland,2705001,2745000
NC_008750.1,TreasureIsland,2760001,2775000
NC_008750.1,TreasureIsland,2826001,2905000
NC_008750.1,TreasureIsland,2920001,2930000
NC_008750.1,TreasureIsland,2950001,2960000
NC_008750.1,TreasureIsland,2995001,3030000
NC_008750.1,TreasureIsland,3040001,3075000
NC_008750.1,TreasureIsland,3088001,3120000
NC_008750.1,TreasureIsland,3150001,3205000
NC_008750.1,TreasureIsland,3215001,3230000
NC_008750.1,TreasureIsland,3250001,3270000
NC_008750.1,TreasureIsland,3280001,3290000
NC_008750.1,TreasureIsland,3300001,3400000
NC_008750.1,TreasureIsland,3445001,3480000
NC_008750.1,TreasureIsland,3490001,3505000
NC_008750.1,TreasureIsland,3505001,3520000
NC_008750.1,TreasureIsland,3530001,3540000
NC_008750.1,TreasureIsland,3560001,3655000
NC_008750.1,TreasureIsland,3655001,3680000
NC_008750.1,TreasureIsland,3695001,3740000
NC_008750.1,TreasureIsland,3800001,3845000
NC_008750.1,TreasureIsland,3870001,3880000
NC_008750.1,TreasureIsland,3910001,3935000
NC_008750.1,TreasureIsland,3950001,3965000
NC_008750.1,TreasureIsland,3980001,3995000
NC_008750.1,TreasureIsland,3995001,4010000
NC_008750.1,TreasureIsland,4037001,4050000
NC_008750.1,TreasureIsland,4060001,4075000
NC_008750.1,TreasureIsland,4085001,4105000
NC_008750.1,TreasureIsland,4145001,4170000
NC_008750.1,TreasureIsland,4185001,4215000
NC_008750.1,TreasureIsland,4240001,4255000
NC_008750.1,TreasureIsland,4267001,4290000
NC_008750.1,TreasureIsland,4320001,4335000
NC_008750.1,TreasureIsland,4335001,4395000
NC_008750.1,TreasureIsland,4420001,4430000
NC_008750.1,TreasureIsland,4457001,4480000
NC_008750.1,TreasureIsland,4490001,4515000
NC_008750.1,TreasureIsland,4518001,4545000
NC_008750.1,TreasureIsland,4545001,4560000
NC_008750.1,TreasureIsland,4570001,4610000
NC_008750.1,TreasureIsland,4620001,4650000
NC_008750.1,TreasureIsland,4670001,4700000
NC_009052.1,TreasureIsland,10001,25000
NC_009052.1,TreasureIsland,30001,40000
NC_009052.1,TreasureIsland,50001,105000
NC_009052.1,TreasureIsland,105001,150000
NC_009052.1,TreasureIsland,160001,260000
NC_009052.1,TreasureIsland,270001,440000
NC_009052.1,TreasureIsland,470001,545000
NC_009052.1,TreasureIsland,545001,595000
NC_009052.1,TreasureIsland,605001,625000
NC_009052.1,TreasureIsland,650001,670000
NC_009052.1,TreasureIsland,688001,700000
NC_009052.1,TreasureIsland,710001,790000
NC_009052.1,TreasureIsland,800001,930000
NC_009052.1,TreasureIsland,948001,990000
NC_009052.1,TreasureIsland,1000001,1015000
NC_009052.1,TreasureIsland,1020001,1060000
NC_009052.1,TreasureIsland,1070001,1185000
NC_009052.1,TreasureIsland,1185001,1205000
NC_009052.1,TreasureIsland,1220001,1270000
NC_009052.1,TreasureIsland,1280001,1355000
NC_009052.1,TreasureIsland,1355001,1370000
NC_009052.1,TreasureIsland,1395001,1410000
NC_009052.1,TreasureIsland,1420001,1525000
NC_009052.1,TreasureIsland,1525001,1555000
NC_009052.1,TreasureIsland,1565001,1585000
NC_009052.1,TreasureIsland,1585001,1680000
NC_009052.1,TreasureIsland,1715001,1795000
NC_009052.1,TreasureIsland,1796001,1810000
NC_009052.1,TreasureIsland,1815001,1865000
NC_009052.1,TreasureIsland,1880001,1925000
NC_009052.1,TreasureIsland,1925001,1945000
NC_009052.1,TreasureIsland,1945001,1990000
NC_009052.1,TreasureIsland,2005001,2035000
NC_009052.1,TreasureIsland,2035001,2190000
NC_009052.1,TreasureIsland,2200001,2215000
NC_009052.1,TreasureIsland,2225001,2365000
NC_009052.1,TreasureIsland,2410001,2490000
NC_009052.1,TreasureIsland,2505001,2540000
NC_009052.1,TreasureIsland,2600001,2610000
NC_009052.1,TreasureIsland,2625001,2650000
NC_009052.1,TreasureIsland,2660001,2680000
NC_009052.1,TreasureIsland,2690001,2760000
NC_009052.1,TreasureIsland,2770001,2780000
NC_009052.1,TreasureIsland,2795001,2840000
NC_009052.1,TreasureIsland,2860001,2875000
NC_009052.1,TreasureIsland,2920001,2930000
NC_009052.1,TreasureIsland,2995001,3010000
NC_009052.1,TreasureIsland,3036001,3055000
NC_009052.1,TreasureIsland,3055001,3075000
NC_009052.1,TreasureIsland,3075001,3090000
NC_009052.1,TreasureIsland,3100001,3120000
NC_009052.1,TreasureIsland,3140001,3150000
NC_009052.1,TreasureIsland,3160001,3215000
NC_009052.1,TreasureIsland,3230001,3255000
NC_009052.1,TreasureIsland,3257001,3270000
NC_009052.1,TreasureIsland,3290001,3310000
NC_009052.1,TreasureIsland,3320001,3335000
NC_009052.1,TreasureIsland,3340001,3362000
NC_009052.1,TreasureIsland,3365001,3380000
NC_009052.1,TreasureIsland,3390001,3400000
NC_009052.1,TreasureIsland,3465001,3495000
NC_009052.1,TreasureIsland,3520001,3540000
NC_009052.1,TreasureIsland,3550001,3565000
NC_009052.1,TreasureIsland,3575001,3615000
NC_009052.1,TreasureIsland,3665001,3680000
NC_009052.1,TreasureIsland,3707001,3720000
NC_009052.1,TreasureIsland,3735001,3765000
NC_009052.1,TreasureIsland,3850001,3860000
NC_009052.1,TreasureIsland,3890001,3905000
NC_009052.1,TreasureIsland,3905001,3935000
NC_009052.1,TreasureIsland,3935001,3965000
NC_009052.1,TreasureIsland,3966001,3990000
NC_009052.1,TreasureIsland,4030001,4045000
NC_009052.1,TreasureIsland,4070001,4095000
NC_009052.1,TreasureIsland,4105001,4120000
NC_009052.1,TreasureIsland,4140001,4190000
NC_009052.1,TreasureIsland,4210001,4250000
NC_009052.1,TreasureIsland,4295001,4335000
NC_009052.1,TreasureIsland,4335001,4390000
NC_009052.1,TreasureIsland,4435001,4450000
NC_009052.1,TreasureIsland,4465001,4480000
NC_009052.1,TreasureIsland,4530001,4570000
NC_009052.1,TreasureIsland,4580001,4590000
NC_009052.1,TreasureIsland,4610001,4620000
NC_009052.1,TreasureIsland,4630001,4640000
NC_009052.1,TreasureIsland,4670001,4685000
NC_009052.1,TreasureIsland,4700001,4725000
NC_009052.1,TreasureIsland,4740001,4760000
NC_009052.1,TreasureIsland,4770001,4795000
NC_009052.1,TreasureIsland,4795001,4810000
NC_009052.1,TreasureIsland,4840001,4850000
NC_009052.1,TreasureIsland,4870001,4905000
NC_009052.1,TreasureIsland,4910001,4920000
NC_009052.1,TreasureIsland,4930001,5010000
NC_009052.1,TreasureIsland,5030001,5060000
NC_009052.1,TreasureIsland,5070001,5080000
NC_009052.1,TreasureIsland,5090001,5100000
NC_009074.1,TreasureIsland,90001,130000
NC_009074.1,TreasureIsland,490001,500000
NC_009074.1,TreasureIsland,570001,580000
NC_009074.1,TreasureIsland,590001,600000
NC_009074.1,TreasureIsland,730001,745000
NC_009074.1,TreasureIsland,770001,780000
NC_009074.1,TreasureIsland,1080001,1110000
NC_009074.1,TreasureIsland,1180001,1200000
NC_009074.1,TreasureIsland,1300001,1320000
NC_009074.1,TreasureIsland,1370001,1390000
NC_009074.1,TreasureIsland,1400001,1410000
NC_009074.1,TreasureIsland,1460001,1505000
NC_009074.1,TreasureIsland,1505001,1575000
NC_009074.1,TreasureIsland,1690001,1705000
NC_009074.1,TreasureIsland,1890001,1900000
NC_009074.1,TreasureIsland,1960001,1985000
NC_009074.1,TreasureIsland,1986001,2000000
NC_009074.1,TreasureIsland,2010001,2045000
NC_009074.1,TreasureIsland,2070001,2080000
NC_009074.1,TreasureIsland,2120001,2145000
NC_009074.1,TreasureIsland,2290001,2300000
NC_009074.1,TreasureIsland,2310001,2320000
NC_009074.1,TreasureIsland,2460001,2510000
NC_009074.1,TreasureIsland,2650001,2660000
NC_009074.1,TreasureIsland,2670001,2685000
NC_009074.1,TreasureIsland,2790001,2800000
NC_009074.1,TreasureIsland,2885001,2900000
NC_009074.1,TreasureIsland,2920001,2930000
NC_009074.1,TreasureIsland,2970001,3000000
NC_009074.1,TreasureIsland,3030001,3050000
NC_009074.1,TreasureIsland,3060001,3075000
NC_009074.1,TreasureIsland,3120001,3130000
NC_009074.1,TreasureIsland,3140001,3195000
NC_009074.1,TreasureIsland,3410001,3430000
NC_009074.1,TreasureIsland,3558001,3570000
NC_009074.1,TreasureIsland,3710001,3720000
NC_009074.1,TreasureIsland,3790001,3815000
NC_009074.1,TreasureIsland,3910001,3912947
NC_009076.1,TreasureIsland,70001,100000
NC_009076.1,TreasureIsland,110001,125000
NC_009076.1,TreasureIsland,125001,140000
NC_009076.1,TreasureIsland,340001,350000
NC_009076.1,TreasureIsland,496001,520000
NC_009076.1,TreasureIsland,580001,610000
NC_009076.1,TreasureIsland,777001,790000
NC_009076.1,TreasureIsland,1090001,1120000
NC_009076.1,TreasureIsland,1190001,1210000
NC_009076.1,TreasureIsland,1310001,1330000
NC_009076.1,TreasureIsland,1380001,1415000
NC_009076.1,TreasureIsland,1480001,1495000
NC_009076.1,TreasureIsland,1495001,1585000
NC_009076.1,TreasureIsland,1839001,1850000
NC_009076.1,TreasureIsland,1965001,1980000
NC_009076.1,TreasureIsland,1995001,2105000
NC_009076.1,TreasureIsland,2340001,2360000
NC_009076.1,TreasureIsland,2395001,2410000
NC_009076.1,TreasureIsland,2515001,2560000
NC_009076.1,TreasureIsland,2570001,2580000
NC_009076.1,TreasureIsland,2697001,2710000
NC_009076.1,TreasureIsland,2720001,2735000
NC_009076.1,TreasureIsland,3050001,3060000
NC_009076.1,TreasureIsland,3140001,3150000
NC_009076.1,TreasureIsland,3160001,3175000
NC_009076.1,TreasureIsland,3175001,3210000
NC_009076.1,TreasureIsland,3570001,3620000
NC_009076.1,TreasureIsland,3760001,3810000
NC_009076.1,TreasureIsland,3880001,3895000
NC_009076.1,TreasureIsland,3960001,3970000
NC_009080.1,TreasureIsland,130001,150000
NC_009080.1,TreasureIsland,235001,250000
NC_009080.1,TreasureIsland,320001,340000
NC_009080.1,TreasureIsland,430001,440000
NC_009080.1,TreasureIsland,485001,500000
NC_009080.1,TreasureIsland,570001,635000
NC_009080.1,TreasureIsland,635001,655000
NC_009080.1,TreasureIsland,915001,930000
NC_009080.1,TreasureIsland,1220001,1230000
NC_009080.1,TreasureIsland,1370001,1420000
NC_009080.1,TreasureIsland,1540001,1560000
NC_009080.1,TreasureIsland,1700001,1715000
NC_009080.1,TreasureIsland,1810001,1830000
NC_009080.1,TreasureIsland,1910001,1925000
NC_009080.1,TreasureIsland,2050001,2060000
NC_009080.1,TreasureIsland,2120001,2160000
NC_009080.1,TreasureIsland,2270001,2285000
NC_009080.1,TreasureIsland,2285001,2300000
NC_009080.1,TreasureIsland,2440001,2450000
NC_009080.1,TreasureIsland,2460001,2470000
NC_009080.1,TreasureIsland,2690001,2700000
NC_009080.1,TreasureIsland,3030001,3040000
NC_009080.1,TreasureIsland,3220001,3230000
NC_009085.1,TreasureIsland,60001,70000
NC_009085.1,TreasureIsland,90001,100000
NC_009085.1,TreasureIsland,230001,240000
NC_009085.1,TreasureIsland,675001,735000
NC_009085.1,TreasureIsland,755001,810000
NC_009085.1,TreasureIsland,820001,830000
NC_009085.1,TreasureIsland,1050001,1060000
NC_009085.1,TreasureIsland,1240001,1260000
NC_009085.1,TreasureIsland,1430001,1440000
NC_009085.1,TreasureIsland,1470001,1480000
NC_009085.1,TreasureIsland,1510001,1520000
NC_009085.1,TreasureIsland,1830001,1845000
NC_009085.1,TreasureIsland,2260001,2270000
NC_009085.1,TreasureIsland,2340001,2350000
NC_009085.1,TreasureIsland,2430001,2440000
NC_009085.1,TreasureIsland,2770001,2780000
NC_009085.1,TreasureIsland,2790001,2800000
NC_009085.1,TreasureIsland,2880001,2890000
NC_009085.1,TreasureIsland,2940001,2955000
NC_009085.1,TreasureIsland,3060001,3070000
NC_009085.1,TreasureIsland,3360001,3370000
NC_009085.1,TreasureIsland,3390001,3440000
NC_009085.1,TreasureIsland,3500001,3510000
NC_009085.1,TreasureIsland,3740001,3755000
NC_009085.1,TreasureIsland,3860001,3870000
NC_009256.1,TreasureIsland,1,40000
NC_009256.1,TreasureIsland,180001,230000
NC_009256.1,TreasureIsland,275001,310000
NC_009256.1,TreasureIsland,455001,490000
NC_009256.1,TreasureIsland,830001,840000
NC_009256.1,TreasureIsland,860001,870000
NC_009256.1,TreasureIsland,880001,900000
NC_009256.1,TreasureIsland,930001,940000
NC_009256.1,TreasureIsland,1020001,1030000
NC_009256.1,TreasureIsland,1250001,1300000
NC_009256.1,TreasureIsland,1360001,1390000
NC_009256.1,TreasureIsland,1405001,1435000
NC_009256.1,TreasureIsland,1435001,1460000
NC_009256.1,TreasureIsland,1550001,1570000
NC_009256.1,TreasureIsland,1650001,1660000
NC_009256.1,TreasureIsland,1700001,1725000
NC_009256.1,TreasureIsland,1765001,1810000
NC_009256.1,TreasureIsland,1980001,1990000
NC_009256.1,TreasureIsland,2170001,2405000
NC_009256.1,TreasureIsland,2500001,2530000
NC_009256.1,TreasureIsland,2550001,2560000
NC_009256.1,TreasureIsland,2720001,2750000
NC_009256.1,TreasureIsland,2890001,2920000
NC_009256.1,TreasureIsland,2950001,2980000
NC_009256.1,TreasureIsland,3060001,3070000
NC_009256.1,TreasureIsland,3175001,3190000
NC_009256.1,TreasureIsland,3370001,3380000
NC_009256.1,TreasureIsland,3540001,3610000
NC_009438.1,TreasureIsland,25001,185000
NC_009438.1,TreasureIsland,185001,240000
NC_009438.1,TreasureIsland,250001,310000
NC_009438.1,TreasureIsland,310001,350000
NC_009438.1,TreasureIsland,380001,505000
NC_009438.1,TreasureIsland,546001,620000
NC_009438.1,TreasureIsland,636001,682000
NC_009438.1,TreasureIsland,685001,705000
NC_009438.1,TreasureIsland,715001,745000
NC_009438.1,TreasureIsland,746001,835000
NC_009438.1,TreasureIsland,856001,885000
NC_009438.1,TreasureIsland,900001,945000
NC_009438.1,TreasureIsland,950001,960000
NC_009438.1,TreasureIsland,970001,1050000
NC_009438.1,TreasureIsland,1060001,1135000
NC_009438.1,TreasureIsland,1145001,1180000
NC_009438.1,TreasureIsland,1190001,1275000
NC_009438.1,TreasureIsland,1310001,1530000
NC_009438.1,TreasureIsland,1545001,1595000
NC_009438.1,TreasureIsland,1595001,1635000
NC_009438.1,TreasureIsland,1635001,1685000
NC_009438.1,TreasureIsland,1710001,1730000
NC_009438.1,TreasureIsland,1740001,1800000
NC_009438.1,TreasureIsland,1810001,1820000
NC_009438.1,TreasureIsland,1835001,1945000
NC_009438.1,TreasureIsland,1945001,2005000
NC_009438.1,TreasureIsland,2005001,2130000
NC_009438.1,TreasureIsland,2140001,2150000
NC_009438.1,TreasureIsland,2160001,2220000
NC_009438.1,TreasureIsland,2260001,2290000
NC_009438.1,TreasureIsland,2300001,2320000
NC_009438.1,TreasureIsland,2335001,2360000
NC_009438.1,TreasureIsland,2370001,2385000
NC_009438.1,TreasureIsland,2399001,2430000
NC_009438.1,TreasureIsland,2445001,2460000
NC_009438.1,TreasureIsland,2470001,2520000
NC_009438.1,TreasureIsland,2540001,2560000
NC_009438.1,TreasureIsland,2590001,2600000
NC_009438.1,TreasureIsland,2625001,2640000
NC_009438.1,TreasureIsland,2670001,2700000
NC_009438.1,TreasureIsland,2700001,2725000
NC_009438.1,TreasureIsland,2735001,2750000
NC_009438.1,TreasureIsland,2760001,2770000
NC_009438.1,TreasureIsland,2780001,2815000
NC_009438.1,TreasureIsland,2840001,2865000
NC_009438.1,TreasureIsland,2866001,2880000
NC_009438.1,TreasureIsland,2890001,2910000
NC_009438.1,TreasureIsland,2920001,2955000
NC_009438.1,TreasureIsland,3020001,3060000
NC_009438.1,TreasureIsland,3080001,3125000
NC_009438.1,TreasureIsland,3125001,3160000
NC_009438.1,TreasureIsland,3230001,3240000
NC_009438.1,TreasureIsland,3250001,3260000
NC_009438.1,TreasureIsland,3336001,3365000
NC_009438.1,TreasureIsland,3365001,3395000
NC_009438.1,TreasureIsland,3420001,3440000
NC_009438.1,TreasureIsland,3450001,3465000
NC_009438.1,TreasureIsland,3465001,3485000
NC_009438.1,TreasureIsland,3510001,3520000
NC_009438.1,TreasureIsland,3540001,3555000
NC_009438.1,TreasureIsland,3558001,3575000
NC_009438.1,TreasureIsland,3575001,3610000
NC_009438.1,TreasureIsland,3620001,3640000
NC_009438.1,TreasureIsland,3650001,3660000
NC_009438.1,TreasureIsland,3680001,3690000
NC_009438.1,TreasureIsland,3700001,3725000
NC_009438.1,TreasureIsland,3760001,3810000
NC_009438.1,TreasureIsland,3829001,3845000
NC_009438.1,TreasureIsland,3848001,3945000
NC_009438.1,TreasureIsland,3970001,3980000
NC_009438.1,TreasureIsland,3990001,4000000
NC_009438.1,TreasureIsland,4045001,4100000
NC_009438.1,TreasureIsland,4110001,4125000
NC_009438.1,TreasureIsland,4150001,4165000
NC_009438.1,TreasureIsland,4165001,4185000
NC_009438.1,TreasureIsland,4185001,4205000
NC_009438.1,TreasureIsland,4220001,4230000
NC_009438.1,TreasureIsland,4246001,4265000
NC_009438.1,TreasureIsland,4265001,4305000
NC_009438.1,TreasureIsland,4330001,4340000
NC_009438.1,TreasureIsland,4350001,4365000
NC_009438.1,TreasureIsland,4390001,4410000
NC_009438.1,TreasureIsland,4420001,4465000
NC_009438.1,TreasureIsland,4468001,4510000
NC_009438.1,TreasureIsland,4520001,4590000
NC_009438.1,TreasureIsland,4615001,4640000
NC_009445.1,TreasureIsland,15001,40000
NC_009445.1,TreasureIsland,160001,170000
NC_009445.1,TreasureIsland,200001,220000
NC_009445.1,TreasureIsland,269001,285000
NC_009445.1,TreasureIsland,289001,310000
NC_009445.1,TreasureIsland,320001,330000
NC_009445.1,TreasureIsland,445001,500000
NC_009445.1,TreasureIsland,510001,520000
NC_009445.1,TreasureIsland,560001,570000
NC_009445.1,TreasureIsland,580001,600000
NC_009445.1,TreasureIsland,650001,660000
NC_009445.1,TreasureIsland,670001,685000
NC_009445.1,TreasureIsland,695001,755000
NC_009445.1,TreasureIsland,830001,945000
NC_009445.1,TreasureIsland,946001,990000
NC_009445.1,TreasureIsland,1000001,1015000
NC_009445.1,TreasureIsland,1069001,1080000
NC_009445.1,TreasureIsland,1090001,1105000
NC_009445.1,TreasureIsland,1105001,1125000
NC_009445.1,TreasureIsland,1139001,1150000
NC_009445.1,TreasureIsland,1225001,1260000
NC_009445.1,TreasureIsland,1275001,1295000
NC_009445.1,TreasureIsland,1439001,1480000
NC_009445.1,TreasureIsland,1490001,1590000
NC_009445.1,TreasureIsland,1600001,1645000
NC_009445.1,TreasureIsland,1645001,1670000
NC_009445.1,TreasureIsland,1680001,1745000
NC_009445.1,TreasureIsland,1780001,1825000
NC_009445.1,TreasureIsland,1828001,1845000
NC_009445.1,TreasureIsland,1867001,1930000
NC_009445.1,TreasureIsland,1940001,2015000
NC_009445.1,TreasureIsland,2030001,2045000
NC_009445.1,TreasureIsland,2045001,2080000
NC_009445.1,TreasureIsland,2095001,2114000
NC_009445.1,TreasureIsland,2125001,2155000
NC_009445.1,TreasureIsland,2170001,2180000
NC_009445.1,TreasureIsland,2190001,2265000
NC_009445.1,TreasureIsland,2300001,2470000
NC_009445.1,TreasureIsland,2480001,2495000
NC_009445.1,TreasureIsland,2495001,2510000
NC_009445.1,TreasureIsland,2520001,2535000
NC_009445.1,TreasureIsland,2545001,2565000
NC_009445.1,TreasureIsland,2566001,2615000
NC_009445.1,TreasureIsland,2618001,2635000
NC_009445.1,TreasureIsland,2636001,2650000
NC_009445.1,TreasureIsland,2660001,2675000
NC_009445.1,TreasureIsland,2700001,2715000
NC_009445.1,TreasureIsland,2718001,2755000
NC_009445.1,TreasureIsland,2780001,2830000
NC_009445.1,TreasureIsland,2840001,2855000
NC_009445.1,TreasureIsland,2865001,2890000
NC_009445.1,TreasureIsland,2900001,2925000
NC_009445.1,TreasureIsland,2940001,2950000
NC_009445.1,TreasureIsland,2950001,2960000
NC_009445.1,TreasureIsland,2970001,2985000
NC_009445.1,TreasureIsland,2988001,3033000
NC_009445.1,TreasureIsland,3039001,3050000
NC_009445.1,TreasureIsland,3065001,3100000
NC_009445.1,TreasureIsland,3125001,3175000
NC_009445.1,TreasureIsland,3175001,3190000
NC_009445.1,TreasureIsland,3200001,3240000
NC_009445.1,TreasureIsland,3250001,3265000
NC_009445.1,TreasureIsland,3290001,3305000
NC_009445.1,TreasureIsland,3305001,3360000
NC_009445.1,TreasureIsland,3370001,3425000
NC_009445.1,TreasureIsland,3425001,3500000
NC_009445.1,TreasureIsland,3510001,3520000
NC_009445.1,TreasureIsland,3530001,3561000
NC_009445.1,TreasureIsland,3580001,3650000
NC_009445.1,TreasureIsland,3660001,3670000
NC_009445.1,TreasureIsland,3680001,3690000
NC_009445.1,TreasureIsland,3710001,3720000
NC_009445.1,TreasureIsland,3780001,3895000
NC_009445.1,TreasureIsland,3910001,3920000
NC_009445.1,TreasureIsland,3930001,3965000
NC_009445.1,TreasureIsland,3966001,3995000
NC_009445.1,TreasureIsland,4020001,4035000
NC_009445.1,TreasureIsland,4039001,4055000
NC_009445.1,TreasureIsland,4055001,4075000
NC_009445.1,TreasureIsland,4100001,4125000
NC_009445.1,TreasureIsland,4125001,4180000
NC_009445.1,TreasureIsland,4190001,4200000
NC_009445.1,TreasureIsland,4220001,4230000
NC_009445.1,TreasureIsland,4280001,4290000
NC_009445.1,TreasureIsland,4360001,4370000
NC_009445.1,TreasureIsland,4430001,4445000
NC_009445.1,TreasureIsland,4448001,4475000
NC_009445.1,TreasureIsland,4475001,4500000
NC_009445.1,TreasureIsland,4530001,4600000
NC_009445.1,TreasureIsland,4600001,4625000
NC_009445.1,TreasureIsland,4640001,4660000
NC_009445.1,TreasureIsland,4690001,4700000
NC_009445.1,TreasureIsland,4710001,4720000
NC_009445.1,TreasureIsland,4749001,4774000
NC_009445.1,TreasureIsland,4776001,4795000
NC_009445.1,TreasureIsland,4845001,4860000
NC_009445.1,TreasureIsland,4890001,4915000
NC_009445.1,TreasureIsland,4925001,4985000
NC_009445.1,TreasureIsland,5005001,5035000
NC_009445.1,TreasureIsland,5070001,5130000
NC_009445.1,TreasureIsland,5180001,5200000
NC_009445.1,TreasureIsland,5235001,5275000
NC_009445.1,TreasureIsland,5290001,5330000
NC_009445.1,TreasureIsland,5350001,5380000
NC_009445.1,TreasureIsland,5390001,5415000
NC_009445.1,TreasureIsland,5415001,5430000
NC_009445.1,TreasureIsland,5440001,5455000
NC_009445.1,TreasureIsland,5490001,5535000
NC_009445.1,TreasureIsland,5535001,5595000
NC_009445.1,TreasureIsland,5595001,5610000
NC_009445.1,TreasureIsland,5650001,5665000
NC_009445.1,TreasureIsland,5695001,5735000
NC_009445.1,TreasureIsland,5760001,5770000
NC_009445.1,TreasureIsland,5808001,5840000
NC_009445.1,TreasureIsland,5860001,5880000
NC_009445.1,TreasureIsland,5937001,5965000
NC_009445.1,TreasureIsland,5965001,5990000
NC_009445.1,TreasureIsland,6020001,6040000
NC_009445.1,TreasureIsland,6070001,6095000
NC_009445.1,TreasureIsland,6095001,6135000
NC_009445.1,TreasureIsland,6135001,6160000
NC_009445.1,TreasureIsland,6179001,6235000
NC_009445.1,TreasureIsland,6235001,6255000
NC_009445.1,TreasureIsland,6300001,6345000
NC_009445.1,TreasureIsland,6346001,6360000
NC_009445.1,TreasureIsland,6380001,6400000
NC_009445.1,TreasureIsland,6410001,6475000
NC_009445.1,TreasureIsland,6520001,6530000
NC_009445.1,TreasureIsland,6575001,6705000
NC_009445.1,TreasureIsland,6740001,6785000
NC_009445.1,TreasureIsland,6789001,6800000
NC_009445.1,TreasureIsland,6810001,6825000
NC_009445.1,TreasureIsland,6880001,6925000
NC_009445.1,TreasureIsland,6940001,6955000
NC_009445.1,TreasureIsland,7080001,7095000
NC_009445.1,TreasureIsland,7110001,7125000
NC_009445.1,TreasureIsland,7129001,7140000
NC_009445.1,TreasureIsland,7165001,7185000
NC_009445.1,TreasureIsland,7188001,7240000
NC_009445.1,TreasureIsland,7290001,7405000
NC_009445.1,TreasureIsland,7406001,7440000
NC_009485.1,TreasureIsland,10001,35000
NC_009485.1,TreasureIsland,70001,80000
NC_009485.1,TreasureIsland,155001,185000
NC_009485.1,TreasureIsland,277001,290000
NC_009485.1,TreasureIsland,350001,360000
NC_009485.1,TreasureIsland,430001,515000
NC_009485.1,TreasureIsland,515001,530000
NC_009485.1,TreasureIsland,555001,575000
NC_009485.1,TreasureIsland,575001,660000
NC_009485.1,TreasureIsland,730001,755000
NC_009485.1,TreasureIsland,850001,865000
NC_009485.1,TreasureIsland,890001,935000
NC_009485.1,TreasureIsland,955001,980000
NC_009485.1,TreasureIsland,995001,1205000
NC_009485.1,TreasureIsland,1220001,1255000
NC_009485.1,TreasureIsland,1290001,1355000
NC_009485.1,TreasureIsland,1355001,1375000
NC_009485.1,TreasureIsland,1375001,1420000
NC_009485.1,TreasureIsland,1460001,1480000
NC_009485.1,TreasureIsland,1490001,1690000
NC_009485.1,TreasureIsland,1700001,1715000
NC_009485.1,TreasureIsland,1760001,1770000
NC_009485.1,TreasureIsland,1840001,1890000
NC_009485.1,TreasureIsland,1945001,2085000
NC_009485.1,TreasureIsland,2088001,2125000
NC_009485.1,TreasureIsland,2126001,2155000
NC_009485.1,TreasureIsland,2155001,2205000
NC_009485.1,TreasureIsland,2210001,2225000
NC_009485.1,TreasureIsland,2225001,2325000
NC_009485.1,TreasureIsland,2360001,2395000
NC_009485.1,TreasureIsland,2395001,2440000
NC_009485.1,TreasureIsland,2450001,2460000
NC_009485.1,TreasureIsland,2470001,2525000
NC_009485.1,TreasureIsland,2570001,2770000
NC_009485.1,TreasureIsland,2780001,2795000
NC_009485.1,TreasureIsland,2795001,2830000
NC_009485.1,TreasureIsland,2840001,2855000
NC_009485.1,TreasureIsland,2856001,2905000
NC_009485.1,TreasureIsland,2970001,2995000
NC_009485.1,TreasureIsland,3018001,3045000
NC_009485.1,TreasureIsland,3055001,3095000
NC_009485.1,TreasureIsland,3097001,3125000
NC_009485.1,TreasureIsland,3125001,3155000
NC_009485.1,TreasureIsland,3170001,3195000
NC_009485.1,TreasureIsland,3215001,3230000
NC_009485.1,TreasureIsland,3250001,3260000
NC_009485.1,TreasureIsland,3270001,3335000
NC_009485.1,TreasureIsland,3337001,3610000
NC_009485.1,TreasureIsland,3640001,3665000
NC_009485.1,TreasureIsland,3680001,3690000
NC_009485.1,TreasureIsland,3810001,3935000
NC_009485.1,TreasureIsland,3935001,3960000
NC_009485.1,TreasureIsland,3970001,3995000
NC_009485.1,TreasureIsland,3998001,4010000
NC_009485.1,TreasureIsland,4045001,4120000
NC_009485.1,TreasureIsland,4130001,4145000
NC_009485.1,TreasureIsland,4145001,4170000
NC_009485.1,TreasureIsland,4190001,4205000
NC_009485.1,TreasureIsland,4220001,4240000
NC_009485.1,TreasureIsland,4250001,4260000
NC_009485.1,TreasureIsland,4270001,4285000
NC_009485.1,TreasureIsland,4305001,4330000
NC_009485.1,TreasureIsland,4385001,4400000
NC_009485.1,TreasureIsland,4460001,4495000
NC_009485.1,TreasureIsland,4518001,4541000
NC_009485.1,TreasureIsland,4545001,4580000
NC_009485.1,TreasureIsland,4610001,4620000
NC_009485.1,TreasureIsland,4640001,4655000
NC_009485.1,TreasureIsland,4700001,4710000
NC_009485.1,TreasureIsland,4750001,4760000
NC_009485.1,TreasureIsland,4820001,4840000
NC_009485.1,TreasureIsland,4850001,4860000
NC_009485.1,TreasureIsland,4880001,4895000
NC_009485.1,TreasureIsland,4897001,4910000
NC_009485.1,TreasureIsland,4920001,4930000
NC_009485.1,TreasureIsland,4970001,4990000
NC_009485.1,TreasureIsland,5000001,5015000
NC_009485.1,TreasureIsland,5019001,5035000
NC_009485.1,TreasureIsland,5066001,5081000
NC_009485.1,TreasureIsland,5085001,5125000
NC_009485.1,TreasureIsland,5170001,5235000
NC_009485.1,TreasureIsland,5360001,5375000
NC_009485.1,TreasureIsland,5386001,5400000
NC_009485.1,TreasureIsland,5415001,5430000
NC_009485.1,TreasureIsland,5440001,5475000
NC_009485.1,TreasureIsland,5490001,5500000
NC_009485.1,TreasureIsland,5670001,5690000
NC_009485.1,TreasureIsland,5790001,5810000
NC_009485.1,TreasureIsland,5860001,5870000
NC_009485.1,TreasureIsland,5880001,5930000
NC_009485.1,TreasureIsland,5986001,6095000
NC_009485.1,TreasureIsland,6150001,6180000
NC_009485.1,TreasureIsland,6208001,6225000
NC_009485.1,TreasureIsland,6225001,6260000
NC_009485.1,TreasureIsland,6480001,6490000
NC_009485.1,TreasureIsland,6500001,6510000
NC_009485.1,TreasureIsland,6530001,6540000
NC_009485.1,TreasureIsland,6580001,6590000
NC_009485.1,TreasureIsland,6610001,6675000
NC_009485.1,TreasureIsland,6677001,6730000
NC_009485.1,TreasureIsland,6810001,6830000
NC_009485.1,TreasureIsland,6850001,6900000
NC_009485.1,TreasureIsland,6910001,6925000
NC_009485.1,TreasureIsland,6950001,6960000
NC_009485.1,TreasureIsland,7000001,7050000
NC_009485.1,TreasureIsland,7080001,7160000
NC_009485.1,TreasureIsland,7220001,7230000
NC_009485.1,TreasureIsland,7240001,7250000
NC_009485.1,TreasureIsland,7329001,7340000
NC_009485.1,TreasureIsland,7370001,7390000
NC_009485.1,TreasureIsland,7500001,7570000
NC_009485.1,TreasureIsland,7580001,7690000
NC_009485.1,TreasureIsland,7700001,7710000
NC_009485.1,TreasureIsland,7720001,7740000
NC_009485.1,TreasureIsland,7760001,7795000
NC_009485.1,TreasureIsland,7795001,7850000
NC_009485.1,TreasureIsland,7890001,7905000
NC_009485.1,TreasureIsland,7960001,7970000
NC_009485.1,TreasureIsland,8055001,8075000
NC_009485.1,TreasureIsland,8080001,8115000
NC_009485.1,TreasureIsland,8118001,8135000
NC_009485.1,TreasureIsland,8135001,8250000
NC_009485.1,TreasureIsland,8260001,8264687
NC_009487.1,TreasureIsland,30001,100000
NC_009487.1,TreasureIsland,215001,230000
NC_009487.1,TreasureIsland,305001,320000
NC_009487.1,TreasureIsland,350001,400000
NC_009487.1,TreasureIsland,445001,460000
NC_009487.1,TreasureIsland,470001,500000
NC_009487.1,TreasureIsland,640001,660000
NC_009487.1,TreasureIsland,680001,690000
NC_009487.1,TreasureIsland,700001,730000
NC_009487.1,TreasureIsland,759001,785000
NC_009487.1,TreasureIsland,790001,810000
NC_009487.1,TreasureIsland,820001,835000
NC_009487.1,TreasureIsland,880001,910000
NC_009487.1,TreasureIsland,920001,970000
NC_009487.1,TreasureIsland,990001,1000000
NC_009487.1,TreasureIsland,1040001,1060000
NC_009487.1,TreasureIsland,1070001,1155000
NC_009487.1,TreasureIsland,1220001,1230000
NC_009487.1,TreasureIsland,1255001,1275000
NC_009487.1,TreasureIsland,1410001,1420000
NC_009487.1,TreasureIsland,1430001,1450000
NC_009487.1,TreasureIsland,1460001,1470000
NC_009487.1,TreasureIsland,1560001,1590000
NC_009487.1,TreasureIsland,1810001,1820000
NC_009487.1,TreasureIsland,1950001,1960000
NC_009487.1,TreasureIsland,1970001,2010000
NC_009487.1,TreasureIsland,2040001,2050000
NC_009487.1,TreasureIsland,2110001,2170000
NC_009487.1,TreasureIsland,2180001,2200000
NC_009487.1,TreasureIsland,2210001,2220000
NC_009487.1,TreasureIsland,2300001,2315000
NC_009487.1,TreasureIsland,2325001,2340000
NC_009487.1,TreasureIsland,2370001,2390000
NC_009487.1,TreasureIsland,2400001,2410000
NC_009487.1,TreasureIsland,2535001,2550000
NC_009487.1,TreasureIsland,2640001,2670000
NC_009487.1,TreasureIsland,2840001,2855000
NC_009487.1,TreasureIsland,2855001,2870000
NC_009504.1,TreasureIsland,29001,45000
NC_009504.1,TreasureIsland,45001,80000
NC_009504.1,TreasureIsland,110001,125000
NC_009504.1,TreasureIsland,125001,145000
NC_009504.1,TreasureIsland,145001,160000
NC_009504.1,TreasureIsland,200001,210000
NC_009504.1,TreasureIsland,240001,260000
NC_009504.1,TreasureIsland,315001,335000
NC_009504.1,TreasureIsland,350001,370000
NC_009504.1,TreasureIsland,410001,420000
NC_009504.1,TreasureIsland,430001,455000
NC_009504.1,TreasureIsland,480001,560000
NC_009504.1,TreasureIsland,597001,635000
NC_009504.1,TreasureIsland,635001,655000
NC_009504.1,TreasureIsland,670001,685000
NC_009504.1,TreasureIsland,700001,735000
NC_009504.1,TreasureIsland,738001,760000
NC_009504.1,TreasureIsland,775001,850000
NC_009504.1,TreasureIsland,860001,1075000
NC_009504.1,TreasureIsland,1090001,1125000
NC_009504.1,TreasureIsland,1128001,1164220
NC_009512.1,TreasureIsland,1,70000
NC_009512.1,TreasureIsland,100001,125000
NC_009512.1,TreasureIsland,190001,220000
NC_009512.1,TreasureIsland,330001,340000
NC_009512.1,TreasureIsland,356001,370000
NC_009512.1,TreasureIsland,430001,455000
NC_009512.1,TreasureIsland,458001,480000
NC_009512.1,TreasureIsland,595001,610000
NC_009512.1,TreasureIsland,620001,640000
NC_009512.1,TreasureIsland,650001,660000
NC_009512.1,TreasureIsland,680001,700000
NC_009512.1,TreasureIsland,760001,780000
NC_009512.1,TreasureIsland,820001,840000
NC_009512.1,TreasureIsland,850001,870000
NC_009512.1,TreasureIsland,930001,940000
NC_009512.1,TreasureIsland,967001,980000
NC_009512.1,TreasureIsland,1030001,1040000
NC_009512.1,TreasureIsland,1055001,1070000
NC_009512.1,TreasureIsland,1150001,1160000
NC_009512.1,TreasureIsland,1235001,1270000
NC_009512.1,TreasureIsland,1280001,1290000
NC_009512.1,TreasureIsland,1430001,1450000
NC_009512.1,TreasureIsland,1465001,1480000
NC_009512.1,TreasureIsland,1500001,1510000
NC_009512.1,TreasureIsland,1520001,1560000
NC_009512.1,TreasureIsland,1700001,1710000
NC_009512.1,TreasureIsland,1840001,1850000
NC_009512.1,TreasureIsland,1910001,1920000
NC_009512.1,TreasureIsland,2050001,2070000
NC_009512.1,TreasureIsland,2110001,2140000
NC_009512.1,TreasureIsland,2160001,2180000
NC_009512.1,TreasureIsland,2190001,2210000
NC_009512.1,TreasureIsland,2240001,2250000
NC_009512.1,TreasureIsland,2270001,2310000
NC_009512.1,TreasureIsland,2330001,2350000
NC_009512.1,TreasureIsland,2370001,2380000
NC_009512.1,TreasureIsland,2410001,2440000
NC_009512.1,TreasureIsland,2490001,2500000
NC_009512.1,TreasureIsland,2519001,2530000
NC_009512.1,TreasureIsland,2540001,2610000
NC_009512.1,TreasureIsland,2650001,2670000
NC_009512.1,TreasureIsland,2680001,2730000
NC_009512.1,TreasureIsland,2740001,2770000
NC_009512.1,TreasureIsland,2780001,2790000
NC_009512.1,TreasureIsland,2800001,2810000
NC_009512.1,TreasureIsland,2820001,2830000
NC_009512.1,TreasureIsland,2850001,2900000
NC_009512.1,TreasureIsland,2910001,2930000
NC_009512.1,TreasureIsland,2950001,2980000
NC_009512.1,TreasureIsland,3010001,3020000
NC_009512.1,TreasureIsland,3030001,3060000
NC_009512.1,TreasureIsland,3070001,3110000
NC_009512.1,TreasureIsland,3120001,3140000
NC_009512.1,TreasureIsland,3190001,3220000
NC_009512.1,TreasureIsland,3235001,3250000
NC_009512.1,TreasureIsland,3260001,3320000
NC_009512.1,TreasureIsland,3330001,3375000
NC_009512.1,TreasureIsland,3376001,3430000
NC_009512.1,TreasureIsland,3450001,3460000
NC_009512.1,TreasureIsland,3470001,3480000
NC_009512.1,TreasureIsland,3490001,3520000
NC_009512.1,TreasureIsland,3530001,3570000
NC_009512.1,TreasureIsland,3590001,3630000
NC_009512.1,TreasureIsland,3640001,3650000
NC_009512.1,TreasureIsland,3665001,3705000
NC_009512.1,TreasureIsland,3705001,3730000
NC_009512.1,TreasureIsland,3745001,3790000
NC_009512.1,TreasureIsland,3810001,3830000
NC_009512.1,TreasureIsland,3900001,3925000
NC_009512.1,TreasureIsland,3946001,3990000
NC_009512.1,TreasureIsland,4100001,4125000
NC_009512.1,TreasureIsland,4126001,4150000
NC_009512.1,TreasureIsland,4160001,4170000
NC_009512.1,TreasureIsland,4180001,4190000
NC_009512.1,TreasureIsland,4245001,4260000
NC_009512.1,TreasureIsland,4325001,4370000
NC_009512.1,TreasureIsland,4380001,4410000
NC_009512.1,TreasureIsland,4420001,4440000
NC_009512.1,TreasureIsland,4470001,4500000
NC_009512.1,TreasureIsland,4520001,4530000
NC_009512.1,TreasureIsland,4550001,4560000
NC_009512.1,TreasureIsland,4596001,4620000
NC_009512.1,TreasureIsland,4840001,4850000
NC_009512.1,TreasureIsland,5000001,5015000
NC_009512.1,TreasureIsland,5060001,5080000
NC_009512.1,TreasureIsland,5150001,5170000
NC_009512.1,TreasureIsland,5180001,5195000
NC_009512.1,TreasureIsland,5195001,5220000
NC_009512.1,TreasureIsland,5270001,5280000
NC_009512.1,TreasureIsland,5370001,5390000
NC_009512.1,TreasureIsland,5446001,5460000
NC_009512.1,TreasureIsland,5470001,5490000
NC_009512.1,TreasureIsland,5510001,5530000
NC_009512.1,TreasureIsland,5640001,5680000
NC_009512.1,TreasureIsland,5758001,5770000
NC_009512.1,TreasureIsland,5780001,5800000
NC_009512.1,TreasureIsland,5820001,5830000
NC_009512.1,TreasureIsland,5860001,5870000
NC_009512.1,TreasureIsland,5920001,5940000
NC_009567.1,TreasureIsland,10001,25000
NC_009567.1,TreasureIsland,35001,55000
NC_009567.1,TreasureIsland,110001,135000
NC_009567.1,TreasureIsland,137001,175000
NC_009567.1,TreasureIsland,190001,205000
NC_009567.1,TreasureIsland,208001,225000
NC_009567.1,TreasureIsland,250001,265000
NC_009567.1,TreasureIsland,269001,285000
NC_009567.1,TreasureIsland,377001,405000
NC_009567.1,TreasureIsland,435001,455000
NC_009567.1,TreasureIsland,500001,515000
NC_009567.1,TreasureIsland,518001,535000
NC_009567.1,TreasureIsland,555001,575000
NC_009567.1,TreasureIsland,575001,590000
NC_009567.1,TreasureIsland,650001,660000
NC_009567.1,TreasureIsland,685001,705000
NC_009567.1,TreasureIsland,735001,785000
NC_009567.1,TreasureIsland,800001,825000
NC_009567.1,TreasureIsland,857001,870000
NC_009567.1,TreasureIsland,905001,920000
NC_009567.1,TreasureIsland,1010001,1020000
NC_009567.1,TreasureIsland,1130001,1140000
NC_009567.1,TreasureIsland,1190001,1225000
NC_009567.1,TreasureIsland,1275001,1295000
NC_009567.1,TreasureIsland,1350001,1370000
NC_009567.1,TreasureIsland,1445001,1465000
NC_009567.1,TreasureIsland,1520001,1540000
NC_009567.1,TreasureIsland,1575001,1595000
NC_009567.1,TreasureIsland,1620001,1645000
NC_009567.1,TreasureIsland,1645001,1660000
NC_009567.1,TreasureIsland,1749001,1775000
NC_009567.1,TreasureIsland,1779001,1795000
NC_009567.1,TreasureIsland,1810001,1835000
NC_009567.1,TreasureIsland,1868001,1885000
NC_009632.1,TreasureIsland,30001,100000
NC_009632.1,TreasureIsland,215001,230000
NC_009632.1,TreasureIsland,305001,320000
NC_009632.1,TreasureIsland,350001,400000
NC_009632.1,TreasureIsland,470001,505000
NC_009632.1,TreasureIsland,640001,660000
NC_009632.1,TreasureIsland,680001,690000
NC_009632.1,TreasureIsland,700001,730000
NC_009632.1,TreasureIsland,758001,780000
NC_009632.1,TreasureIsland,790001,800000
NC_009632.1,TreasureIsland,800001,810000
NC_009632.1,TreasureIsland,820001,835000
NC_009632.1,TreasureIsland,880001,910000
NC_009632.1,TreasureIsland,920001,970000
NC_009632.1,TreasureIsland,990001,1000000
NC_009632.1,TreasureIsland,1020001,1030000
NC_009632.1,TreasureIsland,1040001,1060000
NC_009632.1,TreasureIsland,1070001,1155000
NC_009632.1,TreasureIsland,1220001,1230000
NC_009632.1,TreasureIsland,1255001,1285000
NC_009632.1,TreasureIsland,1410001,1420000
NC_009632.1,TreasureIsland,1430001,1450000
NC_009632.1,TreasureIsland,1460001,1470000
NC_009632.1,TreasureIsland,1560001,1590000
NC_009632.1,TreasureIsland,1810001,1820000
NC_009632.1,TreasureIsland,1950001,1960000
NC_009632.1,TreasureIsland,1970001,2015000
NC_009632.1,TreasureIsland,2040001,2050000
NC_009632.1,TreasureIsland,2110001,2170000
NC_009632.1,TreasureIsland,2180001,2190000
NC_009632.1,TreasureIsland,2190001,2200000
NC_009632.1,TreasureIsland,2210001,2220000
NC_009632.1,TreasureIsland,2300001,2315000
NC_009632.1,TreasureIsland,2325001,2340000
NC_009632.1,TreasureIsland,2375001,2390000
NC_009632.1,TreasureIsland,2400001,2410000
NC_009632.1,TreasureIsland,2535001,2550000
NC_009632.1,TreasureIsland,2640001,2670000
NC_009632.1,TreasureIsland,2839001,2855000
NC_009632.1,TreasureIsland,2855001,2870000
NC_009665.1,TreasureIsland,27001,40000
NC_009665.1,TreasureIsland,55001,75000
NC_009665.1,TreasureIsland,80001,95000
NC_009665.1,TreasureIsland,96001,175000
NC_009665.1,TreasureIsland,190001,220000
NC_009665.1,TreasureIsland,275001,440000
NC_009665.1,TreasureIsland,470001,540000
NC_009665.1,TreasureIsland,580001,635000
NC_009665.1,TreasureIsland,635001,830000
NC_009665.1,TreasureIsland,860001,915000
NC_009665.1,TreasureIsland,920001,950000
NC_009665.1,TreasureIsland,969001,1090000
NC_009665.1,TreasureIsland,1110001,1215000
NC_009665.1,TreasureIsland,1230001,1295000
NC_009665.1,TreasureIsland,1300001,1325000
NC_009665.1,TreasureIsland,1340001,1365000
NC_009665.1,TreasureIsland,1365001,1390000
NC_009665.1,TreasureIsland,1400001,1425000
NC_009665.1,TreasureIsland,1425001,1455000
NC_009665.1,TreasureIsland,1456001,1470000
NC_009665.1,TreasureIsland,1500001,1510000
NC_009665.1,TreasureIsland,1520001,1585000
NC_009665.1,TreasureIsland,1585001,1740000
NC_009665.1,TreasureIsland,1775001,1795000
NC_009665.1,TreasureIsland,1805001,1850000
NC_009665.1,TreasureIsland,1860001,1915000
NC_009665.1,TreasureIsland,1940001,1960000
NC_009665.1,TreasureIsland,1980001,2055000
NC_009665.1,TreasureIsland,2070001,2090000
NC_009665.1,TreasureIsland,2100001,2135000
NC_009665.1,TreasureIsland,2135001,2255000
NC_009665.1,TreasureIsland,2270001,2310000
NC_009665.1,TreasureIsland,2320001,2400000
NC_009665.1,TreasureIsland,2410001,2475000
NC_009665.1,TreasureIsland,2475001,2530000
NC_009665.1,TreasureIsland,2570001,2580000
NC_009665.1,TreasureIsland,2590001,2630000
NC_009665.1,TreasureIsland,2650001,2685000
NC_009665.1,TreasureIsland,2695001,2710000
NC_009665.1,TreasureIsland,2760001,2805000
NC_009665.1,TreasureIsland,2820001,2830000
NC_009665.1,TreasureIsland,2850001,2885000
NC_009665.1,TreasureIsland,2885001,2900000
NC_009665.1,TreasureIsland,2930001,2940000
NC_009665.1,TreasureIsland,3026001,3040000
NC_009665.1,TreasureIsland,3099001,3110000
NC_009665.1,TreasureIsland,3148001,3195000
NC_009665.1,TreasureIsland,3200001,3210000
NC_009665.1,TreasureIsland,3230001,3250000
NC_009665.1,TreasureIsland,3260001,3275000
NC_009665.1,TreasureIsland,3280001,3295000
NC_009665.1,TreasureIsland,3320001,3345000
NC_009665.1,TreasureIsland,3345001,3360000
NC_009665.1,TreasureIsland,3420001,3435000
NC_009665.1,TreasureIsland,3450001,3460000
NC_009665.1,TreasureIsland,3470001,3480000
NC_009665.1,TreasureIsland,3550001,3575000
NC_009665.1,TreasureIsland,3610001,3625000
NC_009665.1,TreasureIsland,3630001,3640000
NC_009665.1,TreasureIsland,3650001,3695000
NC_009665.1,TreasureIsland,3740001,3755000
NC_009665.1,TreasureIsland,3800001,3835000
NC_009665.1,TreasureIsland,3860001,3900000
NC_009665.1,TreasureIsland,3980001,4030000
NC_009665.1,TreasureIsland,4050001,4065000
NC_009665.1,TreasureIsland,4085001,4110000
NC_009665.1,TreasureIsland,4127001,4140000
NC_009665.1,TreasureIsland,4150001,4185000
NC_009665.1,TreasureIsland,4210001,4224000
NC_009665.1,TreasureIsland,4270001,4290000
NC_009665.1,TreasureIsland,4330001,4345000
NC_009665.1,TreasureIsland,4355001,4370000
NC_009665.1,TreasureIsland,4430001,4450000
NC_009665.1,TreasureIsland,4490001,4500000
NC_009665.1,TreasureIsland,4520001,4535000
NC_009665.1,TreasureIsland,4545001,4565000
NC_009665.1,TreasureIsland,4565001,4660000
NC_009665.1,TreasureIsland,4710001,4725000
NC_009665.1,TreasureIsland,4727001,4750000
NC_009665.1,TreasureIsland,4760001,4780000
NC_009665.1,TreasureIsland,4790001,4810000
NC_009665.1,TreasureIsland,4828001,4855000
NC_009665.1,TreasureIsland,4880001,4890000
NC_009665.1,TreasureIsland,4940001,4965000
NC_009665.1,TreasureIsland,4969001,5000000
NC_009665.1,TreasureIsland,5030001,5060000
NC_009665.1,TreasureIsland,5075001,5140000
NC_009665.1,TreasureIsland,5150001,5165000
NC_009665.1,TreasureIsland,5169001,5185000
NC_009665.1,TreasureIsland,5188001,5200000
NC_009708.1,TreasureIsland,50001,60000
NC_009708.1,TreasureIsland,180001,190000
NC_009708.1,TreasureIsland,360001,375000
NC_009708.1,TreasureIsland,375001,410000
NC_009708.1,TreasureIsland,470001,495000
NC_009708.1,TreasureIsland,580001,615000
NC_009708.1,TreasureIsland,630001,650000
NC_009708.1,TreasureIsland,695001,735000
NC_009708.1,TreasureIsland,760001,770000
NC_009708.1,TreasureIsland,780001,860000
NC_009708.1,TreasureIsland,880001,935000
NC_009708.1,TreasureIsland,935001,980000
NC_009708.1,TreasureIsland,990001,1000000
NC_009708.1,TreasureIsland,1070001,1100000
NC_009708.1,TreasureIsland,1130001,1155000
NC_009708.1,TreasureIsland,1380001,1390000
NC_009708.1,TreasureIsland,1410001,1420000
NC_009708.1,TreasureIsland,1500001,1510000
NC_009708.1,TreasureIsland,1580001,1600000
NC_009708.1,TreasureIsland,1610001,1620000
NC_009708.1,TreasureIsland,1760001,1785000
NC_009708.1,TreasureIsland,1800001,1810000
NC_009708.1,TreasureIsland,1915001,1930000
NC_009708.1,TreasureIsland,2100001,2110000
NC_009708.1,TreasureIsland,2150001,2160000
NC_009708.1,TreasureIsland,2170001,2180000
NC_009708.1,TreasureIsland,2260001,2280000
NC_009708.1,TreasureIsland,2300001,2310000
NC_009708.1,TreasureIsland,2350001,2360000
NC_009708.1,TreasureIsland,2390001,2410000
NC_009708.1,TreasureIsland,2465001,2480000
NC_009708.1,TreasureIsland,2500001,2525000
NC_009708.1,TreasureIsland,2528001,2560000
NC_009708.1,TreasureIsland,2790001,2800000
NC_009708.1,TreasureIsland,2810001,2860000
NC_009708.1,TreasureIsland,3180001,3190000
NC_009708.1,TreasureIsland,3300001,3320000
NC_009708.1,TreasureIsland,3380001,3390000
NC_009708.1,TreasureIsland,3550001,3560000
NC_009708.1,TreasureIsland,3610001,3620000
NC_009708.1,TreasureIsland,3980001,4000000
NC_009708.1,TreasureIsland,4190001,4215000
NC_009708.1,TreasureIsland,4215001,4230000
NC_009708.1,TreasureIsland,4255001,4270000
NC_009708.1,TreasureIsland,4320001,4330000
NC_009708.1,TreasureIsland,4360001,4370000
NC_009708.1,TreasureIsland,4380001,4400000
NC_009708.1,TreasureIsland,4500001,4520000
NC_009708.1,TreasureIsland,4610001,4620000
NC_009708.1,TreasureIsland,4630001,4640000
NC_009782.1,TreasureIsland,30001,125000
NC_009782.1,TreasureIsland,140001,150000
NC_009782.1,TreasureIsland,225001,240000
NC_009782.1,TreasureIsland,310001,330000
NC_009782.1,TreasureIsland,340001,355000
NC_009782.1,TreasureIsland,400001,425000
NC_009782.1,TreasureIsland,429001,495000
NC_009782.1,TreasureIsland,630001,645000
NC_009782.1,TreasureIsland,670001,680000
NC_009782.1,TreasureIsland,690001,715000
NC_009782.1,TreasureIsland,745001,765000
NC_009782.1,TreasureIsland,780001,790000
NC_009782.1,TreasureIsland,800001,830000
NC_009782.1,TreasureIsland,870001,910000
NC_009782.1,TreasureIsland,920001,965000
NC_009782.1,TreasureIsland,990001,1000000
NC_009782.1,TreasureIsland,1020001,1030000
NC_009782.1,TreasureIsland,1040001,1060000
NC_009782.1,TreasureIsland,1080001,1095000
NC_009782.1,TreasureIsland,1210001,1240000
NC_009782.1,TreasureIsland,1310001,1320000
NC_009782.1,TreasureIsland,1360001,1370000
NC_009782.1,TreasureIsland,1380001,1405000
NC_009782.1,TreasureIsland,1515001,1545000
NC_009782.1,TreasureIsland,1760001,1770000
NC_009782.1,TreasureIsland,1910001,1920000
NC_009782.1,TreasureIsland,1930001,1965000
NC_009782.1,TreasureIsland,1990001,2000000
NC_009782.1,TreasureIsland,2070001,2165000
NC_009782.1,TreasureIsland,2180001,2195000
NC_009782.1,TreasureIsland,2270001,2280000
NC_009782.1,TreasureIsland,2290001,2310000
NC_009782.1,TreasureIsland,2340001,2360000
NC_009782.1,TreasureIsland,2370001,2385000
NC_009782.1,TreasureIsland,2506001,2520000
NC_009782.1,TreasureIsland,2545001,2560000
NC_009782.1,TreasureIsland,2610001,2640000
NC_009782.1,TreasureIsland,2775001,2790000
NC_009782.1,TreasureIsland,2820001,2840000
NC_009782.1,TreasureIsland,2880001,2880168
NC_009783.1,TreasureIsland,175001,210000
NC_009783.1,TreasureIsland,220001,235000
NC_009783.1,TreasureIsland,235001,250000
NC_009783.1,TreasureIsland,300001,320000
NC_009783.1,TreasureIsland,350001,370000
NC_009783.1,TreasureIsland,440001,450000
NC_009783.1,TreasureIsland,490001,500000
NC_009783.1,TreasureIsland,510001,545000
NC_009783.1,TreasureIsland,645001,660000
NC_009783.1,TreasureIsland,680001,710000
NC_009783.1,TreasureIsland,800001,810000
NC_009783.1,TreasureIsland,930001,940000
NC_009783.1,TreasureIsland,1090001,1144000
NC_009783.1,TreasureIsland,1150001,1165000
NC_009783.1,TreasureIsland,1295001,1315000
NC_009783.1,TreasureIsland,1320001,1335000
NC_009783.1,TreasureIsland,1350001,1360000
NC_009783.1,TreasureIsland,1440001,1460000
NC_009783.1,TreasureIsland,1470001,1515000
NC_009783.1,TreasureIsland,1560001,1570000
NC_009783.1,TreasureIsland,1620001,1760000
NC_009783.1,TreasureIsland,1780001,1800000
NC_009783.1,TreasureIsland,1820001,1830000
NC_009783.1,TreasureIsland,1870001,1880000
NC_009783.1,TreasureIsland,1905001,1925000
NC_009783.1,TreasureIsland,1927001,1985000
NC_009783.1,TreasureIsland,1989001,2020000
NC_009783.1,TreasureIsland,2030001,2055000
NC_009783.1,TreasureIsland,2055001,2070000
NC_009783.1,TreasureIsland,2087001,2110000
NC_009783.1,TreasureIsland,2175001,2255000
NC_009783.1,TreasureIsland,2300001,2320000
NC_009783.1,TreasureIsland,2370001,2395000
NC_009783.1,TreasureIsland,2405001,2420000
NC_009783.1,TreasureIsland,2450001,2465000
NC_009783.1,TreasureIsland,2478001,2510000
NC_009783.1,TreasureIsland,2570001,2585000
NC_009783.1,TreasureIsland,2585001,2605000
NC_009783.1,TreasureIsland,2605001,2635000
NC_009783.1,TreasureIsland,2740001,2750000
NC_009783.1,TreasureIsland,2798001,2810000
NC_009783.1,TreasureIsland,2820001,2850000
NC_009783.1,TreasureIsland,2890001,2920000
NC_009783.1,TreasureIsland,3000001,3035000
NC_009783.1,TreasureIsland,3045001,3060000
NC_009783.1,TreasureIsland,3090001,3105000
NC_009783.1,TreasureIsland,3380001,3400000
NC_009783.1,TreasureIsland,3430001,3440000
NC_009783.1,TreasureIsland,3520001,3530000
NC_009783.1,TreasureIsland,3640001,3655000
NC_009783.1,TreasureIsland,3750001,3765351
NC_009800.1,TreasureIsland,230001,270000
NC_009800.1,TreasureIsland,290001,390000
NC_009800.1,TreasureIsland,620001,630000
NC_009800.1,TreasureIsland,750001,770000
NC_009800.1,TreasureIsland,920001,950000
NC_009800.1,TreasureIsland,1150001,1170000
NC_009800.1,TreasureIsland,1260001,1280000
NC_009800.1,TreasureIsland,1485001,1500000
NC_009800.1,TreasureIsland,1510001,1520000
NC_009800.1,TreasureIsland,1540001,1550000
NC_009800.1,TreasureIsland,1590001,1615000
NC_009800.1,TreasureIsland,1630001,1640000
NC_009800.1,TreasureIsland,1650001,1680000
NC_009800.1,TreasureIsland,1820001,1830000
NC_009800.1,TreasureIsland,2060001,2130000
NC_009800.1,TreasureIsland,2140001,2155000
NC_009800.1,TreasureIsland,2155001,2180000
NC_009800.1,TreasureIsland,2420001,2430000
NC_009800.1,TreasureIsland,2510001,2520000
NC_009800.1,TreasureIsland,2650001,2670000
NC_009800.1,TreasureIsland,2760001,2770000
NC_009800.1,TreasureIsland,2790001,2800000
NC_009800.1,TreasureIsland,3000001,3030000
NC_009800.1,TreasureIsland,3460001,3480000
NC_009800.1,TreasureIsland,3490001,3510000
NC_009800.1,TreasureIsland,3660001,3670000
NC_009800.1,TreasureIsland,3690001,3700000
NC_009800.1,TreasureIsland,3790001,3805000
NC_009800.1,TreasureIsland,3970001,3980000
NC_009800.1,TreasureIsland,4100001,4110000
NC_009800.1,TreasureIsland,4530001,4550000
NC_009801.1,TreasureIsland,230001,270000
NC_009801.1,TreasureIsland,290001,350000
NC_009801.1,TreasureIsland,555001,570000
NC_009801.1,TreasureIsland,590001,620000
NC_009801.1,TreasureIsland,750001,760000
NC_009801.1,TreasureIsland,820001,850000
NC_009801.1,TreasureIsland,1000001,1020000
NC_009801.1,TreasureIsland,1060001,1080000
NC_009801.1,TreasureIsland,1165001,1180000
NC_009801.1,TreasureIsland,1260001,1290000
NC_009801.1,TreasureIsland,1300001,1320000
NC_009801.1,TreasureIsland,1400001,1450000
NC_009801.1,TreasureIsland,1590001,1600000
NC_009801.1,TreasureIsland,1620001,1645000
NC_009801.1,TreasureIsland,1680001,1715000
NC_009801.1,TreasureIsland,1730001,1740000
NC_009801.1,TreasureIsland,1750001,1780000
NC_009801.1,TreasureIsland,1930001,1940000
NC_009801.1,TreasureIsland,2170001,2240000
NC_009801.1,TreasureIsland,2280001,2290000
NC_009801.1,TreasureIsland,2630001,2660000
NC_009801.1,TreasureIsland,2870001,2880000
NC_009801.1,TreasureIsland,2900001,2950000
NC_009801.1,TreasureIsland,3020001,3030000
NC_009801.1,TreasureIsland,3130001,3140000
NC_009801.1,TreasureIsland,3180001,3200000
NC_009801.1,TreasureIsland,3320001,3430000
NC_009801.1,TreasureIsland,3750001,3760000
NC_009801.1,TreasureIsland,3770001,3785000
NC_009801.1,TreasureIsland,3960001,3975000
NC_009801.1,TreasureIsland,4070001,4080000
NC_009801.1,TreasureIsland,4110001,4120000
NC_009801.1,TreasureIsland,4360001,4370000
NC_009801.1,TreasureIsland,4400001,4410000
NC_009801.1,TreasureIsland,4450001,4460000
NC_009801.1,TreasureIsland,4810001,4820000
NC_009801.1,TreasureIsland,4830001,4900000
NC_009879.1,TreasureIsland,7001,100000
NC_009879.1,TreasureIsland,110001,210000
NC_009879.1,TreasureIsland,250001,390000
NC_009879.1,TreasureIsland,400001,420000
NC_009879.1,TreasureIsland,430001,520000
NC_009879.1,TreasureIsland,540001,620000
NC_009879.1,TreasureIsland,640001,660000
NC_009879.1,TreasureIsland,696001,720000
NC_009879.1,TreasureIsland,770001,780000
NC_009879.1,TreasureIsland,860001,880000
NC_009879.1,TreasureIsland,940001,970000
NC_009879.1,TreasureIsland,990001,1010000
NC_009879.1,TreasureIsland,1040001,1090000
NC_009900.1,TreasureIsland,26001,40000
NC_009900.1,TreasureIsland,80001,120000
NC_009900.1,TreasureIsland,168001,220000
NC_009900.1,TreasureIsland,250001,270000
NC_009900.1,TreasureIsland,285001,370000
NC_009900.1,TreasureIsland,426001,450000
NC_009900.1,TreasureIsland,498001,530000
NC_009900.1,TreasureIsland,618001,630000
NC_009900.1,TreasureIsland,640001,650000
NC_009900.1,TreasureIsland,698001,780000
NC_009900.1,TreasureIsland,860001,870000
NC_009900.1,TreasureIsland,960001,970000
NC_009900.1,TreasureIsland,1005001,1030000
NC_009900.1,TreasureIsland,1090001,1110000
NC_009900.1,TreasureIsland,1239001,1250000
NC_009900.1,TreasureIsland,1260001,1270000
NC_009900.1,TreasureIsland,1360001,1360898
NC_009901.1,TreasureIsland,19001,40000
NC_009901.1,TreasureIsland,60001,85000
NC_009901.1,TreasureIsland,88001,115000
NC_009901.1,TreasureIsland,116001,140000
NC_009901.1,TreasureIsland,280001,315000
NC_009901.1,TreasureIsland,315001,345000
NC_009901.1,TreasureIsland,365001,390000
NC_009901.1,TreasureIsland,407001,425000
NC_009901.1,TreasureIsland,425001,450000
NC_009901.1,TreasureIsland,500001,510000
NC_009901.1,TreasureIsland,580001,595000
NC_009901.1,TreasureIsland,595001,610000
NC_009901.1,TreasureIsland,630001,640000
NC_009901.1,TreasureIsland,650001,665000
NC_009901.1,TreasureIsland,666001,691000
NC_009901.1,TreasureIsland,695001,735000
NC_009901.1,TreasureIsland,745001,775000
NC_009901.1,TreasureIsland,790001,800000
NC_009901.1,TreasureIsland,810001,850000
NC_009901.1,TreasureIsland,870001,885000
NC_009901.1,TreasureIsland,888001,900000
NC_009901.1,TreasureIsland,910001,935000
NC_009901.1,TreasureIsland,958001,970000
NC_009901.1,TreasureIsland,995001,1015000
NC_009901.1,TreasureIsland,1040001,1065000
NC_009901.1,TreasureIsland,1065001,1105000
NC_009901.1,TreasureIsland,1119001,1150000
NC_009901.1,TreasureIsland,1160001,1180000
NC_009901.1,TreasureIsland,1190001,1215000
NC_009901.1,TreasureIsland,1235001,1250000
NC_009901.1,TreasureIsland,1280001,1295000
NC_009901.1,TreasureIsland,1297001,1310000
NC_009901.1,TreasureIsland,1325001,1375000
NC_009901.1,TreasureIsland,1375001,1390000
NC_009901.1,TreasureIsland,1410001,1430000
NC_009901.1,TreasureIsland,1448001,1470000
NC_009901.1,TreasureIsland,1480001,1580000
NC_009901.1,TreasureIsland,1640001,1650000
NC_009901.1,TreasureIsland,1680001,1690000
NC_009901.1,TreasureIsland,1700001,1790000
NC_009901.1,TreasureIsland,1820001,1850000
NC_009901.1,TreasureIsland,1876001,1890000
NC_009901.1,TreasureIsland,1900001,1910000
NC_009901.1,TreasureIsland,1925001,1955000
NC_009901.1,TreasureIsland,1968001,1995000
NC_009901.1,TreasureIsland,1995001,2015000
NC_009901.1,TreasureIsland,2030001,2045000
NC_009901.1,TreasureIsland,2049001,2060000
NC_009901.1,TreasureIsland,2070001,2080000
NC_009901.1,TreasureIsland,2090001,2155000
NC_009901.1,TreasureIsland,2155001,2175000
NC_009901.1,TreasureIsland,2200001,2225000
NC_009901.1,TreasureIsland,2235001,2320000
NC_009901.1,TreasureIsland,2330001,2340000
NC_009901.1,TreasureIsland,2375001,2400000
NC_009901.1,TreasureIsland,2410001,2455000
NC_009901.1,TreasureIsland,2485001,2500000
NC_009901.1,TreasureIsland,2520001,2540000
NC_009901.1,TreasureIsland,2550001,2630000
NC_009901.1,TreasureIsland,2649001,2685000
NC_009901.1,TreasureIsland,2750001,2760000
NC_009901.1,TreasureIsland,2830001,2840000
NC_009901.1,TreasureIsland,2850001,2870000
NC_009901.1,TreasureIsland,2920001,2930000
NC_009901.1,TreasureIsland,2970001,2980000
NC_009901.1,TreasureIsland,3190001,3205000
NC_009901.1,TreasureIsland,3286001,3301000
NC_009901.1,TreasureIsland,3370001,3380000
NC_009901.1,TreasureIsland,3410001,3425000
NC_009901.1,TreasureIsland,3450001,3480000
NC_009901.1,TreasureIsland,3525001,3545000
NC_009901.1,TreasureIsland,3565001,3580000
NC_009901.1,TreasureIsland,3590001,3600000
NC_009901.1,TreasureIsland,3620001,3630000
NC_009901.1,TreasureIsland,3810001,3820000
NC_009901.1,TreasureIsland,3860001,3870000
NC_009901.1,TreasureIsland,3900001,3920000
NC_009901.1,TreasureIsland,3950001,3960000
NC_009901.1,TreasureIsland,3960001,3975000
NC_009901.1,TreasureIsland,4010001,4040000
NC_009901.1,TreasureIsland,4065001,4080000
NC_009901.1,TreasureIsland,4140001,4170000
NC_009901.1,TreasureIsland,4215001,4250000
NC_009901.1,TreasureIsland,4466001,4485000
NC_009901.1,TreasureIsland,4610001,4620000
NC_009901.1,TreasureIsland,4699001,4710000
NC_009901.1,TreasureIsland,4840001,4850000
NC_009901.1,TreasureIsland,5100001,5120000
NC_009901.1,TreasureIsland,5130001,5140000
NC_009997.1,TreasureIsland,10001,25000
NC_009997.1,TreasureIsland,29001,40000
NC_009997.1,TreasureIsland,50001,72000
NC_009997.1,TreasureIsland,90001,125000
NC_009997.1,TreasureIsland,125001,180000
NC_009997.1,TreasureIsland,190001,220000
NC_009997.1,TreasureIsland,280001,355000
NC_009997.1,TreasureIsland,355001,405000
NC_009997.1,TreasureIsland,405001,455000
NC_009997.1,TreasureIsland,490001,575000
NC_009997.1,TreasureIsland,580001,590000
NC_009997.1,TreasureIsland,610001,815000
NC_009997.1,TreasureIsland,815001,880000
NC_009997.1,TreasureIsland,920001,935000
NC_009997.1,TreasureIsland,935001,950000
NC_009997.1,TreasureIsland,960001,995000
NC_009997.1,TreasureIsland,1010001,1105000
NC_009997.1,TreasureIsland,1105001,1125000
NC_009997.1,TreasureIsland,1130001,1265000
NC_009997.1,TreasureIsland,1277001,1320000
NC_009997.1,TreasureIsland,1330001,1360000
NC_009997.1,TreasureIsland,1370001,1395000
NC_009997.1,TreasureIsland,1396001,1420000
NC_009997.1,TreasureIsland,1430001,1455000
NC_009997.1,TreasureIsland,1455001,1475000
NC_009997.1,TreasureIsland,1475001,1500000
NC_009997.1,TreasureIsland,1530001,1540000
NC_009997.1,TreasureIsland,1550001,1595000
NC_009997.1,TreasureIsland,1608001,1625000
NC_009997.1,TreasureIsland,1625001,1665000
NC_009997.1,TreasureIsland,1665001,1780000
NC_009997.1,TreasureIsland,1815001,1835000
NC_009997.1,TreasureIsland,1838001,1885000
NC_009997.1,TreasureIsland,1885001,1945000
NC_009997.1,TreasureIsland,1975001,2000000
NC_009997.1,TreasureIsland,2015001,2035000
NC_009997.1,TreasureIsland,2035001,2090000
NC_009997.1,TreasureIsland,2110001,2135000
NC_009997.1,TreasureIsland,2140001,2265000
NC_009997.1,TreasureIsland,2280001,2315000
NC_009997.1,TreasureIsland,2340001,2455000
NC_009997.1,TreasureIsland,2455001,2482000
NC_009997.1,TreasureIsland,2485001,2580000
NC_009997.1,TreasureIsland,2590001,2605000
NC_009997.1,TreasureIsland,2620001,2630000
NC_009997.1,TreasureIsland,2640001,2740000
NC_009997.1,TreasureIsland,2750001,2795000
NC_009997.1,TreasureIsland,2799001,2820000
NC_009997.1,TreasureIsland,2870001,2920000
NC_009997.1,TreasureIsland,2935001,2950000
NC_009997.1,TreasureIsland,2960001,3010000
NC_009997.1,TreasureIsland,3090001,3100000
NC_009997.1,TreasureIsland,3140001,3150000
NC_009997.1,TreasureIsland,3170001,3180000
NC_009997.1,TreasureIsland,3215001,3250000
NC_009997.1,TreasureIsland,3260001,3270000
NC_009997.1,TreasureIsland,3280001,3290000
NC_009997.1,TreasureIsland,3310001,3320000
NC_009997.1,TreasureIsland,3330001,3355000
NC_009997.1,TreasureIsland,3358001,3375000
NC_009997.1,TreasureIsland,3390001,3415000
NC_009997.1,TreasureIsland,3415001,3430000
NC_009997.1,TreasureIsland,3440001,3510000
NC_009997.1,TreasureIsland,3540001,3555000
NC_009997.1,TreasureIsland,3570001,3580000
NC_009997.1,TreasureIsland,3650001,3660000
NC_009997.1,TreasureIsland,3670001,3700000
NC_009997.1,TreasureIsland,3729001,3760000
NC_009997.1,TreasureIsland,3778001,3815000
NC_009997.1,TreasureIsland,3860001,3870000
NC_009997.1,TreasureIsland,3925001,3970000
NC_009997.1,TreasureIsland,3980001,4020000
NC_009997.1,TreasureIsland,4080001,4093000
NC_009997.1,TreasureIsland,4099001,4140000
NC_009997.1,TreasureIsland,4190001,4220000
NC_009997.1,TreasureIsland,4236001,4250000
NC_009997.1,TreasureIsland,4260001,4275000
NC_009997.1,TreasureIsland,4275001,4290000
NC_009997.1,TreasureIsland,4320001,4335000
NC_009997.1,TreasureIsland,4380001,4400000
NC_009997.1,TreasureIsland,4410001,4420000
NC_009997.1,TreasureIsland,4440001,4455000
NC_009997.1,TreasureIsland,4525001,4555000
NC_009997.1,TreasureIsland,4600001,4610000
NC_009997.1,TreasureIsland,4630001,4650000
NC_009997.1,TreasureIsland,4660001,4670000
NC_009997.1,TreasureIsland,4680001,4705000
NC_009997.1,TreasureIsland,4705001,4745000
NC_009997.1,TreasureIsland,4760001,4770000
NC_009997.1,TreasureIsland,4790001,4800000
NC_009997.1,TreasureIsland,4810001,4825000
NC_009997.1,TreasureIsland,4826001,4850000
NC_009997.1,TreasureIsland,4865001,4880000
NC_009997.1,TreasureIsland,4890001,4910000
NC_009997.1,TreasureIsland,4929001,4960000
NC_009997.1,TreasureIsland,4980001,4990000
NC_009997.1,TreasureIsland,5020001,5030000
NC_009997.1,TreasureIsland,5040001,5055000
NC_009997.1,TreasureIsland,5055001,5075000
NC_009997.1,TreasureIsland,5075001,5110000
NC_009997.1,TreasureIsland,5140001,5180000
NC_009997.1,TreasureIsland,5190001,5255000
NC_009997.1,TreasureIsland,5269001,5285000
NC_009997.1,TreasureIsland,5307001,5320000
NC_010084.1,TreasureIsland,10001,25000
NC_010084.1,TreasureIsland,380001,390000
NC_010084.1,TreasureIsland,540001,560000
NC_010084.1,TreasureIsland,700001,710000
NC_010084.1,TreasureIsland,780001,790000
NC_010084.1,TreasureIsland,980001,1000000
NC_010084.1,TreasureIsland,1060001,1070000
NC_010084.1,TreasureIsland,1130001,1140000
NC_010084.1,TreasureIsland,1190001,1200000
NC_010084.1,TreasureIsland,1300001,1310000
NC_010084.1,TreasureIsland,1690001,1700000
NC_010084.1,TreasureIsland,1750001,1765000
NC_010084.1,TreasureIsland,1770001,1780000
NC_010084.1,TreasureIsland,1860001,1885000
NC_010084.1,TreasureIsland,1900001,1910000
NC_010084.1,TreasureIsland,1980001,2000000
NC_010084.1,TreasureIsland,2010001,2030000
NC_010084.1,TreasureIsland,2100001,2110000
NC_010084.1,TreasureIsland,2120001,2155000
NC_010084.1,TreasureIsland,2159001,2200000
NC_010084.1,TreasureIsland,2480001,2570000
NC_010084.1,TreasureIsland,2670001,2690000
NC_010084.1,TreasureIsland,2720001,2740000
NC_010084.1,TreasureIsland,2750001,2760000
NC_010084.1,TreasureIsland,2780001,2790000
NC_010084.1,TreasureIsland,2825001,2850000
NC_010084.1,TreasureIsland,3050001,3070000
NC_010084.1,TreasureIsland,3100001,3115000
NC_010084.1,TreasureIsland,3130001,3140000
NC_010084.1,TreasureIsland,3180001,3195000
NC_010084.1,TreasureIsland,3210001,3230000
NC_010102.1,TreasureIsland,20001,40000
NC_010102.1,TreasureIsland,80001,90000
NC_010102.1,TreasureIsland,290001,300000
NC_010102.1,TreasureIsland,395001,410000
NC_010102.1,TreasureIsland,530001,540000
NC_010102.1,TreasureIsland,690001,720000
NC_010102.1,TreasureIsland,805001,820000
NC_010102.1,TreasureIsland,870001,880000
NC_010102.1,TreasureIsland,900001,950000
NC_010102.1,TreasureIsland,990001,1030000
NC_010102.1,TreasureIsland,1140001,1170000
NC_010102.1,TreasureIsland,1230001,1240000
NC_010102.1,TreasureIsland,1350001,1370000
NC_010102.1,TreasureIsland,1390001,1400000
NC_010102.1,TreasureIsland,1485001,1500000
NC_010102.1,TreasureIsland,1620001,1640000
NC_010102.1,TreasureIsland,1710001,1720000
NC_010102.1,TreasureIsland,1770001,1855000
NC_010102.1,TreasureIsland,1855001,1880000
NC_010102.1,TreasureIsland,1980001,1990000
NC_010102.1,TreasureIsland,2020001,2030000
NC_010102.1,TreasureIsland,2180001,2190000
NC_010102.1,TreasureIsland,2290001,2300000
NC_010102.1,TreasureIsland,2330001,2340000
NC_010102.1,TreasureIsland,2730001,2740000
NC_010102.1,TreasureIsland,2760001,2800000
NC_010102.1,TreasureIsland,2840001,2890000
NC_010102.1,TreasureIsland,2970001,2995000
NC_010102.1,TreasureIsland,2999001,3010000
NC_010102.1,TreasureIsland,3140001,3160000
NC_010102.1,TreasureIsland,3230001,3250000
NC_010102.1,TreasureIsland,3520001,3530000
NC_010102.1,TreasureIsland,3540001,3555000
NC_010102.1,TreasureIsland,3895001,3910000
NC_010102.1,TreasureIsland,3960001,3970000
NC_010102.1,TreasureIsland,4250001,4260000
NC_010102.1,TreasureIsland,4400001,4430000
NC_010102.1,TreasureIsland,4480001,4580000
NC_010102.1,TreasureIsland,4670001,4680000
NC_010102.1,TreasureIsland,4740001,4770000
NC_010102.1,TreasureIsland,4850001,4858887
NC_010159.1,TreasureIsland,80001,90000
NC_010159.1,TreasureIsland,130001,160000
NC_010159.1,TreasureIsland,170001,200000
NC_010159.1,TreasureIsland,220001,235000
NC_010159.1,TreasureIsland,255001,275000
NC_010159.1,TreasureIsland,320001,330000
NC_010159.1,TreasureIsland,410001,420000
NC_010159.1,TreasureIsland,440001,450000
NC_010159.1,TreasureIsland,510001,520000
NC_010159.1,TreasureIsland,650001,660000
NC_010159.1,TreasureIsland,670001,680000
NC_010159.1,TreasureIsland,740001,750000
NC_010159.1,TreasureIsland,770001,780000
NC_010159.1,TreasureIsland,1070001,1080000
NC_010159.1,TreasureIsland,1100001,1115000
NC_010159.1,TreasureIsland,1210001,1220000
NC_010159.1,TreasureIsland,1260001,1270000
NC_010159.1,TreasureIsland,1290001,1310000
NC_010159.1,TreasureIsland,1420001,1430000
NC_010159.1,TreasureIsland,1490001,1510000
NC_010159.1,TreasureIsland,1670001,1680000
NC_010159.1,TreasureIsland,1710001,1720000
NC_010159.1,TreasureIsland,1760001,1770000
NC_010159.1,TreasureIsland,1790001,1810000
NC_010159.1,TreasureIsland,1920001,1930000
NC_010159.1,TreasureIsland,1970001,1980000
NC_010159.1,TreasureIsland,2000001,2010000
NC_010159.1,TreasureIsland,2100001,2110000
NC_010159.1,TreasureIsland,2130001,2150000
NC_010159.1,TreasureIsland,2160001,2175000
NC_010159.1,TreasureIsland,2180001,2205000
NC_010159.1,TreasureIsland,2205001,2220000
NC_010159.1,TreasureIsland,2250001,2300000
NC_010159.1,TreasureIsland,2320001,2330000
NC_010159.1,TreasureIsland,2440001,2450000
NC_010159.1,TreasureIsland,2480001,2510000
NC_010159.1,TreasureIsland,2550001,2560000
NC_010159.1,TreasureIsland,2585001,2610000
NC_010159.1,TreasureIsland,2640001,2650000
NC_010159.1,TreasureIsland,2680001,2690000
NC_010159.1,TreasureIsland,2750001,2760000
NC_010159.1,TreasureIsland,2800001,2825000
NC_010159.1,TreasureIsland,2880001,2890000
NC_010159.1,TreasureIsland,3010001,3020000
NC_010159.1,TreasureIsland,3040001,3050000
NC_010159.1,TreasureIsland,3115001,3180000
NC_010159.1,TreasureIsland,3330001,3350000
NC_010159.1,TreasureIsland,3400001,3410000
NC_010159.1,TreasureIsland,3450001,3475000
NC_010159.1,TreasureIsland,3510001,3520000
NC_010159.1,TreasureIsland,3610001,3620000
NC_010159.1,TreasureIsland,3680001,3690000
NC_010159.1,TreasureIsland,3720001,3730000
NC_010159.1,TreasureIsland,3740001,3770000
NC_010159.1,TreasureIsland,4090001,4105000
NC_010159.1,TreasureIsland,4105001,4120000
NC_010159.1,TreasureIsland,4140001,4150000
NC_010159.1,TreasureIsland,4410001,4420000
NC_010159.1,TreasureIsland,4430001,4440000
NC_010159.1,TreasureIsland,4450001,4460000
NC_010167.1,TreasureIsland,60001,80000
NC_010167.1,TreasureIsland,130001,140000
NC_010167.1,TreasureIsland,150001,160000
NC_010167.1,TreasureIsland,320001,380000
NC_010167.1,TreasureIsland,390001,400000
NC_010167.1,TreasureIsland,435001,450000
NC_010167.1,TreasureIsland,460001,470000
NC_010167.1,TreasureIsland,510001,520000
NC_010167.1,TreasureIsland,530001,550000
NC_010167.1,TreasureIsland,615001,630000
NC_010167.1,TreasureIsland,760001,790000
NC_010167.1,TreasureIsland,800001,830000
NC_010167.1,TreasureIsland,860001,890000
NC_010167.1,TreasureIsland,900001,1030000
NC_010167.1,TreasureIsland,1040001,1190000
NC_010167.1,TreasureIsland,1200001,1260000
NC_010167.1,TreasureIsland,1270001,1315000
NC_010167.1,TreasureIsland,1325001,1365000
NC_010167.1,TreasureIsland,1365001,1400844
NC_010184.1,TreasureIsland,910001,925000
NC_010184.1,TreasureIsland,970001,980000
NC_010184.1,TreasureIsland,1050001,1060000
NC_010184.1,TreasureIsland,1240001,1260000
NC_010184.1,TreasureIsland,1550001,1565000
NC_010184.1,TreasureIsland,1780001,1790000
NC_010184.1,TreasureIsland,1820001,1855000
NC_010184.1,TreasureIsland,2090001,2100000
NC_010184.1,TreasureIsland,2356001,2380000
NC_010184.1,TreasureIsland,2390001,2430000
NC_010184.1,TreasureIsland,2450001,2465000
NC_010184.1,TreasureIsland,2720001,2735000
NC_010184.1,TreasureIsland,2890001,2900000
NC_010184.1,TreasureIsland,2950001,2970000
NC_010184.1,TreasureIsland,3050001,3060000
NC_010184.1,TreasureIsland,3165001,3200000
NC_010184.1,TreasureIsland,3250001,3260000
NC_010184.1,TreasureIsland,3330001,3340000
NC_010184.1,TreasureIsland,3440001,3510000
NC_010184.1,TreasureIsland,3520001,3530000
NC_010184.1,TreasureIsland,4690001,4700000
NC_010184.1,TreasureIsland,5020001,5040000
NC_010322.1,TreasureIsland,1,70000
NC_010322.1,TreasureIsland,90001,115000
NC_010322.1,TreasureIsland,200001,210000
NC_010322.1,TreasureIsland,220001,235000
NC_010322.1,TreasureIsland,279001,290000
NC_010322.1,TreasureIsland,320001,330000
NC_010322.1,TreasureIsland,340001,360000
NC_010322.1,TreasureIsland,390001,400000
NC_010322.1,TreasureIsland,465001,480000
NC_010322.1,TreasureIsland,590001,630000
NC_010322.1,TreasureIsland,650001,680000
NC_010322.1,TreasureIsland,695001,710000
NC_010322.1,TreasureIsland,770001,800000
NC_010322.1,TreasureIsland,840001,890000
NC_010322.1,TreasureIsland,960001,985000
NC_010322.1,TreasureIsland,1140001,1150000
NC_010322.1,TreasureIsland,1190001,1210000
NC_010322.1,TreasureIsland,1340001,1360000
NC_010322.1,TreasureIsland,1370001,1410000
NC_010322.1,TreasureIsland,1490001,1510000
NC_010322.1,TreasureIsland,1540001,1560000
NC_010322.1,TreasureIsland,1580001,1600000
NC_010322.1,TreasureIsland,1620001,1630000
NC_010322.1,TreasureIsland,1640001,1650000
NC_010322.1,TreasureIsland,1747001,1760000
NC_010322.1,TreasureIsland,1770001,1790000
NC_010322.1,TreasureIsland,1808001,1870000
NC_010322.1,TreasureIsland,1950001,1960000
NC_010322.1,TreasureIsland,1970001,2010000
NC_010322.1,TreasureIsland,2020001,2030000
NC_010322.1,TreasureIsland,2040001,2070000
NC_010322.1,TreasureIsland,2080001,2090000
NC_010322.1,TreasureIsland,2190001,2210000
NC_010322.1,TreasureIsland,2260001,2280000
NC_010322.1,TreasureIsland,2290001,2300000
NC_010322.1,TreasureIsland,2310001,2340000
NC_010322.1,TreasureIsland,2350001,2360000
NC_010322.1,TreasureIsland,2410001,2420000
NC_010322.1,TreasureIsland,2430001,2440000
NC_010322.1,TreasureIsland,2485001,2510000
NC_010322.1,TreasureIsland,2535001,2560000
NC_010322.1,TreasureIsland,2610001,2630000
NC_010322.1,TreasureIsland,2665001,2680000
NC_010322.1,TreasureIsland,2680001,2710000
NC_010322.1,TreasureIsland,2725001,2810000
NC_010322.1,TreasureIsland,2820001,2830000
NC_010322.1,TreasureIsland,2840001,2900000
NC_010322.1,TreasureIsland,2910001,2980000
NC_010322.1,TreasureIsland,3000001,3010000
NC_010322.1,TreasureIsland,3020001,3100000
NC_010322.1,TreasureIsland,3110001,3130000
NC_010322.1,TreasureIsland,3140001,3180000
NC_010322.1,TreasureIsland,3200001,3310000
NC_010322.1,TreasureIsland,3320001,3360000
NC_010322.1,TreasureIsland,3370001,3460000
NC_010322.1,TreasureIsland,3470001,3490000
NC_010322.1,TreasureIsland,3500001,3510000
NC_010322.1,TreasureIsland,3530001,3565000
NC_010322.1,TreasureIsland,3565001,3650000
NC_010322.1,TreasureIsland,3678001,3710000
NC_010322.1,TreasureIsland,3720001,3740000
NC_010322.1,TreasureIsland,3740001,3770000
NC_010322.1,TreasureIsland,3785001,3840000
NC_010322.1,TreasureIsland,3850001,3870000
NC_010322.1,TreasureIsland,3890001,3900000
NC_010322.1,TreasureIsland,3975001,4000000
NC_010322.1,TreasureIsland,4060001,4070000
NC_010322.1,TreasureIsland,4140001,4160000
NC_010322.1,TreasureIsland,4200001,4220000
NC_010322.1,TreasureIsland,4240001,4255000
NC_010322.1,TreasureIsland,4460001,4475000
NC_010322.1,TreasureIsland,4580001,4590000
NC_010322.1,TreasureIsland,4625001,4670000
NC_010322.1,TreasureIsland,4747001,4780000
NC_010322.1,TreasureIsland,4800001,4810000
NC_010322.1,TreasureIsland,4860001,4870000
NC_010322.1,TreasureIsland,4900001,4910000
NC_010322.1,TreasureIsland,5140001,5155000
NC_010322.1,TreasureIsland,5159001,5180000
NC_010322.1,TreasureIsland,5190001,5220000
NC_010322.1,TreasureIsland,5230001,5240000
NC_010322.1,TreasureIsland,5300001,5400000
NC_010322.1,TreasureIsland,5450001,5460000
NC_010322.1,TreasureIsland,5770001,5785000
NC_010322.1,TreasureIsland,5910001,5920000
NC_010322.1,TreasureIsland,5980001,5990000
NC_010322.1,TreasureIsland,6000001,6010000
NC_010322.1,TreasureIsland,6036001,6060000
NC_010334.1,TreasureIsland,26001,40000
NC_010334.1,TreasureIsland,68001,80000
NC_010334.1,TreasureIsland,90001,110000
NC_010334.1,TreasureIsland,150001,165000
NC_010334.1,TreasureIsland,210001,220000
NC_010334.1,TreasureIsland,240001,260000
NC_010334.1,TreasureIsland,276001,305000
NC_010334.1,TreasureIsland,330001,390000
NC_010334.1,TreasureIsland,420001,434000
NC_010334.1,TreasureIsland,465001,515000
NC_010334.1,TreasureIsland,550001,560000
NC_010334.1,TreasureIsland,595001,655000
NC_010334.1,TreasureIsland,666001,685000
NC_010334.1,TreasureIsland,695001,710000
NC_010334.1,TreasureIsland,735001,765000
NC_010334.1,TreasureIsland,776001,800000
NC_010334.1,TreasureIsland,810001,865000
NC_010334.1,TreasureIsland,870001,885000
NC_010334.1,TreasureIsland,960001,1010000
NC_010334.1,TreasureIsland,1028001,1045000
NC_010334.1,TreasureIsland,1065001,1110000
NC_010334.1,TreasureIsland,1140001,1175000
NC_010334.1,TreasureIsland,1175001,1220000
NC_010334.1,TreasureIsland,1235001,1250000
NC_010334.1,TreasureIsland,1250001,1270000
NC_010334.1,TreasureIsland,1300001,1310000
NC_010334.1,TreasureIsland,1340001,1355000
NC_010334.1,TreasureIsland,1380001,1450000
NC_010334.1,TreasureIsland,1470001,1480000
NC_010334.1,TreasureIsland,1519001,1640000
NC_010334.1,TreasureIsland,1650001,1660000
NC_010334.1,TreasureIsland,1670001,1725000
NC_010334.1,TreasureIsland,1770001,1780000
NC_010334.1,TreasureIsland,1790001,1805000
NC_010334.1,TreasureIsland,1805001,1870000
NC_010334.1,TreasureIsland,1955001,1970000
NC_010334.1,TreasureIsland,1985001,2010000
NC_010334.1,TreasureIsland,2025001,2040000
NC_010334.1,TreasureIsland,2070001,2110000
NC_010334.1,TreasureIsland,2120001,2155000
NC_010334.1,TreasureIsland,2180001,2190000
NC_010334.1,TreasureIsland,2200001,2215000
NC_010334.1,TreasureIsland,2220001,2275000
NC_010334.1,TreasureIsland,2320001,2340000
NC_010334.1,TreasureIsland,2359001,2425000
NC_010334.1,TreasureIsland,2470001,2500000
NC_010334.1,TreasureIsland,2515001,2535000
NC_010334.1,TreasureIsland,2610001,2630000
NC_010334.1,TreasureIsland,2630001,2660000
NC_010334.1,TreasureIsland,2750001,2785000
NC_010334.1,TreasureIsland,2900001,2941000
NC_010334.1,TreasureIsland,3030001,3055000
NC_010334.1,TreasureIsland,3059001,3090000
NC_010334.1,TreasureIsland,3160001,3170000
NC_010334.1,TreasureIsland,3230001,3245000
NC_010334.1,TreasureIsland,3278001,3290000
NC_010334.1,TreasureIsland,3320001,3345000
NC_010334.1,TreasureIsland,3440001,3455000
NC_010334.1,TreasureIsland,3470001,3480000
NC_010334.1,TreasureIsland,3538001,3550000
NC_010334.1,TreasureIsland,3560001,3570000
NC_010334.1,TreasureIsland,3585001,3600000
NC_010334.1,TreasureIsland,3630001,3640000
NC_010334.1,TreasureIsland,3710001,3730000
NC_010334.1,TreasureIsland,3940001,3965000
NC_010334.1,TreasureIsland,3980001,3995000
NC_010334.1,TreasureIsland,4089001,4110000
NC_010334.1,TreasureIsland,4225001,4255000
NC_010334.1,TreasureIsland,4325001,4345000
NC_010334.1,TreasureIsland,4560001,4590000
NC_010334.1,TreasureIsland,4690001,4700000
NC_010334.1,TreasureIsland,4710001,4720000
NC_010334.1,TreasureIsland,4760001,4775000
NC_010334.1,TreasureIsland,4777001,4790000
NC_010334.1,TreasureIsland,4820001,4830000
NC_010334.1,TreasureIsland,4850001,4870000
NC_010334.1,TreasureIsland,4900001,4910000
NC_010334.1,TreasureIsland,4930001,4950000
NC_010334.1,TreasureIsland,4980001,5005000
NC_010334.1,TreasureIsland,5010001,5025000
NC_010334.1,TreasureIsland,5038001,5060000
NC_010334.1,TreasureIsland,5165001,5180000
NC_010400.1,TreasureIsland,70001,80000
NC_010400.1,TreasureIsland,170001,185000
NC_010400.1,TreasureIsland,720001,730000
NC_010400.1,TreasureIsland,925001,945000
NC_010400.1,TreasureIsland,945001,970000
NC_010400.1,TreasureIsland,1285001,1300000
NC_010400.1,TreasureIsland,1640001,1660000
NC_010400.1,TreasureIsland,1670001,1680000
NC_010400.1,TreasureIsland,2130001,2150000
NC_010400.1,TreasureIsland,2160001,2170000
NC_010400.1,TreasureIsland,2290001,2300000
NC_010400.1,TreasureIsland,2380001,2395000
NC_010400.1,TreasureIsland,2530001,2550000
NC_010400.1,TreasureIsland,2610001,2620000
NC_010400.1,TreasureIsland,2640001,2650000
NC_010400.1,TreasureIsland,3070001,3085000
NC_010400.1,TreasureIsland,3260001,3310000
NC_010410.1,TreasureIsland,90001,100000
NC_010410.1,TreasureIsland,240001,250000
NC_010410.1,TreasureIsland,520001,530000
NC_010410.1,TreasureIsland,810001,840000
NC_010410.1,TreasureIsland,1060001,1070000
NC_010410.1,TreasureIsland,1140001,1160000
NC_010410.1,TreasureIsland,1310001,1335000
NC_010410.1,TreasureIsland,1385001,1400000
NC_010410.1,TreasureIsland,1540001,1550000
NC_010410.1,TreasureIsland,1660001,1670000
NC_010410.1,TreasureIsland,1820001,1830000
NC_010410.1,TreasureIsland,1900001,1910000
NC_010410.1,TreasureIsland,1920001,1930000
NC_010410.1,TreasureIsland,2187001,2200000
NC_010410.1,TreasureIsland,2390001,2400000
NC_010410.1,TreasureIsland,2505001,2520000
NC_010410.1,TreasureIsland,2555001,2575000
NC_010410.1,TreasureIsland,2750001,2763000
NC_010410.1,TreasureIsland,2905001,2925000
NC_010410.1,TreasureIsland,3100001,3120000
NC_010410.1,TreasureIsland,3170001,3180000
NC_010410.1,TreasureIsland,3240001,3260000
NC_010410.1,TreasureIsland,3610001,3685000
NC_010410.1,TreasureIsland,3720001,3740000
NC_010410.1,TreasureIsland,3890001,3900000
NC_010465.1,TreasureIsland,50001,60000
NC_010465.1,TreasureIsland,70001,80000
NC_010465.1,TreasureIsland,160001,185000
NC_010465.1,TreasureIsland,230001,250000
NC_010465.1,TreasureIsland,430001,460000
NC_010465.1,TreasureIsland,520001,530000
NC_010465.1,TreasureIsland,620001,640000
NC_010465.1,TreasureIsland,660001,690000
NC_010465.1,TreasureIsland,740001,760000
NC_010465.1,TreasureIsland,800001,880000
NC_010465.1,TreasureIsland,907001,930000
NC_010465.1,TreasureIsland,940001,950000
NC_010465.1,TreasureIsland,1010001,1040000
NC_010465.1,TreasureIsland,1050001,1080000
NC_010465.1,TreasureIsland,1120001,1140000
NC_010465.1,TreasureIsland,1330001,1370000
NC_010465.1,TreasureIsland,1430001,1450000
NC_010465.1,TreasureIsland,1560001,1570000
NC_010465.1,TreasureIsland,1600001,1630000
NC_010465.1,TreasureIsland,1770001,1780000
NC_010465.1,TreasureIsland,1790001,1810000
NC_010465.1,TreasureIsland,1820001,1840000
NC_010465.1,TreasureIsland,1850001,1860000
NC_010465.1,TreasureIsland,1950001,1965000
NC_010465.1,TreasureIsland,2000001,2010000
NC_010465.1,TreasureIsland,2070001,2080000
NC_010465.1,TreasureIsland,2179001,2190000
NC_010465.1,TreasureIsland,2280001,2310000
NC_010465.1,TreasureIsland,2390001,2400000
NC_010465.1,TreasureIsland,2430001,2440000
NC_010465.1,TreasureIsland,2500001,2520000
NC_010465.1,TreasureIsland,2530001,2545000
NC_010465.1,TreasureIsland,2545001,2570000
NC_010465.1,TreasureIsland,2820001,2830000
NC_010465.1,TreasureIsland,2840001,2870000
NC_010465.1,TreasureIsland,3050001,3060000
NC_010465.1,TreasureIsland,3095001,3110000
NC_010465.1,TreasureIsland,3200001,3210000
NC_010465.1,TreasureIsland,3330001,3340000
NC_010465.1,TreasureIsland,3385001,3440000
NC_010465.1,TreasureIsland,3475001,3490000
NC_010465.1,TreasureIsland,3670001,3680000
NC_010465.1,TreasureIsland,3710001,3725000
NC_010465.1,TreasureIsland,3910001,3930000
NC_010465.1,TreasureIsland,4040001,4060000
NC_010465.1,TreasureIsland,4140001,4150000
NC_010465.1,TreasureIsland,4220001,4230000
NC_010465.1,TreasureIsland,4260001,4275000
NC_010465.1,TreasureIsland,4318001,4340000
NC_010465.1,TreasureIsland,4460001,4470000
NC_010465.1,TreasureIsland,4490001,4500000
NC_010465.1,TreasureIsland,4590001,4600000
NC_010465.1,TreasureIsland,4630001,4640000
NC_010473.1,TreasureIsland,120001,130000
NC_010473.1,TreasureIsland,200001,210000
NC_010473.1,TreasureIsland,230001,255000
NC_010473.1,TreasureIsland,255001,300000
NC_010473.1,TreasureIsland,320001,330000
NC_010473.1,TreasureIsland,460001,470000
NC_010473.1,TreasureIsland,500001,530000
NC_010473.1,TreasureIsland,630001,640000
NC_010473.1,TreasureIsland,780001,790000
NC_010473.1,TreasureIsland,1140001,1160000
NC_010473.1,TreasureIsland,1250001,1270000
NC_010473.1,TreasureIsland,1350001,1370000
NC_010473.1,TreasureIsland,1390001,1400000
NC_010473.1,TreasureIsland,1500001,1520000
NC_010473.1,TreasureIsland,1550001,1565000
NC_010473.1,TreasureIsland,1610001,1620000
NC_010473.1,TreasureIsland,1660001,1690000
NC_010473.1,TreasureIsland,1720001,1750000
NC_010473.1,TreasureIsland,1890001,1900000
NC_010473.1,TreasureIsland,2130001,2170000
NC_010473.1,TreasureIsland,2190001,2200000
NC_010473.1,TreasureIsland,2470001,2480000
NC_010473.1,TreasureIsland,2550001,2580000
NC_010473.1,TreasureIsland,2810001,2820000
NC_010473.1,TreasureIsland,2840001,2880000
NC_010473.1,TreasureIsland,2970001,2980000
NC_010473.1,TreasureIsland,3075001,3090000
NC_010473.1,TreasureIsland,3280001,3290000
NC_010473.1,TreasureIsland,3520001,3530000
NC_010473.1,TreasureIsland,3540001,3560000
NC_010473.1,TreasureIsland,3670001,3680000
NC_010473.1,TreasureIsland,3710001,3730000
NC_010473.1,TreasureIsland,3740001,3750000
NC_010473.1,TreasureIsland,3855001,3870000
NC_010473.1,TreasureIsland,3890001,3900000
NC_010473.1,TreasureIsland,4570001,4580000
NC_010473.1,TreasureIsland,4590001,4640000
NC_010498.1,TreasureIsland,10001,20000
NC_010498.1,TreasureIsland,300001,350000
NC_010498.1,TreasureIsland,580001,590000
NC_010498.1,TreasureIsland,650001,660000
NC_010498.1,TreasureIsland,940001,970000
NC_010498.1,TreasureIsland,980001,990000
NC_010498.1,TreasureIsland,1040001,1050000
NC_010498.1,TreasureIsland,1070001,1220000
NC_010498.1,TreasureIsland,1380001,1390000
NC_010498.1,TreasureIsland,1590001,1605000
NC_010498.1,TreasureIsland,1620001,1630000
NC_010498.1,TreasureIsland,1650001,1675000
NC_010498.1,TreasureIsland,1700001,1710000
NC_010498.1,TreasureIsland,1900001,1910000
NC_010498.1,TreasureIsland,1990001,2010000
NC_010498.1,TreasureIsland,2180001,2190000
NC_010498.1,TreasureIsland,2260001,2300000
NC_010498.1,TreasureIsland,2550001,2580000
NC_010498.1,TreasureIsland,2820001,2830000
NC_010498.1,TreasureIsland,2850001,2860000
NC_010498.1,TreasureIsland,2980001,2990000
NC_010498.1,TreasureIsland,3190001,3310000
NC_010498.1,TreasureIsland,3490001,3500000
NC_010498.1,TreasureIsland,3650001,3660000
NC_010498.1,TreasureIsland,3670001,3680000
NC_010498.1,TreasureIsland,3870001,3880000
NC_010498.1,TreasureIsland,3990001,4015000
NC_010498.1,TreasureIsland,4075001,4110000
NC_010498.1,TreasureIsland,4170001,4180000
NC_010498.1,TreasureIsland,4330001,4340000
NC_010498.1,TreasureIsland,4410001,4450000
NC_010498.1,TreasureIsland,4470001,4480000
NC_010498.1,TreasureIsland,4845001,4920000
NC_010498.1,TreasureIsland,4940001,4950000
NC_010498.1,TreasureIsland,4960001,4980000
NC_010498.1,TreasureIsland,5000001,5010000
NC_010501.1,TreasureIsland,1,80000
NC_010501.1,TreasureIsland,110001,125000
NC_010501.1,TreasureIsland,127001,145000
NC_010501.1,TreasureIsland,200001,230000
NC_010501.1,TreasureIsland,240001,250000
NC_010501.1,TreasureIsland,260001,280000
NC_010501.1,TreasureIsland,360001,370000
NC_010501.1,TreasureIsland,470001,480000
NC_010501.1,TreasureIsland,550001,560000
NC_010501.1,TreasureIsland,588001,600000
NC_010501.1,TreasureIsland,630001,640000
NC_010501.1,TreasureIsland,650001,670000
NC_010501.1,TreasureIsland,730001,740000
NC_010501.1,TreasureIsland,750001,760000
NC_010501.1,TreasureIsland,840001,870000
NC_010501.1,TreasureIsland,910001,950000
NC_010501.1,TreasureIsland,1080001,1090000
NC_010501.1,TreasureIsland,1130001,1140000
NC_010501.1,TreasureIsland,1150001,1160000
NC_010501.1,TreasureIsland,1200001,1230000
NC_010501.1,TreasureIsland,1240001,1270000
NC_010501.1,TreasureIsland,1340001,1350000
NC_010501.1,TreasureIsland,1360001,1370000
NC_010501.1,TreasureIsland,1435001,1460000
NC_010501.1,TreasureIsland,1470001,1490000
NC_010501.1,TreasureIsland,1520001,1530000
NC_010501.1,TreasureIsland,1570001,1590000
NC_010501.1,TreasureIsland,1610001,1620000
NC_010501.1,TreasureIsland,1630001,1650000
NC_010501.1,TreasureIsland,1780001,1800000
NC_010501.1,TreasureIsland,1865001,1920000
NC_010501.1,TreasureIsland,1990001,2010000
NC_010501.1,TreasureIsland,2020001,2070000
NC_010501.1,TreasureIsland,2090001,2110000
NC_010501.1,TreasureIsland,2130001,2190000
NC_010501.1,TreasureIsland,2210001,2225000
NC_010501.1,TreasureIsland,2225001,2250000
NC_010501.1,TreasureIsland,2260001,2270000
NC_010501.1,TreasureIsland,2360001,2385000
NC_010501.1,TreasureIsland,2385001,2400000
NC_010501.1,TreasureIsland,2420001,2460000
NC_010501.1,TreasureIsland,2480001,2510000
NC_010501.1,TreasureIsland,2520001,2565000
NC_010501.1,TreasureIsland,2565001,2580000
NC_010501.1,TreasureIsland,2600001,2640000
NC_010501.1,TreasureIsland,2660001,2670000
NC_010501.1,TreasureIsland,2685001,2700000
NC_010501.1,TreasureIsland,2710001,2740000
NC_010501.1,TreasureIsland,2760001,2780000
NC_010501.1,TreasureIsland,2790001,2900000
NC_010501.1,TreasureIsland,2910001,2960000
NC_010501.1,TreasureIsland,2970001,3000000
NC_010501.1,TreasureIsland,3015001,3090000
NC_010501.1,TreasureIsland,3120001,3140000
NC_010501.1,TreasureIsland,3150001,3170000
NC_010501.1,TreasureIsland,3180001,3200000
NC_010501.1,TreasureIsland,3220001,3240000
NC_010501.1,TreasureIsland,3270001,3295000
NC_010501.1,TreasureIsland,3300001,3320000
NC_010501.1,TreasureIsland,3330001,3380000
NC_010501.1,TreasureIsland,3390001,3520000
NC_010501.1,TreasureIsland,3535001,3575000
NC_010501.1,TreasureIsland,3575001,3600000
NC_010501.1,TreasureIsland,3610001,3730000
NC_010501.1,TreasureIsland,3770001,3780000
NC_010501.1,TreasureIsland,3830001,3850000
NC_010501.1,TreasureIsland,3920001,3940000
NC_010501.1,TreasureIsland,3950001,3975000
NC_010501.1,TreasureIsland,3990001,4010000
NC_010501.1,TreasureIsland,4040001,4060000
NC_010501.1,TreasureIsland,4225001,4240000
NC_010501.1,TreasureIsland,4310001,4340000
NC_010501.1,TreasureIsland,4350001,4370000
NC_010501.1,TreasureIsland,4380001,4395000
NC_010501.1,TreasureIsland,4448001,4480000
NC_010501.1,TreasureIsland,4556001,4580000
NC_010501.1,TreasureIsland,4600001,4610000
NC_010501.1,TreasureIsland,4790001,4805000
NC_010501.1,TreasureIsland,4820001,4840000
NC_010501.1,TreasureIsland,4887001,4915000
NC_010501.1,TreasureIsland,4930001,4950000
NC_010501.1,TreasureIsland,4990001,5010000
NC_010501.1,TreasureIsland,5030001,5040000
NC_010501.1,TreasureIsland,5065001,5080000
NC_010501.1,TreasureIsland,5100001,5110000
NC_010501.1,TreasureIsland,5125001,5150000
NC_010501.1,TreasureIsland,5250001,5270000
NC_010501.1,TreasureIsland,5315001,5330000
NC_010501.1,TreasureIsland,5346001,5360000
NC_010501.1,TreasureIsland,5450001,5460000
NC_010501.1,TreasureIsland,5530001,5560000
NC_010501.1,TreasureIsland,5570001,5580000
NC_010501.1,TreasureIsland,5590001,5600000
NC_010501.1,TreasureIsland,5610001,5620000
NC_010501.1,TreasureIsland,5650001,5660000
NC_010501.1,TreasureIsland,5710001,5750000
NC_010515.1,TreasureIsland,1,10000
NC_010515.1,TreasureIsland,30001,50000
NC_010515.1,TreasureIsland,130001,175000
NC_010515.1,TreasureIsland,210001,225000
NC_010515.1,TreasureIsland,240001,250000
NC_010515.1,TreasureIsland,250001,260000
NC_010515.1,TreasureIsland,280001,290000
NC_010515.1,TreasureIsland,350001,415000
NC_010515.1,TreasureIsland,510001,520000
NC_010515.1,TreasureIsland,530001,540000
NC_010515.1,TreasureIsland,630001,640000
NC_010515.1,TreasureIsland,670001,700000
NC_010515.1,TreasureIsland,770001,790000
NC_010515.1,TreasureIsland,800001,810000
NC_010515.1,TreasureIsland,830001,850000
NC_010515.1,TreasureIsland,880001,890000
NC_010515.1,TreasureIsland,950001,965000
NC_010515.1,TreasureIsland,1010001,1025000
NC_010515.1,TreasureIsland,1030001,1040000
NC_010515.1,TreasureIsland,1090001,1105000
NC_010515.1,TreasureIsland,1105001,1145000
NC_010515.1,TreasureIsland,1155001,1195000
NC_010515.1,TreasureIsland,1200001,1250000
NC_010515.1,TreasureIsland,1260001,1270000
NC_010515.1,TreasureIsland,1280001,1300000
NC_010515.1,TreasureIsland,1370001,1450000
NC_010515.1,TreasureIsland,1475001,1510000
NC_010515.1,TreasureIsland,1520001,1530000
NC_010515.1,TreasureIsland,1610001,1730000
NC_010515.1,TreasureIsland,1760001,1770000
NC_010515.1,TreasureIsland,1780001,1795000
NC_010515.1,TreasureIsland,1840001,1860000
NC_010515.1,TreasureIsland,1900001,1920000
NC_010515.1,TreasureIsland,2010001,2020000
NC_010515.1,TreasureIsland,2040001,2060000
NC_010515.1,TreasureIsland,2080001,2090000
NC_010515.1,TreasureIsland,2110001,2155000
NC_010515.1,TreasureIsland,2155001,2180000
NC_010515.1,TreasureIsland,2250001,2260000
NC_010515.1,TreasureIsland,2280001,2290000
NC_010515.1,TreasureIsland,2350001,2370000
NC_010515.1,TreasureIsland,2380001,2405000
NC_010515.1,TreasureIsland,2450001,2480000
NC_010515.1,TreasureIsland,2510001,2535000
NC_010515.1,TreasureIsland,2570001,2580000
NC_010515.1,TreasureIsland,2590001,2600000
NC_010515.1,TreasureIsland,2650001,2665000
NC_010515.1,TreasureIsland,2680001,2730000
NC_010515.1,TreasureIsland,2785001,2825000
NC_010515.1,TreasureIsland,2825001,2845000
NC_010515.1,TreasureIsland,2890001,2910000
NC_010515.1,TreasureIsland,2950001,2970000
NC_010515.1,TreasureIsland,2988001,3030000
NC_010515.1,TreasureIsland,3080001,3090000
NC_010515.1,TreasureIsland,3100001,3140000
NC_010515.1,TreasureIsland,3150001,3190000
NC_010551.1,TreasureIsland,1,30000
NC_010551.1,TreasureIsland,170001,180000
NC_010551.1,TreasureIsland,250001,260000
NC_010551.1,TreasureIsland,410001,450000
NC_010551.1,TreasureIsland,460001,470000
NC_010551.1,TreasureIsland,530001,540000
NC_010551.1,TreasureIsland,850001,870000
NC_010551.1,TreasureIsland,900001,910000
NC_010551.1,TreasureIsland,1000001,1010000
NC_010551.1,TreasureIsland,1050001,1060000
NC_010551.1,TreasureIsland,1110001,1120000
NC_010551.1,TreasureIsland,1225001,1270000
NC_010551.1,TreasureIsland,1320001,1395000
NC_010551.1,TreasureIsland,1410001,1445000
NC_010551.1,TreasureIsland,1460001,1475000
NC_010551.1,TreasureIsland,1530001,1540000
NC_010551.1,TreasureIsland,1650001,1665000
NC_010551.1,TreasureIsland,1700001,1710000
NC_010551.1,TreasureIsland,1739001,1750000
NC_010551.1,TreasureIsland,1795001,1840000
NC_010551.1,TreasureIsland,2010001,2020000
NC_010551.1,TreasureIsland,2190001,2200000
NC_010551.1,TreasureIsland,2220001,2230000
NC_010551.1,TreasureIsland,2380001,2390000
NC_010551.1,TreasureIsland,2540001,2560000
NC_010551.1,TreasureIsland,2720001,2730000
NC_010551.1,TreasureIsland,2790001,2800000
NC_010551.1,TreasureIsland,2840001,2850000
NC_010551.1,TreasureIsland,2960001,2990000
NC_010551.1,TreasureIsland,3180001,3190000
NC_010551.1,TreasureIsland,3330001,3370000
